Strategy,Future.ID,REGION,COMMODITY,TECHNOLOGY,EMISSION,YEAR,TIMESLICE,MODE_OF_OPERATION,SEASON,DAYTYPE,DAILYTIMEBRACKET,STORAGE,STORAGEINTRADAY,STORAGEINTRAYEAR,UDC,CapitalInvestment,TotalTechnologyAnnualActivity,NewCapacity,AnnualFixedOperatingCost,AnnualVariableOperatingCost,CapitalInvestmentStorage,AnnualTechnologyEmission,TotalCapacityAnnual
Scenario1,0,RE1,,BACKSTOP,,2019,,,,,,,,,,,,0.30485752166605995,,,,,
Scenario1,0,RE1,,BACKSTOP,,2020,,,,,,,,,,,,0.3478523019568889,,,,,
Scenario1,0,RE1,,BACKSTOP,,2021,,,,,,,,,,,,0.4586050296059847,,,,,
Scenario1,0,RE1,,BACKSTOP,,2022,,,,,,,,,,,,0.25964239142084083,,,,,
Scenario1,0,RE1,,BACKSTOP,,2023,,,,,,,,,,,,0.29713466214716994,,,,,
Scenario1,0,RE1,,BACKSTOP,,2024,,,,,,,,,,,,0.34217767940794847,,,,,
Scenario1,0,RE1,,BACKSTOP,,2025,,,,,,,,,,,,0.3207655367985314,,,,,
Scenario1,0,RE1,,BACKSTOP,,2026,,,,,,,,,,,,0.0,,,,,
Scenario1,0,RE1,,BACKSTOP,,2027,,,,,,,,,,,,0.0,,,,,
Scenario1,0,RE1,,BACKSTOP,,2028,,,,,,,,,,,,0.0,,,,,
Scenario1,0,RE1,,BACKSTOP,,2029,,,,,,,,,,,,0.0,,,,,
Scenario1,0,RE1,,BACKSTOP,,2030,,,,,,,,,,,,0.0,,,,,
Scenario1,0,RE1,,BACKSTOP,,2031,,,,,,,,,,,,0.0,,,,,
Scenario1,0,RE1,,BACKSTOP,,2032,,,,,,,,,,,,0.0,,,,,
Scenario1,0,RE1,,BACKSTOP,,2033,,,,,,,,,,,,0.0,,,,,
Scenario1,0,RE1,,BACKSTOP,,2034,,,,,,,,,,,,0.0,,,,,
Scenario1,0,RE1,,BACKSTOP,,2035,,,,,,,,,,,,0.0,,,,,
Scenario1,0,RE1,,BACKSTOP,,2036,,,,,,,,,,,,0.0,,,,,
Scenario1,0,RE1,,BACKSTOP,,2037,,,,,,,,,,,,0.0,,,,,
Scenario1,0,RE1,,BACKSTOP,,2038,,,,,,,,,,,,0.0,,,,,
Scenario1,0,RE1,,BACKSTOP,,2039,,,,,,,,,,,,0.0,,,,,
Scenario1,0,RE1,,BACKSTOP,,2040,,,,,,,,,,,,0.0,,,,,
Scenario1,0,RE1,,BACKSTOP,,2041,,,,,,,,,,,,0.0,,,,,
Scenario1,0,RE1,,BACKSTOP,,2042,,,,,,,,,,,,0.0,,,,,
Scenario1,0,RE1,,BACKSTOP,,2043,,,,,,,,,,,,0.0,,,,,
Scenario1,0,RE1,,BACKSTOP,,2044,,,,,,,,,,,,0.0,,,,,
Scenario1,0,RE1,,BACKSTOP,,2045,,,,,,,,,,,,0.0,,,,,
Scenario1,0,RE1,,BACKSTOP,,2046,,,,,,,,,,,,0.0,,,,,
Scenario1,0,RE1,,BACKSTOP,,2047,,,,,,,,,,,,0.0,,,,,
Scenario1,0,RE1,,BACKSTOP,,2048,,,,,,,,,,,,0.0,,,,,
Scenario1,0,RE1,,BACKSTOP,,2049,,,,,,,,,,,,0.0,,,,,
Scenario1,0,RE1,,BACKSTOP,,2050,,,,,,,,,,,,0.0,,,,,
Scenario1,0,RE1,,BESS_TECH,,2019,,,,,,,,,,,,0.0,,,,,
Scenario1,0,RE1,,BESS_TECH,,2020,,,,,,,,,,,,0.0,,,,,
Scenario1,0,RE1,,BESS_TECH,,2021,,,,,,,,,,,,0.0,,,,,
Scenario1,0,RE1,,BESS_TECH,,2022,,,,,,,,,,,,0.0,,,,,
Scenario1,0,RE1,,BESS_TECH,,2023,,,,,,,,,,,,0.0,,,,,
Scenario1,0,RE1,,BESS_TECH,,2024,,,,,,,,,,,,0.1,,,,,
Scenario1,0,RE1,,BESS_TECH,,2025,,,,,,,,,,,,0.15,,,,,
Scenario1,0,RE1,,BESS_TECH,,2026,,,,,,,,,,,,0.09523537366522589,,,,,
Scenario1,0,RE1,,BESS_TECH,,2027,,,,,,,,,,,,0.07271361385137742,,,,,
Scenario1,0,RE1,,BESS_TECH,,2028,,,,,,,,,,,,0.13354564720541556,,,,,
Scenario1,0,RE1,,BESS_TECH,,2029,,,,,,,,,,,,0.031877652564609615,,,,,
Scenario1,0,RE1,,BESS_TECH,,2030,,,,,,,,,,,,0.21854863356224907,,,,,
Scenario1,0,RE1,,BESS_TECH,,2031,,,,,,,,,,,,0.22723073381332498,,,,,
Scenario1,0,RE1,,BESS_TECH,,2032,,,,,,,,,,,,0.09573539915812807,,,,,
Scenario1,0,RE1,,BESS_TECH,,2033,,,,,,,,,,,,0.1349154222417257,,,,,
Scenario1,0,RE1,,BESS_TECH,,2034,,,,,,,,,,,,0.0,,,,,
Scenario1,0,RE1,,BESS_TECH,,2035,,,,,,,,,,,,0.15782289415821366,,,,,
Scenario1,0,RE1,,BESS_TECH,,2036,,,,,,,,,,,,0.28827987051821596,,,,,
Scenario1,0,RE1,,BESS_TECH,,2037,,,,,,,,,,,,0.2084570041190026,,,,,
Scenario1,0,RE1,,BESS_TECH,,2038,,,,,,,,,,,,0.24380889422560487,,,,,
Scenario1,0,RE1,,BESS_TECH,,2039,,,,,,,,,,,,0.17130670777846052,,,,,
Scenario1,0,RE1,,BESS_TECH,,2040,,,,,,,,,,,,0.3712478748648133,,,,,
Scenario1,0,RE1,,BESS_TECH,,2041,,,,,,,,,,,,0.6699222271652041,,,,,
Scenario1,0,RE1,,BESS_TECH,,2042,,,,,,,,,,,,0.31621421494106006,,,,,
Scenario1,0,RE1,,BESS_TECH,,2043,,,,,,,,,,,,0.3614096452977926,,,,,
Scenario1,0,RE1,,BESS_TECH,,2044,,,,,,,,,,,,0.19220152063481133,,,,,
Scenario1,0,RE1,,BESS_TECH,,2045,,,,,,,,,,,,0.39911381858973605,,,,,
Scenario1,0,RE1,,BESS_TECH,,2046,,,,,,,,,,,,0.5416653785274042,,,,,
Scenario1,0,RE1,,BESS_TECH,,2047,,,,,,,,,,,,0.6817617216250191,,,,,
Scenario1,0,RE1,,BESS_TECH,,2048,,,,,,,,,,,,0.6654639336530901,,,,,
Scenario1,0,RE1,,BESS_TECH,,2049,,,,,,,,,,,,0.4903245617447787,,,,,
Scenario1,0,RE1,,BESS_TECH,,2050,,,,,,,,,,,,0.706837895712626,,,,,
Scenario1,0,RE1,,IMPNGS,,2019,,,,,,,,,,,,0.0,,,,,
Scenario1,0,RE1,,IMPNGS,,2020,,,,,,,,,,,,0.0,,,,,
Scenario1,0,RE1,,IMPNGS,,2021,,,,,,,,,,,,0.0,,,,,
Scenario1,0,RE1,,IMPNGS,,2022,,,,,,,,,,,,0.0,,,,,
Scenario1,0,RE1,,IMPNGS,,2023,,,,,,,,,,,,0.0,,,,,
Scenario1,0,RE1,,IMPNGS,,2024,,,,,,,,,,,,0.0,,,,,
Scenario1,0,RE1,,IMPNGS,,2025,,,,,,,,,,,,0.0,,,,,
Scenario1,0,RE1,,IMPNGS,,2026,,,,,,,,,,,,0.0,,,,,
Scenario1,0,RE1,,IMPNGS,,2027,,,,,,,,,,,,0.0,,,,,
Scenario1,0,RE1,,IMPNGS,,2028,,,,,,,,,,,,0.0,,,,,
Scenario1,0,RE1,,IMPNGS,,2029,,,,,,,,,,,,0.0,,,,,
Scenario1,0,RE1,,IMPNGS,,2030,,,,,,,,,,,,0.0,,,,,
Scenario1,0,RE1,,IMPNGS,,2031,,,,,,,,,,,,0.0,,,,,
Scenario1,0,RE1,,IMPNGS,,2032,,,,,,,,,,,,0.0,,,,,
Scenario1,0,RE1,,IMPNGS,,2033,,,,,,,,,,,,0.0,,,,,
Scenario1,0,RE1,,IMPNGS,,2034,,,,,,,,,,,,0.0,,,,,
Scenario1,0,RE1,,IMPNGS,,2035,,,,,,,,,,,,0.0,,,,,
Scenario1,0,RE1,,IMPNGS,,2036,,,,,,,,,,,,0.0,,,,,
Scenario1,0,RE1,,IMPNGS,,2037,,,,,,,,,,,,0.0,,,,,
Scenario1,0,RE1,,IMPNGS,,2038,,,,,,,,,,,,0.0,,,,,
Scenario1,0,RE1,,IMPNGS,,2039,,,,,,,,,,,,0.0,,,,,
Scenario1,0,RE1,,IMPNGS,,2040,,,,,,,,,,,,0.0,,,,,
Scenario1,0,RE1,,IMPNGS,,2041,,,,,,,,,,,,0.0,,,,,
Scenario1,0,RE1,,IMPNGS,,2042,,,,,,,,,,,,0.0,,,,,
Scenario1,0,RE1,,IMPNGS,,2043,,,,,,,,,,,,0.0,,,,,
Scenario1,0,RE1,,IMPNGS,,2044,,,,,,,,,,,,0.0,,,,,
Scenario1,0,RE1,,IMPNGS,,2045,,,,,,,,,,,,0.0,,,,,
Scenario1,0,RE1,,IMPNGS,,2046,,,,,,,,,,,,0.0,,,,,
Scenario1,0,RE1,,IMPNGS,,2047,,,,,,,,,,,,0.0,,,,,
Scenario1,0,RE1,,IMPNGS,,2048,,,,,,,,,,,,0.0,,,,,
Scenario1,0,RE1,,IMPNGS,,2049,,,,,,,,,,,,0.0,,,,,
Scenario1,0,RE1,,IMPNGS,,2050,,,,,,,,,,,,0.0,,,,,
Scenario1,0,RE1,,PWRBIO001,,2019,,,,,,,,,,,,0.0,,,,,
Scenario1,0,RE1,,PWRBIO001,,2020,,,,,,,,,,,,0.0,,,,,
Scenario1,0,RE1,,PWRBIO001,,2021,,,,,,,,,,,,0.0,,,,,
Scenario1,0,RE1,,PWRBIO001,,2022,,,,,,,,,,,,0.0,,,,,
Scenario1,0,RE1,,PWRBIO001,,2023,,,,,,,,,,,,0.0014,,,,,
Scenario1,0,RE1,,PWRBIO001,,2024,,,,,,,,,,,,0.0,,,,,
Scenario1,0,RE1,,PWRBIO001,,2025,,,,,,,,,,,,0.0,,,,,
Scenario1,0,RE1,,PWRBIO001,,2026,,,,,,,,,,,,0.01,,,,,
Scenario1,0,RE1,,PWRBIO001,,2027,,,,,,,,,,,,0.0,,,,,
Scenario1,0,RE1,,PWRBIO001,,2028,,,,,,,,,,,,0.008000000000000002,,,,,
Scenario1,0,RE1,,PWRBIO001,,2029,,,,,,,,,,,,0.0,,,,,
Scenario1,0,RE1,,PWRBIO001,,2030,,,,,,,,,,,,0.04819999999999999,,,,,
Scenario1,0,RE1,,PWRBIO001,,2031,,,,,,,,,,,,0.020000000000000004,,,,,
Scenario1,0,RE1,,PWRBIO001,,2032,,,,,,,,,,,,0.010800000000000004,,,,,
Scenario1,0,RE1,,PWRBIO001,,2033,,,,,,,,,,,,0.0030000000000000027,,,,,
Scenario1,0,RE1,,PWRBIO001,,2034,,,,,,,,,,,,0.0059999999999999915,,,,,
Scenario1,0,RE1,,PWRBIO001,,2035,,,,,,,,,,,,0.0003000000000000086,,,,,
Scenario1,0,RE1,,PWRBIO001,,2036,,,,,,,,,,,,0.0,,,,,
Scenario1,0,RE1,,PWRBIO001,,2037,,,,,,,,,,,,0.0,,,,,
Scenario1,0,RE1,,PWRBIO001,,2038,,,,,,,,,,,,0.0,,,,,
Scenario1,0,RE1,,PWRBIO001,,2039,,,,,,,,,,,,0.0,,,,,
Scenario1,0,RE1,,PWRBIO001,,2040,,,,,,,,,,,,0.0,,,,,
Scenario1,0,RE1,,PWRBIO001,,2041,,,,,,,,,,,,0.0,,,,,
Scenario1,0,RE1,,PWRBIO001,,2042,,,,,,,,,,,,0.0,,,,,
Scenario1,0,RE1,,PWRBIO001,,2043,,,,,,,,,,,,0.0,,,,,
Scenario1,0,RE1,,PWRBIO001,,2044,,,,,,,,,,,,0.0,,,,,
Scenario1,0,RE1,,PWRBIO001,,2045,,,,,,,,,,,,0.0,,,,,
Scenario1,0,RE1,,PWRBIO001,,2046,,,,,,,,,,,,0.0,,,,,
Scenario1,0,RE1,,PWRBIO001,,2047,,,,,,,,,,,,0.0,,,,,
Scenario1,0,RE1,,PWRBIO001,,2048,,,,,,,,,,,,0.0,,,,,
Scenario1,0,RE1,,PWRBIO001,,2049,,,,,,,,,,,,0.0,,,,,
Scenario1,0,RE1,,PWRBIO001,,2050,,,,,,,,,,,,0.0,,,,,
Scenario1,0,RE1,,PWRCOA001,,2019,,,,,,,,,,,,0.0,,,,,
Scenario1,0,RE1,,PWRCOA001,,2020,,,,,,,,,,,,0.0,,,,,
Scenario1,0,RE1,,PWRCOA001,,2021,,,,,,,,,,,,0.0,,,,,
Scenario1,0,RE1,,PWRCOA001,,2022,,,,,,,,,,,,0.0,,,,,
Scenario1,0,RE1,,PWRCOA001,,2023,,,,,,,,,,,,0.0,,,,,
Scenario1,0,RE1,,PWRCOA001,,2024,,,,,,,,,,,,0.0,,,,,
Scenario1,0,RE1,,PWRCOA001,,2025,,,,,,,,,,,,0.0,,,,,
Scenario1,0,RE1,,PWRCOA001,,2026,,,,,,,,,,,,0.0,,,,,
Scenario1,0,RE1,,PWRCOA001,,2027,,,,,,,,,,,,0.0,,,,,
Scenario1,0,RE1,,PWRCOA001,,2028,,,,,,,,,,,,0.0,,,,,
Scenario1,0,RE1,,PWRCOA001,,2029,,,,,,,,,,,,0.0,,,,,
Scenario1,0,RE1,,PWRCOA001,,2030,,,,,,,,,,,,0.0,,,,,
Scenario1,0,RE1,,PWRCOA001,,2031,,,,,,,,,,,,0.0,,,,,
Scenario1,0,RE1,,PWRCOA001,,2032,,,,,,,,,,,,0.0,,,,,
Scenario1,0,RE1,,PWRCOA001,,2033,,,,,,,,,,,,0.0,,,,,
Scenario1,0,RE1,,PWRCOA001,,2034,,,,,,,,,,,,0.0,,,,,
Scenario1,0,RE1,,PWRCOA001,,2035,,,,,,,,,,,,0.0,,,,,
Scenario1,0,RE1,,PWRCOA001,,2036,,,,,,,,,,,,0.0,,,,,
Scenario1,0,RE1,,PWRCOA001,,2037,,,,,,,,,,,,0.0,,,,,
Scenario1,0,RE1,,PWRCOA001,,2038,,,,,,,,,,,,0.0,,,,,
Scenario1,0,RE1,,PWRCOA001,,2039,,,,,,,,,,,,0.0,,,,,
Scenario1,0,RE1,,PWRCOA001,,2040,,,,,,,,,,,,0.0,,,,,
Scenario1,0,RE1,,PWRCOA001,,2041,,,,,,,,,,,,0.0,,,,,
Scenario1,0,RE1,,PWRCOA001,,2042,,,,,,,,,,,,0.0,,,,,
Scenario1,0,RE1,,PWRCOA001,,2043,,,,,,,,,,,,0.0,,,,,
Scenario1,0,RE1,,PWRCOA001,,2044,,,,,,,,,,,,0.0,,,,,
Scenario1,0,RE1,,PWRCOA001,,2045,,,,,,,,,,,,0.0,,,,,
Scenario1,0,RE1,,PWRCOA001,,2046,,,,,,,,,,,,0.0,,,,,
Scenario1,0,RE1,,PWRCOA001,,2047,,,,,,,,,,,,0.0,,,,,
Scenario1,0,RE1,,PWRCOA001,,2048,,,,,,,,,,,,0.0,,,,,
Scenario1,0,RE1,,PWRCOA001,,2049,,,,,,,,,,,,0.0,,,,,
Scenario1,0,RE1,,PWRCOA001,,2050,,,,,,,,,,,,0.0,,,,,
Scenario1,0,RE1,,PWRDIST,,2019,,,,,,,,,,,,0.30379101218060267,,,,,
Scenario1,0,RE1,,PWRDIST,,2020,,,,,,,,,,,,0.03290304546096534,,,,,
Scenario1,0,RE1,,PWRDIST,,2021,,,,,,,,,,,,0.08475684741530043,,,,,
Scenario1,0,RE1,,PWRDIST,,2022,,,,,,,,,,,,0.06454169624967343,,,,,
Scenario1,0,RE1,,PWRDIST,,2023,,,,,,,,,,,,0.06048181614144443,,,,,
Scenario1,0,RE1,,PWRDIST,,2024,,,,,,,,,,,,0.07043868024932909,,,,,
Scenario1,0,RE1,,PWRDIST,,2025,,,,,,,,,,,,0.076778902703865,,,,,
Scenario1,0,RE1,,PWRDIST,,2026,,,,,,,,,,,,0.08043920055119136,,,,,
Scenario1,0,RE1,,PWRDIST,,2027,,,,,,,,,,,,0.1330017013792042,,,,,
Scenario1,0,RE1,,PWRDIST,,2028,,,,,,,,,,,,0.14078204463190502,,,,,
Scenario1,0,RE1,,PWRDIST,,2029,,,,,,,,,,,,0.16101593325260488,,,,,
Scenario1,0,RE1,,PWRDIST,,2030,,,,,,,,,,,,0.17279431089127417,,,,,
Scenario1,0,RE1,,PWRDIST,,2031,,,,,,,,,,,,0.16138458077949647,,,,,
Scenario1,0,RE1,,PWRDIST,,2032,,,,,,,,,,,,0.17913482747627008,,,,,
Scenario1,0,RE1,,PWRDIST,,2033,,,,,,,,,,,,0.18160480739745122,,,,,
Scenario1,0,RE1,,PWRDIST,,2034,,,,,,,,,,,,0.19324208072651983,,,,,
Scenario1,0,RE1,,PWRDIST,,2035,,,,,,,,,,,,0.20333915560452764,,,,,
Scenario1,0,RE1,,PWRDIST,,2036,,,,,,,,,,,,0.20620657299478262,,,,,
Scenario1,0,RE1,,PWRDIST,,2037,,,,,,,,,,,,0.23209878267264106,,,,,
Scenario1,0,RE1,,PWRDIST,,2038,,,,,,,,,,,,0.2418512876840344,,,,,
Scenario1,0,RE1,,PWRDIST,,2039,,,,,,,,,,,,0.2557444172020462,,,,,
Scenario1,0,RE1,,PWRDIST,,2040,,,,,,,,,,,,0.2712984463468464,,,,,
Scenario1,0,RE1,,PWRDIST,,2041,,,,,,,,,,,,0.2859260820200218,,,,,
Scenario1,0,RE1,,PWRDIST,,2042,,,,,,,,,,,,0.2960798868244652,,,,,
Scenario1,0,RE1,,PWRDIST,,2043,,,,,,,,,,,,0.3158581251337216,,,,,
Scenario1,0,RE1,,PWRDIST,,2044,,,,,,,,,,,,0.3327857631262794,,,,,
Scenario1,0,RE1,,PWRDIST,,2045,,,,,,,,,,,,0.35201863643668574,,,,,
Scenario1,0,RE1,,PWRDIST,,2046,,,,,,,,,,,,0.37164282644019053,,,,,
Scenario1,0,RE1,,PWRDIST,,2047,,,,,,,,,,,,0.3915773516597518,,,,,
Scenario1,0,RE1,,PWRDIST,,2048,,,,,,,,,,,,0.41420112642980245,,,,,
Scenario1,0,RE1,,PWRDIST,,2049,,,,,,,,,,,,0.4372978782178407,,,,,
Scenario1,0,RE1,,PWRDIST,,2050,,,,,,,,,,,,0.4607506976326068,,,,,
Scenario1,0,RE1,,PWRGEO001,,2019,,,,,,,,,,,,0.0,,,,,
Scenario1,0,RE1,,PWRGEO001,,2020,,,,,,,,,,,,0.0,,,,,
Scenario1,0,RE1,,PWRGEO001,,2021,,,,,,,,,,,,0.0,,,,,
Scenario1,0,RE1,,PWRGEO001,,2022,,,,,,,,,,,,0.0832999999999999,,,,,
Scenario1,0,RE1,,PWRGEO001,,2023,,,,,,,,,,,,0.0,,,,,
Scenario1,0,RE1,,PWRGEO001,,2024,,,,,,,,,,,,0.0,,,,,
Scenario1,0,RE1,,PWRGEO001,,2025,,,,,,,,,,,,0.06200000000000011,,,,,
Scenario1,0,RE1,,PWRGEO001,,2026,,,,,,,,,,,,0.01999999999999999,,,,,
Scenario1,0,RE1,,PWRGEO001,,2027,,,,,,,,,,,,0.0,,,,,
Scenario1,0,RE1,,PWRGEO001,,2028,,,,,,,,,,,,0.024999999999999994,,,,,
Scenario1,0,RE1,,PWRGEO001,,2029,,,,,,,,,,,,0.27285309505883115,,,,,
Scenario1,0,RE1,,PWRGEO001,,2030,,,,,,,,,,,,0.0071469049411688745,,,,,
Scenario1,0,RE1,,PWRGEO001,,2031,,,,,,,,,,,,0.0,,,,,
Scenario1,0,RE1,,PWRGEO001,,2032,,,,,,,,,,,,0.0,,,,,
Scenario1,0,RE1,,PWRGEO001,,2033,,,,,,,,,,,,0.0,,,,,
Scenario1,0,RE1,,PWRGEO001,,2034,,,,,,,,,,,,0.1399999999999999,,,,,
Scenario1,0,RE1,,PWRGEO001,,2035,,,,,,,,,,,,0.0,,,,,
Scenario1,0,RE1,,PWRGEO001,,2036,,,,,,,,,,,,0.14,,,,,
Scenario1,0,RE1,,PWRGEO001,,2037,,,,,,,,,,,,0.0,,,,,
Scenario1,0,RE1,,PWRGEO001,,2038,,,,,,,,,,,,0.0,,,,,
Scenario1,0,RE1,,PWRGEO001,,2039,,,,,,,,,,,,0.0,,,,,
Scenario1,0,RE1,,PWRGEO001,,2040,,,,,,,,,,,,0.0,,,,,
Scenario1,0,RE1,,PWRGEO001,,2041,,,,,,,,,,,,0.0,,,,,
Scenario1,0,RE1,,PWRGEO001,,2042,,,,,,,,,,,,0.0,,,,,
Scenario1,0,RE1,,PWRGEO001,,2043,,,,,,,,,,,,0.0,,,,,
Scenario1,0,RE1,,PWRGEO001,,2044,,,,,,,,,,,,0.0,,,,,
Scenario1,0,RE1,,PWRGEO001,,2045,,,,,,,,,,,,0.0,,,,,
Scenario1,0,RE1,,PWRGEO001,,2046,,,,,,,,,,,,0.0,,,,,
Scenario1,0,RE1,,PWRGEO001,,2047,,,,,,,,,,,,0.0,,,,,
Scenario1,0,RE1,,PWRGEO001,,2048,,,,,,,,,,,,0.0,,,,,
Scenario1,0,RE1,,PWRGEO001,,2049,,,,,,,,,,,,0.0,,,,,
Scenario1,0,RE1,,PWRGEO001,,2050,,,,,,,,,,,,0.04200000000000004,,,,,
Scenario1,0,RE1,,PWRGEO002,,2019,,,,,,,,,,,,0.0,,,,,
Scenario1,0,RE1,,PWRGEO002,,2020,,,,,,,,,,,,0.0,,,,,
Scenario1,0,RE1,,PWRGEO002,,2021,,,,,,,,,,,,0.0,,,,,
Scenario1,0,RE1,,PWRGEO002,,2022,,,,,,,,,,,,0.0,,,,,
Scenario1,0,RE1,,PWRGEO002,,2023,,,,,,,,,,,,0.035,,,,,
Scenario1,0,RE1,,PWRGEO002,,2024,,,,,,,,,,,,0.0,,,,,
Scenario1,0,RE1,,PWRGEO002,,2025,,,,,,,,,,,,0.035,,,,,
Scenario1,0,RE1,,PWRGEO002,,2026,,,,,,,,,,,,0.0,,,,,
Scenario1,0,RE1,,PWRGEO002,,2027,,,,,,,,,,,,0.0,,,,,
Scenario1,0,RE1,,PWRGEO002,,2028,,,,,,,,,,,,0.03499999999999999,,,,,
Scenario1,0,RE1,,PWRGEO002,,2029,,,,,,,,,,,,0.0,,,,,
Scenario1,0,RE1,,PWRGEO002,,2030,,,,,,,,,,,,0.0,,,,,
Scenario1,0,RE1,,PWRGEO002,,2031,,,,,,,,,,,,0.0,,,,,
Scenario1,0,RE1,,PWRGEO002,,2032,,,,,,,,,,,,0.0,,,,,
Scenario1,0,RE1,,PWRGEO002,,2033,,,,,,,,,,,,0.0,,,,,
Scenario1,0,RE1,,PWRGEO002,,2034,,,,,,,,,,,,0.0,,,,,
Scenario1,0,RE1,,PWRGEO002,,2035,,,,,,,,,,,,0.0,,,,,
Scenario1,0,RE1,,PWRGEO002,,2036,,,,,,,,,,,,0.0,,,,,
Scenario1,0,RE1,,PWRGEO002,,2037,,,,,,,,,,,,0.09999999999999999,,,,,
Scenario1,0,RE1,,PWRGEO002,,2038,,,,,,,,,,,,0.0,,,,,
Scenario1,0,RE1,,PWRGEO002,,2039,,,,,,,,,,,,0.06000000000000004,,,,,
Scenario1,0,RE1,,PWRGEO002,,2040,,,,,,,,,,,,0.2,,,,,
Scenario1,0,RE1,,PWRGEO002,,2041,,,,,,,,,,,,0.0,,,,,
Scenario1,0,RE1,,PWRGEO002,,2042,,,,,,,,,,,,0.0,,,,,
Scenario1,0,RE1,,PWRGEO002,,2043,,,,,,,,,,,,0.0,,,,,
Scenario1,0,RE1,,PWRGEO002,,2044,,,,,,,,,,,,0.0,,,,,
Scenario1,0,RE1,,PWRGEO002,,2045,,,,,,,,,,,,0.0,,,,,
Scenario1,0,RE1,,PWRGEO002,,2046,,,,,,,,,,,,0.0,,,,,
Scenario1,0,RE1,,PWRGEO002,,2047,,,,,,,,,,,,0.0,,,,,
Scenario1,0,RE1,,PWRGEO002,,2048,,,,,,,,,,,,0.0,,,,,
Scenario1,0,RE1,,PWRGEO002,,2049,,,,,,,,,,,,0.0,,,,,
Scenario1,0,RE1,,PWRGEO002,,2050,,,,,,,,,,,,0.0,,,,,
Scenario1,0,RE1,,PWRGEO003,,2019,,,,,,,,,,,,0.0,,,,,
Scenario1,0,RE1,,PWRGEO003,,2020,,,,,,,,,,,,0.0,,,,,
Scenario1,0,RE1,,PWRGEO003,,2021,,,,,,,,,,,,0.0,,,,,
Scenario1,0,RE1,,PWRGEO003,,2022,,,,,,,,,,,,0.0,,,,,
Scenario1,0,RE1,,PWRGEO003,,2023,,,,,,,,,,,,0.0,,,,,
Scenario1,0,RE1,,PWRGEO003,,2024,,,,,,,,,,,,0.0,,,,,
Scenario1,0,RE1,,PWRGEO003,,2025,,,,,,,,,,,,0.0,,,,,
Scenario1,0,RE1,,PWRGEO003,,2026,,,,,,,,,,,,0.0,,,,,
Scenario1,0,RE1,,PWRGEO003,,2027,,,,,,,,,,,,0.0,,,,,
Scenario1,0,RE1,,PWRGEO003,,2028,,,,,,,,,,,,0.0,,,,,
Scenario1,0,RE1,,PWRGEO003,,2029,,,,,,,,,,,,0.0,,,,,
Scenario1,0,RE1,,PWRGEO003,,2030,,,,,,,,,,,,0.0,,,,,
Scenario1,0,RE1,,PWRGEO003,,2031,,,,,,,,,,,,0.033,,,,,
Scenario1,0,RE1,,PWRGEO003,,2032,,,,,,,,,,,,0.0,,,,,
Scenario1,0,RE1,,PWRGEO003,,2033,,,,,,,,,,,,0.0,,,,,
Scenario1,0,RE1,,PWRGEO003,,2034,,,,,,,,,,,,0.0,,,,,
Scenario1,0,RE1,,PWRGEO003,,2035,,,,,,,,,,,,0.0,,,,,
Scenario1,0,RE1,,PWRGEO003,,2036,,,,,,,,,,,,0.0,,,,,
Scenario1,0,RE1,,PWRGEO003,,2037,,,,,,,,,,,,0.0,,,,,
Scenario1,0,RE1,,PWRGEO003,,2038,,,,,,,,,,,,0.0,,,,,
Scenario1,0,RE1,,PWRGEO003,,2039,,,,,,,,,,,,0.0,,,,,
Scenario1,0,RE1,,PWRGEO003,,2040,,,,,,,,,,,,0.067,,,,,
Scenario1,0,RE1,,PWRGEO003,,2041,,,,,,,,,,,,0.0,,,,,
Scenario1,0,RE1,,PWRGEO003,,2042,,,,,,,,,,,,0.0,,,,,
Scenario1,0,RE1,,PWRGEO003,,2043,,,,,,,,,,,,0.0,,,,,
Scenario1,0,RE1,,PWRGEO003,,2044,,,,,,,,,,,,0.0,,,,,
Scenario1,0,RE1,,PWRGEO003,,2045,,,,,,,,,,,,0.0,,,,,
Scenario1,0,RE1,,PWRGEO003,,2046,,,,,,,,,,,,0.0,,,,,
Scenario1,0,RE1,,PWRGEO003,,2047,,,,,,,,,,,,0.0,,,,,
Scenario1,0,RE1,,PWRGEO003,,2048,,,,,,,,,,,,0.0,,,,,
Scenario1,0,RE1,,PWRGEO003,,2049,,,,,,,,,,,,0.0,,,,,
Scenario1,0,RE1,,PWRGEO003,,2050,,,,,,,,,,,,0.0,,,,,
Scenario1,0,RE1,,PWRGEO004,,2019,,,,,,,,,,,,0.0,,,,,
Scenario1,0,RE1,,PWRGEO004,,2020,,,,,,,,,,,,0.0,,,,,
Scenario1,0,RE1,,PWRGEO004,,2021,,,,,,,,,,,,0.0,,,,,
Scenario1,0,RE1,,PWRGEO004,,2022,,,,,,,,,,,,0.0,,,,,
Scenario1,0,RE1,,PWRGEO004,,2023,,,,,,,,,,,,0.0,,,,,
Scenario1,0,RE1,,PWRGEO004,,2024,,,,,,,,,,,,0.0,,,,,
Scenario1,0,RE1,,PWRGEO004,,2025,,,,,,,,,,,,0.0,,,,,
Scenario1,0,RE1,,PWRGEO004,,2026,,,,,,,,,,,,0.0,,,,,
Scenario1,0,RE1,,PWRGEO004,,2027,,,,,,,,,,,,0.0,,,,,
Scenario1,0,RE1,,PWRGEO004,,2028,,,,,,,,,,,,0.0,,,,,
Scenario1,0,RE1,,PWRGEO004,,2029,,,,,,,,,,,,0.0,,,,,
Scenario1,0,RE1,,PWRGEO004,,2030,,,,,,,,,,,,0.0,,,,,
Scenario1,0,RE1,,PWRGEO004,,2031,,,,,,,,,,,,0.0,,,,,
Scenario1,0,RE1,,PWRGEO004,,2032,,,,,,,,,,,,0.0,,,,,
Scenario1,0,RE1,,PWRGEO004,,2033,,,,,,,,,,,,0.0,,,,,
Scenario1,0,RE1,,PWRGEO004,,2034,,,,,,,,,,,,0.0,,,,,
Scenario1,0,RE1,,PWRGEO004,,2035,,,,,,,,,,,,0.0,,,,,
Scenario1,0,RE1,,PWRGEO004,,2036,,,,,,,,,,,,0.0,,,,,
Scenario1,0,RE1,,PWRGEO004,,2037,,,,,,,,,,,,0.0,,,,,
Scenario1,0,RE1,,PWRGEO004,,2038,,,,,,,,,,,,0.1,,,,,
Scenario1,0,RE1,,PWRGEO004,,2039,,,,,,,,,,,,0.1,,,,,
Scenario1,0,RE1,,PWRGEO004,,2040,,,,,,,,,,,,0.09999999999999998,,,,,
Scenario1,0,RE1,,PWRGEO004,,2041,,,,,,,,,,,,0.0,,,,,
Scenario1,0,RE1,,PWRGEO004,,2042,,,,,,,,,,,,0.0,,,,,
Scenario1,0,RE1,,PWRGEO004,,2043,,,,,,,,,,,,0.0,,,,,
Scenario1,0,RE1,,PWRGEO004,,2044,,,,,,,,,,,,0.0,,,,,
Scenario1,0,RE1,,PWRGEO004,,2045,,,,,,,,,,,,0.0,,,,,
Scenario1,0,RE1,,PWRGEO004,,2046,,,,,,,,,,,,0.0,,,,,
Scenario1,0,RE1,,PWRGEO004,,2047,,,,,,,,,,,,0.0,,,,,
Scenario1,0,RE1,,PWRGEO004,,2048,,,,,,,,,,,,0.0,,,,,
Scenario1,0,RE1,,PWRGEO004,,2049,,,,,,,,,,,,0.0,,,,,
Scenario1,0,RE1,,PWRGEO004,,2050,,,,,,,,,,,,0.0,,,,,
Scenario1,0,RE1,,PWRGEO005,,2019,,,,,,,,,,,,0.0,,,,,
Scenario1,0,RE1,,PWRGEO005,,2020,,,,,,,,,,,,0.0,,,,,
Scenario1,0,RE1,,PWRGEO005,,2021,,,,,,,,,,,,0.0,,,,,
Scenario1,0,RE1,,PWRGEO005,,2022,,,,,,,,,,,,0.0,,,,,
Scenario1,0,RE1,,PWRGEO005,,2023,,,,,,,,,,,,0.0,,,,,
Scenario1,0,RE1,,PWRGEO005,,2024,,,,,,,,,,,,0.0,,,,,
Scenario1,0,RE1,,PWRGEO005,,2025,,,,,,,,,,,,0.0,,,,,
Scenario1,0,RE1,,PWRGEO005,,2026,,,,,,,,,,,,0.0,,,,,
Scenario1,0,RE1,,PWRGEO005,,2027,,,,,,,,,,,,0.0,,,,,
Scenario1,0,RE1,,PWRGEO005,,2028,,,,,,,,,,,,0.0,,,,,
Scenario1,0,RE1,,PWRGEO005,,2029,,,,,,,,,,,,0.0,,,,,
Scenario1,0,RE1,,PWRGEO005,,2030,,,,,,,,,,,,0.0,,,,,
Scenario1,0,RE1,,PWRGEO005,,2031,,,,,,,,,,,,0.035,,,,,
Scenario1,0,RE1,,PWRGEO005,,2032,,,,,,,,,,,,0.0,,,,,
Scenario1,0,RE1,,PWRGEO005,,2033,,,,,,,,,,,,0.0,,,,,
Scenario1,0,RE1,,PWRGEO005,,2034,,,,,,,,,,,,0.0,,,,,
Scenario1,0,RE1,,PWRGEO005,,2035,,,,,,,,,,,,0.0,,,,,
Scenario1,0,RE1,,PWRGEO005,,2036,,,,,,,,,,,,0.0,,,,,
Scenario1,0,RE1,,PWRGEO005,,2037,,,,,,,,,,,,0.0,,,,,
Scenario1,0,RE1,,PWRGEO005,,2038,,,,,,,,,,,,0.0,,,,,
Scenario1,0,RE1,,PWRGEO005,,2039,,,,,,,,,,,,0.0,,,,,
Scenario1,0,RE1,,PWRGEO005,,2040,,,,,,,,,,,,0.012984306147850094,,,,,
Scenario1,0,RE1,,PWRGEO005,,2041,,,,,,,,,,,,0.02201569385214991,,,,,
Scenario1,0,RE1,,PWRGEO005,,2042,,,,,,,,,,,,0.0,,,,,
Scenario1,0,RE1,,PWRGEO005,,2043,,,,,,,,,,,,0.0,,,,,
Scenario1,0,RE1,,PWRGEO005,,2044,,,,,,,,,,,,0.0,,,,,
Scenario1,0,RE1,,PWRGEO005,,2045,,,,,,,,,,,,0.0,,,,,
Scenario1,0,RE1,,PWRGEO005,,2046,,,,,,,,,,,,0.0,,,,,
Scenario1,0,RE1,,PWRGEO005,,2047,,,,,,,,,,,,0.0,,,,,
Scenario1,0,RE1,,PWRGEO005,,2048,,,,,,,,,,,,0.0,,,,,
Scenario1,0,RE1,,PWRGEO005,,2049,,,,,,,,,,,,0.0,,,,,
Scenario1,0,RE1,,PWRGEO005,,2050,,,,,,,,,,,,0.0,,,,,
Scenario1,0,RE1,,PWRGEO006,,2019,,,,,,,,,,,,0.0,,,,,
Scenario1,0,RE1,,PWRGEO006,,2020,,,,,,,,,,,,0.0,,,,,
Scenario1,0,RE1,,PWRGEO006,,2021,,,,,,,,,,,,0.0,,,,,
Scenario1,0,RE1,,PWRGEO006,,2022,,,,,,,,,,,,0.0,,,,,
Scenario1,0,RE1,,PWRGEO006,,2023,,,,,,,,,,,,0.0,,,,,
Scenario1,0,RE1,,PWRGEO006,,2024,,,,,,,,,,,,0.0,,,,,
Scenario1,0,RE1,,PWRGEO006,,2025,,,,,,,,,,,,0.0,,,,,
Scenario1,0,RE1,,PWRGEO006,,2026,,,,,,,,,,,,0.15528981638547842,,,,,
Scenario1,0,RE1,,PWRGEO006,,2027,,,,,,,,,,,,0.14777961161021846,,,,,
Scenario1,0,RE1,,PWRGEO006,,2028,,,,,,,,,,,,0.009322248800287314,,,,,
Scenario1,0,RE1,,PWRGEO006,,2029,,,,,,,,,,,,0.0,,,,,
Scenario1,0,RE1,,PWRGEO006,,2030,,,,,,,,,,,,0.08035389316133673,,,,,
Scenario1,0,RE1,,PWRGEO006,,2031,,,,,,,,,,,,0.0,,,,,
Scenario1,0,RE1,,PWRGEO006,,2032,,,,,,,,,,,,0.13095594837898733,,,,,
Scenario1,0,RE1,,PWRGEO006,,2033,,,,,,,,,,,,0.09629848166369165,,,,,
Scenario1,0,RE1,,PWRGEO006,,2034,,,,,,,,,,,,0.0,,,,,
Scenario1,0,RE1,,PWRGEO006,,2035,,,,,,,,,,,,0.1400000000000001,,,,,
Scenario1,0,RE1,,PWRGEO006,,2036,,,,,,,,,,,,0.02902908005048943,,,,,
Scenario1,0,RE1,,PWRGEO006,,2037,,,,,,,,,,,,0.08067855215690409,,,,,
Scenario1,0,RE1,,PWRGEO006,,2038,,,,,,,,,,,,0.15029236779260668,,,,,
Scenario1,0,RE1,,PWRGEO006,,2039,,,,,,,,,,,,0.06249232055130749,,,,,
Scenario1,0,RE1,,PWRGEO006,,2040,,,,,,,,,,,,0.0,,,,,
Scenario1,0,RE1,,PWRGEO006,,2041,,,,,,,,,,,,0.0,,,,,
Scenario1,0,RE1,,PWRGEO006,,2042,,,,,,,,,,,,0.17782994460080492,,,,,
Scenario1,0,RE1,,PWRGEO006,,2043,,,,,,,,,,,,0.30766470425003023,,,,,
Scenario1,0,RE1,,PWRGEO006,,2044,,,,,,,,,,,,0.29070376638971407,,,,,
Scenario1,0,RE1,,PWRGEO006,,2045,,,,,,,,,,,,0.14571852583364553,,,,,
Scenario1,0,RE1,,PWRGEO006,,2046,,,,,,,,,,,,0.2955907383744969,,,,,
Scenario1,0,RE1,,PWRGEO006,,2047,,,,,,,,,,,,0.2400000000000002,,,,,
Scenario1,0,RE1,,PWRGEO006,,2048,,,,,,,,,,,,0.2599999999999998,,,,,
Scenario1,0,RE1,,PWRGEO006,,2049,,,,,,,,,,,,0.04085867493640727,,,,,
Scenario1,0,RE1,,PWRGEO006,,2050,,,,,,,,,,,,0.4053756131962096,,,,,
Scenario1,0,RE1,,PWRGEO007,,2019,,,,,,,,,,,,0.0,,,,,
Scenario1,0,RE1,,PWRGEO007,,2020,,,,,,,,,,,,0.0,,,,,
Scenario1,0,RE1,,PWRGEO007,,2021,,,,,,,,,,,,0.0,,,,,
Scenario1,0,RE1,,PWRGEO007,,2022,,,,,,,,,,,,0.0,,,,,
Scenario1,0,RE1,,PWRGEO007,,2023,,,,,,,,,,,,0.0,,,,,
Scenario1,0,RE1,,PWRGEO007,,2024,,,,,,,,,,,,0.0,,,,,
Scenario1,0,RE1,,PWRGEO007,,2025,,,,,,,,,,,,0.0,,,,,
Scenario1,0,RE1,,PWRGEO007,,2026,,,,,,,,,,,,0.0,,,,,
Scenario1,0,RE1,,PWRGEO007,,2027,,,,,,,,,,,,0.0,,,,,
Scenario1,0,RE1,,PWRGEO007,,2028,,,,,,,,,,,,0.0,,,,,
Scenario1,0,RE1,,PWRGEO007,,2029,,,,,,,,,,,,0.0,,,,,
Scenario1,0,RE1,,PWRGEO007,,2030,,,,,,,,,,,,0.0,,,,,
Scenario1,0,RE1,,PWRGEO007,,2031,,,,,,,,,,,,0.0,,,,,
Scenario1,0,RE1,,PWRGEO007,,2032,,,,,,,,,,,,0.0,,,,,
Scenario1,0,RE1,,PWRGEO007,,2033,,,,,,,,,,,,0.0,,,,,
Scenario1,0,RE1,,PWRGEO007,,2034,,,,,,,,,,,,0.0,,,,,
Scenario1,0,RE1,,PWRGEO007,,2035,,,,,,,,,,,,0.0,,,,,
Scenario1,0,RE1,,PWRGEO007,,2036,,,,,,,,,,,,0.0,,,,,
Scenario1,0,RE1,,PWRGEO007,,2037,,,,,,,,,,,,0.0,,,,,
Scenario1,0,RE1,,PWRGEO007,,2038,,,,,,,,,,,,0.0,,,,,
Scenario1,0,RE1,,PWRGEO007,,2039,,,,,,,,,,,,0.0,,,,,
Scenario1,0,RE1,,PWRGEO007,,2040,,,,,,,,,,,,0.0,,,,,
Scenario1,0,RE1,,PWRGEO007,,2041,,,,,,,,,,,,0.0,,,,,
Scenario1,0,RE1,,PWRGEO007,,2042,,,,,,,,,,,,0.0,,,,,
Scenario1,0,RE1,,PWRGEO007,,2043,,,,,,,,,,,,0.0,,,,,
Scenario1,0,RE1,,PWRGEO007,,2044,,,,,,,,,,,,0.0,,,,,
Scenario1,0,RE1,,PWRGEO007,,2045,,,,,,,,,,,,0.0,,,,,
Scenario1,0,RE1,,PWRGEO007,,2046,,,,,,,,,,,,0.0,,,,,
Scenario1,0,RE1,,PWRGEO007,,2047,,,,,,,,,,,,0.0,,,,,
Scenario1,0,RE1,,PWRGEO007,,2048,,,,,,,,,,,,0.0,,,,,
Scenario1,0,RE1,,PWRGEO007,,2049,,,,,,,,,,,,0.0,,,,,
Scenario1,0,RE1,,PWRGEO007,,2050,,,,,,,,,,,,0.0,,,,,
Scenario1,0,RE1,,PWRHFO001,,2019,,,,,,,,,,,,0.0,,,,,
Scenario1,0,RE1,,PWRHFO001,,2020,,,,,,,,,,,,0.0,,,,,
Scenario1,0,RE1,,PWRHFO001,,2021,,,,,,,,,,,,0.0,,,,,
Scenario1,0,RE1,,PWRHFO001,,2022,,,,,,,,,,,,0.0,,,,,
Scenario1,0,RE1,,PWRHFO001,,2023,,,,,,,,,,,,0.0,,,,,
Scenario1,0,RE1,,PWRHFO001,,2024,,,,,,,,,,,,0.0,,,,,
Scenario1,0,RE1,,PWRHFO001,,2025,,,,,,,,,,,,0.0,,,,,
Scenario1,0,RE1,,PWRHFO001,,2026,,,,,,,,,,,,0.0,,,,,
Scenario1,0,RE1,,PWRHFO001,,2027,,,,,,,,,,,,0.0,,,,,
Scenario1,0,RE1,,PWRHFO001,,2028,,,,,,,,,,,,0.0,,,,,
Scenario1,0,RE1,,PWRHFO001,,2029,,,,,,,,,,,,0.0,,,,,
Scenario1,0,RE1,,PWRHFO001,,2030,,,,,,,,,,,,0.0,,,,,
Scenario1,0,RE1,,PWRHFO001,,2031,,,,,,,,,,,,0.0,,,,,
Scenario1,0,RE1,,PWRHFO001,,2032,,,,,,,,,,,,0.0,,,,,
Scenario1,0,RE1,,PWRHFO001,,2033,,,,,,,,,,,,0.0,,,,,
Scenario1,0,RE1,,PWRHFO001,,2034,,,,,,,,,,,,0.0,,,,,
Scenario1,0,RE1,,PWRHFO001,,2035,,,,,,,,,,,,0.0,,,,,
Scenario1,0,RE1,,PWRHFO001,,2036,,,,,,,,,,,,0.0,,,,,
Scenario1,0,RE1,,PWRHFO001,,2037,,,,,,,,,,,,0.0,,,,,
Scenario1,0,RE1,,PWRHFO001,,2038,,,,,,,,,,,,0.0,,,,,
Scenario1,0,RE1,,PWRHFO001,,2039,,,,,,,,,,,,0.0,,,,,
Scenario1,0,RE1,,PWRHFO001,,2040,,,,,,,,,,,,0.0,,,,,
Scenario1,0,RE1,,PWRHFO001,,2041,,,,,,,,,,,,0.0,,,,,
Scenario1,0,RE1,,PWRHFO001,,2042,,,,,,,,,,,,0.0,,,,,
Scenario1,0,RE1,,PWRHFO001,,2043,,,,,,,,,,,,0.0,,,,,
Scenario1,0,RE1,,PWRHFO001,,2044,,,,,,,,,,,,0.0,,,,,
Scenario1,0,RE1,,PWRHFO001,,2045,,,,,,,,,,,,0.0,,,,,
Scenario1,0,RE1,,PWRHFO001,,2046,,,,,,,,,,,,0.0,,,,,
Scenario1,0,RE1,,PWRHFO001,,2047,,,,,,,,,,,,0.0,,,,,
Scenario1,0,RE1,,PWRHFO001,,2048,,,,,,,,,,,,0.0,,,,,
Scenario1,0,RE1,,PWRHFO001,,2049,,,,,,,,,,,,0.0,,,,,
Scenario1,0,RE1,,PWRHFO001,,2050,,,,,,,,,,,,0.0,,,,,
Scenario1,0,RE1,,PWRHYD001,,2019,,,,,,,,,,,,0.0,,,,,
Scenario1,0,RE1,,PWRHYD001,,2020,,,,,,,,,,,,0.0,,,,,
Scenario1,0,RE1,,PWRHYD001,,2021,,,,,,,,,,,,0.0,,,,,
Scenario1,0,RE1,,PWRHYD001,,2022,,,,,,,,,,,,0.0,,,,,
Scenario1,0,RE1,,PWRHYD001,,2023,,,,,,,,,,,,0.0,,,,,
Scenario1,0,RE1,,PWRHYD001,,2024,,,,,,,,,,,,0.0,,,,,
Scenario1,0,RE1,,PWRHYD001,,2025,,,,,,,,,,,,0.0,,,,,
Scenario1,0,RE1,,PWRHYD001,,2026,,,,,,,,,,,,0.0,,,,,
Scenario1,0,RE1,,PWRHYD001,,2027,,,,,,,,,,,,0.0,,,,,
Scenario1,0,RE1,,PWRHYD001,,2028,,,,,,,,,,,,0.0,,,,,
Scenario1,0,RE1,,PWRHYD001,,2029,,,,,,,,,,,,0.0,,,,,
Scenario1,0,RE1,,PWRHYD001,,2030,,,,,,,,,,,,0.0,,,,,
Scenario1,0,RE1,,PWRHYD001,,2031,,,,,,,,,,,,0.0,,,,,
Scenario1,0,RE1,,PWRHYD001,,2032,,,,,,,,,,,,0.0,,,,,
Scenario1,0,RE1,,PWRHYD001,,2033,,,,,,,,,,,,0.0,,,,,
Scenario1,0,RE1,,PWRHYD001,,2034,,,,,,,,,,,,0.0,,,,,
Scenario1,0,RE1,,PWRHYD001,,2035,,,,,,,,,,,,0.0,,,,,
Scenario1,0,RE1,,PWRHYD001,,2036,,,,,,,,,,,,0.0,,,,,
Scenario1,0,RE1,,PWRHYD001,,2037,,,,,,,,,,,,0.0,,,,,
Scenario1,0,RE1,,PWRHYD001,,2038,,,,,,,,,,,,0.0,,,,,
Scenario1,0,RE1,,PWRHYD001,,2039,,,,,,,,,,,,0.0,,,,,
Scenario1,0,RE1,,PWRHYD001,,2040,,,,,,,,,,,,0.0,,,,,
Scenario1,0,RE1,,PWRHYD001,,2041,,,,,,,,,,,,0.0,,,,,
Scenario1,0,RE1,,PWRHYD001,,2042,,,,,,,,,,,,0.0,,,,,
Scenario1,0,RE1,,PWRHYD001,,2043,,,,,,,,,,,,0.0,,,,,
Scenario1,0,RE1,,PWRHYD001,,2044,,,,,,,,,,,,0.0,,,,,
Scenario1,0,RE1,,PWRHYD001,,2045,,,,,,,,,,,,0.0,,,,,
Scenario1,0,RE1,,PWRHYD001,,2046,,,,,,,,,,,,0.0,,,,,
Scenario1,0,RE1,,PWRHYD001,,2047,,,,,,,,,,,,0.0,,,,,
Scenario1,0,RE1,,PWRHYD001,,2048,,,,,,,,,,,,0.0,,,,,
Scenario1,0,RE1,,PWRHYD001,,2049,,,,,,,,,,,,0.0,,,,,
Scenario1,0,RE1,,PWRHYD001,,2050,,,,,,,,,,,,0.0,,,,,
Scenario1,0,RE1,,PWRHYD002,,2019,,,,,,,,,,,,0.0,,,,,
Scenario1,0,RE1,,PWRHYD002,,2020,,,,,,,,,,,,0.0,,,,,
Scenario1,0,RE1,,PWRHYD002,,2021,,,,,,,,,,,,0.0,,,,,
Scenario1,0,RE1,,PWRHYD002,,2022,,,,,,,,,,,,0.0,,,,,
Scenario1,0,RE1,,PWRHYD002,,2023,,,,,,,,,,,,0.0,,,,,
Scenario1,0,RE1,,PWRHYD002,,2024,,,,,,,,,,,,0.0,,,,,
Scenario1,0,RE1,,PWRHYD002,,2025,,,,,,,,,,,,0.0,,,,,
Scenario1,0,RE1,,PWRHYD002,,2026,,,,,,,,,,,,0.0,,,,,
Scenario1,0,RE1,,PWRHYD002,,2027,,,,,,,,,,,,0.0,,,,,
Scenario1,0,RE1,,PWRHYD002,,2028,,,,,,,,,,,,0.0,,,,,
Scenario1,0,RE1,,PWRHYD002,,2029,,,,,,,,,,,,0.0,,,,,
Scenario1,0,RE1,,PWRHYD002,,2030,,,,,,,,,,,,0.0,,,,,
Scenario1,0,RE1,,PWRHYD002,,2031,,,,,,,,,,,,0.0900000000000001,,,,,
Scenario1,0,RE1,,PWRHYD002,,2032,,,,,,,,,,,,0.0,,,,,
Scenario1,0,RE1,,PWRHYD002,,2033,,,,,,,,,,,,0.0,,,,,
Scenario1,0,RE1,,PWRHYD002,,2034,,,,,,,,,,,,0.0,,,,,
Scenario1,0,RE1,,PWRHYD002,,2035,,,,,,,,,,,,0.0,,,,,
Scenario1,0,RE1,,PWRHYD002,,2036,,,,,,,,,,,,0.0,,,,,
Scenario1,0,RE1,,PWRHYD002,,2037,,,,,,,,,,,,0.0,,,,,
Scenario1,0,RE1,,PWRHYD002,,2038,,,,,,,,,,,,0.0,,,,,
Scenario1,0,RE1,,PWRHYD002,,2039,,,,,,,,,,,,0.0,,,,,
Scenario1,0,RE1,,PWRHYD002,,2040,,,,,,,,,,,,0.0,,,,,
Scenario1,0,RE1,,PWRHYD002,,2041,,,,,,,,,,,,0.0,,,,,
Scenario1,0,RE1,,PWRHYD002,,2042,,,,,,,,,,,,0.0,,,,,
Scenario1,0,RE1,,PWRHYD002,,2043,,,,,,,,,,,,0.0,,,,,
Scenario1,0,RE1,,PWRHYD002,,2044,,,,,,,,,,,,0.0,,,,,
Scenario1,0,RE1,,PWRHYD002,,2045,,,,,,,,,,,,0.0,,,,,
Scenario1,0,RE1,,PWRHYD002,,2046,,,,,,,,,,,,0.0,,,,,
Scenario1,0,RE1,,PWRHYD002,,2047,,,,,,,,,,,,0.0,,,,,
Scenario1,0,RE1,,PWRHYD002,,2048,,,,,,,,,,,,0.0,,,,,
Scenario1,0,RE1,,PWRHYD002,,2049,,,,,,,,,,,,0.0,,,,,
Scenario1,0,RE1,,PWRHYD002,,2050,,,,,,,,,,,,0.0,,,,,
Scenario1,0,RE1,,PWRHYD003,,2019,,,,,,,,,,,,0.0,,,,,
Scenario1,0,RE1,,PWRHYD003,,2020,,,,,,,,,,,,0.0,,,,,
Scenario1,0,RE1,,PWRHYD003,,2021,,,,,,,,,,,,0.0,,,,,
Scenario1,0,RE1,,PWRHYD003,,2022,,,,,,,,,,,,0.0,,,,,
Scenario1,0,RE1,,PWRHYD003,,2023,,,,,,,,,,,,0.0,,,,,
Scenario1,0,RE1,,PWRHYD003,,2024,,,,,,,,,,,,0.0,,,,,
Scenario1,0,RE1,,PWRHYD003,,2025,,,,,,,,,,,,0.0,,,,,
Scenario1,0,RE1,,PWRHYD003,,2026,,,,,,,,,,,,0.0,,,,,
Scenario1,0,RE1,,PWRHYD003,,2027,,,,,,,,,,,,0.0,,,,,
Scenario1,0,RE1,,PWRHYD003,,2028,,,,,,,,,,,,0.0,,,,,
Scenario1,0,RE1,,PWRHYD003,,2029,,,,,,,,,,,,0.0,,,,,
Scenario1,0,RE1,,PWRHYD003,,2030,,,,,,,,,,,,0.0,,,,,
Scenario1,0,RE1,,PWRHYD003,,2031,,,,,,,,,,,,0.0,,,,,
Scenario1,0,RE1,,PWRHYD003,,2032,,,,,,,,,,,,0.0,,,,,
Scenario1,0,RE1,,PWRHYD003,,2033,,,,,,,,,,,,0.0,,,,,
Scenario1,0,RE1,,PWRHYD003,,2034,,,,,,,,,,,,0.0,,,,,
Scenario1,0,RE1,,PWRHYD003,,2035,,,,,,,,,,,,0.0,,,,,
Scenario1,0,RE1,,PWRHYD003,,2036,,,,,,,,,,,,0.0,,,,,
Scenario1,0,RE1,,PWRHYD003,,2037,,,,,,,,,,,,0.0,,,,,
Scenario1,0,RE1,,PWRHYD003,,2038,,,,,,,,,,,,0.0,,,,,
Scenario1,0,RE1,,PWRHYD003,,2039,,,,,,,,,,,,0.0,,,,,
Scenario1,0,RE1,,PWRHYD003,,2040,,,,,,,,,,,,0.0,,,,,
Scenario1,0,RE1,,PWRHYD003,,2041,,,,,,,,,,,,0.0,,,,,
Scenario1,0,RE1,,PWRHYD003,,2042,,,,,,,,,,,,0.0,,,,,
Scenario1,0,RE1,,PWRHYD003,,2043,,,,,,,,,,,,0.0,,,,,
Scenario1,0,RE1,,PWRHYD003,,2044,,,,,,,,,,,,0.0,,,,,
Scenario1,0,RE1,,PWRHYD003,,2045,,,,,,,,,,,,0.0,,,,,
Scenario1,0,RE1,,PWRHYD003,,2046,,,,,,,,,,,,0.0,,,,,
Scenario1,0,RE1,,PWRHYD003,,2047,,,,,,,,,,,,0.0,,,,,
Scenario1,0,RE1,,PWRHYD003,,2048,,,,,,,,,,,,0.0,,,,,
Scenario1,0,RE1,,PWRHYD003,,2049,,,,,,,,,,,,0.0,,,,,
Scenario1,0,RE1,,PWRHYD003,,2050,,,,,,,,,,,,0.0,,,,,
Scenario1,0,RE1,,PWRHYD004,,2019,,,,,,,,,,,,0.0,,,,,
Scenario1,0,RE1,,PWRHYD004,,2020,,,,,,,,,,,,0.0,,,,,
Scenario1,0,RE1,,PWRHYD004,,2021,,,,,,,,,,,,0.0,,,,,
Scenario1,0,RE1,,PWRHYD004,,2022,,,,,,,,,,,,0.0,,,,,
Scenario1,0,RE1,,PWRHYD004,,2023,,,,,,,,,,,,0.0,,,,,
Scenario1,0,RE1,,PWRHYD004,,2024,,,,,,,,,,,,0.0,,,,,
Scenario1,0,RE1,,PWRHYD004,,2025,,,,,,,,,,,,0.0,,,,,
Scenario1,0,RE1,,PWRHYD004,,2026,,,,,,,,,,,,0.0,,,,,
Scenario1,0,RE1,,PWRHYD004,,2027,,,,,,,,,,,,0.0,,,,,
Scenario1,0,RE1,,PWRHYD004,,2028,,,,,,,,,,,,0.0,,,,,
Scenario1,0,RE1,,PWRHYD004,,2029,,,,,,,,,,,,0.0,,,,,
Scenario1,0,RE1,,PWRHYD004,,2030,,,,,,,,,,,,0.0,,,,,
Scenario1,0,RE1,,PWRHYD004,,2031,,,,,,,,,,,,0.0,,,,,
Scenario1,0,RE1,,PWRHYD004,,2032,,,,,,,,,,,,0.0,,,,,
Scenario1,0,RE1,,PWRHYD004,,2033,,,,,,,,,,,,0.0,,,,,
Scenario1,0,RE1,,PWRHYD004,,2034,,,,,,,,,,,,0.0,,,,,
Scenario1,0,RE1,,PWRHYD004,,2035,,,,,,,,,,,,0.0,,,,,
Scenario1,0,RE1,,PWRHYD004,,2036,,,,,,,,,,,,0.0,,,,,
Scenario1,0,RE1,,PWRHYD004,,2037,,,,,,,,,,,,0.0,,,,,
Scenario1,0,RE1,,PWRHYD004,,2038,,,,,,,,,,,,0.0,,,,,
Scenario1,0,RE1,,PWRHYD004,,2039,,,,,,,,,,,,0.0,,,,,
Scenario1,0,RE1,,PWRHYD004,,2040,,,,,,,,,,,,0.0,,,,,
Scenario1,0,RE1,,PWRHYD004,,2041,,,,,,,,,,,,0.0,,,,,
Scenario1,0,RE1,,PWRHYD004,,2042,,,,,,,,,,,,0.0,,,,,
Scenario1,0,RE1,,PWRHYD004,,2043,,,,,,,,,,,,0.0,,,,,
Scenario1,0,RE1,,PWRHYD004,,2044,,,,,,,,,,,,0.0,,,,,
Scenario1,0,RE1,,PWRHYD004,,2045,,,,,,,,,,,,0.0,,,,,
Scenario1,0,RE1,,PWRHYD004,,2046,,,,,,,,,,,,0.0,,,,,
Scenario1,0,RE1,,PWRHYD004,,2047,,,,,,,,,,,,0.0,,,,,
Scenario1,0,RE1,,PWRHYD004,,2048,,,,,,,,,,,,0.0,,,,,
Scenario1,0,RE1,,PWRHYD004,,2049,,,,,,,,,,,,0.0,,,,,
Scenario1,0,RE1,,PWRHYD004,,2050,,,,,,,,,,,,0.0,,,,,
Scenario1,0,RE1,,PWRHYD005,,2019,,,,,,,,,,,,0.0,,,,,
Scenario1,0,RE1,,PWRHYD005,,2020,,,,,,,,,,,,0.0,,,,,
Scenario1,0,RE1,,PWRHYD005,,2021,,,,,,,,,,,,0.0,,,,,
Scenario1,0,RE1,,PWRHYD005,,2022,,,,,,,,,,,,0.0,,,,,
Scenario1,0,RE1,,PWRHYD005,,2023,,,,,,,,,,,,0.0073,,,,,
Scenario1,0,RE1,,PWRHYD005,,2024,,,,,,,,,,,,0.0024999999999999996,,,,,
Scenario1,0,RE1,,PWRHYD005,,2025,,,,,,,,,,,,0.0002999999999999999,,,,,
Scenario1,0,RE1,,PWRHYD005,,2026,,,,,,,,,,,,0.1227,,,,,
Scenario1,0,RE1,,PWRHYD005,,2027,,,,,,,,,,,,0.020100000000000007,,,,,
Scenario1,0,RE1,,PWRHYD005,,2028,,,,,,,,,,,,0.0131,,,,,
Scenario1,0,RE1,,PWRHYD005,,2029,,,,,,,,,,,,0.018299999999999983,,,,,
Scenario1,0,RE1,,PWRHYD005,,2030,,,,,,,,,,,,0.048600000000000004,,,,,
Scenario1,0,RE1,,PWRHYD005,,2031,,,,,,,,,,,,0.041200000000000014,,,,,
Scenario1,0,RE1,,PWRHYD005,,2032,,,,,,,,,,,,0.032399999999999984,,,,,
Scenario1,0,RE1,,PWRHYD005,,2033,,,,,,,,,,,,0.0479,,,,,
Scenario1,0,RE1,,PWRHYD005,,2034,,,,,,,,,,,,0.0,,,,,
Scenario1,0,RE1,,PWRHYD005,,2035,,,,,,,,,,,,0.09250000000000005,,,,,
Scenario1,0,RE1,,PWRHYD005,,2036,,,,,,,,,,,,0.048299999999999926,,,,,
Scenario1,0,RE1,,PWRHYD005,,2037,,,,,,,,,,,,0.026000000000000134,,,,,
Scenario1,0,RE1,,PWRHYD005,,2038,,,,,,,,,,,,0.028299999999999992,,,,,
Scenario1,0,RE1,,PWRHYD005,,2039,,,,,,,,,,,,0.03090000000000004,,,,,
Scenario1,0,RE1,,PWRHYD005,,2040,,,,,,,,,,,,0.0,,,,,
Scenario1,0,RE1,,PWRHYD005,,2041,,,,,,,,,,,,0.0,,,,,
Scenario1,0,RE1,,PWRHYD005,,2042,,,,,,,,,,,,0.006237984819596365,,,,,
Scenario1,0,RE1,,PWRHYD005,,2043,,,,,,,,,,,,0.0,,,,,
Scenario1,0,RE1,,PWRHYD005,,2044,,,,,,,,,,,,0.0,,,,,
Scenario1,0,RE1,,PWRHYD005,,2045,,,,,,,,,,,,0.0,,,,,
Scenario1,0,RE1,,PWRHYD005,,2046,,,,,,,,,,,,0.0,,,,,
Scenario1,0,RE1,,PWRHYD005,,2047,,,,,,,,,,,,0.0,,,,,
Scenario1,0,RE1,,PWRHYD005,,2048,,,,,,,,,,,,0.0,,,,,
Scenario1,0,RE1,,PWRHYD005,,2049,,,,,,,,,,,,0.0,,,,,
Scenario1,0,RE1,,PWRHYD005,,2050,,,,,,,,,,,,0.0,,,,,
Scenario1,0,RE1,,PWRLFO001,,2019,,,,,,,,,,,,0.0,,,,,
Scenario1,0,RE1,,PWRLFO001,,2020,,,,,,,,,,,,0.0,,,,,
Scenario1,0,RE1,,PWRLFO001,,2021,,,,,,,,,,,,0.0,,,,,
Scenario1,0,RE1,,PWRLFO001,,2022,,,,,,,,,,,,0.0,,,,,
Scenario1,0,RE1,,PWRLFO001,,2023,,,,,,,,,,,,0.0,,,,,
Scenario1,0,RE1,,PWRLFO001,,2024,,,,,,,,,,,,0.0,,,,,
Scenario1,0,RE1,,PWRLFO001,,2025,,,,,,,,,,,,0.0,,,,,
Scenario1,0,RE1,,PWRLFO001,,2026,,,,,,,,,,,,0.0,,,,,
Scenario1,0,RE1,,PWRLFO001,,2027,,,,,,,,,,,,0.0,,,,,
Scenario1,0,RE1,,PWRLFO001,,2028,,,,,,,,,,,,0.0,,,,,
Scenario1,0,RE1,,PWRLFO001,,2029,,,,,,,,,,,,0.0,,,,,
Scenario1,0,RE1,,PWRLFO001,,2030,,,,,,,,,,,,0.0,,,,,
Scenario1,0,RE1,,PWRLFO001,,2031,,,,,,,,,,,,0.0,,,,,
Scenario1,0,RE1,,PWRLFO001,,2032,,,,,,,,,,,,0.0,,,,,
Scenario1,0,RE1,,PWRLFO001,,2033,,,,,,,,,,,,0.0,,,,,
Scenario1,0,RE1,,PWRLFO001,,2034,,,,,,,,,,,,0.0,,,,,
Scenario1,0,RE1,,PWRLFO001,,2035,,,,,,,,,,,,0.0,,,,,
Scenario1,0,RE1,,PWRLFO001,,2036,,,,,,,,,,,,0.0,,,,,
Scenario1,0,RE1,,PWRLFO001,,2037,,,,,,,,,,,,0.0,,,,,
Scenario1,0,RE1,,PWRLFO001,,2038,,,,,,,,,,,,0.0,,,,,
Scenario1,0,RE1,,PWRLFO001,,2039,,,,,,,,,,,,0.0,,,,,
Scenario1,0,RE1,,PWRLFO001,,2040,,,,,,,,,,,,0.0,,,,,
Scenario1,0,RE1,,PWRLFO001,,2041,,,,,,,,,,,,0.0,,,,,
Scenario1,0,RE1,,PWRLFO001,,2042,,,,,,,,,,,,0.0,,,,,
Scenario1,0,RE1,,PWRLFO001,,2043,,,,,,,,,,,,0.0,,,,,
Scenario1,0,RE1,,PWRLFO001,,2044,,,,,,,,,,,,0.0,,,,,
Scenario1,0,RE1,,PWRLFO001,,2045,,,,,,,,,,,,0.0,,,,,
Scenario1,0,RE1,,PWRLFO001,,2046,,,,,,,,,,,,0.0,,,,,
Scenario1,0,RE1,,PWRLFO001,,2047,,,,,,,,,,,,0.0,,,,,
Scenario1,0,RE1,,PWRLFO001,,2048,,,,,,,,,,,,0.0,,,,,
Scenario1,0,RE1,,PWRLFO001,,2049,,,,,,,,,,,,0.0,,,,,
Scenario1,0,RE1,,PWRLFO001,,2050,,,,,,,,,,,,0.0,,,,,
Scenario1,0,RE1,,PWRNGS001,,2019,,,,,,,,,,,,0.0,,,,,
Scenario1,0,RE1,,PWRNGS001,,2020,,,,,,,,,,,,0.0,,,,,
Scenario1,0,RE1,,PWRNGS001,,2021,,,,,,,,,,,,0.0,,,,,
Scenario1,0,RE1,,PWRNGS001,,2022,,,,,,,,,,,,0.0,,,,,
Scenario1,0,RE1,,PWRNGS001,,2023,,,,,,,,,,,,0.0,,,,,
Scenario1,0,RE1,,PWRNGS001,,2024,,,,,,,,,,,,0.0,,,,,
Scenario1,0,RE1,,PWRNGS001,,2025,,,,,,,,,,,,0.0,,,,,
Scenario1,0,RE1,,PWRNGS001,,2026,,,,,,,,,,,,0.0,,,,,
Scenario1,0,RE1,,PWRNGS001,,2027,,,,,,,,,,,,0.0,,,,,
Scenario1,0,RE1,,PWRNGS001,,2028,,,,,,,,,,,,0.0,,,,,
Scenario1,0,RE1,,PWRNGS001,,2029,,,,,,,,,,,,0.0,,,,,
Scenario1,0,RE1,,PWRNGS001,,2030,,,,,,,,,,,,0.0,,,,,
Scenario1,0,RE1,,PWRNGS001,,2031,,,,,,,,,,,,0.0,,,,,
Scenario1,0,RE1,,PWRNGS001,,2032,,,,,,,,,,,,0.0,,,,,
Scenario1,0,RE1,,PWRNGS001,,2033,,,,,,,,,,,,0.0,,,,,
Scenario1,0,RE1,,PWRNGS001,,2034,,,,,,,,,,,,0.0,,,,,
Scenario1,0,RE1,,PWRNGS001,,2035,,,,,,,,,,,,0.0,,,,,
Scenario1,0,RE1,,PWRNGS001,,2036,,,,,,,,,,,,0.0,,,,,
Scenario1,0,RE1,,PWRNGS001,,2037,,,,,,,,,,,,0.0,,,,,
Scenario1,0,RE1,,PWRNGS001,,2038,,,,,,,,,,,,0.0,,,,,
Scenario1,0,RE1,,PWRNGS001,,2039,,,,,,,,,,,,0.0,,,,,
Scenario1,0,RE1,,PWRNGS001,,2040,,,,,,,,,,,,0.0,,,,,
Scenario1,0,RE1,,PWRNGS001,,2041,,,,,,,,,,,,0.0,,,,,
Scenario1,0,RE1,,PWRNGS001,,2042,,,,,,,,,,,,0.0,,,,,
Scenario1,0,RE1,,PWRNGS001,,2043,,,,,,,,,,,,0.0,,,,,
Scenario1,0,RE1,,PWRNGS001,,2044,,,,,,,,,,,,0.0,,,,,
Scenario1,0,RE1,,PWRNGS001,,2045,,,,,,,,,,,,0.0,,,,,
Scenario1,0,RE1,,PWRNGS001,,2046,,,,,,,,,,,,0.0,,,,,
Scenario1,0,RE1,,PWRNGS001,,2047,,,,,,,,,,,,0.0,,,,,
Scenario1,0,RE1,,PWRNGS001,,2048,,,,,,,,,,,,0.0,,,,,
Scenario1,0,RE1,,PWRNGS001,,2049,,,,,,,,,,,,0.0,,,,,
Scenario1,0,RE1,,PWRNGS001,,2050,,,,,,,,,,,,0.0,,,,,
Scenario1,0,RE1,,PWRPHS001,,2019,,,,,,,,,,,,0.0,,,,,
Scenario1,0,RE1,,PWRPHS001,,2020,,,,,,,,,,,,0.0,,,,,
Scenario1,0,RE1,,PWRPHS001,,2021,,,,,,,,,,,,0.0,,,,,
Scenario1,0,RE1,,PWRPHS001,,2022,,,,,,,,,,,,0.0,,,,,
Scenario1,0,RE1,,PWRPHS001,,2023,,,,,,,,,,,,0.0,,,,,
Scenario1,0,RE1,,PWRPHS001,,2024,,,,,,,,,,,,0.0,,,,,
Scenario1,0,RE1,,PWRPHS001,,2025,,,,,,,,,,,,0.0,,,,,
Scenario1,0,RE1,,PWRPHS001,,2026,,,,,,,,,,,,0.0,,,,,
Scenario1,0,RE1,,PWRPHS001,,2027,,,,,,,,,,,,0.0,,,,,
Scenario1,0,RE1,,PWRPHS001,,2028,,,,,,,,,,,,0.0,,,,,
Scenario1,0,RE1,,PWRPHS001,,2029,,,,,,,,,,,,0.0,,,,,
Scenario1,0,RE1,,PWRPHS001,,2030,,,,,,,,,,,,0.0,,,,,
Scenario1,0,RE1,,PWRPHS001,,2031,,,,,,,,,,,,0.0,,,,,
Scenario1,0,RE1,,PWRPHS001,,2032,,,,,,,,,,,,0.0,,,,,
Scenario1,0,RE1,,PWRPHS001,,2033,,,,,,,,,,,,0.0,,,,,
Scenario1,0,RE1,,PWRPHS001,,2034,,,,,,,,,,,,0.16908213939389355,,,,,
Scenario1,0,RE1,,PWRPHS001,,2035,,,,,,,,,,,,0.13091786060610644,,,,,
Scenario1,0,RE1,,PWRPHS001,,2036,,,,,,,,,,,,0.0,,,,,
Scenario1,0,RE1,,PWRPHS001,,2037,,,,,,,,,,,,0.0,,,,,
Scenario1,0,RE1,,PWRPHS001,,2038,,,,,,,,,,,,0.0,,,,,
Scenario1,0,RE1,,PWRPHS001,,2039,,,,,,,,,,,,0.0,,,,,
Scenario1,0,RE1,,PWRPHS001,,2040,,,,,,,,,,,,0.0,,,,,
Scenario1,0,RE1,,PWRPHS001,,2041,,,,,,,,,,,,0.0,,,,,
Scenario1,0,RE1,,PWRPHS001,,2042,,,,,,,,,,,,0.0,,,,,
Scenario1,0,RE1,,PWRPHS001,,2043,,,,,,,,,,,,0.0,,,,,
Scenario1,0,RE1,,PWRPHS001,,2044,,,,,,,,,,,,0.0,,,,,
Scenario1,0,RE1,,PWRPHS001,,2045,,,,,,,,,,,,0.0,,,,,
Scenario1,0,RE1,,PWRPHS001,,2046,,,,,,,,,,,,0.0,,,,,
Scenario1,0,RE1,,PWRPHS001,,2047,,,,,,,,,,,,0.0,,,,,
Scenario1,0,RE1,,PWRPHS001,,2048,,,,,,,,,,,,0.0,,,,,
Scenario1,0,RE1,,PWRPHS001,,2049,,,,,,,,,,,,0.0,,,,,
Scenario1,0,RE1,,PWRPHS001,,2050,,,,,,,,,,,,0.0,,,,,
Scenario1,0,RE1,,PWRPHS002,,2019,,,,,,,,,,,,0.0,,,,,
Scenario1,0,RE1,,PWRPHS002,,2020,,,,,,,,,,,,0.0,,,,,
Scenario1,0,RE1,,PWRPHS002,,2021,,,,,,,,,,,,0.0,,,,,
Scenario1,0,RE1,,PWRPHS002,,2022,,,,,,,,,,,,0.0,,,,,
Scenario1,0,RE1,,PWRPHS002,,2023,,,,,,,,,,,,0.0,,,,,
Scenario1,0,RE1,,PWRPHS002,,2024,,,,,,,,,,,,0.0,,,,,
Scenario1,0,RE1,,PWRPHS002,,2025,,,,,,,,,,,,0.0,,,,,
Scenario1,0,RE1,,PWRPHS002,,2026,,,,,,,,,,,,0.0,,,,,
Scenario1,0,RE1,,PWRPHS002,,2027,,,,,,,,,,,,0.0,,,,,
Scenario1,0,RE1,,PWRPHS002,,2028,,,,,,,,,,,,0.0,,,,,
Scenario1,0,RE1,,PWRPHS002,,2029,,,,,,,,,,,,0.0,,,,,
Scenario1,0,RE1,,PWRPHS002,,2030,,,,,,,,,,,,0.0,,,,,
Scenario1,0,RE1,,PWRPHS002,,2031,,,,,,,,,,,,0.0,,,,,
Scenario1,0,RE1,,PWRPHS002,,2032,,,,,,,,,,,,0.0,,,,,
Scenario1,0,RE1,,PWRPHS002,,2033,,,,,,,,,,,,0.0,,,,,
Scenario1,0,RE1,,PWRPHS002,,2034,,,,,,,,,,,,0.3,,,,,
Scenario1,0,RE1,,PWRPHS002,,2035,,,,,,,,,,,,0.0,,,,,
Scenario1,0,RE1,,PWRPHS002,,2036,,,,,,,,,,,,0.0,,,,,
Scenario1,0,RE1,,PWRPHS002,,2037,,,,,,,,,,,,0.0,,,,,
Scenario1,0,RE1,,PWRPHS002,,2038,,,,,,,,,,,,0.0,,,,,
Scenario1,0,RE1,,PWRPHS002,,2039,,,,,,,,,,,,0.0,,,,,
Scenario1,0,RE1,,PWRPHS002,,2040,,,,,,,,,,,,0.0,,,,,
Scenario1,0,RE1,,PWRPHS002,,2041,,,,,,,,,,,,0.0,,,,,
Scenario1,0,RE1,,PWRPHS002,,2042,,,,,,,,,,,,0.0,,,,,
Scenario1,0,RE1,,PWRPHS002,,2043,,,,,,,,,,,,0.0,,,,,
Scenario1,0,RE1,,PWRPHS002,,2044,,,,,,,,,,,,0.0,,,,,
Scenario1,0,RE1,,PWRPHS002,,2045,,,,,,,,,,,,0.0,,,,,
Scenario1,0,RE1,,PWRPHS002,,2046,,,,,,,,,,,,0.0,,,,,
Scenario1,0,RE1,,PWRPHS002,,2047,,,,,,,,,,,,0.0,,,,,
Scenario1,0,RE1,,PWRPHS002,,2048,,,,,,,,,,,,0.0,,,,,
Scenario1,0,RE1,,PWRPHS002,,2049,,,,,,,,,,,,0.0,,,,,
Scenario1,0,RE1,,PWRPHS002,,2050,,,,,,,,,,,,0.0,,,,,
Scenario1,0,RE1,,PWRSOL001,,2019,,,,,,,,,,,,0.19125,,,,,
Scenario1,0,RE1,,PWRSOL001,,2020,,,,,,,,,,,,0.0,,,,,
Scenario1,0,RE1,,PWRSOL001,,2021,,,,,,,,,,,,0.0,,,,,
Scenario1,0,RE1,,PWRSOL001,,2022,,,,,,,,,,,,0.0,,,,,
Scenario1,0,RE1,,PWRSOL001,,2023,,,,,,,,,,,,0.0,,,,,
Scenario1,0,RE1,,PWRSOL001,,2024,,,,,,,,,,,,0.0,,,,,
Scenario1,0,RE1,,PWRSOL001,,2025,,,,,,,,,,,,0.0,,,,,
Scenario1,0,RE1,,PWRSOL001,,2026,,,,,,,,,,,,0.0,,,,,
Scenario1,0,RE1,,PWRSOL001,,2027,,,,,,,,,,,,0.0,,,,,
Scenario1,0,RE1,,PWRSOL001,,2028,,,,,,,,,,,,0.0,,,,,
Scenario1,0,RE1,,PWRSOL001,,2029,,,,,,,,,,,,0.0,,,,,
Scenario1,0,RE1,,PWRSOL001,,2030,,,,,,,,,,,,0.0,,,,,
Scenario1,0,RE1,,PWRSOL001,,2031,,,,,,,,,,,,0.0,,,,,
Scenario1,0,RE1,,PWRSOL001,,2032,,,,,,,,,,,,0.0,,,,,
Scenario1,0,RE1,,PWRSOL001,,2033,,,,,,,,,,,,0.0,,,,,
Scenario1,0,RE1,,PWRSOL001,,2034,,,,,,,,,,,,0.0,,,,,
Scenario1,0,RE1,,PWRSOL001,,2035,,,,,,,,,,,,0.0,,,,,
Scenario1,0,RE1,,PWRSOL001,,2036,,,,,,,,,,,,0.0,,,,,
Scenario1,0,RE1,,PWRSOL001,,2037,,,,,,,,,,,,0.0,,,,,
Scenario1,0,RE1,,PWRSOL001,,2038,,,,,,,,,,,,0.05024999999999999,,,,,
Scenario1,0,RE1,,PWRSOL001,,2039,,,,,,,,,,,,0.0,,,,,
Scenario1,0,RE1,,PWRSOL001,,2040,,,,,,,,,,,,0.0,,,,,
Scenario1,0,RE1,,PWRSOL001,,2041,,,,,,,,,,,,0.0,,,,,
Scenario1,0,RE1,,PWRSOL001,,2042,,,,,,,,,,,,0.0,,,,,
Scenario1,0,RE1,,PWRSOL001,,2043,,,,,,,,,,,,0.0,,,,,
Scenario1,0,RE1,,PWRSOL001,,2044,,,,,,,,,,,,0.0,,,,,
Scenario1,0,RE1,,PWRSOL001,,2045,,,,,,,,,,,,0.0,,,,,
Scenario1,0,RE1,,PWRSOL001,,2046,,,,,,,,,,,,0.0,,,,,
Scenario1,0,RE1,,PWRSOL001,,2047,,,,,,,,,,,,0.0,,,,,
Scenario1,0,RE1,,PWRSOL001,,2048,,,,,,,,,,,,0.0,,,,,
Scenario1,0,RE1,,PWRSOL001,,2049,,,,,,,,,,,,0.0,,,,,
Scenario1,0,RE1,,PWRSOL001,,2050,,,,,,,,,,,,0.0,,,,,
Scenario1,0,RE1,,PWRSOL002,,2019,,,,,,,,,,,,0.0,,,,,
Scenario1,0,RE1,,PWRSOL002,,2020,,,,,,,,,,,,0.0,,,,,
Scenario1,0,RE1,,PWRSOL002,,2021,,,,,,,,,,,,0.0,,,,,
Scenario1,0,RE1,,PWRSOL002,,2022,,,,,,,,,,,,0.0,,,,,
Scenario1,0,RE1,,PWRSOL002,,2023,,,,,,,,,,,,0.0,,,,,
Scenario1,0,RE1,,PWRSOL002,,2024,,,,,,,,,,,,0.0,,,,,
Scenario1,0,RE1,,PWRSOL002,,2025,,,,,,,,,,,,0.0,,,,,
Scenario1,0,RE1,,PWRSOL002,,2026,,,,,,,,,,,,0.0,,,,,
Scenario1,0,RE1,,PWRSOL002,,2027,,,,,,,,,,,,0.0,,,,,
Scenario1,0,RE1,,PWRSOL002,,2028,,,,,,,,,,,,0.0,,,,,
Scenario1,0,RE1,,PWRSOL002,,2029,,,,,,,,,,,,0.0,,,,,
Scenario1,0,RE1,,PWRSOL002,,2030,,,,,,,,,,,,0.0,,,,,
Scenario1,0,RE1,,PWRSOL002,,2031,,,,,,,,,,,,0.0,,,,,
Scenario1,0,RE1,,PWRSOL002,,2032,,,,,,,,,,,,0.0,,,,,
Scenario1,0,RE1,,PWRSOL002,,2033,,,,,,,,,,,,0.0,,,,,
Scenario1,0,RE1,,PWRSOL002,,2034,,,,,,,,,,,,0.0,,,,,
Scenario1,0,RE1,,PWRSOL002,,2035,,,,,,,,,,,,0.0,,,,,
Scenario1,0,RE1,,PWRSOL002,,2036,,,,,,,,,,,,0.0,,,,,
Scenario1,0,RE1,,PWRSOL002,,2037,,,,,,,,,,,,0.0,,,,,
Scenario1,0,RE1,,PWRSOL002,,2038,,,,,,,,,,,,0.0,,,,,
Scenario1,0,RE1,,PWRSOL002,,2039,,,,,,,,,,,,0.0,,,,,
Scenario1,0,RE1,,PWRSOL002,,2040,,,,,,,,,,,,0.0,,,,,
Scenario1,0,RE1,,PWRSOL002,,2041,,,,,,,,,,,,0.0,,,,,
Scenario1,0,RE1,,PWRSOL002,,2042,,,,,,,,,,,,0.0,,,,,
Scenario1,0,RE1,,PWRSOL002,,2043,,,,,,,,,,,,0.0,,,,,
Scenario1,0,RE1,,PWRSOL002,,2044,,,,,,,,,,,,0.0,,,,,
Scenario1,0,RE1,,PWRSOL002,,2045,,,,,,,,,,,,0.0,,,,,
Scenario1,0,RE1,,PWRSOL002,,2046,,,,,,,,,,,,0.0,,,,,
Scenario1,0,RE1,,PWRSOL002,,2047,,,,,,,,,,,,0.0,,,,,
Scenario1,0,RE1,,PWRSOL002,,2048,,,,,,,,,,,,0.0,,,,,
Scenario1,0,RE1,,PWRSOL002,,2049,,,,,,,,,,,,0.0,,,,,
Scenario1,0,RE1,,PWRSOL002,,2050,,,,,,,,,,,,0.0,,,,,
Scenario1,0,RE1,,PWRTRN,,2019,,,,,,,,,,,,0.38916601733284817,,,,,
Scenario1,0,RE1,,PWRTRN,,2020,,,,,,,,,,,,0.034395824232663186,,,,,
Scenario1,0,RE1,,PWRTRN,,2021,,,,,,,,,,,,0.0886021821192764,,,,,
Scenario1,0,RE1,,PWRTRN,,2022,,,,,,,,,,,,0.06746988945188548,,,,,
Scenario1,0,RE1,,PWRTRN,,2023,,,,,,,,,,,,0.0632258165810633,,,,,
Scenario1,0,RE1,,PWRTRN,,2024,,,,,,,,,,,,0.07363441380862268,,,,,
Scenario1,0,RE1,,PWRTRN,,2025,,,,,,,,,,,,0.08026228591246598,,,,,
Scenario1,0,RE1,,PWRTRN,,2026,,,,,,,,,,,,0.08408864786869286,,,,,
Scenario1,0,RE1,,PWRTRN,,2027,,,,,,,,,,,,0.1390358575990014,,,,,
Scenario1,0,RE1,,PWRTRN,,2028,,,,,,,,,,,,0.14716918736347973,,,,,
Scenario1,0,RE1,,PWRTRN,,2029,,,,,,,,,,,,0.16832106758583,,,,,
Scenario1,0,RE1,,PWRTRN,,2030,,,,,,,,,,,,0.18063381861935435,,,,,
Scenario1,0,RE1,,PWRTRN,,2031,,,,,,,,,,,,0.1687064402879943,,,,,
Scenario1,0,RE1,,PWRTRN,,2032,,,,,,,,,,,,0.18726199819806721,,,,,
Scenario1,0,RE1,,PWRTRN,,2033,,,,,,,,,,,,0.18984403867598898,,,,,
Scenario1,0,RE1,,PWRTRN,,2034,,,,,,,,,,,,0.20200928363633608,,,,,
Scenario1,0,RE1,,PWRTRN,,2035,,,,,,,,,,,,0.2125644528585906,,,,,
Scenario1,0,RE1,,PWRTRN,,2036,,,,,,,,,,,,0.21556196215218737,,,,,
Scenario1,0,RE1,,PWRTRN,,2037,,,,,,,,,,,,0.24262887588609772,,,,,
Scenario1,0,RE1,,PWRTRN,,2038,,,,,,,,,,,,0.25282384244619927,,,,,
Scenario1,0,RE1,,PWRTRN,,2039,,,,,,,,,,,,0.2673472895693578,,,,,
Scenario1,0,RE1,,PWRTRN,,2040,,,,,,,,,,,,0.283606989699817,,,,,
Scenario1,0,RE1,,PWRTRN,,2041,,,,,,,,,,,,0.29889826679910314,,,,,
Scenario1,0,RE1,,PWRTRN,,2042,,,,,,,,,,,,0.30951273972869053,,,,,
Scenario1,0,RE1,,PWRTRN,,2043,,,,,,,,,,,,0.3301882972336636,,,,,
Scenario1,0,RE1,,PWRTRN,,2044,,,,,,,,,,,,0.3478839254926567,,,,,
Scenario1,0,RE1,,PWRTRN,,2045,,,,,,,,,,,,0.3679893753258292,,,,,
Scenario1,0,RE1,,PWRTRN,,2046,,,,,,,,,,,,0.388503895505111,,,,,
Scenario1,0,RE1,,PWRTRN,,2047,,,,,,,,,,,,0.40934283050360865,,,,,
Scenario1,0,RE1,,PWRTRN,,2048,,,,,,,,,,,,0.43299302365649384,,,,,
Scenario1,0,RE1,,PWRTRN,,2049,,,,,,,,,,,,0.4571376523289139,,,,,
Scenario1,0,RE1,,PWRTRN,,2050,,,,,,,,,,,,0.4816545030656574,,,,,
Scenario1,0,RE1,,PWRURN001,,2019,,,,,,,,,,,,0.0,,,,,
Scenario1,0,RE1,,PWRURN001,,2020,,,,,,,,,,,,0.0,,,,,
Scenario1,0,RE1,,PWRURN001,,2021,,,,,,,,,,,,0.0,,,,,
Scenario1,0,RE1,,PWRURN001,,2022,,,,,,,,,,,,0.0,,,,,
Scenario1,0,RE1,,PWRURN001,,2023,,,,,,,,,,,,0.0,,,,,
Scenario1,0,RE1,,PWRURN001,,2024,,,,,,,,,,,,0.0,,,,,
Scenario1,0,RE1,,PWRURN001,,2025,,,,,,,,,,,,0.0,,,,,
Scenario1,0,RE1,,PWRURN001,,2026,,,,,,,,,,,,0.0,,,,,
Scenario1,0,RE1,,PWRURN001,,2027,,,,,,,,,,,,0.0,,,,,
Scenario1,0,RE1,,PWRURN001,,2028,,,,,,,,,,,,0.0,,,,,
Scenario1,0,RE1,,PWRURN001,,2029,,,,,,,,,,,,0.0,,,,,
Scenario1,0,RE1,,PWRURN001,,2030,,,,,,,,,,,,0.0,,,,,
Scenario1,0,RE1,,PWRURN001,,2031,,,,,,,,,,,,0.0,,,,,
Scenario1,0,RE1,,PWRURN001,,2032,,,,,,,,,,,,0.0,,,,,
Scenario1,0,RE1,,PWRURN001,,2033,,,,,,,,,,,,0.0,,,,,
Scenario1,0,RE1,,PWRURN001,,2034,,,,,,,,,,,,0.0,,,,,
Scenario1,0,RE1,,PWRURN001,,2035,,,,,,,,,,,,0.0,,,,,
Scenario1,0,RE1,,PWRURN001,,2036,,,,,,,,,,,,0.0,,,,,
Scenario1,0,RE1,,PWRURN001,,2037,,,,,,,,,,,,0.0,,,,,
Scenario1,0,RE1,,PWRURN001,,2038,,,,,,,,,,,,0.0,,,,,
Scenario1,0,RE1,,PWRURN001,,2039,,,,,,,,,,,,0.0,,,,,
Scenario1,0,RE1,,PWRURN001,,2040,,,,,,,,,,,,0.0,,,,,
Scenario1,0,RE1,,PWRURN001,,2041,,,,,,,,,,,,0.1885885196328191,,,,,
Scenario1,0,RE1,,PWRURN001,,2042,,,,,,,,,,,,0.10271148036718089,,,,,
Scenario1,0,RE1,,PWRURN001,,2043,,,,,,,,,,,,0.0,,,,,
Scenario1,0,RE1,,PWRURN001,,2044,,,,,,,,,,,,0.0,,,,,
Scenario1,0,RE1,,PWRURN001,,2045,,,,,,,,,,,,0.2913,,,,,
Scenario1,0,RE1,,PWRURN001,,2046,,,,,,,,,,,,0.0,,,,,
Scenario1,0,RE1,,PWRURN001,,2047,,,,,,,,,,,,0.0,,,,,
Scenario1,0,RE1,,PWRURN001,,2048,,,,,,,,,,,,0.0,,,,,
Scenario1,0,RE1,,PWRURN001,,2049,,,,,,,,,,,,0.2913,,,,,
Scenario1,0,RE1,,PWRURN001,,2050,,,,,,,,,,,,0.0,,,,,
Scenario1,0,RE1,,PWRWND001,,2019,,,,,,,,,,,,0.0,,,,,
Scenario1,0,RE1,,PWRWND001,,2020,,,,,,,,,,,,0.0,,,,,
Scenario1,0,RE1,,PWRWND001,,2021,,,,,,,,,,,,0.0,,,,,
Scenario1,0,RE1,,PWRWND001,,2022,,,,,,,,,,,,0.0,,,,,
Scenario1,0,RE1,,PWRWND001,,2023,,,,,,,,,,,,0.0,,,,,
Scenario1,0,RE1,,PWRWND001,,2024,,,,,,,,,,,,0.0,,,,,
Scenario1,0,RE1,,PWRWND001,,2025,,,,,,,,,,,,0.0,,,,,
Scenario1,0,RE1,,PWRWND001,,2026,,,,,,,,,,,,0.0,,,,,
Scenario1,0,RE1,,PWRWND001,,2027,,,,,,,,,,,,0.0,,,,,
Scenario1,0,RE1,,PWRWND001,,2028,,,,,,,,,,,,0.0,,,,,
Scenario1,0,RE1,,PWRWND001,,2029,,,,,,,,,,,,0.0,,,,,
Scenario1,0,RE1,,PWRWND001,,2030,,,,,,,,,,,,0.0,,,,,
Scenario1,0,RE1,,PWRWND001,,2031,,,,,,,,,,,,0.0,,,,,
Scenario1,0,RE1,,PWRWND001,,2032,,,,,,,,,,,,0.0,,,,,
Scenario1,0,RE1,,PWRWND001,,2033,,,,,,,,,,,,0.0,,,,,
Scenario1,0,RE1,,PWRWND001,,2034,,,,,,,,,,,,0.0,,,,,
Scenario1,0,RE1,,PWRWND001,,2035,,,,,,,,,,,,0.0,,,,,
Scenario1,0,RE1,,PWRWND001,,2036,,,,,,,,,,,,0.0,,,,,
Scenario1,0,RE1,,PWRWND001,,2037,,,,,,,,,,,,0.0,,,,,
Scenario1,0,RE1,,PWRWND001,,2038,,,,,,,,,,,,0.0,,,,,
Scenario1,0,RE1,,PWRWND001,,2039,,,,,,,,,,,,0.0,,,,,
Scenario1,0,RE1,,PWRWND001,,2040,,,,,,,,,,,,0.0,,,,,
Scenario1,0,RE1,,PWRWND001,,2041,,,,,,,,,,,,0.0,,,,,
Scenario1,0,RE1,,PWRWND001,,2042,,,,,,,,,,,,0.0,,,,,
Scenario1,0,RE1,,PWRWND001,,2043,,,,,,,,,,,,0.0,,,,,
Scenario1,0,RE1,,PWRWND001,,2044,,,,,,,,,,,,0.0,,,,,
Scenario1,0,RE1,,PWRWND001,,2045,,,,,,,,,,,,0.0,,,,,
Scenario1,0,RE1,,PWRWND001,,2046,,,,,,,,,,,,0.0,,,,,
Scenario1,0,RE1,,PWRWND001,,2047,,,,,,,,,,,,0.0,,,,,
Scenario1,0,RE1,,PWRWND001,,2048,,,,,,,,,,,,0.0,,,,,
Scenario1,0,RE1,,PWRWND001,,2049,,,,,,,,,,,,0.0,,,,,
Scenario1,0,RE1,,PWRWND001,,2050,,,,,,,,,,,,0.0,,,,,
Scenario1,0,RE1,,PWRWND002,,2019,,,,,,,,,,,,0.0,,,,,
Scenario1,0,RE1,,PWRWND002,,2020,,,,,,,,,,,,0.0,,,,,
Scenario1,0,RE1,,PWRWND002,,2021,,,,,,,,,,,,0.0,,,,,
Scenario1,0,RE1,,PWRWND002,,2022,,,,,,,,,,,,0.0,,,,,
Scenario1,0,RE1,,PWRWND002,,2023,,,,,,,,,,,,0.0,,,,,
Scenario1,0,RE1,,PWRWND002,,2024,,,,,,,,,,,,0.0,,,,,
Scenario1,0,RE1,,PWRWND002,,2025,,,,,,,,,,,,0.0,,,,,
Scenario1,0,RE1,,PWRWND002,,2026,,,,,,,,,,,,0.0,,,,,
Scenario1,0,RE1,,PWRWND002,,2027,,,,,,,,,,,,0.0,,,,,
Scenario1,0,RE1,,PWRWND002,,2028,,,,,,,,,,,,0.0,,,,,
Scenario1,0,RE1,,PWRWND002,,2029,,,,,,,,,,,,0.0,,,,,
Scenario1,0,RE1,,PWRWND002,,2030,,,,,,,,,,,,0.0,,,,,
Scenario1,0,RE1,,PWRWND002,,2031,,,,,,,,,,,,0.0,,,,,
Scenario1,0,RE1,,PWRWND002,,2032,,,,,,,,,,,,0.0,,,,,
Scenario1,0,RE1,,PWRWND002,,2033,,,,,,,,,,,,0.0,,,,,
Scenario1,0,RE1,,PWRWND002,,2034,,,,,,,,,,,,0.0,,,,,
Scenario1,0,RE1,,PWRWND002,,2035,,,,,,,,,,,,0.0,,,,,
Scenario1,0,RE1,,PWRWND002,,2036,,,,,,,,,,,,0.0,,,,,
Scenario1,0,RE1,,PWRWND002,,2037,,,,,,,,,,,,0.0,,,,,
Scenario1,0,RE1,,PWRWND002,,2038,,,,,,,,,,,,0.0,,,,,
Scenario1,0,RE1,,PWRWND002,,2039,,,,,,,,,,,,0.0,,,,,
Scenario1,0,RE1,,PWRWND002,,2040,,,,,,,,,,,,0.0,,,,,
Scenario1,0,RE1,,PWRWND002,,2041,,,,,,,,,,,,0.0,,,,,
Scenario1,0,RE1,,PWRWND002,,2042,,,,,,,,,,,,0.0,,,,,
Scenario1,0,RE1,,PWRWND002,,2043,,,,,,,,,,,,0.0,,,,,
Scenario1,0,RE1,,PWRWND002,,2044,,,,,,,,,,,,0.0,,,,,
Scenario1,0,RE1,,PWRWND002,,2045,,,,,,,,,,,,0.0,,,,,
Scenario1,0,RE1,,PWRWND002,,2046,,,,,,,,,,,,0.0,,,,,
Scenario1,0,RE1,,PWRWND002,,2047,,,,,,,,,,,,0.0,,,,,
Scenario1,0,RE1,,PWRWND002,,2048,,,,,,,,,,,,0.0,,,,,
Scenario1,0,RE1,,PWRWND002,,2049,,,,,,,,,,,,0.0,,,,,
Scenario1,0,RE1,,PWRWND002,,2050,,,,,,,,,,,,0.0,,,,,
Scenario1,0,RE1,,PWRWND003,,2019,,,,,,,,,,,,0.0,,,,,
Scenario1,0,RE1,,PWRWND003,,2020,,,,,,,,,,,,0.0,,,,,
Scenario1,0,RE1,,PWRWND003,,2021,,,,,,,,,,,,0.0,,,,,
Scenario1,0,RE1,,PWRWND003,,2022,,,,,,,,,,,,0.0,,,,,
Scenario1,0,RE1,,PWRWND003,,2023,,,,,,,,,,,,0.0,,,,,
Scenario1,0,RE1,,PWRWND003,,2024,,,,,,,,,,,,0.0,,,,,
Scenario1,0,RE1,,PWRWND003,,2025,,,,,,,,,,,,0.0,,,,,
Scenario1,0,RE1,,PWRWND003,,2026,,,,,,,,,,,,0.0,,,,,
Scenario1,0,RE1,,PWRWND003,,2027,,,,,,,,,,,,0.0,,,,,
Scenario1,0,RE1,,PWRWND003,,2028,,,,,,,,,,,,0.0,,,,,
Scenario1,0,RE1,,PWRWND003,,2029,,,,,,,,,,,,0.0,,,,,
Scenario1,0,RE1,,PWRWND003,,2030,,,,,,,,,,,,0.0,,,,,
Scenario1,0,RE1,,PWRWND003,,2031,,,,,,,,,,,,0.0,,,,,
Scenario1,0,RE1,,PWRWND003,,2032,,,,,,,,,,,,0.0,,,,,
Scenario1,0,RE1,,PWRWND003,,2033,,,,,,,,,,,,0.0,,,,,
Scenario1,0,RE1,,PWRWND003,,2034,,,,,,,,,,,,0.0,,,,,
Scenario1,0,RE1,,PWRWND003,,2035,,,,,,,,,,,,0.0,,,,,
Scenario1,0,RE1,,PWRWND003,,2036,,,,,,,,,,,,0.0,,,,,
Scenario1,0,RE1,,PWRWND003,,2037,,,,,,,,,,,,0.0,,,,,
Scenario1,0,RE1,,PWRWND003,,2038,,,,,,,,,,,,0.0,,,,,
Scenario1,0,RE1,,PWRWND003,,2039,,,,,,,,,,,,0.0,,,,,
Scenario1,0,RE1,,PWRWND003,,2040,,,,,,,,,,,,0.0,,,,,
Scenario1,0,RE1,,PWRWND003,,2041,,,,,,,,,,,,0.0,,,,,
Scenario1,0,RE1,,PWRWND003,,2042,,,,,,,,,,,,0.0,,,,,
Scenario1,0,RE1,,PWRWND003,,2043,,,,,,,,,,,,0.0,,,,,
Scenario1,0,RE1,,PWRWND003,,2044,,,,,,,,,,,,0.0,,,,,
Scenario1,0,RE1,,PWRWND003,,2045,,,,,,,,,,,,0.0,,,,,
Scenario1,0,RE1,,PWRWND003,,2046,,,,,,,,,,,,0.028217727135224052,,,,,
Scenario1,0,RE1,,PWRWND003,,2047,,,,,,,,,,,,0.22659137425772877,,,,,
Scenario1,0,RE1,,PWRWND003,,2048,,,,,,,,,,,,0.14679082107341773,,,,,
Scenario1,0,RE1,,PWRWND003,,2049,,,,,,,,,,,,0.0,,,,,
Scenario1,0,RE1,,PWRWND003,,2050,,,,,,,,,,,,0.0,,,,,
Scenario1,0,RE1,,PWRWND004,,2019,,,,,,,,,,,,0.0,,,,,
Scenario1,0,RE1,,PWRWND004,,2020,,,,,,,,,,,,0.0,,,,,
Scenario1,0,RE1,,PWRWND004,,2021,,,,,,,,,,,,0.0,,,,,
Scenario1,0,RE1,,PWRWND004,,2022,,,,,,,,,,,,0.0,,,,,
Scenario1,0,RE1,,PWRWND004,,2023,,,,,,,,,,,,0.0,,,,,
Scenario1,0,RE1,,PWRWND004,,2024,,,,,,,,,,,,0.0,,,,,
Scenario1,0,RE1,,PWRWND004,,2025,,,,,,,,,,,,0.0,,,,,
Scenario1,0,RE1,,PWRWND004,,2026,,,,,,,,,,,,0.0,,,,,
Scenario1,0,RE1,,PWRWND004,,2027,,,,,,,,,,,,0.0,,,,,
Scenario1,0,RE1,,PWRWND004,,2028,,,,,,,,,,,,0.0,,,,,
Scenario1,0,RE1,,PWRWND004,,2029,,,,,,,,,,,,0.0,,,,,
Scenario1,0,RE1,,PWRWND004,,2030,,,,,,,,,,,,0.0,,,,,
Scenario1,0,RE1,,PWRWND004,,2031,,,,,,,,,,,,0.0,,,,,
Scenario1,0,RE1,,PWRWND004,,2032,,,,,,,,,,,,0.0,,,,,
Scenario1,0,RE1,,PWRWND004,,2033,,,,,,,,,,,,0.0,,,,,
Scenario1,0,RE1,,PWRWND004,,2034,,,,,,,,,,,,0.024225709505385693,,,,,
Scenario1,0,RE1,,PWRWND004,,2035,,,,,,,,,,,,0.0,,,,,
Scenario1,0,RE1,,PWRWND004,,2036,,,,,,,,,,,,0.0,,,,,
Scenario1,0,RE1,,PWRWND004,,2037,,,,,,,,,,,,0.0,,,,,
Scenario1,0,RE1,,PWRWND004,,2038,,,,,,,,,,,,0.19769719595090662,,,,,
Scenario1,0,RE1,,PWRWND004,,2039,,,,,,,,,,,,0.0,,,,,
Scenario1,0,RE1,,PWRWND004,,2040,,,,,,,,,,,,0.0,,,,,
Scenario1,0,RE1,,PWRWND004,,2041,,,,,,,,,,,,0.3571589993056125,,,,,
Scenario1,0,RE1,,PWRWND004,,2042,,,,,,,,,,,,0.029738948318664193,,,,,
Scenario1,0,RE1,,PWRWND004,,2043,,,,,,,,,,,,0.03461658767772502,,,,,
Scenario1,0,RE1,,PWRWND004,,2044,,,,,,,,,,,,0.03658388625592446,,,,,
Scenario1,0,RE1,,PWRWND004,,2045,,,,,,,,,,,,0.038664454976302665,,,,,
Scenario1,0,RE1,,PWRWND004,,2046,,,,,,,,,,,,0.040862559241706564,,,,,
Scenario1,0,RE1,,PWRWND004,,2047,,,,,,,,,,,,0.04318625592417058,,,,,
Scenario1,0,RE1,,PWRWND004,,2048,,,,,,,,,,,,0.045641706161137385,,,,,
Scenario1,0,RE1,,PWRWND004,,2049,,,,,,,,,,,,0.048236966824644734,,,,,
Scenario1,0,RE1,,PWRWND004,,2050,,,,,,,,,,,,0.05097914691943162,,,,,
Scenario1,0,RE1,,PWRWND005,,2019,,,,,,,,,,,,0.0,,,,,
Scenario1,0,RE1,,PWRWND005,,2020,,,,,,,,,,,,0.0,,,,,
Scenario1,0,RE1,,PWRWND005,,2021,,,,,,,,,,,,0.0,,,,,
Scenario1,0,RE1,,PWRWND005,,2022,,,,,,,,,,,,0.0,,,,,
Scenario1,0,RE1,,PWRWND005,,2023,,,,,,,,,,,,0.0,,,,,
Scenario1,0,RE1,,PWRWND005,,2024,,,,,,,,,,,,0.0,,,,,
Scenario1,0,RE1,,PWRWND005,,2025,,,,,,,,,,,,0.0,,,,,
Scenario1,0,RE1,,PWRWND005,,2026,,,,,,,,,,,,0.0,,,,,
Scenario1,0,RE1,,PWRWND005,,2027,,,,,,,,,,,,0.0,,,,,
Scenario1,0,RE1,,PWRWND005,,2028,,,,,,,,,,,,0.0,,,,,
Scenario1,0,RE1,,PWRWND005,,2029,,,,,,,,,,,,0.0,,,,,
Scenario1,0,RE1,,PWRWND005,,2030,,,,,,,,,,,,0.0,,,,,
Scenario1,0,RE1,,PWRWND005,,2031,,,,,,,,,,,,0.0,,,,,
Scenario1,0,RE1,,PWRWND005,,2032,,,,,,,,,,,,0.0,,,,,
Scenario1,0,RE1,,PWRWND005,,2033,,,,,,,,,,,,0.0,,,,,
Scenario1,0,RE1,,PWRWND005,,2034,,,,,,,,,,,,0.0,,,,,
Scenario1,0,RE1,,PWRWND005,,2035,,,,,,,,,,,,0.0,,,,,
Scenario1,0,RE1,,PWRWND005,,2036,,,,,,,,,,,,0.0,,,,,
Scenario1,0,RE1,,PWRWND005,,2037,,,,,,,,,,,,0.0,,,,,
Scenario1,0,RE1,,PWRWND005,,2038,,,,,,,,,,,,0.0,,,,,
Scenario1,0,RE1,,PWRWND005,,2039,,,,,,,,,,,,0.0,,,,,
Scenario1,0,RE1,,PWRWND005,,2040,,,,,,,,,,,,0.0,,,,,
Scenario1,0,RE1,,PWRWND005,,2041,,,,,,,,,,,,0.0,,,,,
Scenario1,0,RE1,,PWRWND005,,2042,,,,,,,,,,,,0.0,,,,,
Scenario1,0,RE1,,PWRWND005,,2043,,,,,,,,,,,,0.0,,,,,
Scenario1,0,RE1,,PWRWND005,,2044,,,,,,,,,,,,0.0,,,,,
Scenario1,0,RE1,,PWRWND005,,2045,,,,,,,,,,,,0.0,,,,,
Scenario1,0,RE1,,PWRWND005,,2046,,,,,,,,,,,,0.0,,,,,
Scenario1,0,RE1,,PWRWND005,,2047,,,,,,,,,,,,0.0,,,,,
Scenario1,0,RE1,,PWRWND005,,2048,,,,,,,,,,,,0.0,,,,,
Scenario1,0,RE1,,PWRWND005,,2049,,,,,,,,,,,,0.0,,,,,
Scenario1,0,RE1,,PWRWND005,,2050,,,,,,,,,,,,0.0,,,,,
Scenario1,0,RE1,,PWRWND006,,2019,,,,,,,,,,,,0.0,,,,,
Scenario1,0,RE1,,PWRWND006,,2020,,,,,,,,,,,,0.0,,,,,
Scenario1,0,RE1,,PWRWND006,,2021,,,,,,,,,,,,0.0,,,,,
Scenario1,0,RE1,,PWRWND006,,2022,,,,,,,,,,,,0.0,,,,,
Scenario1,0,RE1,,PWRWND006,,2023,,,,,,,,,,,,0.0,,,,,
Scenario1,0,RE1,,PWRWND006,,2024,,,,,,,,,,,,0.0,,,,,
Scenario1,0,RE1,,PWRWND006,,2025,,,,,,,,,,,,0.0,,,,,
Scenario1,0,RE1,,PWRWND006,,2026,,,,,,,,,,,,0.0,,,,,
Scenario1,0,RE1,,PWRWND006,,2027,,,,,,,,,,,,0.0,,,,,
Scenario1,0,RE1,,PWRWND006,,2028,,,,,,,,,,,,0.0,,,,,
Scenario1,0,RE1,,PWRWND006,,2029,,,,,,,,,,,,0.0,,,,,
Scenario1,0,RE1,,PWRWND006,,2030,,,,,,,,,,,,0.0,,,,,
Scenario1,0,RE1,,PWRWND006,,2031,,,,,,,,,,,,0.0,,,,,
Scenario1,0,RE1,,PWRWND006,,2032,,,,,,,,,,,,0.0,,,,,
Scenario1,0,RE1,,PWRWND006,,2033,,,,,,,,,,,,0.0,,,,,
Scenario1,0,RE1,,PWRWND006,,2034,,,,,,,,,,,,0.0,,,,,
Scenario1,0,RE1,,PWRWND006,,2035,,,,,,,,,,,,0.0,,,,,
Scenario1,0,RE1,,PWRWND006,,2036,,,,,,,,,,,,0.0,,,,,
Scenario1,0,RE1,,PWRWND006,,2037,,,,,,,,,,,,0.0,,,,,
Scenario1,0,RE1,,PWRWND006,,2038,,,,,,,,,,,,0.0,,,,,
Scenario1,0,RE1,,PWRWND006,,2039,,,,,,,,,,,,0.0,,,,,
Scenario1,0,RE1,,PWRWND006,,2040,,,,,,,,,,,,0.0,,,,,
Scenario1,0,RE1,,PWRWND006,,2041,,,,,,,,,,,,0.0,,,,,
Scenario1,0,RE1,,PWRWND006,,2042,,,,,,,,,,,,0.0,,,,,
Scenario1,0,RE1,,PWRWND006,,2043,,,,,,,,,,,,0.0,,,,,
Scenario1,0,RE1,,PWRWND006,,2044,,,,,,,,,,,,0.0,,,,,
Scenario1,0,RE1,,PWRWND006,,2045,,,,,,,,,,,,0.0,,,,,
Scenario1,0,RE1,,PWRWND006,,2046,,,,,,,,,,,,0.0,,,,,
Scenario1,0,RE1,,PWRWND006,,2047,,,,,,,,,,,,0.0,,,,,
Scenario1,0,RE1,,PWRWND006,,2048,,,,,,,,,,,,0.0,,,,,
Scenario1,0,RE1,,PWRWND006,,2049,,,,,,,,,,,,0.0,,,,,
Scenario1,0,RE1,,PWRWND006,,2050,,,,,,,,,,,,0.0,,,,,
Scenario1,0,RE1,,PWRWND007,,2019,,,,,,,,,,,,0.0,,,,,
Scenario1,0,RE1,,PWRWND007,,2020,,,,,,,,,,,,0.0,,,,,
Scenario1,0,RE1,,PWRWND007,,2021,,,,,,,,,,,,0.0,,,,,
Scenario1,0,RE1,,PWRWND007,,2022,,,,,,,,,,,,0.0,,,,,
Scenario1,0,RE1,,PWRWND007,,2023,,,,,,,,,,,,0.0,,,,,
Scenario1,0,RE1,,PWRWND007,,2024,,,,,,,,,,,,0.0,,,,,
Scenario1,0,RE1,,PWRWND007,,2025,,,,,,,,,,,,0.0,,,,,
Scenario1,0,RE1,,PWRWND007,,2026,,,,,,,,,,,,0.0,,,,,
Scenario1,0,RE1,,PWRWND007,,2027,,,,,,,,,,,,0.0,,,,,
Scenario1,0,RE1,,PWRWND007,,2028,,,,,,,,,,,,0.0,,,,,
Scenario1,0,RE1,,PWRWND007,,2029,,,,,,,,,,,,0.0,,,,,
Scenario1,0,RE1,,PWRWND007,,2030,,,,,,,,,,,,0.0,,,,,
Scenario1,0,RE1,,PWRWND007,,2031,,,,,,,,,,,,0.0,,,,,
Scenario1,0,RE1,,PWRWND007,,2032,,,,,,,,,,,,0.0,,,,,
Scenario1,0,RE1,,PWRWND007,,2033,,,,,,,,,,,,0.0,,,,,
Scenario1,0,RE1,,PWRWND007,,2034,,,,,,,,,,,,0.0,,,,,
Scenario1,0,RE1,,PWRWND007,,2035,,,,,,,,,,,,0.0,,,,,
Scenario1,0,RE1,,PWRWND007,,2036,,,,,,,,,,,,0.0,,,,,
Scenario1,0,RE1,,PWRWND007,,2037,,,,,,,,,,,,0.0,,,,,
Scenario1,0,RE1,,PWRWND007,,2038,,,,,,,,,,,,0.0,,,,,
Scenario1,0,RE1,,PWRWND007,,2039,,,,,,,,,,,,0.0,,,,,
Scenario1,0,RE1,,PWRWND007,,2040,,,,,,,,,,,,0.0,,,,,
Scenario1,0,RE1,,PWRWND007,,2041,,,,,,,,,,,,0.0,,,,,
Scenario1,0,RE1,,PWRWND007,,2042,,,,,,,,,,,,0.0,,,,,
Scenario1,0,RE1,,PWRWND007,,2043,,,,,,,,,,,,0.0,,,,,
Scenario1,0,RE1,,PWRWND007,,2044,,,,,,,,,,,,0.0,,,,,
Scenario1,0,RE1,,PWRWND007,,2045,,,,,,,,,,,,0.0,,,,,
Scenario1,0,RE1,,PWRWND007,,2046,,,,,,,,,,,,0.0,,,,,
Scenario1,0,RE1,,PWRWND007,,2047,,,,,,,,,,,,0.0,,,,,
Scenario1,0,RE1,,PWRWND007,,2048,,,,,,,,,,,,0.0,,,,,
Scenario1,0,RE1,,PWRWND007,,2049,,,,,,,,,,,,0.0,,,,,
Scenario1,0,RE1,,PWRWND007,,2050,,,,,,,,,,,,0.0,,,,,
Scenario1,0,RE1,,PWRWND008,,2019,,,,,,,,,,,,0.0,,,,,
Scenario1,0,RE1,,PWRWND008,,2020,,,,,,,,,,,,0.0,,,,,
Scenario1,0,RE1,,PWRWND008,,2021,,,,,,,,,,,,0.0,,,,,
Scenario1,0,RE1,,PWRWND008,,2022,,,,,,,,,,,,0.0,,,,,
Scenario1,0,RE1,,PWRWND008,,2023,,,,,,,,,,,,0.0,,,,,
Scenario1,0,RE1,,PWRWND008,,2024,,,,,,,,,,,,0.0,,,,,
Scenario1,0,RE1,,PWRWND008,,2025,,,,,,,,,,,,0.0,,,,,
Scenario1,0,RE1,,PWRWND008,,2026,,,,,,,,,,,,0.0,,,,,
Scenario1,0,RE1,,PWRWND008,,2027,,,,,,,,,,,,0.0,,,,,
Scenario1,0,RE1,,PWRWND008,,2028,,,,,,,,,,,,0.0,,,,,
Scenario1,0,RE1,,PWRWND008,,2029,,,,,,,,,,,,0.0,,,,,
Scenario1,0,RE1,,PWRWND008,,2030,,,,,,,,,,,,0.0,,,,,
Scenario1,0,RE1,,PWRWND008,,2031,,,,,,,,,,,,0.0,,,,,
Scenario1,0,RE1,,PWRWND008,,2032,,,,,,,,,,,,0.0,,,,,
Scenario1,0,RE1,,PWRWND008,,2033,,,,,,,,,,,,0.0,,,,,
Scenario1,0,RE1,,PWRWND008,,2034,,,,,,,,,,,,0.0,,,,,
Scenario1,0,RE1,,PWRWND008,,2035,,,,,,,,,,,,0.0,,,,,
Scenario1,0,RE1,,PWRWND008,,2036,,,,,,,,,,,,0.0,,,,,
Scenario1,0,RE1,,PWRWND008,,2037,,,,,,,,,,,,0.0,,,,,
Scenario1,0,RE1,,PWRWND008,,2038,,,,,,,,,,,,0.0,,,,,
Scenario1,0,RE1,,PWRWND008,,2039,,,,,,,,,,,,0.0,,,,,
Scenario1,0,RE1,,PWRWND008,,2040,,,,,,,,,,,,0.0,,,,,
Scenario1,0,RE1,,PWRWND008,,2041,,,,,,,,,,,,0.0,,,,,
Scenario1,0,RE1,,PWRWND008,,2042,,,,,,,,,,,,0.0,,,,,
Scenario1,0,RE1,,PWRWND008,,2043,,,,,,,,,,,,0.0,,,,,
Scenario1,0,RE1,,PWRWND008,,2044,,,,,,,,,,,,0.0,,,,,
Scenario1,0,RE1,,PWRWND008,,2045,,,,,,,,,,,,0.0,,,,,
Scenario1,0,RE1,,PWRWND008,,2046,,,,,,,,,,,,0.0,,,,,
Scenario1,0,RE1,,PWRWND008,,2047,,,,,,,,,,,,0.0,,,,,
Scenario1,0,RE1,,PWRWND008,,2048,,,,,,,,,,,,0.0,,,,,
Scenario1,0,RE1,,PWRWND008,,2049,,,,,,,,,,,,0.0,,,,,
Scenario1,0,RE1,,PWRWND008,,2050,,,,,,,,,,,,0.0,,,,,
Scenario1,0,RE1,,PWRWND009,,2019,,,,,,,,,,,,0.0,,,,,
Scenario1,0,RE1,,PWRWND009,,2020,,,,,,,,,,,,0.0,,,,,
Scenario1,0,RE1,,PWRWND009,,2021,,,,,,,,,,,,0.0,,,,,
Scenario1,0,RE1,,PWRWND009,,2022,,,,,,,,,,,,0.0,,,,,
Scenario1,0,RE1,,PWRWND009,,2023,,,,,,,,,,,,0.0,,,,,
Scenario1,0,RE1,,PWRWND009,,2024,,,,,,,,,,,,0.0,,,,,
Scenario1,0,RE1,,PWRWND009,,2025,,,,,,,,,,,,0.0,,,,,
Scenario1,0,RE1,,PWRWND009,,2026,,,,,,,,,,,,0.0,,,,,
Scenario1,0,RE1,,PWRWND009,,2027,,,,,,,,,,,,0.0,,,,,
Scenario1,0,RE1,,PWRWND009,,2028,,,,,,,,,,,,0.0,,,,,
Scenario1,0,RE1,,PWRWND009,,2029,,,,,,,,,,,,0.0,,,,,
Scenario1,0,RE1,,PWRWND009,,2030,,,,,,,,,,,,0.0,,,,,
Scenario1,0,RE1,,PWRWND009,,2031,,,,,,,,,,,,0.0,,,,,
Scenario1,0,RE1,,PWRWND009,,2032,,,,,,,,,,,,0.0,,,,,
Scenario1,0,RE1,,PWRWND009,,2033,,,,,,,,,,,,0.0,,,,,
Scenario1,0,RE1,,PWRWND009,,2034,,,,,,,,,,,,0.0,,,,,
Scenario1,0,RE1,,PWRWND009,,2035,,,,,,,,,,,,0.0,,,,,
Scenario1,0,RE1,,PWRWND009,,2036,,,,,,,,,,,,0.0,,,,,
Scenario1,0,RE1,,PWRWND009,,2037,,,,,,,,,,,,0.0,,,,,
Scenario1,0,RE1,,PWRWND009,,2038,,,,,,,,,,,,0.0,,,,,
Scenario1,0,RE1,,PWRWND009,,2039,,,,,,,,,,,,0.0,,,,,
Scenario1,0,RE1,,PWRWND009,,2040,,,,,,,,,,,,0.0,,,,,
Scenario1,0,RE1,,PWRWND009,,2041,,,,,,,,,,,,0.0,,,,,
Scenario1,0,RE1,,PWRWND009,,2042,,,,,,,,,,,,0.0,,,,,
Scenario1,0,RE1,,PWRWND009,,2043,,,,,,,,,,,,0.0,,,,,
Scenario1,0,RE1,,PWRWND009,,2044,,,,,,,,,,,,0.0,,,,,
Scenario1,0,RE1,,PWRWND009,,2045,,,,,,,,,,,,0.0,,,,,
Scenario1,0,RE1,,PWRWND009,,2046,,,,,,,,,,,,0.0,,,,,
Scenario1,0,RE1,,PWRWND009,,2047,,,,,,,,,,,,0.0,,,,,
Scenario1,0,RE1,,PWRWND009,,2048,,,,,,,,,,,,0.0,,,,,
Scenario1,0,RE1,,PWRWND009,,2049,,,,,,,,,,,,0.0,,,,,
Scenario1,0,RE1,,PWRWND009,,2050,,,,,,,,,,,,0.0,,,,,
Scenario1,0,RE1,,PWRWND010,,2019,,,,,,,,,,,,0.0,,,,,
Scenario1,0,RE1,,PWRWND010,,2020,,,,,,,,,,,,0.0,,,,,
Scenario1,0,RE1,,PWRWND010,,2021,,,,,,,,,,,,0.0,,,,,
Scenario1,0,RE1,,PWRWND010,,2022,,,,,,,,,,,,0.0,,,,,
Scenario1,0,RE1,,PWRWND010,,2023,,,,,,,,,,,,0.0,,,,,
Scenario1,0,RE1,,PWRWND010,,2024,,,,,,,,,,,,0.0,,,,,
Scenario1,0,RE1,,PWRWND010,,2025,,,,,,,,,,,,0.0,,,,,
Scenario1,0,RE1,,PWRWND010,,2026,,,,,,,,,,,,0.0,,,,,
Scenario1,0,RE1,,PWRWND010,,2027,,,,,,,,,,,,0.0,,,,,
Scenario1,0,RE1,,PWRWND010,,2028,,,,,,,,,,,,0.0,,,,,
Scenario1,0,RE1,,PWRWND010,,2029,,,,,,,,,,,,0.0,,,,,
Scenario1,0,RE1,,PWRWND010,,2030,,,,,,,,,,,,0.0,,,,,
Scenario1,0,RE1,,PWRWND010,,2031,,,,,,,,,,,,0.0,,,,,
Scenario1,0,RE1,,PWRWND010,,2032,,,,,,,,,,,,0.0,,,,,
Scenario1,0,RE1,,PWRWND010,,2033,,,,,,,,,,,,0.0,,,,,
Scenario1,0,RE1,,PWRWND010,,2034,,,,,,,,,,,,0.0,,,,,
Scenario1,0,RE1,,PWRWND010,,2035,,,,,,,,,,,,0.0,,,,,
Scenario1,0,RE1,,PWRWND010,,2036,,,,,,,,,,,,0.0,,,,,
Scenario1,0,RE1,,PWRWND010,,2037,,,,,,,,,,,,0.0,,,,,
Scenario1,0,RE1,,PWRWND010,,2038,,,,,,,,,,,,0.0,,,,,
Scenario1,0,RE1,,PWRWND010,,2039,,,,,,,,,,,,0.0,,,,,
Scenario1,0,RE1,,PWRWND010,,2040,,,,,,,,,,,,0.0,,,,,
Scenario1,0,RE1,,PWRWND010,,2041,,,,,,,,,,,,0.0,,,,,
Scenario1,0,RE1,,PWRWND010,,2042,,,,,,,,,,,,0.0,,,,,
Scenario1,0,RE1,,PWRWND010,,2043,,,,,,,,,,,,0.0,,,,,
Scenario1,0,RE1,,PWRWND010,,2044,,,,,,,,,,,,0.0,,,,,
Scenario1,0,RE1,,PWRWND010,,2045,,,,,,,,,,,,0.0,,,,,
Scenario1,0,RE1,,PWRWND010,,2046,,,,,,,,,,,,0.0,,,,,
Scenario1,0,RE1,,PWRWND010,,2047,,,,,,,,,,,,0.0,,,,,
Scenario1,0,RE1,,PWRWND010,,2048,,,,,,,,,,,,0.0,,,,,
Scenario1,0,RE1,,PWRWND010,,2049,,,,,,,,,,,,0.0,,,,,
Scenario1,0,RE1,,PWRWND010,,2050,,,,,,,,,,,,0.0,,,,,
Scenario1,0,RE1,,PWRWND011,,2019,,,,,,,,,,,,0.0,,,,,
Scenario1,0,RE1,,PWRWND011,,2020,,,,,,,,,,,,0.0,,,,,
Scenario1,0,RE1,,PWRWND011,,2021,,,,,,,,,,,,0.09999999999999999,,,,,
Scenario1,0,RE1,,PWRWND011,,2022,,,,,,,,,,,,0.0,,,,,
Scenario1,0,RE1,,PWRWND011,,2023,,,,,,,,,,,,0.0,,,,,
Scenario1,0,RE1,,PWRWND011,,2024,,,,,,,,,,,,0.0,,,,,
Scenario1,0,RE1,,PWRWND011,,2025,,,,,,,,,,,,0.021999999999999992,,,,,
Scenario1,0,RE1,,PWRWND011,,2026,,,,,,,,,,,,0.05,,,,,
Scenario1,0,RE1,,PWRWND011,,2027,,,,,,,,,,,,0.0,,,,,
Scenario1,0,RE1,,PWRWND011,,2028,,,,,,,,,,,,0.0,,,,,
Scenario1,0,RE1,,PWRWND011,,2029,,,,,,,,,,,,0.0,,,,,
Scenario1,0,RE1,,PWRWND011,,2030,,,,,,,,,,,,0.0,,,,,
Scenario1,0,RE1,,PWRWND011,,2031,,,,,,,,,,,,0.0,,,,,
Scenario1,0,RE1,,PWRWND011,,2032,,,,,,,,,,,,0.0,,,,,
Scenario1,0,RE1,,PWRWND011,,2033,,,,,,,,,,,,0.0,,,,,
Scenario1,0,RE1,,PWRWND011,,2034,,,,,,,,,,,,0.0,,,,,
Scenario1,0,RE1,,PWRWND011,,2035,,,,,,,,,,,,0.0,,,,,
Scenario1,0,RE1,,PWRWND011,,2036,,,,,,,,,,,,0.0,,,,,
Scenario1,0,RE1,,PWRWND011,,2037,,,,,,,,,,,,0.0,,,,,
Scenario1,0,RE1,,PWRWND011,,2038,,,,,,,,,,,,0.0,,,,,
Scenario1,0,RE1,,PWRWND011,,2039,,,,,,,,,,,,0.0,,,,,
Scenario1,0,RE1,,PWRWND011,,2040,,,,,,,,,,,,0.0,,,,,
Scenario1,0,RE1,,PWRWND011,,2041,,,,,,,,,,,,0.0,,,,,
Scenario1,0,RE1,,PWRWND011,,2042,,,,,,,,,,,,0.0,,,,,
Scenario1,0,RE1,,PWRWND011,,2043,,,,,,,,,,,,0.0,,,,,
Scenario1,0,RE1,,PWRWND011,,2044,,,,,,,,,,,,0.0,,,,,
Scenario1,0,RE1,,PWRWND011,,2045,,,,,,,,,,,,0.0,,,,,
Scenario1,0,RE1,,PWRWND011,,2046,,,,,,,,,,,,0.0,,,,,
Scenario1,0,RE1,,PWRWND011,,2047,,,,,,,,,,,,0.0,,,,,
Scenario1,0,RE1,,PWRWND011,,2048,,,,,,,,,,,,0.0,,,,,
Scenario1,0,RE1,,PWRWND011,,2049,,,,,,,,,,,,0.0,,,,,
Scenario1,0,RE1,,PWRWND011,,2050,,,,,,,,,,,,0.0,,,,,
Scenario1,0,RE1,,DEMCOMELC,,2019,,,,,,,,,,,,1.1747365095775537,,,,,
Scenario1,0,RE1,,DEMCOMELC,,2020,,,,,,,,,,,,0.0,,,,,
Scenario1,0,RE1,,DEMCOMELC,,2021,,,,,,,,,,,,0.0,,,,,
Scenario1,0,RE1,,DEMCOMELC,,2022,,,,,,,,,,,,0.0,,,,,
Scenario1,0,RE1,,DEMCOMELC,,2023,,,,,,,,,,,,0.0,,,,,
Scenario1,0,RE1,,DEMCOMELC,,2024,,,,,,,,,,,,0.0,,,,,
Scenario1,0,RE1,,DEMCOMELC,,2025,,,,,,,,,,,,0.0,,,,,
Scenario1,0,RE1,,DEMCOMELC,,2026,,,,,,,,,,,,0.0,,,,,
Scenario1,0,RE1,,DEMCOMELC,,2027,,,,,,,,,,,,0.0,,,,,
Scenario1,0,RE1,,DEMCOMELC,,2028,,,,,,,,,,,,0.0,,,,,
Scenario1,0,RE1,,DEMCOMELC,,2029,,,,,,,,,,,,0.0,,,,,
Scenario1,0,RE1,,DEMCOMELC,,2030,,,,,,,,,,,,0.0,,,,,
Scenario1,0,RE1,,DEMCOMELC,,2031,,,,,,,,,,,,0.0,,,,,
Scenario1,0,RE1,,DEMCOMELC,,2032,,,,,,,,,,,,0.0,,,,,
Scenario1,0,RE1,,DEMCOMELC,,2033,,,,,,,,,,,,0.0,,,,,
Scenario1,0,RE1,,DEMCOMELC,,2034,,,,,,,,,,,,0.0,,,,,
Scenario1,0,RE1,,DEMCOMELC,,2035,,,,,,,,,,,,0.0,,,,,
Scenario1,0,RE1,,DEMCOMELC,,2036,,,,,,,,,,,,0.0,,,,,
Scenario1,0,RE1,,DEMCOMELC,,2037,,,,,,,,,,,,0.0,,,,,
Scenario1,0,RE1,,DEMCOMELC,,2038,,,,,,,,,,,,0.0,,,,,
Scenario1,0,RE1,,DEMCOMELC,,2039,,,,,,,,,,,,0.0,,,,,
Scenario1,0,RE1,,DEMCOMELC,,2040,,,,,,,,,,,,0.0,,,,,
Scenario1,0,RE1,,DEMCOMELC,,2041,,,,,,,,,,,,0.0,,,,,
Scenario1,0,RE1,,DEMCOMELC,,2042,,,,,,,,,,,,0.0,,,,,
Scenario1,0,RE1,,DEMCOMELC,,2043,,,,,,,,,,,,0.0,,,,,
Scenario1,0,RE1,,DEMCOMELC,,2044,,,,,,,,,,,,0.0,,,,,
Scenario1,0,RE1,,DEMCOMELC,,2045,,,,,,,,,,,,0.0,,,,,
Scenario1,0,RE1,,DEMCOMELC,,2046,,,,,,,,,,,,0.0,,,,,
Scenario1,0,RE1,,DEMCOMELC,,2047,,,,,,,,,,,,0.0,,,,,
Scenario1,0,RE1,,DEMCOMELC,,2048,,,,,,,,,,,,0.0,,,,,
Scenario1,0,RE1,,DEMCOMELC,,2049,,,,,,,,,,,,0.0,,,,,
Scenario1,0,RE1,,DEMCOMELC,,2050,,,,,,,,,,,,999997.8252634904,,,,,
Scenario1,0,RE1,,DEMINDELC,,2019,,,,,,,,,,,,4.047028373682548,,,,,
Scenario1,0,RE1,,DEMINDELC,,2020,,,,,,,,,,,,0.0,,,,,
Scenario1,0,RE1,,DEMINDELC,,2021,,,,,,,,,,,,0.0,,,,,
Scenario1,0,RE1,,DEMINDELC,,2022,,,,,,,,,,,,0.0,,,,,
Scenario1,0,RE1,,DEMINDELC,,2023,,,,,,,,,,,,0.0,,,,,
Scenario1,0,RE1,,DEMINDELC,,2024,,,,,,,,,,,,0.0,,,,,
Scenario1,0,RE1,,DEMINDELC,,2025,,,,,,,,,,,,0.0,,,,,
Scenario1,0,RE1,,DEMINDELC,,2026,,,,,,,,,,,,0.0,,,,,
Scenario1,0,RE1,,DEMINDELC,,2027,,,,,,,,,,,,0.0,,,,,
Scenario1,0,RE1,,DEMINDELC,,2028,,,,,,,,,,,,0.0,,,,,
Scenario1,0,RE1,,DEMINDELC,,2029,,,,,,,,,,,,0.0,,,,,
Scenario1,0,RE1,,DEMINDELC,,2030,,,,,,,,,,,,0.0,,,,,
Scenario1,0,RE1,,DEMINDELC,,2031,,,,,,,,,,,,0.0,,,,,
Scenario1,0,RE1,,DEMINDELC,,2032,,,,,,,,,,,,0.0,,,,,
Scenario1,0,RE1,,DEMINDELC,,2033,,,,,,,,,,,,0.0,,,,,
Scenario1,0,RE1,,DEMINDELC,,2034,,,,,,,,,,,,0.0,,,,,
Scenario1,0,RE1,,DEMINDELC,,2035,,,,,,,,,,,,0.0,,,,,
Scenario1,0,RE1,,DEMINDELC,,2036,,,,,,,,,,,,0.0,,,,,
Scenario1,0,RE1,,DEMINDELC,,2037,,,,,,,,,,,,0.0,,,,,
Scenario1,0,RE1,,DEMINDELC,,2038,,,,,,,,,,,,0.0,,,,,
Scenario1,0,RE1,,DEMINDELC,,2039,,,,,,,,,,,,0.0,,,,,
Scenario1,0,RE1,,DEMINDELC,,2040,,,,,,,,,,,,0.0,,,,,
Scenario1,0,RE1,,DEMINDELC,,2041,,,,,,,,,,,,0.0,,,,,
Scenario1,0,RE1,,DEMINDELC,,2042,,,,,,,,,,,,0.0,,,,,
Scenario1,0,RE1,,DEMINDELC,,2043,,,,,,,,,,,,0.0,,,,,
Scenario1,0,RE1,,DEMINDELC,,2044,,,,,,,,,,,,0.0,,,,,
Scenario1,0,RE1,,DEMINDELC,,2045,,,,,,,,,,,,0.0,,,,,
Scenario1,0,RE1,,DEMINDELC,,2046,,,,,,,,,,,,0.0,,,,,
Scenario1,0,RE1,,DEMINDELC,,2047,,,,,,,,,,,,0.0,,,,,
Scenario1,0,RE1,,DEMINDELC,,2048,,,,,,,,,,,,0.0,,,,,
Scenario1,0,RE1,,DEMINDELC,,2049,,,,,,,,,,,,0.0,,,,,
Scenario1,0,RE1,,DEMINDELC,,2050,,,,,,,,,,,,999994.9529716263,,,,,
Scenario1,0,RE1,,DEMRESELC,,2019,,,,,,,,,,,,2.588292625140001,,,,,
Scenario1,0,RE1,,DEMRESELC,,2020,,,,,,,,,,,,0.0,,,,,
Scenario1,0,RE1,,DEMRESELC,,2021,,,,,,,,,,,,0.0,,,,,
Scenario1,0,RE1,,DEMRESELC,,2022,,,,,,,,,,,,0.0,,,,,
Scenario1,0,RE1,,DEMRESELC,,2023,,,,,,,,,,,,0.0,,,,,
Scenario1,0,RE1,,DEMRESELC,,2024,,,,,,,,,,,,0.0,,,,,
Scenario1,0,RE1,,DEMRESELC,,2025,,,,,,,,,,,,0.0,,,,,
Scenario1,0,RE1,,DEMRESELC,,2026,,,,,,,,,,,,0.0,,,,,
Scenario1,0,RE1,,DEMRESELC,,2027,,,,,,,,,,,,0.0,,,,,
Scenario1,0,RE1,,DEMRESELC,,2028,,,,,,,,,,,,0.0,,,,,
Scenario1,0,RE1,,DEMRESELC,,2029,,,,,,,,,,,,0.0,,,,,
Scenario1,0,RE1,,DEMRESELC,,2030,,,,,,,,,,,,0.0,,,,,
Scenario1,0,RE1,,DEMRESELC,,2031,,,,,,,,,,,,0.0,,,,,
Scenario1,0,RE1,,DEMRESELC,,2032,,,,,,,,,,,,0.0,,,,,
Scenario1,0,RE1,,DEMRESELC,,2033,,,,,,,,,,,,0.0,,,,,
Scenario1,0,RE1,,DEMRESELC,,2034,,,,,,,,,,,,0.0,,,,,
Scenario1,0,RE1,,DEMRESELC,,2035,,,,,,,,,,,,0.0,,,,,
Scenario1,0,RE1,,DEMRESELC,,2036,,,,,,,,,,,,0.0,,,,,
Scenario1,0,RE1,,DEMRESELC,,2037,,,,,,,,,,,,0.0,,,,,
Scenario1,0,RE1,,DEMRESELC,,2038,,,,,,,,,,,,0.0,,,,,
Scenario1,0,RE1,,DEMRESELC,,2039,,,,,,,,,,,,0.0,,,,,
Scenario1,0,RE1,,DEMRESELC,,2040,,,,,,,,,,,,0.0,,,,,
Scenario1,0,RE1,,DEMRESELC,,2041,,,,,,,,,,,,0.0,,,,,
Scenario1,0,RE1,,DEMRESELC,,2042,,,,,,,,,,,,0.0,,,,,
Scenario1,0,RE1,,DEMRESELC,,2043,,,,,,,,,,,,0.0,,,,,
Scenario1,0,RE1,,DEMRESELC,,2044,,,,,,,,,,,,0.0,,,,,
Scenario1,0,RE1,,DEMRESELC,,2045,,,,,,,,,,,,0.0,,,,,
Scenario1,0,RE1,,DEMRESELC,,2046,,,,,,,,,,,,0.0,,,,,
Scenario1,0,RE1,,DEMRESELC,,2047,,,,,,,,,,,,0.0,,,,,
Scenario1,0,RE1,,DEMRESELC,,2048,,,,,,,,,,,,0.0,,,,,
Scenario1,0,RE1,,DEMRESELC,,2049,,,,,,,,,,,,0.0,,,,,
Scenario1,0,RE1,,DEMRESELC,,2050,,,,,,,,,,,,999996.4117073748,,,,,
Scenario1,0,RE1,,EXPELC,,2019,,,,,,,,,,,,0.0,,,,,
Scenario1,0,RE1,,EXPELC,,2020,,,,,,,,,,,,0.0,,,,,
Scenario1,0,RE1,,EXPELC,,2021,,,,,,,,,,,,0.0,,,,,
Scenario1,0,RE1,,EXPELC,,2022,,,,,,,,,,,,0.0,,,,,
Scenario1,0,RE1,,EXPELC,,2023,,,,,,,,,,,,0.0,,,,,
Scenario1,0,RE1,,EXPELC,,2024,,,,,,,,,,,,0.0,,,,,
Scenario1,0,RE1,,EXPELC,,2025,,,,,,,,,,,,0.0,,,,,
Scenario1,0,RE1,,EXPELC,,2026,,,,,,,,,,,,0.0,,,,,
Scenario1,0,RE1,,EXPELC,,2027,,,,,,,,,,,,0.0,,,,,
Scenario1,0,RE1,,EXPELC,,2028,,,,,,,,,,,,0.0,,,,,
Scenario1,0,RE1,,EXPELC,,2029,,,,,,,,,,,,0.0,,,,,
Scenario1,0,RE1,,EXPELC,,2030,,,,,,,,,,,,0.0,,,,,
Scenario1,0,RE1,,EXPELC,,2031,,,,,,,,,,,,0.0,,,,,
Scenario1,0,RE1,,EXPELC,,2032,,,,,,,,,,,,0.0,,,,,
Scenario1,0,RE1,,EXPELC,,2033,,,,,,,,,,,,0.0,,,,,
Scenario1,0,RE1,,EXPELC,,2034,,,,,,,,,,,,0.0,,,,,
Scenario1,0,RE1,,EXPELC,,2035,,,,,,,,,,,,0.0,,,,,
Scenario1,0,RE1,,EXPELC,,2036,,,,,,,,,,,,0.0,,,,,
Scenario1,0,RE1,,EXPELC,,2037,,,,,,,,,,,,0.0,,,,,
Scenario1,0,RE1,,EXPELC,,2038,,,,,,,,,,,,0.0,,,,,
Scenario1,0,RE1,,EXPELC,,2039,,,,,,,,,,,,0.0,,,,,
Scenario1,0,RE1,,EXPELC,,2040,,,,,,,,,,,,0.0,,,,,
Scenario1,0,RE1,,EXPELC,,2041,,,,,,,,,,,,0.0,,,,,
Scenario1,0,RE1,,EXPELC,,2042,,,,,,,,,,,,0.0,,,,,
Scenario1,0,RE1,,EXPELC,,2043,,,,,,,,,,,,0.0,,,,,
Scenario1,0,RE1,,EXPELC,,2044,,,,,,,,,,,,0.0,,,,,
Scenario1,0,RE1,,EXPELC,,2045,,,,,,,,,,,,0.0,,,,,
Scenario1,0,RE1,,EXPELC,,2046,,,,,,,,,,,,0.0,,,,,
Scenario1,0,RE1,,EXPELC,,2047,,,,,,,,,,,,0.0,,,,,
Scenario1,0,RE1,,EXPELC,,2048,,,,,,,,,,,,0.0,,,,,
Scenario1,0,RE1,,EXPELC,,2049,,,,,,,,,,,,0.0,,,,,
Scenario1,0,RE1,,EXPELC,,2050,,,,,,,,,,,,999999.0,,,,,
Scenario1,0,RE1,,IMPBIO,,2019,,,,,,,,,,,,999999.0,,,,,
Scenario1,0,RE1,,IMPBIO,,2020,,,,,,,,,,,,999999.0,,,,,
Scenario1,0,RE1,,IMPBIO,,2021,,,,,,,,,,,,999999.0,,,,,
Scenario1,0,RE1,,IMPBIO,,2022,,,,,,,,,,,,999999.0,,,,,
Scenario1,0,RE1,,IMPBIO,,2023,,,,,,,,,,,,999999.0,,,,,
Scenario1,0,RE1,,IMPBIO,,2024,,,,,,,,,,,,999999.0,,,,,
Scenario1,0,RE1,,IMPBIO,,2025,,,,,,,,,,,,999999.0,,,,,
Scenario1,0,RE1,,IMPBIO,,2026,,,,,,,,,,,,999999.0,,,,,
Scenario1,0,RE1,,IMPBIO,,2027,,,,,,,,,,,,999999.0,,,,,
Scenario1,0,RE1,,IMPBIO,,2028,,,,,,,,,,,,999999.0,,,,,
Scenario1,0,RE1,,IMPBIO,,2029,,,,,,,,,,,,999999.0,,,,,
Scenario1,0,RE1,,IMPBIO,,2030,,,,,,,,,,,,999999.0,,,,,
Scenario1,0,RE1,,IMPBIO,,2031,,,,,,,,,,,,999999.0,,,,,
Scenario1,0,RE1,,IMPBIO,,2032,,,,,,,,,,,,999999.0,,,,,
Scenario1,0,RE1,,IMPBIO,,2033,,,,,,,,,,,,999999.0,,,,,
Scenario1,0,RE1,,IMPBIO,,2034,,,,,,,,,,,,999999.0,,,,,
Scenario1,0,RE1,,IMPBIO,,2035,,,,,,,,,,,,999999.0,,,,,
Scenario1,0,RE1,,IMPBIO,,2036,,,,,,,,,,,,999999.0,,,,,
Scenario1,0,RE1,,IMPBIO,,2037,,,,,,,,,,,,999999.0,,,,,
Scenario1,0,RE1,,IMPBIO,,2038,,,,,,,,,,,,999999.0,,,,,
Scenario1,0,RE1,,IMPBIO,,2039,,,,,,,,,,,,999999.0,,,,,
Scenario1,0,RE1,,IMPBIO,,2040,,,,,,,,,,,,999999.0,,,,,
Scenario1,0,RE1,,IMPBIO,,2041,,,,,,,,,,,,999999.0,,,,,
Scenario1,0,RE1,,IMPBIO,,2042,,,,,,,,,,,,999999.0,,,,,
Scenario1,0,RE1,,IMPBIO,,2043,,,,,,,,,,,,999999.0,,,,,
Scenario1,0,RE1,,IMPBIO,,2044,,,,,,,,,,,,999999.0,,,,,
Scenario1,0,RE1,,IMPBIO,,2045,,,,,,,,,,,,999999.0,,,,,
Scenario1,0,RE1,,IMPBIO,,2046,,,,,,,,,,,,999999.0,,,,,
Scenario1,0,RE1,,IMPBIO,,2047,,,,,,,,,,,,999999.0,,,,,
Scenario1,0,RE1,,IMPBIO,,2048,,,,,,,,,,,,999999.0,,,,,
Scenario1,0,RE1,,IMPBIO,,2049,,,,,,,,,,,,999999.0,,,,,
Scenario1,0,RE1,,IMPBIO,,2050,,,,,,,,,,,,999999.0,,,,,
Scenario1,0,RE1,,IMPCOA,,2019,,,,,,,,,,,,999999.0,,,,,
Scenario1,0,RE1,,IMPCOA,,2020,,,,,,,,,,,,999999.0,,,,,
Scenario1,0,RE1,,IMPCOA,,2021,,,,,,,,,,,,999999.0,,,,,
Scenario1,0,RE1,,IMPCOA,,2022,,,,,,,,,,,,999999.0,,,,,
Scenario1,0,RE1,,IMPCOA,,2023,,,,,,,,,,,,999999.0,,,,,
Scenario1,0,RE1,,IMPCOA,,2024,,,,,,,,,,,,999999.0,,,,,
Scenario1,0,RE1,,IMPCOA,,2025,,,,,,,,,,,,999999.0,,,,,
Scenario1,0,RE1,,IMPCOA,,2026,,,,,,,,,,,,999999.0,,,,,
Scenario1,0,RE1,,IMPCOA,,2027,,,,,,,,,,,,999999.0,,,,,
Scenario1,0,RE1,,IMPCOA,,2028,,,,,,,,,,,,999999.0,,,,,
Scenario1,0,RE1,,IMPCOA,,2029,,,,,,,,,,,,999999.0,,,,,
Scenario1,0,RE1,,IMPCOA,,2030,,,,,,,,,,,,999999.0,,,,,
Scenario1,0,RE1,,IMPCOA,,2031,,,,,,,,,,,,999999.0,,,,,
Scenario1,0,RE1,,IMPCOA,,2032,,,,,,,,,,,,999999.0,,,,,
Scenario1,0,RE1,,IMPCOA,,2033,,,,,,,,,,,,999999.0,,,,,
Scenario1,0,RE1,,IMPCOA,,2034,,,,,,,,,,,,999999.0,,,,,
Scenario1,0,RE1,,IMPCOA,,2035,,,,,,,,,,,,999999.0,,,,,
Scenario1,0,RE1,,IMPCOA,,2036,,,,,,,,,,,,999999.0,,,,,
Scenario1,0,RE1,,IMPCOA,,2037,,,,,,,,,,,,999999.0,,,,,
Scenario1,0,RE1,,IMPCOA,,2038,,,,,,,,,,,,999999.0,,,,,
Scenario1,0,RE1,,IMPCOA,,2039,,,,,,,,,,,,999999.0,,,,,
Scenario1,0,RE1,,IMPCOA,,2040,,,,,,,,,,,,999999.0,,,,,
Scenario1,0,RE1,,IMPCOA,,2041,,,,,,,,,,,,999999.0,,,,,
Scenario1,0,RE1,,IMPCOA,,2042,,,,,,,,,,,,999999.0,,,,,
Scenario1,0,RE1,,IMPCOA,,2043,,,,,,,,,,,,999999.0,,,,,
Scenario1,0,RE1,,IMPCOA,,2044,,,,,,,,,,,,999999.0,,,,,
Scenario1,0,RE1,,IMPCOA,,2045,,,,,,,,,,,,999999.0,,,,,
Scenario1,0,RE1,,IMPCOA,,2046,,,,,,,,,,,,999999.0,,,,,
Scenario1,0,RE1,,IMPCOA,,2047,,,,,,,,,,,,999999.0,,,,,
Scenario1,0,RE1,,IMPCOA,,2048,,,,,,,,,,,,999999.0,,,,,
Scenario1,0,RE1,,IMPCOA,,2049,,,,,,,,,,,,999999.0,,,,,
Scenario1,0,RE1,,IMPCOA,,2050,,,,,,,,,,,,999999.0,,,,,
Scenario1,0,RE1,,IMPELC001,,2019,,,,,,,,,,,,0.0,,,,,
Scenario1,0,RE1,,IMPELC001,,2020,,,,,,,,,,,,0.0,,,,,
Scenario1,0,RE1,,IMPELC001,,2021,,,,,,,,,,,,0.0,,,,,
Scenario1,0,RE1,,IMPELC001,,2022,,,,,,,,,,,,0.2,,,,,
Scenario1,0,RE1,,IMPELC001,,2023,,,,,,,,,,,,0.0,,,,,
Scenario1,0,RE1,,IMPELC001,,2024,,,,,,,,,,,,0.0,,,,,
Scenario1,0,RE1,,IMPELC001,,2025,,,,,,,,,,,,0.0,,,,,
Scenario1,0,RE1,,IMPELC001,,2026,,,,,,,,,,,,0.2,,,,,
Scenario1,0,RE1,,IMPELC001,,2027,,,,,,,,,,,,0.0,,,,,
Scenario1,0,RE1,,IMPELC001,,2028,,,,,,,,,,,,0.0,,,,,
Scenario1,0,RE1,,IMPELC001,,2029,,,,,,,,,,,,0.0,,,,,
Scenario1,0,RE1,,IMPELC001,,2030,,,,,,,,,,,,0.0,,,,,
Scenario1,0,RE1,,IMPELC001,,2031,,,,,,,,,,,,0.0,,,,,
Scenario1,0,RE1,,IMPELC001,,2032,,,,,,,,,,,,0.0,,,,,
Scenario1,0,RE1,,IMPELC001,,2033,,,,,,,,,,,,0.0,,,,,
Scenario1,0,RE1,,IMPELC001,,2034,,,,,,,,,,,,0.0,,,,,
Scenario1,0,RE1,,IMPELC001,,2035,,,,,,,,,,,,0.0,,,,,
Scenario1,0,RE1,,IMPELC001,,2036,,,,,,,,,,,,0.0,,,,,
Scenario1,0,RE1,,IMPELC001,,2037,,,,,,,,,,,,0.0,,,,,
Scenario1,0,RE1,,IMPELC001,,2038,,,,,,,,,,,,0.0,,,,,
Scenario1,0,RE1,,IMPELC001,,2039,,,,,,,,,,,,0.0,,,,,
Scenario1,0,RE1,,IMPELC001,,2040,,,,,,,,,,,,0.0,,,,,
Scenario1,0,RE1,,IMPELC001,,2041,,,,,,,,,,,,0.0,,,,,
Scenario1,0,RE1,,IMPELC001,,2042,,,,,,,,,,,,0.0,,,,,
Scenario1,0,RE1,,IMPELC001,,2043,,,,,,,,,,,,0.0,,,,,
Scenario1,0,RE1,,IMPELC001,,2044,,,,,,,,,,,,0.0,,,,,
Scenario1,0,RE1,,IMPELC001,,2045,,,,,,,,,,,,0.0,,,,,
Scenario1,0,RE1,,IMPELC001,,2046,,,,,,,,,,,,0.0,,,,,
Scenario1,0,RE1,,IMPELC001,,2047,,,,,,,,,,,,0.2,,,,,
Scenario1,0,RE1,,IMPELC001,,2048,,,,,,,,,,,,0.0,,,,,
Scenario1,0,RE1,,IMPELC001,,2049,,,,,,,,,,,,0.0,,,,,
Scenario1,0,RE1,,IMPELC001,,2050,,,,,,,,,,,,0.0,,,,,
Scenario1,0,RE1,,IMPELC002,,2019,,,,,,,,,,,,0.0,,,,,
Scenario1,0,RE1,,IMPELC002,,2020,,,,,,,,,,,,0.0,,,,,
Scenario1,0,RE1,,IMPELC002,,2021,,,,,,,,,,,,0.0,,,,,
Scenario1,0,RE1,,IMPELC002,,2022,,,,,,,,,,,,0.0,,,,,
Scenario1,0,RE1,,IMPELC002,,2023,,,,,,,,,,,,0.0,,,,,
Scenario1,0,RE1,,IMPELC002,,2024,,,,,,,,,,,,0.0,,,,,
Scenario1,0,RE1,,IMPELC002,,2025,,,,,,,,,,,,0.0,,,,,
Scenario1,0,RE1,,IMPELC002,,2026,,,,,,,,,,,,0.0,,,,,
Scenario1,0,RE1,,IMPELC002,,2027,,,,,,,,,,,,0.0,,,,,
Scenario1,0,RE1,,IMPELC002,,2028,,,,,,,,,,,,0.0,,,,,
Scenario1,0,RE1,,IMPELC002,,2029,,,,,,,,,,,,0.0,,,,,
Scenario1,0,RE1,,IMPELC002,,2030,,,,,,,,,,,,0.0,,,,,
Scenario1,0,RE1,,IMPELC002,,2031,,,,,,,,,,,,0.0,,,,,
Scenario1,0,RE1,,IMPELC002,,2032,,,,,,,,,,,,0.0,,,,,
Scenario1,0,RE1,,IMPELC002,,2033,,,,,,,,,,,,0.0,,,,,
Scenario1,0,RE1,,IMPELC002,,2034,,,,,,,,,,,,0.0,,,,,
Scenario1,0,RE1,,IMPELC002,,2035,,,,,,,,,,,,0.0,,,,,
Scenario1,0,RE1,,IMPELC002,,2036,,,,,,,,,,,,0.0,,,,,
Scenario1,0,RE1,,IMPELC002,,2037,,,,,,,,,,,,0.0,,,,,
Scenario1,0,RE1,,IMPELC002,,2038,,,,,,,,,,,,0.0,,,,,
Scenario1,0,RE1,,IMPELC002,,2039,,,,,,,,,,,,0.0,,,,,
Scenario1,0,RE1,,IMPELC002,,2040,,,,,,,,,,,,0.0,,,,,
Scenario1,0,RE1,,IMPELC002,,2041,,,,,,,,,,,,0.0,,,,,
Scenario1,0,RE1,,IMPELC002,,2042,,,,,,,,,,,,0.0,,,,,
Scenario1,0,RE1,,IMPELC002,,2043,,,,,,,,,,,,0.0,,,,,
Scenario1,0,RE1,,IMPELC002,,2044,,,,,,,,,,,,0.0,,,,,
Scenario1,0,RE1,,IMPELC002,,2045,,,,,,,,,,,,0.0,,,,,
Scenario1,0,RE1,,IMPELC002,,2046,,,,,,,,,,,,0.0,,,,,
Scenario1,0,RE1,,IMPELC002,,2047,,,,,,,,,,,,0.0,,,,,
Scenario1,0,RE1,,IMPELC002,,2048,,,,,,,,,,,,0.0,,,,,
Scenario1,0,RE1,,IMPELC002,,2049,,,,,,,,,,,,0.0,,,,,
Scenario1,0,RE1,,IMPELC002,,2050,,,,,,,,,,,,0.0,,,,,
Scenario1,0,RE1,,IMPHFOMOM,,2019,,,,,,,,,,,,999999.0,,,,,
Scenario1,0,RE1,,IMPHFOMOM,,2020,,,,,,,,,,,,999999.0,,,,,
Scenario1,0,RE1,,IMPHFOMOM,,2021,,,,,,,,,,,,999999.0,,,,,
Scenario1,0,RE1,,IMPHFOMOM,,2022,,,,,,,,,,,,999999.0,,,,,
Scenario1,0,RE1,,IMPHFOMOM,,2023,,,,,,,,,,,,999999.0,,,,,
Scenario1,0,RE1,,IMPHFOMOM,,2024,,,,,,,,,,,,999999.0,,,,,
Scenario1,0,RE1,,IMPHFOMOM,,2025,,,,,,,,,,,,999999.0,,,,,
Scenario1,0,RE1,,IMPHFOMOM,,2026,,,,,,,,,,,,999999.0,,,,,
Scenario1,0,RE1,,IMPHFOMOM,,2027,,,,,,,,,,,,999999.0,,,,,
Scenario1,0,RE1,,IMPHFOMOM,,2028,,,,,,,,,,,,999999.0,,,,,
Scenario1,0,RE1,,IMPHFOMOM,,2029,,,,,,,,,,,,999999.0,,,,,
Scenario1,0,RE1,,IMPHFOMOM,,2030,,,,,,,,,,,,999999.0,,,,,
Scenario1,0,RE1,,IMPHFOMOM,,2031,,,,,,,,,,,,999999.0,,,,,
Scenario1,0,RE1,,IMPHFOMOM,,2032,,,,,,,,,,,,999999.0,,,,,
Scenario1,0,RE1,,IMPHFOMOM,,2033,,,,,,,,,,,,999999.0,,,,,
Scenario1,0,RE1,,IMPHFOMOM,,2034,,,,,,,,,,,,999999.0,,,,,
Scenario1,0,RE1,,IMPHFOMOM,,2035,,,,,,,,,,,,999999.0,,,,,
Scenario1,0,RE1,,IMPHFOMOM,,2036,,,,,,,,,,,,999999.0,,,,,
Scenario1,0,RE1,,IMPHFOMOM,,2037,,,,,,,,,,,,999999.0,,,,,
Scenario1,0,RE1,,IMPHFOMOM,,2038,,,,,,,,,,,,999999.0,,,,,
Scenario1,0,RE1,,IMPHFOMOM,,2039,,,,,,,,,,,,999999.0,,,,,
Scenario1,0,RE1,,IMPHFOMOM,,2040,,,,,,,,,,,,999999.0,,,,,
Scenario1,0,RE1,,IMPHFOMOM,,2041,,,,,,,,,,,,999999.0,,,,,
Scenario1,0,RE1,,IMPHFOMOM,,2042,,,,,,,,,,,,999999.0,,,,,
Scenario1,0,RE1,,IMPHFOMOM,,2043,,,,,,,,,,,,999999.0,,,,,
Scenario1,0,RE1,,IMPHFOMOM,,2044,,,,,,,,,,,,999999.0,,,,,
Scenario1,0,RE1,,IMPHFOMOM,,2045,,,,,,,,,,,,999999.0,,,,,
Scenario1,0,RE1,,IMPHFOMOM,,2046,,,,,,,,,,,,999999.0,,,,,
Scenario1,0,RE1,,IMPHFOMOM,,2047,,,,,,,,,,,,999999.0,,,,,
Scenario1,0,RE1,,IMPHFOMOM,,2048,,,,,,,,,,,,999999.0,,,,,
Scenario1,0,RE1,,IMPHFOMOM,,2049,,,,,,,,,,,,999999.0,,,,,
Scenario1,0,RE1,,IMPHFOMOM,,2050,,,,,,,,,,,,999999.0,,,,,
Scenario1,0,RE1,,IMPHFONAI,,2019,,,,,,,,,,,,999999.0,,,,,
Scenario1,0,RE1,,IMPHFONAI,,2020,,,,,,,,,,,,999999.0,,,,,
Scenario1,0,RE1,,IMPHFONAI,,2021,,,,,,,,,,,,999999.0,,,,,
Scenario1,0,RE1,,IMPHFONAI,,2022,,,,,,,,,,,,999999.0,,,,,
Scenario1,0,RE1,,IMPHFONAI,,2023,,,,,,,,,,,,999999.0,,,,,
Scenario1,0,RE1,,IMPHFONAI,,2024,,,,,,,,,,,,999999.0,,,,,
Scenario1,0,RE1,,IMPHFONAI,,2025,,,,,,,,,,,,999999.0,,,,,
Scenario1,0,RE1,,IMPHFONAI,,2026,,,,,,,,,,,,999999.0,,,,,
Scenario1,0,RE1,,IMPHFONAI,,2027,,,,,,,,,,,,999999.0,,,,,
Scenario1,0,RE1,,IMPHFONAI,,2028,,,,,,,,,,,,999999.0,,,,,
Scenario1,0,RE1,,IMPHFONAI,,2029,,,,,,,,,,,,999999.0,,,,,
Scenario1,0,RE1,,IMPHFONAI,,2030,,,,,,,,,,,,999999.0,,,,,
Scenario1,0,RE1,,IMPHFONAI,,2031,,,,,,,,,,,,999999.0,,,,,
Scenario1,0,RE1,,IMPHFONAI,,2032,,,,,,,,,,,,999999.0,,,,,
Scenario1,0,RE1,,IMPHFONAI,,2033,,,,,,,,,,,,999999.0,,,,,
Scenario1,0,RE1,,IMPHFONAI,,2034,,,,,,,,,,,,999999.0,,,,,
Scenario1,0,RE1,,IMPHFONAI,,2035,,,,,,,,,,,,999999.0,,,,,
Scenario1,0,RE1,,IMPHFONAI,,2036,,,,,,,,,,,,999999.0,,,,,
Scenario1,0,RE1,,IMPHFONAI,,2037,,,,,,,,,,,,999999.0,,,,,
Scenario1,0,RE1,,IMPHFONAI,,2038,,,,,,,,,,,,999999.0,,,,,
Scenario1,0,RE1,,IMPHFONAI,,2039,,,,,,,,,,,,999999.0,,,,,
Scenario1,0,RE1,,IMPHFONAI,,2040,,,,,,,,,,,,999999.0,,,,,
Scenario1,0,RE1,,IMPHFONAI,,2041,,,,,,,,,,,,999999.0,,,,,
Scenario1,0,RE1,,IMPHFONAI,,2042,,,,,,,,,,,,999999.0,,,,,
Scenario1,0,RE1,,IMPHFONAI,,2043,,,,,,,,,,,,999999.0,,,,,
Scenario1,0,RE1,,IMPHFONAI,,2044,,,,,,,,,,,,999999.0,,,,,
Scenario1,0,RE1,,IMPHFONAI,,2045,,,,,,,,,,,,999999.0,,,,,
Scenario1,0,RE1,,IMPHFONAI,,2046,,,,,,,,,,,,999999.0,,,,,
Scenario1,0,RE1,,IMPHFONAI,,2047,,,,,,,,,,,,999999.0,,,,,
Scenario1,0,RE1,,IMPHFONAI,,2048,,,,,,,,,,,,999999.0,,,,,
Scenario1,0,RE1,,IMPHFONAI,,2049,,,,,,,,,,,,999999.0,,,,,
Scenario1,0,RE1,,IMPHFONAI,,2050,,,,,,,,,,,,999999.0,,,,,
Scenario1,0,RE1,,IMPLFOELD,,2019,,,,,,,,,,,,999999.0,,,,,
Scenario1,0,RE1,,IMPLFOELD,,2020,,,,,,,,,,,,999999.0,,,,,
Scenario1,0,RE1,,IMPLFOELD,,2021,,,,,,,,,,,,999999.0,,,,,
Scenario1,0,RE1,,IMPLFOELD,,2022,,,,,,,,,,,,999999.0,,,,,
Scenario1,0,RE1,,IMPLFOELD,,2023,,,,,,,,,,,,999999.0,,,,,
Scenario1,0,RE1,,IMPLFOELD,,2024,,,,,,,,,,,,999999.0,,,,,
Scenario1,0,RE1,,IMPLFOELD,,2025,,,,,,,,,,,,999999.0,,,,,
Scenario1,0,RE1,,IMPLFOELD,,2026,,,,,,,,,,,,999999.0,,,,,
Scenario1,0,RE1,,IMPLFOELD,,2027,,,,,,,,,,,,999999.0,,,,,
Scenario1,0,RE1,,IMPLFOELD,,2028,,,,,,,,,,,,999999.0,,,,,
Scenario1,0,RE1,,IMPLFOELD,,2029,,,,,,,,,,,,999999.0,,,,,
Scenario1,0,RE1,,IMPLFOELD,,2030,,,,,,,,,,,,999999.0,,,,,
Scenario1,0,RE1,,IMPLFOELD,,2031,,,,,,,,,,,,999999.0,,,,,
Scenario1,0,RE1,,IMPLFOELD,,2032,,,,,,,,,,,,999999.0,,,,,
Scenario1,0,RE1,,IMPLFOELD,,2033,,,,,,,,,,,,999999.0,,,,,
Scenario1,0,RE1,,IMPLFOELD,,2034,,,,,,,,,,,,999999.0,,,,,
Scenario1,0,RE1,,IMPLFOELD,,2035,,,,,,,,,,,,999999.0,,,,,
Scenario1,0,RE1,,IMPLFOELD,,2036,,,,,,,,,,,,999999.0,,,,,
Scenario1,0,RE1,,IMPLFOELD,,2037,,,,,,,,,,,,999999.0,,,,,
Scenario1,0,RE1,,IMPLFOELD,,2038,,,,,,,,,,,,999999.0,,,,,
Scenario1,0,RE1,,IMPLFOELD,,2039,,,,,,,,,,,,999999.0,,,,,
Scenario1,0,RE1,,IMPLFOELD,,2040,,,,,,,,,,,,999999.0,,,,,
Scenario1,0,RE1,,IMPLFOELD,,2041,,,,,,,,,,,,999999.0,,,,,
Scenario1,0,RE1,,IMPLFOELD,,2042,,,,,,,,,,,,999999.0,,,,,
Scenario1,0,RE1,,IMPLFOELD,,2043,,,,,,,,,,,,999999.0,,,,,
Scenario1,0,RE1,,IMPLFOELD,,2044,,,,,,,,,,,,999999.0,,,,,
Scenario1,0,RE1,,IMPLFOELD,,2045,,,,,,,,,,,,999999.0,,,,,
Scenario1,0,RE1,,IMPLFOELD,,2046,,,,,,,,,,,,999999.0,,,,,
Scenario1,0,RE1,,IMPLFOELD,,2047,,,,,,,,,,,,999999.0,,,,,
Scenario1,0,RE1,,IMPLFOELD,,2048,,,,,,,,,,,,999999.0,,,,,
Scenario1,0,RE1,,IMPLFOELD,,2049,,,,,,,,,,,,999999.0,,,,,
Scenario1,0,RE1,,IMPLFOELD,,2050,,,,,,,,,,,,999999.0,,,,,
Scenario1,0,RE1,,IMPURN,,2019,,,,,,,,,,,,999999.0,,,,,
Scenario1,0,RE1,,IMPURN,,2020,,,,,,,,,,,,999999.0,,,,,
Scenario1,0,RE1,,IMPURN,,2021,,,,,,,,,,,,999999.0,,,,,
Scenario1,0,RE1,,IMPURN,,2022,,,,,,,,,,,,999999.0,,,,,
Scenario1,0,RE1,,IMPURN,,2023,,,,,,,,,,,,999999.0,,,,,
Scenario1,0,RE1,,IMPURN,,2024,,,,,,,,,,,,999999.0,,,,,
Scenario1,0,RE1,,IMPURN,,2025,,,,,,,,,,,,999999.0,,,,,
Scenario1,0,RE1,,IMPURN,,2026,,,,,,,,,,,,999999.0,,,,,
Scenario1,0,RE1,,IMPURN,,2027,,,,,,,,,,,,999999.0,,,,,
Scenario1,0,RE1,,IMPURN,,2028,,,,,,,,,,,,999999.0,,,,,
Scenario1,0,RE1,,IMPURN,,2029,,,,,,,,,,,,999999.0,,,,,
Scenario1,0,RE1,,IMPURN,,2030,,,,,,,,,,,,999999.0,,,,,
Scenario1,0,RE1,,IMPURN,,2031,,,,,,,,,,,,999999.0,,,,,
Scenario1,0,RE1,,IMPURN,,2032,,,,,,,,,,,,999999.0,,,,,
Scenario1,0,RE1,,IMPURN,,2033,,,,,,,,,,,,999999.0,,,,,
Scenario1,0,RE1,,IMPURN,,2034,,,,,,,,,,,,999999.0,,,,,
Scenario1,0,RE1,,IMPURN,,2035,,,,,,,,,,,,999999.0,,,,,
Scenario1,0,RE1,,IMPURN,,2036,,,,,,,,,,,,999999.0,,,,,
Scenario1,0,RE1,,IMPURN,,2037,,,,,,,,,,,,999999.0,,,,,
Scenario1,0,RE1,,IMPURN,,2038,,,,,,,,,,,,999999.0,,,,,
Scenario1,0,RE1,,IMPURN,,2039,,,,,,,,,,,,999999.0,,,,,
Scenario1,0,RE1,,IMPURN,,2040,,,,,,,,,,,,999999.0,,,,,
Scenario1,0,RE1,,IMPURN,,2041,,,,,,,,,,,,999999.0,,,,,
Scenario1,0,RE1,,IMPURN,,2042,,,,,,,,,,,,999999.0,,,,,
Scenario1,0,RE1,,IMPURN,,2043,,,,,,,,,,,,999999.0,,,,,
Scenario1,0,RE1,,IMPURN,,2044,,,,,,,,,,,,999999.0,,,,,
Scenario1,0,RE1,,IMPURN,,2045,,,,,,,,,,,,999999.0,,,,,
Scenario1,0,RE1,,IMPURN,,2046,,,,,,,,,,,,999999.0,,,,,
Scenario1,0,RE1,,IMPURN,,2047,,,,,,,,,,,,999999.0,,,,,
Scenario1,0,RE1,,IMPURN,,2048,,,,,,,,,,,,999999.0,,,,,
Scenario1,0,RE1,,IMPURN,,2049,,,,,,,,,,,,999999.0,,,,,
Scenario1,0,RE1,,IMPURN,,2050,,,,,,,,,,,,999999.0,,,,,
Scenario1,0,RE1,,MINBIO,,2019,,,,,,,,,,,,999999.0,,,,,
Scenario1,0,RE1,,MINBIO,,2020,,,,,,,,,,,,999999.0,,,,,
Scenario1,0,RE1,,MINBIO,,2021,,,,,,,,,,,,999999.0,,,,,
Scenario1,0,RE1,,MINBIO,,2022,,,,,,,,,,,,999999.0,,,,,
Scenario1,0,RE1,,MINBIO,,2023,,,,,,,,,,,,999999.0,,,,,
Scenario1,0,RE1,,MINBIO,,2024,,,,,,,,,,,,999999.0,,,,,
Scenario1,0,RE1,,MINBIO,,2025,,,,,,,,,,,,999999.0,,,,,
Scenario1,0,RE1,,MINBIO,,2026,,,,,,,,,,,,999999.0,,,,,
Scenario1,0,RE1,,MINBIO,,2027,,,,,,,,,,,,999999.0,,,,,
Scenario1,0,RE1,,MINBIO,,2028,,,,,,,,,,,,999999.0,,,,,
Scenario1,0,RE1,,MINBIO,,2029,,,,,,,,,,,,999999.0,,,,,
Scenario1,0,RE1,,MINBIO,,2030,,,,,,,,,,,,999999.0,,,,,
Scenario1,0,RE1,,MINBIO,,2031,,,,,,,,,,,,999999.0,,,,,
Scenario1,0,RE1,,MINBIO,,2032,,,,,,,,,,,,999999.0,,,,,
Scenario1,0,RE1,,MINBIO,,2033,,,,,,,,,,,,999999.0,,,,,
Scenario1,0,RE1,,MINBIO,,2034,,,,,,,,,,,,999999.0,,,,,
Scenario1,0,RE1,,MINBIO,,2035,,,,,,,,,,,,999999.0,,,,,
Scenario1,0,RE1,,MINBIO,,2036,,,,,,,,,,,,999999.0,,,,,
Scenario1,0,RE1,,MINBIO,,2037,,,,,,,,,,,,999999.0,,,,,
Scenario1,0,RE1,,MINBIO,,2038,,,,,,,,,,,,999999.0,,,,,
Scenario1,0,RE1,,MINBIO,,2039,,,,,,,,,,,,999999.0,,,,,
Scenario1,0,RE1,,MINBIO,,2040,,,,,,,,,,,,999999.0,,,,,
Scenario1,0,RE1,,MINBIO,,2041,,,,,,,,,,,,999999.0,,,,,
Scenario1,0,RE1,,MINBIO,,2042,,,,,,,,,,,,999999.0,,,,,
Scenario1,0,RE1,,MINBIO,,2043,,,,,,,,,,,,999999.0,,,,,
Scenario1,0,RE1,,MINBIO,,2044,,,,,,,,,,,,999999.0,,,,,
Scenario1,0,RE1,,MINBIO,,2045,,,,,,,,,,,,999999.0,,,,,
Scenario1,0,RE1,,MINBIO,,2046,,,,,,,,,,,,999999.0,,,,,
Scenario1,0,RE1,,MINBIO,,2047,,,,,,,,,,,,999999.0,,,,,
Scenario1,0,RE1,,MINBIO,,2048,,,,,,,,,,,,999999.0,,,,,
Scenario1,0,RE1,,MINBIO,,2049,,,,,,,,,,,,999999.0,,,,,
Scenario1,0,RE1,,MINBIO,,2050,,,,,,,,,,,,999999.0,,,,,
Scenario1,0,RE1,,MINCOA,,2019,,,,,,,,,,,,999999.0,,,,,
Scenario1,0,RE1,,MINCOA,,2020,,,,,,,,,,,,999999.0,,,,,
Scenario1,0,RE1,,MINCOA,,2021,,,,,,,,,,,,999999.0,,,,,
Scenario1,0,RE1,,MINCOA,,2022,,,,,,,,,,,,999999.0,,,,,
Scenario1,0,RE1,,MINCOA,,2023,,,,,,,,,,,,999999.0,,,,,
Scenario1,0,RE1,,MINCOA,,2024,,,,,,,,,,,,999999.0,,,,,
Scenario1,0,RE1,,MINCOA,,2025,,,,,,,,,,,,999999.0,,,,,
Scenario1,0,RE1,,MINCOA,,2026,,,,,,,,,,,,999999.0,,,,,
Scenario1,0,RE1,,MINCOA,,2027,,,,,,,,,,,,999999.0,,,,,
Scenario1,0,RE1,,MINCOA,,2028,,,,,,,,,,,,999999.0,,,,,
Scenario1,0,RE1,,MINCOA,,2029,,,,,,,,,,,,999999.0,,,,,
Scenario1,0,RE1,,MINCOA,,2030,,,,,,,,,,,,999999.0,,,,,
Scenario1,0,RE1,,MINCOA,,2031,,,,,,,,,,,,999999.0,,,,,
Scenario1,0,RE1,,MINCOA,,2032,,,,,,,,,,,,999999.0,,,,,
Scenario1,0,RE1,,MINCOA,,2033,,,,,,,,,,,,999999.0,,,,,
Scenario1,0,RE1,,MINCOA,,2034,,,,,,,,,,,,999999.0,,,,,
Scenario1,0,RE1,,MINCOA,,2035,,,,,,,,,,,,999999.0,,,,,
Scenario1,0,RE1,,MINCOA,,2036,,,,,,,,,,,,999999.0,,,,,
Scenario1,0,RE1,,MINCOA,,2037,,,,,,,,,,,,999999.0,,,,,
Scenario1,0,RE1,,MINCOA,,2038,,,,,,,,,,,,999999.0,,,,,
Scenario1,0,RE1,,MINCOA,,2039,,,,,,,,,,,,999999.0,,,,,
Scenario1,0,RE1,,MINCOA,,2040,,,,,,,,,,,,999999.0,,,,,
Scenario1,0,RE1,,MINCOA,,2041,,,,,,,,,,,,999999.0,,,,,
Scenario1,0,RE1,,MINCOA,,2042,,,,,,,,,,,,999999.0,,,,,
Scenario1,0,RE1,,MINCOA,,2043,,,,,,,,,,,,999999.0,,,,,
Scenario1,0,RE1,,MINCOA,,2044,,,,,,,,,,,,999999.0,,,,,
Scenario1,0,RE1,,MINCOA,,2045,,,,,,,,,,,,999999.0,,,,,
Scenario1,0,RE1,,MINCOA,,2046,,,,,,,,,,,,999999.0,,,,,
Scenario1,0,RE1,,MINCOA,,2047,,,,,,,,,,,,999999.0,,,,,
Scenario1,0,RE1,,MINCOA,,2048,,,,,,,,,,,,999999.0,,,,,
Scenario1,0,RE1,,MINCOA,,2049,,,,,,,,,,,,999999.0,,,,,
Scenario1,0,RE1,,MINCOA,,2050,,,,,,,,,,,,999999.0,,,,,
Scenario1,0,RE1,,MINGEO,,2019,,,,,,,,,,,,999999.0,,,,,
Scenario1,0,RE1,,MINGEO,,2020,,,,,,,,,,,,999999.0,,,,,
Scenario1,0,RE1,,MINGEO,,2021,,,,,,,,,,,,999999.0,,,,,
Scenario1,0,RE1,,MINGEO,,2022,,,,,,,,,,,,999999.0,,,,,
Scenario1,0,RE1,,MINGEO,,2023,,,,,,,,,,,,999999.0,,,,,
Scenario1,0,RE1,,MINGEO,,2024,,,,,,,,,,,,999999.0,,,,,
Scenario1,0,RE1,,MINGEO,,2025,,,,,,,,,,,,999999.0,,,,,
Scenario1,0,RE1,,MINGEO,,2026,,,,,,,,,,,,999999.0,,,,,
Scenario1,0,RE1,,MINGEO,,2027,,,,,,,,,,,,999999.0,,,,,
Scenario1,0,RE1,,MINGEO,,2028,,,,,,,,,,,,999999.0,,,,,
Scenario1,0,RE1,,MINGEO,,2029,,,,,,,,,,,,999999.0,,,,,
Scenario1,0,RE1,,MINGEO,,2030,,,,,,,,,,,,999999.0,,,,,
Scenario1,0,RE1,,MINGEO,,2031,,,,,,,,,,,,999999.0,,,,,
Scenario1,0,RE1,,MINGEO,,2032,,,,,,,,,,,,999999.0,,,,,
Scenario1,0,RE1,,MINGEO,,2033,,,,,,,,,,,,999999.0,,,,,
Scenario1,0,RE1,,MINGEO,,2034,,,,,,,,,,,,999999.0,,,,,
Scenario1,0,RE1,,MINGEO,,2035,,,,,,,,,,,,999999.0,,,,,
Scenario1,0,RE1,,MINGEO,,2036,,,,,,,,,,,,999999.0,,,,,
Scenario1,0,RE1,,MINGEO,,2037,,,,,,,,,,,,999999.0,,,,,
Scenario1,0,RE1,,MINGEO,,2038,,,,,,,,,,,,999999.0,,,,,
Scenario1,0,RE1,,MINGEO,,2039,,,,,,,,,,,,999999.0,,,,,
Scenario1,0,RE1,,MINGEO,,2040,,,,,,,,,,,,999999.0,,,,,
Scenario1,0,RE1,,MINGEO,,2041,,,,,,,,,,,,999999.0,,,,,
Scenario1,0,RE1,,MINGEO,,2042,,,,,,,,,,,,999999.0,,,,,
Scenario1,0,RE1,,MINGEO,,2043,,,,,,,,,,,,999999.0,,,,,
Scenario1,0,RE1,,MINGEO,,2044,,,,,,,,,,,,999999.0,,,,,
Scenario1,0,RE1,,MINGEO,,2045,,,,,,,,,,,,999999.0,,,,,
Scenario1,0,RE1,,MINGEO,,2046,,,,,,,,,,,,999999.0,,,,,
Scenario1,0,RE1,,MINGEO,,2047,,,,,,,,,,,,999999.0,,,,,
Scenario1,0,RE1,,MINGEO,,2048,,,,,,,,,,,,999999.0,,,,,
Scenario1,0,RE1,,MINGEO,,2049,,,,,,,,,,,,999999.0,,,,,
Scenario1,0,RE1,,MINGEO,,2050,,,,,,,,,,,,999999.0,,,,,
Scenario1,0,RE1,,MINHYD,,2019,,,,,,,,,,,,999999.0,,,,,
Scenario1,0,RE1,,MINHYD,,2020,,,,,,,,,,,,999999.0,,,,,
Scenario1,0,RE1,,MINHYD,,2021,,,,,,,,,,,,999999.0,,,,,
Scenario1,0,RE1,,MINHYD,,2022,,,,,,,,,,,,999999.0,,,,,
Scenario1,0,RE1,,MINHYD,,2023,,,,,,,,,,,,999999.0,,,,,
Scenario1,0,RE1,,MINHYD,,2024,,,,,,,,,,,,999999.0,,,,,
Scenario1,0,RE1,,MINHYD,,2025,,,,,,,,,,,,999999.0,,,,,
Scenario1,0,RE1,,MINHYD,,2026,,,,,,,,,,,,999999.0,,,,,
Scenario1,0,RE1,,MINHYD,,2027,,,,,,,,,,,,999999.0,,,,,
Scenario1,0,RE1,,MINHYD,,2028,,,,,,,,,,,,999999.0,,,,,
Scenario1,0,RE1,,MINHYD,,2029,,,,,,,,,,,,999999.0,,,,,
Scenario1,0,RE1,,MINHYD,,2030,,,,,,,,,,,,999999.0,,,,,
Scenario1,0,RE1,,MINHYD,,2031,,,,,,,,,,,,999999.0,,,,,
Scenario1,0,RE1,,MINHYD,,2032,,,,,,,,,,,,999999.0,,,,,
Scenario1,0,RE1,,MINHYD,,2033,,,,,,,,,,,,999999.0,,,,,
Scenario1,0,RE1,,MINHYD,,2034,,,,,,,,,,,,999999.0,,,,,
Scenario1,0,RE1,,MINHYD,,2035,,,,,,,,,,,,999999.0,,,,,
Scenario1,0,RE1,,MINHYD,,2036,,,,,,,,,,,,999999.0,,,,,
Scenario1,0,RE1,,MINHYD,,2037,,,,,,,,,,,,999999.0,,,,,
Scenario1,0,RE1,,MINHYD,,2038,,,,,,,,,,,,999999.0,,,,,
Scenario1,0,RE1,,MINHYD,,2039,,,,,,,,,,,,999999.0,,,,,
Scenario1,0,RE1,,MINHYD,,2040,,,,,,,,,,,,999999.0,,,,,
Scenario1,0,RE1,,MINHYD,,2041,,,,,,,,,,,,999999.0,,,,,
Scenario1,0,RE1,,MINHYD,,2042,,,,,,,,,,,,999999.0,,,,,
Scenario1,0,RE1,,MINHYD,,2043,,,,,,,,,,,,999999.0,,,,,
Scenario1,0,RE1,,MINHYD,,2044,,,,,,,,,,,,999999.0,,,,,
Scenario1,0,RE1,,MINHYD,,2045,,,,,,,,,,,,999999.0,,,,,
Scenario1,0,RE1,,MINHYD,,2046,,,,,,,,,,,,999999.0,,,,,
Scenario1,0,RE1,,MINHYD,,2047,,,,,,,,,,,,999999.0,,,,,
Scenario1,0,RE1,,MINHYD,,2048,,,,,,,,,,,,999999.0,,,,,
Scenario1,0,RE1,,MINHYD,,2049,,,,,,,,,,,,999999.0,,,,,
Scenario1,0,RE1,,MINHYD,,2050,,,,,,,,,,,,999999.0,,,,,
Scenario1,0,RE1,,MINSOL,,2019,,,,,,,,,,,,999999.0,,,,,
Scenario1,0,RE1,,MINSOL,,2020,,,,,,,,,,,,999999.0,,,,,
Scenario1,0,RE1,,MINSOL,,2021,,,,,,,,,,,,999999.0,,,,,
Scenario1,0,RE1,,MINSOL,,2022,,,,,,,,,,,,999999.0,,,,,
Scenario1,0,RE1,,MINSOL,,2023,,,,,,,,,,,,999999.0,,,,,
Scenario1,0,RE1,,MINSOL,,2024,,,,,,,,,,,,999999.0,,,,,
Scenario1,0,RE1,,MINSOL,,2025,,,,,,,,,,,,999999.0,,,,,
Scenario1,0,RE1,,MINSOL,,2026,,,,,,,,,,,,999999.0,,,,,
Scenario1,0,RE1,,MINSOL,,2027,,,,,,,,,,,,999999.0,,,,,
Scenario1,0,RE1,,MINSOL,,2028,,,,,,,,,,,,999999.0,,,,,
Scenario1,0,RE1,,MINSOL,,2029,,,,,,,,,,,,999999.0,,,,,
Scenario1,0,RE1,,MINSOL,,2030,,,,,,,,,,,,999999.0,,,,,
Scenario1,0,RE1,,MINSOL,,2031,,,,,,,,,,,,999999.0,,,,,
Scenario1,0,RE1,,MINSOL,,2032,,,,,,,,,,,,999999.0,,,,,
Scenario1,0,RE1,,MINSOL,,2033,,,,,,,,,,,,999999.0,,,,,
Scenario1,0,RE1,,MINSOL,,2034,,,,,,,,,,,,999999.0,,,,,
Scenario1,0,RE1,,MINSOL,,2035,,,,,,,,,,,,999999.0,,,,,
Scenario1,0,RE1,,MINSOL,,2036,,,,,,,,,,,,999999.0,,,,,
Scenario1,0,RE1,,MINSOL,,2037,,,,,,,,,,,,999999.0,,,,,
Scenario1,0,RE1,,MINSOL,,2038,,,,,,,,,,,,999999.0,,,,,
Scenario1,0,RE1,,MINSOL,,2039,,,,,,,,,,,,999999.0,,,,,
Scenario1,0,RE1,,MINSOL,,2040,,,,,,,,,,,,999999.0,,,,,
Scenario1,0,RE1,,MINSOL,,2041,,,,,,,,,,,,999999.0,,,,,
Scenario1,0,RE1,,MINSOL,,2042,,,,,,,,,,,,999999.0,,,,,
Scenario1,0,RE1,,MINSOL,,2043,,,,,,,,,,,,999999.0,,,,,
Scenario1,0,RE1,,MINSOL,,2044,,,,,,,,,,,,999999.0,,,,,
Scenario1,0,RE1,,MINSOL,,2045,,,,,,,,,,,,999999.0,,,,,
Scenario1,0,RE1,,MINSOL,,2046,,,,,,,,,,,,999999.0,,,,,
Scenario1,0,RE1,,MINSOL,,2047,,,,,,,,,,,,999999.0,,,,,
Scenario1,0,RE1,,MINSOL,,2048,,,,,,,,,,,,999999.0,,,,,
Scenario1,0,RE1,,MINSOL,,2049,,,,,,,,,,,,999999.0,,,,,
Scenario1,0,RE1,,MINSOL,,2050,,,,,,,,,,,,999999.0,,,,,
Scenario1,0,RE1,,MINWND,,2019,,,,,,,,,,,,999999.0,,,,,
Scenario1,0,RE1,,MINWND,,2020,,,,,,,,,,,,999999.0,,,,,
Scenario1,0,RE1,,MINWND,,2021,,,,,,,,,,,,999999.0,,,,,
Scenario1,0,RE1,,MINWND,,2022,,,,,,,,,,,,999999.0,,,,,
Scenario1,0,RE1,,MINWND,,2023,,,,,,,,,,,,999999.0,,,,,
Scenario1,0,RE1,,MINWND,,2024,,,,,,,,,,,,999999.0,,,,,
Scenario1,0,RE1,,MINWND,,2025,,,,,,,,,,,,999999.0,,,,,
Scenario1,0,RE1,,MINWND,,2026,,,,,,,,,,,,999999.0,,,,,
Scenario1,0,RE1,,MINWND,,2027,,,,,,,,,,,,999999.0,,,,,
Scenario1,0,RE1,,MINWND,,2028,,,,,,,,,,,,999999.0,,,,,
Scenario1,0,RE1,,MINWND,,2029,,,,,,,,,,,,999999.0,,,,,
Scenario1,0,RE1,,MINWND,,2030,,,,,,,,,,,,999999.0,,,,,
Scenario1,0,RE1,,MINWND,,2031,,,,,,,,,,,,999999.0,,,,,
Scenario1,0,RE1,,MINWND,,2032,,,,,,,,,,,,999999.0,,,,,
Scenario1,0,RE1,,MINWND,,2033,,,,,,,,,,,,999999.0,,,,,
Scenario1,0,RE1,,MINWND,,2034,,,,,,,,,,,,999999.0,,,,,
Scenario1,0,RE1,,MINWND,,2035,,,,,,,,,,,,999999.0,,,,,
Scenario1,0,RE1,,MINWND,,2036,,,,,,,,,,,,999999.0,,,,,
Scenario1,0,RE1,,MINWND,,2037,,,,,,,,,,,,999999.0,,,,,
Scenario1,0,RE1,,MINWND,,2038,,,,,,,,,,,,999999.0,,,,,
Scenario1,0,RE1,,MINWND,,2039,,,,,,,,,,,,999999.0,,,,,
Scenario1,0,RE1,,MINWND,,2040,,,,,,,,,,,,999999.0,,,,,
Scenario1,0,RE1,,MINWND,,2041,,,,,,,,,,,,999999.0,,,,,
Scenario1,0,RE1,,MINWND,,2042,,,,,,,,,,,,999999.0,,,,,
Scenario1,0,RE1,,MINWND,,2043,,,,,,,,,,,,999999.0,,,,,
Scenario1,0,RE1,,MINWND,,2044,,,,,,,,,,,,999999.0,,,,,
Scenario1,0,RE1,,MINWND,,2045,,,,,,,,,,,,999999.0,,,,,
Scenario1,0,RE1,,MINWND,,2046,,,,,,,,,,,,999999.0,,,,,
Scenario1,0,RE1,,MINWND,,2047,,,,,,,,,,,,999999.0,,,,,
Scenario1,0,RE1,,MINWND,,2048,,,,,,,,,,,,999999.0,,,,,
Scenario1,0,RE1,,MINWND,,2049,,,,,,,,,,,,999999.0,,,,,
Scenario1,0,RE1,,MINWND,,2050,,,,,,,,,,,,999999.0,,,,,
Scenario1,0,RE1,,BACKSTOP,,2019,,,,,,,,,,,,,,,,,0.30485752166605995
Scenario1,0,RE1,,BACKSTOP,,2020,,,,,,,,,,,,,,,,,0.3478523019568889
Scenario1,0,RE1,,BACKSTOP,,2021,,,,,,,,,,,,,,,,,0.4586050296059847
Scenario1,0,RE1,,BACKSTOP,,2022,,,,,,,,,,,,,,,,,0.25964239142084083
Scenario1,0,RE1,,BACKSTOP,,2023,,,,,,,,,,,,,,,,,0.29713466214716994
Scenario1,0,RE1,,BACKSTOP,,2024,,,,,,,,,,,,,,,,,0.34217767940794847
Scenario1,0,RE1,,BACKSTOP,,2025,,,,,,,,,,,,,,,,,0.3207655367985314
Scenario1,0,RE1,,BACKSTOP,,2026,,,,,,,,,,,,,,,,,0.0
Scenario1,0,RE1,,BACKSTOP,,2027,,,,,,,,,,,,,,,,,0.0
Scenario1,0,RE1,,BACKSTOP,,2028,,,,,,,,,,,,,,,,,0.0
Scenario1,0,RE1,,BACKSTOP,,2029,,,,,,,,,,,,,,,,,0.0
Scenario1,0,RE1,,BACKSTOP,,2030,,,,,,,,,,,,,,,,,0.0
Scenario1,0,RE1,,BACKSTOP,,2031,,,,,,,,,,,,,,,,,0.0
Scenario1,0,RE1,,BACKSTOP,,2032,,,,,,,,,,,,,,,,,0.0
Scenario1,0,RE1,,BACKSTOP,,2033,,,,,,,,,,,,,,,,,0.0
Scenario1,0,RE1,,BACKSTOP,,2034,,,,,,,,,,,,,,,,,0.0
Scenario1,0,RE1,,BACKSTOP,,2035,,,,,,,,,,,,,,,,,0.0
Scenario1,0,RE1,,BACKSTOP,,2036,,,,,,,,,,,,,,,,,0.0
Scenario1,0,RE1,,BACKSTOP,,2037,,,,,,,,,,,,,,,,,0.0
Scenario1,0,RE1,,BACKSTOP,,2038,,,,,,,,,,,,,,,,,0.0
Scenario1,0,RE1,,BACKSTOP,,2039,,,,,,,,,,,,,,,,,0.0
Scenario1,0,RE1,,BACKSTOP,,2040,,,,,,,,,,,,,,,,,0.0
Scenario1,0,RE1,,BACKSTOP,,2041,,,,,,,,,,,,,,,,,0.0
Scenario1,0,RE1,,BACKSTOP,,2042,,,,,,,,,,,,,,,,,0.0
Scenario1,0,RE1,,BACKSTOP,,2043,,,,,,,,,,,,,,,,,0.0
Scenario1,0,RE1,,BACKSTOP,,2044,,,,,,,,,,,,,,,,,0.0
Scenario1,0,RE1,,BACKSTOP,,2045,,,,,,,,,,,,,,,,,0.0
Scenario1,0,RE1,,BACKSTOP,,2046,,,,,,,,,,,,,,,,,0.0
Scenario1,0,RE1,,BACKSTOP,,2047,,,,,,,,,,,,,,,,,0.0
Scenario1,0,RE1,,BACKSTOP,,2048,,,,,,,,,,,,,,,,,0.0
Scenario1,0,RE1,,BACKSTOP,,2049,,,,,,,,,,,,,,,,,0.0
Scenario1,0,RE1,,BACKSTOP,,2050,,,,,,,,,,,,,,,,,0.0
Scenario1,0,RE1,,BESS_TECH,,2019,,,,,,,,,,,,,,,,,0.0
Scenario1,0,RE1,,BESS_TECH,,2020,,,,,,,,,,,,,,,,,0.0
Scenario1,0,RE1,,BESS_TECH,,2021,,,,,,,,,,,,,,,,,0.0
Scenario1,0,RE1,,BESS_TECH,,2022,,,,,,,,,,,,,,,,,0.0
Scenario1,0,RE1,,BESS_TECH,,2023,,,,,,,,,,,,,,,,,0.0
Scenario1,0,RE1,,BESS_TECH,,2024,,,,,,,,,,,,,,,,,0.1
Scenario1,0,RE1,,BESS_TECH,,2025,,,,,,,,,,,,,,,,,0.25
Scenario1,0,RE1,,BESS_TECH,,2026,,,,,,,,,,,,,,,,,0.3452353736652259
Scenario1,0,RE1,,BESS_TECH,,2027,,,,,,,,,,,,,,,,,0.41794898751660325
Scenario1,0,RE1,,BESS_TECH,,2028,,,,,,,,,,,,,,,,,0.5514946347220189
Scenario1,0,RE1,,BESS_TECH,,2029,,,,,,,,,,,,,,,,,0.5833722872866285
Scenario1,0,RE1,,BESS_TECH,,2030,,,,,,,,,,,,,,,,,0.8019209208488776
Scenario1,0,RE1,,BESS_TECH,,2031,,,,,,,,,,,,,,,,,1.0291516546622026
Scenario1,0,RE1,,BESS_TECH,,2032,,,,,,,,,,,,,,,,,1.1248870538203306
Scenario1,0,RE1,,BESS_TECH,,2033,,,,,,,,,,,,,,,,,1.2598024760620563
Scenario1,0,RE1,,BESS_TECH,,2034,,,,,,,,,,,,,,,,,1.1598024760620562
Scenario1,0,RE1,,BESS_TECH,,2035,,,,,,,,,,,,,,,,,1.16762537022027
Scenario1,0,RE1,,BESS_TECH,,2036,,,,,,,,,,,,,,,,,1.36066986707326
Scenario1,0,RE1,,BESS_TECH,,2037,,,,,,,,,,,,,,,,,1.496413257340885
Scenario1,0,RE1,,BESS_TECH,,2038,,,,,,,,,,,,,,,,,1.6066765043610745
Scenario1,0,RE1,,BESS_TECH,,2039,,,,,,,,,,,,,,,,,1.7461055595749253
Scenario1,0,RE1,,BESS_TECH,,2040,,,,,,,,,,,,,,,,,1.8988048008774896
Scenario1,0,RE1,,BESS_TECH,,2041,,,,,,,,,,,,,,,,,2.341496294229369
Scenario1,0,RE1,,BESS_TECH,,2042,,,,,,,,,,,,,,,,,2.561975110012301
Scenario1,0,RE1,,BESS_TECH,,2043,,,,,,,,,,,,,,,,,2.7884693330683676
Scenario1,0,RE1,,BESS_TECH,,2044,,,,,,,,,,,,,,,,,2.980670853703179
Scenario1,0,RE1,,BESS_TECH,,2045,,,,,,,,,,,,,,,,,3.221961778134702
Scenario1,0,RE1,,BESS_TECH,,2046,,,,,,,,,,,,,,,,,3.47534728614389
Scenario1,0,RE1,,BESS_TECH,,2047,,,,,,,,,,,,,,,,,3.948652003649906
Scenario1,0,RE1,,BESS_TECH,,2048,,,,,,,,,,,,,,,,,4.370307043077391
Scenario1,0,RE1,,BESS_TECH,,2049,,,,,,,,,,,,,,,,,4.68932489704371
Scenario1,0,RE1,,BESS_TECH,,2050,,,,,,,,,,,,,,,,,5.024914917891523
Scenario1,0,RE1,,DEMCOMELC,,2019,,,,,,,,,,,,,,,,,1.1747365095775537
Scenario1,0,RE1,,DEMCOMELC,,2020,,,,,,,,,,,,,,,,,1.1747365095775537
Scenario1,0,RE1,,DEMCOMELC,,2021,,,,,,,,,,,,,,,,,1.1747365095775537
Scenario1,0,RE1,,DEMCOMELC,,2022,,,,,,,,,,,,,,,,,1.1747365095775537
Scenario1,0,RE1,,DEMCOMELC,,2023,,,,,,,,,,,,,,,,,1.1747365095775537
Scenario1,0,RE1,,DEMCOMELC,,2024,,,,,,,,,,,,,,,,,1.1747365095775537
Scenario1,0,RE1,,DEMCOMELC,,2025,,,,,,,,,,,,,,,,,1.1747365095775537
Scenario1,0,RE1,,DEMCOMELC,,2026,,,,,,,,,,,,,,,,,1.1747365095775537
Scenario1,0,RE1,,DEMCOMELC,,2027,,,,,,,,,,,,,,,,,1.1747365095775537
Scenario1,0,RE1,,DEMCOMELC,,2028,,,,,,,,,,,,,,,,,1.1747365095775537
Scenario1,0,RE1,,DEMCOMELC,,2029,,,,,,,,,,,,,,,,,1.1747365095775537
Scenario1,0,RE1,,DEMCOMELC,,2030,,,,,,,,,,,,,,,,,1.1747365095775537
Scenario1,0,RE1,,DEMCOMELC,,2031,,,,,,,,,,,,,,,,,1.1747365095775537
Scenario1,0,RE1,,DEMCOMELC,,2032,,,,,,,,,,,,,,,,,1.1747365095775537
Scenario1,0,RE1,,DEMCOMELC,,2033,,,,,,,,,,,,,,,,,1.1747365095775537
Scenario1,0,RE1,,DEMCOMELC,,2034,,,,,,,,,,,,,,,,,1.1747365095775537
Scenario1,0,RE1,,DEMCOMELC,,2035,,,,,,,,,,,,,,,,,1.1747365095775537
Scenario1,0,RE1,,DEMCOMELC,,2036,,,,,,,,,,,,,,,,,1.1747365095775537
Scenario1,0,RE1,,DEMCOMELC,,2037,,,,,,,,,,,,,,,,,1.1747365095775537
Scenario1,0,RE1,,DEMCOMELC,,2038,,,,,,,,,,,,,,,,,1.1747365095775537
Scenario1,0,RE1,,DEMCOMELC,,2039,,,,,,,,,,,,,,,,,1.1747365095775537
Scenario1,0,RE1,,DEMCOMELC,,2040,,,,,,,,,,,,,,,,,1.1747365095775537
Scenario1,0,RE1,,DEMCOMELC,,2041,,,,,,,,,,,,,,,,,1.1747365095775537
Scenario1,0,RE1,,DEMCOMELC,,2042,,,,,,,,,,,,,,,,,1.1747365095775537
Scenario1,0,RE1,,DEMCOMELC,,2043,,,,,,,,,,,,,,,,,1.1747365095775537
Scenario1,0,RE1,,DEMCOMELC,,2044,,,,,,,,,,,,,,,,,1.1747365095775537
Scenario1,0,RE1,,DEMCOMELC,,2045,,,,,,,,,,,,,,,,,1.1747365095775537
Scenario1,0,RE1,,DEMCOMELC,,2046,,,,,,,,,,,,,,,,,1.1747365095775537
Scenario1,0,RE1,,DEMCOMELC,,2047,,,,,,,,,,,,,,,,,1.1747365095775537
Scenario1,0,RE1,,DEMCOMELC,,2048,,,,,,,,,,,,,,,,,1.1747365095775537
Scenario1,0,RE1,,DEMCOMELC,,2049,,,,,,,,,,,,,,,,,1.1747365095775537
Scenario1,0,RE1,,DEMCOMELC,,2050,,,,,,,,,,,,,,,,,999999.0
Scenario1,0,RE1,,DEMINDELC,,2019,,,,,,,,,,,,,,,,,4.047028373682548
Scenario1,0,RE1,,DEMINDELC,,2020,,,,,,,,,,,,,,,,,4.047028373682548
Scenario1,0,RE1,,DEMINDELC,,2021,,,,,,,,,,,,,,,,,4.047028373682548
Scenario1,0,RE1,,DEMINDELC,,2022,,,,,,,,,,,,,,,,,4.047028373682548
Scenario1,0,RE1,,DEMINDELC,,2023,,,,,,,,,,,,,,,,,4.047028373682548
Scenario1,0,RE1,,DEMINDELC,,2024,,,,,,,,,,,,,,,,,4.047028373682548
Scenario1,0,RE1,,DEMINDELC,,2025,,,,,,,,,,,,,,,,,4.047028373682548
Scenario1,0,RE1,,DEMINDELC,,2026,,,,,,,,,,,,,,,,,4.047028373682548
Scenario1,0,RE1,,DEMINDELC,,2027,,,,,,,,,,,,,,,,,4.047028373682548
Scenario1,0,RE1,,DEMINDELC,,2028,,,,,,,,,,,,,,,,,4.047028373682548
Scenario1,0,RE1,,DEMINDELC,,2029,,,,,,,,,,,,,,,,,4.047028373682548
Scenario1,0,RE1,,DEMINDELC,,2030,,,,,,,,,,,,,,,,,4.047028373682548
Scenario1,0,RE1,,DEMINDELC,,2031,,,,,,,,,,,,,,,,,4.047028373682548
Scenario1,0,RE1,,DEMINDELC,,2032,,,,,,,,,,,,,,,,,4.047028373682548
Scenario1,0,RE1,,DEMINDELC,,2033,,,,,,,,,,,,,,,,,4.047028373682548
Scenario1,0,RE1,,DEMINDELC,,2034,,,,,,,,,,,,,,,,,4.047028373682548
Scenario1,0,RE1,,DEMINDELC,,2035,,,,,,,,,,,,,,,,,4.047028373682548
Scenario1,0,RE1,,DEMINDELC,,2036,,,,,,,,,,,,,,,,,4.047028373682548
Scenario1,0,RE1,,DEMINDELC,,2037,,,,,,,,,,,,,,,,,4.047028373682548
Scenario1,0,RE1,,DEMINDELC,,2038,,,,,,,,,,,,,,,,,4.047028373682548
Scenario1,0,RE1,,DEMINDELC,,2039,,,,,,,,,,,,,,,,,4.047028373682548
Scenario1,0,RE1,,DEMINDELC,,2040,,,,,,,,,,,,,,,,,4.047028373682548
Scenario1,0,RE1,,DEMINDELC,,2041,,,,,,,,,,,,,,,,,4.047028373682548
Scenario1,0,RE1,,DEMINDELC,,2042,,,,,,,,,,,,,,,,,4.047028373682548
Scenario1,0,RE1,,DEMINDELC,,2043,,,,,,,,,,,,,,,,,4.047028373682548
Scenario1,0,RE1,,DEMINDELC,,2044,,,,,,,,,,,,,,,,,4.047028373682548
Scenario1,0,RE1,,DEMINDELC,,2045,,,,,,,,,,,,,,,,,4.047028373682548
Scenario1,0,RE1,,DEMINDELC,,2046,,,,,,,,,,,,,,,,,4.047028373682548
Scenario1,0,RE1,,DEMINDELC,,2047,,,,,,,,,,,,,,,,,4.047028373682548
Scenario1,0,RE1,,DEMINDELC,,2048,,,,,,,,,,,,,,,,,4.047028373682548
Scenario1,0,RE1,,DEMINDELC,,2049,,,,,,,,,,,,,,,,,4.047028373682548
Scenario1,0,RE1,,DEMINDELC,,2050,,,,,,,,,,,,,,,,,999999.0
Scenario1,0,RE1,,DEMRESELC,,2019,,,,,,,,,,,,,,,,,2.588292625140001
Scenario1,0,RE1,,DEMRESELC,,2020,,,,,,,,,,,,,,,,,2.588292625140001
Scenario1,0,RE1,,DEMRESELC,,2021,,,,,,,,,,,,,,,,,2.588292625140001
Scenario1,0,RE1,,DEMRESELC,,2022,,,,,,,,,,,,,,,,,2.588292625140001
Scenario1,0,RE1,,DEMRESELC,,2023,,,,,,,,,,,,,,,,,2.588292625140001
Scenario1,0,RE1,,DEMRESELC,,2024,,,,,,,,,,,,,,,,,2.588292625140001
Scenario1,0,RE1,,DEMRESELC,,2025,,,,,,,,,,,,,,,,,2.588292625140001
Scenario1,0,RE1,,DEMRESELC,,2026,,,,,,,,,,,,,,,,,2.588292625140001
Scenario1,0,RE1,,DEMRESELC,,2027,,,,,,,,,,,,,,,,,2.588292625140001
Scenario1,0,RE1,,DEMRESELC,,2028,,,,,,,,,,,,,,,,,2.588292625140001
Scenario1,0,RE1,,DEMRESELC,,2029,,,,,,,,,,,,,,,,,2.588292625140001
Scenario1,0,RE1,,DEMRESELC,,2030,,,,,,,,,,,,,,,,,2.588292625140001
Scenario1,0,RE1,,DEMRESELC,,2031,,,,,,,,,,,,,,,,,2.588292625140001
Scenario1,0,RE1,,DEMRESELC,,2032,,,,,,,,,,,,,,,,,2.588292625140001
Scenario1,0,RE1,,DEMRESELC,,2033,,,,,,,,,,,,,,,,,2.588292625140001
Scenario1,0,RE1,,DEMRESELC,,2034,,,,,,,,,,,,,,,,,2.588292625140001
Scenario1,0,RE1,,DEMRESELC,,2035,,,,,,,,,,,,,,,,,2.588292625140001
Scenario1,0,RE1,,DEMRESELC,,2036,,,,,,,,,,,,,,,,,2.588292625140001
Scenario1,0,RE1,,DEMRESELC,,2037,,,,,,,,,,,,,,,,,2.588292625140001
Scenario1,0,RE1,,DEMRESELC,,2038,,,,,,,,,,,,,,,,,2.588292625140001
Scenario1,0,RE1,,DEMRESELC,,2039,,,,,,,,,,,,,,,,,2.588292625140001
Scenario1,0,RE1,,DEMRESELC,,2040,,,,,,,,,,,,,,,,,2.588292625140001
Scenario1,0,RE1,,DEMRESELC,,2041,,,,,,,,,,,,,,,,,2.588292625140001
Scenario1,0,RE1,,DEMRESELC,,2042,,,,,,,,,,,,,,,,,2.588292625140001
Scenario1,0,RE1,,DEMRESELC,,2043,,,,,,,,,,,,,,,,,2.588292625140001
Scenario1,0,RE1,,DEMRESELC,,2044,,,,,,,,,,,,,,,,,2.588292625140001
Scenario1,0,RE1,,DEMRESELC,,2045,,,,,,,,,,,,,,,,,2.588292625140001
Scenario1,0,RE1,,DEMRESELC,,2046,,,,,,,,,,,,,,,,,2.588292625140001
Scenario1,0,RE1,,DEMRESELC,,2047,,,,,,,,,,,,,,,,,2.588292625140001
Scenario1,0,RE1,,DEMRESELC,,2048,,,,,,,,,,,,,,,,,2.588292625140001
Scenario1,0,RE1,,DEMRESELC,,2049,,,,,,,,,,,,,,,,,2.588292625140001
Scenario1,0,RE1,,DEMRESELC,,2050,,,,,,,,,,,,,,,,,999999.0
Scenario1,0,RE1,,EXPELC,,2019,,,,,,,,,,,,,,,,,0.0
Scenario1,0,RE1,,EXPELC,,2020,,,,,,,,,,,,,,,,,0.0
Scenario1,0,RE1,,EXPELC,,2021,,,,,,,,,,,,,,,,,0.0
Scenario1,0,RE1,,EXPELC,,2022,,,,,,,,,,,,,,,,,0.0
Scenario1,0,RE1,,EXPELC,,2023,,,,,,,,,,,,,,,,,0.0
Scenario1,0,RE1,,EXPELC,,2024,,,,,,,,,,,,,,,,,0.0
Scenario1,0,RE1,,EXPELC,,2025,,,,,,,,,,,,,,,,,0.0
Scenario1,0,RE1,,EXPELC,,2026,,,,,,,,,,,,,,,,,0.0
Scenario1,0,RE1,,EXPELC,,2027,,,,,,,,,,,,,,,,,0.0
Scenario1,0,RE1,,EXPELC,,2028,,,,,,,,,,,,,,,,,0.0
Scenario1,0,RE1,,EXPELC,,2029,,,,,,,,,,,,,,,,,0.0
Scenario1,0,RE1,,EXPELC,,2030,,,,,,,,,,,,,,,,,0.0
Scenario1,0,RE1,,EXPELC,,2031,,,,,,,,,,,,,,,,,0.0
Scenario1,0,RE1,,EXPELC,,2032,,,,,,,,,,,,,,,,,0.0
Scenario1,0,RE1,,EXPELC,,2033,,,,,,,,,,,,,,,,,0.0
Scenario1,0,RE1,,EXPELC,,2034,,,,,,,,,,,,,,,,,0.0
Scenario1,0,RE1,,EXPELC,,2035,,,,,,,,,,,,,,,,,0.0
Scenario1,0,RE1,,EXPELC,,2036,,,,,,,,,,,,,,,,,0.0
Scenario1,0,RE1,,EXPELC,,2037,,,,,,,,,,,,,,,,,0.0
Scenario1,0,RE1,,EXPELC,,2038,,,,,,,,,,,,,,,,,0.0
Scenario1,0,RE1,,EXPELC,,2039,,,,,,,,,,,,,,,,,0.0
Scenario1,0,RE1,,EXPELC,,2040,,,,,,,,,,,,,,,,,0.0
Scenario1,0,RE1,,EXPELC,,2041,,,,,,,,,,,,,,,,,0.0
Scenario1,0,RE1,,EXPELC,,2042,,,,,,,,,,,,,,,,,0.0
Scenario1,0,RE1,,EXPELC,,2043,,,,,,,,,,,,,,,,,0.0
Scenario1,0,RE1,,EXPELC,,2044,,,,,,,,,,,,,,,,,0.0
Scenario1,0,RE1,,EXPELC,,2045,,,,,,,,,,,,,,,,,0.0
Scenario1,0,RE1,,EXPELC,,2046,,,,,,,,,,,,,,,,,0.0
Scenario1,0,RE1,,EXPELC,,2047,,,,,,,,,,,,,,,,,0.0
Scenario1,0,RE1,,EXPELC,,2048,,,,,,,,,,,,,,,,,0.0
Scenario1,0,RE1,,EXPELC,,2049,,,,,,,,,,,,,,,,,0.0
Scenario1,0,RE1,,EXPELC,,2050,,,,,,,,,,,,,,,,,999999.0
Scenario1,0,RE1,,IMPBIO,,2019,,,,,,,,,,,,,,,,,999999.0
Scenario1,0,RE1,,IMPBIO,,2020,,,,,,,,,,,,,,,,,999999.0
Scenario1,0,RE1,,IMPBIO,,2021,,,,,,,,,,,,,,,,,999999.0
Scenario1,0,RE1,,IMPBIO,,2022,,,,,,,,,,,,,,,,,999999.0
Scenario1,0,RE1,,IMPBIO,,2023,,,,,,,,,,,,,,,,,999999.0
Scenario1,0,RE1,,IMPBIO,,2024,,,,,,,,,,,,,,,,,999999.0
Scenario1,0,RE1,,IMPBIO,,2025,,,,,,,,,,,,,,,,,999999.0
Scenario1,0,RE1,,IMPBIO,,2026,,,,,,,,,,,,,,,,,999999.0
Scenario1,0,RE1,,IMPBIO,,2027,,,,,,,,,,,,,,,,,999999.0
Scenario1,0,RE1,,IMPBIO,,2028,,,,,,,,,,,,,,,,,999999.0
Scenario1,0,RE1,,IMPBIO,,2029,,,,,,,,,,,,,,,,,999999.0
Scenario1,0,RE1,,IMPBIO,,2030,,,,,,,,,,,,,,,,,999999.0
Scenario1,0,RE1,,IMPBIO,,2031,,,,,,,,,,,,,,,,,999999.0
Scenario1,0,RE1,,IMPBIO,,2032,,,,,,,,,,,,,,,,,999999.0
Scenario1,0,RE1,,IMPBIO,,2033,,,,,,,,,,,,,,,,,999999.0
Scenario1,0,RE1,,IMPBIO,,2034,,,,,,,,,,,,,,,,,999999.0
Scenario1,0,RE1,,IMPBIO,,2035,,,,,,,,,,,,,,,,,999999.0
Scenario1,0,RE1,,IMPBIO,,2036,,,,,,,,,,,,,,,,,999999.0
Scenario1,0,RE1,,IMPBIO,,2037,,,,,,,,,,,,,,,,,999999.0
Scenario1,0,RE1,,IMPBIO,,2038,,,,,,,,,,,,,,,,,999999.0
Scenario1,0,RE1,,IMPBIO,,2039,,,,,,,,,,,,,,,,,999999.0
Scenario1,0,RE1,,IMPBIO,,2040,,,,,,,,,,,,,,,,,999999.0
Scenario1,0,RE1,,IMPBIO,,2041,,,,,,,,,,,,,,,,,999999.0
Scenario1,0,RE1,,IMPBIO,,2042,,,,,,,,,,,,,,,,,999999.0
Scenario1,0,RE1,,IMPBIO,,2043,,,,,,,,,,,,,,,,,999999.0
Scenario1,0,RE1,,IMPBIO,,2044,,,,,,,,,,,,,,,,,999999.0
Scenario1,0,RE1,,IMPBIO,,2045,,,,,,,,,,,,,,,,,999999.0
Scenario1,0,RE1,,IMPBIO,,2046,,,,,,,,,,,,,,,,,999999.0
Scenario1,0,RE1,,IMPBIO,,2047,,,,,,,,,,,,,,,,,999999.0
Scenario1,0,RE1,,IMPBIO,,2048,,,,,,,,,,,,,,,,,999999.0
Scenario1,0,RE1,,IMPBIO,,2049,,,,,,,,,,,,,,,,,999999.0
Scenario1,0,RE1,,IMPBIO,,2050,,,,,,,,,,,,,,,,,999999.0
Scenario1,0,RE1,,IMPCOA,,2019,,,,,,,,,,,,,,,,,999999.0
Scenario1,0,RE1,,IMPCOA,,2020,,,,,,,,,,,,,,,,,999999.0
Scenario1,0,RE1,,IMPCOA,,2021,,,,,,,,,,,,,,,,,999999.0
Scenario1,0,RE1,,IMPCOA,,2022,,,,,,,,,,,,,,,,,999999.0
Scenario1,0,RE1,,IMPCOA,,2023,,,,,,,,,,,,,,,,,999999.0
Scenario1,0,RE1,,IMPCOA,,2024,,,,,,,,,,,,,,,,,999999.0
Scenario1,0,RE1,,IMPCOA,,2025,,,,,,,,,,,,,,,,,999999.0
Scenario1,0,RE1,,IMPCOA,,2026,,,,,,,,,,,,,,,,,999999.0
Scenario1,0,RE1,,IMPCOA,,2027,,,,,,,,,,,,,,,,,999999.0
Scenario1,0,RE1,,IMPCOA,,2028,,,,,,,,,,,,,,,,,999999.0
Scenario1,0,RE1,,IMPCOA,,2029,,,,,,,,,,,,,,,,,999999.0
Scenario1,0,RE1,,IMPCOA,,2030,,,,,,,,,,,,,,,,,999999.0
Scenario1,0,RE1,,IMPCOA,,2031,,,,,,,,,,,,,,,,,999999.0
Scenario1,0,RE1,,IMPCOA,,2032,,,,,,,,,,,,,,,,,999999.0
Scenario1,0,RE1,,IMPCOA,,2033,,,,,,,,,,,,,,,,,999999.0
Scenario1,0,RE1,,IMPCOA,,2034,,,,,,,,,,,,,,,,,999999.0
Scenario1,0,RE1,,IMPCOA,,2035,,,,,,,,,,,,,,,,,999999.0
Scenario1,0,RE1,,IMPCOA,,2036,,,,,,,,,,,,,,,,,999999.0
Scenario1,0,RE1,,IMPCOA,,2037,,,,,,,,,,,,,,,,,999999.0
Scenario1,0,RE1,,IMPCOA,,2038,,,,,,,,,,,,,,,,,999999.0
Scenario1,0,RE1,,IMPCOA,,2039,,,,,,,,,,,,,,,,,999999.0
Scenario1,0,RE1,,IMPCOA,,2040,,,,,,,,,,,,,,,,,999999.0
Scenario1,0,RE1,,IMPCOA,,2041,,,,,,,,,,,,,,,,,999999.0
Scenario1,0,RE1,,IMPCOA,,2042,,,,,,,,,,,,,,,,,999999.0
Scenario1,0,RE1,,IMPCOA,,2043,,,,,,,,,,,,,,,,,999999.0
Scenario1,0,RE1,,IMPCOA,,2044,,,,,,,,,,,,,,,,,999999.0
Scenario1,0,RE1,,IMPCOA,,2045,,,,,,,,,,,,,,,,,999999.0
Scenario1,0,RE1,,IMPCOA,,2046,,,,,,,,,,,,,,,,,999999.0
Scenario1,0,RE1,,IMPCOA,,2047,,,,,,,,,,,,,,,,,999999.0
Scenario1,0,RE1,,IMPCOA,,2048,,,,,,,,,,,,,,,,,999999.0
Scenario1,0,RE1,,IMPCOA,,2049,,,,,,,,,,,,,,,,,999999.0
Scenario1,0,RE1,,IMPCOA,,2050,,,,,,,,,,,,,,,,,999999.0
Scenario1,0,RE1,,IMPELC001,,2019,,,,,,,,,,,,,,,,,0.0
Scenario1,0,RE1,,IMPELC001,,2020,,,,,,,,,,,,,,,,,0.0
Scenario1,0,RE1,,IMPELC001,,2021,,,,,,,,,,,,,,,,,0.0
Scenario1,0,RE1,,IMPELC001,,2022,,,,,,,,,,,,,,,,,0.2
Scenario1,0,RE1,,IMPELC001,,2023,,,,,,,,,,,,,,,,,0.2
Scenario1,0,RE1,,IMPELC001,,2024,,,,,,,,,,,,,,,,,0.2
Scenario1,0,RE1,,IMPELC001,,2025,,,,,,,,,,,,,,,,,0.2
Scenario1,0,RE1,,IMPELC001,,2026,,,,,,,,,,,,,,,,,0.4
Scenario1,0,RE1,,IMPELC001,,2027,,,,,,,,,,,,,,,,,0.4
Scenario1,0,RE1,,IMPELC001,,2028,,,,,,,,,,,,,,,,,0.4
Scenario1,0,RE1,,IMPELC001,,2029,,,,,,,,,,,,,,,,,0.4
Scenario1,0,RE1,,IMPELC001,,2030,,,,,,,,,,,,,,,,,0.4
Scenario1,0,RE1,,IMPELC001,,2031,,,,,,,,,,,,,,,,,0.4
Scenario1,0,RE1,,IMPELC001,,2032,,,,,,,,,,,,,,,,,0.4
Scenario1,0,RE1,,IMPELC001,,2033,,,,,,,,,,,,,,,,,0.4
Scenario1,0,RE1,,IMPELC001,,2034,,,,,,,,,,,,,,,,,0.4
Scenario1,0,RE1,,IMPELC001,,2035,,,,,,,,,,,,,,,,,0.4
Scenario1,0,RE1,,IMPELC001,,2036,,,,,,,,,,,,,,,,,0.4
Scenario1,0,RE1,,IMPELC001,,2037,,,,,,,,,,,,,,,,,0.4
Scenario1,0,RE1,,IMPELC001,,2038,,,,,,,,,,,,,,,,,0.4
Scenario1,0,RE1,,IMPELC001,,2039,,,,,,,,,,,,,,,,,0.4
Scenario1,0,RE1,,IMPELC001,,2040,,,,,,,,,,,,,,,,,0.4
Scenario1,0,RE1,,IMPELC001,,2041,,,,,,,,,,,,,,,,,0.4
Scenario1,0,RE1,,IMPELC001,,2042,,,,,,,,,,,,,,,,,0.4
Scenario1,0,RE1,,IMPELC001,,2043,,,,,,,,,,,,,,,,,0.4
Scenario1,0,RE1,,IMPELC001,,2044,,,,,,,,,,,,,,,,,0.4
Scenario1,0,RE1,,IMPELC001,,2045,,,,,,,,,,,,,,,,,0.4
Scenario1,0,RE1,,IMPELC001,,2046,,,,,,,,,,,,,,,,,0.4
Scenario1,0,RE1,,IMPELC001,,2047,,,,,,,,,,,,,,,,,0.4
Scenario1,0,RE1,,IMPELC001,,2048,,,,,,,,,,,,,,,,,0.4
Scenario1,0,RE1,,IMPELC001,,2049,,,,,,,,,,,,,,,,,0.4
Scenario1,0,RE1,,IMPELC001,,2050,,,,,,,,,,,,,,,,,0.4
Scenario1,0,RE1,,IMPELC002,,2019,,,,,,,,,,,,,,,,,0.05
Scenario1,0,RE1,,IMPELC002,,2020,,,,,,,,,,,,,,,,,0.05
Scenario1,0,RE1,,IMPELC002,,2021,,,,,,,,,,,,,,,,,0.05
Scenario1,0,RE1,,IMPELC002,,2022,,,,,,,,,,,,,,,,,0.05
Scenario1,0,RE1,,IMPELC002,,2023,,,,,,,,,,,,,,,,,0.05
Scenario1,0,RE1,,IMPELC002,,2024,,,,,,,,,,,,,,,,,0.05
Scenario1,0,RE1,,IMPELC002,,2025,,,,,,,,,,,,,,,,,0.05
Scenario1,0,RE1,,IMPELC002,,2026,,,,,,,,,,,,,,,,,0.0
Scenario1,0,RE1,,IMPELC002,,2027,,,,,,,,,,,,,,,,,0.0
Scenario1,0,RE1,,IMPELC002,,2028,,,,,,,,,,,,,,,,,0.0
Scenario1,0,RE1,,IMPELC002,,2029,,,,,,,,,,,,,,,,,0.0
Scenario1,0,RE1,,IMPELC002,,2030,,,,,,,,,,,,,,,,,0.0
Scenario1,0,RE1,,IMPELC002,,2031,,,,,,,,,,,,,,,,,0.0
Scenario1,0,RE1,,IMPELC002,,2032,,,,,,,,,,,,,,,,,0.0
Scenario1,0,RE1,,IMPELC002,,2033,,,,,,,,,,,,,,,,,0.0
Scenario1,0,RE1,,IMPELC002,,2034,,,,,,,,,,,,,,,,,0.0
Scenario1,0,RE1,,IMPELC002,,2035,,,,,,,,,,,,,,,,,0.0
Scenario1,0,RE1,,IMPELC002,,2036,,,,,,,,,,,,,,,,,0.0
Scenario1,0,RE1,,IMPELC002,,2037,,,,,,,,,,,,,,,,,0.0
Scenario1,0,RE1,,IMPELC002,,2038,,,,,,,,,,,,,,,,,0.0
Scenario1,0,RE1,,IMPELC002,,2039,,,,,,,,,,,,,,,,,0.0
Scenario1,0,RE1,,IMPELC002,,2040,,,,,,,,,,,,,,,,,0.0
Scenario1,0,RE1,,IMPELC002,,2041,,,,,,,,,,,,,,,,,0.0
Scenario1,0,RE1,,IMPELC002,,2042,,,,,,,,,,,,,,,,,0.0
Scenario1,0,RE1,,IMPELC002,,2043,,,,,,,,,,,,,,,,,0.0
Scenario1,0,RE1,,IMPELC002,,2044,,,,,,,,,,,,,,,,,0.0
Scenario1,0,RE1,,IMPELC002,,2045,,,,,,,,,,,,,,,,,0.0
Scenario1,0,RE1,,IMPELC002,,2046,,,,,,,,,,,,,,,,,0.0
Scenario1,0,RE1,,IMPELC002,,2047,,,,,,,,,,,,,,,,,0.0
Scenario1,0,RE1,,IMPELC002,,2048,,,,,,,,,,,,,,,,,0.0
Scenario1,0,RE1,,IMPELC002,,2049,,,,,,,,,,,,,,,,,0.0
Scenario1,0,RE1,,IMPELC002,,2050,,,,,,,,,,,,,,,,,0.0
Scenario1,0,RE1,,IMPHFOMOM,,2019,,,,,,,,,,,,,,,,,999999.0
Scenario1,0,RE1,,IMPHFOMOM,,2020,,,,,,,,,,,,,,,,,999999.0
Scenario1,0,RE1,,IMPHFOMOM,,2021,,,,,,,,,,,,,,,,,999999.0
Scenario1,0,RE1,,IMPHFOMOM,,2022,,,,,,,,,,,,,,,,,999999.0
Scenario1,0,RE1,,IMPHFOMOM,,2023,,,,,,,,,,,,,,,,,999999.0
Scenario1,0,RE1,,IMPHFOMOM,,2024,,,,,,,,,,,,,,,,,999999.0
Scenario1,0,RE1,,IMPHFOMOM,,2025,,,,,,,,,,,,,,,,,999999.0
Scenario1,0,RE1,,IMPHFOMOM,,2026,,,,,,,,,,,,,,,,,999999.0
Scenario1,0,RE1,,IMPHFOMOM,,2027,,,,,,,,,,,,,,,,,999999.0
Scenario1,0,RE1,,IMPHFOMOM,,2028,,,,,,,,,,,,,,,,,999999.0
Scenario1,0,RE1,,IMPHFOMOM,,2029,,,,,,,,,,,,,,,,,999999.0
Scenario1,0,RE1,,IMPHFOMOM,,2030,,,,,,,,,,,,,,,,,999999.0
Scenario1,0,RE1,,IMPHFOMOM,,2031,,,,,,,,,,,,,,,,,999999.0
Scenario1,0,RE1,,IMPHFOMOM,,2032,,,,,,,,,,,,,,,,,999999.0
Scenario1,0,RE1,,IMPHFOMOM,,2033,,,,,,,,,,,,,,,,,999999.0
Scenario1,0,RE1,,IMPHFOMOM,,2034,,,,,,,,,,,,,,,,,999999.0
Scenario1,0,RE1,,IMPHFOMOM,,2035,,,,,,,,,,,,,,,,,999999.0
Scenario1,0,RE1,,IMPHFOMOM,,2036,,,,,,,,,,,,,,,,,999999.0
Scenario1,0,RE1,,IMPHFOMOM,,2037,,,,,,,,,,,,,,,,,999999.0
Scenario1,0,RE1,,IMPHFOMOM,,2038,,,,,,,,,,,,,,,,,999999.0
Scenario1,0,RE1,,IMPHFOMOM,,2039,,,,,,,,,,,,,,,,,999999.0
Scenario1,0,RE1,,IMPHFOMOM,,2040,,,,,,,,,,,,,,,,,999999.0
Scenario1,0,RE1,,IMPHFOMOM,,2041,,,,,,,,,,,,,,,,,999999.0
Scenario1,0,RE1,,IMPHFOMOM,,2042,,,,,,,,,,,,,,,,,999999.0
Scenario1,0,RE1,,IMPHFOMOM,,2043,,,,,,,,,,,,,,,,,999999.0
Scenario1,0,RE1,,IMPHFOMOM,,2044,,,,,,,,,,,,,,,,,999999.0
Scenario1,0,RE1,,IMPHFOMOM,,2045,,,,,,,,,,,,,,,,,999999.0
Scenario1,0,RE1,,IMPHFOMOM,,2046,,,,,,,,,,,,,,,,,999999.0
Scenario1,0,RE1,,IMPHFOMOM,,2047,,,,,,,,,,,,,,,,,999999.0
Scenario1,0,RE1,,IMPHFOMOM,,2048,,,,,,,,,,,,,,,,,999999.0
Scenario1,0,RE1,,IMPHFOMOM,,2049,,,,,,,,,,,,,,,,,999999.0
Scenario1,0,RE1,,IMPHFOMOM,,2050,,,,,,,,,,,,,,,,,999999.0
Scenario1,0,RE1,,IMPHFONAI,,2019,,,,,,,,,,,,,,,,,999999.0
Scenario1,0,RE1,,IMPHFONAI,,2020,,,,,,,,,,,,,,,,,999999.0
Scenario1,0,RE1,,IMPHFONAI,,2021,,,,,,,,,,,,,,,,,999999.0
Scenario1,0,RE1,,IMPHFONAI,,2022,,,,,,,,,,,,,,,,,999999.0
Scenario1,0,RE1,,IMPHFONAI,,2023,,,,,,,,,,,,,,,,,999999.0
Scenario1,0,RE1,,IMPHFONAI,,2024,,,,,,,,,,,,,,,,,999999.0
Scenario1,0,RE1,,IMPHFONAI,,2025,,,,,,,,,,,,,,,,,999999.0
Scenario1,0,RE1,,IMPHFONAI,,2026,,,,,,,,,,,,,,,,,999999.0
Scenario1,0,RE1,,IMPHFONAI,,2027,,,,,,,,,,,,,,,,,999999.0
Scenario1,0,RE1,,IMPHFONAI,,2028,,,,,,,,,,,,,,,,,999999.0
Scenario1,0,RE1,,IMPHFONAI,,2029,,,,,,,,,,,,,,,,,999999.0
Scenario1,0,RE1,,IMPHFONAI,,2030,,,,,,,,,,,,,,,,,999999.0
Scenario1,0,RE1,,IMPHFONAI,,2031,,,,,,,,,,,,,,,,,999999.0
Scenario1,0,RE1,,IMPHFONAI,,2032,,,,,,,,,,,,,,,,,999999.0
Scenario1,0,RE1,,IMPHFONAI,,2033,,,,,,,,,,,,,,,,,999999.0
Scenario1,0,RE1,,IMPHFONAI,,2034,,,,,,,,,,,,,,,,,999999.0
Scenario1,0,RE1,,IMPHFONAI,,2035,,,,,,,,,,,,,,,,,999999.0
Scenario1,0,RE1,,IMPHFONAI,,2036,,,,,,,,,,,,,,,,,999999.0
Scenario1,0,RE1,,IMPHFONAI,,2037,,,,,,,,,,,,,,,,,999999.0
Scenario1,0,RE1,,IMPHFONAI,,2038,,,,,,,,,,,,,,,,,999999.0
Scenario1,0,RE1,,IMPHFONAI,,2039,,,,,,,,,,,,,,,,,999999.0
Scenario1,0,RE1,,IMPHFONAI,,2040,,,,,,,,,,,,,,,,,999999.0
Scenario1,0,RE1,,IMPHFONAI,,2041,,,,,,,,,,,,,,,,,999999.0
Scenario1,0,RE1,,IMPHFONAI,,2042,,,,,,,,,,,,,,,,,999999.0
Scenario1,0,RE1,,IMPHFONAI,,2043,,,,,,,,,,,,,,,,,999999.0
Scenario1,0,RE1,,IMPHFONAI,,2044,,,,,,,,,,,,,,,,,999999.0
Scenario1,0,RE1,,IMPHFONAI,,2045,,,,,,,,,,,,,,,,,999999.0
Scenario1,0,RE1,,IMPHFONAI,,2046,,,,,,,,,,,,,,,,,999999.0
Scenario1,0,RE1,,IMPHFONAI,,2047,,,,,,,,,,,,,,,,,999999.0
Scenario1,0,RE1,,IMPHFONAI,,2048,,,,,,,,,,,,,,,,,999999.0
Scenario1,0,RE1,,IMPHFONAI,,2049,,,,,,,,,,,,,,,,,999999.0
Scenario1,0,RE1,,IMPHFONAI,,2050,,,,,,,,,,,,,,,,,999999.0
Scenario1,0,RE1,,IMPLFOELD,,2019,,,,,,,,,,,,,,,,,999999.0
Scenario1,0,RE1,,IMPLFOELD,,2020,,,,,,,,,,,,,,,,,999999.0
Scenario1,0,RE1,,IMPLFOELD,,2021,,,,,,,,,,,,,,,,,999999.0
Scenario1,0,RE1,,IMPLFOELD,,2022,,,,,,,,,,,,,,,,,999999.0
Scenario1,0,RE1,,IMPLFOELD,,2023,,,,,,,,,,,,,,,,,999999.0
Scenario1,0,RE1,,IMPLFOELD,,2024,,,,,,,,,,,,,,,,,999999.0
Scenario1,0,RE1,,IMPLFOELD,,2025,,,,,,,,,,,,,,,,,999999.0
Scenario1,0,RE1,,IMPLFOELD,,2026,,,,,,,,,,,,,,,,,999999.0
Scenario1,0,RE1,,IMPLFOELD,,2027,,,,,,,,,,,,,,,,,999999.0
Scenario1,0,RE1,,IMPLFOELD,,2028,,,,,,,,,,,,,,,,,999999.0
Scenario1,0,RE1,,IMPLFOELD,,2029,,,,,,,,,,,,,,,,,999999.0
Scenario1,0,RE1,,IMPLFOELD,,2030,,,,,,,,,,,,,,,,,999999.0
Scenario1,0,RE1,,IMPLFOELD,,2031,,,,,,,,,,,,,,,,,999999.0
Scenario1,0,RE1,,IMPLFOELD,,2032,,,,,,,,,,,,,,,,,999999.0
Scenario1,0,RE1,,IMPLFOELD,,2033,,,,,,,,,,,,,,,,,999999.0
Scenario1,0,RE1,,IMPLFOELD,,2034,,,,,,,,,,,,,,,,,999999.0
Scenario1,0,RE1,,IMPLFOELD,,2035,,,,,,,,,,,,,,,,,999999.0
Scenario1,0,RE1,,IMPLFOELD,,2036,,,,,,,,,,,,,,,,,999999.0
Scenario1,0,RE1,,IMPLFOELD,,2037,,,,,,,,,,,,,,,,,999999.0
Scenario1,0,RE1,,IMPLFOELD,,2038,,,,,,,,,,,,,,,,,999999.0
Scenario1,0,RE1,,IMPLFOELD,,2039,,,,,,,,,,,,,,,,,999999.0
Scenario1,0,RE1,,IMPLFOELD,,2040,,,,,,,,,,,,,,,,,999999.0
Scenario1,0,RE1,,IMPLFOELD,,2041,,,,,,,,,,,,,,,,,999999.0
Scenario1,0,RE1,,IMPLFOELD,,2042,,,,,,,,,,,,,,,,,999999.0
Scenario1,0,RE1,,IMPLFOELD,,2043,,,,,,,,,,,,,,,,,999999.0
Scenario1,0,RE1,,IMPLFOELD,,2044,,,,,,,,,,,,,,,,,999999.0
Scenario1,0,RE1,,IMPLFOELD,,2045,,,,,,,,,,,,,,,,,999999.0
Scenario1,0,RE1,,IMPLFOELD,,2046,,,,,,,,,,,,,,,,,999999.0
Scenario1,0,RE1,,IMPLFOELD,,2047,,,,,,,,,,,,,,,,,999999.0
Scenario1,0,RE1,,IMPLFOELD,,2048,,,,,,,,,,,,,,,,,999999.0
Scenario1,0,RE1,,IMPLFOELD,,2049,,,,,,,,,,,,,,,,,999999.0
Scenario1,0,RE1,,IMPLFOELD,,2050,,,,,,,,,,,,,,,,,999999.0
Scenario1,0,RE1,,IMPNGS,,2019,,,,,,,,,,,,,,,,,0.0
Scenario1,0,RE1,,IMPNGS,,2020,,,,,,,,,,,,,,,,,0.0
Scenario1,0,RE1,,IMPNGS,,2021,,,,,,,,,,,,,,,,,0.0
Scenario1,0,RE1,,IMPNGS,,2022,,,,,,,,,,,,,,,,,0.0
Scenario1,0,RE1,,IMPNGS,,2023,,,,,,,,,,,,,,,,,0.0
Scenario1,0,RE1,,IMPNGS,,2024,,,,,,,,,,,,,,,,,0.0
Scenario1,0,RE1,,IMPNGS,,2025,,,,,,,,,,,,,,,,,0.0
Scenario1,0,RE1,,IMPNGS,,2026,,,,,,,,,,,,,,,,,0.0
Scenario1,0,RE1,,IMPNGS,,2027,,,,,,,,,,,,,,,,,0.0
Scenario1,0,RE1,,IMPNGS,,2028,,,,,,,,,,,,,,,,,0.0
Scenario1,0,RE1,,IMPNGS,,2029,,,,,,,,,,,,,,,,,0.0
Scenario1,0,RE1,,IMPNGS,,2030,,,,,,,,,,,,,,,,,0.0
Scenario1,0,RE1,,IMPNGS,,2031,,,,,,,,,,,,,,,,,0.0
Scenario1,0,RE1,,IMPNGS,,2032,,,,,,,,,,,,,,,,,0.0
Scenario1,0,RE1,,IMPNGS,,2033,,,,,,,,,,,,,,,,,0.0
Scenario1,0,RE1,,IMPNGS,,2034,,,,,,,,,,,,,,,,,0.0
Scenario1,0,RE1,,IMPNGS,,2035,,,,,,,,,,,,,,,,,0.0
Scenario1,0,RE1,,IMPNGS,,2036,,,,,,,,,,,,,,,,,0.0
Scenario1,0,RE1,,IMPNGS,,2037,,,,,,,,,,,,,,,,,0.0
Scenario1,0,RE1,,IMPNGS,,2038,,,,,,,,,,,,,,,,,0.0
Scenario1,0,RE1,,IMPNGS,,2039,,,,,,,,,,,,,,,,,0.0
Scenario1,0,RE1,,IMPNGS,,2040,,,,,,,,,,,,,,,,,0.0
Scenario1,0,RE1,,IMPNGS,,2041,,,,,,,,,,,,,,,,,0.0
Scenario1,0,RE1,,IMPNGS,,2042,,,,,,,,,,,,,,,,,0.0
Scenario1,0,RE1,,IMPNGS,,2043,,,,,,,,,,,,,,,,,0.0
Scenario1,0,RE1,,IMPNGS,,2044,,,,,,,,,,,,,,,,,0.0
Scenario1,0,RE1,,IMPNGS,,2045,,,,,,,,,,,,,,,,,0.0
Scenario1,0,RE1,,IMPNGS,,2046,,,,,,,,,,,,,,,,,0.0
Scenario1,0,RE1,,IMPNGS,,2047,,,,,,,,,,,,,,,,,0.0
Scenario1,0,RE1,,IMPNGS,,2048,,,,,,,,,,,,,,,,,0.0
Scenario1,0,RE1,,IMPNGS,,2049,,,,,,,,,,,,,,,,,0.0
Scenario1,0,RE1,,IMPNGS,,2050,,,,,,,,,,,,,,,,,0.0
Scenario1,0,RE1,,IMPURN,,2019,,,,,,,,,,,,,,,,,999999.0
Scenario1,0,RE1,,IMPURN,,2020,,,,,,,,,,,,,,,,,999999.0
Scenario1,0,RE1,,IMPURN,,2021,,,,,,,,,,,,,,,,,999999.0
Scenario1,0,RE1,,IMPURN,,2022,,,,,,,,,,,,,,,,,999999.0
Scenario1,0,RE1,,IMPURN,,2023,,,,,,,,,,,,,,,,,999999.0
Scenario1,0,RE1,,IMPURN,,2024,,,,,,,,,,,,,,,,,999999.0
Scenario1,0,RE1,,IMPURN,,2025,,,,,,,,,,,,,,,,,999999.0
Scenario1,0,RE1,,IMPURN,,2026,,,,,,,,,,,,,,,,,999999.0
Scenario1,0,RE1,,IMPURN,,2027,,,,,,,,,,,,,,,,,999999.0
Scenario1,0,RE1,,IMPURN,,2028,,,,,,,,,,,,,,,,,999999.0
Scenario1,0,RE1,,IMPURN,,2029,,,,,,,,,,,,,,,,,999999.0
Scenario1,0,RE1,,IMPURN,,2030,,,,,,,,,,,,,,,,,999999.0
Scenario1,0,RE1,,IMPURN,,2031,,,,,,,,,,,,,,,,,999999.0
Scenario1,0,RE1,,IMPURN,,2032,,,,,,,,,,,,,,,,,999999.0
Scenario1,0,RE1,,IMPURN,,2033,,,,,,,,,,,,,,,,,999999.0
Scenario1,0,RE1,,IMPURN,,2034,,,,,,,,,,,,,,,,,999999.0
Scenario1,0,RE1,,IMPURN,,2035,,,,,,,,,,,,,,,,,999999.0
Scenario1,0,RE1,,IMPURN,,2036,,,,,,,,,,,,,,,,,999999.0
Scenario1,0,RE1,,IMPURN,,2037,,,,,,,,,,,,,,,,,999999.0
Scenario1,0,RE1,,IMPURN,,2038,,,,,,,,,,,,,,,,,999999.0
Scenario1,0,RE1,,IMPURN,,2039,,,,,,,,,,,,,,,,,999999.0
Scenario1,0,RE1,,IMPURN,,2040,,,,,,,,,,,,,,,,,999999.0
Scenario1,0,RE1,,IMPURN,,2041,,,,,,,,,,,,,,,,,999999.0
Scenario1,0,RE1,,IMPURN,,2042,,,,,,,,,,,,,,,,,999999.0
Scenario1,0,RE1,,IMPURN,,2043,,,,,,,,,,,,,,,,,999999.0
Scenario1,0,RE1,,IMPURN,,2044,,,,,,,,,,,,,,,,,999999.0
Scenario1,0,RE1,,IMPURN,,2045,,,,,,,,,,,,,,,,,999999.0
Scenario1,0,RE1,,IMPURN,,2046,,,,,,,,,,,,,,,,,999999.0
Scenario1,0,RE1,,IMPURN,,2047,,,,,,,,,,,,,,,,,999999.0
Scenario1,0,RE1,,IMPURN,,2048,,,,,,,,,,,,,,,,,999999.0
Scenario1,0,RE1,,IMPURN,,2049,,,,,,,,,,,,,,,,,999999.0
Scenario1,0,RE1,,IMPURN,,2050,,,,,,,,,,,,,,,,,999999.0
Scenario1,0,RE1,,MINBIO,,2019,,,,,,,,,,,,,,,,,999999.0
Scenario1,0,RE1,,MINBIO,,2020,,,,,,,,,,,,,,,,,999999.0
Scenario1,0,RE1,,MINBIO,,2021,,,,,,,,,,,,,,,,,999999.0
Scenario1,0,RE1,,MINBIO,,2022,,,,,,,,,,,,,,,,,999999.0
Scenario1,0,RE1,,MINBIO,,2023,,,,,,,,,,,,,,,,,999999.0
Scenario1,0,RE1,,MINBIO,,2024,,,,,,,,,,,,,,,,,999999.0
Scenario1,0,RE1,,MINBIO,,2025,,,,,,,,,,,,,,,,,999999.0
Scenario1,0,RE1,,MINBIO,,2026,,,,,,,,,,,,,,,,,999999.0
Scenario1,0,RE1,,MINBIO,,2027,,,,,,,,,,,,,,,,,999999.0
Scenario1,0,RE1,,MINBIO,,2028,,,,,,,,,,,,,,,,,999999.0
Scenario1,0,RE1,,MINBIO,,2029,,,,,,,,,,,,,,,,,999999.0
Scenario1,0,RE1,,MINBIO,,2030,,,,,,,,,,,,,,,,,999999.0
Scenario1,0,RE1,,MINBIO,,2031,,,,,,,,,,,,,,,,,999999.0
Scenario1,0,RE1,,MINBIO,,2032,,,,,,,,,,,,,,,,,999999.0
Scenario1,0,RE1,,MINBIO,,2033,,,,,,,,,,,,,,,,,999999.0
Scenario1,0,RE1,,MINBIO,,2034,,,,,,,,,,,,,,,,,999999.0
Scenario1,0,RE1,,MINBIO,,2035,,,,,,,,,,,,,,,,,999999.0
Scenario1,0,RE1,,MINBIO,,2036,,,,,,,,,,,,,,,,,999999.0
Scenario1,0,RE1,,MINBIO,,2037,,,,,,,,,,,,,,,,,999999.0
Scenario1,0,RE1,,MINBIO,,2038,,,,,,,,,,,,,,,,,999999.0
Scenario1,0,RE1,,MINBIO,,2039,,,,,,,,,,,,,,,,,999999.0
Scenario1,0,RE1,,MINBIO,,2040,,,,,,,,,,,,,,,,,999999.0
Scenario1,0,RE1,,MINBIO,,2041,,,,,,,,,,,,,,,,,999999.0
Scenario1,0,RE1,,MINBIO,,2042,,,,,,,,,,,,,,,,,999999.0
Scenario1,0,RE1,,MINBIO,,2043,,,,,,,,,,,,,,,,,999999.0
Scenario1,0,RE1,,MINBIO,,2044,,,,,,,,,,,,,,,,,999999.0
Scenario1,0,RE1,,MINBIO,,2045,,,,,,,,,,,,,,,,,999999.0
Scenario1,0,RE1,,MINBIO,,2046,,,,,,,,,,,,,,,,,999999.0
Scenario1,0,RE1,,MINBIO,,2047,,,,,,,,,,,,,,,,,999999.0
Scenario1,0,RE1,,MINBIO,,2048,,,,,,,,,,,,,,,,,999999.0
Scenario1,0,RE1,,MINBIO,,2049,,,,,,,,,,,,,,,,,999999.0
Scenario1,0,RE1,,MINBIO,,2050,,,,,,,,,,,,,,,,,999999.0
Scenario1,0,RE1,,MINCOA,,2019,,,,,,,,,,,,,,,,,999999.0
Scenario1,0,RE1,,MINCOA,,2020,,,,,,,,,,,,,,,,,999999.0
Scenario1,0,RE1,,MINCOA,,2021,,,,,,,,,,,,,,,,,999999.0
Scenario1,0,RE1,,MINCOA,,2022,,,,,,,,,,,,,,,,,999999.0
Scenario1,0,RE1,,MINCOA,,2023,,,,,,,,,,,,,,,,,999999.0
Scenario1,0,RE1,,MINCOA,,2024,,,,,,,,,,,,,,,,,999999.0
Scenario1,0,RE1,,MINCOA,,2025,,,,,,,,,,,,,,,,,999999.0
Scenario1,0,RE1,,MINCOA,,2026,,,,,,,,,,,,,,,,,999999.0
Scenario1,0,RE1,,MINCOA,,2027,,,,,,,,,,,,,,,,,999999.0
Scenario1,0,RE1,,MINCOA,,2028,,,,,,,,,,,,,,,,,999999.0
Scenario1,0,RE1,,MINCOA,,2029,,,,,,,,,,,,,,,,,999999.0
Scenario1,0,RE1,,MINCOA,,2030,,,,,,,,,,,,,,,,,999999.0
Scenario1,0,RE1,,MINCOA,,2031,,,,,,,,,,,,,,,,,999999.0
Scenario1,0,RE1,,MINCOA,,2032,,,,,,,,,,,,,,,,,999999.0
Scenario1,0,RE1,,MINCOA,,2033,,,,,,,,,,,,,,,,,999999.0
Scenario1,0,RE1,,MINCOA,,2034,,,,,,,,,,,,,,,,,999999.0
Scenario1,0,RE1,,MINCOA,,2035,,,,,,,,,,,,,,,,,999999.0
Scenario1,0,RE1,,MINCOA,,2036,,,,,,,,,,,,,,,,,999999.0
Scenario1,0,RE1,,MINCOA,,2037,,,,,,,,,,,,,,,,,999999.0
Scenario1,0,RE1,,MINCOA,,2038,,,,,,,,,,,,,,,,,999999.0
Scenario1,0,RE1,,MINCOA,,2039,,,,,,,,,,,,,,,,,999999.0
Scenario1,0,RE1,,MINCOA,,2040,,,,,,,,,,,,,,,,,999999.0
Scenario1,0,RE1,,MINCOA,,2041,,,,,,,,,,,,,,,,,999999.0
Scenario1,0,RE1,,MINCOA,,2042,,,,,,,,,,,,,,,,,999999.0
Scenario1,0,RE1,,MINCOA,,2043,,,,,,,,,,,,,,,,,999999.0
Scenario1,0,RE1,,MINCOA,,2044,,,,,,,,,,,,,,,,,999999.0
Scenario1,0,RE1,,MINCOA,,2045,,,,,,,,,,,,,,,,,999999.0
Scenario1,0,RE1,,MINCOA,,2046,,,,,,,,,,,,,,,,,999999.0
Scenario1,0,RE1,,MINCOA,,2047,,,,,,,,,,,,,,,,,999999.0
Scenario1,0,RE1,,MINCOA,,2048,,,,,,,,,,,,,,,,,999999.0
Scenario1,0,RE1,,MINCOA,,2049,,,,,,,,,,,,,,,,,999999.0
Scenario1,0,RE1,,MINCOA,,2050,,,,,,,,,,,,,,,,,999999.0
Scenario1,0,RE1,,MINGEO,,2019,,,,,,,,,,,,,,,,,999999.0
Scenario1,0,RE1,,MINGEO,,2020,,,,,,,,,,,,,,,,,999999.0
Scenario1,0,RE1,,MINGEO,,2021,,,,,,,,,,,,,,,,,999999.0
Scenario1,0,RE1,,MINGEO,,2022,,,,,,,,,,,,,,,,,999999.0
Scenario1,0,RE1,,MINGEO,,2023,,,,,,,,,,,,,,,,,999999.0
Scenario1,0,RE1,,MINGEO,,2024,,,,,,,,,,,,,,,,,999999.0
Scenario1,0,RE1,,MINGEO,,2025,,,,,,,,,,,,,,,,,999999.0
Scenario1,0,RE1,,MINGEO,,2026,,,,,,,,,,,,,,,,,999999.0
Scenario1,0,RE1,,MINGEO,,2027,,,,,,,,,,,,,,,,,999999.0
Scenario1,0,RE1,,MINGEO,,2028,,,,,,,,,,,,,,,,,999999.0
Scenario1,0,RE1,,MINGEO,,2029,,,,,,,,,,,,,,,,,999999.0
Scenario1,0,RE1,,MINGEO,,2030,,,,,,,,,,,,,,,,,999999.0
Scenario1,0,RE1,,MINGEO,,2031,,,,,,,,,,,,,,,,,999999.0
Scenario1,0,RE1,,MINGEO,,2032,,,,,,,,,,,,,,,,,999999.0
Scenario1,0,RE1,,MINGEO,,2033,,,,,,,,,,,,,,,,,999999.0
Scenario1,0,RE1,,MINGEO,,2034,,,,,,,,,,,,,,,,,999999.0
Scenario1,0,RE1,,MINGEO,,2035,,,,,,,,,,,,,,,,,999999.0
Scenario1,0,RE1,,MINGEO,,2036,,,,,,,,,,,,,,,,,999999.0
Scenario1,0,RE1,,MINGEO,,2037,,,,,,,,,,,,,,,,,999999.0
Scenario1,0,RE1,,MINGEO,,2038,,,,,,,,,,,,,,,,,999999.0
Scenario1,0,RE1,,MINGEO,,2039,,,,,,,,,,,,,,,,,999999.0
Scenario1,0,RE1,,MINGEO,,2040,,,,,,,,,,,,,,,,,999999.0
Scenario1,0,RE1,,MINGEO,,2041,,,,,,,,,,,,,,,,,999999.0
Scenario1,0,RE1,,MINGEO,,2042,,,,,,,,,,,,,,,,,999999.0
Scenario1,0,RE1,,MINGEO,,2043,,,,,,,,,,,,,,,,,999999.0
Scenario1,0,RE1,,MINGEO,,2044,,,,,,,,,,,,,,,,,999999.0
Scenario1,0,RE1,,MINGEO,,2045,,,,,,,,,,,,,,,,,999999.0
Scenario1,0,RE1,,MINGEO,,2046,,,,,,,,,,,,,,,,,999999.0
Scenario1,0,RE1,,MINGEO,,2047,,,,,,,,,,,,,,,,,999999.0
Scenario1,0,RE1,,MINGEO,,2048,,,,,,,,,,,,,,,,,999999.0
Scenario1,0,RE1,,MINGEO,,2049,,,,,,,,,,,,,,,,,999999.0
Scenario1,0,RE1,,MINGEO,,2050,,,,,,,,,,,,,,,,,999999.0
Scenario1,0,RE1,,MINHYD,,2019,,,,,,,,,,,,,,,,,999999.0
Scenario1,0,RE1,,MINHYD,,2020,,,,,,,,,,,,,,,,,999999.0
Scenario1,0,RE1,,MINHYD,,2021,,,,,,,,,,,,,,,,,999999.0
Scenario1,0,RE1,,MINHYD,,2022,,,,,,,,,,,,,,,,,999999.0
Scenario1,0,RE1,,MINHYD,,2023,,,,,,,,,,,,,,,,,999999.0
Scenario1,0,RE1,,MINHYD,,2024,,,,,,,,,,,,,,,,,999999.0
Scenario1,0,RE1,,MINHYD,,2025,,,,,,,,,,,,,,,,,999999.0
Scenario1,0,RE1,,MINHYD,,2026,,,,,,,,,,,,,,,,,999999.0
Scenario1,0,RE1,,MINHYD,,2027,,,,,,,,,,,,,,,,,999999.0
Scenario1,0,RE1,,MINHYD,,2028,,,,,,,,,,,,,,,,,999999.0
Scenario1,0,RE1,,MINHYD,,2029,,,,,,,,,,,,,,,,,999999.0
Scenario1,0,RE1,,MINHYD,,2030,,,,,,,,,,,,,,,,,999999.0
Scenario1,0,RE1,,MINHYD,,2031,,,,,,,,,,,,,,,,,999999.0
Scenario1,0,RE1,,MINHYD,,2032,,,,,,,,,,,,,,,,,999999.0
Scenario1,0,RE1,,MINHYD,,2033,,,,,,,,,,,,,,,,,999999.0
Scenario1,0,RE1,,MINHYD,,2034,,,,,,,,,,,,,,,,,999999.0
Scenario1,0,RE1,,MINHYD,,2035,,,,,,,,,,,,,,,,,999999.0
Scenario1,0,RE1,,MINHYD,,2036,,,,,,,,,,,,,,,,,999999.0
Scenario1,0,RE1,,MINHYD,,2037,,,,,,,,,,,,,,,,,999999.0
Scenario1,0,RE1,,MINHYD,,2038,,,,,,,,,,,,,,,,,999999.0
Scenario1,0,RE1,,MINHYD,,2039,,,,,,,,,,,,,,,,,999999.0
Scenario1,0,RE1,,MINHYD,,2040,,,,,,,,,,,,,,,,,999999.0
Scenario1,0,RE1,,MINHYD,,2041,,,,,,,,,,,,,,,,,999999.0
Scenario1,0,RE1,,MINHYD,,2042,,,,,,,,,,,,,,,,,999999.0
Scenario1,0,RE1,,MINHYD,,2043,,,,,,,,,,,,,,,,,999999.0
Scenario1,0,RE1,,MINHYD,,2044,,,,,,,,,,,,,,,,,999999.0
Scenario1,0,RE1,,MINHYD,,2045,,,,,,,,,,,,,,,,,999999.0
Scenario1,0,RE1,,MINHYD,,2046,,,,,,,,,,,,,,,,,999999.0
Scenario1,0,RE1,,MINHYD,,2047,,,,,,,,,,,,,,,,,999999.0
Scenario1,0,RE1,,MINHYD,,2048,,,,,,,,,,,,,,,,,999999.0
Scenario1,0,RE1,,MINHYD,,2049,,,,,,,,,,,,,,,,,999999.0
Scenario1,0,RE1,,MINHYD,,2050,,,,,,,,,,,,,,,,,999999.0
Scenario1,0,RE1,,MINSOL,,2019,,,,,,,,,,,,,,,,,999999.0
Scenario1,0,RE1,,MINSOL,,2020,,,,,,,,,,,,,,,,,999999.0
Scenario1,0,RE1,,MINSOL,,2021,,,,,,,,,,,,,,,,,999999.0
Scenario1,0,RE1,,MINSOL,,2022,,,,,,,,,,,,,,,,,999999.0
Scenario1,0,RE1,,MINSOL,,2023,,,,,,,,,,,,,,,,,999999.0
Scenario1,0,RE1,,MINSOL,,2024,,,,,,,,,,,,,,,,,999999.0
Scenario1,0,RE1,,MINSOL,,2025,,,,,,,,,,,,,,,,,999999.0
Scenario1,0,RE1,,MINSOL,,2026,,,,,,,,,,,,,,,,,999999.0
Scenario1,0,RE1,,MINSOL,,2027,,,,,,,,,,,,,,,,,999999.0
Scenario1,0,RE1,,MINSOL,,2028,,,,,,,,,,,,,,,,,999999.0
Scenario1,0,RE1,,MINSOL,,2029,,,,,,,,,,,,,,,,,999999.0
Scenario1,0,RE1,,MINSOL,,2030,,,,,,,,,,,,,,,,,999999.0
Scenario1,0,RE1,,MINSOL,,2031,,,,,,,,,,,,,,,,,999999.0
Scenario1,0,RE1,,MINSOL,,2032,,,,,,,,,,,,,,,,,999999.0
Scenario1,0,RE1,,MINSOL,,2033,,,,,,,,,,,,,,,,,999999.0
Scenario1,0,RE1,,MINSOL,,2034,,,,,,,,,,,,,,,,,999999.0
Scenario1,0,RE1,,MINSOL,,2035,,,,,,,,,,,,,,,,,999999.0
Scenario1,0,RE1,,MINSOL,,2036,,,,,,,,,,,,,,,,,999999.0
Scenario1,0,RE1,,MINSOL,,2037,,,,,,,,,,,,,,,,,999999.0
Scenario1,0,RE1,,MINSOL,,2038,,,,,,,,,,,,,,,,,999999.0
Scenario1,0,RE1,,MINSOL,,2039,,,,,,,,,,,,,,,,,999999.0
Scenario1,0,RE1,,MINSOL,,2040,,,,,,,,,,,,,,,,,999999.0
Scenario1,0,RE1,,MINSOL,,2041,,,,,,,,,,,,,,,,,999999.0
Scenario1,0,RE1,,MINSOL,,2042,,,,,,,,,,,,,,,,,999999.0
Scenario1,0,RE1,,MINSOL,,2043,,,,,,,,,,,,,,,,,999999.0
Scenario1,0,RE1,,MINSOL,,2044,,,,,,,,,,,,,,,,,999999.0
Scenario1,0,RE1,,MINSOL,,2045,,,,,,,,,,,,,,,,,999999.0
Scenario1,0,RE1,,MINSOL,,2046,,,,,,,,,,,,,,,,,999999.0
Scenario1,0,RE1,,MINSOL,,2047,,,,,,,,,,,,,,,,,999999.0
Scenario1,0,RE1,,MINSOL,,2048,,,,,,,,,,,,,,,,,999999.0
Scenario1,0,RE1,,MINSOL,,2049,,,,,,,,,,,,,,,,,999999.0
Scenario1,0,RE1,,MINSOL,,2050,,,,,,,,,,,,,,,,,999999.0
Scenario1,0,RE1,,MINWND,,2019,,,,,,,,,,,,,,,,,999999.0
Scenario1,0,RE1,,MINWND,,2020,,,,,,,,,,,,,,,,,999999.0
Scenario1,0,RE1,,MINWND,,2021,,,,,,,,,,,,,,,,,999999.0
Scenario1,0,RE1,,MINWND,,2022,,,,,,,,,,,,,,,,,999999.0
Scenario1,0,RE1,,MINWND,,2023,,,,,,,,,,,,,,,,,999999.0
Scenario1,0,RE1,,MINWND,,2024,,,,,,,,,,,,,,,,,999999.0
Scenario1,0,RE1,,MINWND,,2025,,,,,,,,,,,,,,,,,999999.0
Scenario1,0,RE1,,MINWND,,2026,,,,,,,,,,,,,,,,,999999.0
Scenario1,0,RE1,,MINWND,,2027,,,,,,,,,,,,,,,,,999999.0
Scenario1,0,RE1,,MINWND,,2028,,,,,,,,,,,,,,,,,999999.0
Scenario1,0,RE1,,MINWND,,2029,,,,,,,,,,,,,,,,,999999.0
Scenario1,0,RE1,,MINWND,,2030,,,,,,,,,,,,,,,,,999999.0
Scenario1,0,RE1,,MINWND,,2031,,,,,,,,,,,,,,,,,999999.0
Scenario1,0,RE1,,MINWND,,2032,,,,,,,,,,,,,,,,,999999.0
Scenario1,0,RE1,,MINWND,,2033,,,,,,,,,,,,,,,,,999999.0
Scenario1,0,RE1,,MINWND,,2034,,,,,,,,,,,,,,,,,999999.0
Scenario1,0,RE1,,MINWND,,2035,,,,,,,,,,,,,,,,,999999.0
Scenario1,0,RE1,,MINWND,,2036,,,,,,,,,,,,,,,,,999999.0
Scenario1,0,RE1,,MINWND,,2037,,,,,,,,,,,,,,,,,999999.0
Scenario1,0,RE1,,MINWND,,2038,,,,,,,,,,,,,,,,,999999.0
Scenario1,0,RE1,,MINWND,,2039,,,,,,,,,,,,,,,,,999999.0
Scenario1,0,RE1,,MINWND,,2040,,,,,,,,,,,,,,,,,999999.0
Scenario1,0,RE1,,MINWND,,2041,,,,,,,,,,,,,,,,,999999.0
Scenario1,0,RE1,,MINWND,,2042,,,,,,,,,,,,,,,,,999999.0
Scenario1,0,RE1,,MINWND,,2043,,,,,,,,,,,,,,,,,999999.0
Scenario1,0,RE1,,MINWND,,2044,,,,,,,,,,,,,,,,,999999.0
Scenario1,0,RE1,,MINWND,,2045,,,,,,,,,,,,,,,,,999999.0
Scenario1,0,RE1,,MINWND,,2046,,,,,,,,,,,,,,,,,999999.0
Scenario1,0,RE1,,MINWND,,2047,,,,,,,,,,,,,,,,,999999.0
Scenario1,0,RE1,,MINWND,,2048,,,,,,,,,,,,,,,,,999999.0
Scenario1,0,RE1,,MINWND,,2049,,,,,,,,,,,,,,,,,999999.0
Scenario1,0,RE1,,MINWND,,2050,,,,,,,,,,,,,,,,,999999.0
Scenario1,0,RE1,,PWRBIO001,,2019,,,,,,,,,,,,,,,,,0.002
Scenario1,0,RE1,,PWRBIO001,,2020,,,,,,,,,,,,,,,,,0.002
Scenario1,0,RE1,,PWRBIO001,,2021,,,,,,,,,,,,,,,,,0.002
Scenario1,0,RE1,,PWRBIO001,,2022,,,,,,,,,,,,,,,,,0.002
Scenario1,0,RE1,,PWRBIO001,,2023,,,,,,,,,,,,,,,,,0.0034000000000000002
Scenario1,0,RE1,,PWRBIO001,,2024,,,,,,,,,,,,,,,,,0.0034000000000000002
Scenario1,0,RE1,,PWRBIO001,,2025,,,,,,,,,,,,,,,,,0.0034000000000000002
Scenario1,0,RE1,,PWRBIO001,,2026,,,,,,,,,,,,,,,,,0.0134
Scenario1,0,RE1,,PWRBIO001,,2027,,,,,,,,,,,,,,,,,0.0134
Scenario1,0,RE1,,PWRBIO001,,2028,,,,,,,,,,,,,,,,,0.021400000000000002
Scenario1,0,RE1,,PWRBIO001,,2029,,,,,,,,,,,,,,,,,0.021400000000000002
Scenario1,0,RE1,,PWRBIO001,,2030,,,,,,,,,,,,,,,,,0.0696
Scenario1,0,RE1,,PWRBIO001,,2031,,,,,,,,,,,,,,,,,0.0896
Scenario1,0,RE1,,PWRBIO001,,2032,,,,,,,,,,,,,,,,,0.1004
Scenario1,0,RE1,,PWRBIO001,,2033,,,,,,,,,,,,,,,,,0.1034
Scenario1,0,RE1,,PWRBIO001,,2034,,,,,,,,,,,,,,,,,0.1094
Scenario1,0,RE1,,PWRBIO001,,2035,,,,,,,,,,,,,,,,,0.1097
Scenario1,0,RE1,,PWRBIO001,,2036,,,,,,,,,,,,,,,,,0.1097
Scenario1,0,RE1,,PWRBIO001,,2037,,,,,,,,,,,,,,,,,0.1097
Scenario1,0,RE1,,PWRBIO001,,2038,,,,,,,,,,,,,,,,,0.1097
Scenario1,0,RE1,,PWRBIO001,,2039,,,,,,,,,,,,,,,,,0.1097
Scenario1,0,RE1,,PWRBIO001,,2040,,,,,,,,,,,,,,,,,0.1097
Scenario1,0,RE1,,PWRBIO001,,2041,,,,,,,,,,,,,,,,,0.1097
Scenario1,0,RE1,,PWRBIO001,,2042,,,,,,,,,,,,,,,,,0.1097
Scenario1,0,RE1,,PWRBIO001,,2043,,,,,,,,,,,,,,,,,0.1077
Scenario1,0,RE1,,PWRBIO001,,2044,,,,,,,,,,,,,,,,,0.1077
Scenario1,0,RE1,,PWRBIO001,,2045,,,,,,,,,,,,,,,,,0.1077
Scenario1,0,RE1,,PWRBIO001,,2046,,,,,,,,,,,,,,,,,0.1077
Scenario1,0,RE1,,PWRBIO001,,2047,,,,,,,,,,,,,,,,,0.1077
Scenario1,0,RE1,,PWRBIO001,,2048,,,,,,,,,,,,,,,,,0.1077
Scenario1,0,RE1,,PWRBIO001,,2049,,,,,,,,,,,,,,,,,0.1077
Scenario1,0,RE1,,PWRBIO001,,2050,,,,,,,,,,,,,,,,,0.1077
Scenario1,0,RE1,,PWRCOA001,,2019,,,,,,,,,,,,,,,,,0.0
Scenario1,0,RE1,,PWRCOA001,,2020,,,,,,,,,,,,,,,,,0.0
Scenario1,0,RE1,,PWRCOA001,,2021,,,,,,,,,,,,,,,,,0.0
Scenario1,0,RE1,,PWRCOA001,,2022,,,,,,,,,,,,,,,,,0.0
Scenario1,0,RE1,,PWRCOA001,,2023,,,,,,,,,,,,,,,,,0.0
Scenario1,0,RE1,,PWRCOA001,,2024,,,,,,,,,,,,,,,,,0.0
Scenario1,0,RE1,,PWRCOA001,,2025,,,,,,,,,,,,,,,,,0.0
Scenario1,0,RE1,,PWRCOA001,,2026,,,,,,,,,,,,,,,,,0.0
Scenario1,0,RE1,,PWRCOA001,,2027,,,,,,,,,,,,,,,,,0.0
Scenario1,0,RE1,,PWRCOA001,,2028,,,,,,,,,,,,,,,,,0.0
Scenario1,0,RE1,,PWRCOA001,,2029,,,,,,,,,,,,,,,,,0.0
Scenario1,0,RE1,,PWRCOA001,,2030,,,,,,,,,,,,,,,,,0.0
Scenario1,0,RE1,,PWRCOA001,,2031,,,,,,,,,,,,,,,,,0.0
Scenario1,0,RE1,,PWRCOA001,,2032,,,,,,,,,,,,,,,,,0.0
Scenario1,0,RE1,,PWRCOA001,,2033,,,,,,,,,,,,,,,,,0.0
Scenario1,0,RE1,,PWRCOA001,,2034,,,,,,,,,,,,,,,,,0.0
Scenario1,0,RE1,,PWRCOA001,,2035,,,,,,,,,,,,,,,,,0.0
Scenario1,0,RE1,,PWRCOA001,,2036,,,,,,,,,,,,,,,,,0.0
Scenario1,0,RE1,,PWRCOA001,,2037,,,,,,,,,,,,,,,,,0.0
Scenario1,0,RE1,,PWRCOA001,,2038,,,,,,,,,,,,,,,,,0.0
Scenario1,0,RE1,,PWRCOA001,,2039,,,,,,,,,,,,,,,,,0.0
Scenario1,0,RE1,,PWRCOA001,,2040,,,,,,,,,,,,,,,,,0.0
Scenario1,0,RE1,,PWRCOA001,,2041,,,,,,,,,,,,,,,,,0.0
Scenario1,0,RE1,,PWRCOA001,,2042,,,,,,,,,,,,,,,,,0.0
Scenario1,0,RE1,,PWRCOA001,,2043,,,,,,,,,,,,,,,,,0.0
Scenario1,0,RE1,,PWRCOA001,,2044,,,,,,,,,,,,,,,,,0.0
Scenario1,0,RE1,,PWRCOA001,,2045,,,,,,,,,,,,,,,,,0.0
Scenario1,0,RE1,,PWRCOA001,,2046,,,,,,,,,,,,,,,,,0.0
Scenario1,0,RE1,,PWRCOA001,,2047,,,,,,,,,,,,,,,,,0.0
Scenario1,0,RE1,,PWRCOA001,,2048,,,,,,,,,,,,,,,,,0.0
Scenario1,0,RE1,,PWRCOA001,,2049,,,,,,,,,,,,,,,,,0.0
Scenario1,0,RE1,,PWRCOA001,,2050,,,,,,,,,,,,,,,,,0.0
Scenario1,0,RE1,,PWRDIST,,2019,,,,,,,,,,,,,,,,,1.8817910121806025
Scenario1,0,RE1,,PWRDIST,,2020,,,,,,,,,,,,,,,,,1.9146940576415679
Scenario1,0,RE1,,PWRDIST,,2021,,,,,,,,,,,,,,,,,1.9994509050568683
Scenario1,0,RE1,,PWRDIST,,2022,,,,,,,,,,,,,,,,,2.0639926013065417
Scenario1,0,RE1,,PWRDIST,,2023,,,,,,,,,,,,,,,,,2.124474417447986
Scenario1,0,RE1,,PWRDIST,,2024,,,,,,,,,,,,,,,,,2.1949130976973152
Scenario1,0,RE1,,PWRDIST,,2025,,,,,,,,,,,,,,,,,2.2716920004011802
Scenario1,0,RE1,,PWRDIST,,2026,,,,,,,,,,,,,,,,,2.3521312009523716
Scenario1,0,RE1,,PWRDIST,,2027,,,,,,,,,,,,,,,,,2.485132902331576
Scenario1,0,RE1,,PWRDIST,,2028,,,,,,,,,,,,,,,,,2.625914946963481
Scenario1,0,RE1,,PWRDIST,,2029,,,,,,,,,,,,,,,,,2.7869308802160857
Scenario1,0,RE1,,PWRDIST,,2030,,,,,,,,,,,,,,,,,2.95972519110736
Scenario1,0,RE1,,PWRDIST,,2031,,,,,,,,,,,,,,,,,3.1211097718868563
Scenario1,0,RE1,,PWRDIST,,2032,,,,,,,,,,,,,,,,,3.3002445993631264
Scenario1,0,RE1,,PWRDIST,,2033,,,,,,,,,,,,,,,,,3.4818494067605776
Scenario1,0,RE1,,PWRDIST,,2034,,,,,,,,,,,,,,,,,3.6750914874870975
Scenario1,0,RE1,,PWRDIST,,2035,,,,,,,,,,,,,,,,,3.878430643091625
Scenario1,0,RE1,,PWRDIST,,2036,,,,,,,,,,,,,,,,,4.084637216086408
Scenario1,0,RE1,,PWRDIST,,2037,,,,,,,,,,,,,,,,,4.316735998759049
Scenario1,0,RE1,,PWRDIST,,2038,,,,,,,,,,,,,,,,,4.558587286443084
Scenario1,0,RE1,,PWRDIST,,2039,,,,,,,,,,,,,,,,,4.81433170364513
Scenario1,0,RE1,,PWRDIST,,2040,,,,,,,,,,,,,,,,,5.085630149991976
Scenario1,0,RE1,,PWRDIST,,2041,,,,,,,,,,,,,,,,,5.371556232011998
Scenario1,0,RE1,,PWRDIST,,2042,,,,,,,,,,,,,,,,,5.667636118836463
Scenario1,0,RE1,,PWRDIST,,2043,,,,,,,,,,,,,,,,,5.983494243970185
Scenario1,0,RE1,,PWRDIST,,2044,,,,,,,,,,,,,,,,,6.316280007096465
Scenario1,0,RE1,,PWRDIST,,2045,,,,,,,,,,,,,,,,,6.66829864353315
Scenario1,0,RE1,,PWRDIST,,2046,,,,,,,,,,,,,,,,,7.039941469973341
Scenario1,0,RE1,,PWRDIST,,2047,,,,,,,,,,,,,,,,,7.431518821633093
Scenario1,0,RE1,,PWRDIST,,2048,,,,,,,,,,,,,,,,,7.845719948062895
Scenario1,0,RE1,,PWRDIST,,2049,,,,,,,,,,,,,,,,,8.283017826280735
Scenario1,0,RE1,,PWRDIST,,2050,,,,,,,,,,,,,,,,,8.743768523913342
Scenario1,0,RE1,,PWRGEO001,,2019,,,,,,,,,,,,,,,,,0.7911
Scenario1,0,RE1,,PWRGEO001,,2020,,,,,,,,,,,,,,,,,0.7911
Scenario1,0,RE1,,PWRGEO001,,2021,,,,,,,,,,,,,,,,,0.7911
Scenario1,0,RE1,,PWRGEO001,,2022,,,,,,,,,,,,,,,,,0.8744
Scenario1,0,RE1,,PWRGEO001,,2023,,,,,,,,,,,,,,,,,0.8744
Scenario1,0,RE1,,PWRGEO001,,2024,,,,,,,,,,,,,,,,,0.8443999999999999
Scenario1,0,RE1,,PWRGEO001,,2025,,,,,,,,,,,,,,,,,0.9064000000000001
Scenario1,0,RE1,,PWRGEO001,,2026,,,,,,,,,,,,,,,,,0.9264000000000001
Scenario1,0,RE1,,PWRGEO001,,2027,,,,,,,,,,,,,,,,,0.8818000000000001
Scenario1,0,RE1,,PWRGEO001,,2028,,,,,,,,,,,,,,,,,0.9068
Scenario1,0,RE1,,PWRGEO001,,2029,,,,,,,,,,,,,,,,,1.0786530950588313
Scenario1,0,RE1,,PWRGEO001,,2030,,,,,,,,,,,,,,,,,1.0858
Scenario1,0,RE1,,PWRGEO001,,2031,,,,,,,,,,,,,,,,,1.0583
Scenario1,0,RE1,,PWRGEO001,,2032,,,,,,,,,,,,,,,,,1.0583
Scenario1,0,RE1,,PWRGEO001,,2033,,,,,,,,,,,,,,,,,1.0583
Scenario1,0,RE1,,PWRGEO001,,2034,,,,,,,,,,,,,,,,,1.1983
Scenario1,0,RE1,,PWRGEO001,,2035,,,,,,,,,,,,,,,,,1.1983
Scenario1,0,RE1,,PWRGEO001,,2036,,,,,,,,,,,,,,,,,1.3383
Scenario1,0,RE1,,PWRGEO001,,2037,,,,,,,,,,,,,,,,,1.3383
Scenario1,0,RE1,,PWRGEO001,,2038,,,,,,,,,,,,,,,,,1.2987
Scenario1,0,RE1,,PWRGEO001,,2039,,,,,,,,,,,,,,,,,1.2810999999999997
Scenario1,0,RE1,,PWRGEO001,,2040,,,,,,,,,,,,,,,,,1.1411
Scenario1,0,RE1,,PWRGEO001,,2041,,,,,,,,,,,,,,,,,0.9721
Scenario1,0,RE1,,PWRGEO001,,2042,,,,,,,,,,,,,,,,,0.9721
Scenario1,0,RE1,,PWRGEO001,,2043,,,,,,,,,,,,,,,,,0.9083000000000001
Scenario1,0,RE1,,PWRGEO001,,2044,,,,,,,,,,,,,,,,,0.9083000000000001
Scenario1,0,RE1,,PWRGEO001,,2045,,,,,,,,,,,,,,,,,0.7503
Scenario1,0,RE1,,PWRGEO001,,2046,,,,,,,,,,,,,,,,,0.7503
Scenario1,0,RE1,,PWRGEO001,,2047,,,,,,,,,,,,,,,,,0.667
Scenario1,0,RE1,,PWRGEO001,,2048,,,,,,,,,,,,,,,,,0.667
Scenario1,0,RE1,,PWRGEO001,,2049,,,,,,,,,,,,,,,,,0.667
Scenario1,0,RE1,,PWRGEO001,,2050,,,,,,,,,,,,,,,,,0.647
Scenario1,0,RE1,,PWRGEO002,,2019,,,,,,,,,,,,,,,,,0.0
Scenario1,0,RE1,,PWRGEO002,,2020,,,,,,,,,,,,,,,,,0.0
Scenario1,0,RE1,,PWRGEO002,,2021,,,,,,,,,,,,,,,,,0.0
Scenario1,0,RE1,,PWRGEO002,,2022,,,,,,,,,,,,,,,,,0.0
Scenario1,0,RE1,,PWRGEO002,,2023,,,,,,,,,,,,,,,,,0.035
Scenario1,0,RE1,,PWRGEO002,,2024,,,,,,,,,,,,,,,,,0.035
Scenario1,0,RE1,,PWRGEO002,,2025,,,,,,,,,,,,,,,,,0.07
Scenario1,0,RE1,,PWRGEO002,,2026,,,,,,,,,,,,,,,,,0.07
Scenario1,0,RE1,,PWRGEO002,,2027,,,,,,,,,,,,,,,,,0.07
Scenario1,0,RE1,,PWRGEO002,,2028,,,,,,,,,,,,,,,,,0.105
Scenario1,0,RE1,,PWRGEO002,,2029,,,,,,,,,,,,,,,,,0.105
Scenario1,0,RE1,,PWRGEO002,,2030,,,,,,,,,,,,,,,,,0.105
Scenario1,0,RE1,,PWRGEO002,,2031,,,,,,,,,,,,,,,,,0.105
Scenario1,0,RE1,,PWRGEO002,,2032,,,,,,,,,,,,,,,,,0.105
Scenario1,0,RE1,,PWRGEO002,,2033,,,,,,,,,,,,,,,,,0.105
Scenario1,0,RE1,,PWRGEO002,,2034,,,,,,,,,,,,,,,,,0.105
Scenario1,0,RE1,,PWRGEO002,,2035,,,,,,,,,,,,,,,,,0.105
Scenario1,0,RE1,,PWRGEO002,,2036,,,,,,,,,,,,,,,,,0.105
Scenario1,0,RE1,,PWRGEO002,,2037,,,,,,,,,,,,,,,,,0.205
Scenario1,0,RE1,,PWRGEO002,,2038,,,,,,,,,,,,,,,,,0.205
Scenario1,0,RE1,,PWRGEO002,,2039,,,,,,,,,,,,,,,,,0.265
Scenario1,0,RE1,,PWRGEO002,,2040,,,,,,,,,,,,,,,,,0.4650000000000001
Scenario1,0,RE1,,PWRGEO002,,2041,,,,,,,,,,,,,,,,,0.4650000000000001
Scenario1,0,RE1,,PWRGEO002,,2042,,,,,,,,,,,,,,,,,0.4650000000000001
Scenario1,0,RE1,,PWRGEO002,,2043,,,,,,,,,,,,,,,,,0.4650000000000001
Scenario1,0,RE1,,PWRGEO002,,2044,,,,,,,,,,,,,,,,,0.4650000000000001
Scenario1,0,RE1,,PWRGEO002,,2045,,,,,,,,,,,,,,,,,0.4650000000000001
Scenario1,0,RE1,,PWRGEO002,,2046,,,,,,,,,,,,,,,,,0.4650000000000001
Scenario1,0,RE1,,PWRGEO002,,2047,,,,,,,,,,,,,,,,,0.4650000000000001
Scenario1,0,RE1,,PWRGEO002,,2048,,,,,,,,,,,,,,,,,0.43000000000000005
Scenario1,0,RE1,,PWRGEO002,,2049,,,,,,,,,,,,,,,,,0.43000000000000005
Scenario1,0,RE1,,PWRGEO002,,2050,,,,,,,,,,,,,,,,,0.395
Scenario1,0,RE1,,PWRGEO003,,2019,,,,,,,,,,,,,,,,,0.0
Scenario1,0,RE1,,PWRGEO003,,2020,,,,,,,,,,,,,,,,,0.0
Scenario1,0,RE1,,PWRGEO003,,2021,,,,,,,,,,,,,,,,,0.0
Scenario1,0,RE1,,PWRGEO003,,2022,,,,,,,,,,,,,,,,,0.0
Scenario1,0,RE1,,PWRGEO003,,2023,,,,,,,,,,,,,,,,,0.0
Scenario1,0,RE1,,PWRGEO003,,2024,,,,,,,,,,,,,,,,,0.0
Scenario1,0,RE1,,PWRGEO003,,2025,,,,,,,,,,,,,,,,,0.0
Scenario1,0,RE1,,PWRGEO003,,2026,,,,,,,,,,,,,,,,,0.0
Scenario1,0,RE1,,PWRGEO003,,2027,,,,,,,,,,,,,,,,,0.0
Scenario1,0,RE1,,PWRGEO003,,2028,,,,,,,,,,,,,,,,,0.0
Scenario1,0,RE1,,PWRGEO003,,2029,,,,,,,,,,,,,,,,,0.0
Scenario1,0,RE1,,PWRGEO003,,2030,,,,,,,,,,,,,,,,,0.0
Scenario1,0,RE1,,PWRGEO003,,2031,,,,,,,,,,,,,,,,,0.033
Scenario1,0,RE1,,PWRGEO003,,2032,,,,,,,,,,,,,,,,,0.033
Scenario1,0,RE1,,PWRGEO003,,2033,,,,,,,,,,,,,,,,,0.033
Scenario1,0,RE1,,PWRGEO003,,2034,,,,,,,,,,,,,,,,,0.033
Scenario1,0,RE1,,PWRGEO003,,2035,,,,,,,,,,,,,,,,,0.033
Scenario1,0,RE1,,PWRGEO003,,2036,,,,,,,,,,,,,,,,,0.033
Scenario1,0,RE1,,PWRGEO003,,2037,,,,,,,,,,,,,,,,,0.033
Scenario1,0,RE1,,PWRGEO003,,2038,,,,,,,,,,,,,,,,,0.033
Scenario1,0,RE1,,PWRGEO003,,2039,,,,,,,,,,,,,,,,,0.033
Scenario1,0,RE1,,PWRGEO003,,2040,,,,,,,,,,,,,,,,,0.1
Scenario1,0,RE1,,PWRGEO003,,2041,,,,,,,,,,,,,,,,,0.1
Scenario1,0,RE1,,PWRGEO003,,2042,,,,,,,,,,,,,,,,,0.1
Scenario1,0,RE1,,PWRGEO003,,2043,,,,,,,,,,,,,,,,,0.1
Scenario1,0,RE1,,PWRGEO003,,2044,,,,,,,,,,,,,,,,,0.1
Scenario1,0,RE1,,PWRGEO003,,2045,,,,,,,,,,,,,,,,,0.1
Scenario1,0,RE1,,PWRGEO003,,2046,,,,,,,,,,,,,,,,,0.1
Scenario1,0,RE1,,PWRGEO003,,2047,,,,,,,,,,,,,,,,,0.1
Scenario1,0,RE1,,PWRGEO003,,2048,,,,,,,,,,,,,,,,,0.1
Scenario1,0,RE1,,PWRGEO003,,2049,,,,,,,,,,,,,,,,,0.1
Scenario1,0,RE1,,PWRGEO003,,2050,,,,,,,,,,,,,,,,,0.1
Scenario1,0,RE1,,PWRGEO004,,2019,,,,,,,,,,,,,,,,,0.0
Scenario1,0,RE1,,PWRGEO004,,2020,,,,,,,,,,,,,,,,,0.0
Scenario1,0,RE1,,PWRGEO004,,2021,,,,,,,,,,,,,,,,,0.0
Scenario1,0,RE1,,PWRGEO004,,2022,,,,,,,,,,,,,,,,,0.0
Scenario1,0,RE1,,PWRGEO004,,2023,,,,,,,,,,,,,,,,,0.0
Scenario1,0,RE1,,PWRGEO004,,2024,,,,,,,,,,,,,,,,,0.0
Scenario1,0,RE1,,PWRGEO004,,2025,,,,,,,,,,,,,,,,,0.0
Scenario1,0,RE1,,PWRGEO004,,2026,,,,,,,,,,,,,,,,,0.0
Scenario1,0,RE1,,PWRGEO004,,2027,,,,,,,,,,,,,,,,,0.0
Scenario1,0,RE1,,PWRGEO004,,2028,,,,,,,,,,,,,,,,,0.0
Scenario1,0,RE1,,PWRGEO004,,2029,,,,,,,,,,,,,,,,,0.0
Scenario1,0,RE1,,PWRGEO004,,2030,,,,,,,,,,,,,,,,,0.0
Scenario1,0,RE1,,PWRGEO004,,2031,,,,,,,,,,,,,,,,,0.0
Scenario1,0,RE1,,PWRGEO004,,2032,,,,,,,,,,,,,,,,,0.0
Scenario1,0,RE1,,PWRGEO004,,2033,,,,,,,,,,,,,,,,,0.0
Scenario1,0,RE1,,PWRGEO004,,2034,,,,,,,,,,,,,,,,,0.0
Scenario1,0,RE1,,PWRGEO004,,2035,,,,,,,,,,,,,,,,,0.0
Scenario1,0,RE1,,PWRGEO004,,2036,,,,,,,,,,,,,,,,,0.0
Scenario1,0,RE1,,PWRGEO004,,2037,,,,,,,,,,,,,,,,,0.0
Scenario1,0,RE1,,PWRGEO004,,2038,,,,,,,,,,,,,,,,,0.1
Scenario1,0,RE1,,PWRGEO004,,2039,,,,,,,,,,,,,,,,,0.2
Scenario1,0,RE1,,PWRGEO004,,2040,,,,,,,,,,,,,,,,,0.3
Scenario1,0,RE1,,PWRGEO004,,2041,,,,,,,,,,,,,,,,,0.3
Scenario1,0,RE1,,PWRGEO004,,2042,,,,,,,,,,,,,,,,,0.3
Scenario1,0,RE1,,PWRGEO004,,2043,,,,,,,,,,,,,,,,,0.3
Scenario1,0,RE1,,PWRGEO004,,2044,,,,,,,,,,,,,,,,,0.3
Scenario1,0,RE1,,PWRGEO004,,2045,,,,,,,,,,,,,,,,,0.3
Scenario1,0,RE1,,PWRGEO004,,2046,,,,,,,,,,,,,,,,,0.3
Scenario1,0,RE1,,PWRGEO004,,2047,,,,,,,,,,,,,,,,,0.3
Scenario1,0,RE1,,PWRGEO004,,2048,,,,,,,,,,,,,,,,,0.3
Scenario1,0,RE1,,PWRGEO004,,2049,,,,,,,,,,,,,,,,,0.3
Scenario1,0,RE1,,PWRGEO004,,2050,,,,,,,,,,,,,,,,,0.3
Scenario1,0,RE1,,PWRGEO005,,2019,,,,,,,,,,,,,,,,,0.0
Scenario1,0,RE1,,PWRGEO005,,2020,,,,,,,,,,,,,,,,,0.0
Scenario1,0,RE1,,PWRGEO005,,2021,,,,,,,,,,,,,,,,,0.0
Scenario1,0,RE1,,PWRGEO005,,2022,,,,,,,,,,,,,,,,,0.0
Scenario1,0,RE1,,PWRGEO005,,2023,,,,,,,,,,,,,,,,,0.0
Scenario1,0,RE1,,PWRGEO005,,2024,,,,,,,,,,,,,,,,,0.0
Scenario1,0,RE1,,PWRGEO005,,2025,,,,,,,,,,,,,,,,,0.0
Scenario1,0,RE1,,PWRGEO005,,2026,,,,,,,,,,,,,,,,,0.0
Scenario1,0,RE1,,PWRGEO005,,2027,,,,,,,,,,,,,,,,,0.0
Scenario1,0,RE1,,PWRGEO005,,2028,,,,,,,,,,,,,,,,,0.0
Scenario1,0,RE1,,PWRGEO005,,2029,,,,,,,,,,,,,,,,,0.0
Scenario1,0,RE1,,PWRGEO005,,2030,,,,,,,,,,,,,,,,,0.0
Scenario1,0,RE1,,PWRGEO005,,2031,,,,,,,,,,,,,,,,,0.035
Scenario1,0,RE1,,PWRGEO005,,2032,,,,,,,,,,,,,,,,,0.035
Scenario1,0,RE1,,PWRGEO005,,2033,,,,,,,,,,,,,,,,,0.035
Scenario1,0,RE1,,PWRGEO005,,2034,,,,,,,,,,,,,,,,,0.035
Scenario1,0,RE1,,PWRGEO005,,2035,,,,,,,,,,,,,,,,,0.035
Scenario1,0,RE1,,PWRGEO005,,2036,,,,,,,,,,,,,,,,,0.035
Scenario1,0,RE1,,PWRGEO005,,2037,,,,,,,,,,,,,,,,,0.035
Scenario1,0,RE1,,PWRGEO005,,2038,,,,,,,,,,,,,,,,,0.035
Scenario1,0,RE1,,PWRGEO005,,2039,,,,,,,,,,,,,,,,,0.035
Scenario1,0,RE1,,PWRGEO005,,2040,,,,,,,,,,,,,,,,,0.0479843061478501
Scenario1,0,RE1,,PWRGEO005,,2041,,,,,,,,,,,,,,,,,0.07
Scenario1,0,RE1,,PWRGEO005,,2042,,,,,,,,,,,,,,,,,0.07
Scenario1,0,RE1,,PWRGEO005,,2043,,,,,,,,,,,,,,,,,0.07
Scenario1,0,RE1,,PWRGEO005,,2044,,,,,,,,,,,,,,,,,0.07
Scenario1,0,RE1,,PWRGEO005,,2045,,,,,,,,,,,,,,,,,0.07
Scenario1,0,RE1,,PWRGEO005,,2046,,,,,,,,,,,,,,,,,0.07
Scenario1,0,RE1,,PWRGEO005,,2047,,,,,,,,,,,,,,,,,0.07
Scenario1,0,RE1,,PWRGEO005,,2048,,,,,,,,,,,,,,,,,0.07
Scenario1,0,RE1,,PWRGEO005,,2049,,,,,,,,,,,,,,,,,0.07
Scenario1,0,RE1,,PWRGEO005,,2050,,,,,,,,,,,,,,,,,0.07
Scenario1,0,RE1,,PWRGEO006,,2019,,,,,,,,,,,,,,,,,0.0
Scenario1,0,RE1,,PWRGEO006,,2020,,,,,,,,,,,,,,,,,0.0
Scenario1,0,RE1,,PWRGEO006,,2021,,,,,,,,,,,,,,,,,0.0
Scenario1,0,RE1,,PWRGEO006,,2022,,,,,,,,,,,,,,,,,0.0
Scenario1,0,RE1,,PWRGEO006,,2023,,,,,,,,,,,,,,,,,0.0
Scenario1,0,RE1,,PWRGEO006,,2024,,,,,,,,,,,,,,,,,0.0
Scenario1,0,RE1,,PWRGEO006,,2025,,,,,,,,,,,,,,,,,0.0
Scenario1,0,RE1,,PWRGEO006,,2026,,,,,,,,,,,,,,,,,0.15528981638547842
Scenario1,0,RE1,,PWRGEO006,,2027,,,,,,,,,,,,,,,,,0.3030694279956969
Scenario1,0,RE1,,PWRGEO006,,2028,,,,,,,,,,,,,,,,,0.31239167679598423
Scenario1,0,RE1,,PWRGEO006,,2029,,,,,,,,,,,,,,,,,0.31239167679598423
Scenario1,0,RE1,,PWRGEO006,,2030,,,,,,,,,,,,,,,,,0.3927455699573209
Scenario1,0,RE1,,PWRGEO006,,2031,,,,,,,,,,,,,,,,,0.3927455699573209
Scenario1,0,RE1,,PWRGEO006,,2032,,,,,,,,,,,,,,,,,0.5237015183363083
Scenario1,0,RE1,,PWRGEO006,,2033,,,,,,,,,,,,,,,,,0.6199999999999999
Scenario1,0,RE1,,PWRGEO006,,2034,,,,,,,,,,,,,,,,,0.6199999999999999
Scenario1,0,RE1,,PWRGEO006,,2035,,,,,,,,,,,,,,,,,0.7600000000000001
Scenario1,0,RE1,,PWRGEO006,,2036,,,,,,,,,,,,,,,,,0.7890290800504894
Scenario1,0,RE1,,PWRGEO006,,2037,,,,,,,,,,,,,,,,,0.8697076322073936
Scenario1,0,RE1,,PWRGEO006,,2038,,,,,,,,,,,,,,,,,1.0200000000000002
Scenario1,0,RE1,,PWRGEO006,,2039,,,,,,,,,,,,,,,,,1.0824923205513077
Scenario1,0,RE1,,PWRGEO006,,2040,,,,,,,,,,,,,,,,,1.0824923205513077
Scenario1,0,RE1,,PWRGEO006,,2041,,,,,,,,,,,,,,,,,1.0824923205513077
Scenario1,0,RE1,,PWRGEO006,,2042,,,,,,,,,,,,,,,,,1.2603222651521124
Scenario1,0,RE1,,PWRGEO006,,2043,,,,,,,,,,,,,,,,,1.5679869694021427
Scenario1,0,RE1,,PWRGEO006,,2044,,,,,,,,,,,,,,,,,1.8586907357918567
Scenario1,0,RE1,,PWRGEO006,,2045,,,,,,,,,,,,,,,,,2.0044092616255025
Scenario1,0,RE1,,PWRGEO006,,2046,,,,,,,,,,,,,,,,,2.2999999999999994
Scenario1,0,RE1,,PWRGEO006,,2047,,,,,,,,,,,,,,,,,2.5399999999999996
Scenario1,0,RE1,,PWRGEO006,,2048,,,,,,,,,,,,,,,,,2.7999999999999994
Scenario1,0,RE1,,PWRGEO006,,2049,,,,,,,,,,,,,,,,,2.8408586749364066
Scenario1,0,RE1,,PWRGEO006,,2050,,,,,,,,,,,,,,,,,3.2462342881326163
Scenario1,0,RE1,,PWRGEO007,,2019,,,,,,,,,,,,,,,,,0.0
Scenario1,0,RE1,,PWRGEO007,,2020,,,,,,,,,,,,,,,,,0.0
Scenario1,0,RE1,,PWRGEO007,,2021,,,,,,,,,,,,,,,,,0.0
Scenario1,0,RE1,,PWRGEO007,,2022,,,,,,,,,,,,,,,,,0.0
Scenario1,0,RE1,,PWRGEO007,,2023,,,,,,,,,,,,,,,,,0.0
Scenario1,0,RE1,,PWRGEO007,,2024,,,,,,,,,,,,,,,,,0.0
Scenario1,0,RE1,,PWRGEO007,,2025,,,,,,,,,,,,,,,,,0.0
Scenario1,0,RE1,,PWRGEO007,,2026,,,,,,,,,,,,,,,,,0.0
Scenario1,0,RE1,,PWRGEO007,,2027,,,,,,,,,,,,,,,,,0.0
Scenario1,0,RE1,,PWRGEO007,,2028,,,,,,,,,,,,,,,,,0.0
Scenario1,0,RE1,,PWRGEO007,,2029,,,,,,,,,,,,,,,,,0.0
Scenario1,0,RE1,,PWRGEO007,,2030,,,,,,,,,,,,,,,,,0.0
Scenario1,0,RE1,,PWRGEO007,,2031,,,,,,,,,,,,,,,,,0.0
Scenario1,0,RE1,,PWRGEO007,,2032,,,,,,,,,,,,,,,,,0.0
Scenario1,0,RE1,,PWRGEO007,,2033,,,,,,,,,,,,,,,,,0.0
Scenario1,0,RE1,,PWRGEO007,,2034,,,,,,,,,,,,,,,,,0.0
Scenario1,0,RE1,,PWRGEO007,,2035,,,,,,,,,,,,,,,,,0.0
Scenario1,0,RE1,,PWRGEO007,,2036,,,,,,,,,,,,,,,,,0.0
Scenario1,0,RE1,,PWRGEO007,,2037,,,,,,,,,,,,,,,,,0.0
Scenario1,0,RE1,,PWRGEO007,,2038,,,,,,,,,,,,,,,,,0.0
Scenario1,0,RE1,,PWRGEO007,,2039,,,,,,,,,,,,,,,,,0.0
Scenario1,0,RE1,,PWRGEO007,,2040,,,,,,,,,,,,,,,,,0.0
Scenario1,0,RE1,,PWRGEO007,,2041,,,,,,,,,,,,,,,,,0.0
Scenario1,0,RE1,,PWRGEO007,,2042,,,,,,,,,,,,,,,,,0.0
Scenario1,0,RE1,,PWRGEO007,,2043,,,,,,,,,,,,,,,,,0.0
Scenario1,0,RE1,,PWRGEO007,,2044,,,,,,,,,,,,,,,,,0.0
Scenario1,0,RE1,,PWRGEO007,,2045,,,,,,,,,,,,,,,,,0.0
Scenario1,0,RE1,,PWRGEO007,,2046,,,,,,,,,,,,,,,,,0.0
Scenario1,0,RE1,,PWRGEO007,,2047,,,,,,,,,,,,,,,,,0.0
Scenario1,0,RE1,,PWRGEO007,,2048,,,,,,,,,,,,,,,,,0.0
Scenario1,0,RE1,,PWRGEO007,,2049,,,,,,,,,,,,,,,,,0.0
Scenario1,0,RE1,,PWRGEO007,,2050,,,,,,,,,,,,,,,,,0.0
Scenario1,0,RE1,,PWRHFO001,,2019,,,,,,,,,,,,,,,,,0.6404
Scenario1,0,RE1,,PWRHFO001,,2020,,,,,,,,,,,,,,,,,0.6404
Scenario1,0,RE1,,PWRHFO001,,2021,,,,,,,,,,,,,,,,,0.6404
Scenario1,0,RE1,,PWRHFO001,,2022,,,,,,,,,,,,,,,,,0.6404
Scenario1,0,RE1,,PWRHFO001,,2023,,,,,,,,,,,,,,,,,0.6404
Scenario1,0,RE1,,PWRHFO001,,2024,,,,,,,,,,,,,,,,,0.6404
Scenario1,0,RE1,,PWRHFO001,,2025,,,,,,,,,,,,,,,,,0.5804
Scenario1,0,RE1,,PWRHFO001,,2026,,,,,,,,,,,,,,,,,0.5064
Scenario1,0,RE1,,PWRHFO001,,2027,,,,,,,,,,,,,,,,,0.5064
Scenario1,0,RE1,,PWRHFO001,,2028,,,,,,,,,,,,,,,,,0.5064
Scenario1,0,RE1,,PWRHFO001,,2029,,,,,,,,,,,,,,,,,0.5064
Scenario1,0,RE1,,PWRHFO001,,2030,,,,,,,,,,,,,,,,,0.4178
Scenario1,0,RE1,,PWRHFO001,,2031,,,,,,,,,,,,,,,,,0.3028
Scenario1,0,RE1,,PWRHFO001,,2032,,,,,,,,,,,,,,,,,0.3028
Scenario1,0,RE1,,PWRHFO001,,2033,,,,,,,,,,,,,,,,,0.3028
Scenario1,0,RE1,,PWRHFO001,,2034,,,,,,,,,,,,,,,,,0.1355
Scenario1,0,RE1,,PWRHFO001,,2035,,,,,,,,,,,,,,,,,0.083
Scenario1,0,RE1,,PWRHFO001,,2036,,,,,,,,,,,,,,,,,0.0
Scenario1,0,RE1,,PWRHFO001,,2037,,,,,,,,,,,,,,,,,0.0
Scenario1,0,RE1,,PWRHFO001,,2038,,,,,,,,,,,,,,,,,0.0
Scenario1,0,RE1,,PWRHFO001,,2039,,,,,,,,,,,,,,,,,0.0
Scenario1,0,RE1,,PWRHFO001,,2040,,,,,,,,,,,,,,,,,0.0
Scenario1,0,RE1,,PWRHFO001,,2041,,,,,,,,,,,,,,,,,0.0
Scenario1,0,RE1,,PWRHFO001,,2042,,,,,,,,,,,,,,,,,0.0
Scenario1,0,RE1,,PWRHFO001,,2043,,,,,,,,,,,,,,,,,0.0
Scenario1,0,RE1,,PWRHFO001,,2044,,,,,,,,,,,,,,,,,0.0
Scenario1,0,RE1,,PWRHFO001,,2045,,,,,,,,,,,,,,,,,0.0
Scenario1,0,RE1,,PWRHFO001,,2046,,,,,,,,,,,,,,,,,0.0
Scenario1,0,RE1,,PWRHFO001,,2047,,,,,,,,,,,,,,,,,0.0
Scenario1,0,RE1,,PWRHFO001,,2048,,,,,,,,,,,,,,,,,0.0
Scenario1,0,RE1,,PWRHFO001,,2049,,,,,,,,,,,,,,,,,0.0
Scenario1,0,RE1,,PWRHFO001,,2050,,,,,,,,,,,,,,,,,0.0
Scenario1,0,RE1,,PWRHYD001,,2019,,,,,,,,,,,,,,,,,0.1
Scenario1,0,RE1,,PWRHYD001,,2020,,,,,,,,,,,,,,,,,0.1
Scenario1,0,RE1,,PWRHYD001,,2021,,,,,,,,,,,,,,,,,0.1
Scenario1,0,RE1,,PWRHYD001,,2022,,,,,,,,,,,,,,,,,0.1
Scenario1,0,RE1,,PWRHYD001,,2023,,,,,,,,,,,,,,,,,0.1
Scenario1,0,RE1,,PWRHYD001,,2024,,,,,,,,,,,,,,,,,0.1
Scenario1,0,RE1,,PWRHYD001,,2025,,,,,,,,,,,,,,,,,0.1
Scenario1,0,RE1,,PWRHYD001,,2026,,,,,,,,,,,,,,,,,0.1
Scenario1,0,RE1,,PWRHYD001,,2027,,,,,,,,,,,,,,,,,0.1
Scenario1,0,RE1,,PWRHYD001,,2028,,,,,,,,,,,,,,,,,0.1
Scenario1,0,RE1,,PWRHYD001,,2029,,,,,,,,,,,,,,,,,0.1
Scenario1,0,RE1,,PWRHYD001,,2030,,,,,,,,,,,,,,,,,0.1
Scenario1,0,RE1,,PWRHYD001,,2031,,,,,,,,,,,,,,,,,0.1
Scenario1,0,RE1,,PWRHYD001,,2032,,,,,,,,,,,,,,,,,0.1
Scenario1,0,RE1,,PWRHYD001,,2033,,,,,,,,,,,,,,,,,0.1
Scenario1,0,RE1,,PWRHYD001,,2034,,,,,,,,,,,,,,,,,0.1
Scenario1,0,RE1,,PWRHYD001,,2035,,,,,,,,,,,,,,,,,0.1
Scenario1,0,RE1,,PWRHYD001,,2036,,,,,,,,,,,,,,,,,0.1
Scenario1,0,RE1,,PWRHYD001,,2037,,,,,,,,,,,,,,,,,0.1
Scenario1,0,RE1,,PWRHYD001,,2038,,,,,,,,,,,,,,,,,0.1
Scenario1,0,RE1,,PWRHYD001,,2039,,,,,,,,,,,,,,,,,0.1
Scenario1,0,RE1,,PWRHYD001,,2040,,,,,,,,,,,,,,,,,0.1
Scenario1,0,RE1,,PWRHYD001,,2041,,,,,,,,,,,,,,,,,0.1
Scenario1,0,RE1,,PWRHYD001,,2042,,,,,,,,,,,,,,,,,0.02
Scenario1,0,RE1,,PWRHYD001,,2043,,,,,,,,,,,,,,,,,0.02
Scenario1,0,RE1,,PWRHYD001,,2044,,,,,,,,,,,,,,,,,0.02
Scenario1,0,RE1,,PWRHYD001,,2045,,,,,,,,,,,,,,,,,0.02
Scenario1,0,RE1,,PWRHYD001,,2046,,,,,,,,,,,,,,,,,0.02
Scenario1,0,RE1,,PWRHYD001,,2047,,,,,,,,,,,,,,,,,0.02
Scenario1,0,RE1,,PWRHYD001,,2048,,,,,,,,,,,,,,,,,0.02
Scenario1,0,RE1,,PWRHYD001,,2049,,,,,,,,,,,,,,,,,0.02
Scenario1,0,RE1,,PWRHYD001,,2050,,,,,,,,,,,,,,,,,0.02
Scenario1,0,RE1,,PWRHYD002,,2019,,,,,,,,,,,,,,,,,0.58
Scenario1,0,RE1,,PWRHYD002,,2020,,,,,,,,,,,,,,,,,0.58
Scenario1,0,RE1,,PWRHYD002,,2021,,,,,,,,,,,,,,,,,0.58
Scenario1,0,RE1,,PWRHYD002,,2022,,,,,,,,,,,,,,,,,0.58
Scenario1,0,RE1,,PWRHYD002,,2023,,,,,,,,,,,,,,,,,0.58
Scenario1,0,RE1,,PWRHYD002,,2024,,,,,,,,,,,,,,,,,0.58
Scenario1,0,RE1,,PWRHYD002,,2025,,,,,,,,,,,,,,,,,0.58
Scenario1,0,RE1,,PWRHYD002,,2026,,,,,,,,,,,,,,,,,0.58
Scenario1,0,RE1,,PWRHYD002,,2027,,,,,,,,,,,,,,,,,0.58
Scenario1,0,RE1,,PWRHYD002,,2028,,,,,,,,,,,,,,,,,0.58
Scenario1,0,RE1,,PWRHYD002,,2029,,,,,,,,,,,,,,,,,0.58
Scenario1,0,RE1,,PWRHYD002,,2030,,,,,,,,,,,,,,,,,0.58
Scenario1,0,RE1,,PWRHYD002,,2031,,,,,,,,,,,,,,,,,0.67
Scenario1,0,RE1,,PWRHYD002,,2032,,,,,,,,,,,,,,,,,0.67
Scenario1,0,RE1,,PWRHYD002,,2033,,,,,,,,,,,,,,,,,0.67
Scenario1,0,RE1,,PWRHYD002,,2034,,,,,,,,,,,,,,,,,0.67
Scenario1,0,RE1,,PWRHYD002,,2035,,,,,,,,,,,,,,,,,0.67
Scenario1,0,RE1,,PWRHYD002,,2036,,,,,,,,,,,,,,,,,0.67
Scenario1,0,RE1,,PWRHYD002,,2037,,,,,,,,,,,,,,,,,0.67
Scenario1,0,RE1,,PWRHYD002,,2038,,,,,,,,,,,,,,,,,0.67
Scenario1,0,RE1,,PWRHYD002,,2039,,,,,,,,,,,,,,,,,0.67
Scenario1,0,RE1,,PWRHYD002,,2040,,,,,,,,,,,,,,,,,0.67
Scenario1,0,RE1,,PWRHYD002,,2041,,,,,,,,,,,,,,,,,0.67
Scenario1,0,RE1,,PWRHYD002,,2042,,,,,,,,,,,,,,,,,0.67
Scenario1,0,RE1,,PWRHYD002,,2043,,,,,,,,,,,,,,,,,0.67
Scenario1,0,RE1,,PWRHYD002,,2044,,,,,,,,,,,,,,,,,0.67
Scenario1,0,RE1,,PWRHYD002,,2045,,,,,,,,,,,,,,,,,0.67
Scenario1,0,RE1,,PWRHYD002,,2046,,,,,,,,,,,,,,,,,0.67
Scenario1,0,RE1,,PWRHYD002,,2047,,,,,,,,,,,,,,,,,0.67
Scenario1,0,RE1,,PWRHYD002,,2048,,,,,,,,,,,,,,,,,0.67
Scenario1,0,RE1,,PWRHYD002,,2049,,,,,,,,,,,,,,,,,0.67
Scenario1,0,RE1,,PWRHYD002,,2050,,,,,,,,,,,,,,,,,0.67
Scenario1,0,RE1,,PWRHYD003,,2019,,,,,,,,,,,,,,,,,0.105
Scenario1,0,RE1,,PWRHYD003,,2020,,,,,,,,,,,,,,,,,0.105
Scenario1,0,RE1,,PWRHYD003,,2021,,,,,,,,,,,,,,,,,0.105
Scenario1,0,RE1,,PWRHYD003,,2022,,,,,,,,,,,,,,,,,0.105
Scenario1,0,RE1,,PWRHYD003,,2023,,,,,,,,,,,,,,,,,0.105
Scenario1,0,RE1,,PWRHYD003,,2024,,,,,,,,,,,,,,,,,0.105
Scenario1,0,RE1,,PWRHYD003,,2025,,,,,,,,,,,,,,,,,0.105
Scenario1,0,RE1,,PWRHYD003,,2026,,,,,,,,,,,,,,,,,0.105
Scenario1,0,RE1,,PWRHYD003,,2027,,,,,,,,,,,,,,,,,0.105
Scenario1,0,RE1,,PWRHYD003,,2028,,,,,,,,,,,,,,,,,0.105
Scenario1,0,RE1,,PWRHYD003,,2029,,,,,,,,,,,,,,,,,0.105
Scenario1,0,RE1,,PWRHYD003,,2030,,,,,,,,,,,,,,,,,0.105
Scenario1,0,RE1,,PWRHYD003,,2031,,,,,,,,,,,,,,,,,0.105
Scenario1,0,RE1,,PWRHYD003,,2032,,,,,,,,,,,,,,,,,0.105
Scenario1,0,RE1,,PWRHYD003,,2033,,,,,,,,,,,,,,,,,0.105
Scenario1,0,RE1,,PWRHYD003,,2034,,,,,,,,,,,,,,,,,0.105
Scenario1,0,RE1,,PWRHYD003,,2035,,,,,,,,,,,,,,,,,0.105
Scenario1,0,RE1,,PWRHYD003,,2036,,,,,,,,,,,,,,,,,0.105
Scenario1,0,RE1,,PWRHYD003,,2037,,,,,,,,,,,,,,,,,0.105
Scenario1,0,RE1,,PWRHYD003,,2038,,,,,,,,,,,,,,,,,0.105
Scenario1,0,RE1,,PWRHYD003,,2039,,,,,,,,,,,,,,,,,0.105
Scenario1,0,RE1,,PWRHYD003,,2040,,,,,,,,,,,,,,,,,0.105
Scenario1,0,RE1,,PWRHYD003,,2041,,,,,,,,,,,,,,,,,0.105
Scenario1,0,RE1,,PWRHYD003,,2042,,,,,,,,,,,,,,,,,0.105
Scenario1,0,RE1,,PWRHYD003,,2043,,,,,,,,,,,,,,,,,0.105
Scenario1,0,RE1,,PWRHYD003,,2044,,,,,,,,,,,,,,,,,0.105
Scenario1,0,RE1,,PWRHYD003,,2045,,,,,,,,,,,,,,,,,0.105
Scenario1,0,RE1,,PWRHYD003,,2046,,,,,,,,,,,,,,,,,0.105
Scenario1,0,RE1,,PWRHYD003,,2047,,,,,,,,,,,,,,,,,0.105
Scenario1,0,RE1,,PWRHYD003,,2048,,,,,,,,,,,,,,,,,0.105
Scenario1,0,RE1,,PWRHYD003,,2049,,,,,,,,,,,,,,,,,0.105
Scenario1,0,RE1,,PWRHYD003,,2050,,,,,,,,,,,,,,,,,0.105
Scenario1,0,RE1,,PWRHYD004,,2019,,,,,,,,,,,,,,,,,0.0
Scenario1,0,RE1,,PWRHYD004,,2020,,,,,,,,,,,,,,,,,0.0
Scenario1,0,RE1,,PWRHYD004,,2021,,,,,,,,,,,,,,,,,0.0
Scenario1,0,RE1,,PWRHYD004,,2022,,,,,,,,,,,,,,,,,0.0
Scenario1,0,RE1,,PWRHYD004,,2023,,,,,,,,,,,,,,,,,0.0
Scenario1,0,RE1,,PWRHYD004,,2024,,,,,,,,,,,,,,,,,0.0
Scenario1,0,RE1,,PWRHYD004,,2025,,,,,,,,,,,,,,,,,0.0
Scenario1,0,RE1,,PWRHYD004,,2026,,,,,,,,,,,,,,,,,0.0
Scenario1,0,RE1,,PWRHYD004,,2027,,,,,,,,,,,,,,,,,0.0
Scenario1,0,RE1,,PWRHYD004,,2028,,,,,,,,,,,,,,,,,0.0
Scenario1,0,RE1,,PWRHYD004,,2029,,,,,,,,,,,,,,,,,0.0
Scenario1,0,RE1,,PWRHYD004,,2030,,,,,,,,,,,,,,,,,0.0
Scenario1,0,RE1,,PWRHYD004,,2031,,,,,,,,,,,,,,,,,0.0
Scenario1,0,RE1,,PWRHYD004,,2032,,,,,,,,,,,,,,,,,0.0
Scenario1,0,RE1,,PWRHYD004,,2033,,,,,,,,,,,,,,,,,0.0
Scenario1,0,RE1,,PWRHYD004,,2034,,,,,,,,,,,,,,,,,0.0
Scenario1,0,RE1,,PWRHYD004,,2035,,,,,,,,,,,,,,,,,0.0
Scenario1,0,RE1,,PWRHYD004,,2036,,,,,,,,,,,,,,,,,0.0
Scenario1,0,RE1,,PWRHYD004,,2037,,,,,,,,,,,,,,,,,0.0
Scenario1,0,RE1,,PWRHYD004,,2038,,,,,,,,,,,,,,,,,0.0
Scenario1,0,RE1,,PWRHYD004,,2039,,,,,,,,,,,,,,,,,0.0
Scenario1,0,RE1,,PWRHYD004,,2040,,,,,,,,,,,,,,,,,0.0
Scenario1,0,RE1,,PWRHYD004,,2041,,,,,,,,,,,,,,,,,0.0
Scenario1,0,RE1,,PWRHYD004,,2042,,,,,,,,,,,,,,,,,0.0
Scenario1,0,RE1,,PWRHYD004,,2043,,,,,,,,,,,,,,,,,0.0
Scenario1,0,RE1,,PWRHYD004,,2044,,,,,,,,,,,,,,,,,0.0
Scenario1,0,RE1,,PWRHYD004,,2045,,,,,,,,,,,,,,,,,0.0
Scenario1,0,RE1,,PWRHYD004,,2046,,,,,,,,,,,,,,,,,0.0
Scenario1,0,RE1,,PWRHYD004,,2047,,,,,,,,,,,,,,,,,0.0
Scenario1,0,RE1,,PWRHYD004,,2048,,,,,,,,,,,,,,,,,0.0
Scenario1,0,RE1,,PWRHYD004,,2049,,,,,,,,,,,,,,,,,0.0
Scenario1,0,RE1,,PWRHYD004,,2050,,,,,,,,,,,,,,,,,0.0
Scenario1,0,RE1,,PWRHYD005,,2019,,,,,,,,,,,,,,,,,0.0195
Scenario1,0,RE1,,PWRHYD005,,2020,,,,,,,,,,,,,,,,,0.0195
Scenario1,0,RE1,,PWRHYD005,,2021,,,,,,,,,,,,,,,,,0.0195
Scenario1,0,RE1,,PWRHYD005,,2022,,,,,,,,,,,,,,,,,0.0195
Scenario1,0,RE1,,PWRHYD005,,2023,,,,,,,,,,,,,,,,,0.0268
Scenario1,0,RE1,,PWRHYD005,,2024,,,,,,,,,,,,,,,,,0.0293
Scenario1,0,RE1,,PWRHYD005,,2025,,,,,,,,,,,,,,,,,0.029599999999999998
Scenario1,0,RE1,,PWRHYD005,,2026,,,,,,,,,,,,,,,,,0.1523
Scenario1,0,RE1,,PWRHYD005,,2027,,,,,,,,,,,,,,,,,0.1724
Scenario1,0,RE1,,PWRHYD005,,2028,,,,,,,,,,,,,,,,,0.1855
Scenario1,0,RE1,,PWRHYD005,,2029,,,,,,,,,,,,,,,,,0.20379999999999998
Scenario1,0,RE1,,PWRHYD005,,2030,,,,,,,,,,,,,,,,,0.2524
Scenario1,0,RE1,,PWRHYD005,,2031,,,,,,,,,,,,,,,,,0.29359999999999997
Scenario1,0,RE1,,PWRHYD005,,2032,,,,,,,,,,,,,,,,,0.32599999999999996
Scenario1,0,RE1,,PWRHYD005,,2033,,,,,,,,,,,,,,,,,0.3739
Scenario1,0,RE1,,PWRHYD005,,2034,,,,,,,,,,,,,,,,,0.3739
Scenario1,0,RE1,,PWRHYD005,,2035,,,,,,,,,,,,,,,,,0.46640000000000004
Scenario1,0,RE1,,PWRHYD005,,2036,,,,,,,,,,,,,,,,,0.5146999999999999
Scenario1,0,RE1,,PWRHYD005,,2037,,,,,,,,,,,,,,,,,0.5407000000000001
Scenario1,0,RE1,,PWRHYD005,,2038,,,,,,,,,,,,,,,,,0.5690000000000001
Scenario1,0,RE1,,PWRHYD005,,2039,,,,,,,,,,,,,,,,,0.5999
Scenario1,0,RE1,,PWRHYD005,,2040,,,,,,,,,,,,,,,,,0.5999
Scenario1,0,RE1,,PWRHYD005,,2041,,,,,,,,,,,,,,,,,0.5999
Scenario1,0,RE1,,PWRHYD005,,2042,,,,,,,,,,,,,,,,,0.6061379848195965
Scenario1,0,RE1,,PWRHYD005,,2043,,,,,,,,,,,,,,,,,0.6061379848195965
Scenario1,0,RE1,,PWRHYD005,,2044,,,,,,,,,,,,,,,,,0.6061379848195965
Scenario1,0,RE1,,PWRHYD005,,2045,,,,,,,,,,,,,,,,,0.6061379848195965
Scenario1,0,RE1,,PWRHYD005,,2046,,,,,,,,,,,,,,,,,0.6061379848195965
Scenario1,0,RE1,,PWRHYD005,,2047,,,,,,,,,,,,,,,,,0.6061379848195965
Scenario1,0,RE1,,PWRHYD005,,2048,,,,,,,,,,,,,,,,,0.6061379848195965
Scenario1,0,RE1,,PWRHYD005,,2049,,,,,,,,,,,,,,,,,0.6061379848195965
Scenario1,0,RE1,,PWRHYD005,,2050,,,,,,,,,,,,,,,,,0.6061379848195965
Scenario1,0,RE1,,PWRLFO001,,2019,,,,,,,,,,,,,,,,,0.028
Scenario1,0,RE1,,PWRLFO001,,2020,,,,,,,,,,,,,,,,,0.028
Scenario1,0,RE1,,PWRLFO001,,2021,,,,,,,,,,,,,,,,,0.028
Scenario1,0,RE1,,PWRLFO001,,2022,,,,,,,,,,,,,,,,,0.028
Scenario1,0,RE1,,PWRLFO001,,2023,,,,,,,,,,,,,,,,,0.028
Scenario1,0,RE1,,PWRLFO001,,2024,,,,,,,,,,,,,,,,,0.028
Scenario1,0,RE1,,PWRLFO001,,2025,,,,,,,,,,,,,,,,,0.0
Scenario1,0,RE1,,PWRLFO001,,2026,,,,,,,,,,,,,,,,,0.0
Scenario1,0,RE1,,PWRLFO001,,2027,,,,,,,,,,,,,,,,,0.0
Scenario1,0,RE1,,PWRLFO001,,2028,,,,,,,,,,,,,,,,,0.0
Scenario1,0,RE1,,PWRLFO001,,2029,,,,,,,,,,,,,,,,,0.0
Scenario1,0,RE1,,PWRLFO001,,2030,,,,,,,,,,,,,,,,,0.0
Scenario1,0,RE1,,PWRLFO001,,2031,,,,,,,,,,,,,,,,,0.0
Scenario1,0,RE1,,PWRLFO001,,2032,,,,,,,,,,,,,,,,,0.0
Scenario1,0,RE1,,PWRLFO001,,2033,,,,,,,,,,,,,,,,,0.0
Scenario1,0,RE1,,PWRLFO001,,2034,,,,,,,,,,,,,,,,,0.0
Scenario1,0,RE1,,PWRLFO001,,2035,,,,,,,,,,,,,,,,,0.0
Scenario1,0,RE1,,PWRLFO001,,2036,,,,,,,,,,,,,,,,,0.0
Scenario1,0,RE1,,PWRLFO001,,2037,,,,,,,,,,,,,,,,,0.0
Scenario1,0,RE1,,PWRLFO001,,2038,,,,,,,,,,,,,,,,,0.0
Scenario1,0,RE1,,PWRLFO001,,2039,,,,,,,,,,,,,,,,,0.0
Scenario1,0,RE1,,PWRLFO001,,2040,,,,,,,,,,,,,,,,,0.0
Scenario1,0,RE1,,PWRLFO001,,2041,,,,,,,,,,,,,,,,,0.0
Scenario1,0,RE1,,PWRLFO001,,2042,,,,,,,,,,,,,,,,,0.0
Scenario1,0,RE1,,PWRLFO001,,2043,,,,,,,,,,,,,,,,,0.0
Scenario1,0,RE1,,PWRLFO001,,2044,,,,,,,,,,,,,,,,,0.0
Scenario1,0,RE1,,PWRLFO001,,2045,,,,,,,,,,,,,,,,,0.0
Scenario1,0,RE1,,PWRLFO001,,2046,,,,,,,,,,,,,,,,,0.0
Scenario1,0,RE1,,PWRLFO001,,2047,,,,,,,,,,,,,,,,,0.0
Scenario1,0,RE1,,PWRLFO001,,2048,,,,,,,,,,,,,,,,,0.0
Scenario1,0,RE1,,PWRLFO001,,2049,,,,,,,,,,,,,,,,,0.0
Scenario1,0,RE1,,PWRLFO001,,2050,,,,,,,,,,,,,,,,,0.0
Scenario1,0,RE1,,PWRNGS001,,2019,,,,,,,,,,,,,,,,,0.0
Scenario1,0,RE1,,PWRNGS001,,2020,,,,,,,,,,,,,,,,,0.0
Scenario1,0,RE1,,PWRNGS001,,2021,,,,,,,,,,,,,,,,,0.0
Scenario1,0,RE1,,PWRNGS001,,2022,,,,,,,,,,,,,,,,,0.0
Scenario1,0,RE1,,PWRNGS001,,2023,,,,,,,,,,,,,,,,,0.0
Scenario1,0,RE1,,PWRNGS001,,2024,,,,,,,,,,,,,,,,,0.0
Scenario1,0,RE1,,PWRNGS001,,2025,,,,,,,,,,,,,,,,,0.0
Scenario1,0,RE1,,PWRNGS001,,2026,,,,,,,,,,,,,,,,,0.0
Scenario1,0,RE1,,PWRNGS001,,2027,,,,,,,,,,,,,,,,,0.0
Scenario1,0,RE1,,PWRNGS001,,2028,,,,,,,,,,,,,,,,,0.0
Scenario1,0,RE1,,PWRNGS001,,2029,,,,,,,,,,,,,,,,,0.0
Scenario1,0,RE1,,PWRNGS001,,2030,,,,,,,,,,,,,,,,,0.0
Scenario1,0,RE1,,PWRNGS001,,2031,,,,,,,,,,,,,,,,,0.0
Scenario1,0,RE1,,PWRNGS001,,2032,,,,,,,,,,,,,,,,,0.0
Scenario1,0,RE1,,PWRNGS001,,2033,,,,,,,,,,,,,,,,,0.0
Scenario1,0,RE1,,PWRNGS001,,2034,,,,,,,,,,,,,,,,,0.0
Scenario1,0,RE1,,PWRNGS001,,2035,,,,,,,,,,,,,,,,,0.0
Scenario1,0,RE1,,PWRNGS001,,2036,,,,,,,,,,,,,,,,,0.0
Scenario1,0,RE1,,PWRNGS001,,2037,,,,,,,,,,,,,,,,,0.0
Scenario1,0,RE1,,PWRNGS001,,2038,,,,,,,,,,,,,,,,,0.0
Scenario1,0,RE1,,PWRNGS001,,2039,,,,,,,,,,,,,,,,,0.0
Scenario1,0,RE1,,PWRNGS001,,2040,,,,,,,,,,,,,,,,,0.0
Scenario1,0,RE1,,PWRNGS001,,2041,,,,,,,,,,,,,,,,,0.0
Scenario1,0,RE1,,PWRNGS001,,2042,,,,,,,,,,,,,,,,,0.0
Scenario1,0,RE1,,PWRNGS001,,2043,,,,,,,,,,,,,,,,,0.0
Scenario1,0,RE1,,PWRNGS001,,2044,,,,,,,,,,,,,,,,,0.0
Scenario1,0,RE1,,PWRNGS001,,2045,,,,,,,,,,,,,,,,,0.0
Scenario1,0,RE1,,PWRNGS001,,2046,,,,,,,,,,,,,,,,,0.0
Scenario1,0,RE1,,PWRNGS001,,2047,,,,,,,,,,,,,,,,,0.0
Scenario1,0,RE1,,PWRNGS001,,2048,,,,,,,,,,,,,,,,,0.0
Scenario1,0,RE1,,PWRNGS001,,2049,,,,,,,,,,,,,,,,,0.0
Scenario1,0,RE1,,PWRNGS001,,2050,,,,,,,,,,,,,,,,,0.0
Scenario1,0,RE1,,PWRPHS001,,2019,,,,,,,,,,,,,,,,,0.0
Scenario1,0,RE1,,PWRPHS001,,2020,,,,,,,,,,,,,,,,,0.0
Scenario1,0,RE1,,PWRPHS001,,2021,,,,,,,,,,,,,,,,,0.0
Scenario1,0,RE1,,PWRPHS001,,2022,,,,,,,,,,,,,,,,,0.0
Scenario1,0,RE1,,PWRPHS001,,2023,,,,,,,,,,,,,,,,,0.0
Scenario1,0,RE1,,PWRPHS001,,2024,,,,,,,,,,,,,,,,,0.0
Scenario1,0,RE1,,PWRPHS001,,2025,,,,,,,,,,,,,,,,,0.0
Scenario1,0,RE1,,PWRPHS001,,2026,,,,,,,,,,,,,,,,,0.0
Scenario1,0,RE1,,PWRPHS001,,2027,,,,,,,,,,,,,,,,,0.0
Scenario1,0,RE1,,PWRPHS001,,2028,,,,,,,,,,,,,,,,,0.0
Scenario1,0,RE1,,PWRPHS001,,2029,,,,,,,,,,,,,,,,,0.0
Scenario1,0,RE1,,PWRPHS001,,2030,,,,,,,,,,,,,,,,,0.0
Scenario1,0,RE1,,PWRPHS001,,2031,,,,,,,,,,,,,,,,,0.0
Scenario1,0,RE1,,PWRPHS001,,2032,,,,,,,,,,,,,,,,,0.0
Scenario1,0,RE1,,PWRPHS001,,2033,,,,,,,,,,,,,,,,,0.0
Scenario1,0,RE1,,PWRPHS001,,2034,,,,,,,,,,,,,,,,,0.16908213939389355
Scenario1,0,RE1,,PWRPHS001,,2035,,,,,,,,,,,,,,,,,0.3
Scenario1,0,RE1,,PWRPHS001,,2036,,,,,,,,,,,,,,,,,0.3
Scenario1,0,RE1,,PWRPHS001,,2037,,,,,,,,,,,,,,,,,0.3
Scenario1,0,RE1,,PWRPHS001,,2038,,,,,,,,,,,,,,,,,0.3
Scenario1,0,RE1,,PWRPHS001,,2039,,,,,,,,,,,,,,,,,0.3
Scenario1,0,RE1,,PWRPHS001,,2040,,,,,,,,,,,,,,,,,0.3
Scenario1,0,RE1,,PWRPHS001,,2041,,,,,,,,,,,,,,,,,0.3
Scenario1,0,RE1,,PWRPHS001,,2042,,,,,,,,,,,,,,,,,0.3
Scenario1,0,RE1,,PWRPHS001,,2043,,,,,,,,,,,,,,,,,0.3
Scenario1,0,RE1,,PWRPHS001,,2044,,,,,,,,,,,,,,,,,0.3
Scenario1,0,RE1,,PWRPHS001,,2045,,,,,,,,,,,,,,,,,0.3
Scenario1,0,RE1,,PWRPHS001,,2046,,,,,,,,,,,,,,,,,0.3
Scenario1,0,RE1,,PWRPHS001,,2047,,,,,,,,,,,,,,,,,0.3
Scenario1,0,RE1,,PWRPHS001,,2048,,,,,,,,,,,,,,,,,0.3
Scenario1,0,RE1,,PWRPHS001,,2049,,,,,,,,,,,,,,,,,0.3
Scenario1,0,RE1,,PWRPHS001,,2050,,,,,,,,,,,,,,,,,0.3
Scenario1,0,RE1,,PWRPHS002,,2019,,,,,,,,,,,,,,,,,0.0
Scenario1,0,RE1,,PWRPHS002,,2020,,,,,,,,,,,,,,,,,0.0
Scenario1,0,RE1,,PWRPHS002,,2021,,,,,,,,,,,,,,,,,0.0
Scenario1,0,RE1,,PWRPHS002,,2022,,,,,,,,,,,,,,,,,0.0
Scenario1,0,RE1,,PWRPHS002,,2023,,,,,,,,,,,,,,,,,0.0
Scenario1,0,RE1,,PWRPHS002,,2024,,,,,,,,,,,,,,,,,0.0
Scenario1,0,RE1,,PWRPHS002,,2025,,,,,,,,,,,,,,,,,0.0
Scenario1,0,RE1,,PWRPHS002,,2026,,,,,,,,,,,,,,,,,0.0
Scenario1,0,RE1,,PWRPHS002,,2027,,,,,,,,,,,,,,,,,0.0
Scenario1,0,RE1,,PWRPHS002,,2028,,,,,,,,,,,,,,,,,0.0
Scenario1,0,RE1,,PWRPHS002,,2029,,,,,,,,,,,,,,,,,0.0
Scenario1,0,RE1,,PWRPHS002,,2030,,,,,,,,,,,,,,,,,0.0
Scenario1,0,RE1,,PWRPHS002,,2031,,,,,,,,,,,,,,,,,0.0
Scenario1,0,RE1,,PWRPHS002,,2032,,,,,,,,,,,,,,,,,0.0
Scenario1,0,RE1,,PWRPHS002,,2033,,,,,,,,,,,,,,,,,0.0
Scenario1,0,RE1,,PWRPHS002,,2034,,,,,,,,,,,,,,,,,0.3
Scenario1,0,RE1,,PWRPHS002,,2035,,,,,,,,,,,,,,,,,0.3
Scenario1,0,RE1,,PWRPHS002,,2036,,,,,,,,,,,,,,,,,0.3
Scenario1,0,RE1,,PWRPHS002,,2037,,,,,,,,,,,,,,,,,0.3
Scenario1,0,RE1,,PWRPHS002,,2038,,,,,,,,,,,,,,,,,0.3
Scenario1,0,RE1,,PWRPHS002,,2039,,,,,,,,,,,,,,,,,0.3
Scenario1,0,RE1,,PWRPHS002,,2040,,,,,,,,,,,,,,,,,0.3
Scenario1,0,RE1,,PWRPHS002,,2041,,,,,,,,,,,,,,,,,0.3
Scenario1,0,RE1,,PWRPHS002,,2042,,,,,,,,,,,,,,,,,0.3
Scenario1,0,RE1,,PWRPHS002,,2043,,,,,,,,,,,,,,,,,0.3
Scenario1,0,RE1,,PWRPHS002,,2044,,,,,,,,,,,,,,,,,0.3
Scenario1,0,RE1,,PWRPHS002,,2045,,,,,,,,,,,,,,,,,0.3
Scenario1,0,RE1,,PWRPHS002,,2046,,,,,,,,,,,,,,,,,0.3
Scenario1,0,RE1,,PWRPHS002,,2047,,,,,,,,,,,,,,,,,0.3
Scenario1,0,RE1,,PWRPHS002,,2048,,,,,,,,,,,,,,,,,0.3
Scenario1,0,RE1,,PWRPHS002,,2049,,,,,,,,,,,,,,,,,0.3
Scenario1,0,RE1,,PWRPHS002,,2050,,,,,,,,,,,,,,,,,0.3
Scenario1,0,RE1,,PWRSOL001,,2019,,,,,,,,,,,,,,,,,0.2415
Scenario1,0,RE1,,PWRSOL001,,2020,,,,,,,,,,,,,,,,,0.2415
Scenario1,0,RE1,,PWRSOL001,,2021,,,,,,,,,,,,,,,,,0.2415
Scenario1,0,RE1,,PWRSOL001,,2022,,,,,,,,,,,,,,,,,0.2415
Scenario1,0,RE1,,PWRSOL001,,2023,,,,,,,,,,,,,,,,,0.2415
Scenario1,0,RE1,,PWRSOL001,,2024,,,,,,,,,,,,,,,,,0.2415
Scenario1,0,RE1,,PWRSOL001,,2025,,,,,,,,,,,,,,,,,0.2415
Scenario1,0,RE1,,PWRSOL001,,2026,,,,,,,,,,,,,,,,,0.2415
Scenario1,0,RE1,,PWRSOL001,,2027,,,,,,,,,,,,,,,,,0.2415
Scenario1,0,RE1,,PWRSOL001,,2028,,,,,,,,,,,,,,,,,0.2415
Scenario1,0,RE1,,PWRSOL001,,2029,,,,,,,,,,,,,,,,,0.2415
Scenario1,0,RE1,,PWRSOL001,,2030,,,,,,,,,,,,,,,,,0.2415
Scenario1,0,RE1,,PWRSOL001,,2031,,,,,,,,,,,,,,,,,0.2415
Scenario1,0,RE1,,PWRSOL001,,2032,,,,,,,,,,,,,,,,,0.2415
Scenario1,0,RE1,,PWRSOL001,,2033,,,,,,,,,,,,,,,,,0.2415
Scenario1,0,RE1,,PWRSOL001,,2034,,,,,,,,,,,,,,,,,0.2415
Scenario1,0,RE1,,PWRSOL001,,2035,,,,,,,,,,,,,,,,,0.2415
Scenario1,0,RE1,,PWRSOL001,,2036,,,,,,,,,,,,,,,,,0.2415
Scenario1,0,RE1,,PWRSOL001,,2037,,,,,,,,,,,,,,,,,0.2415
Scenario1,0,RE1,,PWRSOL001,,2038,,,,,,,,,,,,,,,,,0.2415
Scenario1,0,RE1,,PWRSOL001,,2039,,,,,,,,,,,,,,,,,0.2415
Scenario1,0,RE1,,PWRSOL001,,2040,,,,,,,,,,,,,,,,,0.2415
Scenario1,0,RE1,,PWRSOL001,,2041,,,,,,,,,,,,,,,,,0.2415
Scenario1,0,RE1,,PWRSOL001,,2042,,,,,,,,,,,,,,,,,0.2415
Scenario1,0,RE1,,PWRSOL001,,2043,,,,,,,,,,,,,,,,,0.2415
Scenario1,0,RE1,,PWRSOL001,,2044,,,,,,,,,,,,,,,,,0.05024999999999999
Scenario1,0,RE1,,PWRSOL001,,2045,,,,,,,,,,,,,,,,,0.05024999999999999
Scenario1,0,RE1,,PWRSOL001,,2046,,,,,,,,,,,,,,,,,0.05024999999999999
Scenario1,0,RE1,,PWRSOL001,,2047,,,,,,,,,,,,,,,,,0.05024999999999999
Scenario1,0,RE1,,PWRSOL001,,2048,,,,,,,,,,,,,,,,,0.05024999999999999
Scenario1,0,RE1,,PWRSOL001,,2049,,,,,,,,,,,,,,,,,0.05024999999999999
Scenario1,0,RE1,,PWRSOL001,,2050,,,,,,,,,,,,,,,,,0.05024999999999999
Scenario1,0,RE1,,PWRSOL002,,2019,,,,,,,,,,,,,,,,,0.0
Scenario1,0,RE1,,PWRSOL002,,2020,,,,,,,,,,,,,,,,,0.0
Scenario1,0,RE1,,PWRSOL002,,2021,,,,,,,,,,,,,,,,,0.0
Scenario1,0,RE1,,PWRSOL002,,2022,,,,,,,,,,,,,,,,,0.0
Scenario1,0,RE1,,PWRSOL002,,2023,,,,,,,,,,,,,,,,,0.0
Scenario1,0,RE1,,PWRSOL002,,2024,,,,,,,,,,,,,,,,,0.0
Scenario1,0,RE1,,PWRSOL002,,2025,,,,,,,,,,,,,,,,,0.0
Scenario1,0,RE1,,PWRSOL002,,2026,,,,,,,,,,,,,,,,,0.0
Scenario1,0,RE1,,PWRSOL002,,2027,,,,,,,,,,,,,,,,,0.0
Scenario1,0,RE1,,PWRSOL002,,2028,,,,,,,,,,,,,,,,,0.0
Scenario1,0,RE1,,PWRSOL002,,2029,,,,,,,,,,,,,,,,,0.0
Scenario1,0,RE1,,PWRSOL002,,2030,,,,,,,,,,,,,,,,,0.0
Scenario1,0,RE1,,PWRSOL002,,2031,,,,,,,,,,,,,,,,,0.0
Scenario1,0,RE1,,PWRSOL002,,2032,,,,,,,,,,,,,,,,,0.0
Scenario1,0,RE1,,PWRSOL002,,2033,,,,,,,,,,,,,,,,,0.0
Scenario1,0,RE1,,PWRSOL002,,2034,,,,,,,,,,,,,,,,,0.0
Scenario1,0,RE1,,PWRSOL002,,2035,,,,,,,,,,,,,,,,,0.0
Scenario1,0,RE1,,PWRSOL002,,2036,,,,,,,,,,,,,,,,,0.0
Scenario1,0,RE1,,PWRSOL002,,2037,,,,,,,,,,,,,,,,,0.0
Scenario1,0,RE1,,PWRSOL002,,2038,,,,,,,,,,,,,,,,,0.0
Scenario1,0,RE1,,PWRSOL002,,2039,,,,,,,,,,,,,,,,,0.0
Scenario1,0,RE1,,PWRSOL002,,2040,,,,,,,,,,,,,,,,,0.0
Scenario1,0,RE1,,PWRSOL002,,2041,,,,,,,,,,,,,,,,,0.0
Scenario1,0,RE1,,PWRSOL002,,2042,,,,,,,,,,,,,,,,,0.0
Scenario1,0,RE1,,PWRSOL002,,2043,,,,,,,,,,,,,,,,,0.0
Scenario1,0,RE1,,PWRSOL002,,2044,,,,,,,,,,,,,,,,,0.0
Scenario1,0,RE1,,PWRSOL002,,2045,,,,,,,,,,,,,,,,,0.0
Scenario1,0,RE1,,PWRSOL002,,2046,,,,,,,,,,,,,,,,,0.0
Scenario1,0,RE1,,PWRSOL002,,2047,,,,,,,,,,,,,,,,,0.0
Scenario1,0,RE1,,PWRSOL002,,2048,,,,,,,,,,,,,,,,,0.0
Scenario1,0,RE1,,PWRSOL002,,2049,,,,,,,,,,,,,,,,,0.0
Scenario1,0,RE1,,PWRSOL002,,2050,,,,,,,,,,,,,,,,,0.0
Scenario1,0,RE1,,PWRTRN,,2019,,,,,,,,,,,,,,,,,1.967166017332848
Scenario1,0,RE1,,PWRTRN,,2020,,,,,,,,,,,,,,,,,2.001561841565511
Scenario1,0,RE1,,PWRTRN,,2021,,,,,,,,,,,,,,,,,2.0901640236847876
Scenario1,0,RE1,,PWRTRN,,2022,,,,,,,,,,,,,,,,,2.157633913136673
Scenario1,0,RE1,,PWRTRN,,2023,,,,,,,,,,,,,,,,,2.2208597297177364
Scenario1,0,RE1,,PWRTRN,,2024,,,,,,,,,,,,,,,,,2.294494143526359
Scenario1,0,RE1,,PWRTRN,,2025,,,,,,,,,,,,,,,,,2.374756429438825
Scenario1,0,RE1,,PWRTRN,,2026,,,,,,,,,,,,,,,,,2.458845077307518
Scenario1,0,RE1,,PWRTRN,,2027,,,,,,,,,,,,,,,,,2.5978809349065193
Scenario1,0,RE1,,PWRTRN,,2028,,,,,,,,,,,,,,,,,2.745050122269999
Scenario1,0,RE1,,PWRTRN,,2029,,,,,,,,,,,,,,,,,2.913371189855829
Scenario1,0,RE1,,PWRTRN,,2030,,,,,,,,,,,,,,,,,3.0940050084751833
Scenario1,0,RE1,,PWRTRN,,2031,,,,,,,,,,,,,,,,,3.2627114487631776
Scenario1,0,RE1,,PWRTRN,,2032,,,,,,,,,,,,,,,,,3.449973446961245
Scenario1,0,RE1,,PWRTRN,,2033,,,,,,,,,,,,,,,,,3.639817485637234
Scenario1,0,RE1,,PWRTRN,,2034,,,,,,,,,,,,,,,,,3.84182676927357
Scenario1,0,RE1,,PWRTRN,,2035,,,,,,,,,,,,,,,,,4.0543912221321605
Scenario1,0,RE1,,PWRTRN,,2036,,,,,,,,,,,,,,,,,4.269953184284348
Scenario1,0,RE1,,PWRTRN,,2037,,,,,,,,,,,,,,,,,4.512582060170446
Scenario1,0,RE1,,PWRTRN,,2038,,,,,,,,,,,,,,,,,4.765405902616645
Scenario1,0,RE1,,PWRTRN,,2039,,,,,,,,,,,,,,,,,5.032753192186003
Scenario1,0,RE1,,PWRTRN,,2040,,,,,,,,,,,,,,,,,5.31636018188582
Scenario1,0,RE1,,PWRTRN,,2041,,,,,,,,,,,,,,,,,5.615258448684923
Scenario1,0,RE1,,PWRTRN,,2042,,,,,,,,,,,,,,,,,5.924771188413613
Scenario1,0,RE1,,PWRTRN,,2043,,,,,,,,,,,,,,,,,6.2549594856472766
Scenario1,0,RE1,,PWRTRN,,2044,,,,,,,,,,,,,,,,,6.602843411139933
Scenario1,0,RE1,,PWRTRN,,2045,,,,,,,,,,,,,,,,,6.9708327864657615
Scenario1,0,RE1,,PWRTRN,,2046,,,,,,,,,,,,,,,,,7.3593366819708725
Scenario1,0,RE1,,PWRTRN,,2047,,,,,,,,,,,,,,,,,7.768679512474481
Scenario1,0,RE1,,PWRTRN,,2048,,,,,,,,,,,,,,,,,8.201672536130975
Scenario1,0,RE1,,PWRTRN,,2049,,,,,,,,,,,,,,,,,8.658810188459888
Scenario1,0,RE1,,PWRTRN,,2050,,,,,,,,,,,,,,,,,9.140464691525546
Scenario1,0,RE1,,PWRURN001,,2019,,,,,,,,,,,,,,,,,0.0
Scenario1,0,RE1,,PWRURN001,,2020,,,,,,,,,,,,,,,,,0.0
Scenario1,0,RE1,,PWRURN001,,2021,,,,,,,,,,,,,,,,,0.0
Scenario1,0,RE1,,PWRURN001,,2022,,,,,,,,,,,,,,,,,0.0
Scenario1,0,RE1,,PWRURN001,,2023,,,,,,,,,,,,,,,,,0.0
Scenario1,0,RE1,,PWRURN001,,2024,,,,,,,,,,,,,,,,,0.0
Scenario1,0,RE1,,PWRURN001,,2025,,,,,,,,,,,,,,,,,0.0
Scenario1,0,RE1,,PWRURN001,,2026,,,,,,,,,,,,,,,,,0.0
Scenario1,0,RE1,,PWRURN001,,2027,,,,,,,,,,,,,,,,,0.0
Scenario1,0,RE1,,PWRURN001,,2028,,,,,,,,,,,,,,,,,0.0
Scenario1,0,RE1,,PWRURN001,,2029,,,,,,,,,,,,,,,,,0.0
Scenario1,0,RE1,,PWRURN001,,2030,,,,,,,,,,,,,,,,,0.0
Scenario1,0,RE1,,PWRURN001,,2031,,,,,,,,,,,,,,,,,0.0
Scenario1,0,RE1,,PWRURN001,,2032,,,,,,,,,,,,,,,,,0.0
Scenario1,0,RE1,,PWRURN001,,2033,,,,,,,,,,,,,,,,,0.0
Scenario1,0,RE1,,PWRURN001,,2034,,,,,,,,,,,,,,,,,0.0
Scenario1,0,RE1,,PWRURN001,,2035,,,,,,,,,,,,,,,,,0.0
Scenario1,0,RE1,,PWRURN001,,2036,,,,,,,,,,,,,,,,,0.0
Scenario1,0,RE1,,PWRURN001,,2037,,,,,,,,,,,,,,,,,0.0
Scenario1,0,RE1,,PWRURN001,,2038,,,,,,,,,,,,,,,,,0.0
Scenario1,0,RE1,,PWRURN001,,2039,,,,,,,,,,,,,,,,,0.0
Scenario1,0,RE1,,PWRURN001,,2040,,,,,,,,,,,,,,,,,0.0
Scenario1,0,RE1,,PWRURN001,,2041,,,,,,,,,,,,,,,,,0.1885885196328191
Scenario1,0,RE1,,PWRURN001,,2042,,,,,,,,,,,,,,,,,0.2913
Scenario1,0,RE1,,PWRURN001,,2043,,,,,,,,,,,,,,,,,0.2913
Scenario1,0,RE1,,PWRURN001,,2044,,,,,,,,,,,,,,,,,0.2913
Scenario1,0,RE1,,PWRURN001,,2045,,,,,,,,,,,,,,,,,0.5826
Scenario1,0,RE1,,PWRURN001,,2046,,,,,,,,,,,,,,,,,0.5826
Scenario1,0,RE1,,PWRURN001,,2047,,,,,,,,,,,,,,,,,0.5826
Scenario1,0,RE1,,PWRURN001,,2048,,,,,,,,,,,,,,,,,0.5826
Scenario1,0,RE1,,PWRURN001,,2049,,,,,,,,,,,,,,,,,0.8739
Scenario1,0,RE1,,PWRURN001,,2050,,,,,,,,,,,,,,,,,0.8739
Scenario1,0,RE1,,PWRWND001,,2019,,,,,,,,,,,,,,,,,0.0
Scenario1,0,RE1,,PWRWND001,,2020,,,,,,,,,,,,,,,,,0.0
Scenario1,0,RE1,,PWRWND001,,2021,,,,,,,,,,,,,,,,,0.0
Scenario1,0,RE1,,PWRWND001,,2022,,,,,,,,,,,,,,,,,0.0
Scenario1,0,RE1,,PWRWND001,,2023,,,,,,,,,,,,,,,,,0.0
Scenario1,0,RE1,,PWRWND001,,2024,,,,,,,,,,,,,,,,,0.0
Scenario1,0,RE1,,PWRWND001,,2025,,,,,,,,,,,,,,,,,0.0
Scenario1,0,RE1,,PWRWND001,,2026,,,,,,,,,,,,,,,,,0.0
Scenario1,0,RE1,,PWRWND001,,2027,,,,,,,,,,,,,,,,,0.0
Scenario1,0,RE1,,PWRWND001,,2028,,,,,,,,,,,,,,,,,0.0
Scenario1,0,RE1,,PWRWND001,,2029,,,,,,,,,,,,,,,,,0.0
Scenario1,0,RE1,,PWRWND001,,2030,,,,,,,,,,,,,,,,,0.0
Scenario1,0,RE1,,PWRWND001,,2031,,,,,,,,,,,,,,,,,0.0
Scenario1,0,RE1,,PWRWND001,,2032,,,,,,,,,,,,,,,,,0.0
Scenario1,0,RE1,,PWRWND001,,2033,,,,,,,,,,,,,,,,,0.0
Scenario1,0,RE1,,PWRWND001,,2034,,,,,,,,,,,,,,,,,0.0
Scenario1,0,RE1,,PWRWND001,,2035,,,,,,,,,,,,,,,,,0.0
Scenario1,0,RE1,,PWRWND001,,2036,,,,,,,,,,,,,,,,,0.0
Scenario1,0,RE1,,PWRWND001,,2037,,,,,,,,,,,,,,,,,0.0
Scenario1,0,RE1,,PWRWND001,,2038,,,,,,,,,,,,,,,,,0.0
Scenario1,0,RE1,,PWRWND001,,2039,,,,,,,,,,,,,,,,,0.0
Scenario1,0,RE1,,PWRWND001,,2040,,,,,,,,,,,,,,,,,0.0
Scenario1,0,RE1,,PWRWND001,,2041,,,,,,,,,,,,,,,,,0.0
Scenario1,0,RE1,,PWRWND001,,2042,,,,,,,,,,,,,,,,,0.0
Scenario1,0,RE1,,PWRWND001,,2043,,,,,,,,,,,,,,,,,0.0
Scenario1,0,RE1,,PWRWND001,,2044,,,,,,,,,,,,,,,,,0.0
Scenario1,0,RE1,,PWRWND001,,2045,,,,,,,,,,,,,,,,,0.0
Scenario1,0,RE1,,PWRWND001,,2046,,,,,,,,,,,,,,,,,0.0
Scenario1,0,RE1,,PWRWND001,,2047,,,,,,,,,,,,,,,,,0.0
Scenario1,0,RE1,,PWRWND001,,2048,,,,,,,,,,,,,,,,,0.0
Scenario1,0,RE1,,PWRWND001,,2049,,,,,,,,,,,,,,,,,0.0
Scenario1,0,RE1,,PWRWND001,,2050,,,,,,,,,,,,,,,,,0.0
Scenario1,0,RE1,,PWRWND002,,2019,,,,,,,,,,,,,,,,,0.0
Scenario1,0,RE1,,PWRWND002,,2020,,,,,,,,,,,,,,,,,0.0
Scenario1,0,RE1,,PWRWND002,,2021,,,,,,,,,,,,,,,,,0.0
Scenario1,0,RE1,,PWRWND002,,2022,,,,,,,,,,,,,,,,,0.0
Scenario1,0,RE1,,PWRWND002,,2023,,,,,,,,,,,,,,,,,0.0
Scenario1,0,RE1,,PWRWND002,,2024,,,,,,,,,,,,,,,,,0.0
Scenario1,0,RE1,,PWRWND002,,2025,,,,,,,,,,,,,,,,,0.0
Scenario1,0,RE1,,PWRWND002,,2026,,,,,,,,,,,,,,,,,0.0
Scenario1,0,RE1,,PWRWND002,,2027,,,,,,,,,,,,,,,,,0.0
Scenario1,0,RE1,,PWRWND002,,2028,,,,,,,,,,,,,,,,,0.0
Scenario1,0,RE1,,PWRWND002,,2029,,,,,,,,,,,,,,,,,0.0
Scenario1,0,RE1,,PWRWND002,,2030,,,,,,,,,,,,,,,,,0.0
Scenario1,0,RE1,,PWRWND002,,2031,,,,,,,,,,,,,,,,,0.0
Scenario1,0,RE1,,PWRWND002,,2032,,,,,,,,,,,,,,,,,0.0
Scenario1,0,RE1,,PWRWND002,,2033,,,,,,,,,,,,,,,,,0.0
Scenario1,0,RE1,,PWRWND002,,2034,,,,,,,,,,,,,,,,,0.0
Scenario1,0,RE1,,PWRWND002,,2035,,,,,,,,,,,,,,,,,0.0
Scenario1,0,RE1,,PWRWND002,,2036,,,,,,,,,,,,,,,,,0.0
Scenario1,0,RE1,,PWRWND002,,2037,,,,,,,,,,,,,,,,,0.0
Scenario1,0,RE1,,PWRWND002,,2038,,,,,,,,,,,,,,,,,0.0
Scenario1,0,RE1,,PWRWND002,,2039,,,,,,,,,,,,,,,,,0.0
Scenario1,0,RE1,,PWRWND002,,2040,,,,,,,,,,,,,,,,,0.0
Scenario1,0,RE1,,PWRWND002,,2041,,,,,,,,,,,,,,,,,0.0
Scenario1,0,RE1,,PWRWND002,,2042,,,,,,,,,,,,,,,,,0.0
Scenario1,0,RE1,,PWRWND002,,2043,,,,,,,,,,,,,,,,,0.0
Scenario1,0,RE1,,PWRWND002,,2044,,,,,,,,,,,,,,,,,0.0
Scenario1,0,RE1,,PWRWND002,,2045,,,,,,,,,,,,,,,,,0.0
Scenario1,0,RE1,,PWRWND002,,2046,,,,,,,,,,,,,,,,,0.0
Scenario1,0,RE1,,PWRWND002,,2047,,,,,,,,,,,,,,,,,0.0
Scenario1,0,RE1,,PWRWND002,,2048,,,,,,,,,,,,,,,,,0.0
Scenario1,0,RE1,,PWRWND002,,2049,,,,,,,,,,,,,,,,,0.0
Scenario1,0,RE1,,PWRWND002,,2050,,,,,,,,,,,,,,,,,0.0
Scenario1,0,RE1,,PWRWND003,,2019,,,,,,,,,,,,,,,,,0.0
Scenario1,0,RE1,,PWRWND003,,2020,,,,,,,,,,,,,,,,,0.0
Scenario1,0,RE1,,PWRWND003,,2021,,,,,,,,,,,,,,,,,0.0
Scenario1,0,RE1,,PWRWND003,,2022,,,,,,,,,,,,,,,,,0.0
Scenario1,0,RE1,,PWRWND003,,2023,,,,,,,,,,,,,,,,,0.0
Scenario1,0,RE1,,PWRWND003,,2024,,,,,,,,,,,,,,,,,0.0
Scenario1,0,RE1,,PWRWND003,,2025,,,,,,,,,,,,,,,,,0.0
Scenario1,0,RE1,,PWRWND003,,2026,,,,,,,,,,,,,,,,,0.0
Scenario1,0,RE1,,PWRWND003,,2027,,,,,,,,,,,,,,,,,0.0
Scenario1,0,RE1,,PWRWND003,,2028,,,,,,,,,,,,,,,,,0.0
Scenario1,0,RE1,,PWRWND003,,2029,,,,,,,,,,,,,,,,,0.0
Scenario1,0,RE1,,PWRWND003,,2030,,,,,,,,,,,,,,,,,0.0
Scenario1,0,RE1,,PWRWND003,,2031,,,,,,,,,,,,,,,,,0.0
Scenario1,0,RE1,,PWRWND003,,2032,,,,,,,,,,,,,,,,,0.0
Scenario1,0,RE1,,PWRWND003,,2033,,,,,,,,,,,,,,,,,0.0
Scenario1,0,RE1,,PWRWND003,,2034,,,,,,,,,,,,,,,,,0.0
Scenario1,0,RE1,,PWRWND003,,2035,,,,,,,,,,,,,,,,,0.0
Scenario1,0,RE1,,PWRWND003,,2036,,,,,,,,,,,,,,,,,0.0
Scenario1,0,RE1,,PWRWND003,,2037,,,,,,,,,,,,,,,,,0.0
Scenario1,0,RE1,,PWRWND003,,2038,,,,,,,,,,,,,,,,,0.0
Scenario1,0,RE1,,PWRWND003,,2039,,,,,,,,,,,,,,,,,0.0
Scenario1,0,RE1,,PWRWND003,,2040,,,,,,,,,,,,,,,,,0.0
Scenario1,0,RE1,,PWRWND003,,2041,,,,,,,,,,,,,,,,,0.0
Scenario1,0,RE1,,PWRWND003,,2042,,,,,,,,,,,,,,,,,0.0
Scenario1,0,RE1,,PWRWND003,,2043,,,,,,,,,,,,,,,,,0.0
Scenario1,0,RE1,,PWRWND003,,2044,,,,,,,,,,,,,,,,,0.0
Scenario1,0,RE1,,PWRWND003,,2045,,,,,,,,,,,,,,,,,0.0
Scenario1,0,RE1,,PWRWND003,,2046,,,,,,,,,,,,,,,,,0.028217727135224052
Scenario1,0,RE1,,PWRWND003,,2047,,,,,,,,,,,,,,,,,0.2548091013929528
Scenario1,0,RE1,,PWRWND003,,2048,,,,,,,,,,,,,,,,,0.40159992246637055
Scenario1,0,RE1,,PWRWND003,,2049,,,,,,,,,,,,,,,,,0.40159992246637055
Scenario1,0,RE1,,PWRWND003,,2050,,,,,,,,,,,,,,,,,0.40159992246637055
Scenario1,0,RE1,,PWRWND004,,2019,,,,,,,,,,,,,,,,,0.0
Scenario1,0,RE1,,PWRWND004,,2020,,,,,,,,,,,,,,,,,0.0
Scenario1,0,RE1,,PWRWND004,,2021,,,,,,,,,,,,,,,,,0.0
Scenario1,0,RE1,,PWRWND004,,2022,,,,,,,,,,,,,,,,,0.0
Scenario1,0,RE1,,PWRWND004,,2023,,,,,,,,,,,,,,,,,0.0
Scenario1,0,RE1,,PWRWND004,,2024,,,,,,,,,,,,,,,,,0.0
Scenario1,0,RE1,,PWRWND004,,2025,,,,,,,,,,,,,,,,,0.0
Scenario1,0,RE1,,PWRWND004,,2026,,,,,,,,,,,,,,,,,0.0
Scenario1,0,RE1,,PWRWND004,,2027,,,,,,,,,,,,,,,,,0.0
Scenario1,0,RE1,,PWRWND004,,2028,,,,,,,,,,,,,,,,,0.0
Scenario1,0,RE1,,PWRWND004,,2029,,,,,,,,,,,,,,,,,0.0
Scenario1,0,RE1,,PWRWND004,,2030,,,,,,,,,,,,,,,,,0.0
Scenario1,0,RE1,,PWRWND004,,2031,,,,,,,,,,,,,,,,,0.0
Scenario1,0,RE1,,PWRWND004,,2032,,,,,,,,,,,,,,,,,0.0
Scenario1,0,RE1,,PWRWND004,,2033,,,,,,,,,,,,,,,,,0.0
Scenario1,0,RE1,,PWRWND004,,2034,,,,,,,,,,,,,,,,,0.024225709505385693
Scenario1,0,RE1,,PWRWND004,,2035,,,,,,,,,,,,,,,,,0.024225709505385693
Scenario1,0,RE1,,PWRWND004,,2036,,,,,,,,,,,,,,,,,0.024225709505385693
Scenario1,0,RE1,,PWRWND004,,2037,,,,,,,,,,,,,,,,,0.024225709505385693
Scenario1,0,RE1,,PWRWND004,,2038,,,,,,,,,,,,,,,,,0.2219229054562923
Scenario1,0,RE1,,PWRWND004,,2039,,,,,,,,,,,,,,,,,0.2219229054562923
Scenario1,0,RE1,,PWRWND004,,2040,,,,,,,,,,,,,,,,,0.2219229054562923
Scenario1,0,RE1,,PWRWND004,,2041,,,,,,,,,,,,,,,,,0.5790819047619047
Scenario1,0,RE1,,PWRWND004,,2042,,,,,,,,,,,,,,,,,0.6088208530805689
Scenario1,0,RE1,,PWRWND004,,2043,,,,,,,,,,,,,,,,,0.6434374407582939
Scenario1,0,RE1,,PWRWND004,,2044,,,,,,,,,,,,,,,,,0.6800213270142184
Scenario1,0,RE1,,PWRWND004,,2045,,,,,,,,,,,,,,,,,0.718685781990521
Scenario1,0,RE1,,PWRWND004,,2046,,,,,,,,,,,,,,,,,0.7595483412322276
Scenario1,0,RE1,,PWRWND004,,2047,,,,,,,,,,,,,,,,,0.8027345971563982
Scenario1,0,RE1,,PWRWND004,,2048,,,,,,,,,,,,,,,,,0.8483763033175356
Scenario1,0,RE1,,PWRWND004,,2049,,,,,,,,,,,,,,,,,0.8966132701421803
Scenario1,0,RE1,,PWRWND004,,2050,,,,,,,,,,,,,,,,,0.947592417061612
Scenario1,0,RE1,,PWRWND005,,2019,,,,,,,,,,,,,,,,,0.0
Scenario1,0,RE1,,PWRWND005,,2020,,,,,,,,,,,,,,,,,0.0
Scenario1,0,RE1,,PWRWND005,,2021,,,,,,,,,,,,,,,,,0.0
Scenario1,0,RE1,,PWRWND005,,2022,,,,,,,,,,,,,,,,,0.0
Scenario1,0,RE1,,PWRWND005,,2023,,,,,,,,,,,,,,,,,0.0
Scenario1,0,RE1,,PWRWND005,,2024,,,,,,,,,,,,,,,,,0.0
Scenario1,0,RE1,,PWRWND005,,2025,,,,,,,,,,,,,,,,,0.0
Scenario1,0,RE1,,PWRWND005,,2026,,,,,,,,,,,,,,,,,0.0
Scenario1,0,RE1,,PWRWND005,,2027,,,,,,,,,,,,,,,,,0.0
Scenario1,0,RE1,,PWRWND005,,2028,,,,,,,,,,,,,,,,,0.0
Scenario1,0,RE1,,PWRWND005,,2029,,,,,,,,,,,,,,,,,0.0
Scenario1,0,RE1,,PWRWND005,,2030,,,,,,,,,,,,,,,,,0.0
Scenario1,0,RE1,,PWRWND005,,2031,,,,,,,,,,,,,,,,,0.0
Scenario1,0,RE1,,PWRWND005,,2032,,,,,,,,,,,,,,,,,0.0
Scenario1,0,RE1,,PWRWND005,,2033,,,,,,,,,,,,,,,,,0.0
Scenario1,0,RE1,,PWRWND005,,2034,,,,,,,,,,,,,,,,,0.0
Scenario1,0,RE1,,PWRWND005,,2035,,,,,,,,,,,,,,,,,0.0
Scenario1,0,RE1,,PWRWND005,,2036,,,,,,,,,,,,,,,,,0.0
Scenario1,0,RE1,,PWRWND005,,2037,,,,,,,,,,,,,,,,,0.0
Scenario1,0,RE1,,PWRWND005,,2038,,,,,,,,,,,,,,,,,0.0
Scenario1,0,RE1,,PWRWND005,,2039,,,,,,,,,,,,,,,,,0.0
Scenario1,0,RE1,,PWRWND005,,2040,,,,,,,,,,,,,,,,,0.0
Scenario1,0,RE1,,PWRWND005,,2041,,,,,,,,,,,,,,,,,0.0
Scenario1,0,RE1,,PWRWND005,,2042,,,,,,,,,,,,,,,,,0.0
Scenario1,0,RE1,,PWRWND005,,2043,,,,,,,,,,,,,,,,,0.0
Scenario1,0,RE1,,PWRWND005,,2044,,,,,,,,,,,,,,,,,0.0
Scenario1,0,RE1,,PWRWND005,,2045,,,,,,,,,,,,,,,,,0.0
Scenario1,0,RE1,,PWRWND005,,2046,,,,,,,,,,,,,,,,,0.0
Scenario1,0,RE1,,PWRWND005,,2047,,,,,,,,,,,,,,,,,0.0
Scenario1,0,RE1,,PWRWND005,,2048,,,,,,,,,,,,,,,,,0.0
Scenario1,0,RE1,,PWRWND005,,2049,,,,,,,,,,,,,,,,,0.0
Scenario1,0,RE1,,PWRWND005,,2050,,,,,,,,,,,,,,,,,0.0
Scenario1,0,RE1,,PWRWND006,,2019,,,,,,,,,,,,,,,,,0.0
Scenario1,0,RE1,,PWRWND006,,2020,,,,,,,,,,,,,,,,,0.0
Scenario1,0,RE1,,PWRWND006,,2021,,,,,,,,,,,,,,,,,0.0
Scenario1,0,RE1,,PWRWND006,,2022,,,,,,,,,,,,,,,,,0.0
Scenario1,0,RE1,,PWRWND006,,2023,,,,,,,,,,,,,,,,,0.0
Scenario1,0,RE1,,PWRWND006,,2024,,,,,,,,,,,,,,,,,0.0
Scenario1,0,RE1,,PWRWND006,,2025,,,,,,,,,,,,,,,,,0.0
Scenario1,0,RE1,,PWRWND006,,2026,,,,,,,,,,,,,,,,,0.0
Scenario1,0,RE1,,PWRWND006,,2027,,,,,,,,,,,,,,,,,0.0
Scenario1,0,RE1,,PWRWND006,,2028,,,,,,,,,,,,,,,,,0.0
Scenario1,0,RE1,,PWRWND006,,2029,,,,,,,,,,,,,,,,,0.0
Scenario1,0,RE1,,PWRWND006,,2030,,,,,,,,,,,,,,,,,0.0
Scenario1,0,RE1,,PWRWND006,,2031,,,,,,,,,,,,,,,,,0.0
Scenario1,0,RE1,,PWRWND006,,2032,,,,,,,,,,,,,,,,,0.0
Scenario1,0,RE1,,PWRWND006,,2033,,,,,,,,,,,,,,,,,0.0
Scenario1,0,RE1,,PWRWND006,,2034,,,,,,,,,,,,,,,,,0.0
Scenario1,0,RE1,,PWRWND006,,2035,,,,,,,,,,,,,,,,,0.0
Scenario1,0,RE1,,PWRWND006,,2036,,,,,,,,,,,,,,,,,0.0
Scenario1,0,RE1,,PWRWND006,,2037,,,,,,,,,,,,,,,,,0.0
Scenario1,0,RE1,,PWRWND006,,2038,,,,,,,,,,,,,,,,,0.0
Scenario1,0,RE1,,PWRWND006,,2039,,,,,,,,,,,,,,,,,0.0
Scenario1,0,RE1,,PWRWND006,,2040,,,,,,,,,,,,,,,,,0.0
Scenario1,0,RE1,,PWRWND006,,2041,,,,,,,,,,,,,,,,,0.0
Scenario1,0,RE1,,PWRWND006,,2042,,,,,,,,,,,,,,,,,0.0
Scenario1,0,RE1,,PWRWND006,,2043,,,,,,,,,,,,,,,,,0.0
Scenario1,0,RE1,,PWRWND006,,2044,,,,,,,,,,,,,,,,,0.0
Scenario1,0,RE1,,PWRWND006,,2045,,,,,,,,,,,,,,,,,0.0
Scenario1,0,RE1,,PWRWND006,,2046,,,,,,,,,,,,,,,,,0.0
Scenario1,0,RE1,,PWRWND006,,2047,,,,,,,,,,,,,,,,,0.0
Scenario1,0,RE1,,PWRWND006,,2048,,,,,,,,,,,,,,,,,0.0
Scenario1,0,RE1,,PWRWND006,,2049,,,,,,,,,,,,,,,,,0.0
Scenario1,0,RE1,,PWRWND006,,2050,,,,,,,,,,,,,,,,,0.0
Scenario1,0,RE1,,PWRWND007,,2019,,,,,,,,,,,,,,,,,0.0
Scenario1,0,RE1,,PWRWND007,,2020,,,,,,,,,,,,,,,,,0.0
Scenario1,0,RE1,,PWRWND007,,2021,,,,,,,,,,,,,,,,,0.0
Scenario1,0,RE1,,PWRWND007,,2022,,,,,,,,,,,,,,,,,0.0
Scenario1,0,RE1,,PWRWND007,,2023,,,,,,,,,,,,,,,,,0.0
Scenario1,0,RE1,,PWRWND007,,2024,,,,,,,,,,,,,,,,,0.0
Scenario1,0,RE1,,PWRWND007,,2025,,,,,,,,,,,,,,,,,0.0
Scenario1,0,RE1,,PWRWND007,,2026,,,,,,,,,,,,,,,,,0.0
Scenario1,0,RE1,,PWRWND007,,2027,,,,,,,,,,,,,,,,,0.0
Scenario1,0,RE1,,PWRWND007,,2028,,,,,,,,,,,,,,,,,0.0
Scenario1,0,RE1,,PWRWND007,,2029,,,,,,,,,,,,,,,,,0.0
Scenario1,0,RE1,,PWRWND007,,2030,,,,,,,,,,,,,,,,,0.0
Scenario1,0,RE1,,PWRWND007,,2031,,,,,,,,,,,,,,,,,0.0
Scenario1,0,RE1,,PWRWND007,,2032,,,,,,,,,,,,,,,,,0.0
Scenario1,0,RE1,,PWRWND007,,2033,,,,,,,,,,,,,,,,,0.0
Scenario1,0,RE1,,PWRWND007,,2034,,,,,,,,,,,,,,,,,0.0
Scenario1,0,RE1,,PWRWND007,,2035,,,,,,,,,,,,,,,,,0.0
Scenario1,0,RE1,,PWRWND007,,2036,,,,,,,,,,,,,,,,,0.0
Scenario1,0,RE1,,PWRWND007,,2037,,,,,,,,,,,,,,,,,0.0
Scenario1,0,RE1,,PWRWND007,,2038,,,,,,,,,,,,,,,,,0.0
Scenario1,0,RE1,,PWRWND007,,2039,,,,,,,,,,,,,,,,,0.0
Scenario1,0,RE1,,PWRWND007,,2040,,,,,,,,,,,,,,,,,0.0
Scenario1,0,RE1,,PWRWND007,,2041,,,,,,,,,,,,,,,,,0.0
Scenario1,0,RE1,,PWRWND007,,2042,,,,,,,,,,,,,,,,,0.0
Scenario1,0,RE1,,PWRWND007,,2043,,,,,,,,,,,,,,,,,0.0
Scenario1,0,RE1,,PWRWND007,,2044,,,,,,,,,,,,,,,,,0.0
Scenario1,0,RE1,,PWRWND007,,2045,,,,,,,,,,,,,,,,,0.0
Scenario1,0,RE1,,PWRWND007,,2046,,,,,,,,,,,,,,,,,0.0
Scenario1,0,RE1,,PWRWND007,,2047,,,,,,,,,,,,,,,,,0.0
Scenario1,0,RE1,,PWRWND007,,2048,,,,,,,,,,,,,,,,,0.0
Scenario1,0,RE1,,PWRWND007,,2049,,,,,,,,,,,,,,,,,0.0
Scenario1,0,RE1,,PWRWND007,,2050,,,,,,,,,,,,,,,,,0.0
Scenario1,0,RE1,,PWRWND008,,2019,,,,,,,,,,,,,,,,,0.0
Scenario1,0,RE1,,PWRWND008,,2020,,,,,,,,,,,,,,,,,0.0
Scenario1,0,RE1,,PWRWND008,,2021,,,,,,,,,,,,,,,,,0.0
Scenario1,0,RE1,,PWRWND008,,2022,,,,,,,,,,,,,,,,,0.0
Scenario1,0,RE1,,PWRWND008,,2023,,,,,,,,,,,,,,,,,0.0
Scenario1,0,RE1,,PWRWND008,,2024,,,,,,,,,,,,,,,,,0.0
Scenario1,0,RE1,,PWRWND008,,2025,,,,,,,,,,,,,,,,,0.0
Scenario1,0,RE1,,PWRWND008,,2026,,,,,,,,,,,,,,,,,0.0
Scenario1,0,RE1,,PWRWND008,,2027,,,,,,,,,,,,,,,,,0.0
Scenario1,0,RE1,,PWRWND008,,2028,,,,,,,,,,,,,,,,,0.0
Scenario1,0,RE1,,PWRWND008,,2029,,,,,,,,,,,,,,,,,0.0
Scenario1,0,RE1,,PWRWND008,,2030,,,,,,,,,,,,,,,,,0.0
Scenario1,0,RE1,,PWRWND008,,2031,,,,,,,,,,,,,,,,,0.0
Scenario1,0,RE1,,PWRWND008,,2032,,,,,,,,,,,,,,,,,0.0
Scenario1,0,RE1,,PWRWND008,,2033,,,,,,,,,,,,,,,,,0.0
Scenario1,0,RE1,,PWRWND008,,2034,,,,,,,,,,,,,,,,,0.0
Scenario1,0,RE1,,PWRWND008,,2035,,,,,,,,,,,,,,,,,0.0
Scenario1,0,RE1,,PWRWND008,,2036,,,,,,,,,,,,,,,,,0.0
Scenario1,0,RE1,,PWRWND008,,2037,,,,,,,,,,,,,,,,,0.0
Scenario1,0,RE1,,PWRWND008,,2038,,,,,,,,,,,,,,,,,0.0
Scenario1,0,RE1,,PWRWND008,,2039,,,,,,,,,,,,,,,,,0.0
Scenario1,0,RE1,,PWRWND008,,2040,,,,,,,,,,,,,,,,,0.0
Scenario1,0,RE1,,PWRWND008,,2041,,,,,,,,,,,,,,,,,0.0
Scenario1,0,RE1,,PWRWND008,,2042,,,,,,,,,,,,,,,,,0.0
Scenario1,0,RE1,,PWRWND008,,2043,,,,,,,,,,,,,,,,,0.0
Scenario1,0,RE1,,PWRWND008,,2044,,,,,,,,,,,,,,,,,0.0
Scenario1,0,RE1,,PWRWND008,,2045,,,,,,,,,,,,,,,,,0.0
Scenario1,0,RE1,,PWRWND008,,2046,,,,,,,,,,,,,,,,,0.0
Scenario1,0,RE1,,PWRWND008,,2047,,,,,,,,,,,,,,,,,0.0
Scenario1,0,RE1,,PWRWND008,,2048,,,,,,,,,,,,,,,,,0.0
Scenario1,0,RE1,,PWRWND008,,2049,,,,,,,,,,,,,,,,,0.0
Scenario1,0,RE1,,PWRWND008,,2050,,,,,,,,,,,,,,,,,0.0
Scenario1,0,RE1,,PWRWND009,,2019,,,,,,,,,,,,,,,,,0.0
Scenario1,0,RE1,,PWRWND009,,2020,,,,,,,,,,,,,,,,,0.0
Scenario1,0,RE1,,PWRWND009,,2021,,,,,,,,,,,,,,,,,0.0
Scenario1,0,RE1,,PWRWND009,,2022,,,,,,,,,,,,,,,,,0.0
Scenario1,0,RE1,,PWRWND009,,2023,,,,,,,,,,,,,,,,,0.0
Scenario1,0,RE1,,PWRWND009,,2024,,,,,,,,,,,,,,,,,0.0
Scenario1,0,RE1,,PWRWND009,,2025,,,,,,,,,,,,,,,,,0.0
Scenario1,0,RE1,,PWRWND009,,2026,,,,,,,,,,,,,,,,,0.0
Scenario1,0,RE1,,PWRWND009,,2027,,,,,,,,,,,,,,,,,0.0
Scenario1,0,RE1,,PWRWND009,,2028,,,,,,,,,,,,,,,,,0.0
Scenario1,0,RE1,,PWRWND009,,2029,,,,,,,,,,,,,,,,,0.0
Scenario1,0,RE1,,PWRWND009,,2030,,,,,,,,,,,,,,,,,0.0
Scenario1,0,RE1,,PWRWND009,,2031,,,,,,,,,,,,,,,,,0.0
Scenario1,0,RE1,,PWRWND009,,2032,,,,,,,,,,,,,,,,,0.0
Scenario1,0,RE1,,PWRWND009,,2033,,,,,,,,,,,,,,,,,0.0
Scenario1,0,RE1,,PWRWND009,,2034,,,,,,,,,,,,,,,,,0.0
Scenario1,0,RE1,,PWRWND009,,2035,,,,,,,,,,,,,,,,,0.0
Scenario1,0,RE1,,PWRWND009,,2036,,,,,,,,,,,,,,,,,0.0
Scenario1,0,RE1,,PWRWND009,,2037,,,,,,,,,,,,,,,,,0.0
Scenario1,0,RE1,,PWRWND009,,2038,,,,,,,,,,,,,,,,,0.0
Scenario1,0,RE1,,PWRWND009,,2039,,,,,,,,,,,,,,,,,0.0
Scenario1,0,RE1,,PWRWND009,,2040,,,,,,,,,,,,,,,,,0.0
Scenario1,0,RE1,,PWRWND009,,2041,,,,,,,,,,,,,,,,,0.0
Scenario1,0,RE1,,PWRWND009,,2042,,,,,,,,,,,,,,,,,0.0
Scenario1,0,RE1,,PWRWND009,,2043,,,,,,,,,,,,,,,,,0.0
Scenario1,0,RE1,,PWRWND009,,2044,,,,,,,,,,,,,,,,,0.0
Scenario1,0,RE1,,PWRWND009,,2045,,,,,,,,,,,,,,,,,0.0
Scenario1,0,RE1,,PWRWND009,,2046,,,,,,,,,,,,,,,,,0.0
Scenario1,0,RE1,,PWRWND009,,2047,,,,,,,,,,,,,,,,,0.0
Scenario1,0,RE1,,PWRWND009,,2048,,,,,,,,,,,,,,,,,0.0
Scenario1,0,RE1,,PWRWND009,,2049,,,,,,,,,,,,,,,,,0.0
Scenario1,0,RE1,,PWRWND009,,2050,,,,,,,,,,,,,,,,,0.0
Scenario1,0,RE1,,PWRWND010,,2019,,,,,,,,,,,,,,,,,0.0
Scenario1,0,RE1,,PWRWND010,,2020,,,,,,,,,,,,,,,,,0.0
Scenario1,0,RE1,,PWRWND010,,2021,,,,,,,,,,,,,,,,,0.0
Scenario1,0,RE1,,PWRWND010,,2022,,,,,,,,,,,,,,,,,0.0
Scenario1,0,RE1,,PWRWND010,,2023,,,,,,,,,,,,,,,,,0.0
Scenario1,0,RE1,,PWRWND010,,2024,,,,,,,,,,,,,,,,,0.0
Scenario1,0,RE1,,PWRWND010,,2025,,,,,,,,,,,,,,,,,0.0
Scenario1,0,RE1,,PWRWND010,,2026,,,,,,,,,,,,,,,,,0.0
Scenario1,0,RE1,,PWRWND010,,2027,,,,,,,,,,,,,,,,,0.0
Scenario1,0,RE1,,PWRWND010,,2028,,,,,,,,,,,,,,,,,0.0
Scenario1,0,RE1,,PWRWND010,,2029,,,,,,,,,,,,,,,,,0.0
Scenario1,0,RE1,,PWRWND010,,2030,,,,,,,,,,,,,,,,,0.0
Scenario1,0,RE1,,PWRWND010,,2031,,,,,,,,,,,,,,,,,0.0
Scenario1,0,RE1,,PWRWND010,,2032,,,,,,,,,,,,,,,,,0.0
Scenario1,0,RE1,,PWRWND010,,2033,,,,,,,,,,,,,,,,,0.0
Scenario1,0,RE1,,PWRWND010,,2034,,,,,,,,,,,,,,,,,0.0
Scenario1,0,RE1,,PWRWND010,,2035,,,,,,,,,,,,,,,,,0.0
Scenario1,0,RE1,,PWRWND010,,2036,,,,,,,,,,,,,,,,,0.0
Scenario1,0,RE1,,PWRWND010,,2037,,,,,,,,,,,,,,,,,0.0
Scenario1,0,RE1,,PWRWND010,,2038,,,,,,,,,,,,,,,,,0.0
Scenario1,0,RE1,,PWRWND010,,2039,,,,,,,,,,,,,,,,,0.0
Scenario1,0,RE1,,PWRWND010,,2040,,,,,,,,,,,,,,,,,0.0
Scenario1,0,RE1,,PWRWND010,,2041,,,,,,,,,,,,,,,,,0.0
Scenario1,0,RE1,,PWRWND010,,2042,,,,,,,,,,,,,,,,,0.0
Scenario1,0,RE1,,PWRWND010,,2043,,,,,,,,,,,,,,,,,0.0
Scenario1,0,RE1,,PWRWND010,,2044,,,,,,,,,,,,,,,,,0.0
Scenario1,0,RE1,,PWRWND010,,2045,,,,,,,,,,,,,,,,,0.0
Scenario1,0,RE1,,PWRWND010,,2046,,,,,,,,,,,,,,,,,0.0
Scenario1,0,RE1,,PWRWND010,,2047,,,,,,,,,,,,,,,,,0.0
Scenario1,0,RE1,,PWRWND010,,2048,,,,,,,,,,,,,,,,,0.0
Scenario1,0,RE1,,PWRWND010,,2049,,,,,,,,,,,,,,,,,0.0
Scenario1,0,RE1,,PWRWND010,,2050,,,,,,,,,,,,,,,,,0.0
Scenario1,0,RE1,,PWRWND011,,2019,,,,,,,,,,,,,,,,,0.3255
Scenario1,0,RE1,,PWRWND011,,2020,,,,,,,,,,,,,,,,,0.3255
Scenario1,0,RE1,,PWRWND011,,2021,,,,,,,,,,,,,,,,,0.4255
Scenario1,0,RE1,,PWRWND011,,2022,,,,,,,,,,,,,,,,,0.4255
Scenario1,0,RE1,,PWRWND011,,2023,,,,,,,,,,,,,,,,,0.4255
Scenario1,0,RE1,,PWRWND011,,2024,,,,,,,,,,,,,,,,,0.4255
Scenario1,0,RE1,,PWRWND011,,2025,,,,,,,,,,,,,,,,,0.4475
Scenario1,0,RE1,,PWRWND011,,2026,,,,,,,,,,,,,,,,,0.4975
Scenario1,0,RE1,,PWRWND011,,2027,,,,,,,,,,,,,,,,,0.4975
Scenario1,0,RE1,,PWRWND011,,2028,,,,,,,,,,,,,,,,,0.4924
Scenario1,0,RE1,,PWRWND011,,2029,,,,,,,,,,,,,,,,,0.4924
Scenario1,0,RE1,,PWRWND011,,2030,,,,,,,,,,,,,,,,,0.4924
Scenario1,0,RE1,,PWRWND011,,2031,,,,,,,,,,,,,,,,,0.4924
Scenario1,0,RE1,,PWRWND011,,2032,,,,,,,,,,,,,,,,,0.4924
Scenario1,0,RE1,,PWRWND011,,2033,,,,,,,,,,,,,,,,,0.4924
Scenario1,0,RE1,,PWRWND011,,2034,,,,,,,,,,,,,,,,,0.4924
Scenario1,0,RE1,,PWRWND011,,2035,,,,,,,,,,,,,,,,,0.4719999999999999
Scenario1,0,RE1,,PWRWND011,,2036,,,,,,,,,,,,,,,,,0.4719999999999999
Scenario1,0,RE1,,PWRWND011,,2037,,,,,,,,,,,,,,,,,0.4719999999999999
Scenario1,0,RE1,,PWRWND011,,2038,,,,,,,,,,,,,,,,,0.172
Scenario1,0,RE1,,PWRWND011,,2039,,,,,,,,,,,,,,,,,0.172
Scenario1,0,RE1,,PWRWND011,,2040,,,,,,,,,,,,,,,,,0.172
Scenario1,0,RE1,,PWRWND011,,2041,,,,,,,,,,,,,,,,,0.072
Scenario1,0,RE1,,PWRWND011,,2042,,,,,,,,,,,,,,,,,0.072
Scenario1,0,RE1,,PWRWND011,,2043,,,,,,,,,,,,,,,,,0.072
Scenario1,0,RE1,,PWRWND011,,2044,,,,,,,,,,,,,,,,,0.072
Scenario1,0,RE1,,PWRWND011,,2045,,,,,,,,,,,,,,,,,0.05
Scenario1,0,RE1,,PWRWND011,,2046,,,,,,,,,,,,,,,,,0.0
Scenario1,0,RE1,,PWRWND011,,2047,,,,,,,,,,,,,,,,,0.0
Scenario1,0,RE1,,PWRWND011,,2048,,,,,,,,,,,,,,,,,0.0
Scenario1,0,RE1,,PWRWND011,,2049,,,,,,,,,,,,,,,,,0.0
Scenario1,0,RE1,,PWRWND011,,2050,,,,,,,,,,,,,,,,,0.0
Scenario1,0,RE1,,BACKSTOP,,2019,,,,,,,,,,30485.447309084328,,,,,,,
Scenario1,0,RE1,,BACKSTOP,,2020,,,,,,,,,,34784.88234338693,,,,,,,
Scenario1,0,RE1,,BACKSTOP,,2021,,,,,,,,,,45860.04435556886,,,,,,,
Scenario1,0,RE1,,BACKSTOP,,2022,,,,,,,,,,25963.97949969266,,,,,,,
Scenario1,0,RE1,,BACKSTOP,,2023,,,,,,,,,,29713.169080054846,,,,,,,
Scenario1,0,RE1,,BACKSTOP,,2024,,,,,,,,,,34217.42576311544,,,,,,,
Scenario1,0,RE1,,BACKSTOP,,2025,,,,,,,,,,32076.232914316344,,,,,,,
Scenario1,0,RE1,,BACKSTOP,,2026,,,,,,,,,,0.0,,,,,,,
Scenario1,0,RE1,,BACKSTOP,,2027,,,,,,,,,,0.0,,,,,,,
Scenario1,0,RE1,,BACKSTOP,,2028,,,,,,,,,,0.0,,,,,,,
Scenario1,0,RE1,,BACKSTOP,,2029,,,,,,,,,,0.0,,,,,,,
Scenario1,0,RE1,,BACKSTOP,,2030,,,,,,,,,,0.0,,,,,,,
Scenario1,0,RE1,,BACKSTOP,,2031,,,,,,,,,,0.0,,,,,,,
Scenario1,0,RE1,,BACKSTOP,,2032,,,,,,,,,,0.0,,,,,,,
Scenario1,0,RE1,,BACKSTOP,,2033,,,,,,,,,,0.0,,,,,,,
Scenario1,0,RE1,,BACKSTOP,,2034,,,,,,,,,,0.0,,,,,,,
Scenario1,0,RE1,,BACKSTOP,,2035,,,,,,,,,,0.0,,,,,,,
Scenario1,0,RE1,,BACKSTOP,,2036,,,,,,,,,,0.0,,,,,,,
Scenario1,0,RE1,,BACKSTOP,,2037,,,,,,,,,,0.0,,,,,,,
Scenario1,0,RE1,,BACKSTOP,,2038,,,,,,,,,,0.0,,,,,,,
Scenario1,0,RE1,,BACKSTOP,,2039,,,,,,,,,,0.0,,,,,,,
Scenario1,0,RE1,,BACKSTOP,,2040,,,,,,,,,,0.0,,,,,,,
Scenario1,0,RE1,,BACKSTOP,,2041,,,,,,,,,,0.0,,,,,,,
Scenario1,0,RE1,,BACKSTOP,,2042,,,,,,,,,,0.0,,,,,,,
Scenario1,0,RE1,,BACKSTOP,,2043,,,,,,,,,,0.0,,,,,,,
Scenario1,0,RE1,,BACKSTOP,,2044,,,,,,,,,,0.0,,,,,,,
Scenario1,0,RE1,,BACKSTOP,,2045,,,,,,,,,,0.0,,,,,,,
Scenario1,0,RE1,,BACKSTOP,,2046,,,,,,,,,,0.0,,,,,,,
Scenario1,0,RE1,,BACKSTOP,,2047,,,,,,,,,,0.0,,,,,,,
Scenario1,0,RE1,,BACKSTOP,,2048,,,,,,,,,,0.0,,,,,,,
Scenario1,0,RE1,,BACKSTOP,,2049,,,,,,,,,,0.0,,,,,,,
Scenario1,0,RE1,,BACKSTOP,,2050,,,,,,,,,,0.0,,,,,,,
Scenario1,0,RE1,,BESS_TECH,,2019,,,,,,,,,,0.0,,,,,,,
Scenario1,0,RE1,,BESS_TECH,,2020,,,,,,,,,,0.0,,,,,,,
Scenario1,0,RE1,,BESS_TECH,,2021,,,,,,,,,,0.0,,,,,,,
Scenario1,0,RE1,,BESS_TECH,,2022,,,,,,,,,,0.0,,,,,,,
Scenario1,0,RE1,,BESS_TECH,,2023,,,,,,,,,,0.0,,,,,,,
Scenario1,0,RE1,,BESS_TECH,,2024,,,,,,,,,,132.33,,,,,,,
Scenario1,0,RE1,,BESS_TECH,,2025,,,,,,,,,,194.025,,,,,,,
Scenario1,0,RE1,,BESS_TECH,,2026,,,,,,,,,,120.41560646231162,,,,,,,
Scenario1,0,RE1,,BESS_TECH,,2027,,,,,,,,,,89.86675535891736,,,,,,,
Scenario1,0,RE1,,BESS_TECH,,2028,,,,,,,,,,161.323141824142,,,,,,,
Scenario1,0,RE1,,BESS_TECH,,2029,,,,,,,,,,37.641132148291035,,,,,,,
Scenario1,0,RE1,,BESS_TECH,,2030,,,,,,,,,,252.24883285754788,,,,,,,
Scenario1,0,RE1,,BESS_TECH,,2031,,,,,,,,,,256.36171388819326,,,,,,,
Scenario1,0,RE1,,BESS_TECH,,2032,,,,,,,,,,105.57699819158363,,,,,,,
Scenario1,0,RE1,,BESS_TECH,,2033,,,,,,,,,,145.4388251765803,,,,,,,
Scenario1,0,RE1,,BESS_TECH,,2034,,,,,,,,,,0.0,,,,,,,
Scenario1,0,RE1,,BESS_TECH,,2035,,,,,,,,,,162.55758098296008,,,,,,,
Scenario1,0,RE1,,BESS_TECH,,2036,,,,,,,,,,290.2401736377398,,,,,,,
Scenario1,0,RE1,,BESS_TECH,,2037,,,,,,,,,,205.14253775351045,,,,,,,
Scenario1,0,RE1,,BESS_TECH,,2038,,,,,,,,,,234.5197753556093,,,,,,,
Scenario1,0,RE1,,BESS_TECH,,2039,,,,,,,,,,161.06256665330858,,,,,,,
Scenario1,0,RE1,,BESS_TECH,,2040,,,,,,,,,,341.21392178824993,,,,,,,
Scenario1,0,RE1,,BESS_TECH,,2041,,,,,,,,,,601.8581288852193,,,,,,,
Scenario1,0,RE1,,BESS_TECH,,2042,,,,,,,,,,277.66770213974485,,,,,,,
Scenario1,0,RE1,,BESS_TECH,,2043,,,,,,,,,,310.2340395236252,,,,,,,
Scenario1,0,RE1,,BESS_TECH,,2044,,,,,,,,,,161.2570758126067,,,,,,,
Scenario1,0,RE1,,BESS_TECH,,2045,,,,,,,,,,327.3132426254425,,,,,,,
Scenario1,0,RE1,,BESS_TECH,,2046,,,,,,,,,,434.1989674275672,,,,,,,
Scenario1,0,RE1,,BESS_TECH,,2047,,,,,,,,,,534.228485065365,,,,,,,
Scenario1,0,RE1,,BESS_TECH,,2048,,,,,,,,,,509.6788267849017,,,,,,,
Scenario1,0,RE1,,BESS_TECH,,2049,,,,,,,,,,367.1059993783158,,,,,,,
Scenario1,0,RE1,,BESS_TECH,,2050,,,,,,,,,,517.2639720824997,,,,,,,
Scenario1,0,RE1,,DEMCOMELC,,2019,,,,,,,,,,0.0,,,,,,,
Scenario1,0,RE1,,DEMCOMELC,,2020,,,,,,,,,,0.0,,,,,,,
Scenario1,0,RE1,,DEMCOMELC,,2021,,,,,,,,,,0.0,,,,,,,
Scenario1,0,RE1,,DEMCOMELC,,2022,,,,,,,,,,0.0,,,,,,,
Scenario1,0,RE1,,DEMCOMELC,,2023,,,,,,,,,,0.0,,,,,,,
Scenario1,0,RE1,,DEMCOMELC,,2024,,,,,,,,,,0.0,,,,,,,
Scenario1,0,RE1,,DEMCOMELC,,2025,,,,,,,,,,0.0,,,,,,,
Scenario1,0,RE1,,DEMCOMELC,,2026,,,,,,,,,,0.0,,,,,,,
Scenario1,0,RE1,,DEMCOMELC,,2027,,,,,,,,,,0.0,,,,,,,
Scenario1,0,RE1,,DEMCOMELC,,2028,,,,,,,,,,0.0,,,,,,,
Scenario1,0,RE1,,DEMCOMELC,,2029,,,,,,,,,,0.0,,,,,,,
Scenario1,0,RE1,,DEMCOMELC,,2030,,,,,,,,,,0.0,,,,,,,
Scenario1,0,RE1,,DEMCOMELC,,2031,,,,,,,,,,0.0,,,,,,,
Scenario1,0,RE1,,DEMCOMELC,,2032,,,,,,,,,,0.0,,,,,,,
Scenario1,0,RE1,,DEMCOMELC,,2033,,,,,,,,,,0.0,,,,,,,
Scenario1,0,RE1,,DEMCOMELC,,2034,,,,,,,,,,0.0,,,,,,,
Scenario1,0,RE1,,DEMCOMELC,,2035,,,,,,,,,,0.0,,,,,,,
Scenario1,0,RE1,,DEMCOMELC,,2036,,,,,,,,,,0.0,,,,,,,
Scenario1,0,RE1,,DEMCOMELC,,2037,,,,,,,,,,0.0,,,,,,,
Scenario1,0,RE1,,DEMCOMELC,,2038,,,,,,,,,,0.0,,,,,,,
Scenario1,0,RE1,,DEMCOMELC,,2039,,,,,,,,,,0.0,,,,,,,
Scenario1,0,RE1,,DEMCOMELC,,2040,,,,,,,,,,0.0,,,,,,,
Scenario1,0,RE1,,DEMCOMELC,,2041,,,,,,,,,,0.0,,,,,,,
Scenario1,0,RE1,,DEMCOMELC,,2042,,,,,,,,,,0.0,,,,,,,
Scenario1,0,RE1,,DEMCOMELC,,2043,,,,,,,,,,0.0,,,,,,,
Scenario1,0,RE1,,DEMCOMELC,,2044,,,,,,,,,,0.0,,,,,,,
Scenario1,0,RE1,,DEMCOMELC,,2045,,,,,,,,,,0.0,,,,,,,
Scenario1,0,RE1,,DEMCOMELC,,2046,,,,,,,,,,0.0,,,,,,,
Scenario1,0,RE1,,DEMCOMELC,,2047,,,,,,,,,,0.0,,,,,,,
Scenario1,0,RE1,,DEMCOMELC,,2048,,,,,,,,,,0.0,,,,,,,
Scenario1,0,RE1,,DEMCOMELC,,2049,,,,,,,,,,0.0,,,,,,,
Scenario1,0,RE1,,DEMCOMELC,,2050,,,,,,,,,,0.0,,,,,,,
Scenario1,0,RE1,,DEMINDELC,,2019,,,,,,,,,,0.0,,,,,,,
Scenario1,0,RE1,,DEMINDELC,,2020,,,,,,,,,,0.0,,,,,,,
Scenario1,0,RE1,,DEMINDELC,,2021,,,,,,,,,,0.0,,,,,,,
Scenario1,0,RE1,,DEMINDELC,,2022,,,,,,,,,,0.0,,,,,,,
Scenario1,0,RE1,,DEMINDELC,,2023,,,,,,,,,,0.0,,,,,,,
Scenario1,0,RE1,,DEMINDELC,,2024,,,,,,,,,,0.0,,,,,,,
Scenario1,0,RE1,,DEMINDELC,,2025,,,,,,,,,,0.0,,,,,,,
Scenario1,0,RE1,,DEMINDELC,,2026,,,,,,,,,,0.0,,,,,,,
Scenario1,0,RE1,,DEMINDELC,,2027,,,,,,,,,,0.0,,,,,,,
Scenario1,0,RE1,,DEMINDELC,,2028,,,,,,,,,,0.0,,,,,,,
Scenario1,0,RE1,,DEMINDELC,,2029,,,,,,,,,,0.0,,,,,,,
Scenario1,0,RE1,,DEMINDELC,,2030,,,,,,,,,,0.0,,,,,,,
Scenario1,0,RE1,,DEMINDELC,,2031,,,,,,,,,,0.0,,,,,,,
Scenario1,0,RE1,,DEMINDELC,,2032,,,,,,,,,,0.0,,,,,,,
Scenario1,0,RE1,,DEMINDELC,,2033,,,,,,,,,,0.0,,,,,,,
Scenario1,0,RE1,,DEMINDELC,,2034,,,,,,,,,,0.0,,,,,,,
Scenario1,0,RE1,,DEMINDELC,,2035,,,,,,,,,,0.0,,,,,,,
Scenario1,0,RE1,,DEMINDELC,,2036,,,,,,,,,,0.0,,,,,,,
Scenario1,0,RE1,,DEMINDELC,,2037,,,,,,,,,,0.0,,,,,,,
Scenario1,0,RE1,,DEMINDELC,,2038,,,,,,,,,,0.0,,,,,,,
Scenario1,0,RE1,,DEMINDELC,,2039,,,,,,,,,,0.0,,,,,,,
Scenario1,0,RE1,,DEMINDELC,,2040,,,,,,,,,,0.0,,,,,,,
Scenario1,0,RE1,,DEMINDELC,,2041,,,,,,,,,,0.0,,,,,,,
Scenario1,0,RE1,,DEMINDELC,,2042,,,,,,,,,,0.0,,,,,,,
Scenario1,0,RE1,,DEMINDELC,,2043,,,,,,,,,,0.0,,,,,,,
Scenario1,0,RE1,,DEMINDELC,,2044,,,,,,,,,,0.0,,,,,,,
Scenario1,0,RE1,,DEMINDELC,,2045,,,,,,,,,,0.0,,,,,,,
Scenario1,0,RE1,,DEMINDELC,,2046,,,,,,,,,,0.0,,,,,,,
Scenario1,0,RE1,,DEMINDELC,,2047,,,,,,,,,,0.0,,,,,,,
Scenario1,0,RE1,,DEMINDELC,,2048,,,,,,,,,,0.0,,,,,,,
Scenario1,0,RE1,,DEMINDELC,,2049,,,,,,,,,,0.0,,,,,,,
Scenario1,0,RE1,,DEMINDELC,,2050,,,,,,,,,,0.0,,,,,,,
Scenario1,0,RE1,,DEMRESELC,,2019,,,,,,,,,,0.0,,,,,,,
Scenario1,0,RE1,,DEMRESELC,,2020,,,,,,,,,,0.0,,,,,,,
Scenario1,0,RE1,,DEMRESELC,,2021,,,,,,,,,,0.0,,,,,,,
Scenario1,0,RE1,,DEMRESELC,,2022,,,,,,,,,,0.0,,,,,,,
Scenario1,0,RE1,,DEMRESELC,,2023,,,,,,,,,,0.0,,,,,,,
Scenario1,0,RE1,,DEMRESELC,,2024,,,,,,,,,,0.0,,,,,,,
Scenario1,0,RE1,,DEMRESELC,,2025,,,,,,,,,,0.0,,,,,,,
Scenario1,0,RE1,,DEMRESELC,,2026,,,,,,,,,,0.0,,,,,,,
Scenario1,0,RE1,,DEMRESELC,,2027,,,,,,,,,,0.0,,,,,,,
Scenario1,0,RE1,,DEMRESELC,,2028,,,,,,,,,,0.0,,,,,,,
Scenario1,0,RE1,,DEMRESELC,,2029,,,,,,,,,,0.0,,,,,,,
Scenario1,0,RE1,,DEMRESELC,,2030,,,,,,,,,,0.0,,,,,,,
Scenario1,0,RE1,,DEMRESELC,,2031,,,,,,,,,,0.0,,,,,,,
Scenario1,0,RE1,,DEMRESELC,,2032,,,,,,,,,,0.0,,,,,,,
Scenario1,0,RE1,,DEMRESELC,,2033,,,,,,,,,,0.0,,,,,,,
Scenario1,0,RE1,,DEMRESELC,,2034,,,,,,,,,,0.0,,,,,,,
Scenario1,0,RE1,,DEMRESELC,,2035,,,,,,,,,,0.0,,,,,,,
Scenario1,0,RE1,,DEMRESELC,,2036,,,,,,,,,,0.0,,,,,,,
Scenario1,0,RE1,,DEMRESELC,,2037,,,,,,,,,,0.0,,,,,,,
Scenario1,0,RE1,,DEMRESELC,,2038,,,,,,,,,,0.0,,,,,,,
Scenario1,0,RE1,,DEMRESELC,,2039,,,,,,,,,,0.0,,,,,,,
Scenario1,0,RE1,,DEMRESELC,,2040,,,,,,,,,,0.0,,,,,,,
Scenario1,0,RE1,,DEMRESELC,,2041,,,,,,,,,,0.0,,,,,,,
Scenario1,0,RE1,,DEMRESELC,,2042,,,,,,,,,,0.0,,,,,,,
Scenario1,0,RE1,,DEMRESELC,,2043,,,,,,,,,,0.0,,,,,,,
Scenario1,0,RE1,,DEMRESELC,,2044,,,,,,,,,,0.0,,,,,,,
Scenario1,0,RE1,,DEMRESELC,,2045,,,,,,,,,,0.0,,,,,,,
Scenario1,0,RE1,,DEMRESELC,,2046,,,,,,,,,,0.0,,,,,,,
Scenario1,0,RE1,,DEMRESELC,,2047,,,,,,,,,,0.0,,,,,,,
Scenario1,0,RE1,,DEMRESELC,,2048,,,,,,,,,,0.0,,,,,,,
Scenario1,0,RE1,,DEMRESELC,,2049,,,,,,,,,,0.0,,,,,,,
Scenario1,0,RE1,,DEMRESELC,,2050,,,,,,,,,,0.0,,,,,,,
Scenario1,0,RE1,,EXPELC,,2019,,,,,,,,,,0.0,,,,,,,
Scenario1,0,RE1,,EXPELC,,2020,,,,,,,,,,0.0,,,,,,,
Scenario1,0,RE1,,EXPELC,,2021,,,,,,,,,,0.0,,,,,,,
Scenario1,0,RE1,,EXPELC,,2022,,,,,,,,,,0.0,,,,,,,
Scenario1,0,RE1,,EXPELC,,2023,,,,,,,,,,0.0,,,,,,,
Scenario1,0,RE1,,EXPELC,,2024,,,,,,,,,,0.0,,,,,,,
Scenario1,0,RE1,,EXPELC,,2025,,,,,,,,,,0.0,,,,,,,
Scenario1,0,RE1,,EXPELC,,2026,,,,,,,,,,0.0,,,,,,,
Scenario1,0,RE1,,EXPELC,,2027,,,,,,,,,,0.0,,,,,,,
Scenario1,0,RE1,,EXPELC,,2028,,,,,,,,,,0.0,,,,,,,
Scenario1,0,RE1,,EXPELC,,2029,,,,,,,,,,0.0,,,,,,,
Scenario1,0,RE1,,EXPELC,,2030,,,,,,,,,,0.0,,,,,,,
Scenario1,0,RE1,,EXPELC,,2031,,,,,,,,,,0.0,,,,,,,
Scenario1,0,RE1,,EXPELC,,2032,,,,,,,,,,0.0,,,,,,,
Scenario1,0,RE1,,EXPELC,,2033,,,,,,,,,,0.0,,,,,,,
Scenario1,0,RE1,,EXPELC,,2034,,,,,,,,,,0.0,,,,,,,
Scenario1,0,RE1,,EXPELC,,2035,,,,,,,,,,0.0,,,,,,,
Scenario1,0,RE1,,EXPELC,,2036,,,,,,,,,,0.0,,,,,,,
Scenario1,0,RE1,,EXPELC,,2037,,,,,,,,,,0.0,,,,,,,
Scenario1,0,RE1,,EXPELC,,2038,,,,,,,,,,0.0,,,,,,,
Scenario1,0,RE1,,EXPELC,,2039,,,,,,,,,,0.0,,,,,,,
Scenario1,0,RE1,,EXPELC,,2040,,,,,,,,,,0.0,,,,,,,
Scenario1,0,RE1,,EXPELC,,2041,,,,,,,,,,0.0,,,,,,,
Scenario1,0,RE1,,EXPELC,,2042,,,,,,,,,,0.0,,,,,,,
Scenario1,0,RE1,,EXPELC,,2043,,,,,,,,,,0.0,,,,,,,
Scenario1,0,RE1,,EXPELC,,2044,,,,,,,,,,0.0,,,,,,,
Scenario1,0,RE1,,EXPELC,,2045,,,,,,,,,,0.0,,,,,,,
Scenario1,0,RE1,,EXPELC,,2046,,,,,,,,,,0.0,,,,,,,
Scenario1,0,RE1,,EXPELC,,2047,,,,,,,,,,0.0,,,,,,,
Scenario1,0,RE1,,EXPELC,,2048,,,,,,,,,,0.0,,,,,,,
Scenario1,0,RE1,,EXPELC,,2049,,,,,,,,,,0.0,,,,,,,
Scenario1,0,RE1,,EXPELC,,2050,,,,,,,,,,0.0,,,,,,,
Scenario1,0,RE1,,IMPBIO,,2019,,,,,,,,,,0.0,,,,,,,
Scenario1,0,RE1,,IMPBIO,,2020,,,,,,,,,,0.0,,,,,,,
Scenario1,0,RE1,,IMPBIO,,2021,,,,,,,,,,0.0,,,,,,,
Scenario1,0,RE1,,IMPBIO,,2022,,,,,,,,,,0.0,,,,,,,
Scenario1,0,RE1,,IMPBIO,,2023,,,,,,,,,,0.0,,,,,,,
Scenario1,0,RE1,,IMPBIO,,2024,,,,,,,,,,0.0,,,,,,,
Scenario1,0,RE1,,IMPBIO,,2025,,,,,,,,,,0.0,,,,,,,
Scenario1,0,RE1,,IMPBIO,,2026,,,,,,,,,,0.0,,,,,,,
Scenario1,0,RE1,,IMPBIO,,2027,,,,,,,,,,0.0,,,,,,,
Scenario1,0,RE1,,IMPBIO,,2028,,,,,,,,,,0.0,,,,,,,
Scenario1,0,RE1,,IMPBIO,,2029,,,,,,,,,,0.0,,,,,,,
Scenario1,0,RE1,,IMPBIO,,2030,,,,,,,,,,0.0,,,,,,,
Scenario1,0,RE1,,IMPBIO,,2031,,,,,,,,,,0.0,,,,,,,
Scenario1,0,RE1,,IMPBIO,,2032,,,,,,,,,,0.0,,,,,,,
Scenario1,0,RE1,,IMPBIO,,2033,,,,,,,,,,0.0,,,,,,,
Scenario1,0,RE1,,IMPBIO,,2034,,,,,,,,,,0.0,,,,,,,
Scenario1,0,RE1,,IMPBIO,,2035,,,,,,,,,,0.0,,,,,,,
Scenario1,0,RE1,,IMPBIO,,2036,,,,,,,,,,0.0,,,,,,,
Scenario1,0,RE1,,IMPBIO,,2037,,,,,,,,,,0.0,,,,,,,
Scenario1,0,RE1,,IMPBIO,,2038,,,,,,,,,,0.0,,,,,,,
Scenario1,0,RE1,,IMPBIO,,2039,,,,,,,,,,0.0,,,,,,,
Scenario1,0,RE1,,IMPBIO,,2040,,,,,,,,,,0.0,,,,,,,
Scenario1,0,RE1,,IMPBIO,,2041,,,,,,,,,,0.0,,,,,,,
Scenario1,0,RE1,,IMPBIO,,2042,,,,,,,,,,0.0,,,,,,,
Scenario1,0,RE1,,IMPBIO,,2043,,,,,,,,,,0.0,,,,,,,
Scenario1,0,RE1,,IMPBIO,,2044,,,,,,,,,,0.0,,,,,,,
Scenario1,0,RE1,,IMPBIO,,2045,,,,,,,,,,0.0,,,,,,,
Scenario1,0,RE1,,IMPBIO,,2046,,,,,,,,,,0.0,,,,,,,
Scenario1,0,RE1,,IMPBIO,,2047,,,,,,,,,,0.0,,,,,,,
Scenario1,0,RE1,,IMPBIO,,2048,,,,,,,,,,0.0,,,,,,,
Scenario1,0,RE1,,IMPBIO,,2049,,,,,,,,,,0.0,,,,,,,
Scenario1,0,RE1,,IMPBIO,,2050,,,,,,,,,,0.0,,,,,,,
Scenario1,0,RE1,,IMPCOA,,2019,,,,,,,,,,0.0,,,,,,,
Scenario1,0,RE1,,IMPCOA,,2020,,,,,,,,,,0.0,,,,,,,
Scenario1,0,RE1,,IMPCOA,,2021,,,,,,,,,,0.0,,,,,,,
Scenario1,0,RE1,,IMPCOA,,2022,,,,,,,,,,0.0,,,,,,,
Scenario1,0,RE1,,IMPCOA,,2023,,,,,,,,,,0.0,,,,,,,
Scenario1,0,RE1,,IMPCOA,,2024,,,,,,,,,,0.0,,,,,,,
Scenario1,0,RE1,,IMPCOA,,2025,,,,,,,,,,0.0,,,,,,,
Scenario1,0,RE1,,IMPCOA,,2026,,,,,,,,,,0.0,,,,,,,
Scenario1,0,RE1,,IMPCOA,,2027,,,,,,,,,,0.0,,,,,,,
Scenario1,0,RE1,,IMPCOA,,2028,,,,,,,,,,0.0,,,,,,,
Scenario1,0,RE1,,IMPCOA,,2029,,,,,,,,,,0.0,,,,,,,
Scenario1,0,RE1,,IMPCOA,,2030,,,,,,,,,,0.0,,,,,,,
Scenario1,0,RE1,,IMPCOA,,2031,,,,,,,,,,0.0,,,,,,,
Scenario1,0,RE1,,IMPCOA,,2032,,,,,,,,,,0.0,,,,,,,
Scenario1,0,RE1,,IMPCOA,,2033,,,,,,,,,,0.0,,,,,,,
Scenario1,0,RE1,,IMPCOA,,2034,,,,,,,,,,0.0,,,,,,,
Scenario1,0,RE1,,IMPCOA,,2035,,,,,,,,,,0.0,,,,,,,
Scenario1,0,RE1,,IMPCOA,,2036,,,,,,,,,,0.0,,,,,,,
Scenario1,0,RE1,,IMPCOA,,2037,,,,,,,,,,0.0,,,,,,,
Scenario1,0,RE1,,IMPCOA,,2038,,,,,,,,,,0.0,,,,,,,
Scenario1,0,RE1,,IMPCOA,,2039,,,,,,,,,,0.0,,,,,,,
Scenario1,0,RE1,,IMPCOA,,2040,,,,,,,,,,0.0,,,,,,,
Scenario1,0,RE1,,IMPCOA,,2041,,,,,,,,,,0.0,,,,,,,
Scenario1,0,RE1,,IMPCOA,,2042,,,,,,,,,,0.0,,,,,,,
Scenario1,0,RE1,,IMPCOA,,2043,,,,,,,,,,0.0,,,,,,,
Scenario1,0,RE1,,IMPCOA,,2044,,,,,,,,,,0.0,,,,,,,
Scenario1,0,RE1,,IMPCOA,,2045,,,,,,,,,,0.0,,,,,,,
Scenario1,0,RE1,,IMPCOA,,2046,,,,,,,,,,0.0,,,,,,,
Scenario1,0,RE1,,IMPCOA,,2047,,,,,,,,,,0.0,,,,,,,
Scenario1,0,RE1,,IMPCOA,,2048,,,,,,,,,,0.0,,,,,,,
Scenario1,0,RE1,,IMPCOA,,2049,,,,,,,,,,0.0,,,,,,,
Scenario1,0,RE1,,IMPCOA,,2050,,,,,,,,,,0.0,,,,,,,
Scenario1,0,RE1,,IMPELC001,,2019,,,,,,,,,,0.0,,,,,,,
Scenario1,0,RE1,,IMPELC001,,2020,,,,,,,,,,0.0,,,,,,,
Scenario1,0,RE1,,IMPELC001,,2021,,,,,,,,,,0.0,,,,,,,
Scenario1,0,RE1,,IMPELC001,,2022,,,,,,,,,,0.0,,,,,,,
Scenario1,0,RE1,,IMPELC001,,2023,,,,,,,,,,0.0,,,,,,,
Scenario1,0,RE1,,IMPELC001,,2024,,,,,,,,,,0.0,,,,,,,
Scenario1,0,RE1,,IMPELC001,,2025,,,,,,,,,,0.0,,,,,,,
Scenario1,0,RE1,,IMPELC001,,2026,,,,,,,,,,0.0,,,,,,,
Scenario1,0,RE1,,IMPELC001,,2027,,,,,,,,,,0.0,,,,,,,
Scenario1,0,RE1,,IMPELC001,,2028,,,,,,,,,,0.0,,,,,,,
Scenario1,0,RE1,,IMPELC001,,2029,,,,,,,,,,0.0,,,,,,,
Scenario1,0,RE1,,IMPELC001,,2030,,,,,,,,,,0.0,,,,,,,
Scenario1,0,RE1,,IMPELC001,,2031,,,,,,,,,,0.0,,,,,,,
Scenario1,0,RE1,,IMPELC001,,2032,,,,,,,,,,0.0,,,,,,,
Scenario1,0,RE1,,IMPELC001,,2033,,,,,,,,,,0.0,,,,,,,
Scenario1,0,RE1,,IMPELC001,,2034,,,,,,,,,,0.0,,,,,,,
Scenario1,0,RE1,,IMPELC001,,2035,,,,,,,,,,0.0,,,,,,,
Scenario1,0,RE1,,IMPELC001,,2036,,,,,,,,,,0.0,,,,,,,
Scenario1,0,RE1,,IMPELC001,,2037,,,,,,,,,,0.0,,,,,,,
Scenario1,0,RE1,,IMPELC001,,2038,,,,,,,,,,0.0,,,,,,,
Scenario1,0,RE1,,IMPELC001,,2039,,,,,,,,,,0.0,,,,,,,
Scenario1,0,RE1,,IMPELC001,,2040,,,,,,,,,,0.0,,,,,,,
Scenario1,0,RE1,,IMPELC001,,2041,,,,,,,,,,0.0,,,,,,,
Scenario1,0,RE1,,IMPELC001,,2042,,,,,,,,,,0.0,,,,,,,
Scenario1,0,RE1,,IMPELC001,,2043,,,,,,,,,,0.0,,,,,,,
Scenario1,0,RE1,,IMPELC001,,2044,,,,,,,,,,0.0,,,,,,,
Scenario1,0,RE1,,IMPELC001,,2045,,,,,,,,,,0.0,,,,,,,
Scenario1,0,RE1,,IMPELC001,,2046,,,,,,,,,,0.0,,,,,,,
Scenario1,0,RE1,,IMPELC001,,2047,,,,,,,,,,0.0,,,,,,,
Scenario1,0,RE1,,IMPELC001,,2048,,,,,,,,,,0.0,,,,,,,
Scenario1,0,RE1,,IMPELC001,,2049,,,,,,,,,,0.0,,,,,,,
Scenario1,0,RE1,,IMPELC001,,2050,,,,,,,,,,0.0,,,,,,,
Scenario1,0,RE1,,IMPELC002,,2019,,,,,,,,,,0.0,,,,,,,
Scenario1,0,RE1,,IMPELC002,,2020,,,,,,,,,,0.0,,,,,,,
Scenario1,0,RE1,,IMPELC002,,2021,,,,,,,,,,0.0,,,,,,,
Scenario1,0,RE1,,IMPELC002,,2022,,,,,,,,,,0.0,,,,,,,
Scenario1,0,RE1,,IMPELC002,,2023,,,,,,,,,,0.0,,,,,,,
Scenario1,0,RE1,,IMPELC002,,2024,,,,,,,,,,0.0,,,,,,,
Scenario1,0,RE1,,IMPELC002,,2025,,,,,,,,,,0.0,,,,,,,
Scenario1,0,RE1,,IMPELC002,,2026,,,,,,,,,,0.0,,,,,,,
Scenario1,0,RE1,,IMPELC002,,2027,,,,,,,,,,0.0,,,,,,,
Scenario1,0,RE1,,IMPELC002,,2028,,,,,,,,,,0.0,,,,,,,
Scenario1,0,RE1,,IMPELC002,,2029,,,,,,,,,,0.0,,,,,,,
Scenario1,0,RE1,,IMPELC002,,2030,,,,,,,,,,0.0,,,,,,,
Scenario1,0,RE1,,IMPELC002,,2031,,,,,,,,,,0.0,,,,,,,
Scenario1,0,RE1,,IMPELC002,,2032,,,,,,,,,,0.0,,,,,,,
Scenario1,0,RE1,,IMPELC002,,2033,,,,,,,,,,0.0,,,,,,,
Scenario1,0,RE1,,IMPELC002,,2034,,,,,,,,,,0.0,,,,,,,
Scenario1,0,RE1,,IMPELC002,,2035,,,,,,,,,,0.0,,,,,,,
Scenario1,0,RE1,,IMPELC002,,2036,,,,,,,,,,0.0,,,,,,,
Scenario1,0,RE1,,IMPELC002,,2037,,,,,,,,,,0.0,,,,,,,
Scenario1,0,RE1,,IMPELC002,,2038,,,,,,,,,,0.0,,,,,,,
Scenario1,0,RE1,,IMPELC002,,2039,,,,,,,,,,0.0,,,,,,,
Scenario1,0,RE1,,IMPELC002,,2040,,,,,,,,,,0.0,,,,,,,
Scenario1,0,RE1,,IMPELC002,,2041,,,,,,,,,,0.0,,,,,,,
Scenario1,0,RE1,,IMPELC002,,2042,,,,,,,,,,0.0,,,,,,,
Scenario1,0,RE1,,IMPELC002,,2043,,,,,,,,,,0.0,,,,,,,
Scenario1,0,RE1,,IMPELC002,,2044,,,,,,,,,,0.0,,,,,,,
Scenario1,0,RE1,,IMPELC002,,2045,,,,,,,,,,0.0,,,,,,,
Scenario1,0,RE1,,IMPELC002,,2046,,,,,,,,,,0.0,,,,,,,
Scenario1,0,RE1,,IMPELC002,,2047,,,,,,,,,,0.0,,,,,,,
Scenario1,0,RE1,,IMPELC002,,2048,,,,,,,,,,0.0,,,,,,,
Scenario1,0,RE1,,IMPELC002,,2049,,,,,,,,,,0.0,,,,,,,
Scenario1,0,RE1,,IMPELC002,,2050,,,,,,,,,,0.0,,,,,,,
Scenario1,0,RE1,,IMPHFOMOM,,2019,,,,,,,,,,0.0,,,,,,,
Scenario1,0,RE1,,IMPHFOMOM,,2020,,,,,,,,,,0.0,,,,,,,
Scenario1,0,RE1,,IMPHFOMOM,,2021,,,,,,,,,,0.0,,,,,,,
Scenario1,0,RE1,,IMPHFOMOM,,2022,,,,,,,,,,0.0,,,,,,,
Scenario1,0,RE1,,IMPHFOMOM,,2023,,,,,,,,,,0.0,,,,,,,
Scenario1,0,RE1,,IMPHFOMOM,,2024,,,,,,,,,,0.0,,,,,,,
Scenario1,0,RE1,,IMPHFOMOM,,2025,,,,,,,,,,0.0,,,,,,,
Scenario1,0,RE1,,IMPHFOMOM,,2026,,,,,,,,,,0.0,,,,,,,
Scenario1,0,RE1,,IMPHFOMOM,,2027,,,,,,,,,,0.0,,,,,,,
Scenario1,0,RE1,,IMPHFOMOM,,2028,,,,,,,,,,0.0,,,,,,,
Scenario1,0,RE1,,IMPHFOMOM,,2029,,,,,,,,,,0.0,,,,,,,
Scenario1,0,RE1,,IMPHFOMOM,,2030,,,,,,,,,,0.0,,,,,,,
Scenario1,0,RE1,,IMPHFOMOM,,2031,,,,,,,,,,0.0,,,,,,,
Scenario1,0,RE1,,IMPHFOMOM,,2032,,,,,,,,,,0.0,,,,,,,
Scenario1,0,RE1,,IMPHFOMOM,,2033,,,,,,,,,,0.0,,,,,,,
Scenario1,0,RE1,,IMPHFOMOM,,2034,,,,,,,,,,0.0,,,,,,,
Scenario1,0,RE1,,IMPHFOMOM,,2035,,,,,,,,,,0.0,,,,,,,
Scenario1,0,RE1,,IMPHFOMOM,,2036,,,,,,,,,,0.0,,,,,,,
Scenario1,0,RE1,,IMPHFOMOM,,2037,,,,,,,,,,0.0,,,,,,,
Scenario1,0,RE1,,IMPHFOMOM,,2038,,,,,,,,,,0.0,,,,,,,
Scenario1,0,RE1,,IMPHFOMOM,,2039,,,,,,,,,,0.0,,,,,,,
Scenario1,0,RE1,,IMPHFOMOM,,2040,,,,,,,,,,0.0,,,,,,,
Scenario1,0,RE1,,IMPHFOMOM,,2041,,,,,,,,,,0.0,,,,,,,
Scenario1,0,RE1,,IMPHFOMOM,,2042,,,,,,,,,,0.0,,,,,,,
Scenario1,0,RE1,,IMPHFOMOM,,2043,,,,,,,,,,0.0,,,,,,,
Scenario1,0,RE1,,IMPHFOMOM,,2044,,,,,,,,,,0.0,,,,,,,
Scenario1,0,RE1,,IMPHFOMOM,,2045,,,,,,,,,,0.0,,,,,,,
Scenario1,0,RE1,,IMPHFOMOM,,2046,,,,,,,,,,0.0,,,,,,,
Scenario1,0,RE1,,IMPHFOMOM,,2047,,,,,,,,,,0.0,,,,,,,
Scenario1,0,RE1,,IMPHFOMOM,,2048,,,,,,,,,,0.0,,,,,,,
Scenario1,0,RE1,,IMPHFOMOM,,2049,,,,,,,,,,0.0,,,,,,,
Scenario1,0,RE1,,IMPHFOMOM,,2050,,,,,,,,,,0.0,,,,,,,
Scenario1,0,RE1,,IMPHFONAI,,2019,,,,,,,,,,0.0,,,,,,,
Scenario1,0,RE1,,IMPHFONAI,,2020,,,,,,,,,,0.0,,,,,,,
Scenario1,0,RE1,,IMPHFONAI,,2021,,,,,,,,,,0.0,,,,,,,
Scenario1,0,RE1,,IMPHFONAI,,2022,,,,,,,,,,0.0,,,,,,,
Scenario1,0,RE1,,IMPHFONAI,,2023,,,,,,,,,,0.0,,,,,,,
Scenario1,0,RE1,,IMPHFONAI,,2024,,,,,,,,,,0.0,,,,,,,
Scenario1,0,RE1,,IMPHFONAI,,2025,,,,,,,,,,0.0,,,,,,,
Scenario1,0,RE1,,IMPHFONAI,,2026,,,,,,,,,,0.0,,,,,,,
Scenario1,0,RE1,,IMPHFONAI,,2027,,,,,,,,,,0.0,,,,,,,
Scenario1,0,RE1,,IMPHFONAI,,2028,,,,,,,,,,0.0,,,,,,,
Scenario1,0,RE1,,IMPHFONAI,,2029,,,,,,,,,,0.0,,,,,,,
Scenario1,0,RE1,,IMPHFONAI,,2030,,,,,,,,,,0.0,,,,,,,
Scenario1,0,RE1,,IMPHFONAI,,2031,,,,,,,,,,0.0,,,,,,,
Scenario1,0,RE1,,IMPHFONAI,,2032,,,,,,,,,,0.0,,,,,,,
Scenario1,0,RE1,,IMPHFONAI,,2033,,,,,,,,,,0.0,,,,,,,
Scenario1,0,RE1,,IMPHFONAI,,2034,,,,,,,,,,0.0,,,,,,,
Scenario1,0,RE1,,IMPHFONAI,,2035,,,,,,,,,,0.0,,,,,,,
Scenario1,0,RE1,,IMPHFONAI,,2036,,,,,,,,,,0.0,,,,,,,
Scenario1,0,RE1,,IMPHFONAI,,2037,,,,,,,,,,0.0,,,,,,,
Scenario1,0,RE1,,IMPHFONAI,,2038,,,,,,,,,,0.0,,,,,,,
Scenario1,0,RE1,,IMPHFONAI,,2039,,,,,,,,,,0.0,,,,,,,
Scenario1,0,RE1,,IMPHFONAI,,2040,,,,,,,,,,0.0,,,,,,,
Scenario1,0,RE1,,IMPHFONAI,,2041,,,,,,,,,,0.0,,,,,,,
Scenario1,0,RE1,,IMPHFONAI,,2042,,,,,,,,,,0.0,,,,,,,
Scenario1,0,RE1,,IMPHFONAI,,2043,,,,,,,,,,0.0,,,,,,,
Scenario1,0,RE1,,IMPHFONAI,,2044,,,,,,,,,,0.0,,,,,,,
Scenario1,0,RE1,,IMPHFONAI,,2045,,,,,,,,,,0.0,,,,,,,
Scenario1,0,RE1,,IMPHFONAI,,2046,,,,,,,,,,0.0,,,,,,,
Scenario1,0,RE1,,IMPHFONAI,,2047,,,,,,,,,,0.0,,,,,,,
Scenario1,0,RE1,,IMPHFONAI,,2048,,,,,,,,,,0.0,,,,,,,
Scenario1,0,RE1,,IMPHFONAI,,2049,,,,,,,,,,0.0,,,,,,,
Scenario1,0,RE1,,IMPHFONAI,,2050,,,,,,,,,,0.0,,,,,,,
Scenario1,0,RE1,,IMPLFOELD,,2019,,,,,,,,,,0.0,,,,,,,
Scenario1,0,RE1,,IMPLFOELD,,2020,,,,,,,,,,0.0,,,,,,,
Scenario1,0,RE1,,IMPLFOELD,,2021,,,,,,,,,,0.0,,,,,,,
Scenario1,0,RE1,,IMPLFOELD,,2022,,,,,,,,,,0.0,,,,,,,
Scenario1,0,RE1,,IMPLFOELD,,2023,,,,,,,,,,0.0,,,,,,,
Scenario1,0,RE1,,IMPLFOELD,,2024,,,,,,,,,,0.0,,,,,,,
Scenario1,0,RE1,,IMPLFOELD,,2025,,,,,,,,,,0.0,,,,,,,
Scenario1,0,RE1,,IMPLFOELD,,2026,,,,,,,,,,0.0,,,,,,,
Scenario1,0,RE1,,IMPLFOELD,,2027,,,,,,,,,,0.0,,,,,,,
Scenario1,0,RE1,,IMPLFOELD,,2028,,,,,,,,,,0.0,,,,,,,
Scenario1,0,RE1,,IMPLFOELD,,2029,,,,,,,,,,0.0,,,,,,,
Scenario1,0,RE1,,IMPLFOELD,,2030,,,,,,,,,,0.0,,,,,,,
Scenario1,0,RE1,,IMPLFOELD,,2031,,,,,,,,,,0.0,,,,,,,
Scenario1,0,RE1,,IMPLFOELD,,2032,,,,,,,,,,0.0,,,,,,,
Scenario1,0,RE1,,IMPLFOELD,,2033,,,,,,,,,,0.0,,,,,,,
Scenario1,0,RE1,,IMPLFOELD,,2034,,,,,,,,,,0.0,,,,,,,
Scenario1,0,RE1,,IMPLFOELD,,2035,,,,,,,,,,0.0,,,,,,,
Scenario1,0,RE1,,IMPLFOELD,,2036,,,,,,,,,,0.0,,,,,,,
Scenario1,0,RE1,,IMPLFOELD,,2037,,,,,,,,,,0.0,,,,,,,
Scenario1,0,RE1,,IMPLFOELD,,2038,,,,,,,,,,0.0,,,,,,,
Scenario1,0,RE1,,IMPLFOELD,,2039,,,,,,,,,,0.0,,,,,,,
Scenario1,0,RE1,,IMPLFOELD,,2040,,,,,,,,,,0.0,,,,,,,
Scenario1,0,RE1,,IMPLFOELD,,2041,,,,,,,,,,0.0,,,,,,,
Scenario1,0,RE1,,IMPLFOELD,,2042,,,,,,,,,,0.0,,,,,,,
Scenario1,0,RE1,,IMPLFOELD,,2043,,,,,,,,,,0.0,,,,,,,
Scenario1,0,RE1,,IMPLFOELD,,2044,,,,,,,,,,0.0,,,,,,,
Scenario1,0,RE1,,IMPLFOELD,,2045,,,,,,,,,,0.0,,,,,,,
Scenario1,0,RE1,,IMPLFOELD,,2046,,,,,,,,,,0.0,,,,,,,
Scenario1,0,RE1,,IMPLFOELD,,2047,,,,,,,,,,0.0,,,,,,,
Scenario1,0,RE1,,IMPLFOELD,,2048,,,,,,,,,,0.0,,,,,,,
Scenario1,0,RE1,,IMPLFOELD,,2049,,,,,,,,,,0.0,,,,,,,
Scenario1,0,RE1,,IMPLFOELD,,2050,,,,,,,,,,0.0,,,,,,,
Scenario1,0,RE1,,IMPNGS,,2019,,,,,,,,,,0.0,,,,,,,
Scenario1,0,RE1,,IMPNGS,,2020,,,,,,,,,,0.0,,,,,,,
Scenario1,0,RE1,,IMPNGS,,2021,,,,,,,,,,0.0,,,,,,,
Scenario1,0,RE1,,IMPNGS,,2022,,,,,,,,,,0.0,,,,,,,
Scenario1,0,RE1,,IMPNGS,,2023,,,,,,,,,,0.0,,,,,,,
Scenario1,0,RE1,,IMPNGS,,2024,,,,,,,,,,0.0,,,,,,,
Scenario1,0,RE1,,IMPNGS,,2025,,,,,,,,,,0.0,,,,,,,
Scenario1,0,RE1,,IMPNGS,,2026,,,,,,,,,,0.0,,,,,,,
Scenario1,0,RE1,,IMPNGS,,2027,,,,,,,,,,0.0,,,,,,,
Scenario1,0,RE1,,IMPNGS,,2028,,,,,,,,,,0.0,,,,,,,
Scenario1,0,RE1,,IMPNGS,,2029,,,,,,,,,,0.0,,,,,,,
Scenario1,0,RE1,,IMPNGS,,2030,,,,,,,,,,0.0,,,,,,,
Scenario1,0,RE1,,IMPNGS,,2031,,,,,,,,,,0.0,,,,,,,
Scenario1,0,RE1,,IMPNGS,,2032,,,,,,,,,,0.0,,,,,,,
Scenario1,0,RE1,,IMPNGS,,2033,,,,,,,,,,0.0,,,,,,,
Scenario1,0,RE1,,IMPNGS,,2034,,,,,,,,,,0.0,,,,,,,
Scenario1,0,RE1,,IMPNGS,,2035,,,,,,,,,,0.0,,,,,,,
Scenario1,0,RE1,,IMPNGS,,2036,,,,,,,,,,0.0,,,,,,,
Scenario1,0,RE1,,IMPNGS,,2037,,,,,,,,,,0.0,,,,,,,
Scenario1,0,RE1,,IMPNGS,,2038,,,,,,,,,,0.0,,,,,,,
Scenario1,0,RE1,,IMPNGS,,2039,,,,,,,,,,0.0,,,,,,,
Scenario1,0,RE1,,IMPNGS,,2040,,,,,,,,,,0.0,,,,,,,
Scenario1,0,RE1,,IMPNGS,,2041,,,,,,,,,,0.0,,,,,,,
Scenario1,0,RE1,,IMPNGS,,2042,,,,,,,,,,0.0,,,,,,,
Scenario1,0,RE1,,IMPNGS,,2043,,,,,,,,,,0.0,,,,,,,
Scenario1,0,RE1,,IMPNGS,,2044,,,,,,,,,,0.0,,,,,,,
Scenario1,0,RE1,,IMPNGS,,2045,,,,,,,,,,0.0,,,,,,,
Scenario1,0,RE1,,IMPNGS,,2046,,,,,,,,,,0.0,,,,,,,
Scenario1,0,RE1,,IMPNGS,,2047,,,,,,,,,,0.0,,,,,,,
Scenario1,0,RE1,,IMPNGS,,2048,,,,,,,,,,0.0,,,,,,,
Scenario1,0,RE1,,IMPNGS,,2049,,,,,,,,,,0.0,,,,,,,
Scenario1,0,RE1,,IMPNGS,,2050,,,,,,,,,,0.0,,,,,,,
Scenario1,0,RE1,,IMPURN,,2019,,,,,,,,,,0.0,,,,,,,
Scenario1,0,RE1,,IMPURN,,2020,,,,,,,,,,0.0,,,,,,,
Scenario1,0,RE1,,IMPURN,,2021,,,,,,,,,,0.0,,,,,,,
Scenario1,0,RE1,,IMPURN,,2022,,,,,,,,,,0.0,,,,,,,
Scenario1,0,RE1,,IMPURN,,2023,,,,,,,,,,0.0,,,,,,,
Scenario1,0,RE1,,IMPURN,,2024,,,,,,,,,,0.0,,,,,,,
Scenario1,0,RE1,,IMPURN,,2025,,,,,,,,,,0.0,,,,,,,
Scenario1,0,RE1,,IMPURN,,2026,,,,,,,,,,0.0,,,,,,,
Scenario1,0,RE1,,IMPURN,,2027,,,,,,,,,,0.0,,,,,,,
Scenario1,0,RE1,,IMPURN,,2028,,,,,,,,,,0.0,,,,,,,
Scenario1,0,RE1,,IMPURN,,2029,,,,,,,,,,0.0,,,,,,,
Scenario1,0,RE1,,IMPURN,,2030,,,,,,,,,,0.0,,,,,,,
Scenario1,0,RE1,,IMPURN,,2031,,,,,,,,,,0.0,,,,,,,
Scenario1,0,RE1,,IMPURN,,2032,,,,,,,,,,0.0,,,,,,,
Scenario1,0,RE1,,IMPURN,,2033,,,,,,,,,,0.0,,,,,,,
Scenario1,0,RE1,,IMPURN,,2034,,,,,,,,,,0.0,,,,,,,
Scenario1,0,RE1,,IMPURN,,2035,,,,,,,,,,0.0,,,,,,,
Scenario1,0,RE1,,IMPURN,,2036,,,,,,,,,,0.0,,,,,,,
Scenario1,0,RE1,,IMPURN,,2037,,,,,,,,,,0.0,,,,,,,
Scenario1,0,RE1,,IMPURN,,2038,,,,,,,,,,0.0,,,,,,,
Scenario1,0,RE1,,IMPURN,,2039,,,,,,,,,,0.0,,,,,,,
Scenario1,0,RE1,,IMPURN,,2040,,,,,,,,,,0.0,,,,,,,
Scenario1,0,RE1,,IMPURN,,2041,,,,,,,,,,0.0,,,,,,,
Scenario1,0,RE1,,IMPURN,,2042,,,,,,,,,,0.0,,,,,,,
Scenario1,0,RE1,,IMPURN,,2043,,,,,,,,,,0.0,,,,,,,
Scenario1,0,RE1,,IMPURN,,2044,,,,,,,,,,0.0,,,,,,,
Scenario1,0,RE1,,IMPURN,,2045,,,,,,,,,,0.0,,,,,,,
Scenario1,0,RE1,,IMPURN,,2046,,,,,,,,,,0.0,,,,,,,
Scenario1,0,RE1,,IMPURN,,2047,,,,,,,,,,0.0,,,,,,,
Scenario1,0,RE1,,IMPURN,,2048,,,,,,,,,,0.0,,,,,,,
Scenario1,0,RE1,,IMPURN,,2049,,,,,,,,,,0.0,,,,,,,
Scenario1,0,RE1,,IMPURN,,2050,,,,,,,,,,0.0,,,,,,,
Scenario1,0,RE1,,MINBIO,,2019,,,,,,,,,,0.0,,,,,,,
Scenario1,0,RE1,,MINBIO,,2020,,,,,,,,,,0.0,,,,,,,
Scenario1,0,RE1,,MINBIO,,2021,,,,,,,,,,0.0,,,,,,,
Scenario1,0,RE1,,MINBIO,,2022,,,,,,,,,,0.0,,,,,,,
Scenario1,0,RE1,,MINBIO,,2023,,,,,,,,,,0.0,,,,,,,
Scenario1,0,RE1,,MINBIO,,2024,,,,,,,,,,0.0,,,,,,,
Scenario1,0,RE1,,MINBIO,,2025,,,,,,,,,,0.0,,,,,,,
Scenario1,0,RE1,,MINBIO,,2026,,,,,,,,,,0.0,,,,,,,
Scenario1,0,RE1,,MINBIO,,2027,,,,,,,,,,0.0,,,,,,,
Scenario1,0,RE1,,MINBIO,,2028,,,,,,,,,,0.0,,,,,,,
Scenario1,0,RE1,,MINBIO,,2029,,,,,,,,,,0.0,,,,,,,
Scenario1,0,RE1,,MINBIO,,2030,,,,,,,,,,0.0,,,,,,,
Scenario1,0,RE1,,MINBIO,,2031,,,,,,,,,,0.0,,,,,,,
Scenario1,0,RE1,,MINBIO,,2032,,,,,,,,,,0.0,,,,,,,
Scenario1,0,RE1,,MINBIO,,2033,,,,,,,,,,0.0,,,,,,,
Scenario1,0,RE1,,MINBIO,,2034,,,,,,,,,,0.0,,,,,,,
Scenario1,0,RE1,,MINBIO,,2035,,,,,,,,,,0.0,,,,,,,
Scenario1,0,RE1,,MINBIO,,2036,,,,,,,,,,0.0,,,,,,,
Scenario1,0,RE1,,MINBIO,,2037,,,,,,,,,,0.0,,,,,,,
Scenario1,0,RE1,,MINBIO,,2038,,,,,,,,,,0.0,,,,,,,
Scenario1,0,RE1,,MINBIO,,2039,,,,,,,,,,0.0,,,,,,,
Scenario1,0,RE1,,MINBIO,,2040,,,,,,,,,,0.0,,,,,,,
Scenario1,0,RE1,,MINBIO,,2041,,,,,,,,,,0.0,,,,,,,
Scenario1,0,RE1,,MINBIO,,2042,,,,,,,,,,0.0,,,,,,,
Scenario1,0,RE1,,MINBIO,,2043,,,,,,,,,,0.0,,,,,,,
Scenario1,0,RE1,,MINBIO,,2044,,,,,,,,,,0.0,,,,,,,
Scenario1,0,RE1,,MINBIO,,2045,,,,,,,,,,0.0,,,,,,,
Scenario1,0,RE1,,MINBIO,,2046,,,,,,,,,,0.0,,,,,,,
Scenario1,0,RE1,,MINBIO,,2047,,,,,,,,,,0.0,,,,,,,
Scenario1,0,RE1,,MINBIO,,2048,,,,,,,,,,0.0,,,,,,,
Scenario1,0,RE1,,MINBIO,,2049,,,,,,,,,,0.0,,,,,,,
Scenario1,0,RE1,,MINBIO,,2050,,,,,,,,,,0.0,,,,,,,
Scenario1,0,RE1,,MINCOA,,2019,,,,,,,,,,0.0,,,,,,,
Scenario1,0,RE1,,MINCOA,,2020,,,,,,,,,,0.0,,,,,,,
Scenario1,0,RE1,,MINCOA,,2021,,,,,,,,,,0.0,,,,,,,
Scenario1,0,RE1,,MINCOA,,2022,,,,,,,,,,0.0,,,,,,,
Scenario1,0,RE1,,MINCOA,,2023,,,,,,,,,,0.0,,,,,,,
Scenario1,0,RE1,,MINCOA,,2024,,,,,,,,,,0.0,,,,,,,
Scenario1,0,RE1,,MINCOA,,2025,,,,,,,,,,0.0,,,,,,,
Scenario1,0,RE1,,MINCOA,,2026,,,,,,,,,,0.0,,,,,,,
Scenario1,0,RE1,,MINCOA,,2027,,,,,,,,,,0.0,,,,,,,
Scenario1,0,RE1,,MINCOA,,2028,,,,,,,,,,0.0,,,,,,,
Scenario1,0,RE1,,MINCOA,,2029,,,,,,,,,,0.0,,,,,,,
Scenario1,0,RE1,,MINCOA,,2030,,,,,,,,,,0.0,,,,,,,
Scenario1,0,RE1,,MINCOA,,2031,,,,,,,,,,0.0,,,,,,,
Scenario1,0,RE1,,MINCOA,,2032,,,,,,,,,,0.0,,,,,,,
Scenario1,0,RE1,,MINCOA,,2033,,,,,,,,,,0.0,,,,,,,
Scenario1,0,RE1,,MINCOA,,2034,,,,,,,,,,0.0,,,,,,,
Scenario1,0,RE1,,MINCOA,,2035,,,,,,,,,,0.0,,,,,,,
Scenario1,0,RE1,,MINCOA,,2036,,,,,,,,,,0.0,,,,,,,
Scenario1,0,RE1,,MINCOA,,2037,,,,,,,,,,0.0,,,,,,,
Scenario1,0,RE1,,MINCOA,,2038,,,,,,,,,,0.0,,,,,,,
Scenario1,0,RE1,,MINCOA,,2039,,,,,,,,,,0.0,,,,,,,
Scenario1,0,RE1,,MINCOA,,2040,,,,,,,,,,0.0,,,,,,,
Scenario1,0,RE1,,MINCOA,,2041,,,,,,,,,,0.0,,,,,,,
Scenario1,0,RE1,,MINCOA,,2042,,,,,,,,,,0.0,,,,,,,
Scenario1,0,RE1,,MINCOA,,2043,,,,,,,,,,0.0,,,,,,,
Scenario1,0,RE1,,MINCOA,,2044,,,,,,,,,,0.0,,,,,,,
Scenario1,0,RE1,,MINCOA,,2045,,,,,,,,,,0.0,,,,,,,
Scenario1,0,RE1,,MINCOA,,2046,,,,,,,,,,0.0,,,,,,,
Scenario1,0,RE1,,MINCOA,,2047,,,,,,,,,,0.0,,,,,,,
Scenario1,0,RE1,,MINCOA,,2048,,,,,,,,,,0.0,,,,,,,
Scenario1,0,RE1,,MINCOA,,2049,,,,,,,,,,0.0,,,,,,,
Scenario1,0,RE1,,MINCOA,,2050,,,,,,,,,,0.0,,,,,,,
Scenario1,0,RE1,,MINGEO,,2019,,,,,,,,,,0.0,,,,,,,
Scenario1,0,RE1,,MINGEO,,2020,,,,,,,,,,0.0,,,,,,,
Scenario1,0,RE1,,MINGEO,,2021,,,,,,,,,,0.0,,,,,,,
Scenario1,0,RE1,,MINGEO,,2022,,,,,,,,,,0.0,,,,,,,
Scenario1,0,RE1,,MINGEO,,2023,,,,,,,,,,0.0,,,,,,,
Scenario1,0,RE1,,MINGEO,,2024,,,,,,,,,,0.0,,,,,,,
Scenario1,0,RE1,,MINGEO,,2025,,,,,,,,,,0.0,,,,,,,
Scenario1,0,RE1,,MINGEO,,2026,,,,,,,,,,0.0,,,,,,,
Scenario1,0,RE1,,MINGEO,,2027,,,,,,,,,,0.0,,,,,,,
Scenario1,0,RE1,,MINGEO,,2028,,,,,,,,,,0.0,,,,,,,
Scenario1,0,RE1,,MINGEO,,2029,,,,,,,,,,0.0,,,,,,,
Scenario1,0,RE1,,MINGEO,,2030,,,,,,,,,,0.0,,,,,,,
Scenario1,0,RE1,,MINGEO,,2031,,,,,,,,,,0.0,,,,,,,
Scenario1,0,RE1,,MINGEO,,2032,,,,,,,,,,0.0,,,,,,,
Scenario1,0,RE1,,MINGEO,,2033,,,,,,,,,,0.0,,,,,,,
Scenario1,0,RE1,,MINGEO,,2034,,,,,,,,,,0.0,,,,,,,
Scenario1,0,RE1,,MINGEO,,2035,,,,,,,,,,0.0,,,,,,,
Scenario1,0,RE1,,MINGEO,,2036,,,,,,,,,,0.0,,,,,,,
Scenario1,0,RE1,,MINGEO,,2037,,,,,,,,,,0.0,,,,,,,
Scenario1,0,RE1,,MINGEO,,2038,,,,,,,,,,0.0,,,,,,,
Scenario1,0,RE1,,MINGEO,,2039,,,,,,,,,,0.0,,,,,,,
Scenario1,0,RE1,,MINGEO,,2040,,,,,,,,,,0.0,,,,,,,
Scenario1,0,RE1,,MINGEO,,2041,,,,,,,,,,0.0,,,,,,,
Scenario1,0,RE1,,MINGEO,,2042,,,,,,,,,,0.0,,,,,,,
Scenario1,0,RE1,,MINGEO,,2043,,,,,,,,,,0.0,,,,,,,
Scenario1,0,RE1,,MINGEO,,2044,,,,,,,,,,0.0,,,,,,,
Scenario1,0,RE1,,MINGEO,,2045,,,,,,,,,,0.0,,,,,,,
Scenario1,0,RE1,,MINGEO,,2046,,,,,,,,,,0.0,,,,,,,
Scenario1,0,RE1,,MINGEO,,2047,,,,,,,,,,0.0,,,,,,,
Scenario1,0,RE1,,MINGEO,,2048,,,,,,,,,,0.0,,,,,,,
Scenario1,0,RE1,,MINGEO,,2049,,,,,,,,,,0.0,,,,,,,
Scenario1,0,RE1,,MINGEO,,2050,,,,,,,,,,0.0,,,,,,,
Scenario1,0,RE1,,MINHYD,,2019,,,,,,,,,,0.0,,,,,,,
Scenario1,0,RE1,,MINHYD,,2020,,,,,,,,,,0.0,,,,,,,
Scenario1,0,RE1,,MINHYD,,2021,,,,,,,,,,0.0,,,,,,,
Scenario1,0,RE1,,MINHYD,,2022,,,,,,,,,,0.0,,,,,,,
Scenario1,0,RE1,,MINHYD,,2023,,,,,,,,,,0.0,,,,,,,
Scenario1,0,RE1,,MINHYD,,2024,,,,,,,,,,0.0,,,,,,,
Scenario1,0,RE1,,MINHYD,,2025,,,,,,,,,,0.0,,,,,,,
Scenario1,0,RE1,,MINHYD,,2026,,,,,,,,,,0.0,,,,,,,
Scenario1,0,RE1,,MINHYD,,2027,,,,,,,,,,0.0,,,,,,,
Scenario1,0,RE1,,MINHYD,,2028,,,,,,,,,,0.0,,,,,,,
Scenario1,0,RE1,,MINHYD,,2029,,,,,,,,,,0.0,,,,,,,
Scenario1,0,RE1,,MINHYD,,2030,,,,,,,,,,0.0,,,,,,,
Scenario1,0,RE1,,MINHYD,,2031,,,,,,,,,,0.0,,,,,,,
Scenario1,0,RE1,,MINHYD,,2032,,,,,,,,,,0.0,,,,,,,
Scenario1,0,RE1,,MINHYD,,2033,,,,,,,,,,0.0,,,,,,,
Scenario1,0,RE1,,MINHYD,,2034,,,,,,,,,,0.0,,,,,,,
Scenario1,0,RE1,,MINHYD,,2035,,,,,,,,,,0.0,,,,,,,
Scenario1,0,RE1,,MINHYD,,2036,,,,,,,,,,0.0,,,,,,,
Scenario1,0,RE1,,MINHYD,,2037,,,,,,,,,,0.0,,,,,,,
Scenario1,0,RE1,,MINHYD,,2038,,,,,,,,,,0.0,,,,,,,
Scenario1,0,RE1,,MINHYD,,2039,,,,,,,,,,0.0,,,,,,,
Scenario1,0,RE1,,MINHYD,,2040,,,,,,,,,,0.0,,,,,,,
Scenario1,0,RE1,,MINHYD,,2041,,,,,,,,,,0.0,,,,,,,
Scenario1,0,RE1,,MINHYD,,2042,,,,,,,,,,0.0,,,,,,,
Scenario1,0,RE1,,MINHYD,,2043,,,,,,,,,,0.0,,,,,,,
Scenario1,0,RE1,,MINHYD,,2044,,,,,,,,,,0.0,,,,,,,
Scenario1,0,RE1,,MINHYD,,2045,,,,,,,,,,0.0,,,,,,,
Scenario1,0,RE1,,MINHYD,,2046,,,,,,,,,,0.0,,,,,,,
Scenario1,0,RE1,,MINHYD,,2047,,,,,,,,,,0.0,,,,,,,
Scenario1,0,RE1,,MINHYD,,2048,,,,,,,,,,0.0,,,,,,,
Scenario1,0,RE1,,MINHYD,,2049,,,,,,,,,,0.0,,,,,,,
Scenario1,0,RE1,,MINHYD,,2050,,,,,,,,,,0.0,,,,,,,
Scenario1,0,RE1,,MINSOL,,2019,,,,,,,,,,0.0,,,,,,,
Scenario1,0,RE1,,MINSOL,,2020,,,,,,,,,,0.0,,,,,,,
Scenario1,0,RE1,,MINSOL,,2021,,,,,,,,,,0.0,,,,,,,
Scenario1,0,RE1,,MINSOL,,2022,,,,,,,,,,0.0,,,,,,,
Scenario1,0,RE1,,MINSOL,,2023,,,,,,,,,,0.0,,,,,,,
Scenario1,0,RE1,,MINSOL,,2024,,,,,,,,,,0.0,,,,,,,
Scenario1,0,RE1,,MINSOL,,2025,,,,,,,,,,0.0,,,,,,,
Scenario1,0,RE1,,MINSOL,,2026,,,,,,,,,,0.0,,,,,,,
Scenario1,0,RE1,,MINSOL,,2027,,,,,,,,,,0.0,,,,,,,
Scenario1,0,RE1,,MINSOL,,2028,,,,,,,,,,0.0,,,,,,,
Scenario1,0,RE1,,MINSOL,,2029,,,,,,,,,,0.0,,,,,,,
Scenario1,0,RE1,,MINSOL,,2030,,,,,,,,,,0.0,,,,,,,
Scenario1,0,RE1,,MINSOL,,2031,,,,,,,,,,0.0,,,,,,,
Scenario1,0,RE1,,MINSOL,,2032,,,,,,,,,,0.0,,,,,,,
Scenario1,0,RE1,,MINSOL,,2033,,,,,,,,,,0.0,,,,,,,
Scenario1,0,RE1,,MINSOL,,2034,,,,,,,,,,0.0,,,,,,,
Scenario1,0,RE1,,MINSOL,,2035,,,,,,,,,,0.0,,,,,,,
Scenario1,0,RE1,,MINSOL,,2036,,,,,,,,,,0.0,,,,,,,
Scenario1,0,RE1,,MINSOL,,2037,,,,,,,,,,0.0,,,,,,,
Scenario1,0,RE1,,MINSOL,,2038,,,,,,,,,,0.0,,,,,,,
Scenario1,0,RE1,,MINSOL,,2039,,,,,,,,,,0.0,,,,,,,
Scenario1,0,RE1,,MINSOL,,2040,,,,,,,,,,0.0,,,,,,,
Scenario1,0,RE1,,MINSOL,,2041,,,,,,,,,,0.0,,,,,,,
Scenario1,0,RE1,,MINSOL,,2042,,,,,,,,,,0.0,,,,,,,
Scenario1,0,RE1,,MINSOL,,2043,,,,,,,,,,0.0,,,,,,,
Scenario1,0,RE1,,MINSOL,,2044,,,,,,,,,,0.0,,,,,,,
Scenario1,0,RE1,,MINSOL,,2045,,,,,,,,,,0.0,,,,,,,
Scenario1,0,RE1,,MINSOL,,2046,,,,,,,,,,0.0,,,,,,,
Scenario1,0,RE1,,MINSOL,,2047,,,,,,,,,,0.0,,,,,,,
Scenario1,0,RE1,,MINSOL,,2048,,,,,,,,,,0.0,,,,,,,
Scenario1,0,RE1,,MINSOL,,2049,,,,,,,,,,0.0,,,,,,,
Scenario1,0,RE1,,MINSOL,,2050,,,,,,,,,,0.0,,,,,,,
Scenario1,0,RE1,,MINWND,,2019,,,,,,,,,,0.0,,,,,,,
Scenario1,0,RE1,,MINWND,,2020,,,,,,,,,,0.0,,,,,,,
Scenario1,0,RE1,,MINWND,,2021,,,,,,,,,,0.0,,,,,,,
Scenario1,0,RE1,,MINWND,,2022,,,,,,,,,,0.0,,,,,,,
Scenario1,0,RE1,,MINWND,,2023,,,,,,,,,,0.0,,,,,,,
Scenario1,0,RE1,,MINWND,,2024,,,,,,,,,,0.0,,,,,,,
Scenario1,0,RE1,,MINWND,,2025,,,,,,,,,,0.0,,,,,,,
Scenario1,0,RE1,,MINWND,,2026,,,,,,,,,,0.0,,,,,,,
Scenario1,0,RE1,,MINWND,,2027,,,,,,,,,,0.0,,,,,,,
Scenario1,0,RE1,,MINWND,,2028,,,,,,,,,,0.0,,,,,,,
Scenario1,0,RE1,,MINWND,,2029,,,,,,,,,,0.0,,,,,,,
Scenario1,0,RE1,,MINWND,,2030,,,,,,,,,,0.0,,,,,,,
Scenario1,0,RE1,,MINWND,,2031,,,,,,,,,,0.0,,,,,,,
Scenario1,0,RE1,,MINWND,,2032,,,,,,,,,,0.0,,,,,,,
Scenario1,0,RE1,,MINWND,,2033,,,,,,,,,,0.0,,,,,,,
Scenario1,0,RE1,,MINWND,,2034,,,,,,,,,,0.0,,,,,,,
Scenario1,0,RE1,,MINWND,,2035,,,,,,,,,,0.0,,,,,,,
Scenario1,0,RE1,,MINWND,,2036,,,,,,,,,,0.0,,,,,,,
Scenario1,0,RE1,,MINWND,,2037,,,,,,,,,,0.0,,,,,,,
Scenario1,0,RE1,,MINWND,,2038,,,,,,,,,,0.0,,,,,,,
Scenario1,0,RE1,,MINWND,,2039,,,,,,,,,,0.0,,,,,,,
Scenario1,0,RE1,,MINWND,,2040,,,,,,,,,,0.0,,,,,,,
Scenario1,0,RE1,,MINWND,,2041,,,,,,,,,,0.0,,,,,,,
Scenario1,0,RE1,,MINWND,,2042,,,,,,,,,,0.0,,,,,,,
Scenario1,0,RE1,,MINWND,,2043,,,,,,,,,,0.0,,,,,,,
Scenario1,0,RE1,,MINWND,,2044,,,,,,,,,,0.0,,,,,,,
Scenario1,0,RE1,,MINWND,,2045,,,,,,,,,,0.0,,,,,,,
Scenario1,0,RE1,,MINWND,,2046,,,,,,,,,,0.0,,,,,,,
Scenario1,0,RE1,,MINWND,,2047,,,,,,,,,,0.0,,,,,,,
Scenario1,0,RE1,,MINWND,,2048,,,,,,,,,,0.0,,,,,,,
Scenario1,0,RE1,,MINWND,,2049,,,,,,,,,,0.0,,,,,,,
Scenario1,0,RE1,,MINWND,,2050,,,,,,,,,,0.0,,,,,,,
Scenario1,0,RE1,,PWRBIO001,,2019,,,,,,,,,,0.0,,,,,,,
Scenario1,0,RE1,,PWRBIO001,,2020,,,,,,,,,,0.0,,,,,,,
Scenario1,0,RE1,,PWRBIO001,,2021,,,,,,,,,,0.0,,,,,,,
Scenario1,0,RE1,,PWRBIO001,,2022,,,,,,,,,,0.0,,,,,,,
Scenario1,0,RE1,,PWRBIO001,,2023,,,,,,,,,,3.5,,,,,,,
Scenario1,0,RE1,,PWRBIO001,,2024,,,,,,,,,,0.0,,,,,,,
Scenario1,0,RE1,,PWRBIO001,,2025,,,,,,,,,,0.0,,,,,,,
Scenario1,0,RE1,,PWRBIO001,,2026,,,,,,,,,,25.0,,,,,,,
Scenario1,0,RE1,,PWRBIO001,,2027,,,,,,,,,,0.0,,,,,,,
Scenario1,0,RE1,,PWRBIO001,,2028,,,,,,,,,,20.000000000000004,,,,,,,
Scenario1,0,RE1,,PWRBIO001,,2029,,,,,,,,,,0.0,,,,,,,
Scenario1,0,RE1,,PWRBIO001,,2030,,,,,,,,,,120.49999999999999,,,,,,,
Scenario1,0,RE1,,PWRBIO001,,2031,,,,,,,,,,50.00000000000001,,,,,,,
Scenario1,0,RE1,,PWRBIO001,,2032,,,,,,,,,,27.00000000000001,,,,,,,
Scenario1,0,RE1,,PWRBIO001,,2033,,,,,,,,,,7.500000000000007,,,,,,,
Scenario1,0,RE1,,PWRBIO001,,2034,,,,,,,,,,14.999999999999979,,,,,,,
Scenario1,0,RE1,,PWRBIO001,,2035,,,,,,,,,,0.7500000000000215,,,,,,,
Scenario1,0,RE1,,PWRBIO001,,2036,,,,,,,,,,0.0,,,,,,,
Scenario1,0,RE1,,PWRBIO001,,2037,,,,,,,,,,0.0,,,,,,,
Scenario1,0,RE1,,PWRBIO001,,2038,,,,,,,,,,0.0,,,,,,,
Scenario1,0,RE1,,PWRBIO001,,2039,,,,,,,,,,0.0,,,,,,,
Scenario1,0,RE1,,PWRBIO001,,2040,,,,,,,,,,0.0,,,,,,,
Scenario1,0,RE1,,PWRBIO001,,2041,,,,,,,,,,0.0,,,,,,,
Scenario1,0,RE1,,PWRBIO001,,2042,,,,,,,,,,0.0,,,,,,,
Scenario1,0,RE1,,PWRBIO001,,2043,,,,,,,,,,0.0,,,,,,,
Scenario1,0,RE1,,PWRBIO001,,2044,,,,,,,,,,0.0,,,,,,,
Scenario1,0,RE1,,PWRBIO001,,2045,,,,,,,,,,0.0,,,,,,,
Scenario1,0,RE1,,PWRBIO001,,2046,,,,,,,,,,0.0,,,,,,,
Scenario1,0,RE1,,PWRBIO001,,2047,,,,,,,,,,0.0,,,,,,,
Scenario1,0,RE1,,PWRBIO001,,2048,,,,,,,,,,0.0,,,,,,,
Scenario1,0,RE1,,PWRBIO001,,2049,,,,,,,,,,0.0,,,,,,,
Scenario1,0,RE1,,PWRBIO001,,2050,,,,,,,,,,0.0,,,,,,,
Scenario1,0,RE1,,PWRCOA001,,2019,,,,,,,,,,0.0,,,,,,,
Scenario1,0,RE1,,PWRCOA001,,2020,,,,,,,,,,0.0,,,,,,,
Scenario1,0,RE1,,PWRCOA001,,2021,,,,,,,,,,0.0,,,,,,,
Scenario1,0,RE1,,PWRCOA001,,2022,,,,,,,,,,0.0,,,,,,,
Scenario1,0,RE1,,PWRCOA001,,2023,,,,,,,,,,0.0,,,,,,,
Scenario1,0,RE1,,PWRCOA001,,2024,,,,,,,,,,0.0,,,,,,,
Scenario1,0,RE1,,PWRCOA001,,2025,,,,,,,,,,0.0,,,,,,,
Scenario1,0,RE1,,PWRCOA001,,2026,,,,,,,,,,0.0,,,,,,,
Scenario1,0,RE1,,PWRCOA001,,2027,,,,,,,,,,0.0,,,,,,,
Scenario1,0,RE1,,PWRCOA001,,2028,,,,,,,,,,0.0,,,,,,,
Scenario1,0,RE1,,PWRCOA001,,2029,,,,,,,,,,0.0,,,,,,,
Scenario1,0,RE1,,PWRCOA001,,2030,,,,,,,,,,0.0,,,,,,,
Scenario1,0,RE1,,PWRCOA001,,2031,,,,,,,,,,0.0,,,,,,,
Scenario1,0,RE1,,PWRCOA001,,2032,,,,,,,,,,0.0,,,,,,,
Scenario1,0,RE1,,PWRCOA001,,2033,,,,,,,,,,0.0,,,,,,,
Scenario1,0,RE1,,PWRCOA001,,2034,,,,,,,,,,0.0,,,,,,,
Scenario1,0,RE1,,PWRCOA001,,2035,,,,,,,,,,0.0,,,,,,,
Scenario1,0,RE1,,PWRCOA001,,2036,,,,,,,,,,0.0,,,,,,,
Scenario1,0,RE1,,PWRCOA001,,2037,,,,,,,,,,0.0,,,,,,,
Scenario1,0,RE1,,PWRCOA001,,2038,,,,,,,,,,0.0,,,,,,,
Scenario1,0,RE1,,PWRCOA001,,2039,,,,,,,,,,0.0,,,,,,,
Scenario1,0,RE1,,PWRCOA001,,2040,,,,,,,,,,0.0,,,,,,,
Scenario1,0,RE1,,PWRCOA001,,2041,,,,,,,,,,0.0,,,,,,,
Scenario1,0,RE1,,PWRCOA001,,2042,,,,,,,,,,0.0,,,,,,,
Scenario1,0,RE1,,PWRCOA001,,2043,,,,,,,,,,0.0,,,,,,,
Scenario1,0,RE1,,PWRCOA001,,2044,,,,,,,,,,0.0,,,,,,,
Scenario1,0,RE1,,PWRCOA001,,2045,,,,,,,,,,0.0,,,,,,,
Scenario1,0,RE1,,PWRCOA001,,2046,,,,,,,,,,0.0,,,,,,,
Scenario1,0,RE1,,PWRCOA001,,2047,,,,,,,,,,0.0,,,,,,,
Scenario1,0,RE1,,PWRCOA001,,2048,,,,,,,,,,0.0,,,,,,,
Scenario1,0,RE1,,PWRCOA001,,2049,,,,,,,,,,0.0,,,,,,,
Scenario1,0,RE1,,PWRCOA001,,2050,,,,,,,,,,0.0,,,,,,,
Scenario1,0,RE1,,PWRDIST,,2019,,,,,,,,,,760.0851124758678,,,,,,,
Scenario1,0,RE1,,PWRDIST,,2020,,,,,,,,,,82.32341974333528,,,,,,,
Scenario1,0,RE1,,PWRDIST,,2021,,,,,,,,,,212.06163223308167,,,,,,,
Scenario1,0,RE1,,PWRDIST,,2022,,,,,,,,,,161.48332401668293,,,,,,,
Scenario1,0,RE1,,PWRDIST,,2023,,,,,,,,,,151.32550398589396,,,,,,,
Scenario1,0,RE1,,PWRDIST,,2024,,,,,,,,,,176.23757798382138,,,,,,,
Scenario1,0,RE1,,PWRDIST,,2025,,,,,,,,,,192.10081456507024,,,,,,,
Scenario1,0,RE1,,PWRDIST,,2026,,,,,,,,,,201.2588797790808,,,,,,,
Scenario1,0,RE1,,PWRDIST,,2027,,,,,,,,,,332.7702568507689,,,,,,,
Scenario1,0,RE1,,PWRDIST,,2028,,,,,,,,,,352.23667566902634,,,,,,,
Scenario1,0,RE1,,PWRDIST,,2029,,,,,,,,,,402.86186499801744,,,,,,,
Scenario1,0,RE1,,PWRDIST,,2030,,,,,,,,,,432.331365849968,,,,,,,
Scenario1,0,RE1,,PWRDIST,,2031,,,,,,,,,,403.78422111030017,,,,,,,
Scenario1,0,RE1,,PWRDIST,,2032,,,,,,,,,,448.1953383456277,,,,,,,
Scenario1,0,RE1,,PWRDIST,,2033,,,,,,,,,,454.37522810842296,,,,,,,
Scenario1,0,RE1,,PWRDIST,,2034,,,,,,,,,,483.4916859777526,,,,,,,
Scenario1,0,RE1,,PWRDIST,,2035,,,,,,,,,,508.75456732252815,,,,,,,
Scenario1,0,RE1,,PWRDIST,,2036,,,,,,,,,,515.9288456329461,,,,,,,
Scenario1,0,RE1,,PWRDIST,,2037,,,,,,,,,,580.7111542469479,,,,,,,
Scenario1,0,RE1,,PWRDIST,,2038,,,,,,,,,,605.1119217854541,,,,,,,
Scenario1,0,RE1,,PWRDIST,,2039,,,,,,,,,,639.8725318395196,,,,,,,
Scenario1,0,RE1,,PWRDIST,,2040,,,,,,,,,,678.7887127598098,,,,,,,
Scenario1,0,RE1,,PWRDIST,,2041,,,,,,,,,,715.3870572140945,,,,,,,
Scenario1,0,RE1,,PWRDIST,,2042,,,,,,,,,,740.7918768348119,,,,,,,
Scenario1,0,RE1,,PWRDIST,,2043,,,,,,,,,,790.2770290845714,,,,,,,
Scenario1,0,RE1,,PWRDIST,,2044,,,,,,,,,,832.6299793419511,,,,,,,
Scenario1,0,RE1,,PWRDIST,,2045,,,,,,,,,,880.7506283645877,,,,,,,
Scenario1,0,RE1,,PWRDIST,,2046,,,,,,,,,,929.8503517533567,,,,,,,
Scenario1,0,RE1,,PWRDIST,,2047,,,,,,,,,,979.726533852699,,,,,,,
Scenario1,0,RE1,,PWRDIST,,2048,,,,,,,,,,1036.3312183273658,,,,,,,
Scenario1,0,RE1,,PWRDIST,,2049,,,,,,,,,,1094.1192913010375,,,,,,,
Scenario1,0,RE1,,PWRDIST,,2050,,,,,,,,,,1152.798245476782,,,,,,,
Scenario1,0,RE1,,PWRGEO001,,2019,,,,,,,,,,0.0,,,,,,,
Scenario1,0,RE1,,PWRGEO001,,2020,,,,,,,,,,0.0,,,,,,,
Scenario1,0,RE1,,PWRGEO001,,2021,,,,,,,,,,0.0,,,,,,,
Scenario1,0,RE1,,PWRGEO001,,2022,,,,,,,,,,277.32402599999966,,,,,,,
Scenario1,0,RE1,,PWRGEO001,,2023,,,,,,,,,,0.0,,,,,,,
Scenario1,0,RE1,,PWRGEO001,,2024,,,,,,,,,,0.0,,,,,,,
Scenario1,0,RE1,,PWRGEO001,,2025,,,,,,,,,,206.41164000000035,,,,,,,
Scenario1,0,RE1,,PWRGEO001,,2026,,,,,,,,,,66.58439999999996,,,,,,,
Scenario1,0,RE1,,PWRGEO001,,2027,,,,,,,,,,0.0,,,,,,,
Scenario1,0,RE1,,PWRGEO001,,2028,,,,,,,,,,83.23049999999998,,,,,,,
Scenario1,0,RE1,,PWRGEO001,,2029,,,,,,,,,,908.3879811317618,,,,,,,
Scenario1,0,RE1,,PWRGEO001,,2030,,,,,,,,,,23.79361886823824,,,,,,,
Scenario1,0,RE1,,PWRGEO001,,2031,,,,,,,,,,0.0,,,,,,,
Scenario1,0,RE1,,PWRGEO001,,2032,,,,,,,,,,0.0,,,,,,,
Scenario1,0,RE1,,PWRGEO001,,2033,,,,,,,,,,0.0,,,,,,,
Scenario1,0,RE1,,PWRGEO001,,2034,,,,,,,,,,466.09079999999966,,,,,,,
Scenario1,0,RE1,,PWRGEO001,,2035,,,,,,,,,,0.0,,,,,,,
Scenario1,0,RE1,,PWRGEO001,,2036,,,,,,,,,,466.0908,,,,,,,
Scenario1,0,RE1,,PWRGEO001,,2037,,,,,,,,,,0.0,,,,,,,
Scenario1,0,RE1,,PWRGEO001,,2038,,,,,,,,,,0.0,,,,,,,
Scenario1,0,RE1,,PWRGEO001,,2039,,,,,,,,,,0.0,,,,,,,
Scenario1,0,RE1,,PWRGEO001,,2040,,,,,,,,,,0.0,,,,,,,
Scenario1,0,RE1,,PWRGEO001,,2041,,,,,,,,,,0.0,,,,,,,
Scenario1,0,RE1,,PWRGEO001,,2042,,,,,,,,,,0.0,,,,,,,
Scenario1,0,RE1,,PWRGEO001,,2043,,,,,,,,,,0.0,,,,,,,
Scenario1,0,RE1,,PWRGEO001,,2044,,,,,,,,,,0.0,,,,,,,
Scenario1,0,RE1,,PWRGEO001,,2045,,,,,,,,,,0.0,,,,,,,
Scenario1,0,RE1,,PWRGEO001,,2046,,,,,,,,,,0.0,,,,,,,
Scenario1,0,RE1,,PWRGEO001,,2047,,,,,,,,,,0.0,,,,,,,
Scenario1,0,RE1,,PWRGEO001,,2048,,,,,,,,,,0.0,,,,,,,
Scenario1,0,RE1,,PWRGEO001,,2049,,,,,,,,,,0.0,,,,,,,
Scenario1,0,RE1,,PWRGEO001,,2050,,,,,,,,,,139.8272400000001,,,,,,,
Scenario1,0,RE1,,PWRGEO002,,2019,,,,,,,,,,0.0,,,,,,,
Scenario1,0,RE1,,PWRGEO002,,2020,,,,,,,,,,0.0,,,,,,,
Scenario1,0,RE1,,PWRGEO002,,2021,,,,,,,,,,0.0,,,,,,,
Scenario1,0,RE1,,PWRGEO002,,2022,,,,,,,,,,0.0,,,,,,,
Scenario1,0,RE1,,PWRGEO002,,2023,,,,,,,,,,121.67995000000002,,,,,,,
Scenario1,0,RE1,,PWRGEO002,,2024,,,,,,,,,,0.0,,,,,,,
Scenario1,0,RE1,,PWRGEO002,,2025,,,,,,,,,,121.67995000000002,,,,,,,
Scenario1,0,RE1,,PWRGEO002,,2026,,,,,,,,,,0.0,,,,,,,
Scenario1,0,RE1,,PWRGEO002,,2027,,,,,,,,,,0.0,,,,,,,
Scenario1,0,RE1,,PWRGEO002,,2028,,,,,,,,,,121.67994999999996,,,,,,,
Scenario1,0,RE1,,PWRGEO002,,2029,,,,,,,,,,0.0,,,,,,,
Scenario1,0,RE1,,PWRGEO002,,2030,,,,,,,,,,0.0,,,,,,,
Scenario1,0,RE1,,PWRGEO002,,2031,,,,,,,,,,0.0,,,,,,,
Scenario1,0,RE1,,PWRGEO002,,2032,,,,,,,,,,0.0,,,,,,,
Scenario1,0,RE1,,PWRGEO002,,2033,,,,,,,,,,0.0,,,,,,,
Scenario1,0,RE1,,PWRGEO002,,2034,,,,,,,,,,0.0,,,,,,,
Scenario1,0,RE1,,PWRGEO002,,2035,,,,,,,,,,0.0,,,,,,,
Scenario1,0,RE1,,PWRGEO002,,2036,,,,,,,,,,0.0,,,,,,,
Scenario1,0,RE1,,PWRGEO002,,2037,,,,,,,,,,347.657,,,,,,,
Scenario1,0,RE1,,PWRGEO002,,2038,,,,,,,,,,0.0,,,,,,,
Scenario1,0,RE1,,PWRGEO002,,2039,,,,,,,,,,208.59420000000014,,,,,,,
Scenario1,0,RE1,,PWRGEO002,,2040,,,,,,,,,,695.3140000000001,,,,,,,
Scenario1,0,RE1,,PWRGEO002,,2041,,,,,,,,,,0.0,,,,,,,
Scenario1,0,RE1,,PWRGEO002,,2042,,,,,,,,,,0.0,,,,,,,
Scenario1,0,RE1,,PWRGEO002,,2043,,,,,,,,,,0.0,,,,,,,
Scenario1,0,RE1,,PWRGEO002,,2044,,,,,,,,,,0.0,,,,,,,
Scenario1,0,RE1,,PWRGEO002,,2045,,,,,,,,,,0.0,,,,,,,
Scenario1,0,RE1,,PWRGEO002,,2046,,,,,,,,,,0.0,,,,,,,
Scenario1,0,RE1,,PWRGEO002,,2047,,,,,,,,,,0.0,,,,,,,
Scenario1,0,RE1,,PWRGEO002,,2048,,,,,,,,,,0.0,,,,,,,
Scenario1,0,RE1,,PWRGEO002,,2049,,,,,,,,,,0.0,,,,,,,
Scenario1,0,RE1,,PWRGEO002,,2050,,,,,,,,,,0.0,,,,,,,
Scenario1,0,RE1,,PWRGEO003,,2019,,,,,,,,,,0.0,,,,,,,
Scenario1,0,RE1,,PWRGEO003,,2020,,,,,,,,,,0.0,,,,,,,
Scenario1,0,RE1,,PWRGEO003,,2021,,,,,,,,,,0.0,,,,,,,
Scenario1,0,RE1,,PWRGEO003,,2022,,,,,,,,,,0.0,,,,,,,
Scenario1,0,RE1,,PWRGEO003,,2023,,,,,,,,,,0.0,,,,,,,
Scenario1,0,RE1,,PWRGEO003,,2024,,,,,,,,,,0.0,,,,,,,
Scenario1,0,RE1,,PWRGEO003,,2025,,,,,,,,,,0.0,,,,,,,
Scenario1,0,RE1,,PWRGEO003,,2026,,,,,,,,,,0.0,,,,,,,
Scenario1,0,RE1,,PWRGEO003,,2027,,,,,,,,,,0.0,,,,,,,
Scenario1,0,RE1,,PWRGEO003,,2028,,,,,,,,,,0.0,,,,,,,
Scenario1,0,RE1,,PWRGEO003,,2029,,,,,,,,,,0.0,,,,,,,
Scenario1,0,RE1,,PWRGEO003,,2030,,,,,,,,,,0.0,,,,,,,
Scenario1,0,RE1,,PWRGEO003,,2031,,,,,,,,,,113.49789,,,,,,,
Scenario1,0,RE1,,PWRGEO003,,2032,,,,,,,,,,0.0,,,,,,,
Scenario1,0,RE1,,PWRGEO003,,2033,,,,,,,,,,0.0,,,,,,,
Scenario1,0,RE1,,PWRGEO003,,2034,,,,,,,,,,0.0,,,,,,,
Scenario1,0,RE1,,PWRGEO003,,2035,,,,,,,,,,0.0,,,,,,,
Scenario1,0,RE1,,PWRGEO003,,2036,,,,,,,,,,0.0,,,,,,,
Scenario1,0,RE1,,PWRGEO003,,2037,,,,,,,,,,0.0,,,,,,,
Scenario1,0,RE1,,PWRGEO003,,2038,,,,,,,,,,0.0,,,,,,,
Scenario1,0,RE1,,PWRGEO003,,2039,,,,,,,,,,0.0,,,,,,,
Scenario1,0,RE1,,PWRGEO003,,2040,,,,,,,,,,230.43511,,,,,,,
Scenario1,0,RE1,,PWRGEO003,,2041,,,,,,,,,,0.0,,,,,,,
Scenario1,0,RE1,,PWRGEO003,,2042,,,,,,,,,,0.0,,,,,,,
Scenario1,0,RE1,,PWRGEO003,,2043,,,,,,,,,,0.0,,,,,,,
Scenario1,0,RE1,,PWRGEO003,,2044,,,,,,,,,,0.0,,,,,,,
Scenario1,0,RE1,,PWRGEO003,,2045,,,,,,,,,,0.0,,,,,,,
Scenario1,0,RE1,,PWRGEO003,,2046,,,,,,,,,,0.0,,,,,,,
Scenario1,0,RE1,,PWRGEO003,,2047,,,,,,,,,,0.0,,,,,,,
Scenario1,0,RE1,,PWRGEO003,,2048,,,,,,,,,,0.0,,,,,,,
Scenario1,0,RE1,,PWRGEO003,,2049,,,,,,,,,,0.0,,,,,,,
Scenario1,0,RE1,,PWRGEO003,,2050,,,,,,,,,,0.0,,,,,,,
Scenario1,0,RE1,,PWRGEO004,,2019,,,,,,,,,,0.0,,,,,,,
Scenario1,0,RE1,,PWRGEO004,,2020,,,,,,,,,,0.0,,,,,,,
Scenario1,0,RE1,,PWRGEO004,,2021,,,,,,,,,,0.0,,,,,,,
Scenario1,0,RE1,,PWRGEO004,,2022,,,,,,,,,,0.0,,,,,,,
Scenario1,0,RE1,,PWRGEO004,,2023,,,,,,,,,,0.0,,,,,,,
Scenario1,0,RE1,,PWRGEO004,,2024,,,,,,,,,,0.0,,,,,,,
Scenario1,0,RE1,,PWRGEO004,,2025,,,,,,,,,,0.0,,,,,,,
Scenario1,0,RE1,,PWRGEO004,,2026,,,,,,,,,,0.0,,,,,,,
Scenario1,0,RE1,,PWRGEO004,,2027,,,,,,,,,,0.0,,,,,,,
Scenario1,0,RE1,,PWRGEO004,,2028,,,,,,,,,,0.0,,,,,,,
Scenario1,0,RE1,,PWRGEO004,,2029,,,,,,,,,,0.0,,,,,,,
Scenario1,0,RE1,,PWRGEO004,,2030,,,,,,,,,,0.0,,,,,,,
Scenario1,0,RE1,,PWRGEO004,,2031,,,,,,,,,,0.0,,,,,,,
Scenario1,0,RE1,,PWRGEO004,,2032,,,,,,,,,,0.0,,,,,,,
Scenario1,0,RE1,,PWRGEO004,,2033,,,,,,,,,,0.0,,,,,,,
Scenario1,0,RE1,,PWRGEO004,,2034,,,,,,,,,,0.0,,,,,,,
Scenario1,0,RE1,,PWRGEO004,,2035,,,,,,,,,,0.0,,,,,,,
Scenario1,0,RE1,,PWRGEO004,,2036,,,,,,,,,,0.0,,,,,,,
Scenario1,0,RE1,,PWRGEO004,,2037,,,,,,,,,,0.0,,,,,,,
Scenario1,0,RE1,,PWRGEO004,,2038,,,,,,,,,,343.90000000000003,,,,,,,
Scenario1,0,RE1,,PWRGEO004,,2039,,,,,,,,,,343.90000000000003,,,,,,,
Scenario1,0,RE1,,PWRGEO004,,2040,,,,,,,,,,343.8999999999999,,,,,,,
Scenario1,0,RE1,,PWRGEO004,,2041,,,,,,,,,,0.0,,,,,,,
Scenario1,0,RE1,,PWRGEO004,,2042,,,,,,,,,,0.0,,,,,,,
Scenario1,0,RE1,,PWRGEO004,,2043,,,,,,,,,,0.0,,,,,,,
Scenario1,0,RE1,,PWRGEO004,,2044,,,,,,,,,,0.0,,,,,,,
Scenario1,0,RE1,,PWRGEO004,,2045,,,,,,,,,,0.0,,,,,,,
Scenario1,0,RE1,,PWRGEO004,,2046,,,,,,,,,,0.0,,,,,,,
Scenario1,0,RE1,,PWRGEO004,,2047,,,,,,,,,,0.0,,,,,,,
Scenario1,0,RE1,,PWRGEO004,,2048,,,,,,,,,,0.0,,,,,,,
Scenario1,0,RE1,,PWRGEO004,,2049,,,,,,,,,,0.0,,,,,,,
Scenario1,0,RE1,,PWRGEO004,,2050,,,,,,,,,,0.0,,,,,,,
Scenario1,0,RE1,,PWRGEO005,,2019,,,,,,,,,,0.0,,,,,,,
Scenario1,0,RE1,,PWRGEO005,,2020,,,,,,,,,,0.0,,,,,,,
Scenario1,0,RE1,,PWRGEO005,,2021,,,,,,,,,,0.0,,,,,,,
Scenario1,0,RE1,,PWRGEO005,,2022,,,,,,,,,,0.0,,,,,,,
Scenario1,0,RE1,,PWRGEO005,,2023,,,,,,,,,,0.0,,,,,,,
Scenario1,0,RE1,,PWRGEO005,,2024,,,,,,,,,,0.0,,,,,,,
Scenario1,0,RE1,,PWRGEO005,,2025,,,,,,,,,,0.0,,,,,,,
Scenario1,0,RE1,,PWRGEO005,,2026,,,,,,,,,,0.0,,,,,,,
Scenario1,0,RE1,,PWRGEO005,,2027,,,,,,,,,,0.0,,,,,,,
Scenario1,0,RE1,,PWRGEO005,,2028,,,,,,,,,,0.0,,,,,,,
Scenario1,0,RE1,,PWRGEO005,,2029,,,,,,,,,,0.0,,,,,,,
Scenario1,0,RE1,,PWRGEO005,,2030,,,,,,,,,,0.0,,,,,,,
Scenario1,0,RE1,,PWRGEO005,,2031,,,,,,,,,,125.82500000000002,,,,,,,
Scenario1,0,RE1,,PWRGEO005,,2032,,,,,,,,,,0.0,,,,,,,
Scenario1,0,RE1,,PWRGEO005,,2033,,,,,,,,,,0.0,,,,,,,
Scenario1,0,RE1,,PWRGEO005,,2034,,,,,,,,,,0.0,,,,,,,
Scenario1,0,RE1,,PWRGEO005,,2035,,,,,,,,,,0.0,,,,,,,
Scenario1,0,RE1,,PWRGEO005,,2036,,,,,,,,,,0.0,,,,,,,
Scenario1,0,RE1,,PWRGEO005,,2037,,,,,,,,,,0.0,,,,,,,
Scenario1,0,RE1,,PWRGEO005,,2038,,,,,,,,,,0.0,,,,,,,
Scenario1,0,RE1,,PWRGEO005,,2039,,,,,,,,,,0.0,,,,,,,
Scenario1,0,RE1,,PWRGEO005,,2040,,,,,,,,,,46.67858060152109,,,,,,,
Scenario1,0,RE1,,PWRGEO005,,2041,,,,,,,,,,79.14641939847893,,,,,,,
Scenario1,0,RE1,,PWRGEO005,,2042,,,,,,,,,,0.0,,,,,,,
Scenario1,0,RE1,,PWRGEO005,,2043,,,,,,,,,,0.0,,,,,,,
Scenario1,0,RE1,,PWRGEO005,,2044,,,,,,,,,,0.0,,,,,,,
Scenario1,0,RE1,,PWRGEO005,,2045,,,,,,,,,,0.0,,,,,,,
Scenario1,0,RE1,,PWRGEO005,,2046,,,,,,,,,,0.0,,,,,,,
Scenario1,0,RE1,,PWRGEO005,,2047,,,,,,,,,,0.0,,,,,,,
Scenario1,0,RE1,,PWRGEO005,,2048,,,,,,,,,,0.0,,,,,,,
Scenario1,0,RE1,,PWRGEO005,,2049,,,,,,,,,,0.0,,,,,,,
Scenario1,0,RE1,,PWRGEO005,,2050,,,,,,,,,,0.0,,,,,,,
Scenario1,0,RE1,,PWRGEO006,,2019,,,,,,,,,,0.0,,,,,,,
Scenario1,0,RE1,,PWRGEO006,,2020,,,,,,,,,,0.0,,,,,,,
Scenario1,0,RE1,,PWRGEO006,,2021,,,,,,,,,,0.0,,,,,,,
Scenario1,0,RE1,,PWRGEO006,,2022,,,,,,,,,,0.0,,,,,,,
Scenario1,0,RE1,,PWRGEO006,,2023,,,,,,,,,,0.0,,,,,,,
Scenario1,0,RE1,,PWRGEO006,,2024,,,,,,,,,,0.0,,,,,,,
Scenario1,0,RE1,,PWRGEO006,,2025,,,,,,,,,,0.0,,,,,,,
Scenario1,0,RE1,,PWRGEO006,,2026,,,,,,,,,,590.3202609059215,,,,,,,
Scenario1,0,RE1,,PWRGEO006,,2027,,,,,,,,,,561.7708933712006,,,,,,,
Scenario1,0,RE1,,PWRGEO006,,2028,,,,,,,,,,35.4376898119002,,,,,,,
Scenario1,0,RE1,,PWRGEO006,,2029,,,,,,,,,,0.0,,,,,,,
Scenario1,0,RE1,,PWRGEO006,,2030,,,,,,,,,,305.45809300243707,,,,,,,
Scenario1,0,RE1,,PWRGEO006,,2031,,,,,,,,,,0.0,,,,,,,
Scenario1,0,RE1,,PWRGEO006,,2032,,,,,,,,,,497.8172517273662,,,,,,,
Scenario1,0,RE1,,PWRGEO006,,2033,,,,,,,,,,366.07001118117404,,,,,,,
Scenario1,0,RE1,,PWRGEO006,,2034,,,,,,,,,,0.0,,,,,,,
Scenario1,0,RE1,,PWRGEO006,,2035,,,,,,,,,,532.1974000000004,,,,,,,
Scenario1,0,RE1,,PWRGEO006,,2036,,,,,,,,,,110.35143519473102,,,,,,,
Scenario1,0,RE1,,PWRGEO006,,2037,,,,,,,,,,306.69225495477673,,,,,,,
Scenario1,0,RE1,,PWRGEO006,,2038,,,,,,,,,,571.3229098504929,,,,,,,
Scenario1,0,RE1,,PWRGEO006,,2039,,,,,,,,,,237.5589322669458,,,,,,,
Scenario1,0,RE1,,PWRGEO006,,2040,,,,,,,,,,0.0,,,,,,,
Scenario1,0,RE1,,PWRGEO006,,2041,,,,,,,,,,0.0,,,,,,,
Scenario1,0,RE1,,PWRGEO006,,2042,,,,,,,,,,676.0045297049459,,,,,,,
Scenario1,0,RE1,,PWRGEO006,,2043,,,,,,,,,,1169.5596833831073,,,,,,,
Scenario1,0,RE1,,PWRGEO006,,2044,,,,,,,,,,1105.0842045915228,,,,,,,
Scenario1,0,RE1,,PWRGEO006,,2045,,,,,,,,,,553.9358612892785,,,,,,,
Scenario1,0,RE1,,PWRGEO006,,2046,,,,,,,,,,1123.6615887641963,,,,,,,
Scenario1,0,RE1,,PWRGEO006,,2047,,,,,,,,,,912.3384000000008,,,,,,,
Scenario1,0,RE1,,PWRGEO006,,2048,,,,,,,,,,988.3665999999992,,,,,,,
Scenario1,0,RE1,,PWRGEO006,,2049,,,,,,,,,,155.32057549000794,,,,,,,
Scenario1,0,RE1,,PWRGEO006,,2050,,,,,,,,,,1540.998909760203,,,,,,,
Scenario1,0,RE1,,PWRGEO007,,2019,,,,,,,,,,0.0,,,,,,,
Scenario1,0,RE1,,PWRGEO007,,2020,,,,,,,,,,0.0,,,,,,,
Scenario1,0,RE1,,PWRGEO007,,2021,,,,,,,,,,0.0,,,,,,,
Scenario1,0,RE1,,PWRGEO007,,2022,,,,,,,,,,0.0,,,,,,,
Scenario1,0,RE1,,PWRGEO007,,2023,,,,,,,,,,0.0,,,,,,,
Scenario1,0,RE1,,PWRGEO007,,2024,,,,,,,,,,0.0,,,,,,,
Scenario1,0,RE1,,PWRGEO007,,2025,,,,,,,,,,0.0,,,,,,,
Scenario1,0,RE1,,PWRGEO007,,2026,,,,,,,,,,0.0,,,,,,,
Scenario1,0,RE1,,PWRGEO007,,2027,,,,,,,,,,0.0,,,,,,,
Scenario1,0,RE1,,PWRGEO007,,2028,,,,,,,,,,0.0,,,,,,,
Scenario1,0,RE1,,PWRGEO007,,2029,,,,,,,,,,0.0,,,,,,,
Scenario1,0,RE1,,PWRGEO007,,2030,,,,,,,,,,0.0,,,,,,,
Scenario1,0,RE1,,PWRGEO007,,2031,,,,,,,,,,0.0,,,,,,,
Scenario1,0,RE1,,PWRGEO007,,2032,,,,,,,,,,0.0,,,,,,,
Scenario1,0,RE1,,PWRGEO007,,2033,,,,,,,,,,0.0,,,,,,,
Scenario1,0,RE1,,PWRGEO007,,2034,,,,,,,,,,0.0,,,,,,,
Scenario1,0,RE1,,PWRGEO007,,2035,,,,,,,,,,0.0,,,,,,,
Scenario1,0,RE1,,PWRGEO007,,2036,,,,,,,,,,0.0,,,,,,,
Scenario1,0,RE1,,PWRGEO007,,2037,,,,,,,,,,0.0,,,,,,,
Scenario1,0,RE1,,PWRGEO007,,2038,,,,,,,,,,0.0,,,,,,,
Scenario1,0,RE1,,PWRGEO007,,2039,,,,,,,,,,0.0,,,,,,,
Scenario1,0,RE1,,PWRGEO007,,2040,,,,,,,,,,0.0,,,,,,,
Scenario1,0,RE1,,PWRGEO007,,2041,,,,,,,,,,0.0,,,,,,,
Scenario1,0,RE1,,PWRGEO007,,2042,,,,,,,,,,0.0,,,,,,,
Scenario1,0,RE1,,PWRGEO007,,2043,,,,,,,,,,0.0,,,,,,,
Scenario1,0,RE1,,PWRGEO007,,2044,,,,,,,,,,0.0,,,,,,,
Scenario1,0,RE1,,PWRGEO007,,2045,,,,,,,,,,0.0,,,,,,,
Scenario1,0,RE1,,PWRGEO007,,2046,,,,,,,,,,0.0,,,,,,,
Scenario1,0,RE1,,PWRGEO007,,2047,,,,,,,,,,0.0,,,,,,,
Scenario1,0,RE1,,PWRGEO007,,2048,,,,,,,,,,0.0,,,,,,,
Scenario1,0,RE1,,PWRGEO007,,2049,,,,,,,,,,0.0,,,,,,,
Scenario1,0,RE1,,PWRGEO007,,2050,,,,,,,,,,0.0,,,,,,,
Scenario1,0,RE1,,PWRHFO001,,2019,,,,,,,,,,0.0,,,,,,,
Scenario1,0,RE1,,PWRHFO001,,2020,,,,,,,,,,0.0,,,,,,,
Scenario1,0,RE1,,PWRHFO001,,2021,,,,,,,,,,0.0,,,,,,,
Scenario1,0,RE1,,PWRHFO001,,2022,,,,,,,,,,0.0,,,,,,,
Scenario1,0,RE1,,PWRHFO001,,2023,,,,,,,,,,0.0,,,,,,,
Scenario1,0,RE1,,PWRHFO001,,2024,,,,,,,,,,0.0,,,,,,,
Scenario1,0,RE1,,PWRHFO001,,2025,,,,,,,,,,0.0,,,,,,,
Scenario1,0,RE1,,PWRHFO001,,2026,,,,,,,,,,0.0,,,,,,,
Scenario1,0,RE1,,PWRHFO001,,2027,,,,,,,,,,0.0,,,,,,,
Scenario1,0,RE1,,PWRHFO001,,2028,,,,,,,,,,0.0,,,,,,,
Scenario1,0,RE1,,PWRHFO001,,2029,,,,,,,,,,0.0,,,,,,,
Scenario1,0,RE1,,PWRHFO001,,2030,,,,,,,,,,0.0,,,,,,,
Scenario1,0,RE1,,PWRHFO001,,2031,,,,,,,,,,0.0,,,,,,,
Scenario1,0,RE1,,PWRHFO001,,2032,,,,,,,,,,0.0,,,,,,,
Scenario1,0,RE1,,PWRHFO001,,2033,,,,,,,,,,0.0,,,,,,,
Scenario1,0,RE1,,PWRHFO001,,2034,,,,,,,,,,0.0,,,,,,,
Scenario1,0,RE1,,PWRHFO001,,2035,,,,,,,,,,0.0,,,,,,,
Scenario1,0,RE1,,PWRHFO001,,2036,,,,,,,,,,0.0,,,,,,,
Scenario1,0,RE1,,PWRHFO001,,2037,,,,,,,,,,0.0,,,,,,,
Scenario1,0,RE1,,PWRHFO001,,2038,,,,,,,,,,0.0,,,,,,,
Scenario1,0,RE1,,PWRHFO001,,2039,,,,,,,,,,0.0,,,,,,,
Scenario1,0,RE1,,PWRHFO001,,2040,,,,,,,,,,0.0,,,,,,,
Scenario1,0,RE1,,PWRHFO001,,2041,,,,,,,,,,0.0,,,,,,,
Scenario1,0,RE1,,PWRHFO001,,2042,,,,,,,,,,0.0,,,,,,,
Scenario1,0,RE1,,PWRHFO001,,2043,,,,,,,,,,0.0,,,,,,,
Scenario1,0,RE1,,PWRHFO001,,2044,,,,,,,,,,0.0,,,,,,,
Scenario1,0,RE1,,PWRHFO001,,2045,,,,,,,,,,0.0,,,,,,,
Scenario1,0,RE1,,PWRHFO001,,2046,,,,,,,,,,0.0,,,,,,,
Scenario1,0,RE1,,PWRHFO001,,2047,,,,,,,,,,0.0,,,,,,,
Scenario1,0,RE1,,PWRHFO001,,2048,,,,,,,,,,0.0,,,,,,,
Scenario1,0,RE1,,PWRHFO001,,2049,,,,,,,,,,0.0,,,,,,,
Scenario1,0,RE1,,PWRHFO001,,2050,,,,,,,,,,0.0,,,,,,,
Scenario1,0,RE1,,PWRHYD001,,2019,,,,,,,,,,0.0,,,,,,,
Scenario1,0,RE1,,PWRHYD001,,2020,,,,,,,,,,0.0,,,,,,,
Scenario1,0,RE1,,PWRHYD001,,2021,,,,,,,,,,0.0,,,,,,,
Scenario1,0,RE1,,PWRHYD001,,2022,,,,,,,,,,0.0,,,,,,,
Scenario1,0,RE1,,PWRHYD001,,2023,,,,,,,,,,0.0,,,,,,,
Scenario1,0,RE1,,PWRHYD001,,2024,,,,,,,,,,0.0,,,,,,,
Scenario1,0,RE1,,PWRHYD001,,2025,,,,,,,,,,0.0,,,,,,,
Scenario1,0,RE1,,PWRHYD001,,2026,,,,,,,,,,0.0,,,,,,,
Scenario1,0,RE1,,PWRHYD001,,2027,,,,,,,,,,0.0,,,,,,,
Scenario1,0,RE1,,PWRHYD001,,2028,,,,,,,,,,0.0,,,,,,,
Scenario1,0,RE1,,PWRHYD001,,2029,,,,,,,,,,0.0,,,,,,,
Scenario1,0,RE1,,PWRHYD001,,2030,,,,,,,,,,0.0,,,,,,,
Scenario1,0,RE1,,PWRHYD001,,2031,,,,,,,,,,0.0,,,,,,,
Scenario1,0,RE1,,PWRHYD001,,2032,,,,,,,,,,0.0,,,,,,,
Scenario1,0,RE1,,PWRHYD001,,2033,,,,,,,,,,0.0,,,,,,,
Scenario1,0,RE1,,PWRHYD001,,2034,,,,,,,,,,0.0,,,,,,,
Scenario1,0,RE1,,PWRHYD001,,2035,,,,,,,,,,0.0,,,,,,,
Scenario1,0,RE1,,PWRHYD001,,2036,,,,,,,,,,0.0,,,,,,,
Scenario1,0,RE1,,PWRHYD001,,2037,,,,,,,,,,0.0,,,,,,,
Scenario1,0,RE1,,PWRHYD001,,2038,,,,,,,,,,0.0,,,,,,,
Scenario1,0,RE1,,PWRHYD001,,2039,,,,,,,,,,0.0,,,,,,,
Scenario1,0,RE1,,PWRHYD001,,2040,,,,,,,,,,0.0,,,,,,,
Scenario1,0,RE1,,PWRHYD001,,2041,,,,,,,,,,0.0,,,,,,,
Scenario1,0,RE1,,PWRHYD001,,2042,,,,,,,,,,0.0,,,,,,,
Scenario1,0,RE1,,PWRHYD001,,2043,,,,,,,,,,0.0,,,,,,,
Scenario1,0,RE1,,PWRHYD001,,2044,,,,,,,,,,0.0,,,,,,,
Scenario1,0,RE1,,PWRHYD001,,2045,,,,,,,,,,0.0,,,,,,,
Scenario1,0,RE1,,PWRHYD001,,2046,,,,,,,,,,0.0,,,,,,,
Scenario1,0,RE1,,PWRHYD001,,2047,,,,,,,,,,0.0,,,,,,,
Scenario1,0,RE1,,PWRHYD001,,2048,,,,,,,,,,0.0,,,,,,,
Scenario1,0,RE1,,PWRHYD001,,2049,,,,,,,,,,0.0,,,,,,,
Scenario1,0,RE1,,PWRHYD001,,2050,,,,,,,,,,0.0,,,,,,,
Scenario1,0,RE1,,PWRHYD002,,2019,,,,,,,,,,0.0,,,,,,,
Scenario1,0,RE1,,PWRHYD002,,2020,,,,,,,,,,0.0,,,,,,,
Scenario1,0,RE1,,PWRHYD002,,2021,,,,,,,,,,0.0,,,,,,,
Scenario1,0,RE1,,PWRHYD002,,2022,,,,,,,,,,0.0,,,,,,,
Scenario1,0,RE1,,PWRHYD002,,2023,,,,,,,,,,0.0,,,,,,,
Scenario1,0,RE1,,PWRHYD002,,2024,,,,,,,,,,0.0,,,,,,,
Scenario1,0,RE1,,PWRHYD002,,2025,,,,,,,,,,0.0,,,,,,,
Scenario1,0,RE1,,PWRHYD002,,2026,,,,,,,,,,0.0,,,,,,,
Scenario1,0,RE1,,PWRHYD002,,2027,,,,,,,,,,0.0,,,,,,,
Scenario1,0,RE1,,PWRHYD002,,2028,,,,,,,,,,0.0,,,,,,,
Scenario1,0,RE1,,PWRHYD002,,2029,,,,,,,,,,0.0,,,,,,,
Scenario1,0,RE1,,PWRHYD002,,2030,,,,,,,,,,0.0,,,,,,,
Scenario1,0,RE1,,PWRHYD002,,2031,,,,,,,,,,312.00570000000033,,,,,,,
Scenario1,0,RE1,,PWRHYD002,,2032,,,,,,,,,,0.0,,,,,,,
Scenario1,0,RE1,,PWRHYD002,,2033,,,,,,,,,,0.0,,,,,,,
Scenario1,0,RE1,,PWRHYD002,,2034,,,,,,,,,,0.0,,,,,,,
Scenario1,0,RE1,,PWRHYD002,,2035,,,,,,,,,,0.0,,,,,,,
Scenario1,0,RE1,,PWRHYD002,,2036,,,,,,,,,,0.0,,,,,,,
Scenario1,0,RE1,,PWRHYD002,,2037,,,,,,,,,,0.0,,,,,,,
Scenario1,0,RE1,,PWRHYD002,,2038,,,,,,,,,,0.0,,,,,,,
Scenario1,0,RE1,,PWRHYD002,,2039,,,,,,,,,,0.0,,,,,,,
Scenario1,0,RE1,,PWRHYD002,,2040,,,,,,,,,,0.0,,,,,,,
Scenario1,0,RE1,,PWRHYD002,,2041,,,,,,,,,,0.0,,,,,,,
Scenario1,0,RE1,,PWRHYD002,,2042,,,,,,,,,,0.0,,,,,,,
Scenario1,0,RE1,,PWRHYD002,,2043,,,,,,,,,,0.0,,,,,,,
Scenario1,0,RE1,,PWRHYD002,,2044,,,,,,,,,,0.0,,,,,,,
Scenario1,0,RE1,,PWRHYD002,,2045,,,,,,,,,,0.0,,,,,,,
Scenario1,0,RE1,,PWRHYD002,,2046,,,,,,,,,,0.0,,,,,,,
Scenario1,0,RE1,,PWRHYD002,,2047,,,,,,,,,,0.0,,,,,,,
Scenario1,0,RE1,,PWRHYD002,,2048,,,,,,,,,,0.0,,,,,,,
Scenario1,0,RE1,,PWRHYD002,,2049,,,,,,,,,,0.0,,,,,,,
Scenario1,0,RE1,,PWRHYD002,,2050,,,,,,,,,,0.0,,,,,,,
Scenario1,0,RE1,,PWRHYD003,,2019,,,,,,,,,,0.0,,,,,,,
Scenario1,0,RE1,,PWRHYD003,,2020,,,,,,,,,,0.0,,,,,,,
Scenario1,0,RE1,,PWRHYD003,,2021,,,,,,,,,,0.0,,,,,,,
Scenario1,0,RE1,,PWRHYD003,,2022,,,,,,,,,,0.0,,,,,,,
Scenario1,0,RE1,,PWRHYD003,,2023,,,,,,,,,,0.0,,,,,,,
Scenario1,0,RE1,,PWRHYD003,,2024,,,,,,,,,,0.0,,,,,,,
Scenario1,0,RE1,,PWRHYD003,,2025,,,,,,,,,,0.0,,,,,,,
Scenario1,0,RE1,,PWRHYD003,,2026,,,,,,,,,,0.0,,,,,,,
Scenario1,0,RE1,,PWRHYD003,,2027,,,,,,,,,,0.0,,,,,,,
Scenario1,0,RE1,,PWRHYD003,,2028,,,,,,,,,,0.0,,,,,,,
Scenario1,0,RE1,,PWRHYD003,,2029,,,,,,,,,,0.0,,,,,,,
Scenario1,0,RE1,,PWRHYD003,,2030,,,,,,,,,,0.0,,,,,,,
Scenario1,0,RE1,,PWRHYD003,,2031,,,,,,,,,,0.0,,,,,,,
Scenario1,0,RE1,,PWRHYD003,,2032,,,,,,,,,,0.0,,,,,,,
Scenario1,0,RE1,,PWRHYD003,,2033,,,,,,,,,,0.0,,,,,,,
Scenario1,0,RE1,,PWRHYD003,,2034,,,,,,,,,,0.0,,,,,,,
Scenario1,0,RE1,,PWRHYD003,,2035,,,,,,,,,,0.0,,,,,,,
Scenario1,0,RE1,,PWRHYD003,,2036,,,,,,,,,,0.0,,,,,,,
Scenario1,0,RE1,,PWRHYD003,,2037,,,,,,,,,,0.0,,,,,,,
Scenario1,0,RE1,,PWRHYD003,,2038,,,,,,,,,,0.0,,,,,,,
Scenario1,0,RE1,,PWRHYD003,,2039,,,,,,,,,,0.0,,,,,,,
Scenario1,0,RE1,,PWRHYD003,,2040,,,,,,,,,,0.0,,,,,,,
Scenario1,0,RE1,,PWRHYD003,,2041,,,,,,,,,,0.0,,,,,,,
Scenario1,0,RE1,,PWRHYD003,,2042,,,,,,,,,,0.0,,,,,,,
Scenario1,0,RE1,,PWRHYD003,,2043,,,,,,,,,,0.0,,,,,,,
Scenario1,0,RE1,,PWRHYD003,,2044,,,,,,,,,,0.0,,,,,,,
Scenario1,0,RE1,,PWRHYD003,,2045,,,,,,,,,,0.0,,,,,,,
Scenario1,0,RE1,,PWRHYD003,,2046,,,,,,,,,,0.0,,,,,,,
Scenario1,0,RE1,,PWRHYD003,,2047,,,,,,,,,,0.0,,,,,,,
Scenario1,0,RE1,,PWRHYD003,,2048,,,,,,,,,,0.0,,,,,,,
Scenario1,0,RE1,,PWRHYD003,,2049,,,,,,,,,,0.0,,,,,,,
Scenario1,0,RE1,,PWRHYD003,,2050,,,,,,,,,,0.0,,,,,,,
Scenario1,0,RE1,,PWRHYD004,,2019,,,,,,,,,,0.0,,,,,,,
Scenario1,0,RE1,,PWRHYD004,,2020,,,,,,,,,,0.0,,,,,,,
Scenario1,0,RE1,,PWRHYD004,,2021,,,,,,,,,,0.0,,,,,,,
Scenario1,0,RE1,,PWRHYD004,,2022,,,,,,,,,,0.0,,,,,,,
Scenario1,0,RE1,,PWRHYD004,,2023,,,,,,,,,,0.0,,,,,,,
Scenario1,0,RE1,,PWRHYD004,,2024,,,,,,,,,,0.0,,,,,,,
Scenario1,0,RE1,,PWRHYD004,,2025,,,,,,,,,,0.0,,,,,,,
Scenario1,0,RE1,,PWRHYD004,,2026,,,,,,,,,,0.0,,,,,,,
Scenario1,0,RE1,,PWRHYD004,,2027,,,,,,,,,,0.0,,,,,,,
Scenario1,0,RE1,,PWRHYD004,,2028,,,,,,,,,,0.0,,,,,,,
Scenario1,0,RE1,,PWRHYD004,,2029,,,,,,,,,,0.0,,,,,,,
Scenario1,0,RE1,,PWRHYD004,,2030,,,,,,,,,,0.0,,,,,,,
Scenario1,0,RE1,,PWRHYD004,,2031,,,,,,,,,,0.0,,,,,,,
Scenario1,0,RE1,,PWRHYD004,,2032,,,,,,,,,,0.0,,,,,,,
Scenario1,0,RE1,,PWRHYD004,,2033,,,,,,,,,,0.0,,,,,,,
Scenario1,0,RE1,,PWRHYD004,,2034,,,,,,,,,,0.0,,,,,,,
Scenario1,0,RE1,,PWRHYD004,,2035,,,,,,,,,,0.0,,,,,,,
Scenario1,0,RE1,,PWRHYD004,,2036,,,,,,,,,,0.0,,,,,,,
Scenario1,0,RE1,,PWRHYD004,,2037,,,,,,,,,,0.0,,,,,,,
Scenario1,0,RE1,,PWRHYD004,,2038,,,,,,,,,,0.0,,,,,,,
Scenario1,0,RE1,,PWRHYD004,,2039,,,,,,,,,,0.0,,,,,,,
Scenario1,0,RE1,,PWRHYD004,,2040,,,,,,,,,,0.0,,,,,,,
Scenario1,0,RE1,,PWRHYD004,,2041,,,,,,,,,,0.0,,,,,,,
Scenario1,0,RE1,,PWRHYD004,,2042,,,,,,,,,,0.0,,,,,,,
Scenario1,0,RE1,,PWRHYD004,,2043,,,,,,,,,,0.0,,,,,,,
Scenario1,0,RE1,,PWRHYD004,,2044,,,,,,,,,,0.0,,,,,,,
Scenario1,0,RE1,,PWRHYD004,,2045,,,,,,,,,,0.0,,,,,,,
Scenario1,0,RE1,,PWRHYD004,,2046,,,,,,,,,,0.0,,,,,,,
Scenario1,0,RE1,,PWRHYD004,,2047,,,,,,,,,,0.0,,,,,,,
Scenario1,0,RE1,,PWRHYD004,,2048,,,,,,,,,,0.0,,,,,,,
Scenario1,0,RE1,,PWRHYD004,,2049,,,,,,,,,,0.0,,,,,,,
Scenario1,0,RE1,,PWRHYD004,,2050,,,,,,,,,,0.0,,,,,,,
Scenario1,0,RE1,,PWRHYD005,,2019,,,,,,,,,,0.0,,,,,,,
Scenario1,0,RE1,,PWRHYD005,,2020,,,,,,,,,,0.0,,,,,,,
Scenario1,0,RE1,,PWRHYD005,,2021,,,,,,,,,,0.0,,,,,,,
Scenario1,0,RE1,,PWRHYD005,,2022,,,,,,,,,,0.0,,,,,,,
Scenario1,0,RE1,,PWRHYD005,,2023,,,,,,,,,,25.435098000000004,,,,,,,
Scenario1,0,RE1,,PWRHYD005,,2024,,,,,,,,,,8.71065,,,,,,,
Scenario1,0,RE1,,PWRHYD005,,2025,,,,,,,,,,1.0452779999999997,,,,,,,
Scenario1,0,RE1,,PWRHYD005,,2026,,,,,,,,,,427.518702,,,,,,,
Scenario1,0,RE1,,PWRHYD005,,2027,,,,,,,,,,70.03362600000003,,,,,,,
Scenario1,0,RE1,,PWRHYD005,,2028,,,,,,,,,,45.643806000000005,,,,,,,
Scenario1,0,RE1,,PWRHYD005,,2029,,,,,,,,,,63.76195799999994,,,,,,,
Scenario1,0,RE1,,PWRHYD005,,2030,,,,,,,,,,169.33503600000003,,,,,,,
Scenario1,0,RE1,,PWRHYD005,,2031,,,,,,,,,,143.55151200000006,,,,,,,
Scenario1,0,RE1,,PWRHYD005,,2032,,,,,,,,,,112.89002399999995,,,,,,,
Scenario1,0,RE1,,PWRHYD005,,2033,,,,,,,,,,166.896054,,,,,,,
Scenario1,0,RE1,,PWRHYD005,,2034,,,,,,,,,,0.0,,,,,,,
Scenario1,0,RE1,,PWRHYD005,,2035,,,,,,,,,,322.2940500000002,,,,,,,
Scenario1,0,RE1,,PWRHYD005,,2036,,,,,,,,,,168.28975799999975,,,,,,,
Scenario1,0,RE1,,PWRHYD005,,2037,,,,,,,,,,90.59076000000047,,,,,,,
Scenario1,0,RE1,,PWRHYD005,,2038,,,,,,,,,,98.60455799999998,,,,,,,
Scenario1,0,RE1,,PWRHYD005,,2039,,,,,,,,,,107.66363400000014,,,,,,,
Scenario1,0,RE1,,PWRHYD005,,2040,,,,,,,,,,0.0,,,,,,,
Scenario1,0,RE1,,PWRHYD005,,2041,,,,,,,,,,0.0,,,,,,,
Scenario1,0,RE1,,PWRHYD005,,2042,,,,,,,,,,21.734760987526833,,,,,,,
Scenario1,0,RE1,,PWRHYD005,,2043,,,,,,,,,,0.0,,,,,,,
Scenario1,0,RE1,,PWRHYD005,,2044,,,,,,,,,,0.0,,,,,,,
Scenario1,0,RE1,,PWRHYD005,,2045,,,,,,,,,,0.0,,,,,,,
Scenario1,0,RE1,,PWRHYD005,,2046,,,,,,,,,,0.0,,,,,,,
Scenario1,0,RE1,,PWRHYD005,,2047,,,,,,,,,,0.0,,,,,,,
Scenario1,0,RE1,,PWRHYD005,,2048,,,,,,,,,,0.0,,,,,,,
Scenario1,0,RE1,,PWRHYD005,,2049,,,,,,,,,,0.0,,,,,,,
Scenario1,0,RE1,,PWRHYD005,,2050,,,,,,,,,,0.0,,,,,,,
Scenario1,0,RE1,,PWRLFO001,,2019,,,,,,,,,,0.0,,,,,,,
Scenario1,0,RE1,,PWRLFO001,,2020,,,,,,,,,,0.0,,,,,,,
Scenario1,0,RE1,,PWRLFO001,,2021,,,,,,,,,,0.0,,,,,,,
Scenario1,0,RE1,,PWRLFO001,,2022,,,,,,,,,,0.0,,,,,,,
Scenario1,0,RE1,,PWRLFO001,,2023,,,,,,,,,,0.0,,,,,,,
Scenario1,0,RE1,,PWRLFO001,,2024,,,,,,,,,,0.0,,,,,,,
Scenario1,0,RE1,,PWRLFO001,,2025,,,,,,,,,,0.0,,,,,,,
Scenario1,0,RE1,,PWRLFO001,,2026,,,,,,,,,,0.0,,,,,,,
Scenario1,0,RE1,,PWRLFO001,,2027,,,,,,,,,,0.0,,,,,,,
Scenario1,0,RE1,,PWRLFO001,,2028,,,,,,,,,,0.0,,,,,,,
Scenario1,0,RE1,,PWRLFO001,,2029,,,,,,,,,,0.0,,,,,,,
Scenario1,0,RE1,,PWRLFO001,,2030,,,,,,,,,,0.0,,,,,,,
Scenario1,0,RE1,,PWRLFO001,,2031,,,,,,,,,,0.0,,,,,,,
Scenario1,0,RE1,,PWRLFO001,,2032,,,,,,,,,,0.0,,,,,,,
Scenario1,0,RE1,,PWRLFO001,,2033,,,,,,,,,,0.0,,,,,,,
Scenario1,0,RE1,,PWRLFO001,,2034,,,,,,,,,,0.0,,,,,,,
Scenario1,0,RE1,,PWRLFO001,,2035,,,,,,,,,,0.0,,,,,,,
Scenario1,0,RE1,,PWRLFO001,,2036,,,,,,,,,,0.0,,,,,,,
Scenario1,0,RE1,,PWRLFO001,,2037,,,,,,,,,,0.0,,,,,,,
Scenario1,0,RE1,,PWRLFO001,,2038,,,,,,,,,,0.0,,,,,,,
Scenario1,0,RE1,,PWRLFO001,,2039,,,,,,,,,,0.0,,,,,,,
Scenario1,0,RE1,,PWRLFO001,,2040,,,,,,,,,,0.0,,,,,,,
Scenario1,0,RE1,,PWRLFO001,,2041,,,,,,,,,,0.0,,,,,,,
Scenario1,0,RE1,,PWRLFO001,,2042,,,,,,,,,,0.0,,,,,,,
Scenario1,0,RE1,,PWRLFO001,,2043,,,,,,,,,,0.0,,,,,,,
Scenario1,0,RE1,,PWRLFO001,,2044,,,,,,,,,,0.0,,,,,,,
Scenario1,0,RE1,,PWRLFO001,,2045,,,,,,,,,,0.0,,,,,,,
Scenario1,0,RE1,,PWRLFO001,,2046,,,,,,,,,,0.0,,,,,,,
Scenario1,0,RE1,,PWRLFO001,,2047,,,,,,,,,,0.0,,,,,,,
Scenario1,0,RE1,,PWRLFO001,,2048,,,,,,,,,,0.0,,,,,,,
Scenario1,0,RE1,,PWRLFO001,,2049,,,,,,,,,,0.0,,,,,,,
Scenario1,0,RE1,,PWRLFO001,,2050,,,,,,,,,,0.0,,,,,,,
Scenario1,0,RE1,,PWRNGS001,,2019,,,,,,,,,,0.0,,,,,,,
Scenario1,0,RE1,,PWRNGS001,,2020,,,,,,,,,,0.0,,,,,,,
Scenario1,0,RE1,,PWRNGS001,,2021,,,,,,,,,,0.0,,,,,,,
Scenario1,0,RE1,,PWRNGS001,,2022,,,,,,,,,,0.0,,,,,,,
Scenario1,0,RE1,,PWRNGS001,,2023,,,,,,,,,,0.0,,,,,,,
Scenario1,0,RE1,,PWRNGS001,,2024,,,,,,,,,,0.0,,,,,,,
Scenario1,0,RE1,,PWRNGS001,,2025,,,,,,,,,,0.0,,,,,,,
Scenario1,0,RE1,,PWRNGS001,,2026,,,,,,,,,,0.0,,,,,,,
Scenario1,0,RE1,,PWRNGS001,,2027,,,,,,,,,,0.0,,,,,,,
Scenario1,0,RE1,,PWRNGS001,,2028,,,,,,,,,,0.0,,,,,,,
Scenario1,0,RE1,,PWRNGS001,,2029,,,,,,,,,,0.0,,,,,,,
Scenario1,0,RE1,,PWRNGS001,,2030,,,,,,,,,,0.0,,,,,,,
Scenario1,0,RE1,,PWRNGS001,,2031,,,,,,,,,,0.0,,,,,,,
Scenario1,0,RE1,,PWRNGS001,,2032,,,,,,,,,,0.0,,,,,,,
Scenario1,0,RE1,,PWRNGS001,,2033,,,,,,,,,,0.0,,,,,,,
Scenario1,0,RE1,,PWRNGS001,,2034,,,,,,,,,,0.0,,,,,,,
Scenario1,0,RE1,,PWRNGS001,,2035,,,,,,,,,,0.0,,,,,,,
Scenario1,0,RE1,,PWRNGS001,,2036,,,,,,,,,,0.0,,,,,,,
Scenario1,0,RE1,,PWRNGS001,,2037,,,,,,,,,,0.0,,,,,,,
Scenario1,0,RE1,,PWRNGS001,,2038,,,,,,,,,,0.0,,,,,,,
Scenario1,0,RE1,,PWRNGS001,,2039,,,,,,,,,,0.0,,,,,,,
Scenario1,0,RE1,,PWRNGS001,,2040,,,,,,,,,,0.0,,,,,,,
Scenario1,0,RE1,,PWRNGS001,,2041,,,,,,,,,,0.0,,,,,,,
Scenario1,0,RE1,,PWRNGS001,,2042,,,,,,,,,,0.0,,,,,,,
Scenario1,0,RE1,,PWRNGS001,,2043,,,,,,,,,,0.0,,,,,,,
Scenario1,0,RE1,,PWRNGS001,,2044,,,,,,,,,,0.0,,,,,,,
Scenario1,0,RE1,,PWRNGS001,,2045,,,,,,,,,,0.0,,,,,,,
Scenario1,0,RE1,,PWRNGS001,,2046,,,,,,,,,,0.0,,,,,,,
Scenario1,0,RE1,,PWRNGS001,,2047,,,,,,,,,,0.0,,,,,,,
Scenario1,0,RE1,,PWRNGS001,,2048,,,,,,,,,,0.0,,,,,,,
Scenario1,0,RE1,,PWRNGS001,,2049,,,,,,,,,,0.0,,,,,,,
Scenario1,0,RE1,,PWRNGS001,,2050,,,,,,,,,,0.0,,,,,,,
Scenario1,0,RE1,,PWRPHS001,,2019,,,,,,,,,,0.0,,,,,,,
Scenario1,0,RE1,,PWRPHS001,,2020,,,,,,,,,,0.0,,,,,,,
Scenario1,0,RE1,,PWRPHS001,,2021,,,,,,,,,,0.0,,,,,,,
Scenario1,0,RE1,,PWRPHS001,,2022,,,,,,,,,,0.0,,,,,,,
Scenario1,0,RE1,,PWRPHS001,,2023,,,,,,,,,,0.0,,,,,,,
Scenario1,0,RE1,,PWRPHS001,,2024,,,,,,,,,,0.0,,,,,,,
Scenario1,0,RE1,,PWRPHS001,,2025,,,,,,,,,,0.0,,,,,,,
Scenario1,0,RE1,,PWRPHS001,,2026,,,,,,,,,,0.0,,,,,,,
Scenario1,0,RE1,,PWRPHS001,,2027,,,,,,,,,,0.0,,,,,,,
Scenario1,0,RE1,,PWRPHS001,,2028,,,,,,,,,,0.0,,,,,,,
Scenario1,0,RE1,,PWRPHS001,,2029,,,,,,,,,,0.0,,,,,,,
Scenario1,0,RE1,,PWRPHS001,,2030,,,,,,,,,,0.0,,,,,,,
Scenario1,0,RE1,,PWRPHS001,,2031,,,,,,,,,,0.0,,,,,,,
Scenario1,0,RE1,,PWRPHS001,,2032,,,,,,,,,,0.0,,,,,,,
Scenario1,0,RE1,,PWRPHS001,,2033,,,,,,,,,,0.0,,,,,,,
Scenario1,0,RE1,,PWRPHS001,,2034,,,,,,,,,,192.42054709443266,,,,,,,
Scenario1,0,RE1,,PWRPHS001,,2035,,,,,,,,,,149.28432727053712,,,,,,,
Scenario1,0,RE1,,PWRPHS001,,2036,,,,,,,,,,0.0,,,,,,,
Scenario1,0,RE1,,PWRPHS001,,2037,,,,,,,,,,0.0,,,,,,,
Scenario1,0,RE1,,PWRPHS001,,2038,,,,,,,,,,0.0,,,,,,,
Scenario1,0,RE1,,PWRPHS001,,2039,,,,,,,,,,0.0,,,,,,,
Scenario1,0,RE1,,PWRPHS001,,2040,,,,,,,,,,0.0,,,,,,,
Scenario1,0,RE1,,PWRPHS001,,2041,,,,,,,,,,0.0,,,,,,,
Scenario1,0,RE1,,PWRPHS001,,2042,,,,,,,,,,0.0,,,,,,,
Scenario1,0,RE1,,PWRPHS001,,2043,,,,,,,,,,0.0,,,,,,,
Scenario1,0,RE1,,PWRPHS001,,2044,,,,,,,,,,0.0,,,,,,,
Scenario1,0,RE1,,PWRPHS001,,2045,,,,,,,,,,0.0,,,,,,,
Scenario1,0,RE1,,PWRPHS001,,2046,,,,,,,,,,0.0,,,,,,,
Scenario1,0,RE1,,PWRPHS001,,2047,,,,,,,,,,0.0,,,,,,,
Scenario1,0,RE1,,PWRPHS001,,2048,,,,,,,,,,0.0,,,,,,,
Scenario1,0,RE1,,PWRPHS001,,2049,,,,,,,,,,0.0,,,,,,,
Scenario1,0,RE1,,PWRPHS001,,2050,,,,,,,,,,0.0,,,,,,,
Scenario1,0,RE1,,PWRPHS002,,2019,,,,,,,,,,0.0,,,,,,,
Scenario1,0,RE1,,PWRPHS002,,2020,,,,,,,,,,0.0,,,,,,,
Scenario1,0,RE1,,PWRPHS002,,2021,,,,,,,,,,0.0,,,,,,,
Scenario1,0,RE1,,PWRPHS002,,2022,,,,,,,,,,0.0,,,,,,,
Scenario1,0,RE1,,PWRPHS002,,2023,,,,,,,,,,0.0,,,,,,,
Scenario1,0,RE1,,PWRPHS002,,2024,,,,,,,,,,0.0,,,,,,,
Scenario1,0,RE1,,PWRPHS002,,2025,,,,,,,,,,0.0,,,,,,,
Scenario1,0,RE1,,PWRPHS002,,2026,,,,,,,,,,0.0,,,,,,,
Scenario1,0,RE1,,PWRPHS002,,2027,,,,,,,,,,0.0,,,,,,,
Scenario1,0,RE1,,PWRPHS002,,2028,,,,,,,,,,0.0,,,,,,,
Scenario1,0,RE1,,PWRPHS002,,2029,,,,,,,,,,0.0,,,,,,,
Scenario1,0,RE1,,PWRPHS002,,2030,,,,,,,,,,0.0,,,,,,,
Scenario1,0,RE1,,PWRPHS002,,2031,,,,,,,,,,0.0,,,,,,,
Scenario1,0,RE1,,PWRPHS002,,2032,,,,,,,,,,0.0,,,,,,,
Scenario1,0,RE1,,PWRPHS002,,2033,,,,,,,,,,0.0,,,,,,,
Scenario1,0,RE1,,PWRPHS002,,2034,,,,,,,,,,341.409,,,,,,,
Scenario1,0,RE1,,PWRPHS002,,2035,,,,,,,,,,0.0,,,,,,,
Scenario1,0,RE1,,PWRPHS002,,2036,,,,,,,,,,0.0,,,,,,,
Scenario1,0,RE1,,PWRPHS002,,2037,,,,,,,,,,0.0,,,,,,,
Scenario1,0,RE1,,PWRPHS002,,2038,,,,,,,,,,0.0,,,,,,,
Scenario1,0,RE1,,PWRPHS002,,2039,,,,,,,,,,0.0,,,,,,,
Scenario1,0,RE1,,PWRPHS002,,2040,,,,,,,,,,0.0,,,,,,,
Scenario1,0,RE1,,PWRPHS002,,2041,,,,,,,,,,0.0,,,,,,,
Scenario1,0,RE1,,PWRPHS002,,2042,,,,,,,,,,0.0,,,,,,,
Scenario1,0,RE1,,PWRPHS002,,2043,,,,,,,,,,0.0,,,,,,,
Scenario1,0,RE1,,PWRPHS002,,2044,,,,,,,,,,0.0,,,,,,,
Scenario1,0,RE1,,PWRPHS002,,2045,,,,,,,,,,0.0,,,,,,,
Scenario1,0,RE1,,PWRPHS002,,2046,,,,,,,,,,0.0,,,,,,,
Scenario1,0,RE1,,PWRPHS002,,2047,,,,,,,,,,0.0,,,,,,,
Scenario1,0,RE1,,PWRPHS002,,2048,,,,,,,,,,0.0,,,,,,,
Scenario1,0,RE1,,PWRPHS002,,2049,,,,,,,,,,0.0,,,,,,,
Scenario1,0,RE1,,PWRPHS002,,2050,,,,,,,,,,0.0,,,,,,,
Scenario1,0,RE1,,PWRSOL001,,2019,,,,,,,,,,234.1665,,,,,,,
Scenario1,0,RE1,,PWRSOL001,,2020,,,,,,,,,,0.0,,,,,,,
Scenario1,0,RE1,,PWRSOL001,,2021,,,,,,,,,,0.0,,,,,,,
Scenario1,0,RE1,,PWRSOL001,,2022,,,,,,,,,,0.0,,,,,,,
Scenario1,0,RE1,,PWRSOL001,,2023,,,,,,,,,,0.0,,,,,,,
Scenario1,0,RE1,,PWRSOL001,,2024,,,,,,,,,,0.0,,,,,,,
Scenario1,0,RE1,,PWRSOL001,,2025,,,,,,,,,,0.0,,,,,,,
Scenario1,0,RE1,,PWRSOL001,,2026,,,,,,,,,,0.0,,,,,,,
Scenario1,0,RE1,,PWRSOL001,,2027,,,,,,,,,,0.0,,,,,,,
Scenario1,0,RE1,,PWRSOL001,,2028,,,,,,,,,,0.0,,,,,,,
Scenario1,0,RE1,,PWRSOL001,,2029,,,,,,,,,,0.0,,,,,,,
Scenario1,0,RE1,,PWRSOL001,,2030,,,,,,,,,,0.0,,,,,,,
Scenario1,0,RE1,,PWRSOL001,,2031,,,,,,,,,,0.0,,,,,,,
Scenario1,0,RE1,,PWRSOL001,,2032,,,,,,,,,,0.0,,,,,,,
Scenario1,0,RE1,,PWRSOL001,,2033,,,,,,,,,,0.0,,,,,,,
Scenario1,0,RE1,,PWRSOL001,,2034,,,,,,,,,,0.0,,,,,,,
Scenario1,0,RE1,,PWRSOL001,,2035,,,,,,,,,,0.0,,,,,,,
Scenario1,0,RE1,,PWRSOL001,,2036,,,,,,,,,,0.0,,,,,,,
Scenario1,0,RE1,,PWRSOL001,,2037,,,,,,,,,,0.0,,,,,,,
Scenario1,0,RE1,,PWRSOL001,,2038,,,,,,,,,,54.350399999999986,,,,,,,
Scenario1,0,RE1,,PWRSOL001,,2039,,,,,,,,,,0.0,,,,,,,
Scenario1,0,RE1,,PWRSOL001,,2040,,,,,,,,,,0.0,,,,,,,
Scenario1,0,RE1,,PWRSOL001,,2041,,,,,,,,,,0.0,,,,,,,
Scenario1,0,RE1,,PWRSOL001,,2042,,,,,,,,,,0.0,,,,,,,
Scenario1,0,RE1,,PWRSOL001,,2043,,,,,,,,,,0.0,,,,,,,
Scenario1,0,RE1,,PWRSOL001,,2044,,,,,,,,,,0.0,,,,,,,
Scenario1,0,RE1,,PWRSOL001,,2045,,,,,,,,,,0.0,,,,,,,
Scenario1,0,RE1,,PWRSOL001,,2046,,,,,,,,,,0.0,,,,,,,
Scenario1,0,RE1,,PWRSOL001,,2047,,,,,,,,,,0.0,,,,,,,
Scenario1,0,RE1,,PWRSOL001,,2048,,,,,,,,,,0.0,,,,,,,
Scenario1,0,RE1,,PWRSOL001,,2049,,,,,,,,,,0.0,,,,,,,
Scenario1,0,RE1,,PWRSOL001,,2050,,,,,,,,,,0.0,,,,,,,
Scenario1,0,RE1,,PWRSOL002,,2019,,,,,,,,,,0.0,,,,,,,
Scenario1,0,RE1,,PWRSOL002,,2020,,,,,,,,,,0.0,,,,,,,
Scenario1,0,RE1,,PWRSOL002,,2021,,,,,,,,,,0.0,,,,,,,
Scenario1,0,RE1,,PWRSOL002,,2022,,,,,,,,,,0.0,,,,,,,
Scenario1,0,RE1,,PWRSOL002,,2023,,,,,,,,,,0.0,,,,,,,
Scenario1,0,RE1,,PWRSOL002,,2024,,,,,,,,,,0.0,,,,,,,
Scenario1,0,RE1,,PWRSOL002,,2025,,,,,,,,,,0.0,,,,,,,
Scenario1,0,RE1,,PWRSOL002,,2026,,,,,,,,,,0.0,,,,,,,
Scenario1,0,RE1,,PWRSOL002,,2027,,,,,,,,,,0.0,,,,,,,
Scenario1,0,RE1,,PWRSOL002,,2028,,,,,,,,,,0.0,,,,,,,
Scenario1,0,RE1,,PWRSOL002,,2029,,,,,,,,,,0.0,,,,,,,
Scenario1,0,RE1,,PWRSOL002,,2030,,,,,,,,,,0.0,,,,,,,
Scenario1,0,RE1,,PWRSOL002,,2031,,,,,,,,,,0.0,,,,,,,
Scenario1,0,RE1,,PWRSOL002,,2032,,,,,,,,,,0.0,,,,,,,
Scenario1,0,RE1,,PWRSOL002,,2033,,,,,,,,,,0.0,,,,,,,
Scenario1,0,RE1,,PWRSOL002,,2034,,,,,,,,,,0.0,,,,,,,
Scenario1,0,RE1,,PWRSOL002,,2035,,,,,,,,,,0.0,,,,,,,
Scenario1,0,RE1,,PWRSOL002,,2036,,,,,,,,,,0.0,,,,,,,
Scenario1,0,RE1,,PWRSOL002,,2037,,,,,,,,,,0.0,,,,,,,
Scenario1,0,RE1,,PWRSOL002,,2038,,,,,,,,,,0.0,,,,,,,
Scenario1,0,RE1,,PWRSOL002,,2039,,,,,,,,,,0.0,,,,,,,
Scenario1,0,RE1,,PWRSOL002,,2040,,,,,,,,,,0.0,,,,,,,
Scenario1,0,RE1,,PWRSOL002,,2041,,,,,,,,,,0.0,,,,,,,
Scenario1,0,RE1,,PWRSOL002,,2042,,,,,,,,,,0.0,,,,,,,
Scenario1,0,RE1,,PWRSOL002,,2043,,,,,,,,,,0.0,,,,,,,
Scenario1,0,RE1,,PWRSOL002,,2044,,,,,,,,,,0.0,,,,,,,
Scenario1,0,RE1,,PWRSOL002,,2045,,,,,,,,,,0.0,,,,,,,
Scenario1,0,RE1,,PWRSOL002,,2046,,,,,,,,,,0.0,,,,,,,
Scenario1,0,RE1,,PWRSOL002,,2047,,,,,,,,,,0.0,,,,,,,
Scenario1,0,RE1,,PWRSOL002,,2048,,,,,,,,,,0.0,,,,,,,
Scenario1,0,RE1,,PWRSOL002,,2049,,,,,,,,,,0.0,,,,,,,
Scenario1,0,RE1,,PWRSOL002,,2050,,,,,,,,,,0.0,,,,,,,
Scenario1,0,RE1,,PWRTRN,,2019,,,,,,,,,,142.04559632648957,,,,,,,
Scenario1,0,RE1,,PWRTRN,,2020,,,,,,,,,,12.554475844922063,,,,,,,
Scenario1,0,RE1,,PWRTRN,,2021,,,,,,,,,,32.339796473535884,,,,,,,
Scenario1,0,RE1,,PWRTRN,,2022,,,,,,,,,,24.6265096499382,,,,,,,
Scenario1,0,RE1,,PWRTRN,,2023,,,,,,,,,,23.077423052088104,,,,,,,
Scenario1,0,RE1,,PWRTRN,,2024,,,,,,,,,,26.876561040147276,,,,,,,
Scenario1,0,RE1,,PWRTRN,,2025,,,,,,,,,,29.295734358050083,,,,,,,
Scenario1,0,RE1,,PWRTRN,,2026,,,,,,,,,,30.69235647207289,,,,,,,
Scenario1,0,RE1,,PWRTRN,,2027,,,,,,,,,,50.7480880236355,,,,,,,
Scenario1,0,RE1,,PWRTRN,,2028,,,,,,,,,,53.7167533876701,,,,,,,
Scenario1,0,RE1,,PWRTRN,,2029,,,,,,,,,,61.43718966882795,,,,,,,
Scenario1,0,RE1,,PWRTRN,,2030,,,,,,,,,,65.93134379606434,,,,,,,
Scenario1,0,RE1,,PWRTRN,,2031,,,,,,,,,,61.577850705117925,,,,,,,
Scenario1,0,RE1,,PWRTRN,,2032,,,,,,,,,,68.35062934229454,,,,,,,
Scenario1,0,RE1,,PWRTRN,,2033,,,,,,,,,,69.29307411673598,,,,,,,
Scenario1,0,RE1,,PWRTRN,,2034,,,,,,,,,,73.73338852726266,,,,,,,
Scenario1,0,RE1,,PWRTRN,,2035,,,,,,,,,,77.58602529338557,,,,,,,
Scenario1,0,RE1,,PWRTRN,,2036,,,,,,,,,,78.68011618554839,,,,,,,
Scenario1,0,RE1,,PWRTRN,,2037,,,,,,,,,,88.55953969842567,,,,,,,
Scenario1,0,RE1,,PWRTRN,,2038,,,,,,,,,,92.28070249286273,,,,,,,
Scenario1,0,RE1,,PWRTRN,,2039,,,,,,,,,,97.5817606928156,,,,,,,
Scenario1,0,RE1,,PWRTRN,,2040,,,,,,,,,,103.51655124043322,,,,,,,
Scenario1,0,RE1,,PWRTRN,,2041,,,,,,,,,,109.09786738167264,,,,,,,
Scenario1,0,RE1,,PWRTRN,,2042,,,,,,,,,,112.97215000097205,,,,,,,
Scenario1,0,RE1,,PWRTRN,,2043,,,,,,,,,,120.51872849028722,,,,,,,
Scenario1,0,RE1,,PWRTRN,,2044,,,,,,,,,,126.97763280481969,,,,,,,
Scenario1,0,RE1,,PWRTRN,,2045,,,,,,,,,,134.31612199392765,,,,,,,
Scenario1,0,RE1,,PWRTRN,,2046,,,,,,,,,,141.80392185936552,,,,,,,
Scenario1,0,RE1,,PWRTRN,,2047,,,,,,,,,,149.41013313381717,,,,,,,
Scenario1,0,RE1,,PWRTRN,,2048,,,,,,,,,,158.04245363462024,,,,,,,
Scenario1,0,RE1,,PWRTRN,,2049,,,,,,,,,,166.85524310005357,,,,,,,
Scenario1,0,RE1,,PWRTRN,,2050,,,,,,,,,,175.80389361896493,,,,,,,
Scenario1,0,RE1,,PWRURN001,,2019,,,,,,,,,,0.0,,,,,,,
Scenario1,0,RE1,,PWRURN001,,2020,,,,,,,,,,0.0,,,,,,,
Scenario1,0,RE1,,PWRURN001,,2021,,,,,,,,,,0.0,,,,,,,
Scenario1,0,RE1,,PWRURN001,,2022,,,,,,,,,,0.0,,,,,,,
Scenario1,0,RE1,,PWRURN001,,2023,,,,,,,,,,0.0,,,,,,,
Scenario1,0,RE1,,PWRURN001,,2024,,,,,,,,,,0.0,,,,,,,
Scenario1,0,RE1,,PWRURN001,,2025,,,,,,,,,,0.0,,,,,,,
Scenario1,0,RE1,,PWRURN001,,2026,,,,,,,,,,0.0,,,,,,,
Scenario1,0,RE1,,PWRURN001,,2027,,,,,,,,,,0.0,,,,,,,
Scenario1,0,RE1,,PWRURN001,,2028,,,,,,,,,,0.0,,,,,,,
Scenario1,0,RE1,,PWRURN001,,2029,,,,,,,,,,0.0,,,,,,,
Scenario1,0,RE1,,PWRURN001,,2030,,,,,,,,,,0.0,,,,,,,
Scenario1,0,RE1,,PWRURN001,,2031,,,,,,,,,,0.0,,,,,,,
Scenario1,0,RE1,,PWRURN001,,2032,,,,,,,,,,0.0,,,,,,,
Scenario1,0,RE1,,PWRURN001,,2033,,,,,,,,,,0.0,,,,,,,
Scenario1,0,RE1,,PWRURN001,,2034,,,,,,,,,,0.0,,,,,,,
Scenario1,0,RE1,,PWRURN001,,2035,,,,,,,,,,0.0,,,,,,,
Scenario1,0,RE1,,PWRURN001,,2036,,,,,,,,,,0.0,,,,,,,
Scenario1,0,RE1,,PWRURN001,,2037,,,,,,,,,,0.0,,,,,,,
Scenario1,0,RE1,,PWRURN001,,2038,,,,,,,,,,0.0,,,,,,,
Scenario1,0,RE1,,PWRURN001,,2039,,,,,,,,,,0.0,,,,,,,
Scenario1,0,RE1,,PWRURN001,,2040,,,,,,,,,,0.0,,,,,,,
Scenario1,0,RE1,,PWRURN001,,2041,,,,,,,,,,942.9425981640956,,,,,,,
Scenario1,0,RE1,,PWRURN001,,2042,,,,,,,,,,513.5574018359044,,,,,,,
Scenario1,0,RE1,,PWRURN001,,2043,,,,,,,,,,0.0,,,,,,,
Scenario1,0,RE1,,PWRURN001,,2044,,,,,,,,,,0.0,,,,,,,
Scenario1,0,RE1,,PWRURN001,,2045,,,,,,,,,,1456.5,,,,,,,
Scenario1,0,RE1,,PWRURN001,,2046,,,,,,,,,,0.0,,,,,,,
Scenario1,0,RE1,,PWRURN001,,2047,,,,,,,,,,0.0,,,,,,,
Scenario1,0,RE1,,PWRURN001,,2048,,,,,,,,,,0.0,,,,,,,
Scenario1,0,RE1,,PWRURN001,,2049,,,,,,,,,,1456.5,,,,,,,
Scenario1,0,RE1,,PWRURN001,,2050,,,,,,,,,,0.0,,,,,,,
Scenario1,0,RE1,,PWRWND001,,2019,,,,,,,,,,0.0,,,,,,,
Scenario1,0,RE1,,PWRWND001,,2020,,,,,,,,,,0.0,,,,,,,
Scenario1,0,RE1,,PWRWND001,,2021,,,,,,,,,,0.0,,,,,,,
Scenario1,0,RE1,,PWRWND001,,2022,,,,,,,,,,0.0,,,,,,,
Scenario1,0,RE1,,PWRWND001,,2023,,,,,,,,,,0.0,,,,,,,
Scenario1,0,RE1,,PWRWND001,,2024,,,,,,,,,,0.0,,,,,,,
Scenario1,0,RE1,,PWRWND001,,2025,,,,,,,,,,0.0,,,,,,,
Scenario1,0,RE1,,PWRWND001,,2026,,,,,,,,,,0.0,,,,,,,
Scenario1,0,RE1,,PWRWND001,,2027,,,,,,,,,,0.0,,,,,,,
Scenario1,0,RE1,,PWRWND001,,2028,,,,,,,,,,0.0,,,,,,,
Scenario1,0,RE1,,PWRWND001,,2029,,,,,,,,,,0.0,,,,,,,
Scenario1,0,RE1,,PWRWND001,,2030,,,,,,,,,,0.0,,,,,,,
Scenario1,0,RE1,,PWRWND001,,2031,,,,,,,,,,0.0,,,,,,,
Scenario1,0,RE1,,PWRWND001,,2032,,,,,,,,,,0.0,,,,,,,
Scenario1,0,RE1,,PWRWND001,,2033,,,,,,,,,,0.0,,,,,,,
Scenario1,0,RE1,,PWRWND001,,2034,,,,,,,,,,0.0,,,,,,,
Scenario1,0,RE1,,PWRWND001,,2035,,,,,,,,,,0.0,,,,,,,
Scenario1,0,RE1,,PWRWND001,,2036,,,,,,,,,,0.0,,,,,,,
Scenario1,0,RE1,,PWRWND001,,2037,,,,,,,,,,0.0,,,,,,,
Scenario1,0,RE1,,PWRWND001,,2038,,,,,,,,,,0.0,,,,,,,
Scenario1,0,RE1,,PWRWND001,,2039,,,,,,,,,,0.0,,,,,,,
Scenario1,0,RE1,,PWRWND001,,2040,,,,,,,,,,0.0,,,,,,,
Scenario1,0,RE1,,PWRWND001,,2041,,,,,,,,,,0.0,,,,,,,
Scenario1,0,RE1,,PWRWND001,,2042,,,,,,,,,,0.0,,,,,,,
Scenario1,0,RE1,,PWRWND001,,2043,,,,,,,,,,0.0,,,,,,,
Scenario1,0,RE1,,PWRWND001,,2044,,,,,,,,,,0.0,,,,,,,
Scenario1,0,RE1,,PWRWND001,,2045,,,,,,,,,,0.0,,,,,,,
Scenario1,0,RE1,,PWRWND001,,2046,,,,,,,,,,0.0,,,,,,,
Scenario1,0,RE1,,PWRWND001,,2047,,,,,,,,,,0.0,,,,,,,
Scenario1,0,RE1,,PWRWND001,,2048,,,,,,,,,,0.0,,,,,,,
Scenario1,0,RE1,,PWRWND001,,2049,,,,,,,,,,0.0,,,,,,,
Scenario1,0,RE1,,PWRWND001,,2050,,,,,,,,,,0.0,,,,,,,
Scenario1,0,RE1,,PWRWND002,,2019,,,,,,,,,,0.0,,,,,,,
Scenario1,0,RE1,,PWRWND002,,2020,,,,,,,,,,0.0,,,,,,,
Scenario1,0,RE1,,PWRWND002,,2021,,,,,,,,,,0.0,,,,,,,
Scenario1,0,RE1,,PWRWND002,,2022,,,,,,,,,,0.0,,,,,,,
Scenario1,0,RE1,,PWRWND002,,2023,,,,,,,,,,0.0,,,,,,,
Scenario1,0,RE1,,PWRWND002,,2024,,,,,,,,,,0.0,,,,,,,
Scenario1,0,RE1,,PWRWND002,,2025,,,,,,,,,,0.0,,,,,,,
Scenario1,0,RE1,,PWRWND002,,2026,,,,,,,,,,0.0,,,,,,,
Scenario1,0,RE1,,PWRWND002,,2027,,,,,,,,,,0.0,,,,,,,
Scenario1,0,RE1,,PWRWND002,,2028,,,,,,,,,,0.0,,,,,,,
Scenario1,0,RE1,,PWRWND002,,2029,,,,,,,,,,0.0,,,,,,,
Scenario1,0,RE1,,PWRWND002,,2030,,,,,,,,,,0.0,,,,,,,
Scenario1,0,RE1,,PWRWND002,,2031,,,,,,,,,,0.0,,,,,,,
Scenario1,0,RE1,,PWRWND002,,2032,,,,,,,,,,0.0,,,,,,,
Scenario1,0,RE1,,PWRWND002,,2033,,,,,,,,,,0.0,,,,,,,
Scenario1,0,RE1,,PWRWND002,,2034,,,,,,,,,,0.0,,,,,,,
Scenario1,0,RE1,,PWRWND002,,2035,,,,,,,,,,0.0,,,,,,,
Scenario1,0,RE1,,PWRWND002,,2036,,,,,,,,,,0.0,,,,,,,
Scenario1,0,RE1,,PWRWND002,,2037,,,,,,,,,,0.0,,,,,,,
Scenario1,0,RE1,,PWRWND002,,2038,,,,,,,,,,0.0,,,,,,,
Scenario1,0,RE1,,PWRWND002,,2039,,,,,,,,,,0.0,,,,,,,
Scenario1,0,RE1,,PWRWND002,,2040,,,,,,,,,,0.0,,,,,,,
Scenario1,0,RE1,,PWRWND002,,2041,,,,,,,,,,0.0,,,,,,,
Scenario1,0,RE1,,PWRWND002,,2042,,,,,,,,,,0.0,,,,,,,
Scenario1,0,RE1,,PWRWND002,,2043,,,,,,,,,,0.0,,,,,,,
Scenario1,0,RE1,,PWRWND002,,2044,,,,,,,,,,0.0,,,,,,,
Scenario1,0,RE1,,PWRWND002,,2045,,,,,,,,,,0.0,,,,,,,
Scenario1,0,RE1,,PWRWND002,,2046,,,,,,,,,,0.0,,,,,,,
Scenario1,0,RE1,,PWRWND002,,2047,,,,,,,,,,0.0,,,,,,,
Scenario1,0,RE1,,PWRWND002,,2048,,,,,,,,,,0.0,,,,,,,
Scenario1,0,RE1,,PWRWND002,,2049,,,,,,,,,,0.0,,,,,,,
Scenario1,0,RE1,,PWRWND002,,2050,,,,,,,,,,0.0,,,,,,,
Scenario1,0,RE1,,PWRWND003,,2019,,,,,,,,,,0.0,,,,,,,
Scenario1,0,RE1,,PWRWND003,,2020,,,,,,,,,,0.0,,,,,,,
Scenario1,0,RE1,,PWRWND003,,2021,,,,,,,,,,0.0,,,,,,,
Scenario1,0,RE1,,PWRWND003,,2022,,,,,,,,,,0.0,,,,,,,
Scenario1,0,RE1,,PWRWND003,,2023,,,,,,,,,,0.0,,,,,,,
Scenario1,0,RE1,,PWRWND003,,2024,,,,,,,,,,0.0,,,,,,,
Scenario1,0,RE1,,PWRWND003,,2025,,,,,,,,,,0.0,,,,,,,
Scenario1,0,RE1,,PWRWND003,,2026,,,,,,,,,,0.0,,,,,,,
Scenario1,0,RE1,,PWRWND003,,2027,,,,,,,,,,0.0,,,,,,,
Scenario1,0,RE1,,PWRWND003,,2028,,,,,,,,,,0.0,,,,,,,
Scenario1,0,RE1,,PWRWND003,,2029,,,,,,,,,,0.0,,,,,,,
Scenario1,0,RE1,,PWRWND003,,2030,,,,,,,,,,0.0,,,,,,,
Scenario1,0,RE1,,PWRWND003,,2031,,,,,,,,,,0.0,,,,,,,
Scenario1,0,RE1,,PWRWND003,,2032,,,,,,,,,,0.0,,,,,,,
Scenario1,0,RE1,,PWRWND003,,2033,,,,,,,,,,0.0,,,,,,,
Scenario1,0,RE1,,PWRWND003,,2034,,,,,,,,,,0.0,,,,,,,
Scenario1,0,RE1,,PWRWND003,,2035,,,,,,,,,,0.0,,,,,,,
Scenario1,0,RE1,,PWRWND003,,2036,,,,,,,,,,0.0,,,,,,,
Scenario1,0,RE1,,PWRWND003,,2037,,,,,,,,,,0.0,,,,,,,
Scenario1,0,RE1,,PWRWND003,,2038,,,,,,,,,,0.0,,,,,,,
Scenario1,0,RE1,,PWRWND003,,2039,,,,,,,,,,0.0,,,,,,,
Scenario1,0,RE1,,PWRWND003,,2040,,,,,,,,,,0.0,,,,,,,
Scenario1,0,RE1,,PWRWND003,,2041,,,,,,,,,,0.0,,,,,,,
Scenario1,0,RE1,,PWRWND003,,2042,,,,,,,,,,0.0,,,,,,,
Scenario1,0,RE1,,PWRWND003,,2043,,,,,,,,,,0.0,,,,,,,
Scenario1,0,RE1,,PWRWND003,,2044,,,,,,,,,,0.0,,,,,,,
Scenario1,0,RE1,,PWRWND003,,2045,,,,,,,,,,0.0,,,,,,,
Scenario1,0,RE1,,PWRWND003,,2046,,,,,,,,,,45.03267073510407,,,,,,,
Scenario1,0,RE1,,PWRWND003,,2047,,,,,,,,,,361.61717417790936,,,,,,,
Scenario1,0,RE1,,PWRWND003,,2048,,,,,,,,,,234.26347135106738,,,,,,,
Scenario1,0,RE1,,PWRWND003,,2049,,,,,,,,,,0.0,,,,,,,
Scenario1,0,RE1,,PWRWND003,,2050,,,,,,,,,,0.0,,,,,,,
Scenario1,0,RE1,,PWRWND004,,2019,,,,,,,,,,0.0,,,,,,,
Scenario1,0,RE1,,PWRWND004,,2020,,,,,,,,,,0.0,,,,,,,
Scenario1,0,RE1,,PWRWND004,,2021,,,,,,,,,,0.0,,,,,,,
Scenario1,0,RE1,,PWRWND004,,2022,,,,,,,,,,0.0,,,,,,,
Scenario1,0,RE1,,PWRWND004,,2023,,,,,,,,,,0.0,,,,,,,
Scenario1,0,RE1,,PWRWND004,,2024,,,,,,,,,,0.0,,,,,,,
Scenario1,0,RE1,,PWRWND004,,2025,,,,,,,,,,0.0,,,,,,,
Scenario1,0,RE1,,PWRWND004,,2026,,,,,,,,,,0.0,,,,,,,
Scenario1,0,RE1,,PWRWND004,,2027,,,,,,,,,,0.0,,,,,,,
Scenario1,0,RE1,,PWRWND004,,2028,,,,,,,,,,0.0,,,,,,,
Scenario1,0,RE1,,PWRWND004,,2029,,,,,,,,,,0.0,,,,,,,
Scenario1,0,RE1,,PWRWND004,,2030,,,,,,,,,,0.0,,,,,,,
Scenario1,0,RE1,,PWRWND004,,2031,,,,,,,,,,0.0,,,,,,,
Scenario1,0,RE1,,PWRWND004,,2032,,,,,,,,,,0.0,,,,,,,
Scenario1,0,RE1,,PWRWND004,,2033,,,,,,,,,,0.0,,,,,,,
Scenario1,0,RE1,,PWRWND004,,2034,,,,,,,,,,37.714584557984445,,,,,,,
Scenario1,0,RE1,,PWRWND004,,2035,,,,,,,,,,0.0,,,,,,,
Scenario1,0,RE1,,PWRWND004,,2036,,,,,,,,,,0.0,,,,,,,
Scenario1,0,RE1,,PWRWND004,,2037,,,,,,,,,,0.0,,,,,,,
Scenario1,0,RE1,,PWRWND004,,2038,,,,,,,,,,307.7749946563714,,,,,,,
Scenario1,0,RE1,,PWRWND004,,2039,,,,,,,,,,0.0,,,,,,,
Scenario1,0,RE1,,PWRWND004,,2040,,,,,,,,,,0.0,,,,,,,
Scenario1,0,RE1,,PWRWND004,,2041,,,,,,,,,,556.0251301189776,,,,,,,
Scenario1,0,RE1,,PWRWND004,,2042,,,,,,,,,,46.297594742496415,,,,,,,
Scenario1,0,RE1,,PWRWND004,,2043,,,,,,,,,,53.89110369668231,,,,,,,
Scenario1,0,RE1,,PWRWND004,,2044,,,,,,,,,,56.9537941232232,,,,,,,
Scenario1,0,RE1,,PWRWND004,,2045,,,,,,,,,,60.19282350710799,,,,,,,
Scenario1,0,RE1,,PWRWND004,,2046,,,,,,,,,,63.614832227488776,,,,,,,
Scenario1,0,RE1,,PWRWND004,,2047,,,,,,,,,,67.23236322274876,,,,,,,
Scenario1,0,RE1,,PWRWND004,,2048,,,,,,,,,,71.05500815165868,,,,,,,
Scenario1,0,RE1,,PWRWND004,,2049,,,,,,,,,,75.09530995260693,,,,,,,
Scenario1,0,RE1,,PWRWND004,,2050,,,,,,,,,,79.36433592417114,,,,,,,
Scenario1,0,RE1,,PWRWND005,,2019,,,,,,,,,,0.0,,,,,,,
Scenario1,0,RE1,,PWRWND005,,2020,,,,,,,,,,0.0,,,,,,,
Scenario1,0,RE1,,PWRWND005,,2021,,,,,,,,,,0.0,,,,,,,
Scenario1,0,RE1,,PWRWND005,,2022,,,,,,,,,,0.0,,,,,,,
Scenario1,0,RE1,,PWRWND005,,2023,,,,,,,,,,0.0,,,,,,,
Scenario1,0,RE1,,PWRWND005,,2024,,,,,,,,,,0.0,,,,,,,
Scenario1,0,RE1,,PWRWND005,,2025,,,,,,,,,,0.0,,,,,,,
Scenario1,0,RE1,,PWRWND005,,2026,,,,,,,,,,0.0,,,,,,,
Scenario1,0,RE1,,PWRWND005,,2027,,,,,,,,,,0.0,,,,,,,
Scenario1,0,RE1,,PWRWND005,,2028,,,,,,,,,,0.0,,,,,,,
Scenario1,0,RE1,,PWRWND005,,2029,,,,,,,,,,0.0,,,,,,,
Scenario1,0,RE1,,PWRWND005,,2030,,,,,,,,,,0.0,,,,,,,
Scenario1,0,RE1,,PWRWND005,,2031,,,,,,,,,,0.0,,,,,,,
Scenario1,0,RE1,,PWRWND005,,2032,,,,,,,,,,0.0,,,,,,,
Scenario1,0,RE1,,PWRWND005,,2033,,,,,,,,,,0.0,,,,,,,
Scenario1,0,RE1,,PWRWND005,,2034,,,,,,,,,,0.0,,,,,,,
Scenario1,0,RE1,,PWRWND005,,2035,,,,,,,,,,0.0,,,,,,,
Scenario1,0,RE1,,PWRWND005,,2036,,,,,,,,,,0.0,,,,,,,
Scenario1,0,RE1,,PWRWND005,,2037,,,,,,,,,,0.0,,,,,,,
Scenario1,0,RE1,,PWRWND005,,2038,,,,,,,,,,0.0,,,,,,,
Scenario1,0,RE1,,PWRWND005,,2039,,,,,,,,,,0.0,,,,,,,
Scenario1,0,RE1,,PWRWND005,,2040,,,,,,,,,,0.0,,,,,,,
Scenario1,0,RE1,,PWRWND005,,2041,,,,,,,,,,0.0,,,,,,,
Scenario1,0,RE1,,PWRWND005,,2042,,,,,,,,,,0.0,,,,,,,
Scenario1,0,RE1,,PWRWND005,,2043,,,,,,,,,,0.0,,,,,,,
Scenario1,0,RE1,,PWRWND005,,2044,,,,,,,,,,0.0,,,,,,,
Scenario1,0,RE1,,PWRWND005,,2045,,,,,,,,,,0.0,,,,,,,
Scenario1,0,RE1,,PWRWND005,,2046,,,,,,,,,,0.0,,,,,,,
Scenario1,0,RE1,,PWRWND005,,2047,,,,,,,,,,0.0,,,,,,,
Scenario1,0,RE1,,PWRWND005,,2048,,,,,,,,,,0.0,,,,,,,
Scenario1,0,RE1,,PWRWND005,,2049,,,,,,,,,,0.0,,,,,,,
Scenario1,0,RE1,,PWRWND005,,2050,,,,,,,,,,0.0,,,,,,,
Scenario1,0,RE1,,PWRWND006,,2019,,,,,,,,,,0.0,,,,,,,
Scenario1,0,RE1,,PWRWND006,,2020,,,,,,,,,,0.0,,,,,,,
Scenario1,0,RE1,,PWRWND006,,2021,,,,,,,,,,0.0,,,,,,,
Scenario1,0,RE1,,PWRWND006,,2022,,,,,,,,,,0.0,,,,,,,
Scenario1,0,RE1,,PWRWND006,,2023,,,,,,,,,,0.0,,,,,,,
Scenario1,0,RE1,,PWRWND006,,2024,,,,,,,,,,0.0,,,,,,,
Scenario1,0,RE1,,PWRWND006,,2025,,,,,,,,,,0.0,,,,,,,
Scenario1,0,RE1,,PWRWND006,,2026,,,,,,,,,,0.0,,,,,,,
Scenario1,0,RE1,,PWRWND006,,2027,,,,,,,,,,0.0,,,,,,,
Scenario1,0,RE1,,PWRWND006,,2028,,,,,,,,,,0.0,,,,,,,
Scenario1,0,RE1,,PWRWND006,,2029,,,,,,,,,,0.0,,,,,,,
Scenario1,0,RE1,,PWRWND006,,2030,,,,,,,,,,0.0,,,,,,,
Scenario1,0,RE1,,PWRWND006,,2031,,,,,,,,,,0.0,,,,,,,
Scenario1,0,RE1,,PWRWND006,,2032,,,,,,,,,,0.0,,,,,,,
Scenario1,0,RE1,,PWRWND006,,2033,,,,,,,,,,0.0,,,,,,,
Scenario1,0,RE1,,PWRWND006,,2034,,,,,,,,,,0.0,,,,,,,
Scenario1,0,RE1,,PWRWND006,,2035,,,,,,,,,,0.0,,,,,,,
Scenario1,0,RE1,,PWRWND006,,2036,,,,,,,,,,0.0,,,,,,,
Scenario1,0,RE1,,PWRWND006,,2037,,,,,,,,,,0.0,,,,,,,
Scenario1,0,RE1,,PWRWND006,,2038,,,,,,,,,,0.0,,,,,,,
Scenario1,0,RE1,,PWRWND006,,2039,,,,,,,,,,0.0,,,,,,,
Scenario1,0,RE1,,PWRWND006,,2040,,,,,,,,,,0.0,,,,,,,
Scenario1,0,RE1,,PWRWND006,,2041,,,,,,,,,,0.0,,,,,,,
Scenario1,0,RE1,,PWRWND006,,2042,,,,,,,,,,0.0,,,,,,,
Scenario1,0,RE1,,PWRWND006,,2043,,,,,,,,,,0.0,,,,,,,
Scenario1,0,RE1,,PWRWND006,,2044,,,,,,,,,,0.0,,,,,,,
Scenario1,0,RE1,,PWRWND006,,2045,,,,,,,,,,0.0,,,,,,,
Scenario1,0,RE1,,PWRWND006,,2046,,,,,,,,,,0.0,,,,,,,
Scenario1,0,RE1,,PWRWND006,,2047,,,,,,,,,,0.0,,,,,,,
Scenario1,0,RE1,,PWRWND006,,2048,,,,,,,,,,0.0,,,,,,,
Scenario1,0,RE1,,PWRWND006,,2049,,,,,,,,,,0.0,,,,,,,
Scenario1,0,RE1,,PWRWND006,,2050,,,,,,,,,,0.0,,,,,,,
Scenario1,0,RE1,,PWRWND007,,2019,,,,,,,,,,0.0,,,,,,,
Scenario1,0,RE1,,PWRWND007,,2020,,,,,,,,,,0.0,,,,,,,
Scenario1,0,RE1,,PWRWND007,,2021,,,,,,,,,,0.0,,,,,,,
Scenario1,0,RE1,,PWRWND007,,2022,,,,,,,,,,0.0,,,,,,,
Scenario1,0,RE1,,PWRWND007,,2023,,,,,,,,,,0.0,,,,,,,
Scenario1,0,RE1,,PWRWND007,,2024,,,,,,,,,,0.0,,,,,,,
Scenario1,0,RE1,,PWRWND007,,2025,,,,,,,,,,0.0,,,,,,,
Scenario1,0,RE1,,PWRWND007,,2026,,,,,,,,,,0.0,,,,,,,
Scenario1,0,RE1,,PWRWND007,,2027,,,,,,,,,,0.0,,,,,,,
Scenario1,0,RE1,,PWRWND007,,2028,,,,,,,,,,0.0,,,,,,,
Scenario1,0,RE1,,PWRWND007,,2029,,,,,,,,,,0.0,,,,,,,
Scenario1,0,RE1,,PWRWND007,,2030,,,,,,,,,,0.0,,,,,,,
Scenario1,0,RE1,,PWRWND007,,2031,,,,,,,,,,0.0,,,,,,,
Scenario1,0,RE1,,PWRWND007,,2032,,,,,,,,,,0.0,,,,,,,
Scenario1,0,RE1,,PWRWND007,,2033,,,,,,,,,,0.0,,,,,,,
Scenario1,0,RE1,,PWRWND007,,2034,,,,,,,,,,0.0,,,,,,,
Scenario1,0,RE1,,PWRWND007,,2035,,,,,,,,,,0.0,,,,,,,
Scenario1,0,RE1,,PWRWND007,,2036,,,,,,,,,,0.0,,,,,,,
Scenario1,0,RE1,,PWRWND007,,2037,,,,,,,,,,0.0,,,,,,,
Scenario1,0,RE1,,PWRWND007,,2038,,,,,,,,,,0.0,,,,,,,
Scenario1,0,RE1,,PWRWND007,,2039,,,,,,,,,,0.0,,,,,,,
Scenario1,0,RE1,,PWRWND007,,2040,,,,,,,,,,0.0,,,,,,,
Scenario1,0,RE1,,PWRWND007,,2041,,,,,,,,,,0.0,,,,,,,
Scenario1,0,RE1,,PWRWND007,,2042,,,,,,,,,,0.0,,,,,,,
Scenario1,0,RE1,,PWRWND007,,2043,,,,,,,,,,0.0,,,,,,,
Scenario1,0,RE1,,PWRWND007,,2044,,,,,,,,,,0.0,,,,,,,
Scenario1,0,RE1,,PWRWND007,,2045,,,,,,,,,,0.0,,,,,,,
Scenario1,0,RE1,,PWRWND007,,2046,,,,,,,,,,0.0,,,,,,,
Scenario1,0,RE1,,PWRWND007,,2047,,,,,,,,,,0.0,,,,,,,
Scenario1,0,RE1,,PWRWND007,,2048,,,,,,,,,,0.0,,,,,,,
Scenario1,0,RE1,,PWRWND007,,2049,,,,,,,,,,0.0,,,,,,,
Scenario1,0,RE1,,PWRWND007,,2050,,,,,,,,,,0.0,,,,,,,
Scenario1,0,RE1,,PWRWND008,,2019,,,,,,,,,,0.0,,,,,,,
Scenario1,0,RE1,,PWRWND008,,2020,,,,,,,,,,0.0,,,,,,,
Scenario1,0,RE1,,PWRWND008,,2021,,,,,,,,,,0.0,,,,,,,
Scenario1,0,RE1,,PWRWND008,,2022,,,,,,,,,,0.0,,,,,,,
Scenario1,0,RE1,,PWRWND008,,2023,,,,,,,,,,0.0,,,,,,,
Scenario1,0,RE1,,PWRWND008,,2024,,,,,,,,,,0.0,,,,,,,
Scenario1,0,RE1,,PWRWND008,,2025,,,,,,,,,,0.0,,,,,,,
Scenario1,0,RE1,,PWRWND008,,2026,,,,,,,,,,0.0,,,,,,,
Scenario1,0,RE1,,PWRWND008,,2027,,,,,,,,,,0.0,,,,,,,
Scenario1,0,RE1,,PWRWND008,,2028,,,,,,,,,,0.0,,,,,,,
Scenario1,0,RE1,,PWRWND008,,2029,,,,,,,,,,0.0,,,,,,,
Scenario1,0,RE1,,PWRWND008,,2030,,,,,,,,,,0.0,,,,,,,
Scenario1,0,RE1,,PWRWND008,,2031,,,,,,,,,,0.0,,,,,,,
Scenario1,0,RE1,,PWRWND008,,2032,,,,,,,,,,0.0,,,,,,,
Scenario1,0,RE1,,PWRWND008,,2033,,,,,,,,,,0.0,,,,,,,
Scenario1,0,RE1,,PWRWND008,,2034,,,,,,,,,,0.0,,,,,,,
Scenario1,0,RE1,,PWRWND008,,2035,,,,,,,,,,0.0,,,,,,,
Scenario1,0,RE1,,PWRWND008,,2036,,,,,,,,,,0.0,,,,,,,
Scenario1,0,RE1,,PWRWND008,,2037,,,,,,,,,,0.0,,,,,,,
Scenario1,0,RE1,,PWRWND008,,2038,,,,,,,,,,0.0,,,,,,,
Scenario1,0,RE1,,PWRWND008,,2039,,,,,,,,,,0.0,,,,,,,
Scenario1,0,RE1,,PWRWND008,,2040,,,,,,,,,,0.0,,,,,,,
Scenario1,0,RE1,,PWRWND008,,2041,,,,,,,,,,0.0,,,,,,,
Scenario1,0,RE1,,PWRWND008,,2042,,,,,,,,,,0.0,,,,,,,
Scenario1,0,RE1,,PWRWND008,,2043,,,,,,,,,,0.0,,,,,,,
Scenario1,0,RE1,,PWRWND008,,2044,,,,,,,,,,0.0,,,,,,,
Scenario1,0,RE1,,PWRWND008,,2045,,,,,,,,,,0.0,,,,,,,
Scenario1,0,RE1,,PWRWND008,,2046,,,,,,,,,,0.0,,,,,,,
Scenario1,0,RE1,,PWRWND008,,2047,,,,,,,,,,0.0,,,,,,,
Scenario1,0,RE1,,PWRWND008,,2048,,,,,,,,,,0.0,,,,,,,
Scenario1,0,RE1,,PWRWND008,,2049,,,,,,,,,,0.0,,,,,,,
Scenario1,0,RE1,,PWRWND008,,2050,,,,,,,,,,0.0,,,,,,,
Scenario1,0,RE1,,PWRWND009,,2019,,,,,,,,,,0.0,,,,,,,
Scenario1,0,RE1,,PWRWND009,,2020,,,,,,,,,,0.0,,,,,,,
Scenario1,0,RE1,,PWRWND009,,2021,,,,,,,,,,0.0,,,,,,,
Scenario1,0,RE1,,PWRWND009,,2022,,,,,,,,,,0.0,,,,,,,
Scenario1,0,RE1,,PWRWND009,,2023,,,,,,,,,,0.0,,,,,,,
Scenario1,0,RE1,,PWRWND009,,2024,,,,,,,,,,0.0,,,,,,,
Scenario1,0,RE1,,PWRWND009,,2025,,,,,,,,,,0.0,,,,,,,
Scenario1,0,RE1,,PWRWND009,,2026,,,,,,,,,,0.0,,,,,,,
Scenario1,0,RE1,,PWRWND009,,2027,,,,,,,,,,0.0,,,,,,,
Scenario1,0,RE1,,PWRWND009,,2028,,,,,,,,,,0.0,,,,,,,
Scenario1,0,RE1,,PWRWND009,,2029,,,,,,,,,,0.0,,,,,,,
Scenario1,0,RE1,,PWRWND009,,2030,,,,,,,,,,0.0,,,,,,,
Scenario1,0,RE1,,PWRWND009,,2031,,,,,,,,,,0.0,,,,,,,
Scenario1,0,RE1,,PWRWND009,,2032,,,,,,,,,,0.0,,,,,,,
Scenario1,0,RE1,,PWRWND009,,2033,,,,,,,,,,0.0,,,,,,,
Scenario1,0,RE1,,PWRWND009,,2034,,,,,,,,,,0.0,,,,,,,
Scenario1,0,RE1,,PWRWND009,,2035,,,,,,,,,,0.0,,,,,,,
Scenario1,0,RE1,,PWRWND009,,2036,,,,,,,,,,0.0,,,,,,,
Scenario1,0,RE1,,PWRWND009,,2037,,,,,,,,,,0.0,,,,,,,
Scenario1,0,RE1,,PWRWND009,,2038,,,,,,,,,,0.0,,,,,,,
Scenario1,0,RE1,,PWRWND009,,2039,,,,,,,,,,0.0,,,,,,,
Scenario1,0,RE1,,PWRWND009,,2040,,,,,,,,,,0.0,,,,,,,
Scenario1,0,RE1,,PWRWND009,,2041,,,,,,,,,,0.0,,,,,,,
Scenario1,0,RE1,,PWRWND009,,2042,,,,,,,,,,0.0,,,,,,,
Scenario1,0,RE1,,PWRWND009,,2043,,,,,,,,,,0.0,,,,,,,
Scenario1,0,RE1,,PWRWND009,,2044,,,,,,,,,,0.0,,,,,,,
Scenario1,0,RE1,,PWRWND009,,2045,,,,,,,,,,0.0,,,,,,,
Scenario1,0,RE1,,PWRWND009,,2046,,,,,,,,,,0.0,,,,,,,
Scenario1,0,RE1,,PWRWND009,,2047,,,,,,,,,,0.0,,,,,,,
Scenario1,0,RE1,,PWRWND009,,2048,,,,,,,,,,0.0,,,,,,,
Scenario1,0,RE1,,PWRWND009,,2049,,,,,,,,,,0.0,,,,,,,
Scenario1,0,RE1,,PWRWND009,,2050,,,,,,,,,,0.0,,,,,,,
Scenario1,0,RE1,,PWRWND010,,2019,,,,,,,,,,0.0,,,,,,,
Scenario1,0,RE1,,PWRWND010,,2020,,,,,,,,,,0.0,,,,,,,
Scenario1,0,RE1,,PWRWND010,,2021,,,,,,,,,,0.0,,,,,,,
Scenario1,0,RE1,,PWRWND010,,2022,,,,,,,,,,0.0,,,,,,,
Scenario1,0,RE1,,PWRWND010,,2023,,,,,,,,,,0.0,,,,,,,
Scenario1,0,RE1,,PWRWND010,,2024,,,,,,,,,,0.0,,,,,,,
Scenario1,0,RE1,,PWRWND010,,2025,,,,,,,,,,0.0,,,,,,,
Scenario1,0,RE1,,PWRWND010,,2026,,,,,,,,,,0.0,,,,,,,
Scenario1,0,RE1,,PWRWND010,,2027,,,,,,,,,,0.0,,,,,,,
Scenario1,0,RE1,,PWRWND010,,2028,,,,,,,,,,0.0,,,,,,,
Scenario1,0,RE1,,PWRWND010,,2029,,,,,,,,,,0.0,,,,,,,
Scenario1,0,RE1,,PWRWND010,,2030,,,,,,,,,,0.0,,,,,,,
Scenario1,0,RE1,,PWRWND010,,2031,,,,,,,,,,0.0,,,,,,,
Scenario1,0,RE1,,PWRWND010,,2032,,,,,,,,,,0.0,,,,,,,
Scenario1,0,RE1,,PWRWND010,,2033,,,,,,,,,,0.0,,,,,,,
Scenario1,0,RE1,,PWRWND010,,2034,,,,,,,,,,0.0,,,,,,,
Scenario1,0,RE1,,PWRWND010,,2035,,,,,,,,,,0.0,,,,,,,
Scenario1,0,RE1,,PWRWND010,,2036,,,,,,,,,,0.0,,,,,,,
Scenario1,0,RE1,,PWRWND010,,2037,,,,,,,,,,0.0,,,,,,,
Scenario1,0,RE1,,PWRWND010,,2038,,,,,,,,,,0.0,,,,,,,
Scenario1,0,RE1,,PWRWND010,,2039,,,,,,,,,,0.0,,,,,,,
Scenario1,0,RE1,,PWRWND010,,2040,,,,,,,,,,0.0,,,,,,,
Scenario1,0,RE1,,PWRWND010,,2041,,,,,,,,,,0.0,,,,,,,
Scenario1,0,RE1,,PWRWND010,,2042,,,,,,,,,,0.0,,,,,,,
Scenario1,0,RE1,,PWRWND010,,2043,,,,,,,,,,0.0,,,,,,,
Scenario1,0,RE1,,PWRWND010,,2044,,,,,,,,,,0.0,,,,,,,
Scenario1,0,RE1,,PWRWND010,,2045,,,,,,,,,,0.0,,,,,,,
Scenario1,0,RE1,,PWRWND010,,2046,,,,,,,,,,0.0,,,,,,,
Scenario1,0,RE1,,PWRWND010,,2047,,,,,,,,,,0.0,,,,,,,
Scenario1,0,RE1,,PWRWND010,,2048,,,,,,,,,,0.0,,,,,,,
Scenario1,0,RE1,,PWRWND010,,2049,,,,,,,,,,0.0,,,,,,,
Scenario1,0,RE1,,PWRWND010,,2050,,,,,,,,,,0.0,,,,,,,
Scenario1,0,RE1,,PWRWND011,,2019,,,,,,,,,,0.0,,,,,,,
Scenario1,0,RE1,,PWRWND011,,2020,,,,,,,,,,0.0,,,,,,,
Scenario1,0,RE1,,PWRWND011,,2021,,,,,,,,,,179.87999999999997,,,,,,,
Scenario1,0,RE1,,PWRWND011,,2022,,,,,,,,,,0.0,,,,,,,
Scenario1,0,RE1,,PWRWND011,,2023,,,,,,,,,,0.0,,,,,,,
Scenario1,0,RE1,,PWRWND011,,2024,,,,,,,,,,0.0,,,,,,,
Scenario1,0,RE1,,PWRWND011,,2025,,,,,,,,,,39.04889999999999,,,,,,,
Scenario1,0,RE1,,PWRWND011,,2026,,,,,,,,,,88.7475,,,,,,,
Scenario1,0,RE1,,PWRWND011,,2027,,,,,,,,,,0.0,,,,,,,
Scenario1,0,RE1,,PWRWND011,,2028,,,,,,,,,,0.0,,,,,,,
Scenario1,0,RE1,,PWRWND011,,2029,,,,,,,,,,0.0,,,,,,,
Scenario1,0,RE1,,PWRWND011,,2030,,,,,,,,,,0.0,,,,,,,
Scenario1,0,RE1,,PWRWND011,,2031,,,,,,,,,,0.0,,,,,,,
Scenario1,0,RE1,,PWRWND011,,2032,,,,,,,,,,0.0,,,,,,,
Scenario1,0,RE1,,PWRWND011,,2033,,,,,,,,,,0.0,,,,,,,
Scenario1,0,RE1,,PWRWND011,,2034,,,,,,,,,,0.0,,,,,,,
Scenario1,0,RE1,,PWRWND011,,2035,,,,,,,,,,0.0,,,,,,,
Scenario1,0,RE1,,PWRWND011,,2036,,,,,,,,,,0.0,,,,,,,
Scenario1,0,RE1,,PWRWND011,,2037,,,,,,,,,,0.0,,,,,,,
Scenario1,0,RE1,,PWRWND011,,2038,,,,,,,,,,0.0,,,,,,,
Scenario1,0,RE1,,PWRWND011,,2039,,,,,,,,,,0.0,,,,,,,
Scenario1,0,RE1,,PWRWND011,,2040,,,,,,,,,,0.0,,,,,,,
Scenario1,0,RE1,,PWRWND011,,2041,,,,,,,,,,0.0,,,,,,,
Scenario1,0,RE1,,PWRWND011,,2042,,,,,,,,,,0.0,,,,,,,
Scenario1,0,RE1,,PWRWND011,,2043,,,,,,,,,,0.0,,,,,,,
Scenario1,0,RE1,,PWRWND011,,2044,,,,,,,,,,0.0,,,,,,,
Scenario1,0,RE1,,PWRWND011,,2045,,,,,,,,,,0.0,,,,,,,
Scenario1,0,RE1,,PWRWND011,,2046,,,,,,,,,,0.0,,,,,,,
Scenario1,0,RE1,,PWRWND011,,2047,,,,,,,,,,0.0,,,,,,,
Scenario1,0,RE1,,PWRWND011,,2048,,,,,,,,,,0.0,,,,,,,
Scenario1,0,RE1,,PWRWND011,,2049,,,,,,,,,,0.0,,,,,,,
Scenario1,0,RE1,,PWRWND011,,2050,,,,,,,,,,0.0,,,,,,,
Scenario1,0,RE1,,BACKSTOP,CO2,2019,,,,,,,,,,,,,,,,0.0,
Scenario1,0,RE1,,BACKSTOP,CO2,2020,,,,,,,,,,,,,,,,0.0,
Scenario1,0,RE1,,BACKSTOP,CO2,2021,,,,,,,,,,,,,,,,0.0,
Scenario1,0,RE1,,BACKSTOP,CO2,2022,,,,,,,,,,,,,,,,0.0,
Scenario1,0,RE1,,BACKSTOP,CO2,2023,,,,,,,,,,,,,,,,0.0,
Scenario1,0,RE1,,BACKSTOP,CO2,2024,,,,,,,,,,,,,,,,0.0,
Scenario1,0,RE1,,BACKSTOP,CO2,2025,,,,,,,,,,,,,,,,0.0,
Scenario1,0,RE1,,BACKSTOP,CO2,2026,,,,,,,,,,,,,,,,0.0,
Scenario1,0,RE1,,BACKSTOP,CO2,2027,,,,,,,,,,,,,,,,0.0,
Scenario1,0,RE1,,BACKSTOP,CO2,2028,,,,,,,,,,,,,,,,0.0,
Scenario1,0,RE1,,BACKSTOP,CO2,2029,,,,,,,,,,,,,,,,0.0,
Scenario1,0,RE1,,BACKSTOP,CO2,2030,,,,,,,,,,,,,,,,0.0,
Scenario1,0,RE1,,BACKSTOP,CO2,2031,,,,,,,,,,,,,,,,0.0,
Scenario1,0,RE1,,BACKSTOP,CO2,2032,,,,,,,,,,,,,,,,0.0,
Scenario1,0,RE1,,BACKSTOP,CO2,2033,,,,,,,,,,,,,,,,0.0,
Scenario1,0,RE1,,BACKSTOP,CO2,2034,,,,,,,,,,,,,,,,0.0,
Scenario1,0,RE1,,BACKSTOP,CO2,2035,,,,,,,,,,,,,,,,0.0,
Scenario1,0,RE1,,BACKSTOP,CO2,2036,,,,,,,,,,,,,,,,0.0,
Scenario1,0,RE1,,BACKSTOP,CO2,2037,,,,,,,,,,,,,,,,0.0,
Scenario1,0,RE1,,BACKSTOP,CO2,2038,,,,,,,,,,,,,,,,0.0,
Scenario1,0,RE1,,BACKSTOP,CO2,2039,,,,,,,,,,,,,,,,0.0,
Scenario1,0,RE1,,BACKSTOP,CO2,2040,,,,,,,,,,,,,,,,0.0,
Scenario1,0,RE1,,BACKSTOP,CO2,2041,,,,,,,,,,,,,,,,0.0,
Scenario1,0,RE1,,BACKSTOP,CO2,2042,,,,,,,,,,,,,,,,0.0,
Scenario1,0,RE1,,BACKSTOP,CO2,2043,,,,,,,,,,,,,,,,0.0,
Scenario1,0,RE1,,BACKSTOP,CO2,2044,,,,,,,,,,,,,,,,0.0,
Scenario1,0,RE1,,BACKSTOP,CO2,2045,,,,,,,,,,,,,,,,0.0,
Scenario1,0,RE1,,BACKSTOP,CO2,2046,,,,,,,,,,,,,,,,0.0,
Scenario1,0,RE1,,BACKSTOP,CO2,2047,,,,,,,,,,,,,,,,0.0,
Scenario1,0,RE1,,BACKSTOP,CO2,2048,,,,,,,,,,,,,,,,0.0,
Scenario1,0,RE1,,BACKSTOP,CO2,2049,,,,,,,,,,,,,,,,0.0,
Scenario1,0,RE1,,BACKSTOP,CO2,2050,,,,,,,,,,,,,,,,0.0,
Scenario1,0,RE1,,BESS_TECH,CO2,2019,,,,,,,,,,,,,,,,0.0,
Scenario1,0,RE1,,BESS_TECH,CO2,2020,,,,,,,,,,,,,,,,0.0,
Scenario1,0,RE1,,BESS_TECH,CO2,2021,,,,,,,,,,,,,,,,0.0,
Scenario1,0,RE1,,BESS_TECH,CO2,2022,,,,,,,,,,,,,,,,0.0,
Scenario1,0,RE1,,BESS_TECH,CO2,2023,,,,,,,,,,,,,,,,0.0,
Scenario1,0,RE1,,BESS_TECH,CO2,2024,,,,,,,,,,,,,,,,0.0,
Scenario1,0,RE1,,BESS_TECH,CO2,2025,,,,,,,,,,,,,,,,0.0,
Scenario1,0,RE1,,BESS_TECH,CO2,2026,,,,,,,,,,,,,,,,0.0,
Scenario1,0,RE1,,BESS_TECH,CO2,2027,,,,,,,,,,,,,,,,0.0,
Scenario1,0,RE1,,BESS_TECH,CO2,2028,,,,,,,,,,,,,,,,0.0,
Scenario1,0,RE1,,BESS_TECH,CO2,2029,,,,,,,,,,,,,,,,0.0,
Scenario1,0,RE1,,BESS_TECH,CO2,2030,,,,,,,,,,,,,,,,0.0,
Scenario1,0,RE1,,BESS_TECH,CO2,2031,,,,,,,,,,,,,,,,0.0,
Scenario1,0,RE1,,BESS_TECH,CO2,2032,,,,,,,,,,,,,,,,0.0,
Scenario1,0,RE1,,BESS_TECH,CO2,2033,,,,,,,,,,,,,,,,0.0,
Scenario1,0,RE1,,BESS_TECH,CO2,2034,,,,,,,,,,,,,,,,0.0,
Scenario1,0,RE1,,BESS_TECH,CO2,2035,,,,,,,,,,,,,,,,0.0,
Scenario1,0,RE1,,BESS_TECH,CO2,2036,,,,,,,,,,,,,,,,0.0,
Scenario1,0,RE1,,BESS_TECH,CO2,2037,,,,,,,,,,,,,,,,0.0,
Scenario1,0,RE1,,BESS_TECH,CO2,2038,,,,,,,,,,,,,,,,0.0,
Scenario1,0,RE1,,BESS_TECH,CO2,2039,,,,,,,,,,,,,,,,0.0,
Scenario1,0,RE1,,BESS_TECH,CO2,2040,,,,,,,,,,,,,,,,0.0,
Scenario1,0,RE1,,BESS_TECH,CO2,2041,,,,,,,,,,,,,,,,0.0,
Scenario1,0,RE1,,BESS_TECH,CO2,2042,,,,,,,,,,,,,,,,0.0,
Scenario1,0,RE1,,BESS_TECH,CO2,2043,,,,,,,,,,,,,,,,0.0,
Scenario1,0,RE1,,BESS_TECH,CO2,2044,,,,,,,,,,,,,,,,0.0,
Scenario1,0,RE1,,BESS_TECH,CO2,2045,,,,,,,,,,,,,,,,0.0,
Scenario1,0,RE1,,BESS_TECH,CO2,2046,,,,,,,,,,,,,,,,0.0,
Scenario1,0,RE1,,BESS_TECH,CO2,2047,,,,,,,,,,,,,,,,0.0,
Scenario1,0,RE1,,BESS_TECH,CO2,2048,,,,,,,,,,,,,,,,0.0,
Scenario1,0,RE1,,BESS_TECH,CO2,2049,,,,,,,,,,,,,,,,0.0,
Scenario1,0,RE1,,BESS_TECH,CO2,2050,,,,,,,,,,,,,,,,0.0,
Scenario1,0,RE1,,DEMCOMELC,CO2,2019,,,,,,,,,,,,,,,,0.0,
Scenario1,0,RE1,,DEMCOMELC,CO2,2020,,,,,,,,,,,,,,,,0.0,
Scenario1,0,RE1,,DEMCOMELC,CO2,2021,,,,,,,,,,,,,,,,0.0,
Scenario1,0,RE1,,DEMCOMELC,CO2,2022,,,,,,,,,,,,,,,,0.0,
Scenario1,0,RE1,,DEMCOMELC,CO2,2023,,,,,,,,,,,,,,,,0.0,
Scenario1,0,RE1,,DEMCOMELC,CO2,2024,,,,,,,,,,,,,,,,0.0,
Scenario1,0,RE1,,DEMCOMELC,CO2,2025,,,,,,,,,,,,,,,,0.0,
Scenario1,0,RE1,,DEMCOMELC,CO2,2026,,,,,,,,,,,,,,,,0.0,
Scenario1,0,RE1,,DEMCOMELC,CO2,2027,,,,,,,,,,,,,,,,0.0,
Scenario1,0,RE1,,DEMCOMELC,CO2,2028,,,,,,,,,,,,,,,,0.0,
Scenario1,0,RE1,,DEMCOMELC,CO2,2029,,,,,,,,,,,,,,,,0.0,
Scenario1,0,RE1,,DEMCOMELC,CO2,2030,,,,,,,,,,,,,,,,0.0,
Scenario1,0,RE1,,DEMCOMELC,CO2,2031,,,,,,,,,,,,,,,,0.0,
Scenario1,0,RE1,,DEMCOMELC,CO2,2032,,,,,,,,,,,,,,,,0.0,
Scenario1,0,RE1,,DEMCOMELC,CO2,2033,,,,,,,,,,,,,,,,0.0,
Scenario1,0,RE1,,DEMCOMELC,CO2,2034,,,,,,,,,,,,,,,,0.0,
Scenario1,0,RE1,,DEMCOMELC,CO2,2035,,,,,,,,,,,,,,,,0.0,
Scenario1,0,RE1,,DEMCOMELC,CO2,2036,,,,,,,,,,,,,,,,0.0,
Scenario1,0,RE1,,DEMCOMELC,CO2,2037,,,,,,,,,,,,,,,,0.0,
Scenario1,0,RE1,,DEMCOMELC,CO2,2038,,,,,,,,,,,,,,,,0.0,
Scenario1,0,RE1,,DEMCOMELC,CO2,2039,,,,,,,,,,,,,,,,0.0,
Scenario1,0,RE1,,DEMCOMELC,CO2,2040,,,,,,,,,,,,,,,,0.0,
Scenario1,0,RE1,,DEMCOMELC,CO2,2041,,,,,,,,,,,,,,,,0.0,
Scenario1,0,RE1,,DEMCOMELC,CO2,2042,,,,,,,,,,,,,,,,0.0,
Scenario1,0,RE1,,DEMCOMELC,CO2,2043,,,,,,,,,,,,,,,,0.0,
Scenario1,0,RE1,,DEMCOMELC,CO2,2044,,,,,,,,,,,,,,,,0.0,
Scenario1,0,RE1,,DEMCOMELC,CO2,2045,,,,,,,,,,,,,,,,0.0,
Scenario1,0,RE1,,DEMCOMELC,CO2,2046,,,,,,,,,,,,,,,,0.0,
Scenario1,0,RE1,,DEMCOMELC,CO2,2047,,,,,,,,,,,,,,,,0.0,
Scenario1,0,RE1,,DEMCOMELC,CO2,2048,,,,,,,,,,,,,,,,0.0,
Scenario1,0,RE1,,DEMCOMELC,CO2,2049,,,,,,,,,,,,,,,,0.0,
Scenario1,0,RE1,,DEMCOMELC,CO2,2050,,,,,,,,,,,,,,,,0.0,
Scenario1,0,RE1,,DEMINDELC,CO2,2019,,,,,,,,,,,,,,,,0.0,
Scenario1,0,RE1,,DEMINDELC,CO2,2020,,,,,,,,,,,,,,,,0.0,
Scenario1,0,RE1,,DEMINDELC,CO2,2021,,,,,,,,,,,,,,,,0.0,
Scenario1,0,RE1,,DEMINDELC,CO2,2022,,,,,,,,,,,,,,,,0.0,
Scenario1,0,RE1,,DEMINDELC,CO2,2023,,,,,,,,,,,,,,,,0.0,
Scenario1,0,RE1,,DEMINDELC,CO2,2024,,,,,,,,,,,,,,,,0.0,
Scenario1,0,RE1,,DEMINDELC,CO2,2025,,,,,,,,,,,,,,,,0.0,
Scenario1,0,RE1,,DEMINDELC,CO2,2026,,,,,,,,,,,,,,,,0.0,
Scenario1,0,RE1,,DEMINDELC,CO2,2027,,,,,,,,,,,,,,,,0.0,
Scenario1,0,RE1,,DEMINDELC,CO2,2028,,,,,,,,,,,,,,,,0.0,
Scenario1,0,RE1,,DEMINDELC,CO2,2029,,,,,,,,,,,,,,,,0.0,
Scenario1,0,RE1,,DEMINDELC,CO2,2030,,,,,,,,,,,,,,,,0.0,
Scenario1,0,RE1,,DEMINDELC,CO2,2031,,,,,,,,,,,,,,,,0.0,
Scenario1,0,RE1,,DEMINDELC,CO2,2032,,,,,,,,,,,,,,,,0.0,
Scenario1,0,RE1,,DEMINDELC,CO2,2033,,,,,,,,,,,,,,,,0.0,
Scenario1,0,RE1,,DEMINDELC,CO2,2034,,,,,,,,,,,,,,,,0.0,
Scenario1,0,RE1,,DEMINDELC,CO2,2035,,,,,,,,,,,,,,,,0.0,
Scenario1,0,RE1,,DEMINDELC,CO2,2036,,,,,,,,,,,,,,,,0.0,
Scenario1,0,RE1,,DEMINDELC,CO2,2037,,,,,,,,,,,,,,,,0.0,
Scenario1,0,RE1,,DEMINDELC,CO2,2038,,,,,,,,,,,,,,,,0.0,
Scenario1,0,RE1,,DEMINDELC,CO2,2039,,,,,,,,,,,,,,,,0.0,
Scenario1,0,RE1,,DEMINDELC,CO2,2040,,,,,,,,,,,,,,,,0.0,
Scenario1,0,RE1,,DEMINDELC,CO2,2041,,,,,,,,,,,,,,,,0.0,
Scenario1,0,RE1,,DEMINDELC,CO2,2042,,,,,,,,,,,,,,,,0.0,
Scenario1,0,RE1,,DEMINDELC,CO2,2043,,,,,,,,,,,,,,,,0.0,
Scenario1,0,RE1,,DEMINDELC,CO2,2044,,,,,,,,,,,,,,,,0.0,
Scenario1,0,RE1,,DEMINDELC,CO2,2045,,,,,,,,,,,,,,,,0.0,
Scenario1,0,RE1,,DEMINDELC,CO2,2046,,,,,,,,,,,,,,,,0.0,
Scenario1,0,RE1,,DEMINDELC,CO2,2047,,,,,,,,,,,,,,,,0.0,
Scenario1,0,RE1,,DEMINDELC,CO2,2048,,,,,,,,,,,,,,,,0.0,
Scenario1,0,RE1,,DEMINDELC,CO2,2049,,,,,,,,,,,,,,,,0.0,
Scenario1,0,RE1,,DEMINDELC,CO2,2050,,,,,,,,,,,,,,,,0.0,
Scenario1,0,RE1,,DEMRESELC,CO2,2019,,,,,,,,,,,,,,,,0.0,
Scenario1,0,RE1,,DEMRESELC,CO2,2020,,,,,,,,,,,,,,,,0.0,
Scenario1,0,RE1,,DEMRESELC,CO2,2021,,,,,,,,,,,,,,,,0.0,
Scenario1,0,RE1,,DEMRESELC,CO2,2022,,,,,,,,,,,,,,,,0.0,
Scenario1,0,RE1,,DEMRESELC,CO2,2023,,,,,,,,,,,,,,,,0.0,
Scenario1,0,RE1,,DEMRESELC,CO2,2024,,,,,,,,,,,,,,,,0.0,
Scenario1,0,RE1,,DEMRESELC,CO2,2025,,,,,,,,,,,,,,,,0.0,
Scenario1,0,RE1,,DEMRESELC,CO2,2026,,,,,,,,,,,,,,,,0.0,
Scenario1,0,RE1,,DEMRESELC,CO2,2027,,,,,,,,,,,,,,,,0.0,
Scenario1,0,RE1,,DEMRESELC,CO2,2028,,,,,,,,,,,,,,,,0.0,
Scenario1,0,RE1,,DEMRESELC,CO2,2029,,,,,,,,,,,,,,,,0.0,
Scenario1,0,RE1,,DEMRESELC,CO2,2030,,,,,,,,,,,,,,,,0.0,
Scenario1,0,RE1,,DEMRESELC,CO2,2031,,,,,,,,,,,,,,,,0.0,
Scenario1,0,RE1,,DEMRESELC,CO2,2032,,,,,,,,,,,,,,,,0.0,
Scenario1,0,RE1,,DEMRESELC,CO2,2033,,,,,,,,,,,,,,,,0.0,
Scenario1,0,RE1,,DEMRESELC,CO2,2034,,,,,,,,,,,,,,,,0.0,
Scenario1,0,RE1,,DEMRESELC,CO2,2035,,,,,,,,,,,,,,,,0.0,
Scenario1,0,RE1,,DEMRESELC,CO2,2036,,,,,,,,,,,,,,,,0.0,
Scenario1,0,RE1,,DEMRESELC,CO2,2037,,,,,,,,,,,,,,,,0.0,
Scenario1,0,RE1,,DEMRESELC,CO2,2038,,,,,,,,,,,,,,,,0.0,
Scenario1,0,RE1,,DEMRESELC,CO2,2039,,,,,,,,,,,,,,,,0.0,
Scenario1,0,RE1,,DEMRESELC,CO2,2040,,,,,,,,,,,,,,,,0.0,
Scenario1,0,RE1,,DEMRESELC,CO2,2041,,,,,,,,,,,,,,,,0.0,
Scenario1,0,RE1,,DEMRESELC,CO2,2042,,,,,,,,,,,,,,,,0.0,
Scenario1,0,RE1,,DEMRESELC,CO2,2043,,,,,,,,,,,,,,,,0.0,
Scenario1,0,RE1,,DEMRESELC,CO2,2044,,,,,,,,,,,,,,,,0.0,
Scenario1,0,RE1,,DEMRESELC,CO2,2045,,,,,,,,,,,,,,,,0.0,
Scenario1,0,RE1,,DEMRESELC,CO2,2046,,,,,,,,,,,,,,,,0.0,
Scenario1,0,RE1,,DEMRESELC,CO2,2047,,,,,,,,,,,,,,,,0.0,
Scenario1,0,RE1,,DEMRESELC,CO2,2048,,,,,,,,,,,,,,,,0.0,
Scenario1,0,RE1,,DEMRESELC,CO2,2049,,,,,,,,,,,,,,,,0.0,
Scenario1,0,RE1,,DEMRESELC,CO2,2050,,,,,,,,,,,,,,,,0.0,
Scenario1,0,RE1,,EXPELC,CO2,2019,,,,,,,,,,,,,,,,0.0,
Scenario1,0,RE1,,EXPELC,CO2,2020,,,,,,,,,,,,,,,,0.0,
Scenario1,0,RE1,,EXPELC,CO2,2021,,,,,,,,,,,,,,,,0.0,
Scenario1,0,RE1,,EXPELC,CO2,2022,,,,,,,,,,,,,,,,0.0,
Scenario1,0,RE1,,EXPELC,CO2,2023,,,,,,,,,,,,,,,,0.0,
Scenario1,0,RE1,,EXPELC,CO2,2024,,,,,,,,,,,,,,,,0.0,
Scenario1,0,RE1,,EXPELC,CO2,2025,,,,,,,,,,,,,,,,0.0,
Scenario1,0,RE1,,EXPELC,CO2,2026,,,,,,,,,,,,,,,,0.0,
Scenario1,0,RE1,,EXPELC,CO2,2027,,,,,,,,,,,,,,,,0.0,
Scenario1,0,RE1,,EXPELC,CO2,2028,,,,,,,,,,,,,,,,0.0,
Scenario1,0,RE1,,EXPELC,CO2,2029,,,,,,,,,,,,,,,,0.0,
Scenario1,0,RE1,,EXPELC,CO2,2030,,,,,,,,,,,,,,,,0.0,
Scenario1,0,RE1,,EXPELC,CO2,2031,,,,,,,,,,,,,,,,0.0,
Scenario1,0,RE1,,EXPELC,CO2,2032,,,,,,,,,,,,,,,,0.0,
Scenario1,0,RE1,,EXPELC,CO2,2033,,,,,,,,,,,,,,,,0.0,
Scenario1,0,RE1,,EXPELC,CO2,2034,,,,,,,,,,,,,,,,0.0,
Scenario1,0,RE1,,EXPELC,CO2,2035,,,,,,,,,,,,,,,,0.0,
Scenario1,0,RE1,,EXPELC,CO2,2036,,,,,,,,,,,,,,,,0.0,
Scenario1,0,RE1,,EXPELC,CO2,2037,,,,,,,,,,,,,,,,0.0,
Scenario1,0,RE1,,EXPELC,CO2,2038,,,,,,,,,,,,,,,,0.0,
Scenario1,0,RE1,,EXPELC,CO2,2039,,,,,,,,,,,,,,,,0.0,
Scenario1,0,RE1,,EXPELC,CO2,2040,,,,,,,,,,,,,,,,0.0,
Scenario1,0,RE1,,EXPELC,CO2,2041,,,,,,,,,,,,,,,,0.0,
Scenario1,0,RE1,,EXPELC,CO2,2042,,,,,,,,,,,,,,,,0.0,
Scenario1,0,RE1,,EXPELC,CO2,2043,,,,,,,,,,,,,,,,0.0,
Scenario1,0,RE1,,EXPELC,CO2,2044,,,,,,,,,,,,,,,,0.0,
Scenario1,0,RE1,,EXPELC,CO2,2045,,,,,,,,,,,,,,,,0.0,
Scenario1,0,RE1,,EXPELC,CO2,2046,,,,,,,,,,,,,,,,0.0,
Scenario1,0,RE1,,EXPELC,CO2,2047,,,,,,,,,,,,,,,,0.0,
Scenario1,0,RE1,,EXPELC,CO2,2048,,,,,,,,,,,,,,,,0.0,
Scenario1,0,RE1,,EXPELC,CO2,2049,,,,,,,,,,,,,,,,0.0,
Scenario1,0,RE1,,EXPELC,CO2,2050,,,,,,,,,,,,,,,,0.0,
Scenario1,0,RE1,,IMPBIO,CO2,2019,,,,,,,,,,,,,,,,0.0,
Scenario1,0,RE1,,IMPBIO,CO2,2020,,,,,,,,,,,,,,,,0.0,
Scenario1,0,RE1,,IMPBIO,CO2,2021,,,,,,,,,,,,,,,,0.0,
Scenario1,0,RE1,,IMPBIO,CO2,2022,,,,,,,,,,,,,,,,0.0,
Scenario1,0,RE1,,IMPBIO,CO2,2023,,,,,,,,,,,,,,,,0.0,
Scenario1,0,RE1,,IMPBIO,CO2,2024,,,,,,,,,,,,,,,,0.0,
Scenario1,0,RE1,,IMPBIO,CO2,2025,,,,,,,,,,,,,,,,0.0,
Scenario1,0,RE1,,IMPBIO,CO2,2026,,,,,,,,,,,,,,,,0.0,
Scenario1,0,RE1,,IMPBIO,CO2,2027,,,,,,,,,,,,,,,,0.0,
Scenario1,0,RE1,,IMPBIO,CO2,2028,,,,,,,,,,,,,,,,0.0,
Scenario1,0,RE1,,IMPBIO,CO2,2029,,,,,,,,,,,,,,,,0.0,
Scenario1,0,RE1,,IMPBIO,CO2,2030,,,,,,,,,,,,,,,,0.0,
Scenario1,0,RE1,,IMPBIO,CO2,2031,,,,,,,,,,,,,,,,0.0,
Scenario1,0,RE1,,IMPBIO,CO2,2032,,,,,,,,,,,,,,,,0.0,
Scenario1,0,RE1,,IMPBIO,CO2,2033,,,,,,,,,,,,,,,,0.0,
Scenario1,0,RE1,,IMPBIO,CO2,2034,,,,,,,,,,,,,,,,0.0,
Scenario1,0,RE1,,IMPBIO,CO2,2035,,,,,,,,,,,,,,,,0.0,
Scenario1,0,RE1,,IMPBIO,CO2,2036,,,,,,,,,,,,,,,,0.0,
Scenario1,0,RE1,,IMPBIO,CO2,2037,,,,,,,,,,,,,,,,0.0,
Scenario1,0,RE1,,IMPBIO,CO2,2038,,,,,,,,,,,,,,,,0.0,
Scenario1,0,RE1,,IMPBIO,CO2,2039,,,,,,,,,,,,,,,,0.0,
Scenario1,0,RE1,,IMPBIO,CO2,2040,,,,,,,,,,,,,,,,0.0,
Scenario1,0,RE1,,IMPBIO,CO2,2041,,,,,,,,,,,,,,,,0.0,
Scenario1,0,RE1,,IMPBIO,CO2,2042,,,,,,,,,,,,,,,,0.0,
Scenario1,0,RE1,,IMPBIO,CO2,2043,,,,,,,,,,,,,,,,0.0,
Scenario1,0,RE1,,IMPBIO,CO2,2044,,,,,,,,,,,,,,,,0.0,
Scenario1,0,RE1,,IMPBIO,CO2,2045,,,,,,,,,,,,,,,,0.0,
Scenario1,0,RE1,,IMPBIO,CO2,2046,,,,,,,,,,,,,,,,0.0,
Scenario1,0,RE1,,IMPBIO,CO2,2047,,,,,,,,,,,,,,,,0.0,
Scenario1,0,RE1,,IMPBIO,CO2,2048,,,,,,,,,,,,,,,,0.0,
Scenario1,0,RE1,,IMPBIO,CO2,2049,,,,,,,,,,,,,,,,0.0,
Scenario1,0,RE1,,IMPBIO,CO2,2050,,,,,,,,,,,,,,,,0.0,
Scenario1,0,RE1,,IMPCOA,CO2,2019,,,,,,,,,,,,,,,,0.0,
Scenario1,0,RE1,,IMPCOA,CO2,2020,,,,,,,,,,,,,,,,0.0,
Scenario1,0,RE1,,IMPCOA,CO2,2021,,,,,,,,,,,,,,,,0.0,
Scenario1,0,RE1,,IMPCOA,CO2,2022,,,,,,,,,,,,,,,,0.0,
Scenario1,0,RE1,,IMPCOA,CO2,2023,,,,,,,,,,,,,,,,0.0,
Scenario1,0,RE1,,IMPCOA,CO2,2024,,,,,,,,,,,,,,,,0.0,
Scenario1,0,RE1,,IMPCOA,CO2,2025,,,,,,,,,,,,,,,,0.0,
Scenario1,0,RE1,,IMPCOA,CO2,2026,,,,,,,,,,,,,,,,0.0,
Scenario1,0,RE1,,IMPCOA,CO2,2027,,,,,,,,,,,,,,,,0.0,
Scenario1,0,RE1,,IMPCOA,CO2,2028,,,,,,,,,,,,,,,,0.0,
Scenario1,0,RE1,,IMPCOA,CO2,2029,,,,,,,,,,,,,,,,0.0,
Scenario1,0,RE1,,IMPCOA,CO2,2030,,,,,,,,,,,,,,,,0.0,
Scenario1,0,RE1,,IMPCOA,CO2,2031,,,,,,,,,,,,,,,,0.0,
Scenario1,0,RE1,,IMPCOA,CO2,2032,,,,,,,,,,,,,,,,0.0,
Scenario1,0,RE1,,IMPCOA,CO2,2033,,,,,,,,,,,,,,,,0.0,
Scenario1,0,RE1,,IMPCOA,CO2,2034,,,,,,,,,,,,,,,,0.0,
Scenario1,0,RE1,,IMPCOA,CO2,2035,,,,,,,,,,,,,,,,0.0,
Scenario1,0,RE1,,IMPCOA,CO2,2036,,,,,,,,,,,,,,,,0.0,
Scenario1,0,RE1,,IMPCOA,CO2,2037,,,,,,,,,,,,,,,,0.0,
Scenario1,0,RE1,,IMPCOA,CO2,2038,,,,,,,,,,,,,,,,0.0,
Scenario1,0,RE1,,IMPCOA,CO2,2039,,,,,,,,,,,,,,,,0.0,
Scenario1,0,RE1,,IMPCOA,CO2,2040,,,,,,,,,,,,,,,,0.0,
Scenario1,0,RE1,,IMPCOA,CO2,2041,,,,,,,,,,,,,,,,0.0,
Scenario1,0,RE1,,IMPCOA,CO2,2042,,,,,,,,,,,,,,,,0.0,
Scenario1,0,RE1,,IMPCOA,CO2,2043,,,,,,,,,,,,,,,,0.0,
Scenario1,0,RE1,,IMPCOA,CO2,2044,,,,,,,,,,,,,,,,0.0,
Scenario1,0,RE1,,IMPCOA,CO2,2045,,,,,,,,,,,,,,,,0.0,
Scenario1,0,RE1,,IMPCOA,CO2,2046,,,,,,,,,,,,,,,,0.0,
Scenario1,0,RE1,,IMPCOA,CO2,2047,,,,,,,,,,,,,,,,0.0,
Scenario1,0,RE1,,IMPCOA,CO2,2048,,,,,,,,,,,,,,,,0.0,
Scenario1,0,RE1,,IMPCOA,CO2,2049,,,,,,,,,,,,,,,,0.0,
Scenario1,0,RE1,,IMPCOA,CO2,2050,,,,,,,,,,,,,,,,0.0,
Scenario1,0,RE1,,IMPELC001,CO2,2019,,,,,,,,,,,,,,,,0.0,
Scenario1,0,RE1,,IMPELC001,CO2,2020,,,,,,,,,,,,,,,,0.0,
Scenario1,0,RE1,,IMPELC001,CO2,2021,,,,,,,,,,,,,,,,0.0,
Scenario1,0,RE1,,IMPELC001,CO2,2022,,,,,,,,,,,,,,,,0.0,
Scenario1,0,RE1,,IMPELC001,CO2,2023,,,,,,,,,,,,,,,,0.0,
Scenario1,0,RE1,,IMPELC001,CO2,2024,,,,,,,,,,,,,,,,0.0,
Scenario1,0,RE1,,IMPELC001,CO2,2025,,,,,,,,,,,,,,,,0.0,
Scenario1,0,RE1,,IMPELC001,CO2,2026,,,,,,,,,,,,,,,,0.0,
Scenario1,0,RE1,,IMPELC001,CO2,2027,,,,,,,,,,,,,,,,0.0,
Scenario1,0,RE1,,IMPELC001,CO2,2028,,,,,,,,,,,,,,,,0.0,
Scenario1,0,RE1,,IMPELC001,CO2,2029,,,,,,,,,,,,,,,,0.0,
Scenario1,0,RE1,,IMPELC001,CO2,2030,,,,,,,,,,,,,,,,0.0,
Scenario1,0,RE1,,IMPELC001,CO2,2031,,,,,,,,,,,,,,,,0.0,
Scenario1,0,RE1,,IMPELC001,CO2,2032,,,,,,,,,,,,,,,,0.0,
Scenario1,0,RE1,,IMPELC001,CO2,2033,,,,,,,,,,,,,,,,0.0,
Scenario1,0,RE1,,IMPELC001,CO2,2034,,,,,,,,,,,,,,,,0.0,
Scenario1,0,RE1,,IMPELC001,CO2,2035,,,,,,,,,,,,,,,,0.0,
Scenario1,0,RE1,,IMPELC001,CO2,2036,,,,,,,,,,,,,,,,0.0,
Scenario1,0,RE1,,IMPELC001,CO2,2037,,,,,,,,,,,,,,,,0.0,
Scenario1,0,RE1,,IMPELC001,CO2,2038,,,,,,,,,,,,,,,,0.0,
Scenario1,0,RE1,,IMPELC001,CO2,2039,,,,,,,,,,,,,,,,0.0,
Scenario1,0,RE1,,IMPELC001,CO2,2040,,,,,,,,,,,,,,,,0.0,
Scenario1,0,RE1,,IMPELC001,CO2,2041,,,,,,,,,,,,,,,,0.0,
Scenario1,0,RE1,,IMPELC001,CO2,2042,,,,,,,,,,,,,,,,0.0,
Scenario1,0,RE1,,IMPELC001,CO2,2043,,,,,,,,,,,,,,,,0.0,
Scenario1,0,RE1,,IMPELC001,CO2,2044,,,,,,,,,,,,,,,,0.0,
Scenario1,0,RE1,,IMPELC001,CO2,2045,,,,,,,,,,,,,,,,0.0,
Scenario1,0,RE1,,IMPELC001,CO2,2046,,,,,,,,,,,,,,,,0.0,
Scenario1,0,RE1,,IMPELC001,CO2,2047,,,,,,,,,,,,,,,,0.0,
Scenario1,0,RE1,,IMPELC001,CO2,2048,,,,,,,,,,,,,,,,0.0,
Scenario1,0,RE1,,IMPELC001,CO2,2049,,,,,,,,,,,,,,,,0.0,
Scenario1,0,RE1,,IMPELC001,CO2,2050,,,,,,,,,,,,,,,,0.0,
Scenario1,0,RE1,,IMPELC002,CO2,2019,,,,,,,,,,,,,,,,0.0,
Scenario1,0,RE1,,IMPELC002,CO2,2020,,,,,,,,,,,,,,,,0.0,
Scenario1,0,RE1,,IMPELC002,CO2,2021,,,,,,,,,,,,,,,,0.0,
Scenario1,0,RE1,,IMPELC002,CO2,2022,,,,,,,,,,,,,,,,0.0,
Scenario1,0,RE1,,IMPELC002,CO2,2023,,,,,,,,,,,,,,,,0.0,
Scenario1,0,RE1,,IMPELC002,CO2,2024,,,,,,,,,,,,,,,,0.0,
Scenario1,0,RE1,,IMPELC002,CO2,2025,,,,,,,,,,,,,,,,0.0,
Scenario1,0,RE1,,IMPELC002,CO2,2026,,,,,,,,,,,,,,,,0.0,
Scenario1,0,RE1,,IMPELC002,CO2,2027,,,,,,,,,,,,,,,,0.0,
Scenario1,0,RE1,,IMPELC002,CO2,2028,,,,,,,,,,,,,,,,0.0,
Scenario1,0,RE1,,IMPELC002,CO2,2029,,,,,,,,,,,,,,,,0.0,
Scenario1,0,RE1,,IMPELC002,CO2,2030,,,,,,,,,,,,,,,,0.0,
Scenario1,0,RE1,,IMPELC002,CO2,2031,,,,,,,,,,,,,,,,0.0,
Scenario1,0,RE1,,IMPELC002,CO2,2032,,,,,,,,,,,,,,,,0.0,
Scenario1,0,RE1,,IMPELC002,CO2,2033,,,,,,,,,,,,,,,,0.0,
Scenario1,0,RE1,,IMPELC002,CO2,2034,,,,,,,,,,,,,,,,0.0,
Scenario1,0,RE1,,IMPELC002,CO2,2035,,,,,,,,,,,,,,,,0.0,
Scenario1,0,RE1,,IMPELC002,CO2,2036,,,,,,,,,,,,,,,,0.0,
Scenario1,0,RE1,,IMPELC002,CO2,2037,,,,,,,,,,,,,,,,0.0,
Scenario1,0,RE1,,IMPELC002,CO2,2038,,,,,,,,,,,,,,,,0.0,
Scenario1,0,RE1,,IMPELC002,CO2,2039,,,,,,,,,,,,,,,,0.0,
Scenario1,0,RE1,,IMPELC002,CO2,2040,,,,,,,,,,,,,,,,0.0,
Scenario1,0,RE1,,IMPELC002,CO2,2041,,,,,,,,,,,,,,,,0.0,
Scenario1,0,RE1,,IMPELC002,CO2,2042,,,,,,,,,,,,,,,,0.0,
Scenario1,0,RE1,,IMPELC002,CO2,2043,,,,,,,,,,,,,,,,0.0,
Scenario1,0,RE1,,IMPELC002,CO2,2044,,,,,,,,,,,,,,,,0.0,
Scenario1,0,RE1,,IMPELC002,CO2,2045,,,,,,,,,,,,,,,,0.0,
Scenario1,0,RE1,,IMPELC002,CO2,2046,,,,,,,,,,,,,,,,0.0,
Scenario1,0,RE1,,IMPELC002,CO2,2047,,,,,,,,,,,,,,,,0.0,
Scenario1,0,RE1,,IMPELC002,CO2,2048,,,,,,,,,,,,,,,,0.0,
Scenario1,0,RE1,,IMPELC002,CO2,2049,,,,,,,,,,,,,,,,0.0,
Scenario1,0,RE1,,IMPELC002,CO2,2050,,,,,,,,,,,,,,,,0.0,
Scenario1,0,RE1,,IMPHFOMOM,CO2,2019,,,,,,,,,,,,,,,,0.0,
Scenario1,0,RE1,,IMPHFOMOM,CO2,2020,,,,,,,,,,,,,,,,0.0,
Scenario1,0,RE1,,IMPHFOMOM,CO2,2021,,,,,,,,,,,,,,,,0.0,
Scenario1,0,RE1,,IMPHFOMOM,CO2,2022,,,,,,,,,,,,,,,,0.0,
Scenario1,0,RE1,,IMPHFOMOM,CO2,2023,,,,,,,,,,,,,,,,0.0,
Scenario1,0,RE1,,IMPHFOMOM,CO2,2024,,,,,,,,,,,,,,,,0.0,
Scenario1,0,RE1,,IMPHFOMOM,CO2,2025,,,,,,,,,,,,,,,,0.0,
Scenario1,0,RE1,,IMPHFOMOM,CO2,2026,,,,,,,,,,,,,,,,0.0,
Scenario1,0,RE1,,IMPHFOMOM,CO2,2027,,,,,,,,,,,,,,,,0.0,
Scenario1,0,RE1,,IMPHFOMOM,CO2,2028,,,,,,,,,,,,,,,,0.0,
Scenario1,0,RE1,,IMPHFOMOM,CO2,2029,,,,,,,,,,,,,,,,0.0,
Scenario1,0,RE1,,IMPHFOMOM,CO2,2030,,,,,,,,,,,,,,,,0.0,
Scenario1,0,RE1,,IMPHFOMOM,CO2,2031,,,,,,,,,,,,,,,,0.0,
Scenario1,0,RE1,,IMPHFOMOM,CO2,2032,,,,,,,,,,,,,,,,0.0,
Scenario1,0,RE1,,IMPHFOMOM,CO2,2033,,,,,,,,,,,,,,,,0.0,
Scenario1,0,RE1,,IMPHFOMOM,CO2,2034,,,,,,,,,,,,,,,,0.0,
Scenario1,0,RE1,,IMPHFOMOM,CO2,2035,,,,,,,,,,,,,,,,0.0,
Scenario1,0,RE1,,IMPHFOMOM,CO2,2036,,,,,,,,,,,,,,,,0.0,
Scenario1,0,RE1,,IMPHFOMOM,CO2,2037,,,,,,,,,,,,,,,,0.0,
Scenario1,0,RE1,,IMPHFOMOM,CO2,2038,,,,,,,,,,,,,,,,0.0,
Scenario1,0,RE1,,IMPHFOMOM,CO2,2039,,,,,,,,,,,,,,,,0.0,
Scenario1,0,RE1,,IMPHFOMOM,CO2,2040,,,,,,,,,,,,,,,,0.0,
Scenario1,0,RE1,,IMPHFOMOM,CO2,2041,,,,,,,,,,,,,,,,0.0,
Scenario1,0,RE1,,IMPHFOMOM,CO2,2042,,,,,,,,,,,,,,,,0.0,
Scenario1,0,RE1,,IMPHFOMOM,CO2,2043,,,,,,,,,,,,,,,,0.0,
Scenario1,0,RE1,,IMPHFOMOM,CO2,2044,,,,,,,,,,,,,,,,0.0,
Scenario1,0,RE1,,IMPHFOMOM,CO2,2045,,,,,,,,,,,,,,,,0.0,
Scenario1,0,RE1,,IMPHFOMOM,CO2,2046,,,,,,,,,,,,,,,,0.0,
Scenario1,0,RE1,,IMPHFOMOM,CO2,2047,,,,,,,,,,,,,,,,0.0,
Scenario1,0,RE1,,IMPHFOMOM,CO2,2048,,,,,,,,,,,,,,,,0.0,
Scenario1,0,RE1,,IMPHFOMOM,CO2,2049,,,,,,,,,,,,,,,,0.0,
Scenario1,0,RE1,,IMPHFOMOM,CO2,2050,,,,,,,,,,,,,,,,0.0,
Scenario1,0,RE1,,IMPHFONAI,CO2,2019,,,,,,,,,,,,,,,,0.0,
Scenario1,0,RE1,,IMPHFONAI,CO2,2020,,,,,,,,,,,,,,,,0.0,
Scenario1,0,RE1,,IMPHFONAI,CO2,2021,,,,,,,,,,,,,,,,0.0,
Scenario1,0,RE1,,IMPHFONAI,CO2,2022,,,,,,,,,,,,,,,,0.0,
Scenario1,0,RE1,,IMPHFONAI,CO2,2023,,,,,,,,,,,,,,,,0.0,
Scenario1,0,RE1,,IMPHFONAI,CO2,2024,,,,,,,,,,,,,,,,0.0,
Scenario1,0,RE1,,IMPHFONAI,CO2,2025,,,,,,,,,,,,,,,,0.0,
Scenario1,0,RE1,,IMPHFONAI,CO2,2026,,,,,,,,,,,,,,,,0.0,
Scenario1,0,RE1,,IMPHFONAI,CO2,2027,,,,,,,,,,,,,,,,0.0,
Scenario1,0,RE1,,IMPHFONAI,CO2,2028,,,,,,,,,,,,,,,,0.0,
Scenario1,0,RE1,,IMPHFONAI,CO2,2029,,,,,,,,,,,,,,,,0.0,
Scenario1,0,RE1,,IMPHFONAI,CO2,2030,,,,,,,,,,,,,,,,0.0,
Scenario1,0,RE1,,IMPHFONAI,CO2,2031,,,,,,,,,,,,,,,,0.0,
Scenario1,0,RE1,,IMPHFONAI,CO2,2032,,,,,,,,,,,,,,,,0.0,
Scenario1,0,RE1,,IMPHFONAI,CO2,2033,,,,,,,,,,,,,,,,0.0,
Scenario1,0,RE1,,IMPHFONAI,CO2,2034,,,,,,,,,,,,,,,,0.0,
Scenario1,0,RE1,,IMPHFONAI,CO2,2035,,,,,,,,,,,,,,,,0.0,
Scenario1,0,RE1,,IMPHFONAI,CO2,2036,,,,,,,,,,,,,,,,0.0,
Scenario1,0,RE1,,IMPHFONAI,CO2,2037,,,,,,,,,,,,,,,,0.0,
Scenario1,0,RE1,,IMPHFONAI,CO2,2038,,,,,,,,,,,,,,,,0.0,
Scenario1,0,RE1,,IMPHFONAI,CO2,2039,,,,,,,,,,,,,,,,0.0,
Scenario1,0,RE1,,IMPHFONAI,CO2,2040,,,,,,,,,,,,,,,,0.0,
Scenario1,0,RE1,,IMPHFONAI,CO2,2041,,,,,,,,,,,,,,,,0.0,
Scenario1,0,RE1,,IMPHFONAI,CO2,2042,,,,,,,,,,,,,,,,0.0,
Scenario1,0,RE1,,IMPHFONAI,CO2,2043,,,,,,,,,,,,,,,,0.0,
Scenario1,0,RE1,,IMPHFONAI,CO2,2044,,,,,,,,,,,,,,,,0.0,
Scenario1,0,RE1,,IMPHFONAI,CO2,2045,,,,,,,,,,,,,,,,0.0,
Scenario1,0,RE1,,IMPHFONAI,CO2,2046,,,,,,,,,,,,,,,,0.0,
Scenario1,0,RE1,,IMPHFONAI,CO2,2047,,,,,,,,,,,,,,,,0.0,
Scenario1,0,RE1,,IMPHFONAI,CO2,2048,,,,,,,,,,,,,,,,0.0,
Scenario1,0,RE1,,IMPHFONAI,CO2,2049,,,,,,,,,,,,,,,,0.0,
Scenario1,0,RE1,,IMPHFONAI,CO2,2050,,,,,,,,,,,,,,,,0.0,
Scenario1,0,RE1,,IMPLFOELD,CO2,2019,,,,,,,,,,,,,,,,0.0,
Scenario1,0,RE1,,IMPLFOELD,CO2,2020,,,,,,,,,,,,,,,,0.0,
Scenario1,0,RE1,,IMPLFOELD,CO2,2021,,,,,,,,,,,,,,,,0.0,
Scenario1,0,RE1,,IMPLFOELD,CO2,2022,,,,,,,,,,,,,,,,0.0,
Scenario1,0,RE1,,IMPLFOELD,CO2,2023,,,,,,,,,,,,,,,,0.0,
Scenario1,0,RE1,,IMPLFOELD,CO2,2024,,,,,,,,,,,,,,,,0.0,
Scenario1,0,RE1,,IMPLFOELD,CO2,2025,,,,,,,,,,,,,,,,0.0,
Scenario1,0,RE1,,IMPLFOELD,CO2,2026,,,,,,,,,,,,,,,,0.0,
Scenario1,0,RE1,,IMPLFOELD,CO2,2027,,,,,,,,,,,,,,,,0.0,
Scenario1,0,RE1,,IMPLFOELD,CO2,2028,,,,,,,,,,,,,,,,0.0,
Scenario1,0,RE1,,IMPLFOELD,CO2,2029,,,,,,,,,,,,,,,,0.0,
Scenario1,0,RE1,,IMPLFOELD,CO2,2030,,,,,,,,,,,,,,,,0.0,
Scenario1,0,RE1,,IMPLFOELD,CO2,2031,,,,,,,,,,,,,,,,0.0,
Scenario1,0,RE1,,IMPLFOELD,CO2,2032,,,,,,,,,,,,,,,,0.0,
Scenario1,0,RE1,,IMPLFOELD,CO2,2033,,,,,,,,,,,,,,,,0.0,
Scenario1,0,RE1,,IMPLFOELD,CO2,2034,,,,,,,,,,,,,,,,0.0,
Scenario1,0,RE1,,IMPLFOELD,CO2,2035,,,,,,,,,,,,,,,,0.0,
Scenario1,0,RE1,,IMPLFOELD,CO2,2036,,,,,,,,,,,,,,,,0.0,
Scenario1,0,RE1,,IMPLFOELD,CO2,2037,,,,,,,,,,,,,,,,0.0,
Scenario1,0,RE1,,IMPLFOELD,CO2,2038,,,,,,,,,,,,,,,,0.0,
Scenario1,0,RE1,,IMPLFOELD,CO2,2039,,,,,,,,,,,,,,,,0.0,
Scenario1,0,RE1,,IMPLFOELD,CO2,2040,,,,,,,,,,,,,,,,0.0,
Scenario1,0,RE1,,IMPLFOELD,CO2,2041,,,,,,,,,,,,,,,,0.0,
Scenario1,0,RE1,,IMPLFOELD,CO2,2042,,,,,,,,,,,,,,,,0.0,
Scenario1,0,RE1,,IMPLFOELD,CO2,2043,,,,,,,,,,,,,,,,0.0,
Scenario1,0,RE1,,IMPLFOELD,CO2,2044,,,,,,,,,,,,,,,,0.0,
Scenario1,0,RE1,,IMPLFOELD,CO2,2045,,,,,,,,,,,,,,,,0.0,
Scenario1,0,RE1,,IMPLFOELD,CO2,2046,,,,,,,,,,,,,,,,0.0,
Scenario1,0,RE1,,IMPLFOELD,CO2,2047,,,,,,,,,,,,,,,,0.0,
Scenario1,0,RE1,,IMPLFOELD,CO2,2048,,,,,,,,,,,,,,,,0.0,
Scenario1,0,RE1,,IMPLFOELD,CO2,2049,,,,,,,,,,,,,,,,0.0,
Scenario1,0,RE1,,IMPLFOELD,CO2,2050,,,,,,,,,,,,,,,,0.0,
Scenario1,0,RE1,,IMPNGS,CO2,2019,,,,,,,,,,,,,,,,0.0,
Scenario1,0,RE1,,IMPNGS,CO2,2020,,,,,,,,,,,,,,,,0.0,
Scenario1,0,RE1,,IMPNGS,CO2,2021,,,,,,,,,,,,,,,,0.0,
Scenario1,0,RE1,,IMPNGS,CO2,2022,,,,,,,,,,,,,,,,0.0,
Scenario1,0,RE1,,IMPNGS,CO2,2023,,,,,,,,,,,,,,,,0.0,
Scenario1,0,RE1,,IMPNGS,CO2,2024,,,,,,,,,,,,,,,,0.0,
Scenario1,0,RE1,,IMPNGS,CO2,2025,,,,,,,,,,,,,,,,0.0,
Scenario1,0,RE1,,IMPNGS,CO2,2026,,,,,,,,,,,,,,,,0.0,
Scenario1,0,RE1,,IMPNGS,CO2,2027,,,,,,,,,,,,,,,,0.0,
Scenario1,0,RE1,,IMPNGS,CO2,2028,,,,,,,,,,,,,,,,0.0,
Scenario1,0,RE1,,IMPNGS,CO2,2029,,,,,,,,,,,,,,,,0.0,
Scenario1,0,RE1,,IMPNGS,CO2,2030,,,,,,,,,,,,,,,,0.0,
Scenario1,0,RE1,,IMPNGS,CO2,2031,,,,,,,,,,,,,,,,0.0,
Scenario1,0,RE1,,IMPNGS,CO2,2032,,,,,,,,,,,,,,,,0.0,
Scenario1,0,RE1,,IMPNGS,CO2,2033,,,,,,,,,,,,,,,,0.0,
Scenario1,0,RE1,,IMPNGS,CO2,2034,,,,,,,,,,,,,,,,0.0,
Scenario1,0,RE1,,IMPNGS,CO2,2035,,,,,,,,,,,,,,,,0.0,
Scenario1,0,RE1,,IMPNGS,CO2,2036,,,,,,,,,,,,,,,,0.0,
Scenario1,0,RE1,,IMPNGS,CO2,2037,,,,,,,,,,,,,,,,0.0,
Scenario1,0,RE1,,IMPNGS,CO2,2038,,,,,,,,,,,,,,,,0.0,
Scenario1,0,RE1,,IMPNGS,CO2,2039,,,,,,,,,,,,,,,,0.0,
Scenario1,0,RE1,,IMPNGS,CO2,2040,,,,,,,,,,,,,,,,0.0,
Scenario1,0,RE1,,IMPNGS,CO2,2041,,,,,,,,,,,,,,,,0.0,
Scenario1,0,RE1,,IMPNGS,CO2,2042,,,,,,,,,,,,,,,,0.0,
Scenario1,0,RE1,,IMPNGS,CO2,2043,,,,,,,,,,,,,,,,0.0,
Scenario1,0,RE1,,IMPNGS,CO2,2044,,,,,,,,,,,,,,,,0.0,
Scenario1,0,RE1,,IMPNGS,CO2,2045,,,,,,,,,,,,,,,,0.0,
Scenario1,0,RE1,,IMPNGS,CO2,2046,,,,,,,,,,,,,,,,0.0,
Scenario1,0,RE1,,IMPNGS,CO2,2047,,,,,,,,,,,,,,,,0.0,
Scenario1,0,RE1,,IMPNGS,CO2,2048,,,,,,,,,,,,,,,,0.0,
Scenario1,0,RE1,,IMPNGS,CO2,2049,,,,,,,,,,,,,,,,0.0,
Scenario1,0,RE1,,IMPNGS,CO2,2050,,,,,,,,,,,,,,,,0.0,
Scenario1,0,RE1,,IMPURN,CO2,2019,,,,,,,,,,,,,,,,0.0,
Scenario1,0,RE1,,IMPURN,CO2,2020,,,,,,,,,,,,,,,,0.0,
Scenario1,0,RE1,,IMPURN,CO2,2021,,,,,,,,,,,,,,,,0.0,
Scenario1,0,RE1,,IMPURN,CO2,2022,,,,,,,,,,,,,,,,0.0,
Scenario1,0,RE1,,IMPURN,CO2,2023,,,,,,,,,,,,,,,,0.0,
Scenario1,0,RE1,,IMPURN,CO2,2024,,,,,,,,,,,,,,,,0.0,
Scenario1,0,RE1,,IMPURN,CO2,2025,,,,,,,,,,,,,,,,0.0,
Scenario1,0,RE1,,IMPURN,CO2,2026,,,,,,,,,,,,,,,,0.0,
Scenario1,0,RE1,,IMPURN,CO2,2027,,,,,,,,,,,,,,,,0.0,
Scenario1,0,RE1,,IMPURN,CO2,2028,,,,,,,,,,,,,,,,0.0,
Scenario1,0,RE1,,IMPURN,CO2,2029,,,,,,,,,,,,,,,,0.0,
Scenario1,0,RE1,,IMPURN,CO2,2030,,,,,,,,,,,,,,,,0.0,
Scenario1,0,RE1,,IMPURN,CO2,2031,,,,,,,,,,,,,,,,0.0,
Scenario1,0,RE1,,IMPURN,CO2,2032,,,,,,,,,,,,,,,,0.0,
Scenario1,0,RE1,,IMPURN,CO2,2033,,,,,,,,,,,,,,,,0.0,
Scenario1,0,RE1,,IMPURN,CO2,2034,,,,,,,,,,,,,,,,0.0,
Scenario1,0,RE1,,IMPURN,CO2,2035,,,,,,,,,,,,,,,,0.0,
Scenario1,0,RE1,,IMPURN,CO2,2036,,,,,,,,,,,,,,,,0.0,
Scenario1,0,RE1,,IMPURN,CO2,2037,,,,,,,,,,,,,,,,0.0,
Scenario1,0,RE1,,IMPURN,CO2,2038,,,,,,,,,,,,,,,,0.0,
Scenario1,0,RE1,,IMPURN,CO2,2039,,,,,,,,,,,,,,,,0.0,
Scenario1,0,RE1,,IMPURN,CO2,2040,,,,,,,,,,,,,,,,0.0,
Scenario1,0,RE1,,IMPURN,CO2,2041,,,,,,,,,,,,,,,,0.0,
Scenario1,0,RE1,,IMPURN,CO2,2042,,,,,,,,,,,,,,,,0.0,
Scenario1,0,RE1,,IMPURN,CO2,2043,,,,,,,,,,,,,,,,0.0,
Scenario1,0,RE1,,IMPURN,CO2,2044,,,,,,,,,,,,,,,,0.0,
Scenario1,0,RE1,,IMPURN,CO2,2045,,,,,,,,,,,,,,,,0.0,
Scenario1,0,RE1,,IMPURN,CO2,2046,,,,,,,,,,,,,,,,0.0,
Scenario1,0,RE1,,IMPURN,CO2,2047,,,,,,,,,,,,,,,,0.0,
Scenario1,0,RE1,,IMPURN,CO2,2048,,,,,,,,,,,,,,,,0.0,
Scenario1,0,RE1,,IMPURN,CO2,2049,,,,,,,,,,,,,,,,0.0,
Scenario1,0,RE1,,IMPURN,CO2,2050,,,,,,,,,,,,,,,,0.0,
Scenario1,0,RE1,,MINBIO,CO2,2019,,,,,,,,,,,,,,,,0.0,
Scenario1,0,RE1,,MINBIO,CO2,2020,,,,,,,,,,,,,,,,0.0,
Scenario1,0,RE1,,MINBIO,CO2,2021,,,,,,,,,,,,,,,,0.0,
Scenario1,0,RE1,,MINBIO,CO2,2022,,,,,,,,,,,,,,,,0.0,
Scenario1,0,RE1,,MINBIO,CO2,2023,,,,,,,,,,,,,,,,0.0,
Scenario1,0,RE1,,MINBIO,CO2,2024,,,,,,,,,,,,,,,,0.0,
Scenario1,0,RE1,,MINBIO,CO2,2025,,,,,,,,,,,,,,,,0.0,
Scenario1,0,RE1,,MINBIO,CO2,2026,,,,,,,,,,,,,,,,0.0,
Scenario1,0,RE1,,MINBIO,CO2,2027,,,,,,,,,,,,,,,,0.0,
Scenario1,0,RE1,,MINBIO,CO2,2028,,,,,,,,,,,,,,,,0.0,
Scenario1,0,RE1,,MINBIO,CO2,2029,,,,,,,,,,,,,,,,0.0,
Scenario1,0,RE1,,MINBIO,CO2,2030,,,,,,,,,,,,,,,,0.0,
Scenario1,0,RE1,,MINBIO,CO2,2031,,,,,,,,,,,,,,,,0.0,
Scenario1,0,RE1,,MINBIO,CO2,2032,,,,,,,,,,,,,,,,0.0,
Scenario1,0,RE1,,MINBIO,CO2,2033,,,,,,,,,,,,,,,,0.0,
Scenario1,0,RE1,,MINBIO,CO2,2034,,,,,,,,,,,,,,,,0.0,
Scenario1,0,RE1,,MINBIO,CO2,2035,,,,,,,,,,,,,,,,0.0,
Scenario1,0,RE1,,MINBIO,CO2,2036,,,,,,,,,,,,,,,,0.0,
Scenario1,0,RE1,,MINBIO,CO2,2037,,,,,,,,,,,,,,,,0.0,
Scenario1,0,RE1,,MINBIO,CO2,2038,,,,,,,,,,,,,,,,0.0,
Scenario1,0,RE1,,MINBIO,CO2,2039,,,,,,,,,,,,,,,,0.0,
Scenario1,0,RE1,,MINBIO,CO2,2040,,,,,,,,,,,,,,,,0.0,
Scenario1,0,RE1,,MINBIO,CO2,2041,,,,,,,,,,,,,,,,0.0,
Scenario1,0,RE1,,MINBIO,CO2,2042,,,,,,,,,,,,,,,,0.0,
Scenario1,0,RE1,,MINBIO,CO2,2043,,,,,,,,,,,,,,,,0.0,
Scenario1,0,RE1,,MINBIO,CO2,2044,,,,,,,,,,,,,,,,0.0,
Scenario1,0,RE1,,MINBIO,CO2,2045,,,,,,,,,,,,,,,,0.0,
Scenario1,0,RE1,,MINBIO,CO2,2046,,,,,,,,,,,,,,,,0.0,
Scenario1,0,RE1,,MINBIO,CO2,2047,,,,,,,,,,,,,,,,0.0,
Scenario1,0,RE1,,MINBIO,CO2,2048,,,,,,,,,,,,,,,,0.0,
Scenario1,0,RE1,,MINBIO,CO2,2049,,,,,,,,,,,,,,,,0.0,
Scenario1,0,RE1,,MINBIO,CO2,2050,,,,,,,,,,,,,,,,0.0,
Scenario1,0,RE1,,MINCOA,CO2,2019,,,,,,,,,,,,,,,,0.0,
Scenario1,0,RE1,,MINCOA,CO2,2020,,,,,,,,,,,,,,,,0.0,
Scenario1,0,RE1,,MINCOA,CO2,2021,,,,,,,,,,,,,,,,0.0,
Scenario1,0,RE1,,MINCOA,CO2,2022,,,,,,,,,,,,,,,,0.0,
Scenario1,0,RE1,,MINCOA,CO2,2023,,,,,,,,,,,,,,,,0.0,
Scenario1,0,RE1,,MINCOA,CO2,2024,,,,,,,,,,,,,,,,0.0,
Scenario1,0,RE1,,MINCOA,CO2,2025,,,,,,,,,,,,,,,,0.0,
Scenario1,0,RE1,,MINCOA,CO2,2026,,,,,,,,,,,,,,,,0.0,
Scenario1,0,RE1,,MINCOA,CO2,2027,,,,,,,,,,,,,,,,0.0,
Scenario1,0,RE1,,MINCOA,CO2,2028,,,,,,,,,,,,,,,,0.0,
Scenario1,0,RE1,,MINCOA,CO2,2029,,,,,,,,,,,,,,,,0.0,
Scenario1,0,RE1,,MINCOA,CO2,2030,,,,,,,,,,,,,,,,0.0,
Scenario1,0,RE1,,MINCOA,CO2,2031,,,,,,,,,,,,,,,,0.0,
Scenario1,0,RE1,,MINCOA,CO2,2032,,,,,,,,,,,,,,,,0.0,
Scenario1,0,RE1,,MINCOA,CO2,2033,,,,,,,,,,,,,,,,0.0,
Scenario1,0,RE1,,MINCOA,CO2,2034,,,,,,,,,,,,,,,,0.0,
Scenario1,0,RE1,,MINCOA,CO2,2035,,,,,,,,,,,,,,,,0.0,
Scenario1,0,RE1,,MINCOA,CO2,2036,,,,,,,,,,,,,,,,0.0,
Scenario1,0,RE1,,MINCOA,CO2,2037,,,,,,,,,,,,,,,,0.0,
Scenario1,0,RE1,,MINCOA,CO2,2038,,,,,,,,,,,,,,,,0.0,
Scenario1,0,RE1,,MINCOA,CO2,2039,,,,,,,,,,,,,,,,0.0,
Scenario1,0,RE1,,MINCOA,CO2,2040,,,,,,,,,,,,,,,,0.0,
Scenario1,0,RE1,,MINCOA,CO2,2041,,,,,,,,,,,,,,,,0.0,
Scenario1,0,RE1,,MINCOA,CO2,2042,,,,,,,,,,,,,,,,0.0,
Scenario1,0,RE1,,MINCOA,CO2,2043,,,,,,,,,,,,,,,,0.0,
Scenario1,0,RE1,,MINCOA,CO2,2044,,,,,,,,,,,,,,,,0.0,
Scenario1,0,RE1,,MINCOA,CO2,2045,,,,,,,,,,,,,,,,0.0,
Scenario1,0,RE1,,MINCOA,CO2,2046,,,,,,,,,,,,,,,,0.0,
Scenario1,0,RE1,,MINCOA,CO2,2047,,,,,,,,,,,,,,,,0.0,
Scenario1,0,RE1,,MINCOA,CO2,2048,,,,,,,,,,,,,,,,0.0,
Scenario1,0,RE1,,MINCOA,CO2,2049,,,,,,,,,,,,,,,,0.0,
Scenario1,0,RE1,,MINCOA,CO2,2050,,,,,,,,,,,,,,,,0.0,
Scenario1,0,RE1,,MINGEO,CO2,2019,,,,,,,,,,,,,,,,0.0,
Scenario1,0,RE1,,MINGEO,CO2,2020,,,,,,,,,,,,,,,,0.0,
Scenario1,0,RE1,,MINGEO,CO2,2021,,,,,,,,,,,,,,,,0.0,
Scenario1,0,RE1,,MINGEO,CO2,2022,,,,,,,,,,,,,,,,0.0,
Scenario1,0,RE1,,MINGEO,CO2,2023,,,,,,,,,,,,,,,,0.0,
Scenario1,0,RE1,,MINGEO,CO2,2024,,,,,,,,,,,,,,,,0.0,
Scenario1,0,RE1,,MINGEO,CO2,2025,,,,,,,,,,,,,,,,0.0,
Scenario1,0,RE1,,MINGEO,CO2,2026,,,,,,,,,,,,,,,,0.0,
Scenario1,0,RE1,,MINGEO,CO2,2027,,,,,,,,,,,,,,,,0.0,
Scenario1,0,RE1,,MINGEO,CO2,2028,,,,,,,,,,,,,,,,0.0,
Scenario1,0,RE1,,MINGEO,CO2,2029,,,,,,,,,,,,,,,,0.0,
Scenario1,0,RE1,,MINGEO,CO2,2030,,,,,,,,,,,,,,,,0.0,
Scenario1,0,RE1,,MINGEO,CO2,2031,,,,,,,,,,,,,,,,0.0,
Scenario1,0,RE1,,MINGEO,CO2,2032,,,,,,,,,,,,,,,,0.0,
Scenario1,0,RE1,,MINGEO,CO2,2033,,,,,,,,,,,,,,,,0.0,
Scenario1,0,RE1,,MINGEO,CO2,2034,,,,,,,,,,,,,,,,0.0,
Scenario1,0,RE1,,MINGEO,CO2,2035,,,,,,,,,,,,,,,,0.0,
Scenario1,0,RE1,,MINGEO,CO2,2036,,,,,,,,,,,,,,,,0.0,
Scenario1,0,RE1,,MINGEO,CO2,2037,,,,,,,,,,,,,,,,0.0,
Scenario1,0,RE1,,MINGEO,CO2,2038,,,,,,,,,,,,,,,,0.0,
Scenario1,0,RE1,,MINGEO,CO2,2039,,,,,,,,,,,,,,,,0.0,
Scenario1,0,RE1,,MINGEO,CO2,2040,,,,,,,,,,,,,,,,0.0,
Scenario1,0,RE1,,MINGEO,CO2,2041,,,,,,,,,,,,,,,,0.0,
Scenario1,0,RE1,,MINGEO,CO2,2042,,,,,,,,,,,,,,,,0.0,
Scenario1,0,RE1,,MINGEO,CO2,2043,,,,,,,,,,,,,,,,0.0,
Scenario1,0,RE1,,MINGEO,CO2,2044,,,,,,,,,,,,,,,,0.0,
Scenario1,0,RE1,,MINGEO,CO2,2045,,,,,,,,,,,,,,,,0.0,
Scenario1,0,RE1,,MINGEO,CO2,2046,,,,,,,,,,,,,,,,0.0,
Scenario1,0,RE1,,MINGEO,CO2,2047,,,,,,,,,,,,,,,,0.0,
Scenario1,0,RE1,,MINGEO,CO2,2048,,,,,,,,,,,,,,,,0.0,
Scenario1,0,RE1,,MINGEO,CO2,2049,,,,,,,,,,,,,,,,0.0,
Scenario1,0,RE1,,MINGEO,CO2,2050,,,,,,,,,,,,,,,,0.0,
Scenario1,0,RE1,,MINHYD,CO2,2019,,,,,,,,,,,,,,,,0.0,
Scenario1,0,RE1,,MINHYD,CO2,2020,,,,,,,,,,,,,,,,0.0,
Scenario1,0,RE1,,MINHYD,CO2,2021,,,,,,,,,,,,,,,,0.0,
Scenario1,0,RE1,,MINHYD,CO2,2022,,,,,,,,,,,,,,,,0.0,
Scenario1,0,RE1,,MINHYD,CO2,2023,,,,,,,,,,,,,,,,0.0,
Scenario1,0,RE1,,MINHYD,CO2,2024,,,,,,,,,,,,,,,,0.0,
Scenario1,0,RE1,,MINHYD,CO2,2025,,,,,,,,,,,,,,,,0.0,
Scenario1,0,RE1,,MINHYD,CO2,2026,,,,,,,,,,,,,,,,0.0,
Scenario1,0,RE1,,MINHYD,CO2,2027,,,,,,,,,,,,,,,,0.0,
Scenario1,0,RE1,,MINHYD,CO2,2028,,,,,,,,,,,,,,,,0.0,
Scenario1,0,RE1,,MINHYD,CO2,2029,,,,,,,,,,,,,,,,0.0,
Scenario1,0,RE1,,MINHYD,CO2,2030,,,,,,,,,,,,,,,,0.0,
Scenario1,0,RE1,,MINHYD,CO2,2031,,,,,,,,,,,,,,,,0.0,
Scenario1,0,RE1,,MINHYD,CO2,2032,,,,,,,,,,,,,,,,0.0,
Scenario1,0,RE1,,MINHYD,CO2,2033,,,,,,,,,,,,,,,,0.0,
Scenario1,0,RE1,,MINHYD,CO2,2034,,,,,,,,,,,,,,,,0.0,
Scenario1,0,RE1,,MINHYD,CO2,2035,,,,,,,,,,,,,,,,0.0,
Scenario1,0,RE1,,MINHYD,CO2,2036,,,,,,,,,,,,,,,,0.0,
Scenario1,0,RE1,,MINHYD,CO2,2037,,,,,,,,,,,,,,,,0.0,
Scenario1,0,RE1,,MINHYD,CO2,2038,,,,,,,,,,,,,,,,0.0,
Scenario1,0,RE1,,MINHYD,CO2,2039,,,,,,,,,,,,,,,,0.0,
Scenario1,0,RE1,,MINHYD,CO2,2040,,,,,,,,,,,,,,,,0.0,
Scenario1,0,RE1,,MINHYD,CO2,2041,,,,,,,,,,,,,,,,0.0,
Scenario1,0,RE1,,MINHYD,CO2,2042,,,,,,,,,,,,,,,,0.0,
Scenario1,0,RE1,,MINHYD,CO2,2043,,,,,,,,,,,,,,,,0.0,
Scenario1,0,RE1,,MINHYD,CO2,2044,,,,,,,,,,,,,,,,0.0,
Scenario1,0,RE1,,MINHYD,CO2,2045,,,,,,,,,,,,,,,,0.0,
Scenario1,0,RE1,,MINHYD,CO2,2046,,,,,,,,,,,,,,,,0.0,
Scenario1,0,RE1,,MINHYD,CO2,2047,,,,,,,,,,,,,,,,0.0,
Scenario1,0,RE1,,MINHYD,CO2,2048,,,,,,,,,,,,,,,,0.0,
Scenario1,0,RE1,,MINHYD,CO2,2049,,,,,,,,,,,,,,,,0.0,
Scenario1,0,RE1,,MINHYD,CO2,2050,,,,,,,,,,,,,,,,0.0,
Scenario1,0,RE1,,MINSOL,CO2,2019,,,,,,,,,,,,,,,,0.0,
Scenario1,0,RE1,,MINSOL,CO2,2020,,,,,,,,,,,,,,,,0.0,
Scenario1,0,RE1,,MINSOL,CO2,2021,,,,,,,,,,,,,,,,0.0,
Scenario1,0,RE1,,MINSOL,CO2,2022,,,,,,,,,,,,,,,,0.0,
Scenario1,0,RE1,,MINSOL,CO2,2023,,,,,,,,,,,,,,,,0.0,
Scenario1,0,RE1,,MINSOL,CO2,2024,,,,,,,,,,,,,,,,0.0,
Scenario1,0,RE1,,MINSOL,CO2,2025,,,,,,,,,,,,,,,,0.0,
Scenario1,0,RE1,,MINSOL,CO2,2026,,,,,,,,,,,,,,,,0.0,
Scenario1,0,RE1,,MINSOL,CO2,2027,,,,,,,,,,,,,,,,0.0,
Scenario1,0,RE1,,MINSOL,CO2,2028,,,,,,,,,,,,,,,,0.0,
Scenario1,0,RE1,,MINSOL,CO2,2029,,,,,,,,,,,,,,,,0.0,
Scenario1,0,RE1,,MINSOL,CO2,2030,,,,,,,,,,,,,,,,0.0,
Scenario1,0,RE1,,MINSOL,CO2,2031,,,,,,,,,,,,,,,,0.0,
Scenario1,0,RE1,,MINSOL,CO2,2032,,,,,,,,,,,,,,,,0.0,
Scenario1,0,RE1,,MINSOL,CO2,2033,,,,,,,,,,,,,,,,0.0,
Scenario1,0,RE1,,MINSOL,CO2,2034,,,,,,,,,,,,,,,,0.0,
Scenario1,0,RE1,,MINSOL,CO2,2035,,,,,,,,,,,,,,,,0.0,
Scenario1,0,RE1,,MINSOL,CO2,2036,,,,,,,,,,,,,,,,0.0,
Scenario1,0,RE1,,MINSOL,CO2,2037,,,,,,,,,,,,,,,,0.0,
Scenario1,0,RE1,,MINSOL,CO2,2038,,,,,,,,,,,,,,,,0.0,
Scenario1,0,RE1,,MINSOL,CO2,2039,,,,,,,,,,,,,,,,0.0,
Scenario1,0,RE1,,MINSOL,CO2,2040,,,,,,,,,,,,,,,,0.0,
Scenario1,0,RE1,,MINSOL,CO2,2041,,,,,,,,,,,,,,,,0.0,
Scenario1,0,RE1,,MINSOL,CO2,2042,,,,,,,,,,,,,,,,0.0,
Scenario1,0,RE1,,MINSOL,CO2,2043,,,,,,,,,,,,,,,,0.0,
Scenario1,0,RE1,,MINSOL,CO2,2044,,,,,,,,,,,,,,,,0.0,
Scenario1,0,RE1,,MINSOL,CO2,2045,,,,,,,,,,,,,,,,0.0,
Scenario1,0,RE1,,MINSOL,CO2,2046,,,,,,,,,,,,,,,,0.0,
Scenario1,0,RE1,,MINSOL,CO2,2047,,,,,,,,,,,,,,,,0.0,
Scenario1,0,RE1,,MINSOL,CO2,2048,,,,,,,,,,,,,,,,0.0,
Scenario1,0,RE1,,MINSOL,CO2,2049,,,,,,,,,,,,,,,,0.0,
Scenario1,0,RE1,,MINSOL,CO2,2050,,,,,,,,,,,,,,,,0.0,
Scenario1,0,RE1,,MINWND,CO2,2019,,,,,,,,,,,,,,,,0.0,
Scenario1,0,RE1,,MINWND,CO2,2020,,,,,,,,,,,,,,,,0.0,
Scenario1,0,RE1,,MINWND,CO2,2021,,,,,,,,,,,,,,,,0.0,
Scenario1,0,RE1,,MINWND,CO2,2022,,,,,,,,,,,,,,,,0.0,
Scenario1,0,RE1,,MINWND,CO2,2023,,,,,,,,,,,,,,,,0.0,
Scenario1,0,RE1,,MINWND,CO2,2024,,,,,,,,,,,,,,,,0.0,
Scenario1,0,RE1,,MINWND,CO2,2025,,,,,,,,,,,,,,,,0.0,
Scenario1,0,RE1,,MINWND,CO2,2026,,,,,,,,,,,,,,,,0.0,
Scenario1,0,RE1,,MINWND,CO2,2027,,,,,,,,,,,,,,,,0.0,
Scenario1,0,RE1,,MINWND,CO2,2028,,,,,,,,,,,,,,,,0.0,
Scenario1,0,RE1,,MINWND,CO2,2029,,,,,,,,,,,,,,,,0.0,
Scenario1,0,RE1,,MINWND,CO2,2030,,,,,,,,,,,,,,,,0.0,
Scenario1,0,RE1,,MINWND,CO2,2031,,,,,,,,,,,,,,,,0.0,
Scenario1,0,RE1,,MINWND,CO2,2032,,,,,,,,,,,,,,,,0.0,
Scenario1,0,RE1,,MINWND,CO2,2033,,,,,,,,,,,,,,,,0.0,
Scenario1,0,RE1,,MINWND,CO2,2034,,,,,,,,,,,,,,,,0.0,
Scenario1,0,RE1,,MINWND,CO2,2035,,,,,,,,,,,,,,,,0.0,
Scenario1,0,RE1,,MINWND,CO2,2036,,,,,,,,,,,,,,,,0.0,
Scenario1,0,RE1,,MINWND,CO2,2037,,,,,,,,,,,,,,,,0.0,
Scenario1,0,RE1,,MINWND,CO2,2038,,,,,,,,,,,,,,,,0.0,
Scenario1,0,RE1,,MINWND,CO2,2039,,,,,,,,,,,,,,,,0.0,
Scenario1,0,RE1,,MINWND,CO2,2040,,,,,,,,,,,,,,,,0.0,
Scenario1,0,RE1,,MINWND,CO2,2041,,,,,,,,,,,,,,,,0.0,
Scenario1,0,RE1,,MINWND,CO2,2042,,,,,,,,,,,,,,,,0.0,
Scenario1,0,RE1,,MINWND,CO2,2043,,,,,,,,,,,,,,,,0.0,
Scenario1,0,RE1,,MINWND,CO2,2044,,,,,,,,,,,,,,,,0.0,
Scenario1,0,RE1,,MINWND,CO2,2045,,,,,,,,,,,,,,,,0.0,
Scenario1,0,RE1,,MINWND,CO2,2046,,,,,,,,,,,,,,,,0.0,
Scenario1,0,RE1,,MINWND,CO2,2047,,,,,,,,,,,,,,,,0.0,
Scenario1,0,RE1,,MINWND,CO2,2048,,,,,,,,,,,,,,,,0.0,
Scenario1,0,RE1,,MINWND,CO2,2049,,,,,,,,,,,,,,,,0.0,
Scenario1,0,RE1,,MINWND,CO2,2050,,,,,,,,,,,,,,,,0.0,
Scenario1,0,RE1,,PWRBIO001,CO2,2019,,,,,,,,,,,,,,,,0.0052339290048,
Scenario1,0,RE1,,PWRBIO001,CO2,2020,,,,,,,,,,,,,,,,0.0052339290048,
Scenario1,0,RE1,,PWRBIO001,CO2,2021,,,,,,,,,,,,,,,,0.0052339290048,
Scenario1,0,RE1,,PWRBIO001,CO2,2022,,,,,,,,,,,,,,,,0.0052339290048,
Scenario1,0,RE1,,PWRBIO001,CO2,2023,,,,,,,,,,,,,,,,0.008897679308159998,
Scenario1,0,RE1,,PWRBIO001,CO2,2024,,,,,,,,,,,,,,,,0.008897679308159998,
Scenario1,0,RE1,,PWRBIO001,CO2,2025,,,,,,,,,,,,,,,,0.008897679308159998,
Scenario1,0,RE1,,PWRBIO001,CO2,2026,,,,,,,,,,,,,,,,0.035067324332160005,
Scenario1,0,RE1,,PWRBIO001,CO2,2027,,,,,,,,,,,,,,,,0.035067324332160005,
Scenario1,0,RE1,,PWRBIO001,CO2,2028,,,,,,,,,,,,,,,,0.05600304035136,
Scenario1,0,RE1,,PWRBIO001,CO2,2029,,,,,,,,,,,,,,,,0.03467281654080001,
Scenario1,0,RE1,,PWRBIO001,CO2,2030,,,,,,,,,,,,,,,,0.18214072936704,
Scenario1,0,RE1,,PWRBIO001,CO2,2031,,,,,,,,,,,,,,,,0.23448001941503996,
Scenario1,0,RE1,,PWRBIO001,CO2,2032,,,,,,,,,,,,,,,,0.26274323604096006,
Scenario1,0,RE1,,PWRBIO001,CO2,2033,,,,,,,,,,,,,,,,0.27059412954815987,
Scenario1,0,RE1,,PWRBIO001,CO2,2034,,,,,,,,,,,,,,,,0.28629591656256004,
Scenario1,0,RE1,,PWRBIO001,CO2,2035,,,,,,,,,,,,,,,,0.28708100591328,
Scenario1,0,RE1,,PWRBIO001,CO2,2036,,,,,,,,,,,,,,,,0.28708100591328,
Scenario1,0,RE1,,PWRBIO001,CO2,2037,,,,,,,,,,,,,,,,0.2870810059132799,
Scenario1,0,RE1,,PWRBIO001,CO2,2038,,,,,,,,,,,,,,,,0.2870810059132799,
Scenario1,0,RE1,,PWRBIO001,CO2,2039,,,,,,,,,,,,,,,,0.2870810059132799,
Scenario1,0,RE1,,PWRBIO001,CO2,2040,,,,,,,,,,,,,,,,0.2870810059132799,
Scenario1,0,RE1,,PWRBIO001,CO2,2041,,,,,,,,,,,,,,,,0.28708100591327984,
Scenario1,0,RE1,,PWRBIO001,CO2,2042,,,,,,,,,,,,,,,,0.2870810059132799,
Scenario1,0,RE1,,PWRBIO001,CO2,2043,,,,,,,,,,,,,,,,0.2818470769084801,
Scenario1,0,RE1,,PWRBIO001,CO2,2044,,,,,,,,,,,,,,,,0.28184707690848015,
Scenario1,0,RE1,,PWRBIO001,CO2,2045,,,,,,,,,,,,,,,,0.2818470769084801,
Scenario1,0,RE1,,PWRBIO001,CO2,2046,,,,,,,,,,,,,,,,0.28184707690848015,
Scenario1,0,RE1,,PWRBIO001,CO2,2047,,,,,,,,,,,,,,,,0.2818470769084801,
Scenario1,0,RE1,,PWRBIO001,CO2,2048,,,,,,,,,,,,,,,,0.2818470769084801,
Scenario1,0,RE1,,PWRBIO001,CO2,2049,,,,,,,,,,,,,,,,0.28184707690848015,
Scenario1,0,RE1,,PWRBIO001,CO2,2050,,,,,,,,,,,,,,,,0.28184707690848,
Scenario1,0,RE1,,PWRCOA001,CO2,2019,,,,,,,,,,,,,,,,0.0,
Scenario1,0,RE1,,PWRCOA001,CO2,2020,,,,,,,,,,,,,,,,0.0,
Scenario1,0,RE1,,PWRCOA001,CO2,2021,,,,,,,,,,,,,,,,0.0,
Scenario1,0,RE1,,PWRCOA001,CO2,2022,,,,,,,,,,,,,,,,0.0,
Scenario1,0,RE1,,PWRCOA001,CO2,2023,,,,,,,,,,,,,,,,0.0,
Scenario1,0,RE1,,PWRCOA001,CO2,2024,,,,,,,,,,,,,,,,0.0,
Scenario1,0,RE1,,PWRCOA001,CO2,2025,,,,,,,,,,,,,,,,0.0,
Scenario1,0,RE1,,PWRCOA001,CO2,2026,,,,,,,,,,,,,,,,0.0,
Scenario1,0,RE1,,PWRCOA001,CO2,2027,,,,,,,,,,,,,,,,0.0,
Scenario1,0,RE1,,PWRCOA001,CO2,2028,,,,,,,,,,,,,,,,0.0,
Scenario1,0,RE1,,PWRCOA001,CO2,2029,,,,,,,,,,,,,,,,0.0,
Scenario1,0,RE1,,PWRCOA001,CO2,2030,,,,,,,,,,,,,,,,0.0,
Scenario1,0,RE1,,PWRCOA001,CO2,2031,,,,,,,,,,,,,,,,0.0,
Scenario1,0,RE1,,PWRCOA001,CO2,2032,,,,,,,,,,,,,,,,0.0,
Scenario1,0,RE1,,PWRCOA001,CO2,2033,,,,,,,,,,,,,,,,0.0,
Scenario1,0,RE1,,PWRCOA001,CO2,2034,,,,,,,,,,,,,,,,0.0,
Scenario1,0,RE1,,PWRCOA001,CO2,2035,,,,,,,,,,,,,,,,0.0,
Scenario1,0,RE1,,PWRCOA001,CO2,2036,,,,,,,,,,,,,,,,0.0,
Scenario1,0,RE1,,PWRCOA001,CO2,2037,,,,,,,,,,,,,,,,0.0,
Scenario1,0,RE1,,PWRCOA001,CO2,2038,,,,,,,,,,,,,,,,0.0,
Scenario1,0,RE1,,PWRCOA001,CO2,2039,,,,,,,,,,,,,,,,0.0,
Scenario1,0,RE1,,PWRCOA001,CO2,2040,,,,,,,,,,,,,,,,0.0,
Scenario1,0,RE1,,PWRCOA001,CO2,2041,,,,,,,,,,,,,,,,0.0,
Scenario1,0,RE1,,PWRCOA001,CO2,2042,,,,,,,,,,,,,,,,0.0,
Scenario1,0,RE1,,PWRCOA001,CO2,2043,,,,,,,,,,,,,,,,0.0,
Scenario1,0,RE1,,PWRCOA001,CO2,2044,,,,,,,,,,,,,,,,0.0,
Scenario1,0,RE1,,PWRCOA001,CO2,2045,,,,,,,,,,,,,,,,0.0,
Scenario1,0,RE1,,PWRCOA001,CO2,2046,,,,,,,,,,,,,,,,0.0,
Scenario1,0,RE1,,PWRCOA001,CO2,2047,,,,,,,,,,,,,,,,0.0,
Scenario1,0,RE1,,PWRCOA001,CO2,2048,,,,,,,,,,,,,,,,0.0,
Scenario1,0,RE1,,PWRCOA001,CO2,2049,,,,,,,,,,,,,,,,0.0,
Scenario1,0,RE1,,PWRCOA001,CO2,2050,,,,,,,,,,,,,,,,0.0,
Scenario1,0,RE1,,PWRDIST,CO2,2019,,,,,,,,,,,,,,,,0.0,
Scenario1,0,RE1,,PWRDIST,CO2,2020,,,,,,,,,,,,,,,,0.0,
Scenario1,0,RE1,,PWRDIST,CO2,2021,,,,,,,,,,,,,,,,0.0,
Scenario1,0,RE1,,PWRDIST,CO2,2022,,,,,,,,,,,,,,,,0.0,
Scenario1,0,RE1,,PWRDIST,CO2,2023,,,,,,,,,,,,,,,,0.0,
Scenario1,0,RE1,,PWRDIST,CO2,2024,,,,,,,,,,,,,,,,0.0,
Scenario1,0,RE1,,PWRDIST,CO2,2025,,,,,,,,,,,,,,,,0.0,
Scenario1,0,RE1,,PWRDIST,CO2,2026,,,,,,,,,,,,,,,,0.0,
Scenario1,0,RE1,,PWRDIST,CO2,2027,,,,,,,,,,,,,,,,0.0,
Scenario1,0,RE1,,PWRDIST,CO2,2028,,,,,,,,,,,,,,,,0.0,
Scenario1,0,RE1,,PWRDIST,CO2,2029,,,,,,,,,,,,,,,,0.0,
Scenario1,0,RE1,,PWRDIST,CO2,2030,,,,,,,,,,,,,,,,0.0,
Scenario1,0,RE1,,PWRDIST,CO2,2031,,,,,,,,,,,,,,,,0.0,
Scenario1,0,RE1,,PWRDIST,CO2,2032,,,,,,,,,,,,,,,,0.0,
Scenario1,0,RE1,,PWRDIST,CO2,2033,,,,,,,,,,,,,,,,0.0,
Scenario1,0,RE1,,PWRDIST,CO2,2034,,,,,,,,,,,,,,,,0.0,
Scenario1,0,RE1,,PWRDIST,CO2,2035,,,,,,,,,,,,,,,,0.0,
Scenario1,0,RE1,,PWRDIST,CO2,2036,,,,,,,,,,,,,,,,0.0,
Scenario1,0,RE1,,PWRDIST,CO2,2037,,,,,,,,,,,,,,,,0.0,
Scenario1,0,RE1,,PWRDIST,CO2,2038,,,,,,,,,,,,,,,,0.0,
Scenario1,0,RE1,,PWRDIST,CO2,2039,,,,,,,,,,,,,,,,0.0,
Scenario1,0,RE1,,PWRDIST,CO2,2040,,,,,,,,,,,,,,,,0.0,
Scenario1,0,RE1,,PWRDIST,CO2,2041,,,,,,,,,,,,,,,,0.0,
Scenario1,0,RE1,,PWRDIST,CO2,2042,,,,,,,,,,,,,,,,0.0,
Scenario1,0,RE1,,PWRDIST,CO2,2043,,,,,,,,,,,,,,,,0.0,
Scenario1,0,RE1,,PWRDIST,CO2,2044,,,,,,,,,,,,,,,,0.0,
Scenario1,0,RE1,,PWRDIST,CO2,2045,,,,,,,,,,,,,,,,0.0,
Scenario1,0,RE1,,PWRDIST,CO2,2046,,,,,,,,,,,,,,,,0.0,
Scenario1,0,RE1,,PWRDIST,CO2,2047,,,,,,,,,,,,,,,,0.0,
Scenario1,0,RE1,,PWRDIST,CO2,2048,,,,,,,,,,,,,,,,0.0,
Scenario1,0,RE1,,PWRDIST,CO2,2049,,,,,,,,,,,,,,,,0.0,
Scenario1,0,RE1,,PWRDIST,CO2,2050,,,,,,,,,,,,,,,,0.0,
Scenario1,0,RE1,,PWRGEO001,CO2,2019,,,,,,,,,,,,,,,,0.0,
Scenario1,0,RE1,,PWRGEO001,CO2,2020,,,,,,,,,,,,,,,,0.0,
Scenario1,0,RE1,,PWRGEO001,CO2,2021,,,,,,,,,,,,,,,,0.0,
Scenario1,0,RE1,,PWRGEO001,CO2,2022,,,,,,,,,,,,,,,,0.0,
Scenario1,0,RE1,,PWRGEO001,CO2,2023,,,,,,,,,,,,,,,,0.0,
Scenario1,0,RE1,,PWRGEO001,CO2,2024,,,,,,,,,,,,,,,,0.0,
Scenario1,0,RE1,,PWRGEO001,CO2,2025,,,,,,,,,,,,,,,,0.0,
Scenario1,0,RE1,,PWRGEO001,CO2,2026,,,,,,,,,,,,,,,,0.0,
Scenario1,0,RE1,,PWRGEO001,CO2,2027,,,,,,,,,,,,,,,,0.0,
Scenario1,0,RE1,,PWRGEO001,CO2,2028,,,,,,,,,,,,,,,,0.0,
Scenario1,0,RE1,,PWRGEO001,CO2,2029,,,,,,,,,,,,,,,,0.0,
Scenario1,0,RE1,,PWRGEO001,CO2,2030,,,,,,,,,,,,,,,,0.0,
Scenario1,0,RE1,,PWRGEO001,CO2,2031,,,,,,,,,,,,,,,,0.0,
Scenario1,0,RE1,,PWRGEO001,CO2,2032,,,,,,,,,,,,,,,,0.0,
Scenario1,0,RE1,,PWRGEO001,CO2,2033,,,,,,,,,,,,,,,,0.0,
Scenario1,0,RE1,,PWRGEO001,CO2,2034,,,,,,,,,,,,,,,,0.0,
Scenario1,0,RE1,,PWRGEO001,CO2,2035,,,,,,,,,,,,,,,,0.0,
Scenario1,0,RE1,,PWRGEO001,CO2,2036,,,,,,,,,,,,,,,,0.0,
Scenario1,0,RE1,,PWRGEO001,CO2,2037,,,,,,,,,,,,,,,,0.0,
Scenario1,0,RE1,,PWRGEO001,CO2,2038,,,,,,,,,,,,,,,,0.0,
Scenario1,0,RE1,,PWRGEO001,CO2,2039,,,,,,,,,,,,,,,,0.0,
Scenario1,0,RE1,,PWRGEO001,CO2,2040,,,,,,,,,,,,,,,,0.0,
Scenario1,0,RE1,,PWRGEO001,CO2,2041,,,,,,,,,,,,,,,,0.0,
Scenario1,0,RE1,,PWRGEO001,CO2,2042,,,,,,,,,,,,,,,,0.0,
Scenario1,0,RE1,,PWRGEO001,CO2,2043,,,,,,,,,,,,,,,,0.0,
Scenario1,0,RE1,,PWRGEO001,CO2,2044,,,,,,,,,,,,,,,,0.0,
Scenario1,0,RE1,,PWRGEO001,CO2,2045,,,,,,,,,,,,,,,,0.0,
Scenario1,0,RE1,,PWRGEO001,CO2,2046,,,,,,,,,,,,,,,,0.0,
Scenario1,0,RE1,,PWRGEO001,CO2,2047,,,,,,,,,,,,,,,,0.0,
Scenario1,0,RE1,,PWRGEO001,CO2,2048,,,,,,,,,,,,,,,,0.0,
Scenario1,0,RE1,,PWRGEO001,CO2,2049,,,,,,,,,,,,,,,,0.0,
Scenario1,0,RE1,,PWRGEO001,CO2,2050,,,,,,,,,,,,,,,,0.0,
Scenario1,0,RE1,,PWRGEO002,CO2,2019,,,,,,,,,,,,,,,,0.0,
Scenario1,0,RE1,,PWRGEO002,CO2,2020,,,,,,,,,,,,,,,,0.0,
Scenario1,0,RE1,,PWRGEO002,CO2,2021,,,,,,,,,,,,,,,,0.0,
Scenario1,0,RE1,,PWRGEO002,CO2,2022,,,,,,,,,,,,,,,,0.0,
Scenario1,0,RE1,,PWRGEO002,CO2,2023,,,,,,,,,,,,,,,,0.0,
Scenario1,0,RE1,,PWRGEO002,CO2,2024,,,,,,,,,,,,,,,,0.0,
Scenario1,0,RE1,,PWRGEO002,CO2,2025,,,,,,,,,,,,,,,,0.0,
Scenario1,0,RE1,,PWRGEO002,CO2,2026,,,,,,,,,,,,,,,,0.0,
Scenario1,0,RE1,,PWRGEO002,CO2,2027,,,,,,,,,,,,,,,,0.0,
Scenario1,0,RE1,,PWRGEO002,CO2,2028,,,,,,,,,,,,,,,,0.0,
Scenario1,0,RE1,,PWRGEO002,CO2,2029,,,,,,,,,,,,,,,,0.0,
Scenario1,0,RE1,,PWRGEO002,CO2,2030,,,,,,,,,,,,,,,,0.0,
Scenario1,0,RE1,,PWRGEO002,CO2,2031,,,,,,,,,,,,,,,,0.0,
Scenario1,0,RE1,,PWRGEO002,CO2,2032,,,,,,,,,,,,,,,,0.0,
Scenario1,0,RE1,,PWRGEO002,CO2,2033,,,,,,,,,,,,,,,,0.0,
Scenario1,0,RE1,,PWRGEO002,CO2,2034,,,,,,,,,,,,,,,,0.0,
Scenario1,0,RE1,,PWRGEO002,CO2,2035,,,,,,,,,,,,,,,,0.0,
Scenario1,0,RE1,,PWRGEO002,CO2,2036,,,,,,,,,,,,,,,,0.0,
Scenario1,0,RE1,,PWRGEO002,CO2,2037,,,,,,,,,,,,,,,,0.0,
Scenario1,0,RE1,,PWRGEO002,CO2,2038,,,,,,,,,,,,,,,,0.0,
Scenario1,0,RE1,,PWRGEO002,CO2,2039,,,,,,,,,,,,,,,,0.0,
Scenario1,0,RE1,,PWRGEO002,CO2,2040,,,,,,,,,,,,,,,,0.0,
Scenario1,0,RE1,,PWRGEO002,CO2,2041,,,,,,,,,,,,,,,,0.0,
Scenario1,0,RE1,,PWRGEO002,CO2,2042,,,,,,,,,,,,,,,,0.0,
Scenario1,0,RE1,,PWRGEO002,CO2,2043,,,,,,,,,,,,,,,,0.0,
Scenario1,0,RE1,,PWRGEO002,CO2,2044,,,,,,,,,,,,,,,,0.0,
Scenario1,0,RE1,,PWRGEO002,CO2,2045,,,,,,,,,,,,,,,,0.0,
Scenario1,0,RE1,,PWRGEO002,CO2,2046,,,,,,,,,,,,,,,,0.0,
Scenario1,0,RE1,,PWRGEO002,CO2,2047,,,,,,,,,,,,,,,,0.0,
Scenario1,0,RE1,,PWRGEO002,CO2,2048,,,,,,,,,,,,,,,,0.0,
Scenario1,0,RE1,,PWRGEO002,CO2,2049,,,,,,,,,,,,,,,,0.0,
Scenario1,0,RE1,,PWRGEO002,CO2,2050,,,,,,,,,,,,,,,,0.0,
Scenario1,0,RE1,,PWRGEO003,CO2,2019,,,,,,,,,,,,,,,,0.0,
Scenario1,0,RE1,,PWRGEO003,CO2,2020,,,,,,,,,,,,,,,,0.0,
Scenario1,0,RE1,,PWRGEO003,CO2,2021,,,,,,,,,,,,,,,,0.0,
Scenario1,0,RE1,,PWRGEO003,CO2,2022,,,,,,,,,,,,,,,,0.0,
Scenario1,0,RE1,,PWRGEO003,CO2,2023,,,,,,,,,,,,,,,,0.0,
Scenario1,0,RE1,,PWRGEO003,CO2,2024,,,,,,,,,,,,,,,,0.0,
Scenario1,0,RE1,,PWRGEO003,CO2,2025,,,,,,,,,,,,,,,,0.0,
Scenario1,0,RE1,,PWRGEO003,CO2,2026,,,,,,,,,,,,,,,,0.0,
Scenario1,0,RE1,,PWRGEO003,CO2,2027,,,,,,,,,,,,,,,,0.0,
Scenario1,0,RE1,,PWRGEO003,CO2,2028,,,,,,,,,,,,,,,,0.0,
Scenario1,0,RE1,,PWRGEO003,CO2,2029,,,,,,,,,,,,,,,,0.0,
Scenario1,0,RE1,,PWRGEO003,CO2,2030,,,,,,,,,,,,,,,,0.0,
Scenario1,0,RE1,,PWRGEO003,CO2,2031,,,,,,,,,,,,,,,,0.0,
Scenario1,0,RE1,,PWRGEO003,CO2,2032,,,,,,,,,,,,,,,,0.0,
Scenario1,0,RE1,,PWRGEO003,CO2,2033,,,,,,,,,,,,,,,,0.0,
Scenario1,0,RE1,,PWRGEO003,CO2,2034,,,,,,,,,,,,,,,,0.0,
Scenario1,0,RE1,,PWRGEO003,CO2,2035,,,,,,,,,,,,,,,,0.0,
Scenario1,0,RE1,,PWRGEO003,CO2,2036,,,,,,,,,,,,,,,,0.0,
Scenario1,0,RE1,,PWRGEO003,CO2,2037,,,,,,,,,,,,,,,,0.0,
Scenario1,0,RE1,,PWRGEO003,CO2,2038,,,,,,,,,,,,,,,,0.0,
Scenario1,0,RE1,,PWRGEO003,CO2,2039,,,,,,,,,,,,,,,,0.0,
Scenario1,0,RE1,,PWRGEO003,CO2,2040,,,,,,,,,,,,,,,,0.0,
Scenario1,0,RE1,,PWRGEO003,CO2,2041,,,,,,,,,,,,,,,,0.0,
Scenario1,0,RE1,,PWRGEO003,CO2,2042,,,,,,,,,,,,,,,,0.0,
Scenario1,0,RE1,,PWRGEO003,CO2,2043,,,,,,,,,,,,,,,,0.0,
Scenario1,0,RE1,,PWRGEO003,CO2,2044,,,,,,,,,,,,,,,,0.0,
Scenario1,0,RE1,,PWRGEO003,CO2,2045,,,,,,,,,,,,,,,,0.0,
Scenario1,0,RE1,,PWRGEO003,CO2,2046,,,,,,,,,,,,,,,,0.0,
Scenario1,0,RE1,,PWRGEO003,CO2,2047,,,,,,,,,,,,,,,,0.0,
Scenario1,0,RE1,,PWRGEO003,CO2,2048,,,,,,,,,,,,,,,,0.0,
Scenario1,0,RE1,,PWRGEO003,CO2,2049,,,,,,,,,,,,,,,,0.0,
Scenario1,0,RE1,,PWRGEO003,CO2,2050,,,,,,,,,,,,,,,,0.0,
Scenario1,0,RE1,,PWRGEO004,CO2,2019,,,,,,,,,,,,,,,,0.0,
Scenario1,0,RE1,,PWRGEO004,CO2,2020,,,,,,,,,,,,,,,,0.0,
Scenario1,0,RE1,,PWRGEO004,CO2,2021,,,,,,,,,,,,,,,,0.0,
Scenario1,0,RE1,,PWRGEO004,CO2,2022,,,,,,,,,,,,,,,,0.0,
Scenario1,0,RE1,,PWRGEO004,CO2,2023,,,,,,,,,,,,,,,,0.0,
Scenario1,0,RE1,,PWRGEO004,CO2,2024,,,,,,,,,,,,,,,,0.0,
Scenario1,0,RE1,,PWRGEO004,CO2,2025,,,,,,,,,,,,,,,,0.0,
Scenario1,0,RE1,,PWRGEO004,CO2,2026,,,,,,,,,,,,,,,,0.0,
Scenario1,0,RE1,,PWRGEO004,CO2,2027,,,,,,,,,,,,,,,,0.0,
Scenario1,0,RE1,,PWRGEO004,CO2,2028,,,,,,,,,,,,,,,,0.0,
Scenario1,0,RE1,,PWRGEO004,CO2,2029,,,,,,,,,,,,,,,,0.0,
Scenario1,0,RE1,,PWRGEO004,CO2,2030,,,,,,,,,,,,,,,,0.0,
Scenario1,0,RE1,,PWRGEO004,CO2,2031,,,,,,,,,,,,,,,,0.0,
Scenario1,0,RE1,,PWRGEO004,CO2,2032,,,,,,,,,,,,,,,,0.0,
Scenario1,0,RE1,,PWRGEO004,CO2,2033,,,,,,,,,,,,,,,,0.0,
Scenario1,0,RE1,,PWRGEO004,CO2,2034,,,,,,,,,,,,,,,,0.0,
Scenario1,0,RE1,,PWRGEO004,CO2,2035,,,,,,,,,,,,,,,,0.0,
Scenario1,0,RE1,,PWRGEO004,CO2,2036,,,,,,,,,,,,,,,,0.0,
Scenario1,0,RE1,,PWRGEO004,CO2,2037,,,,,,,,,,,,,,,,0.0,
Scenario1,0,RE1,,PWRGEO004,CO2,2038,,,,,,,,,,,,,,,,0.0,
Scenario1,0,RE1,,PWRGEO004,CO2,2039,,,,,,,,,,,,,,,,0.0,
Scenario1,0,RE1,,PWRGEO004,CO2,2040,,,,,,,,,,,,,,,,0.0,
Scenario1,0,RE1,,PWRGEO004,CO2,2041,,,,,,,,,,,,,,,,0.0,
Scenario1,0,RE1,,PWRGEO004,CO2,2042,,,,,,,,,,,,,,,,0.0,
Scenario1,0,RE1,,PWRGEO004,CO2,2043,,,,,,,,,,,,,,,,0.0,
Scenario1,0,RE1,,PWRGEO004,CO2,2044,,,,,,,,,,,,,,,,0.0,
Scenario1,0,RE1,,PWRGEO004,CO2,2045,,,,,,,,,,,,,,,,0.0,
Scenario1,0,RE1,,PWRGEO004,CO2,2046,,,,,,,,,,,,,,,,0.0,
Scenario1,0,RE1,,PWRGEO004,CO2,2047,,,,,,,,,,,,,,,,0.0,
Scenario1,0,RE1,,PWRGEO004,CO2,2048,,,,,,,,,,,,,,,,0.0,
Scenario1,0,RE1,,PWRGEO004,CO2,2049,,,,,,,,,,,,,,,,0.0,
Scenario1,0,RE1,,PWRGEO004,CO2,2050,,,,,,,,,,,,,,,,0.0,
Scenario1,0,RE1,,PWRGEO005,CO2,2019,,,,,,,,,,,,,,,,0.0,
Scenario1,0,RE1,,PWRGEO005,CO2,2020,,,,,,,,,,,,,,,,0.0,
Scenario1,0,RE1,,PWRGEO005,CO2,2021,,,,,,,,,,,,,,,,0.0,
Scenario1,0,RE1,,PWRGEO005,CO2,2022,,,,,,,,,,,,,,,,0.0,
Scenario1,0,RE1,,PWRGEO005,CO2,2023,,,,,,,,,,,,,,,,0.0,
Scenario1,0,RE1,,PWRGEO005,CO2,2024,,,,,,,,,,,,,,,,0.0,
Scenario1,0,RE1,,PWRGEO005,CO2,2025,,,,,,,,,,,,,,,,0.0,
Scenario1,0,RE1,,PWRGEO005,CO2,2026,,,,,,,,,,,,,,,,0.0,
Scenario1,0,RE1,,PWRGEO005,CO2,2027,,,,,,,,,,,,,,,,0.0,
Scenario1,0,RE1,,PWRGEO005,CO2,2028,,,,,,,,,,,,,,,,0.0,
Scenario1,0,RE1,,PWRGEO005,CO2,2029,,,,,,,,,,,,,,,,0.0,
Scenario1,0,RE1,,PWRGEO005,CO2,2030,,,,,,,,,,,,,,,,0.0,
Scenario1,0,RE1,,PWRGEO005,CO2,2031,,,,,,,,,,,,,,,,0.0,
Scenario1,0,RE1,,PWRGEO005,CO2,2032,,,,,,,,,,,,,,,,0.0,
Scenario1,0,RE1,,PWRGEO005,CO2,2033,,,,,,,,,,,,,,,,0.0,
Scenario1,0,RE1,,PWRGEO005,CO2,2034,,,,,,,,,,,,,,,,0.0,
Scenario1,0,RE1,,PWRGEO005,CO2,2035,,,,,,,,,,,,,,,,0.0,
Scenario1,0,RE1,,PWRGEO005,CO2,2036,,,,,,,,,,,,,,,,0.0,
Scenario1,0,RE1,,PWRGEO005,CO2,2037,,,,,,,,,,,,,,,,0.0,
Scenario1,0,RE1,,PWRGEO005,CO2,2038,,,,,,,,,,,,,,,,0.0,
Scenario1,0,RE1,,PWRGEO005,CO2,2039,,,,,,,,,,,,,,,,0.0,
Scenario1,0,RE1,,PWRGEO005,CO2,2040,,,,,,,,,,,,,,,,0.0,
Scenario1,0,RE1,,PWRGEO005,CO2,2041,,,,,,,,,,,,,,,,0.0,
Scenario1,0,RE1,,PWRGEO005,CO2,2042,,,,,,,,,,,,,,,,0.0,
Scenario1,0,RE1,,PWRGEO005,CO2,2043,,,,,,,,,,,,,,,,0.0,
Scenario1,0,RE1,,PWRGEO005,CO2,2044,,,,,,,,,,,,,,,,0.0,
Scenario1,0,RE1,,PWRGEO005,CO2,2045,,,,,,,,,,,,,,,,0.0,
Scenario1,0,RE1,,PWRGEO005,CO2,2046,,,,,,,,,,,,,,,,0.0,
Scenario1,0,RE1,,PWRGEO005,CO2,2047,,,,,,,,,,,,,,,,0.0,
Scenario1,0,RE1,,PWRGEO005,CO2,2048,,,,,,,,,,,,,,,,0.0,
Scenario1,0,RE1,,PWRGEO005,CO2,2049,,,,,,,,,,,,,,,,0.0,
Scenario1,0,RE1,,PWRGEO005,CO2,2050,,,,,,,,,,,,,,,,0.0,
Scenario1,0,RE1,,PWRGEO006,CO2,2019,,,,,,,,,,,,,,,,0.0,
Scenario1,0,RE1,,PWRGEO006,CO2,2020,,,,,,,,,,,,,,,,0.0,
Scenario1,0,RE1,,PWRGEO006,CO2,2021,,,,,,,,,,,,,,,,0.0,
Scenario1,0,RE1,,PWRGEO006,CO2,2022,,,,,,,,,,,,,,,,0.0,
Scenario1,0,RE1,,PWRGEO006,CO2,2023,,,,,,,,,,,,,,,,0.0,
Scenario1,0,RE1,,PWRGEO006,CO2,2024,,,,,,,,,,,,,,,,0.0,
Scenario1,0,RE1,,PWRGEO006,CO2,2025,,,,,,,,,,,,,,,,0.0,
Scenario1,0,RE1,,PWRGEO006,CO2,2026,,,,,,,,,,,,,,,,0.0,
Scenario1,0,RE1,,PWRGEO006,CO2,2027,,,,,,,,,,,,,,,,0.0,
Scenario1,0,RE1,,PWRGEO006,CO2,2028,,,,,,,,,,,,,,,,0.0,
Scenario1,0,RE1,,PWRGEO006,CO2,2029,,,,,,,,,,,,,,,,0.0,
Scenario1,0,RE1,,PWRGEO006,CO2,2030,,,,,,,,,,,,,,,,0.0,
Scenario1,0,RE1,,PWRGEO006,CO2,2031,,,,,,,,,,,,,,,,0.0,
Scenario1,0,RE1,,PWRGEO006,CO2,2032,,,,,,,,,,,,,,,,0.0,
Scenario1,0,RE1,,PWRGEO006,CO2,2033,,,,,,,,,,,,,,,,0.0,
Scenario1,0,RE1,,PWRGEO006,CO2,2034,,,,,,,,,,,,,,,,0.0,
Scenario1,0,RE1,,PWRGEO006,CO2,2035,,,,,,,,,,,,,,,,0.0,
Scenario1,0,RE1,,PWRGEO006,CO2,2036,,,,,,,,,,,,,,,,0.0,
Scenario1,0,RE1,,PWRGEO006,CO2,2037,,,,,,,,,,,,,,,,0.0,
Scenario1,0,RE1,,PWRGEO006,CO2,2038,,,,,,,,,,,,,,,,0.0,
Scenario1,0,RE1,,PWRGEO006,CO2,2039,,,,,,,,,,,,,,,,0.0,
Scenario1,0,RE1,,PWRGEO006,CO2,2040,,,,,,,,,,,,,,,,0.0,
Scenario1,0,RE1,,PWRGEO006,CO2,2041,,,,,,,,,,,,,,,,0.0,
Scenario1,0,RE1,,PWRGEO006,CO2,2042,,,,,,,,,,,,,,,,0.0,
Scenario1,0,RE1,,PWRGEO006,CO2,2043,,,,,,,,,,,,,,,,0.0,
Scenario1,0,RE1,,PWRGEO006,CO2,2044,,,,,,,,,,,,,,,,0.0,
Scenario1,0,RE1,,PWRGEO006,CO2,2045,,,,,,,,,,,,,,,,0.0,
Scenario1,0,RE1,,PWRGEO006,CO2,2046,,,,,,,,,,,,,,,,0.0,
Scenario1,0,RE1,,PWRGEO006,CO2,2047,,,,,,,,,,,,,,,,0.0,
Scenario1,0,RE1,,PWRGEO006,CO2,2048,,,,,,,,,,,,,,,,0.0,
Scenario1,0,RE1,,PWRGEO006,CO2,2049,,,,,,,,,,,,,,,,0.0,
Scenario1,0,RE1,,PWRGEO006,CO2,2050,,,,,,,,,,,,,,,,0.0,
Scenario1,0,RE1,,PWRGEO007,CO2,2019,,,,,,,,,,,,,,,,0.0,
Scenario1,0,RE1,,PWRGEO007,CO2,2020,,,,,,,,,,,,,,,,0.0,
Scenario1,0,RE1,,PWRGEO007,CO2,2021,,,,,,,,,,,,,,,,0.0,
Scenario1,0,RE1,,PWRGEO007,CO2,2022,,,,,,,,,,,,,,,,0.0,
Scenario1,0,RE1,,PWRGEO007,CO2,2023,,,,,,,,,,,,,,,,0.0,
Scenario1,0,RE1,,PWRGEO007,CO2,2024,,,,,,,,,,,,,,,,0.0,
Scenario1,0,RE1,,PWRGEO007,CO2,2025,,,,,,,,,,,,,,,,0.0,
Scenario1,0,RE1,,PWRGEO007,CO2,2026,,,,,,,,,,,,,,,,0.0,
Scenario1,0,RE1,,PWRGEO007,CO2,2027,,,,,,,,,,,,,,,,0.0,
Scenario1,0,RE1,,PWRGEO007,CO2,2028,,,,,,,,,,,,,,,,0.0,
Scenario1,0,RE1,,PWRGEO007,CO2,2029,,,,,,,,,,,,,,,,0.0,
Scenario1,0,RE1,,PWRGEO007,CO2,2030,,,,,,,,,,,,,,,,0.0,
Scenario1,0,RE1,,PWRGEO007,CO2,2031,,,,,,,,,,,,,,,,0.0,
Scenario1,0,RE1,,PWRGEO007,CO2,2032,,,,,,,,,,,,,,,,0.0,
Scenario1,0,RE1,,PWRGEO007,CO2,2033,,,,,,,,,,,,,,,,0.0,
Scenario1,0,RE1,,PWRGEO007,CO2,2034,,,,,,,,,,,,,,,,0.0,
Scenario1,0,RE1,,PWRGEO007,CO2,2035,,,,,,,,,,,,,,,,0.0,
Scenario1,0,RE1,,PWRGEO007,CO2,2036,,,,,,,,,,,,,,,,0.0,
Scenario1,0,RE1,,PWRGEO007,CO2,2037,,,,,,,,,,,,,,,,0.0,
Scenario1,0,RE1,,PWRGEO007,CO2,2038,,,,,,,,,,,,,,,,0.0,
Scenario1,0,RE1,,PWRGEO007,CO2,2039,,,,,,,,,,,,,,,,0.0,
Scenario1,0,RE1,,PWRGEO007,CO2,2040,,,,,,,,,,,,,,,,0.0,
Scenario1,0,RE1,,PWRGEO007,CO2,2041,,,,,,,,,,,,,,,,0.0,
Scenario1,0,RE1,,PWRGEO007,CO2,2042,,,,,,,,,,,,,,,,0.0,
Scenario1,0,RE1,,PWRGEO007,CO2,2043,,,,,,,,,,,,,,,,0.0,
Scenario1,0,RE1,,PWRGEO007,CO2,2044,,,,,,,,,,,,,,,,0.0,
Scenario1,0,RE1,,PWRGEO007,CO2,2045,,,,,,,,,,,,,,,,0.0,
Scenario1,0,RE1,,PWRGEO007,CO2,2046,,,,,,,,,,,,,,,,0.0,
Scenario1,0,RE1,,PWRGEO007,CO2,2047,,,,,,,,,,,,,,,,0.0,
Scenario1,0,RE1,,PWRGEO007,CO2,2048,,,,,,,,,,,,,,,,0.0,
Scenario1,0,RE1,,PWRGEO007,CO2,2049,,,,,,,,,,,,,,,,0.0,
Scenario1,0,RE1,,PWRGEO007,CO2,2050,,,,,,,,,,,,,,,,0.0,
Scenario1,0,RE1,,PWRHFO001,CO2,2019,,,,,,,,,,,,,,,,0.6908206695818181,
Scenario1,0,RE1,,PWRHFO001,CO2,2020,,,,,,,,,,,,,,,,0.8499581486501059,
Scenario1,0,RE1,,PWRHFO001,CO2,2021,,,,,,,,,,,,,,,,0.9286561376149206,
Scenario1,0,RE1,,PWRHFO001,CO2,2022,,,,,,,,,,,,,,,,0.2853394102842446,
Scenario1,0,RE1,,PWRHFO001,CO2,2023,,,,,,,,,,,,,,,,0.31394073358745167,
Scenario1,0,RE1,,PWRHFO001,CO2,2024,,,,,,,,,,,,,,,,0.5147858495699253,
Scenario1,0,RE1,,PWRHFO001,CO2,2025,,,,,,,,,,,,,,,,0.32226579624885915,
Scenario1,0,RE1,,PWRHFO001,CO2,2026,,,,,,,,,,,,,,,,0.0,
Scenario1,0,RE1,,PWRHFO001,CO2,2027,,,,,,,,,,,,,,,,0.0009200119826160834,
Scenario1,0,RE1,,PWRHFO001,CO2,2028,,,,,,,,,,,,,,,,0.01208419972727196,
Scenario1,0,RE1,,PWRHFO001,CO2,2029,,,,,,,,,,,,,,,,0.003028881115052706,
Scenario1,0,RE1,,PWRHFO001,CO2,2030,,,,,,,,,,,,,,,,0.0070842317201051455,
Scenario1,0,RE1,,PWRHFO001,CO2,2031,,,,,,,,,,,,,,,,0.01076088169152,
Scenario1,0,RE1,,PWRHFO001,CO2,2032,,,,,,,,,,,,,,,,0.010786748019851357,
Scenario1,0,RE1,,PWRHFO001,CO2,2033,,,,,,,,,,,,,,,,0.011377522512832944,
Scenario1,0,RE1,,PWRHFO001,CO2,2034,,,,,,,,,,,,,,,,0.01007906987569138,
Scenario1,0,RE1,,PWRHFO001,CO2,2035,,,,,,,,,,,,,,,,0.011379621743909408,
Scenario1,0,RE1,,PWRHFO001,CO2,2036,,,,,,,,,,,,,,,,0.0,
Scenario1,0,RE1,,PWRHFO001,CO2,2037,,,,,,,,,,,,,,,,0.0,
Scenario1,0,RE1,,PWRHFO001,CO2,2038,,,,,,,,,,,,,,,,0.0,
Scenario1,0,RE1,,PWRHFO001,CO2,2039,,,,,,,,,,,,,,,,0.0,
Scenario1,0,RE1,,PWRHFO001,CO2,2040,,,,,,,,,,,,,,,,0.0,
Scenario1,0,RE1,,PWRHFO001,CO2,2041,,,,,,,,,,,,,,,,0.0,
Scenario1,0,RE1,,PWRHFO001,CO2,2042,,,,,,,,,,,,,,,,0.0,
Scenario1,0,RE1,,PWRHFO001,CO2,2043,,,,,,,,,,,,,,,,0.0,
Scenario1,0,RE1,,PWRHFO001,CO2,2044,,,,,,,,,,,,,,,,0.0,
Scenario1,0,RE1,,PWRHFO001,CO2,2045,,,,,,,,,,,,,,,,0.0,
Scenario1,0,RE1,,PWRHFO001,CO2,2046,,,,,,,,,,,,,,,,0.0,
Scenario1,0,RE1,,PWRHFO001,CO2,2047,,,,,,,,,,,,,,,,0.0,
Scenario1,0,RE1,,PWRHFO001,CO2,2048,,,,,,,,,,,,,,,,0.0,
Scenario1,0,RE1,,PWRHFO001,CO2,2049,,,,,,,,,,,,,,,,0.0,
Scenario1,0,RE1,,PWRHFO001,CO2,2050,,,,,,,,,,,,,,,,0.0,
Scenario1,0,RE1,,PWRHYD001,CO2,2019,,,,,,,,,,,,,,,,0.0,
Scenario1,0,RE1,,PWRHYD001,CO2,2020,,,,,,,,,,,,,,,,0.0,
Scenario1,0,RE1,,PWRHYD001,CO2,2021,,,,,,,,,,,,,,,,0.0,
Scenario1,0,RE1,,PWRHYD001,CO2,2022,,,,,,,,,,,,,,,,0.0,
Scenario1,0,RE1,,PWRHYD001,CO2,2023,,,,,,,,,,,,,,,,0.0,
Scenario1,0,RE1,,PWRHYD001,CO2,2024,,,,,,,,,,,,,,,,0.0,
Scenario1,0,RE1,,PWRHYD001,CO2,2025,,,,,,,,,,,,,,,,0.0,
Scenario1,0,RE1,,PWRHYD001,CO2,2026,,,,,,,,,,,,,,,,0.0,
Scenario1,0,RE1,,PWRHYD001,CO2,2027,,,,,,,,,,,,,,,,0.0,
Scenario1,0,RE1,,PWRHYD001,CO2,2028,,,,,,,,,,,,,,,,0.0,
Scenario1,0,RE1,,PWRHYD001,CO2,2029,,,,,,,,,,,,,,,,0.0,
Scenario1,0,RE1,,PWRHYD001,CO2,2030,,,,,,,,,,,,,,,,0.0,
Scenario1,0,RE1,,PWRHYD001,CO2,2031,,,,,,,,,,,,,,,,0.0,
Scenario1,0,RE1,,PWRHYD001,CO2,2032,,,,,,,,,,,,,,,,0.0,
Scenario1,0,RE1,,PWRHYD001,CO2,2033,,,,,,,,,,,,,,,,0.0,
Scenario1,0,RE1,,PWRHYD001,CO2,2034,,,,,,,,,,,,,,,,0.0,
Scenario1,0,RE1,,PWRHYD001,CO2,2035,,,,,,,,,,,,,,,,0.0,
Scenario1,0,RE1,,PWRHYD001,CO2,2036,,,,,,,,,,,,,,,,0.0,
Scenario1,0,RE1,,PWRHYD001,CO2,2037,,,,,,,,,,,,,,,,0.0,
Scenario1,0,RE1,,PWRHYD001,CO2,2038,,,,,,,,,,,,,,,,0.0,
Scenario1,0,RE1,,PWRHYD001,CO2,2039,,,,,,,,,,,,,,,,0.0,
Scenario1,0,RE1,,PWRHYD001,CO2,2040,,,,,,,,,,,,,,,,0.0,
Scenario1,0,RE1,,PWRHYD001,CO2,2041,,,,,,,,,,,,,,,,0.0,
Scenario1,0,RE1,,PWRHYD001,CO2,2042,,,,,,,,,,,,,,,,0.0,
Scenario1,0,RE1,,PWRHYD001,CO2,2043,,,,,,,,,,,,,,,,0.0,
Scenario1,0,RE1,,PWRHYD001,CO2,2044,,,,,,,,,,,,,,,,0.0,
Scenario1,0,RE1,,PWRHYD001,CO2,2045,,,,,,,,,,,,,,,,0.0,
Scenario1,0,RE1,,PWRHYD001,CO2,2046,,,,,,,,,,,,,,,,0.0,
Scenario1,0,RE1,,PWRHYD001,CO2,2047,,,,,,,,,,,,,,,,0.0,
Scenario1,0,RE1,,PWRHYD001,CO2,2048,,,,,,,,,,,,,,,,0.0,
Scenario1,0,RE1,,PWRHYD001,CO2,2049,,,,,,,,,,,,,,,,0.0,
Scenario1,0,RE1,,PWRHYD001,CO2,2050,,,,,,,,,,,,,,,,0.0,
Scenario1,0,RE1,,PWRHYD002,CO2,2019,,,,,,,,,,,,,,,,0.0,
Scenario1,0,RE1,,PWRHYD002,CO2,2020,,,,,,,,,,,,,,,,0.0,
Scenario1,0,RE1,,PWRHYD002,CO2,2021,,,,,,,,,,,,,,,,0.0,
Scenario1,0,RE1,,PWRHYD002,CO2,2022,,,,,,,,,,,,,,,,0.0,
Scenario1,0,RE1,,PWRHYD002,CO2,2023,,,,,,,,,,,,,,,,0.0,
Scenario1,0,RE1,,PWRHYD002,CO2,2024,,,,,,,,,,,,,,,,0.0,
Scenario1,0,RE1,,PWRHYD002,CO2,2025,,,,,,,,,,,,,,,,0.0,
Scenario1,0,RE1,,PWRHYD002,CO2,2026,,,,,,,,,,,,,,,,0.0,
Scenario1,0,RE1,,PWRHYD002,CO2,2027,,,,,,,,,,,,,,,,0.0,
Scenario1,0,RE1,,PWRHYD002,CO2,2028,,,,,,,,,,,,,,,,0.0,
Scenario1,0,RE1,,PWRHYD002,CO2,2029,,,,,,,,,,,,,,,,0.0,
Scenario1,0,RE1,,PWRHYD002,CO2,2030,,,,,,,,,,,,,,,,0.0,
Scenario1,0,RE1,,PWRHYD002,CO2,2031,,,,,,,,,,,,,,,,0.0,
Scenario1,0,RE1,,PWRHYD002,CO2,2032,,,,,,,,,,,,,,,,0.0,
Scenario1,0,RE1,,PWRHYD002,CO2,2033,,,,,,,,,,,,,,,,0.0,
Scenario1,0,RE1,,PWRHYD002,CO2,2034,,,,,,,,,,,,,,,,0.0,
Scenario1,0,RE1,,PWRHYD002,CO2,2035,,,,,,,,,,,,,,,,0.0,
Scenario1,0,RE1,,PWRHYD002,CO2,2036,,,,,,,,,,,,,,,,0.0,
Scenario1,0,RE1,,PWRHYD002,CO2,2037,,,,,,,,,,,,,,,,0.0,
Scenario1,0,RE1,,PWRHYD002,CO2,2038,,,,,,,,,,,,,,,,0.0,
Scenario1,0,RE1,,PWRHYD002,CO2,2039,,,,,,,,,,,,,,,,0.0,
Scenario1,0,RE1,,PWRHYD002,CO2,2040,,,,,,,,,,,,,,,,0.0,
Scenario1,0,RE1,,PWRHYD002,CO2,2041,,,,,,,,,,,,,,,,0.0,
Scenario1,0,RE1,,PWRHYD002,CO2,2042,,,,,,,,,,,,,,,,0.0,
Scenario1,0,RE1,,PWRHYD002,CO2,2043,,,,,,,,,,,,,,,,0.0,
Scenario1,0,RE1,,PWRHYD002,CO2,2044,,,,,,,,,,,,,,,,0.0,
Scenario1,0,RE1,,PWRHYD002,CO2,2045,,,,,,,,,,,,,,,,0.0,
Scenario1,0,RE1,,PWRHYD002,CO2,2046,,,,,,,,,,,,,,,,0.0,
Scenario1,0,RE1,,PWRHYD002,CO2,2047,,,,,,,,,,,,,,,,0.0,
Scenario1,0,RE1,,PWRHYD002,CO2,2048,,,,,,,,,,,,,,,,0.0,
Scenario1,0,RE1,,PWRHYD002,CO2,2049,,,,,,,,,,,,,,,,0.0,
Scenario1,0,RE1,,PWRHYD002,CO2,2050,,,,,,,,,,,,,,,,0.0,
Scenario1,0,RE1,,PWRHYD003,CO2,2019,,,,,,,,,,,,,,,,0.0,
Scenario1,0,RE1,,PWRHYD003,CO2,2020,,,,,,,,,,,,,,,,0.0,
Scenario1,0,RE1,,PWRHYD003,CO2,2021,,,,,,,,,,,,,,,,0.0,
Scenario1,0,RE1,,PWRHYD003,CO2,2022,,,,,,,,,,,,,,,,0.0,
Scenario1,0,RE1,,PWRHYD003,CO2,2023,,,,,,,,,,,,,,,,0.0,
Scenario1,0,RE1,,PWRHYD003,CO2,2024,,,,,,,,,,,,,,,,0.0,
Scenario1,0,RE1,,PWRHYD003,CO2,2025,,,,,,,,,,,,,,,,0.0,
Scenario1,0,RE1,,PWRHYD003,CO2,2026,,,,,,,,,,,,,,,,0.0,
Scenario1,0,RE1,,PWRHYD003,CO2,2027,,,,,,,,,,,,,,,,0.0,
Scenario1,0,RE1,,PWRHYD003,CO2,2028,,,,,,,,,,,,,,,,0.0,
Scenario1,0,RE1,,PWRHYD003,CO2,2029,,,,,,,,,,,,,,,,0.0,
Scenario1,0,RE1,,PWRHYD003,CO2,2030,,,,,,,,,,,,,,,,0.0,
Scenario1,0,RE1,,PWRHYD003,CO2,2031,,,,,,,,,,,,,,,,0.0,
Scenario1,0,RE1,,PWRHYD003,CO2,2032,,,,,,,,,,,,,,,,0.0,
Scenario1,0,RE1,,PWRHYD003,CO2,2033,,,,,,,,,,,,,,,,0.0,
Scenario1,0,RE1,,PWRHYD003,CO2,2034,,,,,,,,,,,,,,,,0.0,
Scenario1,0,RE1,,PWRHYD003,CO2,2035,,,,,,,,,,,,,,,,0.0,
Scenario1,0,RE1,,PWRHYD003,CO2,2036,,,,,,,,,,,,,,,,0.0,
Scenario1,0,RE1,,PWRHYD003,CO2,2037,,,,,,,,,,,,,,,,0.0,
Scenario1,0,RE1,,PWRHYD003,CO2,2038,,,,,,,,,,,,,,,,0.0,
Scenario1,0,RE1,,PWRHYD003,CO2,2039,,,,,,,,,,,,,,,,0.0,
Scenario1,0,RE1,,PWRHYD003,CO2,2040,,,,,,,,,,,,,,,,0.0,
Scenario1,0,RE1,,PWRHYD003,CO2,2041,,,,,,,,,,,,,,,,0.0,
Scenario1,0,RE1,,PWRHYD003,CO2,2042,,,,,,,,,,,,,,,,0.0,
Scenario1,0,RE1,,PWRHYD003,CO2,2043,,,,,,,,,,,,,,,,0.0,
Scenario1,0,RE1,,PWRHYD003,CO2,2044,,,,,,,,,,,,,,,,0.0,
Scenario1,0,RE1,,PWRHYD003,CO2,2045,,,,,,,,,,,,,,,,0.0,
Scenario1,0,RE1,,PWRHYD003,CO2,2046,,,,,,,,,,,,,,,,0.0,
Scenario1,0,RE1,,PWRHYD003,CO2,2047,,,,,,,,,,,,,,,,0.0,
Scenario1,0,RE1,,PWRHYD003,CO2,2048,,,,,,,,,,,,,,,,0.0,
Scenario1,0,RE1,,PWRHYD003,CO2,2049,,,,,,,,,,,,,,,,0.0,
Scenario1,0,RE1,,PWRHYD003,CO2,2050,,,,,,,,,,,,,,,,0.0,
Scenario1,0,RE1,,PWRHYD004,CO2,2019,,,,,,,,,,,,,,,,0.0,
Scenario1,0,RE1,,PWRHYD004,CO2,2020,,,,,,,,,,,,,,,,0.0,
Scenario1,0,RE1,,PWRHYD004,CO2,2021,,,,,,,,,,,,,,,,0.0,
Scenario1,0,RE1,,PWRHYD004,CO2,2022,,,,,,,,,,,,,,,,0.0,
Scenario1,0,RE1,,PWRHYD004,CO2,2023,,,,,,,,,,,,,,,,0.0,
Scenario1,0,RE1,,PWRHYD004,CO2,2024,,,,,,,,,,,,,,,,0.0,
Scenario1,0,RE1,,PWRHYD004,CO2,2025,,,,,,,,,,,,,,,,0.0,
Scenario1,0,RE1,,PWRHYD004,CO2,2026,,,,,,,,,,,,,,,,0.0,
Scenario1,0,RE1,,PWRHYD004,CO2,2027,,,,,,,,,,,,,,,,0.0,
Scenario1,0,RE1,,PWRHYD004,CO2,2028,,,,,,,,,,,,,,,,0.0,
Scenario1,0,RE1,,PWRHYD004,CO2,2029,,,,,,,,,,,,,,,,0.0,
Scenario1,0,RE1,,PWRHYD004,CO2,2030,,,,,,,,,,,,,,,,0.0,
Scenario1,0,RE1,,PWRHYD004,CO2,2031,,,,,,,,,,,,,,,,0.0,
Scenario1,0,RE1,,PWRHYD004,CO2,2032,,,,,,,,,,,,,,,,0.0,
Scenario1,0,RE1,,PWRHYD004,CO2,2033,,,,,,,,,,,,,,,,0.0,
Scenario1,0,RE1,,PWRHYD004,CO2,2034,,,,,,,,,,,,,,,,0.0,
Scenario1,0,RE1,,PWRHYD004,CO2,2035,,,,,,,,,,,,,,,,0.0,
Scenario1,0,RE1,,PWRHYD004,CO2,2036,,,,,,,,,,,,,,,,0.0,
Scenario1,0,RE1,,PWRHYD004,CO2,2037,,,,,,,,,,,,,,,,0.0,
Scenario1,0,RE1,,PWRHYD004,CO2,2038,,,,,,,,,,,,,,,,0.0,
Scenario1,0,RE1,,PWRHYD004,CO2,2039,,,,,,,,,,,,,,,,0.0,
Scenario1,0,RE1,,PWRHYD004,CO2,2040,,,,,,,,,,,,,,,,0.0,
Scenario1,0,RE1,,PWRHYD004,CO2,2041,,,,,,,,,,,,,,,,0.0,
Scenario1,0,RE1,,PWRHYD004,CO2,2042,,,,,,,,,,,,,,,,0.0,
Scenario1,0,RE1,,PWRHYD004,CO2,2043,,,,,,,,,,,,,,,,0.0,
Scenario1,0,RE1,,PWRHYD004,CO2,2044,,,,,,,,,,,,,,,,0.0,
Scenario1,0,RE1,,PWRHYD004,CO2,2045,,,,,,,,,,,,,,,,0.0,
Scenario1,0,RE1,,PWRHYD004,CO2,2046,,,,,,,,,,,,,,,,0.0,
Scenario1,0,RE1,,PWRHYD004,CO2,2047,,,,,,,,,,,,,,,,0.0,
Scenario1,0,RE1,,PWRHYD004,CO2,2048,,,,,,,,,,,,,,,,0.0,
Scenario1,0,RE1,,PWRHYD004,CO2,2049,,,,,,,,,,,,,,,,0.0,
Scenario1,0,RE1,,PWRHYD004,CO2,2050,,,,,,,,,,,,,,,,0.0,
Scenario1,0,RE1,,PWRHYD005,CO2,2019,,,,,,,,,,,,,,,,0.0,
Scenario1,0,RE1,,PWRHYD005,CO2,2020,,,,,,,,,,,,,,,,0.0,
Scenario1,0,RE1,,PWRHYD005,CO2,2021,,,,,,,,,,,,,,,,0.0,
Scenario1,0,RE1,,PWRHYD005,CO2,2022,,,,,,,,,,,,,,,,0.0,
Scenario1,0,RE1,,PWRHYD005,CO2,2023,,,,,,,,,,,,,,,,0.0,
Scenario1,0,RE1,,PWRHYD005,CO2,2024,,,,,,,,,,,,,,,,0.0,
Scenario1,0,RE1,,PWRHYD005,CO2,2025,,,,,,,,,,,,,,,,0.0,
Scenario1,0,RE1,,PWRHYD005,CO2,2026,,,,,,,,,,,,,,,,0.0,
Scenario1,0,RE1,,PWRHYD005,CO2,2027,,,,,,,,,,,,,,,,0.0,
Scenario1,0,RE1,,PWRHYD005,CO2,2028,,,,,,,,,,,,,,,,0.0,
Scenario1,0,RE1,,PWRHYD005,CO2,2029,,,,,,,,,,,,,,,,0.0,
Scenario1,0,RE1,,PWRHYD005,CO2,2030,,,,,,,,,,,,,,,,0.0,
Scenario1,0,RE1,,PWRHYD005,CO2,2031,,,,,,,,,,,,,,,,0.0,
Scenario1,0,RE1,,PWRHYD005,CO2,2032,,,,,,,,,,,,,,,,0.0,
Scenario1,0,RE1,,PWRHYD005,CO2,2033,,,,,,,,,,,,,,,,0.0,
Scenario1,0,RE1,,PWRHYD005,CO2,2034,,,,,,,,,,,,,,,,0.0,
Scenario1,0,RE1,,PWRHYD005,CO2,2035,,,,,,,,,,,,,,,,0.0,
Scenario1,0,RE1,,PWRHYD005,CO2,2036,,,,,,,,,,,,,,,,0.0,
Scenario1,0,RE1,,PWRHYD005,CO2,2037,,,,,,,,,,,,,,,,0.0,
Scenario1,0,RE1,,PWRHYD005,CO2,2038,,,,,,,,,,,,,,,,0.0,
Scenario1,0,RE1,,PWRHYD005,CO2,2039,,,,,,,,,,,,,,,,0.0,
Scenario1,0,RE1,,PWRHYD005,CO2,2040,,,,,,,,,,,,,,,,0.0,
Scenario1,0,RE1,,PWRHYD005,CO2,2041,,,,,,,,,,,,,,,,0.0,
Scenario1,0,RE1,,PWRHYD005,CO2,2042,,,,,,,,,,,,,,,,0.0,
Scenario1,0,RE1,,PWRHYD005,CO2,2043,,,,,,,,,,,,,,,,0.0,
Scenario1,0,RE1,,PWRHYD005,CO2,2044,,,,,,,,,,,,,,,,0.0,
Scenario1,0,RE1,,PWRHYD005,CO2,2045,,,,,,,,,,,,,,,,0.0,
Scenario1,0,RE1,,PWRHYD005,CO2,2046,,,,,,,,,,,,,,,,0.0,
Scenario1,0,RE1,,PWRHYD005,CO2,2047,,,,,,,,,,,,,,,,0.0,
Scenario1,0,RE1,,PWRHYD005,CO2,2048,,,,,,,,,,,,,,,,0.0,
Scenario1,0,RE1,,PWRHYD005,CO2,2049,,,,,,,,,,,,,,,,0.0,
Scenario1,0,RE1,,PWRHYD005,CO2,2050,,,,,,,,,,,,,,,,0.0,
Scenario1,0,RE1,,PWRLFO001,CO2,2019,,,,,,,,,,,,,,,,0.0,
Scenario1,0,RE1,,PWRLFO001,CO2,2020,,,,,,,,,,,,,,,,0.0,
Scenario1,0,RE1,,PWRLFO001,CO2,2021,,,,,,,,,,,,,,,,0.0,
Scenario1,0,RE1,,PWRLFO001,CO2,2022,,,,,,,,,,,,,,,,0.0,
Scenario1,0,RE1,,PWRLFO001,CO2,2023,,,,,,,,,,,,,,,,0.0,
Scenario1,0,RE1,,PWRLFO001,CO2,2024,,,,,,,,,,,,,,,,0.0,
Scenario1,0,RE1,,PWRLFO001,CO2,2025,,,,,,,,,,,,,,,,0.0,
Scenario1,0,RE1,,PWRLFO001,CO2,2026,,,,,,,,,,,,,,,,0.0,
Scenario1,0,RE1,,PWRLFO001,CO2,2027,,,,,,,,,,,,,,,,0.0,
Scenario1,0,RE1,,PWRLFO001,CO2,2028,,,,,,,,,,,,,,,,0.0,
Scenario1,0,RE1,,PWRLFO001,CO2,2029,,,,,,,,,,,,,,,,0.0,
Scenario1,0,RE1,,PWRLFO001,CO2,2030,,,,,,,,,,,,,,,,0.0,
Scenario1,0,RE1,,PWRLFO001,CO2,2031,,,,,,,,,,,,,,,,0.0,
Scenario1,0,RE1,,PWRLFO001,CO2,2032,,,,,,,,,,,,,,,,0.0,
Scenario1,0,RE1,,PWRLFO001,CO2,2033,,,,,,,,,,,,,,,,0.0,
Scenario1,0,RE1,,PWRLFO001,CO2,2034,,,,,,,,,,,,,,,,0.0,
Scenario1,0,RE1,,PWRLFO001,CO2,2035,,,,,,,,,,,,,,,,0.0,
Scenario1,0,RE1,,PWRLFO001,CO2,2036,,,,,,,,,,,,,,,,0.0,
Scenario1,0,RE1,,PWRLFO001,CO2,2037,,,,,,,,,,,,,,,,0.0,
Scenario1,0,RE1,,PWRLFO001,CO2,2038,,,,,,,,,,,,,,,,0.0,
Scenario1,0,RE1,,PWRLFO001,CO2,2039,,,,,,,,,,,,,,,,0.0,
Scenario1,0,RE1,,PWRLFO001,CO2,2040,,,,,,,,,,,,,,,,0.0,
Scenario1,0,RE1,,PWRLFO001,CO2,2041,,,,,,,,,,,,,,,,0.0,
Scenario1,0,RE1,,PWRLFO001,CO2,2042,,,,,,,,,,,,,,,,0.0,
Scenario1,0,RE1,,PWRLFO001,CO2,2043,,,,,,,,,,,,,,,,0.0,
Scenario1,0,RE1,,PWRLFO001,CO2,2044,,,,,,,,,,,,,,,,0.0,
Scenario1,0,RE1,,PWRLFO001,CO2,2045,,,,,,,,,,,,,,,,0.0,
Scenario1,0,RE1,,PWRLFO001,CO2,2046,,,,,,,,,,,,,,,,0.0,
Scenario1,0,RE1,,PWRLFO001,CO2,2047,,,,,,,,,,,,,,,,0.0,
Scenario1,0,RE1,,PWRLFO001,CO2,2048,,,,,,,,,,,,,,,,0.0,
Scenario1,0,RE1,,PWRLFO001,CO2,2049,,,,,,,,,,,,,,,,0.0,
Scenario1,0,RE1,,PWRLFO001,CO2,2050,,,,,,,,,,,,,,,,0.0,
Scenario1,0,RE1,,PWRNGS001,CO2,2019,,,,,,,,,,,,,,,,0.0,
Scenario1,0,RE1,,PWRNGS001,CO2,2020,,,,,,,,,,,,,,,,0.0,
Scenario1,0,RE1,,PWRNGS001,CO2,2021,,,,,,,,,,,,,,,,0.0,
Scenario1,0,RE1,,PWRNGS001,CO2,2022,,,,,,,,,,,,,,,,0.0,
Scenario1,0,RE1,,PWRNGS001,CO2,2023,,,,,,,,,,,,,,,,0.0,
Scenario1,0,RE1,,PWRNGS001,CO2,2024,,,,,,,,,,,,,,,,0.0,
Scenario1,0,RE1,,PWRNGS001,CO2,2025,,,,,,,,,,,,,,,,0.0,
Scenario1,0,RE1,,PWRNGS001,CO2,2026,,,,,,,,,,,,,,,,0.0,
Scenario1,0,RE1,,PWRNGS001,CO2,2027,,,,,,,,,,,,,,,,0.0,
Scenario1,0,RE1,,PWRNGS001,CO2,2028,,,,,,,,,,,,,,,,0.0,
Scenario1,0,RE1,,PWRNGS001,CO2,2029,,,,,,,,,,,,,,,,0.0,
Scenario1,0,RE1,,PWRNGS001,CO2,2030,,,,,,,,,,,,,,,,0.0,
Scenario1,0,RE1,,PWRNGS001,CO2,2031,,,,,,,,,,,,,,,,0.0,
Scenario1,0,RE1,,PWRNGS001,CO2,2032,,,,,,,,,,,,,,,,0.0,
Scenario1,0,RE1,,PWRNGS001,CO2,2033,,,,,,,,,,,,,,,,0.0,
Scenario1,0,RE1,,PWRNGS001,CO2,2034,,,,,,,,,,,,,,,,0.0,
Scenario1,0,RE1,,PWRNGS001,CO2,2035,,,,,,,,,,,,,,,,0.0,
Scenario1,0,RE1,,PWRNGS001,CO2,2036,,,,,,,,,,,,,,,,0.0,
Scenario1,0,RE1,,PWRNGS001,CO2,2037,,,,,,,,,,,,,,,,0.0,
Scenario1,0,RE1,,PWRNGS001,CO2,2038,,,,,,,,,,,,,,,,0.0,
Scenario1,0,RE1,,PWRNGS001,CO2,2039,,,,,,,,,,,,,,,,0.0,
Scenario1,0,RE1,,PWRNGS001,CO2,2040,,,,,,,,,,,,,,,,0.0,
Scenario1,0,RE1,,PWRNGS001,CO2,2041,,,,,,,,,,,,,,,,0.0,
Scenario1,0,RE1,,PWRNGS001,CO2,2042,,,,,,,,,,,,,,,,0.0,
Scenario1,0,RE1,,PWRNGS001,CO2,2043,,,,,,,,,,,,,,,,0.0,
Scenario1,0,RE1,,PWRNGS001,CO2,2044,,,,,,,,,,,,,,,,0.0,
Scenario1,0,RE1,,PWRNGS001,CO2,2045,,,,,,,,,,,,,,,,0.0,
Scenario1,0,RE1,,PWRNGS001,CO2,2046,,,,,,,,,,,,,,,,0.0,
Scenario1,0,RE1,,PWRNGS001,CO2,2047,,,,,,,,,,,,,,,,0.0,
Scenario1,0,RE1,,PWRNGS001,CO2,2048,,,,,,,,,,,,,,,,0.0,
Scenario1,0,RE1,,PWRNGS001,CO2,2049,,,,,,,,,,,,,,,,0.0,
Scenario1,0,RE1,,PWRNGS001,CO2,2050,,,,,,,,,,,,,,,,0.0,
Scenario1,0,RE1,,PWRPHS001,CO2,2019,,,,,,,,,,,,,,,,0.0,
Scenario1,0,RE1,,PWRPHS001,CO2,2020,,,,,,,,,,,,,,,,0.0,
Scenario1,0,RE1,,PWRPHS001,CO2,2021,,,,,,,,,,,,,,,,0.0,
Scenario1,0,RE1,,PWRPHS001,CO2,2022,,,,,,,,,,,,,,,,0.0,
Scenario1,0,RE1,,PWRPHS001,CO2,2023,,,,,,,,,,,,,,,,0.0,
Scenario1,0,RE1,,PWRPHS001,CO2,2024,,,,,,,,,,,,,,,,0.0,
Scenario1,0,RE1,,PWRPHS001,CO2,2025,,,,,,,,,,,,,,,,0.0,
Scenario1,0,RE1,,PWRPHS001,CO2,2026,,,,,,,,,,,,,,,,0.0,
Scenario1,0,RE1,,PWRPHS001,CO2,2027,,,,,,,,,,,,,,,,0.0,
Scenario1,0,RE1,,PWRPHS001,CO2,2028,,,,,,,,,,,,,,,,0.0,
Scenario1,0,RE1,,PWRPHS001,CO2,2029,,,,,,,,,,,,,,,,0.0,
Scenario1,0,RE1,,PWRPHS001,CO2,2030,,,,,,,,,,,,,,,,0.0,
Scenario1,0,RE1,,PWRPHS001,CO2,2031,,,,,,,,,,,,,,,,0.0,
Scenario1,0,RE1,,PWRPHS001,CO2,2032,,,,,,,,,,,,,,,,0.0,
Scenario1,0,RE1,,PWRPHS001,CO2,2033,,,,,,,,,,,,,,,,0.0,
Scenario1,0,RE1,,PWRPHS001,CO2,2034,,,,,,,,,,,,,,,,0.0,
Scenario1,0,RE1,,PWRPHS001,CO2,2035,,,,,,,,,,,,,,,,0.0,
Scenario1,0,RE1,,PWRPHS001,CO2,2036,,,,,,,,,,,,,,,,0.0,
Scenario1,0,RE1,,PWRPHS001,CO2,2037,,,,,,,,,,,,,,,,0.0,
Scenario1,0,RE1,,PWRPHS001,CO2,2038,,,,,,,,,,,,,,,,0.0,
Scenario1,0,RE1,,PWRPHS001,CO2,2039,,,,,,,,,,,,,,,,0.0,
Scenario1,0,RE1,,PWRPHS001,CO2,2040,,,,,,,,,,,,,,,,0.0,
Scenario1,0,RE1,,PWRPHS001,CO2,2041,,,,,,,,,,,,,,,,0.0,
Scenario1,0,RE1,,PWRPHS001,CO2,2042,,,,,,,,,,,,,,,,0.0,
Scenario1,0,RE1,,PWRPHS001,CO2,2043,,,,,,,,,,,,,,,,0.0,
Scenario1,0,RE1,,PWRPHS001,CO2,2044,,,,,,,,,,,,,,,,0.0,
Scenario1,0,RE1,,PWRPHS001,CO2,2045,,,,,,,,,,,,,,,,0.0,
Scenario1,0,RE1,,PWRPHS001,CO2,2046,,,,,,,,,,,,,,,,0.0,
Scenario1,0,RE1,,PWRPHS001,CO2,2047,,,,,,,,,,,,,,,,0.0,
Scenario1,0,RE1,,PWRPHS001,CO2,2048,,,,,,,,,,,,,,,,0.0,
Scenario1,0,RE1,,PWRPHS001,CO2,2049,,,,,,,,,,,,,,,,0.0,
Scenario1,0,RE1,,PWRPHS001,CO2,2050,,,,,,,,,,,,,,,,0.0,
Scenario1,0,RE1,,PWRPHS002,CO2,2019,,,,,,,,,,,,,,,,0.0,
Scenario1,0,RE1,,PWRPHS002,CO2,2020,,,,,,,,,,,,,,,,0.0,
Scenario1,0,RE1,,PWRPHS002,CO2,2021,,,,,,,,,,,,,,,,0.0,
Scenario1,0,RE1,,PWRPHS002,CO2,2022,,,,,,,,,,,,,,,,0.0,
Scenario1,0,RE1,,PWRPHS002,CO2,2023,,,,,,,,,,,,,,,,0.0,
Scenario1,0,RE1,,PWRPHS002,CO2,2024,,,,,,,,,,,,,,,,0.0,
Scenario1,0,RE1,,PWRPHS002,CO2,2025,,,,,,,,,,,,,,,,0.0,
Scenario1,0,RE1,,PWRPHS002,CO2,2026,,,,,,,,,,,,,,,,0.0,
Scenario1,0,RE1,,PWRPHS002,CO2,2027,,,,,,,,,,,,,,,,0.0,
Scenario1,0,RE1,,PWRPHS002,CO2,2028,,,,,,,,,,,,,,,,0.0,
Scenario1,0,RE1,,PWRPHS002,CO2,2029,,,,,,,,,,,,,,,,0.0,
Scenario1,0,RE1,,PWRPHS002,CO2,2030,,,,,,,,,,,,,,,,0.0,
Scenario1,0,RE1,,PWRPHS002,CO2,2031,,,,,,,,,,,,,,,,0.0,
Scenario1,0,RE1,,PWRPHS002,CO2,2032,,,,,,,,,,,,,,,,0.0,
Scenario1,0,RE1,,PWRPHS002,CO2,2033,,,,,,,,,,,,,,,,0.0,
Scenario1,0,RE1,,PWRPHS002,CO2,2034,,,,,,,,,,,,,,,,0.0,
Scenario1,0,RE1,,PWRPHS002,CO2,2035,,,,,,,,,,,,,,,,0.0,
Scenario1,0,RE1,,PWRPHS002,CO2,2036,,,,,,,,,,,,,,,,0.0,
Scenario1,0,RE1,,PWRPHS002,CO2,2037,,,,,,,,,,,,,,,,0.0,
Scenario1,0,RE1,,PWRPHS002,CO2,2038,,,,,,,,,,,,,,,,0.0,
Scenario1,0,RE1,,PWRPHS002,CO2,2039,,,,,,,,,,,,,,,,0.0,
Scenario1,0,RE1,,PWRPHS002,CO2,2040,,,,,,,,,,,,,,,,0.0,
Scenario1,0,RE1,,PWRPHS002,CO2,2041,,,,,,,,,,,,,,,,0.0,
Scenario1,0,RE1,,PWRPHS002,CO2,2042,,,,,,,,,,,,,,,,0.0,
Scenario1,0,RE1,,PWRPHS002,CO2,2043,,,,,,,,,,,,,,,,0.0,
Scenario1,0,RE1,,PWRPHS002,CO2,2044,,,,,,,,,,,,,,,,0.0,
Scenario1,0,RE1,,PWRPHS002,CO2,2045,,,,,,,,,,,,,,,,0.0,
Scenario1,0,RE1,,PWRPHS002,CO2,2046,,,,,,,,,,,,,,,,0.0,
Scenario1,0,RE1,,PWRPHS002,CO2,2047,,,,,,,,,,,,,,,,0.0,
Scenario1,0,RE1,,PWRPHS002,CO2,2048,,,,,,,,,,,,,,,,0.0,
Scenario1,0,RE1,,PWRPHS002,CO2,2049,,,,,,,,,,,,,,,,0.0,
Scenario1,0,RE1,,PWRPHS002,CO2,2050,,,,,,,,,,,,,,,,0.0,
Scenario1,0,RE1,,PWRSOL001,CO2,2019,,,,,,,,,,,,,,,,0.0,
Scenario1,0,RE1,,PWRSOL001,CO2,2020,,,,,,,,,,,,,,,,0.0,
Scenario1,0,RE1,,PWRSOL001,CO2,2021,,,,,,,,,,,,,,,,0.0,
Scenario1,0,RE1,,PWRSOL001,CO2,2022,,,,,,,,,,,,,,,,0.0,
Scenario1,0,RE1,,PWRSOL001,CO2,2023,,,,,,,,,,,,,,,,0.0,
Scenario1,0,RE1,,PWRSOL001,CO2,2024,,,,,,,,,,,,,,,,0.0,
Scenario1,0,RE1,,PWRSOL001,CO2,2025,,,,,,,,,,,,,,,,0.0,
Scenario1,0,RE1,,PWRSOL001,CO2,2026,,,,,,,,,,,,,,,,0.0,
Scenario1,0,RE1,,PWRSOL001,CO2,2027,,,,,,,,,,,,,,,,0.0,
Scenario1,0,RE1,,PWRSOL001,CO2,2028,,,,,,,,,,,,,,,,0.0,
Scenario1,0,RE1,,PWRSOL001,CO2,2029,,,,,,,,,,,,,,,,0.0,
Scenario1,0,RE1,,PWRSOL001,CO2,2030,,,,,,,,,,,,,,,,0.0,
Scenario1,0,RE1,,PWRSOL001,CO2,2031,,,,,,,,,,,,,,,,0.0,
Scenario1,0,RE1,,PWRSOL001,CO2,2032,,,,,,,,,,,,,,,,0.0,
Scenario1,0,RE1,,PWRSOL001,CO2,2033,,,,,,,,,,,,,,,,0.0,
Scenario1,0,RE1,,PWRSOL001,CO2,2034,,,,,,,,,,,,,,,,0.0,
Scenario1,0,RE1,,PWRSOL001,CO2,2035,,,,,,,,,,,,,,,,0.0,
Scenario1,0,RE1,,PWRSOL001,CO2,2036,,,,,,,,,,,,,,,,0.0,
Scenario1,0,RE1,,PWRSOL001,CO2,2037,,,,,,,,,,,,,,,,0.0,
Scenario1,0,RE1,,PWRSOL001,CO2,2038,,,,,,,,,,,,,,,,0.0,
Scenario1,0,RE1,,PWRSOL001,CO2,2039,,,,,,,,,,,,,,,,0.0,
Scenario1,0,RE1,,PWRSOL001,CO2,2040,,,,,,,,,,,,,,,,0.0,
Scenario1,0,RE1,,PWRSOL001,CO2,2041,,,,,,,,,,,,,,,,0.0,
Scenario1,0,RE1,,PWRSOL001,CO2,2042,,,,,,,,,,,,,,,,0.0,
Scenario1,0,RE1,,PWRSOL001,CO2,2043,,,,,,,,,,,,,,,,0.0,
Scenario1,0,RE1,,PWRSOL001,CO2,2044,,,,,,,,,,,,,,,,0.0,
Scenario1,0,RE1,,PWRSOL001,CO2,2045,,,,,,,,,,,,,,,,0.0,
Scenario1,0,RE1,,PWRSOL001,CO2,2046,,,,,,,,,,,,,,,,0.0,
Scenario1,0,RE1,,PWRSOL001,CO2,2047,,,,,,,,,,,,,,,,0.0,
Scenario1,0,RE1,,PWRSOL001,CO2,2048,,,,,,,,,,,,,,,,0.0,
Scenario1,0,RE1,,PWRSOL001,CO2,2049,,,,,,,,,,,,,,,,0.0,
Scenario1,0,RE1,,PWRSOL001,CO2,2050,,,,,,,,,,,,,,,,0.0,
Scenario1,0,RE1,,PWRSOL002,CO2,2019,,,,,,,,,,,,,,,,0.0,
Scenario1,0,RE1,,PWRSOL002,CO2,2020,,,,,,,,,,,,,,,,0.0,
Scenario1,0,RE1,,PWRSOL002,CO2,2021,,,,,,,,,,,,,,,,0.0,
Scenario1,0,RE1,,PWRSOL002,CO2,2022,,,,,,,,,,,,,,,,0.0,
Scenario1,0,RE1,,PWRSOL002,CO2,2023,,,,,,,,,,,,,,,,0.0,
Scenario1,0,RE1,,PWRSOL002,CO2,2024,,,,,,,,,,,,,,,,0.0,
Scenario1,0,RE1,,PWRSOL002,CO2,2025,,,,,,,,,,,,,,,,0.0,
Scenario1,0,RE1,,PWRSOL002,CO2,2026,,,,,,,,,,,,,,,,0.0,
Scenario1,0,RE1,,PWRSOL002,CO2,2027,,,,,,,,,,,,,,,,0.0,
Scenario1,0,RE1,,PWRSOL002,CO2,2028,,,,,,,,,,,,,,,,0.0,
Scenario1,0,RE1,,PWRSOL002,CO2,2029,,,,,,,,,,,,,,,,0.0,
Scenario1,0,RE1,,PWRSOL002,CO2,2030,,,,,,,,,,,,,,,,0.0,
Scenario1,0,RE1,,PWRSOL002,CO2,2031,,,,,,,,,,,,,,,,0.0,
Scenario1,0,RE1,,PWRSOL002,CO2,2032,,,,,,,,,,,,,,,,0.0,
Scenario1,0,RE1,,PWRSOL002,CO2,2033,,,,,,,,,,,,,,,,0.0,
Scenario1,0,RE1,,PWRSOL002,CO2,2034,,,,,,,,,,,,,,,,0.0,
Scenario1,0,RE1,,PWRSOL002,CO2,2035,,,,,,,,,,,,,,,,0.0,
Scenario1,0,RE1,,PWRSOL002,CO2,2036,,,,,,,,,,,,,,,,0.0,
Scenario1,0,RE1,,PWRSOL002,CO2,2037,,,,,,,,,,,,,,,,0.0,
Scenario1,0,RE1,,PWRSOL002,CO2,2038,,,,,,,,,,,,,,,,0.0,
Scenario1,0,RE1,,PWRSOL002,CO2,2039,,,,,,,,,,,,,,,,0.0,
Scenario1,0,RE1,,PWRSOL002,CO2,2040,,,,,,,,,,,,,,,,0.0,
Scenario1,0,RE1,,PWRSOL002,CO2,2041,,,,,,,,,,,,,,,,0.0,
Scenario1,0,RE1,,PWRSOL002,CO2,2042,,,,,,,,,,,,,,,,0.0,
Scenario1,0,RE1,,PWRSOL002,CO2,2043,,,,,,,,,,,,,,,,0.0,
Scenario1,0,RE1,,PWRSOL002,CO2,2044,,,,,,,,,,,,,,,,0.0,
Scenario1,0,RE1,,PWRSOL002,CO2,2045,,,,,,,,,,,,,,,,0.0,
Scenario1,0,RE1,,PWRSOL002,CO2,2046,,,,,,,,,,,,,,,,0.0,
Scenario1,0,RE1,,PWRSOL002,CO2,2047,,,,,,,,,,,,,,,,0.0,
Scenario1,0,RE1,,PWRSOL002,CO2,2048,,,,,,,,,,,,,,,,0.0,
Scenario1,0,RE1,,PWRSOL002,CO2,2049,,,,,,,,,,,,,,,,0.0,
Scenario1,0,RE1,,PWRSOL002,CO2,2050,,,,,,,,,,,,,,,,0.0,
Scenario1,0,RE1,,PWRTRN,CO2,2019,,,,,,,,,,,,,,,,0.0,
Scenario1,0,RE1,,PWRTRN,CO2,2020,,,,,,,,,,,,,,,,0.0,
Scenario1,0,RE1,,PWRTRN,CO2,2021,,,,,,,,,,,,,,,,0.0,
Scenario1,0,RE1,,PWRTRN,CO2,2022,,,,,,,,,,,,,,,,0.0,
Scenario1,0,RE1,,PWRTRN,CO2,2023,,,,,,,,,,,,,,,,0.0,
Scenario1,0,RE1,,PWRTRN,CO2,2024,,,,,,,,,,,,,,,,0.0,
Scenario1,0,RE1,,PWRTRN,CO2,2025,,,,,,,,,,,,,,,,0.0,
Scenario1,0,RE1,,PWRTRN,CO2,2026,,,,,,,,,,,,,,,,0.0,
Scenario1,0,RE1,,PWRTRN,CO2,2027,,,,,,,,,,,,,,,,0.0,
Scenario1,0,RE1,,PWRTRN,CO2,2028,,,,,,,,,,,,,,,,0.0,
Scenario1,0,RE1,,PWRTRN,CO2,2029,,,,,,,,,,,,,,,,0.0,
Scenario1,0,RE1,,PWRTRN,CO2,2030,,,,,,,,,,,,,,,,0.0,
Scenario1,0,RE1,,PWRTRN,CO2,2031,,,,,,,,,,,,,,,,0.0,
Scenario1,0,RE1,,PWRTRN,CO2,2032,,,,,,,,,,,,,,,,0.0,
Scenario1,0,RE1,,PWRTRN,CO2,2033,,,,,,,,,,,,,,,,0.0,
Scenario1,0,RE1,,PWRTRN,CO2,2034,,,,,,,,,,,,,,,,0.0,
Scenario1,0,RE1,,PWRTRN,CO2,2035,,,,,,,,,,,,,,,,0.0,
Scenario1,0,RE1,,PWRTRN,CO2,2036,,,,,,,,,,,,,,,,0.0,
Scenario1,0,RE1,,PWRTRN,CO2,2037,,,,,,,,,,,,,,,,0.0,
Scenario1,0,RE1,,PWRTRN,CO2,2038,,,,,,,,,,,,,,,,0.0,
Scenario1,0,RE1,,PWRTRN,CO2,2039,,,,,,,,,,,,,,,,0.0,
Scenario1,0,RE1,,PWRTRN,CO2,2040,,,,,,,,,,,,,,,,0.0,
Scenario1,0,RE1,,PWRTRN,CO2,2041,,,,,,,,,,,,,,,,0.0,
Scenario1,0,RE1,,PWRTRN,CO2,2042,,,,,,,,,,,,,,,,0.0,
Scenario1,0,RE1,,PWRTRN,CO2,2043,,,,,,,,,,,,,,,,0.0,
Scenario1,0,RE1,,PWRTRN,CO2,2044,,,,,,,,,,,,,,,,0.0,
Scenario1,0,RE1,,PWRTRN,CO2,2045,,,,,,,,,,,,,,,,0.0,
Scenario1,0,RE1,,PWRTRN,CO2,2046,,,,,,,,,,,,,,,,0.0,
Scenario1,0,RE1,,PWRTRN,CO2,2047,,,,,,,,,,,,,,,,0.0,
Scenario1,0,RE1,,PWRTRN,CO2,2048,,,,,,,,,,,,,,,,0.0,
Scenario1,0,RE1,,PWRTRN,CO2,2049,,,,,,,,,,,,,,,,0.0,
Scenario1,0,RE1,,PWRTRN,CO2,2050,,,,,,,,,,,,,,,,0.0,
Scenario1,0,RE1,,PWRURN001,CO2,2019,,,,,,,,,,,,,,,,0.0,
Scenario1,0,RE1,,PWRURN001,CO2,2020,,,,,,,,,,,,,,,,0.0,
Scenario1,0,RE1,,PWRURN001,CO2,2021,,,,,,,,,,,,,,,,0.0,
Scenario1,0,RE1,,PWRURN001,CO2,2022,,,,,,,,,,,,,,,,0.0,
Scenario1,0,RE1,,PWRURN001,CO2,2023,,,,,,,,,,,,,,,,0.0,
Scenario1,0,RE1,,PWRURN001,CO2,2024,,,,,,,,,,,,,,,,0.0,
Scenario1,0,RE1,,PWRURN001,CO2,2025,,,,,,,,,,,,,,,,0.0,
Scenario1,0,RE1,,PWRURN001,CO2,2026,,,,,,,,,,,,,,,,0.0,
Scenario1,0,RE1,,PWRURN001,CO2,2027,,,,,,,,,,,,,,,,0.0,
Scenario1,0,RE1,,PWRURN001,CO2,2028,,,,,,,,,,,,,,,,0.0,
Scenario1,0,RE1,,PWRURN001,CO2,2029,,,,,,,,,,,,,,,,0.0,
Scenario1,0,RE1,,PWRURN001,CO2,2030,,,,,,,,,,,,,,,,0.0,
Scenario1,0,RE1,,PWRURN001,CO2,2031,,,,,,,,,,,,,,,,0.0,
Scenario1,0,RE1,,PWRURN001,CO2,2032,,,,,,,,,,,,,,,,0.0,
Scenario1,0,RE1,,PWRURN001,CO2,2033,,,,,,,,,,,,,,,,0.0,
Scenario1,0,RE1,,PWRURN001,CO2,2034,,,,,,,,,,,,,,,,0.0,
Scenario1,0,RE1,,PWRURN001,CO2,2035,,,,,,,,,,,,,,,,0.0,
Scenario1,0,RE1,,PWRURN001,CO2,2036,,,,,,,,,,,,,,,,0.0,
Scenario1,0,RE1,,PWRURN001,CO2,2037,,,,,,,,,,,,,,,,0.0,
Scenario1,0,RE1,,PWRURN001,CO2,2038,,,,,,,,,,,,,,,,0.0,
Scenario1,0,RE1,,PWRURN001,CO2,2039,,,,,,,,,,,,,,,,0.0,
Scenario1,0,RE1,,PWRURN001,CO2,2040,,,,,,,,,,,,,,,,0.0,
Scenario1,0,RE1,,PWRURN001,CO2,2041,,,,,,,,,,,,,,,,0.0,
Scenario1,0,RE1,,PWRURN001,CO2,2042,,,,,,,,,,,,,,,,0.0,
Scenario1,0,RE1,,PWRURN001,CO2,2043,,,,,,,,,,,,,,,,0.0,
Scenario1,0,RE1,,PWRURN001,CO2,2044,,,,,,,,,,,,,,,,0.0,
Scenario1,0,RE1,,PWRURN001,CO2,2045,,,,,,,,,,,,,,,,0.0,
Scenario1,0,RE1,,PWRURN001,CO2,2046,,,,,,,,,,,,,,,,0.0,
Scenario1,0,RE1,,PWRURN001,CO2,2047,,,,,,,,,,,,,,,,0.0,
Scenario1,0,RE1,,PWRURN001,CO2,2048,,,,,,,,,,,,,,,,0.0,
Scenario1,0,RE1,,PWRURN001,CO2,2049,,,,,,,,,,,,,,,,0.0,
Scenario1,0,RE1,,PWRURN001,CO2,2050,,,,,,,,,,,,,,,,0.0,
Scenario1,0,RE1,,PWRWND001,CO2,2019,,,,,,,,,,,,,,,,0.0,
Scenario1,0,RE1,,PWRWND001,CO2,2020,,,,,,,,,,,,,,,,0.0,
Scenario1,0,RE1,,PWRWND001,CO2,2021,,,,,,,,,,,,,,,,0.0,
Scenario1,0,RE1,,PWRWND001,CO2,2022,,,,,,,,,,,,,,,,0.0,
Scenario1,0,RE1,,PWRWND001,CO2,2023,,,,,,,,,,,,,,,,0.0,
Scenario1,0,RE1,,PWRWND001,CO2,2024,,,,,,,,,,,,,,,,0.0,
Scenario1,0,RE1,,PWRWND001,CO2,2025,,,,,,,,,,,,,,,,0.0,
Scenario1,0,RE1,,PWRWND001,CO2,2026,,,,,,,,,,,,,,,,0.0,
Scenario1,0,RE1,,PWRWND001,CO2,2027,,,,,,,,,,,,,,,,0.0,
Scenario1,0,RE1,,PWRWND001,CO2,2028,,,,,,,,,,,,,,,,0.0,
Scenario1,0,RE1,,PWRWND001,CO2,2029,,,,,,,,,,,,,,,,0.0,
Scenario1,0,RE1,,PWRWND001,CO2,2030,,,,,,,,,,,,,,,,0.0,
Scenario1,0,RE1,,PWRWND001,CO2,2031,,,,,,,,,,,,,,,,0.0,
Scenario1,0,RE1,,PWRWND001,CO2,2032,,,,,,,,,,,,,,,,0.0,
Scenario1,0,RE1,,PWRWND001,CO2,2033,,,,,,,,,,,,,,,,0.0,
Scenario1,0,RE1,,PWRWND001,CO2,2034,,,,,,,,,,,,,,,,0.0,
Scenario1,0,RE1,,PWRWND001,CO2,2035,,,,,,,,,,,,,,,,0.0,
Scenario1,0,RE1,,PWRWND001,CO2,2036,,,,,,,,,,,,,,,,0.0,
Scenario1,0,RE1,,PWRWND001,CO2,2037,,,,,,,,,,,,,,,,0.0,
Scenario1,0,RE1,,PWRWND001,CO2,2038,,,,,,,,,,,,,,,,0.0,
Scenario1,0,RE1,,PWRWND001,CO2,2039,,,,,,,,,,,,,,,,0.0,
Scenario1,0,RE1,,PWRWND001,CO2,2040,,,,,,,,,,,,,,,,0.0,
Scenario1,0,RE1,,PWRWND001,CO2,2041,,,,,,,,,,,,,,,,0.0,
Scenario1,0,RE1,,PWRWND001,CO2,2042,,,,,,,,,,,,,,,,0.0,
Scenario1,0,RE1,,PWRWND001,CO2,2043,,,,,,,,,,,,,,,,0.0,
Scenario1,0,RE1,,PWRWND001,CO2,2044,,,,,,,,,,,,,,,,0.0,
Scenario1,0,RE1,,PWRWND001,CO2,2045,,,,,,,,,,,,,,,,0.0,
Scenario1,0,RE1,,PWRWND001,CO2,2046,,,,,,,,,,,,,,,,0.0,
Scenario1,0,RE1,,PWRWND001,CO2,2047,,,,,,,,,,,,,,,,0.0,
Scenario1,0,RE1,,PWRWND001,CO2,2048,,,,,,,,,,,,,,,,0.0,
Scenario1,0,RE1,,PWRWND001,CO2,2049,,,,,,,,,,,,,,,,0.0,
Scenario1,0,RE1,,PWRWND001,CO2,2050,,,,,,,,,,,,,,,,0.0,
Scenario1,0,RE1,,PWRWND002,CO2,2019,,,,,,,,,,,,,,,,0.0,
Scenario1,0,RE1,,PWRWND002,CO2,2020,,,,,,,,,,,,,,,,0.0,
Scenario1,0,RE1,,PWRWND002,CO2,2021,,,,,,,,,,,,,,,,0.0,
Scenario1,0,RE1,,PWRWND002,CO2,2022,,,,,,,,,,,,,,,,0.0,
Scenario1,0,RE1,,PWRWND002,CO2,2023,,,,,,,,,,,,,,,,0.0,
Scenario1,0,RE1,,PWRWND002,CO2,2024,,,,,,,,,,,,,,,,0.0,
Scenario1,0,RE1,,PWRWND002,CO2,2025,,,,,,,,,,,,,,,,0.0,
Scenario1,0,RE1,,PWRWND002,CO2,2026,,,,,,,,,,,,,,,,0.0,
Scenario1,0,RE1,,PWRWND002,CO2,2027,,,,,,,,,,,,,,,,0.0,
Scenario1,0,RE1,,PWRWND002,CO2,2028,,,,,,,,,,,,,,,,0.0,
Scenario1,0,RE1,,PWRWND002,CO2,2029,,,,,,,,,,,,,,,,0.0,
Scenario1,0,RE1,,PWRWND002,CO2,2030,,,,,,,,,,,,,,,,0.0,
Scenario1,0,RE1,,PWRWND002,CO2,2031,,,,,,,,,,,,,,,,0.0,
Scenario1,0,RE1,,PWRWND002,CO2,2032,,,,,,,,,,,,,,,,0.0,
Scenario1,0,RE1,,PWRWND002,CO2,2033,,,,,,,,,,,,,,,,0.0,
Scenario1,0,RE1,,PWRWND002,CO2,2034,,,,,,,,,,,,,,,,0.0,
Scenario1,0,RE1,,PWRWND002,CO2,2035,,,,,,,,,,,,,,,,0.0,
Scenario1,0,RE1,,PWRWND002,CO2,2036,,,,,,,,,,,,,,,,0.0,
Scenario1,0,RE1,,PWRWND002,CO2,2037,,,,,,,,,,,,,,,,0.0,
Scenario1,0,RE1,,PWRWND002,CO2,2038,,,,,,,,,,,,,,,,0.0,
Scenario1,0,RE1,,PWRWND002,CO2,2039,,,,,,,,,,,,,,,,0.0,
Scenario1,0,RE1,,PWRWND002,CO2,2040,,,,,,,,,,,,,,,,0.0,
Scenario1,0,RE1,,PWRWND002,CO2,2041,,,,,,,,,,,,,,,,0.0,
Scenario1,0,RE1,,PWRWND002,CO2,2042,,,,,,,,,,,,,,,,0.0,
Scenario1,0,RE1,,PWRWND002,CO2,2043,,,,,,,,,,,,,,,,0.0,
Scenario1,0,RE1,,PWRWND002,CO2,2044,,,,,,,,,,,,,,,,0.0,
Scenario1,0,RE1,,PWRWND002,CO2,2045,,,,,,,,,,,,,,,,0.0,
Scenario1,0,RE1,,PWRWND002,CO2,2046,,,,,,,,,,,,,,,,0.0,
Scenario1,0,RE1,,PWRWND002,CO2,2047,,,,,,,,,,,,,,,,0.0,
Scenario1,0,RE1,,PWRWND002,CO2,2048,,,,,,,,,,,,,,,,0.0,
Scenario1,0,RE1,,PWRWND002,CO2,2049,,,,,,,,,,,,,,,,0.0,
Scenario1,0,RE1,,PWRWND002,CO2,2050,,,,,,,,,,,,,,,,0.0,
Scenario1,0,RE1,,PWRWND003,CO2,2019,,,,,,,,,,,,,,,,0.0,
Scenario1,0,RE1,,PWRWND003,CO2,2020,,,,,,,,,,,,,,,,0.0,
Scenario1,0,RE1,,PWRWND003,CO2,2021,,,,,,,,,,,,,,,,0.0,
Scenario1,0,RE1,,PWRWND003,CO2,2022,,,,,,,,,,,,,,,,0.0,
Scenario1,0,RE1,,PWRWND003,CO2,2023,,,,,,,,,,,,,,,,0.0,
Scenario1,0,RE1,,PWRWND003,CO2,2024,,,,,,,,,,,,,,,,0.0,
Scenario1,0,RE1,,PWRWND003,CO2,2025,,,,,,,,,,,,,,,,0.0,
Scenario1,0,RE1,,PWRWND003,CO2,2026,,,,,,,,,,,,,,,,0.0,
Scenario1,0,RE1,,PWRWND003,CO2,2027,,,,,,,,,,,,,,,,0.0,
Scenario1,0,RE1,,PWRWND003,CO2,2028,,,,,,,,,,,,,,,,0.0,
Scenario1,0,RE1,,PWRWND003,CO2,2029,,,,,,,,,,,,,,,,0.0,
Scenario1,0,RE1,,PWRWND003,CO2,2030,,,,,,,,,,,,,,,,0.0,
Scenario1,0,RE1,,PWRWND003,CO2,2031,,,,,,,,,,,,,,,,0.0,
Scenario1,0,RE1,,PWRWND003,CO2,2032,,,,,,,,,,,,,,,,0.0,
Scenario1,0,RE1,,PWRWND003,CO2,2033,,,,,,,,,,,,,,,,0.0,
Scenario1,0,RE1,,PWRWND003,CO2,2034,,,,,,,,,,,,,,,,0.0,
Scenario1,0,RE1,,PWRWND003,CO2,2035,,,,,,,,,,,,,,,,0.0,
Scenario1,0,RE1,,PWRWND003,CO2,2036,,,,,,,,,,,,,,,,0.0,
Scenario1,0,RE1,,PWRWND003,CO2,2037,,,,,,,,,,,,,,,,0.0,
Scenario1,0,RE1,,PWRWND003,CO2,2038,,,,,,,,,,,,,,,,0.0,
Scenario1,0,RE1,,PWRWND003,CO2,2039,,,,,,,,,,,,,,,,0.0,
Scenario1,0,RE1,,PWRWND003,CO2,2040,,,,,,,,,,,,,,,,0.0,
Scenario1,0,RE1,,PWRWND003,CO2,2041,,,,,,,,,,,,,,,,0.0,
Scenario1,0,RE1,,PWRWND003,CO2,2042,,,,,,,,,,,,,,,,0.0,
Scenario1,0,RE1,,PWRWND003,CO2,2043,,,,,,,,,,,,,,,,0.0,
Scenario1,0,RE1,,PWRWND003,CO2,2044,,,,,,,,,,,,,,,,0.0,
Scenario1,0,RE1,,PWRWND003,CO2,2045,,,,,,,,,,,,,,,,0.0,
Scenario1,0,RE1,,PWRWND003,CO2,2046,,,,,,,,,,,,,,,,0.0,
Scenario1,0,RE1,,PWRWND003,CO2,2047,,,,,,,,,,,,,,,,0.0,
Scenario1,0,RE1,,PWRWND003,CO2,2048,,,,,,,,,,,,,,,,0.0,
Scenario1,0,RE1,,PWRWND003,CO2,2049,,,,,,,,,,,,,,,,0.0,
Scenario1,0,RE1,,PWRWND003,CO2,2050,,,,,,,,,,,,,,,,0.0,
Scenario1,0,RE1,,PWRWND004,CO2,2019,,,,,,,,,,,,,,,,0.0,
Scenario1,0,RE1,,PWRWND004,CO2,2020,,,,,,,,,,,,,,,,0.0,
Scenario1,0,RE1,,PWRWND004,CO2,2021,,,,,,,,,,,,,,,,0.0,
Scenario1,0,RE1,,PWRWND004,CO2,2022,,,,,,,,,,,,,,,,0.0,
Scenario1,0,RE1,,PWRWND004,CO2,2023,,,,,,,,,,,,,,,,0.0,
Scenario1,0,RE1,,PWRWND004,CO2,2024,,,,,,,,,,,,,,,,0.0,
Scenario1,0,RE1,,PWRWND004,CO2,2025,,,,,,,,,,,,,,,,0.0,
Scenario1,0,RE1,,PWRWND004,CO2,2026,,,,,,,,,,,,,,,,0.0,
Scenario1,0,RE1,,PWRWND004,CO2,2027,,,,,,,,,,,,,,,,0.0,
Scenario1,0,RE1,,PWRWND004,CO2,2028,,,,,,,,,,,,,,,,0.0,
Scenario1,0,RE1,,PWRWND004,CO2,2029,,,,,,,,,,,,,,,,0.0,
Scenario1,0,RE1,,PWRWND004,CO2,2030,,,,,,,,,,,,,,,,0.0,
Scenario1,0,RE1,,PWRWND004,CO2,2031,,,,,,,,,,,,,,,,0.0,
Scenario1,0,RE1,,PWRWND004,CO2,2032,,,,,,,,,,,,,,,,0.0,
Scenario1,0,RE1,,PWRWND004,CO2,2033,,,,,,,,,,,,,,,,0.0,
Scenario1,0,RE1,,PWRWND004,CO2,2034,,,,,,,,,,,,,,,,0.0,
Scenario1,0,RE1,,PWRWND004,CO2,2035,,,,,,,,,,,,,,,,0.0,
Scenario1,0,RE1,,PWRWND004,CO2,2036,,,,,,,,,,,,,,,,0.0,
Scenario1,0,RE1,,PWRWND004,CO2,2037,,,,,,,,,,,,,,,,0.0,
Scenario1,0,RE1,,PWRWND004,CO2,2038,,,,,,,,,,,,,,,,0.0,
Scenario1,0,RE1,,PWRWND004,CO2,2039,,,,,,,,,,,,,,,,0.0,
Scenario1,0,RE1,,PWRWND004,CO2,2040,,,,,,,,,,,,,,,,0.0,
Scenario1,0,RE1,,PWRWND004,CO2,2041,,,,,,,,,,,,,,,,0.0,
Scenario1,0,RE1,,PWRWND004,CO2,2042,,,,,,,,,,,,,,,,0.0,
Scenario1,0,RE1,,PWRWND004,CO2,2043,,,,,,,,,,,,,,,,0.0,
Scenario1,0,RE1,,PWRWND004,CO2,2044,,,,,,,,,,,,,,,,0.0,
Scenario1,0,RE1,,PWRWND004,CO2,2045,,,,,,,,,,,,,,,,0.0,
Scenario1,0,RE1,,PWRWND004,CO2,2046,,,,,,,,,,,,,,,,0.0,
Scenario1,0,RE1,,PWRWND004,CO2,2047,,,,,,,,,,,,,,,,0.0,
Scenario1,0,RE1,,PWRWND004,CO2,2048,,,,,,,,,,,,,,,,0.0,
Scenario1,0,RE1,,PWRWND004,CO2,2049,,,,,,,,,,,,,,,,0.0,
Scenario1,0,RE1,,PWRWND004,CO2,2050,,,,,,,,,,,,,,,,0.0,
Scenario1,0,RE1,,PWRWND005,CO2,2019,,,,,,,,,,,,,,,,0.0,
Scenario1,0,RE1,,PWRWND005,CO2,2020,,,,,,,,,,,,,,,,0.0,
Scenario1,0,RE1,,PWRWND005,CO2,2021,,,,,,,,,,,,,,,,0.0,
Scenario1,0,RE1,,PWRWND005,CO2,2022,,,,,,,,,,,,,,,,0.0,
Scenario1,0,RE1,,PWRWND005,CO2,2023,,,,,,,,,,,,,,,,0.0,
Scenario1,0,RE1,,PWRWND005,CO2,2024,,,,,,,,,,,,,,,,0.0,
Scenario1,0,RE1,,PWRWND005,CO2,2025,,,,,,,,,,,,,,,,0.0,
Scenario1,0,RE1,,PWRWND005,CO2,2026,,,,,,,,,,,,,,,,0.0,
Scenario1,0,RE1,,PWRWND005,CO2,2027,,,,,,,,,,,,,,,,0.0,
Scenario1,0,RE1,,PWRWND005,CO2,2028,,,,,,,,,,,,,,,,0.0,
Scenario1,0,RE1,,PWRWND005,CO2,2029,,,,,,,,,,,,,,,,0.0,
Scenario1,0,RE1,,PWRWND005,CO2,2030,,,,,,,,,,,,,,,,0.0,
Scenario1,0,RE1,,PWRWND005,CO2,2031,,,,,,,,,,,,,,,,0.0,
Scenario1,0,RE1,,PWRWND005,CO2,2032,,,,,,,,,,,,,,,,0.0,
Scenario1,0,RE1,,PWRWND005,CO2,2033,,,,,,,,,,,,,,,,0.0,
Scenario1,0,RE1,,PWRWND005,CO2,2034,,,,,,,,,,,,,,,,0.0,
Scenario1,0,RE1,,PWRWND005,CO2,2035,,,,,,,,,,,,,,,,0.0,
Scenario1,0,RE1,,PWRWND005,CO2,2036,,,,,,,,,,,,,,,,0.0,
Scenario1,0,RE1,,PWRWND005,CO2,2037,,,,,,,,,,,,,,,,0.0,
Scenario1,0,RE1,,PWRWND005,CO2,2038,,,,,,,,,,,,,,,,0.0,
Scenario1,0,RE1,,PWRWND005,CO2,2039,,,,,,,,,,,,,,,,0.0,
Scenario1,0,RE1,,PWRWND005,CO2,2040,,,,,,,,,,,,,,,,0.0,
Scenario1,0,RE1,,PWRWND005,CO2,2041,,,,,,,,,,,,,,,,0.0,
Scenario1,0,RE1,,PWRWND005,CO2,2042,,,,,,,,,,,,,,,,0.0,
Scenario1,0,RE1,,PWRWND005,CO2,2043,,,,,,,,,,,,,,,,0.0,
Scenario1,0,RE1,,PWRWND005,CO2,2044,,,,,,,,,,,,,,,,0.0,
Scenario1,0,RE1,,PWRWND005,CO2,2045,,,,,,,,,,,,,,,,0.0,
Scenario1,0,RE1,,PWRWND005,CO2,2046,,,,,,,,,,,,,,,,0.0,
Scenario1,0,RE1,,PWRWND005,CO2,2047,,,,,,,,,,,,,,,,0.0,
Scenario1,0,RE1,,PWRWND005,CO2,2048,,,,,,,,,,,,,,,,0.0,
Scenario1,0,RE1,,PWRWND005,CO2,2049,,,,,,,,,,,,,,,,0.0,
Scenario1,0,RE1,,PWRWND005,CO2,2050,,,,,,,,,,,,,,,,0.0,
Scenario1,0,RE1,,PWRWND006,CO2,2019,,,,,,,,,,,,,,,,0.0,
Scenario1,0,RE1,,PWRWND006,CO2,2020,,,,,,,,,,,,,,,,0.0,
Scenario1,0,RE1,,PWRWND006,CO2,2021,,,,,,,,,,,,,,,,0.0,
Scenario1,0,RE1,,PWRWND006,CO2,2022,,,,,,,,,,,,,,,,0.0,
Scenario1,0,RE1,,PWRWND006,CO2,2023,,,,,,,,,,,,,,,,0.0,
Scenario1,0,RE1,,PWRWND006,CO2,2024,,,,,,,,,,,,,,,,0.0,
Scenario1,0,RE1,,PWRWND006,CO2,2025,,,,,,,,,,,,,,,,0.0,
Scenario1,0,RE1,,PWRWND006,CO2,2026,,,,,,,,,,,,,,,,0.0,
Scenario1,0,RE1,,PWRWND006,CO2,2027,,,,,,,,,,,,,,,,0.0,
Scenario1,0,RE1,,PWRWND006,CO2,2028,,,,,,,,,,,,,,,,0.0,
Scenario1,0,RE1,,PWRWND006,CO2,2029,,,,,,,,,,,,,,,,0.0,
Scenario1,0,RE1,,PWRWND006,CO2,2030,,,,,,,,,,,,,,,,0.0,
Scenario1,0,RE1,,PWRWND006,CO2,2031,,,,,,,,,,,,,,,,0.0,
Scenario1,0,RE1,,PWRWND006,CO2,2032,,,,,,,,,,,,,,,,0.0,
Scenario1,0,RE1,,PWRWND006,CO2,2033,,,,,,,,,,,,,,,,0.0,
Scenario1,0,RE1,,PWRWND006,CO2,2034,,,,,,,,,,,,,,,,0.0,
Scenario1,0,RE1,,PWRWND006,CO2,2035,,,,,,,,,,,,,,,,0.0,
Scenario1,0,RE1,,PWRWND006,CO2,2036,,,,,,,,,,,,,,,,0.0,
Scenario1,0,RE1,,PWRWND006,CO2,2037,,,,,,,,,,,,,,,,0.0,
Scenario1,0,RE1,,PWRWND006,CO2,2038,,,,,,,,,,,,,,,,0.0,
Scenario1,0,RE1,,PWRWND006,CO2,2039,,,,,,,,,,,,,,,,0.0,
Scenario1,0,RE1,,PWRWND006,CO2,2040,,,,,,,,,,,,,,,,0.0,
Scenario1,0,RE1,,PWRWND006,CO2,2041,,,,,,,,,,,,,,,,0.0,
Scenario1,0,RE1,,PWRWND006,CO2,2042,,,,,,,,,,,,,,,,0.0,
Scenario1,0,RE1,,PWRWND006,CO2,2043,,,,,,,,,,,,,,,,0.0,
Scenario1,0,RE1,,PWRWND006,CO2,2044,,,,,,,,,,,,,,,,0.0,
Scenario1,0,RE1,,PWRWND006,CO2,2045,,,,,,,,,,,,,,,,0.0,
Scenario1,0,RE1,,PWRWND006,CO2,2046,,,,,,,,,,,,,,,,0.0,
Scenario1,0,RE1,,PWRWND006,CO2,2047,,,,,,,,,,,,,,,,0.0,
Scenario1,0,RE1,,PWRWND006,CO2,2048,,,,,,,,,,,,,,,,0.0,
Scenario1,0,RE1,,PWRWND006,CO2,2049,,,,,,,,,,,,,,,,0.0,
Scenario1,0,RE1,,PWRWND006,CO2,2050,,,,,,,,,,,,,,,,0.0,
Scenario1,0,RE1,,PWRWND007,CO2,2019,,,,,,,,,,,,,,,,0.0,
Scenario1,0,RE1,,PWRWND007,CO2,2020,,,,,,,,,,,,,,,,0.0,
Scenario1,0,RE1,,PWRWND007,CO2,2021,,,,,,,,,,,,,,,,0.0,
Scenario1,0,RE1,,PWRWND007,CO2,2022,,,,,,,,,,,,,,,,0.0,
Scenario1,0,RE1,,PWRWND007,CO2,2023,,,,,,,,,,,,,,,,0.0,
Scenario1,0,RE1,,PWRWND007,CO2,2024,,,,,,,,,,,,,,,,0.0,
Scenario1,0,RE1,,PWRWND007,CO2,2025,,,,,,,,,,,,,,,,0.0,
Scenario1,0,RE1,,PWRWND007,CO2,2026,,,,,,,,,,,,,,,,0.0,
Scenario1,0,RE1,,PWRWND007,CO2,2027,,,,,,,,,,,,,,,,0.0,
Scenario1,0,RE1,,PWRWND007,CO2,2028,,,,,,,,,,,,,,,,0.0,
Scenario1,0,RE1,,PWRWND007,CO2,2029,,,,,,,,,,,,,,,,0.0,
Scenario1,0,RE1,,PWRWND007,CO2,2030,,,,,,,,,,,,,,,,0.0,
Scenario1,0,RE1,,PWRWND007,CO2,2031,,,,,,,,,,,,,,,,0.0,
Scenario1,0,RE1,,PWRWND007,CO2,2032,,,,,,,,,,,,,,,,0.0,
Scenario1,0,RE1,,PWRWND007,CO2,2033,,,,,,,,,,,,,,,,0.0,
Scenario1,0,RE1,,PWRWND007,CO2,2034,,,,,,,,,,,,,,,,0.0,
Scenario1,0,RE1,,PWRWND007,CO2,2035,,,,,,,,,,,,,,,,0.0,
Scenario1,0,RE1,,PWRWND007,CO2,2036,,,,,,,,,,,,,,,,0.0,
Scenario1,0,RE1,,PWRWND007,CO2,2037,,,,,,,,,,,,,,,,0.0,
Scenario1,0,RE1,,PWRWND007,CO2,2038,,,,,,,,,,,,,,,,0.0,
Scenario1,0,RE1,,PWRWND007,CO2,2039,,,,,,,,,,,,,,,,0.0,
Scenario1,0,RE1,,PWRWND007,CO2,2040,,,,,,,,,,,,,,,,0.0,
Scenario1,0,RE1,,PWRWND007,CO2,2041,,,,,,,,,,,,,,,,0.0,
Scenario1,0,RE1,,PWRWND007,CO2,2042,,,,,,,,,,,,,,,,0.0,
Scenario1,0,RE1,,PWRWND007,CO2,2043,,,,,,,,,,,,,,,,0.0,
Scenario1,0,RE1,,PWRWND007,CO2,2044,,,,,,,,,,,,,,,,0.0,
Scenario1,0,RE1,,PWRWND007,CO2,2045,,,,,,,,,,,,,,,,0.0,
Scenario1,0,RE1,,PWRWND007,CO2,2046,,,,,,,,,,,,,,,,0.0,
Scenario1,0,RE1,,PWRWND007,CO2,2047,,,,,,,,,,,,,,,,0.0,
Scenario1,0,RE1,,PWRWND007,CO2,2048,,,,,,,,,,,,,,,,0.0,
Scenario1,0,RE1,,PWRWND007,CO2,2049,,,,,,,,,,,,,,,,0.0,
Scenario1,0,RE1,,PWRWND007,CO2,2050,,,,,,,,,,,,,,,,0.0,
Scenario1,0,RE1,,PWRWND008,CO2,2019,,,,,,,,,,,,,,,,0.0,
Scenario1,0,RE1,,PWRWND008,CO2,2020,,,,,,,,,,,,,,,,0.0,
Scenario1,0,RE1,,PWRWND008,CO2,2021,,,,,,,,,,,,,,,,0.0,
Scenario1,0,RE1,,PWRWND008,CO2,2022,,,,,,,,,,,,,,,,0.0,
Scenario1,0,RE1,,PWRWND008,CO2,2023,,,,,,,,,,,,,,,,0.0,
Scenario1,0,RE1,,PWRWND008,CO2,2024,,,,,,,,,,,,,,,,0.0,
Scenario1,0,RE1,,PWRWND008,CO2,2025,,,,,,,,,,,,,,,,0.0,
Scenario1,0,RE1,,PWRWND008,CO2,2026,,,,,,,,,,,,,,,,0.0,
Scenario1,0,RE1,,PWRWND008,CO2,2027,,,,,,,,,,,,,,,,0.0,
Scenario1,0,RE1,,PWRWND008,CO2,2028,,,,,,,,,,,,,,,,0.0,
Scenario1,0,RE1,,PWRWND008,CO2,2029,,,,,,,,,,,,,,,,0.0,
Scenario1,0,RE1,,PWRWND008,CO2,2030,,,,,,,,,,,,,,,,0.0,
Scenario1,0,RE1,,PWRWND008,CO2,2031,,,,,,,,,,,,,,,,0.0,
Scenario1,0,RE1,,PWRWND008,CO2,2032,,,,,,,,,,,,,,,,0.0,
Scenario1,0,RE1,,PWRWND008,CO2,2033,,,,,,,,,,,,,,,,0.0,
Scenario1,0,RE1,,PWRWND008,CO2,2034,,,,,,,,,,,,,,,,0.0,
Scenario1,0,RE1,,PWRWND008,CO2,2035,,,,,,,,,,,,,,,,0.0,
Scenario1,0,RE1,,PWRWND008,CO2,2036,,,,,,,,,,,,,,,,0.0,
Scenario1,0,RE1,,PWRWND008,CO2,2037,,,,,,,,,,,,,,,,0.0,
Scenario1,0,RE1,,PWRWND008,CO2,2038,,,,,,,,,,,,,,,,0.0,
Scenario1,0,RE1,,PWRWND008,CO2,2039,,,,,,,,,,,,,,,,0.0,
Scenario1,0,RE1,,PWRWND008,CO2,2040,,,,,,,,,,,,,,,,0.0,
Scenario1,0,RE1,,PWRWND008,CO2,2041,,,,,,,,,,,,,,,,0.0,
Scenario1,0,RE1,,PWRWND008,CO2,2042,,,,,,,,,,,,,,,,0.0,
Scenario1,0,RE1,,PWRWND008,CO2,2043,,,,,,,,,,,,,,,,0.0,
Scenario1,0,RE1,,PWRWND008,CO2,2044,,,,,,,,,,,,,,,,0.0,
Scenario1,0,RE1,,PWRWND008,CO2,2045,,,,,,,,,,,,,,,,0.0,
Scenario1,0,RE1,,PWRWND008,CO2,2046,,,,,,,,,,,,,,,,0.0,
Scenario1,0,RE1,,PWRWND008,CO2,2047,,,,,,,,,,,,,,,,0.0,
Scenario1,0,RE1,,PWRWND008,CO2,2048,,,,,,,,,,,,,,,,0.0,
Scenario1,0,RE1,,PWRWND008,CO2,2049,,,,,,,,,,,,,,,,0.0,
Scenario1,0,RE1,,PWRWND008,CO2,2050,,,,,,,,,,,,,,,,0.0,
Scenario1,0,RE1,,PWRWND009,CO2,2019,,,,,,,,,,,,,,,,0.0,
Scenario1,0,RE1,,PWRWND009,CO2,2020,,,,,,,,,,,,,,,,0.0,
Scenario1,0,RE1,,PWRWND009,CO2,2021,,,,,,,,,,,,,,,,0.0,
Scenario1,0,RE1,,PWRWND009,CO2,2022,,,,,,,,,,,,,,,,0.0,
Scenario1,0,RE1,,PWRWND009,CO2,2023,,,,,,,,,,,,,,,,0.0,
Scenario1,0,RE1,,PWRWND009,CO2,2024,,,,,,,,,,,,,,,,0.0,
Scenario1,0,RE1,,PWRWND009,CO2,2025,,,,,,,,,,,,,,,,0.0,
Scenario1,0,RE1,,PWRWND009,CO2,2026,,,,,,,,,,,,,,,,0.0,
Scenario1,0,RE1,,PWRWND009,CO2,2027,,,,,,,,,,,,,,,,0.0,
Scenario1,0,RE1,,PWRWND009,CO2,2028,,,,,,,,,,,,,,,,0.0,
Scenario1,0,RE1,,PWRWND009,CO2,2029,,,,,,,,,,,,,,,,0.0,
Scenario1,0,RE1,,PWRWND009,CO2,2030,,,,,,,,,,,,,,,,0.0,
Scenario1,0,RE1,,PWRWND009,CO2,2031,,,,,,,,,,,,,,,,0.0,
Scenario1,0,RE1,,PWRWND009,CO2,2032,,,,,,,,,,,,,,,,0.0,
Scenario1,0,RE1,,PWRWND009,CO2,2033,,,,,,,,,,,,,,,,0.0,
Scenario1,0,RE1,,PWRWND009,CO2,2034,,,,,,,,,,,,,,,,0.0,
Scenario1,0,RE1,,PWRWND009,CO2,2035,,,,,,,,,,,,,,,,0.0,
Scenario1,0,RE1,,PWRWND009,CO2,2036,,,,,,,,,,,,,,,,0.0,
Scenario1,0,RE1,,PWRWND009,CO2,2037,,,,,,,,,,,,,,,,0.0,
Scenario1,0,RE1,,PWRWND009,CO2,2038,,,,,,,,,,,,,,,,0.0,
Scenario1,0,RE1,,PWRWND009,CO2,2039,,,,,,,,,,,,,,,,0.0,
Scenario1,0,RE1,,PWRWND009,CO2,2040,,,,,,,,,,,,,,,,0.0,
Scenario1,0,RE1,,PWRWND009,CO2,2041,,,,,,,,,,,,,,,,0.0,
Scenario1,0,RE1,,PWRWND009,CO2,2042,,,,,,,,,,,,,,,,0.0,
Scenario1,0,RE1,,PWRWND009,CO2,2043,,,,,,,,,,,,,,,,0.0,
Scenario1,0,RE1,,PWRWND009,CO2,2044,,,,,,,,,,,,,,,,0.0,
Scenario1,0,RE1,,PWRWND009,CO2,2045,,,,,,,,,,,,,,,,0.0,
Scenario1,0,RE1,,PWRWND009,CO2,2046,,,,,,,,,,,,,,,,0.0,
Scenario1,0,RE1,,PWRWND009,CO2,2047,,,,,,,,,,,,,,,,0.0,
Scenario1,0,RE1,,PWRWND009,CO2,2048,,,,,,,,,,,,,,,,0.0,
Scenario1,0,RE1,,PWRWND009,CO2,2049,,,,,,,,,,,,,,,,0.0,
Scenario1,0,RE1,,PWRWND009,CO2,2050,,,,,,,,,,,,,,,,0.0,
Scenario1,0,RE1,,PWRWND010,CO2,2019,,,,,,,,,,,,,,,,0.0,
Scenario1,0,RE1,,PWRWND010,CO2,2020,,,,,,,,,,,,,,,,0.0,
Scenario1,0,RE1,,PWRWND010,CO2,2021,,,,,,,,,,,,,,,,0.0,
Scenario1,0,RE1,,PWRWND010,CO2,2022,,,,,,,,,,,,,,,,0.0,
Scenario1,0,RE1,,PWRWND010,CO2,2023,,,,,,,,,,,,,,,,0.0,
Scenario1,0,RE1,,PWRWND010,CO2,2024,,,,,,,,,,,,,,,,0.0,
Scenario1,0,RE1,,PWRWND010,CO2,2025,,,,,,,,,,,,,,,,0.0,
Scenario1,0,RE1,,PWRWND010,CO2,2026,,,,,,,,,,,,,,,,0.0,
Scenario1,0,RE1,,PWRWND010,CO2,2027,,,,,,,,,,,,,,,,0.0,
Scenario1,0,RE1,,PWRWND010,CO2,2028,,,,,,,,,,,,,,,,0.0,
Scenario1,0,RE1,,PWRWND010,CO2,2029,,,,,,,,,,,,,,,,0.0,
Scenario1,0,RE1,,PWRWND010,CO2,2030,,,,,,,,,,,,,,,,0.0,
Scenario1,0,RE1,,PWRWND010,CO2,2031,,,,,,,,,,,,,,,,0.0,
Scenario1,0,RE1,,PWRWND010,CO2,2032,,,,,,,,,,,,,,,,0.0,
Scenario1,0,RE1,,PWRWND010,CO2,2033,,,,,,,,,,,,,,,,0.0,
Scenario1,0,RE1,,PWRWND010,CO2,2034,,,,,,,,,,,,,,,,0.0,
Scenario1,0,RE1,,PWRWND010,CO2,2035,,,,,,,,,,,,,,,,0.0,
Scenario1,0,RE1,,PWRWND010,CO2,2036,,,,,,,,,,,,,,,,0.0,
Scenario1,0,RE1,,PWRWND010,CO2,2037,,,,,,,,,,,,,,,,0.0,
Scenario1,0,RE1,,PWRWND010,CO2,2038,,,,,,,,,,,,,,,,0.0,
Scenario1,0,RE1,,PWRWND010,CO2,2039,,,,,,,,,,,,,,,,0.0,
Scenario1,0,RE1,,PWRWND010,CO2,2040,,,,,,,,,,,,,,,,0.0,
Scenario1,0,RE1,,PWRWND010,CO2,2041,,,,,,,,,,,,,,,,0.0,
Scenario1,0,RE1,,PWRWND010,CO2,2042,,,,,,,,,,,,,,,,0.0,
Scenario1,0,RE1,,PWRWND010,CO2,2043,,,,,,,,,,,,,,,,0.0,
Scenario1,0,RE1,,PWRWND010,CO2,2044,,,,,,,,,,,,,,,,0.0,
Scenario1,0,RE1,,PWRWND010,CO2,2045,,,,,,,,,,,,,,,,0.0,
Scenario1,0,RE1,,PWRWND010,CO2,2046,,,,,,,,,,,,,,,,0.0,
Scenario1,0,RE1,,PWRWND010,CO2,2047,,,,,,,,,,,,,,,,0.0,
Scenario1,0,RE1,,PWRWND010,CO2,2048,,,,,,,,,,,,,,,,0.0,
Scenario1,0,RE1,,PWRWND010,CO2,2049,,,,,,,,,,,,,,,,0.0,
Scenario1,0,RE1,,PWRWND010,CO2,2050,,,,,,,,,,,,,,,,0.0,
Scenario1,0,RE1,,PWRWND011,CO2,2019,,,,,,,,,,,,,,,,0.0,
Scenario1,0,RE1,,PWRWND011,CO2,2020,,,,,,,,,,,,,,,,0.0,
Scenario1,0,RE1,,PWRWND011,CO2,2021,,,,,,,,,,,,,,,,0.0,
Scenario1,0,RE1,,PWRWND011,CO2,2022,,,,,,,,,,,,,,,,0.0,
Scenario1,0,RE1,,PWRWND011,CO2,2023,,,,,,,,,,,,,,,,0.0,
Scenario1,0,RE1,,PWRWND011,CO2,2024,,,,,,,,,,,,,,,,0.0,
Scenario1,0,RE1,,PWRWND011,CO2,2025,,,,,,,,,,,,,,,,0.0,
Scenario1,0,RE1,,PWRWND011,CO2,2026,,,,,,,,,,,,,,,,0.0,
Scenario1,0,RE1,,PWRWND011,CO2,2027,,,,,,,,,,,,,,,,0.0,
Scenario1,0,RE1,,PWRWND011,CO2,2028,,,,,,,,,,,,,,,,0.0,
Scenario1,0,RE1,,PWRWND011,CO2,2029,,,,,,,,,,,,,,,,0.0,
Scenario1,0,RE1,,PWRWND011,CO2,2030,,,,,,,,,,,,,,,,0.0,
Scenario1,0,RE1,,PWRWND011,CO2,2031,,,,,,,,,,,,,,,,0.0,
Scenario1,0,RE1,,PWRWND011,CO2,2032,,,,,,,,,,,,,,,,0.0,
Scenario1,0,RE1,,PWRWND011,CO2,2033,,,,,,,,,,,,,,,,0.0,
Scenario1,0,RE1,,PWRWND011,CO2,2034,,,,,,,,,,,,,,,,0.0,
Scenario1,0,RE1,,PWRWND011,CO2,2035,,,,,,,,,,,,,,,,0.0,
Scenario1,0,RE1,,PWRWND011,CO2,2036,,,,,,,,,,,,,,,,0.0,
Scenario1,0,RE1,,PWRWND011,CO2,2037,,,,,,,,,,,,,,,,0.0,
Scenario1,0,RE1,,PWRWND011,CO2,2038,,,,,,,,,,,,,,,,0.0,
Scenario1,0,RE1,,PWRWND011,CO2,2039,,,,,,,,,,,,,,,,0.0,
Scenario1,0,RE1,,PWRWND011,CO2,2040,,,,,,,,,,,,,,,,0.0,
Scenario1,0,RE1,,PWRWND011,CO2,2041,,,,,,,,,,,,,,,,0.0,
Scenario1,0,RE1,,PWRWND011,CO2,2042,,,,,,,,,,,,,,,,0.0,
Scenario1,0,RE1,,PWRWND011,CO2,2043,,,,,,,,,,,,,,,,0.0,
Scenario1,0,RE1,,PWRWND011,CO2,2044,,,,,,,,,,,,,,,,0.0,
Scenario1,0,RE1,,PWRWND011,CO2,2045,,,,,,,,,,,,,,,,0.0,
Scenario1,0,RE1,,PWRWND011,CO2,2046,,,,,,,,,,,,,,,,0.0,
Scenario1,0,RE1,,PWRWND011,CO2,2047,,,,,,,,,,,,,,,,0.0,
Scenario1,0,RE1,,PWRWND011,CO2,2048,,,,,,,,,,,,,,,,0.0,
Scenario1,0,RE1,,PWRWND011,CO2,2049,,,,,,,,,,,,,,,,0.0,
Scenario1,0,RE1,,PWRWND011,CO2,2050,,,,,,,,,,,,,,,,0.0,
Scenario1,0,RE1,,BACKSTOP,,2019,,,,,,,,,,,,,,0.0,,,
Scenario1,0,RE1,,BACKSTOP,,2020,,,,,,,,,,,,,,0.0,,,
Scenario1,0,RE1,,BACKSTOP,,2021,,,,,,,,,,,,,,0.0,,,
Scenario1,0,RE1,,BACKSTOP,,2022,,,,,,,,,,,,,,0.0,,,
Scenario1,0,RE1,,BACKSTOP,,2023,,,,,,,,,,,,,,0.0,,,
Scenario1,0,RE1,,BACKSTOP,,2024,,,,,,,,,,,,,,0.0,,,
Scenario1,0,RE1,,BACKSTOP,,2025,,,,,,,,,,,,,,0.0,,,
Scenario1,0,RE1,,BACKSTOP,,2026,,,,,,,,,,,,,,0.0,,,
Scenario1,0,RE1,,BACKSTOP,,2027,,,,,,,,,,,,,,0.0,,,
Scenario1,0,RE1,,BACKSTOP,,2028,,,,,,,,,,,,,,0.0,,,
Scenario1,0,RE1,,BACKSTOP,,2029,,,,,,,,,,,,,,0.0,,,
Scenario1,0,RE1,,BACKSTOP,,2030,,,,,,,,,,,,,,0.0,,,
Scenario1,0,RE1,,BACKSTOP,,2031,,,,,,,,,,,,,,0.0,,,
Scenario1,0,RE1,,BACKSTOP,,2032,,,,,,,,,,,,,,0.0,,,
Scenario1,0,RE1,,BACKSTOP,,2033,,,,,,,,,,,,,,0.0,,,
Scenario1,0,RE1,,BACKSTOP,,2034,,,,,,,,,,,,,,0.0,,,
Scenario1,0,RE1,,BACKSTOP,,2035,,,,,,,,,,,,,,0.0,,,
Scenario1,0,RE1,,BACKSTOP,,2036,,,,,,,,,,,,,,0.0,,,
Scenario1,0,RE1,,BACKSTOP,,2037,,,,,,,,,,,,,,0.0,,,
Scenario1,0,RE1,,BACKSTOP,,2038,,,,,,,,,,,,,,0.0,,,
Scenario1,0,RE1,,BACKSTOP,,2039,,,,,,,,,,,,,,0.0,,,
Scenario1,0,RE1,,BACKSTOP,,2040,,,,,,,,,,,,,,0.0,,,
Scenario1,0,RE1,,BACKSTOP,,2041,,,,,,,,,,,,,,0.0,,,
Scenario1,0,RE1,,BACKSTOP,,2042,,,,,,,,,,,,,,0.0,,,
Scenario1,0,RE1,,BACKSTOP,,2043,,,,,,,,,,,,,,0.0,,,
Scenario1,0,RE1,,BACKSTOP,,2044,,,,,,,,,,,,,,0.0,,,
Scenario1,0,RE1,,BACKSTOP,,2045,,,,,,,,,,,,,,0.0,,,
Scenario1,0,RE1,,BACKSTOP,,2046,,,,,,,,,,,,,,0.0,,,
Scenario1,0,RE1,,BACKSTOP,,2047,,,,,,,,,,,,,,0.0,,,
Scenario1,0,RE1,,BACKSTOP,,2048,,,,,,,,,,,,,,0.0,,,
Scenario1,0,RE1,,BACKSTOP,,2049,,,,,,,,,,,,,,0.0,,,
Scenario1,0,RE1,,BACKSTOP,,2050,,,,,,,,,,,,,,0.0,,,
Scenario1,0,RE1,,BESS_TECH,,2019,,,,,,,,,,,,,,0.0,,,
Scenario1,0,RE1,,BESS_TECH,,2020,,,,,,,,,,,,,,0.0,,,
Scenario1,0,RE1,,BESS_TECH,,2021,,,,,,,,,,,,,,0.0,,,
Scenario1,0,RE1,,BESS_TECH,,2022,,,,,,,,,,,,,,0.0,,,
Scenario1,0,RE1,,BESS_TECH,,2023,,,,,,,,,,,,,,0.0,,,
Scenario1,0,RE1,,BESS_TECH,,2024,,,,,,,,,,,,,,0.00031529692800000004,,,
Scenario1,0,RE1,,BESS_TECH,,2025,,,,,,,,,,,,,,0.0005430974065149969,,,
Scenario1,0,RE1,,BESS_TECH,,2026,,,,,,,,,,,,,,0.00045807270728511526,,,
Scenario1,0,RE1,,BESS_TECH,,2027,,,,,,,,,,,,,,0.0005086796381939174,,,
Scenario1,0,RE1,,BESS_TECH,,2028,,,,,,,,,,,,,,0.0004761372218483279,,,
Scenario1,0,RE1,,BESS_TECH,,2029,,,,,,,,,,,,,,0.0005911655287788237,,,
Scenario1,0,RE1,,BESS_TECH,,2030,,,,,,,,,,,,,,0.0005981755404188767,,,
Scenario1,0,RE1,,BESS_TECH,,2031,,,,,,,,,,,,,,0.0005554542032547398,,,
Scenario1,0,RE1,,BESS_TECH,,2032,,,,,,,,,,,,,,0.0005898054585492616,,,
Scenario1,0,RE1,,BESS_TECH,,2033,,,,,,,,,,,,,,0.0006842346220365194,,,
Scenario1,0,RE1,,BESS_TECH,,2034,,,,,,,,,,,,,,0.0007114284125687303,,,
Scenario1,0,RE1,,BESS_TECH,,2035,,,,,,,,,,,,,,0.0007551846682152988,,,
Scenario1,0,RE1,,BESS_TECH,,2036,,,,,,,,,,,,,,0.0007710170454865986,,,
Scenario1,0,RE1,,BESS_TECH,,2037,,,,,,,,,,,,,,0.0008257525835133526,,,
Scenario1,0,RE1,,BESS_TECH,,2038,,,,,,,,,,,,,,0.0009039262540006576,,,
Scenario1,0,RE1,,BESS_TECH,,2039,,,,,,,,,,,,,,0.0009736160017690954,,,
Scenario1,0,RE1,,BESS_TECH,,2040,,,,,,,,,,,,,,0.000980730393721413,,,
Scenario1,0,RE1,,BESS_TECH,,2041,,,,,,,,,,,,,,0.0011228862065788695,,,
Scenario1,0,RE1,,BESS_TECH,,2042,,,,,,,,,,,,,,0.0011557917030210146,,,
Scenario1,0,RE1,,BESS_TECH,,2043,,,,,,,,,,,,,,0.0012164905841761198,,,
Scenario1,0,RE1,,BESS_TECH,,2044,,,,,,,,,,,,,,0.0013605087770113668,,,
Scenario1,0,RE1,,BESS_TECH,,2045,,,,,,,,,,,,,,0.0014232233085645079,,,
Scenario1,0,RE1,,BESS_TECH,,2046,,,,,,,,,,,,,,0.001497258768092898,,,
Scenario1,0,RE1,,BESS_TECH,,2047,,,,,,,,,,,,,,0.0016220172216925737,,,
Scenario1,0,RE1,,BESS_TECH,,2048,,,,,,,,,,,,,,0.001750945803283259,,,
Scenario1,0,RE1,,BESS_TECH,,2049,,,,,,,,,,,,,,0.001839235374315937,,,
Scenario1,0,RE1,,BESS_TECH,,2050,,,,,,,,,,,,,,0.001913071269139815,,,
Scenario1,0,RE1,,DEMCOMELC,,2019,,,,,,,,,,,,,,0.0006259099999999998,,,
Scenario1,0,RE1,,DEMCOMELC,,2020,,,,,,,,,,,,,,0.00063686,,,
Scenario1,0,RE1,,DEMCOMELC,,2021,,,,,,,,,,,,,,0.0006657800000000001,,,
Scenario1,0,RE1,,DEMCOMELC,,2022,,,,,,,,,,,,,,0.00068802,,,
Scenario1,0,RE1,,DEMCOMELC,,2023,,,,,,,,,,,,,,0.0007090300000000001,,,
Scenario1,0,RE1,,DEMCOMELC,,2024,,,,,,,,,,,,,,0.0007333400000000001,,,
Scenario1,0,RE1,,DEMCOMELC,,2025,,,,,,,,,,,,,,0.0007598199999999999,,,
Scenario1,0,RE1,,DEMCOMELC,,2026,,,,,,,,,,,,,,0.0007876699999999999,,,
Scenario1,0,RE1,,DEMCOMELC,,2027,,,,,,,,,,,,,,0.0008331100000000001,,,
Scenario1,0,RE1,,DEMCOMELC,,2028,,,,,,,,,,,,,,0.0008813600000000001,,,
Scenario1,0,RE1,,DEMCOMELC,,2029,,,,,,,,,,,,,,0.0009364200000000003,,,
Scenario1,0,RE1,,DEMCOMELC,,2030,,,,,,,,,,,,,,0.00099556,,,
Scenario1,0,RE1,,DEMCOMELC,,2031,,,,,,,,,,,,,,0.00105109,,,
Scenario1,0,RE1,,DEMCOMELC,,2032,,,,,,,,,,,,,,0.00111262,,,
Scenario1,0,RE1,,DEMCOMELC,,2033,,,,,,,,,,,,,,0.0011751199999999998,,,
Scenario1,0,RE1,,DEMCOMELC,,2034,,,,,,,,,,,,,,0.00124181,,,
Scenario1,0,RE1,,DEMCOMELC,,2035,,,,,,,,,,,,,,0.00131193,,,
Scenario1,0,RE1,,DEMCOMELC,,2036,,,,,,,,,,,,,,0.0013833199999999997,,,
Scenario1,0,RE1,,DEMCOMELC,,2037,,,,,,,,,,,,,,0.0014634999999999997,,,
Scenario1,0,RE1,,DEMCOMELC,,2038,,,,,,,,,,,,,,0.00154715,,,
Scenario1,0,RE1,,DEMCOMELC,,2039,,,,,,,,,,,,,,0.0016358799999999997,,,
Scenario1,0,RE1,,DEMCOMELC,,2040,,,,,,,,,,,,,,0.0017299199999999998,,,
Scenario1,0,RE1,,DEMCOMELC,,2041,,,,,,,,,,,,,,0.0018291299999999996,,,
Scenario1,0,RE1,,DEMCOMELC,,2042,,,,,,,,,,,,,,0.0019322299999999994,,,
Scenario1,0,RE1,,DEMCOMELC,,2043,,,,,,,,,,,,,,0.00204209,,,
Scenario1,0,RE1,,DEMCOMELC,,2044,,,,,,,,,,,,,,0.0021582000000000007,,,
Scenario1,0,RE1,,DEMCOMELC,,2045,,,,,,,,,,,,,,0.00228091,,,
Scenario1,0,RE1,,DEMCOMELC,,2046,,,,,,,,,,,,,,0.0024105900000000006,,,
Scenario1,0,RE1,,DEMCOMELC,,2047,,,,,,,,,,,,,,0.00254765,,,
Scenario1,0,RE1,,DEMCOMELC,,2048,,,,,,,,,,,,,,0.0026925100000000004,,,
Scenario1,0,RE1,,DEMCOMELC,,2049,,,,,,,,,,,,,,0.0028456000000000006,,,
Scenario1,0,RE1,,DEMCOMELC,,2050,,,,,,,,,,,,,,0.00300739,,,
Scenario1,0,RE1,,DEMINDELC,,2019,,,,,,,,,,,,,,0.00215631,,,
Scenario1,0,RE1,,DEMINDELC,,2020,,,,,,,,,,,,,,0.00219401,,,
Scenario1,0,RE1,,DEMINDELC,,2021,,,,,,,,,,,,,,0.002293640000000001,,,
Scenario1,0,RE1,,DEMINDELC,,2022,,,,,,,,,,,,,,0.0023702700000000003,,,
Scenario1,0,RE1,,DEMINDELC,,2023,,,,,,,,,,,,,,0.00244266,,,
Scenario1,0,RE1,,DEMINDELC,,2024,,,,,,,,,,,,,,0.0025264,,,
Scenario1,0,RE1,,DEMINDELC,,2025,,,,,,,,,,,,,,0.0026176299999999993,,,
Scenario1,0,RE1,,DEMINDELC,,2026,,,,,,,,,,,,,,0.00271356,,,
Scenario1,0,RE1,,DEMINDELC,,2027,,,,,,,,,,,,,,0.00287012,,,
Scenario1,0,RE1,,DEMINDELC,,2028,,,,,,,,,,,,,,0.0030363399999999994,,,
Scenario1,0,RE1,,DEMINDELC,,2029,,,,,,,,,,,,,,0.00322602,,,
Scenario1,0,RE1,,DEMINDELC,,2030,,,,,,,,,,,,,,0.003429750000000001,,,
Scenario1,0,RE1,,DEMINDELC,,2031,,,,,,,,,,,,,,0.00362108,,,
Scenario1,0,RE1,,DEMINDELC,,2032,,,,,,,,,,,,,,0.003833050000000001,,,
Scenario1,0,RE1,,DEMINDELC,,2033,,,,,,,,,,,,,,0.004048340000000001,,,
Scenario1,0,RE1,,DEMINDELC,,2034,,,,,,,,,,,,,,0.0042781,,,
Scenario1,0,RE1,,DEMINDELC,,2035,,,,,,,,,,,,,,0.004519670000000001,,,
Scenario1,0,RE1,,DEMINDELC,,2036,,,,,,,,,,,,,,0.00476561,,,
Scenario1,0,RE1,,DEMINDELC,,2037,,,,,,,,,,,,,,0.0050418200000000015,,,
Scenario1,0,RE1,,DEMINDELC,,2038,,,,,,,,,,,,,,0.005330019999999999,,,
Scenario1,0,RE1,,DEMINDELC,,2039,,,,,,,,,,,,,,0.005635690000000001,,,
Scenario1,0,RE1,,DEMINDELC,,2040,,,,,,,,,,,,,,0.00595965,,,
Scenario1,0,RE1,,DEMINDELC,,2041,,,,,,,,,,,,,,0.00630147,,,
Scenario1,0,RE1,,DEMINDELC,,2042,,,,,,,,,,,,,,0.006656619999999998,,,
Scenario1,0,RE1,,DEMINDELC,,2043,,,,,,,,,,,,,,0.007035109999999999,,,
Scenario1,0,RE1,,DEMINDELC,,2044,,,,,,,,,,,,,,0.007435099999999999,,,
Scenario1,0,RE1,,DEMINDELC,,2045,,,,,,,,,,,,,,0.00785785,,,
Scenario1,0,RE1,,DEMINDELC,,2046,,,,,,,,,,,,,,0.00830463,,,
Scenario1,0,RE1,,DEMINDELC,,2047,,,,,,,,,,,,,,0.008776810000000003,,,
Scenario1,0,RE1,,DEMINDELC,,2048,,,,,,,,,,,,,,0.00927584,,,
Scenario1,0,RE1,,DEMINDELC,,2049,,,,,,,,,,,,,,0.009803239999999998,,,
Scenario1,0,RE1,,DEMINDELC,,2050,,,,,,,,,,,,,,0.010360629999999997,,,
Scenario1,0,RE1,,DEMRESELC,,2019,,,,,,,,,,,,,,0.0013790699999999996,,,
Scenario1,0,RE1,,DEMRESELC,,2020,,,,,,,,,,,,,,0.00140318,,,
Scenario1,0,RE1,,DEMRESELC,,2021,,,,,,,,,,,,,,0.0014669000000000001,,,
Scenario1,0,RE1,,DEMRESELC,,2022,,,,,,,,,,,,,,0.0015159099999999999,,,
Scenario1,0,RE1,,DEMRESELC,,2023,,,,,,,,,,,,,,0.0015622100000000005,,,
Scenario1,0,RE1,,DEMRESELC,,2024,,,,,,,,,,,,,,0.0016157700000000003,,,
Scenario1,0,RE1,,DEMRESELC,,2025,,,,,,,,,,,,,,0.0016741100000000001,,,
Scenario1,0,RE1,,DEMRESELC,,2026,,,,,,,,,,,,,,0.00173547,,,
Scenario1,0,RE1,,DEMRESELC,,2027,,,,,,,,,,,,,,0.0018356000000000006,,,
Scenario1,0,RE1,,DEMRESELC,,2028,,,,,,,,,,,,,,0.0019418999999999997,,,
Scenario1,0,RE1,,DEMRESELC,,2029,,,,,,,,,,,,,,0.00206321,,,
Scenario1,0,RE1,,DEMRESELC,,2030,,,,,,,,,,,,,,0.00219351,,,
Scenario1,0,RE1,,DEMRESELC,,2031,,,,,,,,,,,,,,0.00231587,,,
Scenario1,0,RE1,,DEMRESELC,,2032,,,,,,,,,,,,,,0.00245144,,,
Scenario1,0,RE1,,DEMRESELC,,2033,,,,,,,,,,,,,,0.00258913,,,
Scenario1,0,RE1,,DEMRESELC,,2034,,,,,,,,,,,,,,0.002736069999999999,,,
Scenario1,0,RE1,,DEMRESELC,,2035,,,,,,,,,,,,,,0.0028905699999999994,,,
Scenario1,0,RE1,,DEMRESELC,,2036,,,,,,,,,,,,,,0.0030478600000000003,,,
Scenario1,0,RE1,,DEMRESELC,,2037,,,,,,,,,,,,,,0.0032245099999999994,,,
Scenario1,0,RE1,,DEMRESELC,,2038,,,,,,,,,,,,,,0.00340883,,,
Scenario1,0,RE1,,DEMRESELC,,2039,,,,,,,,,,,,,,0.0036043200000000003,,,
Scenario1,0,RE1,,DEMRESELC,,2040,,,,,,,,,,,,,,0.0038115199999999997,,,
Scenario1,0,RE1,,DEMRESELC,,2041,,,,,,,,,,,,,,0.00403012,,,
Scenario1,0,RE1,,DEMRESELC,,2042,,,,,,,,,,,,,,0.00425727,,,
Scenario1,0,RE1,,DEMRESELC,,2043,,,,,,,,,,,,,,0.004499329999999999,,,
Scenario1,0,RE1,,DEMRESELC,,2044,,,,,,,,,,,,,,0.004755149999999997,,,
Scenario1,0,RE1,,DEMRESELC,,2045,,,,,,,,,,,,,,0.0050255099999999995,,,
Scenario1,0,RE1,,DEMRESELC,,2046,,,,,,,,,,,,,,0.005311249999999999,,,
Scenario1,0,RE1,,DEMRESELC,,2047,,,,,,,,,,,,,,0.005613239999999999,,,
Scenario1,0,RE1,,DEMRESELC,,2048,,,,,,,,,,,,,,0.00593239,,,
Scenario1,0,RE1,,DEMRESELC,,2049,,,,,,,,,,,,,,0.006269699999999999,,,
Scenario1,0,RE1,,DEMRESELC,,2050,,,,,,,,,,,,,,0.0066261800000000015,,,
Scenario1,0,RE1,,EXPELC,,2019,,,,,,,,,,,,,,0.0,,,
Scenario1,0,RE1,,EXPELC,,2020,,,,,,,,,,,,,,0.0,,,
Scenario1,0,RE1,,EXPELC,,2021,,,,,,,,,,,,,,0.0,,,
Scenario1,0,RE1,,EXPELC,,2022,,,,,,,,,,,,,,0.0,,,
Scenario1,0,RE1,,EXPELC,,2023,,,,,,,,,,,,,,0.0,,,
Scenario1,0,RE1,,EXPELC,,2024,,,,,,,,,,,,,,0.0,,,
Scenario1,0,RE1,,EXPELC,,2025,,,,,,,,,,,,,,0.0,,,
Scenario1,0,RE1,,EXPELC,,2026,,,,,,,,,,,,,,0.0,,,
Scenario1,0,RE1,,EXPELC,,2027,,,,,,,,,,,,,,0.0,,,
Scenario1,0,RE1,,EXPELC,,2028,,,,,,,,,,,,,,0.0,,,
Scenario1,0,RE1,,EXPELC,,2029,,,,,,,,,,,,,,0.0,,,
Scenario1,0,RE1,,EXPELC,,2030,,,,,,,,,,,,,,0.0,,,
Scenario1,0,RE1,,EXPELC,,2031,,,,,,,,,,,,,,0.0,,,
Scenario1,0,RE1,,EXPELC,,2032,,,,,,,,,,,,,,0.0,,,
Scenario1,0,RE1,,EXPELC,,2033,,,,,,,,,,,,,,0.0,,,
Scenario1,0,RE1,,EXPELC,,2034,,,,,,,,,,,,,,0.0,,,
Scenario1,0,RE1,,EXPELC,,2035,,,,,,,,,,,,,,0.0,,,
Scenario1,0,RE1,,EXPELC,,2036,,,,,,,,,,,,,,0.0,,,
Scenario1,0,RE1,,EXPELC,,2037,,,,,,,,,,,,,,0.0,,,
Scenario1,0,RE1,,EXPELC,,2038,,,,,,,,,,,,,,0.0,,,
Scenario1,0,RE1,,EXPELC,,2039,,,,,,,,,,,,,,0.0,,,
Scenario1,0,RE1,,EXPELC,,2040,,,,,,,,,,,,,,0.0,,,
Scenario1,0,RE1,,EXPELC,,2041,,,,,,,,,,,,,,0.0,,,
Scenario1,0,RE1,,EXPELC,,2042,,,,,,,,,,,,,,0.0,,,
Scenario1,0,RE1,,EXPELC,,2043,,,,,,,,,,,,,,0.0,,,
Scenario1,0,RE1,,EXPELC,,2044,,,,,,,,,,,,,,0.0,,,
Scenario1,0,RE1,,EXPELC,,2045,,,,,,,,,,,,,,0.0,,,
Scenario1,0,RE1,,EXPELC,,2046,,,,,,,,,,,,,,0.0,,,
Scenario1,0,RE1,,EXPELC,,2047,,,,,,,,,,,,,,0.0,,,
Scenario1,0,RE1,,EXPELC,,2048,,,,,,,,,,,,,,0.0,,,
Scenario1,0,RE1,,EXPELC,,2049,,,,,,,,,,,,,,0.0,,,
Scenario1,0,RE1,,EXPELC,,2050,,,,,,,,,,,,,,0.0,,,
Scenario1,0,RE1,,IMPBIO,,2019,,,,,,,,,,,,,,0.0,,,
Scenario1,0,RE1,,IMPBIO,,2020,,,,,,,,,,,,,,0.0,,,
Scenario1,0,RE1,,IMPBIO,,2021,,,,,,,,,,,,,,0.0,,,
Scenario1,0,RE1,,IMPBIO,,2022,,,,,,,,,,,,,,0.0,,,
Scenario1,0,RE1,,IMPBIO,,2023,,,,,,,,,,,,,,0.0,,,
Scenario1,0,RE1,,IMPBIO,,2024,,,,,,,,,,,,,,0.0,,,
Scenario1,0,RE1,,IMPBIO,,2025,,,,,,,,,,,,,,0.0,,,
Scenario1,0,RE1,,IMPBIO,,2026,,,,,,,,,,,,,,0.0,,,
Scenario1,0,RE1,,IMPBIO,,2027,,,,,,,,,,,,,,0.0,,,
Scenario1,0,RE1,,IMPBIO,,2028,,,,,,,,,,,,,,0.0,,,
Scenario1,0,RE1,,IMPBIO,,2029,,,,,,,,,,,,,,0.0,,,
Scenario1,0,RE1,,IMPBIO,,2030,,,,,,,,,,,,,,0.0,,,
Scenario1,0,RE1,,IMPBIO,,2031,,,,,,,,,,,,,,0.0,,,
Scenario1,0,RE1,,IMPBIO,,2032,,,,,,,,,,,,,,0.0,,,
Scenario1,0,RE1,,IMPBIO,,2033,,,,,,,,,,,,,,0.0,,,
Scenario1,0,RE1,,IMPBIO,,2034,,,,,,,,,,,,,,0.0,,,
Scenario1,0,RE1,,IMPBIO,,2035,,,,,,,,,,,,,,0.0,,,
Scenario1,0,RE1,,IMPBIO,,2036,,,,,,,,,,,,,,0.0,,,
Scenario1,0,RE1,,IMPBIO,,2037,,,,,,,,,,,,,,0.0,,,
Scenario1,0,RE1,,IMPBIO,,2038,,,,,,,,,,,,,,0.0,,,
Scenario1,0,RE1,,IMPBIO,,2039,,,,,,,,,,,,,,0.0,,,
Scenario1,0,RE1,,IMPBIO,,2040,,,,,,,,,,,,,,0.0,,,
Scenario1,0,RE1,,IMPBIO,,2041,,,,,,,,,,,,,,0.0,,,
Scenario1,0,RE1,,IMPBIO,,2042,,,,,,,,,,,,,,0.0,,,
Scenario1,0,RE1,,IMPBIO,,2043,,,,,,,,,,,,,,0.0,,,
Scenario1,0,RE1,,IMPBIO,,2044,,,,,,,,,,,,,,0.0,,,
Scenario1,0,RE1,,IMPBIO,,2045,,,,,,,,,,,,,,0.0,,,
Scenario1,0,RE1,,IMPBIO,,2046,,,,,,,,,,,,,,0.0,,,
Scenario1,0,RE1,,IMPBIO,,2047,,,,,,,,,,,,,,0.0,,,
Scenario1,0,RE1,,IMPBIO,,2048,,,,,,,,,,,,,,0.0,,,
Scenario1,0,RE1,,IMPBIO,,2049,,,,,,,,,,,,,,0.0,,,
Scenario1,0,RE1,,IMPBIO,,2050,,,,,,,,,,,,,,0.0,,,
Scenario1,0,RE1,,IMPCOA,,2019,,,,,,,,,,,,,,0.0,,,
Scenario1,0,RE1,,IMPCOA,,2020,,,,,,,,,,,,,,0.0,,,
Scenario1,0,RE1,,IMPCOA,,2021,,,,,,,,,,,,,,0.0,,,
Scenario1,0,RE1,,IMPCOA,,2022,,,,,,,,,,,,,,0.0,,,
Scenario1,0,RE1,,IMPCOA,,2023,,,,,,,,,,,,,,0.0,,,
Scenario1,0,RE1,,IMPCOA,,2024,,,,,,,,,,,,,,0.0,,,
Scenario1,0,RE1,,IMPCOA,,2025,,,,,,,,,,,,,,0.0,,,
Scenario1,0,RE1,,IMPCOA,,2026,,,,,,,,,,,,,,0.0,,,
Scenario1,0,RE1,,IMPCOA,,2027,,,,,,,,,,,,,,0.0,,,
Scenario1,0,RE1,,IMPCOA,,2028,,,,,,,,,,,,,,0.0,,,
Scenario1,0,RE1,,IMPCOA,,2029,,,,,,,,,,,,,,0.0,,,
Scenario1,0,RE1,,IMPCOA,,2030,,,,,,,,,,,,,,0.0,,,
Scenario1,0,RE1,,IMPCOA,,2031,,,,,,,,,,,,,,0.0,,,
Scenario1,0,RE1,,IMPCOA,,2032,,,,,,,,,,,,,,0.0,,,
Scenario1,0,RE1,,IMPCOA,,2033,,,,,,,,,,,,,,0.0,,,
Scenario1,0,RE1,,IMPCOA,,2034,,,,,,,,,,,,,,0.0,,,
Scenario1,0,RE1,,IMPCOA,,2035,,,,,,,,,,,,,,0.0,,,
Scenario1,0,RE1,,IMPCOA,,2036,,,,,,,,,,,,,,0.0,,,
Scenario1,0,RE1,,IMPCOA,,2037,,,,,,,,,,,,,,0.0,,,
Scenario1,0,RE1,,IMPCOA,,2038,,,,,,,,,,,,,,0.0,,,
Scenario1,0,RE1,,IMPCOA,,2039,,,,,,,,,,,,,,0.0,,,
Scenario1,0,RE1,,IMPCOA,,2040,,,,,,,,,,,,,,0.0,,,
Scenario1,0,RE1,,IMPCOA,,2041,,,,,,,,,,,,,,0.0,,,
Scenario1,0,RE1,,IMPCOA,,2042,,,,,,,,,,,,,,0.0,,,
Scenario1,0,RE1,,IMPCOA,,2043,,,,,,,,,,,,,,0.0,,,
Scenario1,0,RE1,,IMPCOA,,2044,,,,,,,,,,,,,,0.0,,,
Scenario1,0,RE1,,IMPCOA,,2045,,,,,,,,,,,,,,0.0,,,
Scenario1,0,RE1,,IMPCOA,,2046,,,,,,,,,,,,,,0.0,,,
Scenario1,0,RE1,,IMPCOA,,2047,,,,,,,,,,,,,,0.0,,,
Scenario1,0,RE1,,IMPCOA,,2048,,,,,,,,,,,,,,0.0,,,
Scenario1,0,RE1,,IMPCOA,,2049,,,,,,,,,,,,,,0.0,,,
Scenario1,0,RE1,,IMPCOA,,2050,,,,,,,,,,,,,,0.0,,,
Scenario1,0,RE1,,IMPELC001,,2019,,,,,,,,,,,,,,0.0,,,
Scenario1,0,RE1,,IMPELC001,,2020,,,,,,,,,,,,,,0.0,,,
Scenario1,0,RE1,,IMPELC001,,2021,,,,,,,,,,,,,,0.0,,,
Scenario1,0,RE1,,IMPELC001,,2022,,,,,,,,,,,,,,45.48686906723524,,,
Scenario1,0,RE1,,IMPELC001,,2023,,,,,,,,,,,,,,49.44622469937907,,,
Scenario1,0,RE1,,IMPELC001,,2024,,,,,,,,,,,,,,61.51789711130239,,,
Scenario1,0,RE1,,IMPELC001,,2025,,,,,,,,,,,,,,43.493894185724045,,,
Scenario1,0,RE1,,IMPELC001,,2026,,,,,,,,,,,,,,2.74115412170319,,,
Scenario1,0,RE1,,IMPELC001,,2027,,,,,,,,,,,,,,1.953846539397078,,,
Scenario1,0,RE1,,IMPELC001,,2028,,,,,,,,,,,,,,11.53897608140064,,,
Scenario1,0,RE1,,IMPELC001,,2029,,,,,,,,,,,,,,1.5100527746912644,,,
Scenario1,0,RE1,,IMPELC001,,2030,,,,,,,,,,,,,,3.544473004916981,,,
Scenario1,0,RE1,,IMPELC001,,2031,,,,,,,,,,,,,,8.358095285211776,,,
Scenario1,0,RE1,,IMPELC001,,2032,,,,,,,,,,,,,,8.57036955605366,,,
Scenario1,0,RE1,,IMPELC001,,2033,,,,,,,,,,,,,,18.9756609221962,,,
Scenario1,0,RE1,,IMPELC001,,2034,,,,,,,,,,,,,,20.744572886194636,,,
Scenario1,0,RE1,,IMPELC001,,2035,,,,,,,,,,,,,,21.447017447153506,,,
Scenario1,0,RE1,,IMPELC001,,2036,,,,,,,,,,,,,,17.928937030323045,,,
Scenario1,0,RE1,,IMPELC001,,2037,,,,,,,,,,,,,,19.42252579644815,,,
Scenario1,0,RE1,,IMPELC001,,2038,,,,,,,,,,,,,,26.429296457429153,,,
Scenario1,0,RE1,,IMPELC001,,2039,,,,,,,,,,,,,,25.68660487157668,,,
Scenario1,0,RE1,,IMPELC001,,2040,,,,,,,,,,,,,,22.48598023869663,,,
Scenario1,0,RE1,,IMPELC001,,2041,,,,,,,,,,,,,,28.19801840732449,,,
Scenario1,0,RE1,,IMPELC001,,2042,,,,,,,,,,,,,,28.38940591047566,,,
Scenario1,0,RE1,,IMPELC001,,2043,,,,,,,,,,,,,,29.215808848752545,,,
Scenario1,0,RE1,,IMPELC001,,2044,,,,,,,,,,,,,,30.21995841588661,,,
Scenario1,0,RE1,,IMPELC001,,2045,,,,,,,,,,,,,,32.03792560959465,,,
Scenario1,0,RE1,,IMPELC001,,2046,,,,,,,,,,,,,,33.72705416707781,,,
Scenario1,0,RE1,,IMPELC001,,2047,,,,,,,,,,,,,,34.32070258118843,,,
Scenario1,0,RE1,,IMPELC001,,2048,,,,,,,,,,,,,,35.29430436788748,,,
Scenario1,0,RE1,,IMPELC001,,2049,,,,,,,,,,,,,,37.40867331986432,,,
Scenario1,0,RE1,,IMPELC001,,2050,,,,,,,,,,,,,,40.670835923425976,,,
Scenario1,0,RE1,,IMPELC002,,2019,,,,,,,,,,,,,,0.0,,,
Scenario1,0,RE1,,IMPELC002,,2020,,,,,,,,,,,,,,0.0,,,
Scenario1,0,RE1,,IMPELC002,,2021,,,,,,,,,,,,,,0.0,,,
Scenario1,0,RE1,,IMPELC002,,2022,,,,,,,,,,,,,,0.0,,,
Scenario1,0,RE1,,IMPELC002,,2023,,,,,,,,,,,,,,0.0,,,
Scenario1,0,RE1,,IMPELC002,,2024,,,,,,,,,,,,,,0.0,,,
Scenario1,0,RE1,,IMPELC002,,2025,,,,,,,,,,,,,,0.0,,,
Scenario1,0,RE1,,IMPELC002,,2026,,,,,,,,,,,,,,0.0,,,
Scenario1,0,RE1,,IMPELC002,,2027,,,,,,,,,,,,,,0.0,,,
Scenario1,0,RE1,,IMPELC002,,2028,,,,,,,,,,,,,,0.0,,,
Scenario1,0,RE1,,IMPELC002,,2029,,,,,,,,,,,,,,0.0,,,
Scenario1,0,RE1,,IMPELC002,,2030,,,,,,,,,,,,,,0.0,,,
Scenario1,0,RE1,,IMPELC002,,2031,,,,,,,,,,,,,,0.0,,,
Scenario1,0,RE1,,IMPELC002,,2032,,,,,,,,,,,,,,0.0,,,
Scenario1,0,RE1,,IMPELC002,,2033,,,,,,,,,,,,,,0.0,,,
Scenario1,0,RE1,,IMPELC002,,2034,,,,,,,,,,,,,,0.0,,,
Scenario1,0,RE1,,IMPELC002,,2035,,,,,,,,,,,,,,0.0,,,
Scenario1,0,RE1,,IMPELC002,,2036,,,,,,,,,,,,,,0.0,,,
Scenario1,0,RE1,,IMPELC002,,2037,,,,,,,,,,,,,,0.0,,,
Scenario1,0,RE1,,IMPELC002,,2038,,,,,,,,,,,,,,0.0,,,
Scenario1,0,RE1,,IMPELC002,,2039,,,,,,,,,,,,,,0.0,,,
Scenario1,0,RE1,,IMPELC002,,2040,,,,,,,,,,,,,,0.0,,,
Scenario1,0,RE1,,IMPELC002,,2041,,,,,,,,,,,,,,0.0,,,
Scenario1,0,RE1,,IMPELC002,,2042,,,,,,,,,,,,,,0.0,,,
Scenario1,0,RE1,,IMPELC002,,2043,,,,,,,,,,,,,,0.0,,,
Scenario1,0,RE1,,IMPELC002,,2044,,,,,,,,,,,,,,0.0,,,
Scenario1,0,RE1,,IMPELC002,,2045,,,,,,,,,,,,,,0.0,,,
Scenario1,0,RE1,,IMPELC002,,2046,,,,,,,,,,,,,,0.0,,,
Scenario1,0,RE1,,IMPELC002,,2047,,,,,,,,,,,,,,0.0,,,
Scenario1,0,RE1,,IMPELC002,,2048,,,,,,,,,,,,,,0.0,,,
Scenario1,0,RE1,,IMPELC002,,2049,,,,,,,,,,,,,,0.0,,,
Scenario1,0,RE1,,IMPELC002,,2050,,,,,,,,,,,,,,0.0,,,
Scenario1,0,RE1,,IMPHFOMOM,,2019,,,,,,,,,,,,,,0.0,,,
Scenario1,0,RE1,,IMPHFOMOM,,2020,,,,,,,,,,,,,,0.0,,,
Scenario1,0,RE1,,IMPHFOMOM,,2021,,,,,,,,,,,,,,0.0,,,
Scenario1,0,RE1,,IMPHFOMOM,,2022,,,,,,,,,,,,,,0.0,,,
Scenario1,0,RE1,,IMPHFOMOM,,2023,,,,,,,,,,,,,,0.0,,,
Scenario1,0,RE1,,IMPHFOMOM,,2024,,,,,,,,,,,,,,0.0,,,
Scenario1,0,RE1,,IMPHFOMOM,,2025,,,,,,,,,,,,,,0.0,,,
Scenario1,0,RE1,,IMPHFOMOM,,2026,,,,,,,,,,,,,,0.0,,,
Scenario1,0,RE1,,IMPHFOMOM,,2027,,,,,,,,,,,,,,0.0,,,
Scenario1,0,RE1,,IMPHFOMOM,,2028,,,,,,,,,,,,,,0.0,,,
Scenario1,0,RE1,,IMPHFOMOM,,2029,,,,,,,,,,,,,,0.0,,,
Scenario1,0,RE1,,IMPHFOMOM,,2030,,,,,,,,,,,,,,0.0,,,
Scenario1,0,RE1,,IMPHFOMOM,,2031,,,,,,,,,,,,,,0.0,,,
Scenario1,0,RE1,,IMPHFOMOM,,2032,,,,,,,,,,,,,,0.0,,,
Scenario1,0,RE1,,IMPHFOMOM,,2033,,,,,,,,,,,,,,0.0,,,
Scenario1,0,RE1,,IMPHFOMOM,,2034,,,,,,,,,,,,,,0.0,,,
Scenario1,0,RE1,,IMPHFOMOM,,2035,,,,,,,,,,,,,,0.0,,,
Scenario1,0,RE1,,IMPHFOMOM,,2036,,,,,,,,,,,,,,0.0,,,
Scenario1,0,RE1,,IMPHFOMOM,,2037,,,,,,,,,,,,,,0.0,,,
Scenario1,0,RE1,,IMPHFOMOM,,2038,,,,,,,,,,,,,,0.0,,,
Scenario1,0,RE1,,IMPHFOMOM,,2039,,,,,,,,,,,,,,0.0,,,
Scenario1,0,RE1,,IMPHFOMOM,,2040,,,,,,,,,,,,,,0.0,,,
Scenario1,0,RE1,,IMPHFOMOM,,2041,,,,,,,,,,,,,,0.0,,,
Scenario1,0,RE1,,IMPHFOMOM,,2042,,,,,,,,,,,,,,0.0,,,
Scenario1,0,RE1,,IMPHFOMOM,,2043,,,,,,,,,,,,,,0.0,,,
Scenario1,0,RE1,,IMPHFOMOM,,2044,,,,,,,,,,,,,,0.0,,,
Scenario1,0,RE1,,IMPHFOMOM,,2045,,,,,,,,,,,,,,0.0,,,
Scenario1,0,RE1,,IMPHFOMOM,,2046,,,,,,,,,,,,,,0.0,,,
Scenario1,0,RE1,,IMPHFOMOM,,2047,,,,,,,,,,,,,,0.0,,,
Scenario1,0,RE1,,IMPHFOMOM,,2048,,,,,,,,,,,,,,0.0,,,
Scenario1,0,RE1,,IMPHFOMOM,,2049,,,,,,,,,,,,,,0.0,,,
Scenario1,0,RE1,,IMPHFOMOM,,2050,,,,,,,,,,,,,,0.0,,,
Scenario1,0,RE1,,IMPHFONAI,,2019,,,,,,,,,,,,,,63.94612271312326,,,
Scenario1,0,RE1,,IMPHFONAI,,2020,,,,,,,,,,,,,,78.67675428342336,,,
Scenario1,0,RE1,,IMPHFONAI,,2021,,,,,,,,,,,,,,93.67271804863384,,,
Scenario1,0,RE1,,IMPHFONAI,,2022,,,,,,,,,,,,,,37.09412333695178,,,
Scenario1,0,RE1,,IMPHFONAI,,2023,,,,,,,,,,,,,,39.82938144655042,,,
Scenario1,0,RE1,,IMPHFONAI,,2024,,,,,,,,,,,,,,62.367249000251675,,,
Scenario1,0,RE1,,IMPHFONAI,,2025,,,,,,,,,,,,,,37.946375694433726,,,
Scenario1,0,RE1,,IMPHFONAI,,2026,,,,,,,,,,,,,,0.0,,,
Scenario1,0,RE1,,IMPHFONAI,,2027,,,,,,,,,,,,,,0.10557498761769278,,,
Scenario1,0,RE1,,IMPHFONAI,,2028,,,,,,,,,,,,,,1.3817744609613594,,,
Scenario1,0,RE1,,IMPHFONAI,,2029,,,,,,,,,,,,,,0.3467513846164528,,,
Scenario1,0,RE1,,IMPHFONAI,,2030,,,,,,,,,,,,,,0.8139077532250646,,,
Scenario1,0,RE1,,IMPHFONAI,,2031,,,,,,,,,,,,,,1.2524314136255998,,,
Scenario1,0,RE1,,IMPHFONAI,,2032,,,,,,,,,,,,,,1.2569102823550358,,,
Scenario1,0,RE1,,IMPHFONAI,,2033,,,,,,,,,,,,,,1.3567248835198071,,,
Scenario1,0,RE1,,IMPHFONAI,,2034,,,,,,,,,,,,,,1.2307019248213318,,,
Scenario1,0,RE1,,IMPHFONAI,,2035,,,,,,,,,,,,,,1.422035663788637,,,
Scenario1,0,RE1,,IMPHFONAI,,2036,,,,,,,,,,,,,,0.0,,,
Scenario1,0,RE1,,IMPHFONAI,,2037,,,,,,,,,,,,,,0.0,,,
Scenario1,0,RE1,,IMPHFONAI,,2038,,,,,,,,,,,,,,0.0,,,
Scenario1,0,RE1,,IMPHFONAI,,2039,,,,,,,,,,,,,,0.0,,,
Scenario1,0,RE1,,IMPHFONAI,,2040,,,,,,,,,,,,,,0.0,,,
Scenario1,0,RE1,,IMPHFONAI,,2041,,,,,,,,,,,,,,0.0,,,
Scenario1,0,RE1,,IMPHFONAI,,2042,,,,,,,,,,,,,,0.0,,,
Scenario1,0,RE1,,IMPHFONAI,,2043,,,,,,,,,,,,,,0.0,,,
Scenario1,0,RE1,,IMPHFONAI,,2044,,,,,,,,,,,,,,0.0,,,
Scenario1,0,RE1,,IMPHFONAI,,2045,,,,,,,,,,,,,,0.0,,,
Scenario1,0,RE1,,IMPHFONAI,,2046,,,,,,,,,,,,,,0.0,,,
Scenario1,0,RE1,,IMPHFONAI,,2047,,,,,,,,,,,,,,0.0,,,
Scenario1,0,RE1,,IMPHFONAI,,2048,,,,,,,,,,,,,,0.0,,,
Scenario1,0,RE1,,IMPHFONAI,,2049,,,,,,,,,,,,,,0.0,,,
Scenario1,0,RE1,,IMPHFONAI,,2050,,,,,,,,,,,,,,0.0,,,
Scenario1,0,RE1,,IMPLFOELD,,2019,,,,,,,,,,,,,,0.0,,,
Scenario1,0,RE1,,IMPLFOELD,,2020,,,,,,,,,,,,,,0.0,,,
Scenario1,0,RE1,,IMPLFOELD,,2021,,,,,,,,,,,,,,0.0,,,
Scenario1,0,RE1,,IMPLFOELD,,2022,,,,,,,,,,,,,,0.0,,,
Scenario1,0,RE1,,IMPLFOELD,,2023,,,,,,,,,,,,,,0.0,,,
Scenario1,0,RE1,,IMPLFOELD,,2024,,,,,,,,,,,,,,0.0,,,
Scenario1,0,RE1,,IMPLFOELD,,2025,,,,,,,,,,,,,,0.0,,,
Scenario1,0,RE1,,IMPLFOELD,,2026,,,,,,,,,,,,,,0.0,,,
Scenario1,0,RE1,,IMPLFOELD,,2027,,,,,,,,,,,,,,0.0,,,
Scenario1,0,RE1,,IMPLFOELD,,2028,,,,,,,,,,,,,,0.0,,,
Scenario1,0,RE1,,IMPLFOELD,,2029,,,,,,,,,,,,,,0.0,,,
Scenario1,0,RE1,,IMPLFOELD,,2030,,,,,,,,,,,,,,0.0,,,
Scenario1,0,RE1,,IMPLFOELD,,2031,,,,,,,,,,,,,,0.0,,,
Scenario1,0,RE1,,IMPLFOELD,,2032,,,,,,,,,,,,,,0.0,,,
Scenario1,0,RE1,,IMPLFOELD,,2033,,,,,,,,,,,,,,0.0,,,
Scenario1,0,RE1,,IMPLFOELD,,2034,,,,,,,,,,,,,,0.0,,,
Scenario1,0,RE1,,IMPLFOELD,,2035,,,,,,,,,,,,,,0.0,,,
Scenario1,0,RE1,,IMPLFOELD,,2036,,,,,,,,,,,,,,0.0,,,
Scenario1,0,RE1,,IMPLFOELD,,2037,,,,,,,,,,,,,,0.0,,,
Scenario1,0,RE1,,IMPLFOELD,,2038,,,,,,,,,,,,,,0.0,,,
Scenario1,0,RE1,,IMPLFOELD,,2039,,,,,,,,,,,,,,0.0,,,
Scenario1,0,RE1,,IMPLFOELD,,2040,,,,,,,,,,,,,,0.0,,,
Scenario1,0,RE1,,IMPLFOELD,,2041,,,,,,,,,,,,,,0.0,,,
Scenario1,0,RE1,,IMPLFOELD,,2042,,,,,,,,,,,,,,0.0,,,
Scenario1,0,RE1,,IMPLFOELD,,2043,,,,,,,,,,,,,,0.0,,,
Scenario1,0,RE1,,IMPLFOELD,,2044,,,,,,,,,,,,,,0.0,,,
Scenario1,0,RE1,,IMPLFOELD,,2045,,,,,,,,,,,,,,0.0,,,
Scenario1,0,RE1,,IMPLFOELD,,2046,,,,,,,,,,,,,,0.0,,,
Scenario1,0,RE1,,IMPLFOELD,,2047,,,,,,,,,,,,,,0.0,,,
Scenario1,0,RE1,,IMPLFOELD,,2048,,,,,,,,,,,,,,0.0,,,
Scenario1,0,RE1,,IMPLFOELD,,2049,,,,,,,,,,,,,,0.0,,,
Scenario1,0,RE1,,IMPLFOELD,,2050,,,,,,,,,,,,,,0.0,,,
Scenario1,0,RE1,,IMPNGS,,2019,,,,,,,,,,,,,,0.0,,,
Scenario1,0,RE1,,IMPNGS,,2020,,,,,,,,,,,,,,0.0,,,
Scenario1,0,RE1,,IMPNGS,,2021,,,,,,,,,,,,,,0.0,,,
Scenario1,0,RE1,,IMPNGS,,2022,,,,,,,,,,,,,,0.0,,,
Scenario1,0,RE1,,IMPNGS,,2023,,,,,,,,,,,,,,0.0,,,
Scenario1,0,RE1,,IMPNGS,,2024,,,,,,,,,,,,,,0.0,,,
Scenario1,0,RE1,,IMPNGS,,2025,,,,,,,,,,,,,,0.0,,,
Scenario1,0,RE1,,IMPNGS,,2026,,,,,,,,,,,,,,0.0,,,
Scenario1,0,RE1,,IMPNGS,,2027,,,,,,,,,,,,,,0.0,,,
Scenario1,0,RE1,,IMPNGS,,2028,,,,,,,,,,,,,,0.0,,,
Scenario1,0,RE1,,IMPNGS,,2029,,,,,,,,,,,,,,0.0,,,
Scenario1,0,RE1,,IMPNGS,,2030,,,,,,,,,,,,,,0.0,,,
Scenario1,0,RE1,,IMPNGS,,2031,,,,,,,,,,,,,,0.0,,,
Scenario1,0,RE1,,IMPNGS,,2032,,,,,,,,,,,,,,0.0,,,
Scenario1,0,RE1,,IMPNGS,,2033,,,,,,,,,,,,,,0.0,,,
Scenario1,0,RE1,,IMPNGS,,2034,,,,,,,,,,,,,,0.0,,,
Scenario1,0,RE1,,IMPNGS,,2035,,,,,,,,,,,,,,0.0,,,
Scenario1,0,RE1,,IMPNGS,,2036,,,,,,,,,,,,,,0.0,,,
Scenario1,0,RE1,,IMPNGS,,2037,,,,,,,,,,,,,,0.0,,,
Scenario1,0,RE1,,IMPNGS,,2038,,,,,,,,,,,,,,0.0,,,
Scenario1,0,RE1,,IMPNGS,,2039,,,,,,,,,,,,,,0.0,,,
Scenario1,0,RE1,,IMPNGS,,2040,,,,,,,,,,,,,,0.0,,,
Scenario1,0,RE1,,IMPNGS,,2041,,,,,,,,,,,,,,0.0,,,
Scenario1,0,RE1,,IMPNGS,,2042,,,,,,,,,,,,,,0.0,,,
Scenario1,0,RE1,,IMPNGS,,2043,,,,,,,,,,,,,,0.0,,,
Scenario1,0,RE1,,IMPNGS,,2044,,,,,,,,,,,,,,0.0,,,
Scenario1,0,RE1,,IMPNGS,,2045,,,,,,,,,,,,,,0.0,,,
Scenario1,0,RE1,,IMPNGS,,2046,,,,,,,,,,,,,,0.0,,,
Scenario1,0,RE1,,IMPNGS,,2047,,,,,,,,,,,,,,0.0,,,
Scenario1,0,RE1,,IMPNGS,,2048,,,,,,,,,,,,,,0.0,,,
Scenario1,0,RE1,,IMPNGS,,2049,,,,,,,,,,,,,,0.0,,,
Scenario1,0,RE1,,IMPNGS,,2050,,,,,,,,,,,,,,0.0,,,
Scenario1,0,RE1,,IMPURN,,2019,,,,,,,,,,,,,,0.0,,,
Scenario1,0,RE1,,IMPURN,,2020,,,,,,,,,,,,,,0.0,,,
Scenario1,0,RE1,,IMPURN,,2021,,,,,,,,,,,,,,0.0,,,
Scenario1,0,RE1,,IMPURN,,2022,,,,,,,,,,,,,,0.0,,,
Scenario1,0,RE1,,IMPURN,,2023,,,,,,,,,,,,,,0.0,,,
Scenario1,0,RE1,,IMPURN,,2024,,,,,,,,,,,,,,0.0,,,
Scenario1,0,RE1,,IMPURN,,2025,,,,,,,,,,,,,,0.0,,,
Scenario1,0,RE1,,IMPURN,,2026,,,,,,,,,,,,,,0.0,,,
Scenario1,0,RE1,,IMPURN,,2027,,,,,,,,,,,,,,0.0,,,
Scenario1,0,RE1,,IMPURN,,2028,,,,,,,,,,,,,,0.0,,,
Scenario1,0,RE1,,IMPURN,,2029,,,,,,,,,,,,,,0.0,,,
Scenario1,0,RE1,,IMPURN,,2030,,,,,,,,,,,,,,0.0,,,
Scenario1,0,RE1,,IMPURN,,2031,,,,,,,,,,,,,,0.0,,,
Scenario1,0,RE1,,IMPURN,,2032,,,,,,,,,,,,,,0.0,,,
Scenario1,0,RE1,,IMPURN,,2033,,,,,,,,,,,,,,0.0,,,
Scenario1,0,RE1,,IMPURN,,2034,,,,,,,,,,,,,,0.0,,,
Scenario1,0,RE1,,IMPURN,,2035,,,,,,,,,,,,,,0.0,,,
Scenario1,0,RE1,,IMPURN,,2036,,,,,,,,,,,,,,0.0,,,
Scenario1,0,RE1,,IMPURN,,2037,,,,,,,,,,,,,,0.0,,,
Scenario1,0,RE1,,IMPURN,,2038,,,,,,,,,,,,,,0.0,,,
Scenario1,0,RE1,,IMPURN,,2039,,,,,,,,,,,,,,0.0,,,
Scenario1,0,RE1,,IMPURN,,2040,,,,,,,,,,,,,,0.0,,,
Scenario1,0,RE1,,IMPURN,,2041,,,,,,,,,,,,,,19.875972175460493,,,
Scenario1,0,RE1,,IMPURN,,2042,,,,,,,,,,,,,,30.70107717046877,,,
Scenario1,0,RE1,,IMPURN,,2043,,,,,,,,,,,,,,30.70107717046878,,,
Scenario1,0,RE1,,IMPURN,,2044,,,,,,,,,,,,,,30.701077170468235,,,
Scenario1,0,RE1,,IMPURN,,2045,,,,,,,,,,,,,,61.40215434093755,,,
Scenario1,0,RE1,,IMPURN,,2046,,,,,,,,,,,,,,61.40215434093754,,,
Scenario1,0,RE1,,IMPURN,,2047,,,,,,,,,,,,,,61.40215434093754,,,
Scenario1,0,RE1,,IMPURN,,2048,,,,,,,,,,,,,,61.402154340937564,,,
Scenario1,0,RE1,,IMPURN,,2049,,,,,,,,,,,,,,92.10323151140628,,,
Scenario1,0,RE1,,IMPURN,,2050,,,,,,,,,,,,,,92.10323151140634,,,
Scenario1,0,RE1,,MINBIO,,2019,,,,,,,,,,,,,,0.14427987425280006,,,
Scenario1,0,RE1,,MINBIO,,2020,,,,,,,,,,,,,,0.1442798742528,,,
Scenario1,0,RE1,,MINBIO,,2021,,,,,,,,,,,,,,0.14427987425279995,,,
Scenario1,0,RE1,,MINBIO,,2022,,,,,,,,,,,,,,0.1442798742528,,,
Scenario1,0,RE1,,MINBIO,,2023,,,,,,,,,,,,,,0.24527578622976004,,,
Scenario1,0,RE1,,MINBIO,,2024,,,,,,,,,,,,,,0.24527578622975998,,,
Scenario1,0,RE1,,MINBIO,,2025,,,,,,,,,,,,,,0.2452757862297601,,,
Scenario1,0,RE1,,MINBIO,,2026,,,,,,,,,,,,,,0.9666751574937599,,,
Scenario1,0,RE1,,MINBIO,,2027,,,,,,,,,,,,,,0.9666751574937599,,,
Scenario1,0,RE1,,MINBIO,,2028,,,,,,,,,,,,,,1.5437946545049614,,,
Scenario1,0,RE1,,MINBIO,,2029,,,,,,,,,,,,,,0.9558000511488004,,,
Scenario1,0,RE1,,MINBIO,,2030,,,,,,,,,,,,,,5.020939623997442,,,
Scenario1,0,RE1,,MINBIO,,2031,,,,,,,,,,,,,,6.463738366525439,,,
Scenario1,0,RE1,,MINBIO,,2032,,,,,,,,,,,,,,7.242849687490562,,,
Scenario1,0,RE1,,MINBIO,,2033,,,,,,,,,,,,,,7.459269498869763,,,
Scenario1,0,RE1,,MINBIO,,2034,,,,,,,,,,,,,,7.892109121628154,,,
Scenario1,0,RE1,,MINBIO,,2035,,,,,,,,,,,,,,7.913751102766078,,,
Scenario1,0,RE1,,MINBIO,,2036,,,,,,,,,,,,,,7.9137511027660805,,,
Scenario1,0,RE1,,MINBIO,,2037,,,,,,,,,,,,,,7.913751102766074,,,
Scenario1,0,RE1,,MINBIO,,2038,,,,,,,,,,,,,,7.91375110276608,,,
Scenario1,0,RE1,,MINBIO,,2039,,,,,,,,,,,,,,7.913751102766074,,,
Scenario1,0,RE1,,MINBIO,,2040,,,,,,,,,,,,,,7.913751102766075,,,
Scenario1,0,RE1,,MINBIO,,2041,,,,,,,,,,,,,,7.913751102766076,,,
Scenario1,0,RE1,,MINBIO,,2042,,,,,,,,,,,,,,7.913751102766071,,,
Scenario1,0,RE1,,MINBIO,,2043,,,,,,,,,,,,,,7.769471228513285,,,
Scenario1,0,RE1,,MINBIO,,2044,,,,,,,,,,,,,,7.769471228513285,,,
Scenario1,0,RE1,,MINBIO,,2045,,,,,,,,,,,,,,7.769471228513287,,,
Scenario1,0,RE1,,MINBIO,,2046,,,,,,,,,,,,,,7.769471228513286,,,
Scenario1,0,RE1,,MINBIO,,2047,,,,,,,,,,,,,,7.769471228513284,,,
Scenario1,0,RE1,,MINBIO,,2048,,,,,,,,,,,,,,7.769471228513286,,,
Scenario1,0,RE1,,MINBIO,,2049,,,,,,,,,,,,,,7.769471228513284,,,
Scenario1,0,RE1,,MINBIO,,2050,,,,,,,,,,,,,,7.7694712285132805,,,
Scenario1,0,RE1,,MINCOA,,2019,,,,,,,,,,,,,,0.0,,,
Scenario1,0,RE1,,MINCOA,,2020,,,,,,,,,,,,,,0.0,,,
Scenario1,0,RE1,,MINCOA,,2021,,,,,,,,,,,,,,0.0,,,
Scenario1,0,RE1,,MINCOA,,2022,,,,,,,,,,,,,,0.0,,,
Scenario1,0,RE1,,MINCOA,,2023,,,,,,,,,,,,,,0.0,,,
Scenario1,0,RE1,,MINCOA,,2024,,,,,,,,,,,,,,0.0,,,
Scenario1,0,RE1,,MINCOA,,2025,,,,,,,,,,,,,,0.0,,,
Scenario1,0,RE1,,MINCOA,,2026,,,,,,,,,,,,,,0.0,,,
Scenario1,0,RE1,,MINCOA,,2027,,,,,,,,,,,,,,0.0,,,
Scenario1,0,RE1,,MINCOA,,2028,,,,,,,,,,,,,,0.0,,,
Scenario1,0,RE1,,MINCOA,,2029,,,,,,,,,,,,,,0.0,,,
Scenario1,0,RE1,,MINCOA,,2030,,,,,,,,,,,,,,0.0,,,
Scenario1,0,RE1,,MINCOA,,2031,,,,,,,,,,,,,,0.0,,,
Scenario1,0,RE1,,MINCOA,,2032,,,,,,,,,,,,,,0.0,,,
Scenario1,0,RE1,,MINCOA,,2033,,,,,,,,,,,,,,0.0,,,
Scenario1,0,RE1,,MINCOA,,2034,,,,,,,,,,,,,,0.0,,,
Scenario1,0,RE1,,MINCOA,,2035,,,,,,,,,,,,,,0.0,,,
Scenario1,0,RE1,,MINCOA,,2036,,,,,,,,,,,,,,0.0,,,
Scenario1,0,RE1,,MINCOA,,2037,,,,,,,,,,,,,,0.0,,,
Scenario1,0,RE1,,MINCOA,,2038,,,,,,,,,,,,,,0.0,,,
Scenario1,0,RE1,,MINCOA,,2039,,,,,,,,,,,,,,0.0,,,
Scenario1,0,RE1,,MINCOA,,2040,,,,,,,,,,,,,,0.0,,,
Scenario1,0,RE1,,MINCOA,,2041,,,,,,,,,,,,,,0.0,,,
Scenario1,0,RE1,,MINCOA,,2042,,,,,,,,,,,,,,0.0,,,
Scenario1,0,RE1,,MINCOA,,2043,,,,,,,,,,,,,,0.0,,,
Scenario1,0,RE1,,MINCOA,,2044,,,,,,,,,,,,,,0.0,,,
Scenario1,0,RE1,,MINCOA,,2045,,,,,,,,,,,,,,0.0,,,
Scenario1,0,RE1,,MINCOA,,2046,,,,,,,,,,,,,,0.0,,,
Scenario1,0,RE1,,MINCOA,,2047,,,,,,,,,,,,,,0.0,,,
Scenario1,0,RE1,,MINCOA,,2048,,,,,,,,,,,,,,0.0,,,
Scenario1,0,RE1,,MINCOA,,2049,,,,,,,,,,,,,,0.0,,,
Scenario1,0,RE1,,MINCOA,,2050,,,,,,,,,,,,,,0.0,,,
Scenario1,0,RE1,,MINGEO,,2019,,,,,,,,,,,,,,0.007004370437111329,,,
Scenario1,0,RE1,,MINGEO,,2020,,,,,,,,,,,,,,0.007004370437111333,,,
Scenario1,0,RE1,,MINGEO,,2021,,,,,,,,,,,,,,0.0070043704371113335,,,
Scenario1,0,RE1,,MINGEO,,2022,,,,,,,,,,,,,,0.007741905587422755,,,
Scenario1,0,RE1,,MINGEO,,2023,,,,,,,,,,,,,,0.008051794306041011,,,
Scenario1,0,RE1,,MINGEO,,2024,,,,,,,,,,,,,,0.007786175404368196,,,
Scenario1,0,RE1,,MINGEO,,2025,,,,,,,,,,,,,,0.0086450098531102,,,
Scenario1,0,RE1,,MINGEO,,2026,,,,,,,,,,,,,,0.010197019469868014,,,
Scenario1,0,RE1,,MINGEO,,2027,,,,,,,,,,,,,,0.011110567973565733,,,
Scenario1,0,RE1,,MINGEO,,2028,,,,,,,,,,,,,,0.011724344626493056,,,
Scenario1,0,RE1,,MINGEO,,2029,,,,,,,,,,,,,,0.013245925638446215,,,
Scenario1,0,RE1,,MINGEO,,2030,,,,,,,,,,,,,,0.01402065450136221,,,
Scenario1,0,RE1,,MINGEO,,2031,,,,,,,,,,,,,,0.014379240018620475,,,
Scenario1,0,RE1,,MINGEO,,2032,,,,,,,,,,,,,,0.015538719191151944,,,
Scenario1,0,RE1,,MINGEO,,2033,,,,,,,,,,,,,,0.016391342422227506,,,
Scenario1,0,RE1,,MINGEO,,2034,,,,,,,,,,,,,,0.0176308972967005,,,
Scenario1,0,RE1,,MINGEO,,2035,,,,,,,,,,,,,,0.018870452171173495,,,
Scenario1,0,RE1,,MINGEO,,2036,,,,,,,,,,,,,,0.02036702945763257,,,
Scenario1,0,RE1,,MINGEO,,2037,,,,,,,,,,,,,,0.021966750743624076,,,
Scenario1,0,RE1,,MINGEO,,2038,,,,,,,,,,,,,,0.023832213254421107,,,
Scenario1,0,RE1,,MINGEO,,2039,,,,,,,,,,,,,,0.025646322359288622,,,
Scenario1,0,RE1,,MINGEO,,2040,,,,,,,,,,,,,,0.027771134619878533,,,
Scenario1,0,RE1,,MINGEO,,2041,,,,,,,,,,,,,,0.02646974095447429,,,
Scenario1,0,RE1,,MINGEO,,2042,,,,,,,,,,,,,,0.028044240773454177,,,
Scenario1,0,RE1,,MINGEO,,2043,,,,,,,,,,,,,,0.03020340993677587,,,
Scenario1,0,RE1,,MINGEO,,2044,,,,,,,,,,,,,,0.032777290441461805,,,
Scenario1,0,RE1,,MINGEO,,2045,,,,,,,,,,,,,,0.03266855071882883,,,
Scenario1,0,RE1,,MINGEO,,2046,,,,,,,,,,,,,,0.03528570029455155,,,
Scenario1,0,RE1,,MINGEO,,2047,,,,,,,,,,,,,,0.03667311635762235,,,
Scenario1,0,RE1,,MINGEO,,2048,,,,,,,,,,,,,,0.03866525812016825,,,
Scenario1,0,RE1,,MINGEO,,2049,,,,,,,,,,,,,,0.03902701933218203,,,
Scenario1,0,RE1,,MINGEO,,2050,,,,,,,,,,,,,,0.042129232183852255,,,
Scenario1,0,RE1,,MINHYD,,2019,,,,,,,,,,,,,,0.001311969186524208,,,
Scenario1,0,RE1,,MINHYD,,2020,,,,,,,,,,,,,,0.0013119691865242078,,,
Scenario1,0,RE1,,MINHYD,,2021,,,,,,,,,,,,,,0.0013119691865242076,,,
Scenario1,0,RE1,,MINHYD,,2022,,,,,,,,,,,,,,0.0013119691865242078,,,
Scenario1,0,RE1,,MINHYD,,2023,,,,,,,,,,,,,,0.0013216735779649988,,,
Scenario1,0,RE1,,MINHYD,,2024,,,,,,,,,,,,,,0.0013249969996912976,,,
Scenario1,0,RE1,,MINHYD,,2025,,,,,,,,,,,,,,0.0013253958102984534,,,
Scenario1,0,RE1,,MINHYD,,2026,,,,,,,,,,,,,,0.0014885093486251841,,,
Scenario1,0,RE1,,MINHYD,,2027,,,,,,,,,,,,,,0.0015152296593046257,,,
Scenario1,0,RE1,,MINHYD,,2028,,,,,,,,,,,,,,0.00153264438915043,,,
Scenario1,0,RE1,,MINHYD,,2029,,,,,,,,,,,,,,0.001556971836186936,,,
Scenario1,0,RE1,,MINHYD,,2030,,,,,,,,,,,,,,0.0016215791545461783,,,
Scenario1,0,RE1,,MINHYD,,2031,,,,,,,,,,,,,,0.00181758874854221,,,
Scenario1,0,RE1,,MINHYD,,2032,,,,,,,,,,,,,,0.0018606602941150401,,,
Scenario1,0,RE1,,MINHYD,,2033,,,,,,,,,,,,,,0.0019243370543909183,,,
Scenario1,0,RE1,,MINHYD,,2034,,,,,,,,,,,,,,0.0019243370543909183,,,
Scenario1,0,RE1,,MINHYD,,2035,,,,,,,,,,,,,,0.0020473036582639636,,,
Scenario1,0,RE1,,MINHYD,,2036,,,,,,,,,,,,,,0.0021115121660160536,,,
Scenario1,0,RE1,,MINHYD,,2037,,,,,,,,,,,,,,0.002146075751969557,,,
Scenario1,0,RE1,,MINHYD,,2038,,,,,,,,,,,,,,0.0021836968859112573,,,
Scenario1,0,RE1,,MINHYD,,2039,,,,,,,,,,,,,,0.0022247743784483062,,,
Scenario1,0,RE1,,MINHYD,,2040,,,,,,,,,,,,,,0.002224774378448307,,,
Scenario1,0,RE1,,MINHYD,,2041,,,,,,,,,,,,,,0.002224774378448306,,,
Scenario1,0,RE1,,MINHYD,,2042,,,,,,,,,,,,,,0.0020722938154320585,,,
Scenario1,0,RE1,,MINHYD,,2043,,,,,,,,,,,,,,0.0020722938154320598,,,
Scenario1,0,RE1,,MINHYD,,2044,,,,,,,,,,,,,,0.0020722938154320598,,,
Scenario1,0,RE1,,MINHYD,,2045,,,,,,,,,,,,,,0.00207229381543206,,,
Scenario1,0,RE1,,MINHYD,,2046,,,,,,,,,,,,,,0.0020722938154320585,,,
Scenario1,0,RE1,,MINHYD,,2047,,,,,,,,,,,,,,0.002072293815432059,,,
Scenario1,0,RE1,,MINHYD,,2048,,,,,,,,,,,,,,0.0020722938154320598,,,
Scenario1,0,RE1,,MINHYD,,2049,,,,,,,,,,,,,,0.0020722938154320593,,,
Scenario1,0,RE1,,MINHYD,,2050,,,,,,,,,,,,,,0.00207229381543206,,,
Scenario1,0,RE1,,MINSOL,,2019,,,,,,,,,,,,,,0.000165459719183472,,,
Scenario1,0,RE1,,MINSOL,,2020,,,,,,,,,,,,,,0.000165459719183472,,,
Scenario1,0,RE1,,MINSOL,,2021,,,,,,,,,,,,,,0.000165459719183472,,,
Scenario1,0,RE1,,MINSOL,,2022,,,,,,,,,,,,,,0.000165459719183472,,,
Scenario1,0,RE1,,MINSOL,,2023,,,,,,,,,,,,,,0.000165459719183472,,,
Scenario1,0,RE1,,MINSOL,,2024,,,,,,,,,,,,,,0.000165459719183472,,,
Scenario1,0,RE1,,MINSOL,,2025,,,,,,,,,,,,,,0.000165459719183472,,,
Scenario1,0,RE1,,MINSOL,,2026,,,,,,,,,,,,,,0.000165459719183472,,,
Scenario1,0,RE1,,MINSOL,,2027,,,,,,,,,,,,,,0.000165459719183472,,,
Scenario1,0,RE1,,MINSOL,,2028,,,,,,,,,,,,,,0.000165459719183472,,,
Scenario1,0,RE1,,MINSOL,,2029,,,,,,,,,,,,,,0.000165459719183472,,,
Scenario1,0,RE1,,MINSOL,,2030,,,,,,,,,,,,,,0.000165459719183472,,,
Scenario1,0,RE1,,MINSOL,,2031,,,,,,,,,,,,,,0.000165459719183472,,,
Scenario1,0,RE1,,MINSOL,,2032,,,,,,,,,,,,,,0.000165459719183472,,,
Scenario1,0,RE1,,MINSOL,,2033,,,,,,,,,,,,,,0.000165459719183472,,,
Scenario1,0,RE1,,MINSOL,,2034,,,,,,,,,,,,,,0.000165459719183472,,,
Scenario1,0,RE1,,MINSOL,,2035,,,,,,,,,,,,,,0.000165459719183472,,,
Scenario1,0,RE1,,MINSOL,,2036,,,,,,,,,,,,,,0.000165459719183472,,,
Scenario1,0,RE1,,MINSOL,,2037,,,,,,,,,,,,,,0.00016545971918347201,,,
Scenario1,0,RE1,,MINSOL,,2038,,,,,,,,,,,,,,0.000165459719183472,,,
Scenario1,0,RE1,,MINSOL,,2039,,,,,,,,,,,,,,0.000165459719183472,,,
Scenario1,0,RE1,,MINSOL,,2040,,,,,,,,,,,,,,0.000165459719183472,,,
Scenario1,0,RE1,,MINSOL,,2041,,,,,,,,,,,,,,0.00016545971918347196,,,
Scenario1,0,RE1,,MINSOL,,2042,,,,,,,,,,,,,,0.00016545971918347196,,,
Scenario1,0,RE1,,MINSOL,,2043,,,,,,,,,,,,,,0.00016545971918347201,,,
Scenario1,0,RE1,,MINSOL,,2044,,,,,,,,,,,,,,3.442795399159199e-05,,,
Scenario1,0,RE1,,MINSOL,,2045,,,,,,,,,,,,,,3.442795399159198e-05,,,
Scenario1,0,RE1,,MINSOL,,2046,,,,,,,,,,,,,,3.4427953991591996e-05,,,
Scenario1,0,RE1,,MINSOL,,2047,,,,,,,,,,,,,,3.4427953991591996e-05,,,
Scenario1,0,RE1,,MINSOL,,2048,,,,,,,,,,,,,,3.4427953991591996e-05,,,
Scenario1,0,RE1,,MINSOL,,2049,,,,,,,,,,,,,,3.4427953991591996e-05,,,
Scenario1,0,RE1,,MINSOL,,2050,,,,,,,,,,,,,,3.4427953991591996e-05,,,
Scenario1,0,RE1,,MINWND,,2019,,,,,,,,,,,,,,0.0005644841400777597,,,
Scenario1,0,RE1,,MINWND,,2020,,,,,,,,,,,,,,0.0005644841400777599,,,
Scenario1,0,RE1,,MINWND,,2021,,,,,,,,,,,,,,0.00073790476682976,,,
Scenario1,0,RE1,,MINWND,,2022,,,,,,,,,,,,,,0.0007379047668297599,,,
Scenario1,0,RE1,,MINWND,,2023,,,,,,,,,,,,,,0.0007379047668297597,,,
Scenario1,0,RE1,,MINWND,,2024,,,,,,,,,,,,,,0.00073790476682976,,,
Scenario1,0,RE1,,MINWND,,2025,,,,,,,,,,,,,,0.0007760573047151999,,,
Scenario1,0,RE1,,MINWND,,2026,,,,,,,,,,,,,,0.0008627676180912003,,,
Scenario1,0,RE1,,MINWND,,2027,,,,,,,,,,,,,,0.0008627676180911997,,,
Scenario1,0,RE1,,MINWND,,2028,,,,,,,,,,,,,,0.0008539231661268474,,,
Scenario1,0,RE1,,MINWND,,2029,,,,,,,,,,,,,,0.0008539231661268478,,,
Scenario1,0,RE1,,MINWND,,2030,,,,,,,,,,,,,,0.0008539231661268479,,,
Scenario1,0,RE1,,MINWND,,2031,,,,,,,,,,,,,,0.0008539231661268478,,,
Scenario1,0,RE1,,MINWND,,2032,,,,,,,,,,,,,,0.0008539231661268478,,,
Scenario1,0,RE1,,MINWND,,2033,,,,,,,,,,,,,,0.0008539231661268478,,,
Scenario1,0,RE1,,MINWND,,2034,,,,,,,,,,,,,,0.0009039461518556087,,,
Scenario1,0,RE1,,MINWND,,2035,,,,,,,,,,,,,,0.0008685683439981971,,,
Scenario1,0,RE1,,MINWND,,2036,,,,,,,,,,,,,,0.0008685683439982056,,,
Scenario1,0,RE1,,MINWND,,2037,,,,,,,,,,,,,,0.0008685683439981996,,,
Scenario1,0,RE1,,MINWND,,2038,,,,,,,,,,,,,,0.0007565258395036943,,,
Scenario1,0,RE1,,MINWND,,2039,,,,,,,,,,,,,,0.0007565258395036958,,,
Scenario1,0,RE1,,MINWND,,2040,,,,,,,,,,,,,,0.0007565258395036913,,,
Scenario1,0,RE1,,MINWND,,2041,,,,,,,,,,,,,,0.0013205927782320962,,,
Scenario1,0,RE1,,MINWND,,2042,,,,,,,,,,,,,,0.0013819998956171348,,,
Scenario1,0,RE1,,MINWND,,2043,,,,,,,,,,,,,,0.0014534787132342705,,,
Scenario1,0,RE1,,MINWND,,2044,,,,,,,,,,,,,,0.001529019750316213,,,
Scenario1,0,RE1,,MINWND,,2045,,,,,,,,,,,,,,0.001570704357306134,,,
Scenario1,0,RE1,,MINWND,,2046,,,,,,,,,,,,,,0.0016230477671325039,,,
Scenario1,0,RE1,,MINWND,,2047,,,,,,,,,,,,,,0.0021512902445923764,,,
Scenario1,0,RE1,,MINWND,,2048,,,,,,,,,,,,,,0.002529972574740274,,,
Scenario1,0,RE1,,MINWND,,2049,,,,,,,,,,,,,,0.00262957572991439,,,
Scenario1,0,RE1,,MINWND,,2050,,,,,,,,,,,,,,0.002734841135588011,,,
Scenario1,0,RE1,,PWRBIO001,,2019,,,,,,,,,,,,,,3.1529692800000005e-06,,,
Scenario1,0,RE1,,PWRBIO001,,2020,,,,,,,,,,,,,,3.1529692800000005e-06,,,
Scenario1,0,RE1,,PWRBIO001,,2021,,,,,,,,,,,,,,3.1529692800000005e-06,,,
Scenario1,0,RE1,,PWRBIO001,,2022,,,,,,,,,,,,,,3.1529692800000005e-06,,,
Scenario1,0,RE1,,PWRBIO001,,2023,,,,,,,,,,,,,,5.360047776e-06,,,
Scenario1,0,RE1,,PWRBIO001,,2024,,,,,,,,,,,,,,5.360047776e-06,,,
Scenario1,0,RE1,,PWRBIO001,,2025,,,,,,,,,,,,,,5.360047776e-06,,,
Scenario1,0,RE1,,PWRBIO001,,2026,,,,,,,,,,,,,,2.1124894176e-05,,,
Scenario1,0,RE1,,PWRBIO001,,2027,,,,,,,,,,,,,,2.1124894176e-05,,,
Scenario1,0,RE1,,PWRBIO001,,2028,,,,,,,,,,,,,,3.3736771296000006e-05,,,
Scenario1,0,RE1,,PWRBIO001,,2029,,,,,,,,,,,,,,2.0887238880000008e-05,,,
Scenario1,0,RE1,,PWRBIO001,,2030,,,,,,,,,,,,,,0.00010972333094400001,,,
Scenario1,0,RE1,,PWRBIO001,,2031,,,,,,,,,,,,,,0.00014125302374400002,,,
Scenario1,0,RE1,,PWRBIO001,,2032,,,,,,,,,,,,,,0.00015827905785600001,,,
Scenario1,0,RE1,,PWRBIO001,,2033,,,,,,,,,,,,,,0.000163008511776,,,
Scenario1,0,RE1,,PWRBIO001,,2034,,,,,,,,,,,,,,0.00017246741961600003,,,
Scenario1,0,RE1,,PWRBIO001,,2035,,,,,,,,,,,,,,0.00017294036500800002,,,
Scenario1,0,RE1,,PWRBIO001,,2036,,,,,,,,,,,,,,0.00017294036500800002,,,
Scenario1,0,RE1,,PWRBIO001,,2037,,,,,,,,,,,,,,0.00017294036500799993,,,
Scenario1,0,RE1,,PWRBIO001,,2038,,,,,,,,,,,,,,0.00017294036500799996,,,
Scenario1,0,RE1,,PWRBIO001,,2039,,,,,,,,,,,,,,0.00017294036500799996,,,
Scenario1,0,RE1,,PWRBIO001,,2040,,,,,,,,,,,,,,0.00017294036500799996,,,
Scenario1,0,RE1,,PWRBIO001,,2041,,,,,,,,,,,,,,0.0001729403650079999,,,
Scenario1,0,RE1,,PWRBIO001,,2042,,,,,,,,,,,,,,0.0001729403650079999,,,
Scenario1,0,RE1,,PWRBIO001,,2043,,,,,,,,,,,,,,0.0001697873957280001,,,
Scenario1,0,RE1,,PWRBIO001,,2044,,,,,,,,,,,,,,0.0001697873957280001,,,
Scenario1,0,RE1,,PWRBIO001,,2045,,,,,,,,,,,,,,0.0001697873957280001,,,
Scenario1,0,RE1,,PWRBIO001,,2046,,,,,,,,,,,,,,0.0001697873957280001,,,
Scenario1,0,RE1,,PWRBIO001,,2047,,,,,,,,,,,,,,0.0001697873957280001,,,
Scenario1,0,RE1,,PWRBIO001,,2048,,,,,,,,,,,,,,0.0001697873957280001,,,
Scenario1,0,RE1,,PWRBIO001,,2049,,,,,,,,,,,,,,0.0001697873957280001,,,
Scenario1,0,RE1,,PWRBIO001,,2050,,,,,,,,,,,,,,0.00016978739572800003,,,
Scenario1,0,RE1,,PWRCOA001,,2019,,,,,,,,,,,,,,0.0,,,
Scenario1,0,RE1,,PWRCOA001,,2020,,,,,,,,,,,,,,0.0,,,
Scenario1,0,RE1,,PWRCOA001,,2021,,,,,,,,,,,,,,0.0,,,
Scenario1,0,RE1,,PWRCOA001,,2022,,,,,,,,,,,,,,0.0,,,
Scenario1,0,RE1,,PWRCOA001,,2023,,,,,,,,,,,,,,0.0,,,
Scenario1,0,RE1,,PWRCOA001,,2024,,,,,,,,,,,,,,0.0,,,
Scenario1,0,RE1,,PWRCOA001,,2025,,,,,,,,,,,,,,0.0,,,
Scenario1,0,RE1,,PWRCOA001,,2026,,,,,,,,,,,,,,0.0,,,
Scenario1,0,RE1,,PWRCOA001,,2027,,,,,,,,,,,,,,0.0,,,
Scenario1,0,RE1,,PWRCOA001,,2028,,,,,,,,,,,,,,0.0,,,
Scenario1,0,RE1,,PWRCOA001,,2029,,,,,,,,,,,,,,0.0,,,
Scenario1,0,RE1,,PWRCOA001,,2030,,,,,,,,,,,,,,0.0,,,
Scenario1,0,RE1,,PWRCOA001,,2031,,,,,,,,,,,,,,0.0,,,
Scenario1,0,RE1,,PWRCOA001,,2032,,,,,,,,,,,,,,0.0,,,
Scenario1,0,RE1,,PWRCOA001,,2033,,,,,,,,,,,,,,0.0,,,
Scenario1,0,RE1,,PWRCOA001,,2034,,,,,,,,,,,,,,0.0,,,
Scenario1,0,RE1,,PWRCOA001,,2035,,,,,,,,,,,,,,0.0,,,
Scenario1,0,RE1,,PWRCOA001,,2036,,,,,,,,,,,,,,0.0,,,
Scenario1,0,RE1,,PWRCOA001,,2037,,,,,,,,,,,,,,0.0,,,
Scenario1,0,RE1,,PWRCOA001,,2038,,,,,,,,,,,,,,0.0,,,
Scenario1,0,RE1,,PWRCOA001,,2039,,,,,,,,,,,,,,0.0,,,
Scenario1,0,RE1,,PWRCOA001,,2040,,,,,,,,,,,,,,0.0,,,
Scenario1,0,RE1,,PWRCOA001,,2041,,,,,,,,,,,,,,0.0,,,
Scenario1,0,RE1,,PWRCOA001,,2042,,,,,,,,,,,,,,0.0,,,
Scenario1,0,RE1,,PWRCOA001,,2043,,,,,,,,,,,,,,0.0,,,
Scenario1,0,RE1,,PWRCOA001,,2044,,,,,,,,,,,,,,0.0,,,
Scenario1,0,RE1,,PWRCOA001,,2045,,,,,,,,,,,,,,0.0,,,
Scenario1,0,RE1,,PWRCOA001,,2046,,,,,,,,,,,,,,0.0,,,
Scenario1,0,RE1,,PWRCOA001,,2047,,,,,,,,,,,,,,0.0,,,
Scenario1,0,RE1,,PWRCOA001,,2048,,,,,,,,,,,,,,0.0,,,
Scenario1,0,RE1,,PWRCOA001,,2049,,,,,,,,,,,,,,0.0,,,
Scenario1,0,RE1,,PWRCOA001,,2050,,,,,,,,,,,,,,0.0,,,
Scenario1,0,RE1,,PWRDIST,,2019,,,,,,,,,,,,,,0.004558319640705444,,,
Scenario1,0,RE1,,PWRDIST,,2020,,,,,,,,,,,,,,0.004638021689122577,,,
Scenario1,0,RE1,,PWRDIST,,2021,,,,,,,,,,,,,,0.004843330780172885,,,
Scenario1,0,RE1,,PWRDIST,,2022,,,,,,,,,,,,,,0.004999672095310964,,,
Scenario1,0,RE1,,PWRDIST,,2023,,,,,,,,,,,,,,0.0051461790393013095,,,
Scenario1,0,RE1,,PWRDIST,,2024,,,,,,,,,,,,,,0.00531680479825518,,,
Scenario1,0,RE1,,PWRDIST,,2025,,,,,,,,,,,,,,0.005502788671023964,,,
Scenario1,0,RE1,,PWRDIST,,2026,,,,,,,,,,,,,,0.005697638994668697,,,
Scenario1,0,RE1,,PWRDIST,,2027,,,,,,,,,,,,,,0.006019813063797413,,,
Scenario1,0,RE1,,PWRDIST,,2028,,,,,,,,,,,,,,0.006360833695180201,,,
Scenario1,0,RE1,,PWRDIST,,2029,,,,,,,,,,,,,,0.00675086749078291,,,
Scenario1,0,RE1,,PWRDIST,,2030,,,,,,,,,,,,,,0.007169432409012132,,,
Scenario1,0,RE1,,PWRDIST,,2031,,,,,,,,,,,,,,0.007560359190738936,,,
Scenario1,0,RE1,,PWRDIST,,2032,,,,,,,,,,,,,,0.007994282935264236,,,
Scenario1,0,RE1,,PWRDIST,,2033,,,,,,,,,,,,,,0.008434189787325921,,,
Scenario1,0,RE1,,PWRDIST,,2034,,,,,,,,,,,,,,0.008902285960750487,,,
Scenario1,0,RE1,,PWRDIST,,2035,,,,,,,,,,,,,,0.009394840585954328,,,
Scenario1,0,RE1,,PWRDIST,,2036,,,,,,,,,,,,,,0.009894341043571815,,,
Scenario1,0,RE1,,PWRDIST,,2037,,,,,,,,,,,,,,0.010456560988715745,,,
Scenario1,0,RE1,,PWRDIST,,2038,,,,,,,,,,,,,,0.011042404723564145,,,
Scenario1,0,RE1,,PWRDIST,,2039,,,,,,,,,,,,,,0.011661902208878399,,,
Scenario1,0,RE1,,PWRDIST,,2040,,,,,,,,,,,,,,0.012319076692373605,,,
Scenario1,0,RE1,,PWRDIST,,2041,,,,,,,,,,,,,,0.013011684142948851,,,
Scenario1,0,RE1,,PWRDIST,,2042,,,,,,,,,,,,,,0.013728887463930754,,,
Scenario1,0,RE1,,PWRDIST,,2043,,,,,,,,,,,,,,0.014494000213515533,,,
Scenario1,0,RE1,,PWRDIST,,2044,,,,,,,,,,,,,,0.01530011729579868,,,
Scenario1,0,RE1,,PWRDIST,,2045,,,,,,,,,,,,,,0.016152822752449933,,,
Scenario1,0,RE1,,PWRDIST,,2046,,,,,,,,,,,,,,0.017053064481804638,,,
Scenario1,0,RE1,,PWRDIST,,2047,,,,,,,,,,,,,,0.018001594218301623,,,
Scenario1,0,RE1,,PWRDIST,,2048,,,,,,,,,,,,,,0.01900492621297378,,,
Scenario1,0,RE1,,PWRDIST,,2049,,,,,,,,,,,,,,0.020064206172446704,,,
Scenario1,0,RE1,,PWRDIST,,2050,,,,,,,,,,,,,,0.021180296610169493,,,
Scenario1,0,RE1,,PWRGEO001,,2019,,,,,,,,,,,,,,4.71674776909854,,,
Scenario1,0,RE1,,PWRGEO001,,2020,,,,,,,,,,,,,,4.716747769098541,,,
Scenario1,0,RE1,,PWRGEO001,,2021,,,,,,,,,,,,,,4.716747769098542,,,
Scenario1,0,RE1,,PWRGEO001,,2022,,,,,,,,,,,,,,5.2134044359749225,,,
Scenario1,0,RE1,,PWRGEO001,,2023,,,,,,,,,,,,,,5.213404435974923,,,
Scenario1,0,RE1,,PWRGEO001,,2024,,,,,,,,,,,,,,5.034536488720504,,,
Scenario1,0,RE1,,PWRGEO001,,2025,,,,,,,,,,,,,,5.404196913046264,,,
Scenario1,0,RE1,,PWRGEO001,,2026,,,,,,,,,,,,,,5.523442211215864,,,
Scenario1,0,RE1,,PWRGEO001,,2027,,,,,,,,,,,,,,5.257525196297666,,,
Scenario1,0,RE1,,PWRGEO001,,2028,,,,,,,,,,,,,,5.4065818190096655,,,
Scenario1,0,RE1,,PWRGEO001,,2029,,,,,,,,,,,,,,6.4312154970926105,,,
Scenario1,0,RE1,,PWRGEO001,,2030,,,,,,,,,,,,,,6.473827237627584,,,
Scenario1,0,RE1,,PWRGEO001,,2031,,,,,,,,,,,,,,6.309864952644383,,,
Scenario1,0,RE1,,PWRGEO001,,2032,,,,,,,,,,,,,,6.309864952644384,,,
Scenario1,0,RE1,,PWRGEO001,,2033,,,,,,,,,,,,,,6.309864952644385,,,
Scenario1,0,RE1,,PWRGEO001,,2034,,,,,,,,,,,,,,7.144582039831582,,,
Scenario1,0,RE1,,PWRGEO001,,2035,,,,,,,,,,,,,,7.144582039831585,,,
Scenario1,0,RE1,,PWRGEO001,,2036,,,,,,,,,,,,,,7.979299127018783,,,
Scenario1,0,RE1,,PWRGEO001,,2037,,,,,,,,,,,,,,7.979299127018779,,,
Scenario1,0,RE1,,PWRGEO001,,2038,,,,,,,,,,,,,,7.743193436642982,,,
Scenario1,0,RE1,,PWRGEO001,,2039,,,,,,,,,,,,,,7.638257574253723,,,
Scenario1,0,RE1,,PWRGEO001,,2040,,,,,,,,,,,,,,6.803540487066523,,,
Scenario1,0,RE1,,PWRGEO001,,2041,,,,,,,,,,,,,,5.795917717533405,,,
Scenario1,0,RE1,,PWRGEO001,,2042,,,,,,,,,,,,,,5.795917717533408,,,
Scenario1,0,RE1,,PWRGEO001,,2043,,,,,,,,,,,,,,5.415525216372382,,,
Scenario1,0,RE1,,PWRGEO001,,2044,,,,,,,,,,,,,,5.415525216372384,,,
Scenario1,0,RE1,,PWRGEO001,,2045,,,,,,,,,,,,,,4.473487360832546,,,
Scenario1,0,RE1,,PWRGEO001,,2046,,,,,,,,,,,,,,4.473487360832545,,,
Scenario1,0,RE1,,PWRGEO001,,2047,,,,,,,,,,,,,,3.976830693956162,,,
Scenario1,0,RE1,,PWRGEO001,,2048,,,,,,,,,,,,,,3.9768306939561606,,,
Scenario1,0,RE1,,PWRGEO001,,2049,,,,,,,,,,,,,,3.97683069395616,,,
Scenario1,0,RE1,,PWRGEO001,,2050,,,,,,,,,,,,,,3.8575853957865593,,,
Scenario1,0,RE1,,PWRGEO002,,2019,,,,,,,,,,,,,,0.0,,,
Scenario1,0,RE1,,PWRGEO002,,2020,,,,,,,,,,,,,,0.0,,,
Scenario1,0,RE1,,PWRGEO002,,2021,,,,,,,,,,,,,,0.0,,,
Scenario1,0,RE1,,PWRGEO002,,2022,,,,,,,,,,,,,,0.0,,,
Scenario1,0,RE1,,PWRGEO002,,2023,,,,,,,,,,,,,,0.20867927179680007,,,
Scenario1,0,RE1,,PWRGEO002,,2024,,,,,,,,,,,,,,0.20867927179680007,,,
Scenario1,0,RE1,,PWRGEO002,,2025,,,,,,,,,,,,,,0.4173585435936001,,,
Scenario1,0,RE1,,PWRGEO002,,2026,,,,,,,,,,,,,,0.41735854359360014,,,
Scenario1,0,RE1,,PWRGEO002,,2027,,,,,,,,,,,,,,0.41735854359360014,,,
Scenario1,0,RE1,,PWRGEO002,,2028,,,,,,,,,,,,,,0.6260378153903999,,,
Scenario1,0,RE1,,PWRGEO002,,2029,,,,,,,,,,,,,,0.6260378153904,,,
Scenario1,0,RE1,,PWRGEO002,,2030,,,,,,,,,,,,,,0.6260378153903999,,,
Scenario1,0,RE1,,PWRGEO002,,2031,,,,,,,,,,,,,,0.6260378153903999,,,
Scenario1,0,RE1,,PWRGEO002,,2032,,,,,,,,,,,,,,0.6260378153903999,,,
Scenario1,0,RE1,,PWRGEO002,,2033,,,,,,,,,,,,,,0.6260378153903999,,,
Scenario1,0,RE1,,PWRGEO002,,2034,,,,,,,,,,,,,,0.6260378153904,,,
Scenario1,0,RE1,,PWRGEO002,,2035,,,,,,,,,,,,,,0.6260378153904,,,
Scenario1,0,RE1,,PWRGEO002,,2036,,,,,,,,,,,,,,0.6260378153903999,,,
Scenario1,0,RE1,,PWRGEO002,,2037,,,,,,,,,,,,,,1.2222643062383995,,,
Scenario1,0,RE1,,PWRGEO002,,2038,,,,,,,,,,,,,,1.2222643062383995,,,
Scenario1,0,RE1,,PWRGEO002,,2039,,,,,,,,,,,,,,1.580000200747201,,,
Scenario1,0,RE1,,PWRGEO002,,2040,,,,,,,,,,,,,,2.7724531824432,,,
Scenario1,0,RE1,,PWRGEO002,,2041,,,,,,,,,,,,,,2.7724531824432006,,,
Scenario1,0,RE1,,PWRGEO002,,2042,,,,,,,,,,,,,,2.772453182443201,,,
Scenario1,0,RE1,,PWRGEO002,,2043,,,,,,,,,,,,,,2.7724531824432,,,
Scenario1,0,RE1,,PWRGEO002,,2044,,,,,,,,,,,,,,2.7724531824432,,,
Scenario1,0,RE1,,PWRGEO002,,2045,,,,,,,,,,,,,,2.7724531824432006,,,
Scenario1,0,RE1,,PWRGEO002,,2046,,,,,,,,,,,,,,2.7724531824432006,,,
Scenario1,0,RE1,,PWRGEO002,,2047,,,,,,,,,,,,,,2.7724531824432,,,
Scenario1,0,RE1,,PWRGEO002,,2048,,,,,,,,,,,,,,2.5637739106464004,,,
Scenario1,0,RE1,,PWRGEO002,,2049,,,,,,,,,,,,,,2.5637739106464,,,
Scenario1,0,RE1,,PWRGEO002,,2050,,,,,,,,,,,,,,2.3550946388496006,,,
Scenario1,0,RE1,,PWRGEO003,,2019,,,,,,,,,,,,,,0.0,,,
Scenario1,0,RE1,,PWRGEO003,,2020,,,,,,,,,,,,,,0.0,,,
Scenario1,0,RE1,,PWRGEO003,,2021,,,,,,,,,,,,,,0.0,,,
Scenario1,0,RE1,,PWRGEO003,,2022,,,,,,,,,,,,,,0.0,,,
Scenario1,0,RE1,,PWRGEO003,,2023,,,,,,,,,,,,,,0.0,,,
Scenario1,0,RE1,,PWRGEO003,,2024,,,,,,,,,,,,,,0.0,,,
Scenario1,0,RE1,,PWRGEO003,,2025,,,,,,,,,,,,,,0.0,,,
Scenario1,0,RE1,,PWRGEO003,,2026,,,,,,,,,,,,,,0.0,,,
Scenario1,0,RE1,,PWRGEO003,,2027,,,,,,,,,,,,,,0.0,,,
Scenario1,0,RE1,,PWRGEO003,,2028,,,,,,,,,,,,,,0.0,,,
Scenario1,0,RE1,,PWRGEO003,,2029,,,,,,,,,,,,,,0.0,,,
Scenario1,0,RE1,,PWRGEO003,,2030,,,,,,,,,,,,,,0.0,,,
Scenario1,0,RE1,,PWRGEO003,,2031,,,,,,,,,,,,,,0.19675474197984003,,,
Scenario1,0,RE1,,PWRGEO003,,2032,,,,,,,,,,,,,,0.19675474197984003,,,
Scenario1,0,RE1,,PWRGEO003,,2033,,,,,,,,,,,,,,0.19675474197984008,,,
Scenario1,0,RE1,,PWRGEO003,,2034,,,,,,,,,,,,,,0.19675474197984003,,,
Scenario1,0,RE1,,PWRGEO003,,2035,,,,,,,,,,,,,,0.19675474197984003,,,
Scenario1,0,RE1,,PWRGEO003,,2036,,,,,,,,,,,,,,0.19675474197984003,,,
Scenario1,0,RE1,,PWRGEO003,,2037,,,,,,,,,,,,,,0.19675474197984005,,,
Scenario1,0,RE1,,PWRGEO003,,2038,,,,,,,,,,,,,,0.19675474197984003,,,
Scenario1,0,RE1,,PWRGEO003,,2039,,,,,,,,,,,,,,0.19675474197984003,,,
Scenario1,0,RE1,,PWRGEO003,,2040,,,,,,,,,,,,,,0.5962264908479998,,,
Scenario1,0,RE1,,PWRGEO003,,2041,,,,,,,,,,,,,,0.596226490848,,,
Scenario1,0,RE1,,PWRGEO003,,2042,,,,,,,,,,,,,,0.5962264908479998,,,
Scenario1,0,RE1,,PWRGEO003,,2043,,,,,,,,,,,,,,0.596226490848,,,
Scenario1,0,RE1,,PWRGEO003,,2044,,,,,,,,,,,,,,0.5962264908480001,,,
Scenario1,0,RE1,,PWRGEO003,,2045,,,,,,,,,,,,,,0.596226490848,,,
Scenario1,0,RE1,,PWRGEO003,,2046,,,,,,,,,,,,,,0.5962264908480001,,,
Scenario1,0,RE1,,PWRGEO003,,2047,,,,,,,,,,,,,,0.596226490848,,,
Scenario1,0,RE1,,PWRGEO003,,2048,,,,,,,,,,,,,,0.596226490848,,,
Scenario1,0,RE1,,PWRGEO003,,2049,,,,,,,,,,,,,,0.596226490848,,,
Scenario1,0,RE1,,PWRGEO003,,2050,,,,,,,,,,,,,,0.596226490848,,,
Scenario1,0,RE1,,PWRGEO004,,2019,,,,,,,,,,,,,,0.0,,,
Scenario1,0,RE1,,PWRGEO004,,2020,,,,,,,,,,,,,,0.0,,,
Scenario1,0,RE1,,PWRGEO004,,2021,,,,,,,,,,,,,,0.0,,,
Scenario1,0,RE1,,PWRGEO004,,2022,,,,,,,,,,,,,,0.0,,,
Scenario1,0,RE1,,PWRGEO004,,2023,,,,,,,,,,,,,,0.0,,,
Scenario1,0,RE1,,PWRGEO004,,2024,,,,,,,,,,,,,,0.0,,,
Scenario1,0,RE1,,PWRGEO004,,2025,,,,,,,,,,,,,,0.0,,,
Scenario1,0,RE1,,PWRGEO004,,2026,,,,,,,,,,,,,,0.0,,,
Scenario1,0,RE1,,PWRGEO004,,2027,,,,,,,,,,,,,,0.0,,,
Scenario1,0,RE1,,PWRGEO004,,2028,,,,,,,,,,,,,,0.0,,,
Scenario1,0,RE1,,PWRGEO004,,2029,,,,,,,,,,,,,,0.0,,,
Scenario1,0,RE1,,PWRGEO004,,2030,,,,,,,,,,,,,,0.0,,,
Scenario1,0,RE1,,PWRGEO004,,2031,,,,,,,,,,,,,,0.0,,,
Scenario1,0,RE1,,PWRGEO004,,2032,,,,,,,,,,,,,,0.0,,,
Scenario1,0,RE1,,PWRGEO004,,2033,,,,,,,,,,,,,,0.0,,,
Scenario1,0,RE1,,PWRGEO004,,2034,,,,,,,,,,,,,,0.0,,,
Scenario1,0,RE1,,PWRGEO004,,2035,,,,,,,,,,,,,,0.0,,,
Scenario1,0,RE1,,PWRGEO004,,2036,,,,,,,,,,,,,,0.0,,,
Scenario1,0,RE1,,PWRGEO004,,2037,,,,,,,,,,,,,,0.0,,,
Scenario1,0,RE1,,PWRGEO004,,2038,,,,,,,,,,,,,,0.5962264908480001,,,
Scenario1,0,RE1,,PWRGEO004,,2039,,,,,,,,,,,,,,1.1924529816960001,,,
Scenario1,0,RE1,,PWRGEO004,,2040,,,,,,,,,,,,,,1.7886794725440005,,,
Scenario1,0,RE1,,PWRGEO004,,2041,,,,,,,,,,,,,,1.7886794725440005,,,
Scenario1,0,RE1,,PWRGEO004,,2042,,,,,,,,,,,,,,1.7886794725440005,,,
Scenario1,0,RE1,,PWRGEO004,,2043,,,,,,,,,,,,,,1.7886794725440007,,,
Scenario1,0,RE1,,PWRGEO004,,2044,,,,,,,,,,,,,,1.7886794725440007,,,
Scenario1,0,RE1,,PWRGEO004,,2045,,,,,,,,,,,,,,1.7886794725440005,,,
Scenario1,0,RE1,,PWRGEO004,,2046,,,,,,,,,,,,,,1.7886794725440005,,,
Scenario1,0,RE1,,PWRGEO004,,2047,,,,,,,,,,,,,,1.7886794725440005,,,
Scenario1,0,RE1,,PWRGEO004,,2048,,,,,,,,,,,,,,1.7886794725440005,,,
Scenario1,0,RE1,,PWRGEO004,,2049,,,,,,,,,,,,,,1.7886794725440005,,,
Scenario1,0,RE1,,PWRGEO004,,2050,,,,,,,,,,,,,,1.7886794725440007,,,
Scenario1,0,RE1,,PWRGEO005,,2019,,,,,,,,,,,,,,0.0,,,
Scenario1,0,RE1,,PWRGEO005,,2020,,,,,,,,,,,,,,0.0,,,
Scenario1,0,RE1,,PWRGEO005,,2021,,,,,,,,,,,,,,0.0,,,
Scenario1,0,RE1,,PWRGEO005,,2022,,,,,,,,,,,,,,0.0,,,
Scenario1,0,RE1,,PWRGEO005,,2023,,,,,,,,,,,,,,0.0,,,
Scenario1,0,RE1,,PWRGEO005,,2024,,,,,,,,,,,,,,0.0,,,
Scenario1,0,RE1,,PWRGEO005,,2025,,,,,,,,,,,,,,0.0,,,
Scenario1,0,RE1,,PWRGEO005,,2026,,,,,,,,,,,,,,0.0,,,
Scenario1,0,RE1,,PWRGEO005,,2027,,,,,,,,,,,,,,0.0,,,
Scenario1,0,RE1,,PWRGEO005,,2028,,,,,,,,,,,,,,0.0,,,
Scenario1,0,RE1,,PWRGEO005,,2029,,,,,,,,,,,,,,0.0,,,
Scenario1,0,RE1,,PWRGEO005,,2030,,,,,,,,,,,,,,0.0,,,
Scenario1,0,RE1,,PWRGEO005,,2031,,,,,,,,,,,,,,0.20867927179680007,,,
Scenario1,0,RE1,,PWRGEO005,,2032,,,,,,,,,,,,,,0.20867927179680007,,,
Scenario1,0,RE1,,PWRGEO005,,2033,,,,,,,,,,,,,,0.20867927179680007,,,
Scenario1,0,RE1,,PWRGEO005,,2034,,,,,,,,,,,,,,0.20867927179680004,,,
Scenario1,0,RE1,,PWRGEO005,,2035,,,,,,,,,,,,,,0.20867927179680004,,,
Scenario1,0,RE1,,PWRGEO005,,2036,,,,,,,,,,,,,,0.20867927179680007,,,
Scenario1,0,RE1,,PWRGEO005,,2037,,,,,,,,,,,,,,0.20867927179680004,,,
Scenario1,0,RE1,,PWRGEO005,,2038,,,,,,,,,,,,,,0.20867927179680007,,,
Scenario1,0,RE1,,PWRGEO005,,2039,,,,,,,,,,,,,,0.20867927179680004,,,
Scenario1,0,RE1,,PWRGEO005,,2040,,,,,,,,,,,,,,0.28609514470308783,,,
Scenario1,0,RE1,,PWRGEO005,,2041,,,,,,,,,,,,,,0.41735854359360014,,,
Scenario1,0,RE1,,PWRGEO005,,2042,,,,,,,,,,,,,,0.41735854359360014,,,
Scenario1,0,RE1,,PWRGEO005,,2043,,,,,,,,,,,,,,0.4173585435936001,,,
Scenario1,0,RE1,,PWRGEO005,,2044,,,,,,,,,,,,,,0.41735854359360014,,,
Scenario1,0,RE1,,PWRGEO005,,2045,,,,,,,,,,,,,,0.4173585435936001,,,
Scenario1,0,RE1,,PWRGEO005,,2046,,,,,,,,,,,,,,0.4173585435936001,,,
Scenario1,0,RE1,,PWRGEO005,,2047,,,,,,,,,,,,,,0.41735854359360014,,,
Scenario1,0,RE1,,PWRGEO005,,2048,,,,,,,,,,,,,,0.41735854359360014,,,
Scenario1,0,RE1,,PWRGEO005,,2049,,,,,,,,,,,,,,0.41735854359360003,,,
Scenario1,0,RE1,,PWRGEO005,,2050,,,,,,,,,,,,,,0.4173585435936002,,,
Scenario1,0,RE1,,PWRGEO006,,2019,,,,,,,,,,,,,,0.0,,,
Scenario1,0,RE1,,PWRGEO006,,2020,,,,,,,,,,,,,,0.0,,,
Scenario1,0,RE1,,PWRGEO006,,2021,,,,,,,,,,,,,,0.0,,,
Scenario1,0,RE1,,PWRGEO006,,2022,,,,,,,,,,,,,,0.0,,,
Scenario1,0,RE1,,PWRGEO006,,2023,,,,,,,,,,,,,,0.0,,,
Scenario1,0,RE1,,PWRGEO006,,2024,,,,,,,,,,,,,,0.0,,,
Scenario1,0,RE1,,PWRGEO006,,2025,,,,,,,,,,,,,,0.0,,,
Scenario1,0,RE1,,PWRGEO006,,2026,,,,,,,,,,,,,,0.9258790228794403,,,
Scenario1,0,RE1,,PWRGEO006,,2027,,,,,,,,,,,,,,1.8069802153718515,,,
Scenario1,0,RE1,,PWRGEO006,,2028,,,,,,,,,,,,,,1.8625619322619225,,,
Scenario1,0,RE1,,PWRGEO006,,2029,,,,,,,,,,,,,,1.8625619322619262,,,
Scenario1,0,RE1,,PWRGEO006,,2030,,,,,,,,,,,,,,2.3416531297175114,,,
Scenario1,0,RE1,,PWRGEO006,,2031,,,,,,,,,,,,,,2.341653129717511,,,
Scenario1,0,RE1,,PWRGEO006,,2032,,,,,,,,,,,,,,3.1224471852942663,,,
Scenario1,0,RE1,,PWRGEO006,,2033,,,,,,,,,,,,,,3.696604243257601,,,
Scenario1,0,RE1,,PWRGEO006,,2034,,,,,,,,,,,,,,3.6966042432575996,,,
Scenario1,0,RE1,,PWRGEO006,,2035,,,,,,,,,,,,,,4.531321330444804,,,
Scenario1,0,RE1,,PWRGEO006,,2036,,,,,,,,,,,,,,4.704400395755289,,,
Scenario1,0,RE1,,PWRGEO006,,2037,,,,,,,,,,,,,,5.185427296147374,,,
Scenario1,0,RE1,,PWRGEO006,,2038,,,,,,,,,,,,,,6.081510206649604,,,
Scenario1,0,RE1,,PWRGEO006,,2039,,,,,,,,,,,,,,6.454105976522145,,,
Scenario1,0,RE1,,PWRGEO006,,2040,,,,,,,,,,,,,,6.454105976522145,,,
Scenario1,0,RE1,,PWRGEO006,,2041,,,,,,,,,,,,,,6.454105976522139,,,
Scenario1,0,RE1,,PWRGEO006,,2042,,,,,,,,,,,,,,7.514375214892461,,,
Scenario1,0,RE1,,PWRGEO006,,2043,,,,,,,,,,,,,,9.348753684620295,,,
Scenario1,0,RE1,,PWRGEO006,,2044,,,,,,,,,,,,,,11.082006549728654,,,
Scenario1,0,RE1,,PWRGEO006,,2045,,,,,,,,,,,,,,11.950819002822033,,,
Scenario1,0,RE1,,PWRGEO006,,2046,,,,,,,,,,,,,,13.713209289503993,,,
Scenario1,0,RE1,,PWRGEO006,,2047,,,,,,,,,,,,,,15.144152867539196,,,
Scenario1,0,RE1,,PWRGEO006,,2048,,,,,,,,,,,,,,16.694341743743994,,,
Scenario1,0,RE1,,PWRGEO006,,2049,,,,,,,,,,,,,,16.937951987524322,,,
Scenario1,0,RE1,,PWRGEO006,,2050,,,,,,,,,,,,,,19.354908780837654,,,
Scenario1,0,RE1,,PWRGEO007,,2019,,,,,,,,,,,,,,0.0,,,
Scenario1,0,RE1,,PWRGEO007,,2020,,,,,,,,,,,,,,0.0,,,
Scenario1,0,RE1,,PWRGEO007,,2021,,,,,,,,,,,,,,0.0,,,
Scenario1,0,RE1,,PWRGEO007,,2022,,,,,,,,,,,,,,0.0,,,
Scenario1,0,RE1,,PWRGEO007,,2023,,,,,,,,,,,,,,0.0,,,
Scenario1,0,RE1,,PWRGEO007,,2024,,,,,,,,,,,,,,0.0,,,
Scenario1,0,RE1,,PWRGEO007,,2025,,,,,,,,,,,,,,0.0,,,
Scenario1,0,RE1,,PWRGEO007,,2026,,,,,,,,,,,,,,0.0,,,
Scenario1,0,RE1,,PWRGEO007,,2027,,,,,,,,,,,,,,0.0,,,
Scenario1,0,RE1,,PWRGEO007,,2028,,,,,,,,,,,,,,0.0,,,
Scenario1,0,RE1,,PWRGEO007,,2029,,,,,,,,,,,,,,0.0,,,
Scenario1,0,RE1,,PWRGEO007,,2030,,,,,,,,,,,,,,0.0,,,
Scenario1,0,RE1,,PWRGEO007,,2031,,,,,,,,,,,,,,0.0,,,
Scenario1,0,RE1,,PWRGEO007,,2032,,,,,,,,,,,,,,0.0,,,
Scenario1,0,RE1,,PWRGEO007,,2033,,,,,,,,,,,,,,0.0,,,
Scenario1,0,RE1,,PWRGEO007,,2034,,,,,,,,,,,,,,0.0,,,
Scenario1,0,RE1,,PWRGEO007,,2035,,,,,,,,,,,,,,0.0,,,
Scenario1,0,RE1,,PWRGEO007,,2036,,,,,,,,,,,,,,0.0,,,
Scenario1,0,RE1,,PWRGEO007,,2037,,,,,,,,,,,,,,0.0,,,
Scenario1,0,RE1,,PWRGEO007,,2038,,,,,,,,,,,,,,0.0,,,
Scenario1,0,RE1,,PWRGEO007,,2039,,,,,,,,,,,,,,0.0,,,
Scenario1,0,RE1,,PWRGEO007,,2040,,,,,,,,,,,,,,0.0,,,
Scenario1,0,RE1,,PWRGEO007,,2041,,,,,,,,,,,,,,0.0,,,
Scenario1,0,RE1,,PWRGEO007,,2042,,,,,,,,,,,,,,0.0,,,
Scenario1,0,RE1,,PWRGEO007,,2043,,,,,,,,,,,,,,0.0,,,
Scenario1,0,RE1,,PWRGEO007,,2044,,,,,,,,,,,,,,0.0,,,
Scenario1,0,RE1,,PWRGEO007,,2045,,,,,,,,,,,,,,0.0,,,
Scenario1,0,RE1,,PWRGEO007,,2046,,,,,,,,,,,,,,0.0,,,
Scenario1,0,RE1,,PWRGEO007,,2047,,,,,,,,,,,,,,0.0,,,
Scenario1,0,RE1,,PWRGEO007,,2048,,,,,,,,,,,,,,0.0,,,
Scenario1,0,RE1,,PWRGEO007,,2049,,,,,,,,,,,,,,0.0,,,
Scenario1,0,RE1,,PWRGEO007,,2050,,,,,,,,,,,,,,0.0,,,
Scenario1,0,RE1,,PWRHFO001,,2019,,,,,,,,,,,,,,8.825143632354116,,,
Scenario1,0,RE1,,PWRHFO001,,2020,,,,,,,,,,,,,,10.858104097938524,,,
Scenario1,0,RE1,,PWRHFO001,,2021,,,,,,,,,,,,,,11.863460606180139,,,
Scenario1,0,RE1,,PWRHFO001,,2022,,,,,,,,,,,,,,3.6451736182908725,,,
Scenario1,0,RE1,,PWRHFO001,,2023,,,,,,,,,,,,,,4.01055177986064,,,
Scenario1,0,RE1,,PWRHFO001,,2024,,,,,,,,,,,,,,6.576321847908994,,,
Scenario1,0,RE1,,PWRHFO001,,2025,,,,,,,,,,,,,,4.116903365692233,,,
Scenario1,0,RE1,,PWRHFO001,,2026,,,,,,,,,,,,,,0.0,,,
Scenario1,0,RE1,,PWRHFO001,,2027,,,,,,,,,,,,,,0.011753032657503895,,,
Scenario1,0,RE1,,PWRHFO001,,2028,,,,,,,,,,,,,,0.15437406981436433,,,
Scenario1,0,RE1,,PWRHFO001,,2029,,,,,,,,,,,,,,0.03869355979439059,,,
Scenario1,0,RE1,,PWRHFO001,,2030,,,,,,,,,,,,,,0.0905001329688825,,,
Scenario1,0,RE1,,PWRHFO001,,2031,,,,,,,,,,,,,,0.13746885511680002,,,
Scenario1,0,RE1,,PWRHFO001,,2032,,,,,,,,,,,,,,0.13779929407558802,,,
Scenario1,0,RE1,,PWRHFO001,,2033,,,,,,,,,,,,,,0.1453463608969235,,,
Scenario1,0,RE1,,PWRHFO001,,2034,,,,,,,,,,,,,,0.12875879841197366,,,
Scenario1,0,RE1,,PWRHFO001,,2035,,,,,,,,,,,,,,0.14537317829915683,,,
Scenario1,0,RE1,,PWRHFO001,,2036,,,,,,,,,,,,,,0.0,,,
Scenario1,0,RE1,,PWRHFO001,,2037,,,,,,,,,,,,,,0.0,,,
Scenario1,0,RE1,,PWRHFO001,,2038,,,,,,,,,,,,,,0.0,,,
Scenario1,0,RE1,,PWRHFO001,,2039,,,,,,,,,,,,,,0.0,,,
Scenario1,0,RE1,,PWRHFO001,,2040,,,,,,,,,,,,,,0.0,,,
Scenario1,0,RE1,,PWRHFO001,,2041,,,,,,,,,,,,,,0.0,,,
Scenario1,0,RE1,,PWRHFO001,,2042,,,,,,,,,,,,,,0.0,,,
Scenario1,0,RE1,,PWRHFO001,,2043,,,,,,,,,,,,,,0.0,,,
Scenario1,0,RE1,,PWRHFO001,,2044,,,,,,,,,,,,,,0.0,,,
Scenario1,0,RE1,,PWRHFO001,,2045,,,,,,,,,,,,,,0.0,,,
Scenario1,0,RE1,,PWRHFO001,,2046,,,,,,,,,,,,,,0.0,,,
Scenario1,0,RE1,,PWRHFO001,,2047,,,,,,,,,,,,,,0.0,,,
Scenario1,0,RE1,,PWRHFO001,,2048,,,,,,,,,,,,,,0.0,,,
Scenario1,0,RE1,,PWRHFO001,,2049,,,,,,,,,,,,,,0.0,,,
Scenario1,0,RE1,,PWRHFO001,,2050,,,,,,,,,,,,,,0.0,,,
Scenario1,0,RE1,,PWRHYD001,,2019,,,,,,,,,,,,,,0.2793433389637741,,,
Scenario1,0,RE1,,PWRHYD001,,2020,,,,,,,,,,,,,,0.27934333896377417,,,
Scenario1,0,RE1,,PWRHYD001,,2021,,,,,,,,,,,,,,0.27934333896377417,,,
Scenario1,0,RE1,,PWRHYD001,,2022,,,,,,,,,,,,,,0.2793433389637741,,,
Scenario1,0,RE1,,PWRHYD001,,2023,,,,,,,,,,,,,,0.27934333896377417,,,
Scenario1,0,RE1,,PWRHYD001,,2024,,,,,,,,,,,,,,0.27934333896377417,,,
Scenario1,0,RE1,,PWRHYD001,,2025,,,,,,,,,,,,,,0.2793433389637741,,,
Scenario1,0,RE1,,PWRHYD001,,2026,,,,,,,,,,,,,,0.27934333896377417,,,
Scenario1,0,RE1,,PWRHYD001,,2027,,,,,,,,,,,,,,0.27934333896377417,,,
Scenario1,0,RE1,,PWRHYD001,,2028,,,,,,,,,,,,,,0.27934333896377417,,,
Scenario1,0,RE1,,PWRHYD001,,2029,,,,,,,,,,,,,,0.27934333896377417,,,
Scenario1,0,RE1,,PWRHYD001,,2030,,,,,,,,,,,,,,0.2793433389637741,,,
Scenario1,0,RE1,,PWRHYD001,,2031,,,,,,,,,,,,,,0.27934333896377417,,,
Scenario1,0,RE1,,PWRHYD001,,2032,,,,,,,,,,,,,,0.27934333896377417,,,
Scenario1,0,RE1,,PWRHYD001,,2033,,,,,,,,,,,,,,0.27934333896377417,,,
Scenario1,0,RE1,,PWRHYD001,,2034,,,,,,,,,,,,,,0.27934333896377417,,,
Scenario1,0,RE1,,PWRHYD001,,2035,,,,,,,,,,,,,,0.27934333896377417,,,
Scenario1,0,RE1,,PWRHYD001,,2036,,,,,,,,,,,,,,0.27934333896377417,,,
Scenario1,0,RE1,,PWRHYD001,,2037,,,,,,,,,,,,,,0.27934333896377417,,,
Scenario1,0,RE1,,PWRHYD001,,2038,,,,,,,,,,,,,,0.27934333896377417,,,
Scenario1,0,RE1,,PWRHYD001,,2039,,,,,,,,,,,,,,0.27934333896377417,,,
Scenario1,0,RE1,,PWRHYD001,,2040,,,,,,,,,,,,,,0.2793433389637741,,,
Scenario1,0,RE1,,PWRHYD001,,2041,,,,,,,,,,,,,,0.2793433389637741,,,
Scenario1,0,RE1,,PWRHYD001,,2042,,,,,,,,,,,,,,0.05586866779275472,,,
Scenario1,0,RE1,,PWRHYD001,,2043,,,,,,,,,,,,,,0.05586866779275471,,,
Scenario1,0,RE1,,PWRHYD001,,2044,,,,,,,,,,,,,,0.05586866779275471,,,
Scenario1,0,RE1,,PWRHYD001,,2045,,,,,,,,,,,,,,0.05586866779275471,,,
Scenario1,0,RE1,,PWRHYD001,,2046,,,,,,,,,,,,,,0.055868667792754706,,,
Scenario1,0,RE1,,PWRHYD001,,2047,,,,,,,,,,,,,,0.05586866779275471,,,
Scenario1,0,RE1,,PWRHYD001,,2048,,,,,,,,,,,,,,0.05586866779275471,,,
Scenario1,0,RE1,,PWRHYD001,,2049,,,,,,,,,,,,,,0.055868667792754706,,,
Scenario1,0,RE1,,PWRHYD001,,2050,,,,,,,,,,,,,,0.055868667792754706,,,
Scenario1,0,RE1,,PWRHYD002,,2019,,,,,,,,,,,,,,1.265192985575276,,,
Scenario1,0,RE1,,PWRHYD002,,2020,,,,,,,,,,,,,,1.2651929855752762,,,
Scenario1,0,RE1,,PWRHYD002,,2021,,,,,,,,,,,,,,1.2651929855752764,,,
Scenario1,0,RE1,,PWRHYD002,,2022,,,,,,,,,,,,,,1.2651929855752768,,,
Scenario1,0,RE1,,PWRHYD002,,2023,,,,,,,,,,,,,,1.2651929855752764,,,
Scenario1,0,RE1,,PWRHYD002,,2024,,,,,,,,,,,,,,1.2651929855752762,,,
Scenario1,0,RE1,,PWRHYD002,,2025,,,,,,,,,,,,,,1.2651929855752762,,,
Scenario1,0,RE1,,PWRHYD002,,2026,,,,,,,,,,,,,,1.2651929855752764,,,
Scenario1,0,RE1,,PWRHYD002,,2027,,,,,,,,,,,,,,1.2651929855752762,,,
Scenario1,0,RE1,,PWRHYD002,,2028,,,,,,,,,,,,,,1.2651929855752766,,,
Scenario1,0,RE1,,PWRHYD002,,2029,,,,,,,,,,,,,,1.2651929855752762,,,
Scenario1,0,RE1,,PWRHYD002,,2030,,,,,,,,,,,,,,1.265192985575276,,,
Scenario1,0,RE1,,PWRHYD002,,2031,,,,,,,,,,,,,,1.4615160350610947,,,
Scenario1,0,RE1,,PWRHYD002,,2032,,,,,,,,,,,,,,1.4615160350610947,,,
Scenario1,0,RE1,,PWRHYD002,,2033,,,,,,,,,,,,,,1.4615160350610947,,,
Scenario1,0,RE1,,PWRHYD002,,2034,,,,,,,,,,,,,,1.4615160350610947,,,
Scenario1,0,RE1,,PWRHYD002,,2035,,,,,,,,,,,,,,1.4615160350610943,,,
Scenario1,0,RE1,,PWRHYD002,,2036,,,,,,,,,,,,,,1.4615160350610943,,,
Scenario1,0,RE1,,PWRHYD002,,2037,,,,,,,,,,,,,,1.4615160350610947,,,
Scenario1,0,RE1,,PWRHYD002,,2038,,,,,,,,,,,,,,1.4615160350610945,,,
Scenario1,0,RE1,,PWRHYD002,,2039,,,,,,,,,,,,,,1.4615160350610947,,,
Scenario1,0,RE1,,PWRHYD002,,2040,,,,,,,,,,,,,,1.461516035061095,,,
Scenario1,0,RE1,,PWRHYD002,,2041,,,,,,,,,,,,,,1.4615160350610947,,,
Scenario1,0,RE1,,PWRHYD002,,2042,,,,,,,,,,,,,,1.4615160350610945,,,
Scenario1,0,RE1,,PWRHYD002,,2043,,,,,,,,,,,,,,1.4615160350610947,,,
Scenario1,0,RE1,,PWRHYD002,,2044,,,,,,,,,,,,,,1.4615160350610945,,,
Scenario1,0,RE1,,PWRHYD002,,2045,,,,,,,,,,,,,,1.4615160350610945,,,
Scenario1,0,RE1,,PWRHYD002,,2046,,,,,,,,,,,,,,1.4615160350610945,,,
Scenario1,0,RE1,,PWRHYD002,,2047,,,,,,,,,,,,,,1.4615160350610945,,,
Scenario1,0,RE1,,PWRHYD002,,2048,,,,,,,,,,,,,,1.4615160350610945,,,
Scenario1,0,RE1,,PWRHYD002,,2049,,,,,,,,,,,,,,1.461516035061095,,,
Scenario1,0,RE1,,PWRHYD002,,2050,,,,,,,,,,,,,,1.4615160350610947,,,
Scenario1,0,RE1,,PWRHYD003,,2019,,,,,,,,,,,,,,0.24306830637306995,,,
Scenario1,0,RE1,,PWRHYD003,,2020,,,,,,,,,,,,,,0.24306830637306995,,,
Scenario1,0,RE1,,PWRHYD003,,2021,,,,,,,,,,,,,,0.24306830637306992,,,
Scenario1,0,RE1,,PWRHYD003,,2022,,,,,,,,,,,,,,0.24306830637306995,,,
Scenario1,0,RE1,,PWRHYD003,,2023,,,,,,,,,,,,,,0.24306830637306995,,,
Scenario1,0,RE1,,PWRHYD003,,2024,,,,,,,,,,,,,,0.24306830637307,,,
Scenario1,0,RE1,,PWRHYD003,,2025,,,,,,,,,,,,,,0.24306830637306998,,,
Scenario1,0,RE1,,PWRHYD003,,2026,,,,,,,,,,,,,,0.24306830637306995,,,
Scenario1,0,RE1,,PWRHYD003,,2027,,,,,,,,,,,,,,0.24306830637306998,,,
Scenario1,0,RE1,,PWRHYD003,,2028,,,,,,,,,,,,,,0.24306830637306995,,,
Scenario1,0,RE1,,PWRHYD003,,2029,,,,,,,,,,,,,,0.24306830637306998,,,
Scenario1,0,RE1,,PWRHYD003,,2030,,,,,,,,,,,,,,0.24306830637306995,,,
Scenario1,0,RE1,,PWRHYD003,,2031,,,,,,,,,,,,,,0.24306830637306998,,,
Scenario1,0,RE1,,PWRHYD003,,2032,,,,,,,,,,,,,,0.24306830637306998,,,
Scenario1,0,RE1,,PWRHYD003,,2033,,,,,,,,,,,,,,0.24306830637307,,,
Scenario1,0,RE1,,PWRHYD003,,2034,,,,,,,,,,,,,,0.24306830637306998,,,
Scenario1,0,RE1,,PWRHYD003,,2035,,,,,,,,,,,,,,0.24306830637306995,,,
Scenario1,0,RE1,,PWRHYD003,,2036,,,,,,,,,,,,,,0.24306830637306998,,,
Scenario1,0,RE1,,PWRHYD003,,2037,,,,,,,,,,,,,,0.24306830637306998,,,
Scenario1,0,RE1,,PWRHYD003,,2038,,,,,,,,,,,,,,0.24306830637306995,,,
Scenario1,0,RE1,,PWRHYD003,,2039,,,,,,,,,,,,,,0.24306830637306998,,,
Scenario1,0,RE1,,PWRHYD003,,2040,,,,,,,,,,,,,,0.24306830637306998,,,
Scenario1,0,RE1,,PWRHYD003,,2041,,,,,,,,,,,,,,0.24306830637306998,,,
Scenario1,0,RE1,,PWRHYD003,,2042,,,,,,,,,,,,,,0.24306830637306998,,,
Scenario1,0,RE1,,PWRHYD003,,2043,,,,,,,,,,,,,,0.24306830637306998,,,
Scenario1,0,RE1,,PWRHYD003,,2044,,,,,,,,,,,,,,0.24306830637306998,,,
Scenario1,0,RE1,,PWRHYD003,,2045,,,,,,,,,,,,,,0.24306830637306998,,,
Scenario1,0,RE1,,PWRHYD003,,2046,,,,,,,,,,,,,,0.24306830637306995,,,
Scenario1,0,RE1,,PWRHYD003,,2047,,,,,,,,,,,,,,0.24306830637306995,,,
Scenario1,0,RE1,,PWRHYD003,,2048,,,,,,,,,,,,,,0.24306830637307,,,
Scenario1,0,RE1,,PWRHYD003,,2049,,,,,,,,,,,,,,0.24306830637307003,,,
Scenario1,0,RE1,,PWRHYD003,,2050,,,,,,,,,,,,,,0.24306830637306995,,,
Scenario1,0,RE1,,PWRHYD004,,2019,,,,,,,,,,,,,,0.0,,,
Scenario1,0,RE1,,PWRHYD004,,2020,,,,,,,,,,,,,,0.0,,,
Scenario1,0,RE1,,PWRHYD004,,2021,,,,,,,,,,,,,,0.0,,,
Scenario1,0,RE1,,PWRHYD004,,2022,,,,,,,,,,,,,,0.0,,,
Scenario1,0,RE1,,PWRHYD004,,2023,,,,,,,,,,,,,,0.0,,,
Scenario1,0,RE1,,PWRHYD004,,2024,,,,,,,,,,,,,,0.0,,,
Scenario1,0,RE1,,PWRHYD004,,2025,,,,,,,,,,,,,,0.0,,,
Scenario1,0,RE1,,PWRHYD004,,2026,,,,,,,,,,,,,,0.0,,,
Scenario1,0,RE1,,PWRHYD004,,2027,,,,,,,,,,,,,,0.0,,,
Scenario1,0,RE1,,PWRHYD004,,2028,,,,,,,,,,,,,,0.0,,,
Scenario1,0,RE1,,PWRHYD004,,2029,,,,,,,,,,,,,,0.0,,,
Scenario1,0,RE1,,PWRHYD004,,2030,,,,,,,,,,,,,,0.0,,,
Scenario1,0,RE1,,PWRHYD004,,2031,,,,,,,,,,,,,,0.0,,,
Scenario1,0,RE1,,PWRHYD004,,2032,,,,,,,,,,,,,,0.0,,,
Scenario1,0,RE1,,PWRHYD004,,2033,,,,,,,,,,,,,,0.0,,,
Scenario1,0,RE1,,PWRHYD004,,2034,,,,,,,,,,,,,,0.0,,,
Scenario1,0,RE1,,PWRHYD004,,2035,,,,,,,,,,,,,,0.0,,,
Scenario1,0,RE1,,PWRHYD004,,2036,,,,,,,,,,,,,,0.0,,,
Scenario1,0,RE1,,PWRHYD004,,2037,,,,,,,,,,,,,,0.0,,,
Scenario1,0,RE1,,PWRHYD004,,2038,,,,,,,,,,,,,,0.0,,,
Scenario1,0,RE1,,PWRHYD004,,2039,,,,,,,,,,,,,,0.0,,,
Scenario1,0,RE1,,PWRHYD004,,2040,,,,,,,,,,,,,,0.0,,,
Scenario1,0,RE1,,PWRHYD004,,2041,,,,,,,,,,,,,,0.0,,,
Scenario1,0,RE1,,PWRHYD004,,2042,,,,,,,,,,,,,,0.0,,,
Scenario1,0,RE1,,PWRHYD004,,2043,,,,,,,,,,,,,,0.0,,,
Scenario1,0,RE1,,PWRHYD004,,2044,,,,,,,,,,,,,,0.0,,,
Scenario1,0,RE1,,PWRHYD004,,2045,,,,,,,,,,,,,,0.0,,,
Scenario1,0,RE1,,PWRHYD004,,2046,,,,,,,,,,,,,,0.0,,,
Scenario1,0,RE1,,PWRHYD004,,2047,,,,,,,,,,,,,,0.0,,,
Scenario1,0,RE1,,PWRHYD004,,2048,,,,,,,,,,,,,,0.0,,,
Scenario1,0,RE1,,PWRHYD004,,2049,,,,,,,,,,,,,,0.0,,,
Scenario1,0,RE1,,PWRHYD004,,2050,,,,,,,,,,,,,,0.0,,,
Scenario1,0,RE1,,PWRHYD005,,2019,,,,,,,,,,,,,,0.03603253835652862,,,
Scenario1,0,RE1,,PWRHYD005,,2020,,,,,,,,,,,,,,0.036032538356528615,,,
Scenario1,0,RE1,,PWRHYD005,,2021,,,,,,,,,,,,,,0.03603253835652862,,,
Scenario1,0,RE1,,PWRHYD005,,2022,,,,,,,,,,,,,,0.03603253835652862,,,
Scenario1,0,RE1,,PWRHYD005,,2023,,,,,,,,,,,,,,0.04952164245922906,,,
Scenario1,0,RE1,,PWRHYD005,,2024,,,,,,,,,,,,,,0.05414119865878399,,,
Scenario1,0,RE1,,PWRHYD005,,2025,,,,,,,,,,,,,,0.05469554540273062,,,
Scenario1,0,RE1,,PWRHYD005,,2026,,,,,,,,,,,,,,0.2814233636768876,,,
Scenario1,0,RE1,,PWRHYD005,,2027,,,,,,,,,,,,,,0.3185645955213095,,,
Scenario1,0,RE1,,PWRHYD005,,2028,,,,,,,,,,,,,,0.3427710700069772,,,
Scenario1,0,RE1,,PWRHYD005,,2029,,,,,,,,,,,,,,0.3765862213877198,,,
Scenario1,0,RE1,,PWRHYD005,,2030,,,,,,,,,,,,,,0.4663903939070676,,,
Scenario1,0,RE1,,PWRHYD005,,2031,,,,,,,,,,,,,,0.5425206800757334,,,
Scenario1,0,RE1,,PWRHYD005,,2032,,,,,,,,,,,,,,0.6023901284219656,,,
Scenario1,0,RE1,,PWRHYD005,,2033,,,,,,,,,,,,,,0.6909008252054385,,,
Scenario1,0,RE1,,PWRHYD005,,2034,,,,,,,,,,,,,,0.6909008252054385,,,
Scenario1,0,RE1,,PWRHYD005,,2035,,,,,,,,,,,,,,0.8618244045889716,,,
Scenario1,0,RE1,,PWRHYD005,,2036,,,,,,,,,,,,,,0.9510742303643737,,,
Scenario1,0,RE1,,PWRHYD005,,2037,,,,,,,,,,,,,,0.9991176148397451,,,
Scenario1,0,RE1,,PWRHYD005,,2038,,,,,,,,,,,,,,1.0514109910187068,,,
Scenario1,0,RE1,,PWRHYD005,,2039,,,,,,,,,,,,,,1.1085087056452059,,,
Scenario1,0,RE1,,PWRHYD005,,2040,,,,,,,,,,,,,,1.1085087056452059,,,
Scenario1,0,RE1,,PWRHYD005,,2041,,,,,,,,,,,,,,1.1085087056452059,,,
Scenario1,0,RE1,,PWRHYD005,,2042,,,,,,,,,,,,,,1.1200353942236443,,,
Scenario1,0,RE1,,PWRHYD005,,2043,,,,,,,,,,,,,,1.1200353942236443,,,
Scenario1,0,RE1,,PWRHYD005,,2044,,,,,,,,,,,,,,1.120035394223644,,,
Scenario1,0,RE1,,PWRHYD005,,2045,,,,,,,,,,,,,,1.1200353942236443,,,
Scenario1,0,RE1,,PWRHYD005,,2046,,,,,,,,,,,,,,1.1200353942236443,,,
Scenario1,0,RE1,,PWRHYD005,,2047,,,,,,,,,,,,,,1.1200353942236443,,,
Scenario1,0,RE1,,PWRHYD005,,2048,,,,,,,,,,,,,,1.1200353942236445,,,
Scenario1,0,RE1,,PWRHYD005,,2049,,,,,,,,,,,,,,1.1200353942236445,,,
Scenario1,0,RE1,,PWRHYD005,,2050,,,,,,,,,,,,,,1.1200353942236445,,,
Scenario1,0,RE1,,PWRLFO001,,2019,,,,,,,,,,,,,,0.0,,,
Scenario1,0,RE1,,PWRLFO001,,2020,,,,,,,,,,,,,,0.0,,,
Scenario1,0,RE1,,PWRLFO001,,2021,,,,,,,,,,,,,,0.0,,,
Scenario1,0,RE1,,PWRLFO001,,2022,,,,,,,,,,,,,,0.0,,,
Scenario1,0,RE1,,PWRLFO001,,2023,,,,,,,,,,,,,,0.0,,,
Scenario1,0,RE1,,PWRLFO001,,2024,,,,,,,,,,,,,,0.0,,,
Scenario1,0,RE1,,PWRLFO001,,2025,,,,,,,,,,,,,,0.0,,,
Scenario1,0,RE1,,PWRLFO001,,2026,,,,,,,,,,,,,,0.0,,,
Scenario1,0,RE1,,PWRLFO001,,2027,,,,,,,,,,,,,,0.0,,,
Scenario1,0,RE1,,PWRLFO001,,2028,,,,,,,,,,,,,,0.0,,,
Scenario1,0,RE1,,PWRLFO001,,2029,,,,,,,,,,,,,,0.0,,,
Scenario1,0,RE1,,PWRLFO001,,2030,,,,,,,,,,,,,,0.0,,,
Scenario1,0,RE1,,PWRLFO001,,2031,,,,,,,,,,,,,,0.0,,,
Scenario1,0,RE1,,PWRLFO001,,2032,,,,,,,,,,,,,,0.0,,,
Scenario1,0,RE1,,PWRLFO001,,2033,,,,,,,,,,,,,,0.0,,,
Scenario1,0,RE1,,PWRLFO001,,2034,,,,,,,,,,,,,,0.0,,,
Scenario1,0,RE1,,PWRLFO001,,2035,,,,,,,,,,,,,,0.0,,,
Scenario1,0,RE1,,PWRLFO001,,2036,,,,,,,,,,,,,,0.0,,,
Scenario1,0,RE1,,PWRLFO001,,2037,,,,,,,,,,,,,,0.0,,,
Scenario1,0,RE1,,PWRLFO001,,2038,,,,,,,,,,,,,,0.0,,,
Scenario1,0,RE1,,PWRLFO001,,2039,,,,,,,,,,,,,,0.0,,,
Scenario1,0,RE1,,PWRLFO001,,2040,,,,,,,,,,,,,,0.0,,,
Scenario1,0,RE1,,PWRLFO001,,2041,,,,,,,,,,,,,,0.0,,,
Scenario1,0,RE1,,PWRLFO001,,2042,,,,,,,,,,,,,,0.0,,,
Scenario1,0,RE1,,PWRLFO001,,2043,,,,,,,,,,,,,,0.0,,,
Scenario1,0,RE1,,PWRLFO001,,2044,,,,,,,,,,,,,,0.0,,,
Scenario1,0,RE1,,PWRLFO001,,2045,,,,,,,,,,,,,,0.0,,,
Scenario1,0,RE1,,PWRLFO001,,2046,,,,,,,,,,,,,,0.0,,,
Scenario1,0,RE1,,PWRLFO001,,2047,,,,,,,,,,,,,,0.0,,,
Scenario1,0,RE1,,PWRLFO001,,2048,,,,,,,,,,,,,,0.0,,,
Scenario1,0,RE1,,PWRLFO001,,2049,,,,,,,,,,,,,,0.0,,,
Scenario1,0,RE1,,PWRLFO001,,2050,,,,,,,,,,,,,,0.0,,,
Scenario1,0,RE1,,PWRNGS001,,2019,,,,,,,,,,,,,,0.0,,,
Scenario1,0,RE1,,PWRNGS001,,2020,,,,,,,,,,,,,,0.0,,,
Scenario1,0,RE1,,PWRNGS001,,2021,,,,,,,,,,,,,,0.0,,,
Scenario1,0,RE1,,PWRNGS001,,2022,,,,,,,,,,,,,,0.0,,,
Scenario1,0,RE1,,PWRNGS001,,2023,,,,,,,,,,,,,,0.0,,,
Scenario1,0,RE1,,PWRNGS001,,2024,,,,,,,,,,,,,,0.0,,,
Scenario1,0,RE1,,PWRNGS001,,2025,,,,,,,,,,,,,,0.0,,,
Scenario1,0,RE1,,PWRNGS001,,2026,,,,,,,,,,,,,,0.0,,,
Scenario1,0,RE1,,PWRNGS001,,2027,,,,,,,,,,,,,,0.0,,,
Scenario1,0,RE1,,PWRNGS001,,2028,,,,,,,,,,,,,,0.0,,,
Scenario1,0,RE1,,PWRNGS001,,2029,,,,,,,,,,,,,,0.0,,,
Scenario1,0,RE1,,PWRNGS001,,2030,,,,,,,,,,,,,,0.0,,,
Scenario1,0,RE1,,PWRNGS001,,2031,,,,,,,,,,,,,,0.0,,,
Scenario1,0,RE1,,PWRNGS001,,2032,,,,,,,,,,,,,,0.0,,,
Scenario1,0,RE1,,PWRNGS001,,2033,,,,,,,,,,,,,,0.0,,,
Scenario1,0,RE1,,PWRNGS001,,2034,,,,,,,,,,,,,,0.0,,,
Scenario1,0,RE1,,PWRNGS001,,2035,,,,,,,,,,,,,,0.0,,,
Scenario1,0,RE1,,PWRNGS001,,2036,,,,,,,,,,,,,,0.0,,,
Scenario1,0,RE1,,PWRNGS001,,2037,,,,,,,,,,,,,,0.0,,,
Scenario1,0,RE1,,PWRNGS001,,2038,,,,,,,,,,,,,,0.0,,,
Scenario1,0,RE1,,PWRNGS001,,2039,,,,,,,,,,,,,,0.0,,,
Scenario1,0,RE1,,PWRNGS001,,2040,,,,,,,,,,,,,,0.0,,,
Scenario1,0,RE1,,PWRNGS001,,2041,,,,,,,,,,,,,,0.0,,,
Scenario1,0,RE1,,PWRNGS001,,2042,,,,,,,,,,,,,,0.0,,,
Scenario1,0,RE1,,PWRNGS001,,2043,,,,,,,,,,,,,,0.0,,,
Scenario1,0,RE1,,PWRNGS001,,2044,,,,,,,,,,,,,,0.0,,,
Scenario1,0,RE1,,PWRNGS001,,2045,,,,,,,,,,,,,,0.0,,,
Scenario1,0,RE1,,PWRNGS001,,2046,,,,,,,,,,,,,,0.0,,,
Scenario1,0,RE1,,PWRNGS001,,2047,,,,,,,,,,,,,,0.0,,,
Scenario1,0,RE1,,PWRNGS001,,2048,,,,,,,,,,,,,,0.0,,,
Scenario1,0,RE1,,PWRNGS001,,2049,,,,,,,,,,,,,,0.0,,,
Scenario1,0,RE1,,PWRNGS001,,2050,,,,,,,,,,,,,,0.0,,,
Scenario1,0,RE1,,PWRPHS001,,2019,,,,,,,,,,,,,,0.0,,,
Scenario1,0,RE1,,PWRPHS001,,2020,,,,,,,,,,,,,,0.0,,,
Scenario1,0,RE1,,PWRPHS001,,2021,,,,,,,,,,,,,,0.0,,,
Scenario1,0,RE1,,PWRPHS001,,2022,,,,,,,,,,,,,,0.0,,,
Scenario1,0,RE1,,PWRPHS001,,2023,,,,,,,,,,,,,,0.0,,,
Scenario1,0,RE1,,PWRPHS001,,2024,,,,,,,,,,,,,,0.0,,,
Scenario1,0,RE1,,PWRPHS001,,2025,,,,,,,,,,,,,,0.0,,,
Scenario1,0,RE1,,PWRPHS001,,2026,,,,,,,,,,,,,,0.0,,,
Scenario1,0,RE1,,PWRPHS001,,2027,,,,,,,,,,,,,,0.0,,,
Scenario1,0,RE1,,PWRPHS001,,2028,,,,,,,,,,,,,,0.0,,,
Scenario1,0,RE1,,PWRPHS001,,2029,,,,,,,,,,,,,,0.0,,,
Scenario1,0,RE1,,PWRPHS001,,2030,,,,,,,,,,,,,,0.0,,,
Scenario1,0,RE1,,PWRPHS001,,2031,,,,,,,,,,,,,,0.0,,,
Scenario1,0,RE1,,PWRPHS001,,2032,,,,,,,,,,,,,,0.0,,,
Scenario1,0,RE1,,PWRPHS001,,2033,,,,,,,,,,,,,,0.0,,,
Scenario1,0,RE1,,PWRPHS001,,2034,,,,,,,,,,,,,,0.0,,,
Scenario1,0,RE1,,PWRPHS001,,2035,,,,,,,,,,,,,,0.0,,,
Scenario1,0,RE1,,PWRPHS001,,2036,,,,,,,,,,,,,,0.0,,,
Scenario1,0,RE1,,PWRPHS001,,2037,,,,,,,,,,,,,,0.0,,,
Scenario1,0,RE1,,PWRPHS001,,2038,,,,,,,,,,,,,,0.0,,,
Scenario1,0,RE1,,PWRPHS001,,2039,,,,,,,,,,,,,,0.0,,,
Scenario1,0,RE1,,PWRPHS001,,2040,,,,,,,,,,,,,,0.0,,,
Scenario1,0,RE1,,PWRPHS001,,2041,,,,,,,,,,,,,,0.0,,,
Scenario1,0,RE1,,PWRPHS001,,2042,,,,,,,,,,,,,,0.0,,,
Scenario1,0,RE1,,PWRPHS001,,2043,,,,,,,,,,,,,,0.0,,,
Scenario1,0,RE1,,PWRPHS001,,2044,,,,,,,,,,,,,,0.0,,,
Scenario1,0,RE1,,PWRPHS001,,2045,,,,,,,,,,,,,,0.0,,,
Scenario1,0,RE1,,PWRPHS001,,2046,,,,,,,,,,,,,,0.0,,,
Scenario1,0,RE1,,PWRPHS001,,2047,,,,,,,,,,,,,,0.0,,,
Scenario1,0,RE1,,PWRPHS001,,2048,,,,,,,,,,,,,,0.0,,,
Scenario1,0,RE1,,PWRPHS001,,2049,,,,,,,,,,,,,,0.0,,,
Scenario1,0,RE1,,PWRPHS001,,2050,,,,,,,,,,,,,,0.0,,,
Scenario1,0,RE1,,PWRPHS002,,2019,,,,,,,,,,,,,,0.0,,,
Scenario1,0,RE1,,PWRPHS002,,2020,,,,,,,,,,,,,,0.0,,,
Scenario1,0,RE1,,PWRPHS002,,2021,,,,,,,,,,,,,,0.0,,,
Scenario1,0,RE1,,PWRPHS002,,2022,,,,,,,,,,,,,,0.0,,,
Scenario1,0,RE1,,PWRPHS002,,2023,,,,,,,,,,,,,,0.0,,,
Scenario1,0,RE1,,PWRPHS002,,2024,,,,,,,,,,,,,,0.0,,,
Scenario1,0,RE1,,PWRPHS002,,2025,,,,,,,,,,,,,,0.0,,,
Scenario1,0,RE1,,PWRPHS002,,2026,,,,,,,,,,,,,,0.0,,,
Scenario1,0,RE1,,PWRPHS002,,2027,,,,,,,,,,,,,,0.0,,,
Scenario1,0,RE1,,PWRPHS002,,2028,,,,,,,,,,,,,,0.0,,,
Scenario1,0,RE1,,PWRPHS002,,2029,,,,,,,,,,,,,,0.0,,,
Scenario1,0,RE1,,PWRPHS002,,2030,,,,,,,,,,,,,,0.0,,,
Scenario1,0,RE1,,PWRPHS002,,2031,,,,,,,,,,,,,,0.0,,,
Scenario1,0,RE1,,PWRPHS002,,2032,,,,,,,,,,,,,,0.0,,,
Scenario1,0,RE1,,PWRPHS002,,2033,,,,,,,,,,,,,,0.0,,,
Scenario1,0,RE1,,PWRPHS002,,2034,,,,,,,,,,,,,,0.0,,,
Scenario1,0,RE1,,PWRPHS002,,2035,,,,,,,,,,,,,,0.0,,,
Scenario1,0,RE1,,PWRPHS002,,2036,,,,,,,,,,,,,,0.0,,,
Scenario1,0,RE1,,PWRPHS002,,2037,,,,,,,,,,,,,,0.0,,,
Scenario1,0,RE1,,PWRPHS002,,2038,,,,,,,,,,,,,,0.0,,,
Scenario1,0,RE1,,PWRPHS002,,2039,,,,,,,,,,,,,,0.0,,,
Scenario1,0,RE1,,PWRPHS002,,2040,,,,,,,,,,,,,,0.0,,,
Scenario1,0,RE1,,PWRPHS002,,2041,,,,,,,,,,,,,,0.0,,,
Scenario1,0,RE1,,PWRPHS002,,2042,,,,,,,,,,,,,,0.0,,,
Scenario1,0,RE1,,PWRPHS002,,2043,,,,,,,,,,,,,,0.0,,,
Scenario1,0,RE1,,PWRPHS002,,2044,,,,,,,,,,,,,,0.0,,,
Scenario1,0,RE1,,PWRPHS002,,2045,,,,,,,,,,,,,,0.0,,,
Scenario1,0,RE1,,PWRPHS002,,2046,,,,,,,,,,,,,,0.0,,,
Scenario1,0,RE1,,PWRPHS002,,2047,,,,,,,,,,,,,,0.0,,,
Scenario1,0,RE1,,PWRPHS002,,2048,,,,,,,,,,,,,,0.0,,,
Scenario1,0,RE1,,PWRPHS002,,2049,,,,,,,,,,,,,,0.0,,,
Scenario1,0,RE1,,PWRPHS002,,2050,,,,,,,,,,,,,,0.0,,,
Scenario1,0,RE1,,PWRSOL001,,2019,,,,,,,,,,,,,,0.000165459719183472,,,
Scenario1,0,RE1,,PWRSOL001,,2020,,,,,,,,,,,,,,0.000165459719183472,,,
Scenario1,0,RE1,,PWRSOL001,,2021,,,,,,,,,,,,,,0.000165459719183472,,,
Scenario1,0,RE1,,PWRSOL001,,2022,,,,,,,,,,,,,,0.000165459719183472,,,
Scenario1,0,RE1,,PWRSOL001,,2023,,,,,,,,,,,,,,0.000165459719183472,,,
Scenario1,0,RE1,,PWRSOL001,,2024,,,,,,,,,,,,,,0.000165459719183472,,,
Scenario1,0,RE1,,PWRSOL001,,2025,,,,,,,,,,,,,,0.00016545971918347204,,,
Scenario1,0,RE1,,PWRSOL001,,2026,,,,,,,,,,,,,,0.000165459719183472,,,
Scenario1,0,RE1,,PWRSOL001,,2027,,,,,,,,,,,,,,0.000165459719183472,,,
Scenario1,0,RE1,,PWRSOL001,,2028,,,,,,,,,,,,,,0.000165459719183472,,,
Scenario1,0,RE1,,PWRSOL001,,2029,,,,,,,,,,,,,,0.000165459719183472,,,
Scenario1,0,RE1,,PWRSOL001,,2030,,,,,,,,,,,,,,0.000165459719183472,,,
Scenario1,0,RE1,,PWRSOL001,,2031,,,,,,,,,,,,,,0.000165459719183472,,,
Scenario1,0,RE1,,PWRSOL001,,2032,,,,,,,,,,,,,,0.000165459719183472,,,
Scenario1,0,RE1,,PWRSOL001,,2033,,,,,,,,,,,,,,0.000165459719183472,,,
Scenario1,0,RE1,,PWRSOL001,,2034,,,,,,,,,,,,,,0.000165459719183472,,,
Scenario1,0,RE1,,PWRSOL001,,2035,,,,,,,,,,,,,,0.000165459719183472,,,
Scenario1,0,RE1,,PWRSOL001,,2036,,,,,,,,,,,,,,0.000165459719183472,,,
Scenario1,0,RE1,,PWRSOL001,,2037,,,,,,,,,,,,,,0.000165459719183472,,,
Scenario1,0,RE1,,PWRSOL001,,2038,,,,,,,,,,,,,,0.000165459719183472,,,
Scenario1,0,RE1,,PWRSOL001,,2039,,,,,,,,,,,,,,0.000165459719183472,,,
Scenario1,0,RE1,,PWRSOL001,,2040,,,,,,,,,,,,,,0.000165459719183472,,,
Scenario1,0,RE1,,PWRSOL001,,2041,,,,,,,,,,,,,,0.000165459719183472,,,
Scenario1,0,RE1,,PWRSOL001,,2042,,,,,,,,,,,,,,0.000165459719183472,,,
Scenario1,0,RE1,,PWRSOL001,,2043,,,,,,,,,,,,,,0.000165459719183472,,,
Scenario1,0,RE1,,PWRSOL001,,2044,,,,,,,,,,,,,,3.442795399159199e-05,,,
Scenario1,0,RE1,,PWRSOL001,,2045,,,,,,,,,,,,,,3.442795399159198e-05,,,
Scenario1,0,RE1,,PWRSOL001,,2046,,,,,,,,,,,,,,3.442795399159199e-05,,,
Scenario1,0,RE1,,PWRSOL001,,2047,,,,,,,,,,,,,,3.442795399159199e-05,,,
Scenario1,0,RE1,,PWRSOL001,,2048,,,,,,,,,,,,,,3.442795399159198e-05,,,
Scenario1,0,RE1,,PWRSOL001,,2049,,,,,,,,,,,,,,3.442795399159199e-05,,,
Scenario1,0,RE1,,PWRSOL001,,2050,,,,,,,,,,,,,,3.442795399159199e-05,,,
Scenario1,0,RE1,,PWRSOL002,,2019,,,,,,,,,,,,,,0.0,,,
Scenario1,0,RE1,,PWRSOL002,,2020,,,,,,,,,,,,,,0.0,,,
Scenario1,0,RE1,,PWRSOL002,,2021,,,,,,,,,,,,,,0.0,,,
Scenario1,0,RE1,,PWRSOL002,,2022,,,,,,,,,,,,,,0.0,,,
Scenario1,0,RE1,,PWRSOL002,,2023,,,,,,,,,,,,,,0.0,,,
Scenario1,0,RE1,,PWRSOL002,,2024,,,,,,,,,,,,,,0.0,,,
Scenario1,0,RE1,,PWRSOL002,,2025,,,,,,,,,,,,,,0.0,,,
Scenario1,0,RE1,,PWRSOL002,,2026,,,,,,,,,,,,,,0.0,,,
Scenario1,0,RE1,,PWRSOL002,,2027,,,,,,,,,,,,,,0.0,,,
Scenario1,0,RE1,,PWRSOL002,,2028,,,,,,,,,,,,,,0.0,,,
Scenario1,0,RE1,,PWRSOL002,,2029,,,,,,,,,,,,,,0.0,,,
Scenario1,0,RE1,,PWRSOL002,,2030,,,,,,,,,,,,,,0.0,,,
Scenario1,0,RE1,,PWRSOL002,,2031,,,,,,,,,,,,,,0.0,,,
Scenario1,0,RE1,,PWRSOL002,,2032,,,,,,,,,,,,,,0.0,,,
Scenario1,0,RE1,,PWRSOL002,,2033,,,,,,,,,,,,,,0.0,,,
Scenario1,0,RE1,,PWRSOL002,,2034,,,,,,,,,,,,,,0.0,,,
Scenario1,0,RE1,,PWRSOL002,,2035,,,,,,,,,,,,,,0.0,,,
Scenario1,0,RE1,,PWRSOL002,,2036,,,,,,,,,,,,,,0.0,,,
Scenario1,0,RE1,,PWRSOL002,,2037,,,,,,,,,,,,,,0.0,,,
Scenario1,0,RE1,,PWRSOL002,,2038,,,,,,,,,,,,,,0.0,,,
Scenario1,0,RE1,,PWRSOL002,,2039,,,,,,,,,,,,,,0.0,,,
Scenario1,0,RE1,,PWRSOL002,,2040,,,,,,,,,,,,,,0.0,,,
Scenario1,0,RE1,,PWRSOL002,,2041,,,,,,,,,,,,,,0.0,,,
Scenario1,0,RE1,,PWRSOL002,,2042,,,,,,,,,,,,,,0.0,,,
Scenario1,0,RE1,,PWRSOL002,,2043,,,,,,,,,,,,,,0.0,,,
Scenario1,0,RE1,,PWRSOL002,,2044,,,,,,,,,,,,,,0.0,,,
Scenario1,0,RE1,,PWRSOL002,,2045,,,,,,,,,,,,,,0.0,,,
Scenario1,0,RE1,,PWRSOL002,,2046,,,,,,,,,,,,,,0.0,,,
Scenario1,0,RE1,,PWRSOL002,,2047,,,,,,,,,,,,,,0.0,,,
Scenario1,0,RE1,,PWRSOL002,,2048,,,,,,,,,,,,,,0.0,,,
Scenario1,0,RE1,,PWRSOL002,,2049,,,,,,,,,,,,,,0.0,,,
Scenario1,0,RE1,,PWRSOL002,,2050,,,,,,,,,,,,,,0.0,,,
Scenario1,0,RE1,,PWRTRN,,2019,,,,,,,,,,,,,,0.004765126114055451,,,
Scenario1,0,RE1,,PWRTRN,,2020,,,,,,,,,,,,,,0.004848444165923662,,,
Scenario1,0,RE1,,PWRTRN,,2021,,,,,,,,,,,,,,0.005063067928259342,,,
Scenario1,0,RE1,,PWRTRN,,2022,,,,,,,,,,,,,,0.00522650229491006,,,
Scenario1,0,RE1,,PWRTRN,,2023,,,,,,,,,,,,,,0.00537965611467835,,,
Scenario1,0,RE1,,PWRTRN,,2024,,,,,,,,,,,,,,0.005558022996294355,,,
Scenario1,0,RE1,,PWRTRN,,2025,,,,,,,,,,,,,,0.005752444774225344,,,
Scenario1,0,RE1,,PWRTRN,,2026,,,,,,,,,,,,,,0.005956135265177396,,,
Scenario1,0,RE1,,PWRTRN,,2027,,,,,,,,,,,,,,0.006292926054565559,,,
Scenario1,0,RE1,,PWRTRN,,2028,,,,,,,,,,,,,,0.006649418456178338,,,
Scenario1,0,RE1,,PWRTRN,,2029,,,,,,,,,,,,,,0.007057147701006594,,,
Scenario1,0,RE1,,PWRTRN,,2030,,,,,,,,,,,,,,0.007494702497399258,,,
Scenario1,0,RE1,,PWRTRN,,2031,,,,,,,,,,,,,,0.007903365242252703,,,
Scenario1,0,RE1,,PWRTRN,,2032,,,,,,,,,,,,,,0.008356975679766088,,,
Scenario1,0,RE1,,PWRTRN,,2033,,,,,,,,,,,,,,0.008816840672512986,,,
Scenario1,0,RE1,,PWRTRN,,2034,,,,,,,,,,,,,,0.009306173908373912,,,
Scenario1,0,RE1,,PWRTRN,,2035,,,,,,,,,,,,,,0.00982107525188619,,,
Scenario1,0,RE1,,PWRTRN,,2036,,,,,,,,,,,,,,0.010343237553388888,,,
Scenario1,0,RE1,,PWRTRN,,2037,,,,,,,,,,,,,,0.010930964863804871,,,
Scenario1,0,RE1,,PWRTRN,,2038,,,,,,,,,,,,,,0.011543387752000986,,,
Scenario1,0,RE1,,PWRTRN,,2039,,,,,,,,,,,,,,0.012190991228181482,,,
Scenario1,0,RE1,,PWRTRN,,2040,,,,,,,,,,,,,,0.012877981070848428,,,
Scenario1,0,RE1,,PWRTRN,,2041,,,,,,,,,,,,,,0.01360201143941967,,,
Scenario1,0,RE1,,PWRTRN,,2042,,,,,,,,,,,,,,0.01435175356881742,,,
Scenario1,0,RE1,,PWRTRN,,2043,,,,,,,,,,,,,,0.015151578730415572,,,
Scenario1,0,RE1,,PWRTRN,,2044,,,,,,,,,,,,,,0.01599426855090809,,,
Scenario1,0,RE1,,PWRTRN,,2045,,,,,,,,,,,,,,0.016885660414436475,,,
Scenario1,0,RE1,,PWRTRN,,2046,,,,,,,,,,,,,,0.017826745224550116,,,
Scenario1,0,RE1,,PWRTRN,,2047,,,,,,,,,,,,,,0.018818308821139065,,,
Scenario1,0,RE1,,PWRTRN,,2048,,,,,,,,,,,,,,0.019867161000390737,,,
Scenario1,0,RE1,,PWRTRN,,2049,,,,,,,,,,,,,,0.020974499448512138,,,
Scenario1,0,RE1,,PWRTRN,,2050,,,,,,,,,,,,,,0.02214122581033817,,,
Scenario1,0,RE1,,PWRURN001,,2019,,,,,,,,,,,,,,0.0,,,
Scenario1,0,RE1,,PWRURN001,,2020,,,,,,,,,,,,,,0.0,,,
Scenario1,0,RE1,,PWRURN001,,2021,,,,,,,,,,,,,,0.0,,,
Scenario1,0,RE1,,PWRURN001,,2022,,,,,,,,,,,,,,0.0,,,
Scenario1,0,RE1,,PWRURN001,,2023,,,,,,,,,,,,,,0.0,,,
Scenario1,0,RE1,,PWRURN001,,2024,,,,,,,,,,,,,,0.0,,,
Scenario1,0,RE1,,PWRURN001,,2025,,,,,,,,,,,,,,0.0,,,
Scenario1,0,RE1,,PWRURN001,,2026,,,,,,,,,,,,,,0.0,,,
Scenario1,0,RE1,,PWRURN001,,2027,,,,,,,,,,,,,,0.0,,,
Scenario1,0,RE1,,PWRURN001,,2028,,,,,,,,,,,,,,0.0,,,
Scenario1,0,RE1,,PWRURN001,,2029,,,,,,,,,,,,,,0.0,,,
Scenario1,0,RE1,,PWRURN001,,2030,,,,,,,,,,,,,,0.0,,,
Scenario1,0,RE1,,PWRURN001,,2031,,,,,,,,,,,,,,0.0,,,
Scenario1,0,RE1,,PWRURN001,,2032,,,,,,,,,,,,,,0.0,,,
Scenario1,0,RE1,,PWRURN001,,2033,,,,,,,,,,,,,,0.0,,,
Scenario1,0,RE1,,PWRURN001,,2034,,,,,,,,,,,,,,0.0,,,
Scenario1,0,RE1,,PWRURN001,,2035,,,,,,,,,,,,,,0.0,,,
Scenario1,0,RE1,,PWRURN001,,2036,,,,,,,,,,,,,,0.0,,,
Scenario1,0,RE1,,PWRURN001,,2037,,,,,,,,,,,,,,0.0,,,
Scenario1,0,RE1,,PWRURN001,,2038,,,,,,,,,,,,,,0.0,,,
Scenario1,0,RE1,,PWRURN001,,2039,,,,,,,,,,,,,,0.0,,,
Scenario1,0,RE1,,PWRURN001,,2040,,,,,,,,,,,,,,0.0,,,
Scenario1,0,RE1,,PWRURN001,,2041,,,,,,,,,,,,,,0.7938729397203427,,,
Scenario1,0,RE1,,PWRURN001,,2042,,,,,,,,,,,,,,1.2262421264602348,,,
Scenario1,0,RE1,,PWRURN001,,2043,,,,,,,,,,,,,,1.2262421264602348,,,
Scenario1,0,RE1,,PWRURN001,,2044,,,,,,,,,,,,,,1.2262421264602135,,,
Scenario1,0,RE1,,PWRURN001,,2045,,,,,,,,,,,,,,2.452484252920469,,,
Scenario1,0,RE1,,PWRURN001,,2046,,,,,,,,,,,,,,2.4524842529204696,,,
Scenario1,0,RE1,,PWRURN001,,2047,,,,,,,,,,,,,,2.452484252920469,,,
Scenario1,0,RE1,,PWRURN001,,2048,,,,,,,,,,,,,,2.4524842529204696,,,
Scenario1,0,RE1,,PWRURN001,,2049,,,,,,,,,,,,,,3.678726379380704,,,
Scenario1,0,RE1,,PWRURN001,,2050,,,,,,,,,,,,,,3.678726379380705,,,
Scenario1,0,RE1,,PWRWND001,,2019,,,,,,,,,,,,,,0.0,,,
Scenario1,0,RE1,,PWRWND001,,2020,,,,,,,,,,,,,,0.0,,,
Scenario1,0,RE1,,PWRWND001,,2021,,,,,,,,,,,,,,0.0,,,
Scenario1,0,RE1,,PWRWND001,,2022,,,,,,,,,,,,,,0.0,,,
Scenario1,0,RE1,,PWRWND001,,2023,,,,,,,,,,,,,,0.0,,,
Scenario1,0,RE1,,PWRWND001,,2024,,,,,,,,,,,,,,0.0,,,
Scenario1,0,RE1,,PWRWND001,,2025,,,,,,,,,,,,,,0.0,,,
Scenario1,0,RE1,,PWRWND001,,2026,,,,,,,,,,,,,,0.0,,,
Scenario1,0,RE1,,PWRWND001,,2027,,,,,,,,,,,,,,0.0,,,
Scenario1,0,RE1,,PWRWND001,,2028,,,,,,,,,,,,,,0.0,,,
Scenario1,0,RE1,,PWRWND001,,2029,,,,,,,,,,,,,,0.0,,,
Scenario1,0,RE1,,PWRWND001,,2030,,,,,,,,,,,,,,0.0,,,
Scenario1,0,RE1,,PWRWND001,,2031,,,,,,,,,,,,,,0.0,,,
Scenario1,0,RE1,,PWRWND001,,2032,,,,,,,,,,,,,,0.0,,,
Scenario1,0,RE1,,PWRWND001,,2033,,,,,,,,,,,,,,0.0,,,
Scenario1,0,RE1,,PWRWND001,,2034,,,,,,,,,,,,,,0.0,,,
Scenario1,0,RE1,,PWRWND001,,2035,,,,,,,,,,,,,,0.0,,,
Scenario1,0,RE1,,PWRWND001,,2036,,,,,,,,,,,,,,0.0,,,
Scenario1,0,RE1,,PWRWND001,,2037,,,,,,,,,,,,,,0.0,,,
Scenario1,0,RE1,,PWRWND001,,2038,,,,,,,,,,,,,,0.0,,,
Scenario1,0,RE1,,PWRWND001,,2039,,,,,,,,,,,,,,0.0,,,
Scenario1,0,RE1,,PWRWND001,,2040,,,,,,,,,,,,,,0.0,,,
Scenario1,0,RE1,,PWRWND001,,2041,,,,,,,,,,,,,,0.0,,,
Scenario1,0,RE1,,PWRWND001,,2042,,,,,,,,,,,,,,0.0,,,
Scenario1,0,RE1,,PWRWND001,,2043,,,,,,,,,,,,,,0.0,,,
Scenario1,0,RE1,,PWRWND001,,2044,,,,,,,,,,,,,,0.0,,,
Scenario1,0,RE1,,PWRWND001,,2045,,,,,,,,,,,,,,0.0,,,
Scenario1,0,RE1,,PWRWND001,,2046,,,,,,,,,,,,,,0.0,,,
Scenario1,0,RE1,,PWRWND001,,2047,,,,,,,,,,,,,,0.0,,,
Scenario1,0,RE1,,PWRWND001,,2048,,,,,,,,,,,,,,0.0,,,
Scenario1,0,RE1,,PWRWND001,,2049,,,,,,,,,,,,,,0.0,,,
Scenario1,0,RE1,,PWRWND001,,2050,,,,,,,,,,,,,,0.0,,,
Scenario1,0,RE1,,PWRWND002,,2019,,,,,,,,,,,,,,0.0,,,
Scenario1,0,RE1,,PWRWND002,,2020,,,,,,,,,,,,,,0.0,,,
Scenario1,0,RE1,,PWRWND002,,2021,,,,,,,,,,,,,,0.0,,,
Scenario1,0,RE1,,PWRWND002,,2022,,,,,,,,,,,,,,0.0,,,
Scenario1,0,RE1,,PWRWND002,,2023,,,,,,,,,,,,,,0.0,,,
Scenario1,0,RE1,,PWRWND002,,2024,,,,,,,,,,,,,,0.0,,,
Scenario1,0,RE1,,PWRWND002,,2025,,,,,,,,,,,,,,0.0,,,
Scenario1,0,RE1,,PWRWND002,,2026,,,,,,,,,,,,,,0.0,,,
Scenario1,0,RE1,,PWRWND002,,2027,,,,,,,,,,,,,,0.0,,,
Scenario1,0,RE1,,PWRWND002,,2028,,,,,,,,,,,,,,0.0,,,
Scenario1,0,RE1,,PWRWND002,,2029,,,,,,,,,,,,,,0.0,,,
Scenario1,0,RE1,,PWRWND002,,2030,,,,,,,,,,,,,,0.0,,,
Scenario1,0,RE1,,PWRWND002,,2031,,,,,,,,,,,,,,0.0,,,
Scenario1,0,RE1,,PWRWND002,,2032,,,,,,,,,,,,,,0.0,,,
Scenario1,0,RE1,,PWRWND002,,2033,,,,,,,,,,,,,,0.0,,,
Scenario1,0,RE1,,PWRWND002,,2034,,,,,,,,,,,,,,0.0,,,
Scenario1,0,RE1,,PWRWND002,,2035,,,,,,,,,,,,,,0.0,,,
Scenario1,0,RE1,,PWRWND002,,2036,,,,,,,,,,,,,,0.0,,,
Scenario1,0,RE1,,PWRWND002,,2037,,,,,,,,,,,,,,0.0,,,
Scenario1,0,RE1,,PWRWND002,,2038,,,,,,,,,,,,,,0.0,,,
Scenario1,0,RE1,,PWRWND002,,2039,,,,,,,,,,,,,,0.0,,,
Scenario1,0,RE1,,PWRWND002,,2040,,,,,,,,,,,,,,0.0,,,
Scenario1,0,RE1,,PWRWND002,,2041,,,,,,,,,,,,,,0.0,,,
Scenario1,0,RE1,,PWRWND002,,2042,,,,,,,,,,,,,,0.0,,,
Scenario1,0,RE1,,PWRWND002,,2043,,,,,,,,,,,,,,0.0,,,
Scenario1,0,RE1,,PWRWND002,,2044,,,,,,,,,,,,,,0.0,,,
Scenario1,0,RE1,,PWRWND002,,2045,,,,,,,,,,,,,,0.0,,,
Scenario1,0,RE1,,PWRWND002,,2046,,,,,,,,,,,,,,0.0,,,
Scenario1,0,RE1,,PWRWND002,,2047,,,,,,,,,,,,,,0.0,,,
Scenario1,0,RE1,,PWRWND002,,2048,,,,,,,,,,,,,,0.0,,,
Scenario1,0,RE1,,PWRWND002,,2049,,,,,,,,,,,,,,0.0,,,
Scenario1,0,RE1,,PWRWND002,,2050,,,,,,,,,,,,,,0.0,,,
Scenario1,0,RE1,,PWRWND003,,2019,,,,,,,,,,,,,,0.0,,,
Scenario1,0,RE1,,PWRWND003,,2020,,,,,,,,,,,,,,0.0,,,
Scenario1,0,RE1,,PWRWND003,,2021,,,,,,,,,,,,,,0.0,,,
Scenario1,0,RE1,,PWRWND003,,2022,,,,,,,,,,,,,,0.0,,,
Scenario1,0,RE1,,PWRWND003,,2023,,,,,,,,,,,,,,0.0,,,
Scenario1,0,RE1,,PWRWND003,,2024,,,,,,,,,,,,,,0.0,,,
Scenario1,0,RE1,,PWRWND003,,2025,,,,,,,,,,,,,,0.0,,,
Scenario1,0,RE1,,PWRWND003,,2026,,,,,,,,,,,,,,0.0,,,
Scenario1,0,RE1,,PWRWND003,,2027,,,,,,,,,,,,,,0.0,,,
Scenario1,0,RE1,,PWRWND003,,2028,,,,,,,,,,,,,,0.0,,,
Scenario1,0,RE1,,PWRWND003,,2029,,,,,,,,,,,,,,0.0,,,
Scenario1,0,RE1,,PWRWND003,,2030,,,,,,,,,,,,,,0.0,,,
Scenario1,0,RE1,,PWRWND003,,2031,,,,,,,,,,,,,,0.0,,,
Scenario1,0,RE1,,PWRWND003,,2032,,,,,,,,,,,,,,0.0,,,
Scenario1,0,RE1,,PWRWND003,,2033,,,,,,,,,,,,,,0.0,,,
Scenario1,0,RE1,,PWRWND003,,2034,,,,,,,,,,,,,,0.0,,,
Scenario1,0,RE1,,PWRWND003,,2035,,,,,,,,,,,,,,0.0,,,
Scenario1,0,RE1,,PWRWND003,,2036,,,,,,,,,,,,,,0.0,,,
Scenario1,0,RE1,,PWRWND003,,2037,,,,,,,,,,,,,,0.0,,,
Scenario1,0,RE1,,PWRWND003,,2038,,,,,,,,,,,,,,0.0,,,
Scenario1,0,RE1,,PWRWND003,,2039,,,,,,,,,,,,,,0.0,,,
Scenario1,0,RE1,,PWRWND003,,2040,,,,,,,,,,,,,,0.0,,,
Scenario1,0,RE1,,PWRWND003,,2041,,,,,,,,,,,,,,0.0,,,
Scenario1,0,RE1,,PWRWND003,,2042,,,,,,,,,,,,,,0.0,,,
Scenario1,0,RE1,,PWRWND003,,2043,,,,,,,,,,,,,,0.0,,,
Scenario1,0,RE1,,PWRWND003,,2044,,,,,,,,,,,,,,0.0,,,
Scenario1,0,RE1,,PWRWND003,,2045,,,,,,,,,,,,,,0.0,,,
Scenario1,0,RE1,,PWRWND003,,2046,,,,,,,,,,,,,,5.467777469469503e-05,,,
Scenario1,0,RE1,,PWRWND003,,2047,,,,,,,,,,,,,,0.0004937461677673516,,,
Scenario1,0,RE1,,PWRWND003,,2048,,,,,,,,,,,,,,0.0007781842234420217,,,
Scenario1,0,RE1,,PWRWND003,,2049,,,,,,,,,,,,,,0.0007781842234420221,,,
Scenario1,0,RE1,,PWRWND003,,2050,,,,,,,,,,,,,,0.0007781842234420217,,,
Scenario1,0,RE1,,PWRWND004,,2019,,,,,,,,,,,,,,0.0,,,
Scenario1,0,RE1,,PWRWND004,,2020,,,,,,,,,,,,,,0.0,,,
Scenario1,0,RE1,,PWRWND004,,2021,,,,,,,,,,,,,,0.0,,,
Scenario1,0,RE1,,PWRWND004,,2022,,,,,,,,,,,,,,0.0,,,
Scenario1,0,RE1,,PWRWND004,,2023,,,,,,,,,,,,,,0.0,,,
Scenario1,0,RE1,,PWRWND004,,2024,,,,,,,,,,,,,,0.0,,,
Scenario1,0,RE1,,PWRWND004,,2025,,,,,,,,,,,,,,0.0,,,
Scenario1,0,RE1,,PWRWND004,,2026,,,,,,,,,,,,,,0.0,,,
Scenario1,0,RE1,,PWRWND004,,2027,,,,,,,,,,,,,,0.0,,,
Scenario1,0,RE1,,PWRWND004,,2028,,,,,,,,,,,,,,0.0,,,
Scenario1,0,RE1,,PWRWND004,,2029,,,,,,,,,,,,,,0.0,,,
Scenario1,0,RE1,,PWRWND004,,2030,,,,,,,,,,,,,,0.0,,,
Scenario1,0,RE1,,PWRWND004,,2031,,,,,,,,,,,,,,0.0,,,
Scenario1,0,RE1,,PWRWND004,,2032,,,,,,,,,,,,,,0.0,,,
Scenario1,0,RE1,,PWRWND004,,2033,,,,,,,,,,,,,,0.0,,,
Scenario1,0,RE1,,PWRWND004,,2034,,,,,,,,,,,,,,5.002298572876036e-05,,,
Scenario1,0,RE1,,PWRWND004,,2035,,,,,,,,,,,,,,5.002298572875717e-05,,,
Scenario1,0,RE1,,PWRWND004,,2036,,,,,,,,,,,,,,5.0022985728765434e-05,,,
Scenario1,0,RE1,,PWRWND004,,2037,,,,,,,,,,,,,,5.002298572875959e-05,,,
Scenario1,0,RE1,,PWRWND004,,2038,,,,,,,,,,,,,,0.00045824236149025394,,,
Scenario1,0,RE1,,PWRWND004,,2039,,,,,,,,,,,,,,0.0004582423614902556,,,
Scenario1,0,RE1,,PWRWND004,,2040,,,,,,,,,,,,,,0.00045824236149025096,,,
Scenario1,0,RE1,,PWRWND004,,2041,,,,,,,,,,,,,,0.0011957299269706556,,,
Scenario1,0,RE1,,PWRWND004,,2042,,,,,,,,,,,,,,0.0012571370443556957,,,
Scenario1,0,RE1,,PWRWND004,,2043,,,,,,,,,,,,,,0.00132861586197283,,,
Scenario1,0,RE1,,PWRWND004,,2044,,,,,,,,,,,,,,0.0014041568990547733,,,
Scenario1,0,RE1,,PWRWND004,,2045,,,,,,,,,,,,,,0.001483994043930135,,,
Scenario1,0,RE1,,PWRWND004,,2046,,,,,,,,,,,,,,0.0015683699924378084,,,
Scenario1,0,RE1,,PWRWND004,,2047,,,,,,,,,,,,,,0.0016575440768250252,,,
Scenario1,0,RE1,,PWRWND004,,2048,,,,,,,,,,,,,,0.0017517883512982529,,,
Scenario1,0,RE1,,PWRWND004,,2049,,,,,,,,,,,,,,0.0018513915064723692,,,
Scenario1,0,RE1,,PWRWND004,,2050,,,,,,,,,,,,,,0.0019566569121459887,,,
Scenario1,0,RE1,,PWRWND005,,2019,,,,,,,,,,,,,,0.0,,,
Scenario1,0,RE1,,PWRWND005,,2020,,,,,,,,,,,,,,0.0,,,
Scenario1,0,RE1,,PWRWND005,,2021,,,,,,,,,,,,,,0.0,,,
Scenario1,0,RE1,,PWRWND005,,2022,,,,,,,,,,,,,,0.0,,,
Scenario1,0,RE1,,PWRWND005,,2023,,,,,,,,,,,,,,0.0,,,
Scenario1,0,RE1,,PWRWND005,,2024,,,,,,,,,,,,,,0.0,,,
Scenario1,0,RE1,,PWRWND005,,2025,,,,,,,,,,,,,,0.0,,,
Scenario1,0,RE1,,PWRWND005,,2026,,,,,,,,,,,,,,0.0,,,
Scenario1,0,RE1,,PWRWND005,,2027,,,,,,,,,,,,,,0.0,,,
Scenario1,0,RE1,,PWRWND005,,2028,,,,,,,,,,,,,,0.0,,,
Scenario1,0,RE1,,PWRWND005,,2029,,,,,,,,,,,,,,0.0,,,
Scenario1,0,RE1,,PWRWND005,,2030,,,,,,,,,,,,,,0.0,,,
Scenario1,0,RE1,,PWRWND005,,2031,,,,,,,,,,,,,,0.0,,,
Scenario1,0,RE1,,PWRWND005,,2032,,,,,,,,,,,,,,0.0,,,
Scenario1,0,RE1,,PWRWND005,,2033,,,,,,,,,,,,,,0.0,,,
Scenario1,0,RE1,,PWRWND005,,2034,,,,,,,,,,,,,,0.0,,,
Scenario1,0,RE1,,PWRWND005,,2035,,,,,,,,,,,,,,0.0,,,
Scenario1,0,RE1,,PWRWND005,,2036,,,,,,,,,,,,,,0.0,,,
Scenario1,0,RE1,,PWRWND005,,2037,,,,,,,,,,,,,,0.0,,,
Scenario1,0,RE1,,PWRWND005,,2038,,,,,,,,,,,,,,0.0,,,
Scenario1,0,RE1,,PWRWND005,,2039,,,,,,,,,,,,,,0.0,,,
Scenario1,0,RE1,,PWRWND005,,2040,,,,,,,,,,,,,,0.0,,,
Scenario1,0,RE1,,PWRWND005,,2041,,,,,,,,,,,,,,0.0,,,
Scenario1,0,RE1,,PWRWND005,,2042,,,,,,,,,,,,,,0.0,,,
Scenario1,0,RE1,,PWRWND005,,2043,,,,,,,,,,,,,,0.0,,,
Scenario1,0,RE1,,PWRWND005,,2044,,,,,,,,,,,,,,0.0,,,
Scenario1,0,RE1,,PWRWND005,,2045,,,,,,,,,,,,,,0.0,,,
Scenario1,0,RE1,,PWRWND005,,2046,,,,,,,,,,,,,,0.0,,,
Scenario1,0,RE1,,PWRWND005,,2047,,,,,,,,,,,,,,0.0,,,
Scenario1,0,RE1,,PWRWND005,,2048,,,,,,,,,,,,,,0.0,,,
Scenario1,0,RE1,,PWRWND005,,2049,,,,,,,,,,,,,,0.0,,,
Scenario1,0,RE1,,PWRWND005,,2050,,,,,,,,,,,,,,0.0,,,
Scenario1,0,RE1,,PWRWND006,,2019,,,,,,,,,,,,,,0.0,,,
Scenario1,0,RE1,,PWRWND006,,2020,,,,,,,,,,,,,,0.0,,,
Scenario1,0,RE1,,PWRWND006,,2021,,,,,,,,,,,,,,0.0,,,
Scenario1,0,RE1,,PWRWND006,,2022,,,,,,,,,,,,,,0.0,,,
Scenario1,0,RE1,,PWRWND006,,2023,,,,,,,,,,,,,,0.0,,,
Scenario1,0,RE1,,PWRWND006,,2024,,,,,,,,,,,,,,0.0,,,
Scenario1,0,RE1,,PWRWND006,,2025,,,,,,,,,,,,,,0.0,,,
Scenario1,0,RE1,,PWRWND006,,2026,,,,,,,,,,,,,,0.0,,,
Scenario1,0,RE1,,PWRWND006,,2027,,,,,,,,,,,,,,0.0,,,
Scenario1,0,RE1,,PWRWND006,,2028,,,,,,,,,,,,,,0.0,,,
Scenario1,0,RE1,,PWRWND006,,2029,,,,,,,,,,,,,,0.0,,,
Scenario1,0,RE1,,PWRWND006,,2030,,,,,,,,,,,,,,0.0,,,
Scenario1,0,RE1,,PWRWND006,,2031,,,,,,,,,,,,,,0.0,,,
Scenario1,0,RE1,,PWRWND006,,2032,,,,,,,,,,,,,,0.0,,,
Scenario1,0,RE1,,PWRWND006,,2033,,,,,,,,,,,,,,0.0,,,
Scenario1,0,RE1,,PWRWND006,,2034,,,,,,,,,,,,,,0.0,,,
Scenario1,0,RE1,,PWRWND006,,2035,,,,,,,,,,,,,,0.0,,,
Scenario1,0,RE1,,PWRWND006,,2036,,,,,,,,,,,,,,0.0,,,
Scenario1,0,RE1,,PWRWND006,,2037,,,,,,,,,,,,,,0.0,,,
Scenario1,0,RE1,,PWRWND006,,2038,,,,,,,,,,,,,,0.0,,,
Scenario1,0,RE1,,PWRWND006,,2039,,,,,,,,,,,,,,0.0,,,
Scenario1,0,RE1,,PWRWND006,,2040,,,,,,,,,,,,,,0.0,,,
Scenario1,0,RE1,,PWRWND006,,2041,,,,,,,,,,,,,,0.0,,,
Scenario1,0,RE1,,PWRWND006,,2042,,,,,,,,,,,,,,0.0,,,
Scenario1,0,RE1,,PWRWND006,,2043,,,,,,,,,,,,,,0.0,,,
Scenario1,0,RE1,,PWRWND006,,2044,,,,,,,,,,,,,,0.0,,,
Scenario1,0,RE1,,PWRWND006,,2045,,,,,,,,,,,,,,0.0,,,
Scenario1,0,RE1,,PWRWND006,,2046,,,,,,,,,,,,,,0.0,,,
Scenario1,0,RE1,,PWRWND006,,2047,,,,,,,,,,,,,,0.0,,,
Scenario1,0,RE1,,PWRWND006,,2048,,,,,,,,,,,,,,0.0,,,
Scenario1,0,RE1,,PWRWND006,,2049,,,,,,,,,,,,,,0.0,,,
Scenario1,0,RE1,,PWRWND006,,2050,,,,,,,,,,,,,,0.0,,,
Scenario1,0,RE1,,PWRWND007,,2019,,,,,,,,,,,,,,0.0,,,
Scenario1,0,RE1,,PWRWND007,,2020,,,,,,,,,,,,,,0.0,,,
Scenario1,0,RE1,,PWRWND007,,2021,,,,,,,,,,,,,,0.0,,,
Scenario1,0,RE1,,PWRWND007,,2022,,,,,,,,,,,,,,0.0,,,
Scenario1,0,RE1,,PWRWND007,,2023,,,,,,,,,,,,,,0.0,,,
Scenario1,0,RE1,,PWRWND007,,2024,,,,,,,,,,,,,,0.0,,,
Scenario1,0,RE1,,PWRWND007,,2025,,,,,,,,,,,,,,0.0,,,
Scenario1,0,RE1,,PWRWND007,,2026,,,,,,,,,,,,,,0.0,,,
Scenario1,0,RE1,,PWRWND007,,2027,,,,,,,,,,,,,,0.0,,,
Scenario1,0,RE1,,PWRWND007,,2028,,,,,,,,,,,,,,0.0,,,
Scenario1,0,RE1,,PWRWND007,,2029,,,,,,,,,,,,,,0.0,,,
Scenario1,0,RE1,,PWRWND007,,2030,,,,,,,,,,,,,,0.0,,,
Scenario1,0,RE1,,PWRWND007,,2031,,,,,,,,,,,,,,0.0,,,
Scenario1,0,RE1,,PWRWND007,,2032,,,,,,,,,,,,,,0.0,,,
Scenario1,0,RE1,,PWRWND007,,2033,,,,,,,,,,,,,,0.0,,,
Scenario1,0,RE1,,PWRWND007,,2034,,,,,,,,,,,,,,0.0,,,
Scenario1,0,RE1,,PWRWND007,,2035,,,,,,,,,,,,,,0.0,,,
Scenario1,0,RE1,,PWRWND007,,2036,,,,,,,,,,,,,,0.0,,,
Scenario1,0,RE1,,PWRWND007,,2037,,,,,,,,,,,,,,0.0,,,
Scenario1,0,RE1,,PWRWND007,,2038,,,,,,,,,,,,,,0.0,,,
Scenario1,0,RE1,,PWRWND007,,2039,,,,,,,,,,,,,,0.0,,,
Scenario1,0,RE1,,PWRWND007,,2040,,,,,,,,,,,,,,0.0,,,
Scenario1,0,RE1,,PWRWND007,,2041,,,,,,,,,,,,,,0.0,,,
Scenario1,0,RE1,,PWRWND007,,2042,,,,,,,,,,,,,,0.0,,,
Scenario1,0,RE1,,PWRWND007,,2043,,,,,,,,,,,,,,0.0,,,
Scenario1,0,RE1,,PWRWND007,,2044,,,,,,,,,,,,,,0.0,,,
Scenario1,0,RE1,,PWRWND007,,2045,,,,,,,,,,,,,,0.0,,,
Scenario1,0,RE1,,PWRWND007,,2046,,,,,,,,,,,,,,0.0,,,
Scenario1,0,RE1,,PWRWND007,,2047,,,,,,,,,,,,,,0.0,,,
Scenario1,0,RE1,,PWRWND007,,2048,,,,,,,,,,,,,,0.0,,,
Scenario1,0,RE1,,PWRWND007,,2049,,,,,,,,,,,,,,0.0,,,
Scenario1,0,RE1,,PWRWND007,,2050,,,,,,,,,,,,,,0.0,,,
Scenario1,0,RE1,,PWRWND008,,2019,,,,,,,,,,,,,,0.0,,,
Scenario1,0,RE1,,PWRWND008,,2020,,,,,,,,,,,,,,0.0,,,
Scenario1,0,RE1,,PWRWND008,,2021,,,,,,,,,,,,,,0.0,,,
Scenario1,0,RE1,,PWRWND008,,2022,,,,,,,,,,,,,,0.0,,,
Scenario1,0,RE1,,PWRWND008,,2023,,,,,,,,,,,,,,0.0,,,
Scenario1,0,RE1,,PWRWND008,,2024,,,,,,,,,,,,,,0.0,,,
Scenario1,0,RE1,,PWRWND008,,2025,,,,,,,,,,,,,,0.0,,,
Scenario1,0,RE1,,PWRWND008,,2026,,,,,,,,,,,,,,0.0,,,
Scenario1,0,RE1,,PWRWND008,,2027,,,,,,,,,,,,,,0.0,,,
Scenario1,0,RE1,,PWRWND008,,2028,,,,,,,,,,,,,,0.0,,,
Scenario1,0,RE1,,PWRWND008,,2029,,,,,,,,,,,,,,0.0,,,
Scenario1,0,RE1,,PWRWND008,,2030,,,,,,,,,,,,,,0.0,,,
Scenario1,0,RE1,,PWRWND008,,2031,,,,,,,,,,,,,,0.0,,,
Scenario1,0,RE1,,PWRWND008,,2032,,,,,,,,,,,,,,0.0,,,
Scenario1,0,RE1,,PWRWND008,,2033,,,,,,,,,,,,,,0.0,,,
Scenario1,0,RE1,,PWRWND008,,2034,,,,,,,,,,,,,,0.0,,,
Scenario1,0,RE1,,PWRWND008,,2035,,,,,,,,,,,,,,0.0,,,
Scenario1,0,RE1,,PWRWND008,,2036,,,,,,,,,,,,,,0.0,,,
Scenario1,0,RE1,,PWRWND008,,2037,,,,,,,,,,,,,,0.0,,,
Scenario1,0,RE1,,PWRWND008,,2038,,,,,,,,,,,,,,0.0,,,
Scenario1,0,RE1,,PWRWND008,,2039,,,,,,,,,,,,,,0.0,,,
Scenario1,0,RE1,,PWRWND008,,2040,,,,,,,,,,,,,,0.0,,,
Scenario1,0,RE1,,PWRWND008,,2041,,,,,,,,,,,,,,0.0,,,
Scenario1,0,RE1,,PWRWND008,,2042,,,,,,,,,,,,,,0.0,,,
Scenario1,0,RE1,,PWRWND008,,2043,,,,,,,,,,,,,,0.0,,,
Scenario1,0,RE1,,PWRWND008,,2044,,,,,,,,,,,,,,0.0,,,
Scenario1,0,RE1,,PWRWND008,,2045,,,,,,,,,,,,,,0.0,,,
Scenario1,0,RE1,,PWRWND008,,2046,,,,,,,,,,,,,,0.0,,,
Scenario1,0,RE1,,PWRWND008,,2047,,,,,,,,,,,,,,0.0,,,
Scenario1,0,RE1,,PWRWND008,,2048,,,,,,,,,,,,,,0.0,,,
Scenario1,0,RE1,,PWRWND008,,2049,,,,,,,,,,,,,,0.0,,,
Scenario1,0,RE1,,PWRWND008,,2050,,,,,,,,,,,,,,0.0,,,
Scenario1,0,RE1,,PWRWND009,,2019,,,,,,,,,,,,,,0.0,,,
Scenario1,0,RE1,,PWRWND009,,2020,,,,,,,,,,,,,,0.0,,,
Scenario1,0,RE1,,PWRWND009,,2021,,,,,,,,,,,,,,0.0,,,
Scenario1,0,RE1,,PWRWND009,,2022,,,,,,,,,,,,,,0.0,,,
Scenario1,0,RE1,,PWRWND009,,2023,,,,,,,,,,,,,,0.0,,,
Scenario1,0,RE1,,PWRWND009,,2024,,,,,,,,,,,,,,0.0,,,
Scenario1,0,RE1,,PWRWND009,,2025,,,,,,,,,,,,,,0.0,,,
Scenario1,0,RE1,,PWRWND009,,2026,,,,,,,,,,,,,,0.0,,,
Scenario1,0,RE1,,PWRWND009,,2027,,,,,,,,,,,,,,0.0,,,
Scenario1,0,RE1,,PWRWND009,,2028,,,,,,,,,,,,,,0.0,,,
Scenario1,0,RE1,,PWRWND009,,2029,,,,,,,,,,,,,,0.0,,,
Scenario1,0,RE1,,PWRWND009,,2030,,,,,,,,,,,,,,0.0,,,
Scenario1,0,RE1,,PWRWND009,,2031,,,,,,,,,,,,,,0.0,,,
Scenario1,0,RE1,,PWRWND009,,2032,,,,,,,,,,,,,,0.0,,,
Scenario1,0,RE1,,PWRWND009,,2033,,,,,,,,,,,,,,0.0,,,
Scenario1,0,RE1,,PWRWND009,,2034,,,,,,,,,,,,,,0.0,,,
Scenario1,0,RE1,,PWRWND009,,2035,,,,,,,,,,,,,,0.0,,,
Scenario1,0,RE1,,PWRWND009,,2036,,,,,,,,,,,,,,0.0,,,
Scenario1,0,RE1,,PWRWND009,,2037,,,,,,,,,,,,,,0.0,,,
Scenario1,0,RE1,,PWRWND009,,2038,,,,,,,,,,,,,,0.0,,,
Scenario1,0,RE1,,PWRWND009,,2039,,,,,,,,,,,,,,0.0,,,
Scenario1,0,RE1,,PWRWND009,,2040,,,,,,,,,,,,,,0.0,,,
Scenario1,0,RE1,,PWRWND009,,2041,,,,,,,,,,,,,,0.0,,,
Scenario1,0,RE1,,PWRWND009,,2042,,,,,,,,,,,,,,0.0,,,
Scenario1,0,RE1,,PWRWND009,,2043,,,,,,,,,,,,,,0.0,,,
Scenario1,0,RE1,,PWRWND009,,2044,,,,,,,,,,,,,,0.0,,,
Scenario1,0,RE1,,PWRWND009,,2045,,,,,,,,,,,,,,0.0,,,
Scenario1,0,RE1,,PWRWND009,,2046,,,,,,,,,,,,,,0.0,,,
Scenario1,0,RE1,,PWRWND009,,2047,,,,,,,,,,,,,,0.0,,,
Scenario1,0,RE1,,PWRWND009,,2048,,,,,,,,,,,,,,0.0,,,
Scenario1,0,RE1,,PWRWND009,,2049,,,,,,,,,,,,,,0.0,,,
Scenario1,0,RE1,,PWRWND009,,2050,,,,,,,,,,,,,,0.0,,,
Scenario1,0,RE1,,PWRWND010,,2019,,,,,,,,,,,,,,0.0,,,
Scenario1,0,RE1,,PWRWND010,,2020,,,,,,,,,,,,,,0.0,,,
Scenario1,0,RE1,,PWRWND010,,2021,,,,,,,,,,,,,,0.0,,,
Scenario1,0,RE1,,PWRWND010,,2022,,,,,,,,,,,,,,0.0,,,
Scenario1,0,RE1,,PWRWND010,,2023,,,,,,,,,,,,,,0.0,,,
Scenario1,0,RE1,,PWRWND010,,2024,,,,,,,,,,,,,,0.0,,,
Scenario1,0,RE1,,PWRWND010,,2025,,,,,,,,,,,,,,0.0,,,
Scenario1,0,RE1,,PWRWND010,,2026,,,,,,,,,,,,,,0.0,,,
Scenario1,0,RE1,,PWRWND010,,2027,,,,,,,,,,,,,,0.0,,,
Scenario1,0,RE1,,PWRWND010,,2028,,,,,,,,,,,,,,0.0,,,
Scenario1,0,RE1,,PWRWND010,,2029,,,,,,,,,,,,,,0.0,,,
Scenario1,0,RE1,,PWRWND010,,2030,,,,,,,,,,,,,,0.0,,,
Scenario1,0,RE1,,PWRWND010,,2031,,,,,,,,,,,,,,0.0,,,
Scenario1,0,RE1,,PWRWND010,,2032,,,,,,,,,,,,,,0.0,,,
Scenario1,0,RE1,,PWRWND010,,2033,,,,,,,,,,,,,,0.0,,,
Scenario1,0,RE1,,PWRWND010,,2034,,,,,,,,,,,,,,0.0,,,
Scenario1,0,RE1,,PWRWND010,,2035,,,,,,,,,,,,,,0.0,,,
Scenario1,0,RE1,,PWRWND010,,2036,,,,,,,,,,,,,,0.0,,,
Scenario1,0,RE1,,PWRWND010,,2037,,,,,,,,,,,,,,0.0,,,
Scenario1,0,RE1,,PWRWND010,,2038,,,,,,,,,,,,,,0.0,,,
Scenario1,0,RE1,,PWRWND010,,2039,,,,,,,,,,,,,,0.0,,,
Scenario1,0,RE1,,PWRWND010,,2040,,,,,,,,,,,,,,0.0,,,
Scenario1,0,RE1,,PWRWND010,,2041,,,,,,,,,,,,,,0.0,,,
Scenario1,0,RE1,,PWRWND010,,2042,,,,,,,,,,,,,,0.0,,,
Scenario1,0,RE1,,PWRWND010,,2043,,,,,,,,,,,,,,0.0,,,
Scenario1,0,RE1,,PWRWND010,,2044,,,,,,,,,,,,,,0.0,,,
Scenario1,0,RE1,,PWRWND010,,2045,,,,,,,,,,,,,,0.0,,,
Scenario1,0,RE1,,PWRWND010,,2046,,,,,,,,,,,,,,0.0,,,
Scenario1,0,RE1,,PWRWND010,,2047,,,,,,,,,,,,,,0.0,,,
Scenario1,0,RE1,,PWRWND010,,2048,,,,,,,,,,,,,,0.0,,,
Scenario1,0,RE1,,PWRWND010,,2049,,,,,,,,,,,,,,0.0,,,
Scenario1,0,RE1,,PWRWND010,,2050,,,,,,,,,,,,,,0.0,,,
Scenario1,0,RE1,,PWRWND011,,2019,,,,,,,,,,,,,,0.00056448414007776,,,
Scenario1,0,RE1,,PWRWND011,,2020,,,,,,,,,,,,,,0.00056448414007776,,,
Scenario1,0,RE1,,PWRWND011,,2021,,,,,,,,,,,,,,0.00073790476682976,,,
Scenario1,0,RE1,,PWRWND011,,2022,,,,,,,,,,,,,,0.00073790476682976,,,
Scenario1,0,RE1,,PWRWND011,,2023,,,,,,,,,,,,,,0.00073790476682976,,,
Scenario1,0,RE1,,PWRWND011,,2024,,,,,,,,,,,,,,0.00073790476682976,,,
Scenario1,0,RE1,,PWRWND011,,2025,,,,,,,,,,,,,,0.0007760573047152,,,
Scenario1,0,RE1,,PWRWND011,,2026,,,,,,,,,,,,,,0.0008627676180912,,,
Scenario1,0,RE1,,PWRWND011,,2027,,,,,,,,,,,,,,0.0008627676180912,,,
Scenario1,0,RE1,,PWRWND011,,2028,,,,,,,,,,,,,,0.0008539231661268479,,,
Scenario1,0,RE1,,PWRWND011,,2029,,,,,,,,,,,,,,0.0008539231661268479,,,
Scenario1,0,RE1,,PWRWND011,,2030,,,,,,,,,,,,,,0.0008539231661268479,,,
Scenario1,0,RE1,,PWRWND011,,2031,,,,,,,,,,,,,,0.0008539231661268479,,,
Scenario1,0,RE1,,PWRWND011,,2032,,,,,,,,,,,,,,0.0008539231661268479,,,
Scenario1,0,RE1,,PWRWND011,,2033,,,,,,,,,,,,,,0.0008539231661268479,,,
Scenario1,0,RE1,,PWRWND011,,2034,,,,,,,,,,,,,,0.0008539231661268479,,,
Scenario1,0,RE1,,PWRWND011,,2035,,,,,,,,,,,,,,0.00081854535826944,,,
Scenario1,0,RE1,,PWRWND011,,2036,,,,,,,,,,,,,,0.00081854535826944,,,
Scenario1,0,RE1,,PWRWND011,,2037,,,,,,,,,,,,,,0.00081854535826944,,,
Scenario1,0,RE1,,PWRWND011,,2038,,,,,,,,,,,,,,0.00029828347801344,,,
Scenario1,0,RE1,,PWRWND011,,2039,,,,,,,,,,,,,,0.00029828347801344,,,
Scenario1,0,RE1,,PWRWND011,,2040,,,,,,,,,,,,,,0.00029828347801344,,,
Scenario1,0,RE1,,PWRWND011,,2041,,,,,,,,,,,,,,0.00012486285126144,,,
Scenario1,0,RE1,,PWRWND011,,2042,,,,,,,,,,,,,,0.00012486285126144,,,
Scenario1,0,RE1,,PWRWND011,,2043,,,,,,,,,,,,,,0.00012486285126143992,,,
Scenario1,0,RE1,,PWRWND011,,2044,,,,,,,,,,,,,,0.00012486285126144,,,
Scenario1,0,RE1,,PWRWND011,,2045,,,,,,,,,,,,,,8.671031337599998e-05,,,
Scenario1,0,RE1,,PWRWND011,,2046,,,,,,,,,,,,,,0.0,,,
Scenario1,0,RE1,,PWRWND011,,2047,,,,,,,,,,,,,,0.0,,,
Scenario1,0,RE1,,PWRWND011,,2048,,,,,,,,,,,,,,0.0,,,
Scenario1,0,RE1,,PWRWND011,,2049,,,,,,,,,,,,,,0.0,,,
Scenario1,0,RE1,,PWRWND011,,2050,,,,,,,,,,,,,,0.0,,,
Scenario1,0,RE1,,BACKSTOP,,2019,,,,,,,,,,,,,304.5526641443939,,,,
Scenario1,0,RE1,,BACKSTOP,,2020,,,,,,,,,,,,,347.504449654932,,,,
Scenario1,0,RE1,,BACKSTOP,,2021,,,,,,,,,,,,,458.1464245763787,,,,
Scenario1,0,RE1,,BACKSTOP,,2022,,,,,,,,,,,,,259.38274902942,,,,
Scenario1,0,RE1,,BACKSTOP,,2023,,,,,,,,,,,,,296.83752748502275,,,,
Scenario1,0,RE1,,BACKSTOP,,2024,,,,,,,,,,,,,341.8355017285405,,,,
Scenario1,0,RE1,,BACKSTOP,,2025,,,,,,,,,,,,,320.4447712617329,,,,
Scenario1,0,RE1,,BACKSTOP,,2026,,,,,,,,,,,,,0.0,,,,
Scenario1,0,RE1,,BACKSTOP,,2027,,,,,,,,,,,,,0.0,,,,
Scenario1,0,RE1,,BACKSTOP,,2028,,,,,,,,,,,,,0.0,,,,
Scenario1,0,RE1,,BACKSTOP,,2029,,,,,,,,,,,,,0.0,,,,
Scenario1,0,RE1,,BACKSTOP,,2030,,,,,,,,,,,,,0.0,,,,
Scenario1,0,RE1,,BACKSTOP,,2031,,,,,,,,,,,,,0.0,,,,
Scenario1,0,RE1,,BACKSTOP,,2032,,,,,,,,,,,,,0.0,,,,
Scenario1,0,RE1,,BACKSTOP,,2033,,,,,,,,,,,,,0.0,,,,
Scenario1,0,RE1,,BACKSTOP,,2034,,,,,,,,,,,,,0.0,,,,
Scenario1,0,RE1,,BACKSTOP,,2035,,,,,,,,,,,,,0.0,,,,
Scenario1,0,RE1,,BACKSTOP,,2036,,,,,,,,,,,,,0.0,,,,
Scenario1,0,RE1,,BACKSTOP,,2037,,,,,,,,,,,,,0.0,,,,
Scenario1,0,RE1,,BACKSTOP,,2038,,,,,,,,,,,,,0.0,,,,
Scenario1,0,RE1,,BACKSTOP,,2039,,,,,,,,,,,,,0.0,,,,
Scenario1,0,RE1,,BACKSTOP,,2040,,,,,,,,,,,,,0.0,,,,
Scenario1,0,RE1,,BACKSTOP,,2041,,,,,,,,,,,,,0.0,,,,
Scenario1,0,RE1,,BACKSTOP,,2042,,,,,,,,,,,,,0.0,,,,
Scenario1,0,RE1,,BACKSTOP,,2043,,,,,,,,,,,,,0.0,,,,
Scenario1,0,RE1,,BACKSTOP,,2044,,,,,,,,,,,,,0.0,,,,
Scenario1,0,RE1,,BACKSTOP,,2045,,,,,,,,,,,,,0.0,,,,
Scenario1,0,RE1,,BACKSTOP,,2046,,,,,,,,,,,,,0.0,,,,
Scenario1,0,RE1,,BACKSTOP,,2047,,,,,,,,,,,,,0.0,,,,
Scenario1,0,RE1,,BACKSTOP,,2048,,,,,,,,,,,,,0.0,,,,
Scenario1,0,RE1,,BACKSTOP,,2049,,,,,,,,,,,,,0.0,,,,
Scenario1,0,RE1,,BACKSTOP,,2050,,,,,,,,,,,,,0.0,,,,
Scenario1,0,RE1,,BESS_TECH,,2019,,,,,,,,,,,,,0.0,,,,
Scenario1,0,RE1,,BESS_TECH,,2020,,,,,,,,,,,,,0.0,,,,
Scenario1,0,RE1,,BESS_TECH,,2021,,,,,,,,,,,,,0.0,,,,
Scenario1,0,RE1,,BESS_TECH,,2022,,,,,,,,,,,,,0.0,,,,
Scenario1,0,RE1,,BESS_TECH,,2023,,,,,,,,,,,,,0.0,,,,
Scenario1,0,RE1,,BESS_TECH,,2024,,,,,,,,,,,,,3.3100000000000005,,,,
Scenario1,0,RE1,,BESS_TECH,,2025,,,,,,,,,,,,,8.075,,,,
Scenario1,0,RE1,,BESS_TECH,,2026,,,,,,,,,,,,,10.909437807821138,,,,
Scenario1,0,RE1,,BESS_TECH,,2027,,,,,,,,,,,,,12.914623714263042,,,,
Scenario1,0,RE1,,BESS_TECH,,2028,,,,,,,,,,,,,16.65513796860497,,,,
Scenario1,0,RE1,,BESS_TECH,,2029,,,,,,,,,,,,,17.20948247495554,,,,
Scenario1,0,RE1,,BESS_TECH,,2030,,,,,,,,,,,,,23.17551461253256,,,,
Scenario1,0,RE1,,BESS_TECH,,2031,,,,,,,,,,,,,29.02207666147411,,,,
Scenario1,0,RE1,,BESS_TECH,,2032,,,,,,,,,,,,,31.046882685441123,,,,
Scenario1,0,RE1,,BESS_TECH,,2033,,,,,,,,,,,,,33.888686606069314,,,,
Scenario1,0,RE1,,BESS_TECH,,2034,,,,,,,,,,,,,30.50280512043208,,,,
Scenario1,0,RE1,,BESS_TECH,,2035,,,,,,,,,,,,,30.007972014660936,,,,
Scenario1,0,RE1,,BESS_TECH,,2036,,,,,,,,,,,,,34.28888065024615,,,,
Scenario1,0,RE1,,BESS_TECH,,2037,,,,,,,,,,,,,36.811766130585774,,,,
Scenario1,0,RE1,,BESS_TECH,,2038,,,,,,,,,,,,,38.56023610466578,,,,
Scenario1,0,RE1,,BESS_TECH,,2039,,,,,,,,,,,,,41.033480650010745,,,,
Scenario1,0,RE1,,BESS_TECH,,2040,,,,,,,,,,,,,43.67251042018226,,,,
Scenario1,0,RE1,,BESS_TECH,,2041,,,,,,,,,,,,,52.6836666201608,,,,
Scenario1,0,RE1,,BESS_TECH,,2042,,,,,,,,,,,,,56.36345242027062,,,,
Scenario1,0,RE1,,BESS_TECH,,2043,,,,,,,,,,,,,59.9520906609699,,,,
Scenario1,0,RE1,,BESS_TECH,,2044,,,,,,,,,,,,,62.59408792776675,,,,
Scenario1,0,RE1,,BESS_TECH,,2045,,,,,,,,,,,,,66.05021645176139,,,,
Scenario1,0,RE1,,BESS_TECH,,2046,,,,,,,,,,,,,69.50694572287779,,,,
Scenario1,0,RE1,,BESS_TECH,,2047,,,,,,,,,,,,,77.39357927153816,,,,
Scenario1,0,RE1,,BESS_TECH,,2048,,,,,,,,,,,,,83.47286452277818,,,,
Scenario1,0,RE1,,BESS_TECH,,2049,,,,,,,,,,,,,87.69037557471736,,,,
Scenario1,0,RE1,,BESS_TECH,,2050,,,,,,,,,,,,,91.95594299741485,,,,
Scenario1,0,RE1,,DEMCOMELC,,2019,,,,,,,,,,,,,0.0,,,,
Scenario1,0,RE1,,DEMCOMELC,,2020,,,,,,,,,,,,,0.0,,,,
Scenario1,0,RE1,,DEMCOMELC,,2021,,,,,,,,,,,,,0.0,,,,
Scenario1,0,RE1,,DEMCOMELC,,2022,,,,,,,,,,,,,0.0,,,,
Scenario1,0,RE1,,DEMCOMELC,,2023,,,,,,,,,,,,,0.0,,,,
Scenario1,0,RE1,,DEMCOMELC,,2024,,,,,,,,,,,,,0.0,,,,
Scenario1,0,RE1,,DEMCOMELC,,2025,,,,,,,,,,,,,0.0,,,,
Scenario1,0,RE1,,DEMCOMELC,,2026,,,,,,,,,,,,,0.0,,,,
Scenario1,0,RE1,,DEMCOMELC,,2027,,,,,,,,,,,,,0.0,,,,
Scenario1,0,RE1,,DEMCOMELC,,2028,,,,,,,,,,,,,0.0,,,,
Scenario1,0,RE1,,DEMCOMELC,,2029,,,,,,,,,,,,,0.0,,,,
Scenario1,0,RE1,,DEMCOMELC,,2030,,,,,,,,,,,,,0.0,,,,
Scenario1,0,RE1,,DEMCOMELC,,2031,,,,,,,,,,,,,0.0,,,,
Scenario1,0,RE1,,DEMCOMELC,,2032,,,,,,,,,,,,,0.0,,,,
Scenario1,0,RE1,,DEMCOMELC,,2033,,,,,,,,,,,,,0.0,,,,
Scenario1,0,RE1,,DEMCOMELC,,2034,,,,,,,,,,,,,0.0,,,,
Scenario1,0,RE1,,DEMCOMELC,,2035,,,,,,,,,,,,,0.0,,,,
Scenario1,0,RE1,,DEMCOMELC,,2036,,,,,,,,,,,,,0.0,,,,
Scenario1,0,RE1,,DEMCOMELC,,2037,,,,,,,,,,,,,0.0,,,,
Scenario1,0,RE1,,DEMCOMELC,,2038,,,,,,,,,,,,,0.0,,,,
Scenario1,0,RE1,,DEMCOMELC,,2039,,,,,,,,,,,,,0.0,,,,
Scenario1,0,RE1,,DEMCOMELC,,2040,,,,,,,,,,,,,0.0,,,,
Scenario1,0,RE1,,DEMCOMELC,,2041,,,,,,,,,,,,,0.0,,,,
Scenario1,0,RE1,,DEMCOMELC,,2042,,,,,,,,,,,,,0.0,,,,
Scenario1,0,RE1,,DEMCOMELC,,2043,,,,,,,,,,,,,0.0,,,,
Scenario1,0,RE1,,DEMCOMELC,,2044,,,,,,,,,,,,,0.0,,,,
Scenario1,0,RE1,,DEMCOMELC,,2045,,,,,,,,,,,,,0.0,,,,
Scenario1,0,RE1,,DEMCOMELC,,2046,,,,,,,,,,,,,0.0,,,,
Scenario1,0,RE1,,DEMCOMELC,,2047,,,,,,,,,,,,,0.0,,,,
Scenario1,0,RE1,,DEMCOMELC,,2048,,,,,,,,,,,,,0.0,,,,
Scenario1,0,RE1,,DEMCOMELC,,2049,,,,,,,,,,,,,0.0,,,,
Scenario1,0,RE1,,DEMCOMELC,,2050,,,,,,,,,,,,,0.0,,,,
Scenario1,0,RE1,,DEMINDELC,,2019,,,,,,,,,,,,,0.0,,,,
Scenario1,0,RE1,,DEMINDELC,,2020,,,,,,,,,,,,,0.0,,,,
Scenario1,0,RE1,,DEMINDELC,,2021,,,,,,,,,,,,,0.0,,,,
Scenario1,0,RE1,,DEMINDELC,,2022,,,,,,,,,,,,,0.0,,,,
Scenario1,0,RE1,,DEMINDELC,,2023,,,,,,,,,,,,,0.0,,,,
Scenario1,0,RE1,,DEMINDELC,,2024,,,,,,,,,,,,,0.0,,,,
Scenario1,0,RE1,,DEMINDELC,,2025,,,,,,,,,,,,,0.0,,,,
Scenario1,0,RE1,,DEMINDELC,,2026,,,,,,,,,,,,,0.0,,,,
Scenario1,0,RE1,,DEMINDELC,,2027,,,,,,,,,,,,,0.0,,,,
Scenario1,0,RE1,,DEMINDELC,,2028,,,,,,,,,,,,,0.0,,,,
Scenario1,0,RE1,,DEMINDELC,,2029,,,,,,,,,,,,,0.0,,,,
Scenario1,0,RE1,,DEMINDELC,,2030,,,,,,,,,,,,,0.0,,,,
Scenario1,0,RE1,,DEMINDELC,,2031,,,,,,,,,,,,,0.0,,,,
Scenario1,0,RE1,,DEMINDELC,,2032,,,,,,,,,,,,,0.0,,,,
Scenario1,0,RE1,,DEMINDELC,,2033,,,,,,,,,,,,,0.0,,,,
Scenario1,0,RE1,,DEMINDELC,,2034,,,,,,,,,,,,,0.0,,,,
Scenario1,0,RE1,,DEMINDELC,,2035,,,,,,,,,,,,,0.0,,,,
Scenario1,0,RE1,,DEMINDELC,,2036,,,,,,,,,,,,,0.0,,,,
Scenario1,0,RE1,,DEMINDELC,,2037,,,,,,,,,,,,,0.0,,,,
Scenario1,0,RE1,,DEMINDELC,,2038,,,,,,,,,,,,,0.0,,,,
Scenario1,0,RE1,,DEMINDELC,,2039,,,,,,,,,,,,,0.0,,,,
Scenario1,0,RE1,,DEMINDELC,,2040,,,,,,,,,,,,,0.0,,,,
Scenario1,0,RE1,,DEMINDELC,,2041,,,,,,,,,,,,,0.0,,,,
Scenario1,0,RE1,,DEMINDELC,,2042,,,,,,,,,,,,,0.0,,,,
Scenario1,0,RE1,,DEMINDELC,,2043,,,,,,,,,,,,,0.0,,,,
Scenario1,0,RE1,,DEMINDELC,,2044,,,,,,,,,,,,,0.0,,,,
Scenario1,0,RE1,,DEMINDELC,,2045,,,,,,,,,,,,,0.0,,,,
Scenario1,0,RE1,,DEMINDELC,,2046,,,,,,,,,,,,,0.0,,,,
Scenario1,0,RE1,,DEMINDELC,,2047,,,,,,,,,,,,,0.0,,,,
Scenario1,0,RE1,,DEMINDELC,,2048,,,,,,,,,,,,,0.0,,,,
Scenario1,0,RE1,,DEMINDELC,,2049,,,,,,,,,,,,,0.0,,,,
Scenario1,0,RE1,,DEMINDELC,,2050,,,,,,,,,,,,,0.0,,,,
Scenario1,0,RE1,,DEMRESELC,,2019,,,,,,,,,,,,,0.0,,,,
Scenario1,0,RE1,,DEMRESELC,,2020,,,,,,,,,,,,,0.0,,,,
Scenario1,0,RE1,,DEMRESELC,,2021,,,,,,,,,,,,,0.0,,,,
Scenario1,0,RE1,,DEMRESELC,,2022,,,,,,,,,,,,,0.0,,,,
Scenario1,0,RE1,,DEMRESELC,,2023,,,,,,,,,,,,,0.0,,,,
Scenario1,0,RE1,,DEMRESELC,,2024,,,,,,,,,,,,,0.0,,,,
Scenario1,0,RE1,,DEMRESELC,,2025,,,,,,,,,,,,,0.0,,,,
Scenario1,0,RE1,,DEMRESELC,,2026,,,,,,,,,,,,,0.0,,,,
Scenario1,0,RE1,,DEMRESELC,,2027,,,,,,,,,,,,,0.0,,,,
Scenario1,0,RE1,,DEMRESELC,,2028,,,,,,,,,,,,,0.0,,,,
Scenario1,0,RE1,,DEMRESELC,,2029,,,,,,,,,,,,,0.0,,,,
Scenario1,0,RE1,,DEMRESELC,,2030,,,,,,,,,,,,,0.0,,,,
Scenario1,0,RE1,,DEMRESELC,,2031,,,,,,,,,,,,,0.0,,,,
Scenario1,0,RE1,,DEMRESELC,,2032,,,,,,,,,,,,,0.0,,,,
Scenario1,0,RE1,,DEMRESELC,,2033,,,,,,,,,,,,,0.0,,,,
Scenario1,0,RE1,,DEMRESELC,,2034,,,,,,,,,,,,,0.0,,,,
Scenario1,0,RE1,,DEMRESELC,,2035,,,,,,,,,,,,,0.0,,,,
Scenario1,0,RE1,,DEMRESELC,,2036,,,,,,,,,,,,,0.0,,,,
Scenario1,0,RE1,,DEMRESELC,,2037,,,,,,,,,,,,,0.0,,,,
Scenario1,0,RE1,,DEMRESELC,,2038,,,,,,,,,,,,,0.0,,,,
Scenario1,0,RE1,,DEMRESELC,,2039,,,,,,,,,,,,,0.0,,,,
Scenario1,0,RE1,,DEMRESELC,,2040,,,,,,,,,,,,,0.0,,,,
Scenario1,0,RE1,,DEMRESELC,,2041,,,,,,,,,,,,,0.0,,,,
Scenario1,0,RE1,,DEMRESELC,,2042,,,,,,,,,,,,,0.0,,,,
Scenario1,0,RE1,,DEMRESELC,,2043,,,,,,,,,,,,,0.0,,,,
Scenario1,0,RE1,,DEMRESELC,,2044,,,,,,,,,,,,,0.0,,,,
Scenario1,0,RE1,,DEMRESELC,,2045,,,,,,,,,,,,,0.0,,,,
Scenario1,0,RE1,,DEMRESELC,,2046,,,,,,,,,,,,,0.0,,,,
Scenario1,0,RE1,,DEMRESELC,,2047,,,,,,,,,,,,,0.0,,,,
Scenario1,0,RE1,,DEMRESELC,,2048,,,,,,,,,,,,,0.0,,,,
Scenario1,0,RE1,,DEMRESELC,,2049,,,,,,,,,,,,,0.0,,,,
Scenario1,0,RE1,,DEMRESELC,,2050,,,,,,,,,,,,,0.0,,,,
Scenario1,0,RE1,,EXPELC,,2019,,,,,,,,,,,,,0.0,,,,
Scenario1,0,RE1,,EXPELC,,2020,,,,,,,,,,,,,0.0,,,,
Scenario1,0,RE1,,EXPELC,,2021,,,,,,,,,,,,,0.0,,,,
Scenario1,0,RE1,,EXPELC,,2022,,,,,,,,,,,,,0.0,,,,
Scenario1,0,RE1,,EXPELC,,2023,,,,,,,,,,,,,0.0,,,,
Scenario1,0,RE1,,EXPELC,,2024,,,,,,,,,,,,,0.0,,,,
Scenario1,0,RE1,,EXPELC,,2025,,,,,,,,,,,,,0.0,,,,
Scenario1,0,RE1,,EXPELC,,2026,,,,,,,,,,,,,0.0,,,,
Scenario1,0,RE1,,EXPELC,,2027,,,,,,,,,,,,,0.0,,,,
Scenario1,0,RE1,,EXPELC,,2028,,,,,,,,,,,,,0.0,,,,
Scenario1,0,RE1,,EXPELC,,2029,,,,,,,,,,,,,0.0,,,,
Scenario1,0,RE1,,EXPELC,,2030,,,,,,,,,,,,,0.0,,,,
Scenario1,0,RE1,,EXPELC,,2031,,,,,,,,,,,,,0.0,,,,
Scenario1,0,RE1,,EXPELC,,2032,,,,,,,,,,,,,0.0,,,,
Scenario1,0,RE1,,EXPELC,,2033,,,,,,,,,,,,,0.0,,,,
Scenario1,0,RE1,,EXPELC,,2034,,,,,,,,,,,,,0.0,,,,
Scenario1,0,RE1,,EXPELC,,2035,,,,,,,,,,,,,0.0,,,,
Scenario1,0,RE1,,EXPELC,,2036,,,,,,,,,,,,,0.0,,,,
Scenario1,0,RE1,,EXPELC,,2037,,,,,,,,,,,,,0.0,,,,
Scenario1,0,RE1,,EXPELC,,2038,,,,,,,,,,,,,0.0,,,,
Scenario1,0,RE1,,EXPELC,,2039,,,,,,,,,,,,,0.0,,,,
Scenario1,0,RE1,,EXPELC,,2040,,,,,,,,,,,,,0.0,,,,
Scenario1,0,RE1,,EXPELC,,2041,,,,,,,,,,,,,0.0,,,,
Scenario1,0,RE1,,EXPELC,,2042,,,,,,,,,,,,,0.0,,,,
Scenario1,0,RE1,,EXPELC,,2043,,,,,,,,,,,,,0.0,,,,
Scenario1,0,RE1,,EXPELC,,2044,,,,,,,,,,,,,0.0,,,,
Scenario1,0,RE1,,EXPELC,,2045,,,,,,,,,,,,,0.0,,,,
Scenario1,0,RE1,,EXPELC,,2046,,,,,,,,,,,,,0.0,,,,
Scenario1,0,RE1,,EXPELC,,2047,,,,,,,,,,,,,0.0,,,,
Scenario1,0,RE1,,EXPELC,,2048,,,,,,,,,,,,,0.0,,,,
Scenario1,0,RE1,,EXPELC,,2049,,,,,,,,,,,,,0.0,,,,
Scenario1,0,RE1,,EXPELC,,2050,,,,,,,,,,,,,0.0,,,,
Scenario1,0,RE1,,IMPBIO,,2019,,,,,,,,,,,,,0.0,,,,
Scenario1,0,RE1,,IMPBIO,,2020,,,,,,,,,,,,,0.0,,,,
Scenario1,0,RE1,,IMPBIO,,2021,,,,,,,,,,,,,0.0,,,,
Scenario1,0,RE1,,IMPBIO,,2022,,,,,,,,,,,,,0.0,,,,
Scenario1,0,RE1,,IMPBIO,,2023,,,,,,,,,,,,,0.0,,,,
Scenario1,0,RE1,,IMPBIO,,2024,,,,,,,,,,,,,0.0,,,,
Scenario1,0,RE1,,IMPBIO,,2025,,,,,,,,,,,,,0.0,,,,
Scenario1,0,RE1,,IMPBIO,,2026,,,,,,,,,,,,,0.0,,,,
Scenario1,0,RE1,,IMPBIO,,2027,,,,,,,,,,,,,0.0,,,,
Scenario1,0,RE1,,IMPBIO,,2028,,,,,,,,,,,,,0.0,,,,
Scenario1,0,RE1,,IMPBIO,,2029,,,,,,,,,,,,,0.0,,,,
Scenario1,0,RE1,,IMPBIO,,2030,,,,,,,,,,,,,0.0,,,,
Scenario1,0,RE1,,IMPBIO,,2031,,,,,,,,,,,,,0.0,,,,
Scenario1,0,RE1,,IMPBIO,,2032,,,,,,,,,,,,,0.0,,,,
Scenario1,0,RE1,,IMPBIO,,2033,,,,,,,,,,,,,0.0,,,,
Scenario1,0,RE1,,IMPBIO,,2034,,,,,,,,,,,,,0.0,,,,
Scenario1,0,RE1,,IMPBIO,,2035,,,,,,,,,,,,,0.0,,,,
Scenario1,0,RE1,,IMPBIO,,2036,,,,,,,,,,,,,0.0,,,,
Scenario1,0,RE1,,IMPBIO,,2037,,,,,,,,,,,,,0.0,,,,
Scenario1,0,RE1,,IMPBIO,,2038,,,,,,,,,,,,,0.0,,,,
Scenario1,0,RE1,,IMPBIO,,2039,,,,,,,,,,,,,0.0,,,,
Scenario1,0,RE1,,IMPBIO,,2040,,,,,,,,,,,,,0.0,,,,
Scenario1,0,RE1,,IMPBIO,,2041,,,,,,,,,,,,,0.0,,,,
Scenario1,0,RE1,,IMPBIO,,2042,,,,,,,,,,,,,0.0,,,,
Scenario1,0,RE1,,IMPBIO,,2043,,,,,,,,,,,,,0.0,,,,
Scenario1,0,RE1,,IMPBIO,,2044,,,,,,,,,,,,,0.0,,,,
Scenario1,0,RE1,,IMPBIO,,2045,,,,,,,,,,,,,0.0,,,,
Scenario1,0,RE1,,IMPBIO,,2046,,,,,,,,,,,,,0.0,,,,
Scenario1,0,RE1,,IMPBIO,,2047,,,,,,,,,,,,,0.0,,,,
Scenario1,0,RE1,,IMPBIO,,2048,,,,,,,,,,,,,0.0,,,,
Scenario1,0,RE1,,IMPBIO,,2049,,,,,,,,,,,,,0.0,,,,
Scenario1,0,RE1,,IMPBIO,,2050,,,,,,,,,,,,,0.0,,,,
Scenario1,0,RE1,,IMPCOA,,2019,,,,,,,,,,,,,0.0,,,,
Scenario1,0,RE1,,IMPCOA,,2020,,,,,,,,,,,,,0.0,,,,
Scenario1,0,RE1,,IMPCOA,,2021,,,,,,,,,,,,,0.0,,,,
Scenario1,0,RE1,,IMPCOA,,2022,,,,,,,,,,,,,0.0,,,,
Scenario1,0,RE1,,IMPCOA,,2023,,,,,,,,,,,,,0.0,,,,
Scenario1,0,RE1,,IMPCOA,,2024,,,,,,,,,,,,,0.0,,,,
Scenario1,0,RE1,,IMPCOA,,2025,,,,,,,,,,,,,0.0,,,,
Scenario1,0,RE1,,IMPCOA,,2026,,,,,,,,,,,,,0.0,,,,
Scenario1,0,RE1,,IMPCOA,,2027,,,,,,,,,,,,,0.0,,,,
Scenario1,0,RE1,,IMPCOA,,2028,,,,,,,,,,,,,0.0,,,,
Scenario1,0,RE1,,IMPCOA,,2029,,,,,,,,,,,,,0.0,,,,
Scenario1,0,RE1,,IMPCOA,,2030,,,,,,,,,,,,,0.0,,,,
Scenario1,0,RE1,,IMPCOA,,2031,,,,,,,,,,,,,0.0,,,,
Scenario1,0,RE1,,IMPCOA,,2032,,,,,,,,,,,,,0.0,,,,
Scenario1,0,RE1,,IMPCOA,,2033,,,,,,,,,,,,,0.0,,,,
Scenario1,0,RE1,,IMPCOA,,2034,,,,,,,,,,,,,0.0,,,,
Scenario1,0,RE1,,IMPCOA,,2035,,,,,,,,,,,,,0.0,,,,
Scenario1,0,RE1,,IMPCOA,,2036,,,,,,,,,,,,,0.0,,,,
Scenario1,0,RE1,,IMPCOA,,2037,,,,,,,,,,,,,0.0,,,,
Scenario1,0,RE1,,IMPCOA,,2038,,,,,,,,,,,,,0.0,,,,
Scenario1,0,RE1,,IMPCOA,,2039,,,,,,,,,,,,,0.0,,,,
Scenario1,0,RE1,,IMPCOA,,2040,,,,,,,,,,,,,0.0,,,,
Scenario1,0,RE1,,IMPCOA,,2041,,,,,,,,,,,,,0.0,,,,
Scenario1,0,RE1,,IMPCOA,,2042,,,,,,,,,,,,,0.0,,,,
Scenario1,0,RE1,,IMPCOA,,2043,,,,,,,,,,,,,0.0,,,,
Scenario1,0,RE1,,IMPCOA,,2044,,,,,,,,,,,,,0.0,,,,
Scenario1,0,RE1,,IMPCOA,,2045,,,,,,,,,,,,,0.0,,,,
Scenario1,0,RE1,,IMPCOA,,2046,,,,,,,,,,,,,0.0,,,,
Scenario1,0,RE1,,IMPCOA,,2047,,,,,,,,,,,,,0.0,,,,
Scenario1,0,RE1,,IMPCOA,,2048,,,,,,,,,,,,,0.0,,,,
Scenario1,0,RE1,,IMPCOA,,2049,,,,,,,,,,,,,0.0,,,,
Scenario1,0,RE1,,IMPCOA,,2050,,,,,,,,,,,,,0.0,,,,
Scenario1,0,RE1,,IMPELC001,,2019,,,,,,,,,,,,,0.0,,,,
Scenario1,0,RE1,,IMPELC001,,2020,,,,,,,,,,,,,0.0,,,,
Scenario1,0,RE1,,IMPELC001,,2021,,,,,,,,,,,,,0.0,,,,
Scenario1,0,RE1,,IMPELC001,,2022,,,,,,,,,,,,,0.0,,,,
Scenario1,0,RE1,,IMPELC001,,2023,,,,,,,,,,,,,0.0,,,,
Scenario1,0,RE1,,IMPELC001,,2024,,,,,,,,,,,,,0.0,,,,
Scenario1,0,RE1,,IMPELC001,,2025,,,,,,,,,,,,,0.0,,,,
Scenario1,0,RE1,,IMPELC001,,2026,,,,,,,,,,,,,0.0,,,,
Scenario1,0,RE1,,IMPELC001,,2027,,,,,,,,,,,,,0.0,,,,
Scenario1,0,RE1,,IMPELC001,,2028,,,,,,,,,,,,,0.0,,,,
Scenario1,0,RE1,,IMPELC001,,2029,,,,,,,,,,,,,0.0,,,,
Scenario1,0,RE1,,IMPELC001,,2030,,,,,,,,,,,,,0.0,,,,
Scenario1,0,RE1,,IMPELC001,,2031,,,,,,,,,,,,,0.0,,,,
Scenario1,0,RE1,,IMPELC001,,2032,,,,,,,,,,,,,0.0,,,,
Scenario1,0,RE1,,IMPELC001,,2033,,,,,,,,,,,,,0.0,,,,
Scenario1,0,RE1,,IMPELC001,,2034,,,,,,,,,,,,,0.0,,,,
Scenario1,0,RE1,,IMPELC001,,2035,,,,,,,,,,,,,0.0,,,,
Scenario1,0,RE1,,IMPELC001,,2036,,,,,,,,,,,,,0.0,,,,
Scenario1,0,RE1,,IMPELC001,,2037,,,,,,,,,,,,,0.0,,,,
Scenario1,0,RE1,,IMPELC001,,2038,,,,,,,,,,,,,0.0,,,,
Scenario1,0,RE1,,IMPELC001,,2039,,,,,,,,,,,,,0.0,,,,
Scenario1,0,RE1,,IMPELC001,,2040,,,,,,,,,,,,,0.0,,,,
Scenario1,0,RE1,,IMPELC001,,2041,,,,,,,,,,,,,0.0,,,,
Scenario1,0,RE1,,IMPELC001,,2042,,,,,,,,,,,,,0.0,,,,
Scenario1,0,RE1,,IMPELC001,,2043,,,,,,,,,,,,,0.0,,,,
Scenario1,0,RE1,,IMPELC001,,2044,,,,,,,,,,,,,0.0,,,,
Scenario1,0,RE1,,IMPELC001,,2045,,,,,,,,,,,,,0.0,,,,
Scenario1,0,RE1,,IMPELC001,,2046,,,,,,,,,,,,,0.0,,,,
Scenario1,0,RE1,,IMPELC001,,2047,,,,,,,,,,,,,0.0,,,,
Scenario1,0,RE1,,IMPELC001,,2048,,,,,,,,,,,,,0.0,,,,
Scenario1,0,RE1,,IMPELC001,,2049,,,,,,,,,,,,,0.0,,,,
Scenario1,0,RE1,,IMPELC001,,2050,,,,,,,,,,,,,0.0,,,,
Scenario1,0,RE1,,IMPELC002,,2019,,,,,,,,,,,,,0.0,,,,
Scenario1,0,RE1,,IMPELC002,,2020,,,,,,,,,,,,,0.0,,,,
Scenario1,0,RE1,,IMPELC002,,2021,,,,,,,,,,,,,0.0,,,,
Scenario1,0,RE1,,IMPELC002,,2022,,,,,,,,,,,,,0.0,,,,
Scenario1,0,RE1,,IMPELC002,,2023,,,,,,,,,,,,,0.0,,,,
Scenario1,0,RE1,,IMPELC002,,2024,,,,,,,,,,,,,0.0,,,,
Scenario1,0,RE1,,IMPELC002,,2025,,,,,,,,,,,,,0.0,,,,
Scenario1,0,RE1,,IMPELC002,,2026,,,,,,,,,,,,,0.0,,,,
Scenario1,0,RE1,,IMPELC002,,2027,,,,,,,,,,,,,0.0,,,,
Scenario1,0,RE1,,IMPELC002,,2028,,,,,,,,,,,,,0.0,,,,
Scenario1,0,RE1,,IMPELC002,,2029,,,,,,,,,,,,,0.0,,,,
Scenario1,0,RE1,,IMPELC002,,2030,,,,,,,,,,,,,0.0,,,,
Scenario1,0,RE1,,IMPELC002,,2031,,,,,,,,,,,,,0.0,,,,
Scenario1,0,RE1,,IMPELC002,,2032,,,,,,,,,,,,,0.0,,,,
Scenario1,0,RE1,,IMPELC002,,2033,,,,,,,,,,,,,0.0,,,,
Scenario1,0,RE1,,IMPELC002,,2034,,,,,,,,,,,,,0.0,,,,
Scenario1,0,RE1,,IMPELC002,,2035,,,,,,,,,,,,,0.0,,,,
Scenario1,0,RE1,,IMPELC002,,2036,,,,,,,,,,,,,0.0,,,,
Scenario1,0,RE1,,IMPELC002,,2037,,,,,,,,,,,,,0.0,,,,
Scenario1,0,RE1,,IMPELC002,,2038,,,,,,,,,,,,,0.0,,,,
Scenario1,0,RE1,,IMPELC002,,2039,,,,,,,,,,,,,0.0,,,,
Scenario1,0,RE1,,IMPELC002,,2040,,,,,,,,,,,,,0.0,,,,
Scenario1,0,RE1,,IMPELC002,,2041,,,,,,,,,,,,,0.0,,,,
Scenario1,0,RE1,,IMPELC002,,2042,,,,,,,,,,,,,0.0,,,,
Scenario1,0,RE1,,IMPELC002,,2043,,,,,,,,,,,,,0.0,,,,
Scenario1,0,RE1,,IMPELC002,,2044,,,,,,,,,,,,,0.0,,,,
Scenario1,0,RE1,,IMPELC002,,2045,,,,,,,,,,,,,0.0,,,,
Scenario1,0,RE1,,IMPELC002,,2046,,,,,,,,,,,,,0.0,,,,
Scenario1,0,RE1,,IMPELC002,,2047,,,,,,,,,,,,,0.0,,,,
Scenario1,0,RE1,,IMPELC002,,2048,,,,,,,,,,,,,0.0,,,,
Scenario1,0,RE1,,IMPELC002,,2049,,,,,,,,,,,,,0.0,,,,
Scenario1,0,RE1,,IMPELC002,,2050,,,,,,,,,,,,,0.0,,,,
Scenario1,0,RE1,,IMPHFOMOM,,2019,,,,,,,,,,,,,0.0,,,,
Scenario1,0,RE1,,IMPHFOMOM,,2020,,,,,,,,,,,,,0.0,,,,
Scenario1,0,RE1,,IMPHFOMOM,,2021,,,,,,,,,,,,,0.0,,,,
Scenario1,0,RE1,,IMPHFOMOM,,2022,,,,,,,,,,,,,0.0,,,,
Scenario1,0,RE1,,IMPHFOMOM,,2023,,,,,,,,,,,,,0.0,,,,
Scenario1,0,RE1,,IMPHFOMOM,,2024,,,,,,,,,,,,,0.0,,,,
Scenario1,0,RE1,,IMPHFOMOM,,2025,,,,,,,,,,,,,0.0,,,,
Scenario1,0,RE1,,IMPHFOMOM,,2026,,,,,,,,,,,,,0.0,,,,
Scenario1,0,RE1,,IMPHFOMOM,,2027,,,,,,,,,,,,,0.0,,,,
Scenario1,0,RE1,,IMPHFOMOM,,2028,,,,,,,,,,,,,0.0,,,,
Scenario1,0,RE1,,IMPHFOMOM,,2029,,,,,,,,,,,,,0.0,,,,
Scenario1,0,RE1,,IMPHFOMOM,,2030,,,,,,,,,,,,,0.0,,,,
Scenario1,0,RE1,,IMPHFOMOM,,2031,,,,,,,,,,,,,0.0,,,,
Scenario1,0,RE1,,IMPHFOMOM,,2032,,,,,,,,,,,,,0.0,,,,
Scenario1,0,RE1,,IMPHFOMOM,,2033,,,,,,,,,,,,,0.0,,,,
Scenario1,0,RE1,,IMPHFOMOM,,2034,,,,,,,,,,,,,0.0,,,,
Scenario1,0,RE1,,IMPHFOMOM,,2035,,,,,,,,,,,,,0.0,,,,
Scenario1,0,RE1,,IMPHFOMOM,,2036,,,,,,,,,,,,,0.0,,,,
Scenario1,0,RE1,,IMPHFOMOM,,2037,,,,,,,,,,,,,0.0,,,,
Scenario1,0,RE1,,IMPHFOMOM,,2038,,,,,,,,,,,,,0.0,,,,
Scenario1,0,RE1,,IMPHFOMOM,,2039,,,,,,,,,,,,,0.0,,,,
Scenario1,0,RE1,,IMPHFOMOM,,2040,,,,,,,,,,,,,0.0,,,,
Scenario1,0,RE1,,IMPHFOMOM,,2041,,,,,,,,,,,,,0.0,,,,
Scenario1,0,RE1,,IMPHFOMOM,,2042,,,,,,,,,,,,,0.0,,,,
Scenario1,0,RE1,,IMPHFOMOM,,2043,,,,,,,,,,,,,0.0,,,,
Scenario1,0,RE1,,IMPHFOMOM,,2044,,,,,,,,,,,,,0.0,,,,
Scenario1,0,RE1,,IMPHFOMOM,,2045,,,,,,,,,,,,,0.0,,,,
Scenario1,0,RE1,,IMPHFOMOM,,2046,,,,,,,,,,,,,0.0,,,,
Scenario1,0,RE1,,IMPHFOMOM,,2047,,,,,,,,,,,,,0.0,,,,
Scenario1,0,RE1,,IMPHFOMOM,,2048,,,,,,,,,,,,,0.0,,,,
Scenario1,0,RE1,,IMPHFOMOM,,2049,,,,,,,,,,,,,0.0,,,,
Scenario1,0,RE1,,IMPHFOMOM,,2050,,,,,,,,,,,,,0.0,,,,
Scenario1,0,RE1,,IMPHFONAI,,2019,,,,,,,,,,,,,0.0,,,,
Scenario1,0,RE1,,IMPHFONAI,,2020,,,,,,,,,,,,,0.0,,,,
Scenario1,0,RE1,,IMPHFONAI,,2021,,,,,,,,,,,,,0.0,,,,
Scenario1,0,RE1,,IMPHFONAI,,2022,,,,,,,,,,,,,0.0,,,,
Scenario1,0,RE1,,IMPHFONAI,,2023,,,,,,,,,,,,,0.0,,,,
Scenario1,0,RE1,,IMPHFONAI,,2024,,,,,,,,,,,,,0.0,,,,
Scenario1,0,RE1,,IMPHFONAI,,2025,,,,,,,,,,,,,0.0,,,,
Scenario1,0,RE1,,IMPHFONAI,,2026,,,,,,,,,,,,,0.0,,,,
Scenario1,0,RE1,,IMPHFONAI,,2027,,,,,,,,,,,,,0.0,,,,
Scenario1,0,RE1,,IMPHFONAI,,2028,,,,,,,,,,,,,0.0,,,,
Scenario1,0,RE1,,IMPHFONAI,,2029,,,,,,,,,,,,,0.0,,,,
Scenario1,0,RE1,,IMPHFONAI,,2030,,,,,,,,,,,,,0.0,,,,
Scenario1,0,RE1,,IMPHFONAI,,2031,,,,,,,,,,,,,0.0,,,,
Scenario1,0,RE1,,IMPHFONAI,,2032,,,,,,,,,,,,,0.0,,,,
Scenario1,0,RE1,,IMPHFONAI,,2033,,,,,,,,,,,,,0.0,,,,
Scenario1,0,RE1,,IMPHFONAI,,2034,,,,,,,,,,,,,0.0,,,,
Scenario1,0,RE1,,IMPHFONAI,,2035,,,,,,,,,,,,,0.0,,,,
Scenario1,0,RE1,,IMPHFONAI,,2036,,,,,,,,,,,,,0.0,,,,
Scenario1,0,RE1,,IMPHFONAI,,2037,,,,,,,,,,,,,0.0,,,,
Scenario1,0,RE1,,IMPHFONAI,,2038,,,,,,,,,,,,,0.0,,,,
Scenario1,0,RE1,,IMPHFONAI,,2039,,,,,,,,,,,,,0.0,,,,
Scenario1,0,RE1,,IMPHFONAI,,2040,,,,,,,,,,,,,0.0,,,,
Scenario1,0,RE1,,IMPHFONAI,,2041,,,,,,,,,,,,,0.0,,,,
Scenario1,0,RE1,,IMPHFONAI,,2042,,,,,,,,,,,,,0.0,,,,
Scenario1,0,RE1,,IMPHFONAI,,2043,,,,,,,,,,,,,0.0,,,,
Scenario1,0,RE1,,IMPHFONAI,,2044,,,,,,,,,,,,,0.0,,,,
Scenario1,0,RE1,,IMPHFONAI,,2045,,,,,,,,,,,,,0.0,,,,
Scenario1,0,RE1,,IMPHFONAI,,2046,,,,,,,,,,,,,0.0,,,,
Scenario1,0,RE1,,IMPHFONAI,,2047,,,,,,,,,,,,,0.0,,,,
Scenario1,0,RE1,,IMPHFONAI,,2048,,,,,,,,,,,,,0.0,,,,
Scenario1,0,RE1,,IMPHFONAI,,2049,,,,,,,,,,,,,0.0,,,,
Scenario1,0,RE1,,IMPHFONAI,,2050,,,,,,,,,,,,,0.0,,,,
Scenario1,0,RE1,,IMPLFOELD,,2019,,,,,,,,,,,,,0.0,,,,
Scenario1,0,RE1,,IMPLFOELD,,2020,,,,,,,,,,,,,0.0,,,,
Scenario1,0,RE1,,IMPLFOELD,,2021,,,,,,,,,,,,,0.0,,,,
Scenario1,0,RE1,,IMPLFOELD,,2022,,,,,,,,,,,,,0.0,,,,
Scenario1,0,RE1,,IMPLFOELD,,2023,,,,,,,,,,,,,0.0,,,,
Scenario1,0,RE1,,IMPLFOELD,,2024,,,,,,,,,,,,,0.0,,,,
Scenario1,0,RE1,,IMPLFOELD,,2025,,,,,,,,,,,,,0.0,,,,
Scenario1,0,RE1,,IMPLFOELD,,2026,,,,,,,,,,,,,0.0,,,,
Scenario1,0,RE1,,IMPLFOELD,,2027,,,,,,,,,,,,,0.0,,,,
Scenario1,0,RE1,,IMPLFOELD,,2028,,,,,,,,,,,,,0.0,,,,
Scenario1,0,RE1,,IMPLFOELD,,2029,,,,,,,,,,,,,0.0,,,,
Scenario1,0,RE1,,IMPLFOELD,,2030,,,,,,,,,,,,,0.0,,,,
Scenario1,0,RE1,,IMPLFOELD,,2031,,,,,,,,,,,,,0.0,,,,
Scenario1,0,RE1,,IMPLFOELD,,2032,,,,,,,,,,,,,0.0,,,,
Scenario1,0,RE1,,IMPLFOELD,,2033,,,,,,,,,,,,,0.0,,,,
Scenario1,0,RE1,,IMPLFOELD,,2034,,,,,,,,,,,,,0.0,,,,
Scenario1,0,RE1,,IMPLFOELD,,2035,,,,,,,,,,,,,0.0,,,,
Scenario1,0,RE1,,IMPLFOELD,,2036,,,,,,,,,,,,,0.0,,,,
Scenario1,0,RE1,,IMPLFOELD,,2037,,,,,,,,,,,,,0.0,,,,
Scenario1,0,RE1,,IMPLFOELD,,2038,,,,,,,,,,,,,0.0,,,,
Scenario1,0,RE1,,IMPLFOELD,,2039,,,,,,,,,,,,,0.0,,,,
Scenario1,0,RE1,,IMPLFOELD,,2040,,,,,,,,,,,,,0.0,,,,
Scenario1,0,RE1,,IMPLFOELD,,2041,,,,,,,,,,,,,0.0,,,,
Scenario1,0,RE1,,IMPLFOELD,,2042,,,,,,,,,,,,,0.0,,,,
Scenario1,0,RE1,,IMPLFOELD,,2043,,,,,,,,,,,,,0.0,,,,
Scenario1,0,RE1,,IMPLFOELD,,2044,,,,,,,,,,,,,0.0,,,,
Scenario1,0,RE1,,IMPLFOELD,,2045,,,,,,,,,,,,,0.0,,,,
Scenario1,0,RE1,,IMPLFOELD,,2046,,,,,,,,,,,,,0.0,,,,
Scenario1,0,RE1,,IMPLFOELD,,2047,,,,,,,,,,,,,0.0,,,,
Scenario1,0,RE1,,IMPLFOELD,,2048,,,,,,,,,,,,,0.0,,,,
Scenario1,0,RE1,,IMPLFOELD,,2049,,,,,,,,,,,,,0.0,,,,
Scenario1,0,RE1,,IMPLFOELD,,2050,,,,,,,,,,,,,0.0,,,,
Scenario1,0,RE1,,IMPNGS,,2019,,,,,,,,,,,,,0.0,,,,
Scenario1,0,RE1,,IMPNGS,,2020,,,,,,,,,,,,,0.0,,,,
Scenario1,0,RE1,,IMPNGS,,2021,,,,,,,,,,,,,0.0,,,,
Scenario1,0,RE1,,IMPNGS,,2022,,,,,,,,,,,,,0.0,,,,
Scenario1,0,RE1,,IMPNGS,,2023,,,,,,,,,,,,,0.0,,,,
Scenario1,0,RE1,,IMPNGS,,2024,,,,,,,,,,,,,0.0,,,,
Scenario1,0,RE1,,IMPNGS,,2025,,,,,,,,,,,,,0.0,,,,
Scenario1,0,RE1,,IMPNGS,,2026,,,,,,,,,,,,,0.0,,,,
Scenario1,0,RE1,,IMPNGS,,2027,,,,,,,,,,,,,0.0,,,,
Scenario1,0,RE1,,IMPNGS,,2028,,,,,,,,,,,,,0.0,,,,
Scenario1,0,RE1,,IMPNGS,,2029,,,,,,,,,,,,,0.0,,,,
Scenario1,0,RE1,,IMPNGS,,2030,,,,,,,,,,,,,0.0,,,,
Scenario1,0,RE1,,IMPNGS,,2031,,,,,,,,,,,,,0.0,,,,
Scenario1,0,RE1,,IMPNGS,,2032,,,,,,,,,,,,,0.0,,,,
Scenario1,0,RE1,,IMPNGS,,2033,,,,,,,,,,,,,0.0,,,,
Scenario1,0,RE1,,IMPNGS,,2034,,,,,,,,,,,,,0.0,,,,
Scenario1,0,RE1,,IMPNGS,,2035,,,,,,,,,,,,,0.0,,,,
Scenario1,0,RE1,,IMPNGS,,2036,,,,,,,,,,,,,0.0,,,,
Scenario1,0,RE1,,IMPNGS,,2037,,,,,,,,,,,,,0.0,,,,
Scenario1,0,RE1,,IMPNGS,,2038,,,,,,,,,,,,,0.0,,,,
Scenario1,0,RE1,,IMPNGS,,2039,,,,,,,,,,,,,0.0,,,,
Scenario1,0,RE1,,IMPNGS,,2040,,,,,,,,,,,,,0.0,,,,
Scenario1,0,RE1,,IMPNGS,,2041,,,,,,,,,,,,,0.0,,,,
Scenario1,0,RE1,,IMPNGS,,2042,,,,,,,,,,,,,0.0,,,,
Scenario1,0,RE1,,IMPNGS,,2043,,,,,,,,,,,,,0.0,,,,
Scenario1,0,RE1,,IMPNGS,,2044,,,,,,,,,,,,,0.0,,,,
Scenario1,0,RE1,,IMPNGS,,2045,,,,,,,,,,,,,0.0,,,,
Scenario1,0,RE1,,IMPNGS,,2046,,,,,,,,,,,,,0.0,,,,
Scenario1,0,RE1,,IMPNGS,,2047,,,,,,,,,,,,,0.0,,,,
Scenario1,0,RE1,,IMPNGS,,2048,,,,,,,,,,,,,0.0,,,,
Scenario1,0,RE1,,IMPNGS,,2049,,,,,,,,,,,,,0.0,,,,
Scenario1,0,RE1,,IMPNGS,,2050,,,,,,,,,,,,,0.0,,,,
Scenario1,0,RE1,,IMPURN,,2019,,,,,,,,,,,,,0.0,,,,
Scenario1,0,RE1,,IMPURN,,2020,,,,,,,,,,,,,0.0,,,,
Scenario1,0,RE1,,IMPURN,,2021,,,,,,,,,,,,,0.0,,,,
Scenario1,0,RE1,,IMPURN,,2022,,,,,,,,,,,,,0.0,,,,
Scenario1,0,RE1,,IMPURN,,2023,,,,,,,,,,,,,0.0,,,,
Scenario1,0,RE1,,IMPURN,,2024,,,,,,,,,,,,,0.0,,,,
Scenario1,0,RE1,,IMPURN,,2025,,,,,,,,,,,,,0.0,,,,
Scenario1,0,RE1,,IMPURN,,2026,,,,,,,,,,,,,0.0,,,,
Scenario1,0,RE1,,IMPURN,,2027,,,,,,,,,,,,,0.0,,,,
Scenario1,0,RE1,,IMPURN,,2028,,,,,,,,,,,,,0.0,,,,
Scenario1,0,RE1,,IMPURN,,2029,,,,,,,,,,,,,0.0,,,,
Scenario1,0,RE1,,IMPURN,,2030,,,,,,,,,,,,,0.0,,,,
Scenario1,0,RE1,,IMPURN,,2031,,,,,,,,,,,,,0.0,,,,
Scenario1,0,RE1,,IMPURN,,2032,,,,,,,,,,,,,0.0,,,,
Scenario1,0,RE1,,IMPURN,,2033,,,,,,,,,,,,,0.0,,,,
Scenario1,0,RE1,,IMPURN,,2034,,,,,,,,,,,,,0.0,,,,
Scenario1,0,RE1,,IMPURN,,2035,,,,,,,,,,,,,0.0,,,,
Scenario1,0,RE1,,IMPURN,,2036,,,,,,,,,,,,,0.0,,,,
Scenario1,0,RE1,,IMPURN,,2037,,,,,,,,,,,,,0.0,,,,
Scenario1,0,RE1,,IMPURN,,2038,,,,,,,,,,,,,0.0,,,,
Scenario1,0,RE1,,IMPURN,,2039,,,,,,,,,,,,,0.0,,,,
Scenario1,0,RE1,,IMPURN,,2040,,,,,,,,,,,,,0.0,,,,
Scenario1,0,RE1,,IMPURN,,2041,,,,,,,,,,,,,0.0,,,,
Scenario1,0,RE1,,IMPURN,,2042,,,,,,,,,,,,,0.0,,,,
Scenario1,0,RE1,,IMPURN,,2043,,,,,,,,,,,,,0.0,,,,
Scenario1,0,RE1,,IMPURN,,2044,,,,,,,,,,,,,0.0,,,,
Scenario1,0,RE1,,IMPURN,,2045,,,,,,,,,,,,,0.0,,,,
Scenario1,0,RE1,,IMPURN,,2046,,,,,,,,,,,,,0.0,,,,
Scenario1,0,RE1,,IMPURN,,2047,,,,,,,,,,,,,0.0,,,,
Scenario1,0,RE1,,IMPURN,,2048,,,,,,,,,,,,,0.0,,,,
Scenario1,0,RE1,,IMPURN,,2049,,,,,,,,,,,,,0.0,,,,
Scenario1,0,RE1,,IMPURN,,2050,,,,,,,,,,,,,0.0,,,,
Scenario1,0,RE1,,MINBIO,,2019,,,,,,,,,,,,,0.0,,,,
Scenario1,0,RE1,,MINBIO,,2020,,,,,,,,,,,,,0.0,,,,
Scenario1,0,RE1,,MINBIO,,2021,,,,,,,,,,,,,0.0,,,,
Scenario1,0,RE1,,MINBIO,,2022,,,,,,,,,,,,,0.0,,,,
Scenario1,0,RE1,,MINBIO,,2023,,,,,,,,,,,,,0.0,,,,
Scenario1,0,RE1,,MINBIO,,2024,,,,,,,,,,,,,0.0,,,,
Scenario1,0,RE1,,MINBIO,,2025,,,,,,,,,,,,,0.0,,,,
Scenario1,0,RE1,,MINBIO,,2026,,,,,,,,,,,,,0.0,,,,
Scenario1,0,RE1,,MINBIO,,2027,,,,,,,,,,,,,0.0,,,,
Scenario1,0,RE1,,MINBIO,,2028,,,,,,,,,,,,,0.0,,,,
Scenario1,0,RE1,,MINBIO,,2029,,,,,,,,,,,,,0.0,,,,
Scenario1,0,RE1,,MINBIO,,2030,,,,,,,,,,,,,0.0,,,,
Scenario1,0,RE1,,MINBIO,,2031,,,,,,,,,,,,,0.0,,,,
Scenario1,0,RE1,,MINBIO,,2032,,,,,,,,,,,,,0.0,,,,
Scenario1,0,RE1,,MINBIO,,2033,,,,,,,,,,,,,0.0,,,,
Scenario1,0,RE1,,MINBIO,,2034,,,,,,,,,,,,,0.0,,,,
Scenario1,0,RE1,,MINBIO,,2035,,,,,,,,,,,,,0.0,,,,
Scenario1,0,RE1,,MINBIO,,2036,,,,,,,,,,,,,0.0,,,,
Scenario1,0,RE1,,MINBIO,,2037,,,,,,,,,,,,,0.0,,,,
Scenario1,0,RE1,,MINBIO,,2038,,,,,,,,,,,,,0.0,,,,
Scenario1,0,RE1,,MINBIO,,2039,,,,,,,,,,,,,0.0,,,,
Scenario1,0,RE1,,MINBIO,,2040,,,,,,,,,,,,,0.0,,,,
Scenario1,0,RE1,,MINBIO,,2041,,,,,,,,,,,,,0.0,,,,
Scenario1,0,RE1,,MINBIO,,2042,,,,,,,,,,,,,0.0,,,,
Scenario1,0,RE1,,MINBIO,,2043,,,,,,,,,,,,,0.0,,,,
Scenario1,0,RE1,,MINBIO,,2044,,,,,,,,,,,,,0.0,,,,
Scenario1,0,RE1,,MINBIO,,2045,,,,,,,,,,,,,0.0,,,,
Scenario1,0,RE1,,MINBIO,,2046,,,,,,,,,,,,,0.0,,,,
Scenario1,0,RE1,,MINBIO,,2047,,,,,,,,,,,,,0.0,,,,
Scenario1,0,RE1,,MINBIO,,2048,,,,,,,,,,,,,0.0,,,,
Scenario1,0,RE1,,MINBIO,,2049,,,,,,,,,,,,,0.0,,,,
Scenario1,0,RE1,,MINBIO,,2050,,,,,,,,,,,,,0.0,,,,
Scenario1,0,RE1,,MINCOA,,2019,,,,,,,,,,,,,0.0,,,,
Scenario1,0,RE1,,MINCOA,,2020,,,,,,,,,,,,,0.0,,,,
Scenario1,0,RE1,,MINCOA,,2021,,,,,,,,,,,,,0.0,,,,
Scenario1,0,RE1,,MINCOA,,2022,,,,,,,,,,,,,0.0,,,,
Scenario1,0,RE1,,MINCOA,,2023,,,,,,,,,,,,,0.0,,,,
Scenario1,0,RE1,,MINCOA,,2024,,,,,,,,,,,,,0.0,,,,
Scenario1,0,RE1,,MINCOA,,2025,,,,,,,,,,,,,0.0,,,,
Scenario1,0,RE1,,MINCOA,,2026,,,,,,,,,,,,,0.0,,,,
Scenario1,0,RE1,,MINCOA,,2027,,,,,,,,,,,,,0.0,,,,
Scenario1,0,RE1,,MINCOA,,2028,,,,,,,,,,,,,0.0,,,,
Scenario1,0,RE1,,MINCOA,,2029,,,,,,,,,,,,,0.0,,,,
Scenario1,0,RE1,,MINCOA,,2030,,,,,,,,,,,,,0.0,,,,
Scenario1,0,RE1,,MINCOA,,2031,,,,,,,,,,,,,0.0,,,,
Scenario1,0,RE1,,MINCOA,,2032,,,,,,,,,,,,,0.0,,,,
Scenario1,0,RE1,,MINCOA,,2033,,,,,,,,,,,,,0.0,,,,
Scenario1,0,RE1,,MINCOA,,2034,,,,,,,,,,,,,0.0,,,,
Scenario1,0,RE1,,MINCOA,,2035,,,,,,,,,,,,,0.0,,,,
Scenario1,0,RE1,,MINCOA,,2036,,,,,,,,,,,,,0.0,,,,
Scenario1,0,RE1,,MINCOA,,2037,,,,,,,,,,,,,0.0,,,,
Scenario1,0,RE1,,MINCOA,,2038,,,,,,,,,,,,,0.0,,,,
Scenario1,0,RE1,,MINCOA,,2039,,,,,,,,,,,,,0.0,,,,
Scenario1,0,RE1,,MINCOA,,2040,,,,,,,,,,,,,0.0,,,,
Scenario1,0,RE1,,MINCOA,,2041,,,,,,,,,,,,,0.0,,,,
Scenario1,0,RE1,,MINCOA,,2042,,,,,,,,,,,,,0.0,,,,
Scenario1,0,RE1,,MINCOA,,2043,,,,,,,,,,,,,0.0,,,,
Scenario1,0,RE1,,MINCOA,,2044,,,,,,,,,,,,,0.0,,,,
Scenario1,0,RE1,,MINCOA,,2045,,,,,,,,,,,,,0.0,,,,
Scenario1,0,RE1,,MINCOA,,2046,,,,,,,,,,,,,0.0,,,,
Scenario1,0,RE1,,MINCOA,,2047,,,,,,,,,,,,,0.0,,,,
Scenario1,0,RE1,,MINCOA,,2048,,,,,,,,,,,,,0.0,,,,
Scenario1,0,RE1,,MINCOA,,2049,,,,,,,,,,,,,0.0,,,,
Scenario1,0,RE1,,MINCOA,,2050,,,,,,,,,,,,,0.0,,,,
Scenario1,0,RE1,,MINGEO,,2019,,,,,,,,,,,,,0.0,,,,
Scenario1,0,RE1,,MINGEO,,2020,,,,,,,,,,,,,0.0,,,,
Scenario1,0,RE1,,MINGEO,,2021,,,,,,,,,,,,,0.0,,,,
Scenario1,0,RE1,,MINGEO,,2022,,,,,,,,,,,,,0.0,,,,
Scenario1,0,RE1,,MINGEO,,2023,,,,,,,,,,,,,0.0,,,,
Scenario1,0,RE1,,MINGEO,,2024,,,,,,,,,,,,,0.0,,,,
Scenario1,0,RE1,,MINGEO,,2025,,,,,,,,,,,,,0.0,,,,
Scenario1,0,RE1,,MINGEO,,2026,,,,,,,,,,,,,0.0,,,,
Scenario1,0,RE1,,MINGEO,,2027,,,,,,,,,,,,,0.0,,,,
Scenario1,0,RE1,,MINGEO,,2028,,,,,,,,,,,,,0.0,,,,
Scenario1,0,RE1,,MINGEO,,2029,,,,,,,,,,,,,0.0,,,,
Scenario1,0,RE1,,MINGEO,,2030,,,,,,,,,,,,,0.0,,,,
Scenario1,0,RE1,,MINGEO,,2031,,,,,,,,,,,,,0.0,,,,
Scenario1,0,RE1,,MINGEO,,2032,,,,,,,,,,,,,0.0,,,,
Scenario1,0,RE1,,MINGEO,,2033,,,,,,,,,,,,,0.0,,,,
Scenario1,0,RE1,,MINGEO,,2034,,,,,,,,,,,,,0.0,,,,
Scenario1,0,RE1,,MINGEO,,2035,,,,,,,,,,,,,0.0,,,,
Scenario1,0,RE1,,MINGEO,,2036,,,,,,,,,,,,,0.0,,,,
Scenario1,0,RE1,,MINGEO,,2037,,,,,,,,,,,,,0.0,,,,
Scenario1,0,RE1,,MINGEO,,2038,,,,,,,,,,,,,0.0,,,,
Scenario1,0,RE1,,MINGEO,,2039,,,,,,,,,,,,,0.0,,,,
Scenario1,0,RE1,,MINGEO,,2040,,,,,,,,,,,,,0.0,,,,
Scenario1,0,RE1,,MINGEO,,2041,,,,,,,,,,,,,0.0,,,,
Scenario1,0,RE1,,MINGEO,,2042,,,,,,,,,,,,,0.0,,,,
Scenario1,0,RE1,,MINGEO,,2043,,,,,,,,,,,,,0.0,,,,
Scenario1,0,RE1,,MINGEO,,2044,,,,,,,,,,,,,0.0,,,,
Scenario1,0,RE1,,MINGEO,,2045,,,,,,,,,,,,,0.0,,,,
Scenario1,0,RE1,,MINGEO,,2046,,,,,,,,,,,,,0.0,,,,
Scenario1,0,RE1,,MINGEO,,2047,,,,,,,,,,,,,0.0,,,,
Scenario1,0,RE1,,MINGEO,,2048,,,,,,,,,,,,,0.0,,,,
Scenario1,0,RE1,,MINGEO,,2049,,,,,,,,,,,,,0.0,,,,
Scenario1,0,RE1,,MINGEO,,2050,,,,,,,,,,,,,0.0,,,,
Scenario1,0,RE1,,MINHYD,,2019,,,,,,,,,,,,,0.0,,,,
Scenario1,0,RE1,,MINHYD,,2020,,,,,,,,,,,,,0.0,,,,
Scenario1,0,RE1,,MINHYD,,2021,,,,,,,,,,,,,0.0,,,,
Scenario1,0,RE1,,MINHYD,,2022,,,,,,,,,,,,,0.0,,,,
Scenario1,0,RE1,,MINHYD,,2023,,,,,,,,,,,,,0.0,,,,
Scenario1,0,RE1,,MINHYD,,2024,,,,,,,,,,,,,0.0,,,,
Scenario1,0,RE1,,MINHYD,,2025,,,,,,,,,,,,,0.0,,,,
Scenario1,0,RE1,,MINHYD,,2026,,,,,,,,,,,,,0.0,,,,
Scenario1,0,RE1,,MINHYD,,2027,,,,,,,,,,,,,0.0,,,,
Scenario1,0,RE1,,MINHYD,,2028,,,,,,,,,,,,,0.0,,,,
Scenario1,0,RE1,,MINHYD,,2029,,,,,,,,,,,,,0.0,,,,
Scenario1,0,RE1,,MINHYD,,2030,,,,,,,,,,,,,0.0,,,,
Scenario1,0,RE1,,MINHYD,,2031,,,,,,,,,,,,,0.0,,,,
Scenario1,0,RE1,,MINHYD,,2032,,,,,,,,,,,,,0.0,,,,
Scenario1,0,RE1,,MINHYD,,2033,,,,,,,,,,,,,0.0,,,,
Scenario1,0,RE1,,MINHYD,,2034,,,,,,,,,,,,,0.0,,,,
Scenario1,0,RE1,,MINHYD,,2035,,,,,,,,,,,,,0.0,,,,
Scenario1,0,RE1,,MINHYD,,2036,,,,,,,,,,,,,0.0,,,,
Scenario1,0,RE1,,MINHYD,,2037,,,,,,,,,,,,,0.0,,,,
Scenario1,0,RE1,,MINHYD,,2038,,,,,,,,,,,,,0.0,,,,
Scenario1,0,RE1,,MINHYD,,2039,,,,,,,,,,,,,0.0,,,,
Scenario1,0,RE1,,MINHYD,,2040,,,,,,,,,,,,,0.0,,,,
Scenario1,0,RE1,,MINHYD,,2041,,,,,,,,,,,,,0.0,,,,
Scenario1,0,RE1,,MINHYD,,2042,,,,,,,,,,,,,0.0,,,,
Scenario1,0,RE1,,MINHYD,,2043,,,,,,,,,,,,,0.0,,,,
Scenario1,0,RE1,,MINHYD,,2044,,,,,,,,,,,,,0.0,,,,
Scenario1,0,RE1,,MINHYD,,2045,,,,,,,,,,,,,0.0,,,,
Scenario1,0,RE1,,MINHYD,,2046,,,,,,,,,,,,,0.0,,,,
Scenario1,0,RE1,,MINHYD,,2047,,,,,,,,,,,,,0.0,,,,
Scenario1,0,RE1,,MINHYD,,2048,,,,,,,,,,,,,0.0,,,,
Scenario1,0,RE1,,MINHYD,,2049,,,,,,,,,,,,,0.0,,,,
Scenario1,0,RE1,,MINHYD,,2050,,,,,,,,,,,,,0.0,,,,
Scenario1,0,RE1,,MINSOL,,2019,,,,,,,,,,,,,0.0,,,,
Scenario1,0,RE1,,MINSOL,,2020,,,,,,,,,,,,,0.0,,,,
Scenario1,0,RE1,,MINSOL,,2021,,,,,,,,,,,,,0.0,,,,
Scenario1,0,RE1,,MINSOL,,2022,,,,,,,,,,,,,0.0,,,,
Scenario1,0,RE1,,MINSOL,,2023,,,,,,,,,,,,,0.0,,,,
Scenario1,0,RE1,,MINSOL,,2024,,,,,,,,,,,,,0.0,,,,
Scenario1,0,RE1,,MINSOL,,2025,,,,,,,,,,,,,0.0,,,,
Scenario1,0,RE1,,MINSOL,,2026,,,,,,,,,,,,,0.0,,,,
Scenario1,0,RE1,,MINSOL,,2027,,,,,,,,,,,,,0.0,,,,
Scenario1,0,RE1,,MINSOL,,2028,,,,,,,,,,,,,0.0,,,,
Scenario1,0,RE1,,MINSOL,,2029,,,,,,,,,,,,,0.0,,,,
Scenario1,0,RE1,,MINSOL,,2030,,,,,,,,,,,,,0.0,,,,
Scenario1,0,RE1,,MINSOL,,2031,,,,,,,,,,,,,0.0,,,,
Scenario1,0,RE1,,MINSOL,,2032,,,,,,,,,,,,,0.0,,,,
Scenario1,0,RE1,,MINSOL,,2033,,,,,,,,,,,,,0.0,,,,
Scenario1,0,RE1,,MINSOL,,2034,,,,,,,,,,,,,0.0,,,,
Scenario1,0,RE1,,MINSOL,,2035,,,,,,,,,,,,,0.0,,,,
Scenario1,0,RE1,,MINSOL,,2036,,,,,,,,,,,,,0.0,,,,
Scenario1,0,RE1,,MINSOL,,2037,,,,,,,,,,,,,0.0,,,,
Scenario1,0,RE1,,MINSOL,,2038,,,,,,,,,,,,,0.0,,,,
Scenario1,0,RE1,,MINSOL,,2039,,,,,,,,,,,,,0.0,,,,
Scenario1,0,RE1,,MINSOL,,2040,,,,,,,,,,,,,0.0,,,,
Scenario1,0,RE1,,MINSOL,,2041,,,,,,,,,,,,,0.0,,,,
Scenario1,0,RE1,,MINSOL,,2042,,,,,,,,,,,,,0.0,,,,
Scenario1,0,RE1,,MINSOL,,2043,,,,,,,,,,,,,0.0,,,,
Scenario1,0,RE1,,MINSOL,,2044,,,,,,,,,,,,,0.0,,,,
Scenario1,0,RE1,,MINSOL,,2045,,,,,,,,,,,,,0.0,,,,
Scenario1,0,RE1,,MINSOL,,2046,,,,,,,,,,,,,0.0,,,,
Scenario1,0,RE1,,MINSOL,,2047,,,,,,,,,,,,,0.0,,,,
Scenario1,0,RE1,,MINSOL,,2048,,,,,,,,,,,,,0.0,,,,
Scenario1,0,RE1,,MINSOL,,2049,,,,,,,,,,,,,0.0,,,,
Scenario1,0,RE1,,MINSOL,,2050,,,,,,,,,,,,,0.0,,,,
Scenario1,0,RE1,,MINWND,,2019,,,,,,,,,,,,,0.0,,,,
Scenario1,0,RE1,,MINWND,,2020,,,,,,,,,,,,,0.0,,,,
Scenario1,0,RE1,,MINWND,,2021,,,,,,,,,,,,,0.0,,,,
Scenario1,0,RE1,,MINWND,,2022,,,,,,,,,,,,,0.0,,,,
Scenario1,0,RE1,,MINWND,,2023,,,,,,,,,,,,,0.0,,,,
Scenario1,0,RE1,,MINWND,,2024,,,,,,,,,,,,,0.0,,,,
Scenario1,0,RE1,,MINWND,,2025,,,,,,,,,,,,,0.0,,,,
Scenario1,0,RE1,,MINWND,,2026,,,,,,,,,,,,,0.0,,,,
Scenario1,0,RE1,,MINWND,,2027,,,,,,,,,,,,,0.0,,,,
Scenario1,0,RE1,,MINWND,,2028,,,,,,,,,,,,,0.0,,,,
Scenario1,0,RE1,,MINWND,,2029,,,,,,,,,,,,,0.0,,,,
Scenario1,0,RE1,,MINWND,,2030,,,,,,,,,,,,,0.0,,,,
Scenario1,0,RE1,,MINWND,,2031,,,,,,,,,,,,,0.0,,,,
Scenario1,0,RE1,,MINWND,,2032,,,,,,,,,,,,,0.0,,,,
Scenario1,0,RE1,,MINWND,,2033,,,,,,,,,,,,,0.0,,,,
Scenario1,0,RE1,,MINWND,,2034,,,,,,,,,,,,,0.0,,,,
Scenario1,0,RE1,,MINWND,,2035,,,,,,,,,,,,,0.0,,,,
Scenario1,0,RE1,,MINWND,,2036,,,,,,,,,,,,,0.0,,,,
Scenario1,0,RE1,,MINWND,,2037,,,,,,,,,,,,,0.0,,,,
Scenario1,0,RE1,,MINWND,,2038,,,,,,,,,,,,,0.0,,,,
Scenario1,0,RE1,,MINWND,,2039,,,,,,,,,,,,,0.0,,,,
Scenario1,0,RE1,,MINWND,,2040,,,,,,,,,,,,,0.0,,,,
Scenario1,0,RE1,,MINWND,,2041,,,,,,,,,,,,,0.0,,,,
Scenario1,0,RE1,,MINWND,,2042,,,,,,,,,,,,,0.0,,,,
Scenario1,0,RE1,,MINWND,,2043,,,,,,,,,,,,,0.0,,,,
Scenario1,0,RE1,,MINWND,,2044,,,,,,,,,,,,,0.0,,,,
Scenario1,0,RE1,,MINWND,,2045,,,,,,,,,,,,,0.0,,,,
Scenario1,0,RE1,,MINWND,,2046,,,,,,,,,,,,,0.0,,,,
Scenario1,0,RE1,,MINWND,,2047,,,,,,,,,,,,,0.0,,,,
Scenario1,0,RE1,,MINWND,,2048,,,,,,,,,,,,,0.0,,,,
Scenario1,0,RE1,,MINWND,,2049,,,,,,,,,,,,,0.0,,,,
Scenario1,0,RE1,,MINWND,,2050,,,,,,,,,,,,,0.0,,,,
Scenario1,0,RE1,,PWRBIO001,,2019,,,,,,,,,,,,,0.15,,,,
Scenario1,0,RE1,,PWRBIO001,,2020,,,,,,,,,,,,,0.15,,,,
Scenario1,0,RE1,,PWRBIO001,,2021,,,,,,,,,,,,,0.15,,,,
Scenario1,0,RE1,,PWRBIO001,,2022,,,,,,,,,,,,,0.15,,,,
Scenario1,0,RE1,,PWRBIO001,,2023,,,,,,,,,,,,,0.255,,,,
Scenario1,0,RE1,,PWRBIO001,,2024,,,,,,,,,,,,,0.255,,,,
Scenario1,0,RE1,,PWRBIO001,,2025,,,,,,,,,,,,,0.255,,,,
Scenario1,0,RE1,,PWRBIO001,,2026,,,,,,,,,,,,,1.0050000000000001,,,,
Scenario1,0,RE1,,PWRBIO001,,2027,,,,,,,,,,,,,1.0050000000000001,,,,
Scenario1,0,RE1,,PWRBIO001,,2028,,,,,,,,,,,,,1.605,,,,
Scenario1,0,RE1,,PWRBIO001,,2029,,,,,,,,,,,,,1.605,,,,
Scenario1,0,RE1,,PWRBIO001,,2030,,,,,,,,,,,,,5.22,,,,
Scenario1,0,RE1,,PWRBIO001,,2031,,,,,,,,,,,,,6.720000000000001,,,,
Scenario1,0,RE1,,PWRBIO001,,2032,,,,,,,,,,,,,7.529999999999999,,,,
Scenario1,0,RE1,,PWRBIO001,,2033,,,,,,,,,,,,,7.755000000000001,,,,
Scenario1,0,RE1,,PWRBIO001,,2034,,,,,,,,,,,,,8.205,,,,
Scenario1,0,RE1,,PWRBIO001,,2035,,,,,,,,,,,,,8.227500000000001,,,,
Scenario1,0,RE1,,PWRBIO001,,2036,,,,,,,,,,,,,8.227500000000001,,,,
Scenario1,0,RE1,,PWRBIO001,,2037,,,,,,,,,,,,,8.227500000000001,,,,
Scenario1,0,RE1,,PWRBIO001,,2038,,,,,,,,,,,,,8.227500000000001,,,,
Scenario1,0,RE1,,PWRBIO001,,2039,,,,,,,,,,,,,8.227500000000001,,,,
Scenario1,0,RE1,,PWRBIO001,,2040,,,,,,,,,,,,,8.227500000000001,,,,
Scenario1,0,RE1,,PWRBIO001,,2041,,,,,,,,,,,,,8.227500000000001,,,,
Scenario1,0,RE1,,PWRBIO001,,2042,,,,,,,,,,,,,8.227500000000001,,,,
Scenario1,0,RE1,,PWRBIO001,,2043,,,,,,,,,,,,,8.0775,,,,
Scenario1,0,RE1,,PWRBIO001,,2044,,,,,,,,,,,,,8.0775,,,,
Scenario1,0,RE1,,PWRBIO001,,2045,,,,,,,,,,,,,8.0775,,,,
Scenario1,0,RE1,,PWRBIO001,,2046,,,,,,,,,,,,,8.0775,,,,
Scenario1,0,RE1,,PWRBIO001,,2047,,,,,,,,,,,,,8.0775,,,,
Scenario1,0,RE1,,PWRBIO001,,2048,,,,,,,,,,,,,8.0775,,,,
Scenario1,0,RE1,,PWRBIO001,,2049,,,,,,,,,,,,,8.0775,,,,
Scenario1,0,RE1,,PWRBIO001,,2050,,,,,,,,,,,,,8.0775,,,,
Scenario1,0,RE1,,PWRCOA001,,2019,,,,,,,,,,,,,0.0,,,,
Scenario1,0,RE1,,PWRCOA001,,2020,,,,,,,,,,,,,0.0,,,,
Scenario1,0,RE1,,PWRCOA001,,2021,,,,,,,,,,,,,0.0,,,,
Scenario1,0,RE1,,PWRCOA001,,2022,,,,,,,,,,,,,0.0,,,,
Scenario1,0,RE1,,PWRCOA001,,2023,,,,,,,,,,,,,0.0,,,,
Scenario1,0,RE1,,PWRCOA001,,2024,,,,,,,,,,,,,0.0,,,,
Scenario1,0,RE1,,PWRCOA001,,2025,,,,,,,,,,,,,0.0,,,,
Scenario1,0,RE1,,PWRCOA001,,2026,,,,,,,,,,,,,0.0,,,,
Scenario1,0,RE1,,PWRCOA001,,2027,,,,,,,,,,,,,0.0,,,,
Scenario1,0,RE1,,PWRCOA001,,2028,,,,,,,,,,,,,0.0,,,,
Scenario1,0,RE1,,PWRCOA001,,2029,,,,,,,,,,,,,0.0,,,,
Scenario1,0,RE1,,PWRCOA001,,2030,,,,,,,,,,,,,0.0,,,,
Scenario1,0,RE1,,PWRCOA001,,2031,,,,,,,,,,,,,0.0,,,,
Scenario1,0,RE1,,PWRCOA001,,2032,,,,,,,,,,,,,0.0,,,,
Scenario1,0,RE1,,PWRCOA001,,2033,,,,,,,,,,,,,0.0,,,,
Scenario1,0,RE1,,PWRCOA001,,2034,,,,,,,,,,,,,0.0,,,,
Scenario1,0,RE1,,PWRCOA001,,2035,,,,,,,,,,,,,0.0,,,,
Scenario1,0,RE1,,PWRCOA001,,2036,,,,,,,,,,,,,0.0,,,,
Scenario1,0,RE1,,PWRCOA001,,2037,,,,,,,,,,,,,0.0,,,,
Scenario1,0,RE1,,PWRCOA001,,2038,,,,,,,,,,,,,0.0,,,,
Scenario1,0,RE1,,PWRCOA001,,2039,,,,,,,,,,,,,0.0,,,,
Scenario1,0,RE1,,PWRCOA001,,2040,,,,,,,,,,,,,0.0,,,,
Scenario1,0,RE1,,PWRCOA001,,2041,,,,,,,,,,,,,0.0,,,,
Scenario1,0,RE1,,PWRCOA001,,2042,,,,,,,,,,,,,0.0,,,,
Scenario1,0,RE1,,PWRCOA001,,2043,,,,,,,,,,,,,0.0,,,,
Scenario1,0,RE1,,PWRCOA001,,2044,,,,,,,,,,,,,0.0,,,,
Scenario1,0,RE1,,PWRCOA001,,2045,,,,,,,,,,,,,0.0,,,,
Scenario1,0,RE1,,PWRCOA001,,2046,,,,,,,,,,,,,0.0,,,,
Scenario1,0,RE1,,PWRCOA001,,2047,,,,,,,,,,,,,0.0,,,,
Scenario1,0,RE1,,PWRCOA001,,2048,,,,,,,,,,,,,0.0,,,,
Scenario1,0,RE1,,PWRCOA001,,2049,,,,,,,,,,,,,0.0,,,,
Scenario1,0,RE1,,PWRCOA001,,2050,,,,,,,,,,,,,0.0,,,,
Scenario1,0,RE1,,PWRDIST,,2019,,,,,,,,,,,,,0.0,,,,
Scenario1,0,RE1,,PWRDIST,,2020,,,,,,,,,,,,,0.0,,,,
Scenario1,0,RE1,,PWRDIST,,2021,,,,,,,,,,,,,0.0,,,,
Scenario1,0,RE1,,PWRDIST,,2022,,,,,,,,,,,,,0.0,,,,
Scenario1,0,RE1,,PWRDIST,,2023,,,,,,,,,,,,,0.0,,,,
Scenario1,0,RE1,,PWRDIST,,2024,,,,,,,,,,,,,0.0,,,,
Scenario1,0,RE1,,PWRDIST,,2025,,,,,,,,,,,,,0.0,,,,
Scenario1,0,RE1,,PWRDIST,,2026,,,,,,,,,,,,,0.0,,,,
Scenario1,0,RE1,,PWRDIST,,2027,,,,,,,,,,,,,0.0,,,,
Scenario1,0,RE1,,PWRDIST,,2028,,,,,,,,,,,,,0.0,,,,
Scenario1,0,RE1,,PWRDIST,,2029,,,,,,,,,,,,,0.0,,,,
Scenario1,0,RE1,,PWRDIST,,2030,,,,,,,,,,,,,0.0,,,,
Scenario1,0,RE1,,PWRDIST,,2031,,,,,,,,,,,,,0.0,,,,
Scenario1,0,RE1,,PWRDIST,,2032,,,,,,,,,,,,,0.0,,,,
Scenario1,0,RE1,,PWRDIST,,2033,,,,,,,,,,,,,0.0,,,,
Scenario1,0,RE1,,PWRDIST,,2034,,,,,,,,,,,,,0.0,,,,
Scenario1,0,RE1,,PWRDIST,,2035,,,,,,,,,,,,,0.0,,,,
Scenario1,0,RE1,,PWRDIST,,2036,,,,,,,,,,,,,0.0,,,,
Scenario1,0,RE1,,PWRDIST,,2037,,,,,,,,,,,,,0.0,,,,
Scenario1,0,RE1,,PWRDIST,,2038,,,,,,,,,,,,,0.0,,,,
Scenario1,0,RE1,,PWRDIST,,2039,,,,,,,,,,,,,0.0,,,,
Scenario1,0,RE1,,PWRDIST,,2040,,,,,,,,,,,,,0.0,,,,
Scenario1,0,RE1,,PWRDIST,,2041,,,,,,,,,,,,,0.0,,,,
Scenario1,0,RE1,,PWRDIST,,2042,,,,,,,,,,,,,0.0,,,,
Scenario1,0,RE1,,PWRDIST,,2043,,,,,,,,,,,,,0.0,,,,
Scenario1,0,RE1,,PWRDIST,,2044,,,,,,,,,,,,,0.0,,,,
Scenario1,0,RE1,,PWRDIST,,2045,,,,,,,,,,,,,0.0,,,,
Scenario1,0,RE1,,PWRDIST,,2046,,,,,,,,,,,,,0.0,,,,
Scenario1,0,RE1,,PWRDIST,,2047,,,,,,,,,,,,,0.0,,,,
Scenario1,0,RE1,,PWRDIST,,2048,,,,,,,,,,,,,0.0,,,,
Scenario1,0,RE1,,PWRDIST,,2049,,,,,,,,,,,,,0.0,,,,
Scenario1,0,RE1,,PWRDIST,,2050,,,,,,,,,,,,,0.0,,,,
Scenario1,0,RE1,,PWRGEO001,,2019,,,,,,,,,,,,,118.665,,,,
Scenario1,0,RE1,,PWRGEO001,,2020,,,,,,,,,,,,,118.665,,,,
Scenario1,0,RE1,,PWRGEO001,,2021,,,,,,,,,,,,,118.665,,,,
Scenario1,0,RE1,,PWRGEO001,,2022,,,,,,,,,,,,,131.16,,,,
Scenario1,0,RE1,,PWRGEO001,,2023,,,,,,,,,,,,,131.16,,,,
Scenario1,0,RE1,,PWRGEO001,,2024,,,,,,,,,,,,,126.66,,,,
Scenario1,0,RE1,,PWRGEO001,,2025,,,,,,,,,,,,,135.96,,,,
Scenario1,0,RE1,,PWRGEO001,,2026,,,,,,,,,,,,,138.96,,,,
Scenario1,0,RE1,,PWRGEO001,,2027,,,,,,,,,,,,,132.26999999999998,,,,
Scenario1,0,RE1,,PWRGEO001,,2028,,,,,,,,,,,,,136.01999999999998,,,,
Scenario1,0,RE1,,PWRGEO001,,2029,,,,,,,,,,,,,161.79796425882466,,,,
Scenario1,0,RE1,,PWRGEO001,,2030,,,,,,,,,,,,,162.87,,,,
Scenario1,0,RE1,,PWRGEO001,,2031,,,,,,,,,,,,,158.745,,,,
Scenario1,0,RE1,,PWRGEO001,,2032,,,,,,,,,,,,,158.745,,,,
Scenario1,0,RE1,,PWRGEO001,,2033,,,,,,,,,,,,,158.745,,,,
Scenario1,0,RE1,,PWRGEO001,,2034,,,,,,,,,,,,,179.74499999999998,,,,
Scenario1,0,RE1,,PWRGEO001,,2035,,,,,,,,,,,,,179.74499999999998,,,,
Scenario1,0,RE1,,PWRGEO001,,2036,,,,,,,,,,,,,200.74499999999998,,,,
Scenario1,0,RE1,,PWRGEO001,,2037,,,,,,,,,,,,,200.74499999999998,,,,
Scenario1,0,RE1,,PWRGEO001,,2038,,,,,,,,,,,,,194.80499999999998,,,,
Scenario1,0,RE1,,PWRGEO001,,2039,,,,,,,,,,,,,192.165,,,,
Scenario1,0,RE1,,PWRGEO001,,2040,,,,,,,,,,,,,171.165,,,,
Scenario1,0,RE1,,PWRGEO001,,2041,,,,,,,,,,,,,145.81499999999997,,,,
Scenario1,0,RE1,,PWRGEO001,,2042,,,,,,,,,,,,,145.81499999999997,,,,
Scenario1,0,RE1,,PWRGEO001,,2043,,,,,,,,,,,,,136.24499999999998,,,,
Scenario1,0,RE1,,PWRGEO001,,2044,,,,,,,,,,,,,136.24499999999998,,,,
Scenario1,0,RE1,,PWRGEO001,,2045,,,,,,,,,,,,,112.54499999999999,,,,
Scenario1,0,RE1,,PWRGEO001,,2046,,,,,,,,,,,,,112.54499999999999,,,,
Scenario1,0,RE1,,PWRGEO001,,2047,,,,,,,,,,,,,100.05,,,,
Scenario1,0,RE1,,PWRGEO001,,2048,,,,,,,,,,,,,100.05,,,,
Scenario1,0,RE1,,PWRGEO001,,2049,,,,,,,,,,,,,100.05,,,,
Scenario1,0,RE1,,PWRGEO001,,2050,,,,,,,,,,,,,97.05,,,,
Scenario1,0,RE1,,PWRGEO002,,2019,,,,,,,,,,,,,0.0,,,,
Scenario1,0,RE1,,PWRGEO002,,2020,,,,,,,,,,,,,0.0,,,,
Scenario1,0,RE1,,PWRGEO002,,2021,,,,,,,,,,,,,0.0,,,,
Scenario1,0,RE1,,PWRGEO002,,2022,,,,,,,,,,,,,0.0,,,,
Scenario1,0,RE1,,PWRGEO002,,2023,,,,,,,,,,,,,5.250000000000001,,,,
Scenario1,0,RE1,,PWRGEO002,,2024,,,,,,,,,,,,,5.250000000000001,,,,
Scenario1,0,RE1,,PWRGEO002,,2025,,,,,,,,,,,,,10.500000000000002,,,,
Scenario1,0,RE1,,PWRGEO002,,2026,,,,,,,,,,,,,10.500000000000002,,,,
Scenario1,0,RE1,,PWRGEO002,,2027,,,,,,,,,,,,,10.500000000000002,,,,
Scenario1,0,RE1,,PWRGEO002,,2028,,,,,,,,,,,,,15.75,,,,
Scenario1,0,RE1,,PWRGEO002,,2029,,,,,,,,,,,,,15.75,,,,
Scenario1,0,RE1,,PWRGEO002,,2030,,,,,,,,,,,,,15.75,,,,
Scenario1,0,RE1,,PWRGEO002,,2031,,,,,,,,,,,,,15.75,,,,
Scenario1,0,RE1,,PWRGEO002,,2032,,,,,,,,,,,,,15.75,,,,
Scenario1,0,RE1,,PWRGEO002,,2033,,,,,,,,,,,,,15.75,,,,
Scenario1,0,RE1,,PWRGEO002,,2034,,,,,,,,,,,,,15.75,,,,
Scenario1,0,RE1,,PWRGEO002,,2035,,,,,,,,,,,,,15.75,,,,
Scenario1,0,RE1,,PWRGEO002,,2036,,,,,,,,,,,,,15.75,,,,
Scenario1,0,RE1,,PWRGEO002,,2037,,,,,,,,,,,,,30.749999999999996,,,,
Scenario1,0,RE1,,PWRGEO002,,2038,,,,,,,,,,,,,30.749999999999996,,,,
Scenario1,0,RE1,,PWRGEO002,,2039,,,,,,,,,,,,,39.75,,,,
Scenario1,0,RE1,,PWRGEO002,,2040,,,,,,,,,,,,,69.75000000000001,,,,
Scenario1,0,RE1,,PWRGEO002,,2041,,,,,,,,,,,,,69.75000000000001,,,,
Scenario1,0,RE1,,PWRGEO002,,2042,,,,,,,,,,,,,69.75000000000001,,,,
Scenario1,0,RE1,,PWRGEO002,,2043,,,,,,,,,,,,,69.75000000000001,,,,
Scenario1,0,RE1,,PWRGEO002,,2044,,,,,,,,,,,,,69.75000000000001,,,,
Scenario1,0,RE1,,PWRGEO002,,2045,,,,,,,,,,,,,69.75000000000001,,,,
Scenario1,0,RE1,,PWRGEO002,,2046,,,,,,,,,,,,,69.75000000000001,,,,
Scenario1,0,RE1,,PWRGEO002,,2047,,,,,,,,,,,,,69.75000000000001,,,,
Scenario1,0,RE1,,PWRGEO002,,2048,,,,,,,,,,,,,64.50000000000001,,,,
Scenario1,0,RE1,,PWRGEO002,,2049,,,,,,,,,,,,,64.50000000000001,,,,
Scenario1,0,RE1,,PWRGEO002,,2050,,,,,,,,,,,,,59.25000000000001,,,,
Scenario1,0,RE1,,PWRGEO003,,2019,,,,,,,,,,,,,0.0,,,,
Scenario1,0,RE1,,PWRGEO003,,2020,,,,,,,,,,,,,0.0,,,,
Scenario1,0,RE1,,PWRGEO003,,2021,,,,,,,,,,,,,0.0,,,,
Scenario1,0,RE1,,PWRGEO003,,2022,,,,,,,,,,,,,0.0,,,,
Scenario1,0,RE1,,PWRGEO003,,2023,,,,,,,,,,,,,0.0,,,,
Scenario1,0,RE1,,PWRGEO003,,2024,,,,,,,,,,,,,0.0,,,,
Scenario1,0,RE1,,PWRGEO003,,2025,,,,,,,,,,,,,0.0,,,,
Scenario1,0,RE1,,PWRGEO003,,2026,,,,,,,,,,,,,0.0,,,,
Scenario1,0,RE1,,PWRGEO003,,2027,,,,,,,,,,,,,0.0,,,,
Scenario1,0,RE1,,PWRGEO003,,2028,,,,,,,,,,,,,0.0,,,,
Scenario1,0,RE1,,PWRGEO003,,2029,,,,,,,,,,,,,0.0,,,,
Scenario1,0,RE1,,PWRGEO003,,2030,,,,,,,,,,,,,0.0,,,,
Scenario1,0,RE1,,PWRGEO003,,2031,,,,,,,,,,,,,4.95,,,,
Scenario1,0,RE1,,PWRGEO003,,2032,,,,,,,,,,,,,4.95,,,,
Scenario1,0,RE1,,PWRGEO003,,2033,,,,,,,,,,,,,4.95,,,,
Scenario1,0,RE1,,PWRGEO003,,2034,,,,,,,,,,,,,4.95,,,,
Scenario1,0,RE1,,PWRGEO003,,2035,,,,,,,,,,,,,4.95,,,,
Scenario1,0,RE1,,PWRGEO003,,2036,,,,,,,,,,,,,4.95,,,,
Scenario1,0,RE1,,PWRGEO003,,2037,,,,,,,,,,,,,4.95,,,,
Scenario1,0,RE1,,PWRGEO003,,2038,,,,,,,,,,,,,4.95,,,,
Scenario1,0,RE1,,PWRGEO003,,2039,,,,,,,,,,,,,4.95,,,,
Scenario1,0,RE1,,PWRGEO003,,2040,,,,,,,,,,,,,15.0,,,,
Scenario1,0,RE1,,PWRGEO003,,2041,,,,,,,,,,,,,15.0,,,,
Scenario1,0,RE1,,PWRGEO003,,2042,,,,,,,,,,,,,15.0,,,,
Scenario1,0,RE1,,PWRGEO003,,2043,,,,,,,,,,,,,15.0,,,,
Scenario1,0,RE1,,PWRGEO003,,2044,,,,,,,,,,,,,15.0,,,,
Scenario1,0,RE1,,PWRGEO003,,2045,,,,,,,,,,,,,15.0,,,,
Scenario1,0,RE1,,PWRGEO003,,2046,,,,,,,,,,,,,15.0,,,,
Scenario1,0,RE1,,PWRGEO003,,2047,,,,,,,,,,,,,15.0,,,,
Scenario1,0,RE1,,PWRGEO003,,2048,,,,,,,,,,,,,15.0,,,,
Scenario1,0,RE1,,PWRGEO003,,2049,,,,,,,,,,,,,15.0,,,,
Scenario1,0,RE1,,PWRGEO003,,2050,,,,,,,,,,,,,15.0,,,,
Scenario1,0,RE1,,PWRGEO004,,2019,,,,,,,,,,,,,0.0,,,,
Scenario1,0,RE1,,PWRGEO004,,2020,,,,,,,,,,,,,0.0,,,,
Scenario1,0,RE1,,PWRGEO004,,2021,,,,,,,,,,,,,0.0,,,,
Scenario1,0,RE1,,PWRGEO004,,2022,,,,,,,,,,,,,0.0,,,,
Scenario1,0,RE1,,PWRGEO004,,2023,,,,,,,,,,,,,0.0,,,,
Scenario1,0,RE1,,PWRGEO004,,2024,,,,,,,,,,,,,0.0,,,,
Scenario1,0,RE1,,PWRGEO004,,2025,,,,,,,,,,,,,0.0,,,,
Scenario1,0,RE1,,PWRGEO004,,2026,,,,,,,,,,,,,0.0,,,,
Scenario1,0,RE1,,PWRGEO004,,2027,,,,,,,,,,,,,0.0,,,,
Scenario1,0,RE1,,PWRGEO004,,2028,,,,,,,,,,,,,0.0,,,,
Scenario1,0,RE1,,PWRGEO004,,2029,,,,,,,,,,,,,0.0,,,,
Scenario1,0,RE1,,PWRGEO004,,2030,,,,,,,,,,,,,0.0,,,,
Scenario1,0,RE1,,PWRGEO004,,2031,,,,,,,,,,,,,0.0,,,,
Scenario1,0,RE1,,PWRGEO004,,2032,,,,,,,,,,,,,0.0,,,,
Scenario1,0,RE1,,PWRGEO004,,2033,,,,,,,,,,,,,0.0,,,,
Scenario1,0,RE1,,PWRGEO004,,2034,,,,,,,,,,,,,0.0,,,,
Scenario1,0,RE1,,PWRGEO004,,2035,,,,,,,,,,,,,0.0,,,,
Scenario1,0,RE1,,PWRGEO004,,2036,,,,,,,,,,,,,0.0,,,,
Scenario1,0,RE1,,PWRGEO004,,2037,,,,,,,,,,,,,0.0,,,,
Scenario1,0,RE1,,PWRGEO004,,2038,,,,,,,,,,,,,15.0,,,,
Scenario1,0,RE1,,PWRGEO004,,2039,,,,,,,,,,,,,30.0,,,,
Scenario1,0,RE1,,PWRGEO004,,2040,,,,,,,,,,,,,45.0,,,,
Scenario1,0,RE1,,PWRGEO004,,2041,,,,,,,,,,,,,45.0,,,,
Scenario1,0,RE1,,PWRGEO004,,2042,,,,,,,,,,,,,45.0,,,,
Scenario1,0,RE1,,PWRGEO004,,2043,,,,,,,,,,,,,45.0,,,,
Scenario1,0,RE1,,PWRGEO004,,2044,,,,,,,,,,,,,45.0,,,,
Scenario1,0,RE1,,PWRGEO004,,2045,,,,,,,,,,,,,45.0,,,,
Scenario1,0,RE1,,PWRGEO004,,2046,,,,,,,,,,,,,45.0,,,,
Scenario1,0,RE1,,PWRGEO004,,2047,,,,,,,,,,,,,45.0,,,,
Scenario1,0,RE1,,PWRGEO004,,2048,,,,,,,,,,,,,45.0,,,,
Scenario1,0,RE1,,PWRGEO004,,2049,,,,,,,,,,,,,45.0,,,,
Scenario1,0,RE1,,PWRGEO004,,2050,,,,,,,,,,,,,45.0,,,,
Scenario1,0,RE1,,PWRGEO005,,2019,,,,,,,,,,,,,0.0,,,,
Scenario1,0,RE1,,PWRGEO005,,2020,,,,,,,,,,,,,0.0,,,,
Scenario1,0,RE1,,PWRGEO005,,2021,,,,,,,,,,,,,0.0,,,,
Scenario1,0,RE1,,PWRGEO005,,2022,,,,,,,,,,,,,0.0,,,,
Scenario1,0,RE1,,PWRGEO005,,2023,,,,,,,,,,,,,0.0,,,,
Scenario1,0,RE1,,PWRGEO005,,2024,,,,,,,,,,,,,0.0,,,,
Scenario1,0,RE1,,PWRGEO005,,2025,,,,,,,,,,,,,0.0,,,,
Scenario1,0,RE1,,PWRGEO005,,2026,,,,,,,,,,,,,0.0,,,,
Scenario1,0,RE1,,PWRGEO005,,2027,,,,,,,,,,,,,0.0,,,,
Scenario1,0,RE1,,PWRGEO005,,2028,,,,,,,,,,,,,0.0,,,,
Scenario1,0,RE1,,PWRGEO005,,2029,,,,,,,,,,,,,0.0,,,,
Scenario1,0,RE1,,PWRGEO005,,2030,,,,,,,,,,,,,0.0,,,,
Scenario1,0,RE1,,PWRGEO005,,2031,,,,,,,,,,,,,5.250000000000001,,,,
Scenario1,0,RE1,,PWRGEO005,,2032,,,,,,,,,,,,,5.250000000000001,,,,
Scenario1,0,RE1,,PWRGEO005,,2033,,,,,,,,,,,,,5.250000000000001,,,,
Scenario1,0,RE1,,PWRGEO005,,2034,,,,,,,,,,,,,5.250000000000001,,,,
Scenario1,0,RE1,,PWRGEO005,,2035,,,,,,,,,,,,,5.250000000000001,,,,
Scenario1,0,RE1,,PWRGEO005,,2036,,,,,,,,,,,,,5.250000000000001,,,,
Scenario1,0,RE1,,PWRGEO005,,2037,,,,,,,,,,,,,5.250000000000001,,,,
Scenario1,0,RE1,,PWRGEO005,,2038,,,,,,,,,,,,,5.250000000000001,,,,
Scenario1,0,RE1,,PWRGEO005,,2039,,,,,,,,,,,,,5.250000000000001,,,,
Scenario1,0,RE1,,PWRGEO005,,2040,,,,,,,,,,,,,7.197645922177515,,,,
Scenario1,0,RE1,,PWRGEO005,,2041,,,,,,,,,,,,,10.500000000000002,,,,
Scenario1,0,RE1,,PWRGEO005,,2042,,,,,,,,,,,,,10.500000000000002,,,,
Scenario1,0,RE1,,PWRGEO005,,2043,,,,,,,,,,,,,10.500000000000002,,,,
Scenario1,0,RE1,,PWRGEO005,,2044,,,,,,,,,,,,,10.500000000000002,,,,
Scenario1,0,RE1,,PWRGEO005,,2045,,,,,,,,,,,,,10.500000000000002,,,,
Scenario1,0,RE1,,PWRGEO005,,2046,,,,,,,,,,,,,10.500000000000002,,,,
Scenario1,0,RE1,,PWRGEO005,,2047,,,,,,,,,,,,,10.500000000000002,,,,
Scenario1,0,RE1,,PWRGEO005,,2048,,,,,,,,,,,,,10.500000000000002,,,,
Scenario1,0,RE1,,PWRGEO005,,2049,,,,,,,,,,,,,10.500000000000002,,,,
Scenario1,0,RE1,,PWRGEO005,,2050,,,,,,,,,,,,,10.500000000000002,,,,
Scenario1,0,RE1,,PWRGEO006,,2019,,,,,,,,,,,,,0.0,,,,
Scenario1,0,RE1,,PWRGEO006,,2020,,,,,,,,,,,,,0.0,,,,
Scenario1,0,RE1,,PWRGEO006,,2021,,,,,,,,,,,,,0.0,,,,
Scenario1,0,RE1,,PWRGEO006,,2022,,,,,,,,,,,,,0.0,,,,
Scenario1,0,RE1,,PWRGEO006,,2023,,,,,,,,,,,,,0.0,,,,
Scenario1,0,RE1,,PWRGEO006,,2024,,,,,,,,,,,,,0.0,,,,
Scenario1,0,RE1,,PWRGEO006,,2025,,,,,,,,,,,,,0.0,,,,
Scenario1,0,RE1,,PWRGEO006,,2026,,,,,,,,,,,,,23.293472457821764,,,,
Scenario1,0,RE1,,PWRGEO006,,2027,,,,,,,,,,,,,45.46041419935453,,,,
Scenario1,0,RE1,,PWRGEO006,,2028,,,,,,,,,,,,,46.85875151939763,,,,
Scenario1,0,RE1,,PWRGEO006,,2029,,,,,,,,,,,,,46.85875151939763,,,,
Scenario1,0,RE1,,PWRGEO006,,2030,,,,,,,,,,,,,58.91183549359814,,,,
Scenario1,0,RE1,,PWRGEO006,,2031,,,,,,,,,,,,,58.91183549359814,,,,
Scenario1,0,RE1,,PWRGEO006,,2032,,,,,,,,,,,,,78.55522775044624,,,,
Scenario1,0,RE1,,PWRGEO006,,2033,,,,,,,,,,,,,92.99999999999999,,,,
Scenario1,0,RE1,,PWRGEO006,,2034,,,,,,,,,,,,,92.99999999999999,,,,
Scenario1,0,RE1,,PWRGEO006,,2035,,,,,,,,,,,,,114.0,,,,
Scenario1,0,RE1,,PWRGEO006,,2036,,,,,,,,,,,,,118.35436200757341,,,,
Scenario1,0,RE1,,PWRGEO006,,2037,,,,,,,,,,,,,130.45614483110904,,,,
Scenario1,0,RE1,,PWRGEO006,,2038,,,,,,,,,,,,,153.00000000000003,,,,
Scenario1,0,RE1,,PWRGEO006,,2039,,,,,,,,,,,,,162.37384808269616,,,,
Scenario1,0,RE1,,PWRGEO006,,2040,,,,,,,,,,,,,162.37384808269616,,,,
Scenario1,0,RE1,,PWRGEO006,,2041,,,,,,,,,,,,,162.37384808269616,,,,
Scenario1,0,RE1,,PWRGEO006,,2042,,,,,,,,,,,,,189.0483397728169,,,,
Scenario1,0,RE1,,PWRGEO006,,2043,,,,,,,,,,,,,235.19804541032144,,,,
Scenario1,0,RE1,,PWRGEO006,,2044,,,,,,,,,,,,,278.80361036877855,,,,
Scenario1,0,RE1,,PWRGEO006,,2045,,,,,,,,,,,,,300.6613892438254,,,,
Scenario1,0,RE1,,PWRGEO006,,2046,,,,,,,,,,,,,344.9999999999999,,,,
Scenario1,0,RE1,,PWRGEO006,,2047,,,,,,,,,,,,,380.9999999999998,,,,
Scenario1,0,RE1,,PWRGEO006,,2048,,,,,,,,,,,,,419.9999999999998,,,,
Scenario1,0,RE1,,PWRGEO006,,2049,,,,,,,,,,,,,426.1288012404608,,,,
Scenario1,0,RE1,,PWRGEO006,,2050,,,,,,,,,,,,,486.9351432198923,,,,
Scenario1,0,RE1,,PWRGEO007,,2019,,,,,,,,,,,,,0.0,,,,
Scenario1,0,RE1,,PWRGEO007,,2020,,,,,,,,,,,,,0.0,,,,
Scenario1,0,RE1,,PWRGEO007,,2021,,,,,,,,,,,,,0.0,,,,
Scenario1,0,RE1,,PWRGEO007,,2022,,,,,,,,,,,,,0.0,,,,
Scenario1,0,RE1,,PWRGEO007,,2023,,,,,,,,,,,,,0.0,,,,
Scenario1,0,RE1,,PWRGEO007,,2024,,,,,,,,,,,,,0.0,,,,
Scenario1,0,RE1,,PWRGEO007,,2025,,,,,,,,,,,,,0.0,,,,
Scenario1,0,RE1,,PWRGEO007,,2026,,,,,,,,,,,,,0.0,,,,
Scenario1,0,RE1,,PWRGEO007,,2027,,,,,,,,,,,,,0.0,,,,
Scenario1,0,RE1,,PWRGEO007,,2028,,,,,,,,,,,,,0.0,,,,
Scenario1,0,RE1,,PWRGEO007,,2029,,,,,,,,,,,,,0.0,,,,
Scenario1,0,RE1,,PWRGEO007,,2030,,,,,,,,,,,,,0.0,,,,
Scenario1,0,RE1,,PWRGEO007,,2031,,,,,,,,,,,,,0.0,,,,
Scenario1,0,RE1,,PWRGEO007,,2032,,,,,,,,,,,,,0.0,,,,
Scenario1,0,RE1,,PWRGEO007,,2033,,,,,,,,,,,,,0.0,,,,
Scenario1,0,RE1,,PWRGEO007,,2034,,,,,,,,,,,,,0.0,,,,
Scenario1,0,RE1,,PWRGEO007,,2035,,,,,,,,,,,,,0.0,,,,
Scenario1,0,RE1,,PWRGEO007,,2036,,,,,,,,,,,,,0.0,,,,
Scenario1,0,RE1,,PWRGEO007,,2037,,,,,,,,,,,,,0.0,,,,
Scenario1,0,RE1,,PWRGEO007,,2038,,,,,,,,,,,,,0.0,,,,
Scenario1,0,RE1,,PWRGEO007,,2039,,,,,,,,,,,,,0.0,,,,
Scenario1,0,RE1,,PWRGEO007,,2040,,,,,,,,,,,,,0.0,,,,
Scenario1,0,RE1,,PWRGEO007,,2041,,,,,,,,,,,,,0.0,,,,
Scenario1,0,RE1,,PWRGEO007,,2042,,,,,,,,,,,,,0.0,,,,
Scenario1,0,RE1,,PWRGEO007,,2043,,,,,,,,,,,,,0.0,,,,
Scenario1,0,RE1,,PWRGEO007,,2044,,,,,,,,,,,,,0.0,,,,
Scenario1,0,RE1,,PWRGEO007,,2045,,,,,,,,,,,,,0.0,,,,
Scenario1,0,RE1,,PWRGEO007,,2046,,,,,,,,,,,,,0.0,,,,
Scenario1,0,RE1,,PWRGEO007,,2047,,,,,,,,,,,,,0.0,,,,
Scenario1,0,RE1,,PWRGEO007,,2048,,,,,,,,,,,,,0.0,,,,
Scenario1,0,RE1,,PWRGEO007,,2049,,,,,,,,,,,,,0.0,,,,
Scenario1,0,RE1,,PWRGEO007,,2050,,,,,,,,,,,,,0.0,,,,
Scenario1,0,RE1,,PWRHFO001,,2019,,,,,,,,,,,,,20.1726,,,,
Scenario1,0,RE1,,PWRHFO001,,2020,,,,,,,,,,,,,20.1726,,,,
Scenario1,0,RE1,,PWRHFO001,,2021,,,,,,,,,,,,,20.1726,,,,
Scenario1,0,RE1,,PWRHFO001,,2022,,,,,,,,,,,,,20.1726,,,,
Scenario1,0,RE1,,PWRHFO001,,2023,,,,,,,,,,,,,20.1726,,,,
Scenario1,0,RE1,,PWRHFO001,,2024,,,,,,,,,,,,,20.1726,,,,
Scenario1,0,RE1,,PWRHFO001,,2025,,,,,,,,,,,,,18.2826,,,,
Scenario1,0,RE1,,PWRHFO001,,2026,,,,,,,,,,,,,15.9516,,,,
Scenario1,0,RE1,,PWRHFO001,,2027,,,,,,,,,,,,,15.9516,,,,
Scenario1,0,RE1,,PWRHFO001,,2028,,,,,,,,,,,,,15.9516,,,,
Scenario1,0,RE1,,PWRHFO001,,2029,,,,,,,,,,,,,15.9516,,,,
Scenario1,0,RE1,,PWRHFO001,,2030,,,,,,,,,,,,,13.1607,,,,
Scenario1,0,RE1,,PWRHFO001,,2031,,,,,,,,,,,,,9.5382,,,,
Scenario1,0,RE1,,PWRHFO001,,2032,,,,,,,,,,,,,9.5382,,,,
Scenario1,0,RE1,,PWRHFO001,,2033,,,,,,,,,,,,,9.5382,,,,
Scenario1,0,RE1,,PWRHFO001,,2034,,,,,,,,,,,,,4.26825,,,,
Scenario1,0,RE1,,PWRHFO001,,2035,,,,,,,,,,,,,2.6145,,,,
Scenario1,0,RE1,,PWRHFO001,,2036,,,,,,,,,,,,,0.0,,,,
Scenario1,0,RE1,,PWRHFO001,,2037,,,,,,,,,,,,,0.0,,,,
Scenario1,0,RE1,,PWRHFO001,,2038,,,,,,,,,,,,,0.0,,,,
Scenario1,0,RE1,,PWRHFO001,,2039,,,,,,,,,,,,,0.0,,,,
Scenario1,0,RE1,,PWRHFO001,,2040,,,,,,,,,,,,,0.0,,,,
Scenario1,0,RE1,,PWRHFO001,,2041,,,,,,,,,,,,,0.0,,,,
Scenario1,0,RE1,,PWRHFO001,,2042,,,,,,,,,,,,,0.0,,,,
Scenario1,0,RE1,,PWRHFO001,,2043,,,,,,,,,,,,,0.0,,,,
Scenario1,0,RE1,,PWRHFO001,,2044,,,,,,,,,,,,,0.0,,,,
Scenario1,0,RE1,,PWRHFO001,,2045,,,,,,,,,,,,,0.0,,,,
Scenario1,0,RE1,,PWRHFO001,,2046,,,,,,,,,,,,,0.0,,,,
Scenario1,0,RE1,,PWRHFO001,,2047,,,,,,,,,,,,,0.0,,,,
Scenario1,0,RE1,,PWRHFO001,,2048,,,,,,,,,,,,,0.0,,,,
Scenario1,0,RE1,,PWRHFO001,,2049,,,,,,,,,,,,,0.0,,,,
Scenario1,0,RE1,,PWRHFO001,,2050,,,,,,,,,,,,,0.0,,,,
Scenario1,0,RE1,,PWRHYD001,,2019,,,,,,,,,,,,,2.5,,,,
Scenario1,0,RE1,,PWRHYD001,,2020,,,,,,,,,,,,,2.5,,,,
Scenario1,0,RE1,,PWRHYD001,,2021,,,,,,,,,,,,,2.5,,,,
Scenario1,0,RE1,,PWRHYD001,,2022,,,,,,,,,,,,,2.5,,,,
Scenario1,0,RE1,,PWRHYD001,,2023,,,,,,,,,,,,,2.5,,,,
Scenario1,0,RE1,,PWRHYD001,,2024,,,,,,,,,,,,,2.5,,,,
Scenario1,0,RE1,,PWRHYD001,,2025,,,,,,,,,,,,,2.5,,,,
Scenario1,0,RE1,,PWRHYD001,,2026,,,,,,,,,,,,,2.5,,,,
Scenario1,0,RE1,,PWRHYD001,,2027,,,,,,,,,,,,,2.5,,,,
Scenario1,0,RE1,,PWRHYD001,,2028,,,,,,,,,,,,,2.5,,,,
Scenario1,0,RE1,,PWRHYD001,,2029,,,,,,,,,,,,,2.5,,,,
Scenario1,0,RE1,,PWRHYD001,,2030,,,,,,,,,,,,,2.5,,,,
Scenario1,0,RE1,,PWRHYD001,,2031,,,,,,,,,,,,,2.5,,,,
Scenario1,0,RE1,,PWRHYD001,,2032,,,,,,,,,,,,,2.5,,,,
Scenario1,0,RE1,,PWRHYD001,,2033,,,,,,,,,,,,,2.5,,,,
Scenario1,0,RE1,,PWRHYD001,,2034,,,,,,,,,,,,,2.5,,,,
Scenario1,0,RE1,,PWRHYD001,,2035,,,,,,,,,,,,,2.5,,,,
Scenario1,0,RE1,,PWRHYD001,,2036,,,,,,,,,,,,,2.5,,,,
Scenario1,0,RE1,,PWRHYD001,,2037,,,,,,,,,,,,,2.5,,,,
Scenario1,0,RE1,,PWRHYD001,,2038,,,,,,,,,,,,,2.5,,,,
Scenario1,0,RE1,,PWRHYD001,,2039,,,,,,,,,,,,,2.5,,,,
Scenario1,0,RE1,,PWRHYD001,,2040,,,,,,,,,,,,,2.5,,,,
Scenario1,0,RE1,,PWRHYD001,,2041,,,,,,,,,,,,,2.5,,,,
Scenario1,0,RE1,,PWRHYD001,,2042,,,,,,,,,,,,,0.5,,,,
Scenario1,0,RE1,,PWRHYD001,,2043,,,,,,,,,,,,,0.5,,,,
Scenario1,0,RE1,,PWRHYD001,,2044,,,,,,,,,,,,,0.5,,,,
Scenario1,0,RE1,,PWRHYD001,,2045,,,,,,,,,,,,,0.5,,,,
Scenario1,0,RE1,,PWRHYD001,,2046,,,,,,,,,,,,,0.5,,,,
Scenario1,0,RE1,,PWRHYD001,,2047,,,,,,,,,,,,,0.5,,,,
Scenario1,0,RE1,,PWRHYD001,,2048,,,,,,,,,,,,,0.5,,,,
Scenario1,0,RE1,,PWRHYD001,,2049,,,,,,,,,,,,,0.5,,,,
Scenario1,0,RE1,,PWRHYD001,,2050,,,,,,,,,,,,,0.5,,,,
Scenario1,0,RE1,,PWRHYD002,,2019,,,,,,,,,,,,,14.5,,,,
Scenario1,0,RE1,,PWRHYD002,,2020,,,,,,,,,,,,,14.5,,,,
Scenario1,0,RE1,,PWRHYD002,,2021,,,,,,,,,,,,,14.5,,,,
Scenario1,0,RE1,,PWRHYD002,,2022,,,,,,,,,,,,,14.5,,,,
Scenario1,0,RE1,,PWRHYD002,,2023,,,,,,,,,,,,,14.5,,,,
Scenario1,0,RE1,,PWRHYD002,,2024,,,,,,,,,,,,,14.5,,,,
Scenario1,0,RE1,,PWRHYD002,,2025,,,,,,,,,,,,,14.5,,,,
Scenario1,0,RE1,,PWRHYD002,,2026,,,,,,,,,,,,,14.5,,,,
Scenario1,0,RE1,,PWRHYD002,,2027,,,,,,,,,,,,,14.5,,,,
Scenario1,0,RE1,,PWRHYD002,,2028,,,,,,,,,,,,,14.5,,,,
Scenario1,0,RE1,,PWRHYD002,,2029,,,,,,,,,,,,,14.5,,,,
Scenario1,0,RE1,,PWRHYD002,,2030,,,,,,,,,,,,,14.5,,,,
Scenario1,0,RE1,,PWRHYD002,,2031,,,,,,,,,,,,,16.750000000000004,,,,
Scenario1,0,RE1,,PWRHYD002,,2032,,,,,,,,,,,,,16.750000000000004,,,,
Scenario1,0,RE1,,PWRHYD002,,2033,,,,,,,,,,,,,16.750000000000004,,,,
Scenario1,0,RE1,,PWRHYD002,,2034,,,,,,,,,,,,,16.750000000000004,,,,
Scenario1,0,RE1,,PWRHYD002,,2035,,,,,,,,,,,,,16.750000000000004,,,,
Scenario1,0,RE1,,PWRHYD002,,2036,,,,,,,,,,,,,16.750000000000004,,,,
Scenario1,0,RE1,,PWRHYD002,,2037,,,,,,,,,,,,,16.750000000000004,,,,
Scenario1,0,RE1,,PWRHYD002,,2038,,,,,,,,,,,,,16.750000000000004,,,,
Scenario1,0,RE1,,PWRHYD002,,2039,,,,,,,,,,,,,16.750000000000004,,,,
Scenario1,0,RE1,,PWRHYD002,,2040,,,,,,,,,,,,,16.750000000000004,,,,
Scenario1,0,RE1,,PWRHYD002,,2041,,,,,,,,,,,,,16.750000000000004,,,,
Scenario1,0,RE1,,PWRHYD002,,2042,,,,,,,,,,,,,16.750000000000004,,,,
Scenario1,0,RE1,,PWRHYD002,,2043,,,,,,,,,,,,,16.750000000000004,,,,
Scenario1,0,RE1,,PWRHYD002,,2044,,,,,,,,,,,,,16.750000000000004,,,,
Scenario1,0,RE1,,PWRHYD002,,2045,,,,,,,,,,,,,16.750000000000004,,,,
Scenario1,0,RE1,,PWRHYD002,,2046,,,,,,,,,,,,,16.750000000000004,,,,
Scenario1,0,RE1,,PWRHYD002,,2047,,,,,,,,,,,,,16.750000000000004,,,,
Scenario1,0,RE1,,PWRHYD002,,2048,,,,,,,,,,,,,16.750000000000004,,,,
Scenario1,0,RE1,,PWRHYD002,,2049,,,,,,,,,,,,,16.750000000000004,,,,
Scenario1,0,RE1,,PWRHYD002,,2050,,,,,,,,,,,,,16.750000000000004,,,,
Scenario1,0,RE1,,PWRHYD003,,2019,,,,,,,,,,,,,2.625,,,,
Scenario1,0,RE1,,PWRHYD003,,2020,,,,,,,,,,,,,2.625,,,,
Scenario1,0,RE1,,PWRHYD003,,2021,,,,,,,,,,,,,2.625,,,,
Scenario1,0,RE1,,PWRHYD003,,2022,,,,,,,,,,,,,2.625,,,,
Scenario1,0,RE1,,PWRHYD003,,2023,,,,,,,,,,,,,2.625,,,,
Scenario1,0,RE1,,PWRHYD003,,2024,,,,,,,,,,,,,2.625,,,,
Scenario1,0,RE1,,PWRHYD003,,2025,,,,,,,,,,,,,2.625,,,,
Scenario1,0,RE1,,PWRHYD003,,2026,,,,,,,,,,,,,2.625,,,,
Scenario1,0,RE1,,PWRHYD003,,2027,,,,,,,,,,,,,2.625,,,,
Scenario1,0,RE1,,PWRHYD003,,2028,,,,,,,,,,,,,2.625,,,,
Scenario1,0,RE1,,PWRHYD003,,2029,,,,,,,,,,,,,2.625,,,,
Scenario1,0,RE1,,PWRHYD003,,2030,,,,,,,,,,,,,2.625,,,,
Scenario1,0,RE1,,PWRHYD003,,2031,,,,,,,,,,,,,2.625,,,,
Scenario1,0,RE1,,PWRHYD003,,2032,,,,,,,,,,,,,2.625,,,,
Scenario1,0,RE1,,PWRHYD003,,2033,,,,,,,,,,,,,2.625,,,,
Scenario1,0,RE1,,PWRHYD003,,2034,,,,,,,,,,,,,2.625,,,,
Scenario1,0,RE1,,PWRHYD003,,2035,,,,,,,,,,,,,2.625,,,,
Scenario1,0,RE1,,PWRHYD003,,2036,,,,,,,,,,,,,2.625,,,,
Scenario1,0,RE1,,PWRHYD003,,2037,,,,,,,,,,,,,2.625,,,,
Scenario1,0,RE1,,PWRHYD003,,2038,,,,,,,,,,,,,2.625,,,,
Scenario1,0,RE1,,PWRHYD003,,2039,,,,,,,,,,,,,2.625,,,,
Scenario1,0,RE1,,PWRHYD003,,2040,,,,,,,,,,,,,2.625,,,,
Scenario1,0,RE1,,PWRHYD003,,2041,,,,,,,,,,,,,2.625,,,,
Scenario1,0,RE1,,PWRHYD003,,2042,,,,,,,,,,,,,2.625,,,,
Scenario1,0,RE1,,PWRHYD003,,2043,,,,,,,,,,,,,2.625,,,,
Scenario1,0,RE1,,PWRHYD003,,2044,,,,,,,,,,,,,2.625,,,,
Scenario1,0,RE1,,PWRHYD003,,2045,,,,,,,,,,,,,2.625,,,,
Scenario1,0,RE1,,PWRHYD003,,2046,,,,,,,,,,,,,2.625,,,,
Scenario1,0,RE1,,PWRHYD003,,2047,,,,,,,,,,,,,2.625,,,,
Scenario1,0,RE1,,PWRHYD003,,2048,,,,,,,,,,,,,2.625,,,,
Scenario1,0,RE1,,PWRHYD003,,2049,,,,,,,,,,,,,2.625,,,,
Scenario1,0,RE1,,PWRHYD003,,2050,,,,,,,,,,,,,2.625,,,,
Scenario1,0,RE1,,PWRHYD004,,2019,,,,,,,,,,,,,0.0,,,,
Scenario1,0,RE1,,PWRHYD004,,2020,,,,,,,,,,,,,0.0,,,,
Scenario1,0,RE1,,PWRHYD004,,2021,,,,,,,,,,,,,0.0,,,,
Scenario1,0,RE1,,PWRHYD004,,2022,,,,,,,,,,,,,0.0,,,,
Scenario1,0,RE1,,PWRHYD004,,2023,,,,,,,,,,,,,0.0,,,,
Scenario1,0,RE1,,PWRHYD004,,2024,,,,,,,,,,,,,0.0,,,,
Scenario1,0,RE1,,PWRHYD004,,2025,,,,,,,,,,,,,0.0,,,,
Scenario1,0,RE1,,PWRHYD004,,2026,,,,,,,,,,,,,0.0,,,,
Scenario1,0,RE1,,PWRHYD004,,2027,,,,,,,,,,,,,0.0,,,,
Scenario1,0,RE1,,PWRHYD004,,2028,,,,,,,,,,,,,0.0,,,,
Scenario1,0,RE1,,PWRHYD004,,2029,,,,,,,,,,,,,0.0,,,,
Scenario1,0,RE1,,PWRHYD004,,2030,,,,,,,,,,,,,0.0,,,,
Scenario1,0,RE1,,PWRHYD004,,2031,,,,,,,,,,,,,0.0,,,,
Scenario1,0,RE1,,PWRHYD004,,2032,,,,,,,,,,,,,0.0,,,,
Scenario1,0,RE1,,PWRHYD004,,2033,,,,,,,,,,,,,0.0,,,,
Scenario1,0,RE1,,PWRHYD004,,2034,,,,,,,,,,,,,0.0,,,,
Scenario1,0,RE1,,PWRHYD004,,2035,,,,,,,,,,,,,0.0,,,,
Scenario1,0,RE1,,PWRHYD004,,2036,,,,,,,,,,,,,0.0,,,,
Scenario1,0,RE1,,PWRHYD004,,2037,,,,,,,,,,,,,0.0,,,,
Scenario1,0,RE1,,PWRHYD004,,2038,,,,,,,,,,,,,0.0,,,,
Scenario1,0,RE1,,PWRHYD004,,2039,,,,,,,,,,,,,0.0,,,,
Scenario1,0,RE1,,PWRHYD004,,2040,,,,,,,,,,,,,0.0,,,,
Scenario1,0,RE1,,PWRHYD004,,2041,,,,,,,,,,,,,0.0,,,,
Scenario1,0,RE1,,PWRHYD004,,2042,,,,,,,,,,,,,0.0,,,,
Scenario1,0,RE1,,PWRHYD004,,2043,,,,,,,,,,,,,0.0,,,,
Scenario1,0,RE1,,PWRHYD004,,2044,,,,,,,,,,,,,0.0,,,,
Scenario1,0,RE1,,PWRHYD004,,2045,,,,,,,,,,,,,0.0,,,,
Scenario1,0,RE1,,PWRHYD004,,2046,,,,,,,,,,,,,0.0,,,,
Scenario1,0,RE1,,PWRHYD004,,2047,,,,,,,,,,,,,0.0,,,,
Scenario1,0,RE1,,PWRHYD004,,2048,,,,,,,,,,,,,0.0,,,,
Scenario1,0,RE1,,PWRHYD004,,2049,,,,,,,,,,,,,0.0,,,,
Scenario1,0,RE1,,PWRHYD004,,2050,,,,,,,,,,,,,0.0,,,,
Scenario1,0,RE1,,PWRHYD005,,2019,,,,,,,,,,,,,0.4875,,,,
Scenario1,0,RE1,,PWRHYD005,,2020,,,,,,,,,,,,,0.4875,,,,
Scenario1,0,RE1,,PWRHYD005,,2021,,,,,,,,,,,,,0.4875,,,,
Scenario1,0,RE1,,PWRHYD005,,2022,,,,,,,,,,,,,0.4875,,,,
Scenario1,0,RE1,,PWRHYD005,,2023,,,,,,,,,,,,,0.6699999999999999,,,,
Scenario1,0,RE1,,PWRHYD005,,2024,,,,,,,,,,,,,0.7324999999999999,,,,
Scenario1,0,RE1,,PWRHYD005,,2025,,,,,,,,,,,,,0.74,,,,
Scenario1,0,RE1,,PWRHYD005,,2026,,,,,,,,,,,,,3.8074999999999997,,,,
Scenario1,0,RE1,,PWRHYD005,,2027,,,,,,,,,,,,,4.3100000000000005,,,,
Scenario1,0,RE1,,PWRHYD005,,2028,,,,,,,,,,,,,4.6375,,,,
Scenario1,0,RE1,,PWRHYD005,,2029,,,,,,,,,,,,,5.095,,,,
Scenario1,0,RE1,,PWRHYD005,,2030,,,,,,,,,,,,,6.3100000000000005,,,,
Scenario1,0,RE1,,PWRHYD005,,2031,,,,,,,,,,,,,7.340000000000001,,,,
Scenario1,0,RE1,,PWRHYD005,,2032,,,,,,,,,,,,,8.149999999999999,,,,
Scenario1,0,RE1,,PWRHYD005,,2033,,,,,,,,,,,,,9.347499999999998,,,,
Scenario1,0,RE1,,PWRHYD005,,2034,,,,,,,,,,,,,9.347499999999998,,,,
Scenario1,0,RE1,,PWRHYD005,,2035,,,,,,,,,,,,,11.659999999999998,,,,
Scenario1,0,RE1,,PWRHYD005,,2036,,,,,,,,,,,,,12.867499999999998,,,,
Scenario1,0,RE1,,PWRHYD005,,2037,,,,,,,,,,,,,13.5175,,,,
Scenario1,0,RE1,,PWRHYD005,,2038,,,,,,,,,,,,,14.225000000000003,,,,
Scenario1,0,RE1,,PWRHYD005,,2039,,,,,,,,,,,,,14.997500000000004,,,,
Scenario1,0,RE1,,PWRHYD005,,2040,,,,,,,,,,,,,14.997500000000004,,,,
Scenario1,0,RE1,,PWRHYD005,,2041,,,,,,,,,,,,,14.997500000000004,,,,
Scenario1,0,RE1,,PWRHYD005,,2042,,,,,,,,,,,,,15.153449620489914,,,,
Scenario1,0,RE1,,PWRHYD005,,2043,,,,,,,,,,,,,15.153449620489914,,,,
Scenario1,0,RE1,,PWRHYD005,,2044,,,,,,,,,,,,,15.153449620489914,,,,
Scenario1,0,RE1,,PWRHYD005,,2045,,,,,,,,,,,,,15.153449620489914,,,,
Scenario1,0,RE1,,PWRHYD005,,2046,,,,,,,,,,,,,15.153449620489914,,,,
Scenario1,0,RE1,,PWRHYD005,,2047,,,,,,,,,,,,,15.153449620489914,,,,
Scenario1,0,RE1,,PWRHYD005,,2048,,,,,,,,,,,,,15.153449620489914,,,,
Scenario1,0,RE1,,PWRHYD005,,2049,,,,,,,,,,,,,15.153449620489914,,,,
Scenario1,0,RE1,,PWRHYD005,,2050,,,,,,,,,,,,,15.153449620489914,,,,
Scenario1,0,RE1,,PWRLFO001,,2019,,,,,,,,,,,,,0.5852,,,,
Scenario1,0,RE1,,PWRLFO001,,2020,,,,,,,,,,,,,0.5852,,,,
Scenario1,0,RE1,,PWRLFO001,,2021,,,,,,,,,,,,,0.5852,,,,
Scenario1,0,RE1,,PWRLFO001,,2022,,,,,,,,,,,,,0.5852,,,,
Scenario1,0,RE1,,PWRLFO001,,2023,,,,,,,,,,,,,0.5852,,,,
Scenario1,0,RE1,,PWRLFO001,,2024,,,,,,,,,,,,,0.5852,,,,
Scenario1,0,RE1,,PWRLFO001,,2025,,,,,,,,,,,,,0.0,,,,
Scenario1,0,RE1,,PWRLFO001,,2026,,,,,,,,,,,,,0.0,,,,
Scenario1,0,RE1,,PWRLFO001,,2027,,,,,,,,,,,,,0.0,,,,
Scenario1,0,RE1,,PWRLFO001,,2028,,,,,,,,,,,,,0.0,,,,
Scenario1,0,RE1,,PWRLFO001,,2029,,,,,,,,,,,,,0.0,,,,
Scenario1,0,RE1,,PWRLFO001,,2030,,,,,,,,,,,,,0.0,,,,
Scenario1,0,RE1,,PWRLFO001,,2031,,,,,,,,,,,,,0.0,,,,
Scenario1,0,RE1,,PWRLFO001,,2032,,,,,,,,,,,,,0.0,,,,
Scenario1,0,RE1,,PWRLFO001,,2033,,,,,,,,,,,,,0.0,,,,
Scenario1,0,RE1,,PWRLFO001,,2034,,,,,,,,,,,,,0.0,,,,
Scenario1,0,RE1,,PWRLFO001,,2035,,,,,,,,,,,,,0.0,,,,
Scenario1,0,RE1,,PWRLFO001,,2036,,,,,,,,,,,,,0.0,,,,
Scenario1,0,RE1,,PWRLFO001,,2037,,,,,,,,,,,,,0.0,,,,
Scenario1,0,RE1,,PWRLFO001,,2038,,,,,,,,,,,,,0.0,,,,
Scenario1,0,RE1,,PWRLFO001,,2039,,,,,,,,,,,,,0.0,,,,
Scenario1,0,RE1,,PWRLFO001,,2040,,,,,,,,,,,,,0.0,,,,
Scenario1,0,RE1,,PWRLFO001,,2041,,,,,,,,,,,,,0.0,,,,
Scenario1,0,RE1,,PWRLFO001,,2042,,,,,,,,,,,,,0.0,,,,
Scenario1,0,RE1,,PWRLFO001,,2043,,,,,,,,,,,,,0.0,,,,
Scenario1,0,RE1,,PWRLFO001,,2044,,,,,,,,,,,,,0.0,,,,
Scenario1,0,RE1,,PWRLFO001,,2045,,,,,,,,,,,,,0.0,,,,
Scenario1,0,RE1,,PWRLFO001,,2046,,,,,,,,,,,,,0.0,,,,
Scenario1,0,RE1,,PWRLFO001,,2047,,,,,,,,,,,,,0.0,,,,
Scenario1,0,RE1,,PWRLFO001,,2048,,,,,,,,,,,,,0.0,,,,
Scenario1,0,RE1,,PWRLFO001,,2049,,,,,,,,,,,,,0.0,,,,
Scenario1,0,RE1,,PWRLFO001,,2050,,,,,,,,,,,,,0.0,,,,
Scenario1,0,RE1,,PWRNGS001,,2019,,,,,,,,,,,,,0.0,,,,
Scenario1,0,RE1,,PWRNGS001,,2020,,,,,,,,,,,,,0.0,,,,
Scenario1,0,RE1,,PWRNGS001,,2021,,,,,,,,,,,,,0.0,,,,
Scenario1,0,RE1,,PWRNGS001,,2022,,,,,,,,,,,,,0.0,,,,
Scenario1,0,RE1,,PWRNGS001,,2023,,,,,,,,,,,,,0.0,,,,
Scenario1,0,RE1,,PWRNGS001,,2024,,,,,,,,,,,,,0.0,,,,
Scenario1,0,RE1,,PWRNGS001,,2025,,,,,,,,,,,,,0.0,,,,
Scenario1,0,RE1,,PWRNGS001,,2026,,,,,,,,,,,,,0.0,,,,
Scenario1,0,RE1,,PWRNGS001,,2027,,,,,,,,,,,,,0.0,,,,
Scenario1,0,RE1,,PWRNGS001,,2028,,,,,,,,,,,,,0.0,,,,
Scenario1,0,RE1,,PWRNGS001,,2029,,,,,,,,,,,,,0.0,,,,
Scenario1,0,RE1,,PWRNGS001,,2030,,,,,,,,,,,,,0.0,,,,
Scenario1,0,RE1,,PWRNGS001,,2031,,,,,,,,,,,,,0.0,,,,
Scenario1,0,RE1,,PWRNGS001,,2032,,,,,,,,,,,,,0.0,,,,
Scenario1,0,RE1,,PWRNGS001,,2033,,,,,,,,,,,,,0.0,,,,
Scenario1,0,RE1,,PWRNGS001,,2034,,,,,,,,,,,,,0.0,,,,
Scenario1,0,RE1,,PWRNGS001,,2035,,,,,,,,,,,,,0.0,,,,
Scenario1,0,RE1,,PWRNGS001,,2036,,,,,,,,,,,,,0.0,,,,
Scenario1,0,RE1,,PWRNGS001,,2037,,,,,,,,,,,,,0.0,,,,
Scenario1,0,RE1,,PWRNGS001,,2038,,,,,,,,,,,,,0.0,,,,
Scenario1,0,RE1,,PWRNGS001,,2039,,,,,,,,,,,,,0.0,,,,
Scenario1,0,RE1,,PWRNGS001,,2040,,,,,,,,,,,,,0.0,,,,
Scenario1,0,RE1,,PWRNGS001,,2041,,,,,,,,,,,,,0.0,,,,
Scenario1,0,RE1,,PWRNGS001,,2042,,,,,,,,,,,,,0.0,,,,
Scenario1,0,RE1,,PWRNGS001,,2043,,,,,,,,,,,,,0.0,,,,
Scenario1,0,RE1,,PWRNGS001,,2044,,,,,,,,,,,,,0.0,,,,
Scenario1,0,RE1,,PWRNGS001,,2045,,,,,,,,,,,,,0.0,,,,
Scenario1,0,RE1,,PWRNGS001,,2046,,,,,,,,,,,,,0.0,,,,
Scenario1,0,RE1,,PWRNGS001,,2047,,,,,,,,,,,,,0.0,,,,
Scenario1,0,RE1,,PWRNGS001,,2048,,,,,,,,,,,,,0.0,,,,
Scenario1,0,RE1,,PWRNGS001,,2049,,,,,,,,,,,,,0.0,,,,
Scenario1,0,RE1,,PWRNGS001,,2050,,,,,,,,,,,,,0.0,,,,
Scenario1,0,RE1,,PWRPHS001,,2019,,,,,,,,,,,,,0.0,,,,
Scenario1,0,RE1,,PWRPHS001,,2020,,,,,,,,,,,,,0.0,,,,
Scenario1,0,RE1,,PWRPHS001,,2021,,,,,,,,,,,,,0.0,,,,
Scenario1,0,RE1,,PWRPHS001,,2022,,,,,,,,,,,,,0.0,,,,
Scenario1,0,RE1,,PWRPHS001,,2023,,,,,,,,,,,,,0.0,,,,
Scenario1,0,RE1,,PWRPHS001,,2024,,,,,,,,,,,,,0.0,,,,
Scenario1,0,RE1,,PWRPHS001,,2025,,,,,,,,,,,,,0.0,,,,
Scenario1,0,RE1,,PWRPHS001,,2026,,,,,,,,,,,,,0.0,,,,
Scenario1,0,RE1,,PWRPHS001,,2027,,,,,,,,,,,,,0.0,,,,
Scenario1,0,RE1,,PWRPHS001,,2028,,,,,,,,,,,,,0.0,,,,
Scenario1,0,RE1,,PWRPHS001,,2029,,,,,,,,,,,,,0.0,,,,
Scenario1,0,RE1,,PWRPHS001,,2030,,,,,,,,,,,,,0.0,,,,
Scenario1,0,RE1,,PWRPHS001,,2031,,,,,,,,,,,,,0.0,,,,
Scenario1,0,RE1,,PWRPHS001,,2032,,,,,,,,,,,,,0.0,,,,
Scenario1,0,RE1,,PWRPHS001,,2033,,,,,,,,,,,,,0.0,,,,
Scenario1,0,RE1,,PWRPHS001,,2034,,,,,,,,,,,,,2.512560591393258,,,,
Scenario1,0,RE1,,PWRPHS001,,2035,,,,,,,,,,,,,4.458,,,,
Scenario1,0,RE1,,PWRPHS001,,2036,,,,,,,,,,,,,4.458,,,,
Scenario1,0,RE1,,PWRPHS001,,2037,,,,,,,,,,,,,4.458,,,,
Scenario1,0,RE1,,PWRPHS001,,2038,,,,,,,,,,,,,4.458,,,,
Scenario1,0,RE1,,PWRPHS001,,2039,,,,,,,,,,,,,4.458,,,,
Scenario1,0,RE1,,PWRPHS001,,2040,,,,,,,,,,,,,4.458,,,,
Scenario1,0,RE1,,PWRPHS001,,2041,,,,,,,,,,,,,4.458,,,,
Scenario1,0,RE1,,PWRPHS001,,2042,,,,,,,,,,,,,4.458,,,,
Scenario1,0,RE1,,PWRPHS001,,2043,,,,,,,,,,,,,4.458,,,,
Scenario1,0,RE1,,PWRPHS001,,2044,,,,,,,,,,,,,4.458,,,,
Scenario1,0,RE1,,PWRPHS001,,2045,,,,,,,,,,,,,4.458,,,,
Scenario1,0,RE1,,PWRPHS001,,2046,,,,,,,,,,,,,4.458,,,,
Scenario1,0,RE1,,PWRPHS001,,2047,,,,,,,,,,,,,4.458,,,,
Scenario1,0,RE1,,PWRPHS001,,2048,,,,,,,,,,,,,4.458,,,,
Scenario1,0,RE1,,PWRPHS001,,2049,,,,,,,,,,,,,4.458,,,,
Scenario1,0,RE1,,PWRPHS001,,2050,,,,,,,,,,,,,4.458,,,,
Scenario1,0,RE1,,PWRPHS002,,2019,,,,,,,,,,,,,0.0,,,,
Scenario1,0,RE1,,PWRPHS002,,2020,,,,,,,,,,,,,0.0,,,,
Scenario1,0,RE1,,PWRPHS002,,2021,,,,,,,,,,,,,0.0,,,,
Scenario1,0,RE1,,PWRPHS002,,2022,,,,,,,,,,,,,0.0,,,,
Scenario1,0,RE1,,PWRPHS002,,2023,,,,,,,,,,,,,0.0,,,,
Scenario1,0,RE1,,PWRPHS002,,2024,,,,,,,,,,,,,0.0,,,,
Scenario1,0,RE1,,PWRPHS002,,2025,,,,,,,,,,,,,0.0,,,,
Scenario1,0,RE1,,PWRPHS002,,2026,,,,,,,,,,,,,0.0,,,,
Scenario1,0,RE1,,PWRPHS002,,2027,,,,,,,,,,,,,0.0,,,,
Scenario1,0,RE1,,PWRPHS002,,2028,,,,,,,,,,,,,0.0,,,,
Scenario1,0,RE1,,PWRPHS002,,2029,,,,,,,,,,,,,0.0,,,,
Scenario1,0,RE1,,PWRPHS002,,2030,,,,,,,,,,,,,0.0,,,,
Scenario1,0,RE1,,PWRPHS002,,2031,,,,,,,,,,,,,0.0,,,,
Scenario1,0,RE1,,PWRPHS002,,2032,,,,,,,,,,,,,0.0,,,,
Scenario1,0,RE1,,PWRPHS002,,2033,,,,,,,,,,,,,0.0,,,,
Scenario1,0,RE1,,PWRPHS002,,2034,,,,,,,,,,,,,4.457999999999999,,,,
Scenario1,0,RE1,,PWRPHS002,,2035,,,,,,,,,,,,,4.457999999999999,,,,
Scenario1,0,RE1,,PWRPHS002,,2036,,,,,,,,,,,,,4.457999999999999,,,,
Scenario1,0,RE1,,PWRPHS002,,2037,,,,,,,,,,,,,4.457999999999999,,,,
Scenario1,0,RE1,,PWRPHS002,,2038,,,,,,,,,,,,,4.457999999999999,,,,
Scenario1,0,RE1,,PWRPHS002,,2039,,,,,,,,,,,,,4.457999999999999,,,,
Scenario1,0,RE1,,PWRPHS002,,2040,,,,,,,,,,,,,4.457999999999999,,,,
Scenario1,0,RE1,,PWRPHS002,,2041,,,,,,,,,,,,,4.457999999999999,,,,
Scenario1,0,RE1,,PWRPHS002,,2042,,,,,,,,,,,,,4.457999999999999,,,,
Scenario1,0,RE1,,PWRPHS002,,2043,,,,,,,,,,,,,4.457999999999999,,,,
Scenario1,0,RE1,,PWRPHS002,,2044,,,,,,,,,,,,,4.457999999999999,,,,
Scenario1,0,RE1,,PWRPHS002,,2045,,,,,,,,,,,,,4.457999999999999,,,,
Scenario1,0,RE1,,PWRPHS002,,2046,,,,,,,,,,,,,4.457999999999999,,,,
Scenario1,0,RE1,,PWRPHS002,,2047,,,,,,,,,,,,,4.457999999999999,,,,
Scenario1,0,RE1,,PWRPHS002,,2048,,,,,,,,,,,,,4.457999999999999,,,,
Scenario1,0,RE1,,PWRPHS002,,2049,,,,,,,,,,,,,4.457999999999999,,,,
Scenario1,0,RE1,,PWRPHS002,,2050,,,,,,,,,,,,,4.457999999999999,,,,
Scenario1,0,RE1,,PWRSOL001,,2019,,,,,,,,,,,,,6.3755999999999995,,,,
Scenario1,0,RE1,,PWRSOL001,,2020,,,,,,,,,,,,,6.20655,,,,
Scenario1,0,RE1,,PWRSOL001,,2021,,,,,,,,,,,,,6.044745000000001,,,,
Scenario1,0,RE1,,PWRSOL001,,2022,,,,,,,,,,,,,5.885355000000001,,,,
Scenario1,0,RE1,,PWRSOL001,,2023,,,,,,,,,,,,,5.730795,,,,
Scenario1,0,RE1,,PWRSOL001,,2024,,,,,,,,,,,,,5.5786500000000006,,,,
Scenario1,0,RE1,,PWRSOL001,,2025,,,,,,,,,,,,,5.431335,,,,
Scenario1,0,RE1,,PWRSOL001,,2026,,,,,,,,,,,,,5.28885,,,,
Scenario1,0,RE1,,PWRSOL001,,2027,,,,,,,,,,,,,5.14878,,,,
Scenario1,0,RE1,,PWRSOL001,,2028,,,,,,,,,,,,,5.013540000000001,,,,
Scenario1,0,RE1,,PWRSOL001,,2029,,,,,,,,,,,,,4.8831299999999995,,,,
Scenario1,0,RE1,,PWRSOL001,,2030,,,,,,,,,,,,,4.75272,,,,
Scenario1,0,RE1,,PWRSOL001,,2031,,,,,,,,,,,,,4.629555,,,,
Scenario1,0,RE1,,PWRSOL001,,2032,,,,,,,,,,,,,4.50639,,,,
Scenario1,0,RE1,,PWRSOL001,,2033,,,,,,,,,,,,,4.3880550000000005,,,,
Scenario1,0,RE1,,PWRSOL001,,2034,,,,,,,,,,,,,4.2721350000000005,,,,
Scenario1,0,RE1,,PWRSOL001,,2035,,,,,,,,,,,,,4.15863,,,,
Scenario1,0,RE1,,PWRSOL001,,2036,,,,,,,,,,,,,4.049955,,,,
Scenario1,0,RE1,,PWRSOL001,,2037,,,,,,,,,,,,,3.9436949999999995,,,,
Scenario1,0,RE1,,PWRSOL001,,2038,,,,,,,,,,,,,3.83985,,,,
Scenario1,0,RE1,,PWRSOL001,,2039,,,,,,,,,,,,,3.7384199999999996,,,,
Scenario1,0,RE1,,PWRSOL001,,2040,,,,,,,,,,,,,3.639405,,,,
Scenario1,0,RE1,,PWRSOL001,,2041,,,,,,,,,,,,,3.639405,,,,
Scenario1,0,RE1,,PWRSOL001,,2042,,,,,,,,,,,,,3.639405,,,,
Scenario1,0,RE1,,PWRSOL001,,2043,,,,,,,,,,,,,3.639405,,,,
Scenario1,0,RE1,,PWRSOL001,,2044,,,,,,,,,,,,,0.7572674999999999,,,,
Scenario1,0,RE1,,PWRSOL001,,2045,,,,,,,,,,,,,0.7572674999999999,,,,
Scenario1,0,RE1,,PWRSOL001,,2046,,,,,,,,,,,,,0.7572674999999999,,,,
Scenario1,0,RE1,,PWRSOL001,,2047,,,,,,,,,,,,,0.7572674999999999,,,,
Scenario1,0,RE1,,PWRSOL001,,2048,,,,,,,,,,,,,0.7572674999999999,,,,
Scenario1,0,RE1,,PWRSOL001,,2049,,,,,,,,,,,,,0.7572674999999999,,,,
Scenario1,0,RE1,,PWRSOL001,,2050,,,,,,,,,,,,,0.7572674999999999,,,,
Scenario1,0,RE1,,PWRSOL002,,2019,,,,,,,,,,,,,0.0,,,,
Scenario1,0,RE1,,PWRSOL002,,2020,,,,,,,,,,,,,0.0,,,,
Scenario1,0,RE1,,PWRSOL002,,2021,,,,,,,,,,,,,0.0,,,,
Scenario1,0,RE1,,PWRSOL002,,2022,,,,,,,,,,,,,0.0,,,,
Scenario1,0,RE1,,PWRSOL002,,2023,,,,,,,,,,,,,0.0,,,,
Scenario1,0,RE1,,PWRSOL002,,2024,,,,,,,,,,,,,0.0,,,,
Scenario1,0,RE1,,PWRSOL002,,2025,,,,,,,,,,,,,0.0,,,,
Scenario1,0,RE1,,PWRSOL002,,2026,,,,,,,,,,,,,0.0,,,,
Scenario1,0,RE1,,PWRSOL002,,2027,,,,,,,,,,,,,0.0,,,,
Scenario1,0,RE1,,PWRSOL002,,2028,,,,,,,,,,,,,0.0,,,,
Scenario1,0,RE1,,PWRSOL002,,2029,,,,,,,,,,,,,0.0,,,,
Scenario1,0,RE1,,PWRSOL002,,2030,,,,,,,,,,,,,0.0,,,,
Scenario1,0,RE1,,PWRSOL002,,2031,,,,,,,,,,,,,0.0,,,,
Scenario1,0,RE1,,PWRSOL002,,2032,,,,,,,,,,,,,0.0,,,,
Scenario1,0,RE1,,PWRSOL002,,2033,,,,,,,,,,,,,0.0,,,,
Scenario1,0,RE1,,PWRSOL002,,2034,,,,,,,,,,,,,0.0,,,,
Scenario1,0,RE1,,PWRSOL002,,2035,,,,,,,,,,,,,0.0,,,,
Scenario1,0,RE1,,PWRSOL002,,2036,,,,,,,,,,,,,0.0,,,,
Scenario1,0,RE1,,PWRSOL002,,2037,,,,,,,,,,,,,0.0,,,,
Scenario1,0,RE1,,PWRSOL002,,2038,,,,,,,,,,,,,0.0,,,,
Scenario1,0,RE1,,PWRSOL002,,2039,,,,,,,,,,,,,0.0,,,,
Scenario1,0,RE1,,PWRSOL002,,2040,,,,,,,,,,,,,0.0,,,,
Scenario1,0,RE1,,PWRSOL002,,2041,,,,,,,,,,,,,0.0,,,,
Scenario1,0,RE1,,PWRSOL002,,2042,,,,,,,,,,,,,0.0,,,,
Scenario1,0,RE1,,PWRSOL002,,2043,,,,,,,,,,,,,0.0,,,,
Scenario1,0,RE1,,PWRSOL002,,2044,,,,,,,,,,,,,0.0,,,,
Scenario1,0,RE1,,PWRSOL002,,2045,,,,,,,,,,,,,0.0,,,,
Scenario1,0,RE1,,PWRSOL002,,2046,,,,,,,,,,,,,0.0,,,,
Scenario1,0,RE1,,PWRSOL002,,2047,,,,,,,,,,,,,0.0,,,,
Scenario1,0,RE1,,PWRSOL002,,2048,,,,,,,,,,,,,0.0,,,,
Scenario1,0,RE1,,PWRSOL002,,2049,,,,,,,,,,,,,0.0,,,,
Scenario1,0,RE1,,PWRSOL002,,2050,,,,,,,,,,,,,0.0,,,,
Scenario1,0,RE1,,PWRTRN,,2019,,,,,,,,,,,,,0.0,,,,
Scenario1,0,RE1,,PWRTRN,,2020,,,,,,,,,,,,,0.0,,,,
Scenario1,0,RE1,,PWRTRN,,2021,,,,,,,,,,,,,0.0,,,,
Scenario1,0,RE1,,PWRTRN,,2022,,,,,,,,,,,,,0.0,,,,
Scenario1,0,RE1,,PWRTRN,,2023,,,,,,,,,,,,,0.0,,,,
Scenario1,0,RE1,,PWRTRN,,2024,,,,,,,,,,,,,0.0,,,,
Scenario1,0,RE1,,PWRTRN,,2025,,,,,,,,,,,,,0.0,,,,
Scenario1,0,RE1,,PWRTRN,,2026,,,,,,,,,,,,,0.0,,,,
Scenario1,0,RE1,,PWRTRN,,2027,,,,,,,,,,,,,0.0,,,,
Scenario1,0,RE1,,PWRTRN,,2028,,,,,,,,,,,,,0.0,,,,
Scenario1,0,RE1,,PWRTRN,,2029,,,,,,,,,,,,,0.0,,,,
Scenario1,0,RE1,,PWRTRN,,2030,,,,,,,,,,,,,0.0,,,,
Scenario1,0,RE1,,PWRTRN,,2031,,,,,,,,,,,,,0.0,,,,
Scenario1,0,RE1,,PWRTRN,,2032,,,,,,,,,,,,,0.0,,,,
Scenario1,0,RE1,,PWRTRN,,2033,,,,,,,,,,,,,0.0,,,,
Scenario1,0,RE1,,PWRTRN,,2034,,,,,,,,,,,,,0.0,,,,
Scenario1,0,RE1,,PWRTRN,,2035,,,,,,,,,,,,,0.0,,,,
Scenario1,0,RE1,,PWRTRN,,2036,,,,,,,,,,,,,0.0,,,,
Scenario1,0,RE1,,PWRTRN,,2037,,,,,,,,,,,,,0.0,,,,
Scenario1,0,RE1,,PWRTRN,,2038,,,,,,,,,,,,,0.0,,,,
Scenario1,0,RE1,,PWRTRN,,2039,,,,,,,,,,,,,0.0,,,,
Scenario1,0,RE1,,PWRTRN,,2040,,,,,,,,,,,,,0.0,,,,
Scenario1,0,RE1,,PWRTRN,,2041,,,,,,,,,,,,,0.0,,,,
Scenario1,0,RE1,,PWRTRN,,2042,,,,,,,,,,,,,0.0,,,,
Scenario1,0,RE1,,PWRTRN,,2043,,,,,,,,,,,,,0.0,,,,
Scenario1,0,RE1,,PWRTRN,,2044,,,,,,,,,,,,,0.0,,,,
Scenario1,0,RE1,,PWRTRN,,2045,,,,,,,,,,,,,0.0,,,,
Scenario1,0,RE1,,PWRTRN,,2046,,,,,,,,,,,,,0.0,,,,
Scenario1,0,RE1,,PWRTRN,,2047,,,,,,,,,,,,,0.0,,,,
Scenario1,0,RE1,,PWRTRN,,2048,,,,,,,,,,,,,0.0,,,,
Scenario1,0,RE1,,PWRTRN,,2049,,,,,,,,,,,,,0.0,,,,
Scenario1,0,RE1,,PWRTRN,,2050,,,,,,,,,,,,,0.0,,,,
Scenario1,0,RE1,,PWRURN001,,2019,,,,,,,,,,,,,0.0,,,,
Scenario1,0,RE1,,PWRURN001,,2020,,,,,,,,,,,,,0.0,,,,
Scenario1,0,RE1,,PWRURN001,,2021,,,,,,,,,,,,,0.0,,,,
Scenario1,0,RE1,,PWRURN001,,2022,,,,,,,,,,,,,0.0,,,,
Scenario1,0,RE1,,PWRURN001,,2023,,,,,,,,,,,,,0.0,,,,
Scenario1,0,RE1,,PWRURN001,,2024,,,,,,,,,,,,,0.0,,,,
Scenario1,0,RE1,,PWRURN001,,2025,,,,,,,,,,,,,0.0,,,,
Scenario1,0,RE1,,PWRURN001,,2026,,,,,,,,,,,,,0.0,,,,
Scenario1,0,RE1,,PWRURN001,,2027,,,,,,,,,,,,,0.0,,,,
Scenario1,0,RE1,,PWRURN001,,2028,,,,,,,,,,,,,0.0,,,,
Scenario1,0,RE1,,PWRURN001,,2029,,,,,,,,,,,,,0.0,,,,
Scenario1,0,RE1,,PWRURN001,,2030,,,,,,,,,,,,,0.0,,,,
Scenario1,0,RE1,,PWRURN001,,2031,,,,,,,,,,,,,0.0,,,,
Scenario1,0,RE1,,PWRURN001,,2032,,,,,,,,,,,,,0.0,,,,
Scenario1,0,RE1,,PWRURN001,,2033,,,,,,,,,,,,,0.0,,,,
Scenario1,0,RE1,,PWRURN001,,2034,,,,,,,,,,,,,0.0,,,,
Scenario1,0,RE1,,PWRURN001,,2035,,,,,,,,,,,,,0.0,,,,
Scenario1,0,RE1,,PWRURN001,,2036,,,,,,,,,,,,,0.0,,,,
Scenario1,0,RE1,,PWRURN001,,2037,,,,,,,,,,,,,0.0,,,,
Scenario1,0,RE1,,PWRURN001,,2038,,,,,,,,,,,,,0.0,,,,
Scenario1,0,RE1,,PWRURN001,,2039,,,,,,,,,,,,,0.0,,,,
Scenario1,0,RE1,,PWRURN001,,2040,,,,,,,,,,,,,0.0,,,,
Scenario1,0,RE1,,PWRURN001,,2041,,,,,,,,,,,,,1.4144138972461433,,,,
Scenario1,0,RE1,,PWRURN001,,2042,,,,,,,,,,,,,2.18475,,,,
Scenario1,0,RE1,,PWRURN001,,2043,,,,,,,,,,,,,2.18475,,,,
Scenario1,0,RE1,,PWRURN001,,2044,,,,,,,,,,,,,2.18475,,,,
Scenario1,0,RE1,,PWRURN001,,2045,,,,,,,,,,,,,4.3695,,,,
Scenario1,0,RE1,,PWRURN001,,2046,,,,,,,,,,,,,4.3695,,,,
Scenario1,0,RE1,,PWRURN001,,2047,,,,,,,,,,,,,4.3695,,,,
Scenario1,0,RE1,,PWRURN001,,2048,,,,,,,,,,,,,4.3695,,,,
Scenario1,0,RE1,,PWRURN001,,2049,,,,,,,,,,,,,6.554250000000001,,,,
Scenario1,0,RE1,,PWRURN001,,2050,,,,,,,,,,,,,6.554250000000001,,,,
Scenario1,0,RE1,,PWRWND001,,2019,,,,,,,,,,,,,0.0,,,,
Scenario1,0,RE1,,PWRWND001,,2020,,,,,,,,,,,,,0.0,,,,
Scenario1,0,RE1,,PWRWND001,,2021,,,,,,,,,,,,,0.0,,,,
Scenario1,0,RE1,,PWRWND001,,2022,,,,,,,,,,,,,0.0,,,,
Scenario1,0,RE1,,PWRWND001,,2023,,,,,,,,,,,,,0.0,,,,
Scenario1,0,RE1,,PWRWND001,,2024,,,,,,,,,,,,,0.0,,,,
Scenario1,0,RE1,,PWRWND001,,2025,,,,,,,,,,,,,0.0,,,,
Scenario1,0,RE1,,PWRWND001,,2026,,,,,,,,,,,,,0.0,,,,
Scenario1,0,RE1,,PWRWND001,,2027,,,,,,,,,,,,,0.0,,,,
Scenario1,0,RE1,,PWRWND001,,2028,,,,,,,,,,,,,0.0,,,,
Scenario1,0,RE1,,PWRWND001,,2029,,,,,,,,,,,,,0.0,,,,
Scenario1,0,RE1,,PWRWND001,,2030,,,,,,,,,,,,,0.0,,,,
Scenario1,0,RE1,,PWRWND001,,2031,,,,,,,,,,,,,0.0,,,,
Scenario1,0,RE1,,PWRWND001,,2032,,,,,,,,,,,,,0.0,,,,
Scenario1,0,RE1,,PWRWND001,,2033,,,,,,,,,,,,,0.0,,,,
Scenario1,0,RE1,,PWRWND001,,2034,,,,,,,,,,,,,0.0,,,,
Scenario1,0,RE1,,PWRWND001,,2035,,,,,,,,,,,,,0.0,,,,
Scenario1,0,RE1,,PWRWND001,,2036,,,,,,,,,,,,,0.0,,,,
Scenario1,0,RE1,,PWRWND001,,2037,,,,,,,,,,,,,0.0,,,,
Scenario1,0,RE1,,PWRWND001,,2038,,,,,,,,,,,,,0.0,,,,
Scenario1,0,RE1,,PWRWND001,,2039,,,,,,,,,,,,,0.0,,,,
Scenario1,0,RE1,,PWRWND001,,2040,,,,,,,,,,,,,0.0,,,,
Scenario1,0,RE1,,PWRWND001,,2041,,,,,,,,,,,,,0.0,,,,
Scenario1,0,RE1,,PWRWND001,,2042,,,,,,,,,,,,,0.0,,,,
Scenario1,0,RE1,,PWRWND001,,2043,,,,,,,,,,,,,0.0,,,,
Scenario1,0,RE1,,PWRWND001,,2044,,,,,,,,,,,,,0.0,,,,
Scenario1,0,RE1,,PWRWND001,,2045,,,,,,,,,,,,,0.0,,,,
Scenario1,0,RE1,,PWRWND001,,2046,,,,,,,,,,,,,0.0,,,,
Scenario1,0,RE1,,PWRWND001,,2047,,,,,,,,,,,,,0.0,,,,
Scenario1,0,RE1,,PWRWND001,,2048,,,,,,,,,,,,,0.0,,,,
Scenario1,0,RE1,,PWRWND001,,2049,,,,,,,,,,,,,0.0,,,,
Scenario1,0,RE1,,PWRWND001,,2050,,,,,,,,,,,,,0.0,,,,
Scenario1,0,RE1,,PWRWND002,,2019,,,,,,,,,,,,,0.0,,,,
Scenario1,0,RE1,,PWRWND002,,2020,,,,,,,,,,,,,0.0,,,,
Scenario1,0,RE1,,PWRWND002,,2021,,,,,,,,,,,,,0.0,,,,
Scenario1,0,RE1,,PWRWND002,,2022,,,,,,,,,,,,,0.0,,,,
Scenario1,0,RE1,,PWRWND002,,2023,,,,,,,,,,,,,0.0,,,,
Scenario1,0,RE1,,PWRWND002,,2024,,,,,,,,,,,,,0.0,,,,
Scenario1,0,RE1,,PWRWND002,,2025,,,,,,,,,,,,,0.0,,,,
Scenario1,0,RE1,,PWRWND002,,2026,,,,,,,,,,,,,0.0,,,,
Scenario1,0,RE1,,PWRWND002,,2027,,,,,,,,,,,,,0.0,,,,
Scenario1,0,RE1,,PWRWND002,,2028,,,,,,,,,,,,,0.0,,,,
Scenario1,0,RE1,,PWRWND002,,2029,,,,,,,,,,,,,0.0,,,,
Scenario1,0,RE1,,PWRWND002,,2030,,,,,,,,,,,,,0.0,,,,
Scenario1,0,RE1,,PWRWND002,,2031,,,,,,,,,,,,,0.0,,,,
Scenario1,0,RE1,,PWRWND002,,2032,,,,,,,,,,,,,0.0,,,,
Scenario1,0,RE1,,PWRWND002,,2033,,,,,,,,,,,,,0.0,,,,
Scenario1,0,RE1,,PWRWND002,,2034,,,,,,,,,,,,,0.0,,,,
Scenario1,0,RE1,,PWRWND002,,2035,,,,,,,,,,,,,0.0,,,,
Scenario1,0,RE1,,PWRWND002,,2036,,,,,,,,,,,,,0.0,,,,
Scenario1,0,RE1,,PWRWND002,,2037,,,,,,,,,,,,,0.0,,,,
Scenario1,0,RE1,,PWRWND002,,2038,,,,,,,,,,,,,0.0,,,,
Scenario1,0,RE1,,PWRWND002,,2039,,,,,,,,,,,,,0.0,,,,
Scenario1,0,RE1,,PWRWND002,,2040,,,,,,,,,,,,,0.0,,,,
Scenario1,0,RE1,,PWRWND002,,2041,,,,,,,,,,,,,0.0,,,,
Scenario1,0,RE1,,PWRWND002,,2042,,,,,,,,,,,,,0.0,,,,
Scenario1,0,RE1,,PWRWND002,,2043,,,,,,,,,,,,,0.0,,,,
Scenario1,0,RE1,,PWRWND002,,2044,,,,,,,,,,,,,0.0,,,,
Scenario1,0,RE1,,PWRWND002,,2045,,,,,,,,,,,,,0.0,,,,
Scenario1,0,RE1,,PWRWND002,,2046,,,,,,,,,,,,,0.0,,,,
Scenario1,0,RE1,,PWRWND002,,2047,,,,,,,,,,,,,0.0,,,,
Scenario1,0,RE1,,PWRWND002,,2048,,,,,,,,,,,,,0.0,,,,
Scenario1,0,RE1,,PWRWND002,,2049,,,,,,,,,,,,,0.0,,,,
Scenario1,0,RE1,,PWRWND002,,2050,,,,,,,,,,,,,0.0,,,,
Scenario1,0,RE1,,PWRWND003,,2019,,,,,,,,,,,,,0.0,,,,
Scenario1,0,RE1,,PWRWND003,,2020,,,,,,,,,,,,,0.0,,,,
Scenario1,0,RE1,,PWRWND003,,2021,,,,,,,,,,,,,0.0,,,,
Scenario1,0,RE1,,PWRWND003,,2022,,,,,,,,,,,,,0.0,,,,
Scenario1,0,RE1,,PWRWND003,,2023,,,,,,,,,,,,,0.0,,,,
Scenario1,0,RE1,,PWRWND003,,2024,,,,,,,,,,,,,0.0,,,,
Scenario1,0,RE1,,PWRWND003,,2025,,,,,,,,,,,,,0.0,,,,
Scenario1,0,RE1,,PWRWND003,,2026,,,,,,,,,,,,,0.0,,,,
Scenario1,0,RE1,,PWRWND003,,2027,,,,,,,,,,,,,0.0,,,,
Scenario1,0,RE1,,PWRWND003,,2028,,,,,,,,,,,,,0.0,,,,
Scenario1,0,RE1,,PWRWND003,,2029,,,,,,,,,,,,,0.0,,,,
Scenario1,0,RE1,,PWRWND003,,2030,,,,,,,,,,,,,0.0,,,,
Scenario1,0,RE1,,PWRWND003,,2031,,,,,,,,,,,,,0.0,,,,
Scenario1,0,RE1,,PWRWND003,,2032,,,,,,,,,,,,,0.0,,,,
Scenario1,0,RE1,,PWRWND003,,2033,,,,,,,,,,,,,0.0,,,,
Scenario1,0,RE1,,PWRWND003,,2034,,,,,,,,,,,,,0.0,,,,
Scenario1,0,RE1,,PWRWND003,,2035,,,,,,,,,,,,,0.0,,,,
Scenario1,0,RE1,,PWRWND003,,2036,,,,,,,,,,,,,0.0,,,,
Scenario1,0,RE1,,PWRWND003,,2037,,,,,,,,,,,,,0.0,,,,
Scenario1,0,RE1,,PWRWND003,,2038,,,,,,,,,,,,,0.0,,,,
Scenario1,0,RE1,,PWRWND003,,2039,,,,,,,,,,,,,0.0,,,,
Scenario1,0,RE1,,PWRWND003,,2040,,,,,,,,,,,,,0.0,,,,
Scenario1,0,RE1,,PWRWND003,,2041,,,,,,,,,,,,,0.0,,,,
Scenario1,0,RE1,,PWRWND003,,2042,,,,,,,,,,,,,0.0,,,,
Scenario1,0,RE1,,PWRWND003,,2043,,,,,,,,,,,,,0.0,,,,
Scenario1,0,RE1,,PWRWND003,,2044,,,,,,,,,,,,,0.0,,,,
Scenario1,0,RE1,,PWRWND003,,2045,,,,,,,,,,,,,0.0,,,,
Scenario1,0,RE1,,PWRWND003,,2046,,,,,,,,,,,,,2.0020477402441466,,,,
Scenario1,0,RE1,,PWRWND003,,2047,,,,,,,,,,,,,18.078705743830003,,,,
Scenario1,0,RE1,,PWRWND003,,2048,,,,,,,,,,,,,28.49351449898899,,,,
Scenario1,0,RE1,,PWRWND003,,2049,,,,,,,,,,,,,28.49351449898899,,,,
Scenario1,0,RE1,,PWRWND003,,2050,,,,,,,,,,,,,28.49351449898899,,,,
Scenario1,0,RE1,,PWRWND004,,2019,,,,,,,,,,,,,0.0,,,,
Scenario1,0,RE1,,PWRWND004,,2020,,,,,,,,,,,,,0.0,,,,
Scenario1,0,RE1,,PWRWND004,,2021,,,,,,,,,,,,,0.0,,,,
Scenario1,0,RE1,,PWRWND004,,2022,,,,,,,,,,,,,0.0,,,,
Scenario1,0,RE1,,PWRWND004,,2023,,,,,,,,,,,,,0.0,,,,
Scenario1,0,RE1,,PWRWND004,,2024,,,,,,,,,,,,,0.0,,,,
Scenario1,0,RE1,,PWRWND004,,2025,,,,,,,,,,,,,0.0,,,,
Scenario1,0,RE1,,PWRWND004,,2026,,,,,,,,,,,,,0.0,,,,
Scenario1,0,RE1,,PWRWND004,,2027,,,,,,,,,,,,,0.0,,,,
Scenario1,0,RE1,,PWRWND004,,2028,,,,,,,,,,,,,0.0,,,,
Scenario1,0,RE1,,PWRWND004,,2029,,,,,,,,,,,,,0.0,,,,
Scenario1,0,RE1,,PWRWND004,,2030,,,,,,,,,,,,,0.0,,,,
Scenario1,0,RE1,,PWRWND004,,2031,,,,,,,,,,,,,0.0,,,,
Scenario1,0,RE1,,PWRWND004,,2032,,,,,,,,,,,,,0.0,,,,
Scenario1,0,RE1,,PWRWND004,,2033,,,,,,,,,,,,,0.0,,,,
Scenario1,0,RE1,,PWRWND004,,2034,,,,,,,,,,,,,1.7534568539998163,,,,
Scenario1,0,RE1,,PWRWND004,,2035,,,,,,,,,,,,,1.747642683718524,,,,
Scenario1,0,RE1,,PWRWND004,,2036,,,,,,,,,,,,,1.7418285134372316,,,,
Scenario1,0,RE1,,PWRWND004,,2037,,,,,,,,,,,,,1.7360143431559387,,,,
Scenario1,0,RE1,,PWRWND004,,2038,,,,,,,,,,,,,15.849733907688398,,,,
Scenario1,0,RE1,,PWRWND004,,2039,,,,,,,,,,,,,15.798691639433448,,,,
Scenario1,0,RE1,,PWRWND004,,2040,,,,,,,,,,,,,15.74543014212394,,,,
Scenario1,0,RE1,,PWRWND004,,2041,,,,,,,,,,,,,41.085861142857155,,,,
Scenario1,0,RE1,,PWRWND004,,2042,,,,,,,,,,,,,43.19583952606638,,,,
Scenario1,0,RE1,,PWRWND004,,2043,,,,,,,,,,,,,45.65188642180097,,,,
Scenario1,0,RE1,,PWRWND004,,2044,,,,,,,,,,,,,48.24751315165881,,,,
Scenario1,0,RE1,,PWRWND004,,2045,,,,,,,,,,,,,50.99075623222748,,,,
Scenario1,0,RE1,,PWRWND004,,2046,,,,,,,,,,,,,53.889954810426566,,,,
Scenario1,0,RE1,,PWRWND004,,2047,,,,,,,,,,,,,56.95401966824647,,,,
Scenario1,0,RE1,,PWRWND004,,2048,,,,,,,,,,,,,60.19229872037916,,,,
Scenario1,0,RE1,,PWRWND004,,2049,,,,,,,,,,,,,63.61471151658771,,,,
Scenario1,0,RE1,,PWRWND004,,2050,,,,,,,,,,,,,67.23168199052138,,,,
Scenario1,0,RE1,,PWRWND005,,2019,,,,,,,,,,,,,0.0,,,,
Scenario1,0,RE1,,PWRWND005,,2020,,,,,,,,,,,,,0.0,,,,
Scenario1,0,RE1,,PWRWND005,,2021,,,,,,,,,,,,,0.0,,,,
Scenario1,0,RE1,,PWRWND005,,2022,,,,,,,,,,,,,0.0,,,,
Scenario1,0,RE1,,PWRWND005,,2023,,,,,,,,,,,,,0.0,,,,
Scenario1,0,RE1,,PWRWND005,,2024,,,,,,,,,,,,,0.0,,,,
Scenario1,0,RE1,,PWRWND005,,2025,,,,,,,,,,,,,0.0,,,,
Scenario1,0,RE1,,PWRWND005,,2026,,,,,,,,,,,,,0.0,,,,
Scenario1,0,RE1,,PWRWND005,,2027,,,,,,,,,,,,,0.0,,,,
Scenario1,0,RE1,,PWRWND005,,2028,,,,,,,,,,,,,0.0,,,,
Scenario1,0,RE1,,PWRWND005,,2029,,,,,,,,,,,,,0.0,,,,
Scenario1,0,RE1,,PWRWND005,,2030,,,,,,,,,,,,,0.0,,,,
Scenario1,0,RE1,,PWRWND005,,2031,,,,,,,,,,,,,0.0,,,,
Scenario1,0,RE1,,PWRWND005,,2032,,,,,,,,,,,,,0.0,,,,
Scenario1,0,RE1,,PWRWND005,,2033,,,,,,,,,,,,,0.0,,,,
Scenario1,0,RE1,,PWRWND005,,2034,,,,,,,,,,,,,0.0,,,,
Scenario1,0,RE1,,PWRWND005,,2035,,,,,,,,,,,,,0.0,,,,
Scenario1,0,RE1,,PWRWND005,,2036,,,,,,,,,,,,,0.0,,,,
Scenario1,0,RE1,,PWRWND005,,2037,,,,,,,,,,,,,0.0,,,,
Scenario1,0,RE1,,PWRWND005,,2038,,,,,,,,,,,,,0.0,,,,
Scenario1,0,RE1,,PWRWND005,,2039,,,,,,,,,,,,,0.0,,,,
Scenario1,0,RE1,,PWRWND005,,2040,,,,,,,,,,,,,0.0,,,,
Scenario1,0,RE1,,PWRWND005,,2041,,,,,,,,,,,,,0.0,,,,
Scenario1,0,RE1,,PWRWND005,,2042,,,,,,,,,,,,,0.0,,,,
Scenario1,0,RE1,,PWRWND005,,2043,,,,,,,,,,,,,0.0,,,,
Scenario1,0,RE1,,PWRWND005,,2044,,,,,,,,,,,,,0.0,,,,
Scenario1,0,RE1,,PWRWND005,,2045,,,,,,,,,,,,,0.0,,,,
Scenario1,0,RE1,,PWRWND005,,2046,,,,,,,,,,,,,0.0,,,,
Scenario1,0,RE1,,PWRWND005,,2047,,,,,,,,,,,,,0.0,,,,
Scenario1,0,RE1,,PWRWND005,,2048,,,,,,,,,,,,,0.0,,,,
Scenario1,0,RE1,,PWRWND005,,2049,,,,,,,,,,,,,0.0,,,,
Scenario1,0,RE1,,PWRWND005,,2050,,,,,,,,,,,,,0.0,,,,
Scenario1,0,RE1,,PWRWND006,,2019,,,,,,,,,,,,,0.0,,,,
Scenario1,0,RE1,,PWRWND006,,2020,,,,,,,,,,,,,0.0,,,,
Scenario1,0,RE1,,PWRWND006,,2021,,,,,,,,,,,,,0.0,,,,
Scenario1,0,RE1,,PWRWND006,,2022,,,,,,,,,,,,,0.0,,,,
Scenario1,0,RE1,,PWRWND006,,2023,,,,,,,,,,,,,0.0,,,,
Scenario1,0,RE1,,PWRWND006,,2024,,,,,,,,,,,,,0.0,,,,
Scenario1,0,RE1,,PWRWND006,,2025,,,,,,,,,,,,,0.0,,,,
Scenario1,0,RE1,,PWRWND006,,2026,,,,,,,,,,,,,0.0,,,,
Scenario1,0,RE1,,PWRWND006,,2027,,,,,,,,,,,,,0.0,,,,
Scenario1,0,RE1,,PWRWND006,,2028,,,,,,,,,,,,,0.0,,,,
Scenario1,0,RE1,,PWRWND006,,2029,,,,,,,,,,,,,0.0,,,,
Scenario1,0,RE1,,PWRWND006,,2030,,,,,,,,,,,,,0.0,,,,
Scenario1,0,RE1,,PWRWND006,,2031,,,,,,,,,,,,,0.0,,,,
Scenario1,0,RE1,,PWRWND006,,2032,,,,,,,,,,,,,0.0,,,,
Scenario1,0,RE1,,PWRWND006,,2033,,,,,,,,,,,,,0.0,,,,
Scenario1,0,RE1,,PWRWND006,,2034,,,,,,,,,,,,,0.0,,,,
Scenario1,0,RE1,,PWRWND006,,2035,,,,,,,,,,,,,0.0,,,,
Scenario1,0,RE1,,PWRWND006,,2036,,,,,,,,,,,,,0.0,,,,
Scenario1,0,RE1,,PWRWND006,,2037,,,,,,,,,,,,,0.0,,,,
Scenario1,0,RE1,,PWRWND006,,2038,,,,,,,,,,,,,0.0,,,,
Scenario1,0,RE1,,PWRWND006,,2039,,,,,,,,,,,,,0.0,,,,
Scenario1,0,RE1,,PWRWND006,,2040,,,,,,,,,,,,,0.0,,,,
Scenario1,0,RE1,,PWRWND006,,2041,,,,,,,,,,,,,0.0,,,,
Scenario1,0,RE1,,PWRWND006,,2042,,,,,,,,,,,,,0.0,,,,
Scenario1,0,RE1,,PWRWND006,,2043,,,,,,,,,,,,,0.0,,,,
Scenario1,0,RE1,,PWRWND006,,2044,,,,,,,,,,,,,0.0,,,,
Scenario1,0,RE1,,PWRWND006,,2045,,,,,,,,,,,,,0.0,,,,
Scenario1,0,RE1,,PWRWND006,,2046,,,,,,,,,,,,,0.0,,,,
Scenario1,0,RE1,,PWRWND006,,2047,,,,,,,,,,,,,0.0,,,,
Scenario1,0,RE1,,PWRWND006,,2048,,,,,,,,,,,,,0.0,,,,
Scenario1,0,RE1,,PWRWND006,,2049,,,,,,,,,,,,,0.0,,,,
Scenario1,0,RE1,,PWRWND006,,2050,,,,,,,,,,,,,0.0,,,,
Scenario1,0,RE1,,PWRWND007,,2019,,,,,,,,,,,,,0.0,,,,
Scenario1,0,RE1,,PWRWND007,,2020,,,,,,,,,,,,,0.0,,,,
Scenario1,0,RE1,,PWRWND007,,2021,,,,,,,,,,,,,0.0,,,,
Scenario1,0,RE1,,PWRWND007,,2022,,,,,,,,,,,,,0.0,,,,
Scenario1,0,RE1,,PWRWND007,,2023,,,,,,,,,,,,,0.0,,,,
Scenario1,0,RE1,,PWRWND007,,2024,,,,,,,,,,,,,0.0,,,,
Scenario1,0,RE1,,PWRWND007,,2025,,,,,,,,,,,,,0.0,,,,
Scenario1,0,RE1,,PWRWND007,,2026,,,,,,,,,,,,,0.0,,,,
Scenario1,0,RE1,,PWRWND007,,2027,,,,,,,,,,,,,0.0,,,,
Scenario1,0,RE1,,PWRWND007,,2028,,,,,,,,,,,,,0.0,,,,
Scenario1,0,RE1,,PWRWND007,,2029,,,,,,,,,,,,,0.0,,,,
Scenario1,0,RE1,,PWRWND007,,2030,,,,,,,,,,,,,0.0,,,,
Scenario1,0,RE1,,PWRWND007,,2031,,,,,,,,,,,,,0.0,,,,
Scenario1,0,RE1,,PWRWND007,,2032,,,,,,,,,,,,,0.0,,,,
Scenario1,0,RE1,,PWRWND007,,2033,,,,,,,,,,,,,0.0,,,,
Scenario1,0,RE1,,PWRWND007,,2034,,,,,,,,,,,,,0.0,,,,
Scenario1,0,RE1,,PWRWND007,,2035,,,,,,,,,,,,,0.0,,,,
Scenario1,0,RE1,,PWRWND007,,2036,,,,,,,,,,,,,0.0,,,,
Scenario1,0,RE1,,PWRWND007,,2037,,,,,,,,,,,,,0.0,,,,
Scenario1,0,RE1,,PWRWND007,,2038,,,,,,,,,,,,,0.0,,,,
Scenario1,0,RE1,,PWRWND007,,2039,,,,,,,,,,,,,0.0,,,,
Scenario1,0,RE1,,PWRWND007,,2040,,,,,,,,,,,,,0.0,,,,
Scenario1,0,RE1,,PWRWND007,,2041,,,,,,,,,,,,,0.0,,,,
Scenario1,0,RE1,,PWRWND007,,2042,,,,,,,,,,,,,0.0,,,,
Scenario1,0,RE1,,PWRWND007,,2043,,,,,,,,,,,,,0.0,,,,
Scenario1,0,RE1,,PWRWND007,,2044,,,,,,,,,,,,,0.0,,,,
Scenario1,0,RE1,,PWRWND007,,2045,,,,,,,,,,,,,0.0,,,,
Scenario1,0,RE1,,PWRWND007,,2046,,,,,,,,,,,,,0.0,,,,
Scenario1,0,RE1,,PWRWND007,,2047,,,,,,,,,,,,,0.0,,,,
Scenario1,0,RE1,,PWRWND007,,2048,,,,,,,,,,,,,0.0,,,,
Scenario1,0,RE1,,PWRWND007,,2049,,,,,,,,,,,,,0.0,,,,
Scenario1,0,RE1,,PWRWND007,,2050,,,,,,,,,,,,,0.0,,,,
Scenario1,0,RE1,,PWRWND008,,2019,,,,,,,,,,,,,0.0,,,,
Scenario1,0,RE1,,PWRWND008,,2020,,,,,,,,,,,,,0.0,,,,
Scenario1,0,RE1,,PWRWND008,,2021,,,,,,,,,,,,,0.0,,,,
Scenario1,0,RE1,,PWRWND008,,2022,,,,,,,,,,,,,0.0,,,,
Scenario1,0,RE1,,PWRWND008,,2023,,,,,,,,,,,,,0.0,,,,
Scenario1,0,RE1,,PWRWND008,,2024,,,,,,,,,,,,,0.0,,,,
Scenario1,0,RE1,,PWRWND008,,2025,,,,,,,,,,,,,0.0,,,,
Scenario1,0,RE1,,PWRWND008,,2026,,,,,,,,,,,,,0.0,,,,
Scenario1,0,RE1,,PWRWND008,,2027,,,,,,,,,,,,,0.0,,,,
Scenario1,0,RE1,,PWRWND008,,2028,,,,,,,,,,,,,0.0,,,,
Scenario1,0,RE1,,PWRWND008,,2029,,,,,,,,,,,,,0.0,,,,
Scenario1,0,RE1,,PWRWND008,,2030,,,,,,,,,,,,,0.0,,,,
Scenario1,0,RE1,,PWRWND008,,2031,,,,,,,,,,,,,0.0,,,,
Scenario1,0,RE1,,PWRWND008,,2032,,,,,,,,,,,,,0.0,,,,
Scenario1,0,RE1,,PWRWND008,,2033,,,,,,,,,,,,,0.0,,,,
Scenario1,0,RE1,,PWRWND008,,2034,,,,,,,,,,,,,0.0,,,,
Scenario1,0,RE1,,PWRWND008,,2035,,,,,,,,,,,,,0.0,,,,
Scenario1,0,RE1,,PWRWND008,,2036,,,,,,,,,,,,,0.0,,,,
Scenario1,0,RE1,,PWRWND008,,2037,,,,,,,,,,,,,0.0,,,,
Scenario1,0,RE1,,PWRWND008,,2038,,,,,,,,,,,,,0.0,,,,
Scenario1,0,RE1,,PWRWND008,,2039,,,,,,,,,,,,,0.0,,,,
Scenario1,0,RE1,,PWRWND008,,2040,,,,,,,,,,,,,0.0,,,,
Scenario1,0,RE1,,PWRWND008,,2041,,,,,,,,,,,,,0.0,,,,
Scenario1,0,RE1,,PWRWND008,,2042,,,,,,,,,,,,,0.0,,,,
Scenario1,0,RE1,,PWRWND008,,2043,,,,,,,,,,,,,0.0,,,,
Scenario1,0,RE1,,PWRWND008,,2044,,,,,,,,,,,,,0.0,,,,
Scenario1,0,RE1,,PWRWND008,,2045,,,,,,,,,,,,,0.0,,,,
Scenario1,0,RE1,,PWRWND008,,2046,,,,,,,,,,,,,0.0,,,,
Scenario1,0,RE1,,PWRWND008,,2047,,,,,,,,,,,,,0.0,,,,
Scenario1,0,RE1,,PWRWND008,,2048,,,,,,,,,,,,,0.0,,,,
Scenario1,0,RE1,,PWRWND008,,2049,,,,,,,,,,,,,0.0,,,,
Scenario1,0,RE1,,PWRWND008,,2050,,,,,,,,,,,,,0.0,,,,
Scenario1,0,RE1,,PWRWND009,,2019,,,,,,,,,,,,,0.0,,,,
Scenario1,0,RE1,,PWRWND009,,2020,,,,,,,,,,,,,0.0,,,,
Scenario1,0,RE1,,PWRWND009,,2021,,,,,,,,,,,,,0.0,,,,
Scenario1,0,RE1,,PWRWND009,,2022,,,,,,,,,,,,,0.0,,,,
Scenario1,0,RE1,,PWRWND009,,2023,,,,,,,,,,,,,0.0,,,,
Scenario1,0,RE1,,PWRWND009,,2024,,,,,,,,,,,,,0.0,,,,
Scenario1,0,RE1,,PWRWND009,,2025,,,,,,,,,,,,,0.0,,,,
Scenario1,0,RE1,,PWRWND009,,2026,,,,,,,,,,,,,0.0,,,,
Scenario1,0,RE1,,PWRWND009,,2027,,,,,,,,,,,,,0.0,,,,
Scenario1,0,RE1,,PWRWND009,,2028,,,,,,,,,,,,,0.0,,,,
Scenario1,0,RE1,,PWRWND009,,2029,,,,,,,,,,,,,0.0,,,,
Scenario1,0,RE1,,PWRWND009,,2030,,,,,,,,,,,,,0.0,,,,
Scenario1,0,RE1,,PWRWND009,,2031,,,,,,,,,,,,,0.0,,,,
Scenario1,0,RE1,,PWRWND009,,2032,,,,,,,,,,,,,0.0,,,,
Scenario1,0,RE1,,PWRWND009,,2033,,,,,,,,,,,,,0.0,,,,
Scenario1,0,RE1,,PWRWND009,,2034,,,,,,,,,,,,,0.0,,,,
Scenario1,0,RE1,,PWRWND009,,2035,,,,,,,,,,,,,0.0,,,,
Scenario1,0,RE1,,PWRWND009,,2036,,,,,,,,,,,,,0.0,,,,
Scenario1,0,RE1,,PWRWND009,,2037,,,,,,,,,,,,,0.0,,,,
Scenario1,0,RE1,,PWRWND009,,2038,,,,,,,,,,,,,0.0,,,,
Scenario1,0,RE1,,PWRWND009,,2039,,,,,,,,,,,,,0.0,,,,
Scenario1,0,RE1,,PWRWND009,,2040,,,,,,,,,,,,,0.0,,,,
Scenario1,0,RE1,,PWRWND009,,2041,,,,,,,,,,,,,0.0,,,,
Scenario1,0,RE1,,PWRWND009,,2042,,,,,,,,,,,,,0.0,,,,
Scenario1,0,RE1,,PWRWND009,,2043,,,,,,,,,,,,,0.0,,,,
Scenario1,0,RE1,,PWRWND009,,2044,,,,,,,,,,,,,0.0,,,,
Scenario1,0,RE1,,PWRWND009,,2045,,,,,,,,,,,,,0.0,,,,
Scenario1,0,RE1,,PWRWND009,,2046,,,,,,,,,,,,,0.0,,,,
Scenario1,0,RE1,,PWRWND009,,2047,,,,,,,,,,,,,0.0,,,,
Scenario1,0,RE1,,PWRWND009,,2048,,,,,,,,,,,,,0.0,,,,
Scenario1,0,RE1,,PWRWND009,,2049,,,,,,,,,,,,,0.0,,,,
Scenario1,0,RE1,,PWRWND009,,2050,,,,,,,,,,,,,0.0,,,,
Scenario1,0,RE1,,PWRWND010,,2019,,,,,,,,,,,,,0.0,,,,
Scenario1,0,RE1,,PWRWND010,,2020,,,,,,,,,,,,,0.0,,,,
Scenario1,0,RE1,,PWRWND010,,2021,,,,,,,,,,,,,0.0,,,,
Scenario1,0,RE1,,PWRWND010,,2022,,,,,,,,,,,,,0.0,,,,
Scenario1,0,RE1,,PWRWND010,,2023,,,,,,,,,,,,,0.0,,,,
Scenario1,0,RE1,,PWRWND010,,2024,,,,,,,,,,,,,0.0,,,,
Scenario1,0,RE1,,PWRWND010,,2025,,,,,,,,,,,,,0.0,,,,
Scenario1,0,RE1,,PWRWND010,,2026,,,,,,,,,,,,,0.0,,,,
Scenario1,0,RE1,,PWRWND010,,2027,,,,,,,,,,,,,0.0,,,,
Scenario1,0,RE1,,PWRWND010,,2028,,,,,,,,,,,,,0.0,,,,
Scenario1,0,RE1,,PWRWND010,,2029,,,,,,,,,,,,,0.0,,,,
Scenario1,0,RE1,,PWRWND010,,2030,,,,,,,,,,,,,0.0,,,,
Scenario1,0,RE1,,PWRWND010,,2031,,,,,,,,,,,,,0.0,,,,
Scenario1,0,RE1,,PWRWND010,,2032,,,,,,,,,,,,,0.0,,,,
Scenario1,0,RE1,,PWRWND010,,2033,,,,,,,,,,,,,0.0,,,,
Scenario1,0,RE1,,PWRWND010,,2034,,,,,,,,,,,,,0.0,,,,
Scenario1,0,RE1,,PWRWND010,,2035,,,,,,,,,,,,,0.0,,,,
Scenario1,0,RE1,,PWRWND010,,2036,,,,,,,,,,,,,0.0,,,,
Scenario1,0,RE1,,PWRWND010,,2037,,,,,,,,,,,,,0.0,,,,
Scenario1,0,RE1,,PWRWND010,,2038,,,,,,,,,,,,,0.0,,,,
Scenario1,0,RE1,,PWRWND010,,2039,,,,,,,,,,,,,0.0,,,,
Scenario1,0,RE1,,PWRWND010,,2040,,,,,,,,,,,,,0.0,,,,
Scenario1,0,RE1,,PWRWND010,,2041,,,,,,,,,,,,,0.0,,,,
Scenario1,0,RE1,,PWRWND010,,2042,,,,,,,,,,,,,0.0,,,,
Scenario1,0,RE1,,PWRWND010,,2043,,,,,,,,,,,,,0.0,,,,
Scenario1,0,RE1,,PWRWND010,,2044,,,,,,,,,,,,,0.0,,,,
Scenario1,0,RE1,,PWRWND010,,2045,,,,,,,,,,,,,0.0,,,,
Scenario1,0,RE1,,PWRWND010,,2046,,,,,,,,,,,,,0.0,,,,
Scenario1,0,RE1,,PWRWND010,,2047,,,,,,,,,,,,,0.0,,,,
Scenario1,0,RE1,,PWRWND010,,2048,,,,,,,,,,,,,0.0,,,,
Scenario1,0,RE1,,PWRWND010,,2049,,,,,,,,,,,,,0.0,,,,
Scenario1,0,RE1,,PWRWND010,,2050,,,,,,,,,,,,,0.0,,,,
Scenario1,0,RE1,,PWRWND011,,2019,,,,,,,,,,,,,24.77055,,,,
Scenario1,0,RE1,,PWRWND011,,2020,,,,,,,,,,,,,24.689175,,,,
Scenario1,0,RE1,,PWRWND011,,2021,,,,,,,,,,,,,32.163545,,,,
Scenario1,0,RE1,,PWRWND011,,2022,,,,,,,,,,,,,32.05717,,,,
Scenario1,0,RE1,,PWRWND011,,2023,,,,,,,,,,,,,31.950795,,,,
Scenario1,0,RE1,,PWRWND011,,2024,,,,,,,,,,,,,31.84442,,,,
Scenario1,0,RE1,,PWRWND011,,2025,,,,,,,,,,,,,33.379025,,,,
Scenario1,0,RE1,,PWRWND011,,2026,,,,,,,,,,,,,36.98415,,,,
Scenario1,0,RE1,,PWRWND011,,2027,,,,,,,,,,,,,36.86475,,,,
Scenario1,0,RE1,,PWRWND011,,2028,,,,,,,,,,,,,36.36374,,,,
Scenario1,0,RE1,,PWRWND011,,2029,,,,,,,,,,,,,36.24064,,,,
Scenario1,0,RE1,,PWRWND011,,2030,,,,,,,,,,,,,36.122463999999994,,,,
Scenario1,0,RE1,,PWRWND011,,2031,,,,,,,,,,,,,35.999364,,,,
Scenario1,0,RE1,,PWRWND011,,2032,,,,,,,,,,,,,35.881188,,,,
Scenario1,0,RE1,,PWRWND011,,2033,,,,,,,,,,,,,35.763011999999996,,,,
Scenario1,0,RE1,,PWRWND011,,2034,,,,,,,,,,,,,35.639911999999995,,,,
Scenario1,0,RE1,,PWRWND011,,2035,,,,,,,,,,,,,34.05008,,,,
Scenario1,0,RE1,,PWRWND011,,2036,,,,,,,,,,,,,33.9368,,,,
Scenario1,0,RE1,,PWRWND011,,2037,,,,,,,,,,,,,33.82352,,,,
Scenario1,0,RE1,,PWRWND011,,2038,,,,,,,,,,,,,12.284239999999999,,,,
Scenario1,0,RE1,,PWRWND011,,2039,,,,,,,,,,,,,12.244679999999999,,,,
Scenario1,0,RE1,,PWRWND011,,2040,,,,,,,,,,,,,12.203399999999998,,,,
Scenario1,0,RE1,,PWRWND011,,2041,,,,,,,,,,,,,5.1084,,,,
Scenario1,0,RE1,,PWRWND011,,2042,,,,,,,,,,,,,5.1084,,,,
Scenario1,0,RE1,,PWRWND011,,2043,,,,,,,,,,,,,5.1084,,,,
Scenario1,0,RE1,,PWRWND011,,2044,,,,,,,,,,,,,5.1084,,,,
Scenario1,0,RE1,,PWRWND011,,2045,,,,,,,,,,,,,3.5475000000000003,,,,
Scenario1,0,RE1,,PWRWND011,,2046,,,,,,,,,,,,,0.0,,,,
Scenario1,0,RE1,,PWRWND011,,2047,,,,,,,,,,,,,0.0,,,,
Scenario1,0,RE1,,PWRWND011,,2048,,,,,,,,,,,,,0.0,,,,
Scenario1,0,RE1,,PWRWND011,,2049,,,,,,,,,,,,,0.0,,,,
Scenario1,0,RE1,,PWRWND011,,2050,,,,,,,,,,,,,0.0,,,,
Scenario1,0,RE1,,BACKSTOP,,2019,,,,,,,,,,,0.0,,,,,,
Scenario1,0,RE1,,BACKSTOP,,2020,,,,,,,,,,,0.0,,,,,,
Scenario1,0,RE1,,BACKSTOP,,2021,,,,,,,,,,,0.0,,,,,,
Scenario1,0,RE1,,BACKSTOP,,2022,,,,,,,,,,,0.0,,,,,,
Scenario1,0,RE1,,BACKSTOP,,2023,,,,,,,,,,,0.0,,,,,,
Scenario1,0,RE1,,BACKSTOP,,2024,,,,,,,,,,,0.0,,,,,,
Scenario1,0,RE1,,BACKSTOP,,2025,,,,,,,,,,,0.0,,,,,,
Scenario1,0,RE1,,BACKSTOP,,2026,,,,,,,,,,,0.0,,,,,,
Scenario1,0,RE1,,BACKSTOP,,2027,,,,,,,,,,,0.0,,,,,,
Scenario1,0,RE1,,BACKSTOP,,2028,,,,,,,,,,,0.0,,,,,,
Scenario1,0,RE1,,BACKSTOP,,2029,,,,,,,,,,,0.0,,,,,,
Scenario1,0,RE1,,BACKSTOP,,2030,,,,,,,,,,,0.0,,,,,,
Scenario1,0,RE1,,BACKSTOP,,2031,,,,,,,,,,,0.0,,,,,,
Scenario1,0,RE1,,BACKSTOP,,2032,,,,,,,,,,,0.0,,,,,,
Scenario1,0,RE1,,BACKSTOP,,2033,,,,,,,,,,,0.0,,,,,,
Scenario1,0,RE1,,BACKSTOP,,2034,,,,,,,,,,,0.0,,,,,,
Scenario1,0,RE1,,BACKSTOP,,2035,,,,,,,,,,,0.0,,,,,,
Scenario1,0,RE1,,BACKSTOP,,2036,,,,,,,,,,,0.0,,,,,,
Scenario1,0,RE1,,BACKSTOP,,2037,,,,,,,,,,,0.0,,,,,,
Scenario1,0,RE1,,BACKSTOP,,2038,,,,,,,,,,,0.0,,,,,,
Scenario1,0,RE1,,BACKSTOP,,2039,,,,,,,,,,,0.0,,,,,,
Scenario1,0,RE1,,BACKSTOP,,2040,,,,,,,,,,,0.0,,,,,,
Scenario1,0,RE1,,BACKSTOP,,2041,,,,,,,,,,,0.0,,,,,,
Scenario1,0,RE1,,BACKSTOP,,2042,,,,,,,,,,,0.0,,,,,,
Scenario1,0,RE1,,BACKSTOP,,2043,,,,,,,,,,,0.0,,,,,,
Scenario1,0,RE1,,BACKSTOP,,2044,,,,,,,,,,,0.0,,,,,,
Scenario1,0,RE1,,BACKSTOP,,2045,,,,,,,,,,,0.0,,,,,,
Scenario1,0,RE1,,BACKSTOP,,2046,,,,,,,,,,,0.0,,,,,,
Scenario1,0,RE1,,BACKSTOP,,2047,,,,,,,,,,,0.0,,,,,,
Scenario1,0,RE1,,BACKSTOP,,2048,,,,,,,,,,,0.0,,,,,,
Scenario1,0,RE1,,BACKSTOP,,2049,,,,,,,,,,,0.0,,,,,,
Scenario1,0,RE1,,BACKSTOP,,2050,,,,,,,,,,,0.0,,,,,,
Scenario1,0,RE1,,BESS_TECH,,2019,,,,,,,,,,,0.0,,,,,,
Scenario1,0,RE1,,BESS_TECH,,2020,,,,,,,,,,,0.0,,,,,,
Scenario1,0,RE1,,BESS_TECH,,2021,,,,,,,,,,,0.0,,,,,,
Scenario1,0,RE1,,BESS_TECH,,2022,,,,,,,,,,,0.0,,,,,,
Scenario1,0,RE1,,BESS_TECH,,2023,,,,,,,,,,,0.0,,,,,,
Scenario1,0,RE1,,BESS_TECH,,2024,,,,,,,,,,,3.1529692800000007,,,,,,
Scenario1,0,RE1,,BESS_TECH,,2025,,,,,,,,,,,5.430974065149967,,,,,,
Scenario1,0,RE1,,BESS_TECH,,2026,,,,,,,,,,,4.580727072851154,,,,,,
Scenario1,0,RE1,,BESS_TECH,,2027,,,,,,,,,,,5.0867963819391715,,,,,,
Scenario1,0,RE1,,BESS_TECH,,2028,,,,,,,,,,,4.76137221848328,,,,,,
Scenario1,0,RE1,,BESS_TECH,,2029,,,,,,,,,,,5.911655287788234,,,,,,
Scenario1,0,RE1,,BESS_TECH,,2030,,,,,,,,,,,5.981755404188769,,,,,,
Scenario1,0,RE1,,BESS_TECH,,2031,,,,,,,,,,,5.554542032547398,,,,,,
Scenario1,0,RE1,,BESS_TECH,,2032,,,,,,,,,,,5.898054585492615,,,,,,
Scenario1,0,RE1,,BESS_TECH,,2033,,,,,,,,,,,6.8423462203651955,,,,,,
Scenario1,0,RE1,,BESS_TECH,,2034,,,,,,,,,,,7.114284125687303,,,,,,
Scenario1,0,RE1,,BESS_TECH,,2035,,,,,,,,,,,7.551846682152988,,,,,,
Scenario1,0,RE1,,BESS_TECH,,2036,,,,,,,,,,,7.710170454865989,,,,,,
Scenario1,0,RE1,,BESS_TECH,,2037,,,,,,,,,,,8.257525835133528,,,,,,
Scenario1,0,RE1,,BESS_TECH,,2038,,,,,,,,,,,9.039262540006574,,,,,,
Scenario1,0,RE1,,BESS_TECH,,2039,,,,,,,,,,,9.73616001769095,,,,,,
Scenario1,0,RE1,,BESS_TECH,,2040,,,,,,,,,,,9.807303937214133,,,,,,
Scenario1,0,RE1,,BESS_TECH,,2041,,,,,,,,,,,11.228862065788698,,,,,,
Scenario1,0,RE1,,BESS_TECH,,2042,,,,,,,,,,,11.557917030210149,,,,,,
Scenario1,0,RE1,,BESS_TECH,,2043,,,,,,,,,,,12.164905841761199,,,,,,
Scenario1,0,RE1,,BESS_TECH,,2044,,,,,,,,,,,13.605087770113673,,,,,,
Scenario1,0,RE1,,BESS_TECH,,2045,,,,,,,,,,,14.23223308564507,,,,,,
Scenario1,0,RE1,,BESS_TECH,,2046,,,,,,,,,,,14.972587680928983,,,,,,
Scenario1,0,RE1,,BESS_TECH,,2047,,,,,,,,,,,16.220172216925732,,,,,,
Scenario1,0,RE1,,BESS_TECH,,2048,,,,,,,,,,,17.50945803283259,,,,,,
Scenario1,0,RE1,,BESS_TECH,,2049,,,,,,,,,,,18.392353743159376,,,,,,
Scenario1,0,RE1,,BESS_TECH,,2050,,,,,,,,,,,19.13071269139814,,,,,,
Scenario1,0,RE1,,DEMCOMELC,,2019,,,,,,,,,,,6.259099999999999,,,,,,
Scenario1,0,RE1,,DEMCOMELC,,2020,,,,,,,,,,,6.368599999999999,,,,,,
Scenario1,0,RE1,,DEMCOMELC,,2021,,,,,,,,,,,6.657800000000001,,,,,,
Scenario1,0,RE1,,DEMCOMELC,,2022,,,,,,,,,,,6.8801999999999985,,,,,,
Scenario1,0,RE1,,DEMCOMELC,,2023,,,,,,,,,,,7.0903,,,,,,
Scenario1,0,RE1,,DEMCOMELC,,2024,,,,,,,,,,,7.333400000000001,,,,,,
Scenario1,0,RE1,,DEMCOMELC,,2025,,,,,,,,,,,7.598200000000001,,,,,,
Scenario1,0,RE1,,DEMCOMELC,,2026,,,,,,,,,,,7.876700000000001,,,,,,
Scenario1,0,RE1,,DEMCOMELC,,2027,,,,,,,,,,,8.3311,,,,,,
Scenario1,0,RE1,,DEMCOMELC,,2028,,,,,,,,,,,8.8136,,,,,,
Scenario1,0,RE1,,DEMCOMELC,,2029,,,,,,,,,,,9.364199999999997,,,,,,
Scenario1,0,RE1,,DEMCOMELC,,2030,,,,,,,,,,,9.955600000000002,,,,,,
Scenario1,0,RE1,,DEMCOMELC,,2031,,,,,,,,,,,10.5109,,,,,,
Scenario1,0,RE1,,DEMCOMELC,,2032,,,,,,,,,,,11.126199999999999,,,,,,
Scenario1,0,RE1,,DEMCOMELC,,2033,,,,,,,,,,,11.751199999999999,,,,,,
Scenario1,0,RE1,,DEMCOMELC,,2034,,,,,,,,,,,12.4181,,,,,,
Scenario1,0,RE1,,DEMCOMELC,,2035,,,,,,,,,,,13.119299999999996,,,,,,
Scenario1,0,RE1,,DEMCOMELC,,2036,,,,,,,,,,,13.833199999999998,,,,,,
Scenario1,0,RE1,,DEMCOMELC,,2037,,,,,,,,,,,14.634999999999998,,,,,,
Scenario1,0,RE1,,DEMCOMELC,,2038,,,,,,,,,,,15.471499999999999,,,,,,
Scenario1,0,RE1,,DEMCOMELC,,2039,,,,,,,,,,,16.3588,,,,,,
Scenario1,0,RE1,,DEMCOMELC,,2040,,,,,,,,,,,17.299200000000003,,,,,,
Scenario1,0,RE1,,DEMCOMELC,,2041,,,,,,,,,,,18.291300000000003,,,,,,
Scenario1,0,RE1,,DEMCOMELC,,2042,,,,,,,,,,,19.3223,,,,,,
Scenario1,0,RE1,,DEMCOMELC,,2043,,,,,,,,,,,20.4209,,,,,,
Scenario1,0,RE1,,DEMCOMELC,,2044,,,,,,,,,,,21.581999999999997,,,,,,
Scenario1,0,RE1,,DEMCOMELC,,2045,,,,,,,,,,,22.8091,,,,,,
Scenario1,0,RE1,,DEMCOMELC,,2046,,,,,,,,,,,24.1059,,,,,,
Scenario1,0,RE1,,DEMCOMELC,,2047,,,,,,,,,,,25.4765,,,,,,
Scenario1,0,RE1,,DEMCOMELC,,2048,,,,,,,,,,,26.925099999999997,,,,,,
Scenario1,0,RE1,,DEMCOMELC,,2049,,,,,,,,,,,28.456000000000007,,,,,,
Scenario1,0,RE1,,DEMCOMELC,,2050,,,,,,,,,,,30.073899999999995,,,,,,
Scenario1,0,RE1,,DEMINDELC,,2019,,,,,,,,,,,21.56310000000001,,,,,,
Scenario1,0,RE1,,DEMINDELC,,2020,,,,,,,,,,,21.940100000000005,,,,,,
Scenario1,0,RE1,,DEMINDELC,,2021,,,,,,,,,,,22.936399999999995,,,,,,
Scenario1,0,RE1,,DEMINDELC,,2022,,,,,,,,,,,23.702700000000007,,,,,,
Scenario1,0,RE1,,DEMINDELC,,2023,,,,,,,,,,,24.42659999999999,,,,,,
Scenario1,0,RE1,,DEMINDELC,,2024,,,,,,,,,,,25.264000000000006,,,,,,
Scenario1,0,RE1,,DEMINDELC,,2025,,,,,,,,,,,26.176299999999998,,,,,,
Scenario1,0,RE1,,DEMINDELC,,2026,,,,,,,,,,,27.135600000000004,,,,,,
Scenario1,0,RE1,,DEMINDELC,,2027,,,,,,,,,,,28.701200000000004,,,,,,
Scenario1,0,RE1,,DEMINDELC,,2028,,,,,,,,,,,30.363399999999995,,,,,,
Scenario1,0,RE1,,DEMINDELC,,2029,,,,,,,,,,,32.260200000000005,,,,,,
Scenario1,0,RE1,,DEMINDELC,,2030,,,,,,,,,,,34.2975,,,,,,
Scenario1,0,RE1,,DEMINDELC,,2031,,,,,,,,,,,36.2108,,,,,,
Scenario1,0,RE1,,DEMINDELC,,2032,,,,,,,,,,,38.33050000000001,,,,,,
Scenario1,0,RE1,,DEMINDELC,,2033,,,,,,,,,,,40.48340000000001,,,,,,
Scenario1,0,RE1,,DEMINDELC,,2034,,,,,,,,,,,42.78099999999999,,,,,,
Scenario1,0,RE1,,DEMINDELC,,2035,,,,,,,,,,,45.1967,,,,,,
Scenario1,0,RE1,,DEMINDELC,,2036,,,,,,,,,,,47.65609999999999,,,,,,
Scenario1,0,RE1,,DEMINDELC,,2037,,,,,,,,,,,50.41819999999998,,,,,,
Scenario1,0,RE1,,DEMINDELC,,2038,,,,,,,,,,,53.300200000000004,,,,,,
Scenario1,0,RE1,,DEMINDELC,,2039,,,,,,,,,,,56.3569,,,,,,
Scenario1,0,RE1,,DEMINDELC,,2040,,,,,,,,,,,59.59650000000001,,,,,,
Scenario1,0,RE1,,DEMINDELC,,2041,,,,,,,,,,,63.014700000000026,,,,,,
Scenario1,0,RE1,,DEMINDELC,,2042,,,,,,,,,,,66.5662,,,,,,
Scenario1,0,RE1,,DEMINDELC,,2043,,,,,,,,,,,70.3511,,,,,,
Scenario1,0,RE1,,DEMINDELC,,2044,,,,,,,,,,,74.351,,,,,,
Scenario1,0,RE1,,DEMINDELC,,2045,,,,,,,,,,,78.57849999999999,,,,,,
Scenario1,0,RE1,,DEMINDELC,,2046,,,,,,,,,,,83.04629999999999,,,,,,
Scenario1,0,RE1,,DEMINDELC,,2047,,,,,,,,,,,87.76809999999999,,,,,,
Scenario1,0,RE1,,DEMINDELC,,2048,,,,,,,,,,,92.75840000000002,,,,,,
Scenario1,0,RE1,,DEMINDELC,,2049,,,,,,,,,,,98.0324,,,,,,
Scenario1,0,RE1,,DEMINDELC,,2050,,,,,,,,,,,103.60629999999999,,,,,,
Scenario1,0,RE1,,DEMRESELC,,2019,,,,,,,,,,,13.790700000000001,,,,,,
Scenario1,0,RE1,,DEMRESELC,,2020,,,,,,,,,,,14.031799999999999,,,,,,
Scenario1,0,RE1,,DEMRESELC,,2021,,,,,,,,,,,14.669,,,,,,
Scenario1,0,RE1,,DEMRESELC,,2022,,,,,,,,,,,15.159099999999999,,,,,,
Scenario1,0,RE1,,DEMRESELC,,2023,,,,,,,,,,,15.622100000000001,,,,,,
Scenario1,0,RE1,,DEMRESELC,,2024,,,,,,,,,,,16.157700000000006,,,,,,
Scenario1,0,RE1,,DEMRESELC,,2025,,,,,,,,,,,16.7411,,,,,,
Scenario1,0,RE1,,DEMRESELC,,2026,,,,,,,,,,,17.354699999999998,,,,,,
Scenario1,0,RE1,,DEMRESELC,,2027,,,,,,,,,,,18.356,,,,,,
Scenario1,0,RE1,,DEMRESELC,,2028,,,,,,,,,,,19.419,,,,,,
Scenario1,0,RE1,,DEMRESELC,,2029,,,,,,,,,,,20.632099999999994,,,,,,
Scenario1,0,RE1,,DEMRESELC,,2030,,,,,,,,,,,21.93509999999999,,,,,,
Scenario1,0,RE1,,DEMRESELC,,2031,,,,,,,,,,,23.158699999999996,,,,,,
Scenario1,0,RE1,,DEMRESELC,,2032,,,,,,,,,,,24.514399999999995,,,,,,
Scenario1,0,RE1,,DEMRESELC,,2033,,,,,,,,,,,25.891299999999998,,,,,,
Scenario1,0,RE1,,DEMRESELC,,2034,,,,,,,,,,,27.36069999999999,,,,,,
Scenario1,0,RE1,,DEMRESELC,,2035,,,,,,,,,,,28.905699999999996,,,,,,
Scenario1,0,RE1,,DEMRESELC,,2036,,,,,,,,,,,30.478600000000014,,,,,,
Scenario1,0,RE1,,DEMRESELC,,2037,,,,,,,,,,,32.2451,,,,,,
Scenario1,0,RE1,,DEMRESELC,,2038,,,,,,,,,,,34.08829999999999,,,,,,
Scenario1,0,RE1,,DEMRESELC,,2039,,,,,,,,,,,36.0432,,,,,,
Scenario1,0,RE1,,DEMRESELC,,2040,,,,,,,,,,,38.1152,,,,,,
Scenario1,0,RE1,,DEMRESELC,,2041,,,,,,,,,,,40.3012,,,,,,
Scenario1,0,RE1,,DEMRESELC,,2042,,,,,,,,,,,42.572700000000005,,,,,,
Scenario1,0,RE1,,DEMRESELC,,2043,,,,,,,,,,,44.9933,,,,,,
Scenario1,0,RE1,,DEMRESELC,,2044,,,,,,,,,,,47.5515,,,,,,
Scenario1,0,RE1,,DEMRESELC,,2045,,,,,,,,,,,50.255099999999985,,,,,,
Scenario1,0,RE1,,DEMRESELC,,2046,,,,,,,,,,,53.11249999999998,,,,,,
Scenario1,0,RE1,,DEMRESELC,,2047,,,,,,,,,,,56.1324,,,,,,
Scenario1,0,RE1,,DEMRESELC,,2048,,,,,,,,,,,59.32390000000002,,,,,,
Scenario1,0,RE1,,DEMRESELC,,2049,,,,,,,,,,,62.696999999999996,,,,,,
Scenario1,0,RE1,,DEMRESELC,,2050,,,,,,,,,,,66.26180000000002,,,,,,
Scenario1,0,RE1,,EXPELC,,2019,,,,,,,,,,,0.0,,,,,,
Scenario1,0,RE1,,EXPELC,,2020,,,,,,,,,,,0.0,,,,,,
Scenario1,0,RE1,,EXPELC,,2021,,,,,,,,,,,0.0,,,,,,
Scenario1,0,RE1,,EXPELC,,2022,,,,,,,,,,,0.0,,,,,,
Scenario1,0,RE1,,EXPELC,,2023,,,,,,,,,,,0.0,,,,,,
Scenario1,0,RE1,,EXPELC,,2024,,,,,,,,,,,0.0,,,,,,
Scenario1,0,RE1,,EXPELC,,2025,,,,,,,,,,,0.0,,,,,,
Scenario1,0,RE1,,EXPELC,,2026,,,,,,,,,,,0.0,,,,,,
Scenario1,0,RE1,,EXPELC,,2027,,,,,,,,,,,0.0,,,,,,
Scenario1,0,RE1,,EXPELC,,2028,,,,,,,,,,,0.0,,,,,,
Scenario1,0,RE1,,EXPELC,,2029,,,,,,,,,,,0.0,,,,,,
Scenario1,0,RE1,,EXPELC,,2030,,,,,,,,,,,0.0,,,,,,
Scenario1,0,RE1,,EXPELC,,2031,,,,,,,,,,,0.0,,,,,,
Scenario1,0,RE1,,EXPELC,,2032,,,,,,,,,,,0.0,,,,,,
Scenario1,0,RE1,,EXPELC,,2033,,,,,,,,,,,0.0,,,,,,
Scenario1,0,RE1,,EXPELC,,2034,,,,,,,,,,,0.0,,,,,,
Scenario1,0,RE1,,EXPELC,,2035,,,,,,,,,,,0.0,,,,,,
Scenario1,0,RE1,,EXPELC,,2036,,,,,,,,,,,0.0,,,,,,
Scenario1,0,RE1,,EXPELC,,2037,,,,,,,,,,,0.0,,,,,,
Scenario1,0,RE1,,EXPELC,,2038,,,,,,,,,,,0.0,,,,,,
Scenario1,0,RE1,,EXPELC,,2039,,,,,,,,,,,0.0,,,,,,
Scenario1,0,RE1,,EXPELC,,2040,,,,,,,,,,,0.0,,,,,,
Scenario1,0,RE1,,EXPELC,,2041,,,,,,,,,,,0.0,,,,,,
Scenario1,0,RE1,,EXPELC,,2042,,,,,,,,,,,0.0,,,,,,
Scenario1,0,RE1,,EXPELC,,2043,,,,,,,,,,,0.0,,,,,,
Scenario1,0,RE1,,EXPELC,,2044,,,,,,,,,,,0.0,,,,,,
Scenario1,0,RE1,,EXPELC,,2045,,,,,,,,,,,0.0,,,,,,
Scenario1,0,RE1,,EXPELC,,2046,,,,,,,,,,,0.0,,,,,,
Scenario1,0,RE1,,EXPELC,,2047,,,,,,,,,,,0.0,,,,,,
Scenario1,0,RE1,,EXPELC,,2048,,,,,,,,,,,0.0,,,,,,
Scenario1,0,RE1,,EXPELC,,2049,,,,,,,,,,,0.0,,,,,,
Scenario1,0,RE1,,EXPELC,,2050,,,,,,,,,,,0.0,,,,,,
Scenario1,0,RE1,,IMPBIO,,2019,,,,,,,,,,,0.0,,,,,,
Scenario1,0,RE1,,IMPBIO,,2020,,,,,,,,,,,0.0,,,,,,
Scenario1,0,RE1,,IMPBIO,,2021,,,,,,,,,,,0.0,,,,,,
Scenario1,0,RE1,,IMPBIO,,2022,,,,,,,,,,,0.0,,,,,,
Scenario1,0,RE1,,IMPBIO,,2023,,,,,,,,,,,0.0,,,,,,
Scenario1,0,RE1,,IMPBIO,,2024,,,,,,,,,,,0.0,,,,,,
Scenario1,0,RE1,,IMPBIO,,2025,,,,,,,,,,,0.0,,,,,,
Scenario1,0,RE1,,IMPBIO,,2026,,,,,,,,,,,0.0,,,,,,
Scenario1,0,RE1,,IMPBIO,,2027,,,,,,,,,,,0.0,,,,,,
Scenario1,0,RE1,,IMPBIO,,2028,,,,,,,,,,,0.0,,,,,,
Scenario1,0,RE1,,IMPBIO,,2029,,,,,,,,,,,0.0,,,,,,
Scenario1,0,RE1,,IMPBIO,,2030,,,,,,,,,,,0.0,,,,,,
Scenario1,0,RE1,,IMPBIO,,2031,,,,,,,,,,,0.0,,,,,,
Scenario1,0,RE1,,IMPBIO,,2032,,,,,,,,,,,0.0,,,,,,
Scenario1,0,RE1,,IMPBIO,,2033,,,,,,,,,,,0.0,,,,,,
Scenario1,0,RE1,,IMPBIO,,2034,,,,,,,,,,,0.0,,,,,,
Scenario1,0,RE1,,IMPBIO,,2035,,,,,,,,,,,0.0,,,,,,
Scenario1,0,RE1,,IMPBIO,,2036,,,,,,,,,,,0.0,,,,,,
Scenario1,0,RE1,,IMPBIO,,2037,,,,,,,,,,,0.0,,,,,,
Scenario1,0,RE1,,IMPBIO,,2038,,,,,,,,,,,0.0,,,,,,
Scenario1,0,RE1,,IMPBIO,,2039,,,,,,,,,,,0.0,,,,,,
Scenario1,0,RE1,,IMPBIO,,2040,,,,,,,,,,,0.0,,,,,,
Scenario1,0,RE1,,IMPBIO,,2041,,,,,,,,,,,0.0,,,,,,
Scenario1,0,RE1,,IMPBIO,,2042,,,,,,,,,,,0.0,,,,,,
Scenario1,0,RE1,,IMPBIO,,2043,,,,,,,,,,,0.0,,,,,,
Scenario1,0,RE1,,IMPBIO,,2044,,,,,,,,,,,0.0,,,,,,
Scenario1,0,RE1,,IMPBIO,,2045,,,,,,,,,,,0.0,,,,,,
Scenario1,0,RE1,,IMPBIO,,2046,,,,,,,,,,,0.0,,,,,,
Scenario1,0,RE1,,IMPBIO,,2047,,,,,,,,,,,0.0,,,,,,
Scenario1,0,RE1,,IMPBIO,,2048,,,,,,,,,,,0.0,,,,,,
Scenario1,0,RE1,,IMPBIO,,2049,,,,,,,,,,,0.0,,,,,,
Scenario1,0,RE1,,IMPBIO,,2050,,,,,,,,,,,0.0,,,,,,
Scenario1,0,RE1,,IMPCOA,,2019,,,,,,,,,,,0.0,,,,,,
Scenario1,0,RE1,,IMPCOA,,2020,,,,,,,,,,,0.0,,,,,,
Scenario1,0,RE1,,IMPCOA,,2021,,,,,,,,,,,0.0,,,,,,
Scenario1,0,RE1,,IMPCOA,,2022,,,,,,,,,,,0.0,,,,,,
Scenario1,0,RE1,,IMPCOA,,2023,,,,,,,,,,,0.0,,,,,,
Scenario1,0,RE1,,IMPCOA,,2024,,,,,,,,,,,0.0,,,,,,
Scenario1,0,RE1,,IMPCOA,,2025,,,,,,,,,,,0.0,,,,,,
Scenario1,0,RE1,,IMPCOA,,2026,,,,,,,,,,,0.0,,,,,,
Scenario1,0,RE1,,IMPCOA,,2027,,,,,,,,,,,0.0,,,,,,
Scenario1,0,RE1,,IMPCOA,,2028,,,,,,,,,,,0.0,,,,,,
Scenario1,0,RE1,,IMPCOA,,2029,,,,,,,,,,,0.0,,,,,,
Scenario1,0,RE1,,IMPCOA,,2030,,,,,,,,,,,0.0,,,,,,
Scenario1,0,RE1,,IMPCOA,,2031,,,,,,,,,,,0.0,,,,,,
Scenario1,0,RE1,,IMPCOA,,2032,,,,,,,,,,,0.0,,,,,,
Scenario1,0,RE1,,IMPCOA,,2033,,,,,,,,,,,0.0,,,,,,
Scenario1,0,RE1,,IMPCOA,,2034,,,,,,,,,,,0.0,,,,,,
Scenario1,0,RE1,,IMPCOA,,2035,,,,,,,,,,,0.0,,,,,,
Scenario1,0,RE1,,IMPCOA,,2036,,,,,,,,,,,0.0,,,,,,
Scenario1,0,RE1,,IMPCOA,,2037,,,,,,,,,,,0.0,,,,,,
Scenario1,0,RE1,,IMPCOA,,2038,,,,,,,,,,,0.0,,,,,,
Scenario1,0,RE1,,IMPCOA,,2039,,,,,,,,,,,0.0,,,,,,
Scenario1,0,RE1,,IMPCOA,,2040,,,,,,,,,,,0.0,,,,,,
Scenario1,0,RE1,,IMPCOA,,2041,,,,,,,,,,,0.0,,,,,,
Scenario1,0,RE1,,IMPCOA,,2042,,,,,,,,,,,0.0,,,,,,
Scenario1,0,RE1,,IMPCOA,,2043,,,,,,,,,,,0.0,,,,,,
Scenario1,0,RE1,,IMPCOA,,2044,,,,,,,,,,,0.0,,,,,,
Scenario1,0,RE1,,IMPCOA,,2045,,,,,,,,,,,0.0,,,,,,
Scenario1,0,RE1,,IMPCOA,,2046,,,,,,,,,,,0.0,,,,,,
Scenario1,0,RE1,,IMPCOA,,2047,,,,,,,,,,,0.0,,,,,,
Scenario1,0,RE1,,IMPCOA,,2048,,,,,,,,,,,0.0,,,,,,
Scenario1,0,RE1,,IMPCOA,,2049,,,,,,,,,,,0.0,,,,,,
Scenario1,0,RE1,,IMPCOA,,2050,,,,,,,,,,,0.0,,,,,,
Scenario1,0,RE1,,IMPELC001,,2019,,,,,,,,,,,0.0,,,,,,
Scenario1,0,RE1,,IMPELC001,,2020,,,,,,,,,,,0.0,,,,,,
Scenario1,0,RE1,,IMPELC001,,2021,,,,,,,,,,,0.0,,,,,,
Scenario1,0,RE1,,IMPELC001,,2022,,,,,,,,,,,2.519210736997964,,,,,,
Scenario1,0,RE1,,IMPELC001,,2023,,,,,,,,,,,2.7384927281446094,,,,,,
Scenario1,0,RE1,,IMPELC001,,2024,,,,,,,,,,,3.4070612046578646,,,,,,
Scenario1,0,RE1,,IMPELC001,,2025,,,,,,,,,,,2.4088333066971668,,,,,,
Scenario1,0,RE1,,IMPELC001,,2026,,,,,,,,,,,0.15181402977975134,,,,,,
Scenario1,0,RE1,,IMPELC001,,2027,,,,,,,,,,,0.10821037546505749,,,,,,
Scenario1,0,RE1,,IMPELC001,,2028,,,,,,,,,,,0.6390660213447408,,,,,,
Scenario1,0,RE1,,IMPELC001,,2029,,,,,,,,,,,0.08363163351192204,,,,,,
Scenario1,0,RE1,,IMPELC001,,2030,,,,,,,,,,,0.19630444200913721,,,,,,
Scenario1,0,RE1,,IMPELC001,,2031,,,,,,,,,,,0.462898498294848,,,,,,
Scenario1,0,RE1,,IMPELC001,,2032,,,,,,,,,,,0.4746549377521965,,,,,,
Scenario1,0,RE1,,IMPELC001,,2033,,,,,,,,,,,1.0509338127047076,,,,,,
Scenario1,0,RE1,,IMPELC001,,2034,,,,,,,,,,,1.1489019099576117,,,,,,
Scenario1,0,RE1,,IMPELC001,,2035,,,,,,,,,,,1.1878055741666762,,,,,,
Scenario1,0,RE1,,IMPELC001,,2036,,,,,,,,,,,0.992962839517227,,,,,,
Scenario1,0,RE1,,IMPELC001,,2037,,,,,,,,,,,1.0756826426920774,,,,,,
Scenario1,0,RE1,,IMPELC001,,2038,,,,,,,,,,,1.4637403886480476,,,,,,
Scenario1,0,RE1,,IMPELC001,,2039,,,,,,,,,,,1.4226077133128419,,,,,,
Scenario1,0,RE1,,IMPELC001,,2040,,,,,,,,,,,1.24534671237797,,,,,,
Scenario1,0,RE1,,IMPELC001,,2041,,,,,,,,,,,1.5616979623019762,,,,,,
Scenario1,0,RE1,,IMPELC001,,2042,,,,,,,,,,,1.5722976246386604,,,,,,
Scenario1,0,RE1,,IMPELC001,,2043,,,,,,,,,,,1.618066506909201,,,,,,
Scenario1,0,RE1,,IMPELC001,,2044,,,,,,,,,,,1.6736795755364755,,,,,,
Scenario1,0,RE1,,IMPELC001,,2045,,,,,,,,,,,1.774364510943434,,,,,,
Scenario1,0,RE1,,IMPELC001,,2046,,,,,,,,,,,1.8679139436795416,,,,,,
Scenario1,0,RE1,,IMPELC001,,2047,,,,,,,,,,,1.9007921234597047,,,,,,
Scenario1,0,RE1,,IMPELC001,,2048,,,,,,,,,,,1.954713356661912,,,,,,
Scenario1,0,RE1,,IMPELC001,,2049,,,,,,,,,,,2.0718139853713073,,,,,,
Scenario1,0,RE1,,IMPELC001,,2050,,,,,,,,,,,2.2524831592504415,,,,,,
Scenario1,0,RE1,,IMPELC002,,2019,,,,,,,,,,,0.0,,,,,,
Scenario1,0,RE1,,IMPELC002,,2020,,,,,,,,,,,0.0,,,,,,
Scenario1,0,RE1,,IMPELC002,,2021,,,,,,,,,,,0.0,,,,,,
Scenario1,0,RE1,,IMPELC002,,2022,,,,,,,,,,,0.0,,,,,,
Scenario1,0,RE1,,IMPELC002,,2023,,,,,,,,,,,0.0,,,,,,
Scenario1,0,RE1,,IMPELC002,,2024,,,,,,,,,,,0.0,,,,,,
Scenario1,0,RE1,,IMPELC002,,2025,,,,,,,,,,,0.0,,,,,,
Scenario1,0,RE1,,IMPELC002,,2026,,,,,,,,,,,0.0,,,,,,
Scenario1,0,RE1,,IMPELC002,,2027,,,,,,,,,,,0.0,,,,,,
Scenario1,0,RE1,,IMPELC002,,2028,,,,,,,,,,,0.0,,,,,,
Scenario1,0,RE1,,IMPELC002,,2029,,,,,,,,,,,0.0,,,,,,
Scenario1,0,RE1,,IMPELC002,,2030,,,,,,,,,,,0.0,,,,,,
Scenario1,0,RE1,,IMPELC002,,2031,,,,,,,,,,,0.0,,,,,,
Scenario1,0,RE1,,IMPELC002,,2032,,,,,,,,,,,0.0,,,,,,
Scenario1,0,RE1,,IMPELC002,,2033,,,,,,,,,,,0.0,,,,,,
Scenario1,0,RE1,,IMPELC002,,2034,,,,,,,,,,,0.0,,,,,,
Scenario1,0,RE1,,IMPELC002,,2035,,,,,,,,,,,0.0,,,,,,
Scenario1,0,RE1,,IMPELC002,,2036,,,,,,,,,,,0.0,,,,,,
Scenario1,0,RE1,,IMPELC002,,2037,,,,,,,,,,,0.0,,,,,,
Scenario1,0,RE1,,IMPELC002,,2038,,,,,,,,,,,0.0,,,,,,
Scenario1,0,RE1,,IMPELC002,,2039,,,,,,,,,,,0.0,,,,,,
Scenario1,0,RE1,,IMPELC002,,2040,,,,,,,,,,,0.0,,,,,,
Scenario1,0,RE1,,IMPELC002,,2041,,,,,,,,,,,0.0,,,,,,
Scenario1,0,RE1,,IMPELC002,,2042,,,,,,,,,,,0.0,,,,,,
Scenario1,0,RE1,,IMPELC002,,2043,,,,,,,,,,,0.0,,,,,,
Scenario1,0,RE1,,IMPELC002,,2044,,,,,,,,,,,0.0,,,,,,
Scenario1,0,RE1,,IMPELC002,,2045,,,,,,,,,,,0.0,,,,,,
Scenario1,0,RE1,,IMPELC002,,2046,,,,,,,,,,,0.0,,,,,,
Scenario1,0,RE1,,IMPELC002,,2047,,,,,,,,,,,0.0,,,,,,
Scenario1,0,RE1,,IMPELC002,,2048,,,,,,,,,,,0.0,,,,,,
Scenario1,0,RE1,,IMPELC002,,2049,,,,,,,,,,,0.0,,,,,,
Scenario1,0,RE1,,IMPELC002,,2050,,,,,,,,,,,0.0,,,,,,
Scenario1,0,RE1,,IMPHFOMOM,,2019,,,,,,,,,,,0.0,,,,,,
Scenario1,0,RE1,,IMPHFOMOM,,2020,,,,,,,,,,,0.0,,,,,,
Scenario1,0,RE1,,IMPHFOMOM,,2021,,,,,,,,,,,0.0,,,,,,
Scenario1,0,RE1,,IMPHFOMOM,,2022,,,,,,,,,,,0.0,,,,,,
Scenario1,0,RE1,,IMPHFOMOM,,2023,,,,,,,,,,,0.0,,,,,,
Scenario1,0,RE1,,IMPHFOMOM,,2024,,,,,,,,,,,0.0,,,,,,
Scenario1,0,RE1,,IMPHFOMOM,,2025,,,,,,,,,,,0.0,,,,,,
Scenario1,0,RE1,,IMPHFOMOM,,2026,,,,,,,,,,,0.0,,,,,,
Scenario1,0,RE1,,IMPHFOMOM,,2027,,,,,,,,,,,0.0,,,,,,
Scenario1,0,RE1,,IMPHFOMOM,,2028,,,,,,,,,,,0.0,,,,,,
Scenario1,0,RE1,,IMPHFOMOM,,2029,,,,,,,,,,,0.0,,,,,,
Scenario1,0,RE1,,IMPHFOMOM,,2030,,,,,,,,,,,0.0,,,,,,
Scenario1,0,RE1,,IMPHFOMOM,,2031,,,,,,,,,,,0.0,,,,,,
Scenario1,0,RE1,,IMPHFOMOM,,2032,,,,,,,,,,,0.0,,,,,,
Scenario1,0,RE1,,IMPHFOMOM,,2033,,,,,,,,,,,0.0,,,,,,
Scenario1,0,RE1,,IMPHFOMOM,,2034,,,,,,,,,,,0.0,,,,,,
Scenario1,0,RE1,,IMPHFOMOM,,2035,,,,,,,,,,,0.0,,,,,,
Scenario1,0,RE1,,IMPHFOMOM,,2036,,,,,,,,,,,0.0,,,,,,
Scenario1,0,RE1,,IMPHFOMOM,,2037,,,,,,,,,,,0.0,,,,,,
Scenario1,0,RE1,,IMPHFOMOM,,2038,,,,,,,,,,,0.0,,,,,,
Scenario1,0,RE1,,IMPHFOMOM,,2039,,,,,,,,,,,0.0,,,,,,
Scenario1,0,RE1,,IMPHFOMOM,,2040,,,,,,,,,,,0.0,,,,,,
Scenario1,0,RE1,,IMPHFOMOM,,2041,,,,,,,,,,,0.0,,,,,,
Scenario1,0,RE1,,IMPHFOMOM,,2042,,,,,,,,,,,0.0,,,,,,
Scenario1,0,RE1,,IMPHFOMOM,,2043,,,,,,,,,,,0.0,,,,,,
Scenario1,0,RE1,,IMPHFOMOM,,2044,,,,,,,,,,,0.0,,,,,,
Scenario1,0,RE1,,IMPHFOMOM,,2045,,,,,,,,,,,0.0,,,,,,
Scenario1,0,RE1,,IMPHFOMOM,,2046,,,,,,,,,,,0.0,,,,,,
Scenario1,0,RE1,,IMPHFOMOM,,2047,,,,,,,,,,,0.0,,,,,,
Scenario1,0,RE1,,IMPHFOMOM,,2048,,,,,,,,,,,0.0,,,,,,
Scenario1,0,RE1,,IMPHFOMOM,,2049,,,,,,,,,,,0.0,,,,,,
Scenario1,0,RE1,,IMPHFOMOM,,2050,,,,,,,,,,,0.0,,,,,,
Scenario1,0,RE1,,IMPHFONAI,,2019,,,,,,,,,,,9.403841575459305,,,,,,
Scenario1,0,RE1,,IMPHFONAI,,2020,,,,,,,,,,,11.57011092403285,,,,,,
Scenario1,0,RE1,,IMPHFONAI,,2021,,,,,,,,,,,12.641392449208343,,,,,,
Scenario1,0,RE1,,IMPHFONAI,,2022,,,,,,,,,,,3.8842013965394537,,,,,,
Scenario1,0,RE1,,IMPHFONAI,,2023,,,,,,,,,,,4.273538781818715,,,,,,
Scenario1,0,RE1,,IMPHFONAI,,2024,,,,,,,,,,,7.007556067444008,,,,,,
Scenario1,0,RE1,,IMPHFONAI,,2025,,,,,,,,,,,4.386864242131066,,,,,,
Scenario1,0,RE1,,IMPHFONAI,,2026,,,,,,,,,,,0.0,,,,,,
Scenario1,0,RE1,,IMPHFONAI,,2027,,,,,,,,,,,0.012523723323569724,,,,,,
Scenario1,0,RE1,,IMPHFONAI,,2028,,,,,,,,,,,0.16449695963825706,,,,,,
Scenario1,0,RE1,,IMPHFONAI,,2029,,,,,,,,,,,0.04123084240385883,,,,,,
Scenario1,0,RE1,,IMPHFONAI,,2030,,,,,,,,,,,0.09643456791766168,,,,,,
Scenario1,0,RE1,,IMPHFONAI,,2031,,,,,,,,,,,0.14648320627199998,,,,,,
Scenario1,0,RE1,,IMPHFONAI,,2032,,,,,,,,,,,0.1468353133592331,,,,,,
Scenario1,0,RE1,,IMPHFONAI,,2033,,,,,,,,,,,0.15487726980819713,,,,,,
Scenario1,0,RE1,,IMPHFONAI,,2034,,,,,,,,,,,0.13720199830784077,,,,,,
Scenario1,0,RE1,,IMPHFONAI,,2035,,,,,,,,,,,0.15490584572860971,,,,,,
Scenario1,0,RE1,,IMPHFONAI,,2036,,,,,,,,,,,0.0,,,,,,
Scenario1,0,RE1,,IMPHFONAI,,2037,,,,,,,,,,,0.0,,,,,,
Scenario1,0,RE1,,IMPHFONAI,,2038,,,,,,,,,,,0.0,,,,,,
Scenario1,0,RE1,,IMPHFONAI,,2039,,,,,,,,,,,0.0,,,,,,
Scenario1,0,RE1,,IMPHFONAI,,2040,,,,,,,,,,,0.0,,,,,,
Scenario1,0,RE1,,IMPHFONAI,,2041,,,,,,,,,,,0.0,,,,,,
Scenario1,0,RE1,,IMPHFONAI,,2042,,,,,,,,,,,0.0,,,,,,
Scenario1,0,RE1,,IMPHFONAI,,2043,,,,,,,,,,,0.0,,,,,,
Scenario1,0,RE1,,IMPHFONAI,,2044,,,,,,,,,,,0.0,,,,,,
Scenario1,0,RE1,,IMPHFONAI,,2045,,,,,,,,,,,0.0,,,,,,
Scenario1,0,RE1,,IMPHFONAI,,2046,,,,,,,,,,,0.0,,,,,,
Scenario1,0,RE1,,IMPHFONAI,,2047,,,,,,,,,,,0.0,,,,,,
Scenario1,0,RE1,,IMPHFONAI,,2048,,,,,,,,,,,0.0,,,,,,
Scenario1,0,RE1,,IMPHFONAI,,2049,,,,,,,,,,,0.0,,,,,,
Scenario1,0,RE1,,IMPHFONAI,,2050,,,,,,,,,,,0.0,,,,,,
Scenario1,0,RE1,,IMPLFOELD,,2019,,,,,,,,,,,0.0,,,,,,
Scenario1,0,RE1,,IMPLFOELD,,2020,,,,,,,,,,,0.0,,,,,,
Scenario1,0,RE1,,IMPLFOELD,,2021,,,,,,,,,,,0.0,,,,,,
Scenario1,0,RE1,,IMPLFOELD,,2022,,,,,,,,,,,0.0,,,,,,
Scenario1,0,RE1,,IMPLFOELD,,2023,,,,,,,,,,,0.0,,,,,,
Scenario1,0,RE1,,IMPLFOELD,,2024,,,,,,,,,,,0.0,,,,,,
Scenario1,0,RE1,,IMPLFOELD,,2025,,,,,,,,,,,0.0,,,,,,
Scenario1,0,RE1,,IMPLFOELD,,2026,,,,,,,,,,,0.0,,,,,,
Scenario1,0,RE1,,IMPLFOELD,,2027,,,,,,,,,,,0.0,,,,,,
Scenario1,0,RE1,,IMPLFOELD,,2028,,,,,,,,,,,0.0,,,,,,
Scenario1,0,RE1,,IMPLFOELD,,2029,,,,,,,,,,,0.0,,,,,,
Scenario1,0,RE1,,IMPLFOELD,,2030,,,,,,,,,,,0.0,,,,,,
Scenario1,0,RE1,,IMPLFOELD,,2031,,,,,,,,,,,0.0,,,,,,
Scenario1,0,RE1,,IMPLFOELD,,2032,,,,,,,,,,,0.0,,,,,,
Scenario1,0,RE1,,IMPLFOELD,,2033,,,,,,,,,,,0.0,,,,,,
Scenario1,0,RE1,,IMPLFOELD,,2034,,,,,,,,,,,0.0,,,,,,
Scenario1,0,RE1,,IMPLFOELD,,2035,,,,,,,,,,,0.0,,,,,,
Scenario1,0,RE1,,IMPLFOELD,,2036,,,,,,,,,,,0.0,,,,,,
Scenario1,0,RE1,,IMPLFOELD,,2037,,,,,,,,,,,0.0,,,,,,
Scenario1,0,RE1,,IMPLFOELD,,2038,,,,,,,,,,,0.0,,,,,,
Scenario1,0,RE1,,IMPLFOELD,,2039,,,,,,,,,,,0.0,,,,,,
Scenario1,0,RE1,,IMPLFOELD,,2040,,,,,,,,,,,0.0,,,,,,
Scenario1,0,RE1,,IMPLFOELD,,2041,,,,,,,,,,,0.0,,,,,,
Scenario1,0,RE1,,IMPLFOELD,,2042,,,,,,,,,,,0.0,,,,,,
Scenario1,0,RE1,,IMPLFOELD,,2043,,,,,,,,,,,0.0,,,,,,
Scenario1,0,RE1,,IMPLFOELD,,2044,,,,,,,,,,,0.0,,,,,,
Scenario1,0,RE1,,IMPLFOELD,,2045,,,,,,,,,,,0.0,,,,,,
Scenario1,0,RE1,,IMPLFOELD,,2046,,,,,,,,,,,0.0,,,,,,
Scenario1,0,RE1,,IMPLFOELD,,2047,,,,,,,,,,,0.0,,,,,,
Scenario1,0,RE1,,IMPLFOELD,,2048,,,,,,,,,,,0.0,,,,,,
Scenario1,0,RE1,,IMPLFOELD,,2049,,,,,,,,,,,0.0,,,,,,
Scenario1,0,RE1,,IMPLFOELD,,2050,,,,,,,,,,,0.0,,,,,,
Scenario1,0,RE1,,IMPNGS,,2019,,,,,,,,,,,0.0,,,,,,
Scenario1,0,RE1,,IMPNGS,,2020,,,,,,,,,,,0.0,,,,,,
Scenario1,0,RE1,,IMPNGS,,2021,,,,,,,,,,,0.0,,,,,,
Scenario1,0,RE1,,IMPNGS,,2022,,,,,,,,,,,0.0,,,,,,
Scenario1,0,RE1,,IMPNGS,,2023,,,,,,,,,,,0.0,,,,,,
Scenario1,0,RE1,,IMPNGS,,2024,,,,,,,,,,,0.0,,,,,,
Scenario1,0,RE1,,IMPNGS,,2025,,,,,,,,,,,0.0,,,,,,
Scenario1,0,RE1,,IMPNGS,,2026,,,,,,,,,,,0.0,,,,,,
Scenario1,0,RE1,,IMPNGS,,2027,,,,,,,,,,,0.0,,,,,,
Scenario1,0,RE1,,IMPNGS,,2028,,,,,,,,,,,0.0,,,,,,
Scenario1,0,RE1,,IMPNGS,,2029,,,,,,,,,,,0.0,,,,,,
Scenario1,0,RE1,,IMPNGS,,2030,,,,,,,,,,,0.0,,,,,,
Scenario1,0,RE1,,IMPNGS,,2031,,,,,,,,,,,0.0,,,,,,
Scenario1,0,RE1,,IMPNGS,,2032,,,,,,,,,,,0.0,,,,,,
Scenario1,0,RE1,,IMPNGS,,2033,,,,,,,,,,,0.0,,,,,,
Scenario1,0,RE1,,IMPNGS,,2034,,,,,,,,,,,0.0,,,,,,
Scenario1,0,RE1,,IMPNGS,,2035,,,,,,,,,,,0.0,,,,,,
Scenario1,0,RE1,,IMPNGS,,2036,,,,,,,,,,,0.0,,,,,,
Scenario1,0,RE1,,IMPNGS,,2037,,,,,,,,,,,0.0,,,,,,
Scenario1,0,RE1,,IMPNGS,,2038,,,,,,,,,,,0.0,,,,,,
Scenario1,0,RE1,,IMPNGS,,2039,,,,,,,,,,,0.0,,,,,,
Scenario1,0,RE1,,IMPNGS,,2040,,,,,,,,,,,0.0,,,,,,
Scenario1,0,RE1,,IMPNGS,,2041,,,,,,,,,,,0.0,,,,,,
Scenario1,0,RE1,,IMPNGS,,2042,,,,,,,,,,,0.0,,,,,,
Scenario1,0,RE1,,IMPNGS,,2043,,,,,,,,,,,0.0,,,,,,
Scenario1,0,RE1,,IMPNGS,,2044,,,,,,,,,,,0.0,,,,,,
Scenario1,0,RE1,,IMPNGS,,2045,,,,,,,,,,,0.0,,,,,,
Scenario1,0,RE1,,IMPNGS,,2046,,,,,,,,,,,0.0,,,,,,
Scenario1,0,RE1,,IMPNGS,,2047,,,,,,,,,,,0.0,,,,,,
Scenario1,0,RE1,,IMPNGS,,2048,,,,,,,,,,,0.0,,,,,,
Scenario1,0,RE1,,IMPNGS,,2049,,,,,,,,,,,0.0,,,,,,
Scenario1,0,RE1,,IMPNGS,,2050,,,,,,,,,,,0.0,,,,,,
Scenario1,0,RE1,,IMPURN,,2019,,,,,,,,,,,0.0,,,,,,
Scenario1,0,RE1,,IMPURN,,2020,,,,,,,,,,,0.0,,,,,,
Scenario1,0,RE1,,IMPURN,,2021,,,,,,,,,,,0.0,,,,,,
Scenario1,0,RE1,,IMPURN,,2022,,,,,,,,,,,0.0,,,,,,
Scenario1,0,RE1,,IMPURN,,2023,,,,,,,,,,,0.0,,,,,,
Scenario1,0,RE1,,IMPURN,,2024,,,,,,,,,,,0.0,,,,,,
Scenario1,0,RE1,,IMPURN,,2025,,,,,,,,,,,0.0,,,,,,
Scenario1,0,RE1,,IMPURN,,2026,,,,,,,,,,,0.0,,,,,,
Scenario1,0,RE1,,IMPURN,,2027,,,,,,,,,,,0.0,,,,,,
Scenario1,0,RE1,,IMPURN,,2028,,,,,,,,,,,0.0,,,,,,
Scenario1,0,RE1,,IMPURN,,2029,,,,,,,,,,,0.0,,,,,,
Scenario1,0,RE1,,IMPURN,,2030,,,,,,,,,,,0.0,,,,,,
Scenario1,0,RE1,,IMPURN,,2031,,,,,,,,,,,0.0,,,,,,
Scenario1,0,RE1,,IMPURN,,2032,,,,,,,,,,,0.0,,,,,,
Scenario1,0,RE1,,IMPURN,,2033,,,,,,,,,,,0.0,,,,,,
Scenario1,0,RE1,,IMPURN,,2034,,,,,,,,,,,0.0,,,,,,
Scenario1,0,RE1,,IMPURN,,2035,,,,,,,,,,,0.0,,,,,,
Scenario1,0,RE1,,IMPURN,,2036,,,,,,,,,,,0.0,,,,,,
Scenario1,0,RE1,,IMPURN,,2037,,,,,,,,,,,0.0,,,,,,
Scenario1,0,RE1,,IMPURN,,2038,,,,,,,,,,,0.0,,,,,,
Scenario1,0,RE1,,IMPURN,,2039,,,,,,,,,,,0.0,,,,,,
Scenario1,0,RE1,,IMPURN,,2040,,,,,,,,,,,0.0,,,,,,
Scenario1,0,RE1,,IMPURN,,2041,,,,,,,,,,,18.403677940241195,,,,,,
Scenario1,0,RE1,,IMPURN,,2042,,,,,,,,,,,28.42692330598961,,,,,,
Scenario1,0,RE1,,IMPURN,,2043,,,,,,,,,,,28.426923305989614,,,,,,
Scenario1,0,RE1,,IMPURN,,2044,,,,,,,,,,,28.426923305989114,,,,,,
Scenario1,0,RE1,,IMPURN,,2045,,,,,,,,,,,56.85384661197922,,,,,,
Scenario1,0,RE1,,IMPURN,,2046,,,,,,,,,,,56.85384661197922,,,,,,
Scenario1,0,RE1,,IMPURN,,2047,,,,,,,,,,,56.85384661197922,,,,,,
Scenario1,0,RE1,,IMPURN,,2048,,,,,,,,,,,56.853846611979236,,,,,,
Scenario1,0,RE1,,IMPURN,,2049,,,,,,,,,,,85.28076991796881,,,,,,
Scenario1,0,RE1,,IMPURN,,2050,,,,,,,,,,,85.28076991796885,,,,,,
Scenario1,0,RE1,,MINBIO,,2019,,,,,,,,,,,0.09017492140800001,,,,,,
Scenario1,0,RE1,,MINBIO,,2020,,,,,,,,,,,0.090174921408,,,,,,
Scenario1,0,RE1,,MINBIO,,2021,,,,,,,,,,,0.09017492140799997,,,,,,
Scenario1,0,RE1,,MINBIO,,2022,,,,,,,,,,,0.090174921408,,,,,,
Scenario1,0,RE1,,MINBIO,,2023,,,,,,,,,,,0.15329736639359998,,,,,,
Scenario1,0,RE1,,MINBIO,,2024,,,,,,,,,,,0.15329736639359998,,,,,,
Scenario1,0,RE1,,MINBIO,,2025,,,,,,,,,,,0.15329736639360003,,,,,,
Scenario1,0,RE1,,MINBIO,,2026,,,,,,,,,,,0.6041719734336001,,,,,,
Scenario1,0,RE1,,MINBIO,,2027,,,,,,,,,,,0.6041719734336001,,,,,,
Scenario1,0,RE1,,MINBIO,,2028,,,,,,,,,,,0.9648716590656012,,,,,,
Scenario1,0,RE1,,MINBIO,,2029,,,,,,,,,,,0.5973750319680001,,,,,,
Scenario1,0,RE1,,MINBIO,,2030,,,,,,,,,,,3.138087264998401,,,,,,
Scenario1,0,RE1,,MINBIO,,2031,,,,,,,,,,,4.0398364790784,,,,,,
Scenario1,0,RE1,,MINBIO,,2032,,,,,,,,,,,4.526781054681603,,,,,,
Scenario1,0,RE1,,MINBIO,,2033,,,,,,,,,,,4.662043436793602,,,,,,
Scenario1,0,RE1,,MINBIO,,2034,,,,,,,,,,,4.932568201017597,,,,,,
Scenario1,0,RE1,,MINBIO,,2035,,,,,,,,,,,4.946094439228801,,,,,,
Scenario1,0,RE1,,MINBIO,,2036,,,,,,,,,,,4.946094439228802,,,,,,
Scenario1,0,RE1,,MINBIO,,2037,,,,,,,,,,,4.946094439228799,,,,,,
Scenario1,0,RE1,,MINBIO,,2038,,,,,,,,,,,4.946094439228802,,,,,,
Scenario1,0,RE1,,MINBIO,,2039,,,,,,,,,,,4.946094439228799,,,,,,
Scenario1,0,RE1,,MINBIO,,2040,,,,,,,,,,,4.9460944392287995,,,,,,
Scenario1,0,RE1,,MINBIO,,2041,,,,,,,,,,,4.9460944392288,,,,,,
Scenario1,0,RE1,,MINBIO,,2042,,,,,,,,,,,4.946094439228797,,,,,,
Scenario1,0,RE1,,MINBIO,,2043,,,,,,,,,,,4.855919517820802,,,,,,
Scenario1,0,RE1,,MINBIO,,2044,,,,,,,,,,,4.855919517820803,,,,,,
Scenario1,0,RE1,,MINBIO,,2045,,,,,,,,,,,4.855919517820804,,,,,,
Scenario1,0,RE1,,MINBIO,,2046,,,,,,,,,,,4.855919517820803,,,,,,
Scenario1,0,RE1,,MINBIO,,2047,,,,,,,,,,,4.8559195178208014,,,,,,
Scenario1,0,RE1,,MINBIO,,2048,,,,,,,,,,,4.855919517820803,,,,,,
Scenario1,0,RE1,,MINBIO,,2049,,,,,,,,,,,4.855919517820802,,,,,,
Scenario1,0,RE1,,MINBIO,,2050,,,,,,,,,,,4.8559195178208,,,,,,
Scenario1,0,RE1,,MINCOA,,2019,,,,,,,,,,,0.0,,,,,,
Scenario1,0,RE1,,MINCOA,,2020,,,,,,,,,,,0.0,,,,,,
Scenario1,0,RE1,,MINCOA,,2021,,,,,,,,,,,0.0,,,,,,
Scenario1,0,RE1,,MINCOA,,2022,,,,,,,,,,,0.0,,,,,,
Scenario1,0,RE1,,MINCOA,,2023,,,,,,,,,,,0.0,,,,,,
Scenario1,0,RE1,,MINCOA,,2024,,,,,,,,,,,0.0,,,,,,
Scenario1,0,RE1,,MINCOA,,2025,,,,,,,,,,,0.0,,,,,,
Scenario1,0,RE1,,MINCOA,,2026,,,,,,,,,,,0.0,,,,,,
Scenario1,0,RE1,,MINCOA,,2027,,,,,,,,,,,0.0,,,,,,
Scenario1,0,RE1,,MINCOA,,2028,,,,,,,,,,,0.0,,,,,,
Scenario1,0,RE1,,MINCOA,,2029,,,,,,,,,,,0.0,,,,,,
Scenario1,0,RE1,,MINCOA,,2030,,,,,,,,,,,0.0,,,,,,
Scenario1,0,RE1,,MINCOA,,2031,,,,,,,,,,,0.0,,,,,,
Scenario1,0,RE1,,MINCOA,,2032,,,,,,,,,,,0.0,,,,,,
Scenario1,0,RE1,,MINCOA,,2033,,,,,,,,,,,0.0,,,,,,
Scenario1,0,RE1,,MINCOA,,2034,,,,,,,,,,,0.0,,,,,,
Scenario1,0,RE1,,MINCOA,,2035,,,,,,,,,,,0.0,,,,,,
Scenario1,0,RE1,,MINCOA,,2036,,,,,,,,,,,0.0,,,,,,
Scenario1,0,RE1,,MINCOA,,2037,,,,,,,,,,,0.0,,,,,,
Scenario1,0,RE1,,MINCOA,,2038,,,,,,,,,,,0.0,,,,,,
Scenario1,0,RE1,,MINCOA,,2039,,,,,,,,,,,0.0,,,,,,
Scenario1,0,RE1,,MINCOA,,2040,,,,,,,,,,,0.0,,,,,,
Scenario1,0,RE1,,MINCOA,,2041,,,,,,,,,,,0.0,,,,,,
Scenario1,0,RE1,,MINCOA,,2042,,,,,,,,,,,0.0,,,,,,
Scenario1,0,RE1,,MINCOA,,2043,,,,,,,,,,,0.0,,,,,,
Scenario1,0,RE1,,MINCOA,,2044,,,,,,,,,,,0.0,,,,,,
Scenario1,0,RE1,,MINCOA,,2045,,,,,,,,,,,0.0,,,,,,
Scenario1,0,RE1,,MINCOA,,2046,,,,,,,,,,,0.0,,,,,,
Scenario1,0,RE1,,MINCOA,,2047,,,,,,,,,,,0.0,,,,,,
Scenario1,0,RE1,,MINCOA,,2048,,,,,,,,,,,0.0,,,,,,
Scenario1,0,RE1,,MINCOA,,2049,,,,,,,,,,,0.0,,,,,,
Scenario1,0,RE1,,MINCOA,,2050,,,,,,,,,,,0.0,,,,,,
Scenario1,0,RE1,,MINGEO,,2019,,,,,,,,,,,70.04370437111332,,,,,,
Scenario1,0,RE1,,MINGEO,,2020,,,,,,,,,,,70.04370437111336,,,,,,
Scenario1,0,RE1,,MINGEO,,2021,,,,,,,,,,,70.04370437111336,,,,,,
Scenario1,0,RE1,,MINGEO,,2022,,,,,,,,,,,77.41905587422755,,,,,,
Scenario1,0,RE1,,MINGEO,,2023,,,,,,,,,,,80.5179430604101,,,,,,
Scenario1,0,RE1,,MINGEO,,2024,,,,,,,,,,,77.86175404368198,,,,,,
Scenario1,0,RE1,,MINGEO,,2025,,,,,,,,,,,86.45009853110199,,,,,,
Scenario1,0,RE1,,MINGEO,,2026,,,,,,,,,,,101.97019469868016,,,,,,
Scenario1,0,RE1,,MINGEO,,2027,,,,,,,,,,,111.1056797356573,,,,,,
Scenario1,0,RE1,,MINGEO,,2028,,,,,,,,,,,117.24344626493057,,,,,,
Scenario1,0,RE1,,MINGEO,,2029,,,,,,,,,,,132.45925638446215,,,,,,
Scenario1,0,RE1,,MINGEO,,2030,,,,,,,,,,,140.20654501362208,,,,,,
Scenario1,0,RE1,,MINGEO,,2031,,,,,,,,,,,143.79240018620476,,,,,,
Scenario1,0,RE1,,MINGEO,,2032,,,,,,,,,,,155.38719191151947,,,,,,
Scenario1,0,RE1,,MINGEO,,2033,,,,,,,,,,,163.9134242222751,,,,,,
Scenario1,0,RE1,,MINGEO,,2034,,,,,,,,,,,176.30897296700502,,,,,,
Scenario1,0,RE1,,MINGEO,,2035,,,,,,,,,,,188.7045217117349,,,,,,
Scenario1,0,RE1,,MINGEO,,2036,,,,,,,,,,,203.67029457632566,,,,,,
Scenario1,0,RE1,,MINGEO,,2037,,,,,,,,,,,219.66750743624075,,,,,,
Scenario1,0,RE1,,MINGEO,,2038,,,,,,,,,,,238.32213254421106,,,,,,
Scenario1,0,RE1,,MINGEO,,2039,,,,,,,,,,,256.4632235928862,,,,,,
Scenario1,0,RE1,,MINGEO,,2040,,,,,,,,,,,277.71134619878524,,,,,,
Scenario1,0,RE1,,MINGEO,,2041,,,,,,,,,,,264.6974095447429,,,,,,
Scenario1,0,RE1,,MINGEO,,2042,,,,,,,,,,,280.4424077345419,,,,,,
Scenario1,0,RE1,,MINGEO,,2043,,,,,,,,,,,302.0340993677587,,,,,,
Scenario1,0,RE1,,MINGEO,,2044,,,,,,,,,,,327.77290441461815,,,,,,
Scenario1,0,RE1,,MINGEO,,2045,,,,,,,,,,,326.6855071882881,,,,,,
Scenario1,0,RE1,,MINGEO,,2046,,,,,,,,,,,352.85700294551555,,,,,,
Scenario1,0,RE1,,MINGEO,,2047,,,,,,,,,,,366.7311635762235,,,,,,
Scenario1,0,RE1,,MINGEO,,2048,,,,,,,,,,,386.6525812016827,,,,,,
Scenario1,0,RE1,,MINGEO,,2049,,,,,,,,,,,390.2701933218203,,,,,,
Scenario1,0,RE1,,MINGEO,,2050,,,,,,,,,,,421.2923218385223,,,,,,
Scenario1,0,RE1,,MINHYD,,2019,,,,,,,,,,,13.119691865242078,,,,,,
Scenario1,0,RE1,,MINHYD,,2020,,,,,,,,,,,13.119691865242077,,,,,,
Scenario1,0,RE1,,MINHYD,,2021,,,,,,,,,,,13.119691865242075,,,,,,
Scenario1,0,RE1,,MINHYD,,2022,,,,,,,,,,,13.119691865242078,,,,,,
Scenario1,0,RE1,,MINHYD,,2023,,,,,,,,,,,13.216735779649992,,,,,,
Scenario1,0,RE1,,MINHYD,,2024,,,,,,,,,,,13.249969996912977,,,,,,
Scenario1,0,RE1,,MINHYD,,2025,,,,,,,,,,,13.253958102984535,,,,,,
Scenario1,0,RE1,,MINHYD,,2026,,,,,,,,,,,14.885093486251842,,,,,,
Scenario1,0,RE1,,MINHYD,,2027,,,,,,,,,,,15.15229659304626,,,,,,
Scenario1,0,RE1,,MINHYD,,2028,,,,,,,,,,,15.326443891504297,,,,,,
Scenario1,0,RE1,,MINHYD,,2029,,,,,,,,,,,15.569718361869363,,,,,,
Scenario1,0,RE1,,MINHYD,,2030,,,,,,,,,,,16.215791545461776,,,,,,
Scenario1,0,RE1,,MINHYD,,2031,,,,,,,,,,,18.1758874854221,,,,,,
Scenario1,0,RE1,,MINHYD,,2032,,,,,,,,,,,18.606602941150392,,,,,,
Scenario1,0,RE1,,MINHYD,,2033,,,,,,,,,,,19.243370543909194,,,,,,
Scenario1,0,RE1,,MINHYD,,2034,,,,,,,,,,,19.243370543909187,,,,,,
Scenario1,0,RE1,,MINHYD,,2035,,,,,,,,,,,20.473036582639637,,,,,,
Scenario1,0,RE1,,MINHYD,,2036,,,,,,,,,,,21.11512166016054,,,,,,
Scenario1,0,RE1,,MINHYD,,2037,,,,,,,,,,,21.46075751969556,,,,,,
Scenario1,0,RE1,,MINHYD,,2038,,,,,,,,,,,21.836968859112563,,,,,,
Scenario1,0,RE1,,MINHYD,,2039,,,,,,,,,,,22.24774378448306,,,,,,
Scenario1,0,RE1,,MINHYD,,2040,,,,,,,,,,,22.24774378448307,,,,,,
Scenario1,0,RE1,,MINHYD,,2041,,,,,,,,,,,22.247743784483056,,,,,,
Scenario1,0,RE1,,MINHYD,,2042,,,,,,,,,,,20.722938154320595,,,,,,
Scenario1,0,RE1,,MINHYD,,2043,,,,,,,,,,,20.722938154320598,,,,,,
Scenario1,0,RE1,,MINHYD,,2044,,,,,,,,,,,20.722938154320595,,,,,,
Scenario1,0,RE1,,MINHYD,,2045,,,,,,,,,,,20.722938154320605,,,,,,
Scenario1,0,RE1,,MINHYD,,2046,,,,,,,,,,,20.72293815432059,,,,,,
Scenario1,0,RE1,,MINHYD,,2047,,,,,,,,,,,20.722938154320588,,,,,,
Scenario1,0,RE1,,MINHYD,,2048,,,,,,,,,,,20.7229381543206,,,,,,
Scenario1,0,RE1,,MINHYD,,2049,,,,,,,,,,,20.722938154320598,,,,,,
Scenario1,0,RE1,,MINHYD,,2050,,,,,,,,,,,20.7229381543206,,,,,,
Scenario1,0,RE1,,MINSOL,,2019,,,,,,,,,,,1.6545971918347198,,,,,,
Scenario1,0,RE1,,MINSOL,,2020,,,,,,,,,,,1.6545971918347198,,,,,,
Scenario1,0,RE1,,MINSOL,,2021,,,,,,,,,,,1.6545971918347198,,,,,,
Scenario1,0,RE1,,MINSOL,,2022,,,,,,,,,,,1.6545971918347198,,,,,,
Scenario1,0,RE1,,MINSOL,,2023,,,,,,,,,,,1.6545971918347198,,,,,,
Scenario1,0,RE1,,MINSOL,,2024,,,,,,,,,,,1.6545971918347198,,,,,,
Scenario1,0,RE1,,MINSOL,,2025,,,,,,,,,,,1.65459719183472,,,,,,
Scenario1,0,RE1,,MINSOL,,2026,,,,,,,,,,,1.6545971918347198,,,,,,
Scenario1,0,RE1,,MINSOL,,2027,,,,,,,,,,,1.6545971918347198,,,,,,
Scenario1,0,RE1,,MINSOL,,2028,,,,,,,,,,,1.6545971918347198,,,,,,
Scenario1,0,RE1,,MINSOL,,2029,,,,,,,,,,,1.6545971918347198,,,,,,
Scenario1,0,RE1,,MINSOL,,2030,,,,,,,,,,,1.6545971918347198,,,,,,
Scenario1,0,RE1,,MINSOL,,2031,,,,,,,,,,,1.6545971918347198,,,,,,
Scenario1,0,RE1,,MINSOL,,2032,,,,,,,,,,,1.6545971918347198,,,,,,
Scenario1,0,RE1,,MINSOL,,2033,,,,,,,,,,,1.6545971918347198,,,,,,
Scenario1,0,RE1,,MINSOL,,2034,,,,,,,,,,,1.6545971918347198,,,,,,
Scenario1,0,RE1,,MINSOL,,2035,,,,,,,,,,,1.6545971918347198,,,,,,
Scenario1,0,RE1,,MINSOL,,2036,,,,,,,,,,,1.6545971918347198,,,,,,
Scenario1,0,RE1,,MINSOL,,2037,,,,,,,,,,,1.65459719183472,,,,,,
Scenario1,0,RE1,,MINSOL,,2038,,,,,,,,,,,1.6545971918347195,,,,,,
Scenario1,0,RE1,,MINSOL,,2039,,,,,,,,,,,1.6545971918347195,,,,,,
Scenario1,0,RE1,,MINSOL,,2040,,,,,,,,,,,1.6545971918347195,,,,,,
Scenario1,0,RE1,,MINSOL,,2041,,,,,,,,,,,1.654597191834719,,,,,,
Scenario1,0,RE1,,MINSOL,,2042,,,,,,,,,,,1.654597191834719,,,,,,
Scenario1,0,RE1,,MINSOL,,2043,,,,,,,,,,,1.6545971918347198,,,,,,
Scenario1,0,RE1,,MINSOL,,2044,,,,,,,,,,,0.3442795399159199,,,,,,
Scenario1,0,RE1,,MINSOL,,2045,,,,,,,,,,,0.3442795399159199,,,,,,
Scenario1,0,RE1,,MINSOL,,2046,,,,,,,,,,,0.34427953991592003,,,,,,
Scenario1,0,RE1,,MINSOL,,2047,,,,,,,,,,,0.34427953991592003,,,,,,
Scenario1,0,RE1,,MINSOL,,2048,,,,,,,,,,,0.34427953991592003,,,,,,
Scenario1,0,RE1,,MINSOL,,2049,,,,,,,,,,,0.34427953991592003,,,,,,
Scenario1,0,RE1,,MINSOL,,2050,,,,,,,,,,,0.34427953991592003,,,,,,
Scenario1,0,RE1,,MINWND,,2019,,,,,,,,,,,5.644841400777597,,,,,,
Scenario1,0,RE1,,MINWND,,2020,,,,,,,,,,,5.6448414007776,,,,,,
Scenario1,0,RE1,,MINWND,,2021,,,,,,,,,,,7.3790476682976,,,,,,
Scenario1,0,RE1,,MINWND,,2022,,,,,,,,,,,7.3790476682976,,,,,,
Scenario1,0,RE1,,MINWND,,2023,,,,,,,,,,,7.3790476682976,,,,,,
Scenario1,0,RE1,,MINWND,,2024,,,,,,,,,,,7.3790476682976,,,,,,
Scenario1,0,RE1,,MINWND,,2025,,,,,,,,,,,7.760573047151997,,,,,,
Scenario1,0,RE1,,MINWND,,2026,,,,,,,,,,,8.627676180912,,,,,,
Scenario1,0,RE1,,MINWND,,2027,,,,,,,,,,,8.627676180911996,,,,,,
Scenario1,0,RE1,,MINWND,,2028,,,,,,,,,,,8.539231661268477,,,,,,
Scenario1,0,RE1,,MINWND,,2029,,,,,,,,,,,8.539231661268479,,,,,,
Scenario1,0,RE1,,MINWND,,2030,,,,,,,,,,,8.53923166126848,,,,,,
Scenario1,0,RE1,,MINWND,,2031,,,,,,,,,,,8.539231661268479,,,,,,
Scenario1,0,RE1,,MINWND,,2032,,,,,,,,,,,8.539231661268479,,,,,,
Scenario1,0,RE1,,MINWND,,2033,,,,,,,,,,,8.539231661268479,,,,,,
Scenario1,0,RE1,,MINWND,,2034,,,,,,,,,,,9.039461518556088,,,,,,
Scenario1,0,RE1,,MINWND,,2035,,,,,,,,,,,8.685683439981975,,,,,,
Scenario1,0,RE1,,MINWND,,2036,,,,,,,,,,,8.685683439982057,,,,,,
Scenario1,0,RE1,,MINWND,,2037,,,,,,,,,,,8.685683439981998,,,,,,
Scenario1,0,RE1,,MINWND,,2038,,,,,,,,,,,7.565258395036938,,,,,,
Scenario1,0,RE1,,MINWND,,2039,,,,,,,,,,,7.5652583950369525,,,,,,
Scenario1,0,RE1,,MINWND,,2040,,,,,,,,,,,7.56525839503691,,,,,,
Scenario1,0,RE1,,MINWND,,2041,,,,,,,,,,,13.205927782320959,,,,,,
Scenario1,0,RE1,,MINWND,,2042,,,,,,,,,,,13.819998956171354,,,,,,
Scenario1,0,RE1,,MINWND,,2043,,,,,,,,,,,14.534787132342704,,,,,,
Scenario1,0,RE1,,MINWND,,2044,,,,,,,,,,,15.290197503162135,,,,,,
Scenario1,0,RE1,,MINWND,,2045,,,,,,,,,,,15.70704357306134,,,,,,
Scenario1,0,RE1,,MINWND,,2046,,,,,,,,,,,16.230477671325037,,,,,,
Scenario1,0,RE1,,MINWND,,2047,,,,,,,,,,,21.512902445923768,,,,,,
Scenario1,0,RE1,,MINWND,,2048,,,,,,,,,,,25.299725747402746,,,,,,
Scenario1,0,RE1,,MINWND,,2049,,,,,,,,,,,26.2957572991439,,,,,,
Scenario1,0,RE1,,MINWND,,2050,,,,,,,,,,,27.348411355880096,,,,,,
Scenario1,0,RE1,,PWRBIO001,,2019,,,,,,,,,,,0.031529692799999995,,,,,,
Scenario1,0,RE1,,PWRBIO001,,2020,,,,,,,,,,,0.031529692799999995,,,,,,
Scenario1,0,RE1,,PWRBIO001,,2021,,,,,,,,,,,0.031529692799999995,,,,,,
Scenario1,0,RE1,,PWRBIO001,,2022,,,,,,,,,,,0.031529692799999995,,,,,,
Scenario1,0,RE1,,PWRBIO001,,2023,,,,,,,,,,,0.05360047775999999,,,,,,
Scenario1,0,RE1,,PWRBIO001,,2024,,,,,,,,,,,0.05360047775999999,,,,,,
Scenario1,0,RE1,,PWRBIO001,,2025,,,,,,,,,,,0.05360047775999999,,,,,,
Scenario1,0,RE1,,PWRBIO001,,2026,,,,,,,,,,,0.21124894176,,,,,,
Scenario1,0,RE1,,PWRBIO001,,2027,,,,,,,,,,,0.21124894176,,,,,,
Scenario1,0,RE1,,PWRBIO001,,2028,,,,,,,,,,,0.33736771296000007,,,,,,
Scenario1,0,RE1,,PWRBIO001,,2029,,,,,,,,,,,0.20887238880000003,,,,,,
Scenario1,0,RE1,,PWRBIO001,,2030,,,,,,,,,,,1.0972333094400004,,,,,,
Scenario1,0,RE1,,PWRBIO001,,2031,,,,,,,,,,,1.4125302374400004,,,,,,
Scenario1,0,RE1,,PWRBIO001,,2032,,,,,,,,,,,1.5827905785600003,,,,,,
Scenario1,0,RE1,,PWRBIO001,,2033,,,,,,,,,,,1.63008511776,,,,,,
Scenario1,0,RE1,,PWRBIO001,,2034,,,,,,,,,,,1.72467419616,,,,,,
Scenario1,0,RE1,,PWRBIO001,,2035,,,,,,,,,,,1.729403650080001,,,,,,
Scenario1,0,RE1,,PWRBIO001,,2036,,,,,,,,,,,1.729403650080001,,,,,,
Scenario1,0,RE1,,PWRBIO001,,2037,,,,,,,,,,,1.72940365008,,,,,,
Scenario1,0,RE1,,PWRBIO001,,2038,,,,,,,,,,,1.7294036500800003,,,,,,
Scenario1,0,RE1,,PWRBIO001,,2039,,,,,,,,,,,1.7294036500800003,,,,,,
Scenario1,0,RE1,,PWRBIO001,,2040,,,,,,,,,,,1.7294036500800003,,,,,,
Scenario1,0,RE1,,PWRBIO001,,2041,,,,,,,,,,,1.72940365008,,,,,,
Scenario1,0,RE1,,PWRBIO001,,2042,,,,,,,,,,,1.72940365008,,,,,,
Scenario1,0,RE1,,PWRBIO001,,2043,,,,,,,,,,,1.6978739572800003,,,,,,
Scenario1,0,RE1,,PWRBIO001,,2044,,,,,,,,,,,1.6978739572800003,,,,,,
Scenario1,0,RE1,,PWRBIO001,,2045,,,,,,,,,,,1.6978739572800003,,,,,,
Scenario1,0,RE1,,PWRBIO001,,2046,,,,,,,,,,,1.6978739572800003,,,,,,
Scenario1,0,RE1,,PWRBIO001,,2047,,,,,,,,,,,1.6978739572800003,,,,,,
Scenario1,0,RE1,,PWRBIO001,,2048,,,,,,,,,,,1.6978739572800003,,,,,,
Scenario1,0,RE1,,PWRBIO001,,2049,,,,,,,,,,,1.6978739572800003,,,,,,
Scenario1,0,RE1,,PWRBIO001,,2050,,,,,,,,,,,1.6978739572799995,,,,,,
Scenario1,0,RE1,,PWRCOA001,,2019,,,,,,,,,,,0.0,,,,,,
Scenario1,0,RE1,,PWRCOA001,,2020,,,,,,,,,,,0.0,,,,,,
Scenario1,0,RE1,,PWRCOA001,,2021,,,,,,,,,,,0.0,,,,,,
Scenario1,0,RE1,,PWRCOA001,,2022,,,,,,,,,,,0.0,,,,,,
Scenario1,0,RE1,,PWRCOA001,,2023,,,,,,,,,,,0.0,,,,,,
Scenario1,0,RE1,,PWRCOA001,,2024,,,,,,,,,,,0.0,,,,,,
Scenario1,0,RE1,,PWRCOA001,,2025,,,,,,,,,,,0.0,,,,,,
Scenario1,0,RE1,,PWRCOA001,,2026,,,,,,,,,,,0.0,,,,,,
Scenario1,0,RE1,,PWRCOA001,,2027,,,,,,,,,,,0.0,,,,,,
Scenario1,0,RE1,,PWRCOA001,,2028,,,,,,,,,,,0.0,,,,,,
Scenario1,0,RE1,,PWRCOA001,,2029,,,,,,,,,,,0.0,,,,,,
Scenario1,0,RE1,,PWRCOA001,,2030,,,,,,,,,,,0.0,,,,,,
Scenario1,0,RE1,,PWRCOA001,,2031,,,,,,,,,,,0.0,,,,,,
Scenario1,0,RE1,,PWRCOA001,,2032,,,,,,,,,,,0.0,,,,,,
Scenario1,0,RE1,,PWRCOA001,,2033,,,,,,,,,,,0.0,,,,,,
Scenario1,0,RE1,,PWRCOA001,,2034,,,,,,,,,,,0.0,,,,,,
Scenario1,0,RE1,,PWRCOA001,,2035,,,,,,,,,,,0.0,,,,,,
Scenario1,0,RE1,,PWRCOA001,,2036,,,,,,,,,,,0.0,,,,,,
Scenario1,0,RE1,,PWRCOA001,,2037,,,,,,,,,,,0.0,,,,,,
Scenario1,0,RE1,,PWRCOA001,,2038,,,,,,,,,,,0.0,,,,,,
Scenario1,0,RE1,,PWRCOA001,,2039,,,,,,,,,,,0.0,,,,,,
Scenario1,0,RE1,,PWRCOA001,,2040,,,,,,,,,,,0.0,,,,,,
Scenario1,0,RE1,,PWRCOA001,,2041,,,,,,,,,,,0.0,,,,,,
Scenario1,0,RE1,,PWRCOA001,,2042,,,,,,,,,,,0.0,,,,,,
Scenario1,0,RE1,,PWRCOA001,,2043,,,,,,,,,,,0.0,,,,,,
Scenario1,0,RE1,,PWRCOA001,,2044,,,,,,,,,,,0.0,,,,,,
Scenario1,0,RE1,,PWRCOA001,,2045,,,,,,,,,,,0.0,,,,,,
Scenario1,0,RE1,,PWRCOA001,,2046,,,,,,,,,,,0.0,,,,,,
Scenario1,0,RE1,,PWRCOA001,,2047,,,,,,,,,,,0.0,,,,,,
Scenario1,0,RE1,,PWRCOA001,,2048,,,,,,,,,,,0.0,,,,,,
Scenario1,0,RE1,,PWRCOA001,,2049,,,,,,,,,,,0.0,,,,,,
Scenario1,0,RE1,,PWRCOA001,,2050,,,,,,,,,,,0.0,,,,,,
Scenario1,0,RE1,,PWRDIST,,2019,,,,,,,,,,,45.58319640705444,,,,,,
Scenario1,0,RE1,,PWRDIST,,2020,,,,,,,,,,,46.38021689122577,,,,,,
Scenario1,0,RE1,,PWRDIST,,2021,,,,,,,,,,,48.43330780172886,,,,,,
Scenario1,0,RE1,,PWRDIST,,2022,,,,,,,,,,,49.99672095310963,,,,,,
Scenario1,0,RE1,,PWRDIST,,2023,,,,,,,,,,,51.461790393013096,,,,,,
Scenario1,0,RE1,,PWRDIST,,2024,,,,,,,,,,,53.1680479825518,,,,,,
Scenario1,0,RE1,,PWRDIST,,2025,,,,,,,,,,,55.02788671023966,,,,,,
Scenario1,0,RE1,,PWRDIST,,2026,,,,,,,,,,,56.97638994668697,,,,,,
Scenario1,0,RE1,,PWRDIST,,2027,,,,,,,,,,,60.19813063797412,,,,,,
Scenario1,0,RE1,,PWRDIST,,2028,,,,,,,,,,,63.608336951802,,,,,,
Scenario1,0,RE1,,PWRDIST,,2029,,,,,,,,,,,67.50867490782912,,,,,,
Scenario1,0,RE1,,PWRDIST,,2030,,,,,,,,,,,71.69432409012134,,,,,,
Scenario1,0,RE1,,PWRDIST,,2031,,,,,,,,,,,75.60359190738937,,,,,,
Scenario1,0,RE1,,PWRDIST,,2032,,,,,,,,,,,79.94282935264239,,,,,,
Scenario1,0,RE1,,PWRDIST,,2033,,,,,,,,,,,84.3418978732592,,,,,,
Scenario1,0,RE1,,PWRDIST,,2034,,,,,,,,,,,89.02285960750487,,,,,,
Scenario1,0,RE1,,PWRDIST,,2035,,,,,,,,,,,93.94840585954331,,,,,,
Scenario1,0,RE1,,PWRDIST,,2036,,,,,,,,,,,98.94341043571814,,,,,,
Scenario1,0,RE1,,PWRDIST,,2037,,,,,,,,,,,104.56560988715746,,,,,,
Scenario1,0,RE1,,PWRDIST,,2038,,,,,,,,,,,110.42404723564145,,,,,,
Scenario1,0,RE1,,PWRDIST,,2039,,,,,,,,,,,116.61902208878404,,,,,,
Scenario1,0,RE1,,PWRDIST,,2040,,,,,,,,,,,123.19076692373606,,,,,,
Scenario1,0,RE1,,PWRDIST,,2041,,,,,,,,,,,130.11684142948852,,,,,,
Scenario1,0,RE1,,PWRDIST,,2042,,,,,,,,,,,137.28887463930744,,,,,,
Scenario1,0,RE1,,PWRDIST,,2043,,,,,,,,,,,144.9400021351553,,,,,,
Scenario1,0,RE1,,PWRDIST,,2044,,,,,,,,,,,153.0011729579868,,,,,,
Scenario1,0,RE1,,PWRDIST,,2045,,,,,,,,,,,161.52822752449936,,,,,,
Scenario1,0,RE1,,PWRDIST,,2046,,,,,,,,,,,170.53064481804634,,,,,,
Scenario1,0,RE1,,PWRDIST,,2047,,,,,,,,,,,180.01594218301625,,,,,,
Scenario1,0,RE1,,PWRDIST,,2048,,,,,,,,,,,190.0492621297378,,,,,,
Scenario1,0,RE1,,PWRDIST,,2049,,,,,,,,,,,200.64206172446717,,,,,,
Scenario1,0,RE1,,PWRDIST,,2050,,,,,,,,,,,211.8029661016949,,,,,,
Scenario1,0,RE1,,PWRGEO001,,2019,,,,,,,,,,,23.583738845492697,,,,,,
Scenario1,0,RE1,,PWRGEO001,,2020,,,,,,,,,,,23.583738845492697,,,,,,
Scenario1,0,RE1,,PWRGEO001,,2021,,,,,,,,,,,23.5837388454927,,,,,,
Scenario1,0,RE1,,PWRGEO001,,2022,,,,,,,,,,,26.067022179874613,,,,,,
Scenario1,0,RE1,,PWRGEO001,,2023,,,,,,,,,,,26.067022179874616,,,,,,
Scenario1,0,RE1,,PWRGEO001,,2024,,,,,,,,,,,25.17268244360252,,,,,,
Scenario1,0,RE1,,PWRGEO001,,2025,,,,,,,,,,,27.020984565231316,,,,,,
Scenario1,0,RE1,,PWRGEO001,,2026,,,,,,,,,,,27.617211056079316,,,,,,
Scenario1,0,RE1,,PWRGEO001,,2027,,,,,,,,,,,26.287625981488322,,,,,,
Scenario1,0,RE1,,PWRGEO001,,2028,,,,,,,,,,,27.03290909504832,,,,,,
Scenario1,0,RE1,,PWRGEO001,,2029,,,,,,,,,,,32.156077485463044,,,,,,
Scenario1,0,RE1,,PWRGEO001,,2030,,,,,,,,,,,32.36913618813792,,,,,,
Scenario1,0,RE1,,PWRGEO001,,2031,,,,,,,,,,,31.54932476322192,,,,,,
Scenario1,0,RE1,,PWRGEO001,,2032,,,,,,,,,,,31.549324763221918,,,,,,
Scenario1,0,RE1,,PWRGEO001,,2033,,,,,,,,,,,31.54932476322193,,,,,,
Scenario1,0,RE1,,PWRGEO001,,2034,,,,,,,,,,,35.722910199157916,,,,,,
Scenario1,0,RE1,,PWRGEO001,,2035,,,,,,,,,,,35.72291019915792,,,,,,
Scenario1,0,RE1,,PWRGEO001,,2036,,,,,,,,,,,39.89649563509393,,,,,,
Scenario1,0,RE1,,PWRGEO001,,2037,,,,,,,,,,,39.89649563509391,,,,,,
Scenario1,0,RE1,,PWRGEO001,,2038,,,,,,,,,,,38.715967183214914,,,,,,
Scenario1,0,RE1,,PWRGEO001,,2039,,,,,,,,,,,38.191287871268614,,,,,,
Scenario1,0,RE1,,PWRGEO001,,2040,,,,,,,,,,,34.01770243533262,,,,,,
Scenario1,0,RE1,,PWRGEO001,,2041,,,,,,,,,,,28.97958858766704,,,,,,
Scenario1,0,RE1,,PWRGEO001,,2042,,,,,,,,,,,28.979588587667042,,,,,,
Scenario1,0,RE1,,PWRGEO001,,2043,,,,,,,,,,,27.07762608186192,,,,,,
Scenario1,0,RE1,,PWRGEO001,,2044,,,,,,,,,,,27.07762608186192,,,,,,
Scenario1,0,RE1,,PWRGEO001,,2045,,,,,,,,,,,22.367436804162722,,,,,,
Scenario1,0,RE1,,PWRGEO001,,2046,,,,,,,,,,,22.367436804162722,,,,,,
Scenario1,0,RE1,,PWRGEO001,,2047,,,,,,,,,,,19.884153469780802,,,,,,
Scenario1,0,RE1,,PWRGEO001,,2048,,,,,,,,,,,19.884153469780802,,,,,,
Scenario1,0,RE1,,PWRGEO001,,2049,,,,,,,,,,,19.884153469780802,,,,,,
Scenario1,0,RE1,,PWRGEO001,,2050,,,,,,,,,,,19.287926978932802,,,,,,
Scenario1,0,RE1,,PWRGEO002,,2019,,,,,,,,,,,0.0,,,,,,
Scenario1,0,RE1,,PWRGEO002,,2020,,,,,,,,,,,0.0,,,,,,
Scenario1,0,RE1,,PWRGEO002,,2021,,,,,,,,,,,0.0,,,,,,
Scenario1,0,RE1,,PWRGEO002,,2022,,,,,,,,,,,0.0,,,,,,
Scenario1,0,RE1,,PWRGEO002,,2023,,,,,,,,,,,1.043396358984,,,,,,
Scenario1,0,RE1,,PWRGEO002,,2024,,,,,,,,,,,1.043396358984,,,,,,
Scenario1,0,RE1,,PWRGEO002,,2025,,,,,,,,,,,2.086792717968,,,,,,
Scenario1,0,RE1,,PWRGEO002,,2026,,,,,,,,,,,2.086792717968,,,,,,
Scenario1,0,RE1,,PWRGEO002,,2027,,,,,,,,,,,2.086792717968,,,,,,
Scenario1,0,RE1,,PWRGEO002,,2028,,,,,,,,,,,3.130189076952,,,,,,
Scenario1,0,RE1,,PWRGEO002,,2029,,,,,,,,,,,3.130189076952,,,,,,
Scenario1,0,RE1,,PWRGEO002,,2030,,,,,,,,,,,3.130189076952,,,,,,
Scenario1,0,RE1,,PWRGEO002,,2031,,,,,,,,,,,3.130189076952,,,,,,
Scenario1,0,RE1,,PWRGEO002,,2032,,,,,,,,,,,3.130189076952,,,,,,
Scenario1,0,RE1,,PWRGEO002,,2033,,,,,,,,,,,3.130189076952,,,,,,
Scenario1,0,RE1,,PWRGEO002,,2034,,,,,,,,,,,3.1301890769520004,,,,,,
Scenario1,0,RE1,,PWRGEO002,,2035,,,,,,,,,,,3.130189076952,,,,,,
Scenario1,0,RE1,,PWRGEO002,,2036,,,,,,,,,,,3.130189076952,,,,,,
Scenario1,0,RE1,,PWRGEO002,,2037,,,,,,,,,,,6.111321531192,,,,,,
Scenario1,0,RE1,,PWRGEO002,,2038,,,,,,,,,,,6.111321531192,,,,,,
Scenario1,0,RE1,,PWRGEO002,,2039,,,,,,,,,,,7.900001003736002,,,,,,
Scenario1,0,RE1,,PWRGEO002,,2040,,,,,,,,,,,13.862265912216003,,,,,,
Scenario1,0,RE1,,PWRGEO002,,2041,,,,,,,,,,,13.862265912216003,,,,,,
Scenario1,0,RE1,,PWRGEO002,,2042,,,,,,,,,,,13.862265912216003,,,,,,
Scenario1,0,RE1,,PWRGEO002,,2043,,,,,,,,,,,13.862265912216003,,,,,,
Scenario1,0,RE1,,PWRGEO002,,2044,,,,,,,,,,,13.862265912216003,,,,,,
Scenario1,0,RE1,,PWRGEO002,,2045,,,,,,,,,,,13.862265912216003,,,,,,
Scenario1,0,RE1,,PWRGEO002,,2046,,,,,,,,,,,13.862265912216003,,,,,,
Scenario1,0,RE1,,PWRGEO002,,2047,,,,,,,,,,,13.862265912216001,,,,,,
Scenario1,0,RE1,,PWRGEO002,,2048,,,,,,,,,,,12.818869553232002,,,,,,
Scenario1,0,RE1,,PWRGEO002,,2049,,,,,,,,,,,12.818869553232002,,,,,,
Scenario1,0,RE1,,PWRGEO002,,2050,,,,,,,,,,,11.775473194248,,,,,,
Scenario1,0,RE1,,PWRGEO003,,2019,,,,,,,,,,,0.0,,,,,,
Scenario1,0,RE1,,PWRGEO003,,2020,,,,,,,,,,,0.0,,,,,,
Scenario1,0,RE1,,PWRGEO003,,2021,,,,,,,,,,,0.0,,,,,,
Scenario1,0,RE1,,PWRGEO003,,2022,,,,,,,,,,,0.0,,,,,,
Scenario1,0,RE1,,PWRGEO003,,2023,,,,,,,,,,,0.0,,,,,,
Scenario1,0,RE1,,PWRGEO003,,2024,,,,,,,,,,,0.0,,,,,,
Scenario1,0,RE1,,PWRGEO003,,2025,,,,,,,,,,,0.0,,,,,,
Scenario1,0,RE1,,PWRGEO003,,2026,,,,,,,,,,,0.0,,,,,,
Scenario1,0,RE1,,PWRGEO003,,2027,,,,,,,,,,,0.0,,,,,,
Scenario1,0,RE1,,PWRGEO003,,2028,,,,,,,,,,,0.0,,,,,,
Scenario1,0,RE1,,PWRGEO003,,2029,,,,,,,,,,,0.0,,,,,,
Scenario1,0,RE1,,PWRGEO003,,2030,,,,,,,,,,,0.0,,,,,,
Scenario1,0,RE1,,PWRGEO003,,2031,,,,,,,,,,,0.9837737098992,,,,,,
Scenario1,0,RE1,,PWRGEO003,,2032,,,,,,,,,,,0.9837737098992,,,,,,
Scenario1,0,RE1,,PWRGEO003,,2033,,,,,,,,,,,0.9837737098992001,,,,,,
Scenario1,0,RE1,,PWRGEO003,,2034,,,,,,,,,,,0.9837737098992,,,,,,
Scenario1,0,RE1,,PWRGEO003,,2035,,,,,,,,,,,0.9837737098992,,,,,,
Scenario1,0,RE1,,PWRGEO003,,2036,,,,,,,,,,,0.9837737098992,,,,,,
Scenario1,0,RE1,,PWRGEO003,,2037,,,,,,,,,,,0.9837737098992001,,,,,,
Scenario1,0,RE1,,PWRGEO003,,2038,,,,,,,,,,,0.9837737098992,,,,,,
Scenario1,0,RE1,,PWRGEO003,,2039,,,,,,,,,,,0.9837737098992,,,,,,
Scenario1,0,RE1,,PWRGEO003,,2040,,,,,,,,,,,2.9811324542400004,,,,,,
Scenario1,0,RE1,,PWRGEO003,,2041,,,,,,,,,,,2.9811324542400004,,,,,,
Scenario1,0,RE1,,PWRGEO003,,2042,,,,,,,,,,,2.9811324542400004,,,,,,
Scenario1,0,RE1,,PWRGEO003,,2043,,,,,,,,,,,2.9811324542400004,,,,,,
Scenario1,0,RE1,,PWRGEO003,,2044,,,,,,,,,,,2.981132454240001,,,,,,
Scenario1,0,RE1,,PWRGEO003,,2045,,,,,,,,,,,2.9811324542400004,,,,,,
Scenario1,0,RE1,,PWRGEO003,,2046,,,,,,,,,,,2.981132454240001,,,,,,
Scenario1,0,RE1,,PWRGEO003,,2047,,,,,,,,,,,2.9811324542400004,,,,,,
Scenario1,0,RE1,,PWRGEO003,,2048,,,,,,,,,,,2.9811324542400004,,,,,,
Scenario1,0,RE1,,PWRGEO003,,2049,,,,,,,,,,,2.9811324542400004,,,,,,
Scenario1,0,RE1,,PWRGEO003,,2050,,,,,,,,,,,2.9811324542400004,,,,,,
Scenario1,0,RE1,,PWRGEO004,,2019,,,,,,,,,,,0.0,,,,,,
Scenario1,0,RE1,,PWRGEO004,,2020,,,,,,,,,,,0.0,,,,,,
Scenario1,0,RE1,,PWRGEO004,,2021,,,,,,,,,,,0.0,,,,,,
Scenario1,0,RE1,,PWRGEO004,,2022,,,,,,,,,,,0.0,,,,,,
Scenario1,0,RE1,,PWRGEO004,,2023,,,,,,,,,,,0.0,,,,,,
Scenario1,0,RE1,,PWRGEO004,,2024,,,,,,,,,,,0.0,,,,,,
Scenario1,0,RE1,,PWRGEO004,,2025,,,,,,,,,,,0.0,,,,,,
Scenario1,0,RE1,,PWRGEO004,,2026,,,,,,,,,,,0.0,,,,,,
Scenario1,0,RE1,,PWRGEO004,,2027,,,,,,,,,,,0.0,,,,,,
Scenario1,0,RE1,,PWRGEO004,,2028,,,,,,,,,,,0.0,,,,,,
Scenario1,0,RE1,,PWRGEO004,,2029,,,,,,,,,,,0.0,,,,,,
Scenario1,0,RE1,,PWRGEO004,,2030,,,,,,,,,,,0.0,,,,,,
Scenario1,0,RE1,,PWRGEO004,,2031,,,,,,,,,,,0.0,,,,,,
Scenario1,0,RE1,,PWRGEO004,,2032,,,,,,,,,,,0.0,,,,,,
Scenario1,0,RE1,,PWRGEO004,,2033,,,,,,,,,,,0.0,,,,,,
Scenario1,0,RE1,,PWRGEO004,,2034,,,,,,,,,,,0.0,,,,,,
Scenario1,0,RE1,,PWRGEO004,,2035,,,,,,,,,,,0.0,,,,,,
Scenario1,0,RE1,,PWRGEO004,,2036,,,,,,,,,,,0.0,,,,,,
Scenario1,0,RE1,,PWRGEO004,,2037,,,,,,,,,,,0.0,,,,,,
Scenario1,0,RE1,,PWRGEO004,,2038,,,,,,,,,,,2.9811324542400004,,,,,,
Scenario1,0,RE1,,PWRGEO004,,2039,,,,,,,,,,,5.962264908480001,,,,,,
Scenario1,0,RE1,,PWRGEO004,,2040,,,,,,,,,,,8.94339736272,,,,,,
Scenario1,0,RE1,,PWRGEO004,,2041,,,,,,,,,,,8.94339736272,,,,,,
Scenario1,0,RE1,,PWRGEO004,,2042,,,,,,,,,,,8.94339736272,,,,,,
Scenario1,0,RE1,,PWRGEO004,,2043,,,,,,,,,,,8.94339736272,,,,,,
Scenario1,0,RE1,,PWRGEO004,,2044,,,,,,,,,,,8.94339736272,,,,,,
Scenario1,0,RE1,,PWRGEO004,,2045,,,,,,,,,,,8.94339736272,,,,,,
Scenario1,0,RE1,,PWRGEO004,,2046,,,,,,,,,,,8.94339736272,,,,,,
Scenario1,0,RE1,,PWRGEO004,,2047,,,,,,,,,,,8.94339736272,,,,,,
Scenario1,0,RE1,,PWRGEO004,,2048,,,,,,,,,,,8.94339736272,,,,,,
Scenario1,0,RE1,,PWRGEO004,,2049,,,,,,,,,,,8.94339736272,,,,,,
Scenario1,0,RE1,,PWRGEO004,,2050,,,,,,,,,,,8.94339736272,,,,,,
Scenario1,0,RE1,,PWRGEO005,,2019,,,,,,,,,,,0.0,,,,,,
Scenario1,0,RE1,,PWRGEO005,,2020,,,,,,,,,,,0.0,,,,,,
Scenario1,0,RE1,,PWRGEO005,,2021,,,,,,,,,,,0.0,,,,,,
Scenario1,0,RE1,,PWRGEO005,,2022,,,,,,,,,,,0.0,,,,,,
Scenario1,0,RE1,,PWRGEO005,,2023,,,,,,,,,,,0.0,,,,,,
Scenario1,0,RE1,,PWRGEO005,,2024,,,,,,,,,,,0.0,,,,,,
Scenario1,0,RE1,,PWRGEO005,,2025,,,,,,,,,,,0.0,,,,,,
Scenario1,0,RE1,,PWRGEO005,,2026,,,,,,,,,,,0.0,,,,,,
Scenario1,0,RE1,,PWRGEO005,,2027,,,,,,,,,,,0.0,,,,,,
Scenario1,0,RE1,,PWRGEO005,,2028,,,,,,,,,,,0.0,,,,,,
Scenario1,0,RE1,,PWRGEO005,,2029,,,,,,,,,,,0.0,,,,,,
Scenario1,0,RE1,,PWRGEO005,,2030,,,,,,,,,,,0.0,,,,,,
Scenario1,0,RE1,,PWRGEO005,,2031,,,,,,,,,,,1.043396358984,,,,,,
Scenario1,0,RE1,,PWRGEO005,,2032,,,,,,,,,,,1.043396358984,,,,,,
Scenario1,0,RE1,,PWRGEO005,,2033,,,,,,,,,,,1.043396358984,,,,,,
Scenario1,0,RE1,,PWRGEO005,,2034,,,,,,,,,,,1.043396358984,,,,,,
Scenario1,0,RE1,,PWRGEO005,,2035,,,,,,,,,,,1.043396358984,,,,,,
Scenario1,0,RE1,,PWRGEO005,,2036,,,,,,,,,,,1.043396358984,,,,,,
Scenario1,0,RE1,,PWRGEO005,,2037,,,,,,,,,,,1.043396358984,,,,,,
Scenario1,0,RE1,,PWRGEO005,,2038,,,,,,,,,,,1.043396358984,,,,,,
Scenario1,0,RE1,,PWRGEO005,,2039,,,,,,,,,,,1.043396358984,,,,,,
Scenario1,0,RE1,,PWRGEO005,,2040,,,,,,,,,,,1.4304757235154386,,,,,,
Scenario1,0,RE1,,PWRGEO005,,2041,,,,,,,,,,,2.086792717968,,,,,,
Scenario1,0,RE1,,PWRGEO005,,2042,,,,,,,,,,,2.086792717968,,,,,,
Scenario1,0,RE1,,PWRGEO005,,2043,,,,,,,,,,,2.086792717968,,,,,,
Scenario1,0,RE1,,PWRGEO005,,2044,,,,,,,,,,,2.086792717968,,,,,,
Scenario1,0,RE1,,PWRGEO005,,2045,,,,,,,,,,,2.086792717968,,,,,,
Scenario1,0,RE1,,PWRGEO005,,2046,,,,,,,,,,,2.086792717968,,,,,,
Scenario1,0,RE1,,PWRGEO005,,2047,,,,,,,,,,,2.086792717968,,,,,,
Scenario1,0,RE1,,PWRGEO005,,2048,,,,,,,,,,,2.086792717968,,,,,,
Scenario1,0,RE1,,PWRGEO005,,2049,,,,,,,,,,,2.086792717968,,,,,,
Scenario1,0,RE1,,PWRGEO005,,2050,,,,,,,,,,,2.086792717968,,,,,,
Scenario1,0,RE1,,PWRGEO006,,2019,,,,,,,,,,,0.0,,,,,,
Scenario1,0,RE1,,PWRGEO006,,2020,,,,,,,,,,,0.0,,,,,,
Scenario1,0,RE1,,PWRGEO006,,2021,,,,,,,,,,,0.0,,,,,,
Scenario1,0,RE1,,PWRGEO006,,2022,,,,,,,,,,,0.0,,,,,,
Scenario1,0,RE1,,PWRGEO006,,2023,,,,,,,,,,,0.0,,,,,,
Scenario1,0,RE1,,PWRGEO006,,2024,,,,,,,,,,,0.0,,,,,,
Scenario1,0,RE1,,PWRGEO006,,2025,,,,,,,,,,,0.0,,,,,,
Scenario1,0,RE1,,PWRGEO006,,2026,,,,,,,,,,,4.6293951143972025,,,,,,
Scenario1,0,RE1,,PWRGEO006,,2027,,,,,,,,,,,9.03490107685926,,,,,,
Scenario1,0,RE1,,PWRGEO006,,2028,,,,,,,,,,,9.31280966130961,,,,,,
Scenario1,0,RE1,,PWRGEO006,,2029,,,,,,,,,,,9.312809661309636,,,,,,
Scenario1,0,RE1,,PWRGEO006,,2030,,,,,,,,,,,11.708265648587552,,,,,,
Scenario1,0,RE1,,PWRGEO006,,2031,,,,,,,,,,,11.708265648587558,,,,,,
Scenario1,0,RE1,,PWRGEO006,,2032,,,,,,,,,,,15.61223592647133,,,,,,
Scenario1,0,RE1,,PWRGEO006,,2033,,,,,,,,,,,18.483021216288005,,,,,,
Scenario1,0,RE1,,PWRGEO006,,2034,,,,,,,,,,,18.483021216287998,,,,,,
Scenario1,0,RE1,,PWRGEO006,,2035,,,,,,,,,,,22.65660665222401,,,,,,
Scenario1,0,RE1,,PWRGEO006,,2036,,,,,,,,,,,23.52200197877645,,,,,,
Scenario1,0,RE1,,PWRGEO006,,2037,,,,,,,,,,,25.927136480736873,,,,,,
Scenario1,0,RE1,,PWRGEO006,,2038,,,,,,,,,,,30.40755103324801,,,,,,
Scenario1,0,RE1,,PWRGEO006,,2039,,,,,,,,,,,32.270529882610724,,,,,,
Scenario1,0,RE1,,PWRGEO006,,2040,,,,,,,,,,,32.270529882610724,,,,,,
Scenario1,0,RE1,,PWRGEO006,,2041,,,,,,,,,,,32.27052988261071,,,,,,
Scenario1,0,RE1,,PWRGEO006,,2042,,,,,,,,,,,37.5718760744623,,,,,,
Scenario1,0,RE1,,PWRGEO006,,2043,,,,,,,,,,,46.74376842310145,,,,,,
Scenario1,0,RE1,,PWRGEO006,,2044,,,,,,,,,,,55.410032748643275,,,,,,
Scenario1,0,RE1,,PWRGEO006,,2045,,,,,,,,,,,59.75409501411017,,,,,,
Scenario1,0,RE1,,PWRGEO006,,2046,,,,,,,,,,,68.56604644751998,,,,,,
Scenario1,0,RE1,,PWRGEO006,,2047,,,,,,,,,,,75.72076433769597,,,,,,
Scenario1,0,RE1,,PWRGEO006,,2048,,,,,,,,,,,83.47170871871997,,,,,,
Scenario1,0,RE1,,PWRGEO006,,2049,,,,,,,,,,,84.68975993762159,,,,,,
Scenario1,0,RE1,,PWRGEO006,,2050,,,,,,,,,,,96.77454390418826,,,,,,
Scenario1,0,RE1,,PWRGEO007,,2019,,,,,,,,,,,0.0,,,,,,
Scenario1,0,RE1,,PWRGEO007,,2020,,,,,,,,,,,0.0,,,,,,
Scenario1,0,RE1,,PWRGEO007,,2021,,,,,,,,,,,0.0,,,,,,
Scenario1,0,RE1,,PWRGEO007,,2022,,,,,,,,,,,0.0,,,,,,
Scenario1,0,RE1,,PWRGEO007,,2023,,,,,,,,,,,0.0,,,,,,
Scenario1,0,RE1,,PWRGEO007,,2024,,,,,,,,,,,0.0,,,,,,
Scenario1,0,RE1,,PWRGEO007,,2025,,,,,,,,,,,0.0,,,,,,
Scenario1,0,RE1,,PWRGEO007,,2026,,,,,,,,,,,0.0,,,,,,
Scenario1,0,RE1,,PWRGEO007,,2027,,,,,,,,,,,0.0,,,,,,
Scenario1,0,RE1,,PWRGEO007,,2028,,,,,,,,,,,0.0,,,,,,
Scenario1,0,RE1,,PWRGEO007,,2029,,,,,,,,,,,0.0,,,,,,
Scenario1,0,RE1,,PWRGEO007,,2030,,,,,,,,,,,0.0,,,,,,
Scenario1,0,RE1,,PWRGEO007,,2031,,,,,,,,,,,0.0,,,,,,
Scenario1,0,RE1,,PWRGEO007,,2032,,,,,,,,,,,0.0,,,,,,
Scenario1,0,RE1,,PWRGEO007,,2033,,,,,,,,,,,0.0,,,,,,
Scenario1,0,RE1,,PWRGEO007,,2034,,,,,,,,,,,0.0,,,,,,
Scenario1,0,RE1,,PWRGEO007,,2035,,,,,,,,,,,0.0,,,,,,
Scenario1,0,RE1,,PWRGEO007,,2036,,,,,,,,,,,0.0,,,,,,
Scenario1,0,RE1,,PWRGEO007,,2037,,,,,,,,,,,0.0,,,,,,
Scenario1,0,RE1,,PWRGEO007,,2038,,,,,,,,,,,0.0,,,,,,
Scenario1,0,RE1,,PWRGEO007,,2039,,,,,,,,,,,0.0,,,,,,
Scenario1,0,RE1,,PWRGEO007,,2040,,,,,,,,,,,0.0,,,,,,
Scenario1,0,RE1,,PWRGEO007,,2041,,,,,,,,,,,0.0,,,,,,
Scenario1,0,RE1,,PWRGEO007,,2042,,,,,,,,,,,0.0,,,,,,
Scenario1,0,RE1,,PWRGEO007,,2043,,,,,,,,,,,0.0,,,,,,
Scenario1,0,RE1,,PWRGEO007,,2044,,,,,,,,,,,0.0,,,,,,
Scenario1,0,RE1,,PWRGEO007,,2045,,,,,,,,,,,0.0,,,,,,
Scenario1,0,RE1,,PWRGEO007,,2046,,,,,,,,,,,0.0,,,,,,
Scenario1,0,RE1,,PWRGEO007,,2047,,,,,,,,,,,0.0,,,,,,
Scenario1,0,RE1,,PWRGEO007,,2048,,,,,,,,,,,0.0,,,,,,
Scenario1,0,RE1,,PWRGEO007,,2049,,,,,,,,,,,0.0,,,,,,
Scenario1,0,RE1,,PWRGEO007,,2050,,,,,,,,,,,0.0,,,,,,
Scenario1,0,RE1,,PWRHFO001,,2019,,,,,,,,,,,3.616862144407424,,,,,,
Scenario1,0,RE1,,PWRHFO001,,2020,,,,,,,,,,,4.450042663089559,,,,,,
Scenario1,0,RE1,,PWRHFO001,,2021,,,,,,,,,,,4.862074018926285,,,,,,
Scenario1,0,RE1,,PWRHFO001,,2022,,,,,,,,,,,1.4939236140536365,,,,,,
Scenario1,0,RE1,,PWRHFO001,,2023,,,,,,,,,,,1.643668762237967,,,,,,
Scenario1,0,RE1,,PWRHFO001,,2024,,,,,,,,,,,2.695213872093849,,,,,,
Scenario1,0,RE1,,PWRHFO001,,2025,,,,,,,,,,,1.6872554777427178,,,,,,
Scenario1,0,RE1,,PWRHFO001,,2026,,,,,,,,,,,0.0,,,,,,
Scenario1,0,RE1,,PWRHFO001,,2027,,,,,,,,,,,0.004816816662911432,,,,,,
Scenario1,0,RE1,,PWRHFO001,,2028,,,,,,,,,,,0.06326806139932964,,,,,,
Scenario1,0,RE1,,PWRHFO001,,2029,,,,,,,,,,,0.01585801630917647,,,,,,
Scenario1,0,RE1,,PWRHFO001,,2030,,,,,,,,,,,0.03709021842986987,,,,,,
Scenario1,0,RE1,,PWRHFO001,,2031,,,,,,,,,,,0.05633969472,,,,,,
Scenario1,0,RE1,,PWRHFO001,,2032,,,,,,,,,,,0.056475120522781974,,,,,,
Scenario1,0,RE1,,PWRHFO001,,2033,,,,,,,,,,,0.059568180695460445,,,,,,
Scenario1,0,RE1,,PWRHFO001,,2034,,,,,,,,,,,0.052769999349169525,,,,,,
Scenario1,0,RE1,,PWRHFO001,,2035,,,,,,,,,,,0.05957917143408067,,,,,,
Scenario1,0,RE1,,PWRHFO001,,2036,,,,,,,,,,,0.0,,,,,,
Scenario1,0,RE1,,PWRHFO001,,2037,,,,,,,,,,,0.0,,,,,,
Scenario1,0,RE1,,PWRHFO001,,2038,,,,,,,,,,,0.0,,,,,,
Scenario1,0,RE1,,PWRHFO001,,2039,,,,,,,,,,,0.0,,,,,,
Scenario1,0,RE1,,PWRHFO001,,2040,,,,,,,,,,,0.0,,,,,,
Scenario1,0,RE1,,PWRHFO001,,2041,,,,,,,,,,,0.0,,,,,,
Scenario1,0,RE1,,PWRHFO001,,2042,,,,,,,,,,,0.0,,,,,,
Scenario1,0,RE1,,PWRHFO001,,2043,,,,,,,,,,,0.0,,,,,,
Scenario1,0,RE1,,PWRHFO001,,2044,,,,,,,,,,,0.0,,,,,,
Scenario1,0,RE1,,PWRHFO001,,2045,,,,,,,,,,,0.0,,,,,,
Scenario1,0,RE1,,PWRHFO001,,2046,,,,,,,,,,,0.0,,,,,,
Scenario1,0,RE1,,PWRHFO001,,2047,,,,,,,,,,,0.0,,,,,,
Scenario1,0,RE1,,PWRHFO001,,2048,,,,,,,,,,,0.0,,,,,,
Scenario1,0,RE1,,PWRHFO001,,2049,,,,,,,,,,,0.0,,,,,,
Scenario1,0,RE1,,PWRHFO001,,2050,,,,,,,,,,,0.0,,,,,,
Scenario1,0,RE1,,PWRHYD001,,2019,,,,,,,,,,,2.0096643090919,,,,,,
Scenario1,0,RE1,,PWRHYD001,,2020,,,,,,,,,,,2.0096643090919,,,,,,
Scenario1,0,RE1,,PWRHYD001,,2021,,,,,,,,,,,2.0096643090919,,,,,,
Scenario1,0,RE1,,PWRHYD001,,2022,,,,,,,,,,,2.0096643090919,,,,,,
Scenario1,0,RE1,,PWRHYD001,,2023,,,,,,,,,,,2.0096643090919,,,,,,
Scenario1,0,RE1,,PWRHYD001,,2024,,,,,,,,,,,2.0096643090919,,,,,,
Scenario1,0,RE1,,PWRHYD001,,2025,,,,,,,,,,,2.0096643090919,,,,,,
Scenario1,0,RE1,,PWRHYD001,,2026,,,,,,,,,,,2.0096643090919,,,,,,
Scenario1,0,RE1,,PWRHYD001,,2027,,,,,,,,,,,2.0096643090919,,,,,,
Scenario1,0,RE1,,PWRHYD001,,2028,,,,,,,,,,,2.0096643090919,,,,,,
Scenario1,0,RE1,,PWRHYD001,,2029,,,,,,,,,,,2.0096643090919,,,,,,
Scenario1,0,RE1,,PWRHYD001,,2030,,,,,,,,,,,2.0096643090919,,,,,,
Scenario1,0,RE1,,PWRHYD001,,2031,,,,,,,,,,,2.0096643090919,,,,,,
Scenario1,0,RE1,,PWRHYD001,,2032,,,,,,,,,,,2.0096643090919,,,,,,
Scenario1,0,RE1,,PWRHYD001,,2033,,,,,,,,,,,2.0096643090919,,,,,,
Scenario1,0,RE1,,PWRHYD001,,2034,,,,,,,,,,,2.0096643090919,,,,,,
Scenario1,0,RE1,,PWRHYD001,,2035,,,,,,,,,,,2.0096643090919,,,,,,
Scenario1,0,RE1,,PWRHYD001,,2036,,,,,,,,,,,2.0096643090919,,,,,,
Scenario1,0,RE1,,PWRHYD001,,2037,,,,,,,,,,,2.0096643090918995,,,,,,
Scenario1,0,RE1,,PWRHYD001,,2038,,,,,,,,,,,2.0096643090919,,,,,,
Scenario1,0,RE1,,PWRHYD001,,2039,,,,,,,,,,,2.0096643090919,,,,,,
Scenario1,0,RE1,,PWRHYD001,,2040,,,,,,,,,,,2.0096643090919,,,,,,
Scenario1,0,RE1,,PWRHYD001,,2041,,,,,,,,,,,2.0096643090919,,,,,,
Scenario1,0,RE1,,PWRHYD001,,2042,,,,,,,,,,,0.401932861818379,,,,,,
Scenario1,0,RE1,,PWRHYD001,,2043,,,,,,,,,,,0.401932861818379,,,,,,
Scenario1,0,RE1,,PWRHYD001,,2044,,,,,,,,,,,0.401932861818379,,,,,,
Scenario1,0,RE1,,PWRHYD001,,2045,,,,,,,,,,,0.401932861818379,,,,,,
Scenario1,0,RE1,,PWRHYD001,,2046,,,,,,,,,,,0.401932861818379,,,,,,
Scenario1,0,RE1,,PWRHYD001,,2047,,,,,,,,,,,0.401932861818379,,,,,,
Scenario1,0,RE1,,PWRHYD001,,2048,,,,,,,,,,,0.401932861818379,,,,,,
Scenario1,0,RE1,,PWRHYD001,,2049,,,,,,,,,,,0.401932861818379,,,,,,
Scenario1,0,RE1,,PWRHYD001,,2050,,,,,,,,,,,0.401932861818379,,,,,,
Scenario1,0,RE1,,PWRHYD002,,2019,,,,,,,,,,,9.102107809894068,,,,,,
Scenario1,0,RE1,,PWRHYD002,,2020,,,,,,,,,,,9.102107809894068,,,,,,
Scenario1,0,RE1,,PWRHYD002,,2021,,,,,,,,,,,9.102107809894068,,,,,,
Scenario1,0,RE1,,PWRHYD002,,2022,,,,,,,,,,,9.10210780989407,,,,,,
Scenario1,0,RE1,,PWRHYD002,,2023,,,,,,,,,,,9.102107809894068,,,,,,
Scenario1,0,RE1,,PWRHYD002,,2024,,,,,,,,,,,9.102107809894068,,,,,,
Scenario1,0,RE1,,PWRHYD002,,2025,,,,,,,,,,,9.102107809894068,,,,,,
Scenario1,0,RE1,,PWRHYD002,,2026,,,,,,,,,,,9.102107809894068,,,,,,
Scenario1,0,RE1,,PWRHYD002,,2027,,,,,,,,,,,9.102107809894068,,,,,,
Scenario1,0,RE1,,PWRHYD002,,2028,,,,,,,,,,,9.10210780989407,,,,,,
Scenario1,0,RE1,,PWRHYD002,,2029,,,,,,,,,,,9.102107809894068,,,,,,
Scenario1,0,RE1,,PWRHYD002,,2030,,,,,,,,,,,9.102107809894068,,,,,,
Scenario1,0,RE1,,PWRHYD002,,2031,,,,,,,,,,,10.514503849360395,,,,,,
Scenario1,0,RE1,,PWRHYD002,,2032,,,,,,,,,,,10.514503849360395,,,,,,
Scenario1,0,RE1,,PWRHYD002,,2033,,,,,,,,,,,10.514503849360395,,,,,,
Scenario1,0,RE1,,PWRHYD002,,2034,,,,,,,,,,,10.514503849360395,,,,,,
Scenario1,0,RE1,,PWRHYD002,,2035,,,,,,,,,,,10.514503849360395,,,,,,
Scenario1,0,RE1,,PWRHYD002,,2036,,,,,,,,,,,10.514503849360395,,,,,,
Scenario1,0,RE1,,PWRHYD002,,2037,,,,,,,,,,,10.514503849360395,,,,,,
Scenario1,0,RE1,,PWRHYD002,,2038,,,,,,,,,,,10.514503849360395,,,,,,
Scenario1,0,RE1,,PWRHYD002,,2039,,,,,,,,,,,10.514503849360395,,,,,,
Scenario1,0,RE1,,PWRHYD002,,2040,,,,,,,,,,,10.514503849360395,,,,,,
Scenario1,0,RE1,,PWRHYD002,,2041,,,,,,,,,,,10.514503849360395,,,,,,
Scenario1,0,RE1,,PWRHYD002,,2042,,,,,,,,,,,10.514503849360395,,,,,,
Scenario1,0,RE1,,PWRHYD002,,2043,,,,,,,,,,,10.514503849360395,,,,,,
Scenario1,0,RE1,,PWRHYD002,,2044,,,,,,,,,,,10.514503849360395,,,,,,
Scenario1,0,RE1,,PWRHYD002,,2045,,,,,,,,,,,10.514503849360395,,,,,,
Scenario1,0,RE1,,PWRHYD002,,2046,,,,,,,,,,,10.514503849360395,,,,,,
Scenario1,0,RE1,,PWRHYD002,,2047,,,,,,,,,,,10.514503849360395,,,,,,
Scenario1,0,RE1,,PWRHYD002,,2048,,,,,,,,,,,10.514503849360395,,,,,,
Scenario1,0,RE1,,PWRHYD002,,2049,,,,,,,,,,,10.514503849360395,,,,,,
Scenario1,0,RE1,,PWRHYD002,,2050,,,,,,,,,,,10.514503849360395,,,,,,
Scenario1,0,RE1,,PWRHYD003,,2019,,,,,,,,,,,1.7486928516048204,,,,,,
Scenario1,0,RE1,,PWRHYD003,,2020,,,,,,,,,,,1.74869285160482,,,,,,
Scenario1,0,RE1,,PWRHYD003,,2021,,,,,,,,,,,1.74869285160482,,,,,,
Scenario1,0,RE1,,PWRHYD003,,2022,,,,,,,,,,,1.7486928516048201,,,,,,
Scenario1,0,RE1,,PWRHYD003,,2023,,,,,,,,,,,1.74869285160482,,,,,,
Scenario1,0,RE1,,PWRHYD003,,2024,,,,,,,,,,,1.7486928516048201,,,,,,
Scenario1,0,RE1,,PWRHYD003,,2025,,,,,,,,,,,1.7486928516048201,,,,,,
Scenario1,0,RE1,,PWRHYD003,,2026,,,,,,,,,,,1.74869285160482,,,,,,
Scenario1,0,RE1,,PWRHYD003,,2027,,,,,,,,,,,1.7486928516048204,,,,,,
Scenario1,0,RE1,,PWRHYD003,,2028,,,,,,,,,,,1.7486928516048204,,,,,,
Scenario1,0,RE1,,PWRHYD003,,2029,,,,,,,,,,,1.7486928516048204,,,,,,
Scenario1,0,RE1,,PWRHYD003,,2030,,,,,,,,,,,1.7486928516048201,,,,,,
Scenario1,0,RE1,,PWRHYD003,,2031,,,,,,,,,,,1.7486928516048204,,,,,,
Scenario1,0,RE1,,PWRHYD003,,2032,,,,,,,,,,,1.7486928516048201,,,,,,
Scenario1,0,RE1,,PWRHYD003,,2033,,,,,,,,,,,1.7486928516048201,,,,,,
Scenario1,0,RE1,,PWRHYD003,,2034,,,,,,,,,,,1.7486928516048204,,,,,,
Scenario1,0,RE1,,PWRHYD003,,2035,,,,,,,,,,,1.7486928516048204,,,,,,
Scenario1,0,RE1,,PWRHYD003,,2036,,,,,,,,,,,1.7486928516048201,,,,,,
Scenario1,0,RE1,,PWRHYD003,,2037,,,,,,,,,,,1.74869285160482,,,,,,
Scenario1,0,RE1,,PWRHYD003,,2038,,,,,,,,,,,1.7486928516048201,,,,,,
Scenario1,0,RE1,,PWRHYD003,,2039,,,,,,,,,,,1.7486928516048201,,,,,,
Scenario1,0,RE1,,PWRHYD003,,2040,,,,,,,,,,,1.74869285160482,,,,,,
Scenario1,0,RE1,,PWRHYD003,,2041,,,,,,,,,,,1.74869285160482,,,,,,
Scenario1,0,RE1,,PWRHYD003,,2042,,,,,,,,,,,1.7486928516048204,,,,,,
Scenario1,0,RE1,,PWRHYD003,,2043,,,,,,,,,,,1.7486928516048201,,,,,,
Scenario1,0,RE1,,PWRHYD003,,2044,,,,,,,,,,,1.7486928516048204,,,,,,
Scenario1,0,RE1,,PWRHYD003,,2045,,,,,,,,,,,1.7486928516048201,,,,,,
Scenario1,0,RE1,,PWRHYD003,,2046,,,,,,,,,,,1.7486928516048204,,,,,,
Scenario1,0,RE1,,PWRHYD003,,2047,,,,,,,,,,,1.74869285160482,,,,,,
Scenario1,0,RE1,,PWRHYD003,,2048,,,,,,,,,,,1.7486928516048201,,,,,,
Scenario1,0,RE1,,PWRHYD003,,2049,,,,,,,,,,,1.7486928516048204,,,,,,
Scenario1,0,RE1,,PWRHYD003,,2050,,,,,,,,,,,1.74869285160482,,,,,,
Scenario1,0,RE1,,PWRHYD004,,2019,,,,,,,,,,,0.0,,,,,,
Scenario1,0,RE1,,PWRHYD004,,2020,,,,,,,,,,,0.0,,,,,,
Scenario1,0,RE1,,PWRHYD004,,2021,,,,,,,,,,,0.0,,,,,,
Scenario1,0,RE1,,PWRHYD004,,2022,,,,,,,,,,,0.0,,,,,,
Scenario1,0,RE1,,PWRHYD004,,2023,,,,,,,,,,,0.0,,,,,,
Scenario1,0,RE1,,PWRHYD004,,2024,,,,,,,,,,,0.0,,,,,,
Scenario1,0,RE1,,PWRHYD004,,2025,,,,,,,,,,,0.0,,,,,,
Scenario1,0,RE1,,PWRHYD004,,2026,,,,,,,,,,,0.0,,,,,,
Scenario1,0,RE1,,PWRHYD004,,2027,,,,,,,,,,,0.0,,,,,,
Scenario1,0,RE1,,PWRHYD004,,2028,,,,,,,,,,,0.0,,,,,,
Scenario1,0,RE1,,PWRHYD004,,2029,,,,,,,,,,,0.0,,,,,,
Scenario1,0,RE1,,PWRHYD004,,2030,,,,,,,,,,,0.0,,,,,,
Scenario1,0,RE1,,PWRHYD004,,2031,,,,,,,,,,,0.0,,,,,,
Scenario1,0,RE1,,PWRHYD004,,2032,,,,,,,,,,,0.0,,,,,,
Scenario1,0,RE1,,PWRHYD004,,2033,,,,,,,,,,,0.0,,,,,,
Scenario1,0,RE1,,PWRHYD004,,2034,,,,,,,,,,,0.0,,,,,,
Scenario1,0,RE1,,PWRHYD004,,2035,,,,,,,,,,,0.0,,,,,,
Scenario1,0,RE1,,PWRHYD004,,2036,,,,,,,,,,,0.0,,,,,,
Scenario1,0,RE1,,PWRHYD004,,2037,,,,,,,,,,,0.0,,,,,,
Scenario1,0,RE1,,PWRHYD004,,2038,,,,,,,,,,,0.0,,,,,,
Scenario1,0,RE1,,PWRHYD004,,2039,,,,,,,,,,,0.0,,,,,,
Scenario1,0,RE1,,PWRHYD004,,2040,,,,,,,,,,,0.0,,,,,,
Scenario1,0,RE1,,PWRHYD004,,2041,,,,,,,,,,,0.0,,,,,,
Scenario1,0,RE1,,PWRHYD004,,2042,,,,,,,,,,,0.0,,,,,,
Scenario1,0,RE1,,PWRHYD004,,2043,,,,,,,,,,,0.0,,,,,,
Scenario1,0,RE1,,PWRHYD004,,2044,,,,,,,,,,,0.0,,,,,,
Scenario1,0,RE1,,PWRHYD004,,2045,,,,,,,,,,,0.0,,,,,,
Scenario1,0,RE1,,PWRHYD004,,2046,,,,,,,,,,,0.0,,,,,,
Scenario1,0,RE1,,PWRHYD004,,2047,,,,,,,,,,,0.0,,,,,,
Scenario1,0,RE1,,PWRHYD004,,2048,,,,,,,,,,,0.0,,,,,,
Scenario1,0,RE1,,PWRHYD004,,2049,,,,,,,,,,,0.0,,,,,,
Scenario1,0,RE1,,PWRHYD004,,2050,,,,,,,,,,,0.0,,,,,,
Scenario1,0,RE1,,PWRHYD005,,2019,,,,,,,,,,,0.25922689465128507,,,,,,
Scenario1,0,RE1,,PWRHYD005,,2020,,,,,,,,,,,0.25922689465128507,,,,,,
Scenario1,0,RE1,,PWRHYD005,,2021,,,,,,,,,,,0.25922689465128507,,,,,,
Scenario1,0,RE1,,PWRHYD005,,2022,,,,,,,,,,,0.259226894651285,,,,,,
Scenario1,0,RE1,,PWRHYD005,,2023,,,,,,,,,,,0.3562708090592019,,,,,,
Scenario1,0,RE1,,PWRHYD005,,2024,,,,,,,,,,,0.38950502632218714,,,,,,
Scenario1,0,RE1,,PWRHYD005,,2025,,,,,,,,,,,0.39349313239374545,,,,,,
Scenario1,0,RE1,,PWRHYD005,,2026,,,,,,,,,,,2.0246285156610617,,,,,,
Scenario1,0,RE1,,PWRHYD005,,2027,,,,,,,,,,,2.2918316224554633,,,,,,
Scenario1,0,RE1,,PWRHYD005,,2028,,,,,,,,,,,2.465978920913506,,,,,,
Scenario1,0,RE1,,PWRHYD005,,2029,,,,,,,,,,,2.7092533912785584,,,,,,
Scenario1,0,RE1,,PWRHYD005,,2030,,,,,,,,,,,3.3553265748709915,,,,,,
Scenario1,0,RE1,,PWRHYD005,,2031,,,,,,,,,,,3.903026475364989,,,,,,
Scenario1,0,RE1,,PWRHYD005,,2032,,,,,,,,,,,4.333741931093277,,,,,,
Scenario1,0,RE1,,PWRHYD005,,2033,,,,,,,,,,,4.970509533852074,,,,,,
Scenario1,0,RE1,,PWRHYD005,,2034,,,,,,,,,,,4.970509533852074,,,,,,
Scenario1,0,RE1,,PWRHYD005,,2035,,,,,,,,,,,6.20017557258253,,,,,,
Scenario1,0,RE1,,PWRHYD005,,2036,,,,,,,,,,,6.8422606501034045,,,,,,
Scenario1,0,RE1,,PWRHYD005,,2037,,,,,,,,,,,7.187896509638452,,,,,,
Scenario1,0,RE1,,PWRHYD005,,2038,,,,,,,,,,,7.5641078490554445,,,,,,
Scenario1,0,RE1,,PWRHYD005,,2039,,,,,,,,,,,7.974882774425943,,,,,,
Scenario1,0,RE1,,PWRHYD005,,2040,,,,,,,,,,,7.974882774425943,,,,,,
Scenario1,0,RE1,,PWRHYD005,,2041,,,,,,,,,,,7.974882774425942,,,,,,
Scenario1,0,RE1,,PWRHYD005,,2042,,,,,,,,,,,8.057808591537011,,,,,,
Scenario1,0,RE1,,PWRHYD005,,2043,,,,,,,,,,,8.057808591537013,,,,,,
Scenario1,0,RE1,,PWRHYD005,,2044,,,,,,,,,,,8.057808591537011,,,,,,
Scenario1,0,RE1,,PWRHYD005,,2045,,,,,,,,,,,8.057808591537011,,,,,,
Scenario1,0,RE1,,PWRHYD005,,2046,,,,,,,,,,,8.057808591537011,,,,,,
Scenario1,0,RE1,,PWRHYD005,,2047,,,,,,,,,,,8.057808591537013,,,,,,
Scenario1,0,RE1,,PWRHYD005,,2048,,,,,,,,,,,8.057808591537011,,,,,,
Scenario1,0,RE1,,PWRHYD005,,2049,,,,,,,,,,,8.057808591537011,,,,,,
Scenario1,0,RE1,,PWRHYD005,,2050,,,,,,,,,,,8.057808591537015,,,,,,
Scenario1,0,RE1,,PWRLFO001,,2019,,,,,,,,,,,0.0,,,,,,
Scenario1,0,RE1,,PWRLFO001,,2020,,,,,,,,,,,0.0,,,,,,
Scenario1,0,RE1,,PWRLFO001,,2021,,,,,,,,,,,0.0,,,,,,
Scenario1,0,RE1,,PWRLFO001,,2022,,,,,,,,,,,0.0,,,,,,
Scenario1,0,RE1,,PWRLFO001,,2023,,,,,,,,,,,0.0,,,,,,
Scenario1,0,RE1,,PWRLFO001,,2024,,,,,,,,,,,0.0,,,,,,
Scenario1,0,RE1,,PWRLFO001,,2025,,,,,,,,,,,0.0,,,,,,
Scenario1,0,RE1,,PWRLFO001,,2026,,,,,,,,,,,0.0,,,,,,
Scenario1,0,RE1,,PWRLFO001,,2027,,,,,,,,,,,0.0,,,,,,
Scenario1,0,RE1,,PWRLFO001,,2028,,,,,,,,,,,0.0,,,,,,
Scenario1,0,RE1,,PWRLFO001,,2029,,,,,,,,,,,0.0,,,,,,
Scenario1,0,RE1,,PWRLFO001,,2030,,,,,,,,,,,0.0,,,,,,
Scenario1,0,RE1,,PWRLFO001,,2031,,,,,,,,,,,0.0,,,,,,
Scenario1,0,RE1,,PWRLFO001,,2032,,,,,,,,,,,0.0,,,,,,
Scenario1,0,RE1,,PWRLFO001,,2033,,,,,,,,,,,0.0,,,,,,
Scenario1,0,RE1,,PWRLFO001,,2034,,,,,,,,,,,0.0,,,,,,
Scenario1,0,RE1,,PWRLFO001,,2035,,,,,,,,,,,0.0,,,,,,
Scenario1,0,RE1,,PWRLFO001,,2036,,,,,,,,,,,0.0,,,,,,
Scenario1,0,RE1,,PWRLFO001,,2037,,,,,,,,,,,0.0,,,,,,
Scenario1,0,RE1,,PWRLFO001,,2038,,,,,,,,,,,0.0,,,,,,
Scenario1,0,RE1,,PWRLFO001,,2039,,,,,,,,,,,0.0,,,,,,
Scenario1,0,RE1,,PWRLFO001,,2040,,,,,,,,,,,0.0,,,,,,
Scenario1,0,RE1,,PWRLFO001,,2041,,,,,,,,,,,0.0,,,,,,
Scenario1,0,RE1,,PWRLFO001,,2042,,,,,,,,,,,0.0,,,,,,
Scenario1,0,RE1,,PWRLFO001,,2043,,,,,,,,,,,0.0,,,,,,
Scenario1,0,RE1,,PWRLFO001,,2044,,,,,,,,,,,0.0,,,,,,
Scenario1,0,RE1,,PWRLFO001,,2045,,,,,,,,,,,0.0,,,,,,
Scenario1,0,RE1,,PWRLFO001,,2046,,,,,,,,,,,0.0,,,,,,
Scenario1,0,RE1,,PWRLFO001,,2047,,,,,,,,,,,0.0,,,,,,
Scenario1,0,RE1,,PWRLFO001,,2048,,,,,,,,,,,0.0,,,,,,
Scenario1,0,RE1,,PWRLFO001,,2049,,,,,,,,,,,0.0,,,,,,
Scenario1,0,RE1,,PWRLFO001,,2050,,,,,,,,,,,0.0,,,,,,
Scenario1,0,RE1,,PWRNGS001,,2019,,,,,,,,,,,0.0,,,,,,
Scenario1,0,RE1,,PWRNGS001,,2020,,,,,,,,,,,0.0,,,,,,
Scenario1,0,RE1,,PWRNGS001,,2021,,,,,,,,,,,0.0,,,,,,
Scenario1,0,RE1,,PWRNGS001,,2022,,,,,,,,,,,0.0,,,,,,
Scenario1,0,RE1,,PWRNGS001,,2023,,,,,,,,,,,0.0,,,,,,
Scenario1,0,RE1,,PWRNGS001,,2024,,,,,,,,,,,0.0,,,,,,
Scenario1,0,RE1,,PWRNGS001,,2025,,,,,,,,,,,0.0,,,,,,
Scenario1,0,RE1,,PWRNGS001,,2026,,,,,,,,,,,0.0,,,,,,
Scenario1,0,RE1,,PWRNGS001,,2027,,,,,,,,,,,0.0,,,,,,
Scenario1,0,RE1,,PWRNGS001,,2028,,,,,,,,,,,0.0,,,,,,
Scenario1,0,RE1,,PWRNGS001,,2029,,,,,,,,,,,0.0,,,,,,
Scenario1,0,RE1,,PWRNGS001,,2030,,,,,,,,,,,0.0,,,,,,
Scenario1,0,RE1,,PWRNGS001,,2031,,,,,,,,,,,0.0,,,,,,
Scenario1,0,RE1,,PWRNGS001,,2032,,,,,,,,,,,0.0,,,,,,
Scenario1,0,RE1,,PWRNGS001,,2033,,,,,,,,,,,0.0,,,,,,
Scenario1,0,RE1,,PWRNGS001,,2034,,,,,,,,,,,0.0,,,,,,
Scenario1,0,RE1,,PWRNGS001,,2035,,,,,,,,,,,0.0,,,,,,
Scenario1,0,RE1,,PWRNGS001,,2036,,,,,,,,,,,0.0,,,,,,
Scenario1,0,RE1,,PWRNGS001,,2037,,,,,,,,,,,0.0,,,,,,
Scenario1,0,RE1,,PWRNGS001,,2038,,,,,,,,,,,0.0,,,,,,
Scenario1,0,RE1,,PWRNGS001,,2039,,,,,,,,,,,0.0,,,,,,
Scenario1,0,RE1,,PWRNGS001,,2040,,,,,,,,,,,0.0,,,,,,
Scenario1,0,RE1,,PWRNGS001,,2041,,,,,,,,,,,0.0,,,,,,
Scenario1,0,RE1,,PWRNGS001,,2042,,,,,,,,,,,0.0,,,,,,
Scenario1,0,RE1,,PWRNGS001,,2043,,,,,,,,,,,0.0,,,,,,
Scenario1,0,RE1,,PWRNGS001,,2044,,,,,,,,,,,0.0,,,,,,
Scenario1,0,RE1,,PWRNGS001,,2045,,,,,,,,,,,0.0,,,,,,
Scenario1,0,RE1,,PWRNGS001,,2046,,,,,,,,,,,0.0,,,,,,
Scenario1,0,RE1,,PWRNGS001,,2047,,,,,,,,,,,0.0,,,,,,
Scenario1,0,RE1,,PWRNGS001,,2048,,,,,,,,,,,0.0,,,,,,
Scenario1,0,RE1,,PWRNGS001,,2049,,,,,,,,,,,0.0,,,,,,
Scenario1,0,RE1,,PWRNGS001,,2050,,,,,,,,,,,0.0,,,,,,
Scenario1,0,RE1,,PWRPHS001,,2019,,,,,,,,,,,0.0,,,,,,
Scenario1,0,RE1,,PWRPHS001,,2020,,,,,,,,,,,0.0,,,,,,
Scenario1,0,RE1,,PWRPHS001,,2021,,,,,,,,,,,0.0,,,,,,
Scenario1,0,RE1,,PWRPHS001,,2022,,,,,,,,,,,0.0,,,,,,
Scenario1,0,RE1,,PWRPHS001,,2023,,,,,,,,,,,0.0,,,,,,
Scenario1,0,RE1,,PWRPHS001,,2024,,,,,,,,,,,0.0,,,,,,
Scenario1,0,RE1,,PWRPHS001,,2025,,,,,,,,,,,0.0,,,,,,
Scenario1,0,RE1,,PWRPHS001,,2026,,,,,,,,,,,0.0,,,,,,
Scenario1,0,RE1,,PWRPHS001,,2027,,,,,,,,,,,0.0,,,,,,
Scenario1,0,RE1,,PWRPHS001,,2028,,,,,,,,,,,0.0,,,,,,
Scenario1,0,RE1,,PWRPHS001,,2029,,,,,,,,,,,0.0,,,,,,
Scenario1,0,RE1,,PWRPHS001,,2030,,,,,,,,,,,0.0,,,,,,
Scenario1,0,RE1,,PWRPHS001,,2031,,,,,,,,,,,0.0,,,,,,
Scenario1,0,RE1,,PWRPHS001,,2032,,,,,,,,,,,0.0,,,,,,
Scenario1,0,RE1,,PWRPHS001,,2033,,,,,,,,,,,0.0,,,,,,
Scenario1,0,RE1,,PWRPHS001,,2034,,,,,,,,,,,0.0,,,,,,
Scenario1,0,RE1,,PWRPHS001,,2035,,,,,,,,,,,0.0,,,,,,
Scenario1,0,RE1,,PWRPHS001,,2036,,,,,,,,,,,0.0,,,,,,
Scenario1,0,RE1,,PWRPHS001,,2037,,,,,,,,,,,0.0,,,,,,
Scenario1,0,RE1,,PWRPHS001,,2038,,,,,,,,,,,0.0,,,,,,
Scenario1,0,RE1,,PWRPHS001,,2039,,,,,,,,,,,0.0,,,,,,
Scenario1,0,RE1,,PWRPHS001,,2040,,,,,,,,,,,0.0,,,,,,
Scenario1,0,RE1,,PWRPHS001,,2041,,,,,,,,,,,0.0,,,,,,
Scenario1,0,RE1,,PWRPHS001,,2042,,,,,,,,,,,0.0,,,,,,
Scenario1,0,RE1,,PWRPHS001,,2043,,,,,,,,,,,0.0,,,,,,
Scenario1,0,RE1,,PWRPHS001,,2044,,,,,,,,,,,0.0,,,,,,
Scenario1,0,RE1,,PWRPHS001,,2045,,,,,,,,,,,0.0,,,,,,
Scenario1,0,RE1,,PWRPHS001,,2046,,,,,,,,,,,0.0,,,,,,
Scenario1,0,RE1,,PWRPHS001,,2047,,,,,,,,,,,0.0,,,,,,
Scenario1,0,RE1,,PWRPHS001,,2048,,,,,,,,,,,0.0,,,,,,
Scenario1,0,RE1,,PWRPHS001,,2049,,,,,,,,,,,0.0,,,,,,
Scenario1,0,RE1,,PWRPHS001,,2050,,,,,,,,,,,0.0,,,,,,
Scenario1,0,RE1,,PWRPHS002,,2019,,,,,,,,,,,0.0,,,,,,
Scenario1,0,RE1,,PWRPHS002,,2020,,,,,,,,,,,0.0,,,,,,
Scenario1,0,RE1,,PWRPHS002,,2021,,,,,,,,,,,0.0,,,,,,
Scenario1,0,RE1,,PWRPHS002,,2022,,,,,,,,,,,0.0,,,,,,
Scenario1,0,RE1,,PWRPHS002,,2023,,,,,,,,,,,0.0,,,,,,
Scenario1,0,RE1,,PWRPHS002,,2024,,,,,,,,,,,0.0,,,,,,
Scenario1,0,RE1,,PWRPHS002,,2025,,,,,,,,,,,0.0,,,,,,
Scenario1,0,RE1,,PWRPHS002,,2026,,,,,,,,,,,0.0,,,,,,
Scenario1,0,RE1,,PWRPHS002,,2027,,,,,,,,,,,0.0,,,,,,
Scenario1,0,RE1,,PWRPHS002,,2028,,,,,,,,,,,0.0,,,,,,
Scenario1,0,RE1,,PWRPHS002,,2029,,,,,,,,,,,0.0,,,,,,
Scenario1,0,RE1,,PWRPHS002,,2030,,,,,,,,,,,0.0,,,,,,
Scenario1,0,RE1,,PWRPHS002,,2031,,,,,,,,,,,0.0,,,,,,
Scenario1,0,RE1,,PWRPHS002,,2032,,,,,,,,,,,0.0,,,,,,
Scenario1,0,RE1,,PWRPHS002,,2033,,,,,,,,,,,0.0,,,,,,
Scenario1,0,RE1,,PWRPHS002,,2034,,,,,,,,,,,0.0,,,,,,
Scenario1,0,RE1,,PWRPHS002,,2035,,,,,,,,,,,0.0,,,,,,
Scenario1,0,RE1,,PWRPHS002,,2036,,,,,,,,,,,0.0,,,,,,
Scenario1,0,RE1,,PWRPHS002,,2037,,,,,,,,,,,0.0,,,,,,
Scenario1,0,RE1,,PWRPHS002,,2038,,,,,,,,,,,0.0,,,,,,
Scenario1,0,RE1,,PWRPHS002,,2039,,,,,,,,,,,0.0,,,,,,
Scenario1,0,RE1,,PWRPHS002,,2040,,,,,,,,,,,0.0,,,,,,
Scenario1,0,RE1,,PWRPHS002,,2041,,,,,,,,,,,0.0,,,,,,
Scenario1,0,RE1,,PWRPHS002,,2042,,,,,,,,,,,0.0,,,,,,
Scenario1,0,RE1,,PWRPHS002,,2043,,,,,,,,,,,0.0,,,,,,
Scenario1,0,RE1,,PWRPHS002,,2044,,,,,,,,,,,0.0,,,,,,
Scenario1,0,RE1,,PWRPHS002,,2045,,,,,,,,,,,0.0,,,,,,
Scenario1,0,RE1,,PWRPHS002,,2046,,,,,,,,,,,0.0,,,,,,
Scenario1,0,RE1,,PWRPHS002,,2047,,,,,,,,,,,0.0,,,,,,
Scenario1,0,RE1,,PWRPHS002,,2048,,,,,,,,,,,0.0,,,,,,
Scenario1,0,RE1,,PWRPHS002,,2049,,,,,,,,,,,0.0,,,,,,
Scenario1,0,RE1,,PWRPHS002,,2050,,,,,,,,,,,0.0,,,,,,
Scenario1,0,RE1,,PWRSOL001,,2019,,,,,,,,,,,1.65459719183472,,,,,,
Scenario1,0,RE1,,PWRSOL001,,2020,,,,,,,,,,,1.65459719183472,,,,,,
Scenario1,0,RE1,,PWRSOL001,,2021,,,,,,,,,,,1.65459719183472,,,,,,
Scenario1,0,RE1,,PWRSOL001,,2022,,,,,,,,,,,1.65459719183472,,,,,,
Scenario1,0,RE1,,PWRSOL001,,2023,,,,,,,,,,,1.65459719183472,,,,,,
Scenario1,0,RE1,,PWRSOL001,,2024,,,,,,,,,,,1.65459719183472,,,,,,
Scenario1,0,RE1,,PWRSOL001,,2025,,,,,,,,,,,1.65459719183472,,,,,,
Scenario1,0,RE1,,PWRSOL001,,2026,,,,,,,,,,,1.65459719183472,,,,,,
Scenario1,0,RE1,,PWRSOL001,,2027,,,,,,,,,,,1.65459719183472,,,,,,
Scenario1,0,RE1,,PWRSOL001,,2028,,,,,,,,,,,1.65459719183472,,,,,,
Scenario1,0,RE1,,PWRSOL001,,2029,,,,,,,,,,,1.65459719183472,,,,,,
Scenario1,0,RE1,,PWRSOL001,,2030,,,,,,,,,,,1.65459719183472,,,,,,
Scenario1,0,RE1,,PWRSOL001,,2031,,,,,,,,,,,1.65459719183472,,,,,,
Scenario1,0,RE1,,PWRSOL001,,2032,,,,,,,,,,,1.65459719183472,,,,,,
Scenario1,0,RE1,,PWRSOL001,,2033,,,,,,,,,,,1.65459719183472,,,,,,
Scenario1,0,RE1,,PWRSOL001,,2034,,,,,,,,,,,1.65459719183472,,,,,,
Scenario1,0,RE1,,PWRSOL001,,2035,,,,,,,,,,,1.65459719183472,,,,,,
Scenario1,0,RE1,,PWRSOL001,,2036,,,,,,,,,,,1.65459719183472,,,,,,
Scenario1,0,RE1,,PWRSOL001,,2037,,,,,,,,,,,1.65459719183472,,,,,,
Scenario1,0,RE1,,PWRSOL001,,2038,,,,,,,,,,,1.6545971918347198,,,,,,
Scenario1,0,RE1,,PWRSOL001,,2039,,,,,,,,,,,1.6545971918347198,,,,,,
Scenario1,0,RE1,,PWRSOL001,,2040,,,,,,,,,,,1.6545971918347198,,,,,,
Scenario1,0,RE1,,PWRSOL001,,2041,,,,,,,,,,,1.6545971918347198,,,,,,
Scenario1,0,RE1,,PWRSOL001,,2042,,,,,,,,,,,1.6545971918347198,,,,,,
Scenario1,0,RE1,,PWRSOL001,,2043,,,,,,,,,,,1.65459719183472,,,,,,
Scenario1,0,RE1,,PWRSOL001,,2044,,,,,,,,,,,0.34427953991592,,,,,,
Scenario1,0,RE1,,PWRSOL001,,2045,,,,,,,,,,,0.3442795399159199,,,,,,
Scenario1,0,RE1,,PWRSOL001,,2046,,,,,,,,,,,0.34427953991592,,,,,,
Scenario1,0,RE1,,PWRSOL001,,2047,,,,,,,,,,,0.34427953991592,,,,,,
Scenario1,0,RE1,,PWRSOL001,,2048,,,,,,,,,,,0.3442795399159199,,,,,,
Scenario1,0,RE1,,PWRSOL001,,2049,,,,,,,,,,,0.34427953991592,,,,,,
Scenario1,0,RE1,,PWRSOL001,,2050,,,,,,,,,,,0.34427953991592,,,,,,
Scenario1,0,RE1,,PWRSOL002,,2019,,,,,,,,,,,0.0,,,,,,
Scenario1,0,RE1,,PWRSOL002,,2020,,,,,,,,,,,0.0,,,,,,
Scenario1,0,RE1,,PWRSOL002,,2021,,,,,,,,,,,0.0,,,,,,
Scenario1,0,RE1,,PWRSOL002,,2022,,,,,,,,,,,0.0,,,,,,
Scenario1,0,RE1,,PWRSOL002,,2023,,,,,,,,,,,0.0,,,,,,
Scenario1,0,RE1,,PWRSOL002,,2024,,,,,,,,,,,0.0,,,,,,
Scenario1,0,RE1,,PWRSOL002,,2025,,,,,,,,,,,0.0,,,,,,
Scenario1,0,RE1,,PWRSOL002,,2026,,,,,,,,,,,0.0,,,,,,
Scenario1,0,RE1,,PWRSOL002,,2027,,,,,,,,,,,0.0,,,,,,
Scenario1,0,RE1,,PWRSOL002,,2028,,,,,,,,,,,0.0,,,,,,
Scenario1,0,RE1,,PWRSOL002,,2029,,,,,,,,,,,0.0,,,,,,
Scenario1,0,RE1,,PWRSOL002,,2030,,,,,,,,,,,0.0,,,,,,
Scenario1,0,RE1,,PWRSOL002,,2031,,,,,,,,,,,0.0,,,,,,
Scenario1,0,RE1,,PWRSOL002,,2032,,,,,,,,,,,0.0,,,,,,
Scenario1,0,RE1,,PWRSOL002,,2033,,,,,,,,,,,0.0,,,,,,
Scenario1,0,RE1,,PWRSOL002,,2034,,,,,,,,,,,0.0,,,,,,
Scenario1,0,RE1,,PWRSOL002,,2035,,,,,,,,,,,0.0,,,,,,
Scenario1,0,RE1,,PWRSOL002,,2036,,,,,,,,,,,0.0,,,,,,
Scenario1,0,RE1,,PWRSOL002,,2037,,,,,,,,,,,0.0,,,,,,
Scenario1,0,RE1,,PWRSOL002,,2038,,,,,,,,,,,0.0,,,,,,
Scenario1,0,RE1,,PWRSOL002,,2039,,,,,,,,,,,0.0,,,,,,
Scenario1,0,RE1,,PWRSOL002,,2040,,,,,,,,,,,0.0,,,,,,
Scenario1,0,RE1,,PWRSOL002,,2041,,,,,,,,,,,0.0,,,,,,
Scenario1,0,RE1,,PWRSOL002,,2042,,,,,,,,,,,0.0,,,,,,
Scenario1,0,RE1,,PWRSOL002,,2043,,,,,,,,,,,0.0,,,,,,
Scenario1,0,RE1,,PWRSOL002,,2044,,,,,,,,,,,0.0,,,,,,
Scenario1,0,RE1,,PWRSOL002,,2045,,,,,,,,,,,0.0,,,,,,
Scenario1,0,RE1,,PWRSOL002,,2046,,,,,,,,,,,0.0,,,,,,
Scenario1,0,RE1,,PWRSOL002,,2047,,,,,,,,,,,0.0,,,,,,
Scenario1,0,RE1,,PWRSOL002,,2048,,,,,,,,,,,0.0,,,,,,
Scenario1,0,RE1,,PWRSOL002,,2049,,,,,,,,,,,0.0,,,,,,
Scenario1,0,RE1,,PWRSOL002,,2050,,,,,,,,,,,0.0,,,,,,
Scenario1,0,RE1,,PWRTRN,,2019,,,,,,,,,,,47.65126114055451,,,,,,
Scenario1,0,RE1,,PWRTRN,,2020,,,,,,,,,,,48.484441659236644,,,,,,
Scenario1,0,RE1,,PWRTRN,,2021,,,,,,,,,,,50.6306792825934,,,,,,
Scenario1,0,RE1,,PWRTRN,,2022,,,,,,,,,,,52.26502294910061,,,,,,
Scenario1,0,RE1,,PWRTRN,,2023,,,,,,,,,,,53.796561146783525,,,,,,
Scenario1,0,RE1,,PWRTRN,,2024,,,,,,,,,,,55.58022996294354,,,,,,
Scenario1,0,RE1,,PWRTRN,,2025,,,,,,,,,,,57.52444774225346,,,,,,
Scenario1,0,RE1,,PWRTRN,,2026,,,,,,,,,,,59.56135265177396,,,,,,
Scenario1,0,RE1,,PWRTRN,,2027,,,,,,,,,,,62.92926054565559,,,,,,
Scenario1,0,RE1,,PWRTRN,,2028,,,,,,,,,,,66.49418456178338,,,,,,
Scenario1,0,RE1,,PWRTRN,,2029,,,,,,,,,,,70.57147701006598,,,,,,
Scenario1,0,RE1,,PWRTRN,,2030,,,,,,,,,,,74.9470249739926,,,,,,
Scenario1,0,RE1,,PWRTRN,,2031,,,,,,,,,,,79.03365242252706,,,,,,
Scenario1,0,RE1,,PWRTRN,,2032,,,,,,,,,,,83.56975679766089,,,,,,
Scenario1,0,RE1,,PWRTRN,,2033,,,,,,,,,,,88.16840672512983,,,,,,
Scenario1,0,RE1,,PWRTRN,,2034,,,,,,,,,,,93.06173908373914,,,,,,
Scenario1,0,RE1,,PWRTRN,,2035,,,,,,,,,,,98.21075251886191,,,,,,
Scenario1,0,RE1,,PWRTRN,,2036,,,,,,,,,,,103.4323755338889,,,,,,
Scenario1,0,RE1,,PWRTRN,,2037,,,,,,,,,,,109.30964863804873,,,,,,
Scenario1,0,RE1,,PWRTRN,,2038,,,,,,,,,,,115.43387752000987,,,,,,
Scenario1,0,RE1,,PWRTRN,,2039,,,,,,,,,,,121.9099122818148,,,,,,
Scenario1,0,RE1,,PWRTRN,,2040,,,,,,,,,,,128.77981070848432,,,,,,
Scenario1,0,RE1,,PWRTRN,,2041,,,,,,,,,,,136.0201143941967,,,,,,
Scenario1,0,RE1,,PWRTRN,,2042,,,,,,,,,,,143.51753568817423,,,,,,
Scenario1,0,RE1,,PWRTRN,,2043,,,,,,,,,,,151.51578730415565,,,,,,
Scenario1,0,RE1,,PWRTRN,,2044,,,,,,,,,,,159.94268550908083,,,,,,
Scenario1,0,RE1,,PWRTRN,,2045,,,,,,,,,,,168.85660414436478,,,,,,
Scenario1,0,RE1,,PWRTRN,,2046,,,,,,,,,,,178.26745224550115,,,,,,
Scenario1,0,RE1,,PWRTRN,,2047,,,,,,,,,,,188.18308821139064,,,,,,
Scenario1,0,RE1,,PWRTRN,,2048,,,,,,,,,,,198.67161000390743,,,,,,
Scenario1,0,RE1,,PWRTRN,,2049,,,,,,,,,,,209.74499448512137,,,,,,
Scenario1,0,RE1,,PWRTRN,,2050,,,,,,,,,,,221.41225810338173,,,,,,
Scenario1,0,RE1,,PWRURN001,,2019,,,,,,,,,,,0.0,,,,,,
Scenario1,0,RE1,,PWRURN001,,2020,,,,,,,,,,,0.0,,,,,,
Scenario1,0,RE1,,PWRURN001,,2021,,,,,,,,,,,0.0,,,,,,
Scenario1,0,RE1,,PWRURN001,,2022,,,,,,,,,,,0.0,,,,,,
Scenario1,0,RE1,,PWRURN001,,2023,,,,,,,,,,,0.0,,,,,,
Scenario1,0,RE1,,PWRURN001,,2024,,,,,,,,,,,0.0,,,,,,
Scenario1,0,RE1,,PWRURN001,,2025,,,,,,,,,,,0.0,,,,,,
Scenario1,0,RE1,,PWRURN001,,2026,,,,,,,,,,,0.0,,,,,,
Scenario1,0,RE1,,PWRURN001,,2027,,,,,,,,,,,0.0,,,,,,
Scenario1,0,RE1,,PWRURN001,,2028,,,,,,,,,,,0.0,,,,,,
Scenario1,0,RE1,,PWRURN001,,2029,,,,,,,,,,,0.0,,,,,,
Scenario1,0,RE1,,PWRURN001,,2030,,,,,,,,,,,0.0,,,,,,
Scenario1,0,RE1,,PWRURN001,,2031,,,,,,,,,,,0.0,,,,,,
Scenario1,0,RE1,,PWRURN001,,2032,,,,,,,,,,,0.0,,,,,,
Scenario1,0,RE1,,PWRURN001,,2033,,,,,,,,,,,0.0,,,,,,
Scenario1,0,RE1,,PWRURN001,,2034,,,,,,,,,,,0.0,,,,,,
Scenario1,0,RE1,,PWRURN001,,2035,,,,,,,,,,,0.0,,,,,,
Scenario1,0,RE1,,PWRURN001,,2036,,,,,,,,,,,0.0,,,,,,
Scenario1,0,RE1,,PWRURN001,,2037,,,,,,,,,,,0.0,,,,,,
Scenario1,0,RE1,,PWRURN001,,2038,,,,,,,,,,,0.0,,,,,,
Scenario1,0,RE1,,PWRURN001,,2039,,,,,,,,,,,0.0,,,,,,
Scenario1,0,RE1,,PWRURN001,,2040,,,,,,,,,,,0.0,,,,,,
Scenario1,0,RE1,,PWRURN001,,2041,,,,,,,,,,,5.715427931751926,,,,,,
Scenario1,0,RE1,,PWRURN001,,2042,,,,,,,,,,,8.828237051549568,,,,,,
Scenario1,0,RE1,,PWRURN001,,2043,,,,,,,,,,,8.828237051549568,,,,,,
Scenario1,0,RE1,,PWRURN001,,2044,,,,,,,,,,,8.828237051549412,,,,,,
Scenario1,0,RE1,,PWRURN001,,2045,,,,,,,,,,,17.656474103099136,,,,,,
Scenario1,0,RE1,,PWRURN001,,2046,,,,,,,,,,,17.656474103099136,,,,,,
Scenario1,0,RE1,,PWRURN001,,2047,,,,,,,,,,,17.656474103099136,,,,,,
Scenario1,0,RE1,,PWRURN001,,2048,,,,,,,,,,,17.656474103099136,,,,,,
Scenario1,0,RE1,,PWRURN001,,2049,,,,,,,,,,,26.484711154648704,,,,,,
Scenario1,0,RE1,,PWRURN001,,2050,,,,,,,,,,,26.48471115464871,,,,,,
Scenario1,0,RE1,,PWRWND001,,2019,,,,,,,,,,,0.0,,,,,,
Scenario1,0,RE1,,PWRWND001,,2020,,,,,,,,,,,0.0,,,,,,
Scenario1,0,RE1,,PWRWND001,,2021,,,,,,,,,,,0.0,,,,,,
Scenario1,0,RE1,,PWRWND001,,2022,,,,,,,,,,,0.0,,,,,,
Scenario1,0,RE1,,PWRWND001,,2023,,,,,,,,,,,0.0,,,,,,
Scenario1,0,RE1,,PWRWND001,,2024,,,,,,,,,,,0.0,,,,,,
Scenario1,0,RE1,,PWRWND001,,2025,,,,,,,,,,,0.0,,,,,,
Scenario1,0,RE1,,PWRWND001,,2026,,,,,,,,,,,0.0,,,,,,
Scenario1,0,RE1,,PWRWND001,,2027,,,,,,,,,,,0.0,,,,,,
Scenario1,0,RE1,,PWRWND001,,2028,,,,,,,,,,,0.0,,,,,,
Scenario1,0,RE1,,PWRWND001,,2029,,,,,,,,,,,0.0,,,,,,
Scenario1,0,RE1,,PWRWND001,,2030,,,,,,,,,,,0.0,,,,,,
Scenario1,0,RE1,,PWRWND001,,2031,,,,,,,,,,,0.0,,,,,,
Scenario1,0,RE1,,PWRWND001,,2032,,,,,,,,,,,0.0,,,,,,
Scenario1,0,RE1,,PWRWND001,,2033,,,,,,,,,,,0.0,,,,,,
Scenario1,0,RE1,,PWRWND001,,2034,,,,,,,,,,,0.0,,,,,,
Scenario1,0,RE1,,PWRWND001,,2035,,,,,,,,,,,0.0,,,,,,
Scenario1,0,RE1,,PWRWND001,,2036,,,,,,,,,,,0.0,,,,,,
Scenario1,0,RE1,,PWRWND001,,2037,,,,,,,,,,,0.0,,,,,,
Scenario1,0,RE1,,PWRWND001,,2038,,,,,,,,,,,0.0,,,,,,
Scenario1,0,RE1,,PWRWND001,,2039,,,,,,,,,,,0.0,,,,,,
Scenario1,0,RE1,,PWRWND001,,2040,,,,,,,,,,,0.0,,,,,,
Scenario1,0,RE1,,PWRWND001,,2041,,,,,,,,,,,0.0,,,,,,
Scenario1,0,RE1,,PWRWND001,,2042,,,,,,,,,,,0.0,,,,,,
Scenario1,0,RE1,,PWRWND001,,2043,,,,,,,,,,,0.0,,,,,,
Scenario1,0,RE1,,PWRWND001,,2044,,,,,,,,,,,0.0,,,,,,
Scenario1,0,RE1,,PWRWND001,,2045,,,,,,,,,,,0.0,,,,,,
Scenario1,0,RE1,,PWRWND001,,2046,,,,,,,,,,,0.0,,,,,,
Scenario1,0,RE1,,PWRWND001,,2047,,,,,,,,,,,0.0,,,,,,
Scenario1,0,RE1,,PWRWND001,,2048,,,,,,,,,,,0.0,,,,,,
Scenario1,0,RE1,,PWRWND001,,2049,,,,,,,,,,,0.0,,,,,,
Scenario1,0,RE1,,PWRWND001,,2050,,,,,,,,,,,0.0,,,,,,
Scenario1,0,RE1,,PWRWND002,,2019,,,,,,,,,,,0.0,,,,,,
Scenario1,0,RE1,,PWRWND002,,2020,,,,,,,,,,,0.0,,,,,,
Scenario1,0,RE1,,PWRWND002,,2021,,,,,,,,,,,0.0,,,,,,
Scenario1,0,RE1,,PWRWND002,,2022,,,,,,,,,,,0.0,,,,,,
Scenario1,0,RE1,,PWRWND002,,2023,,,,,,,,,,,0.0,,,,,,
Scenario1,0,RE1,,PWRWND002,,2024,,,,,,,,,,,0.0,,,,,,
Scenario1,0,RE1,,PWRWND002,,2025,,,,,,,,,,,0.0,,,,,,
Scenario1,0,RE1,,PWRWND002,,2026,,,,,,,,,,,0.0,,,,,,
Scenario1,0,RE1,,PWRWND002,,2027,,,,,,,,,,,0.0,,,,,,
Scenario1,0,RE1,,PWRWND002,,2028,,,,,,,,,,,0.0,,,,,,
Scenario1,0,RE1,,PWRWND002,,2029,,,,,,,,,,,0.0,,,,,,
Scenario1,0,RE1,,PWRWND002,,2030,,,,,,,,,,,0.0,,,,,,
Scenario1,0,RE1,,PWRWND002,,2031,,,,,,,,,,,0.0,,,,,,
Scenario1,0,RE1,,PWRWND002,,2032,,,,,,,,,,,0.0,,,,,,
Scenario1,0,RE1,,PWRWND002,,2033,,,,,,,,,,,0.0,,,,,,
Scenario1,0,RE1,,PWRWND002,,2034,,,,,,,,,,,0.0,,,,,,
Scenario1,0,RE1,,PWRWND002,,2035,,,,,,,,,,,0.0,,,,,,
Scenario1,0,RE1,,PWRWND002,,2036,,,,,,,,,,,0.0,,,,,,
Scenario1,0,RE1,,PWRWND002,,2037,,,,,,,,,,,0.0,,,,,,
Scenario1,0,RE1,,PWRWND002,,2038,,,,,,,,,,,0.0,,,,,,
Scenario1,0,RE1,,PWRWND002,,2039,,,,,,,,,,,0.0,,,,,,
Scenario1,0,RE1,,PWRWND002,,2040,,,,,,,,,,,0.0,,,,,,
Scenario1,0,RE1,,PWRWND002,,2041,,,,,,,,,,,0.0,,,,,,
Scenario1,0,RE1,,PWRWND002,,2042,,,,,,,,,,,0.0,,,,,,
Scenario1,0,RE1,,PWRWND002,,2043,,,,,,,,,,,0.0,,,,,,
Scenario1,0,RE1,,PWRWND002,,2044,,,,,,,,,,,0.0,,,,,,
Scenario1,0,RE1,,PWRWND002,,2045,,,,,,,,,,,0.0,,,,,,
Scenario1,0,RE1,,PWRWND002,,2046,,,,,,,,,,,0.0,,,,,,
Scenario1,0,RE1,,PWRWND002,,2047,,,,,,,,,,,0.0,,,,,,
Scenario1,0,RE1,,PWRWND002,,2048,,,,,,,,,,,0.0,,,,,,
Scenario1,0,RE1,,PWRWND002,,2049,,,,,,,,,,,0.0,,,,,,
Scenario1,0,RE1,,PWRWND002,,2050,,,,,,,,,,,0.0,,,,,,
Scenario1,0,RE1,,PWRWND003,,2019,,,,,,,,,,,0.0,,,,,,
Scenario1,0,RE1,,PWRWND003,,2020,,,,,,,,,,,0.0,,,,,,
Scenario1,0,RE1,,PWRWND003,,2021,,,,,,,,,,,0.0,,,,,,
Scenario1,0,RE1,,PWRWND003,,2022,,,,,,,,,,,0.0,,,,,,
Scenario1,0,RE1,,PWRWND003,,2023,,,,,,,,,,,0.0,,,,,,
Scenario1,0,RE1,,PWRWND003,,2024,,,,,,,,,,,0.0,,,,,,
Scenario1,0,RE1,,PWRWND003,,2025,,,,,,,,,,,0.0,,,,,,
Scenario1,0,RE1,,PWRWND003,,2026,,,,,,,,,,,0.0,,,,,,
Scenario1,0,RE1,,PWRWND003,,2027,,,,,,,,,,,0.0,,,,,,
Scenario1,0,RE1,,PWRWND003,,2028,,,,,,,,,,,0.0,,,,,,
Scenario1,0,RE1,,PWRWND003,,2029,,,,,,,,,,,0.0,,,,,,
Scenario1,0,RE1,,PWRWND003,,2030,,,,,,,,,,,0.0,,,,,,
Scenario1,0,RE1,,PWRWND003,,2031,,,,,,,,,,,0.0,,,,,,
Scenario1,0,RE1,,PWRWND003,,2032,,,,,,,,,,,0.0,,,,,,
Scenario1,0,RE1,,PWRWND003,,2033,,,,,,,,,,,0.0,,,,,,
Scenario1,0,RE1,,PWRWND003,,2034,,,,,,,,,,,0.0,,,,,,
Scenario1,0,RE1,,PWRWND003,,2035,,,,,,,,,,,0.0,,,,,,
Scenario1,0,RE1,,PWRWND003,,2036,,,,,,,,,,,0.0,,,,,,
Scenario1,0,RE1,,PWRWND003,,2037,,,,,,,,,,,0.0,,,,,,
Scenario1,0,RE1,,PWRWND003,,2038,,,,,,,,,,,0.0,,,,,,
Scenario1,0,RE1,,PWRWND003,,2039,,,,,,,,,,,0.0,,,,,,
Scenario1,0,RE1,,PWRWND003,,2040,,,,,,,,,,,0.0,,,,,,
Scenario1,0,RE1,,PWRWND003,,2041,,,,,,,,,,,0.0,,,,,,
Scenario1,0,RE1,,PWRWND003,,2042,,,,,,,,,,,0.0,,,,,,
Scenario1,0,RE1,,PWRWND003,,2043,,,,,,,,,,,0.0,,,,,,
Scenario1,0,RE1,,PWRWND003,,2044,,,,,,,,,,,0.0,,,,,,
Scenario1,0,RE1,,PWRWND003,,2045,,,,,,,,,,,0.0,,,,,,
Scenario1,0,RE1,,PWRWND003,,2046,,,,,,,,,,,0.5467777469469502,,,,,,
Scenario1,0,RE1,,PWRWND003,,2047,,,,,,,,,,,4.937461677673515,,,,,,
Scenario1,0,RE1,,PWRWND003,,2048,,,,,,,,,,,7.78184223442022,,,,,,
Scenario1,0,RE1,,PWRWND003,,2049,,,,,,,,,,,7.781842234420222,,,,,,
Scenario1,0,RE1,,PWRWND003,,2050,,,,,,,,,,,7.781842234420219,,,,,,
Scenario1,0,RE1,,PWRWND004,,2019,,,,,,,,,,,0.0,,,,,,
Scenario1,0,RE1,,PWRWND004,,2020,,,,,,,,,,,0.0,,,,,,
Scenario1,0,RE1,,PWRWND004,,2021,,,,,,,,,,,0.0,,,,,,
Scenario1,0,RE1,,PWRWND004,,2022,,,,,,,,,,,0.0,,,,,,
Scenario1,0,RE1,,PWRWND004,,2023,,,,,,,,,,,0.0,,,,,,
Scenario1,0,RE1,,PWRWND004,,2024,,,,,,,,,,,0.0,,,,,,
Scenario1,0,RE1,,PWRWND004,,2025,,,,,,,,,,,0.0,,,,,,
Scenario1,0,RE1,,PWRWND004,,2026,,,,,,,,,,,0.0,,,,,,
Scenario1,0,RE1,,PWRWND004,,2027,,,,,,,,,,,0.0,,,,,,
Scenario1,0,RE1,,PWRWND004,,2028,,,,,,,,,,,0.0,,,,,,
Scenario1,0,RE1,,PWRWND004,,2029,,,,,,,,,,,0.0,,,,,,
Scenario1,0,RE1,,PWRWND004,,2030,,,,,,,,,,,0.0,,,,,,
Scenario1,0,RE1,,PWRWND004,,2031,,,,,,,,,,,0.0,,,,,,
Scenario1,0,RE1,,PWRWND004,,2032,,,,,,,,,,,0.0,,,,,,
Scenario1,0,RE1,,PWRWND004,,2033,,,,,,,,,,,0.0,,,,,,
Scenario1,0,RE1,,PWRWND004,,2034,,,,,,,,,,,0.5002298572876037,,,,,,
Scenario1,0,RE1,,PWRWND004,,2035,,,,,,,,,,,0.5002298572875716,,,,,,
Scenario1,0,RE1,,PWRWND004,,2036,,,,,,,,,,,0.5002298572876543,,,,,,
Scenario1,0,RE1,,PWRWND004,,2037,,,,,,,,,,,0.5002298572875957,,,,,,
Scenario1,0,RE1,,PWRWND004,,2038,,,,,,,,,,,4.582423614902539,,,,,,
Scenario1,0,RE1,,PWRWND004,,2039,,,,,,,,,,,4.582423614902555,,,,,,
Scenario1,0,RE1,,PWRWND004,,2040,,,,,,,,,,,4.58242361490251,,,,,,
Scenario1,0,RE1,,PWRWND004,,2041,,,,,,,,,,,11.957299269706557,,,,,,
Scenario1,0,RE1,,PWRWND004,,2042,,,,,,,,,,,12.571370443556951,,,,,,
Scenario1,0,RE1,,PWRWND004,,2043,,,,,,,,,,,13.2861586197283,,,,,,
Scenario1,0,RE1,,PWRWND004,,2044,,,,,,,,,,,14.04156899054774,,,,,,
Scenario1,0,RE1,,PWRWND004,,2045,,,,,,,,,,,14.839940439301348,,,,,,
Scenario1,0,RE1,,PWRWND004,,2046,,,,,,,,,,,15.683699924378088,,,,,,
Scenario1,0,RE1,,PWRWND004,,2047,,,,,,,,,,,16.57544076825025,,,,,,
Scenario1,0,RE1,,PWRWND004,,2048,,,,,,,,,,,17.517883512982532,,,,,,
Scenario1,0,RE1,,PWRWND004,,2049,,,,,,,,,,,18.513915064723694,,,,,,
Scenario1,0,RE1,,PWRWND004,,2050,,,,,,,,,,,19.566569121459892,,,,,,
Scenario1,0,RE1,,PWRWND005,,2019,,,,,,,,,,,0.0,,,,,,
Scenario1,0,RE1,,PWRWND005,,2020,,,,,,,,,,,0.0,,,,,,
Scenario1,0,RE1,,PWRWND005,,2021,,,,,,,,,,,0.0,,,,,,
Scenario1,0,RE1,,PWRWND005,,2022,,,,,,,,,,,0.0,,,,,,
Scenario1,0,RE1,,PWRWND005,,2023,,,,,,,,,,,0.0,,,,,,
Scenario1,0,RE1,,PWRWND005,,2024,,,,,,,,,,,0.0,,,,,,
Scenario1,0,RE1,,PWRWND005,,2025,,,,,,,,,,,0.0,,,,,,
Scenario1,0,RE1,,PWRWND005,,2026,,,,,,,,,,,0.0,,,,,,
Scenario1,0,RE1,,PWRWND005,,2027,,,,,,,,,,,0.0,,,,,,
Scenario1,0,RE1,,PWRWND005,,2028,,,,,,,,,,,0.0,,,,,,
Scenario1,0,RE1,,PWRWND005,,2029,,,,,,,,,,,0.0,,,,,,
Scenario1,0,RE1,,PWRWND005,,2030,,,,,,,,,,,0.0,,,,,,
Scenario1,0,RE1,,PWRWND005,,2031,,,,,,,,,,,0.0,,,,,,
Scenario1,0,RE1,,PWRWND005,,2032,,,,,,,,,,,0.0,,,,,,
Scenario1,0,RE1,,PWRWND005,,2033,,,,,,,,,,,0.0,,,,,,
Scenario1,0,RE1,,PWRWND005,,2034,,,,,,,,,,,0.0,,,,,,
Scenario1,0,RE1,,PWRWND005,,2035,,,,,,,,,,,0.0,,,,,,
Scenario1,0,RE1,,PWRWND005,,2036,,,,,,,,,,,0.0,,,,,,
Scenario1,0,RE1,,PWRWND005,,2037,,,,,,,,,,,0.0,,,,,,
Scenario1,0,RE1,,PWRWND005,,2038,,,,,,,,,,,0.0,,,,,,
Scenario1,0,RE1,,PWRWND005,,2039,,,,,,,,,,,0.0,,,,,,
Scenario1,0,RE1,,PWRWND005,,2040,,,,,,,,,,,0.0,,,,,,
Scenario1,0,RE1,,PWRWND005,,2041,,,,,,,,,,,0.0,,,,,,
Scenario1,0,RE1,,PWRWND005,,2042,,,,,,,,,,,0.0,,,,,,
Scenario1,0,RE1,,PWRWND005,,2043,,,,,,,,,,,0.0,,,,,,
Scenario1,0,RE1,,PWRWND005,,2044,,,,,,,,,,,0.0,,,,,,
Scenario1,0,RE1,,PWRWND005,,2045,,,,,,,,,,,0.0,,,,,,
Scenario1,0,RE1,,PWRWND005,,2046,,,,,,,,,,,0.0,,,,,,
Scenario1,0,RE1,,PWRWND005,,2047,,,,,,,,,,,0.0,,,,,,
Scenario1,0,RE1,,PWRWND005,,2048,,,,,,,,,,,0.0,,,,,,
Scenario1,0,RE1,,PWRWND005,,2049,,,,,,,,,,,0.0,,,,,,
Scenario1,0,RE1,,PWRWND005,,2050,,,,,,,,,,,0.0,,,,,,
Scenario1,0,RE1,,PWRWND006,,2019,,,,,,,,,,,0.0,,,,,,
Scenario1,0,RE1,,PWRWND006,,2020,,,,,,,,,,,0.0,,,,,,
Scenario1,0,RE1,,PWRWND006,,2021,,,,,,,,,,,0.0,,,,,,
Scenario1,0,RE1,,PWRWND006,,2022,,,,,,,,,,,0.0,,,,,,
Scenario1,0,RE1,,PWRWND006,,2023,,,,,,,,,,,0.0,,,,,,
Scenario1,0,RE1,,PWRWND006,,2024,,,,,,,,,,,0.0,,,,,,
Scenario1,0,RE1,,PWRWND006,,2025,,,,,,,,,,,0.0,,,,,,
Scenario1,0,RE1,,PWRWND006,,2026,,,,,,,,,,,0.0,,,,,,
Scenario1,0,RE1,,PWRWND006,,2027,,,,,,,,,,,0.0,,,,,,
Scenario1,0,RE1,,PWRWND006,,2028,,,,,,,,,,,0.0,,,,,,
Scenario1,0,RE1,,PWRWND006,,2029,,,,,,,,,,,0.0,,,,,,
Scenario1,0,RE1,,PWRWND006,,2030,,,,,,,,,,,0.0,,,,,,
Scenario1,0,RE1,,PWRWND006,,2031,,,,,,,,,,,0.0,,,,,,
Scenario1,0,RE1,,PWRWND006,,2032,,,,,,,,,,,0.0,,,,,,
Scenario1,0,RE1,,PWRWND006,,2033,,,,,,,,,,,0.0,,,,,,
Scenario1,0,RE1,,PWRWND006,,2034,,,,,,,,,,,0.0,,,,,,
Scenario1,0,RE1,,PWRWND006,,2035,,,,,,,,,,,0.0,,,,,,
Scenario1,0,RE1,,PWRWND006,,2036,,,,,,,,,,,0.0,,,,,,
Scenario1,0,RE1,,PWRWND006,,2037,,,,,,,,,,,0.0,,,,,,
Scenario1,0,RE1,,PWRWND006,,2038,,,,,,,,,,,0.0,,,,,,
Scenario1,0,RE1,,PWRWND006,,2039,,,,,,,,,,,0.0,,,,,,
Scenario1,0,RE1,,PWRWND006,,2040,,,,,,,,,,,0.0,,,,,,
Scenario1,0,RE1,,PWRWND006,,2041,,,,,,,,,,,0.0,,,,,,
Scenario1,0,RE1,,PWRWND006,,2042,,,,,,,,,,,0.0,,,,,,
Scenario1,0,RE1,,PWRWND006,,2043,,,,,,,,,,,0.0,,,,,,
Scenario1,0,RE1,,PWRWND006,,2044,,,,,,,,,,,0.0,,,,,,
Scenario1,0,RE1,,PWRWND006,,2045,,,,,,,,,,,0.0,,,,,,
Scenario1,0,RE1,,PWRWND006,,2046,,,,,,,,,,,0.0,,,,,,
Scenario1,0,RE1,,PWRWND006,,2047,,,,,,,,,,,0.0,,,,,,
Scenario1,0,RE1,,PWRWND006,,2048,,,,,,,,,,,0.0,,,,,,
Scenario1,0,RE1,,PWRWND006,,2049,,,,,,,,,,,0.0,,,,,,
Scenario1,0,RE1,,PWRWND006,,2050,,,,,,,,,,,0.0,,,,,,
Scenario1,0,RE1,,PWRWND007,,2019,,,,,,,,,,,0.0,,,,,,
Scenario1,0,RE1,,PWRWND007,,2020,,,,,,,,,,,0.0,,,,,,
Scenario1,0,RE1,,PWRWND007,,2021,,,,,,,,,,,0.0,,,,,,
Scenario1,0,RE1,,PWRWND007,,2022,,,,,,,,,,,0.0,,,,,,
Scenario1,0,RE1,,PWRWND007,,2023,,,,,,,,,,,0.0,,,,,,
Scenario1,0,RE1,,PWRWND007,,2024,,,,,,,,,,,0.0,,,,,,
Scenario1,0,RE1,,PWRWND007,,2025,,,,,,,,,,,0.0,,,,,,
Scenario1,0,RE1,,PWRWND007,,2026,,,,,,,,,,,0.0,,,,,,
Scenario1,0,RE1,,PWRWND007,,2027,,,,,,,,,,,0.0,,,,,,
Scenario1,0,RE1,,PWRWND007,,2028,,,,,,,,,,,0.0,,,,,,
Scenario1,0,RE1,,PWRWND007,,2029,,,,,,,,,,,0.0,,,,,,
Scenario1,0,RE1,,PWRWND007,,2030,,,,,,,,,,,0.0,,,,,,
Scenario1,0,RE1,,PWRWND007,,2031,,,,,,,,,,,0.0,,,,,,
Scenario1,0,RE1,,PWRWND007,,2032,,,,,,,,,,,0.0,,,,,,
Scenario1,0,RE1,,PWRWND007,,2033,,,,,,,,,,,0.0,,,,,,
Scenario1,0,RE1,,PWRWND007,,2034,,,,,,,,,,,0.0,,,,,,
Scenario1,0,RE1,,PWRWND007,,2035,,,,,,,,,,,0.0,,,,,,
Scenario1,0,RE1,,PWRWND007,,2036,,,,,,,,,,,0.0,,,,,,
Scenario1,0,RE1,,PWRWND007,,2037,,,,,,,,,,,0.0,,,,,,
Scenario1,0,RE1,,PWRWND007,,2038,,,,,,,,,,,0.0,,,,,,
Scenario1,0,RE1,,PWRWND007,,2039,,,,,,,,,,,0.0,,,,,,
Scenario1,0,RE1,,PWRWND007,,2040,,,,,,,,,,,0.0,,,,,,
Scenario1,0,RE1,,PWRWND007,,2041,,,,,,,,,,,0.0,,,,,,
Scenario1,0,RE1,,PWRWND007,,2042,,,,,,,,,,,0.0,,,,,,
Scenario1,0,RE1,,PWRWND007,,2043,,,,,,,,,,,0.0,,,,,,
Scenario1,0,RE1,,PWRWND007,,2044,,,,,,,,,,,0.0,,,,,,
Scenario1,0,RE1,,PWRWND007,,2045,,,,,,,,,,,0.0,,,,,,
Scenario1,0,RE1,,PWRWND007,,2046,,,,,,,,,,,0.0,,,,,,
Scenario1,0,RE1,,PWRWND007,,2047,,,,,,,,,,,0.0,,,,,,
Scenario1,0,RE1,,PWRWND007,,2048,,,,,,,,,,,0.0,,,,,,
Scenario1,0,RE1,,PWRWND007,,2049,,,,,,,,,,,0.0,,,,,,
Scenario1,0,RE1,,PWRWND007,,2050,,,,,,,,,,,0.0,,,,,,
Scenario1,0,RE1,,PWRWND008,,2019,,,,,,,,,,,0.0,,,,,,
Scenario1,0,RE1,,PWRWND008,,2020,,,,,,,,,,,0.0,,,,,,
Scenario1,0,RE1,,PWRWND008,,2021,,,,,,,,,,,0.0,,,,,,
Scenario1,0,RE1,,PWRWND008,,2022,,,,,,,,,,,0.0,,,,,,
Scenario1,0,RE1,,PWRWND008,,2023,,,,,,,,,,,0.0,,,,,,
Scenario1,0,RE1,,PWRWND008,,2024,,,,,,,,,,,0.0,,,,,,
Scenario1,0,RE1,,PWRWND008,,2025,,,,,,,,,,,0.0,,,,,,
Scenario1,0,RE1,,PWRWND008,,2026,,,,,,,,,,,0.0,,,,,,
Scenario1,0,RE1,,PWRWND008,,2027,,,,,,,,,,,0.0,,,,,,
Scenario1,0,RE1,,PWRWND008,,2028,,,,,,,,,,,0.0,,,,,,
Scenario1,0,RE1,,PWRWND008,,2029,,,,,,,,,,,0.0,,,,,,
Scenario1,0,RE1,,PWRWND008,,2030,,,,,,,,,,,0.0,,,,,,
Scenario1,0,RE1,,PWRWND008,,2031,,,,,,,,,,,0.0,,,,,,
Scenario1,0,RE1,,PWRWND008,,2032,,,,,,,,,,,0.0,,,,,,
Scenario1,0,RE1,,PWRWND008,,2033,,,,,,,,,,,0.0,,,,,,
Scenario1,0,RE1,,PWRWND008,,2034,,,,,,,,,,,0.0,,,,,,
Scenario1,0,RE1,,PWRWND008,,2035,,,,,,,,,,,0.0,,,,,,
Scenario1,0,RE1,,PWRWND008,,2036,,,,,,,,,,,0.0,,,,,,
Scenario1,0,RE1,,PWRWND008,,2037,,,,,,,,,,,0.0,,,,,,
Scenario1,0,RE1,,PWRWND008,,2038,,,,,,,,,,,0.0,,,,,,
Scenario1,0,RE1,,PWRWND008,,2039,,,,,,,,,,,0.0,,,,,,
Scenario1,0,RE1,,PWRWND008,,2040,,,,,,,,,,,0.0,,,,,,
Scenario1,0,RE1,,PWRWND008,,2041,,,,,,,,,,,0.0,,,,,,
Scenario1,0,RE1,,PWRWND008,,2042,,,,,,,,,,,0.0,,,,,,
Scenario1,0,RE1,,PWRWND008,,2043,,,,,,,,,,,0.0,,,,,,
Scenario1,0,RE1,,PWRWND008,,2044,,,,,,,,,,,0.0,,,,,,
Scenario1,0,RE1,,PWRWND008,,2045,,,,,,,,,,,0.0,,,,,,
Scenario1,0,RE1,,PWRWND008,,2046,,,,,,,,,,,0.0,,,,,,
Scenario1,0,RE1,,PWRWND008,,2047,,,,,,,,,,,0.0,,,,,,
Scenario1,0,RE1,,PWRWND008,,2048,,,,,,,,,,,0.0,,,,,,
Scenario1,0,RE1,,PWRWND008,,2049,,,,,,,,,,,0.0,,,,,,
Scenario1,0,RE1,,PWRWND008,,2050,,,,,,,,,,,0.0,,,,,,
Scenario1,0,RE1,,PWRWND009,,2019,,,,,,,,,,,0.0,,,,,,
Scenario1,0,RE1,,PWRWND009,,2020,,,,,,,,,,,0.0,,,,,,
Scenario1,0,RE1,,PWRWND009,,2021,,,,,,,,,,,0.0,,,,,,
Scenario1,0,RE1,,PWRWND009,,2022,,,,,,,,,,,0.0,,,,,,
Scenario1,0,RE1,,PWRWND009,,2023,,,,,,,,,,,0.0,,,,,,
Scenario1,0,RE1,,PWRWND009,,2024,,,,,,,,,,,0.0,,,,,,
Scenario1,0,RE1,,PWRWND009,,2025,,,,,,,,,,,0.0,,,,,,
Scenario1,0,RE1,,PWRWND009,,2026,,,,,,,,,,,0.0,,,,,,
Scenario1,0,RE1,,PWRWND009,,2027,,,,,,,,,,,0.0,,,,,,
Scenario1,0,RE1,,PWRWND009,,2028,,,,,,,,,,,0.0,,,,,,
Scenario1,0,RE1,,PWRWND009,,2029,,,,,,,,,,,0.0,,,,,,
Scenario1,0,RE1,,PWRWND009,,2030,,,,,,,,,,,0.0,,,,,,
Scenario1,0,RE1,,PWRWND009,,2031,,,,,,,,,,,0.0,,,,,,
Scenario1,0,RE1,,PWRWND009,,2032,,,,,,,,,,,0.0,,,,,,
Scenario1,0,RE1,,PWRWND009,,2033,,,,,,,,,,,0.0,,,,,,
Scenario1,0,RE1,,PWRWND009,,2034,,,,,,,,,,,0.0,,,,,,
Scenario1,0,RE1,,PWRWND009,,2035,,,,,,,,,,,0.0,,,,,,
Scenario1,0,RE1,,PWRWND009,,2036,,,,,,,,,,,0.0,,,,,,
Scenario1,0,RE1,,PWRWND009,,2037,,,,,,,,,,,0.0,,,,,,
Scenario1,0,RE1,,PWRWND009,,2038,,,,,,,,,,,0.0,,,,,,
Scenario1,0,RE1,,PWRWND009,,2039,,,,,,,,,,,0.0,,,,,,
Scenario1,0,RE1,,PWRWND009,,2040,,,,,,,,,,,0.0,,,,,,
Scenario1,0,RE1,,PWRWND009,,2041,,,,,,,,,,,0.0,,,,,,
Scenario1,0,RE1,,PWRWND009,,2042,,,,,,,,,,,0.0,,,,,,
Scenario1,0,RE1,,PWRWND009,,2043,,,,,,,,,,,0.0,,,,,,
Scenario1,0,RE1,,PWRWND009,,2044,,,,,,,,,,,0.0,,,,,,
Scenario1,0,RE1,,PWRWND009,,2045,,,,,,,,,,,0.0,,,,,,
Scenario1,0,RE1,,PWRWND009,,2046,,,,,,,,,,,0.0,,,,,,
Scenario1,0,RE1,,PWRWND009,,2047,,,,,,,,,,,0.0,,,,,,
Scenario1,0,RE1,,PWRWND009,,2048,,,,,,,,,,,0.0,,,,,,
Scenario1,0,RE1,,PWRWND009,,2049,,,,,,,,,,,0.0,,,,,,
Scenario1,0,RE1,,PWRWND009,,2050,,,,,,,,,,,0.0,,,,,,
Scenario1,0,RE1,,PWRWND010,,2019,,,,,,,,,,,0.0,,,,,,
Scenario1,0,RE1,,PWRWND010,,2020,,,,,,,,,,,0.0,,,,,,
Scenario1,0,RE1,,PWRWND010,,2021,,,,,,,,,,,0.0,,,,,,
Scenario1,0,RE1,,PWRWND010,,2022,,,,,,,,,,,0.0,,,,,,
Scenario1,0,RE1,,PWRWND010,,2023,,,,,,,,,,,0.0,,,,,,
Scenario1,0,RE1,,PWRWND010,,2024,,,,,,,,,,,0.0,,,,,,
Scenario1,0,RE1,,PWRWND010,,2025,,,,,,,,,,,0.0,,,,,,
Scenario1,0,RE1,,PWRWND010,,2026,,,,,,,,,,,0.0,,,,,,
Scenario1,0,RE1,,PWRWND010,,2027,,,,,,,,,,,0.0,,,,,,
Scenario1,0,RE1,,PWRWND010,,2028,,,,,,,,,,,0.0,,,,,,
Scenario1,0,RE1,,PWRWND010,,2029,,,,,,,,,,,0.0,,,,,,
Scenario1,0,RE1,,PWRWND010,,2030,,,,,,,,,,,0.0,,,,,,
Scenario1,0,RE1,,PWRWND010,,2031,,,,,,,,,,,0.0,,,,,,
Scenario1,0,RE1,,PWRWND010,,2032,,,,,,,,,,,0.0,,,,,,
Scenario1,0,RE1,,PWRWND010,,2033,,,,,,,,,,,0.0,,,,,,
Scenario1,0,RE1,,PWRWND010,,2034,,,,,,,,,,,0.0,,,,,,
Scenario1,0,RE1,,PWRWND010,,2035,,,,,,,,,,,0.0,,,,,,
Scenario1,0,RE1,,PWRWND010,,2036,,,,,,,,,,,0.0,,,,,,
Scenario1,0,RE1,,PWRWND010,,2037,,,,,,,,,,,0.0,,,,,,
Scenario1,0,RE1,,PWRWND010,,2038,,,,,,,,,,,0.0,,,,,,
Scenario1,0,RE1,,PWRWND010,,2039,,,,,,,,,,,0.0,,,,,,
Scenario1,0,RE1,,PWRWND010,,2040,,,,,,,,,,,0.0,,,,,,
Scenario1,0,RE1,,PWRWND010,,2041,,,,,,,,,,,0.0,,,,,,
Scenario1,0,RE1,,PWRWND010,,2042,,,,,,,,,,,0.0,,,,,,
Scenario1,0,RE1,,PWRWND010,,2043,,,,,,,,,,,0.0,,,,,,
Scenario1,0,RE1,,PWRWND010,,2044,,,,,,,,,,,0.0,,,,,,
Scenario1,0,RE1,,PWRWND010,,2045,,,,,,,,,,,0.0,,,,,,
Scenario1,0,RE1,,PWRWND010,,2046,,,,,,,,,,,0.0,,,,,,
Scenario1,0,RE1,,PWRWND010,,2047,,,,,,,,,,,0.0,,,,,,
Scenario1,0,RE1,,PWRWND010,,2048,,,,,,,,,,,0.0,,,,,,
Scenario1,0,RE1,,PWRWND010,,2049,,,,,,,,,,,0.0,,,,,,
Scenario1,0,RE1,,PWRWND010,,2050,,,,,,,,,,,0.0,,,,,,
Scenario1,0,RE1,,PWRWND011,,2019,,,,,,,,,,,5.644841400777601,,,,,,
Scenario1,0,RE1,,PWRWND011,,2020,,,,,,,,,,,5.644841400777601,,,,,,
Scenario1,0,RE1,,PWRWND011,,2021,,,,,,,,,,,7.3790476682976,,,,,,
Scenario1,0,RE1,,PWRWND011,,2022,,,,,,,,,,,7.3790476682976,,,,,,
Scenario1,0,RE1,,PWRWND011,,2023,,,,,,,,,,,7.3790476682976,,,,,,
Scenario1,0,RE1,,PWRWND011,,2024,,,,,,,,,,,7.3790476682976,,,,,,
Scenario1,0,RE1,,PWRWND011,,2025,,,,,,,,,,,7.760573047151999,,,,,,
Scenario1,0,RE1,,PWRWND011,,2026,,,,,,,,,,,8.627676180911998,,,,,,
Scenario1,0,RE1,,PWRWND011,,2027,,,,,,,,,,,8.627676180911998,,,,,,
Scenario1,0,RE1,,PWRWND011,,2028,,,,,,,,,,,8.53923166126848,,,,,,
Scenario1,0,RE1,,PWRWND011,,2029,,,,,,,,,,,8.53923166126848,,,,,,
Scenario1,0,RE1,,PWRWND011,,2030,,,,,,,,,,,8.53923166126848,,,,,,
Scenario1,0,RE1,,PWRWND011,,2031,,,,,,,,,,,8.53923166126848,,,,,,
Scenario1,0,RE1,,PWRWND011,,2032,,,,,,,,,,,8.53923166126848,,,,,,
Scenario1,0,RE1,,PWRWND011,,2033,,,,,,,,,,,8.53923166126848,,,,,,
Scenario1,0,RE1,,PWRWND011,,2034,,,,,,,,,,,8.53923166126848,,,,,,
Scenario1,0,RE1,,PWRWND011,,2035,,,,,,,,,,,8.1854535826944,,,,,,
Scenario1,0,RE1,,PWRWND011,,2036,,,,,,,,,,,8.1854535826944,,,,,,
Scenario1,0,RE1,,PWRWND011,,2037,,,,,,,,,,,8.1854535826944,,,,,,
Scenario1,0,RE1,,PWRWND011,,2038,,,,,,,,,,,2.9828347801343997,,,,,,
Scenario1,0,RE1,,PWRWND011,,2039,,,,,,,,,,,2.9828347801343997,,,,,,
Scenario1,0,RE1,,PWRWND011,,2040,,,,,,,,,,,2.9828347801343997,,,,,,
Scenario1,0,RE1,,PWRWND011,,2041,,,,,,,,,,,1.2486285126144008,,,,,,
Scenario1,0,RE1,,PWRWND011,,2042,,,,,,,,,,,1.2486285126144008,,,,,,
Scenario1,0,RE1,,PWRWND011,,2043,,,,,,,,,,,1.2486285126143999,,,,,,
Scenario1,0,RE1,,PWRWND011,,2044,,,,,,,,,,,1.2486285126144008,,,,,,
Scenario1,0,RE1,,PWRWND011,,2045,,,,,,,,,,,0.86710313376,,,,,,
Scenario1,0,RE1,,PWRWND011,,2046,,,,,,,,,,,0.0,,,,,,
Scenario1,0,RE1,,PWRWND011,,2047,,,,,,,,,,,0.0,,,,,,
Scenario1,0,RE1,,PWRWND011,,2048,,,,,,,,,,,0.0,,,,,,
Scenario1,0,RE1,,PWRWND011,,2049,,,,,,,,,,,0.0,,,,,,
Scenario1,0,RE1,,PWRWND011,,2050,,,,,,,,,,,0.0,,,,,,
Scenario1,0,RE1,,,,2019,,,,,,BESS001,,,,,,,,,0.0,,
Scenario1,0,RE1,,,,2020,,,,,,BESS001,,,,,,,,,0.0,,
Scenario1,0,RE1,,,,2021,,,,,,BESS001,,,,,,,,,0.0,,
Scenario1,0,RE1,,,,2022,,,,,,BESS001,,,,,,,,,0.0,,
Scenario1,0,RE1,,,,2023,,,,,,BESS001,,,,,,,,,0.0,,
Scenario1,0,RE1,,,,2024,,,,,,BESS001,,,,,,,,,0.0,,
Scenario1,0,RE1,,,,2025,,,,,,BESS001,,,,,,,,,0.0,,
Scenario1,0,RE1,,,,2026,,,,,,BESS001,,,,,,,,,0.0,,
Scenario1,0,RE1,,,,2027,,,,,,BESS001,,,,,,,,,0.0,,
Scenario1,0,RE1,,,,2028,,,,,,BESS001,,,,,,,,,0.0,,
Scenario1,0,RE1,,,,2029,,,,,,BESS001,,,,,,,,,0.0,,
Scenario1,0,RE1,,,,2030,,,,,,BESS001,,,,,,,,,0.0,,
Scenario1,0,RE1,,,,2031,,,,,,BESS001,,,,,,,,,0.0,,
Scenario1,0,RE1,,,,2032,,,,,,BESS001,,,,,,,,,0.0,,
Scenario1,0,RE1,,,,2033,,,,,,BESS001,,,,,,,,,0.0,,
Scenario1,0,RE1,,,,2034,,,,,,BESS001,,,,,,,,,0.0,,
Scenario1,0,RE1,,,,2035,,,,,,BESS001,,,,,,,,,0.0,,
Scenario1,0,RE1,,,,2036,,,,,,BESS001,,,,,,,,,0.0,,
Scenario1,0,RE1,,,,2037,,,,,,BESS001,,,,,,,,,0.0,,
Scenario1,0,RE1,,,,2038,,,,,,BESS001,,,,,,,,,0.0,,
Scenario1,0,RE1,,,,2039,,,,,,BESS001,,,,,,,,,0.0,,
Scenario1,0,RE1,,,,2040,,,,,,BESS001,,,,,,,,,0.0,,
Scenario1,0,RE1,,,,2041,,,,,,BESS001,,,,,,,,,0.0,,
Scenario1,0,RE1,,,,2042,,,,,,BESS001,,,,,,,,,0.0,,
Scenario1,0,RE1,,,,2043,,,,,,BESS001,,,,,,,,,0.0,,
Scenario1,0,RE1,,,,2044,,,,,,BESS001,,,,,,,,,0.0,,
Scenario1,0,RE1,,,,2045,,,,,,BESS001,,,,,,,,,0.0,,
Scenario1,0,RE1,,,,2046,,,,,,BESS001,,,,,,,,,0.0,,
Scenario1,0,RE1,,,,2047,,,,,,BESS001,,,,,,,,,0.0,,
Scenario1,0,RE1,,,,2048,,,,,,BESS001,,,,,,,,,0.0,,
Scenario1,0,RE1,,,,2049,,,,,,BESS001,,,,,,,,,0.0,,
Scenario1,0,RE1,,,,2050,,,,,,BESS001,,,,,,,,,0.0,,
Scenario1,0,RE1,,,,2019,,,,,,PHS001,,,,,,,,,0.0,,
Scenario1,0,RE1,,,,2020,,,,,,PHS001,,,,,,,,,0.0,,
Scenario1,0,RE1,,,,2021,,,,,,PHS001,,,,,,,,,0.0,,
Scenario1,0,RE1,,,,2022,,,,,,PHS001,,,,,,,,,0.0,,
Scenario1,0,RE1,,,,2023,,,,,,PHS001,,,,,,,,,0.0,,
Scenario1,0,RE1,,,,2024,,,,,,PHS001,,,,,,,,,0.0,,
Scenario1,0,RE1,,,,2025,,,,,,PHS001,,,,,,,,,0.0,,
Scenario1,0,RE1,,,,2026,,,,,,PHS001,,,,,,,,,0.0,,
Scenario1,0,RE1,,,,2027,,,,,,PHS001,,,,,,,,,0.0,,
Scenario1,0,RE1,,,,2028,,,,,,PHS001,,,,,,,,,0.0,,
Scenario1,0,RE1,,,,2029,,,,,,PHS001,,,,,,,,,0.0,,
Scenario1,0,RE1,,,,2030,,,,,,PHS001,,,,,,,,,0.0,,
Scenario1,0,RE1,,,,2031,,,,,,PHS001,,,,,,,,,0.0,,
Scenario1,0,RE1,,,,2032,,,,,,PHS001,,,,,,,,,0.0,,
Scenario1,0,RE1,,,,2033,,,,,,PHS001,,,,,,,,,0.0,,
Scenario1,0,RE1,,,,2034,,,,,,PHS001,,,,,,,,,0.0,,
Scenario1,0,RE1,,,,2035,,,,,,PHS001,,,,,,,,,0.0,,
Scenario1,0,RE1,,,,2036,,,,,,PHS001,,,,,,,,,0.0,,
Scenario1,0,RE1,,,,2037,,,,,,PHS001,,,,,,,,,0.0,,
Scenario1,0,RE1,,,,2038,,,,,,PHS001,,,,,,,,,0.0,,
Scenario1,0,RE1,,,,2039,,,,,,PHS001,,,,,,,,,0.0,,
Scenario1,0,RE1,,,,2040,,,,,,PHS001,,,,,,,,,0.0,,
Scenario1,0,RE1,,,,2041,,,,,,PHS001,,,,,,,,,0.0,,
Scenario1,0,RE1,,,,2042,,,,,,PHS001,,,,,,,,,0.0,,
Scenario1,0,RE1,,,,2043,,,,,,PHS001,,,,,,,,,0.0,,
Scenario1,0,RE1,,,,2044,,,,,,PHS001,,,,,,,,,0.0,,
Scenario1,0,RE1,,,,2045,,,,,,PHS001,,,,,,,,,0.0,,
Scenario1,0,RE1,,,,2046,,,,,,PHS001,,,,,,,,,0.0,,
Scenario1,0,RE1,,,,2047,,,,,,PHS001,,,,,,,,,0.0,,
Scenario1,0,RE1,,,,2048,,,,,,PHS001,,,,,,,,,0.0,,
Scenario1,0,RE1,,,,2049,,,,,,PHS001,,,,,,,,,0.0,,
Scenario1,0,RE1,,,,2050,,,,,,PHS001,,,,,,,,,0.0,,
Scenario1,0,RE1,,,,2019,,,,,,PHS002,,,,,,,,,0.0,,
Scenario1,0,RE1,,,,2020,,,,,,PHS002,,,,,,,,,0.0,,
Scenario1,0,RE1,,,,2021,,,,,,PHS002,,,,,,,,,0.0,,
Scenario1,0,RE1,,,,2022,,,,,,PHS002,,,,,,,,,0.0,,
Scenario1,0,RE1,,,,2023,,,,,,PHS002,,,,,,,,,0.0,,
Scenario1,0,RE1,,,,2024,,,,,,PHS002,,,,,,,,,0.0,,
Scenario1,0,RE1,,,,2025,,,,,,PHS002,,,,,,,,,0.0,,
Scenario1,0,RE1,,,,2026,,,,,,PHS002,,,,,,,,,0.0,,
Scenario1,0,RE1,,,,2027,,,,,,PHS002,,,,,,,,,0.0,,
Scenario1,0,RE1,,,,2028,,,,,,PHS002,,,,,,,,,0.0,,
Scenario1,0,RE1,,,,2029,,,,,,PHS002,,,,,,,,,0.0,,
Scenario1,0,RE1,,,,2030,,,,,,PHS002,,,,,,,,,0.0,,
Scenario1,0,RE1,,,,2031,,,,,,PHS002,,,,,,,,,0.0,,
Scenario1,0,RE1,,,,2032,,,,,,PHS002,,,,,,,,,0.0,,
Scenario1,0,RE1,,,,2033,,,,,,PHS002,,,,,,,,,0.0,,
Scenario1,0,RE1,,,,2034,,,,,,PHS002,,,,,,,,,0.0,,
Scenario1,0,RE1,,,,2035,,,,,,PHS002,,,,,,,,,0.0,,
Scenario1,0,RE1,,,,2036,,,,,,PHS002,,,,,,,,,0.0,,
Scenario1,0,RE1,,,,2037,,,,,,PHS002,,,,,,,,,0.0,,
Scenario1,0,RE1,,,,2038,,,,,,PHS002,,,,,,,,,0.0,,
Scenario1,0,RE1,,,,2039,,,,,,PHS002,,,,,,,,,0.0,,
Scenario1,0,RE1,,,,2040,,,,,,PHS002,,,,,,,,,0.0,,
Scenario1,0,RE1,,,,2041,,,,,,PHS002,,,,,,,,,0.0,,
Scenario1,0,RE1,,,,2042,,,,,,PHS002,,,,,,,,,0.0,,
Scenario1,0,RE1,,,,2043,,,,,,PHS002,,,,,,,,,0.0,,
Scenario1,0,RE1,,,,2044,,,,,,PHS002,,,,,,,,,0.0,,
Scenario1,0,RE1,,,,2045,,,,,,PHS002,,,,,,,,,0.0,,
Scenario1,0,RE1,,,,2046,,,,,,PHS002,,,,,,,,,0.0,,
Scenario1,0,RE1,,,,2047,,,,,,PHS002,,,,,,,,,0.0,,
Scenario1,0,RE1,,,,2048,,,,,,PHS002,,,,,,,,,0.0,,
Scenario1,0,RE1,,,,2049,,,,,,PHS002,,,,,,,,,0.0,,
Scenario1,0,RE1,,,,2050,,,,,,PHS002,,,,,,,,,0.0,,
