###############
#    Sets     #
###############
#
set YEAR := 2019 2020 2021 2022 2023 2024 2025 2026 2027 2028 2029 2030 2031 2032 2033 2034 2035 2036 2037 2038 2039 2040 2041 2042 2043 2044 2045 2046 2047 2048 2049 2050 ;
set TECHNOLOGY := BACKSTOP BESS_TECH DEMCOMELC DEMINDELC DEMRESELC EXPELC IMPBIO IMPCOA IMPELC001 IMPELC002 IMPHFOMOM IMPHFONAI IMPLFOELD IMPNGS IMPURN MINBIO MINCOA MINGEO MINHYD MINSOL MINWND PWRBIO001 PWRCOA001 PWRDIST PWRGEO001 PWRGEO002 PWRGEO003 PWRGEO004 PWRGEO005 PWRGEO006 PWRGEO007 PWRHFO001 PWRHYD001 PWRHYD002 PWRHYD003 PWRHYD004 PWRHYD005 PWRLFO001 PWRNGS001 PWRPHS001 PWRPHS002 PWRSOL001 PWRSOL002 PWRTRN PWRURN001 PWRWND001 PWRWND002 PWRWND003 PWRWND004 PWRWND005 PWRWND006 PWRWND007 PWRWND008 PWRWND009 PWRWND010 PWRWND011 ;
set TIMESLICE := TS01 TS02 TS03 TS04 TS05 TS06 TS07 TS08 TS09 TS10 TS11 TS12 TS13 TS14 TS15 TS16 TS17 TS18 TS19 TS20 TS21 TS22 TS23 TS24 TS25 TS26 TS27 TS28 TS29 TS30 TS31 TS32 TS33 TS34 TS35 TS36 TS37 TS38 TS39 TS40 TS41 TS42 TS43 TS44 TS45 TS46 TS47 TS48 ;
set COMMODITY := BIO COA COADOM COMELC ELC001 ELC002 ELC003 GEO HFOMOM HFONAI HYD INDELC LFOELD NGS RESELC SOL URN WND ;
set EMISSION := CO2 ;
set MODE_OF_OPERATION := 1 2 ;
set REGION := RE1 ;
set SEASON := 1 2 3 4 ;
set DAYTYPE := 1 2 ;
set DAILYTIMEBRACKET := 1 2 3 4 5 6 ;
set STORAGE := BESS001 PHS001 PHS002 ;
set STORAGEINTRADAY := BESS001 ;
set STORAGEINTRAYEAR := PHS001 PHS002 ;
set UDC := GasMinUsage ;

###############
#    Parameters     #
###############
#
param Conversionls default 0.0 :
1 2 3 4 :=
TS01 1 0 0 0 
TS02 1 0 0 0 
TS03 1 0 0 0 
TS04 1 0 0 0 
TS05 1 0 0 0 
TS06 1 0 0 0 
TS07 1 0 0 0 
TS08 1 0 0 0 
TS09 1 0 0 0 
TS10 1 0 0 0 
TS11 1 0 0 0 
TS12 1 0 0 0 
TS13 0 1 0 0 
TS14 0 1 0 0 
TS15 0 1 0 0 
TS16 0 1 0 0 
TS17 0 1 0 0 
TS18 0 1 0 0 
TS19 0 1 0 0 
TS20 0 1 0 0 
TS21 0 1 0 0 
TS22 0 1 0 0 
TS23 0 1 0 0 
TS24 0 1 0 0 
TS25 0 0 1 0 
TS26 0 0 1 0 
TS27 0 0 1 0 
TS28 0 0 1 0 
TS29 0 0 1 0 
TS30 0 0 1 0 
TS31 0 0 1 0 
TS32 0 0 1 0 
TS33 0 0 1 0 
TS34 0 0 1 0 
TS35 0 0 1 0 
TS36 0 0 1 0 
TS37 0 0 0 1 
TS38 0 0 0 1 
TS39 0 0 0 1 
TS40 0 0 0 1 
TS41 0 0 0 1 
TS42 0 0 0 1 
TS43 0 0 0 1 
TS44 0 0 0 1 
TS45 0 0 0 1 
TS46 0 0 0 1 
TS47 0 0 0 1 
TS48 0 0 0 1 
;

param Conversionld default 0.0 :
1 2 :=
TS01 1 0 
TS02 1 0 
TS03 1 0 
TS04 1 0 
TS05 1 0 
TS06 1 0 
TS07 0 1 
TS08 0 1 
TS09 0 1 
TS10 0 1 
TS11 0 1 
TS12 0 1 
TS13 1 0 
TS14 1 0 
TS15 1 0 
TS16 1 0 
TS17 1 0 
TS18 1 0 
TS19 0 1 
TS20 0 1 
TS21 0 1 
TS22 0 1 
TS23 0 1 
TS24 0 1 
TS25 1 0 
TS26 1 0 
TS27 1 0 
TS28 1 0 
TS29 1 0 
TS30 1 0 
TS31 0 1 
TS32 0 1 
TS33 0 1 
TS34 0 1 
TS35 0 1 
TS36 0 1 
TS37 1 0 
TS38 1 0 
TS39 1 0 
TS40 1 0 
TS41 1 0 
TS42 1 0 
TS43 0 1 
TS44 0 1 
TS45 0 1 
TS46 0 1 
TS47 0 1 
TS48 0 1 
;

param Conversionlh default 0.0 :
1 2 3 4 5 6 :=
TS01 1 0 0 0 0 0 
TS02 0 1 0 0 0 0 
TS03 0 0 1 0 0 0 
TS04 0 0 0 1 0 0 
TS05 0 0 0 0 1 0 
TS06 0 0 0 0 0 1 
TS07 1 0 0 0 0 0 
TS08 0 1 0 0 0 0 
TS09 0 0 1 0 0 0 
TS10 0 0 0 1 0 0 
TS11 0 0 0 0 1 0 
TS12 0 0 0 0 0 1 
TS13 1 0 0 0 0 0 
TS14 0 1 0 0 0 0 
TS15 0 0 1 0 0 0 
TS16 0 0 0 1 0 0 
TS17 0 0 0 0 1 0 
TS18 0 0 0 0 0 1 
TS19 1 0 0 0 0 0 
TS20 0 1 0 0 0 0 
TS21 0 0 1 0 0 0 
TS22 0 0 0 1 0 0 
TS23 0 0 0 0 1 0 
TS24 0 0 0 0 0 1 
TS25 1 0 0 0 0 0 
TS26 0 1 0 0 0 0 
TS27 0 0 1 0 0 0 
TS28 0 0 0 1 0 0 
TS29 0 0 0 0 1 0 
TS30 0 0 0 0 0 1 
TS31 1 0 0 0 0 0 
TS32 0 1 0 0 0 0 
TS33 0 0 1 0 0 0 
TS34 0 0 0 1 0 0 
TS35 0 0 0 0 1 0 
TS36 0 0 0 0 0 1 
TS37 1 0 0 0 0 0 
TS38 0 1 0 0 0 0 
TS39 0 0 1 0 0 0 
TS40 0 0 0 1 0 0 
TS41 0 0 0 0 1 0 
TS42 0 0 0 0 0 1 
TS43 1 0 0 0 0 0 
TS44 0 1 0 0 0 0 
TS45 0 0 1 0 0 0 
TS46 0 0 0 1 0 0 
TS47 0 0 0 0 1 0 
TS48 0 0 0 0 0 1 
;

param DiscountRate default 0.05 :=
RE1 0.092 
;

param DiscountRateIdv default 0.05 :=
[RE1,*,*]:
2019 2020 2021 2022 2023 2024 2025 2026 2027 2028 2029 2030 2031 2032 2033 2034 2035 2036 2037 2038 2039 2040 2041 2042 2043 2044 2045 2046 2047 2048 2049 2050 :=
BACKSTOP 99999 99999 99999 99999 99999 99999 99999 99999 99999 99999 99999 99999 99999 99999 99999 99999 99999 99999 99999 99999 99999 99999 99999 99999 99999 99999 99999 99999 99999 99999 99999 99999 
BESS_TECH 0.133 0.133 0.133 0.133 0.133 0.133 0.1377790171 0.1425580341 0.1473370512 0.1521160683 0.1568950853 0.1616741024 0.1664531195 0.1712321365 0.1760111536 0.1807901707 0.1855691877 0.1903482048 0.1951272219 0.1999062389 0.204685256 0.209464273 0.2142432901 0.2190223072 0.2238013242 0.2285803413 0.2333593584 0.2381383754 0.2429173925 0.2476964096 0.2524754266 0.2572544437 
IMPNGS 0.07 0.07 0.07 0.07 0.07 0.07 0.0725152721 0.0750305443 0.0775458164 0.0800610886 0.0825763607 0.0850916328 0.087606905 0.0901221771 0.0926374493 0.0951527214 0.0976679935 0.1001832657 0.1026985378 0.10521381 0.1077290821 0.1102443542 0.1127596264 0.1152748985 0.1177901707 0.1203054428 0.1228207149 0.1253359871 0.1278512592 0.1303665314 0.1328818035 0.1353970756 
PWRBIO001 0.095 0.095 0.095 0.095 0.095 0.095 0.0984135836 0.1018271672 0.1052407509 0.1086543345 0.1120679181 0.1154815017 0.1188950853 0.1223086689 0.1257222526 0.1291358362 0.1325494198 0.1359630034 0.139376587 0.1427901707 0.1462037543 0.1496173379 0.1530309215 0.1564445051 0.1598580887 0.1632716724 0.166685256 0.1700988396 0.1735124232 0.1769260068 0.1803395905 0.1837531741 
PWRCOA001 0.129 0.129 0.129 0.129 0.129 0.129 0.1336352872 0.1382705745 0.1429058617 0.1475411489 0.1521764361 0.1568117234 0.1614470106 0.1660822978 0.1707175851 0.1753528723 0.1799881595 0.1846234467 0.189258734 0.1938940212 0.1985293084 0.2031645957 0.2077998829 0.2124351701 0.2170704574 0.2217057446 0.2263410318 0.230976319 0.2356116063 0.2402468935 0.2448821807 0.249517468 
PWRDIST 0.041 0.041 0.041 0.041 0.041 0.041 0.0424732308 0.0439464616 0.0454196925 0.0468929233 0.0483661541 0.0498393849 0.0513126158 0.0527858466 0.0542590774 0.0557323082 0.0572055391 0.0586787699 0.0601520007 0.0616252315 0.0630984624 0.0645716932 0.066044924 0.0675181548 0.0689913857 0.0704646165 0.0719378473 0.0734110781 0.074884309 0.0763575398 0.0778307706 0.0793040014 
PWRGEO001 0.095 0.095 0.095 0.095 0.095 0.095 0.0984135836 0.1018271672 0.1052407509 0.1086543345 0.1120679181 0.1154815017 0.1188950853 0.1223086689 0.1257222526 0.1291358362 0.1325494198 0.1359630034 0.139376587 0.1427901707 0.1462037543 0.1496173379 0.1530309215 0.1564445051 0.1598580887 0.1632716724 0.166685256 0.1700988396 0.1735124232 0.1769260068 0.1803395905 0.1837531741 
PWRGEO002 0.095 0.095 0.095 0.095 0.095 0.095 0.0984135836 0.1018271672 0.1052407509 0.1086543345 0.1120679181 0.1154815017 0.1188950853 0.1223086689 0.1257222526 0.1291358362 0.1325494198 0.1359630034 0.139376587 0.1427901707 0.1462037543 0.1496173379 0.1530309215 0.1564445051 0.1598580887 0.1632716724 0.166685256 0.1700988396 0.1735124232 0.1769260068 0.1803395905 0.1837531741 
PWRGEO003 0.095 0.095 0.095 0.095 0.095 0.095 0.0984135836 0.1018271672 0.1052407509 0.1086543345 0.1120679181 0.1154815017 0.1188950853 0.1223086689 0.1257222526 0.1291358362 0.1325494198 0.1359630034 0.139376587 0.1427901707 0.1462037543 0.1496173379 0.1530309215 0.1564445051 0.1598580887 0.1632716724 0.166685256 0.1700988396 0.1735124232 0.1769260068 0.1803395905 0.1837531741 
PWRGEO004 0.095 0.095 0.095 0.095 0.095 0.095 0.0984135836 0.1018271672 0.1052407509 0.1086543345 0.1120679181 0.1154815017 0.1188950853 0.1223086689 0.1257222526 0.1291358362 0.1325494198 0.1359630034 0.139376587 0.1427901707 0.1462037543 0.1496173379 0.1530309215 0.1564445051 0.1598580887 0.1632716724 0.166685256 0.1700988396 0.1735124232 0.1769260068 0.1803395905 0.1837531741 
PWRGEO005 0.095 0.095 0.095 0.095 0.095 0.095 0.0984135836 0.1018271672 0.1052407509 0.1086543345 0.1120679181 0.1154815017 0.1188950853 0.1223086689 0.1257222526 0.1291358362 0.1325494198 0.1359630034 0.139376587 0.1427901707 0.1462037543 0.1496173379 0.1530309215 0.1564445051 0.1598580887 0.1632716724 0.166685256 0.1700988396 0.1735124232 0.1769260068 0.1803395905 0.1837531741 
PWRGEO006 0.095 0.095 0.095 0.095 0.095 0.095 0.0984135836 0.1018271672 0.1052407509 0.1086543345 0.1120679181 0.1154815017 0.1188950853 0.1223086689 0.1257222526 0.1291358362 0.1325494198 0.1359630034 0.139376587 0.1427901707 0.1462037543 0.1496173379 0.1530309215 0.1564445051 0.1598580887 0.1632716724 0.166685256 0.1700988396 0.1735124232 0.1769260068 0.1803395905 0.1837531741 
PWRGEO007 0.095 0.095 0.095 0.095 0.095 0.095 0.0984135836 0.1018271672 0.1052407509 0.1086543345 0.1120679181 0.1154815017 0.1188950853 0.1223086689 0.1257222526 0.1291358362 0.1325494198 0.1359630034 0.139376587 0.1427901707 0.1462037543 0.1496173379 0.1530309215 0.1564445051 0.1598580887 0.1632716724 0.166685256 0.1700988396 0.1735124232 0.1769260068 0.1803395905 0.1837531741 
PWRHFO001 0.116 0.116 0.116 0.116 0.116 0.116 0.1201681653 0.1243363305 0.1285044958 0.132672661 0.1368408263 0.1410089916 0.1451771568 0.1493453221 0.1535134873 0.1576816526 0.1618498179 0.1660179831 0.1701861484 0.1743543136 0.1785224789 0.1826906442 0.1868588094 0.1910269747 0.1951951399 0.1993633052 0.2035314705 0.2076996357 0.211867801 0.2160359662 0.2202041315 0.2243722968 
PWRHYD001 0.075 0.075 0.075 0.075 0.075 0.075 0.0776949344 0.0803898689 0.0830848033 0.0857797377 0.0884746722 0.0911696066 0.093864541 0.0965594755 0.0992544099 0.1019493444 0.1046442788 0.1073392132 0.1100341477 0.1127290821 0.1154240165 0.118118951 0.1208138854 0.1235088198 0.1262037543 0.1288986887 0.1315936231 0.1342885576 0.136983492 0.1396784265 0.1423733609 0.1450682953 
PWRHYD002 0.075 0.075 0.075 0.075 0.075 0.075 0.0776949344 0.0803898689 0.0830848033 0.0857797377 0.0884746722 0.0911696066 0.093864541 0.0965594755 0.0992544099 0.1019493444 0.1046442788 0.1073392132 0.1100341477 0.1127290821 0.1154240165 0.118118951 0.1208138854 0.1235088198 0.1262037543 0.1288986887 0.1315936231 0.1342885576 0.136983492 0.1396784265 0.1423733609 0.1450682953 
PWRHYD003 0.075 0.075 0.075 0.075 0.075 0.075 0.0776949344 0.0803898689 0.0830848033 0.0857797377 0.0884746722 0.0911696066 0.093864541 0.0965594755 0.0992544099 0.1019493444 0.1046442788 0.1073392132 0.1100341477 0.1127290821 0.1154240165 0.118118951 0.1208138854 0.1235088198 0.1262037543 0.1288986887 0.1315936231 0.1342885576 0.136983492 0.1396784265 0.1423733609 0.1450682953 
PWRHYD004 0.075 0.075 0.075 0.075 0.075 0.075 0.0776949344 0.0803898689 0.0830848033 0.0857797377 0.0884746722 0.0911696066 0.093864541 0.0965594755 0.0992544099 0.1019493444 0.1046442788 0.1073392132 0.1100341477 0.1127290821 0.1154240165 0.118118951 0.1208138854 0.1235088198 0.1262037543 0.1288986887 0.1315936231 0.1342885576 0.136983492 0.1396784265 0.1423733609 0.1450682953 
PWRHYD005 0.075 0.075 0.075 0.075 0.075 0.075 0.0776949344 0.0803898689 0.0830848033 0.0857797377 0.0884746722 0.0911696066 0.093864541 0.0965594755 0.0992544099 0.1019493444 0.1046442788 0.1073392132 0.1100341477 0.1127290821 0.1154240165 0.118118951 0.1208138854 0.1235088198 0.1262037543 0.1288986887 0.1315936231 0.1342885576 0.136983492 0.1396784265 0.1423733609 0.1450682953 
PWRLFO001 0.11 0.11 0.11 0.11 0.11 0.11 0.1139525705 0.117905141 0.1218577115 0.125810282 0.1297628525 0.133715423 0.1376679935 0.141620564 0.1455731345 0.1495257051 0.1534782756 0.1574308461 0.1613834166 0.1653359871 0.1692885576 0.1732411281 0.1771936986 0.1811462691 0.1850988396 0.1890514101 0.1930039806 0.1969565511 0.2009091216 0.2048616921 0.2088142626 0.2127668331 
PWRNGS001 0.116 0.116 0.116 0.116 0.116 0.116 0.1201681653 0.1243363305 0.1285044958 0.132672661 0.1368408263 0.1410089916 0.1451771568 0.1493453221 0.1535134873 0.1576816526 0.1618498179 0.1660179831 0.1701861484 0.1743543136 0.1785224789 0.1826906442 0.1868588094 0.1910269747 0.1951951399 0.1993633052 0.2035314705 0.2076996357 0.211867801 0.2160359662 0.2202041315 0.2243722968 
PWRPHS001 0.075 0.075 0.075 0.075 0.075 0.075 0.0776949344 0.0803898689 0.0830848033 0.0857797377 0.0884746722 0.0911696066 0.093864541 0.0965594755 0.0992544099 0.1019493444 0.1046442788 0.1073392132 0.1100341477 0.1127290821 0.1154240165 0.118118951 0.1208138854 0.1235088198 0.1262037543 0.1288986887 0.1315936231 0.1342885576 0.136983492 0.1396784265 0.1423733609 0.1450682953 
PWRPHS002 0.075 0.075 0.075 0.075 0.075 0.075 0.0776949344 0.0803898689 0.0830848033 0.0857797377 0.0884746722 0.0911696066 0.093864541 0.0965594755 0.0992544099 0.1019493444 0.1046442788 0.1073392132 0.1100341477 0.1127290821 0.1154240165 0.118118951 0.1208138854 0.1235088198 0.1262037543 0.1288986887 0.1315936231 0.1342885576 0.136983492 0.1396784265 0.1423733609 0.1450682953 
PWRSOL001 0.037 0.037 0.037 0.037 0.037 0.037 0.038329501 0.039659002 0.040988503 0.042318004 0.0436475049 0.0449770059 0.0463065069 0.0476360079 0.0489655089 0.0502950099 0.0516245109 0.0529540119 0.0542835128 0.0556130138 0.0569425148 0.0582720158 0.0596015168 0.0609310178 0.0622605188 0.0635900198 0.0649195208 0.0662490217 0.0675785227 0.0689080237 0.0702375247 0.0715670257 
PWRSOL002 0.037 0.037 0.037 0.037 0.037 0.037 0.038329501 0.039659002 0.040988503 0.042318004 0.0436475049 0.0449770059 0.0463065069 0.0476360079 0.0489655089 0.0502950099 0.0516245109 0.0529540119 0.0542835128 0.0556130138 0.0569425148 0.0582720158 0.0596015168 0.0609310178 0.0622605188 0.0635900198 0.0649195208 0.0662490217 0.0675785227 0.0689080237 0.0702375247 0.0715670257 
PWRTRN 0.046 0.046 0.046 0.046 0.046 0.046 0.0476528931 0.0493057862 0.0509586794 0.0526115725 0.0542644656 0.0559173587 0.0575702518 0.059223145 0.0608760381 0.0625289312 0.0641818243 0.0658347174 0.0674876106 0.0691405037 0.0707933968 0.0724462899 0.074099183 0.0757520762 0.0774049693 0.0790578624 0.0807107555 0.0823636486 0.0840165418 0.0856694349 0.087322328 0.0889752211 
PWRURN001 0.087 0.087 0.087 0.087 0.087 0.087 0.0901261239 0.0932522479 0.0963783718 0.0995044958 0.1026306197 0.1057567437 0.1088828676 0.1120089916 0.1151351155 0.1182612395 0.1213873634 0.1245134873 0.1276396113 0.1307657352 0.1338918592 0.1370179831 0.1401441071 0.143270231 0.146396355 0.1495224789 0.1526486028 0.1557747268 0.1589008507 0.1620269747 0.1651530986 0.1682792226 
PWRWND001 0.055 0.055 0.055 0.055 0.055 0.055 0.0569762853 0.0589525705 0.0609288558 0.062905141 0.0648814263 0.0668577115 0.0688339968 0.070810282 0.0727865673 0.0747628525 0.0767391378 0.078715423 0.0806917083 0.0826679935 0.0846442788 0.086620564 0.0885968493 0.0905731345 0.0925494198 0.0945257051 0.0965019903 0.0984782756 0.1004545608 0.1024308461 0.1044071313 0.1063834166 
PWRWND002 0.055 0.055 0.055 0.055 0.055 0.055 0.0569762853 0.0589525705 0.0609288558 0.062905141 0.0648814263 0.0668577115 0.0688339968 0.070810282 0.0727865673 0.0747628525 0.0767391378 0.078715423 0.0806917083 0.0826679935 0.0846442788 0.086620564 0.0885968493 0.0905731345 0.0925494198 0.0945257051 0.0965019903 0.0984782756 0.1004545608 0.1024308461 0.1044071313 0.1063834166 
PWRWND003 0.055 0.055 0.055 0.055 0.055 0.055 0.0569762853 0.0589525705 0.0609288558 0.062905141 0.0648814263 0.0668577115 0.0688339968 0.070810282 0.0727865673 0.0747628525 0.0767391378 0.078715423 0.0806917083 0.0826679935 0.0846442788 0.086620564 0.0885968493 0.0905731345 0.0925494198 0.0945257051 0.0965019903 0.0984782756 0.1004545608 0.1024308461 0.1044071313 0.1063834166 
PWRWND004 0.055 0.055 0.055 0.055 0.055 0.055 0.0569762853 0.0589525705 0.0609288558 0.062905141 0.0648814263 0.0668577115 0.0688339968 0.070810282 0.0727865673 0.0747628525 0.0767391378 0.078715423 0.0806917083 0.0826679935 0.0846442788 0.086620564 0.0885968493 0.0905731345 0.0925494198 0.0945257051 0.0965019903 0.0984782756 0.1004545608 0.1024308461 0.1044071313 0.1063834166 
PWRWND005 0.055 0.055 0.055 0.055 0.055 0.055 0.0569762853 0.0589525705 0.0609288558 0.062905141 0.0648814263 0.0668577115 0.0688339968 0.070810282 0.0727865673 0.0747628525 0.0767391378 0.078715423 0.0806917083 0.0826679935 0.0846442788 0.086620564 0.0885968493 0.0905731345 0.0925494198 0.0945257051 0.0965019903 0.0984782756 0.1004545608 0.1024308461 0.1044071313 0.1063834166 
PWRWND006 0.055 0.055 0.055 0.055 0.055 0.055 0.0569762853 0.0589525705 0.0609288558 0.062905141 0.0648814263 0.0668577115 0.0688339968 0.070810282 0.0727865673 0.0747628525 0.0767391378 0.078715423 0.0806917083 0.0826679935 0.0846442788 0.086620564 0.0885968493 0.0905731345 0.0925494198 0.0945257051 0.0965019903 0.0984782756 0.1004545608 0.1024308461 0.1044071313 0.1063834166 
PWRWND007 0.055 0.055 0.055 0.055 0.055 0.055 0.0569762853 0.0589525705 0.0609288558 0.062905141 0.0648814263 0.0668577115 0.0688339968 0.070810282 0.0727865673 0.0747628525 0.0767391378 0.078715423 0.0806917083 0.0826679935 0.0846442788 0.086620564 0.0885968493 0.0905731345 0.0925494198 0.0945257051 0.0965019903 0.0984782756 0.1004545608 0.1024308461 0.1044071313 0.1063834166 
PWRWND008 0.055 0.055 0.055 0.055 0.055 0.055 0.0569762853 0.0589525705 0.0609288558 0.062905141 0.0648814263 0.0668577115 0.0688339968 0.070810282 0.0727865673 0.0747628525 0.0767391378 0.078715423 0.0806917083 0.0826679935 0.0846442788 0.086620564 0.0885968493 0.0905731345 0.0925494198 0.0945257051 0.0965019903 0.0984782756 0.1004545608 0.1024308461 0.1044071313 0.1063834166 
PWRWND009 0.055 0.055 0.055 0.055 0.055 0.055 0.0569762853 0.0589525705 0.0609288558 0.062905141 0.0648814263 0.0668577115 0.0688339968 0.070810282 0.0727865673 0.0747628525 0.0767391378 0.078715423 0.0806917083 0.0826679935 0.0846442788 0.086620564 0.0885968493 0.0905731345 0.0925494198 0.0945257051 0.0965019903 0.0984782756 0.1004545608 0.1024308461 0.1044071313 0.1063834166 
PWRWND010 0.055 0.055 0.055 0.055 0.055 0.055 0.0569762853 0.0589525705 0.0609288558 0.062905141 0.0648814263 0.0668577115 0.0688339968 0.070810282 0.0727865673 0.0747628525 0.0767391378 0.078715423 0.0806917083 0.0826679935 0.0846442788 0.086620564 0.0885968493 0.0905731345 0.0925494198 0.0945257051 0.0965019903 0.0984782756 0.1004545608 0.1024308461 0.1044071313 0.1063834166 
PWRWND011 0.055 0.055 0.055 0.055 0.055 0.055 0.0569762853 0.0589525705 0.0609288558 0.062905141 0.0648814263 0.0668577115 0.0688339968 0.070810282 0.0727865673 0.0747628525 0.0767391378 0.078715423 0.0806917083 0.0826679935 0.0846442788 0.086620564 0.0885968493 0.0905731345 0.0925494198 0.0945257051 0.0965019903 0.0984782756 0.1004545608 0.1024308461 0.1044071313 0.1063834166 
;

param CapacityToActivityUnit default 1.0 :
BACKSTOP BESS_TECH DEMCOMELC DEMINDELC DEMRESELC EXPELC IMPBIO IMPCOA IMPELC001 IMPELC002 IMPHFOMOM IMPHFONAI IMPLFOELD IMPNGS IMPURN MINBIO MINCOA MINGEO MINHYD MINSOL MINWND PWRBIO001 PWRCOA001 PWRDIST PWRGEO001 PWRGEO002 PWRGEO003 PWRGEO004 PWRGEO005 PWRGEO006 PWRGEO007 PWRHFO001 PWRHYD001 PWRHYD002 PWRHYD003 PWRHYD004 PWRHYD005 PWRLFO001 PWRNGS001 PWRPHS001 PWRPHS002 PWRSOL001 PWRSOL002 PWRTRN PWRURN001 PWRWND001 PWRWND002 PWRWND003 PWRWND004 PWRWND005 PWRWND006 PWRWND007 PWRWND008 PWRWND009 PWRWND010 PWRWND011 :=
RE1 31.536 31.536 31.536 31.536 31.536 31.536 1.0 1.0 31.536 31.536 1.0 1.0 1.0 1.0 1.0 1.0 1.0 1.0 1.0 1.0 1.0 31.536 31.536 31.536 31.536 31.536 31.536 31.536 31.536 31.536 31.536 31.536 31.536 31.536 31.536 31.536 31.536 31.536 31.536 31.536 31.536 31.536 31.536 31.536 31.536 31.536 31.536 31.536 31.536 31.536 31.536 31.536 31.536 31.536 31.536 31.536 
;

param OperationalLife default 1.0 :
BACKSTOP BESS_TECH DEMCOMELC DEMINDELC DEMRESELC EXPELC IMPBIO IMPCOA IMPELC001 IMPELC002 IMPHFOMOM IMPHFONAI IMPLFOELD IMPNGS IMPURN MINBIO MINCOA MINGEO MINHYD MINSOL MINWND PWRBIO001 PWRCOA001 PWRDIST PWRGEO001 PWRGEO002 PWRGEO003 PWRGEO004 PWRGEO005 PWRGEO006 PWRGEO007 PWRHFO001 PWRHYD001 PWRHYD002 PWRHYD003 PWRHYD004 PWRHYD005 PWRLFO001 PWRNGS001 PWRPHS001 PWRPHS002 PWRSOL001 PWRSOL002 PWRTRN PWRURN001 PWRWND001 PWRWND002 PWRWND003 PWRWND004 PWRWND005 PWRWND006 PWRWND007 PWRWND008 PWRWND009 PWRWND010 PWRWND011 :=
RE1 1 10 70 70 70 25 1 1 25 25 1 1 1 1 1 1 1 1 1 1 1 30 25 70 25 25 25 25 25 25 25 20 40 40 40 40 40 24 20 40 40 25 25 50 60 20 20 20 20 20 20 20 20 20 20 20 
;

param TotalTechnologyModelPeriodActivityLowerLimit default 0.0 :
BACKSTOP BESS_TECH DEMCOMELC DEMINDELC DEMRESELC EXPELC IMPBIO IMPCOA IMPELC001 IMPELC002 IMPHFOMOM IMPHFONAI IMPLFOELD IMPNGS IMPURN MINBIO MINCOA MINGEO MINHYD MINSOL MINWND PWRBIO001 PWRCOA001 PWRDIST PWRGEO001 PWRGEO002 PWRGEO003 PWRGEO004 PWRGEO005 PWRGEO006 PWRGEO007 PWRHFO001 PWRHYD001 PWRHYD002 PWRHYD003 PWRHYD004 PWRHYD005 PWRLFO001 PWRNGS001 PWRPHS001 PWRPHS002 PWRSOL001 PWRSOL002 PWRTRN PWRURN001 PWRWND001 PWRWND002 PWRWND003 PWRWND004 PWRWND005 PWRWND006 PWRWND007 PWRWND008 PWRWND009 PWRWND010 PWRWND011 :=
RE1 0 0 0 0 0 0 0 0 0 0 0 0 0 0 0 0 0 0 0 0 0 0 0 0 0 0 0 0 0 0 0 0 0 0 0 0 0 0 0 0 0 0 0 0 0 0 0 0 0 0 0 0 0 0 0 0 
;

param TotalTechnologyModelPeriodActivityUpperLimit default 999999.0 :
BACKSTOP BESS_TECH DEMCOMELC DEMINDELC DEMRESELC EXPELC IMPBIO IMPCOA IMPELC001 IMPELC002 IMPHFOMOM IMPHFONAI IMPLFOELD IMPNGS IMPURN MINBIO MINCOA MINGEO MINHYD MINSOL MINWND PWRBIO001 PWRCOA001 PWRDIST PWRGEO001 PWRGEO002 PWRGEO003 PWRGEO004 PWRGEO005 PWRGEO006 PWRGEO007 PWRHFO001 PWRHYD001 PWRHYD002 PWRHYD003 PWRHYD004 PWRHYD005 PWRLFO001 PWRNGS001 PWRPHS001 PWRPHS002 PWRSOL001 PWRSOL002 PWRTRN PWRURN001 PWRWND001 PWRWND002 PWRWND003 PWRWND004 PWRWND005 PWRWND006 PWRWND007 PWRWND008 PWRWND009 PWRWND010 PWRWND011 :=
RE1 999999 999999 999999 999999 999999 999999 999999 999999 999999 999999 999999 999999 999999 999999 999999 999999 999999 999999 999999 999999 999999 999999 999999 999999 999999 999999 999999 999999 999999 999999 999999 999999 999999 999999 999999 999999 999999 999999 999999 999999 999999 999999 999999 999999 999999 999999 999999 999999 999999 999999 999999 999999 999999 999999 999999 999999 
;

param ModelPeriodEmissionLimit default 999999.0 :
CO2 :=
RE1 3000 
;

param YearSplit default 1.0 :
2019 2020 2021 2022 2023 2024 2025 2026 2027 2028 2029 2030 2031 2032 2033 2034 2035 2036 2037 2038 2039 2040 2041 2042 2043 2044 2045 2046 2047 2048 2049 2050 :=
TS01 0.044 0.044 0.044 0.044 0.044 0.044 0.044 0.044 0.044 0.044 0.044 0.044 0.044 0.044 0.044 0.044 0.044 0.044 0.044 0.044 0.044 0.044 0.044 0.044 0.044 0.044 0.044 0.044 0.044 0.044 0.044 0.044 
TS02 0.022 0.022 0.022 0.022 0.022 0.022 0.022 0.022 0.022 0.022 0.022 0.022 0.022 0.022 0.022 0.022 0.022 0.022 0.022 0.022 0.022 0.022 0.022 0.022 0.022 0.022 0.022 0.022 0.022 0.022 0.022 0.022 
TS03 0.044 0.044 0.044 0.044 0.044 0.044 0.044 0.044 0.044 0.044 0.044 0.044 0.044 0.044 0.044 0.044 0.044 0.044 0.044 0.044 0.044 0.044 0.044 0.044 0.044 0.044 0.044 0.044 0.044 0.044 0.044 0.044 
TS04 0.0294 0.0294 0.0294 0.0294 0.0294 0.0294 0.0294 0.0294 0.0294 0.0294 0.0294 0.0294 0.0294 0.0294 0.0294 0.0294 0.0294 0.0294 0.0294 0.0294 0.0294 0.0294 0.0294 0.0294 0.0294 0.0294 0.0294 0.0294 0.0294 0.0294 0.0294 0.0294 
TS05 0.0147 0.0147 0.0147 0.0147 0.0147 0.0147 0.0147 0.0147 0.0147 0.0147 0.0147 0.0147 0.0147 0.0147 0.0147 0.0147 0.0147 0.0147 0.0147 0.0147 0.0147 0.0147 0.0147 0.0147 0.0147 0.0147 0.0147 0.0147 0.0147 0.0147 0.0147 0.0147 
TS06 0.022 0.022 0.022 0.022 0.022 0.022 0.022 0.022 0.022 0.022 0.022 0.022 0.022 0.022 0.022 0.022 0.022 0.022 0.022 0.022 0.022 0.022 0.022 0.022 0.022 0.022 0.022 0.022 0.022 0.022 0.022 0.022 
TS07 0.0176 0.0176 0.0176 0.0176 0.0176 0.0176 0.0176 0.0176 0.0176 0.0176 0.0176 0.0176 0.0176 0.0176 0.0176 0.0176 0.0176 0.0176 0.0176 0.0176 0.0176 0.0176 0.0176 0.0176 0.0176 0.0176 0.0176 0.0176 0.0176 0.0176 0.0176 0.0176 
TS08 0.0088 0.0088 0.0088 0.0088 0.0088 0.0088 0.0088 0.0088 0.0088 0.0088 0.0088 0.0088 0.0088 0.0088 0.0088 0.0088 0.0088 0.0088 0.0088 0.0088 0.0088 0.0088 0.0088 0.0088 0.0088 0.0088 0.0088 0.0088 0.0088 0.0088 0.0088 0.0088 
TS09 0.0176 0.0176 0.0176 0.0176 0.0176 0.0176 0.0176 0.0176 0.0176 0.0176 0.0176 0.0176 0.0176 0.0176 0.0176 0.0176 0.0176 0.0176 0.0176 0.0176 0.0176 0.0176 0.0176 0.0176 0.0176 0.0176 0.0176 0.0176 0.0176 0.0176 0.0176 0.0176 
TS10 0.0117 0.0117 0.0117 0.0117 0.0117 0.0117 0.0117 0.0117 0.0117 0.0117 0.0117 0.0117 0.0117 0.0117 0.0117 0.0117 0.0117 0.0117 0.0117 0.0117 0.0117 0.0117 0.0117 0.0117 0.0117 0.0117 0.0117 0.0117 0.0117 0.0117 0.0117 0.0117 
TS11 0.0059 0.0059 0.0059 0.0059 0.0059 0.0059 0.0059 0.0059 0.0059 0.0059 0.0059 0.0059 0.0059 0.0059 0.0059 0.0059 0.0059 0.0059 0.0059 0.0059 0.0059 0.0059 0.0059 0.0059 0.0059 0.0059 0.0059 0.0059 0.0059 0.0059 0.0059 0.0059 
TS12 0.0088 0.0088 0.0088 0.0088 0.0088 0.0088 0.0088 0.0088 0.0088 0.0088 0.0088 0.0088 0.0088 0.0088 0.0088 0.0088 0.0088 0.0088 0.0088 0.0088 0.0088 0.0088 0.0088 0.0088 0.0088 0.0088 0.0088 0.0088 0.0088 0.0088 0.0088 0.0088 
TS13 0.0298 0.0298 0.0298 0.0298 0.0298 0.0298 0.0298 0.0298 0.0298 0.0298 0.0298 0.0298 0.0298 0.0298 0.0298 0.0298 0.0298 0.0298 0.0298 0.0298 0.0298 0.0298 0.0298 0.0298 0.0298 0.0298 0.0298 0.0298 0.0298 0.0298 0.0298 0.0298 
TS14 0.0149 0.0149 0.0149 0.0149 0.0149 0.0149 0.0149 0.0149 0.0149 0.0149 0.0149 0.0149 0.0149 0.0149 0.0149 0.0149 0.0149 0.0149 0.0149 0.0149 0.0149 0.0149 0.0149 0.0149 0.0149 0.0149 0.0149 0.0149 0.0149 0.0149 0.0149 0.0149 
TS15 0.0298 0.0298 0.0298 0.0298 0.0298 0.0298 0.0298 0.0298 0.0298 0.0298 0.0298 0.0298 0.0298 0.0298 0.0298 0.0298 0.0298 0.0298 0.0298 0.0298 0.0298 0.0298 0.0298 0.0298 0.0298 0.0298 0.0298 0.0298 0.0298 0.0298 0.0298 0.0298 
TS16 0.0199 0.0199 0.0199 0.0199 0.0199 0.0199 0.0199 0.0199 0.0199 0.0199 0.0199 0.0199 0.0199 0.0199 0.0199 0.0199 0.0199 0.0199 0.0199 0.0199 0.0199 0.0199 0.0199 0.0199 0.0199 0.0199 0.0199 0.0199 0.0199 0.0199 0.0199 0.0199 
TS17 0.01 0.01 0.01 0.01 0.01 0.01 0.01 0.01 0.01 0.01 0.01 0.01 0.01 0.01 0.01 0.01 0.01 0.01 0.01 0.01 0.01 0.01 0.01 0.01 0.01 0.01 0.01 0.01 0.01 0.01 0.01 0.01 
TS18 0.0149 0.0149 0.0149 0.0149 0.0149 0.0149 0.0149 0.0149 0.0149 0.0149 0.0149 0.0149 0.0149 0.0149 0.0149 0.0149 0.0149 0.0149 0.0149 0.0149 0.0149 0.0149 0.0149 0.0149 0.0149 0.0149 0.0149 0.0149 0.0149 0.0149 0.0149 0.0149 
TS19 0.0119 0.0119 0.0119 0.0119 0.0119 0.0119 0.0119 0.0119 0.0119 0.0119 0.0119 0.0119 0.0119 0.0119 0.0119 0.0119 0.0119 0.0119 0.0119 0.0119 0.0119 0.0119 0.0119 0.0119 0.0119 0.0119 0.0119 0.0119 0.0119 0.0119 0.0119 0.0119 
TS20 0.006 0.006 0.006 0.006 0.006 0.006 0.006 0.006 0.006 0.006 0.006 0.006 0.006 0.006 0.006 0.006 0.006 0.006 0.006 0.006 0.006 0.006 0.006 0.006 0.006 0.006 0.006 0.006 0.006 0.006 0.006 0.006 
TS21 0.0119 0.0119 0.0119 0.0119 0.0119 0.0119 0.0119 0.0119 0.0119 0.0119 0.0119 0.0119 0.0119 0.0119 0.0119 0.0119 0.0119 0.0119 0.0119 0.0119 0.0119 0.0119 0.0119 0.0119 0.0119 0.0119 0.0119 0.0119 0.0119 0.0119 0.0119 0.0119 
TS22 0.008 0.008 0.008 0.008 0.008 0.008 0.008 0.008 0.008 0.008 0.008 0.008 0.008 0.008 0.008 0.008 0.008 0.008 0.008 0.008 0.008 0.008 0.008 0.008 0.008 0.008 0.008 0.008 0.008 0.008 0.008 0.008 
TS23 0.004 0.004 0.004 0.004 0.004 0.004 0.004 0.004 0.004 0.004 0.004 0.004 0.004 0.004 0.004 0.004 0.004 0.004 0.004 0.004 0.004 0.004 0.004 0.004 0.004 0.004 0.004 0.004 0.004 0.004 0.004 0.004 
TS24 0.006 0.006 0.006 0.006 0.006 0.006 0.006 0.006 0.006 0.006 0.006 0.006 0.006 0.006 0.006 0.006 0.006 0.006 0.006 0.006 0.006 0.006 0.006 0.006 0.006 0.006 0.006 0.006 0.006 0.006 0.006 0.006 
TS25 0.0597 0.0597 0.0597 0.0597 0.0597 0.0597 0.0597 0.0597 0.0597 0.0597 0.0597 0.0597 0.0597 0.0597 0.0597 0.0597 0.0597 0.0597 0.0597 0.0597 0.0597 0.0597 0.0597 0.0597 0.0597 0.0597 0.0597 0.0597 0.0597 0.0597 0.0597 0.0597 
TS26 0.0298 0.0298 0.0298 0.0298 0.0298 0.0298 0.0298 0.0298 0.0298 0.0298 0.0298 0.0298 0.0298 0.0298 0.0298 0.0298 0.0298 0.0298 0.0298 0.0298 0.0298 0.0298 0.0298 0.0298 0.0298 0.0298 0.0298 0.0298 0.0298 0.0298 0.0298 0.0298 
TS27 0.0597 0.0597 0.0597 0.0597 0.0597 0.0597 0.0597 0.0597 0.0597 0.0597 0.0597 0.0597 0.0597 0.0597 0.0597 0.0597 0.0597 0.0597 0.0597 0.0597 0.0597 0.0597 0.0597 0.0597 0.0597 0.0597 0.0597 0.0597 0.0597 0.0597 0.0597 0.0597 
TS28 0.0398 0.0398 0.0398 0.0398 0.0398 0.0398 0.0398 0.0398 0.0398 0.0398 0.0398 0.0398 0.0398 0.0398 0.0398 0.0398 0.0398 0.0398 0.0398 0.0398 0.0398 0.0398 0.0398 0.0398 0.0398 0.0398 0.0398 0.0398 0.0398 0.0398 0.0398 0.0398 
TS29 0.0199 0.0199 0.0199 0.0199 0.0199 0.0199 0.0199 0.0199 0.0199 0.0199 0.0199 0.0199 0.0199 0.0199 0.0199 0.0199 0.0199 0.0199 0.0199 0.0199 0.0199 0.0199 0.0199 0.0199 0.0199 0.0199 0.0199 0.0199 0.0199 0.0199 0.0199 0.0199 
TS30 0.0298 0.0298 0.0298 0.0298 0.0298 0.0298 0.0298 0.0298 0.0298 0.0298 0.0298 0.0298 0.0298 0.0298 0.0298 0.0298 0.0298 0.0298 0.0298 0.0298 0.0298 0.0298 0.0298 0.0298 0.0298 0.0298 0.0298 0.0298 0.0298 0.0298 0.0298 0.0298 
TS31 0.0239 0.0239 0.0239 0.0239 0.0239 0.0239 0.0239 0.0239 0.0239 0.0239 0.0239 0.0239 0.0239 0.0239 0.0239 0.0239 0.0239 0.0239 0.0239 0.0239 0.0239 0.0239 0.0239 0.0239 0.0239 0.0239 0.0239 0.0239 0.0239 0.0239 0.0239 0.0239 
TS32 0.0119 0.0119 0.0119 0.0119 0.0119 0.0119 0.0119 0.0119 0.0119 0.0119 0.0119 0.0119 0.0119 0.0119 0.0119 0.0119 0.0119 0.0119 0.0119 0.0119 0.0119 0.0119 0.0119 0.0119 0.0119 0.0119 0.0119 0.0119 0.0119 0.0119 0.0119 0.0119 
TS33 0.0239 0.0239 0.0239 0.0239 0.0239 0.0239 0.0239 0.0239 0.0239 0.0239 0.0239 0.0239 0.0239 0.0239 0.0239 0.0239 0.0239 0.0239 0.0239 0.0239 0.0239 0.0239 0.0239 0.0239 0.0239 0.0239 0.0239 0.0239 0.0239 0.0239 0.0239 0.0239 
TS34 0.0159 0.0159 0.0159 0.0159 0.0159 0.0159 0.0159 0.0159 0.0159 0.0159 0.0159 0.0159 0.0159 0.0159 0.0159 0.0159 0.0159 0.0159 0.0159 0.0159 0.0159 0.0159 0.0159 0.0159 0.0159 0.0159 0.0159 0.0159 0.0159 0.0159 0.0159 0.0159 
TS35 0.008 0.008 0.008 0.008 0.008 0.008 0.008 0.008 0.008 0.008 0.008 0.008 0.008 0.008 0.008 0.008 0.008 0.008 0.008 0.008 0.008 0.008 0.008 0.008 0.008 0.008 0.008 0.008 0.008 0.008 0.008 0.008 
TS36 0.0119 0.0119 0.0119 0.0119 0.0119 0.0119 0.0119 0.0119 0.0119 0.0119 0.0119 0.0119 0.0119 0.0119 0.0119 0.0119 0.0119 0.0119 0.0119 0.0119 0.0119 0.0119 0.0119 0.0119 0.0119 0.0119 0.0119 0.0119 0.0119 0.0119 0.0119 0.0119 
TS37 0.045 0.045 0.045 0.045 0.045 0.045 0.045 0.045 0.045 0.045 0.045 0.045 0.045 0.045 0.045 0.045 0.045 0.045 0.045 0.045 0.045 0.045 0.045 0.045 0.045 0.045 0.045 0.045 0.045 0.045 0.045 0.045 
TS38 0.0225 0.0225 0.0225 0.0225 0.0225 0.0225 0.0225 0.0225 0.0225 0.0225 0.0225 0.0225 0.0225 0.0225 0.0225 0.0225 0.0225 0.0225 0.0225 0.0225 0.0225 0.0225 0.0225 0.0225 0.0225 0.0225 0.0225 0.0225 0.0225 0.0225 0.0225 0.0225 
TS39 0.045 0.045 0.045 0.045 0.045 0.045 0.045 0.045 0.045 0.045 0.045 0.045 0.045 0.045 0.045 0.045 0.045 0.045 0.045 0.045 0.045 0.045 0.045 0.045 0.045 0.045 0.045 0.045 0.045 0.045 0.045 0.045 
TS40 0.03 0.03 0.03 0.03 0.03 0.03 0.03 0.03 0.03 0.03 0.03 0.03 0.03 0.03 0.03 0.03 0.03 0.03 0.03 0.03 0.03 0.03 0.03 0.03 0.03 0.03 0.03 0.03 0.03 0.03 0.03 0.03 
TS41 0.015 0.015 0.015 0.015 0.015 0.015 0.015 0.015 0.015 0.015 0.015 0.015 0.015 0.015 0.015 0.015 0.015 0.015 0.015 0.015 0.015 0.015 0.015 0.015 0.015 0.015 0.015 0.015 0.015 0.015 0.015 0.015 
TS42 0.0225 0.0225 0.0225 0.0225 0.0225 0.0225 0.0225 0.0225 0.0225 0.0225 0.0225 0.0225 0.0225 0.0225 0.0225 0.0225 0.0225 0.0225 0.0225 0.0225 0.0225 0.0225 0.0225 0.0225 0.0225 0.0225 0.0225 0.0225 0.0225 0.0225 0.0225 0.0225 
TS43 0.018 0.018 0.018 0.018 0.018 0.018 0.018 0.018 0.018 0.018 0.018 0.018 0.018 0.018 0.018 0.018 0.018 0.018 0.018 0.018 0.018 0.018 0.018 0.018 0.018 0.018 0.018 0.018 0.018 0.018 0.018 0.018 
TS44 0.009 0.009 0.009 0.009 0.009 0.009 0.009 0.009 0.009 0.009 0.009 0.009 0.009 0.009 0.009 0.009 0.009 0.009 0.009 0.009 0.009 0.009 0.009 0.009 0.009 0.009 0.009 0.009 0.009 0.009 0.009 0.009 
TS45 0.018 0.018 0.018 0.018 0.018 0.018 0.018 0.018 0.018 0.018 0.018 0.018 0.018 0.018 0.018 0.018 0.018 0.018 0.018 0.018 0.018 0.018 0.018 0.018 0.018 0.018 0.018 0.018 0.018 0.018 0.018 0.018 
TS46 0.012 0.012 0.012 0.012 0.012 0.012 0.012 0.012 0.012 0.012 0.012 0.012 0.012 0.012 0.012 0.012 0.012 0.012 0.012 0.012 0.012 0.012 0.012 0.012 0.012 0.012 0.012 0.012 0.012 0.012 0.012 0.012 
TS47 0.006 0.006 0.006 0.006 0.006 0.006 0.006 0.006 0.006 0.006 0.006 0.006 0.006 0.006 0.006 0.006 0.006 0.006 0.006 0.006 0.006 0.006 0.006 0.006 0.006 0.006 0.006 0.006 0.006 0.006 0.006 0.006 
TS48 0.009 0.009 0.009 0.009 0.009 0.009 0.009 0.009 0.009 0.009 0.009 0.009 0.009 0.009 0.009 0.009 0.009 0.009 0.009 0.009 0.009 0.009 0.009 0.009 0.009 0.009 0.009 0.009 0.009 0.009 0.009 0.009 
;

param DaySplit default 1.0 :
2019 2020 2021 2022 2023 2024 2025 2026 2027 2028 2029 2030 2031 2032 2033 2034 2035 2036 2037 2038 2039 2040 2041 2042 2043 2044 2045 2046 2047 2048 2049 2050 :=
1 1 1 1 1 1 1 1 1 1 1 1 1 1 1 1 1 1 1 1 1 1 1 1 1 1 1 1 1 1 1 1 1 
2 1 1 1 1 1 1 1 1 1 1 1 1 1 1 1 1 1 1 1 1 1 1 1 1 1 1 1 1 1 1 1 1 
3 1 1 1 1 1 1 1 1 1 1 1 1 1 1 1 1 1 1 1 1 1 1 1 1 1 1 1 1 1 1 1 1 
4 1 1 1 1 1 1 1 1 1 1 1 1 1 1 1 1 1 1 1 1 1 1 1 1 1 1 1 1 1 1 1 1 
5 1 1 1 1 1 1 1 1 1 1 1 1 1 1 1 1 1 1 1 1 1 1 1 1 1 1 1 1 1 1 1 1 
6 1 1 1 1 1 1 1 1 1 1 1 1 1 1 1 1 1 1 1 1 1 1 1 1 1 1 1 1 1 1 1 1 
;

param AvailabilityFactor default 1.0 :=
[RE1,*,*]:
2019 2020 2021 2022 2023 2024 2025 2026 2027 2028 2029 2030 2031 2032 2033 2034 2035 2036 2037 2038 2039 2040 2041 2042 2043 2044 2045 2046 2047 2048 2049 2050 :=
IMPELC001 0.93 0.93 0.93 0.93 0.93 0.93 0.93 0.93 0.93 0.93 0.93 0.93 0.93 0.93 0.93 0.93 0.93 0.93 0.93 0.93 0.93 0.93 0.93 0.93 0.93 0.93 0.93 0.93 0.93 0.93 0.93 0.93 
IMPELC002 0.93 0.93 0.93 0.93 0.93 0.93 0.93 0.93 0.93 0.93 0.93 0.93 0.93 0.93 0.93 0.93 0.93 0.93 0.93 0.93 0.93 0.93 0.93 0.93 0.93 0.93 0.93 0.93 0.93 0.93 0.93 0.93 
PWRCOA001 0.8731 0.8731 0.8731 0.8731 0.8731 0.8731 0.8731 0.8731 0.8731 0.8731 0.8731 0.8731 0.8731 0.8731 0.8731 0.8731 0.8731 0.8731 0.8731 0.8731 0.8731 0.8731 0.8731 0.8731 0.8731 0.8731 0.8731 0.8731 0.8731 0.8731 0.8731 0.8731 
PWRGEO001 0.9455 0.9455 0.9455 0.9455 0.9455 0.9455 0.9455 0.9455 0.9455 0.9455 0.9455 0.9455 0.9455 0.9455 0.9455 0.9455 0.9455 0.9455 0.9455 0.9455 0.9455 0.9455 0.9455 0.9455 0.9455 0.9455 0.9455 0.9455 0.9455 0.9455 0.9455 0.9455 
PWRGEO002 0.9455 0.9455 0.9455 0.9455 0.9455 0.9455 0.9455 0.9455 0.9455 0.9455 0.9455 0.9455 0.9455 0.9455 0.9455 0.9455 0.9455 0.9455 0.9455 0.9455 0.9455 0.9455 0.9455 0.9455 0.9455 0.9455 0.9455 0.9455 0.9455 0.9455 0.9455 0.9455 
PWRGEO003 0.9455 0.9455 0.9455 0.9455 0.9455 0.9455 0.9455 0.9455 0.9455 0.9455 0.9455 0.9455 0.9455 0.9455 0.9455 0.9455 0.9455 0.9455 0.9455 0.9455 0.9455 0.9455 0.9455 0.9455 0.9455 0.9455 0.9455 0.9455 0.9455 0.9455 0.9455 0.9455 
PWRGEO004 0.9455 0.9455 0.9455 0.9455 0.9455 0.9455 0.9455 0.9455 0.9455 0.9455 0.9455 0.9455 0.9455 0.9455 0.9455 0.9455 0.9455 0.9455 0.9455 0.9455 0.9455 0.9455 0.9455 0.9455 0.9455 0.9455 0.9455 0.9455 0.9455 0.9455 0.9455 0.9455 
PWRGEO005 0.9455 0.9455 0.9455 0.9455 0.9455 0.9455 0.9455 0.9455 0.9455 0.9455 0.9455 0.9455 0.9455 0.9455 0.9455 0.9455 0.9455 0.9455 0.9455 0.9455 0.9455 0.9455 0.9455 0.9455 0.9455 0.9455 0.9455 0.9455 0.9455 0.9455 0.9455 0.9455 
PWRGEO006 0.9455 0.9455 0.9455 0.9455 0.9455 0.9455 0.9455 0.9455 0.9455 0.9455 0.9455 0.9455 0.9455 0.9455 0.9455 0.9455 0.9455 0.9455 0.9455 0.9455 0.9455 0.9455 0.9455 0.9455 0.9455 0.9455 0.9455 0.9455 0.9455 0.9455 0.9455 0.9455 
PWRGEO007 0.9455 0.9455 0.9455 0.9455 0.9455 0.9455 0.9455 0.9455 0.9455 0.9455 0.9455 0.9455 0.9455 0.9455 0.9455 0.9455 0.9455 0.9455 0.9455 0.9455 0.9455 0.9455 0.9455 0.9455 0.9455 0.9455 0.9455 0.9455 0.9455 0.9455 0.9455 0.9455 
PWRHFO001 0.8823 0.8823 0.8823 0.8823 0.8823 0.8823 0.8823 0.8823 0.8823 0.8823 0.8823 0.8823 0.8823 0.8823 0.8823 0.8823 0.8823 0.8823 0.8823 0.8823 0.8823 0.8823 0.8823 0.8823 0.8823 0.8823 0.8823 0.8823 0.8823 0.8823 0.8823 0.8823 
PWRHYD001 0.9223 0.9223 0.9223 0.9223 0.9223 0.9223 0.9223 0.9223 0.9223 0.9223 0.9223 0.9223 0.9223 0.9223 0.9223 0.9223 0.9223 0.9223 0.9223 0.9223 0.9223 0.9223 0.9223 0.9223 0.9223 0.9223 0.9223 0.9223 0.9223 0.9223 0.9223 0.9223 
PWRHYD002 0.9223 0.9223 0.9223 0.9223 0.9223 0.9223 0.9223 0.9223 0.9223 0.9223 0.9223 0.9223 0.9223 0.9223 0.9223 0.9223 0.9223 0.9223 0.9223 0.9223 0.9223 0.9223 0.9223 0.9223 0.9223 0.9223 0.9223 0.9223 0.9223 0.9223 0.9223 0.9223 
PWRHYD003 0.9223 0.9223 0.9223 0.9223 0.9223 0.9223 0.9223 0.9223 0.9223 0.9223 0.9223 0.9223 0.9223 0.9223 0.9223 0.9223 0.9223 0.9223 0.9223 0.9223 0.9223 0.9223 0.9223 0.9223 0.9223 0.9223 0.9223 0.9223 0.9223 0.9223 0.9223 0.9223 
PWRHYD004 0.9223 0.9223 0.9223 0.9223 0.9223 0.9223 0.9223 0.9223 0.9223 0.9223 0.9223 0.9223 0.9223 0.9223 0.9223 0.9223 0.9223 0.9223 0.9223 0.9223 0.9223 0.9223 0.9223 0.9223 0.9223 0.9223 0.9223 0.9223 0.9223 0.9223 0.9223 0.9223 
PWRHYD005 0.9223 0.9223 0.9223 0.9223 0.9223 0.9223 0.9223 0.9223 0.9223 0.9223 0.9223 0.9223 0.9223 0.9223 0.9223 0.9223 0.9223 0.9223 0.9223 0.9223 0.9223 0.9223 0.9223 0.9223 0.9223 0.9223 0.9223 0.9223 0.9223 0.9223 0.9223 0.9223 
PWRLFO001 0.8881 0.8881 0.8881 0.8881 0.8881 0.8881 0.8881 0.8881 0.8881 0.8881 0.8881 0.8881 0.8881 0.8881 0.8881 0.8881 0.8881 0.8881 0.8881 0.8881 0.8881 0.8881 0.8881 0.8881 0.8881 0.8881 0.8881 0.8881 0.8881 0.8881 0.8881 0.8881 
PWRNGS001 0.9315 0.9315 0.9315 0.9315 0.9315 0.9315 0.9315 0.9315 0.9315 0.9315 0.9315 0.9315 0.9315 0.9315 0.9315 0.9315 0.9315 0.9315 0.9315 0.9315 0.9315 0.9315 0.9315 0.9315 0.9315 0.9315 0.9315 0.9315 0.9315 0.9315 0.9315 0.9315 
PWRPHS001 0.9235 0.9235 0.9235 0.9235 0.9235 0.9235 0.9235 0.9235 0.9235 0.9235 0.9235 0.9235 0.9235 0.9235 0.9235 0.9235 0.9235 0.9235 0.9235 0.9235 0.9235 0.9235 0.9235 0.9235 0.9235 0.9235 0.9235 0.9235 0.9235 0.9235 0.9235 0.9235 
PWRPHS002 0.9235 0.9235 0.9235 0.9235 0.9235 0.9235 0.9235 0.9235 0.9235 0.9235 0.9235 0.9235 0.9235 0.9235 0.9235 0.9235 0.9235 0.9235 0.9235 0.9235 0.9235 0.9235 0.9235 0.9235 0.9235 0.9235 0.9235 0.9235 0.9235 0.9235 0.9235 0.9235 
PWRURN001 0.9612 0.9612 0.9612 0.9612 0.9612 0.9612 0.9612 0.9612 0.9612 0.9612 0.9612 0.9612 0.9612 0.9612 0.9612 0.9612 0.9612 0.9612 0.9612 0.9612 0.9612 0.9612 0.9612 0.9612 0.9612 0.9612 0.9612 0.9612 0.9612 0.9612 0.9612 0.9612 
;

param CapitalCost default 0.0 :=
[RE1,*,*]:
2019 2020 2021 2022 2023 2024 2025 2026 2027 2028 2029 2030 2031 2032 2033 2034 2035 2036 2037 2038 2039 2040 2041 2042 2043 2044 2045 2046 2047 2048 2049 2050 :=
BACKSTOP 99999.0 99999.0 99999.0 99999.0 99999.0 99999.0 99999.0 99999.0 99999.0 99999.0 99999.0 99999.0 99999.0 99999.0 99999.0 99999.0 99999.0 99999.0 99999.0 99999.0 99999.0 99999.0 99999.0 99999.0 99999.0 99999.0 99999.0 99999.0 99999.0 99999.0 99999.0 99999.0 
BESS_TECH 1483.0 1449.6 1416.9 1385.0 1353.8 1323.3 1293.5 1279.1690259989 1265.1335359979 1251.3935299969 1237.9982553292 1224.8984646616 1212.0941579939 1199.5853353264 1187.3719966588 1175.4048946579 1163.733276657 1152.3078953228 1141.1287506553 1130.1958426545 1119.5091713204 1109.1179839863 1098.9237859855 1088.9265773181 1079.2248526507 1069.6708699834 1060.3631239827 1051.2523673153 1042.3878473147 1033.671069314 1025.2005279801 1016.8777286461 
IMPNGS 20.0 20.0 20.0 20.0 20.0 20.0 20.1982322007 20.3964644013 20.594696602 20.7929288027 20.9911610034 21.189393204 21.3876254047 21.5858576054 21.7840898061 21.9823220067 22.1805542074 22.3787864081 22.5770186088 22.7752508094 22.9734830101 23.1717152108 23.3699474115 23.5681796121 23.7664118128 23.9646440135 24.1628762141 24.3611084148 24.5593406155 24.7575728162 24.9558050168 25.1540372175 
PWRBIO001 2500.0 2500.0 2500.0 2500.0 2500.0 2500.0 2505.1820328809 2510.3640657618 2515.5460986427 2520.7281315236 2525.9101644045 2531.0921972853 2536.2742301662 2541.4562630471 2546.638295928 2551.8203288089 2557.0023616898 2562.1843945707 2567.3664274516 2572.5484603325 2577.7304932134 2582.9125260942 2588.0945589751 2593.276591856 2598.4586247369 2603.6406576178 2608.8226904987 2614.0047233796 2619.1867562605 2624.3687891414 2629.5508220223 2634.7328549031 
PWRCOA001 2479.2 2479.2 2479.2 2479.2 2479.2 2479.2 2479.2 2479.2 2479.2 2479.2 2479.2 2479.2 2479.2 2479.2 2479.2 2479.2 2479.2 2479.2 2479.2 2479.2 2479.2 2479.2 2479.2 2479.2 2479.2 2479.2 2479.2 2479.2 2479.2 2479.2 2479.2 2479.2 
PWRDIST 2502.0 2502.0 2502.0 2502.0 2502.0 2502.0 2502.0 2502.0 2502.0 2502.0 2502.0 2502.0 2502.0 2502.0 2502.0 2502.0 2502.0 2502.0 2502.0 2502.0 2502.0 2502.0 2502.0 2502.0 2502.0 2502.0 2502.0 2502.0 2502.0 2502.0 2502.0 2502.0 
PWRGEO001 3329.22 3329.22 3329.22 3329.22 3329.22 3329.22 3329.22 3329.22 3329.22 3329.22 3329.22 3329.22 3329.22 3329.22 3329.22 3329.22 3329.22 3329.22 3329.22 3329.22 3329.22 3329.22 3329.22 3329.22 3329.22 3329.22 3329.22 3329.22 3329.22 3329.22 3329.22 3329.22 
PWRGEO002 3476.57 3476.57 3476.57 3476.57 3476.57 3476.57 3476.57 3476.57 3476.57 3476.57 3476.57 3476.57 3476.57 3476.57 3476.57 3476.57 3476.57 3476.57 3476.57 3476.57 3476.57 3476.57 3476.57 3476.57 3476.57 3476.57 3476.57 3476.57 3476.57 3476.57 3476.57 3476.57 
PWRGEO003 3439.33 3439.33 3439.33 3439.33 3439.33 3439.33 3439.33 3439.33 3439.33 3439.33 3439.33 3439.33 3439.33 3439.33 3439.33 3439.33 3439.33 3439.33 3439.33 3439.33 3439.33 3439.33 3439.33 3439.33 3439.33 3439.33 3439.33 3439.33 3439.33 3439.33 3439.33 3439.33 
PWRGEO004 3439.0 3439.0 3439.0 3439.0 3439.0 3439.0 3439.0 3439.0 3439.0 3439.0 3439.0 3439.0 3439.0 3439.0 3439.0 3439.0 3439.0 3439.0 3439.0 3439.0 3439.0 3439.0 3439.0 3439.0 3439.0 3439.0 3439.0 3439.0 3439.0 3439.0 3439.0 3439.0 
PWRGEO005 3595.0 3595.0 3595.0 3595.0 3595.0 3595.0 3595.0 3595.0 3595.0 3595.0 3595.0 3595.0 3595.0 3595.0 3595.0 3595.0 3595.0 3595.0 3595.0 3595.0 3595.0 3595.0 3595.0 3595.0 3595.0 3595.0 3595.0 3595.0 3595.0 3595.0 3595.0 3595.0 
PWRGEO006 3801.41 3801.41 3801.41 3801.41 3801.41 3801.41 3779.8046702214 3758.1993404428 3736.5940106642 3714.9886808856 3693.383351107 3671.7780213284 3650.1726915498 3628.5673617712 3606.9620319926 3585.356702214 3563.7513724354 3542.1460426568 3520.5407128782 3498.9353830996 3477.3300533211 3455.7247235425 3434.1193937639 3412.5140639853 3390.9087342067 3369.3034044281 3347.6980746495 3326.0927448709 3304.4874150923 3282.8820853137 3261.2767555351 3239.6714257565 
PWRGEO007 3801.41 3801.41 3801.41 3801.41 3801.41 3801.41 3801.41 3801.41 3801.41 3801.41 3801.41 3801.41 3801.41 3801.41 3801.41 3801.41 3801.41 3801.41 3801.41 3801.41 3801.41 3801.41 3801.41 3801.41 3801.41 3801.41 3801.41 3801.41 3801.41 3801.41 3801.41 3801.41 
PWRHFO001 1603.57 1603.57 1603.57 1603.57 1603.57 1603.57 1603.57 1603.57 1603.57 1603.57 1603.57 1603.57 1603.57 1603.57 1603.57 1603.57 1603.57 1603.57 1603.57 1603.57 1603.57 1603.57 1603.57 1603.57 1603.57 1603.57 1603.57 1603.57 1603.57 1603.57 1603.57 1603.57 
PWRHYD001 3430.0 3430.0 3430.0 3430.0 3430.0 3430.0 3425.2339617153 3420.4679234305 3415.7018851458 3410.935846861 3406.1698085763 3401.4037702915 3396.6377320068 3391.871693722 3387.1056554373 3382.3396171525 3377.5735788678 3372.807540583 3368.0415022983 3363.2754640135 3358.5094257288 3353.743387444 3348.9773491593 3344.2113108745 3339.4452725898 3334.679234305 3329.9131960203 3325.1471577356 3320.3811194508 3315.6150811661 3310.8490428813 3306.0830045966 
PWRHYD002 3466.73 3466.73 3466.73 3466.73 3466.73 3466.73 3461.9129248097 3457.0958496193 3452.278774429 3447.4616992386 3442.6446240483 3437.8275488579 3433.0104736676 3428.1933984772 3423.3763232869 3418.5592480966 3413.7421729062 3408.9250977159 3404.1080225255 3399.2909473352 3394.4738721448 3389.6567969545 3384.8397217641 3380.0226465738 3375.2055713834 3370.3884961931 3365.5714210028 3360.7543458124 3355.9372706221 3351.1201954317 3346.3031202414 3341.486045051 
PWRHYD003 3430.48 3430.48 3430.48 3430.48 3430.48 3430.48 3425.7132947478 3420.9465894956 3416.1798842434 3411.4131789912 3406.646473739 3401.8797684868 3397.1130632346 3392.3463579824 3387.5796527302 3382.812947478 3378.0462422258 3373.2795369735 3368.5128317213 3363.7461264691 3358.9794212169 3354.2127159647 3349.4460107125 3344.6793054603 3339.9126002081 3335.1458949559 3330.3791897037 3325.6124844515 3320.8457791993 3316.0790739471 3311.3123686949 3306.5456634427 
PWRHYD004 3223.225 3223.225 3223.225 3223.225 3223.225 3223.225 3218.74627879 3214.26755758 3209.78883637 3205.3101151599 3200.8313939499 3196.3526727399 3191.8739515299 3187.3952303199 3182.9165091099 3178.4377878998 3173.9590666898 3169.4803454798 3165.0016242698 3160.5229030598 3156.0441818498 3151.5654606397 3147.0867394297 3142.6080182197 3138.1292970097 3133.6505757997 3129.1718545897 3124.6931333796 3120.2144121696 3115.7356909596 3111.2569697496 3106.7782485396 
PWRHYD005 3484.26 3484.26 3484.26 3484.26 3484.26 3484.26 3479.4185666023 3474.5771332047 3469.735699807 3464.8942664093 3460.0528330116 3455.211399614 3450.3699662163 3445.5285328186 3440.687099421 3435.8456660233 3431.0042326256 3426.1627992279 3421.3213658303 3416.4799324326 3411.6384990349 3406.7970656372 3401.9556322396 3397.1141988419 3392.2727654442 3387.4313320466 3382.5898986489 3377.7484652512 3372.9070318535 3368.0655984559 3363.2241650582 3358.3827316605 
PWRLFO001 1240.74 1240.74 1240.74 1240.74 1240.74 1240.74 1240.74 1240.74 1240.74 1240.74 1240.74 1240.74 1240.74 1240.74 1240.74 1240.74 1240.74 1240.74 1240.74 1240.74 1240.74 1240.74 1240.74 1240.74 1240.74 1240.74 1240.74 1240.74 1240.74 1240.74 1240.74 1240.74 
PWRNGS001 857.14 857.14 857.14 857.14 857.14 857.14 857.4151120122 857.6902240243 857.9653360365 858.2404480486 858.5155600608 858.790672073 859.0657840851 859.3408960973 859.6160081094 859.8911201216 860.1662321338 860.4413441459 860.7164561581 860.9915681703 861.2666801824 861.5417921946 861.8169042067 862.0920162189 862.3671282311 862.6422402432 862.9173522554 863.1924642675 863.4675762797 863.7426882919 864.017800304 864.2929123162 
PWRPHS001 1129.0 1129.0 1129.0 1129.0 1129.0 1129.0 1127.6097195513 1126.2194391026 1124.8291586539 1123.4388782052 1122.0485977565 1120.6583173078 1119.2680368591 1117.8777564104 1116.4874759617 1115.097195513 1113.7069150643 1112.3166346156 1110.926354167 1109.5360737183 1108.1457932696 1106.7555128209 1105.3652323722 1103.9749519235 1102.5846714748 1101.1943910261 1099.8041105774 1098.4138301287 1097.02354968 1095.6332692313 1094.2429887826 1092.8527083339 
PWRPHS002 1129.0 1129.0 1129.0 1129.0 1129.0 1129.0 1127.6097195513 1126.2194391026 1124.8291586539 1123.4388782052 1122.0485977565 1120.6583173078 1119.2680368591 1117.8777564104 1116.4874759617 1115.097195513 1113.7069150643 1112.3166346156 1110.926354167 1109.5360737183 1108.1457932696 1106.7555128209 1105.3652323722 1103.9749519235 1102.5846714748 1101.1943910261 1099.8041105774 1098.4138301287 1097.02354968 1095.6332692313 1094.2429887826 1092.8527083339 
PWRSOL001 1224.4 1199.3 1174.8 1150.8 1127.3 1104.2 1080.6463316227 1079.6926632453 1078.738994868 1077.7853264906 1076.8316581133 1075.877989736 1074.9243213586 1073.9706529813 1073.0169846039 1072.0633162266 1071.1096478493 1070.1559794719 1069.2023110946 1068.2486427172 1067.2949743399 1066.3413059626 1065.3876375852 1064.4339692079 1063.4803008306 1062.5266324532 1061.5729640759 1060.6192956985 1059.6656273212 1058.7119589439 1057.7582905665 1056.8046221892 
PWRSOL002 1224.4 1199.3 1174.8 1150.8 1127.3 1104.2 1080.6463316227 1079.6926632453 1078.738994868 1077.7853264906 1076.8316581133 1075.877989736 1074.9243213586 1073.9706529813 1073.0169846039 1072.0633162266 1071.1096478493 1070.1559794719 1069.2023110946 1068.2486427172 1067.2949743399 1066.3413059626 1065.3876375852 1064.4339692079 1063.4803008306 1062.5266324532 1061.5729640759 1060.6192956985 1059.6656273212 1058.7119589439 1057.7582905665 1056.8046221892 
PWRTRN 365.0 365.0 365.0 365.0 365.0 365.0 365.0 365.0 365.0 365.0 365.0 365.0 365.0 365.0 365.0 365.0 365.0 365.0 365.0 365.0 365.0 365.0 365.0 365.0 365.0 365.0 365.0 365.0 365.0 365.0 365.0 365.0 
PWRURN001 5000.0 5000.0 5000.0 5000.0 5000.0 5000.0 5005.6508303145 5011.3016606291 5016.9524909436 5022.6033212582 5028.2541515727 5033.9049818872 5039.5558122018 5045.2066425163 5050.8574728309 5056.5083031454 5062.1591334599 5067.8099637745 5073.460794089 5079.1116244035 5084.7624547181 5090.4132850326 5096.0641153472 5101.7149456617 5107.3657759762 5113.0166062908 5118.6674366053 5124.3182669199 5129.9690972344 5135.6199275489 5141.2707578635 5146.921588178 
PWRWND001 1583.3 1578.8 1574.4 1570.0 1565.5 1561.1 1582.8144493368 1608.9288986736 1635.0433480104 1661.1577973472 1687.272246684 1713.3866960208 1739.5011453576 1765.6155946945 1791.7300440313 1817.8444933681 1843.9589427049 1870.0733920417 1896.1878413785 1922.3022907153 1948.4167400521 1974.5311893889 2000.6456387257 2026.7600880625 2052.8745373993 2078.9889867361 2105.1034360729 2131.2178854097 2157.3323347465 2183.4467840834 2209.5612334202 2235.675682757 
PWRWND002 1743.2 1738.2 1733.4 1728.6 1723.6 1718.8 1742.7532383653 1771.5064767306 1800.2597150959 1829.0129534613 1857.7661918266 1886.5194301919 1915.2726685572 1944.0259069225 1972.7791452878 2001.5323836532 2030.2856220185 2059.0388603838 2087.7920987491 2116.5453371144 2145.2985754797 2174.051813845 2202.8050522104 2231.5582905757 2260.311528941 2289.0647673063 2317.8180056716 2346.5712440369 2375.3244824023 2404.0777207676 2432.8309591329 2461.5841974982 
PWRWND003 1623.1 1618.5 1614.0 1609.5 1604.9 1600.4 1622.6720496541 1649.4440993083 1676.2161489624 1702.9881986166 1729.7602482707 1756.5322979249 1783.304347579 1810.0763972332 1836.8484468873 1863.6204965415 1890.3925461956 1917.1645958498 1943.9366455039 1970.708695158 1997.4807448122 2024.2527944663 2051.0248441205 2077.7968937746 2104.5689434288 2131.3409930829 2158.1130427371 2184.8850923912 2211.6571420454 2238.4291916995 2265.2012413537 2291.9732910078 
PWRWND004 1583.4 1578.9 1574.5 1570.1 1565.6 1561.2 1582.9161268886 1609.0322537773 1635.1483806659 1661.2645075545 1687.3806344432 1713.4967613318 1739.6128882205 1765.7290151091 1791.8451419977 1817.9612688864 1844.077395775 1870.1935226636 1896.3096495523 1922.4257764409 1948.5419033295 1974.6580302182 2000.7741571068 2026.8902839955 2053.0064108841 2079.1225377727 2105.2386646614 2131.35479155 2157.4709184386 2183.5870453273 2209.7031722159 2235.8192991045 
PWRWND005 1659.0 1654.3 1649.7 1645.1 1640.4 1635.8 1658.5642254501 1685.9284509002 1713.2926763504 1740.6569018005 1768.0211272506 1795.3853527007 1822.7495781508 1850.1138036009 1877.4780290511 1904.8422545012 1932.2064799513 1959.5707054014 1986.9349308515 2014.2991563017 2041.6633817518 2069.0276072019 2096.391832652 2123.7560581021 2151.1202835522 2178.4845090024 2205.8487344525 2233.2129599026 2260.5771853527 2287.9414108028 2315.305636253 2342.6698617031 
PWRWND006 1556.5 1552.1 1547.8 1543.4 1539.0 1534.7 1556.0732532055 1581.7465064111 1607.4197596166 1633.0930128221 1658.7662660277 1684.4395192332 1710.1127724387 1735.7860256442 1761.4592788498 1787.1325320553 1812.8057852608 1838.4790384664 1864.1522916719 1889.8255448774 1915.498798083 1941.1720512885 1966.845304494 1992.5185576995 2018.1918109051 2043.8650641106 2069.5383173161 2095.2115705217 2120.8848237272 2146.5580769327 2172.2313301383 2197.9045833438 
PWRWND007 1789.7 1784.6 1779.7 1774.7 1769.6 1764.6 1789.2198795516 1818.7397591032 1848.2596386548 1877.7795182064 1907.299397758 1936.8192773096 1966.3391568612 1995.8590364128 2025.3789159644 2054.898795516 2084.4186750676 2113.9385546192 2143.4584341708 2172.9783137224 2202.498193274 2232.0180728256 2261.5379523772 2291.0578319288 2320.5777114804 2350.097591032 2379.6174705836 2409.1373501352 2438.6572296868 2468.1771092384 2497.69698879 2527.2168683416 
PWRWND008 1922.4 1916.9 1911.6 1906.3 1900.8 1895.5 1921.9090846897 1953.6181693794 1985.3272540691 2017.0363387587 2048.7454234484 2080.4545081381 2112.1635928278 2143.8726775175 2175.5817622072 2207.2908468968 2238.9999315865 2270.7090162762 2302.4181009659 2334.1271856556 2365.8362703453 2397.545355035 2429.2544397246 2460.9635244143 2492.672609104 2524.3816937937 2556.0907784834 2587.7998631731 2619.5089478627 2651.2180325524 2682.9271172421 2714.6362019318 
PWRWND009 1700.6 1695.8 1691.1 1686.3 1681.5 1676.8 1700.1503441486 1728.2006882971 1756.2510324457 1784.3013765943 1812.3517207428 1840.4020648914 1868.45240904 1896.5027531885 1924.5530973371 1952.6034414857 1980.6537856342 2008.7041297828 2036.7544739314 2064.8048180799 2092.8551622285 2120.9055063771 2148.9558505256 2177.0061946742 2205.0565388228 2233.1068829713 2261.1572271199 2289.2075712685 2317.257915417 2345.3082595656 2373.3586037142 2401.4089478627 
PWRWND010 1672.8 1668.0 1663.4 1658.8 1654.0 1649.4 1672.2906949472 1699.8813898943 1727.4720848415 1755.0627797886 1782.6534747358 1810.244169683 1837.8348646301 1865.4255595773 1893.0162545245 1920.6069494716 1948.1976444188 1975.7883393659 2003.3790343131 2030.9697292603 2058.5604242074 2086.1511191546 2113.7418141017 2141.3325090489 2168.9232039961 2196.5138989432 2224.1045938904 2251.6952888375 2279.2859837847 2306.8766787319 2334.467373679 2362.0580686262 
PWRWND011 1810.85 1804.82 1798.8 1792.81 1786.84 1780.88 1804.7257062057 1834.5014124113 1864.277118617 1894.0528248227 1923.8285310283 1953.604237234 1983.3799434397 2013.1556496454 2042.931355851 2072.7070620567 2102.4827682624 2132.258474468 2162.0341806737 2191.8098868794 2221.585593085 2251.3612992907 2281.1370054964 2310.912711702 2340.6884179077 2370.4641241134 2400.239830319 2430.0155365247 2459.7912427304 2489.5669489361 2519.3426551417 2549.1183613474 
;

param FixedCost default 0.0 :=
[RE1,*,*]:
2019 2020 2021 2022 2023 2024 2025 2026 2027 2028 2029 2030 2031 2032 2033 2034 2035 2036 2037 2038 2039 2040 2041 2042 2043 2044 2045 2046 2047 2048 2049 2050 :=
BACKSTOP 999.0 999.0 999.0 999.0 999.0 999.0 999.0 999.0 999.0 999.0 999.0 999.0 999.0 999.0 999.0 999.0 999.0 999.0 999.0 999.0 999.0 999.0 999.0 999.0 999.0 999.0 999.0 999.0 999.0 999.0 999.0 999.0 
BESS_TECH 37.1 36.2 35.4 34.6 33.8 33.1 32.3 31.6 30.9 30.2 29.5 28.9 28.2 27.6 26.9 26.3 25.7 25.2 24.6 24.0 23.5 23.0 22.5 22.0 21.5 21.0 20.5 20.0 19.6 19.1 18.7 18.3 
PWRBIO001 75.0 75.0 75.0 75.0 75.0 75.0 75.0 75.0 75.0 75.0 75.0 75.0 75.0 75.0 75.0 75.0 75.0 75.0 75.0 75.0 75.0 75.0 75.0 75.0 75.0 75.0 75.0 75.0 75.0 75.0 75.0 75.0 
PWRCOA001 66.0 66.0 66.0 66.0 66.0 66.0 66.0 66.0 66.0 66.0 66.0 66.0 66.0 66.0 66.0 66.0 66.0 66.0 66.0 66.0 66.0 66.0 66.0 66.0 66.0 66.0 66.0 66.0 66.0 66.0 66.0 66.0 
PWRGEO001 150.0 150.0 150.0 150.0 150.0 150.0 150.0 150.0 150.0 150.0 150.0 150.0 150.0 150.0 150.0 150.0 150.0 150.0 150.0 150.0 150.0 150.0 150.0 150.0 150.0 150.0 150.0 150.0 150.0 150.0 150.0 150.0 
PWRGEO002 150.0 150.0 150.0 150.0 150.0 150.0 150.0 150.0 150.0 150.0 150.0 150.0 150.0 150.0 150.0 150.0 150.0 150.0 150.0 150.0 150.0 150.0 150.0 150.0 150.0 150.0 150.0 150.0 150.0 150.0 150.0 150.0 
PWRGEO003 150.0 150.0 150.0 150.0 150.0 150.0 150.0 150.0 150.0 150.0 150.0 150.0 150.0 150.0 150.0 150.0 150.0 150.0 150.0 150.0 150.0 150.0 150.0 150.0 150.0 150.0 150.0 150.0 150.0 150.0 150.0 150.0 
PWRGEO004 150.0 150.0 150.0 150.0 150.0 150.0 150.0 150.0 150.0 150.0 150.0 150.0 150.0 150.0 150.0 150.0 150.0 150.0 150.0 150.0 150.0 150.0 150.0 150.0 150.0 150.0 150.0 150.0 150.0 150.0 150.0 150.0 
PWRGEO005 150.0 150.0 150.0 150.0 150.0 150.0 150.0 150.0 150.0 150.0 150.0 150.0 150.0 150.0 150.0 150.0 150.0 150.0 150.0 150.0 150.0 150.0 150.0 150.0 150.0 150.0 150.0 150.0 150.0 150.0 150.0 150.0 
PWRGEO006 150.0 150.0 150.0 150.0 150.0 150.0 150.0 150.0 150.0 150.0 150.0 150.0 150.0 150.0 150.0 150.0 150.0 150.0 150.0 150.0 150.0 150.0 150.0 150.0 150.0 150.0 150.0 150.0 150.0 150.0 150.0 150.0 
PWRGEO007 150.0 150.0 150.0 150.0 150.0 150.0 150.0 150.0 150.0 150.0 150.0 150.0 150.0 150.0 150.0 150.0 150.0 150.0 150.0 150.0 150.0 150.0 150.0 150.0 150.0 150.0 150.0 150.0 150.0 150.0 150.0 150.0 
PWRHFO001 31.5 31.5 31.5 31.5 31.5 31.5 31.5 31.5 31.5 31.5 31.5 31.5 31.5 31.5 31.5 31.5 31.5 31.5 31.5 31.5 31.5 31.5 31.5 31.5 31.5 31.5 31.5 31.5 31.5 31.5 31.5 31.5 
PWRHYD001 25.0 25.0 25.0 25.0 25.0 25.0 25.0 25.0 25.0 25.0 25.0 25.0 25.0 25.0 25.0 25.0 25.0 25.0 25.0 25.0 25.0 25.0 25.0 25.0 25.0 25.0 25.0 25.0 25.0 25.0 25.0 25.0 
PWRHYD002 25.0 25.0 25.0 25.0 25.0 25.0 25.0 25.0 25.0 25.0 25.0 25.0 25.0 25.0 25.0 25.0 25.0 25.0 25.0 25.0 25.0 25.0 25.0 25.0 25.0 25.0 25.0 25.0 25.0 25.0 25.0 25.0 
PWRHYD003 25.0 25.0 25.0 25.0 25.0 25.0 25.0 25.0 25.0 25.0 25.0 25.0 25.0 25.0 25.0 25.0 25.0 25.0 25.0 25.0 25.0 25.0 25.0 25.0 25.0 25.0 25.0 25.0 25.0 25.0 25.0 25.0 
PWRHYD004 25.0 25.0 25.0 25.0 25.0 25.0 25.0 25.0 25.0 25.0 25.0 25.0 25.0 25.0 25.0 25.0 25.0 25.0 25.0 25.0 25.0 25.0 25.0 25.0 25.0 25.0 25.0 25.0 25.0 25.0 25.0 25.0 
PWRHYD005 25.0 25.0 25.0 25.0 25.0 25.0 25.0 25.0 25.0 25.0 25.0 25.0 25.0 25.0 25.0 25.0 25.0 25.0 25.0 25.0 25.0 25.0 25.0 25.0 25.0 25.0 25.0 25.0 25.0 25.0 25.0 25.0 
PWRLFO001 20.9 20.9 20.9 20.9 20.9 20.9 20.9 20.9 20.9 20.9 20.9 20.9 20.9 20.9 20.9 20.9 20.9 20.9 20.9 20.9 20.9 20.9 20.9 20.9 20.9 20.9 20.9 20.9 20.9 20.9 20.9 20.9 
PWRNGS001 30.8 30.8 30.8 30.8 30.8 30.8 30.8 30.8 30.8 30.8 30.8 30.8 30.8 30.8 30.8 30.8 30.8 30.8 30.8 30.8 30.8 30.8 30.8 30.8 30.8 30.8 30.8 30.8 30.8 30.8 30.8 30.8 
PWRPHS001 14.86 14.86 14.86 14.86 14.86 14.86 14.86 14.86 14.86 14.86 14.86 14.86 14.86 14.86 14.86 14.86 14.86 14.86 14.86 14.86 14.86 14.86 14.86 14.86 14.86 14.86 14.86 14.86 14.86 14.86 14.86 14.86 
PWRPHS002 14.86 14.86 14.86 14.86 14.86 14.86 14.86 14.86 14.86 14.86 14.86 14.86 14.86 14.86 14.86 14.86 14.86 14.86 14.86 14.86 14.86 14.86 14.86 14.86 14.86 14.86 14.86 14.86 14.86 14.86 14.86 14.86 
PWRSOL001 26.4 25.7 25.03 24.37 23.73 23.1 22.49 21.9 21.32 20.76 20.22 19.68 19.17 18.66 18.17 17.69 17.22 16.77 16.33 15.9 15.48 15.07 15.07 15.07 15.07 15.07 15.07 15.07 15.07 15.07 15.07 15.07 
PWRSOL002 26.4 25.7 25.03 24.37 23.73 23.1 22.49 21.9 21.32 20.76 20.22 19.68 19.17 18.66 18.17 17.69 17.22 16.77 16.33 15.9 15.48 15.07 15.07 15.07 15.07 15.07 15.07 15.07 15.07 15.07 15.07 15.07 
PWRURN001 7.5 7.5 7.5 7.5 7.5 7.5 7.5 7.5 7.5 7.5 7.5 7.5 7.5 7.5 7.5 7.5 7.5 7.5 7.5 7.5 7.5 7.5 7.5 7.5 7.5 7.5 7.5 7.5 7.5 7.5 7.5 7.5 
PWRWND001 76.1 75.85 75.59 75.34 75.09 74.84 74.59 74.34 74.1 73.85 73.6 73.36 73.11 72.87 72.63 72.38 72.14 71.9 71.66 71.42 71.19 70.95 70.95 70.95 70.95 70.95 70.95 70.95 70.95 70.95 70.95 70.95 
PWRWND002 76.1 75.85 75.59 75.34 75.09 74.84 74.59 74.34 74.1 73.85 73.6 73.36 73.11 72.87 72.63 72.38 72.14 71.9 71.66 71.42 71.19 70.95 70.95 70.95 70.95 70.95 70.95 70.95 70.95 70.95 70.95 70.95 
PWRWND003 76.1 75.85 75.59 75.34 75.09 74.84 74.59 74.34 74.1 73.85 73.6 73.36 73.11 72.87 72.63 72.38 72.14 71.9 71.66 71.42 71.19 70.95 70.95 70.95 70.95 70.95 70.95 70.95 70.95 70.95 70.95 70.95 
PWRWND004 76.1 75.85 75.59 75.34 75.09 74.84 74.59 74.34 74.1 73.85 73.6 73.36 73.11 72.87 72.63 72.38 72.14 71.9 71.66 71.42 71.19 70.95 70.95 70.95 70.95 70.95 70.95 70.95 70.95 70.95 70.95 70.95 
PWRWND005 76.1 75.85 75.59 75.34 75.09 74.84 74.59 74.34 74.1 73.85 73.6 73.36 73.11 72.87 72.63 72.38 72.14 71.9 71.66 71.42 71.19 70.95 70.95 70.95 70.95 70.95 70.95 70.95 70.95 70.95 70.95 70.95 
PWRWND006 76.1 75.85 75.59 75.34 75.09 74.84 74.59 74.34 74.1 73.85 73.6 73.36 73.11 72.87 72.63 72.38 72.14 71.9 71.66 71.42 71.19 70.95 70.95 70.95 70.95 70.95 70.95 70.95 70.95 70.95 70.95 70.95 
PWRWND007 76.1 75.85 75.59 75.34 75.09 74.84 74.59 74.34 74.1 73.85 73.6 73.36 73.11 72.87 72.63 72.38 72.14 71.9 71.66 71.42 71.19 70.95 70.95 70.95 70.95 70.95 70.95 70.95 70.95 70.95 70.95 70.95 
PWRWND008 76.1 75.85 75.59 75.34 75.09 74.84 74.59 74.34 74.1 73.85 73.6 73.36 73.11 72.87 72.63 72.38 72.14 71.9 71.66 71.42 71.19 70.95 70.95 70.95 70.95 70.95 70.95 70.95 70.95 70.95 70.95 70.95 
PWRWND009 76.1 75.85 75.59 75.34 75.09 74.84 74.59 74.34 74.1 73.85 73.6 73.36 73.11 72.87 72.63 72.38 72.14 71.9 71.66 71.42 71.19 70.95 70.95 70.95 70.95 70.95 70.95 70.95 70.95 70.95 70.95 70.95 
PWRWND010 76.1 75.85 75.59 75.34 75.09 74.84 74.59 74.34 74.1 73.85 73.6 73.36 73.11 72.87 72.63 72.38 72.14 71.9 71.66 71.42 71.19 70.95 70.95 70.95 70.95 70.95 70.95 70.95 70.95 70.95 70.95 70.95 
PWRWND011 76.1 75.85 75.59 75.34 75.09 74.84 74.59 74.34 74.1 73.85 73.6 73.36 73.11 72.87 72.63 72.38 72.14 71.9 71.66 71.42 71.19 70.95 70.95 70.95 70.95 70.95 70.95 70.95 70.95 70.95 70.95 70.95 
;

param ResidualCapacity default 0.0 :=
[RE1,*,*]:
2019 2020 2021 2022 2023 2024 2025 2026 2027 2028 2029 2030 2031 2032 2033 2034 2035 2036 2037 2038 2039 2040 2041 2042 2043 2044 2045 2046 2047 2048 2049 2050 :=
IMPELC002 0.05 0.05 0.05 0.05 0.05 0.05 0.05 0.0 0.0 0.0 0.0 0.0 0.0 0.0 0.0 0.0 0.0 0.0 0.0 0.0 0.0 0.0 0.0 0.0 0.0 0.0 0.0 0.0 0.0 0.0 0.0 0.0 
PWRBIO001 0.002 0.002 0.002 0.002 0.002 0.002 0.002 0.002 0.002 0.002 0.002 0.002 0.002 0.002 0.002 0.002 0.002 0.002 0.002 0.002 0.002 0.002 0.002 0.002 0.0 0.0 0.0 0.0 0.0 0.0 0.0 0.0 
PWRDIST 1.578 1.578 1.578 1.578 1.578 1.578 1.578 1.578 1.578 1.578 1.578 1.578 1.578 1.578 1.578 1.578 1.578 1.578 1.578 1.578 1.578 1.578 1.578 1.578 1.578 1.578 1.578 1.578 1.578 1.578 1.578 1.578 
PWRGEO001 0.7911 0.7911 0.7911 0.7911 0.7911 0.7611 0.7611 0.7611 0.7165 0.7165 0.6155 0.6155 0.588 0.588 0.588 0.588 0.588 0.588 0.588 0.5484 0.5308 0.3908 0.2218 0.2218 0.158 0.158 0.0 0.0 0.0 0.0 0.0 0.0 
PWRHFO001 0.6404 0.6404 0.6404 0.6404 0.6404 0.6404 0.5804 0.5064 0.5064 0.5064 0.5064 0.4178 0.3028 0.3028 0.3028 0.1355 0.083 0.0 0.0 0.0 0.0 0.0 0.0 0.0 0.0 0.0 0.0 0.0 0.0 0.0 0.0 0.0 
PWRHYD001 0.1 0.1 0.1 0.1 0.1 0.1 0.1 0.1 0.1 0.1 0.1 0.1 0.1 0.1 0.1 0.1 0.1 0.1 0.1 0.1 0.1 0.1 0.1 0.02 0.02 0.02 0.02 0.02 0.02 0.02 0.02 0.02 
PWRHYD002 0.58 0.58 0.58 0.58 0.58 0.58 0.58 0.58 0.58 0.58 0.58 0.58 0.58 0.58 0.58 0.58 0.58 0.58 0.58 0.58 0.58 0.58 0.58 0.58 0.58 0.58 0.58 0.58 0.58 0.58 0.58 0.58 
PWRHYD003 0.105 0.105 0.105 0.105 0.105 0.105 0.105 0.105 0.105 0.105 0.105 0.105 0.105 0.105 0.105 0.105 0.105 0.105 0.105 0.105 0.105 0.105 0.105 0.105 0.105 0.105 0.105 0.105 0.105 0.105 0.105 0.105 
PWRHYD005 0.0195 0.0195 0.0195 0.0195 0.0195 0.0195 0.0195 0.0195 0.0195 0.0195 0.0195 0.0195 0.0195 0.0195 0.0195 0.0195 0.0195 0.0195 0.0195 0.0195 0.0195 0.0195 0.0195 0.0195 0.0195 0.0195 0.0195 0.0195 0.0195 0.0195 0.0195 0.0195 
PWRLFO001 0.028 0.028 0.028 0.028 0.028 0.028 0.0 0.0 0.0 0.0 0.0 0.0 0.0 0.0 0.0 0.0 0.0 0.0 0.0 0.0 0.0 0.0 0.0 0.0 0.0 0.0 0.0 0.0 0.0 0.0 0.0 0.0 
PWRSOL001 0.05025 0.05025 0.05025 0.05025 0.05025 0.05025 0.05025 0.05025 0.05025 0.05025 0.05025 0.05025 0.05025 0.05025 0.05025 0.05025 0.05025 0.05025 0.05025 0.0 0.0 0.0 0.0 0.0 0.0 0.0 0.0 0.0 0.0 0.0 0.0 0.0 
PWRTRN 1.578 1.578 1.578 1.578 1.578 1.578 1.578 1.578 1.578 1.578 1.578 1.578 1.578 1.578 1.578 1.578 1.578 1.578 1.578 1.578 1.578 1.578 1.578 1.578 1.578 1.578 1.578 1.578 1.578 1.578 1.578 1.578 
PWRWND004 0.3 0.3 0.3 0.3 0.3 0.3 0.3 0.3 0.3 0.3 0.3 0.3 0.3 0.3 0.3 0.3 0.3 0.3 0.3 0.0 0.0 0.0 0.0 0.0 0.0 0.0 0.0 0.0 0.0 0.0 0.0 0.0 
PWRWND008 0.0255 0.0255 0.0255 0.0255 0.0255 0.0255 0.0255 0.0255 0.0255 0.0204 0.0204 0.0204 0.0204 0.0204 0.0204 0.0204 0.0 0.0 0.0 0.0 0.0 0.0 0.0 0.0 0.0 0.0 0.0 0.0 0.0 0.0 0.0 0.0 
;

param TotalAnnualMaxCapacity default 999999.0 :=
[RE1,*,*]:
2019 2020 2021 2022 2023 2024 2025 2026 2027 2028 2029 2030 2031 2032 2033 2034 2035 2036 2037 2038 2039 2040 2041 2042 2043 2044 2045 2046 2047 2048 2049 2050 :=
BESS_TECH 0 0 0 0 0 0.1 0.25 9999 9999 9999 9999 9999 9999 9999 9999 9999 9999 9999 9999 9999 9999 9999 9999 9999 9999 9999 9999 9999 9999 9999 9999 9999 
IMPELC001 0 0 0 0.2 0.2 0.2 0.2 0.4 0.4 0.4 0.4 0.4 0.4 0.4 0.4 0.4 0.4 0.4 0.4 0.4 0.4 0.4 0.4 0.4 0.4 0.4 0.4 0.4 0.4 0.4 0.4 0.4 
IMPELC002 0.05 0.05 0.05 0.05 0.05 0.05 0.05 0 0 0 0 0 0 0 0 0 0 0 0 0 0 0 0 0 0 0 0 0 0 0 0 0 
PWRBIO001 0.002 0.002 0.002 0.002 0.0034 0.0034 0.0034 0.0134 0.0134 0.0214 0.0214 0.0696 0.0896 0.1004 0.1034 0.1094 0.1097 0.1186 0.1275 0.1364 0.1453 0.1542 0.1631 0.172 0.1809 0.1898 0.1987 0.2076 0.2165 0.2254 0.2343 0.2432 
PWRCOA001 0 0 0 0 0 0 0 0 0 0 0 0 0 0 0 0 0 0 0 0 0 0 0 0 0 0 0 0 0 0 0 0 
PWRGEO001 0.7911 0.7911 0.7911 0.8744 0.8744 0.8444 0.9064 0.9264 0.8818 0.9068 1.0858 1.0858 1.0583 1.0583 1.0583 1.1983 1.1983 1.3383 1.3383 1.2987 1.2811 1.1411 0.9721 0.9721 0.9083 0.9083 0.7503 0.7503 0.667 0.667 0.667 0.647 
PWRGEO002 0 0 0 0 0.035 0.035 0.07 0.07 0.07 0.105 0.105 0.105 0.105 0.105 0.105 0.105 0.105 0.105 0.205 0.205 0.265 0.465 0.465 0.465 0.465 0.465 0.465 0.465 0.465 0.43 0.43 0.395 
PWRGEO003 0 0 0 0 0 0 0 0 0 0 0 0 0.033 0.033 0.033 0.033 0.033 0.033 0.033 0.033 0.033 0.1 0.1 0.1 0.1 0.1 0.1 0.1 0.1 0.1 0.1 0.1 
PWRGEO004 0 0 0 0 0 0 0 0 0 0 0 0 0 0 0 0 0 0 0 0.1 0.2 0.3 0.3 0.3 0.3 0.3 0.3 0.3 0.3 0.3 0.3 0.3 
PWRGEO005 0 0 0 0 0 0 0 0 0 0 0 0 0.035 0.035 0.035 0.035 0.035 0.035 0.035 0.035 0.035 0.07 0.07 0.07 0.07 0.07 0.07 0.07 0.07 0.07 0.07 0.07 
PWRGEO006 0.0 0.0 0.0 0.0 0.0 0.0 0.1542069873 0.3084139746 0.4626209619 0.6168279492 0.7710349365 0.9252419238 1.0794489111 1.2336558984 1.3878628857 1.542069873 1.6962768603 1.8504838476 2.0046908349 2.1588978222 2.3131048095 2.4673117968 2.6215187841 2.7757257714 2.9299327587 3.084139746 3.2383467333 3.3925537206 3.5467607079 3.7009676952 3.8551746825 4.0093816698 
PWRGEO007 0 0 0 0 0 0 0 0 0 0 0 0 0 0 0 0 0 0 0 0 0 0 0 0 0 0 0 0 0 0 0 0 
PWRHFO001 0.6404 0.6404 0.6404 0.6404 0.6404 0.6404 0.5804 0.5064 0.5064 0.5064 0.5064 0.4178 0.3028 0.3028 0.3028 0.1355 0.083 0 0 0 0 0 0 0 0 0 0 0 0 0 0 0 
PWRHYD001 0.1 0.1 0.1 0.1 0.1 0.1 0.1 0.1 0.1 0.1 0.1 0.1 0.1 0.1 0.1 0.1 0.1 0.1 0.1 0.1 0.1 0.1 0.1 0.02 0.02 0.02 0.02 0.02 0.02 0.02 0.02 0.02 
PWRHYD002 0.58 0.58 0.58 0.58 0.58 0.58 0.58 0.58 0.58 0.58 0.58 0.58 0.67 0.67 0.67 0.67 0.67 0.67 0.67 0.67 0.67 0.67 0.67 0.67 0.67 0.67 0.67 0.67 0.67 0.67 0.67 0.67 
PWRHYD003 0.105 0.105 0.105 0.105 0.105 0.105 0.105 0.105 0.105 0.105 0.105 0.105 0.105 0.105 0.105 0.105 0.105 0.105 0.105 0.105 0.105 0.105 0.105 0.105 0.105 0.105 0.105 0.105 0.105 0.105 0.105 0.105 
PWRHYD004 0 0 0 0 0 0 0 0 0 0 0 0 0.198 0.693 0.693 0.693 0.693 0.693 0.693 0.693 0.693 0.693 0.693 0.693 0.693 0.693 0.693 0.693 0.693 0.693 0.693 0.693 
PWRHYD005 0.0195 0.0195 0.0195 0.0195 0.0268 0.0293 0.0296 0.1523 0.1724 0.1855 0.2038 0.2524 0.2936 0.326 0.3739 0.416 0.4664 0.5147 0.5407 0.569 0.5999 0.6338 0.6708 0.7113 0.7555 0.8038 0.8568 0.9146 0.9779 1.047 1.1226 1.2053 
PWRLFO001 0.056 0.056 0.056 0.056 0.056 0.056 0 0 0 0 0 0 0 0 0 0 0 0 0 0 0 0 0 0 0 0 0 0 0 0 0 0 
PWRNGS001 0 0 0 0 0 0 0 9999 9999 9999 9999 9999 9999 9999 9999 9999 9999 9999 9999 9999 9999 9999 9999 9999 9999 9999 9999 9999 9999 9999 9999 9999 
PWRPHS001 0 0 0 0 0 0 0 0 0 0 0 0 0 0 0 0.3 0.3 0.3 0.3 0.3 0.3 0.3 0.3 0.3 0.3 0.3 0.3 0.3 0.3 0.3 0.3 0.3 
PWRPHS002 0 0 0 0 0 0 0 0 0 0 0 0 0 0 0 0.3 0.3 0.3 0.3 0.3 0.3 0.3 0.3 0.3 0.3 0.3 0.3 0.3 0.3 0.3 0.3 0.3 
PWRSOL001 0.1 0.1 0.26 0.34 0.424 0.504 5.304 5.384 5.968 6.168 6.628 7.108 7.508 7.908 8.308 8.708 9.108 9.508 10.108 10.608 11.008 11.608 12.248 12.768 13.286 14.006 14.806 15.526 16.326 17.326 18.126 19.326 
PWRSOL002 0 0 0 0 0 0 0 0 0 0 0 0 0 0 0 0 0 0 0 0 0 0 0 0 0 0 0 0 0 0 0 0 
PWRURN001 0 0 0 0 0 0 0 0 0 0 0 0 0 0 0 0 0 0 0 0 0 0 0.2913 0.2913 0.2913 0.2913 0.5826 0.5826 0.5826 0.5826 0.8739 0.8739 
PWRWND001 0 0 0 0 0 0 0.27 0.29 0.31 0.34 0.37 0.4 0.44 0.48 0.51 0.55 0.6 0.65 0.71 0.77 0.83 0.9 0.97 1.05 1.14 1.23 1.33 1.44 1.56 1.68 1.82 1.97 
PWRWND002 0 0 0 0 0 0 0.27 0.29 0.31 0.34 0.37 0.4 0.44 0.48 0.51 0.55 0.6 0.65 0.71 0.77 0.83 0.9 0.97 1.05 1.14 1.23 1.33 1.44 1.56 1.68 1.82 1.97 
PWRWND003 0 0 0 0 0 0 0.27 0.29 0.31 0.34 0.37 0.4 0.44 0.48 0.51 0.55 0.6 0.65 0.71 0.77 0.83 0.9 0.97 1.05 1.14 1.23 1.33 1.44 1.56 1.68 1.82 1.97 
PWRWND004 0.3 0.3 0.3 0.3 0.3 0.3 0.57 0.59 0.61 0.74 0.77 0.8 0.84 0.88 0.91 0.95 1 1.05 1.11 0.97 0.93 1 1.07 1.15 1.24 1.33 1.43 1.54 1.66 1.78 1.92 2.07 
PWRWND005 0 0 0 0 0 0 0.27 0.29 0.31 0.34 0.37 0.4 0.44 0.48 0.51 0.55 0.56 0.56 0.56 0.56 0.56 0.56 0.56 0.56 0.56 0.56 0.56 0.56 0.56 0.56 0.56 0.56 
PWRWND006 0 0 0 0 0 0 0.27 0.29 0.31 0.34 0.37 0.4 0.44 0.48 0.51 0.55 0.6 0.65 0.71 0.77 0.83 0.9 0.97 1.05 1.14 1.23 1.33 1.44 1.56 1.68 1.82 1.97 
PWRWND007 0 0 0 0 0 0 0.27 0.29 0.31 0.34 0.37 0.4 0.44 0.48 0.51 0.55 0.6 0.65 0.71 0.77 0.83 0.9 0.97 1.05 1.14 1.23 1.33 1.44 1.56 1.68 1.82 1.97 
PWRWND008 0.026 0.026 0.126 0.126 0.126 0.126 0.407 0.477 0.497 0.521 0.551 0.581 0.621 0.661 0.691 0.731 0.761 0.811 0.871 0.931 0.991 1.061 1.031 1.111 1.201 1.291 1.38 1.44 1.56 1.64 1.64 1.64 
PWRWND009 0 0 0 0 0 0 0.27 0.29 0.31 0.34 0.37 0.4 0.44 0.48 0.51 0.55 0.6 0.65 0.71 0.77 0.83 0.9 0.97 1.05 1.14 1.23 1.33 1.44 1.56 1.68 1.82 1.97 
PWRWND010 0 0 0 0 0 0 0.27 0.29 0.31 0.34 0.37 0.4 0.44 0.48 0.51 0.55 0.6 0.65 0.71 0.77 0.83 0.9 0.97 1.05 1.14 1.23 1.33 1.44 1.56 1.68 1.82 1.97 
PWRWND011 0 0 0 0 0 0 0 0 0 0 0 0 0 0 0 0 0 0 0 0 0 0 0 0 0 0 0 0 0 0 0 0 
;

param TotalAnnualMaxCapacityInvestment default 999999.0 :=
[RE1,*,*]:
2019 2020 2021 2022 2023 2024 2025 2026 2027 2028 2029 2030 2031 2032 2033 2034 2035 2036 2037 2038 2039 2040 2041 2042 2043 2044 2045 2046 2047 2048 2049 2050 :=
PWRHFO001 0 0 0 0 0 0 0 0 0 0 0 0 0 0 0 0 0 0 0 0 0 0 0 0 0 0 0 0 0 0 0 0 
PWRLFO001 0 0 0 0 0 0 0 0 0 0 0 0 0 0 0 0 0 0 0 0 0 0 0 0 0 0 0 0 0 0 0 0 
;

param TotalAnnualMinCapacity default 0.0 :=
[RE1,*,*]:
2019 2020 2021 2022 2023 2024 2025 2026 2027 2028 2029 2030 2031 2032 2033 2034 2035 2036 2037 2038 2039 2040 2041 2042 2043 2044 2045 2046 2047 2048 2049 2050 :=
IMPELC001 0.0 0.0 0.0 0.2 0.2 0.2 0.2 0.4 0.4 0.4 0.4 0.4 0.4 0.4 0.4 0.4 0.4 0.4 0.4 0.4 0.4 0.4 0.4 0.4 0.4 0.4 0.4 0.4 0.4 0.4 0.4 0.4 
IMPELC002 0.05 0.05 0.05 0.05 0.05 0.05 0.05 0.0 0.0 0.0 0.0 0.0 0.0 0.0 0.0 0.0 0.0 0.0 0.0 0.0 0.0 0.0 0.0 0.0 0.0 0.0 0.0 0.0 0.0 0.0 0.0 0.0 
PWRBIO001 0.002 0.002 0.002 0.002 0.0034 0.0034 0.0034 0.0134 0.0134 0.0214 0.0214 0.0696 0.0896 0.1004 0.1034 0.1094 0.1097 0.1097 0.1097 0.1097 0.1097 0.1097 0.1097 0.1097 0.1077 0.1077 0.1077 0.1077 0.1077 0.1077 0.1077 0.1077 
PWRHYD005 0.0195 0.0195 0.0195 0.0195 0.0268 0.0293 0.0296 0.0388 0.0484 0.0499 0.0555 0.0902 0.1162 0.1322 0.1619 0.1842 0.213 0.2376 0.2376 0.2376 0.2376 0.2376 0.2376 0.2376 0.2376 0.2376 0.2376 0.2376 0.2376 0.2376 0.2376 0.2376 
PWRSOL001 0.0 0.0 0.08 0.12 0.1615 0.2015 0.2015 0.2415 0.2415 0.2415 0.2415 0.2415 0.2415 0.2415 0.2415 0.2415 0.2415 0.2415 0.2415 0.2415 0.2415 0.2415 0.1615 0.1215 0.08 0.04 0.04 0.0 0.0 0.0 0.0 0.0 
PWRWND003 0.0 0.0 0.0 0.0 0.0 0.0 0.011 0.011 0.011 0.011 0.011 0.011 0.011 0.011 0.011 0.011 0.011 0.011 0.011 0.011 0.011 0.011 0.011 0.011 0.011 0.011 0.0 0.0 0.0 0.0 0.0 0.0 
PWRWND008 0.0 0.0 0.1 0.1 0.1 0.1 0.111 0.161 0.161 0.161 0.161 0.161 0.161 0.161 0.161 0.161 0.161 0.161 0.161 0.161 0.161 0.161 0.061 0.061 0.061 0.061 0.05 0.0 0.0 0.0 0.0 0.0 
;

param VariableCost default 0.0001 :=
[RE1,BACKSTOP,*,*]:
2019 2020 2021 2022 2023 2024 2025 2026 2027 2028 2029 2030 2031 2032 2033 2034 2035 2036 2037 2038 2039 2040 2041 2042 2043 2044 2045 2046 2047 2048 2049 2050 :=
1 99.0 99.0 99.0 99.0 99.0 99.0 99.0 99.0 99.0 99.0 99.0 99.0 99.0 99.0 99.0 99.0 99.0 99.0 99.0 99.0 99.0 99.0 99.0 99.0 99.0 99.0 99.0 99.0 99.0 99.0 99.0 99.0 
[RE1,IMPBIO,*,*]:
2019 2020 2021 2022 2023 2024 2025 2026 2027 2028 2029 2030 2031 2032 2033 2034 2035 2036 2037 2038 2039 2040 2041 2042 2043 2044 2045 2046 2047 2048 2049 2050 :=
1 1.76 1.76 1.76 1.76 1.76 1.76 1.7564489232 1.7528978464 1.7493467696 1.7457956928 1.742244616 1.7386935392 1.7351424624 1.7315913856 1.7280403089 1.7244892321 1.7209381553 1.7173870785 1.7138360017 1.7102849249 1.7067338481 1.7031827713 1.6996316945 1.6960806177 1.6925295409 1.6889784641 1.6854273873 1.6818763105 1.6783252337 1.6747741569 1.6712230802 1.6676720034 
[RE1,IMPCOA,*,*]:
2019 2020 2021 2022 2023 2024 2025 2026 2027 2028 2029 2030 2031 2032 2033 2034 2035 2036 2037 2038 2039 2040 2041 2042 2043 2044 2045 2046 2047 2048 2049 2050 :=
1 2.52 2.51 2.51 2.51 2.51 2.51 2.5045558568 2.4991117137 2.4936675705 2.4882234273 2.4827792841 2.477335141 2.4718909978 2.4664468546 2.4610027114 2.4555585683 2.4501144251 2.4446702819 2.4392261387 2.4337819956 2.4283378524 2.4228937092 2.4174495661 2.4120054229 2.4065612797 2.4011171365 2.3956729934 2.3902288502 2.384784707 2.3793405638 2.3738964207 2.3684522775 
[RE1,IMPELC001,*,*]:
2019 2020 2021 2022 2023 2024 2025 2026 2027 2028 2029 2030 2031 2032 2033 2034 2035 2036 2037 2038 2039 2040 2041 2042 2043 2044 2045 2046 2047 2048 2049 2050 :=
1 18.056 18.056 18.056 18.056 18.056 18.056 18.056 18.056 18.056 18.056 18.056 18.056 18.056 18.056 18.056 18.056 18.056 18.056 18.056 18.056 18.056 18.056 18.056 18.056 18.056 18.056 18.056 18.056 18.056 18.056 18.056 18.056 
[RE1,IMPELC002,*,*]:
2019 2020 2021 2022 2023 2024 2025 2026 2027 2028 2029 2030 2031 2032 2033 2034 2035 2036 2037 2038 2039 2040 2041 2042 2043 2044 2045 2046 2047 2048 2049 2050 :=
1 27.778 27.778 27.778 27.778 27.778 27.778 27.778 27.778 27.778 27.778 27.778 27.778 27.778 27.778 27.778 27.778 27.778 27.778 27.778 27.778 27.778 27.778 27.778 27.778 27.778 27.778 27.778 27.778 27.778 27.778 27.778 27.778 
[RE1,IMPHFOMOM,*,*]:
2019 2020 2021 2022 2023 2024 2025 2026 2027 2028 2029 2030 2031 2032 2033 2034 2035 2036 2037 2038 2039 2040 2041 2042 2043 2044 2045 2046 2047 2048 2049 2050 :=
1 5.63 5.63 6.24 8.39 8.16 7.74 7.5390779063 7.5881558125 7.6372337188 7.6863116251 7.7353895313 7.7844674376 7.8335453439 7.8826232501 7.9317011564 7.9807790627 8.0298569689 8.0789348752 8.1280127815 8.1770906877 8.226168594 8.2752465003 8.3243244066 8.3734023128 8.4224802191 8.4715581254 8.5206360316 8.5697139379 8.6187918442 8.6678697504 8.7169476567 8.766025563 
[RE1,IMPHFONAI,*,*]:
2019 2020 2021 2022 2023 2024 2025 2026 2027 2028 2029 2030 2031 2032 2033 2034 2035 2036 2037 2038 2039 2040 2041 2042 2043 2044 2045 2046 2047 2048 2049 2050 :=
1 6.8 6.8 7.41 9.55 9.32 8.9 8.6967374238 8.7434748477 8.7902122715 8.8369496953 8.8836871192 8.930424543 8.9771619668 9.0238993907 9.0706368145 9.1173742384 9.1641116622 9.210849086 9.2575865099 9.3043239337 9.3510613575 9.3977987814 9.4445362052 9.491273629 9.5380110529 9.5847484767 9.6314859005 9.6782233244 9.7249607482 9.771698172 9.8184355959 9.8651730197 
[RE1,IMPLFOELD,*,*]:
2019 2020 2021 2022 2023 2024 2025 2026 2027 2028 2029 2030 2031 2032 2033 2034 2035 2036 2037 2038 2039 2040 2041 2042 2043 2044 2045 2046 2047 2048 2049 2050 :=
1 10.43 10.43 11.45 15.03 14.67 14.01 13.7186208859 13.8172417717 13.9158626576 14.0144835434 14.1131044293 14.2117253151 14.310346201 14.4089670869 14.5075879727 14.6062088586 14.7048297444 14.8034506303 14.9020715162 15.000692402 15.0993132879 15.1979341737 15.2965550596 15.3951759454 15.4937968313 15.5924177172 15.691038603 15.7896594889 15.8882803747 15.9869012606 16.0855221464 16.1841430323 
[RE1,IMPNGS,*,*]:
2019 2020 2021 2022 2023 2024 2025 2026 2027 2028 2029 2030 2031 2032 2033 2034 2035 2036 2037 2038 2039 2040 2041 2042 2043 2044 2045 2046 2047 2048 2049 2050 :=
1 9.46 9.46 9.49 9.53 9.56 9.6 9.6303207787 9.6306415574 9.6309623361 9.6312831149 9.6316038936 9.6319246723 9.632245451 9.6325662297 9.6328870084 9.6332077872 9.6335285659 9.6338493446 9.6341701233 9.634490902 9.6348116807 9.6351324595 9.6354532382 9.6357740169 9.6360947956 9.6364155743 9.636736353 9.6370571318 9.6373779105 9.6376986892 9.6380194679 9.6383402466 
[RE1,IMPURN,*,*]:
2019 2020 2021 2022 2023 2024 2025 2026 2027 2028 2029 2030 2031 2032 2033 2034 2035 2036 2037 2038 2039 2040 2041 2042 2043 2044 2045 2046 2047 2048 2049 2050 :=
1 1.08 1.08 1.08 1.08 1.08 1.08 1.0778209301 1.0756418603 1.0734627904 1.0712837206 1.0691046507 1.0669255809 1.064746511 1.0625674412 1.0603883713 1.0582093015 1.0560302316 1.0538511618 1.0516720919 1.0494930221 1.0473139522 1.0451348824 1.0429558125 1.0407767427 1.0385976728 1.036418603 1.0342395331 1.0320604633 1.0298813934 1.0277023236 1.0255232537 1.0233441839 
[RE1,MINBIO,*,*]:
2019 2020 2021 2022 2023 2024 2025 2026 2027 2028 2029 2030 2031 2032 2033 2034 2035 2036 2037 2038 2039 2040 2041 2042 2043 2044 2045 2046 2047 2048 2049 2050 :=
1 1.6 1.6 1.6 1.6 1.6 1.6 1.5967717484 1.5935434967 1.5903152451 1.5870869935 1.5838587418 1.5806304902 1.5774022386 1.574173987 1.5709457353 1.5677174837 1.5644892321 1.5612609804 1.5580327288 1.5548044772 1.5515762255 1.5483479739 1.5451197223 1.5418914706 1.538663219 1.5354349674 1.5322067158 1.5289784641 1.5257502125 1.5225219609 1.5192937092 1.5160654576 
[RE1,MINCOA,*,*]:
2019 2020 2021 2022 2023 2024 2025 2026 2027 2028 2029 2030 2031 2032 2033 2034 2035 2036 2037 2038 2039 2040 2041 2042 2043 2044 2045 2046 2047 2048 2049 2050 :=
1 2.41 2.41 2.33 2.3 2.29 2.29 2.2849997414 2.2799994829 2.2749992243 2.2699989657 2.2649987071 2.2599984486 2.25499819 2.2499979314 2.2449976728 2.2399974143 2.2349971557 2.2299968971 2.2249966385 2.21999638 2.2149961214 2.2099958628 2.2049956042 2.1999953457 2.1949950871 2.1899948285 2.1849945699 2.1799943114 2.1749940528 2.1699937942 2.1649935356 2.1599932771 
[RE1,PWRCOA001,*,*]:
2019 2020 2021 2022 2023 2024 2025 2026 2027 2028 2029 2030 2031 2032 2033 2034 2035 2036 2037 2038 2039 2040 2041 2042 2043 2044 2045 2046 2047 2048 2049 2050 :=
1 0.36 0.36 0.36 0.36 0.36 0.36 0.36 0.36 0.36 0.36 0.36 0.36 0.36 0.36 0.36 0.36 0.36 0.36 0.36 0.36 0.36 0.36 0.36 0.36 0.36 0.36 0.36 0.36 0.36 0.36 0.36 0.36 
[RE1,PWRGEO001,*,*]:
2019 2020 2021 2022 2023 2024 2025 2026 2027 2028 2029 2030 2031 2032 2033 2034 2035 2036 2037 2038 2039 2040 2041 2042 2043 2044 2045 2046 2047 2048 2049 2050 :=
1 0.2 0.2 0.2 0.2 0.2 0.2 0.2 0.2 0.2 0.2 0.2 0.2 0.2 0.2 0.2 0.2 0.2 0.2 0.2 0.2 0.2 0.2 0.2 0.2 0.2 0.2 0.2 0.2 0.2 0.2 0.2 0.2 
[RE1,PWRGEO002,*,*]:
2019 2020 2021 2022 2023 2024 2025 2026 2027 2028 2029 2030 2031 2032 2033 2034 2035 2036 2037 2038 2039 2040 2041 2042 2043 2044 2045 2046 2047 2048 2049 2050 :=
1 0.2 0.2 0.2 0.2 0.2 0.2 0.2 0.2 0.2 0.2 0.2 0.2 0.2 0.2 0.2 0.2 0.2 0.2 0.2 0.2 0.2 0.2 0.2 0.2 0.2 0.2 0.2 0.2 0.2 0.2 0.2 0.2 
[RE1,PWRGEO003,*,*]:
2019 2020 2021 2022 2023 2024 2025 2026 2027 2028 2029 2030 2031 2032 2033 2034 2035 2036 2037 2038 2039 2040 2041 2042 2043 2044 2045 2046 2047 2048 2049 2050 :=
1 0.2 0.2 0.2 0.2 0.2 0.2 0.2 0.2 0.2 0.2 0.2 0.2 0.2 0.2 0.2 0.2 0.2 0.2 0.2 0.2 0.2 0.2 0.2 0.2 0.2 0.2 0.2 0.2 0.2 0.2 0.2 0.2 
[RE1,PWRGEO004,*,*]:
2019 2020 2021 2022 2023 2024 2025 2026 2027 2028 2029 2030 2031 2032 2033 2034 2035 2036 2037 2038 2039 2040 2041 2042 2043 2044 2045 2046 2047 2048 2049 2050 :=
1 0.2 0.2 0.2 0.2 0.2 0.2 0.2 0.2 0.2 0.2 0.2 0.2 0.2 0.2 0.2 0.2 0.2 0.2 0.2 0.2 0.2 0.2 0.2 0.2 0.2 0.2 0.2 0.2 0.2 0.2 0.2 0.2 
[RE1,PWRGEO005,*,*]:
2019 2020 2021 2022 2023 2024 2025 2026 2027 2028 2029 2030 2031 2032 2033 2034 2035 2036 2037 2038 2039 2040 2041 2042 2043 2044 2045 2046 2047 2048 2049 2050 :=
1 0.2 0.2 0.2 0.2 0.2 0.2 0.2 0.2 0.2 0.2 0.2 0.2 0.2 0.2 0.2 0.2 0.2 0.2 0.2 0.2 0.2 0.2 0.2 0.2 0.2 0.2 0.2 0.2 0.2 0.2 0.2 0.2 
[RE1,PWRGEO006,*,*]:
2019 2020 2021 2022 2023 2024 2025 2026 2027 2028 2029 2030 2031 2032 2033 2034 2035 2036 2037 2038 2039 2040 2041 2042 2043 2044 2045 2046 2047 2048 2049 2050 :=
1 0.2 0.2 0.2 0.2 0.2 0.2 0.2 0.2 0.2 0.2 0.2 0.2 0.2 0.2 0.2 0.2 0.2 0.2 0.2 0.2 0.2 0.2 0.2 0.2 0.2 0.2 0.2 0.2 0.2 0.2 0.2 0.2 
[RE1,PWRGEO007,*,*]:
2019 2020 2021 2022 2023 2024 2025 2026 2027 2028 2029 2030 2031 2032 2033 2034 2035 2036 2037 2038 2039 2040 2041 2042 2043 2044 2045 2046 2047 2048 2049 2050 :=
1 0.2 0.2 0.2 0.2 0.2 0.2 0.2 0.2 0.2 0.2 0.2 0.2 0.2 0.2 0.2 0.2 0.2 0.2 0.2 0.2 0.2 0.2 0.2 0.2 0.2 0.2 0.2 0.2 0.2 0.2 0.2 0.2 
[RE1,PWRHFO001,*,*]:
2019 2020 2021 2022 2023 2024 2025 2026 2027 2028 2029 2030 2031 2032 2033 2034 2035 2036 2037 2038 2039 2040 2041 2042 2043 2044 2045 2046 2047 2048 2049 2050 :=
1 2.44 2.44 2.44 2.44 2.44 2.44 2.44 2.44 2.44 2.44 2.44 2.44 2.44 2.44 2.44 2.44 2.44 2.44 2.44 2.44 2.44 2.44 2.44 2.44 2.44 2.44 2.44 2.44 2.44 2.44 2.44 2.44 
[RE1,PWRHYD001,*,*]:
2019 2020 2021 2022 2023 2024 2025 2026 2027 2028 2029 2030 2031 2032 2033 2034 2035 2036 2037 2038 2039 2040 2041 2042 2043 2044 2045 2046 2047 2048 2049 2050 :=
1 0.139 0.139 0.139 0.139 0.139 0.139 0.139 0.139 0.139 0.139 0.139 0.139 0.139 0.139 0.139 0.139 0.139 0.139 0.139 0.139 0.139 0.139 0.139 0.139 0.139 0.139 0.139 0.139 0.139 0.139 0.139 0.139 
[RE1,PWRHYD002,*,*]:
2019 2020 2021 2022 2023 2024 2025 2026 2027 2028 2029 2030 2031 2032 2033 2034 2035 2036 2037 2038 2039 2040 2041 2042 2043 2044 2045 2046 2047 2048 2049 2050 :=
1 0.139 0.139 0.139 0.139 0.139 0.139 0.139 0.139 0.139 0.139 0.139 0.139 0.139 0.139 0.139 0.139 0.139 0.139 0.139 0.139 0.139 0.139 0.139 0.139 0.139 0.139 0.139 0.139 0.139 0.139 0.139 0.139 
[RE1,PWRHYD003,*,*]:
2019 2020 2021 2022 2023 2024 2025 2026 2027 2028 2029 2030 2031 2032 2033 2034 2035 2036 2037 2038 2039 2040 2041 2042 2043 2044 2045 2046 2047 2048 2049 2050 :=
1 0.139 0.139 0.139 0.139 0.139 0.139 0.139 0.139 0.139 0.139 0.139 0.139 0.139 0.139 0.139 0.139 0.139 0.139 0.139 0.139 0.139 0.139 0.139 0.139 0.139 0.139 0.139 0.139 0.139 0.139 0.139 0.139 
[RE1,PWRHYD004,*,*]:
2019 2020 2021 2022 2023 2024 2025 2026 2027 2028 2029 2030 2031 2032 2033 2034 2035 2036 2037 2038 2039 2040 2041 2042 2043 2044 2045 2046 2047 2048 2049 2050 :=
1 0.139 0.139 0.139 0.139 0.139 0.139 0.139 0.139 0.139 0.139 0.139 0.139 0.139 0.139 0.139 0.139 0.139 0.139 0.139 0.139 0.139 0.139 0.139 0.139 0.139 0.139 0.139 0.139 0.139 0.139 0.139 0.139 
[RE1,PWRHYD005,*,*]:
2019 2020 2021 2022 2023 2024 2025 2026 2027 2028 2029 2030 2031 2032 2033 2034 2035 2036 2037 2038 2039 2040 2041 2042 2043 2044 2045 2046 2047 2048 2049 2050 :=
1 0.139 0.139 0.139 0.139 0.139 0.139 0.139 0.139 0.139 0.139 0.139 0.139 0.139 0.139 0.139 0.139 0.139 0.139 0.139 0.139 0.139 0.139 0.139 0.139 0.139 0.139 0.139 0.139 0.139 0.139 0.139 0.139 
[RE1,PWRLFO001,*,*]:
2019 2020 2021 2022 2023 2024 2025 2026 2027 2028 2029 2030 2031 2032 2033 2034 2035 2036 2037 2038 2039 2040 2041 2042 2043 2044 2045 2046 2047 2048 2049 2050 :=
1 3.47 3.47 3.47 3.47 3.47 3.47 3.47 3.47 3.47 3.47 3.47 3.47 3.47 3.47 3.47 3.47 3.47 3.47 3.47 3.47 3.47 3.47 3.47 3.47 3.47 3.47 3.47 3.47 3.47 3.47 3.47 3.47 
[RE1,PWRNGS001,*,*]:
2019 2020 2021 2022 2023 2024 2025 2026 2027 2028 2029 2030 2031 2032 2033 2034 2035 2036 2037 2038 2039 2040 2041 2042 2043 2044 2045 2046 2047 2048 2049 2050 :=
1 3.67 3.67 3.67 3.67 3.67 3.67 3.67 3.67 3.67 3.67 3.67 3.67 3.67 3.67 3.67 3.67 3.67 3.67 3.67 3.67 3.67 3.67 3.67 3.67 3.67 3.67 3.67 3.67 3.67 3.67 3.67 3.67 
[RE1,PWRPHS001,*,*]:
2019 2020 2021 2022 2023 2024 2025 2026 2027 2028 2029 2030 2031 2032 2033 2034 2035 2036 2037 2038 2039 2040 2041 2042 2043 2044 2045 2046 2047 2048 2049 2050 :=
2 0.139 0.139 0.139 0.139 0.139 0.139 0.139 0.139 0.139 0.139 0.139 0.139 0.139 0.139 0.139 0.139 0.139 0.139 0.139 0.139 0.139 0.139 0.139 0.139 0.139 0.139 0.139 0.139 0.139 0.139 0.139 0.139 
[RE1,PWRPHS002,*,*]:
2019 2020 2021 2022 2023 2024 2025 2026 2027 2028 2029 2030 2031 2032 2033 2034 2035 2036 2037 2038 2039 2040 2041 2042 2043 2044 2045 2046 2047 2048 2049 2050 :=
2 0.139 0.139 0.139 0.139 0.139 0.139 0.139 0.139 0.139 0.139 0.139 0.139 0.139 0.139 0.139 0.139 0.139 0.139 0.139 0.139 0.139 0.139 0.139 0.139 0.139 0.139 0.139 0.139 0.139 0.139 0.139 0.139 
[RE1,PWRURN001,*,*]:
2019 2020 2021 2022 2023 2024 2025 2026 2027 2028 2029 2030 2031 2032 2033 2034 2035 2036 2037 2038 2039 2040 2041 2042 2043 2044 2045 2046 2047 2048 2049 2050 :=
1 0.1389 0.1389 0.1389 0.1389 0.1389 0.1389 0.1389 0.1389 0.1389 0.1389 0.1389 0.1389 0.1389 0.1389 0.1389 0.1389 0.1389 0.1389 0.1389 0.1389 0.1389 0.1389 0.1389 0.1389 0.1389 0.1389 0.1389 0.1389 0.1389 0.1389 0.1389 0.1389 
;

param InputActivityRatio default 0.0 :=
[RE1,PWRGEO003,GEO,*,*]:
2019 2020 2021 2022 2023 2024 2025 2026 2027 2028 2029 2030 2031 2032 2033 2034 2035 2036 2037 2038 2039 2040 2041 2042 2043 2044 2045 2046 2047 2048 2049 2050 :=
1 2.97 2.97 2.97 2.97 2.97 2.97 2.97 2.97 2.97 2.97 2.97 2.97 2.97 2.97 2.97 2.97 2.97 2.97 2.97 2.97 2.97 2.97 2.97 2.97 2.97 2.97 2.97 2.97 2.97 2.97 2.97 2.97 
[RE1,PWRHYD002,HYD,*,*]:
2019 2020 2021 2022 2023 2024 2025 2026 2027 2028 2029 2030 2031 2032 2033 2034 2035 2036 2037 2038 2039 2040 2041 2042 2043 2044 2045 2046 2047 2048 2049 2050 :=
1 1.0 1.0 1.0 1.0 1.0 1.0 1.0 1.0 1.0 1.0 1.0 1.0 1.0 1.0 1.0 1.0 1.0 1.0 1.0 1.0 1.0 1.0 1.0 1.0 1.0 1.0 1.0 1.0 1.0 1.0 1.0 1.0 
[RE1,PWRGEO005,GEO,*,*]:
2019 2020 2021 2022 2023 2024 2025 2026 2027 2028 2029 2030 2031 2032 2033 2034 2035 2036 2037 2038 2039 2040 2041 2042 2043 2044 2045 2046 2047 2048 2049 2050 :=
1 2.97 2.97 2.97 2.97 2.97 2.97 2.97 2.97 2.97 2.97 2.97 2.97 2.97 2.97 2.97 2.97 2.97 2.97 2.97 2.97 2.97 2.97 2.97 2.97 2.97 2.97 2.97 2.97 2.97 2.97 2.97 2.97 
[RE1,PWRHYD003,HYD,*,*]:
2019 2020 2021 2022 2023 2024 2025 2026 2027 2028 2029 2030 2031 2032 2033 2034 2035 2036 2037 2038 2039 2040 2041 2042 2043 2044 2045 2046 2047 2048 2049 2050 :=
1 1.0 1.0 1.0 1.0 1.0 1.0 1.0 1.0 1.0 1.0 1.0 1.0 1.0 1.0 1.0 1.0 1.0 1.0 1.0 1.0 1.0 1.0 1.0 1.0 1.0 1.0 1.0 1.0 1.0 1.0 1.0 1.0 
[RE1,PWRSOL002,SOL,*,*]:
2019 2020 2021 2022 2023 2024 2025 2026 2027 2028 2029 2030 2031 2032 2033 2034 2035 2036 2037 2038 2039 2040 2041 2042 2043 2044 2045 2046 2047 2048 2049 2050 :=
1 1.0 1.0 1.0 1.0 1.0 1.0 1.0 1.0 1.0 1.0 1.0 1.0 1.0 1.0 1.0 1.0 1.0 1.0 1.0 1.0 1.0 1.0 1.0 1.0 1.0 1.0 1.0 1.0 1.0 1.0 1.0 1.0 
[RE1,PWRDIST,ELC002,*,*]:
2019 2020 2021 2022 2023 2024 2025 2026 2027 2028 2029 2030 2031 2032 2033 2034 2035 2036 2037 2038 2039 2040 2041 2042 2043 2044 2045 2046 2047 2048 2049 2050 :=
1 1.0 1.0 1.0 1.0 1.0 1.0 1.0 1.0 1.0 1.0 1.0 1.0 1.0 1.0 1.0 1.0 1.0 1.0 1.0 1.0 1.0 1.0 1.0 1.0 1.0 1.0 1.0 1.0 1.0 1.0 1.0 1.0 
[RE1,PWRGEO007,GEO,*,*]:
2019 2020 2021 2022 2023 2024 2025 2026 2027 2028 2029 2030 2031 2032 2033 2034 2035 2036 2037 2038 2039 2040 2041 2042 2043 2044 2045 2046 2047 2048 2049 2050 :=
1 2.97 2.97 2.97 2.97 2.97 2.97 2.97 2.97 2.97 2.97 2.97 2.97 2.97 2.97 2.97 2.97 2.97 2.97 2.97 2.97 2.97 2.97 2.97 2.97 2.97 2.97 2.97 2.97 2.97 2.97 2.97 2.97 
[RE1,DEMRESELC,ELC003,*,*]:
2019 2020 2021 2022 2023 2024 2025 2026 2027 2028 2029 2030 2031 2032 2033 2034 2035 2036 2037 2038 2039 2040 2041 2042 2043 2044 2045 2046 2047 2048 2049 2050 :=
1 1.0 1.0 1.0 1.0 1.0 1.0 1.0 1.0 1.0 1.0 1.0 1.0 1.0 1.0 1.0 1.0 1.0 1.0 1.0 1.0 1.0 1.0 1.0 1.0 1.0 1.0 1.0 1.0 1.0 1.0 1.0 1.0 
[RE1,DEMINDELC,ELC003,*,*]:
2019 2020 2021 2022 2023 2024 2025 2026 2027 2028 2029 2030 2031 2032 2033 2034 2035 2036 2037 2038 2039 2040 2041 2042 2043 2044 2045 2046 2047 2048 2049 2050 :=
1 1.0 1.0 1.0 1.0 1.0 1.0 1.0 1.0 1.0 1.0 1.0 1.0 1.0 1.0 1.0 1.0 1.0 1.0 1.0 1.0 1.0 1.0 1.0 1.0 1.0 1.0 1.0 1.0 1.0 1.0 1.0 1.0 
[RE1,PWRPHS002,ELC001,*,*]:
2019 2020 2021 2022 2023 2024 2025 2026 2027 2028 2029 2030 2031 2032 2033 2034 2035 2036 2037 2038 2039 2040 2041 2042 2043 2044 2045 2046 2047 2048 2049 2050 :=
1 1.0 1.0 1.0 1.0 1.0 1.0 1.0 1.0 1.0 1.0 1.0 1.0 1.0 1.0 1.0 1.0 1.0 1.0 1.0 1.0 1.0 1.0 1.0 1.0 1.0 1.0 1.0 1.0 1.0 1.0 1.0 1.0 
[RE1,PWRWND005,WND,*,*]:
2019 2020 2021 2022 2023 2024 2025 2026 2027 2028 2029 2030 2031 2032 2033 2034 2035 2036 2037 2038 2039 2040 2041 2042 2043 2044 2045 2046 2047 2048 2049 2050 :=
1 1.0 1.0 1.0 1.0 1.0 1.0 1.0 1.0 1.0 1.0 1.0 1.0 1.0 1.0 1.0 1.0 1.0 1.0 1.0 1.0 1.0 1.0 1.0 1.0 1.0 1.0 1.0 1.0 1.0 1.0 1.0 1.0 
[RE1,EXPELC,ELC001,*,*]:
2019 2020 2021 2022 2023 2024 2025 2026 2027 2028 2029 2030 2031 2032 2033 2034 2035 2036 2037 2038 2039 2040 2041 2042 2043 2044 2045 2046 2047 2048 2049 2050 :=
1 1.0 1.0 1.0 1.0 1.0 1.0 1.0 1.0 1.0 1.0 1.0 1.0 1.0 1.0 1.0 1.0 1.0 1.0 1.0 1.0 1.0 1.0 1.0 1.0 1.0 1.0 1.0 1.0 1.0 1.0 1.0 1.0 
[RE1,DEMCOMELC,ELC003,*,*]:
2019 2020 2021 2022 2023 2024 2025 2026 2027 2028 2029 2030 2031 2032 2033 2034 2035 2036 2037 2038 2039 2040 2041 2042 2043 2044 2045 2046 2047 2048 2049 2050 :=
1 1.0 1.0 1.0 1.0 1.0 1.0 1.0 1.0 1.0 1.0 1.0 1.0 1.0 1.0 1.0 1.0 1.0 1.0 1.0 1.0 1.0 1.0 1.0 1.0 1.0 1.0 1.0 1.0 1.0 1.0 1.0 1.0 
[RE1,PWRWND007,WND,*,*]:
2019 2020 2021 2022 2023 2024 2025 2026 2027 2028 2029 2030 2031 2032 2033 2034 2035 2036 2037 2038 2039 2040 2041 2042 2043 2044 2045 2046 2047 2048 2049 2050 :=
1 1.0 1.0 1.0 1.0 1.0 1.0 1.0 1.0 1.0 1.0 1.0 1.0 1.0 1.0 1.0 1.0 1.0 1.0 1.0 1.0 1.0 1.0 1.0 1.0 1.0 1.0 1.0 1.0 1.0 1.0 1.0 1.0 
[RE1,PWRGEO004,GEO,*,*]:
2019 2020 2021 2022 2023 2024 2025 2026 2027 2028 2029 2030 2031 2032 2033 2034 2035 2036 2037 2038 2039 2040 2041 2042 2043 2044 2045 2046 2047 2048 2049 2050 :=
1 2.97 2.97 2.97 2.97 2.97 2.97 2.97 2.97 2.97 2.97 2.97 2.97 2.97 2.97 2.97 2.97 2.97 2.97 2.97 2.97 2.97 2.97 2.97 2.97 2.97 2.97 2.97 2.97 2.97 2.97 2.97 2.97 
[RE1,PWRHFO001,HFONAI,*,*]:
2019 2020 2021 2022 2023 2024 2025 2026 2027 2028 2029 2030 2031 2032 2033 2034 2035 2036 2037 2038 2039 2040 2041 2042 2043 2044 2045 2046 2047 2048 2049 2050 :=
1 2.6 2.6 2.6 2.6 2.6 2.6 2.6 2.6 2.6 2.6 2.6 2.6 2.6 2.6 2.6 2.6 2.6 2.6 2.6 2.6 2.6 2.6 2.6 2.6 2.6 2.6 2.6 2.6 2.6 2.6 2.6 2.6 
[RE1,PWRWND011,WND,*,*]:
2019 2020 2021 2022 2023 2024 2025 2026 2027 2028 2029 2030 2031 2032 2033 2034 2035 2036 2037 2038 2039 2040 2041 2042 2043 2044 2045 2046 2047 2048 2049 2050 :=
1 1.0 1.0 1.0 1.0 1.0 1.0 1.0 1.0 1.0 1.0 1.0 1.0 1.0 1.0 1.0 1.0 1.0 1.0 1.0 1.0 1.0 1.0 1.0 1.0 1.0 1.0 1.0 1.0 1.0 1.0 1.0 1.0 
[RE1,PWRHYD004,HYD,*,*]:
2019 2020 2021 2022 2023 2024 2025 2026 2027 2028 2029 2030 2031 2032 2033 2034 2035 2036 2037 2038 2039 2040 2041 2042 2043 2044 2045 2046 2047 2048 2049 2050 :=
1 1.0 1.0 1.0 1.0 1.0 1.0 1.0 1.0 1.0 1.0 1.0 1.0 1.0 1.0 1.0 1.0 1.0 1.0 1.0 1.0 1.0 1.0 1.0 1.0 1.0 1.0 1.0 1.0 1.0 1.0 1.0 1.0 
[RE1,BESS_TECH,ELC001,*,*]:
2019 2020 2021 2022 2023 2024 2025 2026 2027 2028 2029 2030 2031 2032 2033 2034 2035 2036 2037 2038 2039 2040 2041 2042 2043 2044 2045 2046 2047 2048 2049 2050 :=
1 1.0 1.0 1.0 1.0 1.0 1.0 1.0 1.0 1.0 1.0 1.0 1.0 1.0 1.0 1.0 1.0 1.0 1.0 1.0 1.0 1.0 1.0 1.0 1.0 1.0 1.0 1.0 1.0 1.0 1.0 1.0 1.0 
[RE1,PWRWND008,WND,*,*]:
2019 2020 2021 2022 2023 2024 2025 2026 2027 2028 2029 2030 2031 2032 2033 2034 2035 2036 2037 2038 2039 2040 2041 2042 2043 2044 2045 2046 2047 2048 2049 2050 :=
1 1.0 1.0 1.0 1.0 1.0 1.0 1.0 1.0 1.0 1.0 1.0 1.0 1.0 1.0 1.0 1.0 1.0 1.0 1.0 1.0 1.0 1.0 1.0 1.0 1.0 1.0 1.0 1.0 1.0 1.0 1.0 1.0 
[RE1,PWRWND006,WND,*,*]:
2019 2020 2021 2022 2023 2024 2025 2026 2027 2028 2029 2030 2031 2032 2033 2034 2035 2036 2037 2038 2039 2040 2041 2042 2043 2044 2045 2046 2047 2048 2049 2050 :=
1 1.0 1.0 1.0 1.0 1.0 1.0 1.0 1.0 1.0 1.0 1.0 1.0 1.0 1.0 1.0 1.0 1.0 1.0 1.0 1.0 1.0 1.0 1.0 1.0 1.0 1.0 1.0 1.0 1.0 1.0 1.0 1.0 
[RE1,PWRHYD005,HYD,*,*]:
2019 2020 2021 2022 2023 2024 2025 2026 2027 2028 2029 2030 2031 2032 2033 2034 2035 2036 2037 2038 2039 2040 2041 2042 2043 2044 2045 2046 2047 2048 2049 2050 :=
1 1.0 1.0 1.0 1.0 1.0 1.0 1.0 1.0 1.0 1.0 1.0 1.0 1.0 1.0 1.0 1.0 1.0 1.0 1.0 1.0 1.0 1.0 1.0 1.0 1.0 1.0 1.0 1.0 1.0 1.0 1.0 1.0 
[RE1,PWRGEO006,GEO,*,*]:
2019 2020 2021 2022 2023 2024 2025 2026 2027 2028 2029 2030 2031 2032 2033 2034 2035 2036 2037 2038 2039 2040 2041 2042 2043 2044 2045 2046 2047 2048 2049 2050 :=
1 2.97 2.97 2.97 2.97 2.97 2.97 2.97 2.97 2.97 2.97 2.97 2.97 2.97 2.97 2.97 2.97 2.97 2.97 2.97 2.97 2.97 2.97 2.97 2.97 2.97 2.97 2.97 2.97 2.97 2.97 2.97 2.97 
[RE1,PWRWND002,WND,*,*]:
2019 2020 2021 2022 2023 2024 2025 2026 2027 2028 2029 2030 2031 2032 2033 2034 2035 2036 2037 2038 2039 2040 2041 2042 2043 2044 2045 2046 2047 2048 2049 2050 :=
1 1.0 1.0 1.0 1.0 1.0 1.0 1.0 1.0 1.0 1.0 1.0 1.0 1.0 1.0 1.0 1.0 1.0 1.0 1.0 1.0 1.0 1.0 1.0 1.0 1.0 1.0 1.0 1.0 1.0 1.0 1.0 1.0 
[RE1,PWRCOA001,COA,*,*]:
2019 2020 2021 2022 2023 2024 2025 2026 2027 2028 2029 2030 2031 2032 2033 2034 2035 2036 2037 2038 2039 2040 2041 2042 2043 2044 2045 2046 2047 2048 2049 2050 :=
1 2.59 2.59 2.59 2.59 2.59 2.59 2.59 2.59 2.59 2.59 2.59 2.59 2.59 2.59 2.59 2.59 2.59 2.59 2.59 2.59 2.59 2.59 2.59 2.59 2.59 2.59 2.59 2.59 2.59 2.59 2.59 2.59 
[RE1,PWRPHS001,ELC001,*,*]:
2019 2020 2021 2022 2023 2024 2025 2026 2027 2028 2029 2030 2031 2032 2033 2034 2035 2036 2037 2038 2039 2040 2041 2042 2043 2044 2045 2046 2047 2048 2049 2050 :=
1 1.0 1.0 1.0 1.0 1.0 1.0 1.0 1.0 1.0 1.0 1.0 1.0 1.0 1.0 1.0 1.0 1.0 1.0 1.0 1.0 1.0 1.0 1.0 1.0 1.0 1.0 1.0 1.0 1.0 1.0 1.0 1.0 
[RE1,PWRWND003,WND,*,*]:
2019 2020 2021 2022 2023 2024 2025 2026 2027 2028 2029 2030 2031 2032 2033 2034 2035 2036 2037 2038 2039 2040 2041 2042 2043 2044 2045 2046 2047 2048 2049 2050 :=
1 1.0 1.0 1.0 1.0 1.0 1.0 1.0 1.0 1.0 1.0 1.0 1.0 1.0 1.0 1.0 1.0 1.0 1.0 1.0 1.0 1.0 1.0 1.0 1.0 1.0 1.0 1.0 1.0 1.0 1.0 1.0 1.0 
[RE1,PWRTRN,ELC001,*,*]:
2019 2020 2021 2022 2023 2024 2025 2026 2027 2028 2029 2030 2031 2032 2033 2034 2035 2036 2037 2038 2039 2040 2041 2042 2043 2044 2045 2046 2047 2048 2049 2050 :=
1 1.0 1.0 1.0 1.0 1.0 1.0 1.0 1.0 1.0 1.0 1.0 1.0 1.0 1.0 1.0 1.0 1.0 1.0 1.0 1.0 1.0 1.0 1.0 1.0 1.0 1.0 1.0 1.0 1.0 1.0 1.0 1.0 
2 1.0 1.0 1.0 1.0 1.0 1.0 1.0 1.0 1.0 1.0 1.0 1.0 1.0 1.0 1.0 1.0 1.0 1.0 1.0 1.0 1.0 1.0 1.0 1.0 1.0 1.0 1.0 1.0 1.0 1.0 1.0 1.0 
[RE1,PWRWND004,WND,*,*]:
2019 2020 2021 2022 2023 2024 2025 2026 2027 2028 2029 2030 2031 2032 2033 2034 2035 2036 2037 2038 2039 2040 2041 2042 2043 2044 2045 2046 2047 2048 2049 2050 :=
1 1.0 1.0 1.0 1.0 1.0 1.0 1.0 1.0 1.0 1.0 1.0 1.0 1.0 1.0 1.0 1.0 1.0 1.0 1.0 1.0 1.0 1.0 1.0 1.0 1.0 1.0 1.0 1.0 1.0 1.0 1.0 1.0 
[RE1,PWRGEO002,GEO,*,*]:
2019 2020 2021 2022 2023 2024 2025 2026 2027 2028 2029 2030 2031 2032 2033 2034 2035 2036 2037 2038 2039 2040 2041 2042 2043 2044 2045 2046 2047 2048 2049 2050 :=
1 2.97 2.97 2.97 2.97 2.97 2.97 2.97 2.97 2.97 2.97 2.97 2.97 2.97 2.97 2.97 2.97 2.97 2.97 2.97 2.97 2.97 2.97 2.97 2.97 2.97 2.97 2.97 2.97 2.97 2.97 2.97 2.97 
[RE1,PWRBIO001,BIO,*,*]:
2019 2020 2021 2022 2023 2024 2025 2026 2027 2028 2029 2030 2031 2032 2033 2034 2035 2036 2037 2038 2039 2040 2041 2042 2043 2044 2045 2046 2047 2048 2049 2050 :=
1 2.86 2.86 2.86 2.86 2.86 2.86 2.86 2.86 2.86 2.86 2.86 2.86 2.86 2.86 2.86 2.86 2.86 2.86 2.86 2.86 2.86 2.86 2.86 2.86 2.86 2.86 2.86 2.86 2.86 2.86 2.86 2.86 
[RE1,PWRNGS001,NGS,*,*]:
2019 2020 2021 2022 2023 2024 2025 2026 2027 2028 2029 2030 2031 2032 2033 2034 2035 2036 2037 2038 2039 2040 2041 2042 2043 2044 2045 2046 2047 2048 2049 2050 :=
1 3.5 3.5 3.5 3.5 3.5 3.5 3.5 3.5 3.5 3.5 3.5 3.5 3.5 3.5 3.5 3.5 3.5 3.5 3.5 3.5 3.5 3.5 3.5 3.5 3.5 3.5 3.5 3.5 3.5 3.5 3.5 3.5 
[RE1,PWRLFO001,LFOELD,*,*]:
2019 2020 2021 2022 2023 2024 2025 2026 2027 2028 2029 2030 2031 2032 2033 2034 2035 2036 2037 2038 2039 2040 2041 2042 2043 2044 2045 2046 2047 2048 2049 2050 :=
1 3.0 3.0 3.0 3.0 3.0 3.0 3.0 3.0 3.0 3.0 3.0 3.0 3.0 3.0 3.0 3.0 3.0 3.0 3.0 3.0 3.0 3.0 3.0 3.0 3.0 3.0 3.0 3.0 3.0 3.0 3.0 3.0 
[RE1,PWRURN001,URN,*,*]:
2019 2020 2021 2022 2023 2024 2025 2026 2027 2028 2029 2030 2031 2032 2033 2034 2035 2036 2037 2038 2039 2040 2041 2042 2043 2044 2045 2046 2047 2048 2049 2050 :=
1 3.22 3.22 3.22 3.22 3.22 3.22 3.22 3.22 3.22 3.22 3.22 3.22 3.22 3.22 3.22 3.22 3.22 3.22 3.22 3.22 3.22 3.22 3.22 3.22 3.22 3.22 3.22 3.22 3.22 3.22 3.22 3.22 
[RE1,PWRWND009,WND,*,*]:
2019 2020 2021 2022 2023 2024 2025 2026 2027 2028 2029 2030 2031 2032 2033 2034 2035 2036 2037 2038 2039 2040 2041 2042 2043 2044 2045 2046 2047 2048 2049 2050 :=
1 1.0 1.0 1.0 1.0 1.0 1.0 1.0 1.0 1.0 1.0 1.0 1.0 1.0 1.0 1.0 1.0 1.0 1.0 1.0 1.0 1.0 1.0 1.0 1.0 1.0 1.0 1.0 1.0 1.0 1.0 1.0 1.0 
[RE1,PWRHYD001,HYD,*,*]:
2019 2020 2021 2022 2023 2024 2025 2026 2027 2028 2029 2030 2031 2032 2033 2034 2035 2036 2037 2038 2039 2040 2041 2042 2043 2044 2045 2046 2047 2048 2049 2050 :=
1 1.0 1.0 1.0 1.0 1.0 1.0 1.0 1.0 1.0 1.0 1.0 1.0 1.0 1.0 1.0 1.0 1.0 1.0 1.0 1.0 1.0 1.0 1.0 1.0 1.0 1.0 1.0 1.0 1.0 1.0 1.0 1.0 
[RE1,PWRWND001,WND,*,*]:
2019 2020 2021 2022 2023 2024 2025 2026 2027 2028 2029 2030 2031 2032 2033 2034 2035 2036 2037 2038 2039 2040 2041 2042 2043 2044 2045 2046 2047 2048 2049 2050 :=
1 1.0 1.0 1.0 1.0 1.0 1.0 1.0 1.0 1.0 1.0 1.0 1.0 1.0 1.0 1.0 1.0 1.0 1.0 1.0 1.0 1.0 1.0 1.0 1.0 1.0 1.0 1.0 1.0 1.0 1.0 1.0 1.0 
[RE1,PWRSOL001,SOL,*,*]:
2019 2020 2021 2022 2023 2024 2025 2026 2027 2028 2029 2030 2031 2032 2033 2034 2035 2036 2037 2038 2039 2040 2041 2042 2043 2044 2045 2046 2047 2048 2049 2050 :=
1 1.0 1.0 1.0 1.0 1.0 1.0 1.0 1.0 1.0 1.0 1.0 1.0 1.0 1.0 1.0 1.0 1.0 1.0 1.0 1.0 1.0 1.0 1.0 1.0 1.0 1.0 1.0 1.0 1.0 1.0 1.0 1.0 
[RE1,PWRGEO001,GEO,*,*]:
2019 2020 2021 2022 2023 2024 2025 2026 2027 2028 2029 2030 2031 2032 2033 2034 2035 2036 2037 2038 2039 2040 2041 2042 2043 2044 2045 2046 2047 2048 2049 2050 :=
1 2.97 2.97 2.97 2.97 2.97 2.97 2.97 2.97 2.97 2.97 2.97 2.97 2.97 2.97 2.97 2.97 2.97 2.97 2.97 2.97 2.97 2.97 2.97 2.97 2.97 2.97 2.97 2.97 2.97 2.97 2.97 2.97 
[RE1,PWRWND010,WND,*,*]:
2019 2020 2021 2022 2023 2024 2025 2026 2027 2028 2029 2030 2031 2032 2033 2034 2035 2036 2037 2038 2039 2040 2041 2042 2043 2044 2045 2046 2047 2048 2049 2050 :=
1 1.0 1.0 1.0 1.0 1.0 1.0 1.0 1.0 1.0 1.0 1.0 1.0 1.0 1.0 1.0 1.0 1.0 1.0 1.0 1.0 1.0 1.0 1.0 1.0 1.0 1.0 1.0 1.0 1.0 1.0 1.0 1.0 
;

param OutputActivityRatio default 0.0 :=
[RE1,PWRHFO001,ELC001,*,*]:
2019 2020 2021 2022 2023 2024 2025 2026 2027 2028 2029 2030 2031 2032 2033 2034 2035 2036 2037 2038 2039 2040 2041 2042 2043 2044 2045 2046 2047 2048 2049 2050 :=
1 1.0 1.0 1.0 1.0 1.0 1.0 1.0 1.0 1.0 1.0 1.0 1.0 1.0 1.0 1.0 1.0 1.0 1.0 1.0 1.0 1.0 1.0 1.0 1.0 1.0 1.0 1.0 1.0 1.0 1.0 1.0 1.0 
[RE1,MINCOA,COADOM,*,*]:
2019 2020 2021 2022 2023 2024 2025 2026 2027 2028 2029 2030 2031 2032 2033 2034 2035 2036 2037 2038 2039 2040 2041 2042 2043 2044 2045 2046 2047 2048 2049 2050 :=
1 1.0 1.0 1.0 1.0 1.0 1.0 1.0 1.0 1.0 1.0 1.0 1.0 1.0 1.0 1.0 1.0 1.0 1.0 1.0 1.0 1.0 1.0 1.0 1.0 1.0 1.0 1.0 1.0 1.0 1.0 1.0 1.0 
[RE1,IMPHFONAI,HFONAI,*,*]:
2019 2020 2021 2022 2023 2024 2025 2026 2027 2028 2029 2030 2031 2032 2033 2034 2035 2036 2037 2038 2039 2040 2041 2042 2043 2044 2045 2046 2047 2048 2049 2050 :=
1 1.0 1.0 1.0 1.0 1.0 1.0 1.0 1.0 1.0 1.0 1.0 1.0 1.0 1.0 1.0 1.0 1.0 1.0 1.0 1.0 1.0 1.0 1.0 1.0 1.0 1.0 1.0 1.0 1.0 1.0 1.0 1.0 
[RE1,PWRWND009,ELC001,*,*]:
2019 2020 2021 2022 2023 2024 2025 2026 2027 2028 2029 2030 2031 2032 2033 2034 2035 2036 2037 2038 2039 2040 2041 2042 2043 2044 2045 2046 2047 2048 2049 2050 :=
1 1.0 1.0 1.0 1.0 1.0 1.0 1.0 1.0 1.0 1.0 1.0 1.0 1.0 1.0 1.0 1.0 1.0 1.0 1.0 1.0 1.0 1.0 1.0 1.0 1.0 1.0 1.0 1.0 1.0 1.0 1.0 1.0 
[RE1,IMPNGS,NGS,*,*]:
2019 2020 2021 2022 2023 2024 2025 2026 2027 2028 2029 2030 2031 2032 2033 2034 2035 2036 2037 2038 2039 2040 2041 2042 2043 2044 2045 2046 2047 2048 2049 2050 :=
1 1.0 1.0 1.0 1.0 1.0 1.0 1.0 1.0 1.0 1.0 1.0 1.0 1.0 1.0 1.0 1.0 1.0 1.0 1.0 1.0 1.0 1.0 1.0 1.0 1.0 1.0 1.0 1.0 1.0 1.0 1.0 1.0 
[RE1,PWRDIST,ELC003,*,*]:
2019 2020 2021 2022 2023 2024 2025 2026 2027 2028 2029 2030 2031 2032 2033 2034 2035 2036 2037 2038 2039 2040 2041 2042 2043 2044 2045 2046 2047 2048 2049 2050 :=
1 0.9129 0.9129 0.9139 0.9149 0.916 0.917 0.918 0.9191 0.9201 0.9212 0.9222 0.9232 0.9243 0.9253 0.9263 0.9274 0.9284 0.9295 0.9305 0.9315 0.9326 0.9336 0.9346 0.9357 0.9367 0.9378 0.9388 0.9398 0.9409 0.9419 0.9429 0.944 
[RE1,PWRWND004,ELC001,*,*]:
2019 2020 2021 2022 2023 2024 2025 2026 2027 2028 2029 2030 2031 2032 2033 2034 2035 2036 2037 2038 2039 2040 2041 2042 2043 2044 2045 2046 2047 2048 2049 2050 :=
1 1.0 1.0 1.0 1.0 1.0 1.0 1.0 1.0 1.0 1.0 1.0 1.0 1.0 1.0 1.0 1.0 1.0 1.0 1.0 1.0 1.0 1.0 1.0 1.0 1.0 1.0 1.0 1.0 1.0 1.0 1.0 1.0 
[RE1,PWRHYD004,ELC001,*,*]:
2019 2020 2021 2022 2023 2024 2025 2026 2027 2028 2029 2030 2031 2032 2033 2034 2035 2036 2037 2038 2039 2040 2041 2042 2043 2044 2045 2046 2047 2048 2049 2050 :=
1 1.0 1.0 1.0 1.0 1.0 1.0 1.0 1.0 1.0 1.0 1.0 1.0 1.0 1.0 1.0 1.0 1.0 1.0 1.0 1.0 1.0 1.0 1.0 1.0 1.0 1.0 1.0 1.0 1.0 1.0 1.0 1.0 
[RE1,PWRWND001,ELC001,*,*]:
2019 2020 2021 2022 2023 2024 2025 2026 2027 2028 2029 2030 2031 2032 2033 2034 2035 2036 2037 2038 2039 2040 2041 2042 2043 2044 2045 2046 2047 2048 2049 2050 :=
1 1.0 1.0 1.0 1.0 1.0 1.0 1.0 1.0 1.0 1.0 1.0 1.0 1.0 1.0 1.0 1.0 1.0 1.0 1.0 1.0 1.0 1.0 1.0 1.0 1.0 1.0 1.0 1.0 1.0 1.0 1.0 1.0 
[RE1,PWRWND007,ELC001,*,*]:
2019 2020 2021 2022 2023 2024 2025 2026 2027 2028 2029 2030 2031 2032 2033 2034 2035 2036 2037 2038 2039 2040 2041 2042 2043 2044 2045 2046 2047 2048 2049 2050 :=
1 1.0 1.0 1.0 1.0 1.0 1.0 1.0 1.0 1.0 1.0 1.0 1.0 1.0 1.0 1.0 1.0 1.0 1.0 1.0 1.0 1.0 1.0 1.0 1.0 1.0 1.0 1.0 1.0 1.0 1.0 1.0 1.0 
[RE1,IMPELC002,ELC001,*,*]:
2019 2020 2021 2022 2023 2024 2025 2026 2027 2028 2029 2030 2031 2032 2033 2034 2035 2036 2037 2038 2039 2040 2041 2042 2043 2044 2045 2046 2047 2048 2049 2050 :=
1 1.0 1.0 1.0 1.0 1.0 1.0 1.0 1.0 1.0 1.0 1.0 1.0 1.0 1.0 1.0 1.0 1.0 1.0 1.0 1.0 1.0 1.0 1.0 1.0 1.0 1.0 1.0 1.0 1.0 1.0 1.0 1.0 
[RE1,PWRHYD003,ELC001,*,*]:
2019 2020 2021 2022 2023 2024 2025 2026 2027 2028 2029 2030 2031 2032 2033 2034 2035 2036 2037 2038 2039 2040 2041 2042 2043 2044 2045 2046 2047 2048 2049 2050 :=
1 1.0 1.0 1.0 1.0 1.0 1.0 1.0 1.0 1.0 1.0 1.0 1.0 1.0 1.0 1.0 1.0 1.0 1.0 1.0 1.0 1.0 1.0 1.0 1.0 1.0 1.0 1.0 1.0 1.0 1.0 1.0 1.0 
[RE1,MINWND,WND,*,*]:
2019 2020 2021 2022 2023 2024 2025 2026 2027 2028 2029 2030 2031 2032 2033 2034 2035 2036 2037 2038 2039 2040 2041 2042 2043 2044 2045 2046 2047 2048 2049 2050 :=
1 1.0 1.0 1.0 1.0 1.0 1.0 1.0 1.0 1.0 1.0 1.0 1.0 1.0 1.0 1.0 1.0 1.0 1.0 1.0 1.0 1.0 1.0 1.0 1.0 1.0 1.0 1.0 1.0 1.0 1.0 1.0 1.0 
[RE1,PWRWND003,ELC001,*,*]:
2019 2020 2021 2022 2023 2024 2025 2026 2027 2028 2029 2030 2031 2032 2033 2034 2035 2036 2037 2038 2039 2040 2041 2042 2043 2044 2045 2046 2047 2048 2049 2050 :=
1 1.0 1.0 1.0 1.0 1.0 1.0 1.0 1.0 1.0 1.0 1.0 1.0 1.0 1.0 1.0 1.0 1.0 1.0 1.0 1.0 1.0 1.0 1.0 1.0 1.0 1.0 1.0 1.0 1.0 1.0 1.0 1.0 
[RE1,PWRSOL002,ELC001,*,*]:
2019 2020 2021 2022 2023 2024 2025 2026 2027 2028 2029 2030 2031 2032 2033 2034 2035 2036 2037 2038 2039 2040 2041 2042 2043 2044 2045 2046 2047 2048 2049 2050 :=
1 1.0 1.0 1.0 1.0 1.0 1.0 1.0 1.0 1.0 1.0 1.0 1.0 1.0 1.0 1.0 1.0 1.0 1.0 1.0 1.0 1.0 1.0 1.0 1.0 1.0 1.0 1.0 1.0 1.0 1.0 1.0 1.0 
[RE1,MINSOL,SOL,*,*]:
2019 2020 2021 2022 2023 2024 2025 2026 2027 2028 2029 2030 2031 2032 2033 2034 2035 2036 2037 2038 2039 2040 2041 2042 2043 2044 2045 2046 2047 2048 2049 2050 :=
1 1.0 1.0 1.0 1.0 1.0 1.0 1.0 1.0 1.0 1.0 1.0 1.0 1.0 1.0 1.0 1.0 1.0 1.0 1.0 1.0 1.0 1.0 1.0 1.0 1.0 1.0 1.0 1.0 1.0 1.0 1.0 1.0 
[RE1,PWRGEO004,ELC001,*,*]:
2019 2020 2021 2022 2023 2024 2025 2026 2027 2028 2029 2030 2031 2032 2033 2034 2035 2036 2037 2038 2039 2040 2041 2042 2043 2044 2045 2046 2047 2048 2049 2050 :=
1 1.0 1.0 1.0 1.0 1.0 1.0 1.0 1.0 1.0 1.0 1.0 1.0 1.0 1.0 1.0 1.0 1.0 1.0 1.0 1.0 1.0 1.0 1.0 1.0 1.0 1.0 1.0 1.0 1.0 1.0 1.0 1.0 
[RE1,BACKSTOP,ELC001,*,*]:
2019 2020 2021 2022 2023 2024 2025 2026 2027 2028 2029 2030 2031 2032 2033 2034 2035 2036 2037 2038 2039 2040 2041 2042 2043 2044 2045 2046 2047 2048 2049 2050 :=
1 1.0 1.0 1.0 1.0 1.0 1.0 1.0 1.0 1.0 1.0 1.0 1.0 1.0 1.0 1.0 1.0 1.0 1.0 1.0 1.0 1.0 1.0 1.0 1.0 1.0 1.0 1.0 1.0 1.0 1.0 1.0 1.0 
[RE1,DEMCOMELC,COMELC,*,*]:
2019 2020 2021 2022 2023 2024 2025 2026 2027 2028 2029 2030 2031 2032 2033 2034 2035 2036 2037 2038 2039 2040 2041 2042 2043 2044 2045 2046 2047 2048 2049 2050 :=
1 1.0 1.0 1.0 1.0 1.0 1.0 1.0 1.0 1.0 1.0 1.0 1.0 1.0 1.0 1.0 1.0 1.0 1.0 1.0 1.0 1.0 1.0 1.0 1.0 1.0 1.0 1.0 1.0 1.0 1.0 1.0 1.0 
[RE1,MINHYD,HYD,*,*]:
2019 2020 2021 2022 2023 2024 2025 2026 2027 2028 2029 2030 2031 2032 2033 2034 2035 2036 2037 2038 2039 2040 2041 2042 2043 2044 2045 2046 2047 2048 2049 2050 :=
1 1.0 1.0 1.0 1.0 1.0 1.0 1.0 1.0 1.0 1.0 1.0 1.0 1.0 1.0 1.0 1.0 1.0 1.0 1.0 1.0 1.0 1.0 1.0 1.0 1.0 1.0 1.0 1.0 1.0 1.0 1.0 1.0 
[RE1,PWRPHS002,ELC001,*,*]:
2019 2020 2021 2022 2023 2024 2025 2026 2027 2028 2029 2030 2031 2032 2033 2034 2035 2036 2037 2038 2039 2040 2041 2042 2043 2044 2045 2046 2047 2048 2049 2050 :=
2 1.0 1.0 1.0 1.0 1.0 1.0 1.0 1.0 1.0 1.0 1.0 1.0 1.0 1.0 1.0 1.0 1.0 1.0 1.0 1.0 1.0 1.0 1.0 1.0 1.0 1.0 1.0 1.0 1.0 1.0 1.0 1.0 
[RE1,PWRWND011,ELC001,*,*]:
2019 2020 2021 2022 2023 2024 2025 2026 2027 2028 2029 2030 2031 2032 2033 2034 2035 2036 2037 2038 2039 2040 2041 2042 2043 2044 2045 2046 2047 2048 2049 2050 :=
1 1.0 1.0 1.0 1.0 1.0 1.0 1.0 1.0 1.0 1.0 1.0 1.0 1.0 1.0 1.0 1.0 1.0 1.0 1.0 1.0 1.0 1.0 1.0 1.0 1.0 1.0 1.0 1.0 1.0 1.0 1.0 1.0 
[RE1,PWRHYD001,ELC001,*,*]:
2019 2020 2021 2022 2023 2024 2025 2026 2027 2028 2029 2030 2031 2032 2033 2034 2035 2036 2037 2038 2039 2040 2041 2042 2043 2044 2045 2046 2047 2048 2049 2050 :=
1 1.0 1.0 1.0 1.0 1.0 1.0 1.0 1.0 1.0 1.0 1.0 1.0 1.0 1.0 1.0 1.0 1.0 1.0 1.0 1.0 1.0 1.0 1.0 1.0 1.0 1.0 1.0 1.0 1.0 1.0 1.0 1.0 
[RE1,IMPBIO,BIO,*,*]:
2019 2020 2021 2022 2023 2024 2025 2026 2027 2028 2029 2030 2031 2032 2033 2034 2035 2036 2037 2038 2039 2040 2041 2042 2043 2044 2045 2046 2047 2048 2049 2050 :=
1 1.0 1.0 1.0 1.0 1.0 1.0 1.0 1.0 1.0 1.0 1.0 1.0 1.0 1.0 1.0 1.0 1.0 1.0 1.0 1.0 1.0 1.0 1.0 1.0 1.0 1.0 1.0 1.0 1.0 1.0 1.0 1.0 
[RE1,PWRURN001,ELC001,*,*]:
2019 2020 2021 2022 2023 2024 2025 2026 2027 2028 2029 2030 2031 2032 2033 2034 2035 2036 2037 2038 2039 2040 2041 2042 2043 2044 2045 2046 2047 2048 2049 2050 :=
1 1.0 1.0 1.0 1.0 1.0 1.0 1.0 1.0 1.0 1.0 1.0 1.0 1.0 1.0 1.0 1.0 1.0 1.0 1.0 1.0 1.0 1.0 1.0 1.0 1.0 1.0 1.0 1.0 1.0 1.0 1.0 1.0 
[RE1,IMPURN,URN,*,*]:
2019 2020 2021 2022 2023 2024 2025 2026 2027 2028 2029 2030 2031 2032 2033 2034 2035 2036 2037 2038 2039 2040 2041 2042 2043 2044 2045 2046 2047 2048 2049 2050 :=
1 1.0 1.0 1.0 1.0 1.0 1.0 1.0 1.0 1.0 1.0 1.0 1.0 1.0 1.0 1.0 1.0 1.0 1.0 1.0 1.0 1.0 1.0 1.0 1.0 1.0 1.0 1.0 1.0 1.0 1.0 1.0 1.0 
[RE1,IMPELC001,ELC001,*,*]:
2019 2020 2021 2022 2023 2024 2025 2026 2027 2028 2029 2030 2031 2032 2033 2034 2035 2036 2037 2038 2039 2040 2041 2042 2043 2044 2045 2046 2047 2048 2049 2050 :=
1 1.0 1.0 1.0 1.0 1.0 1.0 1.0 1.0 1.0 1.0 1.0 1.0 1.0 1.0 1.0 1.0 1.0 1.0 1.0 1.0 1.0 1.0 1.0 1.0 1.0 1.0 1.0 1.0 1.0 1.0 1.0 1.0 
[RE1,PWRSOL001,ELC001,*,*]:
2019 2020 2021 2022 2023 2024 2025 2026 2027 2028 2029 2030 2031 2032 2033 2034 2035 2036 2037 2038 2039 2040 2041 2042 2043 2044 2045 2046 2047 2048 2049 2050 :=
1 1.0 1.0 1.0 1.0 1.0 1.0 1.0 1.0 1.0 1.0 1.0 1.0 1.0 1.0 1.0 1.0 1.0 1.0 1.0 1.0 1.0 1.0 1.0 1.0 1.0 1.0 1.0 1.0 1.0 1.0 1.0 1.0 
[RE1,PWRGEO001,ELC001,*,*]:
2019 2020 2021 2022 2023 2024 2025 2026 2027 2028 2029 2030 2031 2032 2033 2034 2035 2036 2037 2038 2039 2040 2041 2042 2043 2044 2045 2046 2047 2048 2049 2050 :=
1 1.0 1.0 1.0 1.0 1.0 1.0 1.0 1.0 1.0 1.0 1.0 1.0 1.0 1.0 1.0 1.0 1.0 1.0 1.0 1.0 1.0 1.0 1.0 1.0 1.0 1.0 1.0 1.0 1.0 1.0 1.0 1.0 
[RE1,PWRNGS001,ELC001,*,*]:
2019 2020 2021 2022 2023 2024 2025 2026 2027 2028 2029 2030 2031 2032 2033 2034 2035 2036 2037 2038 2039 2040 2041 2042 2043 2044 2045 2046 2047 2048 2049 2050 :=
1 1.0 1.0 1.0 1.0 1.0 1.0 1.0 1.0 1.0 1.0 1.0 1.0 1.0 1.0 1.0 1.0 1.0 1.0 1.0 1.0 1.0 1.0 1.0 1.0 1.0 1.0 1.0 1.0 1.0 1.0 1.0 1.0 
[RE1,PWRCOA001,ELC001,*,*]:
2019 2020 2021 2022 2023 2024 2025 2026 2027 2028 2029 2030 2031 2032 2033 2034 2035 2036 2037 2038 2039 2040 2041 2042 2043 2044 2045 2046 2047 2048 2049 2050 :=
1 1.0 1.0 1.0 1.0 1.0 1.0 1.0 1.0 1.0 1.0 1.0 1.0 1.0 1.0 1.0 1.0 1.0 1.0 1.0 1.0 1.0 1.0 1.0 1.0 1.0 1.0 1.0 1.0 1.0 1.0 1.0 1.0 
[RE1,PWRGEO003,ELC001,*,*]:
2019 2020 2021 2022 2023 2024 2025 2026 2027 2028 2029 2030 2031 2032 2033 2034 2035 2036 2037 2038 2039 2040 2041 2042 2043 2044 2045 2046 2047 2048 2049 2050 :=
1 1.0 1.0 1.0 1.0 1.0 1.0 1.0 1.0 1.0 1.0 1.0 1.0 1.0 1.0 1.0 1.0 1.0 1.0 1.0 1.0 1.0 1.0 1.0 1.0 1.0 1.0 1.0 1.0 1.0 1.0 1.0 1.0 
[RE1,BESS_TECH,ELC001,*,*]:
2019 2020 2021 2022 2023 2024 2025 2026 2027 2028 2029 2030 2031 2032 2033 2034 2035 2036 2037 2038 2039 2040 2041 2042 2043 2044 2045 2046 2047 2048 2049 2050 :=
2 1.0 1.0 1.0 1.0 1.0 1.0 1.0 1.0 1.0 1.0 1.0 1.0 1.0 1.0 1.0 1.0 1.0 1.0 1.0 1.0 1.0 1.0 1.0 1.0 1.0 1.0 1.0 1.0 1.0 1.0 1.0 1.0 
[RE1,PWRGEO006,ELC001,*,*]:
2019 2020 2021 2022 2023 2024 2025 2026 2027 2028 2029 2030 2031 2032 2033 2034 2035 2036 2037 2038 2039 2040 2041 2042 2043 2044 2045 2046 2047 2048 2049 2050 :=
1 1.0 1.0 1.0 1.0 1.0 1.0 1.0 1.0 1.0 1.0 1.0 1.0 1.0 1.0 1.0 1.0 1.0 1.0 1.0 1.0 1.0 1.0 1.0 1.0 1.0 1.0 1.0 1.0 1.0 1.0 1.0 1.0 
[RE1,DEMINDELC,INDELC,*,*]:
2019 2020 2021 2022 2023 2024 2025 2026 2027 2028 2029 2030 2031 2032 2033 2034 2035 2036 2037 2038 2039 2040 2041 2042 2043 2044 2045 2046 2047 2048 2049 2050 :=
1 1.0 1.0 1.0 1.0 1.0 1.0 1.0 1.0 1.0 1.0 1.0 1.0 1.0 1.0 1.0 1.0 1.0 1.0 1.0 1.0 1.0 1.0 1.0 1.0 1.0 1.0 1.0 1.0 1.0 1.0 1.0 1.0 
[RE1,PWRHYD002,ELC001,*,*]:
2019 2020 2021 2022 2023 2024 2025 2026 2027 2028 2029 2030 2031 2032 2033 2034 2035 2036 2037 2038 2039 2040 2041 2042 2043 2044 2045 2046 2047 2048 2049 2050 :=
1 1.0 1.0 1.0 1.0 1.0 1.0 1.0 1.0 1.0 1.0 1.0 1.0 1.0 1.0 1.0 1.0 1.0 1.0 1.0 1.0 1.0 1.0 1.0 1.0 1.0 1.0 1.0 1.0 1.0 1.0 1.0 1.0 
[RE1,IMPCOA,COA,*,*]:
2019 2020 2021 2022 2023 2024 2025 2026 2027 2028 2029 2030 2031 2032 2033 2034 2035 2036 2037 2038 2039 2040 2041 2042 2043 2044 2045 2046 2047 2048 2049 2050 :=
1 1.0 1.0 1.0 1.0 1.0 1.0 1.0 1.0 1.0 1.0 1.0 1.0 1.0 1.0 1.0 1.0 1.0 1.0 1.0 1.0 1.0 1.0 1.0 1.0 1.0 1.0 1.0 1.0 1.0 1.0 1.0 1.0 
[RE1,PWRHYD005,ELC001,*,*]:
2019 2020 2021 2022 2023 2024 2025 2026 2027 2028 2029 2030 2031 2032 2033 2034 2035 2036 2037 2038 2039 2040 2041 2042 2043 2044 2045 2046 2047 2048 2049 2050 :=
1 1.0 1.0 1.0 1.0 1.0 1.0 1.0 1.0 1.0 1.0 1.0 1.0 1.0 1.0 1.0 1.0 1.0 1.0 1.0 1.0 1.0 1.0 1.0 1.0 1.0 1.0 1.0 1.0 1.0 1.0 1.0 1.0 
[RE1,PWRWND002,ELC001,*,*]:
2019 2020 2021 2022 2023 2024 2025 2026 2027 2028 2029 2030 2031 2032 2033 2034 2035 2036 2037 2038 2039 2040 2041 2042 2043 2044 2045 2046 2047 2048 2049 2050 :=
1 1.0 1.0 1.0 1.0 1.0 1.0 1.0 1.0 1.0 1.0 1.0 1.0 1.0 1.0 1.0 1.0 1.0 1.0 1.0 1.0 1.0 1.0 1.0 1.0 1.0 1.0 1.0 1.0 1.0 1.0 1.0 1.0 
[RE1,MINGEO,GEO,*,*]:
2019 2020 2021 2022 2023 2024 2025 2026 2027 2028 2029 2030 2031 2032 2033 2034 2035 2036 2037 2038 2039 2040 2041 2042 2043 2044 2045 2046 2047 2048 2049 2050 :=
1 1.0 1.0 1.0 1.0 1.0 1.0 1.0 1.0 1.0 1.0 1.0 1.0 1.0 1.0 1.0 1.0 1.0 1.0 1.0 1.0 1.0 1.0 1.0 1.0 1.0 1.0 1.0 1.0 1.0 1.0 1.0 1.0 
[RE1,DEMRESELC,RESELC,*,*]:
2019 2020 2021 2022 2023 2024 2025 2026 2027 2028 2029 2030 2031 2032 2033 2034 2035 2036 2037 2038 2039 2040 2041 2042 2043 2044 2045 2046 2047 2048 2049 2050 :=
1 1.0 1.0 1.0 1.0 1.0 1.0 1.0 1.0 1.0 1.0 1.0 1.0 1.0 1.0 1.0 1.0 1.0 1.0 1.0 1.0 1.0 1.0 1.0 1.0 1.0 1.0 1.0 1.0 1.0 1.0 1.0 1.0 
[RE1,PWRGEO005,ELC001,*,*]:
2019 2020 2021 2022 2023 2024 2025 2026 2027 2028 2029 2030 2031 2032 2033 2034 2035 2036 2037 2038 2039 2040 2041 2042 2043 2044 2045 2046 2047 2048 2049 2050 :=
1 1.0 1.0 1.0 1.0 1.0 1.0 1.0 1.0 1.0 1.0 1.0 1.0 1.0 1.0 1.0 1.0 1.0 1.0 1.0 1.0 1.0 1.0 1.0 1.0 1.0 1.0 1.0 1.0 1.0 1.0 1.0 1.0 
[RE1,PWRGEO007,ELC001,*,*]:
2019 2020 2021 2022 2023 2024 2025 2026 2027 2028 2029 2030 2031 2032 2033 2034 2035 2036 2037 2038 2039 2040 2041 2042 2043 2044 2045 2046 2047 2048 2049 2050 :=
1 1.0 1.0 1.0 1.0 1.0 1.0 1.0 1.0 1.0 1.0 1.0 1.0 1.0 1.0 1.0 1.0 1.0 1.0 1.0 1.0 1.0 1.0 1.0 1.0 1.0 1.0 1.0 1.0 1.0 1.0 1.0 1.0 
[RE1,PWRPHS001,ELC001,*,*]:
2019 2020 2021 2022 2023 2024 2025 2026 2027 2028 2029 2030 2031 2032 2033 2034 2035 2036 2037 2038 2039 2040 2041 2042 2043 2044 2045 2046 2047 2048 2049 2050 :=
2 1.0 1.0 1.0 1.0 1.0 1.0 1.0 1.0 1.0 1.0 1.0 1.0 1.0 1.0 1.0 1.0 1.0 1.0 1.0 1.0 1.0 1.0 1.0 1.0 1.0 1.0 1.0 1.0 1.0 1.0 1.0 1.0 
[RE1,PWRTRN,ELC001,*,*]:
2019 2020 2021 2022 2023 2024 2025 2026 2027 2028 2029 2030 2031 2032 2033 2034 2035 2036 2037 2038 2039 2040 2041 2042 2043 2044 2045 2046 2047 2048 2049 2050 :=
2 1.0 1.0 1.0 1.0 1.0 1.0 1.0 1.0 1.0 1.0 1.0 1.0 1.0 1.0 1.0 1.0 1.0 1.0 1.0 1.0 1.0 1.0 1.0 1.0 1.0 1.0 1.0 1.0 1.0 1.0 1.0 1.0 
[RE1,PWRWND006,ELC001,*,*]:
2019 2020 2021 2022 2023 2024 2025 2026 2027 2028 2029 2030 2031 2032 2033 2034 2035 2036 2037 2038 2039 2040 2041 2042 2043 2044 2045 2046 2047 2048 2049 2050 :=
1 1.0 1.0 1.0 1.0 1.0 1.0 1.0 1.0 1.0 1.0 1.0 1.0 1.0 1.0 1.0 1.0 1.0 1.0 1.0 1.0 1.0 1.0 1.0 1.0 1.0 1.0 1.0 1.0 1.0 1.0 1.0 1.0 
[RE1,PWRWND010,ELC001,*,*]:
2019 2020 2021 2022 2023 2024 2025 2026 2027 2028 2029 2030 2031 2032 2033 2034 2035 2036 2037 2038 2039 2040 2041 2042 2043 2044 2045 2046 2047 2048 2049 2050 :=
1 1.0 1.0 1.0 1.0 1.0 1.0 1.0 1.0 1.0 1.0 1.0 1.0 1.0 1.0 1.0 1.0 1.0 1.0 1.0 1.0 1.0 1.0 1.0 1.0 1.0 1.0 1.0 1.0 1.0 1.0 1.0 1.0 
[RE1,MINBIO,BIO,*,*]:
2019 2020 2021 2022 2023 2024 2025 2026 2027 2028 2029 2030 2031 2032 2033 2034 2035 2036 2037 2038 2039 2040 2041 2042 2043 2044 2045 2046 2047 2048 2049 2050 :=
1 1.0 1.0 1.0 1.0 1.0 1.0 1.0 1.0 1.0 1.0 1.0 1.0 1.0 1.0 1.0 1.0 1.0 1.0 1.0 1.0 1.0 1.0 1.0 1.0 1.0 1.0 1.0 1.0 1.0 1.0 1.0 1.0 
[RE1,IMPLFOELD,LFOELD,*,*]:
2019 2020 2021 2022 2023 2024 2025 2026 2027 2028 2029 2030 2031 2032 2033 2034 2035 2036 2037 2038 2039 2040 2041 2042 2043 2044 2045 2046 2047 2048 2049 2050 :=
1 1.0 1.0 1.0 1.0 1.0 1.0 1.0 1.0 1.0 1.0 1.0 1.0 1.0 1.0 1.0 1.0 1.0 1.0 1.0 1.0 1.0 1.0 1.0 1.0 1.0 1.0 1.0 1.0 1.0 1.0 1.0 1.0 
[RE1,PWRWND008,ELC001,*,*]:
2019 2020 2021 2022 2023 2024 2025 2026 2027 2028 2029 2030 2031 2032 2033 2034 2035 2036 2037 2038 2039 2040 2041 2042 2043 2044 2045 2046 2047 2048 2049 2050 :=
1 1.0 1.0 1.0 1.0 1.0 1.0 1.0 1.0 1.0 1.0 1.0 1.0 1.0 1.0 1.0 1.0 1.0 1.0 1.0 1.0 1.0 1.0 1.0 1.0 1.0 1.0 1.0 1.0 1.0 1.0 1.0 1.0 
[RE1,PWRLFO001,ELC001,*,*]:
2019 2020 2021 2022 2023 2024 2025 2026 2027 2028 2029 2030 2031 2032 2033 2034 2035 2036 2037 2038 2039 2040 2041 2042 2043 2044 2045 2046 2047 2048 2049 2050 :=
1 1.0 1.0 1.0 1.0 1.0 1.0 1.0 1.0 1.0 1.0 1.0 1.0 1.0 1.0 1.0 1.0 1.0 1.0 1.0 1.0 1.0 1.0 1.0 1.0 1.0 1.0 1.0 1.0 1.0 1.0 1.0 1.0 
[RE1,IMPHFOMOM,HFOMOM,*,*]:
2019 2020 2021 2022 2023 2024 2025 2026 2027 2028 2029 2030 2031 2032 2033 2034 2035 2036 2037 2038 2039 2040 2041 2042 2043 2044 2045 2046 2047 2048 2049 2050 :=
1 1.0 1.0 1.0 1.0 1.0 1.0 1.0 1.0 1.0 1.0 1.0 1.0 1.0 1.0 1.0 1.0 1.0 1.0 1.0 1.0 1.0 1.0 1.0 1.0 1.0 1.0 1.0 1.0 1.0 1.0 1.0 1.0 
[RE1,PWRGEO002,ELC001,*,*]:
2019 2020 2021 2022 2023 2024 2025 2026 2027 2028 2029 2030 2031 2032 2033 2034 2035 2036 2037 2038 2039 2040 2041 2042 2043 2044 2045 2046 2047 2048 2049 2050 :=
1 1.0 1.0 1.0 1.0 1.0 1.0 1.0 1.0 1.0 1.0 1.0 1.0 1.0 1.0 1.0 1.0 1.0 1.0 1.0 1.0 1.0 1.0 1.0 1.0 1.0 1.0 1.0 1.0 1.0 1.0 1.0 1.0 
[RE1,PWRBIO001,ELC001,*,*]:
2019 2020 2021 2022 2023 2024 2025 2026 2027 2028 2029 2030 2031 2032 2033 2034 2035 2036 2037 2038 2039 2040 2041 2042 2043 2044 2045 2046 2047 2048 2049 2050 :=
1 1.0 1.0 1.0 1.0 1.0 1.0 1.0 1.0 1.0 1.0 1.0 1.0 1.0 1.0 1.0 1.0 1.0 1.0 1.0 1.0 1.0 1.0 1.0 1.0 1.0 1.0 1.0 1.0 1.0 1.0 1.0 1.0 
[RE1,PWRWND005,ELC001,*,*]:
2019 2020 2021 2022 2023 2024 2025 2026 2027 2028 2029 2030 2031 2032 2033 2034 2035 2036 2037 2038 2039 2040 2041 2042 2043 2044 2045 2046 2047 2048 2049 2050 :=
1 1.0 1.0 1.0 1.0 1.0 1.0 1.0 1.0 1.0 1.0 1.0 1.0 1.0 1.0 1.0 1.0 1.0 1.0 1.0 1.0 1.0 1.0 1.0 1.0 1.0 1.0 1.0 1.0 1.0 1.0 1.0 1.0 
[RE1,PWRTRN,ELC002,*,*]:
2019 2020 2021 2022 2023 2024 2025 2026 2027 2028 2029 2030 2031 2032 2033 2034 2035 2036 2037 2038 2039 2040 2041 2042 2043 2044 2045 2046 2047 2048 2049 2050 :=
1 0.9566 0.9566 0.9566 0.9566 0.9566 0.9566 0.9566 0.9566 0.9566 0.9566 0.9566 0.9566 0.9566 0.9566 0.9566 0.9566 0.9566 0.9566 0.9566 0.9566 0.9566 0.9566 0.9566 0.9566 0.9566 0.9566 0.9566 0.9566 0.9566 0.9566 0.9566 0.9566 
;

param OperationalLifeStorage default 1.0 :
BESS001 PHS001 PHS002 :=
RE1 10 40 40 
;

param StorageLevelStart default 1.0 :
BESS001 PHS001 PHS002 :=
RE1 1 1 1 
;

param CapitalCostStorage default 0.0 :=
[RE1,*,*]:
2019 2020 2021 2022 2023 2024 2025 2026 2027 2028 2029 2030 2031 2032 2033 2034 2035 2036 2037 2038 2039 2040 2041 2042 2043 2044 2045 2046 2047 2048 2049 2050 :=
PHS001 22222 22222 22222 22222 22222 22222 22222 22222 22222 22222 22222 22222 22267 22311 22356 22400 22444 22444 22444 22444 22444 22444 22489 22533 22578 22622 22667 22667 22667 22667 22667 22667 
PHS002 22222 22222 22222 22222 22222 22222 22222 22222 22222 22222 22222 22222 22267 22311 22356 22400 22444 22444 22444 22444 22444 22444 22489 22533 22578 22622 22667 22667 22667 22667 22667 22667 
;

param TechnologyToStorage default 0.0 :=
[RE1,BESS_TECH,*,*]:
1 2 :=
BESS001 1 0 
[RE1,PWRPHS001,*,*]:
1 2 :=
PHS001 1 0 
[RE1,PWRPHS002,*,*]:
1 2 :=
PHS002 1 0 
;

param TechnologyFromStorage default 0.0 :=
[RE1,BESS_TECH,*,*]:
1 2 :=
BESS001 0 1 
[RE1,PWRPHS001,*,*]:
1 2 :=
PHS001 0 1 
[RE1,PWRPHS002,*,*]:
1 2 :=
PHS002 0 1 
;

param CapacityFactor default 1.0 :=
[RE1,IMPELC001,*,*]:
2019 2020 2021 2022 2023 2024 2025 2026 2027 2028 2029 2030 2031 2032 2033 2034 2035 2036 2037 2038 2039 2040 2041 2042 2043 2044 2045 2046 2047 2048 2049 2050 :=
TS01 0.85 0.85 0.85 0.85 0.85 0.85 0.85 0.85 0.85 0.85 0.85 0.85 0.85 0.85 0.85 0.85 0.85 0.85 0.85 0.85 0.85 0.85 0.85 0.85 0.85 0.85 0.85 0.85 0.85 0.85 0.85 0.85 
TS02 0.85 0.85 0.85 0.85 0.85 0.85 0.85 0.85 0.85 0.85 0.85 0.85 0.85 0.85 0.85 0.85 0.85 0.85 0.85 0.85 0.85 0.85 0.85 0.85 0.85 0.85 0.85 0.85 0.85 0.85 0.85 0.85 
TS03 0.85 0.85 0.85 0.85 0.85 0.85 0.85 0.85 0.85 0.85 0.85 0.85 0.85 0.85 0.85 0.85 0.85 0.85 0.85 0.85 0.85 0.85 0.85 0.85 0.85 0.85 0.85 0.85 0.85 0.85 0.85 0.85 
TS04 0.85 0.85 0.85 0.85 0.85 0.85 0.85 0.85 0.85 0.85 0.85 0.85 0.85 0.85 0.85 0.85 0.85 0.85 0.85 0.85 0.85 0.85 0.85 0.85 0.85 0.85 0.85 0.85 0.85 0.85 0.85 0.85 
TS05 0.85 0.85 0.85 0.85 0.85 0.85 0.85 0.85 0.85 0.85 0.85 0.85 0.85 0.85 0.85 0.85 0.85 0.85 0.85 0.85 0.85 0.85 0.85 0.85 0.85 0.85 0.85 0.85 0.85 0.85 0.85 0.85 
TS06 0.85 0.85 0.85 0.85 0.85 0.85 0.85 0.85 0.85 0.85 0.85 0.85 0.85 0.85 0.85 0.85 0.85 0.85 0.85 0.85 0.85 0.85 0.85 0.85 0.85 0.85 0.85 0.85 0.85 0.85 0.85 0.85 
TS07 0.85 0.85 0.85 0.85 0.85 0.85 0.85 0.85 0.85 0.85 0.85 0.85 0.85 0.85 0.85 0.85 0.85 0.85 0.85 0.85 0.85 0.85 0.85 0.85 0.85 0.85 0.85 0.85 0.85 0.85 0.85 0.85 
TS08 0.85 0.85 0.85 0.85 0.85 0.85 0.85 0.85 0.85 0.85 0.85 0.85 0.85 0.85 0.85 0.85 0.85 0.85 0.85 0.85 0.85 0.85 0.85 0.85 0.85 0.85 0.85 0.85 0.85 0.85 0.85 0.85 
TS09 0.85 0.85 0.85 0.85 0.85 0.85 0.85 0.85 0.85 0.85 0.85 0.85 0.85 0.85 0.85 0.85 0.85 0.85 0.85 0.85 0.85 0.85 0.85 0.85 0.85 0.85 0.85 0.85 0.85 0.85 0.85 0.85 
TS10 0.85 0.85 0.85 0.85 0.85 0.85 0.85 0.85 0.85 0.85 0.85 0.85 0.85 0.85 0.85 0.85 0.85 0.85 0.85 0.85 0.85 0.85 0.85 0.85 0.85 0.85 0.85 0.85 0.85 0.85 0.85 0.85 
TS11 0.85 0.85 0.85 0.85 0.85 0.85 0.85 0.85 0.85 0.85 0.85 0.85 0.85 0.85 0.85 0.85 0.85 0.85 0.85 0.85 0.85 0.85 0.85 0.85 0.85 0.85 0.85 0.85 0.85 0.85 0.85 0.85 
TS12 0.85 0.85 0.85 0.85 0.85 0.85 0.85 0.85 0.85 0.85 0.85 0.85 0.85 0.85 0.85 0.85 0.85 0.85 0.85 0.85 0.85 0.85 0.85 0.85 0.85 0.85 0.85 0.85 0.85 0.85 0.85 0.85 
TS13 0.85 0.85 0.85 0.85 0.85 0.85 0.85 0.85 0.85 0.85 0.85 0.85 0.85 0.85 0.85 0.85 0.85 0.85 0.85 0.85 0.85 0.85 0.85 0.85 0.85 0.85 0.85 0.85 0.85 0.85 0.85 0.85 
TS14 0.85 0.85 0.85 0.85 0.85 0.85 0.85 0.85 0.85 0.85 0.85 0.85 0.85 0.85 0.85 0.85 0.85 0.85 0.85 0.85 0.85 0.85 0.85 0.85 0.85 0.85 0.85 0.85 0.85 0.85 0.85 0.85 
TS15 0.85 0.85 0.85 0.85 0.85 0.85 0.85 0.85 0.85 0.85 0.85 0.85 0.85 0.85 0.85 0.85 0.85 0.85 0.85 0.85 0.85 0.85 0.85 0.85 0.85 0.85 0.85 0.85 0.85 0.85 0.85 0.85 
TS16 0.85 0.85 0.85 0.85 0.85 0.85 0.85 0.85 0.85 0.85 0.85 0.85 0.85 0.85 0.85 0.85 0.85 0.85 0.85 0.85 0.85 0.85 0.85 0.85 0.85 0.85 0.85 0.85 0.85 0.85 0.85 0.85 
TS17 0.85 0.85 0.85 0.85 0.85 0.85 0.85 0.85 0.85 0.85 0.85 0.85 0.85 0.85 0.85 0.85 0.85 0.85 0.85 0.85 0.85 0.85 0.85 0.85 0.85 0.85 0.85 0.85 0.85 0.85 0.85 0.85 
TS18 0.85 0.85 0.85 0.85 0.85 0.85 0.85 0.85 0.85 0.85 0.85 0.85 0.85 0.85 0.85 0.85 0.85 0.85 0.85 0.85 0.85 0.85 0.85 0.85 0.85 0.85 0.85 0.85 0.85 0.85 0.85 0.85 
TS19 0.85 0.85 0.85 0.85 0.85 0.85 0.85 0.85 0.85 0.85 0.85 0.85 0.85 0.85 0.85 0.85 0.85 0.85 0.85 0.85 0.85 0.85 0.85 0.85 0.85 0.85 0.85 0.85 0.85 0.85 0.85 0.85 
TS20 0.85 0.85 0.85 0.85 0.85 0.85 0.85 0.85 0.85 0.85 0.85 0.85 0.85 0.85 0.85 0.85 0.85 0.85 0.85 0.85 0.85 0.85 0.85 0.85 0.85 0.85 0.85 0.85 0.85 0.85 0.85 0.85 
TS21 0.85 0.85 0.85 0.85 0.85 0.85 0.85 0.85 0.85 0.85 0.85 0.85 0.85 0.85 0.85 0.85 0.85 0.85 0.85 0.85 0.85 0.85 0.85 0.85 0.85 0.85 0.85 0.85 0.85 0.85 0.85 0.85 
TS22 0.85 0.85 0.85 0.85 0.85 0.85 0.85 0.85 0.85 0.85 0.85 0.85 0.85 0.85 0.85 0.85 0.85 0.85 0.85 0.85 0.85 0.85 0.85 0.85 0.85 0.85 0.85 0.85 0.85 0.85 0.85 0.85 
TS23 0.85 0.85 0.85 0.85 0.85 0.85 0.85 0.85 0.85 0.85 0.85 0.85 0.85 0.85 0.85 0.85 0.85 0.85 0.85 0.85 0.85 0.85 0.85 0.85 0.85 0.85 0.85 0.85 0.85 0.85 0.85 0.85 
TS24 0.85 0.85 0.85 0.85 0.85 0.85 0.85 0.85 0.85 0.85 0.85 0.85 0.85 0.85 0.85 0.85 0.85 0.85 0.85 0.85 0.85 0.85 0.85 0.85 0.85 0.85 0.85 0.85 0.85 0.85 0.85 0.85 
TS25 0.85 0.85 0.85 0.85 0.85 0.85 0.85 0.85 0.85 0.85 0.85 0.85 0.85 0.85 0.85 0.85 0.85 0.85 0.85 0.85 0.85 0.85 0.85 0.85 0.85 0.85 0.85 0.85 0.85 0.85 0.85 0.85 
TS26 0.85 0.85 0.85 0.85 0.85 0.85 0.85 0.85 0.85 0.85 0.85 0.85 0.85 0.85 0.85 0.85 0.85 0.85 0.85 0.85 0.85 0.85 0.85 0.85 0.85 0.85 0.85 0.85 0.85 0.85 0.85 0.85 
TS27 0.85 0.85 0.85 0.85 0.85 0.85 0.85 0.85 0.85 0.85 0.85 0.85 0.85 0.85 0.85 0.85 0.85 0.85 0.85 0.85 0.85 0.85 0.85 0.85 0.85 0.85 0.85 0.85 0.85 0.85 0.85 0.85 
TS28 0.85 0.85 0.85 0.85 0.85 0.85 0.85 0.85 0.85 0.85 0.85 0.85 0.85 0.85 0.85 0.85 0.85 0.85 0.85 0.85 0.85 0.85 0.85 0.85 0.85 0.85 0.85 0.85 0.85 0.85 0.85 0.85 
TS29 0.85 0.85 0.85 0.85 0.85 0.85 0.85 0.85 0.85 0.85 0.85 0.85 0.85 0.85 0.85 0.85 0.85 0.85 0.85 0.85 0.85 0.85 0.85 0.85 0.85 0.85 0.85 0.85 0.85 0.85 0.85 0.85 
TS30 0.85 0.85 0.85 0.85 0.85 0.85 0.85 0.85 0.85 0.85 0.85 0.85 0.85 0.85 0.85 0.85 0.85 0.85 0.85 0.85 0.85 0.85 0.85 0.85 0.85 0.85 0.85 0.85 0.85 0.85 0.85 0.85 
TS31 0.85 0.85 0.85 0.85 0.85 0.85 0.85 0.85 0.85 0.85 0.85 0.85 0.85 0.85 0.85 0.85 0.85 0.85 0.85 0.85 0.85 0.85 0.85 0.85 0.85 0.85 0.85 0.85 0.85 0.85 0.85 0.85 
TS32 0.85 0.85 0.85 0.85 0.85 0.85 0.85 0.85 0.85 0.85 0.85 0.85 0.85 0.85 0.85 0.85 0.85 0.85 0.85 0.85 0.85 0.85 0.85 0.85 0.85 0.85 0.85 0.85 0.85 0.85 0.85 0.85 
TS33 0.85 0.85 0.85 0.85 0.85 0.85 0.85 0.85 0.85 0.85 0.85 0.85 0.85 0.85 0.85 0.85 0.85 0.85 0.85 0.85 0.85 0.85 0.85 0.85 0.85 0.85 0.85 0.85 0.85 0.85 0.85 0.85 
TS34 0.85 0.85 0.85 0.85 0.85 0.85 0.85 0.85 0.85 0.85 0.85 0.85 0.85 0.85 0.85 0.85 0.85 0.85 0.85 0.85 0.85 0.85 0.85 0.85 0.85 0.85 0.85 0.85 0.85 0.85 0.85 0.85 
TS35 0.85 0.85 0.85 0.85 0.85 0.85 0.85 0.85 0.85 0.85 0.85 0.85 0.85 0.85 0.85 0.85 0.85 0.85 0.85 0.85 0.85 0.85 0.85 0.85 0.85 0.85 0.85 0.85 0.85 0.85 0.85 0.85 
TS36 0.85 0.85 0.85 0.85 0.85 0.85 0.85 0.85 0.85 0.85 0.85 0.85 0.85 0.85 0.85 0.85 0.85 0.85 0.85 0.85 0.85 0.85 0.85 0.85 0.85 0.85 0.85 0.85 0.85 0.85 0.85 0.85 
TS37 0.85 0.85 0.85 0.85 0.85 0.85 0.85 0.85 0.85 0.85 0.85 0.85 0.85 0.85 0.85 0.85 0.85 0.85 0.85 0.85 0.85 0.85 0.85 0.85 0.85 0.85 0.85 0.85 0.85 0.85 0.85 0.85 
TS38 0.85 0.85 0.85 0.85 0.85 0.85 0.85 0.85 0.85 0.85 0.85 0.85 0.85 0.85 0.85 0.85 0.85 0.85 0.85 0.85 0.85 0.85 0.85 0.85 0.85 0.85 0.85 0.85 0.85 0.85 0.85 0.85 
TS39 0.85 0.85 0.85 0.85 0.85 0.85 0.85 0.85 0.85 0.85 0.85 0.85 0.85 0.85 0.85 0.85 0.85 0.85 0.85 0.85 0.85 0.85 0.85 0.85 0.85 0.85 0.85 0.85 0.85 0.85 0.85 0.85 
TS40 0.85 0.85 0.85 0.85 0.85 0.85 0.85 0.85 0.85 0.85 0.85 0.85 0.85 0.85 0.85 0.85 0.85 0.85 0.85 0.85 0.85 0.85 0.85 0.85 0.85 0.85 0.85 0.85 0.85 0.85 0.85 0.85 
TS41 0.85 0.85 0.85 0.85 0.85 0.85 0.85 0.85 0.85 0.85 0.85 0.85 0.85 0.85 0.85 0.85 0.85 0.85 0.85 0.85 0.85 0.85 0.85 0.85 0.85 0.85 0.85 0.85 0.85 0.85 0.85 0.85 
TS42 0.85 0.85 0.85 0.85 0.85 0.85 0.85 0.85 0.85 0.85 0.85 0.85 0.85 0.85 0.85 0.85 0.85 0.85 0.85 0.85 0.85 0.85 0.85 0.85 0.85 0.85 0.85 0.85 0.85 0.85 0.85 0.85 
TS43 0.85 0.85 0.85 0.85 0.85 0.85 0.85 0.85 0.85 0.85 0.85 0.85 0.85 0.85 0.85 0.85 0.85 0.85 0.85 0.85 0.85 0.85 0.85 0.85 0.85 0.85 0.85 0.85 0.85 0.85 0.85 0.85 
TS44 0.85 0.85 0.85 0.85 0.85 0.85 0.85 0.85 0.85 0.85 0.85 0.85 0.85 0.85 0.85 0.85 0.85 0.85 0.85 0.85 0.85 0.85 0.85 0.85 0.85 0.85 0.85 0.85 0.85 0.85 0.85 0.85 
TS45 0.85 0.85 0.85 0.85 0.85 0.85 0.85 0.85 0.85 0.85 0.85 0.85 0.85 0.85 0.85 0.85 0.85 0.85 0.85 0.85 0.85 0.85 0.85 0.85 0.85 0.85 0.85 0.85 0.85 0.85 0.85 0.85 
TS46 0.85 0.85 0.85 0.85 0.85 0.85 0.85 0.85 0.85 0.85 0.85 0.85 0.85 0.85 0.85 0.85 0.85 0.85 0.85 0.85 0.85 0.85 0.85 0.85 0.85 0.85 0.85 0.85 0.85 0.85 0.85 0.85 
TS47 0.85 0.85 0.85 0.85 0.85 0.85 0.85 0.85 0.85 0.85 0.85 0.85 0.85 0.85 0.85 0.85 0.85 0.85 0.85 0.85 0.85 0.85 0.85 0.85 0.85 0.85 0.85 0.85 0.85 0.85 0.85 0.85 
TS48 0.85 0.85 0.85 0.85 0.85 0.85 0.85 0.85 0.85 0.85 0.85 0.85 0.85 0.85 0.85 0.85 0.85 0.85 0.85 0.85 0.85 0.85 0.85 0.85 0.85 0.85 0.85 0.85 0.85 0.85 0.85 0.85 
[RE1,IMPELC002,*,*]:
2019 2020 2021 2022 2023 2024 2025 2026 2027 2028 2029 2030 2031 2032 2033 2034 2035 2036 2037 2038 2039 2040 2041 2042 2043 2044 2045 2046 2047 2048 2049 2050 :=
TS01 0.85 0.85 0.85 0.85 0.85 0.85 0.85 0.85 0.85 0.85 0.85 0.85 0.85 0.85 0.85 0.85 0.85 0.85 0.85 0.85 0.85 0.85 0.85 0.85 0.85 0.85 0.85 0.85 0.85 0.85 0.85 0.85 
TS02 0.85 0.85 0.85 0.85 0.85 0.85 0.85 0.85 0.85 0.85 0.85 0.85 0.85 0.85 0.85 0.85 0.85 0.85 0.85 0.85 0.85 0.85 0.85 0.85 0.85 0.85 0.85 0.85 0.85 0.85 0.85 0.85 
TS03 0.85 0.85 0.85 0.85 0.85 0.85 0.85 0.85 0.85 0.85 0.85 0.85 0.85 0.85 0.85 0.85 0.85 0.85 0.85 0.85 0.85 0.85 0.85 0.85 0.85 0.85 0.85 0.85 0.85 0.85 0.85 0.85 
TS04 0.85 0.85 0.85 0.85 0.85 0.85 0.85 0.85 0.85 0.85 0.85 0.85 0.85 0.85 0.85 0.85 0.85 0.85 0.85 0.85 0.85 0.85 0.85 0.85 0.85 0.85 0.85 0.85 0.85 0.85 0.85 0.85 
TS05 0.85 0.85 0.85 0.85 0.85 0.85 0.85 0.85 0.85 0.85 0.85 0.85 0.85 0.85 0.85 0.85 0.85 0.85 0.85 0.85 0.85 0.85 0.85 0.85 0.85 0.85 0.85 0.85 0.85 0.85 0.85 0.85 
TS06 0.85 0.85 0.85 0.85 0.85 0.85 0.85 0.85 0.85 0.85 0.85 0.85 0.85 0.85 0.85 0.85 0.85 0.85 0.85 0.85 0.85 0.85 0.85 0.85 0.85 0.85 0.85 0.85 0.85 0.85 0.85 0.85 
TS07 0.85 0.85 0.85 0.85 0.85 0.85 0.85 0.85 0.85 0.85 0.85 0.85 0.85 0.85 0.85 0.85 0.85 0.85 0.85 0.85 0.85 0.85 0.85 0.85 0.85 0.85 0.85 0.85 0.85 0.85 0.85 0.85 
TS08 0.85 0.85 0.85 0.85 0.85 0.85 0.85 0.85 0.85 0.85 0.85 0.85 0.85 0.85 0.85 0.85 0.85 0.85 0.85 0.85 0.85 0.85 0.85 0.85 0.85 0.85 0.85 0.85 0.85 0.85 0.85 0.85 
TS09 0.85 0.85 0.85 0.85 0.85 0.85 0.85 0.85 0.85 0.85 0.85 0.85 0.85 0.85 0.85 0.85 0.85 0.85 0.85 0.85 0.85 0.85 0.85 0.85 0.85 0.85 0.85 0.85 0.85 0.85 0.85 0.85 
TS10 0.85 0.85 0.85 0.85 0.85 0.85 0.85 0.85 0.85 0.85 0.85 0.85 0.85 0.85 0.85 0.85 0.85 0.85 0.85 0.85 0.85 0.85 0.85 0.85 0.85 0.85 0.85 0.85 0.85 0.85 0.85 0.85 
TS11 0.85 0.85 0.85 0.85 0.85 0.85 0.85 0.85 0.85 0.85 0.85 0.85 0.85 0.85 0.85 0.85 0.85 0.85 0.85 0.85 0.85 0.85 0.85 0.85 0.85 0.85 0.85 0.85 0.85 0.85 0.85 0.85 
TS12 0.85 0.85 0.85 0.85 0.85 0.85 0.85 0.85 0.85 0.85 0.85 0.85 0.85 0.85 0.85 0.85 0.85 0.85 0.85 0.85 0.85 0.85 0.85 0.85 0.85 0.85 0.85 0.85 0.85 0.85 0.85 0.85 
TS13 0.85 0.85 0.85 0.85 0.85 0.85 0.85 0.85 0.85 0.85 0.85 0.85 0.85 0.85 0.85 0.85 0.85 0.85 0.85 0.85 0.85 0.85 0.85 0.85 0.85 0.85 0.85 0.85 0.85 0.85 0.85 0.85 
TS14 0.85 0.85 0.85 0.85 0.85 0.85 0.85 0.85 0.85 0.85 0.85 0.85 0.85 0.85 0.85 0.85 0.85 0.85 0.85 0.85 0.85 0.85 0.85 0.85 0.85 0.85 0.85 0.85 0.85 0.85 0.85 0.85 
TS15 0.85 0.85 0.85 0.85 0.85 0.85 0.85 0.85 0.85 0.85 0.85 0.85 0.85 0.85 0.85 0.85 0.85 0.85 0.85 0.85 0.85 0.85 0.85 0.85 0.85 0.85 0.85 0.85 0.85 0.85 0.85 0.85 
TS16 0.85 0.85 0.85 0.85 0.85 0.85 0.85 0.85 0.85 0.85 0.85 0.85 0.85 0.85 0.85 0.85 0.85 0.85 0.85 0.85 0.85 0.85 0.85 0.85 0.85 0.85 0.85 0.85 0.85 0.85 0.85 0.85 
TS17 0.85 0.85 0.85 0.85 0.85 0.85 0.85 0.85 0.85 0.85 0.85 0.85 0.85 0.85 0.85 0.85 0.85 0.85 0.85 0.85 0.85 0.85 0.85 0.85 0.85 0.85 0.85 0.85 0.85 0.85 0.85 0.85 
TS18 0.85 0.85 0.85 0.85 0.85 0.85 0.85 0.85 0.85 0.85 0.85 0.85 0.85 0.85 0.85 0.85 0.85 0.85 0.85 0.85 0.85 0.85 0.85 0.85 0.85 0.85 0.85 0.85 0.85 0.85 0.85 0.85 
TS19 0.85 0.85 0.85 0.85 0.85 0.85 0.85 0.85 0.85 0.85 0.85 0.85 0.85 0.85 0.85 0.85 0.85 0.85 0.85 0.85 0.85 0.85 0.85 0.85 0.85 0.85 0.85 0.85 0.85 0.85 0.85 0.85 
TS20 0.85 0.85 0.85 0.85 0.85 0.85 0.85 0.85 0.85 0.85 0.85 0.85 0.85 0.85 0.85 0.85 0.85 0.85 0.85 0.85 0.85 0.85 0.85 0.85 0.85 0.85 0.85 0.85 0.85 0.85 0.85 0.85 
TS21 0.85 0.85 0.85 0.85 0.85 0.85 0.85 0.85 0.85 0.85 0.85 0.85 0.85 0.85 0.85 0.85 0.85 0.85 0.85 0.85 0.85 0.85 0.85 0.85 0.85 0.85 0.85 0.85 0.85 0.85 0.85 0.85 
TS22 0.85 0.85 0.85 0.85 0.85 0.85 0.85 0.85 0.85 0.85 0.85 0.85 0.85 0.85 0.85 0.85 0.85 0.85 0.85 0.85 0.85 0.85 0.85 0.85 0.85 0.85 0.85 0.85 0.85 0.85 0.85 0.85 
TS23 0.85 0.85 0.85 0.85 0.85 0.85 0.85 0.85 0.85 0.85 0.85 0.85 0.85 0.85 0.85 0.85 0.85 0.85 0.85 0.85 0.85 0.85 0.85 0.85 0.85 0.85 0.85 0.85 0.85 0.85 0.85 0.85 
TS24 0.85 0.85 0.85 0.85 0.85 0.85 0.85 0.85 0.85 0.85 0.85 0.85 0.85 0.85 0.85 0.85 0.85 0.85 0.85 0.85 0.85 0.85 0.85 0.85 0.85 0.85 0.85 0.85 0.85 0.85 0.85 0.85 
TS25 0.85 0.85 0.85 0.85 0.85 0.85 0.85 0.85 0.85 0.85 0.85 0.85 0.85 0.85 0.85 0.85 0.85 0.85 0.85 0.85 0.85 0.85 0.85 0.85 0.85 0.85 0.85 0.85 0.85 0.85 0.85 0.85 
TS26 0.85 0.85 0.85 0.85 0.85 0.85 0.85 0.85 0.85 0.85 0.85 0.85 0.85 0.85 0.85 0.85 0.85 0.85 0.85 0.85 0.85 0.85 0.85 0.85 0.85 0.85 0.85 0.85 0.85 0.85 0.85 0.85 
TS27 0.85 0.85 0.85 0.85 0.85 0.85 0.85 0.85 0.85 0.85 0.85 0.85 0.85 0.85 0.85 0.85 0.85 0.85 0.85 0.85 0.85 0.85 0.85 0.85 0.85 0.85 0.85 0.85 0.85 0.85 0.85 0.85 
TS28 0.85 0.85 0.85 0.85 0.85 0.85 0.85 0.85 0.85 0.85 0.85 0.85 0.85 0.85 0.85 0.85 0.85 0.85 0.85 0.85 0.85 0.85 0.85 0.85 0.85 0.85 0.85 0.85 0.85 0.85 0.85 0.85 
TS29 0.85 0.85 0.85 0.85 0.85 0.85 0.85 0.85 0.85 0.85 0.85 0.85 0.85 0.85 0.85 0.85 0.85 0.85 0.85 0.85 0.85 0.85 0.85 0.85 0.85 0.85 0.85 0.85 0.85 0.85 0.85 0.85 
TS30 0.85 0.85 0.85 0.85 0.85 0.85 0.85 0.85 0.85 0.85 0.85 0.85 0.85 0.85 0.85 0.85 0.85 0.85 0.85 0.85 0.85 0.85 0.85 0.85 0.85 0.85 0.85 0.85 0.85 0.85 0.85 0.85 
TS31 0.85 0.85 0.85 0.85 0.85 0.85 0.85 0.85 0.85 0.85 0.85 0.85 0.85 0.85 0.85 0.85 0.85 0.85 0.85 0.85 0.85 0.85 0.85 0.85 0.85 0.85 0.85 0.85 0.85 0.85 0.85 0.85 
TS32 0.85 0.85 0.85 0.85 0.85 0.85 0.85 0.85 0.85 0.85 0.85 0.85 0.85 0.85 0.85 0.85 0.85 0.85 0.85 0.85 0.85 0.85 0.85 0.85 0.85 0.85 0.85 0.85 0.85 0.85 0.85 0.85 
TS33 0.85 0.85 0.85 0.85 0.85 0.85 0.85 0.85 0.85 0.85 0.85 0.85 0.85 0.85 0.85 0.85 0.85 0.85 0.85 0.85 0.85 0.85 0.85 0.85 0.85 0.85 0.85 0.85 0.85 0.85 0.85 0.85 
TS34 0.85 0.85 0.85 0.85 0.85 0.85 0.85 0.85 0.85 0.85 0.85 0.85 0.85 0.85 0.85 0.85 0.85 0.85 0.85 0.85 0.85 0.85 0.85 0.85 0.85 0.85 0.85 0.85 0.85 0.85 0.85 0.85 
TS35 0.85 0.85 0.85 0.85 0.85 0.85 0.85 0.85 0.85 0.85 0.85 0.85 0.85 0.85 0.85 0.85 0.85 0.85 0.85 0.85 0.85 0.85 0.85 0.85 0.85 0.85 0.85 0.85 0.85 0.85 0.85 0.85 
TS36 0.85 0.85 0.85 0.85 0.85 0.85 0.85 0.85 0.85 0.85 0.85 0.85 0.85 0.85 0.85 0.85 0.85 0.85 0.85 0.85 0.85 0.85 0.85 0.85 0.85 0.85 0.85 0.85 0.85 0.85 0.85 0.85 
TS37 0.85 0.85 0.85 0.85 0.85 0.85 0.85 0.85 0.85 0.85 0.85 0.85 0.85 0.85 0.85 0.85 0.85 0.85 0.85 0.85 0.85 0.85 0.85 0.85 0.85 0.85 0.85 0.85 0.85 0.85 0.85 0.85 
TS38 0.85 0.85 0.85 0.85 0.85 0.85 0.85 0.85 0.85 0.85 0.85 0.85 0.85 0.85 0.85 0.85 0.85 0.85 0.85 0.85 0.85 0.85 0.85 0.85 0.85 0.85 0.85 0.85 0.85 0.85 0.85 0.85 
TS39 0.85 0.85 0.85 0.85 0.85 0.85 0.85 0.85 0.85 0.85 0.85 0.85 0.85 0.85 0.85 0.85 0.85 0.85 0.85 0.85 0.85 0.85 0.85 0.85 0.85 0.85 0.85 0.85 0.85 0.85 0.85 0.85 
TS40 0.85 0.85 0.85 0.85 0.85 0.85 0.85 0.85 0.85 0.85 0.85 0.85 0.85 0.85 0.85 0.85 0.85 0.85 0.85 0.85 0.85 0.85 0.85 0.85 0.85 0.85 0.85 0.85 0.85 0.85 0.85 0.85 
TS41 0.85 0.85 0.85 0.85 0.85 0.85 0.85 0.85 0.85 0.85 0.85 0.85 0.85 0.85 0.85 0.85 0.85 0.85 0.85 0.85 0.85 0.85 0.85 0.85 0.85 0.85 0.85 0.85 0.85 0.85 0.85 0.85 
TS42 0.85 0.85 0.85 0.85 0.85 0.85 0.85 0.85 0.85 0.85 0.85 0.85 0.85 0.85 0.85 0.85 0.85 0.85 0.85 0.85 0.85 0.85 0.85 0.85 0.85 0.85 0.85 0.85 0.85 0.85 0.85 0.85 
TS43 0.85 0.85 0.85 0.85 0.85 0.85 0.85 0.85 0.85 0.85 0.85 0.85 0.85 0.85 0.85 0.85 0.85 0.85 0.85 0.85 0.85 0.85 0.85 0.85 0.85 0.85 0.85 0.85 0.85 0.85 0.85 0.85 
TS44 0.85 0.85 0.85 0.85 0.85 0.85 0.85 0.85 0.85 0.85 0.85 0.85 0.85 0.85 0.85 0.85 0.85 0.85 0.85 0.85 0.85 0.85 0.85 0.85 0.85 0.85 0.85 0.85 0.85 0.85 0.85 0.85 
TS45 0.85 0.85 0.85 0.85 0.85 0.85 0.85 0.85 0.85 0.85 0.85 0.85 0.85 0.85 0.85 0.85 0.85 0.85 0.85 0.85 0.85 0.85 0.85 0.85 0.85 0.85 0.85 0.85 0.85 0.85 0.85 0.85 
TS46 0.85 0.85 0.85 0.85 0.85 0.85 0.85 0.85 0.85 0.85 0.85 0.85 0.85 0.85 0.85 0.85 0.85 0.85 0.85 0.85 0.85 0.85 0.85 0.85 0.85 0.85 0.85 0.85 0.85 0.85 0.85 0.85 
TS47 0.85 0.85 0.85 0.85 0.85 0.85 0.85 0.85 0.85 0.85 0.85 0.85 0.85 0.85 0.85 0.85 0.85 0.85 0.85 0.85 0.85 0.85 0.85 0.85 0.85 0.85 0.85 0.85 0.85 0.85 0.85 0.85 
TS48 0.85 0.85 0.85 0.85 0.85 0.85 0.85 0.85 0.85 0.85 0.85 0.85 0.85 0.85 0.85 0.85 0.85 0.85 0.85 0.85 0.85 0.85 0.85 0.85 0.85 0.85 0.85 0.85 0.85 0.85 0.85 0.85 
[RE1,PWRBIO001,*,*]:
2019 2020 2021 2022 2023 2024 2025 2026 2027 2028 2029 2030 2031 2032 2033 2034 2035 2036 2037 2038 2039 2040 2041 2042 2043 2044 2045 2046 2047 2048 2049 2050 :=
TS01 0.5 0.5 0.5 0.5 0.5 0.5 0.5 0.5 0.5 0.5 0.5 0.5 0.5 0.5 0.5 0.5 0.5 0.5 0.5 0.5 0.5 0.5 0.5 0.5 0.5 0.5 0.5 0.5 0.5 0.5 0.5 0.5 
TS02 0.5 0.5 0.5 0.5 0.5 0.5 0.5 0.5 0.5 0.5 0.5 0.5 0.5 0.5 0.5 0.5 0.5 0.5 0.5 0.5 0.5 0.5 0.5 0.5 0.5 0.5 0.5 0.5 0.5 0.5 0.5 0.5 
TS03 0.5 0.5 0.5 0.5 0.5 0.5 0.5 0.5 0.5 0.5 0.5 0.5 0.5 0.5 0.5 0.5 0.5 0.5 0.5 0.5 0.5 0.5 0.5 0.5 0.5 0.5 0.5 0.5 0.5 0.5 0.5 0.5 
TS04 0.5 0.5 0.5 0.5 0.5 0.5 0.5 0.5 0.5 0.5 0.5 0.5 0.5 0.5 0.5 0.5 0.5 0.5 0.5 0.5 0.5 0.5 0.5 0.5 0.5 0.5 0.5 0.5 0.5 0.5 0.5 0.5 
TS05 0.5 0.5 0.5 0.5 0.5 0.5 0.5 0.5 0.5 0.5 0.5 0.5 0.5 0.5 0.5 0.5 0.5 0.5 0.5 0.5 0.5 0.5 0.5 0.5 0.5 0.5 0.5 0.5 0.5 0.5 0.5 0.5 
TS06 0.5 0.5 0.5 0.5 0.5 0.5 0.5 0.5 0.5 0.5 0.5 0.5 0.5 0.5 0.5 0.5 0.5 0.5 0.5 0.5 0.5 0.5 0.5 0.5 0.5 0.5 0.5 0.5 0.5 0.5 0.5 0.5 
TS07 0.5 0.5 0.5 0.5 0.5 0.5 0.5 0.5 0.5 0.5 0.5 0.5 0.5 0.5 0.5 0.5 0.5 0.5 0.5 0.5 0.5 0.5 0.5 0.5 0.5 0.5 0.5 0.5 0.5 0.5 0.5 0.5 
TS08 0.5 0.5 0.5 0.5 0.5 0.5 0.5 0.5 0.5 0.5 0.5 0.5 0.5 0.5 0.5 0.5 0.5 0.5 0.5 0.5 0.5 0.5 0.5 0.5 0.5 0.5 0.5 0.5 0.5 0.5 0.5 0.5 
TS09 0.5 0.5 0.5 0.5 0.5 0.5 0.5 0.5 0.5 0.5 0.5 0.5 0.5 0.5 0.5 0.5 0.5 0.5 0.5 0.5 0.5 0.5 0.5 0.5 0.5 0.5 0.5 0.5 0.5 0.5 0.5 0.5 
TS10 0.5 0.5 0.5 0.5 0.5 0.5 0.5 0.5 0.5 0.5 0.5 0.5 0.5 0.5 0.5 0.5 0.5 0.5 0.5 0.5 0.5 0.5 0.5 0.5 0.5 0.5 0.5 0.5 0.5 0.5 0.5 0.5 
TS11 0.5 0.5 0.5 0.5 0.5 0.5 0.5 0.5 0.5 0.5 0.5 0.5 0.5 0.5 0.5 0.5 0.5 0.5 0.5 0.5 0.5 0.5 0.5 0.5 0.5 0.5 0.5 0.5 0.5 0.5 0.5 0.5 
TS12 0.5 0.5 0.5 0.5 0.5 0.5 0.5 0.5 0.5 0.5 0.5 0.5 0.5 0.5 0.5 0.5 0.5 0.5 0.5 0.5 0.5 0.5 0.5 0.5 0.5 0.5 0.5 0.5 0.5 0.5 0.5 0.5 
TS13 0.5 0.5 0.5 0.5 0.5 0.5 0.5 0.5 0.5 0.5 0.5 0.5 0.5 0.5 0.5 0.5 0.5 0.5 0.5 0.5 0.5 0.5 0.5 0.5 0.5 0.5 0.5 0.5 0.5 0.5 0.5 0.5 
TS14 0.5 0.5 0.5 0.5 0.5 0.5 0.5 0.5 0.5 0.5 0.5 0.5 0.5 0.5 0.5 0.5 0.5 0.5 0.5 0.5 0.5 0.5 0.5 0.5 0.5 0.5 0.5 0.5 0.5 0.5 0.5 0.5 
TS15 0.5 0.5 0.5 0.5 0.5 0.5 0.5 0.5 0.5 0.5 0.5 0.5 0.5 0.5 0.5 0.5 0.5 0.5 0.5 0.5 0.5 0.5 0.5 0.5 0.5 0.5 0.5 0.5 0.5 0.5 0.5 0.5 
TS16 0.5 0.5 0.5 0.5 0.5 0.5 0.5 0.5 0.5 0.5 0.5 0.5 0.5 0.5 0.5 0.5 0.5 0.5 0.5 0.5 0.5 0.5 0.5 0.5 0.5 0.5 0.5 0.5 0.5 0.5 0.5 0.5 
TS17 0.5 0.5 0.5 0.5 0.5 0.5 0.5 0.5 0.5 0.5 0.5 0.5 0.5 0.5 0.5 0.5 0.5 0.5 0.5 0.5 0.5 0.5 0.5 0.5 0.5 0.5 0.5 0.5 0.5 0.5 0.5 0.5 
TS18 0.5 0.5 0.5 0.5 0.5 0.5 0.5 0.5 0.5 0.5 0.5 0.5 0.5 0.5 0.5 0.5 0.5 0.5 0.5 0.5 0.5 0.5 0.5 0.5 0.5 0.5 0.5 0.5 0.5 0.5 0.5 0.5 
TS19 0.5 0.5 0.5 0.5 0.5 0.5 0.5 0.5 0.5 0.5 0.5 0.5 0.5 0.5 0.5 0.5 0.5 0.5 0.5 0.5 0.5 0.5 0.5 0.5 0.5 0.5 0.5 0.5 0.5 0.5 0.5 0.5 
TS20 0.5 0.5 0.5 0.5 0.5 0.5 0.5 0.5 0.5 0.5 0.5 0.5 0.5 0.5 0.5 0.5 0.5 0.5 0.5 0.5 0.5 0.5 0.5 0.5 0.5 0.5 0.5 0.5 0.5 0.5 0.5 0.5 
TS21 0.5 0.5 0.5 0.5 0.5 0.5 0.5 0.5 0.5 0.5 0.5 0.5 0.5 0.5 0.5 0.5 0.5 0.5 0.5 0.5 0.5 0.5 0.5 0.5 0.5 0.5 0.5 0.5 0.5 0.5 0.5 0.5 
TS22 0.5 0.5 0.5 0.5 0.5 0.5 0.5 0.5 0.5 0.5 0.5 0.5 0.5 0.5 0.5 0.5 0.5 0.5 0.5 0.5 0.5 0.5 0.5 0.5 0.5 0.5 0.5 0.5 0.5 0.5 0.5 0.5 
TS23 0.5 0.5 0.5 0.5 0.5 0.5 0.5 0.5 0.5 0.5 0.5 0.5 0.5 0.5 0.5 0.5 0.5 0.5 0.5 0.5 0.5 0.5 0.5 0.5 0.5 0.5 0.5 0.5 0.5 0.5 0.5 0.5 
TS24 0.5 0.5 0.5 0.5 0.5 0.5 0.5 0.5 0.5 0.5 0.5 0.5 0.5 0.5 0.5 0.5 0.5 0.5 0.5 0.5 0.5 0.5 0.5 0.5 0.5 0.5 0.5 0.5 0.5 0.5 0.5 0.5 
TS25 0.5 0.5 0.5 0.5 0.5 0.5 0.5 0.5 0.5 0.5 0.5 0.5 0.5 0.5 0.5 0.5 0.5 0.5 0.5 0.5 0.5 0.5 0.5 0.5 0.5 0.5 0.5 0.5 0.5 0.5 0.5 0.5 
TS26 0.5 0.5 0.5 0.5 0.5 0.5 0.5 0.5 0.5 0.5 0.5 0.5 0.5 0.5 0.5 0.5 0.5 0.5 0.5 0.5 0.5 0.5 0.5 0.5 0.5 0.5 0.5 0.5 0.5 0.5 0.5 0.5 
TS27 0.5 0.5 0.5 0.5 0.5 0.5 0.5 0.5 0.5 0.5 0.5 0.5 0.5 0.5 0.5 0.5 0.5 0.5 0.5 0.5 0.5 0.5 0.5 0.5 0.5 0.5 0.5 0.5 0.5 0.5 0.5 0.5 
TS28 0.5 0.5 0.5 0.5 0.5 0.5 0.5 0.5 0.5 0.5 0.5 0.5 0.5 0.5 0.5 0.5 0.5 0.5 0.5 0.5 0.5 0.5 0.5 0.5 0.5 0.5 0.5 0.5 0.5 0.5 0.5 0.5 
TS29 0.5 0.5 0.5 0.5 0.5 0.5 0.5 0.5 0.5 0.5 0.5 0.5 0.5 0.5 0.5 0.5 0.5 0.5 0.5 0.5 0.5 0.5 0.5 0.5 0.5 0.5 0.5 0.5 0.5 0.5 0.5 0.5 
TS30 0.5 0.5 0.5 0.5 0.5 0.5 0.5 0.5 0.5 0.5 0.5 0.5 0.5 0.5 0.5 0.5 0.5 0.5 0.5 0.5 0.5 0.5 0.5 0.5 0.5 0.5 0.5 0.5 0.5 0.5 0.5 0.5 
TS31 0.5 0.5 0.5 0.5 0.5 0.5 0.5 0.5 0.5 0.5 0.5 0.5 0.5 0.5 0.5 0.5 0.5 0.5 0.5 0.5 0.5 0.5 0.5 0.5 0.5 0.5 0.5 0.5 0.5 0.5 0.5 0.5 
TS32 0.5 0.5 0.5 0.5 0.5 0.5 0.5 0.5 0.5 0.5 0.5 0.5 0.5 0.5 0.5 0.5 0.5 0.5 0.5 0.5 0.5 0.5 0.5 0.5 0.5 0.5 0.5 0.5 0.5 0.5 0.5 0.5 
TS33 0.5 0.5 0.5 0.5 0.5 0.5 0.5 0.5 0.5 0.5 0.5 0.5 0.5 0.5 0.5 0.5 0.5 0.5 0.5 0.5 0.5 0.5 0.5 0.5 0.5 0.5 0.5 0.5 0.5 0.5 0.5 0.5 
TS34 0.5 0.5 0.5 0.5 0.5 0.5 0.5 0.5 0.5 0.5 0.5 0.5 0.5 0.5 0.5 0.5 0.5 0.5 0.5 0.5 0.5 0.5 0.5 0.5 0.5 0.5 0.5 0.5 0.5 0.5 0.5 0.5 
TS35 0.5 0.5 0.5 0.5 0.5 0.5 0.5 0.5 0.5 0.5 0.5 0.5 0.5 0.5 0.5 0.5 0.5 0.5 0.5 0.5 0.5 0.5 0.5 0.5 0.5 0.5 0.5 0.5 0.5 0.5 0.5 0.5 
TS36 0.5 0.5 0.5 0.5 0.5 0.5 0.5 0.5 0.5 0.5 0.5 0.5 0.5 0.5 0.5 0.5 0.5 0.5 0.5 0.5 0.5 0.5 0.5 0.5 0.5 0.5 0.5 0.5 0.5 0.5 0.5 0.5 
TS37 0.5 0.5 0.5 0.5 0.5 0.5 0.5 0.5 0.5 0.5 0.5 0.5 0.5 0.5 0.5 0.5 0.5 0.5 0.5 0.5 0.5 0.5 0.5 0.5 0.5 0.5 0.5 0.5 0.5 0.5 0.5 0.5 
TS38 0.5 0.5 0.5 0.5 0.5 0.5 0.5 0.5 0.5 0.5 0.5 0.5 0.5 0.5 0.5 0.5 0.5 0.5 0.5 0.5 0.5 0.5 0.5 0.5 0.5 0.5 0.5 0.5 0.5 0.5 0.5 0.5 
TS39 0.5 0.5 0.5 0.5 0.5 0.5 0.5 0.5 0.5 0.5 0.5 0.5 0.5 0.5 0.5 0.5 0.5 0.5 0.5 0.5 0.5 0.5 0.5 0.5 0.5 0.5 0.5 0.5 0.5 0.5 0.5 0.5 
TS40 0.5 0.5 0.5 0.5 0.5 0.5 0.5 0.5 0.5 0.5 0.5 0.5 0.5 0.5 0.5 0.5 0.5 0.5 0.5 0.5 0.5 0.5 0.5 0.5 0.5 0.5 0.5 0.5 0.5 0.5 0.5 0.5 
TS41 0.5 0.5 0.5 0.5 0.5 0.5 0.5 0.5 0.5 0.5 0.5 0.5 0.5 0.5 0.5 0.5 0.5 0.5 0.5 0.5 0.5 0.5 0.5 0.5 0.5 0.5 0.5 0.5 0.5 0.5 0.5 0.5 
TS42 0.5 0.5 0.5 0.5 0.5 0.5 0.5 0.5 0.5 0.5 0.5 0.5 0.5 0.5 0.5 0.5 0.5 0.5 0.5 0.5 0.5 0.5 0.5 0.5 0.5 0.5 0.5 0.5 0.5 0.5 0.5 0.5 
TS43 0.5 0.5 0.5 0.5 0.5 0.5 0.5 0.5 0.5 0.5 0.5 0.5 0.5 0.5 0.5 0.5 0.5 0.5 0.5 0.5 0.5 0.5 0.5 0.5 0.5 0.5 0.5 0.5 0.5 0.5 0.5 0.5 
TS44 0.5 0.5 0.5 0.5 0.5 0.5 0.5 0.5 0.5 0.5 0.5 0.5 0.5 0.5 0.5 0.5 0.5 0.5 0.5 0.5 0.5 0.5 0.5 0.5 0.5 0.5 0.5 0.5 0.5 0.5 0.5 0.5 
TS45 0.5 0.5 0.5 0.5 0.5 0.5 0.5 0.5 0.5 0.5 0.5 0.5 0.5 0.5 0.5 0.5 0.5 0.5 0.5 0.5 0.5 0.5 0.5 0.5 0.5 0.5 0.5 0.5 0.5 0.5 0.5 0.5 
TS46 0.5 0.5 0.5 0.5 0.5 0.5 0.5 0.5 0.5 0.5 0.5 0.5 0.5 0.5 0.5 0.5 0.5 0.5 0.5 0.5 0.5 0.5 0.5 0.5 0.5 0.5 0.5 0.5 0.5 0.5 0.5 0.5 
TS47 0.5 0.5 0.5 0.5 0.5 0.5 0.5 0.5 0.5 0.5 0.5 0.5 0.5 0.5 0.5 0.5 0.5 0.5 0.5 0.5 0.5 0.5 0.5 0.5 0.5 0.5 0.5 0.5 0.5 0.5 0.5 0.5 
TS48 0.5 0.5 0.5 0.5 0.5 0.5 0.5 0.5 0.5 0.5 0.5 0.5 0.5 0.5 0.5 0.5 0.5 0.5 0.5 0.5 0.5 0.5 0.5 0.5 0.5 0.5 0.5 0.5 0.5 0.5 0.5 0.5 
[RE1,PWRHYD001,*,*]:
2019 2020 2021 2022 2023 2024 2025 2026 2027 2028 2029 2030 2031 2032 2033 2034 2035 2036 2037 2038 2039 2040 2041 2042 2043 2044 2045 2046 2047 2048 2049 2050 :=
TS01 0.336 0.336 0.336 0.336 0.336 0.336 0.336 0.336 0.336 0.336 0.336 0.336 0.336 0.336 0.336 0.336 0.336 0.336 0.336 0.336 0.336 0.336 0.336 0.336 0.336 0.336 0.336 0.336 0.336 0.336 0.336 0.336 
TS02 0.336 0.336 0.336 0.336 0.336 0.336 0.336 0.336 0.336 0.336 0.336 0.336 0.336 0.336 0.336 0.336 0.336 0.336 0.336 0.336 0.336 0.336 0.336 0.336 0.336 0.336 0.336 0.336 0.336 0.336 0.336 0.336 
TS03 0.336 0.336 0.336 0.336 0.336 0.336 0.336 0.336 0.336 0.336 0.336 0.336 0.336 0.336 0.336 0.336 0.336 0.336 0.336 0.336 0.336 0.336 0.336 0.336 0.336 0.336 0.336 0.336 0.336 0.336 0.336 0.336 
TS04 0.336 0.336 0.336 0.336 0.336 0.336 0.336 0.336 0.336 0.336 0.336 0.336 0.336 0.336 0.336 0.336 0.336 0.336 0.336 0.336 0.336 0.336 0.336 0.336 0.336 0.336 0.336 0.336 0.336 0.336 0.336 0.336 
TS05 0.336 0.336 0.336 0.336 0.336 0.336 0.336 0.336 0.336 0.336 0.336 0.336 0.336 0.336 0.336 0.336 0.336 0.336 0.336 0.336 0.336 0.336 0.336 0.336 0.336 0.336 0.336 0.336 0.336 0.336 0.336 0.336 
TS06 0.336 0.336 0.336 0.336 0.336 0.336 0.336 0.336 0.336 0.336 0.336 0.336 0.336 0.336 0.336 0.336 0.336 0.336 0.336 0.336 0.336 0.336 0.336 0.336 0.336 0.336 0.336 0.336 0.336 0.336 0.336 0.336 
TS07 0.336 0.336 0.336 0.336 0.336 0.336 0.336 0.336 0.336 0.336 0.336 0.336 0.336 0.336 0.336 0.336 0.336 0.336 0.336 0.336 0.336 0.336 0.336 0.336 0.336 0.336 0.336 0.336 0.336 0.336 0.336 0.336 
TS08 0.336 0.336 0.336 0.336 0.336 0.336 0.336 0.336 0.336 0.336 0.336 0.336 0.336 0.336 0.336 0.336 0.336 0.336 0.336 0.336 0.336 0.336 0.336 0.336 0.336 0.336 0.336 0.336 0.336 0.336 0.336 0.336 
TS09 0.336 0.336 0.336 0.336 0.336 0.336 0.336 0.336 0.336 0.336 0.336 0.336 0.336 0.336 0.336 0.336 0.336 0.336 0.336 0.336 0.336 0.336 0.336 0.336 0.336 0.336 0.336 0.336 0.336 0.336 0.336 0.336 
TS10 0.336 0.336 0.336 0.336 0.336 0.336 0.336 0.336 0.336 0.336 0.336 0.336 0.336 0.336 0.336 0.336 0.336 0.336 0.336 0.336 0.336 0.336 0.336 0.336 0.336 0.336 0.336 0.336 0.336 0.336 0.336 0.336 
TS11 0.336 0.336 0.336 0.336 0.336 0.336 0.336 0.336 0.336 0.336 0.336 0.336 0.336 0.336 0.336 0.336 0.336 0.336 0.336 0.336 0.336 0.336 0.336 0.336 0.336 0.336 0.336 0.336 0.336 0.336 0.336 0.336 
TS12 0.336 0.336 0.336 0.336 0.336 0.336 0.336 0.336 0.336 0.336 0.336 0.336 0.336 0.336 0.336 0.336 0.336 0.336 0.336 0.336 0.336 0.336 0.336 0.336 0.336 0.336 0.336 0.336 0.336 0.336 0.336 0.336 
TS13 0.7873 0.7873 0.7873 0.7873 0.7873 0.7873 0.7873 0.7873 0.7873 0.7873 0.7873 0.7873 0.7873 0.7873 0.7873 0.7873 0.7873 0.7873 0.7873 0.7873 0.7873 0.7873 0.7873 0.7873 0.7873 0.7873 0.7873 0.7873 0.7873 0.7873 0.7873 0.7873 
TS14 0.7873 0.7873 0.7873 0.7873 0.7873 0.7873 0.7873 0.7873 0.7873 0.7873 0.7873 0.7873 0.7873 0.7873 0.7873 0.7873 0.7873 0.7873 0.7873 0.7873 0.7873 0.7873 0.7873 0.7873 0.7873 0.7873 0.7873 0.7873 0.7873 0.7873 0.7873 0.7873 
TS15 0.7873 0.7873 0.7873 0.7873 0.7873 0.7873 0.7873 0.7873 0.7873 0.7873 0.7873 0.7873 0.7873 0.7873 0.7873 0.7873 0.7873 0.7873 0.7873 0.7873 0.7873 0.7873 0.7873 0.7873 0.7873 0.7873 0.7873 0.7873 0.7873 0.7873 0.7873 0.7873 
TS16 0.7873 0.7873 0.7873 0.7873 0.7873 0.7873 0.7873 0.7873 0.7873 0.7873 0.7873 0.7873 0.7873 0.7873 0.7873 0.7873 0.7873 0.7873 0.7873 0.7873 0.7873 0.7873 0.7873 0.7873 0.7873 0.7873 0.7873 0.7873 0.7873 0.7873 0.7873 0.7873 
TS17 0.7873 0.7873 0.7873 0.7873 0.7873 0.7873 0.7873 0.7873 0.7873 0.7873 0.7873 0.7873 0.7873 0.7873 0.7873 0.7873 0.7873 0.7873 0.7873 0.7873 0.7873 0.7873 0.7873 0.7873 0.7873 0.7873 0.7873 0.7873 0.7873 0.7873 0.7873 0.7873 
TS18 0.7873 0.7873 0.7873 0.7873 0.7873 0.7873 0.7873 0.7873 0.7873 0.7873 0.7873 0.7873 0.7873 0.7873 0.7873 0.7873 0.7873 0.7873 0.7873 0.7873 0.7873 0.7873 0.7873 0.7873 0.7873 0.7873 0.7873 0.7873 0.7873 0.7873 0.7873 0.7873 
TS19 0.7873 0.7873 0.7873 0.7873 0.7873 0.7873 0.7873 0.7873 0.7873 0.7873 0.7873 0.7873 0.7873 0.7873 0.7873 0.7873 0.7873 0.7873 0.7873 0.7873 0.7873 0.7873 0.7873 0.7873 0.7873 0.7873 0.7873 0.7873 0.7873 0.7873 0.7873 0.7873 
TS20 0.7873 0.7873 0.7873 0.7873 0.7873 0.7873 0.7873 0.7873 0.7873 0.7873 0.7873 0.7873 0.7873 0.7873 0.7873 0.7873 0.7873 0.7873 0.7873 0.7873 0.7873 0.7873 0.7873 0.7873 0.7873 0.7873 0.7873 0.7873 0.7873 0.7873 0.7873 0.7873 
TS21 0.7873 0.7873 0.7873 0.7873 0.7873 0.7873 0.7873 0.7873 0.7873 0.7873 0.7873 0.7873 0.7873 0.7873 0.7873 0.7873 0.7873 0.7873 0.7873 0.7873 0.7873 0.7873 0.7873 0.7873 0.7873 0.7873 0.7873 0.7873 0.7873 0.7873 0.7873 0.7873 
TS22 0.7873 0.7873 0.7873 0.7873 0.7873 0.7873 0.7873 0.7873 0.7873 0.7873 0.7873 0.7873 0.7873 0.7873 0.7873 0.7873 0.7873 0.7873 0.7873 0.7873 0.7873 0.7873 0.7873 0.7873 0.7873 0.7873 0.7873 0.7873 0.7873 0.7873 0.7873 0.7873 
TS23 0.7873 0.7873 0.7873 0.7873 0.7873 0.7873 0.7873 0.7873 0.7873 0.7873 0.7873 0.7873 0.7873 0.7873 0.7873 0.7873 0.7873 0.7873 0.7873 0.7873 0.7873 0.7873 0.7873 0.7873 0.7873 0.7873 0.7873 0.7873 0.7873 0.7873 0.7873 0.7873 
TS24 0.7873 0.7873 0.7873 0.7873 0.7873 0.7873 0.7873 0.7873 0.7873 0.7873 0.7873 0.7873 0.7873 0.7873 0.7873 0.7873 0.7873 0.7873 0.7873 0.7873 0.7873 0.7873 0.7873 0.7873 0.7873 0.7873 0.7873 0.7873 0.7873 0.7873 0.7873 0.7873 
TS25 0.8076 0.8076 0.8076 0.8076 0.8076 0.8076 0.8076 0.8076 0.8076 0.8076 0.8076 0.8076 0.8076 0.8076 0.8076 0.8076 0.8076 0.8076 0.8076 0.8076 0.8076 0.8076 0.8076 0.8076 0.8076 0.8076 0.8076 0.8076 0.8076 0.8076 0.8076 0.8076 
TS26 0.8076 0.8076 0.8076 0.8076 0.8076 0.8076 0.8076 0.8076 0.8076 0.8076 0.8076 0.8076 0.8076 0.8076 0.8076 0.8076 0.8076 0.8076 0.8076 0.8076 0.8076 0.8076 0.8076 0.8076 0.8076 0.8076 0.8076 0.8076 0.8076 0.8076 0.8076 0.8076 
TS27 0.8076 0.8076 0.8076 0.8076 0.8076 0.8076 0.8076 0.8076 0.8076 0.8076 0.8076 0.8076 0.8076 0.8076 0.8076 0.8076 0.8076 0.8076 0.8076 0.8076 0.8076 0.8076 0.8076 0.8076 0.8076 0.8076 0.8076 0.8076 0.8076 0.8076 0.8076 0.8076 
TS28 0.8076 0.8076 0.8076 0.8076 0.8076 0.8076 0.8076 0.8076 0.8076 0.8076 0.8076 0.8076 0.8076 0.8076 0.8076 0.8076 0.8076 0.8076 0.8076 0.8076 0.8076 0.8076 0.8076 0.8076 0.8076 0.8076 0.8076 0.8076 0.8076 0.8076 0.8076 0.8076 
TS29 0.8076 0.8076 0.8076 0.8076 0.8076 0.8076 0.8076 0.8076 0.8076 0.8076 0.8076 0.8076 0.8076 0.8076 0.8076 0.8076 0.8076 0.8076 0.8076 0.8076 0.8076 0.8076 0.8076 0.8076 0.8076 0.8076 0.8076 0.8076 0.8076 0.8076 0.8076 0.8076 
TS30 0.8076 0.8076 0.8076 0.8076 0.8076 0.8076 0.8076 0.8076 0.8076 0.8076 0.8076 0.8076 0.8076 0.8076 0.8076 0.8076 0.8076 0.8076 0.8076 0.8076 0.8076 0.8076 0.8076 0.8076 0.8076 0.8076 0.8076 0.8076 0.8076 0.8076 0.8076 0.8076 
TS31 0.8076 0.8076 0.8076 0.8076 0.8076 0.8076 0.8076 0.8076 0.8076 0.8076 0.8076 0.8076 0.8076 0.8076 0.8076 0.8076 0.8076 0.8076 0.8076 0.8076 0.8076 0.8076 0.8076 0.8076 0.8076 0.8076 0.8076 0.8076 0.8076 0.8076 0.8076 0.8076 
TS32 0.8076 0.8076 0.8076 0.8076 0.8076 0.8076 0.8076 0.8076 0.8076 0.8076 0.8076 0.8076 0.8076 0.8076 0.8076 0.8076 0.8076 0.8076 0.8076 0.8076 0.8076 0.8076 0.8076 0.8076 0.8076 0.8076 0.8076 0.8076 0.8076 0.8076 0.8076 0.8076 
TS33 0.8076 0.8076 0.8076 0.8076 0.8076 0.8076 0.8076 0.8076 0.8076 0.8076 0.8076 0.8076 0.8076 0.8076 0.8076 0.8076 0.8076 0.8076 0.8076 0.8076 0.8076 0.8076 0.8076 0.8076 0.8076 0.8076 0.8076 0.8076 0.8076 0.8076 0.8076 0.8076 
TS34 0.8076 0.8076 0.8076 0.8076 0.8076 0.8076 0.8076 0.8076 0.8076 0.8076 0.8076 0.8076 0.8076 0.8076 0.8076 0.8076 0.8076 0.8076 0.8076 0.8076 0.8076 0.8076 0.8076 0.8076 0.8076 0.8076 0.8076 0.8076 0.8076 0.8076 0.8076 0.8076 
TS35 0.8076 0.8076 0.8076 0.8076 0.8076 0.8076 0.8076 0.8076 0.8076 0.8076 0.8076 0.8076 0.8076 0.8076 0.8076 0.8076 0.8076 0.8076 0.8076 0.8076 0.8076 0.8076 0.8076 0.8076 0.8076 0.8076 0.8076 0.8076 0.8076 0.8076 0.8076 0.8076 
TS36 0.8076 0.8076 0.8076 0.8076 0.8076 0.8076 0.8076 0.8076 0.8076 0.8076 0.8076 0.8076 0.8076 0.8076 0.8076 0.8076 0.8076 0.8076 0.8076 0.8076 0.8076 0.8076 0.8076 0.8076 0.8076 0.8076 0.8076 0.8076 0.8076 0.8076 0.8076 0.8076 
TS37 0.8201 0.8201 0.8201 0.8201 0.8201 0.8201 0.8201 0.8201 0.8201 0.8201 0.8201 0.8201 0.8201 0.8201 0.8201 0.8201 0.8201 0.8201 0.8201 0.8201 0.8201 0.8201 0.8201 0.8201 0.8201 0.8201 0.8201 0.8201 0.8201 0.8201 0.8201 0.8201 
TS38 0.8201 0.8201 0.8201 0.8201 0.8201 0.8201 0.8201 0.8201 0.8201 0.8201 0.8201 0.8201 0.8201 0.8201 0.8201 0.8201 0.8201 0.8201 0.8201 0.8201 0.8201 0.8201 0.8201 0.8201 0.8201 0.8201 0.8201 0.8201 0.8201 0.8201 0.8201 0.8201 
TS39 0.8201 0.8201 0.8201 0.8201 0.8201 0.8201 0.8201 0.8201 0.8201 0.8201 0.8201 0.8201 0.8201 0.8201 0.8201 0.8201 0.8201 0.8201 0.8201 0.8201 0.8201 0.8201 0.8201 0.8201 0.8201 0.8201 0.8201 0.8201 0.8201 0.8201 0.8201 0.8201 
TS40 0.8201 0.8201 0.8201 0.8201 0.8201 0.8201 0.8201 0.8201 0.8201 0.8201 0.8201 0.8201 0.8201 0.8201 0.8201 0.8201 0.8201 0.8201 0.8201 0.8201 0.8201 0.8201 0.8201 0.8201 0.8201 0.8201 0.8201 0.8201 0.8201 0.8201 0.8201 0.8201 
TS41 0.8201 0.8201 0.8201 0.8201 0.8201 0.8201 0.8201 0.8201 0.8201 0.8201 0.8201 0.8201 0.8201 0.8201 0.8201 0.8201 0.8201 0.8201 0.8201 0.8201 0.8201 0.8201 0.8201 0.8201 0.8201 0.8201 0.8201 0.8201 0.8201 0.8201 0.8201 0.8201 
TS42 0.8201 0.8201 0.8201 0.8201 0.8201 0.8201 0.8201 0.8201 0.8201 0.8201 0.8201 0.8201 0.8201 0.8201 0.8201 0.8201 0.8201 0.8201 0.8201 0.8201 0.8201 0.8201 0.8201 0.8201 0.8201 0.8201 0.8201 0.8201 0.8201 0.8201 0.8201 0.8201 
TS43 0.8201 0.8201 0.8201 0.8201 0.8201 0.8201 0.8201 0.8201 0.8201 0.8201 0.8201 0.8201 0.8201 0.8201 0.8201 0.8201 0.8201 0.8201 0.8201 0.8201 0.8201 0.8201 0.8201 0.8201 0.8201 0.8201 0.8201 0.8201 0.8201 0.8201 0.8201 0.8201 
TS44 0.8201 0.8201 0.8201 0.8201 0.8201 0.8201 0.8201 0.8201 0.8201 0.8201 0.8201 0.8201 0.8201 0.8201 0.8201 0.8201 0.8201 0.8201 0.8201 0.8201 0.8201 0.8201 0.8201 0.8201 0.8201 0.8201 0.8201 0.8201 0.8201 0.8201 0.8201 0.8201 
TS45 0.8201 0.8201 0.8201 0.8201 0.8201 0.8201 0.8201 0.8201 0.8201 0.8201 0.8201 0.8201 0.8201 0.8201 0.8201 0.8201 0.8201 0.8201 0.8201 0.8201 0.8201 0.8201 0.8201 0.8201 0.8201 0.8201 0.8201 0.8201 0.8201 0.8201 0.8201 0.8201 
TS46 0.8201 0.8201 0.8201 0.8201 0.8201 0.8201 0.8201 0.8201 0.8201 0.8201 0.8201 0.8201 0.8201 0.8201 0.8201 0.8201 0.8201 0.8201 0.8201 0.8201 0.8201 0.8201 0.8201 0.8201 0.8201 0.8201 0.8201 0.8201 0.8201 0.8201 0.8201 0.8201 
TS47 0.8201 0.8201 0.8201 0.8201 0.8201 0.8201 0.8201 0.8201 0.8201 0.8201 0.8201 0.8201 0.8201 0.8201 0.8201 0.8201 0.8201 0.8201 0.8201 0.8201 0.8201 0.8201 0.8201 0.8201 0.8201 0.8201 0.8201 0.8201 0.8201 0.8201 0.8201 0.8201 
TS48 0.8201 0.8201 0.8201 0.8201 0.8201 0.8201 0.8201 0.8201 0.8201 0.8201 0.8201 0.8201 0.8201 0.8201 0.8201 0.8201 0.8201 0.8201 0.8201 0.8201 0.8201 0.8201 0.8201 0.8201 0.8201 0.8201 0.8201 0.8201 0.8201 0.8201 0.8201 0.8201 
[RE1,PWRHYD002,*,*]:
2019 2020 2021 2022 2023 2024 2025 2026 2027 2028 2029 2030 2031 2032 2033 2034 2035 2036 2037 2038 2039 2040 2041 2042 2043 2044 2045 2046 2047 2048 2049 2050 :=
TS01 0.5353 0.5353 0.5353 0.5353 0.5353 0.5353 0.5353 0.5353 0.5353 0.5353 0.5353 0.5353 0.5353 0.5353 0.5353 0.5353 0.5353 0.5353 0.5353 0.5353 0.5353 0.5353 0.5353 0.5353 0.5353 0.5353 0.5353 0.5353 0.5353 0.5353 0.5353 0.5353 
TS02 0.5353 0.5353 0.5353 0.5353 0.5353 0.5353 0.5353 0.5353 0.5353 0.5353 0.5353 0.5353 0.5353 0.5353 0.5353 0.5353 0.5353 0.5353 0.5353 0.5353 0.5353 0.5353 0.5353 0.5353 0.5353 0.5353 0.5353 0.5353 0.5353 0.5353 0.5353 0.5353 
TS03 0.5353 0.5353 0.5353 0.5353 0.5353 0.5353 0.5353 0.5353 0.5353 0.5353 0.5353 0.5353 0.5353 0.5353 0.5353 0.5353 0.5353 0.5353 0.5353 0.5353 0.5353 0.5353 0.5353 0.5353 0.5353 0.5353 0.5353 0.5353 0.5353 0.5353 0.5353 0.5353 
TS04 0.5353 0.5353 0.5353 0.5353 0.5353 0.5353 0.5353 0.5353 0.5353 0.5353 0.5353 0.5353 0.5353 0.5353 0.5353 0.5353 0.5353 0.5353 0.5353 0.5353 0.5353 0.5353 0.5353 0.5353 0.5353 0.5353 0.5353 0.5353 0.5353 0.5353 0.5353 0.5353 
TS05 0.5353 0.5353 0.5353 0.5353 0.5353 0.5353 0.5353 0.5353 0.5353 0.5353 0.5353 0.5353 0.5353 0.5353 0.5353 0.5353 0.5353 0.5353 0.5353 0.5353 0.5353 0.5353 0.5353 0.5353 0.5353 0.5353 0.5353 0.5353 0.5353 0.5353 0.5353 0.5353 
TS06 0.5353 0.5353 0.5353 0.5353 0.5353 0.5353 0.5353 0.5353 0.5353 0.5353 0.5353 0.5353 0.5353 0.5353 0.5353 0.5353 0.5353 0.5353 0.5353 0.5353 0.5353 0.5353 0.5353 0.5353 0.5353 0.5353 0.5353 0.5353 0.5353 0.5353 0.5353 0.5353 
TS07 0.5353 0.5353 0.5353 0.5353 0.5353 0.5353 0.5353 0.5353 0.5353 0.5353 0.5353 0.5353 0.5353 0.5353 0.5353 0.5353 0.5353 0.5353 0.5353 0.5353 0.5353 0.5353 0.5353 0.5353 0.5353 0.5353 0.5353 0.5353 0.5353 0.5353 0.5353 0.5353 
TS08 0.5353 0.5353 0.5353 0.5353 0.5353 0.5353 0.5353 0.5353 0.5353 0.5353 0.5353 0.5353 0.5353 0.5353 0.5353 0.5353 0.5353 0.5353 0.5353 0.5353 0.5353 0.5353 0.5353 0.5353 0.5353 0.5353 0.5353 0.5353 0.5353 0.5353 0.5353 0.5353 
TS09 0.5353 0.5353 0.5353 0.5353 0.5353 0.5353 0.5353 0.5353 0.5353 0.5353 0.5353 0.5353 0.5353 0.5353 0.5353 0.5353 0.5353 0.5353 0.5353 0.5353 0.5353 0.5353 0.5353 0.5353 0.5353 0.5353 0.5353 0.5353 0.5353 0.5353 0.5353 0.5353 
TS10 0.5353 0.5353 0.5353 0.5353 0.5353 0.5353 0.5353 0.5353 0.5353 0.5353 0.5353 0.5353 0.5353 0.5353 0.5353 0.5353 0.5353 0.5353 0.5353 0.5353 0.5353 0.5353 0.5353 0.5353 0.5353 0.5353 0.5353 0.5353 0.5353 0.5353 0.5353 0.5353 
TS11 0.5353 0.5353 0.5353 0.5353 0.5353 0.5353 0.5353 0.5353 0.5353 0.5353 0.5353 0.5353 0.5353 0.5353 0.5353 0.5353 0.5353 0.5353 0.5353 0.5353 0.5353 0.5353 0.5353 0.5353 0.5353 0.5353 0.5353 0.5353 0.5353 0.5353 0.5353 0.5353 
TS12 0.5353 0.5353 0.5353 0.5353 0.5353 0.5353 0.5353 0.5353 0.5353 0.5353 0.5353 0.5353 0.5353 0.5353 0.5353 0.5353 0.5353 0.5353 0.5353 0.5353 0.5353 0.5353 0.5353 0.5353 0.5353 0.5353 0.5353 0.5353 0.5353 0.5353 0.5353 0.5353 
TS13 0.544 0.544 0.544 0.544 0.544 0.544 0.544 0.544 0.544 0.544 0.544 0.544 0.544 0.544 0.544 0.544 0.544 0.544 0.544 0.544 0.544 0.544 0.544 0.544 0.544 0.544 0.544 0.544 0.544 0.544 0.544 0.544 
TS14 0.544 0.544 0.544 0.544 0.544 0.544 0.544 0.544 0.544 0.544 0.544 0.544 0.544 0.544 0.544 0.544 0.544 0.544 0.544 0.544 0.544 0.544 0.544 0.544 0.544 0.544 0.544 0.544 0.544 0.544 0.544 0.544 
TS15 0.544 0.544 0.544 0.544 0.544 0.544 0.544 0.544 0.544 0.544 0.544 0.544 0.544 0.544 0.544 0.544 0.544 0.544 0.544 0.544 0.544 0.544 0.544 0.544 0.544 0.544 0.544 0.544 0.544 0.544 0.544 0.544 
TS16 0.544 0.544 0.544 0.544 0.544 0.544 0.544 0.544 0.544 0.544 0.544 0.544 0.544 0.544 0.544 0.544 0.544 0.544 0.544 0.544 0.544 0.544 0.544 0.544 0.544 0.544 0.544 0.544 0.544 0.544 0.544 0.544 
TS17 0.544 0.544 0.544 0.544 0.544 0.544 0.544 0.544 0.544 0.544 0.544 0.544 0.544 0.544 0.544 0.544 0.544 0.544 0.544 0.544 0.544 0.544 0.544 0.544 0.544 0.544 0.544 0.544 0.544 0.544 0.544 0.544 
TS18 0.544 0.544 0.544 0.544 0.544 0.544 0.544 0.544 0.544 0.544 0.544 0.544 0.544 0.544 0.544 0.544 0.544 0.544 0.544 0.544 0.544 0.544 0.544 0.544 0.544 0.544 0.544 0.544 0.544 0.544 0.544 0.544 
TS19 0.544 0.544 0.544 0.544 0.544 0.544 0.544 0.544 0.544 0.544 0.544 0.544 0.544 0.544 0.544 0.544 0.544 0.544 0.544 0.544 0.544 0.544 0.544 0.544 0.544 0.544 0.544 0.544 0.544 0.544 0.544 0.544 
TS20 0.544 0.544 0.544 0.544 0.544 0.544 0.544 0.544 0.544 0.544 0.544 0.544 0.544 0.544 0.544 0.544 0.544 0.544 0.544 0.544 0.544 0.544 0.544 0.544 0.544 0.544 0.544 0.544 0.544 0.544 0.544 0.544 
TS21 0.544 0.544 0.544 0.544 0.544 0.544 0.544 0.544 0.544 0.544 0.544 0.544 0.544 0.544 0.544 0.544 0.544 0.544 0.544 0.544 0.544 0.544 0.544 0.544 0.544 0.544 0.544 0.544 0.544 0.544 0.544 0.544 
TS22 0.544 0.544 0.544 0.544 0.544 0.544 0.544 0.544 0.544 0.544 0.544 0.544 0.544 0.544 0.544 0.544 0.544 0.544 0.544 0.544 0.544 0.544 0.544 0.544 0.544 0.544 0.544 0.544 0.544 0.544 0.544 0.544 
TS23 0.544 0.544 0.544 0.544 0.544 0.544 0.544 0.544 0.544 0.544 0.544 0.544 0.544 0.544 0.544 0.544 0.544 0.544 0.544 0.544 0.544 0.544 0.544 0.544 0.544 0.544 0.544 0.544 0.544 0.544 0.544 0.544 
TS24 0.544 0.544 0.544 0.544 0.544 0.544 0.544 0.544 0.544 0.544 0.544 0.544 0.544 0.544 0.544 0.544 0.544 0.544 0.544 0.544 0.544 0.544 0.544 0.544 0.544 0.544 0.544 0.544 0.544 0.544 0.544 0.544 
TS25 0.5253 0.5253 0.5253 0.5253 0.5253 0.5253 0.5253 0.5253 0.5253 0.5253 0.5253 0.5253 0.5253 0.5253 0.5253 0.5253 0.5253 0.5253 0.5253 0.5253 0.5253 0.5253 0.5253 0.5253 0.5253 0.5253 0.5253 0.5253 0.5253 0.5253 0.5253 0.5253 
TS26 0.5253 0.5253 0.5253 0.5253 0.5253 0.5253 0.5253 0.5253 0.5253 0.5253 0.5253 0.5253 0.5253 0.5253 0.5253 0.5253 0.5253 0.5253 0.5253 0.5253 0.5253 0.5253 0.5253 0.5253 0.5253 0.5253 0.5253 0.5253 0.5253 0.5253 0.5253 0.5253 
TS27 0.5253 0.5253 0.5253 0.5253 0.5253 0.5253 0.5253 0.5253 0.5253 0.5253 0.5253 0.5253 0.5253 0.5253 0.5253 0.5253 0.5253 0.5253 0.5253 0.5253 0.5253 0.5253 0.5253 0.5253 0.5253 0.5253 0.5253 0.5253 0.5253 0.5253 0.5253 0.5253 
TS28 0.5253 0.5253 0.5253 0.5253 0.5253 0.5253 0.5253 0.5253 0.5253 0.5253 0.5253 0.5253 0.5253 0.5253 0.5253 0.5253 0.5253 0.5253 0.5253 0.5253 0.5253 0.5253 0.5253 0.5253 0.5253 0.5253 0.5253 0.5253 0.5253 0.5253 0.5253 0.5253 
TS29 0.5253 0.5253 0.5253 0.5253 0.5253 0.5253 0.5253 0.5253 0.5253 0.5253 0.5253 0.5253 0.5253 0.5253 0.5253 0.5253 0.5253 0.5253 0.5253 0.5253 0.5253 0.5253 0.5253 0.5253 0.5253 0.5253 0.5253 0.5253 0.5253 0.5253 0.5253 0.5253 
TS30 0.5253 0.5253 0.5253 0.5253 0.5253 0.5253 0.5253 0.5253 0.5253 0.5253 0.5253 0.5253 0.5253 0.5253 0.5253 0.5253 0.5253 0.5253 0.5253 0.5253 0.5253 0.5253 0.5253 0.5253 0.5253 0.5253 0.5253 0.5253 0.5253 0.5253 0.5253 0.5253 
TS31 0.5253 0.5253 0.5253 0.5253 0.5253 0.5253 0.5253 0.5253 0.5253 0.5253 0.5253 0.5253 0.5253 0.5253 0.5253 0.5253 0.5253 0.5253 0.5253 0.5253 0.5253 0.5253 0.5253 0.5253 0.5253 0.5253 0.5253 0.5253 0.5253 0.5253 0.5253 0.5253 
TS32 0.5253 0.5253 0.5253 0.5253 0.5253 0.5253 0.5253 0.5253 0.5253 0.5253 0.5253 0.5253 0.5253 0.5253 0.5253 0.5253 0.5253 0.5253 0.5253 0.5253 0.5253 0.5253 0.5253 0.5253 0.5253 0.5253 0.5253 0.5253 0.5253 0.5253 0.5253 0.5253 
TS33 0.5253 0.5253 0.5253 0.5253 0.5253 0.5253 0.5253 0.5253 0.5253 0.5253 0.5253 0.5253 0.5253 0.5253 0.5253 0.5253 0.5253 0.5253 0.5253 0.5253 0.5253 0.5253 0.5253 0.5253 0.5253 0.5253 0.5253 0.5253 0.5253 0.5253 0.5253 0.5253 
TS34 0.5253 0.5253 0.5253 0.5253 0.5253 0.5253 0.5253 0.5253 0.5253 0.5253 0.5253 0.5253 0.5253 0.5253 0.5253 0.5253 0.5253 0.5253 0.5253 0.5253 0.5253 0.5253 0.5253 0.5253 0.5253 0.5253 0.5253 0.5253 0.5253 0.5253 0.5253 0.5253 
TS35 0.5253 0.5253 0.5253 0.5253 0.5253 0.5253 0.5253 0.5253 0.5253 0.5253 0.5253 0.5253 0.5253 0.5253 0.5253 0.5253 0.5253 0.5253 0.5253 0.5253 0.5253 0.5253 0.5253 0.5253 0.5253 0.5253 0.5253 0.5253 0.5253 0.5253 0.5253 0.5253 
TS36 0.5253 0.5253 0.5253 0.5253 0.5253 0.5253 0.5253 0.5253 0.5253 0.5253 0.5253 0.5253 0.5253 0.5253 0.5253 0.5253 0.5253 0.5253 0.5253 0.5253 0.5253 0.5253 0.5253 0.5253 0.5253 0.5253 0.5253 0.5253 0.5253 0.5253 0.5253 0.5253 
TS37 0.5601 0.5601 0.5601 0.5601 0.5601 0.5601 0.5601 0.5601 0.5601 0.5601 0.5601 0.5601 0.5601 0.5601 0.5601 0.5601 0.5601 0.5601 0.5601 0.5601 0.5601 0.5601 0.5601 0.5601 0.5601 0.5601 0.5601 0.5601 0.5601 0.5601 0.5601 0.5601 
TS38 0.5601 0.5601 0.5601 0.5601 0.5601 0.5601 0.5601 0.5601 0.5601 0.5601 0.5601 0.5601 0.5601 0.5601 0.5601 0.5601 0.5601 0.5601 0.5601 0.5601 0.5601 0.5601 0.5601 0.5601 0.5601 0.5601 0.5601 0.5601 0.5601 0.5601 0.5601 0.5601 
TS39 0.5601 0.5601 0.5601 0.5601 0.5601 0.5601 0.5601 0.5601 0.5601 0.5601 0.5601 0.5601 0.5601 0.5601 0.5601 0.5601 0.5601 0.5601 0.5601 0.5601 0.5601 0.5601 0.5601 0.5601 0.5601 0.5601 0.5601 0.5601 0.5601 0.5601 0.5601 0.5601 
TS40 0.5601 0.5601 0.5601 0.5601 0.5601 0.5601 0.5601 0.5601 0.5601 0.5601 0.5601 0.5601 0.5601 0.5601 0.5601 0.5601 0.5601 0.5601 0.5601 0.5601 0.5601 0.5601 0.5601 0.5601 0.5601 0.5601 0.5601 0.5601 0.5601 0.5601 0.5601 0.5601 
TS41 0.5601 0.5601 0.5601 0.5601 0.5601 0.5601 0.5601 0.5601 0.5601 0.5601 0.5601 0.5601 0.5601 0.5601 0.5601 0.5601 0.5601 0.5601 0.5601 0.5601 0.5601 0.5601 0.5601 0.5601 0.5601 0.5601 0.5601 0.5601 0.5601 0.5601 0.5601 0.5601 
TS42 0.5601 0.5601 0.5601 0.5601 0.5601 0.5601 0.5601 0.5601 0.5601 0.5601 0.5601 0.5601 0.5601 0.5601 0.5601 0.5601 0.5601 0.5601 0.5601 0.5601 0.5601 0.5601 0.5601 0.5601 0.5601 0.5601 0.5601 0.5601 0.5601 0.5601 0.5601 0.5601 
TS43 0.5601 0.5601 0.5601 0.5601 0.5601 0.5601 0.5601 0.5601 0.5601 0.5601 0.5601 0.5601 0.5601 0.5601 0.5601 0.5601 0.5601 0.5601 0.5601 0.5601 0.5601 0.5601 0.5601 0.5601 0.5601 0.5601 0.5601 0.5601 0.5601 0.5601 0.5601 0.5601 
TS44 0.5601 0.5601 0.5601 0.5601 0.5601 0.5601 0.5601 0.5601 0.5601 0.5601 0.5601 0.5601 0.5601 0.5601 0.5601 0.5601 0.5601 0.5601 0.5601 0.5601 0.5601 0.5601 0.5601 0.5601 0.5601 0.5601 0.5601 0.5601 0.5601 0.5601 0.5601 0.5601 
TS45 0.5601 0.5601 0.5601 0.5601 0.5601 0.5601 0.5601 0.5601 0.5601 0.5601 0.5601 0.5601 0.5601 0.5601 0.5601 0.5601 0.5601 0.5601 0.5601 0.5601 0.5601 0.5601 0.5601 0.5601 0.5601 0.5601 0.5601 0.5601 0.5601 0.5601 0.5601 0.5601 
TS46 0.5601 0.5601 0.5601 0.5601 0.5601 0.5601 0.5601 0.5601 0.5601 0.5601 0.5601 0.5601 0.5601 0.5601 0.5601 0.5601 0.5601 0.5601 0.5601 0.5601 0.5601 0.5601 0.5601 0.5601 0.5601 0.5601 0.5601 0.5601 0.5601 0.5601 0.5601 0.5601 
TS47 0.5601 0.5601 0.5601 0.5601 0.5601 0.5601 0.5601 0.5601 0.5601 0.5601 0.5601 0.5601 0.5601 0.5601 0.5601 0.5601 0.5601 0.5601 0.5601 0.5601 0.5601 0.5601 0.5601 0.5601 0.5601 0.5601 0.5601 0.5601 0.5601 0.5601 0.5601 0.5601 
TS48 0.5601 0.5601 0.5601 0.5601 0.5601 0.5601 0.5601 0.5601 0.5601 0.5601 0.5601 0.5601 0.5601 0.5601 0.5601 0.5601 0.5601 0.5601 0.5601 0.5601 0.5601 0.5601 0.5601 0.5601 0.5601 0.5601 0.5601 0.5601 0.5601 0.5601 0.5601 0.5601 
[RE1,PWRHYD003,*,*]:
2019 2020 2021 2022 2023 2024 2025 2026 2027 2028 2029 2030 2031 2032 2033 2034 2035 2036 2037 2038 2039 2040 2041 2042 2043 2044 2045 2046 2047 2048 2049 2050 :=
TS01 0.6698 0.6698 0.6698 0.6698 0.6698 0.6698 0.6698 0.6698 0.6698 0.6698 0.6698 0.6698 0.6698 0.6698 0.6698 0.6698 0.6698 0.6698 0.6698 0.6698 0.6698 0.6698 0.6698 0.6698 0.6698 0.6698 0.6698 0.6698 0.6698 0.6698 0.6698 0.6698 
TS02 0.6698 0.6698 0.6698 0.6698 0.6698 0.6698 0.6698 0.6698 0.6698 0.6698 0.6698 0.6698 0.6698 0.6698 0.6698 0.6698 0.6698 0.6698 0.6698 0.6698 0.6698 0.6698 0.6698 0.6698 0.6698 0.6698 0.6698 0.6698 0.6698 0.6698 0.6698 0.6698 
TS03 0.6698 0.6698 0.6698 0.6698 0.6698 0.6698 0.6698 0.6698 0.6698 0.6698 0.6698 0.6698 0.6698 0.6698 0.6698 0.6698 0.6698 0.6698 0.6698 0.6698 0.6698 0.6698 0.6698 0.6698 0.6698 0.6698 0.6698 0.6698 0.6698 0.6698 0.6698 0.6698 
TS04 0.6698 0.6698 0.6698 0.6698 0.6698 0.6698 0.6698 0.6698 0.6698 0.6698 0.6698 0.6698 0.6698 0.6698 0.6698 0.6698 0.6698 0.6698 0.6698 0.6698 0.6698 0.6698 0.6698 0.6698 0.6698 0.6698 0.6698 0.6698 0.6698 0.6698 0.6698 0.6698 
TS05 0.6698 0.6698 0.6698 0.6698 0.6698 0.6698 0.6698 0.6698 0.6698 0.6698 0.6698 0.6698 0.6698 0.6698 0.6698 0.6698 0.6698 0.6698 0.6698 0.6698 0.6698 0.6698 0.6698 0.6698 0.6698 0.6698 0.6698 0.6698 0.6698 0.6698 0.6698 0.6698 
TS06 0.6698 0.6698 0.6698 0.6698 0.6698 0.6698 0.6698 0.6698 0.6698 0.6698 0.6698 0.6698 0.6698 0.6698 0.6698 0.6698 0.6698 0.6698 0.6698 0.6698 0.6698 0.6698 0.6698 0.6698 0.6698 0.6698 0.6698 0.6698 0.6698 0.6698 0.6698 0.6698 
TS07 0.6698 0.6698 0.6698 0.6698 0.6698 0.6698 0.6698 0.6698 0.6698 0.6698 0.6698 0.6698 0.6698 0.6698 0.6698 0.6698 0.6698 0.6698 0.6698 0.6698 0.6698 0.6698 0.6698 0.6698 0.6698 0.6698 0.6698 0.6698 0.6698 0.6698 0.6698 0.6698 
TS08 0.6698 0.6698 0.6698 0.6698 0.6698 0.6698 0.6698 0.6698 0.6698 0.6698 0.6698 0.6698 0.6698 0.6698 0.6698 0.6698 0.6698 0.6698 0.6698 0.6698 0.6698 0.6698 0.6698 0.6698 0.6698 0.6698 0.6698 0.6698 0.6698 0.6698 0.6698 0.6698 
TS09 0.6698 0.6698 0.6698 0.6698 0.6698 0.6698 0.6698 0.6698 0.6698 0.6698 0.6698 0.6698 0.6698 0.6698 0.6698 0.6698 0.6698 0.6698 0.6698 0.6698 0.6698 0.6698 0.6698 0.6698 0.6698 0.6698 0.6698 0.6698 0.6698 0.6698 0.6698 0.6698 
TS10 0.6698 0.6698 0.6698 0.6698 0.6698 0.6698 0.6698 0.6698 0.6698 0.6698 0.6698 0.6698 0.6698 0.6698 0.6698 0.6698 0.6698 0.6698 0.6698 0.6698 0.6698 0.6698 0.6698 0.6698 0.6698 0.6698 0.6698 0.6698 0.6698 0.6698 0.6698 0.6698 
TS11 0.6698 0.6698 0.6698 0.6698 0.6698 0.6698 0.6698 0.6698 0.6698 0.6698 0.6698 0.6698 0.6698 0.6698 0.6698 0.6698 0.6698 0.6698 0.6698 0.6698 0.6698 0.6698 0.6698 0.6698 0.6698 0.6698 0.6698 0.6698 0.6698 0.6698 0.6698 0.6698 
TS12 0.6698 0.6698 0.6698 0.6698 0.6698 0.6698 0.6698 0.6698 0.6698 0.6698 0.6698 0.6698 0.6698 0.6698 0.6698 0.6698 0.6698 0.6698 0.6698 0.6698 0.6698 0.6698 0.6698 0.6698 0.6698 0.6698 0.6698 0.6698 0.6698 0.6698 0.6698 0.6698 
TS13 0.4791 0.4791 0.4791 0.4791 0.4791 0.4791 0.4791 0.4791 0.4791 0.4791 0.4791 0.4791 0.4791 0.4791 0.4791 0.4791 0.4791 0.4791 0.4791 0.4791 0.4791 0.4791 0.4791 0.4791 0.4791 0.4791 0.4791 0.4791 0.4791 0.4791 0.4791 0.4791 
TS14 0.4791 0.4791 0.4791 0.4791 0.4791 0.4791 0.4791 0.4791 0.4791 0.4791 0.4791 0.4791 0.4791 0.4791 0.4791 0.4791 0.4791 0.4791 0.4791 0.4791 0.4791 0.4791 0.4791 0.4791 0.4791 0.4791 0.4791 0.4791 0.4791 0.4791 0.4791 0.4791 
TS15 0.4791 0.4791 0.4791 0.4791 0.4791 0.4791 0.4791 0.4791 0.4791 0.4791 0.4791 0.4791 0.4791 0.4791 0.4791 0.4791 0.4791 0.4791 0.4791 0.4791 0.4791 0.4791 0.4791 0.4791 0.4791 0.4791 0.4791 0.4791 0.4791 0.4791 0.4791 0.4791 
TS16 0.4791 0.4791 0.4791 0.4791 0.4791 0.4791 0.4791 0.4791 0.4791 0.4791 0.4791 0.4791 0.4791 0.4791 0.4791 0.4791 0.4791 0.4791 0.4791 0.4791 0.4791 0.4791 0.4791 0.4791 0.4791 0.4791 0.4791 0.4791 0.4791 0.4791 0.4791 0.4791 
TS17 0.4791 0.4791 0.4791 0.4791 0.4791 0.4791 0.4791 0.4791 0.4791 0.4791 0.4791 0.4791 0.4791 0.4791 0.4791 0.4791 0.4791 0.4791 0.4791 0.4791 0.4791 0.4791 0.4791 0.4791 0.4791 0.4791 0.4791 0.4791 0.4791 0.4791 0.4791 0.4791 
TS18 0.4791 0.4791 0.4791 0.4791 0.4791 0.4791 0.4791 0.4791 0.4791 0.4791 0.4791 0.4791 0.4791 0.4791 0.4791 0.4791 0.4791 0.4791 0.4791 0.4791 0.4791 0.4791 0.4791 0.4791 0.4791 0.4791 0.4791 0.4791 0.4791 0.4791 0.4791 0.4791 
TS19 0.4791 0.4791 0.4791 0.4791 0.4791 0.4791 0.4791 0.4791 0.4791 0.4791 0.4791 0.4791 0.4791 0.4791 0.4791 0.4791 0.4791 0.4791 0.4791 0.4791 0.4791 0.4791 0.4791 0.4791 0.4791 0.4791 0.4791 0.4791 0.4791 0.4791 0.4791 0.4791 
TS20 0.4791 0.4791 0.4791 0.4791 0.4791 0.4791 0.4791 0.4791 0.4791 0.4791 0.4791 0.4791 0.4791 0.4791 0.4791 0.4791 0.4791 0.4791 0.4791 0.4791 0.4791 0.4791 0.4791 0.4791 0.4791 0.4791 0.4791 0.4791 0.4791 0.4791 0.4791 0.4791 
TS21 0.4791 0.4791 0.4791 0.4791 0.4791 0.4791 0.4791 0.4791 0.4791 0.4791 0.4791 0.4791 0.4791 0.4791 0.4791 0.4791 0.4791 0.4791 0.4791 0.4791 0.4791 0.4791 0.4791 0.4791 0.4791 0.4791 0.4791 0.4791 0.4791 0.4791 0.4791 0.4791 
TS22 0.4791 0.4791 0.4791 0.4791 0.4791 0.4791 0.4791 0.4791 0.4791 0.4791 0.4791 0.4791 0.4791 0.4791 0.4791 0.4791 0.4791 0.4791 0.4791 0.4791 0.4791 0.4791 0.4791 0.4791 0.4791 0.4791 0.4791 0.4791 0.4791 0.4791 0.4791 0.4791 
TS23 0.4791 0.4791 0.4791 0.4791 0.4791 0.4791 0.4791 0.4791 0.4791 0.4791 0.4791 0.4791 0.4791 0.4791 0.4791 0.4791 0.4791 0.4791 0.4791 0.4791 0.4791 0.4791 0.4791 0.4791 0.4791 0.4791 0.4791 0.4791 0.4791 0.4791 0.4791 0.4791 
TS24 0.4791 0.4791 0.4791 0.4791 0.4791 0.4791 0.4791 0.4791 0.4791 0.4791 0.4791 0.4791 0.4791 0.4791 0.4791 0.4791 0.4791 0.4791 0.4791 0.4791 0.4791 0.4791 0.4791 0.4791 0.4791 0.4791 0.4791 0.4791 0.4791 0.4791 0.4791 0.4791 
TS25 0.5384 0.5384 0.5384 0.5384 0.5384 0.5384 0.5384 0.5384 0.5384 0.5384 0.5384 0.5384 0.5384 0.5384 0.5384 0.5384 0.5384 0.5384 0.5384 0.5384 0.5384 0.5384 0.5384 0.5384 0.5384 0.5384 0.5384 0.5384 0.5384 0.5384 0.5384 0.5384 
TS26 0.5384 0.5384 0.5384 0.5384 0.5384 0.5384 0.5384 0.5384 0.5384 0.5384 0.5384 0.5384 0.5384 0.5384 0.5384 0.5384 0.5384 0.5384 0.5384 0.5384 0.5384 0.5384 0.5384 0.5384 0.5384 0.5384 0.5384 0.5384 0.5384 0.5384 0.5384 0.5384 
TS27 0.5384 0.5384 0.5384 0.5384 0.5384 0.5384 0.5384 0.5384 0.5384 0.5384 0.5384 0.5384 0.5384 0.5384 0.5384 0.5384 0.5384 0.5384 0.5384 0.5384 0.5384 0.5384 0.5384 0.5384 0.5384 0.5384 0.5384 0.5384 0.5384 0.5384 0.5384 0.5384 
TS28 0.5384 0.5384 0.5384 0.5384 0.5384 0.5384 0.5384 0.5384 0.5384 0.5384 0.5384 0.5384 0.5384 0.5384 0.5384 0.5384 0.5384 0.5384 0.5384 0.5384 0.5384 0.5384 0.5384 0.5384 0.5384 0.5384 0.5384 0.5384 0.5384 0.5384 0.5384 0.5384 
TS29 0.5384 0.5384 0.5384 0.5384 0.5384 0.5384 0.5384 0.5384 0.5384 0.5384 0.5384 0.5384 0.5384 0.5384 0.5384 0.5384 0.5384 0.5384 0.5384 0.5384 0.5384 0.5384 0.5384 0.5384 0.5384 0.5384 0.5384 0.5384 0.5384 0.5384 0.5384 0.5384 
TS30 0.5384 0.5384 0.5384 0.5384 0.5384 0.5384 0.5384 0.5384 0.5384 0.5384 0.5384 0.5384 0.5384 0.5384 0.5384 0.5384 0.5384 0.5384 0.5384 0.5384 0.5384 0.5384 0.5384 0.5384 0.5384 0.5384 0.5384 0.5384 0.5384 0.5384 0.5384 0.5384 
TS31 0.5384 0.5384 0.5384 0.5384 0.5384 0.5384 0.5384 0.5384 0.5384 0.5384 0.5384 0.5384 0.5384 0.5384 0.5384 0.5384 0.5384 0.5384 0.5384 0.5384 0.5384 0.5384 0.5384 0.5384 0.5384 0.5384 0.5384 0.5384 0.5384 0.5384 0.5384 0.5384 
TS32 0.5384 0.5384 0.5384 0.5384 0.5384 0.5384 0.5384 0.5384 0.5384 0.5384 0.5384 0.5384 0.5384 0.5384 0.5384 0.5384 0.5384 0.5384 0.5384 0.5384 0.5384 0.5384 0.5384 0.5384 0.5384 0.5384 0.5384 0.5384 0.5384 0.5384 0.5384 0.5384 
TS33 0.5384 0.5384 0.5384 0.5384 0.5384 0.5384 0.5384 0.5384 0.5384 0.5384 0.5384 0.5384 0.5384 0.5384 0.5384 0.5384 0.5384 0.5384 0.5384 0.5384 0.5384 0.5384 0.5384 0.5384 0.5384 0.5384 0.5384 0.5384 0.5384 0.5384 0.5384 0.5384 
TS34 0.5384 0.5384 0.5384 0.5384 0.5384 0.5384 0.5384 0.5384 0.5384 0.5384 0.5384 0.5384 0.5384 0.5384 0.5384 0.5384 0.5384 0.5384 0.5384 0.5384 0.5384 0.5384 0.5384 0.5384 0.5384 0.5384 0.5384 0.5384 0.5384 0.5384 0.5384 0.5384 
TS35 0.5384 0.5384 0.5384 0.5384 0.5384 0.5384 0.5384 0.5384 0.5384 0.5384 0.5384 0.5384 0.5384 0.5384 0.5384 0.5384 0.5384 0.5384 0.5384 0.5384 0.5384 0.5384 0.5384 0.5384 0.5384 0.5384 0.5384 0.5384 0.5384 0.5384 0.5384 0.5384 
TS36 0.5384 0.5384 0.5384 0.5384 0.5384 0.5384 0.5384 0.5384 0.5384 0.5384 0.5384 0.5384 0.5384 0.5384 0.5384 0.5384 0.5384 0.5384 0.5384 0.5384 0.5384 0.5384 0.5384 0.5384 0.5384 0.5384 0.5384 0.5384 0.5384 0.5384 0.5384 0.5384 
TS37 0.5853 0.5853 0.5853 0.5853 0.5853 0.5853 0.5853 0.5853 0.5853 0.5853 0.5853 0.5853 0.5853 0.5853 0.5853 0.5853 0.5853 0.5853 0.5853 0.5853 0.5853 0.5853 0.5853 0.5853 0.5853 0.5853 0.5853 0.5853 0.5853 0.5853 0.5853 0.5853 
TS38 0.5853 0.5853 0.5853 0.5853 0.5853 0.5853 0.5853 0.5853 0.5853 0.5853 0.5853 0.5853 0.5853 0.5853 0.5853 0.5853 0.5853 0.5853 0.5853 0.5853 0.5853 0.5853 0.5853 0.5853 0.5853 0.5853 0.5853 0.5853 0.5853 0.5853 0.5853 0.5853 
TS39 0.5853 0.5853 0.5853 0.5853 0.5853 0.5853 0.5853 0.5853 0.5853 0.5853 0.5853 0.5853 0.5853 0.5853 0.5853 0.5853 0.5853 0.5853 0.5853 0.5853 0.5853 0.5853 0.5853 0.5853 0.5853 0.5853 0.5853 0.5853 0.5853 0.5853 0.5853 0.5853 
TS40 0.5853 0.5853 0.5853 0.5853 0.5853 0.5853 0.5853 0.5853 0.5853 0.5853 0.5853 0.5853 0.5853 0.5853 0.5853 0.5853 0.5853 0.5853 0.5853 0.5853 0.5853 0.5853 0.5853 0.5853 0.5853 0.5853 0.5853 0.5853 0.5853 0.5853 0.5853 0.5853 
TS41 0.5853 0.5853 0.5853 0.5853 0.5853 0.5853 0.5853 0.5853 0.5853 0.5853 0.5853 0.5853 0.5853 0.5853 0.5853 0.5853 0.5853 0.5853 0.5853 0.5853 0.5853 0.5853 0.5853 0.5853 0.5853 0.5853 0.5853 0.5853 0.5853 0.5853 0.5853 0.5853 
TS42 0.5853 0.5853 0.5853 0.5853 0.5853 0.5853 0.5853 0.5853 0.5853 0.5853 0.5853 0.5853 0.5853 0.5853 0.5853 0.5853 0.5853 0.5853 0.5853 0.5853 0.5853 0.5853 0.5853 0.5853 0.5853 0.5853 0.5853 0.5853 0.5853 0.5853 0.5853 0.5853 
TS43 0.5853 0.5853 0.5853 0.5853 0.5853 0.5853 0.5853 0.5853 0.5853 0.5853 0.5853 0.5853 0.5853 0.5853 0.5853 0.5853 0.5853 0.5853 0.5853 0.5853 0.5853 0.5853 0.5853 0.5853 0.5853 0.5853 0.5853 0.5853 0.5853 0.5853 0.5853 0.5853 
TS44 0.5853 0.5853 0.5853 0.5853 0.5853 0.5853 0.5853 0.5853 0.5853 0.5853 0.5853 0.5853 0.5853 0.5853 0.5853 0.5853 0.5853 0.5853 0.5853 0.5853 0.5853 0.5853 0.5853 0.5853 0.5853 0.5853 0.5853 0.5853 0.5853 0.5853 0.5853 0.5853 
TS45 0.5853 0.5853 0.5853 0.5853 0.5853 0.5853 0.5853 0.5853 0.5853 0.5853 0.5853 0.5853 0.5853 0.5853 0.5853 0.5853 0.5853 0.5853 0.5853 0.5853 0.5853 0.5853 0.5853 0.5853 0.5853 0.5853 0.5853 0.5853 0.5853 0.5853 0.5853 0.5853 
TS46 0.5853 0.5853 0.5853 0.5853 0.5853 0.5853 0.5853 0.5853 0.5853 0.5853 0.5853 0.5853 0.5853 0.5853 0.5853 0.5853 0.5853 0.5853 0.5853 0.5853 0.5853 0.5853 0.5853 0.5853 0.5853 0.5853 0.5853 0.5853 0.5853 0.5853 0.5853 0.5853 
TS47 0.5853 0.5853 0.5853 0.5853 0.5853 0.5853 0.5853 0.5853 0.5853 0.5853 0.5853 0.5853 0.5853 0.5853 0.5853 0.5853 0.5853 0.5853 0.5853 0.5853 0.5853 0.5853 0.5853 0.5853 0.5853 0.5853 0.5853 0.5853 0.5853 0.5853 0.5853 0.5853 
TS48 0.5853 0.5853 0.5853 0.5853 0.5853 0.5853 0.5853 0.5853 0.5853 0.5853 0.5853 0.5853 0.5853 0.5853 0.5853 0.5853 0.5853 0.5853 0.5853 0.5853 0.5853 0.5853 0.5853 0.5853 0.5853 0.5853 0.5853 0.5853 0.5853 0.5853 0.5853 0.5853 
[RE1,PWRHYD004,*,*]:
2019 2020 2021 2022 2023 2024 2025 2026 2027 2028 2029 2030 2031 2032 2033 2034 2035 2036 2037 2038 2039 2040 2041 2042 2043 2044 2045 2046 2047 2048 2049 2050 :=
TS01 0.2643 0.2643 0.2643 0.2643 0.2643 0.2643 0.2643 0.2643 0.2643 0.2643 0.2643 0.2643 0.2643 0.2643 0.2643 0.2643 0.2643 0.2643 0.2643 0.2643 0.2643 0.2643 0.2643 0.2643 0.2643 0.2643 0.2643 0.2643 0.2643 0.2643 0.2643 0.2643 
TS02 0.2643 0.2643 0.2643 0.2643 0.2643 0.2643 0.2643 0.2643 0.2643 0.2643 0.2643 0.2643 0.2643 0.2643 0.2643 0.2643 0.2643 0.2643 0.2643 0.2643 0.2643 0.2643 0.2643 0.2643 0.2643 0.2643 0.2643 0.2643 0.2643 0.2643 0.2643 0.2643 
TS03 0.2643 0.2643 0.2643 0.2643 0.2643 0.2643 0.2643 0.2643 0.2643 0.2643 0.2643 0.2643 0.2643 0.2643 0.2643 0.2643 0.2643 0.2643 0.2643 0.2643 0.2643 0.2643 0.2643 0.2643 0.2643 0.2643 0.2643 0.2643 0.2643 0.2643 0.2643 0.2643 
TS04 0.2643 0.2643 0.2643 0.2643 0.2643 0.2643 0.2643 0.2643 0.2643 0.2643 0.2643 0.2643 0.2643 0.2643 0.2643 0.2643 0.2643 0.2643 0.2643 0.2643 0.2643 0.2643 0.2643 0.2643 0.2643 0.2643 0.2643 0.2643 0.2643 0.2643 0.2643 0.2643 
TS05 0.2643 0.2643 0.2643 0.2643 0.2643 0.2643 0.2643 0.2643 0.2643 0.2643 0.2643 0.2643 0.2643 0.2643 0.2643 0.2643 0.2643 0.2643 0.2643 0.2643 0.2643 0.2643 0.2643 0.2643 0.2643 0.2643 0.2643 0.2643 0.2643 0.2643 0.2643 0.2643 
TS06 0.2643 0.2643 0.2643 0.2643 0.2643 0.2643 0.2643 0.2643 0.2643 0.2643 0.2643 0.2643 0.2643 0.2643 0.2643 0.2643 0.2643 0.2643 0.2643 0.2643 0.2643 0.2643 0.2643 0.2643 0.2643 0.2643 0.2643 0.2643 0.2643 0.2643 0.2643 0.2643 
TS07 0.2643 0.2643 0.2643 0.2643 0.2643 0.2643 0.2643 0.2643 0.2643 0.2643 0.2643 0.2643 0.2643 0.2643 0.2643 0.2643 0.2643 0.2643 0.2643 0.2643 0.2643 0.2643 0.2643 0.2643 0.2643 0.2643 0.2643 0.2643 0.2643 0.2643 0.2643 0.2643 
TS08 0.2643 0.2643 0.2643 0.2643 0.2643 0.2643 0.2643 0.2643 0.2643 0.2643 0.2643 0.2643 0.2643 0.2643 0.2643 0.2643 0.2643 0.2643 0.2643 0.2643 0.2643 0.2643 0.2643 0.2643 0.2643 0.2643 0.2643 0.2643 0.2643 0.2643 0.2643 0.2643 
TS09 0.2643 0.2643 0.2643 0.2643 0.2643 0.2643 0.2643 0.2643 0.2643 0.2643 0.2643 0.2643 0.2643 0.2643 0.2643 0.2643 0.2643 0.2643 0.2643 0.2643 0.2643 0.2643 0.2643 0.2643 0.2643 0.2643 0.2643 0.2643 0.2643 0.2643 0.2643 0.2643 
TS10 0.2643 0.2643 0.2643 0.2643 0.2643 0.2643 0.2643 0.2643 0.2643 0.2643 0.2643 0.2643 0.2643 0.2643 0.2643 0.2643 0.2643 0.2643 0.2643 0.2643 0.2643 0.2643 0.2643 0.2643 0.2643 0.2643 0.2643 0.2643 0.2643 0.2643 0.2643 0.2643 
TS11 0.2643 0.2643 0.2643 0.2643 0.2643 0.2643 0.2643 0.2643 0.2643 0.2643 0.2643 0.2643 0.2643 0.2643 0.2643 0.2643 0.2643 0.2643 0.2643 0.2643 0.2643 0.2643 0.2643 0.2643 0.2643 0.2643 0.2643 0.2643 0.2643 0.2643 0.2643 0.2643 
TS12 0.2643 0.2643 0.2643 0.2643 0.2643 0.2643 0.2643 0.2643 0.2643 0.2643 0.2643 0.2643 0.2643 0.2643 0.2643 0.2643 0.2643 0.2643 0.2643 0.2643 0.2643 0.2643 0.2643 0.2643 0.2643 0.2643 0.2643 0.2643 0.2643 0.2643 0.2643 0.2643 
TS13 0.2399 0.2399 0.2399 0.2399 0.2399 0.2399 0.2399 0.2399 0.2399 0.2399 0.2399 0.2399 0.2399 0.2399 0.2399 0.2399 0.2399 0.2399 0.2399 0.2399 0.2399 0.2399 0.2399 0.2399 0.2399 0.2399 0.2399 0.2399 0.2399 0.2399 0.2399 0.2399 
TS14 0.2399 0.2399 0.2399 0.2399 0.2399 0.2399 0.2399 0.2399 0.2399 0.2399 0.2399 0.2399 0.2399 0.2399 0.2399 0.2399 0.2399 0.2399 0.2399 0.2399 0.2399 0.2399 0.2399 0.2399 0.2399 0.2399 0.2399 0.2399 0.2399 0.2399 0.2399 0.2399 
TS15 0.2399 0.2399 0.2399 0.2399 0.2399 0.2399 0.2399 0.2399 0.2399 0.2399 0.2399 0.2399 0.2399 0.2399 0.2399 0.2399 0.2399 0.2399 0.2399 0.2399 0.2399 0.2399 0.2399 0.2399 0.2399 0.2399 0.2399 0.2399 0.2399 0.2399 0.2399 0.2399 
TS16 0.2399 0.2399 0.2399 0.2399 0.2399 0.2399 0.2399 0.2399 0.2399 0.2399 0.2399 0.2399 0.2399 0.2399 0.2399 0.2399 0.2399 0.2399 0.2399 0.2399 0.2399 0.2399 0.2399 0.2399 0.2399 0.2399 0.2399 0.2399 0.2399 0.2399 0.2399 0.2399 
TS17 0.2399 0.2399 0.2399 0.2399 0.2399 0.2399 0.2399 0.2399 0.2399 0.2399 0.2399 0.2399 0.2399 0.2399 0.2399 0.2399 0.2399 0.2399 0.2399 0.2399 0.2399 0.2399 0.2399 0.2399 0.2399 0.2399 0.2399 0.2399 0.2399 0.2399 0.2399 0.2399 
TS18 0.2399 0.2399 0.2399 0.2399 0.2399 0.2399 0.2399 0.2399 0.2399 0.2399 0.2399 0.2399 0.2399 0.2399 0.2399 0.2399 0.2399 0.2399 0.2399 0.2399 0.2399 0.2399 0.2399 0.2399 0.2399 0.2399 0.2399 0.2399 0.2399 0.2399 0.2399 0.2399 
TS19 0.2399 0.2399 0.2399 0.2399 0.2399 0.2399 0.2399 0.2399 0.2399 0.2399 0.2399 0.2399 0.2399 0.2399 0.2399 0.2399 0.2399 0.2399 0.2399 0.2399 0.2399 0.2399 0.2399 0.2399 0.2399 0.2399 0.2399 0.2399 0.2399 0.2399 0.2399 0.2399 
TS20 0.2399 0.2399 0.2399 0.2399 0.2399 0.2399 0.2399 0.2399 0.2399 0.2399 0.2399 0.2399 0.2399 0.2399 0.2399 0.2399 0.2399 0.2399 0.2399 0.2399 0.2399 0.2399 0.2399 0.2399 0.2399 0.2399 0.2399 0.2399 0.2399 0.2399 0.2399 0.2399 
TS21 0.2399 0.2399 0.2399 0.2399 0.2399 0.2399 0.2399 0.2399 0.2399 0.2399 0.2399 0.2399 0.2399 0.2399 0.2399 0.2399 0.2399 0.2399 0.2399 0.2399 0.2399 0.2399 0.2399 0.2399 0.2399 0.2399 0.2399 0.2399 0.2399 0.2399 0.2399 0.2399 
TS22 0.2399 0.2399 0.2399 0.2399 0.2399 0.2399 0.2399 0.2399 0.2399 0.2399 0.2399 0.2399 0.2399 0.2399 0.2399 0.2399 0.2399 0.2399 0.2399 0.2399 0.2399 0.2399 0.2399 0.2399 0.2399 0.2399 0.2399 0.2399 0.2399 0.2399 0.2399 0.2399 
TS23 0.2399 0.2399 0.2399 0.2399 0.2399 0.2399 0.2399 0.2399 0.2399 0.2399 0.2399 0.2399 0.2399 0.2399 0.2399 0.2399 0.2399 0.2399 0.2399 0.2399 0.2399 0.2399 0.2399 0.2399 0.2399 0.2399 0.2399 0.2399 0.2399 0.2399 0.2399 0.2399 
TS24 0.2399 0.2399 0.2399 0.2399 0.2399 0.2399 0.2399 0.2399 0.2399 0.2399 0.2399 0.2399 0.2399 0.2399 0.2399 0.2399 0.2399 0.2399 0.2399 0.2399 0.2399 0.2399 0.2399 0.2399 0.2399 0.2399 0.2399 0.2399 0.2399 0.2399 0.2399 0.2399 
TS25 0.2761 0.2761 0.2761 0.2761 0.2761 0.2761 0.2761 0.2761 0.2761 0.2761 0.2761 0.2761 0.2761 0.2761 0.2761 0.2761 0.2761 0.2761 0.2761 0.2761 0.2761 0.2761 0.2761 0.2761 0.2761 0.2761 0.2761 0.2761 0.2761 0.2761 0.2761 0.2761 
TS26 0.2761 0.2761 0.2761 0.2761 0.2761 0.2761 0.2761 0.2761 0.2761 0.2761 0.2761 0.2761 0.2761 0.2761 0.2761 0.2761 0.2761 0.2761 0.2761 0.2761 0.2761 0.2761 0.2761 0.2761 0.2761 0.2761 0.2761 0.2761 0.2761 0.2761 0.2761 0.2761 
TS27 0.2761 0.2761 0.2761 0.2761 0.2761 0.2761 0.2761 0.2761 0.2761 0.2761 0.2761 0.2761 0.2761 0.2761 0.2761 0.2761 0.2761 0.2761 0.2761 0.2761 0.2761 0.2761 0.2761 0.2761 0.2761 0.2761 0.2761 0.2761 0.2761 0.2761 0.2761 0.2761 
TS28 0.2761 0.2761 0.2761 0.2761 0.2761 0.2761 0.2761 0.2761 0.2761 0.2761 0.2761 0.2761 0.2761 0.2761 0.2761 0.2761 0.2761 0.2761 0.2761 0.2761 0.2761 0.2761 0.2761 0.2761 0.2761 0.2761 0.2761 0.2761 0.2761 0.2761 0.2761 0.2761 
TS29 0.2761 0.2761 0.2761 0.2761 0.2761 0.2761 0.2761 0.2761 0.2761 0.2761 0.2761 0.2761 0.2761 0.2761 0.2761 0.2761 0.2761 0.2761 0.2761 0.2761 0.2761 0.2761 0.2761 0.2761 0.2761 0.2761 0.2761 0.2761 0.2761 0.2761 0.2761 0.2761 
TS30 0.2761 0.2761 0.2761 0.2761 0.2761 0.2761 0.2761 0.2761 0.2761 0.2761 0.2761 0.2761 0.2761 0.2761 0.2761 0.2761 0.2761 0.2761 0.2761 0.2761 0.2761 0.2761 0.2761 0.2761 0.2761 0.2761 0.2761 0.2761 0.2761 0.2761 0.2761 0.2761 
TS31 0.2761 0.2761 0.2761 0.2761 0.2761 0.2761 0.2761 0.2761 0.2761 0.2761 0.2761 0.2761 0.2761 0.2761 0.2761 0.2761 0.2761 0.2761 0.2761 0.2761 0.2761 0.2761 0.2761 0.2761 0.2761 0.2761 0.2761 0.2761 0.2761 0.2761 0.2761 0.2761 
TS32 0.2761 0.2761 0.2761 0.2761 0.2761 0.2761 0.2761 0.2761 0.2761 0.2761 0.2761 0.2761 0.2761 0.2761 0.2761 0.2761 0.2761 0.2761 0.2761 0.2761 0.2761 0.2761 0.2761 0.2761 0.2761 0.2761 0.2761 0.2761 0.2761 0.2761 0.2761 0.2761 
TS33 0.2761 0.2761 0.2761 0.2761 0.2761 0.2761 0.2761 0.2761 0.2761 0.2761 0.2761 0.2761 0.2761 0.2761 0.2761 0.2761 0.2761 0.2761 0.2761 0.2761 0.2761 0.2761 0.2761 0.2761 0.2761 0.2761 0.2761 0.2761 0.2761 0.2761 0.2761 0.2761 
TS34 0.2761 0.2761 0.2761 0.2761 0.2761 0.2761 0.2761 0.2761 0.2761 0.2761 0.2761 0.2761 0.2761 0.2761 0.2761 0.2761 0.2761 0.2761 0.2761 0.2761 0.2761 0.2761 0.2761 0.2761 0.2761 0.2761 0.2761 0.2761 0.2761 0.2761 0.2761 0.2761 
TS35 0.2761 0.2761 0.2761 0.2761 0.2761 0.2761 0.2761 0.2761 0.2761 0.2761 0.2761 0.2761 0.2761 0.2761 0.2761 0.2761 0.2761 0.2761 0.2761 0.2761 0.2761 0.2761 0.2761 0.2761 0.2761 0.2761 0.2761 0.2761 0.2761 0.2761 0.2761 0.2761 
TS36 0.2761 0.2761 0.2761 0.2761 0.2761 0.2761 0.2761 0.2761 0.2761 0.2761 0.2761 0.2761 0.2761 0.2761 0.2761 0.2761 0.2761 0.2761 0.2761 0.2761 0.2761 0.2761 0.2761 0.2761 0.2761 0.2761 0.2761 0.2761 0.2761 0.2761 0.2761 0.2761 
TS37 0.2479 0.2479 0.2479 0.2479 0.2479 0.2479 0.2479 0.2479 0.2479 0.2479 0.2479 0.2479 0.2479 0.2479 0.2479 0.2479 0.2479 0.2479 0.2479 0.2479 0.2479 0.2479 0.2479 0.2479 0.2479 0.2479 0.2479 0.2479 0.2479 0.2479 0.2479 0.2479 
TS38 0.2479 0.2479 0.2479 0.2479 0.2479 0.2479 0.2479 0.2479 0.2479 0.2479 0.2479 0.2479 0.2479 0.2479 0.2479 0.2479 0.2479 0.2479 0.2479 0.2479 0.2479 0.2479 0.2479 0.2479 0.2479 0.2479 0.2479 0.2479 0.2479 0.2479 0.2479 0.2479 
TS39 0.2479 0.2479 0.2479 0.2479 0.2479 0.2479 0.2479 0.2479 0.2479 0.2479 0.2479 0.2479 0.2479 0.2479 0.2479 0.2479 0.2479 0.2479 0.2479 0.2479 0.2479 0.2479 0.2479 0.2479 0.2479 0.2479 0.2479 0.2479 0.2479 0.2479 0.2479 0.2479 
TS40 0.2479 0.2479 0.2479 0.2479 0.2479 0.2479 0.2479 0.2479 0.2479 0.2479 0.2479 0.2479 0.2479 0.2479 0.2479 0.2479 0.2479 0.2479 0.2479 0.2479 0.2479 0.2479 0.2479 0.2479 0.2479 0.2479 0.2479 0.2479 0.2479 0.2479 0.2479 0.2479 
TS41 0.2479 0.2479 0.2479 0.2479 0.2479 0.2479 0.2479 0.2479 0.2479 0.2479 0.2479 0.2479 0.2479 0.2479 0.2479 0.2479 0.2479 0.2479 0.2479 0.2479 0.2479 0.2479 0.2479 0.2479 0.2479 0.2479 0.2479 0.2479 0.2479 0.2479 0.2479 0.2479 
TS42 0.2479 0.2479 0.2479 0.2479 0.2479 0.2479 0.2479 0.2479 0.2479 0.2479 0.2479 0.2479 0.2479 0.2479 0.2479 0.2479 0.2479 0.2479 0.2479 0.2479 0.2479 0.2479 0.2479 0.2479 0.2479 0.2479 0.2479 0.2479 0.2479 0.2479 0.2479 0.2479 
TS43 0.2479 0.2479 0.2479 0.2479 0.2479 0.2479 0.2479 0.2479 0.2479 0.2479 0.2479 0.2479 0.2479 0.2479 0.2479 0.2479 0.2479 0.2479 0.2479 0.2479 0.2479 0.2479 0.2479 0.2479 0.2479 0.2479 0.2479 0.2479 0.2479 0.2479 0.2479 0.2479 
TS44 0.2479 0.2479 0.2479 0.2479 0.2479 0.2479 0.2479 0.2479 0.2479 0.2479 0.2479 0.2479 0.2479 0.2479 0.2479 0.2479 0.2479 0.2479 0.2479 0.2479 0.2479 0.2479 0.2479 0.2479 0.2479 0.2479 0.2479 0.2479 0.2479 0.2479 0.2479 0.2479 
TS45 0.2479 0.2479 0.2479 0.2479 0.2479 0.2479 0.2479 0.2479 0.2479 0.2479 0.2479 0.2479 0.2479 0.2479 0.2479 0.2479 0.2479 0.2479 0.2479 0.2479 0.2479 0.2479 0.2479 0.2479 0.2479 0.2479 0.2479 0.2479 0.2479 0.2479 0.2479 0.2479 
TS46 0.2479 0.2479 0.2479 0.2479 0.2479 0.2479 0.2479 0.2479 0.2479 0.2479 0.2479 0.2479 0.2479 0.2479 0.2479 0.2479 0.2479 0.2479 0.2479 0.2479 0.2479 0.2479 0.2479 0.2479 0.2479 0.2479 0.2479 0.2479 0.2479 0.2479 0.2479 0.2479 
TS47 0.2479 0.2479 0.2479 0.2479 0.2479 0.2479 0.2479 0.2479 0.2479 0.2479 0.2479 0.2479 0.2479 0.2479 0.2479 0.2479 0.2479 0.2479 0.2479 0.2479 0.2479 0.2479 0.2479 0.2479 0.2479 0.2479 0.2479 0.2479 0.2479 0.2479 0.2479 0.2479 
TS48 0.2479 0.2479 0.2479 0.2479 0.2479 0.2479 0.2479 0.2479 0.2479 0.2479 0.2479 0.2479 0.2479 0.2479 0.2479 0.2479 0.2479 0.2479 0.2479 0.2479 0.2479 0.2479 0.2479 0.2479 0.2479 0.2479 0.2479 0.2479 0.2479 0.2479 0.2479 0.2479 
[RE1,PWRHYD005,*,*]:
2019 2020 2021 2022 2023 2024 2025 2026 2027 2028 2029 2030 2031 2032 2033 2034 2035 2036 2037 2038 2039 2040 2041 2042 2043 2044 2045 2046 2047 2048 2049 2050 :=
TS01 0.3611 0.3611 0.3611 0.3611 0.3611 0.3611 0.3611 0.3611 0.3611 0.3611 0.3611 0.3611 0.3611 0.3611 0.3611 0.3611 0.3611 0.3611 0.3611 0.3611 0.3611 0.3611 0.3611 0.3611 0.3611 0.3611 0.3611 0.3611 0.3611 0.3611 0.3611 0.3611 
TS02 0.3611 0.3611 0.3611 0.3611 0.3611 0.3611 0.3611 0.3611 0.3611 0.3611 0.3611 0.3611 0.3611 0.3611 0.3611 0.3611 0.3611 0.3611 0.3611 0.3611 0.3611 0.3611 0.3611 0.3611 0.3611 0.3611 0.3611 0.3611 0.3611 0.3611 0.3611 0.3611 
TS03 0.3611 0.3611 0.3611 0.3611 0.3611 0.3611 0.3611 0.3611 0.3611 0.3611 0.3611 0.3611 0.3611 0.3611 0.3611 0.3611 0.3611 0.3611 0.3611 0.3611 0.3611 0.3611 0.3611 0.3611 0.3611 0.3611 0.3611 0.3611 0.3611 0.3611 0.3611 0.3611 
TS04 0.3611 0.3611 0.3611 0.3611 0.3611 0.3611 0.3611 0.3611 0.3611 0.3611 0.3611 0.3611 0.3611 0.3611 0.3611 0.3611 0.3611 0.3611 0.3611 0.3611 0.3611 0.3611 0.3611 0.3611 0.3611 0.3611 0.3611 0.3611 0.3611 0.3611 0.3611 0.3611 
TS05 0.3611 0.3611 0.3611 0.3611 0.3611 0.3611 0.3611 0.3611 0.3611 0.3611 0.3611 0.3611 0.3611 0.3611 0.3611 0.3611 0.3611 0.3611 0.3611 0.3611 0.3611 0.3611 0.3611 0.3611 0.3611 0.3611 0.3611 0.3611 0.3611 0.3611 0.3611 0.3611 
TS06 0.3611 0.3611 0.3611 0.3611 0.3611 0.3611 0.3611 0.3611 0.3611 0.3611 0.3611 0.3611 0.3611 0.3611 0.3611 0.3611 0.3611 0.3611 0.3611 0.3611 0.3611 0.3611 0.3611 0.3611 0.3611 0.3611 0.3611 0.3611 0.3611 0.3611 0.3611 0.3611 
TS07 0.3611 0.3611 0.3611 0.3611 0.3611 0.3611 0.3611 0.3611 0.3611 0.3611 0.3611 0.3611 0.3611 0.3611 0.3611 0.3611 0.3611 0.3611 0.3611 0.3611 0.3611 0.3611 0.3611 0.3611 0.3611 0.3611 0.3611 0.3611 0.3611 0.3611 0.3611 0.3611 
TS08 0.3611 0.3611 0.3611 0.3611 0.3611 0.3611 0.3611 0.3611 0.3611 0.3611 0.3611 0.3611 0.3611 0.3611 0.3611 0.3611 0.3611 0.3611 0.3611 0.3611 0.3611 0.3611 0.3611 0.3611 0.3611 0.3611 0.3611 0.3611 0.3611 0.3611 0.3611 0.3611 
TS09 0.3611 0.3611 0.3611 0.3611 0.3611 0.3611 0.3611 0.3611 0.3611 0.3611 0.3611 0.3611 0.3611 0.3611 0.3611 0.3611 0.3611 0.3611 0.3611 0.3611 0.3611 0.3611 0.3611 0.3611 0.3611 0.3611 0.3611 0.3611 0.3611 0.3611 0.3611 0.3611 
TS10 0.3611 0.3611 0.3611 0.3611 0.3611 0.3611 0.3611 0.3611 0.3611 0.3611 0.3611 0.3611 0.3611 0.3611 0.3611 0.3611 0.3611 0.3611 0.3611 0.3611 0.3611 0.3611 0.3611 0.3611 0.3611 0.3611 0.3611 0.3611 0.3611 0.3611 0.3611 0.3611 
TS11 0.3611 0.3611 0.3611 0.3611 0.3611 0.3611 0.3611 0.3611 0.3611 0.3611 0.3611 0.3611 0.3611 0.3611 0.3611 0.3611 0.3611 0.3611 0.3611 0.3611 0.3611 0.3611 0.3611 0.3611 0.3611 0.3611 0.3611 0.3611 0.3611 0.3611 0.3611 0.3611 
TS12 0.3611 0.3611 0.3611 0.3611 0.3611 0.3611 0.3611 0.3611 0.3611 0.3611 0.3611 0.3611 0.3611 0.3611 0.3611 0.3611 0.3611 0.3611 0.3611 0.3611 0.3611 0.3611 0.3611 0.3611 0.3611 0.3611 0.3611 0.3611 0.3611 0.3611 0.3611 0.3611 
TS13 0.4868 0.4868 0.4868 0.4868 0.4868 0.4868 0.4868 0.4868 0.4868 0.4868 0.4868 0.4868 0.4868 0.4868 0.4868 0.4868 0.4868 0.4868 0.4868 0.4868 0.4868 0.4868 0.4868 0.4868 0.4868 0.4868 0.4868 0.4868 0.4868 0.4868 0.4868 0.4868 
TS14 0.4868 0.4868 0.4868 0.4868 0.4868 0.4868 0.4868 0.4868 0.4868 0.4868 0.4868 0.4868 0.4868 0.4868 0.4868 0.4868 0.4868 0.4868 0.4868 0.4868 0.4868 0.4868 0.4868 0.4868 0.4868 0.4868 0.4868 0.4868 0.4868 0.4868 0.4868 0.4868 
TS15 0.4868 0.4868 0.4868 0.4868 0.4868 0.4868 0.4868 0.4868 0.4868 0.4868 0.4868 0.4868 0.4868 0.4868 0.4868 0.4868 0.4868 0.4868 0.4868 0.4868 0.4868 0.4868 0.4868 0.4868 0.4868 0.4868 0.4868 0.4868 0.4868 0.4868 0.4868 0.4868 
TS16 0.4868 0.4868 0.4868 0.4868 0.4868 0.4868 0.4868 0.4868 0.4868 0.4868 0.4868 0.4868 0.4868 0.4868 0.4868 0.4868 0.4868 0.4868 0.4868 0.4868 0.4868 0.4868 0.4868 0.4868 0.4868 0.4868 0.4868 0.4868 0.4868 0.4868 0.4868 0.4868 
TS17 0.4868 0.4868 0.4868 0.4868 0.4868 0.4868 0.4868 0.4868 0.4868 0.4868 0.4868 0.4868 0.4868 0.4868 0.4868 0.4868 0.4868 0.4868 0.4868 0.4868 0.4868 0.4868 0.4868 0.4868 0.4868 0.4868 0.4868 0.4868 0.4868 0.4868 0.4868 0.4868 
TS18 0.4868 0.4868 0.4868 0.4868 0.4868 0.4868 0.4868 0.4868 0.4868 0.4868 0.4868 0.4868 0.4868 0.4868 0.4868 0.4868 0.4868 0.4868 0.4868 0.4868 0.4868 0.4868 0.4868 0.4868 0.4868 0.4868 0.4868 0.4868 0.4868 0.4868 0.4868 0.4868 
TS19 0.4868 0.4868 0.4868 0.4868 0.4868 0.4868 0.4868 0.4868 0.4868 0.4868 0.4868 0.4868 0.4868 0.4868 0.4868 0.4868 0.4868 0.4868 0.4868 0.4868 0.4868 0.4868 0.4868 0.4868 0.4868 0.4868 0.4868 0.4868 0.4868 0.4868 0.4868 0.4868 
TS20 0.4868 0.4868 0.4868 0.4868 0.4868 0.4868 0.4868 0.4868 0.4868 0.4868 0.4868 0.4868 0.4868 0.4868 0.4868 0.4868 0.4868 0.4868 0.4868 0.4868 0.4868 0.4868 0.4868 0.4868 0.4868 0.4868 0.4868 0.4868 0.4868 0.4868 0.4868 0.4868 
TS21 0.4868 0.4868 0.4868 0.4868 0.4868 0.4868 0.4868 0.4868 0.4868 0.4868 0.4868 0.4868 0.4868 0.4868 0.4868 0.4868 0.4868 0.4868 0.4868 0.4868 0.4868 0.4868 0.4868 0.4868 0.4868 0.4868 0.4868 0.4868 0.4868 0.4868 0.4868 0.4868 
TS22 0.4868 0.4868 0.4868 0.4868 0.4868 0.4868 0.4868 0.4868 0.4868 0.4868 0.4868 0.4868 0.4868 0.4868 0.4868 0.4868 0.4868 0.4868 0.4868 0.4868 0.4868 0.4868 0.4868 0.4868 0.4868 0.4868 0.4868 0.4868 0.4868 0.4868 0.4868 0.4868 
TS23 0.4868 0.4868 0.4868 0.4868 0.4868 0.4868 0.4868 0.4868 0.4868 0.4868 0.4868 0.4868 0.4868 0.4868 0.4868 0.4868 0.4868 0.4868 0.4868 0.4868 0.4868 0.4868 0.4868 0.4868 0.4868 0.4868 0.4868 0.4868 0.4868 0.4868 0.4868 0.4868 
TS24 0.4868 0.4868 0.4868 0.4868 0.4868 0.4868 0.4868 0.4868 0.4868 0.4868 0.4868 0.4868 0.4868 0.4868 0.4868 0.4868 0.4868 0.4868 0.4868 0.4868 0.4868 0.4868 0.4868 0.4868 0.4868 0.4868 0.4868 0.4868 0.4868 0.4868 0.4868 0.4868 
TS25 0.4822 0.4822 0.4822 0.4822 0.4822 0.4822 0.4822 0.4822 0.4822 0.4822 0.4822 0.4822 0.4822 0.4822 0.4822 0.4822 0.4822 0.4822 0.4822 0.4822 0.4822 0.4822 0.4822 0.4822 0.4822 0.4822 0.4822 0.4822 0.4822 0.4822 0.4822 0.4822 
TS26 0.4822 0.4822 0.4822 0.4822 0.4822 0.4822 0.4822 0.4822 0.4822 0.4822 0.4822 0.4822 0.4822 0.4822 0.4822 0.4822 0.4822 0.4822 0.4822 0.4822 0.4822 0.4822 0.4822 0.4822 0.4822 0.4822 0.4822 0.4822 0.4822 0.4822 0.4822 0.4822 
TS27 0.4822 0.4822 0.4822 0.4822 0.4822 0.4822 0.4822 0.4822 0.4822 0.4822 0.4822 0.4822 0.4822 0.4822 0.4822 0.4822 0.4822 0.4822 0.4822 0.4822 0.4822 0.4822 0.4822 0.4822 0.4822 0.4822 0.4822 0.4822 0.4822 0.4822 0.4822 0.4822 
TS28 0.4822 0.4822 0.4822 0.4822 0.4822 0.4822 0.4822 0.4822 0.4822 0.4822 0.4822 0.4822 0.4822 0.4822 0.4822 0.4822 0.4822 0.4822 0.4822 0.4822 0.4822 0.4822 0.4822 0.4822 0.4822 0.4822 0.4822 0.4822 0.4822 0.4822 0.4822 0.4822 
TS29 0.4822 0.4822 0.4822 0.4822 0.4822 0.4822 0.4822 0.4822 0.4822 0.4822 0.4822 0.4822 0.4822 0.4822 0.4822 0.4822 0.4822 0.4822 0.4822 0.4822 0.4822 0.4822 0.4822 0.4822 0.4822 0.4822 0.4822 0.4822 0.4822 0.4822 0.4822 0.4822 
TS30 0.4822 0.4822 0.4822 0.4822 0.4822 0.4822 0.4822 0.4822 0.4822 0.4822 0.4822 0.4822 0.4822 0.4822 0.4822 0.4822 0.4822 0.4822 0.4822 0.4822 0.4822 0.4822 0.4822 0.4822 0.4822 0.4822 0.4822 0.4822 0.4822 0.4822 0.4822 0.4822 
TS31 0.4822 0.4822 0.4822 0.4822 0.4822 0.4822 0.4822 0.4822 0.4822 0.4822 0.4822 0.4822 0.4822 0.4822 0.4822 0.4822 0.4822 0.4822 0.4822 0.4822 0.4822 0.4822 0.4822 0.4822 0.4822 0.4822 0.4822 0.4822 0.4822 0.4822 0.4822 0.4822 
TS32 0.4822 0.4822 0.4822 0.4822 0.4822 0.4822 0.4822 0.4822 0.4822 0.4822 0.4822 0.4822 0.4822 0.4822 0.4822 0.4822 0.4822 0.4822 0.4822 0.4822 0.4822 0.4822 0.4822 0.4822 0.4822 0.4822 0.4822 0.4822 0.4822 0.4822 0.4822 0.4822 
TS33 0.4822 0.4822 0.4822 0.4822 0.4822 0.4822 0.4822 0.4822 0.4822 0.4822 0.4822 0.4822 0.4822 0.4822 0.4822 0.4822 0.4822 0.4822 0.4822 0.4822 0.4822 0.4822 0.4822 0.4822 0.4822 0.4822 0.4822 0.4822 0.4822 0.4822 0.4822 0.4822 
TS34 0.4822 0.4822 0.4822 0.4822 0.4822 0.4822 0.4822 0.4822 0.4822 0.4822 0.4822 0.4822 0.4822 0.4822 0.4822 0.4822 0.4822 0.4822 0.4822 0.4822 0.4822 0.4822 0.4822 0.4822 0.4822 0.4822 0.4822 0.4822 0.4822 0.4822 0.4822 0.4822 
TS35 0.4822 0.4822 0.4822 0.4822 0.4822 0.4822 0.4822 0.4822 0.4822 0.4822 0.4822 0.4822 0.4822 0.4822 0.4822 0.4822 0.4822 0.4822 0.4822 0.4822 0.4822 0.4822 0.4822 0.4822 0.4822 0.4822 0.4822 0.4822 0.4822 0.4822 0.4822 0.4822 
TS36 0.4822 0.4822 0.4822 0.4822 0.4822 0.4822 0.4822 0.4822 0.4822 0.4822 0.4822 0.4822 0.4822 0.4822 0.4822 0.4822 0.4822 0.4822 0.4822 0.4822 0.4822 0.4822 0.4822 0.4822 0.4822 0.4822 0.4822 0.4822 0.4822 0.4822 0.4822 0.4822 
TS37 0.4982 0.4982 0.4982 0.4982 0.4982 0.4982 0.4982 0.4982 0.4982 0.4982 0.4982 0.4982 0.4982 0.4982 0.4982 0.4982 0.4982 0.4982 0.4982 0.4982 0.4982 0.4982 0.4982 0.4982 0.4982 0.4982 0.4982 0.4982 0.4982 0.4982 0.4982 0.4982 
TS38 0.4982 0.4982 0.4982 0.4982 0.4982 0.4982 0.4982 0.4982 0.4982 0.4982 0.4982 0.4982 0.4982 0.4982 0.4982 0.4982 0.4982 0.4982 0.4982 0.4982 0.4982 0.4982 0.4982 0.4982 0.4982 0.4982 0.4982 0.4982 0.4982 0.4982 0.4982 0.4982 
TS39 0.4982 0.4982 0.4982 0.4982 0.4982 0.4982 0.4982 0.4982 0.4982 0.4982 0.4982 0.4982 0.4982 0.4982 0.4982 0.4982 0.4982 0.4982 0.4982 0.4982 0.4982 0.4982 0.4982 0.4982 0.4982 0.4982 0.4982 0.4982 0.4982 0.4982 0.4982 0.4982 
TS40 0.4982 0.4982 0.4982 0.4982 0.4982 0.4982 0.4982 0.4982 0.4982 0.4982 0.4982 0.4982 0.4982 0.4982 0.4982 0.4982 0.4982 0.4982 0.4982 0.4982 0.4982 0.4982 0.4982 0.4982 0.4982 0.4982 0.4982 0.4982 0.4982 0.4982 0.4982 0.4982 
TS41 0.4982 0.4982 0.4982 0.4982 0.4982 0.4982 0.4982 0.4982 0.4982 0.4982 0.4982 0.4982 0.4982 0.4982 0.4982 0.4982 0.4982 0.4982 0.4982 0.4982 0.4982 0.4982 0.4982 0.4982 0.4982 0.4982 0.4982 0.4982 0.4982 0.4982 0.4982 0.4982 
TS42 0.4982 0.4982 0.4982 0.4982 0.4982 0.4982 0.4982 0.4982 0.4982 0.4982 0.4982 0.4982 0.4982 0.4982 0.4982 0.4982 0.4982 0.4982 0.4982 0.4982 0.4982 0.4982 0.4982 0.4982 0.4982 0.4982 0.4982 0.4982 0.4982 0.4982 0.4982 0.4982 
TS43 0.4982 0.4982 0.4982 0.4982 0.4982 0.4982 0.4982 0.4982 0.4982 0.4982 0.4982 0.4982 0.4982 0.4982 0.4982 0.4982 0.4982 0.4982 0.4982 0.4982 0.4982 0.4982 0.4982 0.4982 0.4982 0.4982 0.4982 0.4982 0.4982 0.4982 0.4982 0.4982 
TS44 0.4982 0.4982 0.4982 0.4982 0.4982 0.4982 0.4982 0.4982 0.4982 0.4982 0.4982 0.4982 0.4982 0.4982 0.4982 0.4982 0.4982 0.4982 0.4982 0.4982 0.4982 0.4982 0.4982 0.4982 0.4982 0.4982 0.4982 0.4982 0.4982 0.4982 0.4982 0.4982 
TS45 0.4982 0.4982 0.4982 0.4982 0.4982 0.4982 0.4982 0.4982 0.4982 0.4982 0.4982 0.4982 0.4982 0.4982 0.4982 0.4982 0.4982 0.4982 0.4982 0.4982 0.4982 0.4982 0.4982 0.4982 0.4982 0.4982 0.4982 0.4982 0.4982 0.4982 0.4982 0.4982 
TS46 0.4982 0.4982 0.4982 0.4982 0.4982 0.4982 0.4982 0.4982 0.4982 0.4982 0.4982 0.4982 0.4982 0.4982 0.4982 0.4982 0.4982 0.4982 0.4982 0.4982 0.4982 0.4982 0.4982 0.4982 0.4982 0.4982 0.4982 0.4982 0.4982 0.4982 0.4982 0.4982 
TS47 0.4982 0.4982 0.4982 0.4982 0.4982 0.4982 0.4982 0.4982 0.4982 0.4982 0.4982 0.4982 0.4982 0.4982 0.4982 0.4982 0.4982 0.4982 0.4982 0.4982 0.4982 0.4982 0.4982 0.4982 0.4982 0.4982 0.4982 0.4982 0.4982 0.4982 0.4982 0.4982 
TS48 0.4982 0.4982 0.4982 0.4982 0.4982 0.4982 0.4982 0.4982 0.4982 0.4982 0.4982 0.4982 0.4982 0.4982 0.4982 0.4982 0.4982 0.4982 0.4982 0.4982 0.4982 0.4982 0.4982 0.4982 0.4982 0.4982 0.4982 0.4982 0.4982 0.4982 0.4982 0.4982 
[RE1,PWRSOL001,*,*]:
2019 2020 2021 2022 2023 2024 2025 2026 2027 2028 2029 2030 2031 2032 2033 2034 2035 2036 2037 2038 2039 2040 2041 2042 2043 2044 2045 2046 2047 2048 2049 2050 :=
TS01 0.0 0.0 0.0 0.0 0.0 0.0 0.0 0.0 0.0 0.0 0.0 0.0 0.0 0.0 0.0 0.0 0.0 0.0 0.0 0.0 0.0 0.0 0.0 0.0 0.0 0.0 0.0 0.0 0.0 0.0 0.0 0.0 
TS02 0.1579 0.1579 0.1579 0.1579 0.1579 0.1579 0.1579 0.1579 0.1579 0.1579 0.1579 0.1579 0.1579 0.1579 0.1579 0.1579 0.1579 0.1579 0.1579 0.1579 0.1579 0.1579 0.1579 0.1579 0.1579 0.1579 0.1579 0.1579 0.1579 0.1579 0.1579 0.1579 
TS03 0.6615 0.6615 0.6615 0.6615 0.6615 0.6615 0.6615 0.6615 0.6615 0.6615 0.6615 0.6615 0.6615 0.6615 0.6615 0.6615 0.6615 0.6615 0.6615 0.6615 0.6615 0.6615 0.6615 0.6615 0.6615 0.6615 0.6615 0.6615 0.6615 0.6615 0.6615 0.6615 
TS04 0.2694 0.2694 0.2694 0.2694 0.2694 0.2694 0.2694 0.2694 0.2694 0.2694 0.2694 0.2694 0.2694 0.2694 0.2694 0.2694 0.2694 0.2694 0.2694 0.2694 0.2694 0.2694 0.2694 0.2694 0.2694 0.2694 0.2694 0.2694 0.2694 0.2694 0.2694 0.2694 
TS05 0.0 0.0 0.0 0.0 0.0 0.0 0.0 0.0 0.0 0.0 0.0 0.0 0.0 0.0 0.0 0.0 0.0 0.0 0.0 0.0 0.0 0.0 0.0 0.0 0.0 0.0 0.0 0.0 0.0 0.0 0.0 0.0 
TS06 0.0 0.0 0.0 0.0 0.0 0.0 0.0 0.0 0.0 0.0 0.0 0.0 0.0 0.0 0.0 0.0 0.0 0.0 0.0 0.0 0.0 0.0 0.0 0.0 0.0 0.0 0.0 0.0 0.0 0.0 0.0 0.0 
TS07 0.0 0.0 0.0 0.0 0.0 0.0 0.0 0.0 0.0 0.0 0.0 0.0 0.0 0.0 0.0 0.0 0.0 0.0 0.0 0.0 0.0 0.0 0.0 0.0 0.0 0.0 0.0 0.0 0.0 0.0 0.0 0.0 
TS08 0.1578 0.1578 0.1578 0.1578 0.1578 0.1578 0.1578 0.1578 0.1578 0.1578 0.1578 0.1578 0.1578 0.1578 0.1578 0.1578 0.1578 0.1578 0.1578 0.1578 0.1578 0.1578 0.1578 0.1578 0.1578 0.1578 0.1578 0.1578 0.1578 0.1578 0.1578 0.1578 
TS09 0.6693 0.6693 0.6693 0.6693 0.6693 0.6693 0.6693 0.6693 0.6693 0.6693 0.6693 0.6693 0.6693 0.6693 0.6693 0.6693 0.6693 0.6693 0.6693 0.6693 0.6693 0.6693 0.6693 0.6693 0.6693 0.6693 0.6693 0.6693 0.6693 0.6693 0.6693 0.6693 
TS10 0.2852 0.2852 0.2852 0.2852 0.2852 0.2852 0.2852 0.2852 0.2852 0.2852 0.2852 0.2852 0.2852 0.2852 0.2852 0.2852 0.2852 0.2852 0.2852 0.2852 0.2852 0.2852 0.2852 0.2852 0.2852 0.2852 0.2852 0.2852 0.2852 0.2852 0.2852 0.2852 
TS11 0.0 0.0 0.0 0.0 0.0 0.0 0.0 0.0 0.0 0.0 0.0 0.0 0.0 0.0 0.0 0.0 0.0 0.0 0.0 0.0 0.0 0.0 0.0 0.0 0.0 0.0 0.0 0.0 0.0 0.0 0.0 0.0 
TS12 0.0 0.0 0.0 0.0 0.0 0.0 0.0 0.0 0.0 0.0 0.0 0.0 0.0 0.0 0.0 0.0 0.0 0.0 0.0 0.0 0.0 0.0 0.0 0.0 0.0 0.0 0.0 0.0 0.0 0.0 0.0 0.0 
TS13 0.0 0.0 0.0 0.0 0.0 0.0 0.0 0.0 0.0 0.0 0.0 0.0 0.0 0.0 0.0 0.0 0.0 0.0 0.0 0.0 0.0 0.0 0.0 0.0 0.0 0.0 0.0 0.0 0.0 0.0 0.0 0.0 
TS14 0.147 0.147 0.147 0.147 0.147 0.147 0.147 0.147 0.147 0.147 0.147 0.147 0.147 0.147 0.147 0.147 0.147 0.147 0.147 0.147 0.147 0.147 0.147 0.147 0.147 0.147 0.147 0.147 0.147 0.147 0.147 0.147 
TS15 0.5687 0.5687 0.5687 0.5687 0.5687 0.5687 0.5687 0.5687 0.5687 0.5687 0.5687 0.5687 0.5687 0.5687 0.5687 0.5687 0.5687 0.5687 0.5687 0.5687 0.5687 0.5687 0.5687 0.5687 0.5687 0.5687 0.5687 0.5687 0.5687 0.5687 0.5687 0.5687 
TS16 0.1999 0.1999 0.1999 0.1999 0.1999 0.1999 0.1999 0.1999 0.1999 0.1999 0.1999 0.1999 0.1999 0.1999 0.1999 0.1999 0.1999 0.1999 0.1999 0.1999 0.1999 0.1999 0.1999 0.1999 0.1999 0.1999 0.1999 0.1999 0.1999 0.1999 0.1999 0.1999 
TS17 0.0 0.0 0.0 0.0 0.0 0.0 0.0 0.0 0.0 0.0 0.0 0.0 0.0 0.0 0.0 0.0 0.0 0.0 0.0 0.0 0.0 0.0 0.0 0.0 0.0 0.0 0.0 0.0 0.0 0.0 0.0 0.0 
TS18 0.0 0.0 0.0 0.0 0.0 0.0 0.0 0.0 0.0 0.0 0.0 0.0 0.0 0.0 0.0 0.0 0.0 0.0 0.0 0.0 0.0 0.0 0.0 0.0 0.0 0.0 0.0 0.0 0.0 0.0 0.0 0.0 
TS19 0.0 0.0 0.0 0.0 0.0 0.0 0.0 0.0 0.0 0.0 0.0 0.0 0.0 0.0 0.0 0.0 0.0 0.0 0.0 0.0 0.0 0.0 0.0 0.0 0.0 0.0 0.0 0.0 0.0 0.0 0.0 0.0 
TS20 0.1632 0.1632 0.1632 0.1632 0.1632 0.1632 0.1632 0.1632 0.1632 0.1632 0.1632 0.1632 0.1632 0.1632 0.1632 0.1632 0.1632 0.1632 0.1632 0.1632 0.1632 0.1632 0.1632 0.1632 0.1632 0.1632 0.1632 0.1632 0.1632 0.1632 0.1632 0.1632 
TS21 0.5952 0.5952 0.5952 0.5952 0.5952 0.5952 0.5952 0.5952 0.5952 0.5952 0.5952 0.5952 0.5952 0.5952 0.5952 0.5952 0.5952 0.5952 0.5952 0.5952 0.5952 0.5952 0.5952 0.5952 0.5952 0.5952 0.5952 0.5952 0.5952 0.5952 0.5952 0.5952 
TS22 0.1969 0.1969 0.1969 0.1969 0.1969 0.1969 0.1969 0.1969 0.1969 0.1969 0.1969 0.1969 0.1969 0.1969 0.1969 0.1969 0.1969 0.1969 0.1969 0.1969 0.1969 0.1969 0.1969 0.1969 0.1969 0.1969 0.1969 0.1969 0.1969 0.1969 0.1969 0.1969 
TS23 0.0 0.0 0.0 0.0 0.0 0.0 0.0 0.0 0.0 0.0 0.0 0.0 0.0 0.0 0.0 0.0 0.0 0.0 0.0 0.0 0.0 0.0 0.0 0.0 0.0 0.0 0.0 0.0 0.0 0.0 0.0 0.0 
TS24 0.0 0.0 0.0 0.0 0.0 0.0 0.0 0.0 0.0 0.0 0.0 0.0 0.0 0.0 0.0 0.0 0.0 0.0 0.0 0.0 0.0 0.0 0.0 0.0 0.0 0.0 0.0 0.0 0.0 0.0 0.0 0.0 
TS25 0.0 0.0 0.0 0.0 0.0 0.0 0.0 0.0 0.0 0.0 0.0 0.0 0.0 0.0 0.0 0.0 0.0 0.0 0.0 0.0 0.0 0.0 0.0 0.0 0.0 0.0 0.0 0.0 0.0 0.0 0.0 0.0 
TS26 0.1518 0.1518 0.1518 0.1518 0.1518 0.1518 0.1518 0.1518 0.1518 0.1518 0.1518 0.1518 0.1518 0.1518 0.1518 0.1518 0.1518 0.1518 0.1518 0.1518 0.1518 0.1518 0.1518 0.1518 0.1518 0.1518 0.1518 0.1518 0.1518 0.1518 0.1518 0.1518 
TS27 0.6091 0.6091 0.6091 0.6091 0.6091 0.6091 0.6091 0.6091 0.6091 0.6091 0.6091 0.6091 0.6091 0.6091 0.6091 0.6091 0.6091 0.6091 0.6091 0.6091 0.6091 0.6091 0.6091 0.6091 0.6091 0.6091 0.6091 0.6091 0.6091 0.6091 0.6091 0.6091 
TS28 0.2342 0.2342 0.2342 0.2342 0.2342 0.2342 0.2342 0.2342 0.2342 0.2342 0.2342 0.2342 0.2342 0.2342 0.2342 0.2342 0.2342 0.2342 0.2342 0.2342 0.2342 0.2342 0.2342 0.2342 0.2342 0.2342 0.2342 0.2342 0.2342 0.2342 0.2342 0.2342 
TS29 0.0 0.0 0.0 0.0 0.0 0.0 0.0 0.0 0.0 0.0 0.0 0.0 0.0 0.0 0.0 0.0 0.0 0.0 0.0 0.0 0.0 0.0 0.0 0.0 0.0 0.0 0.0 0.0 0.0 0.0 0.0 0.0 
TS30 0.0 0.0 0.0 0.0 0.0 0.0 0.0 0.0 0.0 0.0 0.0 0.0 0.0 0.0 0.0 0.0 0.0 0.0 0.0 0.0 0.0 0.0 0.0 0.0 0.0 0.0 0.0 0.0 0.0 0.0 0.0 0.0 
TS31 0.0 0.0 0.0 0.0 0.0 0.0 0.0 0.0 0.0 0.0 0.0 0.0 0.0 0.0 0.0 0.0 0.0 0.0 0.0 0.0 0.0 0.0 0.0 0.0 0.0 0.0 0.0 0.0 0.0 0.0 0.0 0.0 
TS32 0.1588 0.1588 0.1588 0.1588 0.1588 0.1588 0.1588 0.1588 0.1588 0.1588 0.1588 0.1588 0.1588 0.1588 0.1588 0.1588 0.1588 0.1588 0.1588 0.1588 0.1588 0.1588 0.1588 0.1588 0.1588 0.1588 0.1588 0.1588 0.1588 0.1588 0.1588 0.1588 
TS33 0.6283 0.6283 0.6283 0.6283 0.6283 0.6283 0.6283 0.6283 0.6283 0.6283 0.6283 0.6283 0.6283 0.6283 0.6283 0.6283 0.6283 0.6283 0.6283 0.6283 0.6283 0.6283 0.6283 0.6283 0.6283 0.6283 0.6283 0.6283 0.6283 0.6283 0.6283 0.6283 
TS34 0.24 0.24 0.24 0.24 0.24 0.24 0.24 0.24 0.24 0.24 0.24 0.24 0.24 0.24 0.24 0.24 0.24 0.24 0.24 0.24 0.24 0.24 0.24 0.24 0.24 0.24 0.24 0.24 0.24 0.24 0.24 0.24 
TS35 0.0 0.0 0.0 0.0 0.0 0.0 0.0 0.0 0.0 0.0 0.0 0.0 0.0 0.0 0.0 0.0 0.0 0.0 0.0 0.0 0.0 0.0 0.0 0.0 0.0 0.0 0.0 0.0 0.0 0.0 0.0 0.0 
TS36 0.0 0.0 0.0 0.0 0.0 0.0 0.0 0.0 0.0 0.0 0.0 0.0 0.0 0.0 0.0 0.0 0.0 0.0 0.0 0.0 0.0 0.0 0.0 0.0 0.0 0.0 0.0 0.0 0.0 0.0 0.0 0.0 
TS37 0.0 0.0 0.0 0.0 0.0 0.0 0.0 0.0 0.0 0.0 0.0 0.0 0.0 0.0 0.0 0.0 0.0 0.0 0.0 0.0 0.0 0.0 0.0 0.0 0.0 0.0 0.0 0.0 0.0 0.0 0.0 0.0 
TS38 0.2011 0.2011 0.2011 0.2011 0.2011 0.2011 0.2011 0.2011 0.2011 0.2011 0.2011 0.2011 0.2011 0.2011 0.2011 0.2011 0.2011 0.2011 0.2011 0.2011 0.2011 0.2011 0.2011 0.2011 0.2011 0.2011 0.2011 0.2011 0.2011 0.2011 0.2011 0.2011 
TS39 0.6475 0.6475 0.6475 0.6475 0.6475 0.6475 0.6475 0.6475 0.6475 0.6475 0.6475 0.6475 0.6475 0.6475 0.6475 0.6475 0.6475 0.6475 0.6475 0.6475 0.6475 0.6475 0.6475 0.6475 0.6475 0.6475 0.6475 0.6475 0.6475 0.6475 0.6475 0.6475 
TS40 0.2193 0.2193 0.2193 0.2193 0.2193 0.2193 0.2193 0.2193 0.2193 0.2193 0.2193 0.2193 0.2193 0.2193 0.2193 0.2193 0.2193 0.2193 0.2193 0.2193 0.2193 0.2193 0.2193 0.2193 0.2193 0.2193 0.2193 0.2193 0.2193 0.2193 0.2193 0.2193 
TS41 0.0 0.0 0.0 0.0 0.0 0.0 0.0 0.0 0.0 0.0 0.0 0.0 0.0 0.0 0.0 0.0 0.0 0.0 0.0 0.0 0.0 0.0 0.0 0.0 0.0 0.0 0.0 0.0 0.0 0.0 0.0 0.0 
TS42 0.0 0.0 0.0 0.0 0.0 0.0 0.0 0.0 0.0 0.0 0.0 0.0 0.0 0.0 0.0 0.0 0.0 0.0 0.0 0.0 0.0 0.0 0.0 0.0 0.0 0.0 0.0 0.0 0.0 0.0 0.0 0.0 
TS43 0.0 0.0 0.0 0.0 0.0 0.0 0.0 0.0 0.0 0.0 0.0 0.0 0.0 0.0 0.0 0.0 0.0 0.0 0.0 0.0 0.0 0.0 0.0 0.0 0.0 0.0 0.0 0.0 0.0 0.0 0.0 0.0 
TS44 0.2028 0.2028 0.2028 0.2028 0.2028 0.2028 0.2028 0.2028 0.2028 0.2028 0.2028 0.2028 0.2028 0.2028 0.2028 0.2028 0.2028 0.2028 0.2028 0.2028 0.2028 0.2028 0.2028 0.2028 0.2028 0.2028 0.2028 0.2028 0.2028 0.2028 0.2028 0.2028 
TS45 0.6576 0.6576 0.6576 0.6576 0.6576 0.6576 0.6576 0.6576 0.6576 0.6576 0.6576 0.6576 0.6576 0.6576 0.6576 0.6576 0.6576 0.6576 0.6576 0.6576 0.6576 0.6576 0.6576 0.6576 0.6576 0.6576 0.6576 0.6576 0.6576 0.6576 0.6576 0.6576 
TS46 0.2219 0.2219 0.2219 0.2219 0.2219 0.2219 0.2219 0.2219 0.2219 0.2219 0.2219 0.2219 0.2219 0.2219 0.2219 0.2219 0.2219 0.2219 0.2219 0.2219 0.2219 0.2219 0.2219 0.2219 0.2219 0.2219 0.2219 0.2219 0.2219 0.2219 0.2219 0.2219 
TS47 0.0 0.0 0.0 0.0 0.0 0.0 0.0 0.0 0.0 0.0 0.0 0.0 0.0 0.0 0.0 0.0 0.0 0.0 0.0 0.0 0.0 0.0 0.0 0.0 0.0 0.0 0.0 0.0 0.0 0.0 0.0 0.0 
TS48 0.0 0.0 0.0 0.0 0.0 0.0 0.0 0.0 0.0 0.0 0.0 0.0 0.0 0.0 0.0 0.0 0.0 0.0 0.0 0.0 0.0 0.0 0.0 0.0 0.0 0.0 0.0 0.0 0.0 0.0 0.0 0.0 
[RE1,PWRSOL002,*,*]:
2019 2020 2021 2022 2023 2024 2025 2026 2027 2028 2029 2030 2031 2032 2033 2034 2035 2036 2037 2038 2039 2040 2041 2042 2043 2044 2045 2046 2047 2048 2049 2050 :=
TS01 0.0 0.0 0.0 0.0 0.0 0.0 0.0 0.0 0.0 0.0 0.0 0.0 0.0 0.0 0.0 0.0 0.0 0.0 0.0 0.0 0.0 0.0 0.0 0.0 0.0 0.0 0.0 0.0 0.0 0.0 0.0 0.0 
TS02 0.1579 0.1579 0.1579 0.1579 0.1579 0.1579 0.1579 0.1579 0.1579 0.1579 0.1579 0.1579 0.1579 0.1579 0.1579 0.1579 0.1579 0.1579 0.1579 0.1579 0.1579 0.1579 0.1579 0.1579 0.1579 0.1579 0.1579 0.1579 0.1579 0.1579 0.1579 0.1579 
TS03 0.6615 0.6615 0.6615 0.6615 0.6615 0.6615 0.6615 0.6615 0.6615 0.6615 0.6615 0.6615 0.6615 0.6615 0.6615 0.6615 0.6615 0.6615 0.6615 0.6615 0.6615 0.6615 0.6615 0.6615 0.6615 0.6615 0.6615 0.6615 0.6615 0.6615 0.6615 0.6615 
TS04 0.2694 0.2694 0.2694 0.2694 0.2694 0.2694 0.2694 0.2694 0.2694 0.2694 0.2694 0.2694 0.2694 0.2694 0.2694 0.2694 0.2694 0.2694 0.2694 0.2694 0.2694 0.2694 0.2694 0.2694 0.2694 0.2694 0.2694 0.2694 0.2694 0.2694 0.2694 0.2694 
TS05 0.0 0.0 0.0 0.0 0.0 0.0 0.0 0.0 0.0 0.0 0.0 0.0 0.0 0.0 0.0 0.0 0.0 0.0 0.0 0.0 0.0 0.0 0.0 0.0 0.0 0.0 0.0 0.0 0.0 0.0 0.0 0.0 
TS06 0.0 0.0 0.0 0.0 0.0 0.0 0.0 0.0 0.0 0.0 0.0 0.0 0.0 0.0 0.0 0.0 0.0 0.0 0.0 0.0 0.0 0.0 0.0 0.0 0.0 0.0 0.0 0.0 0.0 0.0 0.0 0.0 
TS07 0.0 0.0 0.0 0.0 0.0 0.0 0.0 0.0 0.0 0.0 0.0 0.0 0.0 0.0 0.0 0.0 0.0 0.0 0.0 0.0 0.0 0.0 0.0 0.0 0.0 0.0 0.0 0.0 0.0 0.0 0.0 0.0 
TS08 0.1578 0.1578 0.1578 0.1578 0.1578 0.1578 0.1578 0.1578 0.1578 0.1578 0.1578 0.1578 0.1578 0.1578 0.1578 0.1578 0.1578 0.1578 0.1578 0.1578 0.1578 0.1578 0.1578 0.1578 0.1578 0.1578 0.1578 0.1578 0.1578 0.1578 0.1578 0.1578 
TS09 0.6693 0.6693 0.6693 0.6693 0.6693 0.6693 0.6693 0.6693 0.6693 0.6693 0.6693 0.6693 0.6693 0.6693 0.6693 0.6693 0.6693 0.6693 0.6693 0.6693 0.6693 0.6693 0.6693 0.6693 0.6693 0.6693 0.6693 0.6693 0.6693 0.6693 0.6693 0.6693 
TS10 0.2852 0.2852 0.2852 0.2852 0.2852 0.2852 0.2852 0.2852 0.2852 0.2852 0.2852 0.2852 0.2852 0.2852 0.2852 0.2852 0.2852 0.2852 0.2852 0.2852 0.2852 0.2852 0.2852 0.2852 0.2852 0.2852 0.2852 0.2852 0.2852 0.2852 0.2852 0.2852 
TS11 0.0 0.0 0.0 0.0 0.0 0.0 0.0 0.0 0.0 0.0 0.0 0.0 0.0 0.0 0.0 0.0 0.0 0.0 0.0 0.0 0.0 0.0 0.0 0.0 0.0 0.0 0.0 0.0 0.0 0.0 0.0 0.0 
TS12 0.0 0.0 0.0 0.0 0.0 0.0 0.0 0.0 0.0 0.0 0.0 0.0 0.0 0.0 0.0 0.0 0.0 0.0 0.0 0.0 0.0 0.0 0.0 0.0 0.0 0.0 0.0 0.0 0.0 0.0 0.0 0.0 
TS13 0.0 0.0 0.0 0.0 0.0 0.0 0.0 0.0 0.0 0.0 0.0 0.0 0.0 0.0 0.0 0.0 0.0 0.0 0.0 0.0 0.0 0.0 0.0 0.0 0.0 0.0 0.0 0.0 0.0 0.0 0.0 0.0 
TS14 0.147 0.147 0.147 0.147 0.147 0.147 0.147 0.147 0.147 0.147 0.147 0.147 0.147 0.147 0.147 0.147 0.147 0.147 0.147 0.147 0.147 0.147 0.147 0.147 0.147 0.147 0.147 0.147 0.147 0.147 0.147 0.147 
TS15 0.5687 0.5687 0.5687 0.5687 0.5687 0.5687 0.5687 0.5687 0.5687 0.5687 0.5687 0.5687 0.5687 0.5687 0.5687 0.5687 0.5687 0.5687 0.5687 0.5687 0.5687 0.5687 0.5687 0.5687 0.5687 0.5687 0.5687 0.5687 0.5687 0.5687 0.5687 0.5687 
TS16 0.1999 0.1999 0.1999 0.1999 0.1999 0.1999 0.1999 0.1999 0.1999 0.1999 0.1999 0.1999 0.1999 0.1999 0.1999 0.1999 0.1999 0.1999 0.1999 0.1999 0.1999 0.1999 0.1999 0.1999 0.1999 0.1999 0.1999 0.1999 0.1999 0.1999 0.1999 0.1999 
TS17 0.0 0.0 0.0 0.0 0.0 0.0 0.0 0.0 0.0 0.0 0.0 0.0 0.0 0.0 0.0 0.0 0.0 0.0 0.0 0.0 0.0 0.0 0.0 0.0 0.0 0.0 0.0 0.0 0.0 0.0 0.0 0.0 
TS18 0.0 0.0 0.0 0.0 0.0 0.0 0.0 0.0 0.0 0.0 0.0 0.0 0.0 0.0 0.0 0.0 0.0 0.0 0.0 0.0 0.0 0.0 0.0 0.0 0.0 0.0 0.0 0.0 0.0 0.0 0.0 0.0 
TS19 0.0 0.0 0.0 0.0 0.0 0.0 0.0 0.0 0.0 0.0 0.0 0.0 0.0 0.0 0.0 0.0 0.0 0.0 0.0 0.0 0.0 0.0 0.0 0.0 0.0 0.0 0.0 0.0 0.0 0.0 0.0 0.0 
TS20 0.1632 0.1632 0.1632 0.1632 0.1632 0.1632 0.1632 0.1632 0.1632 0.1632 0.1632 0.1632 0.1632 0.1632 0.1632 0.1632 0.1632 0.1632 0.1632 0.1632 0.1632 0.1632 0.1632 0.1632 0.1632 0.1632 0.1632 0.1632 0.1632 0.1632 0.1632 0.1632 
TS21 0.5952 0.5952 0.5952 0.5952 0.5952 0.5952 0.5952 0.5952 0.5952 0.5952 0.5952 0.5952 0.5952 0.5952 0.5952 0.5952 0.5952 0.5952 0.5952 0.5952 0.5952 0.5952 0.5952 0.5952 0.5952 0.5952 0.5952 0.5952 0.5952 0.5952 0.5952 0.5952 
TS22 0.1969 0.1969 0.1969 0.1969 0.1969 0.1969 0.1969 0.1969 0.1969 0.1969 0.1969 0.1969 0.1969 0.1969 0.1969 0.1969 0.1969 0.1969 0.1969 0.1969 0.1969 0.1969 0.1969 0.1969 0.1969 0.1969 0.1969 0.1969 0.1969 0.1969 0.1969 0.1969 
TS23 0.0 0.0 0.0 0.0 0.0 0.0 0.0 0.0 0.0 0.0 0.0 0.0 0.0 0.0 0.0 0.0 0.0 0.0 0.0 0.0 0.0 0.0 0.0 0.0 0.0 0.0 0.0 0.0 0.0 0.0 0.0 0.0 
TS24 0.0 0.0 0.0 0.0 0.0 0.0 0.0 0.0 0.0 0.0 0.0 0.0 0.0 0.0 0.0 0.0 0.0 0.0 0.0 0.0 0.0 0.0 0.0 0.0 0.0 0.0 0.0 0.0 0.0 0.0 0.0 0.0 
TS25 0.0 0.0 0.0 0.0 0.0 0.0 0.0 0.0 0.0 0.0 0.0 0.0 0.0 0.0 0.0 0.0 0.0 0.0 0.0 0.0 0.0 0.0 0.0 0.0 0.0 0.0 0.0 0.0 0.0 0.0 0.0 0.0 
TS26 0.1518 0.1518 0.1518 0.1518 0.1518 0.1518 0.1518 0.1518 0.1518 0.1518 0.1518 0.1518 0.1518 0.1518 0.1518 0.1518 0.1518 0.1518 0.1518 0.1518 0.1518 0.1518 0.1518 0.1518 0.1518 0.1518 0.1518 0.1518 0.1518 0.1518 0.1518 0.1518 
TS27 0.6091 0.6091 0.6091 0.6091 0.6091 0.6091 0.6091 0.6091 0.6091 0.6091 0.6091 0.6091 0.6091 0.6091 0.6091 0.6091 0.6091 0.6091 0.6091 0.6091 0.6091 0.6091 0.6091 0.6091 0.6091 0.6091 0.6091 0.6091 0.6091 0.6091 0.6091 0.6091 
TS28 0.2342 0.2342 0.2342 0.2342 0.2342 0.2342 0.2342 0.2342 0.2342 0.2342 0.2342 0.2342 0.2342 0.2342 0.2342 0.2342 0.2342 0.2342 0.2342 0.2342 0.2342 0.2342 0.2342 0.2342 0.2342 0.2342 0.2342 0.2342 0.2342 0.2342 0.2342 0.2342 
TS29 0.0 0.0 0.0 0.0 0.0 0.0 0.0 0.0 0.0 0.0 0.0 0.0 0.0 0.0 0.0 0.0 0.0 0.0 0.0 0.0 0.0 0.0 0.0 0.0 0.0 0.0 0.0 0.0 0.0 0.0 0.0 0.0 
TS30 0.0 0.0 0.0 0.0 0.0 0.0 0.0 0.0 0.0 0.0 0.0 0.0 0.0 0.0 0.0 0.0 0.0 0.0 0.0 0.0 0.0 0.0 0.0 0.0 0.0 0.0 0.0 0.0 0.0 0.0 0.0 0.0 
TS31 0.0 0.0 0.0 0.0 0.0 0.0 0.0 0.0 0.0 0.0 0.0 0.0 0.0 0.0 0.0 0.0 0.0 0.0 0.0 0.0 0.0 0.0 0.0 0.0 0.0 0.0 0.0 0.0 0.0 0.0 0.0 0.0 
TS32 0.1588 0.1588 0.1588 0.1588 0.1588 0.1588 0.1588 0.1588 0.1588 0.1588 0.1588 0.1588 0.1588 0.1588 0.1588 0.1588 0.1588 0.1588 0.1588 0.1588 0.1588 0.1588 0.1588 0.1588 0.1588 0.1588 0.1588 0.1588 0.1588 0.1588 0.1588 0.1588 
TS33 0.6283 0.6283 0.6283 0.6283 0.6283 0.6283 0.6283 0.6283 0.6283 0.6283 0.6283 0.6283 0.6283 0.6283 0.6283 0.6283 0.6283 0.6283 0.6283 0.6283 0.6283 0.6283 0.6283 0.6283 0.6283 0.6283 0.6283 0.6283 0.6283 0.6283 0.6283 0.6283 
TS34 0.24 0.24 0.24 0.24 0.24 0.24 0.24 0.24 0.24 0.24 0.24 0.24 0.24 0.24 0.24 0.24 0.24 0.24 0.24 0.24 0.24 0.24 0.24 0.24 0.24 0.24 0.24 0.24 0.24 0.24 0.24 0.24 
TS35 0.0 0.0 0.0 0.0 0.0 0.0 0.0 0.0 0.0 0.0 0.0 0.0 0.0 0.0 0.0 0.0 0.0 0.0 0.0 0.0 0.0 0.0 0.0 0.0 0.0 0.0 0.0 0.0 0.0 0.0 0.0 0.0 
TS36 0.0 0.0 0.0 0.0 0.0 0.0 0.0 0.0 0.0 0.0 0.0 0.0 0.0 0.0 0.0 0.0 0.0 0.0 0.0 0.0 0.0 0.0 0.0 0.0 0.0 0.0 0.0 0.0 0.0 0.0 0.0 0.0 
TS37 0.0 0.0 0.0 0.0 0.0 0.0 0.0 0.0 0.0 0.0 0.0 0.0 0.0 0.0 0.0 0.0 0.0 0.0 0.0 0.0 0.0 0.0 0.0 0.0 0.0 0.0 0.0 0.0 0.0 0.0 0.0 0.0 
TS38 0.2011 0.2011 0.2011 0.2011 0.2011 0.2011 0.2011 0.2011 0.2011 0.2011 0.2011 0.2011 0.2011 0.2011 0.2011 0.2011 0.2011 0.2011 0.2011 0.2011 0.2011 0.2011 0.2011 0.2011 0.2011 0.2011 0.2011 0.2011 0.2011 0.2011 0.2011 0.2011 
TS39 0.6475 0.6475 0.6475 0.6475 0.6475 0.6475 0.6475 0.6475 0.6475 0.6475 0.6475 0.6475 0.6475 0.6475 0.6475 0.6475 0.6475 0.6475 0.6475 0.6475 0.6475 0.6475 0.6475 0.6475 0.6475 0.6475 0.6475 0.6475 0.6475 0.6475 0.6475 0.6475 
TS40 0.2193 0.2193 0.2193 0.2193 0.2193 0.2193 0.2193 0.2193 0.2193 0.2193 0.2193 0.2193 0.2193 0.2193 0.2193 0.2193 0.2193 0.2193 0.2193 0.2193 0.2193 0.2193 0.2193 0.2193 0.2193 0.2193 0.2193 0.2193 0.2193 0.2193 0.2193 0.2193 
TS41 0.0 0.0 0.0 0.0 0.0 0.0 0.0 0.0 0.0 0.0 0.0 0.0 0.0 0.0 0.0 0.0 0.0 0.0 0.0 0.0 0.0 0.0 0.0 0.0 0.0 0.0 0.0 0.0 0.0 0.0 0.0 0.0 
TS42 0.0 0.0 0.0 0.0 0.0 0.0 0.0 0.0 0.0 0.0 0.0 0.0 0.0 0.0 0.0 0.0 0.0 0.0 0.0 0.0 0.0 0.0 0.0 0.0 0.0 0.0 0.0 0.0 0.0 0.0 0.0 0.0 
TS43 0.0 0.0 0.0 0.0 0.0 0.0 0.0 0.0 0.0 0.0 0.0 0.0 0.0 0.0 0.0 0.0 0.0 0.0 0.0 0.0 0.0 0.0 0.0 0.0 0.0 0.0 0.0 0.0 0.0 0.0 0.0 0.0 
TS44 0.2028 0.2028 0.2028 0.2028 0.2028 0.2028 0.2028 0.2028 0.2028 0.2028 0.2028 0.2028 0.2028 0.2028 0.2028 0.2028 0.2028 0.2028 0.2028 0.2028 0.2028 0.2028 0.2028 0.2028 0.2028 0.2028 0.2028 0.2028 0.2028 0.2028 0.2028 0.2028 
TS45 0.6576 0.6576 0.6576 0.6576 0.6576 0.6576 0.6576 0.6576 0.6576 0.6576 0.6576 0.6576 0.6576 0.6576 0.6576 0.6576 0.6576 0.6576 0.6576 0.6576 0.6576 0.6576 0.6576 0.6576 0.6576 0.6576 0.6576 0.6576 0.6576 0.6576 0.6576 0.6576 
TS46 0.2219 0.2219 0.2219 0.2219 0.2219 0.2219 0.2219 0.2219 0.2219 0.2219 0.2219 0.2219 0.2219 0.2219 0.2219 0.2219 0.2219 0.2219 0.2219 0.2219 0.2219 0.2219 0.2219 0.2219 0.2219 0.2219 0.2219 0.2219 0.2219 0.2219 0.2219 0.2219 
TS47 0.0 0.0 0.0 0.0 0.0 0.0 0.0 0.0 0.0 0.0 0.0 0.0 0.0 0.0 0.0 0.0 0.0 0.0 0.0 0.0 0.0 0.0 0.0 0.0 0.0 0.0 0.0 0.0 0.0 0.0 0.0 0.0 
TS48 0.0 0.0 0.0 0.0 0.0 0.0 0.0 0.0 0.0 0.0 0.0 0.0 0.0 0.0 0.0 0.0 0.0 0.0 0.0 0.0 0.0 0.0 0.0 0.0 0.0 0.0 0.0 0.0 0.0 0.0 0.0 0.0 
[RE1,PWRWND001,*,*]:
2019 2020 2021 2022 2023 2024 2025 2026 2027 2028 2029 2030 2031 2032 2033 2034 2035 2036 2037 2038 2039 2040 2041 2042 2043 2044 2045 2046 2047 2048 2049 2050 :=
TS01 0.3342 0.3342 0.3342 0.3342 0.3342 0.3342 0.3342 0.3342 0.3342 0.3342 0.3342 0.3342 0.3342 0.3342 0.3342 0.3342 0.3342 0.3342 0.3342 0.3342 0.3342 0.3342 0.3342 0.3342 0.3342 0.3342 0.3342 0.3342 0.3342 0.3342 0.3342 0.3342 
TS02 0.3737 0.3737 0.3737 0.3737 0.3737 0.3737 0.3737 0.3737 0.3737 0.3737 0.3737 0.3737 0.3737 0.3737 0.3737 0.3737 0.3737 0.3737 0.3737 0.3737 0.3737 0.3737 0.3737 0.3737 0.3737 0.3737 0.3737 0.3737 0.3737 0.3737 0.3737 0.3737 
TS03 0.4309 0.4309 0.4309 0.4309 0.4309 0.4309 0.4309 0.4309 0.4309 0.4309 0.4309 0.4309 0.4309 0.4309 0.4309 0.4309 0.4309 0.4309 0.4309 0.4309 0.4309 0.4309 0.4309 0.4309 0.4309 0.4309 0.4309 0.4309 0.4309 0.4309 0.4309 0.4309 
TS04 0.3328 0.3328 0.3328 0.3328 0.3328 0.3328 0.3328 0.3328 0.3328 0.3328 0.3328 0.3328 0.3328 0.3328 0.3328 0.3328 0.3328 0.3328 0.3328 0.3328 0.3328 0.3328 0.3328 0.3328 0.3328 0.3328 0.3328 0.3328 0.3328 0.3328 0.3328 0.3328 
TS05 0.4332 0.4332 0.4332 0.4332 0.4332 0.4332 0.4332 0.4332 0.4332 0.4332 0.4332 0.4332 0.4332 0.4332 0.4332 0.4332 0.4332 0.4332 0.4332 0.4332 0.4332 0.4332 0.4332 0.4332 0.4332 0.4332 0.4332 0.4332 0.4332 0.4332 0.4332 0.4332 
TS06 0.4387 0.4387 0.4387 0.4387 0.4387 0.4387 0.4387 0.4387 0.4387 0.4387 0.4387 0.4387 0.4387 0.4387 0.4387 0.4387 0.4387 0.4387 0.4387 0.4387 0.4387 0.4387 0.4387 0.4387 0.4387 0.4387 0.4387 0.4387 0.4387 0.4387 0.4387 0.4387 
TS07 0.3144 0.3144 0.3144 0.3144 0.3144 0.3144 0.3144 0.3144 0.3144 0.3144 0.3144 0.3144 0.3144 0.3144 0.3144 0.3144 0.3144 0.3144 0.3144 0.3144 0.3144 0.3144 0.3144 0.3144 0.3144 0.3144 0.3144 0.3144 0.3144 0.3144 0.3144 0.3144 
TS08 0.3739 0.3739 0.3739 0.3739 0.3739 0.3739 0.3739 0.3739 0.3739 0.3739 0.3739 0.3739 0.3739 0.3739 0.3739 0.3739 0.3739 0.3739 0.3739 0.3739 0.3739 0.3739 0.3739 0.3739 0.3739 0.3739 0.3739 0.3739 0.3739 0.3739 0.3739 0.3739 
TS09 0.4403 0.4403 0.4403 0.4403 0.4403 0.4403 0.4403 0.4403 0.4403 0.4403 0.4403 0.4403 0.4403 0.4403 0.4403 0.4403 0.4403 0.4403 0.4403 0.4403 0.4403 0.4403 0.4403 0.4403 0.4403 0.4403 0.4403 0.4403 0.4403 0.4403 0.4403 0.4403 
TS10 0.3641 0.3641 0.3641 0.3641 0.3641 0.3641 0.3641 0.3641 0.3641 0.3641 0.3641 0.3641 0.3641 0.3641 0.3641 0.3641 0.3641 0.3641 0.3641 0.3641 0.3641 0.3641 0.3641 0.3641 0.3641 0.3641 0.3641 0.3641 0.3641 0.3641 0.3641 0.3641 
TS11 0.4701 0.4701 0.4701 0.4701 0.4701 0.4701 0.4701 0.4701 0.4701 0.4701 0.4701 0.4701 0.4701 0.4701 0.4701 0.4701 0.4701 0.4701 0.4701 0.4701 0.4701 0.4701 0.4701 0.4701 0.4701 0.4701 0.4701 0.4701 0.4701 0.4701 0.4701 0.4701 
TS12 0.4714 0.4714 0.4714 0.4714 0.4714 0.4714 0.4714 0.4714 0.4714 0.4714 0.4714 0.4714 0.4714 0.4714 0.4714 0.4714 0.4714 0.4714 0.4714 0.4714 0.4714 0.4714 0.4714 0.4714 0.4714 0.4714 0.4714 0.4714 0.4714 0.4714 0.4714 0.4714 
TS13 0.3133 0.3133 0.3133 0.3133 0.3133 0.3133 0.3133 0.3133 0.3133 0.3133 0.3133 0.3133 0.3133 0.3133 0.3133 0.3133 0.3133 0.3133 0.3133 0.3133 0.3133 0.3133 0.3133 0.3133 0.3133 0.3133 0.3133 0.3133 0.3133 0.3133 0.3133 0.3133 
TS14 0.2958 0.2958 0.2958 0.2958 0.2958 0.2958 0.2958 0.2958 0.2958 0.2958 0.2958 0.2958 0.2958 0.2958 0.2958 0.2958 0.2958 0.2958 0.2958 0.2958 0.2958 0.2958 0.2958 0.2958 0.2958 0.2958 0.2958 0.2958 0.2958 0.2958 0.2958 0.2958 
TS15 0.2892 0.2892 0.2892 0.2892 0.2892 0.2892 0.2892 0.2892 0.2892 0.2892 0.2892 0.2892 0.2892 0.2892 0.2892 0.2892 0.2892 0.2892 0.2892 0.2892 0.2892 0.2892 0.2892 0.2892 0.2892 0.2892 0.2892 0.2892 0.2892 0.2892 0.2892 0.2892 
TS16 0.2862 0.2862 0.2862 0.2862 0.2862 0.2862 0.2862 0.2862 0.2862 0.2862 0.2862 0.2862 0.2862 0.2862 0.2862 0.2862 0.2862 0.2862 0.2862 0.2862 0.2862 0.2862 0.2862 0.2862 0.2862 0.2862 0.2862 0.2862 0.2862 0.2862 0.2862 0.2862 
TS17 0.3589 0.3589 0.3589 0.3589 0.3589 0.3589 0.3589 0.3589 0.3589 0.3589 0.3589 0.3589 0.3589 0.3589 0.3589 0.3589 0.3589 0.3589 0.3589 0.3589 0.3589 0.3589 0.3589 0.3589 0.3589 0.3589 0.3589 0.3589 0.3589 0.3589 0.3589 0.3589 
TS18 0.3528 0.3528 0.3528 0.3528 0.3528 0.3528 0.3528 0.3528 0.3528 0.3528 0.3528 0.3528 0.3528 0.3528 0.3528 0.3528 0.3528 0.3528 0.3528 0.3528 0.3528 0.3528 0.3528 0.3528 0.3528 0.3528 0.3528 0.3528 0.3528 0.3528 0.3528 0.3528 
TS19 0.3632 0.3632 0.3632 0.3632 0.3632 0.3632 0.3632 0.3632 0.3632 0.3632 0.3632 0.3632 0.3632 0.3632 0.3632 0.3632 0.3632 0.3632 0.3632 0.3632 0.3632 0.3632 0.3632 0.3632 0.3632 0.3632 0.3632 0.3632 0.3632 0.3632 0.3632 0.3632 
TS20 0.3241 0.3241 0.3241 0.3241 0.3241 0.3241 0.3241 0.3241 0.3241 0.3241 0.3241 0.3241 0.3241 0.3241 0.3241 0.3241 0.3241 0.3241 0.3241 0.3241 0.3241 0.3241 0.3241 0.3241 0.3241 0.3241 0.3241 0.3241 0.3241 0.3241 0.3241 0.3241 
TS21 0.3134 0.3134 0.3134 0.3134 0.3134 0.3134 0.3134 0.3134 0.3134 0.3134 0.3134 0.3134 0.3134 0.3134 0.3134 0.3134 0.3134 0.3134 0.3134 0.3134 0.3134 0.3134 0.3134 0.3134 0.3134 0.3134 0.3134 0.3134 0.3134 0.3134 0.3134 0.3134 
TS22 0.3116 0.3116 0.3116 0.3116 0.3116 0.3116 0.3116 0.3116 0.3116 0.3116 0.3116 0.3116 0.3116 0.3116 0.3116 0.3116 0.3116 0.3116 0.3116 0.3116 0.3116 0.3116 0.3116 0.3116 0.3116 0.3116 0.3116 0.3116 0.3116 0.3116 0.3116 0.3116 
TS23 0.3967 0.3967 0.3967 0.3967 0.3967 0.3967 0.3967 0.3967 0.3967 0.3967 0.3967 0.3967 0.3967 0.3967 0.3967 0.3967 0.3967 0.3967 0.3967 0.3967 0.3967 0.3967 0.3967 0.3967 0.3967 0.3967 0.3967 0.3967 0.3967 0.3967 0.3967 0.3967 
TS24 0.4108 0.4108 0.4108 0.4108 0.4108 0.4108 0.4108 0.4108 0.4108 0.4108 0.4108 0.4108 0.4108 0.4108 0.4108 0.4108 0.4108 0.4108 0.4108 0.4108 0.4108 0.4108 0.4108 0.4108 0.4108 0.4108 0.4108 0.4108 0.4108 0.4108 0.4108 0.4108 
TS25 0.7262 0.7262 0.7262 0.7262 0.7262 0.7262 0.7262 0.7262 0.7262 0.7262 0.7262 0.7262 0.7262 0.7262 0.7262 0.7262 0.7262 0.7262 0.7262 0.7262 0.7262 0.7262 0.7262 0.7262 0.7262 0.7262 0.7262 0.7262 0.7262 0.7262 0.7262 0.7262 
TS26 0.6849 0.6849 0.6849 0.6849 0.6849 0.6849 0.6849 0.6849 0.6849 0.6849 0.6849 0.6849 0.6849 0.6849 0.6849 0.6849 0.6849 0.6849 0.6849 0.6849 0.6849 0.6849 0.6849 0.6849 0.6849 0.6849 0.6849 0.6849 0.6849 0.6849 0.6849 0.6849 
TS27 0.5789 0.5789 0.5789 0.5789 0.5789 0.5789 0.5789 0.5789 0.5789 0.5789 0.5789 0.5789 0.5789 0.5789 0.5789 0.5789 0.5789 0.5789 0.5789 0.5789 0.5789 0.5789 0.5789 0.5789 0.5789 0.5789 0.5789 0.5789 0.5789 0.5789 0.5789 0.5789 
TS28 0.5214 0.5214 0.5214 0.5214 0.5214 0.5214 0.5214 0.5214 0.5214 0.5214 0.5214 0.5214 0.5214 0.5214 0.5214 0.5214 0.5214 0.5214 0.5214 0.5214 0.5214 0.5214 0.5214 0.5214 0.5214 0.5214 0.5214 0.5214 0.5214 0.5214 0.5214 0.5214 
TS29 0.6899 0.6899 0.6899 0.6899 0.6899 0.6899 0.6899 0.6899 0.6899 0.6899 0.6899 0.6899 0.6899 0.6899 0.6899 0.6899 0.6899 0.6899 0.6899 0.6899 0.6899 0.6899 0.6899 0.6899 0.6899 0.6899 0.6899 0.6899 0.6899 0.6899 0.6899 0.6899 
TS30 0.7249 0.7249 0.7249 0.7249 0.7249 0.7249 0.7249 0.7249 0.7249 0.7249 0.7249 0.7249 0.7249 0.7249 0.7249 0.7249 0.7249 0.7249 0.7249 0.7249 0.7249 0.7249 0.7249 0.7249 0.7249 0.7249 0.7249 0.7249 0.7249 0.7249 0.7249 0.7249 
TS31 0.7495 0.7495 0.7495 0.7495 0.7495 0.7495 0.7495 0.7495 0.7495 0.7495 0.7495 0.7495 0.7495 0.7495 0.7495 0.7495 0.7495 0.7495 0.7495 0.7495 0.7495 0.7495 0.7495 0.7495 0.7495 0.7495 0.7495 0.7495 0.7495 0.7495 0.7495 0.7495 
TS32 0.6949 0.6949 0.6949 0.6949 0.6949 0.6949 0.6949 0.6949 0.6949 0.6949 0.6949 0.6949 0.6949 0.6949 0.6949 0.6949 0.6949 0.6949 0.6949 0.6949 0.6949 0.6949 0.6949 0.6949 0.6949 0.6949 0.6949 0.6949 0.6949 0.6949 0.6949 0.6949 
TS33 0.5843 0.5843 0.5843 0.5843 0.5843 0.5843 0.5843 0.5843 0.5843 0.5843 0.5843 0.5843 0.5843 0.5843 0.5843 0.5843 0.5843 0.5843 0.5843 0.5843 0.5843 0.5843 0.5843 0.5843 0.5843 0.5843 0.5843 0.5843 0.5843 0.5843 0.5843 0.5843 
TS34 0.5408 0.5408 0.5408 0.5408 0.5408 0.5408 0.5408 0.5408 0.5408 0.5408 0.5408 0.5408 0.5408 0.5408 0.5408 0.5408 0.5408 0.5408 0.5408 0.5408 0.5408 0.5408 0.5408 0.5408 0.5408 0.5408 0.5408 0.5408 0.5408 0.5408 0.5408 0.5408 
TS35 0.7135 0.7135 0.7135 0.7135 0.7135 0.7135 0.7135 0.7135 0.7135 0.7135 0.7135 0.7135 0.7135 0.7135 0.7135 0.7135 0.7135 0.7135 0.7135 0.7135 0.7135 0.7135 0.7135 0.7135 0.7135 0.7135 0.7135 0.7135 0.7135 0.7135 0.7135 0.7135 
TS36 0.7396 0.7396 0.7396 0.7396 0.7396 0.7396 0.7396 0.7396 0.7396 0.7396 0.7396 0.7396 0.7396 0.7396 0.7396 0.7396 0.7396 0.7396 0.7396 0.7396 0.7396 0.7396 0.7396 0.7396 0.7396 0.7396 0.7396 0.7396 0.7396 0.7396 0.7396 0.7396 
TS37 0.4288 0.4288 0.4288 0.4288 0.4288 0.4288 0.4288 0.4288 0.4288 0.4288 0.4288 0.4288 0.4288 0.4288 0.4288 0.4288 0.4288 0.4288 0.4288 0.4288 0.4288 0.4288 0.4288 0.4288 0.4288 0.4288 0.4288 0.4288 0.4288 0.4288 0.4288 0.4288 
TS38 0.4745 0.4745 0.4745 0.4745 0.4745 0.4745 0.4745 0.4745 0.4745 0.4745 0.4745 0.4745 0.4745 0.4745 0.4745 0.4745 0.4745 0.4745 0.4745 0.4745 0.4745 0.4745 0.4745 0.4745 0.4745 0.4745 0.4745 0.4745 0.4745 0.4745 0.4745 0.4745 
TS39 0.5239 0.5239 0.5239 0.5239 0.5239 0.5239 0.5239 0.5239 0.5239 0.5239 0.5239 0.5239 0.5239 0.5239 0.5239 0.5239 0.5239 0.5239 0.5239 0.5239 0.5239 0.5239 0.5239 0.5239 0.5239 0.5239 0.5239 0.5239 0.5239 0.5239 0.5239 0.5239 
TS40 0.5571 0.5571 0.5571 0.5571 0.5571 0.5571 0.5571 0.5571 0.5571 0.5571 0.5571 0.5571 0.5571 0.5571 0.5571 0.5571 0.5571 0.5571 0.5571 0.5571 0.5571 0.5571 0.5571 0.5571 0.5571 0.5571 0.5571 0.5571 0.5571 0.5571 0.5571 0.5571 
TS41 0.5994 0.5994 0.5994 0.5994 0.5994 0.5994 0.5994 0.5994 0.5994 0.5994 0.5994 0.5994 0.5994 0.5994 0.5994 0.5994 0.5994 0.5994 0.5994 0.5994 0.5994 0.5994 0.5994 0.5994 0.5994 0.5994 0.5994 0.5994 0.5994 0.5994 0.5994 0.5994 
TS42 0.527 0.527 0.527 0.527 0.527 0.527 0.527 0.527 0.527 0.527 0.527 0.527 0.527 0.527 0.527 0.527 0.527 0.527 0.527 0.527 0.527 0.527 0.527 0.527 0.527 0.527 0.527 0.527 0.527 0.527 0.527 0.527 
TS43 0.4223 0.4223 0.4223 0.4223 0.4223 0.4223 0.4223 0.4223 0.4223 0.4223 0.4223 0.4223 0.4223 0.4223 0.4223 0.4223 0.4223 0.4223 0.4223 0.4223 0.4223 0.4223 0.4223 0.4223 0.4223 0.4223 0.4223 0.4223 0.4223 0.4223 0.4223 0.4223 
TS44 0.4392 0.4392 0.4392 0.4392 0.4392 0.4392 0.4392 0.4392 0.4392 0.4392 0.4392 0.4392 0.4392 0.4392 0.4392 0.4392 0.4392 0.4392 0.4392 0.4392 0.4392 0.4392 0.4392 0.4392 0.4392 0.4392 0.4392 0.4392 0.4392 0.4392 0.4392 0.4392 
TS45 0.5135 0.5135 0.5135 0.5135 0.5135 0.5135 0.5135 0.5135 0.5135 0.5135 0.5135 0.5135 0.5135 0.5135 0.5135 0.5135 0.5135 0.5135 0.5135 0.5135 0.5135 0.5135 0.5135 0.5135 0.5135 0.5135 0.5135 0.5135 0.5135 0.5135 0.5135 0.5135 
TS46 0.5455 0.5455 0.5455 0.5455 0.5455 0.5455 0.5455 0.5455 0.5455 0.5455 0.5455 0.5455 0.5455 0.5455 0.5455 0.5455 0.5455 0.5455 0.5455 0.5455 0.5455 0.5455 0.5455 0.5455 0.5455 0.5455 0.5455 0.5455 0.5455 0.5455 0.5455 0.5455 
TS47 0.6067 0.6067 0.6067 0.6067 0.6067 0.6067 0.6067 0.6067 0.6067 0.6067 0.6067 0.6067 0.6067 0.6067 0.6067 0.6067 0.6067 0.6067 0.6067 0.6067 0.6067 0.6067 0.6067 0.6067 0.6067 0.6067 0.6067 0.6067 0.6067 0.6067 0.6067 0.6067 
TS48 0.5359 0.5359 0.5359 0.5359 0.5359 0.5359 0.5359 0.5359 0.5359 0.5359 0.5359 0.5359 0.5359 0.5359 0.5359 0.5359 0.5359 0.5359 0.5359 0.5359 0.5359 0.5359 0.5359 0.5359 0.5359 0.5359 0.5359 0.5359 0.5359 0.5359 0.5359 0.5359 
[RE1,PWRWND002,*,*]:
2019 2020 2021 2022 2023 2024 2025 2026 2027 2028 2029 2030 2031 2032 2033 2034 2035 2036 2037 2038 2039 2040 2041 2042 2043 2044 2045 2046 2047 2048 2049 2050 :=
TS01 0.6673 0.6673 0.6673 0.6673 0.6673 0.6673 0.6673 0.6673 0.6673 0.6673 0.6673 0.6673 0.6673 0.6673 0.6673 0.6673 0.6673 0.6673 0.6673 0.6673 0.6673 0.6673 0.6673 0.6673 0.6673 0.6673 0.6673 0.6673 0.6673 0.6673 0.6673 0.6673 
TS02 0.5714 0.5714 0.5714 0.5714 0.5714 0.5714 0.5714 0.5714 0.5714 0.5714 0.5714 0.5714 0.5714 0.5714 0.5714 0.5714 0.5714 0.5714 0.5714 0.5714 0.5714 0.5714 0.5714 0.5714 0.5714 0.5714 0.5714 0.5714 0.5714 0.5714 0.5714 0.5714 
TS03 0.6013 0.6013 0.6013 0.6013 0.6013 0.6013 0.6013 0.6013 0.6013 0.6013 0.6013 0.6013 0.6013 0.6013 0.6013 0.6013 0.6013 0.6013 0.6013 0.6013 0.6013 0.6013 0.6013 0.6013 0.6013 0.6013 0.6013 0.6013 0.6013 0.6013 0.6013 0.6013 
TS04 0.7067 0.7067 0.7067 0.7067 0.7067 0.7067 0.7067 0.7067 0.7067 0.7067 0.7067 0.7067 0.7067 0.7067 0.7067 0.7067 0.7067 0.7067 0.7067 0.7067 0.7067 0.7067 0.7067 0.7067 0.7067 0.7067 0.7067 0.7067 0.7067 0.7067 0.7067 0.7067 
TS05 0.7085 0.7085 0.7085 0.7085 0.7085 0.7085 0.7085 0.7085 0.7085 0.7085 0.7085 0.7085 0.7085 0.7085 0.7085 0.7085 0.7085 0.7085 0.7085 0.7085 0.7085 0.7085 0.7085 0.7085 0.7085 0.7085 0.7085 0.7085 0.7085 0.7085 0.7085 0.7085 
TS06 0.6887 0.6887 0.6887 0.6887 0.6887 0.6887 0.6887 0.6887 0.6887 0.6887 0.6887 0.6887 0.6887 0.6887 0.6887 0.6887 0.6887 0.6887 0.6887 0.6887 0.6887 0.6887 0.6887 0.6887 0.6887 0.6887 0.6887 0.6887 0.6887 0.6887 0.6887 0.6887 
TS07 0.6526 0.6526 0.6526 0.6526 0.6526 0.6526 0.6526 0.6526 0.6526 0.6526 0.6526 0.6526 0.6526 0.6526 0.6526 0.6526 0.6526 0.6526 0.6526 0.6526 0.6526 0.6526 0.6526 0.6526 0.6526 0.6526 0.6526 0.6526 0.6526 0.6526 0.6526 0.6526 
TS08 0.5417 0.5417 0.5417 0.5417 0.5417 0.5417 0.5417 0.5417 0.5417 0.5417 0.5417 0.5417 0.5417 0.5417 0.5417 0.5417 0.5417 0.5417 0.5417 0.5417 0.5417 0.5417 0.5417 0.5417 0.5417 0.5417 0.5417 0.5417 0.5417 0.5417 0.5417 0.5417 
TS09 0.6134 0.6134 0.6134 0.6134 0.6134 0.6134 0.6134 0.6134 0.6134 0.6134 0.6134 0.6134 0.6134 0.6134 0.6134 0.6134 0.6134 0.6134 0.6134 0.6134 0.6134 0.6134 0.6134 0.6134 0.6134 0.6134 0.6134 0.6134 0.6134 0.6134 0.6134 0.6134 
TS10 0.7201 0.7201 0.7201 0.7201 0.7201 0.7201 0.7201 0.7201 0.7201 0.7201 0.7201 0.7201 0.7201 0.7201 0.7201 0.7201 0.7201 0.7201 0.7201 0.7201 0.7201 0.7201 0.7201 0.7201 0.7201 0.7201 0.7201 0.7201 0.7201 0.7201 0.7201 0.7201 
TS11 0.7063 0.7063 0.7063 0.7063 0.7063 0.7063 0.7063 0.7063 0.7063 0.7063 0.7063 0.7063 0.7063 0.7063 0.7063 0.7063 0.7063 0.7063 0.7063 0.7063 0.7063 0.7063 0.7063 0.7063 0.7063 0.7063 0.7063 0.7063 0.7063 0.7063 0.7063 0.7063 
TS12 0.7069 0.7069 0.7069 0.7069 0.7069 0.7069 0.7069 0.7069 0.7069 0.7069 0.7069 0.7069 0.7069 0.7069 0.7069 0.7069 0.7069 0.7069 0.7069 0.7069 0.7069 0.7069 0.7069 0.7069 0.7069 0.7069 0.7069 0.7069 0.7069 0.7069 0.7069 0.7069 
TS13 0.347 0.347 0.347 0.347 0.347 0.347 0.347 0.347 0.347 0.347 0.347 0.347 0.347 0.347 0.347 0.347 0.347 0.347 0.347 0.347 0.347 0.347 0.347 0.347 0.347 0.347 0.347 0.347 0.347 0.347 0.347 0.347 
TS14 0.2866 0.2866 0.2866 0.2866 0.2866 0.2866 0.2866 0.2866 0.2866 0.2866 0.2866 0.2866 0.2866 0.2866 0.2866 0.2866 0.2866 0.2866 0.2866 0.2866 0.2866 0.2866 0.2866 0.2866 0.2866 0.2866 0.2866 0.2866 0.2866 0.2866 0.2866 0.2866 
TS15 0.347 0.347 0.347 0.347 0.347 0.347 0.347 0.347 0.347 0.347 0.347 0.347 0.347 0.347 0.347 0.347 0.347 0.347 0.347 0.347 0.347 0.347 0.347 0.347 0.347 0.347 0.347 0.347 0.347 0.347 0.347 0.347 
TS16 0.4301 0.4301 0.4301 0.4301 0.4301 0.4301 0.4301 0.4301 0.4301 0.4301 0.4301 0.4301 0.4301 0.4301 0.4301 0.4301 0.4301 0.4301 0.4301 0.4301 0.4301 0.4301 0.4301 0.4301 0.4301 0.4301 0.4301 0.4301 0.4301 0.4301 0.4301 0.4301 
TS17 0.363 0.363 0.363 0.363 0.363 0.363 0.363 0.363 0.363 0.363 0.363 0.363 0.363 0.363 0.363 0.363 0.363 0.363 0.363 0.363 0.363 0.363 0.363 0.363 0.363 0.363 0.363 0.363 0.363 0.363 0.363 0.363 
TS18 0.359 0.359 0.359 0.359 0.359 0.359 0.359 0.359 0.359 0.359 0.359 0.359 0.359 0.359 0.359 0.359 0.359 0.359 0.359 0.359 0.359 0.359 0.359 0.359 0.359 0.359 0.359 0.359 0.359 0.359 0.359 0.359 
TS19 0.3515 0.3515 0.3515 0.3515 0.3515 0.3515 0.3515 0.3515 0.3515 0.3515 0.3515 0.3515 0.3515 0.3515 0.3515 0.3515 0.3515 0.3515 0.3515 0.3515 0.3515 0.3515 0.3515 0.3515 0.3515 0.3515 0.3515 0.3515 0.3515 0.3515 0.3515 0.3515 
TS20 0.2502 0.2502 0.2502 0.2502 0.2502 0.2502 0.2502 0.2502 0.2502 0.2502 0.2502 0.2502 0.2502 0.2502 0.2502 0.2502 0.2502 0.2502 0.2502 0.2502 0.2502 0.2502 0.2502 0.2502 0.2502 0.2502 0.2502 0.2502 0.2502 0.2502 0.2502 0.2502 
TS21 0.2891 0.2891 0.2891 0.2891 0.2891 0.2891 0.2891 0.2891 0.2891 0.2891 0.2891 0.2891 0.2891 0.2891 0.2891 0.2891 0.2891 0.2891 0.2891 0.2891 0.2891 0.2891 0.2891 0.2891 0.2891 0.2891 0.2891 0.2891 0.2891 0.2891 0.2891 0.2891 
TS22 0.4148 0.4148 0.4148 0.4148 0.4148 0.4148 0.4148 0.4148 0.4148 0.4148 0.4148 0.4148 0.4148 0.4148 0.4148 0.4148 0.4148 0.4148 0.4148 0.4148 0.4148 0.4148 0.4148 0.4148 0.4148 0.4148 0.4148 0.4148 0.4148 0.4148 0.4148 0.4148 
TS23 0.3367 0.3367 0.3367 0.3367 0.3367 0.3367 0.3367 0.3367 0.3367 0.3367 0.3367 0.3367 0.3367 0.3367 0.3367 0.3367 0.3367 0.3367 0.3367 0.3367 0.3367 0.3367 0.3367 0.3367 0.3367 0.3367 0.3367 0.3367 0.3367 0.3367 0.3367 0.3367 
TS24 0.3683 0.3683 0.3683 0.3683 0.3683 0.3683 0.3683 0.3683 0.3683 0.3683 0.3683 0.3683 0.3683 0.3683 0.3683 0.3683 0.3683 0.3683 0.3683 0.3683 0.3683 0.3683 0.3683 0.3683 0.3683 0.3683 0.3683 0.3683 0.3683 0.3683 0.3683 0.3683 
TS25 0.5606 0.5606 0.5606 0.5606 0.5606 0.5606 0.5606 0.5606 0.5606 0.5606 0.5606 0.5606 0.5606 0.5606 0.5606 0.5606 0.5606 0.5606 0.5606 0.5606 0.5606 0.5606 0.5606 0.5606 0.5606 0.5606 0.5606 0.5606 0.5606 0.5606 0.5606 0.5606 
TS26 0.4833 0.4833 0.4833 0.4833 0.4833 0.4833 0.4833 0.4833 0.4833 0.4833 0.4833 0.4833 0.4833 0.4833 0.4833 0.4833 0.4833 0.4833 0.4833 0.4833 0.4833 0.4833 0.4833 0.4833 0.4833 0.4833 0.4833 0.4833 0.4833 0.4833 0.4833 0.4833 
TS27 0.3035 0.3035 0.3035 0.3035 0.3035 0.3035 0.3035 0.3035 0.3035 0.3035 0.3035 0.3035 0.3035 0.3035 0.3035 0.3035 0.3035 0.3035 0.3035 0.3035 0.3035 0.3035 0.3035 0.3035 0.3035 0.3035 0.3035 0.3035 0.3035 0.3035 0.3035 0.3035 
TS28 0.5199 0.5199 0.5199 0.5199 0.5199 0.5199 0.5199 0.5199 0.5199 0.5199 0.5199 0.5199 0.5199 0.5199 0.5199 0.5199 0.5199 0.5199 0.5199 0.5199 0.5199 0.5199 0.5199 0.5199 0.5199 0.5199 0.5199 0.5199 0.5199 0.5199 0.5199 0.5199 
TS29 0.547 0.547 0.547 0.547 0.547 0.547 0.547 0.547 0.547 0.547 0.547 0.547 0.547 0.547 0.547 0.547 0.547 0.547 0.547 0.547 0.547 0.547 0.547 0.547 0.547 0.547 0.547 0.547 0.547 0.547 0.547 0.547 
TS30 0.5481 0.5481 0.5481 0.5481 0.5481 0.5481 0.5481 0.5481 0.5481 0.5481 0.5481 0.5481 0.5481 0.5481 0.5481 0.5481 0.5481 0.5481 0.5481 0.5481 0.5481 0.5481 0.5481 0.5481 0.5481 0.5481 0.5481 0.5481 0.5481 0.5481 0.5481 0.5481 
TS31 0.5472 0.5472 0.5472 0.5472 0.5472 0.5472 0.5472 0.5472 0.5472 0.5472 0.5472 0.5472 0.5472 0.5472 0.5472 0.5472 0.5472 0.5472 0.5472 0.5472 0.5472 0.5472 0.5472 0.5472 0.5472 0.5472 0.5472 0.5472 0.5472 0.5472 0.5472 0.5472 
TS32 0.499 0.499 0.499 0.499 0.499 0.499 0.499 0.499 0.499 0.499 0.499 0.499 0.499 0.499 0.499 0.499 0.499 0.499 0.499 0.499 0.499 0.499 0.499 0.499 0.499 0.499 0.499 0.499 0.499 0.499 0.499 0.499 
TS33 0.2897 0.2897 0.2897 0.2897 0.2897 0.2897 0.2897 0.2897 0.2897 0.2897 0.2897 0.2897 0.2897 0.2897 0.2897 0.2897 0.2897 0.2897 0.2897 0.2897 0.2897 0.2897 0.2897 0.2897 0.2897 0.2897 0.2897 0.2897 0.2897 0.2897 0.2897 0.2897 
TS34 0.4994 0.4994 0.4994 0.4994 0.4994 0.4994 0.4994 0.4994 0.4994 0.4994 0.4994 0.4994 0.4994 0.4994 0.4994 0.4994 0.4994 0.4994 0.4994 0.4994 0.4994 0.4994 0.4994 0.4994 0.4994 0.4994 0.4994 0.4994 0.4994 0.4994 0.4994 0.4994 
TS35 0.5333 0.5333 0.5333 0.5333 0.5333 0.5333 0.5333 0.5333 0.5333 0.5333 0.5333 0.5333 0.5333 0.5333 0.5333 0.5333 0.5333 0.5333 0.5333 0.5333 0.5333 0.5333 0.5333 0.5333 0.5333 0.5333 0.5333 0.5333 0.5333 0.5333 0.5333 0.5333 
TS36 0.5527 0.5527 0.5527 0.5527 0.5527 0.5527 0.5527 0.5527 0.5527 0.5527 0.5527 0.5527 0.5527 0.5527 0.5527 0.5527 0.5527 0.5527 0.5527 0.5527 0.5527 0.5527 0.5527 0.5527 0.5527 0.5527 0.5527 0.5527 0.5527 0.5527 0.5527 0.5527 
TS37 0.6677 0.6677 0.6677 0.6677 0.6677 0.6677 0.6677 0.6677 0.6677 0.6677 0.6677 0.6677 0.6677 0.6677 0.6677 0.6677 0.6677 0.6677 0.6677 0.6677 0.6677 0.6677 0.6677 0.6677 0.6677 0.6677 0.6677 0.6677 0.6677 0.6677 0.6677 0.6677 
TS38 0.5812 0.5812 0.5812 0.5812 0.5812 0.5812 0.5812 0.5812 0.5812 0.5812 0.5812 0.5812 0.5812 0.5812 0.5812 0.5812 0.5812 0.5812 0.5812 0.5812 0.5812 0.5812 0.5812 0.5812 0.5812 0.5812 0.5812 0.5812 0.5812 0.5812 0.5812 0.5812 
TS39 0.636 0.636 0.636 0.636 0.636 0.636 0.636 0.636 0.636 0.636 0.636 0.636 0.636 0.636 0.636 0.636 0.636 0.636 0.636 0.636 0.636 0.636 0.636 0.636 0.636 0.636 0.636 0.636 0.636 0.636 0.636 0.636 
TS40 0.7512 0.7512 0.7512 0.7512 0.7512 0.7512 0.7512 0.7512 0.7512 0.7512 0.7512 0.7512 0.7512 0.7512 0.7512 0.7512 0.7512 0.7512 0.7512 0.7512 0.7512 0.7512 0.7512 0.7512 0.7512 0.7512 0.7512 0.7512 0.7512 0.7512 0.7512 0.7512 
TS41 0.7512 0.7512 0.7512 0.7512 0.7512 0.7512 0.7512 0.7512 0.7512 0.7512 0.7512 0.7512 0.7512 0.7512 0.7512 0.7512 0.7512 0.7512 0.7512 0.7512 0.7512 0.7512 0.7512 0.7512 0.7512 0.7512 0.7512 0.7512 0.7512 0.7512 0.7512 0.7512 
TS42 0.7392 0.7392 0.7392 0.7392 0.7392 0.7392 0.7392 0.7392 0.7392 0.7392 0.7392 0.7392 0.7392 0.7392 0.7392 0.7392 0.7392 0.7392 0.7392 0.7392 0.7392 0.7392 0.7392 0.7392 0.7392 0.7392 0.7392 0.7392 0.7392 0.7392 0.7392 0.7392 
TS43 0.6758 0.6758 0.6758 0.6758 0.6758 0.6758 0.6758 0.6758 0.6758 0.6758 0.6758 0.6758 0.6758 0.6758 0.6758 0.6758 0.6758 0.6758 0.6758 0.6758 0.6758 0.6758 0.6758 0.6758 0.6758 0.6758 0.6758 0.6758 0.6758 0.6758 0.6758 0.6758 
TS44 0.6013 0.6013 0.6013 0.6013 0.6013 0.6013 0.6013 0.6013 0.6013 0.6013 0.6013 0.6013 0.6013 0.6013 0.6013 0.6013 0.6013 0.6013 0.6013 0.6013 0.6013 0.6013 0.6013 0.6013 0.6013 0.6013 0.6013 0.6013 0.6013 0.6013 0.6013 0.6013 
TS45 0.6545 0.6545 0.6545 0.6545 0.6545 0.6545 0.6545 0.6545 0.6545 0.6545 0.6545 0.6545 0.6545 0.6545 0.6545 0.6545 0.6545 0.6545 0.6545 0.6545 0.6545 0.6545 0.6545 0.6545 0.6545 0.6545 0.6545 0.6545 0.6545 0.6545 0.6545 0.6545 
TS46 0.7851 0.7851 0.7851 0.7851 0.7851 0.7851 0.7851 0.7851 0.7851 0.7851 0.7851 0.7851 0.7851 0.7851 0.7851 0.7851 0.7851 0.7851 0.7851 0.7851 0.7851 0.7851 0.7851 0.7851 0.7851 0.7851 0.7851 0.7851 0.7851 0.7851 0.7851 0.7851 
TS47 0.7951 0.7951 0.7951 0.7951 0.7951 0.7951 0.7951 0.7951 0.7951 0.7951 0.7951 0.7951 0.7951 0.7951 0.7951 0.7951 0.7951 0.7951 0.7951 0.7951 0.7951 0.7951 0.7951 0.7951 0.7951 0.7951 0.7951 0.7951 0.7951 0.7951 0.7951 0.7951 
TS48 0.7665 0.7665 0.7665 0.7665 0.7665 0.7665 0.7665 0.7665 0.7665 0.7665 0.7665 0.7665 0.7665 0.7665 0.7665 0.7665 0.7665 0.7665 0.7665 0.7665 0.7665 0.7665 0.7665 0.7665 0.7665 0.7665 0.7665 0.7665 0.7665 0.7665 0.7665 0.7665 
[RE1,PWRWND003,*,*]:
2019 2020 2021 2022 2023 2024 2025 2026 2027 2028 2029 2030 2031 2032 2033 2034 2035 2036 2037 2038 2039 2040 2041 2042 2043 2044 2045 2046 2047 2048 2049 2050 :=
TS01 0.483 0.483 0.483 0.483 0.483 0.483 0.483 0.483 0.483 0.483 0.483 0.483 0.483 0.483 0.483 0.483 0.483 0.483 0.483 0.483 0.483 0.483 0.483 0.483 0.483 0.483 0.483 0.483 0.483 0.483 0.483 0.483 
TS02 0.5187 0.5187 0.5187 0.5187 0.5187 0.5187 0.5187 0.5187 0.5187 0.5187 0.5187 0.5187 0.5187 0.5187 0.5187 0.5187 0.5187 0.5187 0.5187 0.5187 0.5187 0.5187 0.5187 0.5187 0.5187 0.5187 0.5187 0.5187 0.5187 0.5187 0.5187 0.5187 
TS03 0.547 0.547 0.547 0.547 0.547 0.547 0.547 0.547 0.547 0.547 0.547 0.547 0.547 0.547 0.547 0.547 0.547 0.547 0.547 0.547 0.547 0.547 0.547 0.547 0.547 0.547 0.547 0.547 0.547 0.547 0.547 0.547 
TS04 0.453 0.453 0.453 0.453 0.453 0.453 0.453 0.453 0.453 0.453 0.453 0.453 0.453 0.453 0.453 0.453 0.453 0.453 0.453 0.453 0.453 0.453 0.453 0.453 0.453 0.453 0.453 0.453 0.453 0.453 0.453 0.453 
TS05 0.5271 0.5271 0.5271 0.5271 0.5271 0.5271 0.5271 0.5271 0.5271 0.5271 0.5271 0.5271 0.5271 0.5271 0.5271 0.5271 0.5271 0.5271 0.5271 0.5271 0.5271 0.5271 0.5271 0.5271 0.5271 0.5271 0.5271 0.5271 0.5271 0.5271 0.5271 0.5271 
TS06 0.5485 0.5485 0.5485 0.5485 0.5485 0.5485 0.5485 0.5485 0.5485 0.5485 0.5485 0.5485 0.5485 0.5485 0.5485 0.5485 0.5485 0.5485 0.5485 0.5485 0.5485 0.5485 0.5485 0.5485 0.5485 0.5485 0.5485 0.5485 0.5485 0.5485 0.5485 0.5485 
TS07 0.4524 0.4524 0.4524 0.4524 0.4524 0.4524 0.4524 0.4524 0.4524 0.4524 0.4524 0.4524 0.4524 0.4524 0.4524 0.4524 0.4524 0.4524 0.4524 0.4524 0.4524 0.4524 0.4524 0.4524 0.4524 0.4524 0.4524 0.4524 0.4524 0.4524 0.4524 0.4524 
TS08 0.4939 0.4939 0.4939 0.4939 0.4939 0.4939 0.4939 0.4939 0.4939 0.4939 0.4939 0.4939 0.4939 0.4939 0.4939 0.4939 0.4939 0.4939 0.4939 0.4939 0.4939 0.4939 0.4939 0.4939 0.4939 0.4939 0.4939 0.4939 0.4939 0.4939 0.4939 0.4939 
TS09 0.5429 0.5429 0.5429 0.5429 0.5429 0.5429 0.5429 0.5429 0.5429 0.5429 0.5429 0.5429 0.5429 0.5429 0.5429 0.5429 0.5429 0.5429 0.5429 0.5429 0.5429 0.5429 0.5429 0.5429 0.5429 0.5429 0.5429 0.5429 0.5429 0.5429 0.5429 0.5429 
TS10 0.4931 0.4931 0.4931 0.4931 0.4931 0.4931 0.4931 0.4931 0.4931 0.4931 0.4931 0.4931 0.4931 0.4931 0.4931 0.4931 0.4931 0.4931 0.4931 0.4931 0.4931 0.4931 0.4931 0.4931 0.4931 0.4931 0.4931 0.4931 0.4931 0.4931 0.4931 0.4931 
TS11 0.5699 0.5699 0.5699 0.5699 0.5699 0.5699 0.5699 0.5699 0.5699 0.5699 0.5699 0.5699 0.5699 0.5699 0.5699 0.5699 0.5699 0.5699 0.5699 0.5699 0.5699 0.5699 0.5699 0.5699 0.5699 0.5699 0.5699 0.5699 0.5699 0.5699 0.5699 0.5699 
TS12 0.5764 0.5764 0.5764 0.5764 0.5764 0.5764 0.5764 0.5764 0.5764 0.5764 0.5764 0.5764 0.5764 0.5764 0.5764 0.5764 0.5764 0.5764 0.5764 0.5764 0.5764 0.5764 0.5764 0.5764 0.5764 0.5764 0.5764 0.5764 0.5764 0.5764 0.5764 0.5764 
TS13 0.4388 0.4388 0.4388 0.4388 0.4388 0.4388 0.4388 0.4388 0.4388 0.4388 0.4388 0.4388 0.4388 0.4388 0.4388 0.4388 0.4388 0.4388 0.4388 0.4388 0.4388 0.4388 0.4388 0.4388 0.4388 0.4388 0.4388 0.4388 0.4388 0.4388 0.4388 0.4388 
TS14 0.443 0.443 0.443 0.443 0.443 0.443 0.443 0.443 0.443 0.443 0.443 0.443 0.443 0.443 0.443 0.443 0.443 0.443 0.443 0.443 0.443 0.443 0.443 0.443 0.443 0.443 0.443 0.443 0.443 0.443 0.443 0.443 
TS15 0.4478 0.4478 0.4478 0.4478 0.4478 0.4478 0.4478 0.4478 0.4478 0.4478 0.4478 0.4478 0.4478 0.4478 0.4478 0.4478 0.4478 0.4478 0.4478 0.4478 0.4478 0.4478 0.4478 0.4478 0.4478 0.4478 0.4478 0.4478 0.4478 0.4478 0.4478 0.4478 
TS16 0.4211 0.4211 0.4211 0.4211 0.4211 0.4211 0.4211 0.4211 0.4211 0.4211 0.4211 0.4211 0.4211 0.4211 0.4211 0.4211 0.4211 0.4211 0.4211 0.4211 0.4211 0.4211 0.4211 0.4211 0.4211 0.4211 0.4211 0.4211 0.4211 0.4211 0.4211 0.4211 
TS17 0.4679 0.4679 0.4679 0.4679 0.4679 0.4679 0.4679 0.4679 0.4679 0.4679 0.4679 0.4679 0.4679 0.4679 0.4679 0.4679 0.4679 0.4679 0.4679 0.4679 0.4679 0.4679 0.4679 0.4679 0.4679 0.4679 0.4679 0.4679 0.4679 0.4679 0.4679 0.4679 
TS18 0.466 0.466 0.466 0.466 0.466 0.466 0.466 0.466 0.466 0.466 0.466 0.466 0.466 0.466 0.466 0.466 0.466 0.466 0.466 0.466 0.466 0.466 0.466 0.466 0.466 0.466 0.466 0.466 0.466 0.466 0.466 0.466 
TS19 0.5141 0.5141 0.5141 0.5141 0.5141 0.5141 0.5141 0.5141 0.5141 0.5141 0.5141 0.5141 0.5141 0.5141 0.5141 0.5141 0.5141 0.5141 0.5141 0.5141 0.5141 0.5141 0.5141 0.5141 0.5141 0.5141 0.5141 0.5141 0.5141 0.5141 0.5141 0.5141 
TS20 0.5121 0.5121 0.5121 0.5121 0.5121 0.5121 0.5121 0.5121 0.5121 0.5121 0.5121 0.5121 0.5121 0.5121 0.5121 0.5121 0.5121 0.5121 0.5121 0.5121 0.5121 0.5121 0.5121 0.5121 0.5121 0.5121 0.5121 0.5121 0.5121 0.5121 0.5121 0.5121 
TS21 0.4962 0.4962 0.4962 0.4962 0.4962 0.4962 0.4962 0.4962 0.4962 0.4962 0.4962 0.4962 0.4962 0.4962 0.4962 0.4962 0.4962 0.4962 0.4962 0.4962 0.4962 0.4962 0.4962 0.4962 0.4962 0.4962 0.4962 0.4962 0.4962 0.4962 0.4962 0.4962 
TS22 0.4638 0.4638 0.4638 0.4638 0.4638 0.4638 0.4638 0.4638 0.4638 0.4638 0.4638 0.4638 0.4638 0.4638 0.4638 0.4638 0.4638 0.4638 0.4638 0.4638 0.4638 0.4638 0.4638 0.4638 0.4638 0.4638 0.4638 0.4638 0.4638 0.4638 0.4638 0.4638 
TS23 0.512 0.512 0.512 0.512 0.512 0.512 0.512 0.512 0.512 0.512 0.512 0.512 0.512 0.512 0.512 0.512 0.512 0.512 0.512 0.512 0.512 0.512 0.512 0.512 0.512 0.512 0.512 0.512 0.512 0.512 0.512 0.512 
TS24 0.5264 0.5264 0.5264 0.5264 0.5264 0.5264 0.5264 0.5264 0.5264 0.5264 0.5264 0.5264 0.5264 0.5264 0.5264 0.5264 0.5264 0.5264 0.5264 0.5264 0.5264 0.5264 0.5264 0.5264 0.5264 0.5264 0.5264 0.5264 0.5264 0.5264 0.5264 0.5264 
TS25 0.7867 0.7867 0.7867 0.7867 0.7867 0.7867 0.7867 0.7867 0.7867 0.7867 0.7867 0.7867 0.7867 0.7867 0.7867 0.7867 0.7867 0.7867 0.7867 0.7867 0.7867 0.7867 0.7867 0.7867 0.7867 0.7867 0.7867 0.7867 0.7867 0.7867 0.7867 0.7867 
TS26 0.7883 0.7883 0.7883 0.7883 0.7883 0.7883 0.7883 0.7883 0.7883 0.7883 0.7883 0.7883 0.7883 0.7883 0.7883 0.7883 0.7883 0.7883 0.7883 0.7883 0.7883 0.7883 0.7883 0.7883 0.7883 0.7883 0.7883 0.7883 0.7883 0.7883 0.7883 0.7883 
TS27 0.7116 0.7116 0.7116 0.7116 0.7116 0.7116 0.7116 0.7116 0.7116 0.7116 0.7116 0.7116 0.7116 0.7116 0.7116 0.7116 0.7116 0.7116 0.7116 0.7116 0.7116 0.7116 0.7116 0.7116 0.7116 0.7116 0.7116 0.7116 0.7116 0.7116 0.7116 0.7116 
TS28 0.6644 0.6644 0.6644 0.6644 0.6644 0.6644 0.6644 0.6644 0.6644 0.6644 0.6644 0.6644 0.6644 0.6644 0.6644 0.6644 0.6644 0.6644 0.6644 0.6644 0.6644 0.6644 0.6644 0.6644 0.6644 0.6644 0.6644 0.6644 0.6644 0.6644 0.6644 0.6644 
TS29 0.7595 0.7595 0.7595 0.7595 0.7595 0.7595 0.7595 0.7595 0.7595 0.7595 0.7595 0.7595 0.7595 0.7595 0.7595 0.7595 0.7595 0.7595 0.7595 0.7595 0.7595 0.7595 0.7595 0.7595 0.7595 0.7595 0.7595 0.7595 0.7595 0.7595 0.7595 0.7595 
TS30 0.7753 0.7753 0.7753 0.7753 0.7753 0.7753 0.7753 0.7753 0.7753 0.7753 0.7753 0.7753 0.7753 0.7753 0.7753 0.7753 0.7753 0.7753 0.7753 0.7753 0.7753 0.7753 0.7753 0.7753 0.7753 0.7753 0.7753 0.7753 0.7753 0.7753 0.7753 0.7753 
TS31 0.8109 0.8109 0.8109 0.8109 0.8109 0.8109 0.8109 0.8109 0.8109 0.8109 0.8109 0.8109 0.8109 0.8109 0.8109 0.8109 0.8109 0.8109 0.8109 0.8109 0.8109 0.8109 0.8109 0.8109 0.8109 0.8109 0.8109 0.8109 0.8109 0.8109 0.8109 0.8109 
TS32 0.798 0.798 0.798 0.798 0.798 0.798 0.798 0.798 0.798 0.798 0.798 0.798 0.798 0.798 0.798 0.798 0.798 0.798 0.798 0.798 0.798 0.798 0.798 0.798 0.798 0.798 0.798 0.798 0.798 0.798 0.798 0.798 
TS33 0.7231 0.7231 0.7231 0.7231 0.7231 0.7231 0.7231 0.7231 0.7231 0.7231 0.7231 0.7231 0.7231 0.7231 0.7231 0.7231 0.7231 0.7231 0.7231 0.7231 0.7231 0.7231 0.7231 0.7231 0.7231 0.7231 0.7231 0.7231 0.7231 0.7231 0.7231 0.7231 
TS34 0.6866 0.6866 0.6866 0.6866 0.6866 0.6866 0.6866 0.6866 0.6866 0.6866 0.6866 0.6866 0.6866 0.6866 0.6866 0.6866 0.6866 0.6866 0.6866 0.6866 0.6866 0.6866 0.6866 0.6866 0.6866 0.6866 0.6866 0.6866 0.6866 0.6866 0.6866 0.6866 
TS35 0.7787 0.7787 0.7787 0.7787 0.7787 0.7787 0.7787 0.7787 0.7787 0.7787 0.7787 0.7787 0.7787 0.7787 0.7787 0.7787 0.7787 0.7787 0.7787 0.7787 0.7787 0.7787 0.7787 0.7787 0.7787 0.7787 0.7787 0.7787 0.7787 0.7787 0.7787 0.7787 
TS36 0.7907 0.7907 0.7907 0.7907 0.7907 0.7907 0.7907 0.7907 0.7907 0.7907 0.7907 0.7907 0.7907 0.7907 0.7907 0.7907 0.7907 0.7907 0.7907 0.7907 0.7907 0.7907 0.7907 0.7907 0.7907 0.7907 0.7907 0.7907 0.7907 0.7907 0.7907 0.7907 
TS37 0.5688 0.5688 0.5688 0.5688 0.5688 0.5688 0.5688 0.5688 0.5688 0.5688 0.5688 0.5688 0.5688 0.5688 0.5688 0.5688 0.5688 0.5688 0.5688 0.5688 0.5688 0.5688 0.5688 0.5688 0.5688 0.5688 0.5688 0.5688 0.5688 0.5688 0.5688 0.5688 
TS38 0.5848 0.5848 0.5848 0.5848 0.5848 0.5848 0.5848 0.5848 0.5848 0.5848 0.5848 0.5848 0.5848 0.5848 0.5848 0.5848 0.5848 0.5848 0.5848 0.5848 0.5848 0.5848 0.5848 0.5848 0.5848 0.5848 0.5848 0.5848 0.5848 0.5848 0.5848 0.5848 
TS39 0.665 0.665 0.665 0.665 0.665 0.665 0.665 0.665 0.665 0.665 0.665 0.665 0.665 0.665 0.665 0.665 0.665 0.665 0.665 0.665 0.665 0.665 0.665 0.665 0.665 0.665 0.665 0.665 0.665 0.665 0.665 0.665 
TS40 0.6825 0.6825 0.6825 0.6825 0.6825 0.6825 0.6825 0.6825 0.6825 0.6825 0.6825 0.6825 0.6825 0.6825 0.6825 0.6825 0.6825 0.6825 0.6825 0.6825 0.6825 0.6825 0.6825 0.6825 0.6825 0.6825 0.6825 0.6825 0.6825 0.6825 0.6825 0.6825 
TS41 0.7052 0.7052 0.7052 0.7052 0.7052 0.7052 0.7052 0.7052 0.7052 0.7052 0.7052 0.7052 0.7052 0.7052 0.7052 0.7052 0.7052 0.7052 0.7052 0.7052 0.7052 0.7052 0.7052 0.7052 0.7052 0.7052 0.7052 0.7052 0.7052 0.7052 0.7052 0.7052 
TS42 0.6592 0.6592 0.6592 0.6592 0.6592 0.6592 0.6592 0.6592 0.6592 0.6592 0.6592 0.6592 0.6592 0.6592 0.6592 0.6592 0.6592 0.6592 0.6592 0.6592 0.6592 0.6592 0.6592 0.6592 0.6592 0.6592 0.6592 0.6592 0.6592 0.6592 0.6592 0.6592 
TS43 0.5737 0.5737 0.5737 0.5737 0.5737 0.5737 0.5737 0.5737 0.5737 0.5737 0.5737 0.5737 0.5737 0.5737 0.5737 0.5737 0.5737 0.5737 0.5737 0.5737 0.5737 0.5737 0.5737 0.5737 0.5737 0.5737 0.5737 0.5737 0.5737 0.5737 0.5737 0.5737 
TS44 0.5695 0.5695 0.5695 0.5695 0.5695 0.5695 0.5695 0.5695 0.5695 0.5695 0.5695 0.5695 0.5695 0.5695 0.5695 0.5695 0.5695 0.5695 0.5695 0.5695 0.5695 0.5695 0.5695 0.5695 0.5695 0.5695 0.5695 0.5695 0.5695 0.5695 0.5695 0.5695 
TS45 0.678 0.678 0.678 0.678 0.678 0.678 0.678 0.678 0.678 0.678 0.678 0.678 0.678 0.678 0.678 0.678 0.678 0.678 0.678 0.678 0.678 0.678 0.678 0.678 0.678 0.678 0.678 0.678 0.678 0.678 0.678 0.678 
TS46 0.7013 0.7013 0.7013 0.7013 0.7013 0.7013 0.7013 0.7013 0.7013 0.7013 0.7013 0.7013 0.7013 0.7013 0.7013 0.7013 0.7013 0.7013 0.7013 0.7013 0.7013 0.7013 0.7013 0.7013 0.7013 0.7013 0.7013 0.7013 0.7013 0.7013 0.7013 0.7013 
TS47 0.7282 0.7282 0.7282 0.7282 0.7282 0.7282 0.7282 0.7282 0.7282 0.7282 0.7282 0.7282 0.7282 0.7282 0.7282 0.7282 0.7282 0.7282 0.7282 0.7282 0.7282 0.7282 0.7282 0.7282 0.7282 0.7282 0.7282 0.7282 0.7282 0.7282 0.7282 0.7282 
TS48 0.6839 0.6839 0.6839 0.6839 0.6839 0.6839 0.6839 0.6839 0.6839 0.6839 0.6839 0.6839 0.6839 0.6839 0.6839 0.6839 0.6839 0.6839 0.6839 0.6839 0.6839 0.6839 0.6839 0.6839 0.6839 0.6839 0.6839 0.6839 0.6839 0.6839 0.6839 0.6839 
[RE1,PWRWND004,*,*]:
2019 2020 2021 2022 2023 2024 2025 2026 2027 2028 2029 2030 2031 2032 2033 2034 2035 2036 2037 2038 2039 2040 2041 2042 2043 2044 2045 2046 2047 2048 2049 2050 :=
TS01 0.6782 0.6782 0.6782 0.6782 0.6782 0.6782 0.6782 0.6782 0.6782 0.6782 0.6782 0.6782 0.6782 0.6782 0.6782 0.6782 0.6782 0.6782 0.6782 0.6782 0.6782 0.6782 0.6782 0.6782 0.6782 0.6782 0.6782 0.6782 0.6782 0.6782 0.6782 0.6782 
TS02 0.6729 0.6729 0.6729 0.6729 0.6729 0.6729 0.6729 0.6729 0.6729 0.6729 0.6729 0.6729 0.6729 0.6729 0.6729 0.6729 0.6729 0.6729 0.6729 0.6729 0.6729 0.6729 0.6729 0.6729 0.6729 0.6729 0.6729 0.6729 0.6729 0.6729 0.6729 0.6729 
TS03 0.6277 0.6277 0.6277 0.6277 0.6277 0.6277 0.6277 0.6277 0.6277 0.6277 0.6277 0.6277 0.6277 0.6277 0.6277 0.6277 0.6277 0.6277 0.6277 0.6277 0.6277 0.6277 0.6277 0.6277 0.6277 0.6277 0.6277 0.6277 0.6277 0.6277 0.6277 0.6277 
TS04 0.5374 0.5374 0.5374 0.5374 0.5374 0.5374 0.5374 0.5374 0.5374 0.5374 0.5374 0.5374 0.5374 0.5374 0.5374 0.5374 0.5374 0.5374 0.5374 0.5374 0.5374 0.5374 0.5374 0.5374 0.5374 0.5374 0.5374 0.5374 0.5374 0.5374 0.5374 0.5374 
TS05 0.5694 0.5694 0.5694 0.5694 0.5694 0.5694 0.5694 0.5694 0.5694 0.5694 0.5694 0.5694 0.5694 0.5694 0.5694 0.5694 0.5694 0.5694 0.5694 0.5694 0.5694 0.5694 0.5694 0.5694 0.5694 0.5694 0.5694 0.5694 0.5694 0.5694 0.5694 0.5694 
TS06 0.5934 0.5934 0.5934 0.5934 0.5934 0.5934 0.5934 0.5934 0.5934 0.5934 0.5934 0.5934 0.5934 0.5934 0.5934 0.5934 0.5934 0.5934 0.5934 0.5934 0.5934 0.5934 0.5934 0.5934 0.5934 0.5934 0.5934 0.5934 0.5934 0.5934 0.5934 0.5934 
TS07 0.652 0.652 0.652 0.652 0.652 0.652 0.652 0.652 0.652 0.652 0.652 0.652 0.652 0.652 0.652 0.652 0.652 0.652 0.652 0.652 0.652 0.652 0.652 0.652 0.652 0.652 0.652 0.652 0.652 0.652 0.652 0.652 
TS08 0.6597 0.6597 0.6597 0.6597 0.6597 0.6597 0.6597 0.6597 0.6597 0.6597 0.6597 0.6597 0.6597 0.6597 0.6597 0.6597 0.6597 0.6597 0.6597 0.6597 0.6597 0.6597 0.6597 0.6597 0.6597 0.6597 0.6597 0.6597 0.6597 0.6597 0.6597 0.6597 
TS09 0.6192 0.6192 0.6192 0.6192 0.6192 0.6192 0.6192 0.6192 0.6192 0.6192 0.6192 0.6192 0.6192 0.6192 0.6192 0.6192 0.6192 0.6192 0.6192 0.6192 0.6192 0.6192 0.6192 0.6192 0.6192 0.6192 0.6192 0.6192 0.6192 0.6192 0.6192 0.6192 
TS10 0.5739 0.5739 0.5739 0.5739 0.5739 0.5739 0.5739 0.5739 0.5739 0.5739 0.5739 0.5739 0.5739 0.5739 0.5739 0.5739 0.5739 0.5739 0.5739 0.5739 0.5739 0.5739 0.5739 0.5739 0.5739 0.5739 0.5739 0.5739 0.5739 0.5739 0.5739 0.5739 
TS11 0.6286 0.6286 0.6286 0.6286 0.6286 0.6286 0.6286 0.6286 0.6286 0.6286 0.6286 0.6286 0.6286 0.6286 0.6286 0.6286 0.6286 0.6286 0.6286 0.6286 0.6286 0.6286 0.6286 0.6286 0.6286 0.6286 0.6286 0.6286 0.6286 0.6286 0.6286 0.6286 
TS12 0.6604 0.6604 0.6604 0.6604 0.6604 0.6604 0.6604 0.6604 0.6604 0.6604 0.6604 0.6604 0.6604 0.6604 0.6604 0.6604 0.6604 0.6604 0.6604 0.6604 0.6604 0.6604 0.6604 0.6604 0.6604 0.6604 0.6604 0.6604 0.6604 0.6604 0.6604 0.6604 
TS13 0.5784 0.5784 0.5784 0.5784 0.5784 0.5784 0.5784 0.5784 0.5784 0.5784 0.5784 0.5784 0.5784 0.5784 0.5784 0.5784 0.5784 0.5784 0.5784 0.5784 0.5784 0.5784 0.5784 0.5784 0.5784 0.5784 0.5784 0.5784 0.5784 0.5784 0.5784 0.5784 
TS14 0.5985 0.5985 0.5985 0.5985 0.5985 0.5985 0.5985 0.5985 0.5985 0.5985 0.5985 0.5985 0.5985 0.5985 0.5985 0.5985 0.5985 0.5985 0.5985 0.5985 0.5985 0.5985 0.5985 0.5985 0.5985 0.5985 0.5985 0.5985 0.5985 0.5985 0.5985 0.5985 
TS15 0.4825 0.4825 0.4825 0.4825 0.4825 0.4825 0.4825 0.4825 0.4825 0.4825 0.4825 0.4825 0.4825 0.4825 0.4825 0.4825 0.4825 0.4825 0.4825 0.4825 0.4825 0.4825 0.4825 0.4825 0.4825 0.4825 0.4825 0.4825 0.4825 0.4825 0.4825 0.4825 
TS16 0.3464 0.3464 0.3464 0.3464 0.3464 0.3464 0.3464 0.3464 0.3464 0.3464 0.3464 0.3464 0.3464 0.3464 0.3464 0.3464 0.3464 0.3464 0.3464 0.3464 0.3464 0.3464 0.3464 0.3464 0.3464 0.3464 0.3464 0.3464 0.3464 0.3464 0.3464 0.3464 
TS17 0.4266 0.4266 0.4266 0.4266 0.4266 0.4266 0.4266 0.4266 0.4266 0.4266 0.4266 0.4266 0.4266 0.4266 0.4266 0.4266 0.4266 0.4266 0.4266 0.4266 0.4266 0.4266 0.4266 0.4266 0.4266 0.4266 0.4266 0.4266 0.4266 0.4266 0.4266 0.4266 
TS18 0.5183 0.5183 0.5183 0.5183 0.5183 0.5183 0.5183 0.5183 0.5183 0.5183 0.5183 0.5183 0.5183 0.5183 0.5183 0.5183 0.5183 0.5183 0.5183 0.5183 0.5183 0.5183 0.5183 0.5183 0.5183 0.5183 0.5183 0.5183 0.5183 0.5183 0.5183 0.5183 
TS19 0.672 0.672 0.672 0.672 0.672 0.672 0.672 0.672 0.672 0.672 0.672 0.672 0.672 0.672 0.672 0.672 0.672 0.672 0.672 0.672 0.672 0.672 0.672 0.672 0.672 0.672 0.672 0.672 0.672 0.672 0.672 0.672 
TS20 0.7216 0.7216 0.7216 0.7216 0.7216 0.7216 0.7216 0.7216 0.7216 0.7216 0.7216 0.7216 0.7216 0.7216 0.7216 0.7216 0.7216 0.7216 0.7216 0.7216 0.7216 0.7216 0.7216 0.7216 0.7216 0.7216 0.7216 0.7216 0.7216 0.7216 0.7216 0.7216 
TS21 0.5383 0.5383 0.5383 0.5383 0.5383 0.5383 0.5383 0.5383 0.5383 0.5383 0.5383 0.5383 0.5383 0.5383 0.5383 0.5383 0.5383 0.5383 0.5383 0.5383 0.5383 0.5383 0.5383 0.5383 0.5383 0.5383 0.5383 0.5383 0.5383 0.5383 0.5383 0.5383 
TS22 0.4093 0.4093 0.4093 0.4093 0.4093 0.4093 0.4093 0.4093 0.4093 0.4093 0.4093 0.4093 0.4093 0.4093 0.4093 0.4093 0.4093 0.4093 0.4093 0.4093 0.4093 0.4093 0.4093 0.4093 0.4093 0.4093 0.4093 0.4093 0.4093 0.4093 0.4093 0.4093 
TS23 0.4684 0.4684 0.4684 0.4684 0.4684 0.4684 0.4684 0.4684 0.4684 0.4684 0.4684 0.4684 0.4684 0.4684 0.4684 0.4684 0.4684 0.4684 0.4684 0.4684 0.4684 0.4684 0.4684 0.4684 0.4684 0.4684 0.4684 0.4684 0.4684 0.4684 0.4684 0.4684 
TS24 0.5427 0.5427 0.5427 0.5427 0.5427 0.5427 0.5427 0.5427 0.5427 0.5427 0.5427 0.5427 0.5427 0.5427 0.5427 0.5427 0.5427 0.5427 0.5427 0.5427 0.5427 0.5427 0.5427 0.5427 0.5427 0.5427 0.5427 0.5427 0.5427 0.5427 0.5427 0.5427 
TS25 0.7611 0.7611 0.7611 0.7611 0.7611 0.7611 0.7611 0.7611 0.7611 0.7611 0.7611 0.7611 0.7611 0.7611 0.7611 0.7611 0.7611 0.7611 0.7611 0.7611 0.7611 0.7611 0.7611 0.7611 0.7611 0.7611 0.7611 0.7611 0.7611 0.7611 0.7611 0.7611 
TS26 0.7923 0.7923 0.7923 0.7923 0.7923 0.7923 0.7923 0.7923 0.7923 0.7923 0.7923 0.7923 0.7923 0.7923 0.7923 0.7923 0.7923 0.7923 0.7923 0.7923 0.7923 0.7923 0.7923 0.7923 0.7923 0.7923 0.7923 0.7923 0.7923 0.7923 0.7923 0.7923 
TS27 0.6678 0.6678 0.6678 0.6678 0.6678 0.6678 0.6678 0.6678 0.6678 0.6678 0.6678 0.6678 0.6678 0.6678 0.6678 0.6678 0.6678 0.6678 0.6678 0.6678 0.6678 0.6678 0.6678 0.6678 0.6678 0.6678 0.6678 0.6678 0.6678 0.6678 0.6678 0.6678 
TS28 0.5037 0.5037 0.5037 0.5037 0.5037 0.5037 0.5037 0.5037 0.5037 0.5037 0.5037 0.5037 0.5037 0.5037 0.5037 0.5037 0.5037 0.5037 0.5037 0.5037 0.5037 0.5037 0.5037 0.5037 0.5037 0.5037 0.5037 0.5037 0.5037 0.5037 0.5037 0.5037 
TS29 0.6119 0.6119 0.6119 0.6119 0.6119 0.6119 0.6119 0.6119 0.6119 0.6119 0.6119 0.6119 0.6119 0.6119 0.6119 0.6119 0.6119 0.6119 0.6119 0.6119 0.6119 0.6119 0.6119 0.6119 0.6119 0.6119 0.6119 0.6119 0.6119 0.6119 0.6119 0.6119 
TS30 0.7102 0.7102 0.7102 0.7102 0.7102 0.7102 0.7102 0.7102 0.7102 0.7102 0.7102 0.7102 0.7102 0.7102 0.7102 0.7102 0.7102 0.7102 0.7102 0.7102 0.7102 0.7102 0.7102 0.7102 0.7102 0.7102 0.7102 0.7102 0.7102 0.7102 0.7102 0.7102 
TS31 0.8062 0.8062 0.8062 0.8062 0.8062 0.8062 0.8062 0.8062 0.8062 0.8062 0.8062 0.8062 0.8062 0.8062 0.8062 0.8062 0.8062 0.8062 0.8062 0.8062 0.8062 0.8062 0.8062 0.8062 0.8062 0.8062 0.8062 0.8062 0.8062 0.8062 0.8062 0.8062 
TS32 0.8201 0.8201 0.8201 0.8201 0.8201 0.8201 0.8201 0.8201 0.8201 0.8201 0.8201 0.8201 0.8201 0.8201 0.8201 0.8201 0.8201 0.8201 0.8201 0.8201 0.8201 0.8201 0.8201 0.8201 0.8201 0.8201 0.8201 0.8201 0.8201 0.8201 0.8201 0.8201 
TS33 0.6889 0.6889 0.6889 0.6889 0.6889 0.6889 0.6889 0.6889 0.6889 0.6889 0.6889 0.6889 0.6889 0.6889 0.6889 0.6889 0.6889 0.6889 0.6889 0.6889 0.6889 0.6889 0.6889 0.6889 0.6889 0.6889 0.6889 0.6889 0.6889 0.6889 0.6889 0.6889 
TS34 0.5014 0.5014 0.5014 0.5014 0.5014 0.5014 0.5014 0.5014 0.5014 0.5014 0.5014 0.5014 0.5014 0.5014 0.5014 0.5014 0.5014 0.5014 0.5014 0.5014 0.5014 0.5014 0.5014 0.5014 0.5014 0.5014 0.5014 0.5014 0.5014 0.5014 0.5014 0.5014 
TS35 0.5971 0.5971 0.5971 0.5971 0.5971 0.5971 0.5971 0.5971 0.5971 0.5971 0.5971 0.5971 0.5971 0.5971 0.5971 0.5971 0.5971 0.5971 0.5971 0.5971 0.5971 0.5971 0.5971 0.5971 0.5971 0.5971 0.5971 0.5971 0.5971 0.5971 0.5971 0.5971 
TS36 0.722 0.722 0.722 0.722 0.722 0.722 0.722 0.722 0.722 0.722 0.722 0.722 0.722 0.722 0.722 0.722 0.722 0.722 0.722 0.722 0.722 0.722 0.722 0.722 0.722 0.722 0.722 0.722 0.722 0.722 0.722 0.722 
TS37 0.7467 0.7467 0.7467 0.7467 0.7467 0.7467 0.7467 0.7467 0.7467 0.7467 0.7467 0.7467 0.7467 0.7467 0.7467 0.7467 0.7467 0.7467 0.7467 0.7467 0.7467 0.7467 0.7467 0.7467 0.7467 0.7467 0.7467 0.7467 0.7467 0.7467 0.7467 0.7467 
TS38 0.7477 0.7477 0.7477 0.7477 0.7477 0.7477 0.7477 0.7477 0.7477 0.7477 0.7477 0.7477 0.7477 0.7477 0.7477 0.7477 0.7477 0.7477 0.7477 0.7477 0.7477 0.7477 0.7477 0.7477 0.7477 0.7477 0.7477 0.7477 0.7477 0.7477 0.7477 0.7477 
TS39 0.7181 0.7181 0.7181 0.7181 0.7181 0.7181 0.7181 0.7181 0.7181 0.7181 0.7181 0.7181 0.7181 0.7181 0.7181 0.7181 0.7181 0.7181 0.7181 0.7181 0.7181 0.7181 0.7181 0.7181 0.7181 0.7181 0.7181 0.7181 0.7181 0.7181 0.7181 0.7181 
TS40 0.6907 0.6907 0.6907 0.6907 0.6907 0.6907 0.6907 0.6907 0.6907 0.6907 0.6907 0.6907 0.6907 0.6907 0.6907 0.6907 0.6907 0.6907 0.6907 0.6907 0.6907 0.6907 0.6907 0.6907 0.6907 0.6907 0.6907 0.6907 0.6907 0.6907 0.6907 0.6907 
TS41 0.7478 0.7478 0.7478 0.7478 0.7478 0.7478 0.7478 0.7478 0.7478 0.7478 0.7478 0.7478 0.7478 0.7478 0.7478 0.7478 0.7478 0.7478 0.7478 0.7478 0.7478 0.7478 0.7478 0.7478 0.7478 0.7478 0.7478 0.7478 0.7478 0.7478 0.7478 0.7478 
TS42 0.7712 0.7712 0.7712 0.7712 0.7712 0.7712 0.7712 0.7712 0.7712 0.7712 0.7712 0.7712 0.7712 0.7712 0.7712 0.7712 0.7712 0.7712 0.7712 0.7712 0.7712 0.7712 0.7712 0.7712 0.7712 0.7712 0.7712 0.7712 0.7712 0.7712 0.7712 0.7712 
TS43 0.7623 0.7623 0.7623 0.7623 0.7623 0.7623 0.7623 0.7623 0.7623 0.7623 0.7623 0.7623 0.7623 0.7623 0.7623 0.7623 0.7623 0.7623 0.7623 0.7623 0.7623 0.7623 0.7623 0.7623 0.7623 0.7623 0.7623 0.7623 0.7623 0.7623 0.7623 0.7623 
TS44 0.7466 0.7466 0.7466 0.7466 0.7466 0.7466 0.7466 0.7466 0.7466 0.7466 0.7466 0.7466 0.7466 0.7466 0.7466 0.7466 0.7466 0.7466 0.7466 0.7466 0.7466 0.7466 0.7466 0.7466 0.7466 0.7466 0.7466 0.7466 0.7466 0.7466 0.7466 0.7466 
TS45 0.7197 0.7197 0.7197 0.7197 0.7197 0.7197 0.7197 0.7197 0.7197 0.7197 0.7197 0.7197 0.7197 0.7197 0.7197 0.7197 0.7197 0.7197 0.7197 0.7197 0.7197 0.7197 0.7197 0.7197 0.7197 0.7197 0.7197 0.7197 0.7197 0.7197 0.7197 0.7197 
TS46 0.684 0.684 0.684 0.684 0.684 0.684 0.684 0.684 0.684 0.684 0.684 0.684 0.684 0.684 0.684 0.684 0.684 0.684 0.684 0.684 0.684 0.684 0.684 0.684 0.684 0.684 0.684 0.684 0.684 0.684 0.684 0.684 
TS47 0.7558 0.7558 0.7558 0.7558 0.7558 0.7558 0.7558 0.7558 0.7558 0.7558 0.7558 0.7558 0.7558 0.7558 0.7558 0.7558 0.7558 0.7558 0.7558 0.7558 0.7558 0.7558 0.7558 0.7558 0.7558 0.7558 0.7558 0.7558 0.7558 0.7558 0.7558 0.7558 
TS48 0.7789 0.7789 0.7789 0.7789 0.7789 0.7789 0.7789 0.7789 0.7789 0.7789 0.7789 0.7789 0.7789 0.7789 0.7789 0.7789 0.7789 0.7789 0.7789 0.7789 0.7789 0.7789 0.7789 0.7789 0.7789 0.7789 0.7789 0.7789 0.7789 0.7789 0.7789 0.7789 
[RE1,PWRWND005,*,*]:
2019 2020 2021 2022 2023 2024 2025 2026 2027 2028 2029 2030 2031 2032 2033 2034 2035 2036 2037 2038 2039 2040 2041 2042 2043 2044 2045 2046 2047 2048 2049 2050 :=
TS01 0.1867 0.1867 0.1867 0.1867 0.1867 0.1867 0.1867 0.1867 0.1867 0.1867 0.1867 0.1867 0.1867 0.1867 0.1867 0.1867 0.1867 0.1867 0.1867 0.1867 0.1867 0.1867 0.1867 0.1867 0.1867 0.1867 0.1867 0.1867 0.1867 0.1867 0.1867 0.1867 
TS02 0.1635 0.1635 0.1635 0.1635 0.1635 0.1635 0.1635 0.1635 0.1635 0.1635 0.1635 0.1635 0.1635 0.1635 0.1635 0.1635 0.1635 0.1635 0.1635 0.1635 0.1635 0.1635 0.1635 0.1635 0.1635 0.1635 0.1635 0.1635 0.1635 0.1635 0.1635 0.1635 
TS03 0.6009 0.6009 0.6009 0.6009 0.6009 0.6009 0.6009 0.6009 0.6009 0.6009 0.6009 0.6009 0.6009 0.6009 0.6009 0.6009 0.6009 0.6009 0.6009 0.6009 0.6009 0.6009 0.6009 0.6009 0.6009 0.6009 0.6009 0.6009 0.6009 0.6009 0.6009 0.6009 
TS04 0.653 0.653 0.653 0.653 0.653 0.653 0.653 0.653 0.653 0.653 0.653 0.653 0.653 0.653 0.653 0.653 0.653 0.653 0.653 0.653 0.653 0.653 0.653 0.653 0.653 0.653 0.653 0.653 0.653 0.653 0.653 0.653 
TS05 0.4742 0.4742 0.4742 0.4742 0.4742 0.4742 0.4742 0.4742 0.4742 0.4742 0.4742 0.4742 0.4742 0.4742 0.4742 0.4742 0.4742 0.4742 0.4742 0.4742 0.4742 0.4742 0.4742 0.4742 0.4742 0.4742 0.4742 0.4742 0.4742 0.4742 0.4742 0.4742 
TS06 0.256 0.256 0.256 0.256 0.256 0.256 0.256 0.256 0.256 0.256 0.256 0.256 0.256 0.256 0.256 0.256 0.256 0.256 0.256 0.256 0.256 0.256 0.256 0.256 0.256 0.256 0.256 0.256 0.256 0.256 0.256 0.256 
TS07 0.2218 0.2218 0.2218 0.2218 0.2218 0.2218 0.2218 0.2218 0.2218 0.2218 0.2218 0.2218 0.2218 0.2218 0.2218 0.2218 0.2218 0.2218 0.2218 0.2218 0.2218 0.2218 0.2218 0.2218 0.2218 0.2218 0.2218 0.2218 0.2218 0.2218 0.2218 0.2218 
TS08 0.1549 0.1549 0.1549 0.1549 0.1549 0.1549 0.1549 0.1549 0.1549 0.1549 0.1549 0.1549 0.1549 0.1549 0.1549 0.1549 0.1549 0.1549 0.1549 0.1549 0.1549 0.1549 0.1549 0.1549 0.1549 0.1549 0.1549 0.1549 0.1549 0.1549 0.1549 0.1549 
TS09 0.5825 0.5825 0.5825 0.5825 0.5825 0.5825 0.5825 0.5825 0.5825 0.5825 0.5825 0.5825 0.5825 0.5825 0.5825 0.5825 0.5825 0.5825 0.5825 0.5825 0.5825 0.5825 0.5825 0.5825 0.5825 0.5825 0.5825 0.5825 0.5825 0.5825 0.5825 0.5825 
TS10 0.6736 0.6736 0.6736 0.6736 0.6736 0.6736 0.6736 0.6736 0.6736 0.6736 0.6736 0.6736 0.6736 0.6736 0.6736 0.6736 0.6736 0.6736 0.6736 0.6736 0.6736 0.6736 0.6736 0.6736 0.6736 0.6736 0.6736 0.6736 0.6736 0.6736 0.6736 0.6736 
TS11 0.4649 0.4649 0.4649 0.4649 0.4649 0.4649 0.4649 0.4649 0.4649 0.4649 0.4649 0.4649 0.4649 0.4649 0.4649 0.4649 0.4649 0.4649 0.4649 0.4649 0.4649 0.4649 0.4649 0.4649 0.4649 0.4649 0.4649 0.4649 0.4649 0.4649 0.4649 0.4649 
TS12 0.2504 0.2504 0.2504 0.2504 0.2504 0.2504 0.2504 0.2504 0.2504 0.2504 0.2504 0.2504 0.2504 0.2504 0.2504 0.2504 0.2504 0.2504 0.2504 0.2504 0.2504 0.2504 0.2504 0.2504 0.2504 0.2504 0.2504 0.2504 0.2504 0.2504 0.2504 0.2504 
TS13 0.3907 0.3907 0.3907 0.3907 0.3907 0.3907 0.3907 0.3907 0.3907 0.3907 0.3907 0.3907 0.3907 0.3907 0.3907 0.3907 0.3907 0.3907 0.3907 0.3907 0.3907 0.3907 0.3907 0.3907 0.3907 0.3907 0.3907 0.3907 0.3907 0.3907 0.3907 0.3907 
TS14 0.3813 0.3813 0.3813 0.3813 0.3813 0.3813 0.3813 0.3813 0.3813 0.3813 0.3813 0.3813 0.3813 0.3813 0.3813 0.3813 0.3813 0.3813 0.3813 0.3813 0.3813 0.3813 0.3813 0.3813 0.3813 0.3813 0.3813 0.3813 0.3813 0.3813 0.3813 0.3813 
TS15 0.4411 0.4411 0.4411 0.4411 0.4411 0.4411 0.4411 0.4411 0.4411 0.4411 0.4411 0.4411 0.4411 0.4411 0.4411 0.4411 0.4411 0.4411 0.4411 0.4411 0.4411 0.4411 0.4411 0.4411 0.4411 0.4411 0.4411 0.4411 0.4411 0.4411 0.4411 0.4411 
TS16 0.4494 0.4494 0.4494 0.4494 0.4494 0.4494 0.4494 0.4494 0.4494 0.4494 0.4494 0.4494 0.4494 0.4494 0.4494 0.4494 0.4494 0.4494 0.4494 0.4494 0.4494 0.4494 0.4494 0.4494 0.4494 0.4494 0.4494 0.4494 0.4494 0.4494 0.4494 0.4494 
TS17 0.4362 0.4362 0.4362 0.4362 0.4362 0.4362 0.4362 0.4362 0.4362 0.4362 0.4362 0.4362 0.4362 0.4362 0.4362 0.4362 0.4362 0.4362 0.4362 0.4362 0.4362 0.4362 0.4362 0.4362 0.4362 0.4362 0.4362 0.4362 0.4362 0.4362 0.4362 0.4362 
TS18 0.3765 0.3765 0.3765 0.3765 0.3765 0.3765 0.3765 0.3765 0.3765 0.3765 0.3765 0.3765 0.3765 0.3765 0.3765 0.3765 0.3765 0.3765 0.3765 0.3765 0.3765 0.3765 0.3765 0.3765 0.3765 0.3765 0.3765 0.3765 0.3765 0.3765 0.3765 0.3765 
TS19 0.3768 0.3768 0.3768 0.3768 0.3768 0.3768 0.3768 0.3768 0.3768 0.3768 0.3768 0.3768 0.3768 0.3768 0.3768 0.3768 0.3768 0.3768 0.3768 0.3768 0.3768 0.3768 0.3768 0.3768 0.3768 0.3768 0.3768 0.3768 0.3768 0.3768 0.3768 0.3768 
TS20 0.3478 0.3478 0.3478 0.3478 0.3478 0.3478 0.3478 0.3478 0.3478 0.3478 0.3478 0.3478 0.3478 0.3478 0.3478 0.3478 0.3478 0.3478 0.3478 0.3478 0.3478 0.3478 0.3478 0.3478 0.3478 0.3478 0.3478 0.3478 0.3478 0.3478 0.3478 0.3478 
TS21 0.3946 0.3946 0.3946 0.3946 0.3946 0.3946 0.3946 0.3946 0.3946 0.3946 0.3946 0.3946 0.3946 0.3946 0.3946 0.3946 0.3946 0.3946 0.3946 0.3946 0.3946 0.3946 0.3946 0.3946 0.3946 0.3946 0.3946 0.3946 0.3946 0.3946 0.3946 0.3946 
TS22 0.4283 0.4283 0.4283 0.4283 0.4283 0.4283 0.4283 0.4283 0.4283 0.4283 0.4283 0.4283 0.4283 0.4283 0.4283 0.4283 0.4283 0.4283 0.4283 0.4283 0.4283 0.4283 0.4283 0.4283 0.4283 0.4283 0.4283 0.4283 0.4283 0.4283 0.4283 0.4283 
TS23 0.4196 0.4196 0.4196 0.4196 0.4196 0.4196 0.4196 0.4196 0.4196 0.4196 0.4196 0.4196 0.4196 0.4196 0.4196 0.4196 0.4196 0.4196 0.4196 0.4196 0.4196 0.4196 0.4196 0.4196 0.4196 0.4196 0.4196 0.4196 0.4196 0.4196 0.4196 0.4196 
TS24 0.3846 0.3846 0.3846 0.3846 0.3846 0.3846 0.3846 0.3846 0.3846 0.3846 0.3846 0.3846 0.3846 0.3846 0.3846 0.3846 0.3846 0.3846 0.3846 0.3846 0.3846 0.3846 0.3846 0.3846 0.3846 0.3846 0.3846 0.3846 0.3846 0.3846 0.3846 0.3846 
TS25 0.6531 0.6531 0.6531 0.6531 0.6531 0.6531 0.6531 0.6531 0.6531 0.6531 0.6531 0.6531 0.6531 0.6531 0.6531 0.6531 0.6531 0.6531 0.6531 0.6531 0.6531 0.6531 0.6531 0.6531 0.6531 0.6531 0.6531 0.6531 0.6531 0.6531 0.6531 0.6531 
TS26 0.5349 0.5349 0.5349 0.5349 0.5349 0.5349 0.5349 0.5349 0.5349 0.5349 0.5349 0.5349 0.5349 0.5349 0.5349 0.5349 0.5349 0.5349 0.5349 0.5349 0.5349 0.5349 0.5349 0.5349 0.5349 0.5349 0.5349 0.5349 0.5349 0.5349 0.5349 0.5349 
TS27 0.4487 0.4487 0.4487 0.4487 0.4487 0.4487 0.4487 0.4487 0.4487 0.4487 0.4487 0.4487 0.4487 0.4487 0.4487 0.4487 0.4487 0.4487 0.4487 0.4487 0.4487 0.4487 0.4487 0.4487 0.4487 0.4487 0.4487 0.4487 0.4487 0.4487 0.4487 0.4487 
TS28 0.5886 0.5886 0.5886 0.5886 0.5886 0.5886 0.5886 0.5886 0.5886 0.5886 0.5886 0.5886 0.5886 0.5886 0.5886 0.5886 0.5886 0.5886 0.5886 0.5886 0.5886 0.5886 0.5886 0.5886 0.5886 0.5886 0.5886 0.5886 0.5886 0.5886 0.5886 0.5886 
TS29 0.6922 0.6922 0.6922 0.6922 0.6922 0.6922 0.6922 0.6922 0.6922 0.6922 0.6922 0.6922 0.6922 0.6922 0.6922 0.6922 0.6922 0.6922 0.6922 0.6922 0.6922 0.6922 0.6922 0.6922 0.6922 0.6922 0.6922 0.6922 0.6922 0.6922 0.6922 0.6922 
TS30 0.7285 0.7285 0.7285 0.7285 0.7285 0.7285 0.7285 0.7285 0.7285 0.7285 0.7285 0.7285 0.7285 0.7285 0.7285 0.7285 0.7285 0.7285 0.7285 0.7285 0.7285 0.7285 0.7285 0.7285 0.7285 0.7285 0.7285 0.7285 0.7285 0.7285 0.7285 0.7285 
TS31 0.6757 0.6757 0.6757 0.6757 0.6757 0.6757 0.6757 0.6757 0.6757 0.6757 0.6757 0.6757 0.6757 0.6757 0.6757 0.6757 0.6757 0.6757 0.6757 0.6757 0.6757 0.6757 0.6757 0.6757 0.6757 0.6757 0.6757 0.6757 0.6757 0.6757 0.6757 0.6757 
TS32 0.5558 0.5558 0.5558 0.5558 0.5558 0.5558 0.5558 0.5558 0.5558 0.5558 0.5558 0.5558 0.5558 0.5558 0.5558 0.5558 0.5558 0.5558 0.5558 0.5558 0.5558 0.5558 0.5558 0.5558 0.5558 0.5558 0.5558 0.5558 0.5558 0.5558 0.5558 0.5558 
TS33 0.4562 0.4562 0.4562 0.4562 0.4562 0.4562 0.4562 0.4562 0.4562 0.4562 0.4562 0.4562 0.4562 0.4562 0.4562 0.4562 0.4562 0.4562 0.4562 0.4562 0.4562 0.4562 0.4562 0.4562 0.4562 0.4562 0.4562 0.4562 0.4562 0.4562 0.4562 0.4562 
TS34 0.5968 0.5968 0.5968 0.5968 0.5968 0.5968 0.5968 0.5968 0.5968 0.5968 0.5968 0.5968 0.5968 0.5968 0.5968 0.5968 0.5968 0.5968 0.5968 0.5968 0.5968 0.5968 0.5968 0.5968 0.5968 0.5968 0.5968 0.5968 0.5968 0.5968 0.5968 0.5968 
TS35 0.703 0.703 0.703 0.703 0.703 0.703 0.703 0.703 0.703 0.703 0.703 0.703 0.703 0.703 0.703 0.703 0.703 0.703 0.703 0.703 0.703 0.703 0.703 0.703 0.703 0.703 0.703 0.703 0.703 0.703 0.703 0.703 
TS36 0.7252 0.7252 0.7252 0.7252 0.7252 0.7252 0.7252 0.7252 0.7252 0.7252 0.7252 0.7252 0.7252 0.7252 0.7252 0.7252 0.7252 0.7252 0.7252 0.7252 0.7252 0.7252 0.7252 0.7252 0.7252 0.7252 0.7252 0.7252 0.7252 0.7252 0.7252 0.7252 
TS37 0.3122 0.3122 0.3122 0.3122 0.3122 0.3122 0.3122 0.3122 0.3122 0.3122 0.3122 0.3122 0.3122 0.3122 0.3122 0.3122 0.3122 0.3122 0.3122 0.3122 0.3122 0.3122 0.3122 0.3122 0.3122 0.3122 0.3122 0.3122 0.3122 0.3122 0.3122 0.3122 
TS38 0.2477 0.2477 0.2477 0.2477 0.2477 0.2477 0.2477 0.2477 0.2477 0.2477 0.2477 0.2477 0.2477 0.2477 0.2477 0.2477 0.2477 0.2477 0.2477 0.2477 0.2477 0.2477 0.2477 0.2477 0.2477 0.2477 0.2477 0.2477 0.2477 0.2477 0.2477 0.2477 
TS39 0.5879 0.5879 0.5879 0.5879 0.5879 0.5879 0.5879 0.5879 0.5879 0.5879 0.5879 0.5879 0.5879 0.5879 0.5879 0.5879 0.5879 0.5879 0.5879 0.5879 0.5879 0.5879 0.5879 0.5879 0.5879 0.5879 0.5879 0.5879 0.5879 0.5879 0.5879 0.5879 
TS40 0.6485 0.6485 0.6485 0.6485 0.6485 0.6485 0.6485 0.6485 0.6485 0.6485 0.6485 0.6485 0.6485 0.6485 0.6485 0.6485 0.6485 0.6485 0.6485 0.6485 0.6485 0.6485 0.6485 0.6485 0.6485 0.6485 0.6485 0.6485 0.6485 0.6485 0.6485 0.6485 
TS41 0.5241 0.5241 0.5241 0.5241 0.5241 0.5241 0.5241 0.5241 0.5241 0.5241 0.5241 0.5241 0.5241 0.5241 0.5241 0.5241 0.5241 0.5241 0.5241 0.5241 0.5241 0.5241 0.5241 0.5241 0.5241 0.5241 0.5241 0.5241 0.5241 0.5241 0.5241 0.5241 
TS42 0.3999 0.3999 0.3999 0.3999 0.3999 0.3999 0.3999 0.3999 0.3999 0.3999 0.3999 0.3999 0.3999 0.3999 0.3999 0.3999 0.3999 0.3999 0.3999 0.3999 0.3999 0.3999 0.3999 0.3999 0.3999 0.3999 0.3999 0.3999 0.3999 0.3999 0.3999 0.3999 
TS43 0.3042 0.3042 0.3042 0.3042 0.3042 0.3042 0.3042 0.3042 0.3042 0.3042 0.3042 0.3042 0.3042 0.3042 0.3042 0.3042 0.3042 0.3042 0.3042 0.3042 0.3042 0.3042 0.3042 0.3042 0.3042 0.3042 0.3042 0.3042 0.3042 0.3042 0.3042 0.3042 
TS44 0.2741 0.2741 0.2741 0.2741 0.2741 0.2741 0.2741 0.2741 0.2741 0.2741 0.2741 0.2741 0.2741 0.2741 0.2741 0.2741 0.2741 0.2741 0.2741 0.2741 0.2741 0.2741 0.2741 0.2741 0.2741 0.2741 0.2741 0.2741 0.2741 0.2741 0.2741 0.2741 
TS45 0.5947 0.5947 0.5947 0.5947 0.5947 0.5947 0.5947 0.5947 0.5947 0.5947 0.5947 0.5947 0.5947 0.5947 0.5947 0.5947 0.5947 0.5947 0.5947 0.5947 0.5947 0.5947 0.5947 0.5947 0.5947 0.5947 0.5947 0.5947 0.5947 0.5947 0.5947 0.5947 
TS46 0.6589 0.6589 0.6589 0.6589 0.6589 0.6589 0.6589 0.6589 0.6589 0.6589 0.6589 0.6589 0.6589 0.6589 0.6589 0.6589 0.6589 0.6589 0.6589 0.6589 0.6589 0.6589 0.6589 0.6589 0.6589 0.6589 0.6589 0.6589 0.6589 0.6589 0.6589 0.6589 
TS47 0.5379 0.5379 0.5379 0.5379 0.5379 0.5379 0.5379 0.5379 0.5379 0.5379 0.5379 0.5379 0.5379 0.5379 0.5379 0.5379 0.5379 0.5379 0.5379 0.5379 0.5379 0.5379 0.5379 0.5379 0.5379 0.5379 0.5379 0.5379 0.5379 0.5379 0.5379 0.5379 
TS48 0.4209 0.4209 0.4209 0.4209 0.4209 0.4209 0.4209 0.4209 0.4209 0.4209 0.4209 0.4209 0.4209 0.4209 0.4209 0.4209 0.4209 0.4209 0.4209 0.4209 0.4209 0.4209 0.4209 0.4209 0.4209 0.4209 0.4209 0.4209 0.4209 0.4209 0.4209 0.4209 
[RE1,PWRWND006,*,*]:
2019 2020 2021 2022 2023 2024 2025 2026 2027 2028 2029 2030 2031 2032 2033 2034 2035 2036 2037 2038 2039 2040 2041 2042 2043 2044 2045 2046 2047 2048 2049 2050 :=
TS01 0.5505 0.5505 0.5505 0.5505 0.5505 0.5505 0.5505 0.5505 0.5505 0.5505 0.5505 0.5505 0.5505 0.5505 0.5505 0.5505 0.5505 0.5505 0.5505 0.5505 0.5505 0.5505 0.5505 0.5505 0.5505 0.5505 0.5505 0.5505 0.5505 0.5505 0.5505 0.5505 
TS02 0.4646 0.4646 0.4646 0.4646 0.4646 0.4646 0.4646 0.4646 0.4646 0.4646 0.4646 0.4646 0.4646 0.4646 0.4646 0.4646 0.4646 0.4646 0.4646 0.4646 0.4646 0.4646 0.4646 0.4646 0.4646 0.4646 0.4646 0.4646 0.4646 0.4646 0.4646 0.4646 
TS03 0.5911 0.5911 0.5911 0.5911 0.5911 0.5911 0.5911 0.5911 0.5911 0.5911 0.5911 0.5911 0.5911 0.5911 0.5911 0.5911 0.5911 0.5911 0.5911 0.5911 0.5911 0.5911 0.5911 0.5911 0.5911 0.5911 0.5911 0.5911 0.5911 0.5911 0.5911 0.5911 
TS04 0.5657 0.5657 0.5657 0.5657 0.5657 0.5657 0.5657 0.5657 0.5657 0.5657 0.5657 0.5657 0.5657 0.5657 0.5657 0.5657 0.5657 0.5657 0.5657 0.5657 0.5657 0.5657 0.5657 0.5657 0.5657 0.5657 0.5657 0.5657 0.5657 0.5657 0.5657 0.5657 
TS05 0.5999 0.5999 0.5999 0.5999 0.5999 0.5999 0.5999 0.5999 0.5999 0.5999 0.5999 0.5999 0.5999 0.5999 0.5999 0.5999 0.5999 0.5999 0.5999 0.5999 0.5999 0.5999 0.5999 0.5999 0.5999 0.5999 0.5999 0.5999 0.5999 0.5999 0.5999 0.5999 
TS06 0.5996 0.5996 0.5996 0.5996 0.5996 0.5996 0.5996 0.5996 0.5996 0.5996 0.5996 0.5996 0.5996 0.5996 0.5996 0.5996 0.5996 0.5996 0.5996 0.5996 0.5996 0.5996 0.5996 0.5996 0.5996 0.5996 0.5996 0.5996 0.5996 0.5996 0.5996 0.5996 
TS07 0.5383 0.5383 0.5383 0.5383 0.5383 0.5383 0.5383 0.5383 0.5383 0.5383 0.5383 0.5383 0.5383 0.5383 0.5383 0.5383 0.5383 0.5383 0.5383 0.5383 0.5383 0.5383 0.5383 0.5383 0.5383 0.5383 0.5383 0.5383 0.5383 0.5383 0.5383 0.5383 
TS08 0.4369 0.4369 0.4369 0.4369 0.4369 0.4369 0.4369 0.4369 0.4369 0.4369 0.4369 0.4369 0.4369 0.4369 0.4369 0.4369 0.4369 0.4369 0.4369 0.4369 0.4369 0.4369 0.4369 0.4369 0.4369 0.4369 0.4369 0.4369 0.4369 0.4369 0.4369 0.4369 
TS09 0.5844 0.5844 0.5844 0.5844 0.5844 0.5844 0.5844 0.5844 0.5844 0.5844 0.5844 0.5844 0.5844 0.5844 0.5844 0.5844 0.5844 0.5844 0.5844 0.5844 0.5844 0.5844 0.5844 0.5844 0.5844 0.5844 0.5844 0.5844 0.5844 0.5844 0.5844 0.5844 
TS10 0.62 0.62 0.62 0.62 0.62 0.62 0.62 0.62 0.62 0.62 0.62 0.62 0.62 0.62 0.62 0.62 0.62 0.62 0.62 0.62 0.62 0.62 0.62 0.62 0.62 0.62 0.62 0.62 0.62 0.62 0.62 0.62 
TS11 0.6385 0.6385 0.6385 0.6385 0.6385 0.6385 0.6385 0.6385 0.6385 0.6385 0.6385 0.6385 0.6385 0.6385 0.6385 0.6385 0.6385 0.6385 0.6385 0.6385 0.6385 0.6385 0.6385 0.6385 0.6385 0.6385 0.6385 0.6385 0.6385 0.6385 0.6385 0.6385 
TS12 0.6332 0.6332 0.6332 0.6332 0.6332 0.6332 0.6332 0.6332 0.6332 0.6332 0.6332 0.6332 0.6332 0.6332 0.6332 0.6332 0.6332 0.6332 0.6332 0.6332 0.6332 0.6332 0.6332 0.6332 0.6332 0.6332 0.6332 0.6332 0.6332 0.6332 0.6332 0.6332 
TS13 0.4363 0.4363 0.4363 0.4363 0.4363 0.4363 0.4363 0.4363 0.4363 0.4363 0.4363 0.4363 0.4363 0.4363 0.4363 0.4363 0.4363 0.4363 0.4363 0.4363 0.4363 0.4363 0.4363 0.4363 0.4363 0.4363 0.4363 0.4363 0.4363 0.4363 0.4363 0.4363 
TS14 0.4389 0.4389 0.4389 0.4389 0.4389 0.4389 0.4389 0.4389 0.4389 0.4389 0.4389 0.4389 0.4389 0.4389 0.4389 0.4389 0.4389 0.4389 0.4389 0.4389 0.4389 0.4389 0.4389 0.4389 0.4389 0.4389 0.4389 0.4389 0.4389 0.4389 0.4389 0.4389 
TS15 0.3506 0.3506 0.3506 0.3506 0.3506 0.3506 0.3506 0.3506 0.3506 0.3506 0.3506 0.3506 0.3506 0.3506 0.3506 0.3506 0.3506 0.3506 0.3506 0.3506 0.3506 0.3506 0.3506 0.3506 0.3506 0.3506 0.3506 0.3506 0.3506 0.3506 0.3506 0.3506 
TS16 0.3286 0.3286 0.3286 0.3286 0.3286 0.3286 0.3286 0.3286 0.3286 0.3286 0.3286 0.3286 0.3286 0.3286 0.3286 0.3286 0.3286 0.3286 0.3286 0.3286 0.3286 0.3286 0.3286 0.3286 0.3286 0.3286 0.3286 0.3286 0.3286 0.3286 0.3286 0.3286 
TS17 0.4151 0.4151 0.4151 0.4151 0.4151 0.4151 0.4151 0.4151 0.4151 0.4151 0.4151 0.4151 0.4151 0.4151 0.4151 0.4151 0.4151 0.4151 0.4151 0.4151 0.4151 0.4151 0.4151 0.4151 0.4151 0.4151 0.4151 0.4151 0.4151 0.4151 0.4151 0.4151 
TS18 0.446 0.446 0.446 0.446 0.446 0.446 0.446 0.446 0.446 0.446 0.446 0.446 0.446 0.446 0.446 0.446 0.446 0.446 0.446 0.446 0.446 0.446 0.446 0.446 0.446 0.446 0.446 0.446 0.446 0.446 0.446 0.446 
TS19 0.4874 0.4874 0.4874 0.4874 0.4874 0.4874 0.4874 0.4874 0.4874 0.4874 0.4874 0.4874 0.4874 0.4874 0.4874 0.4874 0.4874 0.4874 0.4874 0.4874 0.4874 0.4874 0.4874 0.4874 0.4874 0.4874 0.4874 0.4874 0.4874 0.4874 0.4874 0.4874 
TS20 0.4645 0.4645 0.4645 0.4645 0.4645 0.4645 0.4645 0.4645 0.4645 0.4645 0.4645 0.4645 0.4645 0.4645 0.4645 0.4645 0.4645 0.4645 0.4645 0.4645 0.4645 0.4645 0.4645 0.4645 0.4645 0.4645 0.4645 0.4645 0.4645 0.4645 0.4645 0.4645 
TS21 0.3713 0.3713 0.3713 0.3713 0.3713 0.3713 0.3713 0.3713 0.3713 0.3713 0.3713 0.3713 0.3713 0.3713 0.3713 0.3713 0.3713 0.3713 0.3713 0.3713 0.3713 0.3713 0.3713 0.3713 0.3713 0.3713 0.3713 0.3713 0.3713 0.3713 0.3713 0.3713 
TS22 0.3556 0.3556 0.3556 0.3556 0.3556 0.3556 0.3556 0.3556 0.3556 0.3556 0.3556 0.3556 0.3556 0.3556 0.3556 0.3556 0.3556 0.3556 0.3556 0.3556 0.3556 0.3556 0.3556 0.3556 0.3556 0.3556 0.3556 0.3556 0.3556 0.3556 0.3556 0.3556 
TS23 0.4238 0.4238 0.4238 0.4238 0.4238 0.4238 0.4238 0.4238 0.4238 0.4238 0.4238 0.4238 0.4238 0.4238 0.4238 0.4238 0.4238 0.4238 0.4238 0.4238 0.4238 0.4238 0.4238 0.4238 0.4238 0.4238 0.4238 0.4238 0.4238 0.4238 0.4238 0.4238 
TS24 0.4802 0.4802 0.4802 0.4802 0.4802 0.4802 0.4802 0.4802 0.4802 0.4802 0.4802 0.4802 0.4802 0.4802 0.4802 0.4802 0.4802 0.4802 0.4802 0.4802 0.4802 0.4802 0.4802 0.4802 0.4802 0.4802 0.4802 0.4802 0.4802 0.4802 0.4802 0.4802 
TS25 0.7162 0.7162 0.7162 0.7162 0.7162 0.7162 0.7162 0.7162 0.7162 0.7162 0.7162 0.7162 0.7162 0.7162 0.7162 0.7162 0.7162 0.7162 0.7162 0.7162 0.7162 0.7162 0.7162 0.7162 0.7162 0.7162 0.7162 0.7162 0.7162 0.7162 0.7162 0.7162 
TS26 0.7081 0.7081 0.7081 0.7081 0.7081 0.7081 0.7081 0.7081 0.7081 0.7081 0.7081 0.7081 0.7081 0.7081 0.7081 0.7081 0.7081 0.7081 0.7081 0.7081 0.7081 0.7081 0.7081 0.7081 0.7081 0.7081 0.7081 0.7081 0.7081 0.7081 0.7081 0.7081 
TS27 0.5542 0.5542 0.5542 0.5542 0.5542 0.5542 0.5542 0.5542 0.5542 0.5542 0.5542 0.5542 0.5542 0.5542 0.5542 0.5542 0.5542 0.5542 0.5542 0.5542 0.5542 0.5542 0.5542 0.5542 0.5542 0.5542 0.5542 0.5542 0.5542 0.5542 0.5542 0.5542 
TS28 0.4685 0.4685 0.4685 0.4685 0.4685 0.4685 0.4685 0.4685 0.4685 0.4685 0.4685 0.4685 0.4685 0.4685 0.4685 0.4685 0.4685 0.4685 0.4685 0.4685 0.4685 0.4685 0.4685 0.4685 0.4685 0.4685 0.4685 0.4685 0.4685 0.4685 0.4685 0.4685 
TS29 0.5904 0.5904 0.5904 0.5904 0.5904 0.5904 0.5904 0.5904 0.5904 0.5904 0.5904 0.5904 0.5904 0.5904 0.5904 0.5904 0.5904 0.5904 0.5904 0.5904 0.5904 0.5904 0.5904 0.5904 0.5904 0.5904 0.5904 0.5904 0.5904 0.5904 0.5904 0.5904 
TS30 0.6846 0.6846 0.6846 0.6846 0.6846 0.6846 0.6846 0.6846 0.6846 0.6846 0.6846 0.6846 0.6846 0.6846 0.6846 0.6846 0.6846 0.6846 0.6846 0.6846 0.6846 0.6846 0.6846 0.6846 0.6846 0.6846 0.6846 0.6846 0.6846 0.6846 0.6846 0.6846 
TS31 0.7417 0.7417 0.7417 0.7417 0.7417 0.7417 0.7417 0.7417 0.7417 0.7417 0.7417 0.7417 0.7417 0.7417 0.7417 0.7417 0.7417 0.7417 0.7417 0.7417 0.7417 0.7417 0.7417 0.7417 0.7417 0.7417 0.7417 0.7417 0.7417 0.7417 0.7417 0.7417 
TS32 0.7445 0.7445 0.7445 0.7445 0.7445 0.7445 0.7445 0.7445 0.7445 0.7445 0.7445 0.7445 0.7445 0.7445 0.7445 0.7445 0.7445 0.7445 0.7445 0.7445 0.7445 0.7445 0.7445 0.7445 0.7445 0.7445 0.7445 0.7445 0.7445 0.7445 0.7445 0.7445 
TS33 0.5656 0.5656 0.5656 0.5656 0.5656 0.5656 0.5656 0.5656 0.5656 0.5656 0.5656 0.5656 0.5656 0.5656 0.5656 0.5656 0.5656 0.5656 0.5656 0.5656 0.5656 0.5656 0.5656 0.5656 0.5656 0.5656 0.5656 0.5656 0.5656 0.5656 0.5656 0.5656 
TS34 0.4528 0.4528 0.4528 0.4528 0.4528 0.4528 0.4528 0.4528 0.4528 0.4528 0.4528 0.4528 0.4528 0.4528 0.4528 0.4528 0.4528 0.4528 0.4528 0.4528 0.4528 0.4528 0.4528 0.4528 0.4528 0.4528 0.4528 0.4528 0.4528 0.4528 0.4528 0.4528 
TS35 0.5624 0.5624 0.5624 0.5624 0.5624 0.5624 0.5624 0.5624 0.5624 0.5624 0.5624 0.5624 0.5624 0.5624 0.5624 0.5624 0.5624 0.5624 0.5624 0.5624 0.5624 0.5624 0.5624 0.5624 0.5624 0.5624 0.5624 0.5624 0.5624 0.5624 0.5624 0.5624 
TS36 0.6803 0.6803 0.6803 0.6803 0.6803 0.6803 0.6803 0.6803 0.6803 0.6803 0.6803 0.6803 0.6803 0.6803 0.6803 0.6803 0.6803 0.6803 0.6803 0.6803 0.6803 0.6803 0.6803 0.6803 0.6803 0.6803 0.6803 0.6803 0.6803 0.6803 0.6803 0.6803 
TS37 0.6735 0.6735 0.6735 0.6735 0.6735 0.6735 0.6735 0.6735 0.6735 0.6735 0.6735 0.6735 0.6735 0.6735 0.6735 0.6735 0.6735 0.6735 0.6735 0.6735 0.6735 0.6735 0.6735 0.6735 0.6735 0.6735 0.6735 0.6735 0.6735 0.6735 0.6735 0.6735 
TS38 0.6232 0.6232 0.6232 0.6232 0.6232 0.6232 0.6232 0.6232 0.6232 0.6232 0.6232 0.6232 0.6232 0.6232 0.6232 0.6232 0.6232 0.6232 0.6232 0.6232 0.6232 0.6232 0.6232 0.6232 0.6232 0.6232 0.6232 0.6232 0.6232 0.6232 0.6232 0.6232 
TS39 0.6948 0.6948 0.6948 0.6948 0.6948 0.6948 0.6948 0.6948 0.6948 0.6948 0.6948 0.6948 0.6948 0.6948 0.6948 0.6948 0.6948 0.6948 0.6948 0.6948 0.6948 0.6948 0.6948 0.6948 0.6948 0.6948 0.6948 0.6948 0.6948 0.6948 0.6948 0.6948 
TS40 0.7316 0.7316 0.7316 0.7316 0.7316 0.7316 0.7316 0.7316 0.7316 0.7316 0.7316 0.7316 0.7316 0.7316 0.7316 0.7316 0.7316 0.7316 0.7316 0.7316 0.7316 0.7316 0.7316 0.7316 0.7316 0.7316 0.7316 0.7316 0.7316 0.7316 0.7316 0.7316 
TS41 0.7663 0.7663 0.7663 0.7663 0.7663 0.7663 0.7663 0.7663 0.7663 0.7663 0.7663 0.7663 0.7663 0.7663 0.7663 0.7663 0.7663 0.7663 0.7663 0.7663 0.7663 0.7663 0.7663 0.7663 0.7663 0.7663 0.7663 0.7663 0.7663 0.7663 0.7663 0.7663 
TS42 0.7633 0.7633 0.7633 0.7633 0.7633 0.7633 0.7633 0.7633 0.7633 0.7633 0.7633 0.7633 0.7633 0.7633 0.7633 0.7633 0.7633 0.7633 0.7633 0.7633 0.7633 0.7633 0.7633 0.7633 0.7633 0.7633 0.7633 0.7633 0.7633 0.7633 0.7633 0.7633 
TS43 0.6642 0.6642 0.6642 0.6642 0.6642 0.6642 0.6642 0.6642 0.6642 0.6642 0.6642 0.6642 0.6642 0.6642 0.6642 0.6642 0.6642 0.6642 0.6642 0.6642 0.6642 0.6642 0.6642 0.6642 0.6642 0.6642 0.6642 0.6642 0.6642 0.6642 0.6642 0.6642 
TS44 0.5586 0.5586 0.5586 0.5586 0.5586 0.5586 0.5586 0.5586 0.5586 0.5586 0.5586 0.5586 0.5586 0.5586 0.5586 0.5586 0.5586 0.5586 0.5586 0.5586 0.5586 0.5586 0.5586 0.5586 0.5586 0.5586 0.5586 0.5586 0.5586 0.5586 0.5586 0.5586 
TS45 0.6745 0.6745 0.6745 0.6745 0.6745 0.6745 0.6745 0.6745 0.6745 0.6745 0.6745 0.6745 0.6745 0.6745 0.6745 0.6745 0.6745 0.6745 0.6745 0.6745 0.6745 0.6745 0.6745 0.6745 0.6745 0.6745 0.6745 0.6745 0.6745 0.6745 0.6745 0.6745 
TS46 0.7486 0.7486 0.7486 0.7486 0.7486 0.7486 0.7486 0.7486 0.7486 0.7486 0.7486 0.7486 0.7486 0.7486 0.7486 0.7486 0.7486 0.7486 0.7486 0.7486 0.7486 0.7486 0.7486 0.7486 0.7486 0.7486 0.7486 0.7486 0.7486 0.7486 0.7486 0.7486 
TS47 0.8008 0.8008 0.8008 0.8008 0.8008 0.8008 0.8008 0.8008 0.8008 0.8008 0.8008 0.8008 0.8008 0.8008 0.8008 0.8008 0.8008 0.8008 0.8008 0.8008 0.8008 0.8008 0.8008 0.8008 0.8008 0.8008 0.8008 0.8008 0.8008 0.8008 0.8008 0.8008 
TS48 0.7879 0.7879 0.7879 0.7879 0.7879 0.7879 0.7879 0.7879 0.7879 0.7879 0.7879 0.7879 0.7879 0.7879 0.7879 0.7879 0.7879 0.7879 0.7879 0.7879 0.7879 0.7879 0.7879 0.7879 0.7879 0.7879 0.7879 0.7879 0.7879 0.7879 0.7879 0.7879 
[RE1,PWRWND007,*,*]:
2019 2020 2021 2022 2023 2024 2025 2026 2027 2028 2029 2030 2031 2032 2033 2034 2035 2036 2037 2038 2039 2040 2041 2042 2043 2044 2045 2046 2047 2048 2049 2050 :=
TS01 0.3045 0.3045 0.3045 0.3045 0.3045 0.3045 0.3045 0.3045 0.3045 0.3045 0.3045 0.3045 0.3045 0.3045 0.3045 0.3045 0.3045 0.3045 0.3045 0.3045 0.3045 0.3045 0.3045 0.3045 0.3045 0.3045 0.3045 0.3045 0.3045 0.3045 0.3045 0.3045 
TS02 0.3701 0.3701 0.3701 0.3701 0.3701 0.3701 0.3701 0.3701 0.3701 0.3701 0.3701 0.3701 0.3701 0.3701 0.3701 0.3701 0.3701 0.3701 0.3701 0.3701 0.3701 0.3701 0.3701 0.3701 0.3701 0.3701 0.3701 0.3701 0.3701 0.3701 0.3701 0.3701 
TS03 0.289 0.289 0.289 0.289 0.289 0.289 0.289 0.289 0.289 0.289 0.289 0.289 0.289 0.289 0.289 0.289 0.289 0.289 0.289 0.289 0.289 0.289 0.289 0.289 0.289 0.289 0.289 0.289 0.289 0.289 0.289 0.289 
TS04 0.2595 0.2595 0.2595 0.2595 0.2595 0.2595 0.2595 0.2595 0.2595 0.2595 0.2595 0.2595 0.2595 0.2595 0.2595 0.2595 0.2595 0.2595 0.2595 0.2595 0.2595 0.2595 0.2595 0.2595 0.2595 0.2595 0.2595 0.2595 0.2595 0.2595 0.2595 0.2595 
TS05 0.3333 0.3333 0.3333 0.3333 0.3333 0.3333 0.3333 0.3333 0.3333 0.3333 0.3333 0.3333 0.3333 0.3333 0.3333 0.3333 0.3333 0.3333 0.3333 0.3333 0.3333 0.3333 0.3333 0.3333 0.3333 0.3333 0.3333 0.3333 0.3333 0.3333 0.3333 0.3333 
TS06 0.2953 0.2953 0.2953 0.2953 0.2953 0.2953 0.2953 0.2953 0.2953 0.2953 0.2953 0.2953 0.2953 0.2953 0.2953 0.2953 0.2953 0.2953 0.2953 0.2953 0.2953 0.2953 0.2953 0.2953 0.2953 0.2953 0.2953 0.2953 0.2953 0.2953 0.2953 0.2953 
TS07 0.302 0.302 0.302 0.302 0.302 0.302 0.302 0.302 0.302 0.302 0.302 0.302 0.302 0.302 0.302 0.302 0.302 0.302 0.302 0.302 0.302 0.302 0.302 0.302 0.302 0.302 0.302 0.302 0.302 0.302 0.302 0.302 
TS08 0.3655 0.3655 0.3655 0.3655 0.3655 0.3655 0.3655 0.3655 0.3655 0.3655 0.3655 0.3655 0.3655 0.3655 0.3655 0.3655 0.3655 0.3655 0.3655 0.3655 0.3655 0.3655 0.3655 0.3655 0.3655 0.3655 0.3655 0.3655 0.3655 0.3655 0.3655 0.3655 
TS09 0.2836 0.2836 0.2836 0.2836 0.2836 0.2836 0.2836 0.2836 0.2836 0.2836 0.2836 0.2836 0.2836 0.2836 0.2836 0.2836 0.2836 0.2836 0.2836 0.2836 0.2836 0.2836 0.2836 0.2836 0.2836 0.2836 0.2836 0.2836 0.2836 0.2836 0.2836 0.2836 
TS10 0.2665 0.2665 0.2665 0.2665 0.2665 0.2665 0.2665 0.2665 0.2665 0.2665 0.2665 0.2665 0.2665 0.2665 0.2665 0.2665 0.2665 0.2665 0.2665 0.2665 0.2665 0.2665 0.2665 0.2665 0.2665 0.2665 0.2665 0.2665 0.2665 0.2665 0.2665 0.2665 
TS11 0.3333 0.3333 0.3333 0.3333 0.3333 0.3333 0.3333 0.3333 0.3333 0.3333 0.3333 0.3333 0.3333 0.3333 0.3333 0.3333 0.3333 0.3333 0.3333 0.3333 0.3333 0.3333 0.3333 0.3333 0.3333 0.3333 0.3333 0.3333 0.3333 0.3333 0.3333 0.3333 
TS12 0.2661 0.2661 0.2661 0.2661 0.2661 0.2661 0.2661 0.2661 0.2661 0.2661 0.2661 0.2661 0.2661 0.2661 0.2661 0.2661 0.2661 0.2661 0.2661 0.2661 0.2661 0.2661 0.2661 0.2661 0.2661 0.2661 0.2661 0.2661 0.2661 0.2661 0.2661 0.2661 
TS13 0.3901 0.3901 0.3901 0.3901 0.3901 0.3901 0.3901 0.3901 0.3901 0.3901 0.3901 0.3901 0.3901 0.3901 0.3901 0.3901 0.3901 0.3901 0.3901 0.3901 0.3901 0.3901 0.3901 0.3901 0.3901 0.3901 0.3901 0.3901 0.3901 0.3901 0.3901 0.3901 
TS14 0.3588 0.3588 0.3588 0.3588 0.3588 0.3588 0.3588 0.3588 0.3588 0.3588 0.3588 0.3588 0.3588 0.3588 0.3588 0.3588 0.3588 0.3588 0.3588 0.3588 0.3588 0.3588 0.3588 0.3588 0.3588 0.3588 0.3588 0.3588 0.3588 0.3588 0.3588 0.3588 
TS15 0.4243 0.4243 0.4243 0.4243 0.4243 0.4243 0.4243 0.4243 0.4243 0.4243 0.4243 0.4243 0.4243 0.4243 0.4243 0.4243 0.4243 0.4243 0.4243 0.4243 0.4243 0.4243 0.4243 0.4243 0.4243 0.4243 0.4243 0.4243 0.4243 0.4243 0.4243 0.4243 
TS16 0.384 0.384 0.384 0.384 0.384 0.384 0.384 0.384 0.384 0.384 0.384 0.384 0.384 0.384 0.384 0.384 0.384 0.384 0.384 0.384 0.384 0.384 0.384 0.384 0.384 0.384 0.384 0.384 0.384 0.384 0.384 0.384 
TS17 0.3969 0.3969 0.3969 0.3969 0.3969 0.3969 0.3969 0.3969 0.3969 0.3969 0.3969 0.3969 0.3969 0.3969 0.3969 0.3969 0.3969 0.3969 0.3969 0.3969 0.3969 0.3969 0.3969 0.3969 0.3969 0.3969 0.3969 0.3969 0.3969 0.3969 0.3969 0.3969 
TS18 0.4169 0.4169 0.4169 0.4169 0.4169 0.4169 0.4169 0.4169 0.4169 0.4169 0.4169 0.4169 0.4169 0.4169 0.4169 0.4169 0.4169 0.4169 0.4169 0.4169 0.4169 0.4169 0.4169 0.4169 0.4169 0.4169 0.4169 0.4169 0.4169 0.4169 0.4169 0.4169 
TS19 0.4199 0.4199 0.4199 0.4199 0.4199 0.4199 0.4199 0.4199 0.4199 0.4199 0.4199 0.4199 0.4199 0.4199 0.4199 0.4199 0.4199 0.4199 0.4199 0.4199 0.4199 0.4199 0.4199 0.4199 0.4199 0.4199 0.4199 0.4199 0.4199 0.4199 0.4199 0.4199 
TS20 0.3748 0.3748 0.3748 0.3748 0.3748 0.3748 0.3748 0.3748 0.3748 0.3748 0.3748 0.3748 0.3748 0.3748 0.3748 0.3748 0.3748 0.3748 0.3748 0.3748 0.3748 0.3748 0.3748 0.3748 0.3748 0.3748 0.3748 0.3748 0.3748 0.3748 0.3748 0.3748 
TS21 0.4644 0.4644 0.4644 0.4644 0.4644 0.4644 0.4644 0.4644 0.4644 0.4644 0.4644 0.4644 0.4644 0.4644 0.4644 0.4644 0.4644 0.4644 0.4644 0.4644 0.4644 0.4644 0.4644 0.4644 0.4644 0.4644 0.4644 0.4644 0.4644 0.4644 0.4644 0.4644 
TS22 0.4034 0.4034 0.4034 0.4034 0.4034 0.4034 0.4034 0.4034 0.4034 0.4034 0.4034 0.4034 0.4034 0.4034 0.4034 0.4034 0.4034 0.4034 0.4034 0.4034 0.4034 0.4034 0.4034 0.4034 0.4034 0.4034 0.4034 0.4034 0.4034 0.4034 0.4034 0.4034 
TS23 0.3968 0.3968 0.3968 0.3968 0.3968 0.3968 0.3968 0.3968 0.3968 0.3968 0.3968 0.3968 0.3968 0.3968 0.3968 0.3968 0.3968 0.3968 0.3968 0.3968 0.3968 0.3968 0.3968 0.3968 0.3968 0.3968 0.3968 0.3968 0.3968 0.3968 0.3968 0.3968 
TS24 0.4434 0.4434 0.4434 0.4434 0.4434 0.4434 0.4434 0.4434 0.4434 0.4434 0.4434 0.4434 0.4434 0.4434 0.4434 0.4434 0.4434 0.4434 0.4434 0.4434 0.4434 0.4434 0.4434 0.4434 0.4434 0.4434 0.4434 0.4434 0.4434 0.4434 0.4434 0.4434 
TS25 0.754 0.754 0.754 0.754 0.754 0.754 0.754 0.754 0.754 0.754 0.754 0.754 0.754 0.754 0.754 0.754 0.754 0.754 0.754 0.754 0.754 0.754 0.754 0.754 0.754 0.754 0.754 0.754 0.754 0.754 0.754 0.754 
TS26 0.7276 0.7276 0.7276 0.7276 0.7276 0.7276 0.7276 0.7276 0.7276 0.7276 0.7276 0.7276 0.7276 0.7276 0.7276 0.7276 0.7276 0.7276 0.7276 0.7276 0.7276 0.7276 0.7276 0.7276 0.7276 0.7276 0.7276 0.7276 0.7276 0.7276 0.7276 0.7276 
TS27 0.746 0.746 0.746 0.746 0.746 0.746 0.746 0.746 0.746 0.746 0.746 0.746 0.746 0.746 0.746 0.746 0.746 0.746 0.746 0.746 0.746 0.746 0.746 0.746 0.746 0.746 0.746 0.746 0.746 0.746 0.746 0.746 
TS28 0.7071 0.7071 0.7071 0.7071 0.7071 0.7071 0.7071 0.7071 0.7071 0.7071 0.7071 0.7071 0.7071 0.7071 0.7071 0.7071 0.7071 0.7071 0.7071 0.7071 0.7071 0.7071 0.7071 0.7071 0.7071 0.7071 0.7071 0.7071 0.7071 0.7071 0.7071 0.7071 
TS29 0.728 0.728 0.728 0.728 0.728 0.728 0.728 0.728 0.728 0.728 0.728 0.728 0.728 0.728 0.728 0.728 0.728 0.728 0.728 0.728 0.728 0.728 0.728 0.728 0.728 0.728 0.728 0.728 0.728 0.728 0.728 0.728 
TS30 0.7463 0.7463 0.7463 0.7463 0.7463 0.7463 0.7463 0.7463 0.7463 0.7463 0.7463 0.7463 0.7463 0.7463 0.7463 0.7463 0.7463 0.7463 0.7463 0.7463 0.7463 0.7463 0.7463 0.7463 0.7463 0.7463 0.7463 0.7463 0.7463 0.7463 0.7463 0.7463 
TS31 0.7607 0.7607 0.7607 0.7607 0.7607 0.7607 0.7607 0.7607 0.7607 0.7607 0.7607 0.7607 0.7607 0.7607 0.7607 0.7607 0.7607 0.7607 0.7607 0.7607 0.7607 0.7607 0.7607 0.7607 0.7607 0.7607 0.7607 0.7607 0.7607 0.7607 0.7607 0.7607 
TS32 0.7323 0.7323 0.7323 0.7323 0.7323 0.7323 0.7323 0.7323 0.7323 0.7323 0.7323 0.7323 0.7323 0.7323 0.7323 0.7323 0.7323 0.7323 0.7323 0.7323 0.7323 0.7323 0.7323 0.7323 0.7323 0.7323 0.7323 0.7323 0.7323 0.7323 0.7323 0.7323 
TS33 0.7609 0.7609 0.7609 0.7609 0.7609 0.7609 0.7609 0.7609 0.7609 0.7609 0.7609 0.7609 0.7609 0.7609 0.7609 0.7609 0.7609 0.7609 0.7609 0.7609 0.7609 0.7609 0.7609 0.7609 0.7609 0.7609 0.7609 0.7609 0.7609 0.7609 0.7609 0.7609 
TS34 0.7302 0.7302 0.7302 0.7302 0.7302 0.7302 0.7302 0.7302 0.7302 0.7302 0.7302 0.7302 0.7302 0.7302 0.7302 0.7302 0.7302 0.7302 0.7302 0.7302 0.7302 0.7302 0.7302 0.7302 0.7302 0.7302 0.7302 0.7302 0.7302 0.7302 0.7302 0.7302 
TS35 0.7478 0.7478 0.7478 0.7478 0.7478 0.7478 0.7478 0.7478 0.7478 0.7478 0.7478 0.7478 0.7478 0.7478 0.7478 0.7478 0.7478 0.7478 0.7478 0.7478 0.7478 0.7478 0.7478 0.7478 0.7478 0.7478 0.7478 0.7478 0.7478 0.7478 0.7478 0.7478 
TS36 0.7607 0.7607 0.7607 0.7607 0.7607 0.7607 0.7607 0.7607 0.7607 0.7607 0.7607 0.7607 0.7607 0.7607 0.7607 0.7607 0.7607 0.7607 0.7607 0.7607 0.7607 0.7607 0.7607 0.7607 0.7607 0.7607 0.7607 0.7607 0.7607 0.7607 0.7607 0.7607 
TS37 0.3902 0.3902 0.3902 0.3902 0.3902 0.3902 0.3902 0.3902 0.3902 0.3902 0.3902 0.3902 0.3902 0.3902 0.3902 0.3902 0.3902 0.3902 0.3902 0.3902 0.3902 0.3902 0.3902 0.3902 0.3902 0.3902 0.3902 0.3902 0.3902 0.3902 0.3902 0.3902 
TS38 0.3918 0.3918 0.3918 0.3918 0.3918 0.3918 0.3918 0.3918 0.3918 0.3918 0.3918 0.3918 0.3918 0.3918 0.3918 0.3918 0.3918 0.3918 0.3918 0.3918 0.3918 0.3918 0.3918 0.3918 0.3918 0.3918 0.3918 0.3918 0.3918 0.3918 0.3918 0.3918 
TS39 0.3818 0.3818 0.3818 0.3818 0.3818 0.3818 0.3818 0.3818 0.3818 0.3818 0.3818 0.3818 0.3818 0.3818 0.3818 0.3818 0.3818 0.3818 0.3818 0.3818 0.3818 0.3818 0.3818 0.3818 0.3818 0.3818 0.3818 0.3818 0.3818 0.3818 0.3818 0.3818 
TS40 0.3793 0.3793 0.3793 0.3793 0.3793 0.3793 0.3793 0.3793 0.3793 0.3793 0.3793 0.3793 0.3793 0.3793 0.3793 0.3793 0.3793 0.3793 0.3793 0.3793 0.3793 0.3793 0.3793 0.3793 0.3793 0.3793 0.3793 0.3793 0.3793 0.3793 0.3793 0.3793 
TS41 0.3809 0.3809 0.3809 0.3809 0.3809 0.3809 0.3809 0.3809 0.3809 0.3809 0.3809 0.3809 0.3809 0.3809 0.3809 0.3809 0.3809 0.3809 0.3809 0.3809 0.3809 0.3809 0.3809 0.3809 0.3809 0.3809 0.3809 0.3809 0.3809 0.3809 0.3809 0.3809 
TS42 0.3777 0.3777 0.3777 0.3777 0.3777 0.3777 0.3777 0.3777 0.3777 0.3777 0.3777 0.3777 0.3777 0.3777 0.3777 0.3777 0.3777 0.3777 0.3777 0.3777 0.3777 0.3777 0.3777 0.3777 0.3777 0.3777 0.3777 0.3777 0.3777 0.3777 0.3777 0.3777 
TS43 0.3947 0.3947 0.3947 0.3947 0.3947 0.3947 0.3947 0.3947 0.3947 0.3947 0.3947 0.3947 0.3947 0.3947 0.3947 0.3947 0.3947 0.3947 0.3947 0.3947 0.3947 0.3947 0.3947 0.3947 0.3947 0.3947 0.3947 0.3947 0.3947 0.3947 0.3947 0.3947 
TS44 0.4301 0.4301 0.4301 0.4301 0.4301 0.4301 0.4301 0.4301 0.4301 0.4301 0.4301 0.4301 0.4301 0.4301 0.4301 0.4301 0.4301 0.4301 0.4301 0.4301 0.4301 0.4301 0.4301 0.4301 0.4301 0.4301 0.4301 0.4301 0.4301 0.4301 0.4301 0.4301 
TS45 0.3909 0.3909 0.3909 0.3909 0.3909 0.3909 0.3909 0.3909 0.3909 0.3909 0.3909 0.3909 0.3909 0.3909 0.3909 0.3909 0.3909 0.3909 0.3909 0.3909 0.3909 0.3909 0.3909 0.3909 0.3909 0.3909 0.3909 0.3909 0.3909 0.3909 0.3909 0.3909 
TS46 0.3841 0.3841 0.3841 0.3841 0.3841 0.3841 0.3841 0.3841 0.3841 0.3841 0.3841 0.3841 0.3841 0.3841 0.3841 0.3841 0.3841 0.3841 0.3841 0.3841 0.3841 0.3841 0.3841 0.3841 0.3841 0.3841 0.3841 0.3841 0.3841 0.3841 0.3841 0.3841 
TS47 0.3879 0.3879 0.3879 0.3879 0.3879 0.3879 0.3879 0.3879 0.3879 0.3879 0.3879 0.3879 0.3879 0.3879 0.3879 0.3879 0.3879 0.3879 0.3879 0.3879 0.3879 0.3879 0.3879 0.3879 0.3879 0.3879 0.3879 0.3879 0.3879 0.3879 0.3879 0.3879 
TS48 0.3708 0.3708 0.3708 0.3708 0.3708 0.3708 0.3708 0.3708 0.3708 0.3708 0.3708 0.3708 0.3708 0.3708 0.3708 0.3708 0.3708 0.3708 0.3708 0.3708 0.3708 0.3708 0.3708 0.3708 0.3708 0.3708 0.3708 0.3708 0.3708 0.3708 0.3708 0.3708 
[RE1,PWRWND008,*,*]:
2019 2020 2021 2022 2023 2024 2025 2026 2027 2028 2029 2030 2031 2032 2033 2034 2035 2036 2037 2038 2039 2040 2041 2042 2043 2044 2045 2046 2047 2048 2049 2050 :=
TS01 0.4448 0.4448 0.4448 0.4448 0.4448 0.4448 0.4448 0.4448 0.4448 0.4448 0.4448 0.4448 0.4448 0.4448 0.4448 0.4448 0.4448 0.4448 0.4448 0.4448 0.4448 0.4448 0.4448 0.4448 0.4448 0.4448 0.4448 0.4448 0.4448 0.4448 0.4448 0.4448 
TS02 0.2701 0.2701 0.2701 0.2701 0.2701 0.2701 0.2701 0.2701 0.2701 0.2701 0.2701 0.2701 0.2701 0.2701 0.2701 0.2701 0.2701 0.2701 0.2701 0.2701 0.2701 0.2701 0.2701 0.2701 0.2701 0.2701 0.2701 0.2701 0.2701 0.2701 0.2701 0.2701 
TS03 0.4221 0.4221 0.4221 0.4221 0.4221 0.4221 0.4221 0.4221 0.4221 0.4221 0.4221 0.4221 0.4221 0.4221 0.4221 0.4221 0.4221 0.4221 0.4221 0.4221 0.4221 0.4221 0.4221 0.4221 0.4221 0.4221 0.4221 0.4221 0.4221 0.4221 0.4221 0.4221 
TS04 0.5878 0.5878 0.5878 0.5878 0.5878 0.5878 0.5878 0.5878 0.5878 0.5878 0.5878 0.5878 0.5878 0.5878 0.5878 0.5878 0.5878 0.5878 0.5878 0.5878 0.5878 0.5878 0.5878 0.5878 0.5878 0.5878 0.5878 0.5878 0.5878 0.5878 0.5878 0.5878 
TS05 0.621 0.621 0.621 0.621 0.621 0.621 0.621 0.621 0.621 0.621 0.621 0.621 0.621 0.621 0.621 0.621 0.621 0.621 0.621 0.621 0.621 0.621 0.621 0.621 0.621 0.621 0.621 0.621 0.621 0.621 0.621 0.621 
TS06 0.5958 0.5958 0.5958 0.5958 0.5958 0.5958 0.5958 0.5958 0.5958 0.5958 0.5958 0.5958 0.5958 0.5958 0.5958 0.5958 0.5958 0.5958 0.5958 0.5958 0.5958 0.5958 0.5958 0.5958 0.5958 0.5958 0.5958 0.5958 0.5958 0.5958 0.5958 0.5958 
TS07 0.4215 0.4215 0.4215 0.4215 0.4215 0.4215 0.4215 0.4215 0.4215 0.4215 0.4215 0.4215 0.4215 0.4215 0.4215 0.4215 0.4215 0.4215 0.4215 0.4215 0.4215 0.4215 0.4215 0.4215 0.4215 0.4215 0.4215 0.4215 0.4215 0.4215 0.4215 0.4215 
TS08 0.2657 0.2657 0.2657 0.2657 0.2657 0.2657 0.2657 0.2657 0.2657 0.2657 0.2657 0.2657 0.2657 0.2657 0.2657 0.2657 0.2657 0.2657 0.2657 0.2657 0.2657 0.2657 0.2657 0.2657 0.2657 0.2657 0.2657 0.2657 0.2657 0.2657 0.2657 0.2657 
TS09 0.4836 0.4836 0.4836 0.4836 0.4836 0.4836 0.4836 0.4836 0.4836 0.4836 0.4836 0.4836 0.4836 0.4836 0.4836 0.4836 0.4836 0.4836 0.4836 0.4836 0.4836 0.4836 0.4836 0.4836 0.4836 0.4836 0.4836 0.4836 0.4836 0.4836 0.4836 0.4836 
TS10 0.6193 0.6193 0.6193 0.6193 0.6193 0.6193 0.6193 0.6193 0.6193 0.6193 0.6193 0.6193 0.6193 0.6193 0.6193 0.6193 0.6193 0.6193 0.6193 0.6193 0.6193 0.6193 0.6193 0.6193 0.6193 0.6193 0.6193 0.6193 0.6193 0.6193 0.6193 0.6193 
TS11 0.6577 0.6577 0.6577 0.6577 0.6577 0.6577 0.6577 0.6577 0.6577 0.6577 0.6577 0.6577 0.6577 0.6577 0.6577 0.6577 0.6577 0.6577 0.6577 0.6577 0.6577 0.6577 0.6577 0.6577 0.6577 0.6577 0.6577 0.6577 0.6577 0.6577 0.6577 0.6577 
TS12 0.6111 0.6111 0.6111 0.6111 0.6111 0.6111 0.6111 0.6111 0.6111 0.6111 0.6111 0.6111 0.6111 0.6111 0.6111 0.6111 0.6111 0.6111 0.6111 0.6111 0.6111 0.6111 0.6111 0.6111 0.6111 0.6111 0.6111 0.6111 0.6111 0.6111 0.6111 0.6111 
TS13 0.154 0.154 0.154 0.154 0.154 0.154 0.154 0.154 0.154 0.154 0.154 0.154 0.154 0.154 0.154 0.154 0.154 0.154 0.154 0.154 0.154 0.154 0.154 0.154 0.154 0.154 0.154 0.154 0.154 0.154 0.154 0.154 
TS14 0.1043 0.1043 0.1043 0.1043 0.1043 0.1043 0.1043 0.1043 0.1043 0.1043 0.1043 0.1043 0.1043 0.1043 0.1043 0.1043 0.1043 0.1043 0.1043 0.1043 0.1043 0.1043 0.1043 0.1043 0.1043 0.1043 0.1043 0.1043 0.1043 0.1043 0.1043 0.1043 
TS15 0.4191 0.4191 0.4191 0.4191 0.4191 0.4191 0.4191 0.4191 0.4191 0.4191 0.4191 0.4191 0.4191 0.4191 0.4191 0.4191 0.4191 0.4191 0.4191 0.4191 0.4191 0.4191 0.4191 0.4191 0.4191 0.4191 0.4191 0.4191 0.4191 0.4191 0.4191 0.4191 
TS16 0.4323 0.4323 0.4323 0.4323 0.4323 0.4323 0.4323 0.4323 0.4323 0.4323 0.4323 0.4323 0.4323 0.4323 0.4323 0.4323 0.4323 0.4323 0.4323 0.4323 0.4323 0.4323 0.4323 0.4323 0.4323 0.4323 0.4323 0.4323 0.4323 0.4323 0.4323 0.4323 
TS17 0.2985 0.2985 0.2985 0.2985 0.2985 0.2985 0.2985 0.2985 0.2985 0.2985 0.2985 0.2985 0.2985 0.2985 0.2985 0.2985 0.2985 0.2985 0.2985 0.2985 0.2985 0.2985 0.2985 0.2985 0.2985 0.2985 0.2985 0.2985 0.2985 0.2985 0.2985 0.2985 
TS18 0.2516 0.2516 0.2516 0.2516 0.2516 0.2516 0.2516 0.2516 0.2516 0.2516 0.2516 0.2516 0.2516 0.2516 0.2516 0.2516 0.2516 0.2516 0.2516 0.2516 0.2516 0.2516 0.2516 0.2516 0.2516 0.2516 0.2516 0.2516 0.2516 0.2516 0.2516 0.2516 
TS19 0.1327 0.1327 0.1327 0.1327 0.1327 0.1327 0.1327 0.1327 0.1327 0.1327 0.1327 0.1327 0.1327 0.1327 0.1327 0.1327 0.1327 0.1327 0.1327 0.1327 0.1327 0.1327 0.1327 0.1327 0.1327 0.1327 0.1327 0.1327 0.1327 0.1327 0.1327 0.1327 
TS20 0.0945 0.0945 0.0945 0.0945 0.0945 0.0945 0.0945 0.0945 0.0945 0.0945 0.0945 0.0945 0.0945 0.0945 0.0945 0.0945 0.0945 0.0945 0.0945 0.0945 0.0945 0.0945 0.0945 0.0945 0.0945 0.0945 0.0945 0.0945 0.0945 0.0945 0.0945 0.0945 
TS21 0.4437 0.4437 0.4437 0.4437 0.4437 0.4437 0.4437 0.4437 0.4437 0.4437 0.4437 0.4437 0.4437 0.4437 0.4437 0.4437 0.4437 0.4437 0.4437 0.4437 0.4437 0.4437 0.4437 0.4437 0.4437 0.4437 0.4437 0.4437 0.4437 0.4437 0.4437 0.4437 
TS22 0.4498 0.4498 0.4498 0.4498 0.4498 0.4498 0.4498 0.4498 0.4498 0.4498 0.4498 0.4498 0.4498 0.4498 0.4498 0.4498 0.4498 0.4498 0.4498 0.4498 0.4498 0.4498 0.4498 0.4498 0.4498 0.4498 0.4498 0.4498 0.4498 0.4498 0.4498 0.4498 
TS23 0.2972 0.2972 0.2972 0.2972 0.2972 0.2972 0.2972 0.2972 0.2972 0.2972 0.2972 0.2972 0.2972 0.2972 0.2972 0.2972 0.2972 0.2972 0.2972 0.2972 0.2972 0.2972 0.2972 0.2972 0.2972 0.2972 0.2972 0.2972 0.2972 0.2972 0.2972 0.2972 
TS24 0.2828 0.2828 0.2828 0.2828 0.2828 0.2828 0.2828 0.2828 0.2828 0.2828 0.2828 0.2828 0.2828 0.2828 0.2828 0.2828 0.2828 0.2828 0.2828 0.2828 0.2828 0.2828 0.2828 0.2828 0.2828 0.2828 0.2828 0.2828 0.2828 0.2828 0.2828 0.2828 
TS25 0.4097 0.4097 0.4097 0.4097 0.4097 0.4097 0.4097 0.4097 0.4097 0.4097 0.4097 0.4097 0.4097 0.4097 0.4097 0.4097 0.4097 0.4097 0.4097 0.4097 0.4097 0.4097 0.4097 0.4097 0.4097 0.4097 0.4097 0.4097 0.4097 0.4097 0.4097 0.4097 
TS26 0.2611 0.2611 0.2611 0.2611 0.2611 0.2611 0.2611 0.2611 0.2611 0.2611 0.2611 0.2611 0.2611 0.2611 0.2611 0.2611 0.2611 0.2611 0.2611 0.2611 0.2611 0.2611 0.2611 0.2611 0.2611 0.2611 0.2611 0.2611 0.2611 0.2611 0.2611 0.2611 
TS27 0.4946 0.4946 0.4946 0.4946 0.4946 0.4946 0.4946 0.4946 0.4946 0.4946 0.4946 0.4946 0.4946 0.4946 0.4946 0.4946 0.4946 0.4946 0.4946 0.4946 0.4946 0.4946 0.4946 0.4946 0.4946 0.4946 0.4946 0.4946 0.4946 0.4946 0.4946 0.4946 
TS28 0.6182 0.6182 0.6182 0.6182 0.6182 0.6182 0.6182 0.6182 0.6182 0.6182 0.6182 0.6182 0.6182 0.6182 0.6182 0.6182 0.6182 0.6182 0.6182 0.6182 0.6182 0.6182 0.6182 0.6182 0.6182 0.6182 0.6182 0.6182 0.6182 0.6182 0.6182 0.6182 
TS29 0.5019 0.5019 0.5019 0.5019 0.5019 0.5019 0.5019 0.5019 0.5019 0.5019 0.5019 0.5019 0.5019 0.5019 0.5019 0.5019 0.5019 0.5019 0.5019 0.5019 0.5019 0.5019 0.5019 0.5019 0.5019 0.5019 0.5019 0.5019 0.5019 0.5019 0.5019 0.5019 
TS30 0.5168 0.5168 0.5168 0.5168 0.5168 0.5168 0.5168 0.5168 0.5168 0.5168 0.5168 0.5168 0.5168 0.5168 0.5168 0.5168 0.5168 0.5168 0.5168 0.5168 0.5168 0.5168 0.5168 0.5168 0.5168 0.5168 0.5168 0.5168 0.5168 0.5168 0.5168 0.5168 
TS31 0.3603 0.3603 0.3603 0.3603 0.3603 0.3603 0.3603 0.3603 0.3603 0.3603 0.3603 0.3603 0.3603 0.3603 0.3603 0.3603 0.3603 0.3603 0.3603 0.3603 0.3603 0.3603 0.3603 0.3603 0.3603 0.3603 0.3603 0.3603 0.3603 0.3603 0.3603 0.3603 
TS32 0.242 0.242 0.242 0.242 0.242 0.242 0.242 0.242 0.242 0.242 0.242 0.242 0.242 0.242 0.242 0.242 0.242 0.242 0.242 0.242 0.242 0.242 0.242 0.242 0.242 0.242 0.242 0.242 0.242 0.242 0.242 0.242 
TS33 0.4563 0.4563 0.4563 0.4563 0.4563 0.4563 0.4563 0.4563 0.4563 0.4563 0.4563 0.4563 0.4563 0.4563 0.4563 0.4563 0.4563 0.4563 0.4563 0.4563 0.4563 0.4563 0.4563 0.4563 0.4563 0.4563 0.4563 0.4563 0.4563 0.4563 0.4563 0.4563 
TS34 0.6164 0.6164 0.6164 0.6164 0.6164 0.6164 0.6164 0.6164 0.6164 0.6164 0.6164 0.6164 0.6164 0.6164 0.6164 0.6164 0.6164 0.6164 0.6164 0.6164 0.6164 0.6164 0.6164 0.6164 0.6164 0.6164 0.6164 0.6164 0.6164 0.6164 0.6164 0.6164 
TS35 0.5458 0.5458 0.5458 0.5458 0.5458 0.5458 0.5458 0.5458 0.5458 0.5458 0.5458 0.5458 0.5458 0.5458 0.5458 0.5458 0.5458 0.5458 0.5458 0.5458 0.5458 0.5458 0.5458 0.5458 0.5458 0.5458 0.5458 0.5458 0.5458 0.5458 0.5458 0.5458 
TS36 0.6038 0.6038 0.6038 0.6038 0.6038 0.6038 0.6038 0.6038 0.6038 0.6038 0.6038 0.6038 0.6038 0.6038 0.6038 0.6038 0.6038 0.6038 0.6038 0.6038 0.6038 0.6038 0.6038 0.6038 0.6038 0.6038 0.6038 0.6038 0.6038 0.6038 0.6038 0.6038 
TS37 0.4931 0.4931 0.4931 0.4931 0.4931 0.4931 0.4931 0.4931 0.4931 0.4931 0.4931 0.4931 0.4931 0.4931 0.4931 0.4931 0.4931 0.4931 0.4931 0.4931 0.4931 0.4931 0.4931 0.4931 0.4931 0.4931 0.4931 0.4931 0.4931 0.4931 0.4931 0.4931 
TS38 0.3993 0.3993 0.3993 0.3993 0.3993 0.3993 0.3993 0.3993 0.3993 0.3993 0.3993 0.3993 0.3993 0.3993 0.3993 0.3993 0.3993 0.3993 0.3993 0.3993 0.3993 0.3993 0.3993 0.3993 0.3993 0.3993 0.3993 0.3993 0.3993 0.3993 0.3993 0.3993 
TS39 0.6518 0.6518 0.6518 0.6518 0.6518 0.6518 0.6518 0.6518 0.6518 0.6518 0.6518 0.6518 0.6518 0.6518 0.6518 0.6518 0.6518 0.6518 0.6518 0.6518 0.6518 0.6518 0.6518 0.6518 0.6518 0.6518 0.6518 0.6518 0.6518 0.6518 0.6518 0.6518 
TS40 0.7503 0.7503 0.7503 0.7503 0.7503 0.7503 0.7503 0.7503 0.7503 0.7503 0.7503 0.7503 0.7503 0.7503 0.7503 0.7503 0.7503 0.7503 0.7503 0.7503 0.7503 0.7503 0.7503 0.7503 0.7503 0.7503 0.7503 0.7503 0.7503 0.7503 0.7503 0.7503 
TS41 0.7412 0.7412 0.7412 0.7412 0.7412 0.7412 0.7412 0.7412 0.7412 0.7412 0.7412 0.7412 0.7412 0.7412 0.7412 0.7412 0.7412 0.7412 0.7412 0.7412 0.7412 0.7412 0.7412 0.7412 0.7412 0.7412 0.7412 0.7412 0.7412 0.7412 0.7412 0.7412 
TS42 0.7153 0.7153 0.7153 0.7153 0.7153 0.7153 0.7153 0.7153 0.7153 0.7153 0.7153 0.7153 0.7153 0.7153 0.7153 0.7153 0.7153 0.7153 0.7153 0.7153 0.7153 0.7153 0.7153 0.7153 0.7153 0.7153 0.7153 0.7153 0.7153 0.7153 0.7153 0.7153 
TS43 0.4977 0.4977 0.4977 0.4977 0.4977 0.4977 0.4977 0.4977 0.4977 0.4977 0.4977 0.4977 0.4977 0.4977 0.4977 0.4977 0.4977 0.4977 0.4977 0.4977 0.4977 0.4977 0.4977 0.4977 0.4977 0.4977 0.4977 0.4977 0.4977 0.4977 0.4977 0.4977 
TS44 0.4244 0.4244 0.4244 0.4244 0.4244 0.4244 0.4244 0.4244 0.4244 0.4244 0.4244 0.4244 0.4244 0.4244 0.4244 0.4244 0.4244 0.4244 0.4244 0.4244 0.4244 0.4244 0.4244 0.4244 0.4244 0.4244 0.4244 0.4244 0.4244 0.4244 0.4244 0.4244 
TS45 0.6859 0.6859 0.6859 0.6859 0.6859 0.6859 0.6859 0.6859 0.6859 0.6859 0.6859 0.6859 0.6859 0.6859 0.6859 0.6859 0.6859 0.6859 0.6859 0.6859 0.6859 0.6859 0.6859 0.6859 0.6859 0.6859 0.6859 0.6859 0.6859 0.6859 0.6859 0.6859 
TS46 0.7921 0.7921 0.7921 0.7921 0.7921 0.7921 0.7921 0.7921 0.7921 0.7921 0.7921 0.7921 0.7921 0.7921 0.7921 0.7921 0.7921 0.7921 0.7921 0.7921 0.7921 0.7921 0.7921 0.7921 0.7921 0.7921 0.7921 0.7921 0.7921 0.7921 0.7921 0.7921 
TS47 0.8121 0.8121 0.8121 0.8121 0.8121 0.8121 0.8121 0.8121 0.8121 0.8121 0.8121 0.8121 0.8121 0.8121 0.8121 0.8121 0.8121 0.8121 0.8121 0.8121 0.8121 0.8121 0.8121 0.8121 0.8121 0.8121 0.8121 0.8121 0.8121 0.8121 0.8121 0.8121 
TS48 0.7811 0.7811 0.7811 0.7811 0.7811 0.7811 0.7811 0.7811 0.7811 0.7811 0.7811 0.7811 0.7811 0.7811 0.7811 0.7811 0.7811 0.7811 0.7811 0.7811 0.7811 0.7811 0.7811 0.7811 0.7811 0.7811 0.7811 0.7811 0.7811 0.7811 0.7811 0.7811 
[RE1,PWRWND009,*,*]:
2019 2020 2021 2022 2023 2024 2025 2026 2027 2028 2029 2030 2031 2032 2033 2034 2035 2036 2037 2038 2039 2040 2041 2042 2043 2044 2045 2046 2047 2048 2049 2050 :=
TS01 0.4904 0.4904 0.4904 0.4904 0.4904 0.4904 0.4904 0.4904 0.4904 0.4904 0.4904 0.4904 0.4904 0.4904 0.4904 0.4904 0.4904 0.4904 0.4904 0.4904 0.4904 0.4904 0.4904 0.4904 0.4904 0.4904 0.4904 0.4904 0.4904 0.4904 0.4904 0.4904 
TS02 0.438 0.438 0.438 0.438 0.438 0.438 0.438 0.438 0.438 0.438 0.438 0.438 0.438 0.438 0.438 0.438 0.438 0.438 0.438 0.438 0.438 0.438 0.438 0.438 0.438 0.438 0.438 0.438 0.438 0.438 0.438 0.438 
TS03 0.548 0.548 0.548 0.548 0.548 0.548 0.548 0.548 0.548 0.548 0.548 0.548 0.548 0.548 0.548 0.548 0.548 0.548 0.548 0.548 0.548 0.548 0.548 0.548 0.548 0.548 0.548 0.548 0.548 0.548 0.548 0.548 
TS04 0.5573 0.5573 0.5573 0.5573 0.5573 0.5573 0.5573 0.5573 0.5573 0.5573 0.5573 0.5573 0.5573 0.5573 0.5573 0.5573 0.5573 0.5573 0.5573 0.5573 0.5573 0.5573 0.5573 0.5573 0.5573 0.5573 0.5573 0.5573 0.5573 0.5573 0.5573 0.5573 
TS05 0.5756 0.5756 0.5756 0.5756 0.5756 0.5756 0.5756 0.5756 0.5756 0.5756 0.5756 0.5756 0.5756 0.5756 0.5756 0.5756 0.5756 0.5756 0.5756 0.5756 0.5756 0.5756 0.5756 0.5756 0.5756 0.5756 0.5756 0.5756 0.5756 0.5756 0.5756 0.5756 
TS06 0.5498 0.5498 0.5498 0.5498 0.5498 0.5498 0.5498 0.5498 0.5498 0.5498 0.5498 0.5498 0.5498 0.5498 0.5498 0.5498 0.5498 0.5498 0.5498 0.5498 0.5498 0.5498 0.5498 0.5498 0.5498 0.5498 0.5498 0.5498 0.5498 0.5498 0.5498 0.5498 
TS07 0.4718 0.4718 0.4718 0.4718 0.4718 0.4718 0.4718 0.4718 0.4718 0.4718 0.4718 0.4718 0.4718 0.4718 0.4718 0.4718 0.4718 0.4718 0.4718 0.4718 0.4718 0.4718 0.4718 0.4718 0.4718 0.4718 0.4718 0.4718 0.4718 0.4718 0.4718 0.4718 
TS08 0.4206 0.4206 0.4206 0.4206 0.4206 0.4206 0.4206 0.4206 0.4206 0.4206 0.4206 0.4206 0.4206 0.4206 0.4206 0.4206 0.4206 0.4206 0.4206 0.4206 0.4206 0.4206 0.4206 0.4206 0.4206 0.4206 0.4206 0.4206 0.4206 0.4206 0.4206 0.4206 
TS09 0.5456 0.5456 0.5456 0.5456 0.5456 0.5456 0.5456 0.5456 0.5456 0.5456 0.5456 0.5456 0.5456 0.5456 0.5456 0.5456 0.5456 0.5456 0.5456 0.5456 0.5456 0.5456 0.5456 0.5456 0.5456 0.5456 0.5456 0.5456 0.5456 0.5456 0.5456 0.5456 
TS10 0.5886 0.5886 0.5886 0.5886 0.5886 0.5886 0.5886 0.5886 0.5886 0.5886 0.5886 0.5886 0.5886 0.5886 0.5886 0.5886 0.5886 0.5886 0.5886 0.5886 0.5886 0.5886 0.5886 0.5886 0.5886 0.5886 0.5886 0.5886 0.5886 0.5886 0.5886 0.5886 
TS11 0.5994 0.5994 0.5994 0.5994 0.5994 0.5994 0.5994 0.5994 0.5994 0.5994 0.5994 0.5994 0.5994 0.5994 0.5994 0.5994 0.5994 0.5994 0.5994 0.5994 0.5994 0.5994 0.5994 0.5994 0.5994 0.5994 0.5994 0.5994 0.5994 0.5994 0.5994 0.5994 
TS12 0.5857 0.5857 0.5857 0.5857 0.5857 0.5857 0.5857 0.5857 0.5857 0.5857 0.5857 0.5857 0.5857 0.5857 0.5857 0.5857 0.5857 0.5857 0.5857 0.5857 0.5857 0.5857 0.5857 0.5857 0.5857 0.5857 0.5857 0.5857 0.5857 0.5857 0.5857 0.5857 
TS13 0.2529 0.2529 0.2529 0.2529 0.2529 0.2529 0.2529 0.2529 0.2529 0.2529 0.2529 0.2529 0.2529 0.2529 0.2529 0.2529 0.2529 0.2529 0.2529 0.2529 0.2529 0.2529 0.2529 0.2529 0.2529 0.2529 0.2529 0.2529 0.2529 0.2529 0.2529 0.2529 
TS14 0.2025 0.2025 0.2025 0.2025 0.2025 0.2025 0.2025 0.2025 0.2025 0.2025 0.2025 0.2025 0.2025 0.2025 0.2025 0.2025 0.2025 0.2025 0.2025 0.2025 0.2025 0.2025 0.2025 0.2025 0.2025 0.2025 0.2025 0.2025 0.2025 0.2025 0.2025 0.2025 
TS15 0.2306 0.2306 0.2306 0.2306 0.2306 0.2306 0.2306 0.2306 0.2306 0.2306 0.2306 0.2306 0.2306 0.2306 0.2306 0.2306 0.2306 0.2306 0.2306 0.2306 0.2306 0.2306 0.2306 0.2306 0.2306 0.2306 0.2306 0.2306 0.2306 0.2306 0.2306 0.2306 
TS16 0.2908 0.2908 0.2908 0.2908 0.2908 0.2908 0.2908 0.2908 0.2908 0.2908 0.2908 0.2908 0.2908 0.2908 0.2908 0.2908 0.2908 0.2908 0.2908 0.2908 0.2908 0.2908 0.2908 0.2908 0.2908 0.2908 0.2908 0.2908 0.2908 0.2908 0.2908 0.2908 
TS17 0.3315 0.3315 0.3315 0.3315 0.3315 0.3315 0.3315 0.3315 0.3315 0.3315 0.3315 0.3315 0.3315 0.3315 0.3315 0.3315 0.3315 0.3315 0.3315 0.3315 0.3315 0.3315 0.3315 0.3315 0.3315 0.3315 0.3315 0.3315 0.3315 0.3315 0.3315 0.3315 
TS18 0.3262 0.3262 0.3262 0.3262 0.3262 0.3262 0.3262 0.3262 0.3262 0.3262 0.3262 0.3262 0.3262 0.3262 0.3262 0.3262 0.3262 0.3262 0.3262 0.3262 0.3262 0.3262 0.3262 0.3262 0.3262 0.3262 0.3262 0.3262 0.3262 0.3262 0.3262 0.3262 
TS19 0.2922 0.2922 0.2922 0.2922 0.2922 0.2922 0.2922 0.2922 0.2922 0.2922 0.2922 0.2922 0.2922 0.2922 0.2922 0.2922 0.2922 0.2922 0.2922 0.2922 0.2922 0.2922 0.2922 0.2922 0.2922 0.2922 0.2922 0.2922 0.2922 0.2922 0.2922 0.2922 
TS20 0.2055 0.2055 0.2055 0.2055 0.2055 0.2055 0.2055 0.2055 0.2055 0.2055 0.2055 0.2055 0.2055 0.2055 0.2055 0.2055 0.2055 0.2055 0.2055 0.2055 0.2055 0.2055 0.2055 0.2055 0.2055 0.2055 0.2055 0.2055 0.2055 0.2055 0.2055 0.2055 
TS21 0.2386 0.2386 0.2386 0.2386 0.2386 0.2386 0.2386 0.2386 0.2386 0.2386 0.2386 0.2386 0.2386 0.2386 0.2386 0.2386 0.2386 0.2386 0.2386 0.2386 0.2386 0.2386 0.2386 0.2386 0.2386 0.2386 0.2386 0.2386 0.2386 0.2386 0.2386 0.2386 
TS22 0.3065 0.3065 0.3065 0.3065 0.3065 0.3065 0.3065 0.3065 0.3065 0.3065 0.3065 0.3065 0.3065 0.3065 0.3065 0.3065 0.3065 0.3065 0.3065 0.3065 0.3065 0.3065 0.3065 0.3065 0.3065 0.3065 0.3065 0.3065 0.3065 0.3065 0.3065 0.3065 
TS23 0.3503 0.3503 0.3503 0.3503 0.3503 0.3503 0.3503 0.3503 0.3503 0.3503 0.3503 0.3503 0.3503 0.3503 0.3503 0.3503 0.3503 0.3503 0.3503 0.3503 0.3503 0.3503 0.3503 0.3503 0.3503 0.3503 0.3503 0.3503 0.3503 0.3503 0.3503 0.3503 
TS24 0.3774 0.3774 0.3774 0.3774 0.3774 0.3774 0.3774 0.3774 0.3774 0.3774 0.3774 0.3774 0.3774 0.3774 0.3774 0.3774 0.3774 0.3774 0.3774 0.3774 0.3774 0.3774 0.3774 0.3774 0.3774 0.3774 0.3774 0.3774 0.3774 0.3774 0.3774 0.3774 
TS25 0.5808 0.5808 0.5808 0.5808 0.5808 0.5808 0.5808 0.5808 0.5808 0.5808 0.5808 0.5808 0.5808 0.5808 0.5808 0.5808 0.5808 0.5808 0.5808 0.5808 0.5808 0.5808 0.5808 0.5808 0.5808 0.5808 0.5808 0.5808 0.5808 0.5808 0.5808 0.5808 
TS26 0.4187 0.4187 0.4187 0.4187 0.4187 0.4187 0.4187 0.4187 0.4187 0.4187 0.4187 0.4187 0.4187 0.4187 0.4187 0.4187 0.4187 0.4187 0.4187 0.4187 0.4187 0.4187 0.4187 0.4187 0.4187 0.4187 0.4187 0.4187 0.4187 0.4187 0.4187 0.4187 
TS27 0.3588 0.3588 0.3588 0.3588 0.3588 0.3588 0.3588 0.3588 0.3588 0.3588 0.3588 0.3588 0.3588 0.3588 0.3588 0.3588 0.3588 0.3588 0.3588 0.3588 0.3588 0.3588 0.3588 0.3588 0.3588 0.3588 0.3588 0.3588 0.3588 0.3588 0.3588 0.3588 
TS28 0.4798 0.4798 0.4798 0.4798 0.4798 0.4798 0.4798 0.4798 0.4798 0.4798 0.4798 0.4798 0.4798 0.4798 0.4798 0.4798 0.4798 0.4798 0.4798 0.4798 0.4798 0.4798 0.4798 0.4798 0.4798 0.4798 0.4798 0.4798 0.4798 0.4798 0.4798 0.4798 
TS29 0.5971 0.5971 0.5971 0.5971 0.5971 0.5971 0.5971 0.5971 0.5971 0.5971 0.5971 0.5971 0.5971 0.5971 0.5971 0.5971 0.5971 0.5971 0.5971 0.5971 0.5971 0.5971 0.5971 0.5971 0.5971 0.5971 0.5971 0.5971 0.5971 0.5971 0.5971 0.5971 
TS30 0.6295 0.6295 0.6295 0.6295 0.6295 0.6295 0.6295 0.6295 0.6295 0.6295 0.6295 0.6295 0.6295 0.6295 0.6295 0.6295 0.6295 0.6295 0.6295 0.6295 0.6295 0.6295 0.6295 0.6295 0.6295 0.6295 0.6295 0.6295 0.6295 0.6295 0.6295 0.6295 
TS31 0.5888 0.5888 0.5888 0.5888 0.5888 0.5888 0.5888 0.5888 0.5888 0.5888 0.5888 0.5888 0.5888 0.5888 0.5888 0.5888 0.5888 0.5888 0.5888 0.5888 0.5888 0.5888 0.5888 0.5888 0.5888 0.5888 0.5888 0.5888 0.5888 0.5888 0.5888 0.5888 
TS32 0.4291 0.4291 0.4291 0.4291 0.4291 0.4291 0.4291 0.4291 0.4291 0.4291 0.4291 0.4291 0.4291 0.4291 0.4291 0.4291 0.4291 0.4291 0.4291 0.4291 0.4291 0.4291 0.4291 0.4291 0.4291 0.4291 0.4291 0.4291 0.4291 0.4291 0.4291 0.4291 
TS33 0.3568 0.3568 0.3568 0.3568 0.3568 0.3568 0.3568 0.3568 0.3568 0.3568 0.3568 0.3568 0.3568 0.3568 0.3568 0.3568 0.3568 0.3568 0.3568 0.3568 0.3568 0.3568 0.3568 0.3568 0.3568 0.3568 0.3568 0.3568 0.3568 0.3568 0.3568 0.3568 
TS34 0.473 0.473 0.473 0.473 0.473 0.473 0.473 0.473 0.473 0.473 0.473 0.473 0.473 0.473 0.473 0.473 0.473 0.473 0.473 0.473 0.473 0.473 0.473 0.473 0.473 0.473 0.473 0.473 0.473 0.473 0.473 0.473 
TS35 0.5988 0.5988 0.5988 0.5988 0.5988 0.5988 0.5988 0.5988 0.5988 0.5988 0.5988 0.5988 0.5988 0.5988 0.5988 0.5988 0.5988 0.5988 0.5988 0.5988 0.5988 0.5988 0.5988 0.5988 0.5988 0.5988 0.5988 0.5988 0.5988 0.5988 0.5988 0.5988 
TS36 0.6518 0.6518 0.6518 0.6518 0.6518 0.6518 0.6518 0.6518 0.6518 0.6518 0.6518 0.6518 0.6518 0.6518 0.6518 0.6518 0.6518 0.6518 0.6518 0.6518 0.6518 0.6518 0.6518 0.6518 0.6518 0.6518 0.6518 0.6518 0.6518 0.6518 0.6518 0.6518 
TS37 0.5673 0.5673 0.5673 0.5673 0.5673 0.5673 0.5673 0.5673 0.5673 0.5673 0.5673 0.5673 0.5673 0.5673 0.5673 0.5673 0.5673 0.5673 0.5673 0.5673 0.5673 0.5673 0.5673 0.5673 0.5673 0.5673 0.5673 0.5673 0.5673 0.5673 0.5673 0.5673 
TS38 0.5159 0.5159 0.5159 0.5159 0.5159 0.5159 0.5159 0.5159 0.5159 0.5159 0.5159 0.5159 0.5159 0.5159 0.5159 0.5159 0.5159 0.5159 0.5159 0.5159 0.5159 0.5159 0.5159 0.5159 0.5159 0.5159 0.5159 0.5159 0.5159 0.5159 0.5159 0.5159 
TS39 0.6527 0.6527 0.6527 0.6527 0.6527 0.6527 0.6527 0.6527 0.6527 0.6527 0.6527 0.6527 0.6527 0.6527 0.6527 0.6527 0.6527 0.6527 0.6527 0.6527 0.6527 0.6527 0.6527 0.6527 0.6527 0.6527 0.6527 0.6527 0.6527 0.6527 0.6527 0.6527 
TS40 0.7148 0.7148 0.7148 0.7148 0.7148 0.7148 0.7148 0.7148 0.7148 0.7148 0.7148 0.7148 0.7148 0.7148 0.7148 0.7148 0.7148 0.7148 0.7148 0.7148 0.7148 0.7148 0.7148 0.7148 0.7148 0.7148 0.7148 0.7148 0.7148 0.7148 0.7148 0.7148 
TS41 0.7192 0.7192 0.7192 0.7192 0.7192 0.7192 0.7192 0.7192 0.7192 0.7192 0.7192 0.7192 0.7192 0.7192 0.7192 0.7192 0.7192 0.7192 0.7192 0.7192 0.7192 0.7192 0.7192 0.7192 0.7192 0.7192 0.7192 0.7192 0.7192 0.7192 0.7192 0.7192 
TS42 0.6824 0.6824 0.6824 0.6824 0.6824 0.6824 0.6824 0.6824 0.6824 0.6824 0.6824 0.6824 0.6824 0.6824 0.6824 0.6824 0.6824 0.6824 0.6824 0.6824 0.6824 0.6824 0.6824 0.6824 0.6824 0.6824 0.6824 0.6824 0.6824 0.6824 0.6824 0.6824 
TS43 0.5666 0.5666 0.5666 0.5666 0.5666 0.5666 0.5666 0.5666 0.5666 0.5666 0.5666 0.5666 0.5666 0.5666 0.5666 0.5666 0.5666 0.5666 0.5666 0.5666 0.5666 0.5666 0.5666 0.5666 0.5666 0.5666 0.5666 0.5666 0.5666 0.5666 0.5666 0.5666 
TS44 0.4998 0.4998 0.4998 0.4998 0.4998 0.4998 0.4998 0.4998 0.4998 0.4998 0.4998 0.4998 0.4998 0.4998 0.4998 0.4998 0.4998 0.4998 0.4998 0.4998 0.4998 0.4998 0.4998 0.4998 0.4998 0.4998 0.4998 0.4998 0.4998 0.4998 0.4998 0.4998 
TS45 0.6644 0.6644 0.6644 0.6644 0.6644 0.6644 0.6644 0.6644 0.6644 0.6644 0.6644 0.6644 0.6644 0.6644 0.6644 0.6644 0.6644 0.6644 0.6644 0.6644 0.6644 0.6644 0.6644 0.6644 0.6644 0.6644 0.6644 0.6644 0.6644 0.6644 0.6644 0.6644 
TS46 0.7509 0.7509 0.7509 0.7509 0.7509 0.7509 0.7509 0.7509 0.7509 0.7509 0.7509 0.7509 0.7509 0.7509 0.7509 0.7509 0.7509 0.7509 0.7509 0.7509 0.7509 0.7509 0.7509 0.7509 0.7509 0.7509 0.7509 0.7509 0.7509 0.7509 0.7509 0.7509 
TS47 0.7591 0.7591 0.7591 0.7591 0.7591 0.7591 0.7591 0.7591 0.7591 0.7591 0.7591 0.7591 0.7591 0.7591 0.7591 0.7591 0.7591 0.7591 0.7591 0.7591 0.7591 0.7591 0.7591 0.7591 0.7591 0.7591 0.7591 0.7591 0.7591 0.7591 0.7591 0.7591 
TS48 0.7029 0.7029 0.7029 0.7029 0.7029 0.7029 0.7029 0.7029 0.7029 0.7029 0.7029 0.7029 0.7029 0.7029 0.7029 0.7029 0.7029 0.7029 0.7029 0.7029 0.7029 0.7029 0.7029 0.7029 0.7029 0.7029 0.7029 0.7029 0.7029 0.7029 0.7029 0.7029 
[RE1,PWRWND010,*,*]:
2019 2020 2021 2022 2023 2024 2025 2026 2027 2028 2029 2030 2031 2032 2033 2034 2035 2036 2037 2038 2039 2040 2041 2042 2043 2044 2045 2046 2047 2048 2049 2050 :=
TS01 0.4996 0.4996 0.4996 0.4996 0.4996 0.4996 0.4996 0.4996 0.4996 0.4996 0.4996 0.4996 0.4996 0.4996 0.4996 0.4996 0.4996 0.4996 0.4996 0.4996 0.4996 0.4996 0.4996 0.4996 0.4996 0.4996 0.4996 0.4996 0.4996 0.4996 0.4996 0.4996 
TS02 0.504 0.504 0.504 0.504 0.504 0.504 0.504 0.504 0.504 0.504 0.504 0.504 0.504 0.504 0.504 0.504 0.504 0.504 0.504 0.504 0.504 0.504 0.504 0.504 0.504 0.504 0.504 0.504 0.504 0.504 0.504 0.504 
TS03 0.4733 0.4733 0.4733 0.4733 0.4733 0.4733 0.4733 0.4733 0.4733 0.4733 0.4733 0.4733 0.4733 0.4733 0.4733 0.4733 0.4733 0.4733 0.4733 0.4733 0.4733 0.4733 0.4733 0.4733 0.4733 0.4733 0.4733 0.4733 0.4733 0.4733 0.4733 0.4733 
TS04 0.3489 0.3489 0.3489 0.3489 0.3489 0.3489 0.3489 0.3489 0.3489 0.3489 0.3489 0.3489 0.3489 0.3489 0.3489 0.3489 0.3489 0.3489 0.3489 0.3489 0.3489 0.3489 0.3489 0.3489 0.3489 0.3489 0.3489 0.3489 0.3489 0.3489 0.3489 0.3489 
TS05 0.4114 0.4114 0.4114 0.4114 0.4114 0.4114 0.4114 0.4114 0.4114 0.4114 0.4114 0.4114 0.4114 0.4114 0.4114 0.4114 0.4114 0.4114 0.4114 0.4114 0.4114 0.4114 0.4114 0.4114 0.4114 0.4114 0.4114 0.4114 0.4114 0.4114 0.4114 0.4114 
TS06 0.422 0.422 0.422 0.422 0.422 0.422 0.422 0.422 0.422 0.422 0.422 0.422 0.422 0.422 0.422 0.422 0.422 0.422 0.422 0.422 0.422 0.422 0.422 0.422 0.422 0.422 0.422 0.422 0.422 0.422 0.422 0.422 
TS07 0.4955 0.4955 0.4955 0.4955 0.4955 0.4955 0.4955 0.4955 0.4955 0.4955 0.4955 0.4955 0.4955 0.4955 0.4955 0.4955 0.4955 0.4955 0.4955 0.4955 0.4955 0.4955 0.4955 0.4955 0.4955 0.4955 0.4955 0.4955 0.4955 0.4955 0.4955 0.4955 
TS08 0.5046 0.5046 0.5046 0.5046 0.5046 0.5046 0.5046 0.5046 0.5046 0.5046 0.5046 0.5046 0.5046 0.5046 0.5046 0.5046 0.5046 0.5046 0.5046 0.5046 0.5046 0.5046 0.5046 0.5046 0.5046 0.5046 0.5046 0.5046 0.5046 0.5046 0.5046 0.5046 
TS09 0.4879 0.4879 0.4879 0.4879 0.4879 0.4879 0.4879 0.4879 0.4879 0.4879 0.4879 0.4879 0.4879 0.4879 0.4879 0.4879 0.4879 0.4879 0.4879 0.4879 0.4879 0.4879 0.4879 0.4879 0.4879 0.4879 0.4879 0.4879 0.4879 0.4879 0.4879 0.4879 
TS10 0.3886 0.3886 0.3886 0.3886 0.3886 0.3886 0.3886 0.3886 0.3886 0.3886 0.3886 0.3886 0.3886 0.3886 0.3886 0.3886 0.3886 0.3886 0.3886 0.3886 0.3886 0.3886 0.3886 0.3886 0.3886 0.3886 0.3886 0.3886 0.3886 0.3886 0.3886 0.3886 
TS11 0.48 0.48 0.48 0.48 0.48 0.48 0.48 0.48 0.48 0.48 0.48 0.48 0.48 0.48 0.48 0.48 0.48 0.48 0.48 0.48 0.48 0.48 0.48 0.48 0.48 0.48 0.48 0.48 0.48 0.48 0.48 0.48 
TS12 0.5155 0.5155 0.5155 0.5155 0.5155 0.5155 0.5155 0.5155 0.5155 0.5155 0.5155 0.5155 0.5155 0.5155 0.5155 0.5155 0.5155 0.5155 0.5155 0.5155 0.5155 0.5155 0.5155 0.5155 0.5155 0.5155 0.5155 0.5155 0.5155 0.5155 0.5155 0.5155 
TS13 0.44 0.44 0.44 0.44 0.44 0.44 0.44 0.44 0.44 0.44 0.44 0.44 0.44 0.44 0.44 0.44 0.44 0.44 0.44 0.44 0.44 0.44 0.44 0.44 0.44 0.44 0.44 0.44 0.44 0.44 0.44 0.44 
TS14 0.4577 0.4577 0.4577 0.4577 0.4577 0.4577 0.4577 0.4577 0.4577 0.4577 0.4577 0.4577 0.4577 0.4577 0.4577 0.4577 0.4577 0.4577 0.4577 0.4577 0.4577 0.4577 0.4577 0.4577 0.4577 0.4577 0.4577 0.4577 0.4577 0.4577 0.4577 0.4577 
TS15 0.366 0.366 0.366 0.366 0.366 0.366 0.366 0.366 0.366 0.366 0.366 0.366 0.366 0.366 0.366 0.366 0.366 0.366 0.366 0.366 0.366 0.366 0.366 0.366 0.366 0.366 0.366 0.366 0.366 0.366 0.366 0.366 
TS16 0.249 0.249 0.249 0.249 0.249 0.249 0.249 0.249 0.249 0.249 0.249 0.249 0.249 0.249 0.249 0.249 0.249 0.249 0.249 0.249 0.249 0.249 0.249 0.249 0.249 0.249 0.249 0.249 0.249 0.249 0.249 0.249 
TS17 0.3281 0.3281 0.3281 0.3281 0.3281 0.3281 0.3281 0.3281 0.3281 0.3281 0.3281 0.3281 0.3281 0.3281 0.3281 0.3281 0.3281 0.3281 0.3281 0.3281 0.3281 0.3281 0.3281 0.3281 0.3281 0.3281 0.3281 0.3281 0.3281 0.3281 0.3281 0.3281 
TS18 0.4066 0.4066 0.4066 0.4066 0.4066 0.4066 0.4066 0.4066 0.4066 0.4066 0.4066 0.4066 0.4066 0.4066 0.4066 0.4066 0.4066 0.4066 0.4066 0.4066 0.4066 0.4066 0.4066 0.4066 0.4066 0.4066 0.4066 0.4066 0.4066 0.4066 0.4066 0.4066 
TS19 0.5177 0.5177 0.5177 0.5177 0.5177 0.5177 0.5177 0.5177 0.5177 0.5177 0.5177 0.5177 0.5177 0.5177 0.5177 0.5177 0.5177 0.5177 0.5177 0.5177 0.5177 0.5177 0.5177 0.5177 0.5177 0.5177 0.5177 0.5177 0.5177 0.5177 0.5177 0.5177 
TS20 0.5503 0.5503 0.5503 0.5503 0.5503 0.5503 0.5503 0.5503 0.5503 0.5503 0.5503 0.5503 0.5503 0.5503 0.5503 0.5503 0.5503 0.5503 0.5503 0.5503 0.5503 0.5503 0.5503 0.5503 0.5503 0.5503 0.5503 0.5503 0.5503 0.5503 0.5503 0.5503 
TS21 0.398 0.398 0.398 0.398 0.398 0.398 0.398 0.398 0.398 0.398 0.398 0.398 0.398 0.398 0.398 0.398 0.398 0.398 0.398 0.398 0.398 0.398 0.398 0.398 0.398 0.398 0.398 0.398 0.398 0.398 0.398 0.398 
TS22 0.2702 0.2702 0.2702 0.2702 0.2702 0.2702 0.2702 0.2702 0.2702 0.2702 0.2702 0.2702 0.2702 0.2702 0.2702 0.2702 0.2702 0.2702 0.2702 0.2702 0.2702 0.2702 0.2702 0.2702 0.2702 0.2702 0.2702 0.2702 0.2702 0.2702 0.2702 0.2702 
TS23 0.3451 0.3451 0.3451 0.3451 0.3451 0.3451 0.3451 0.3451 0.3451 0.3451 0.3451 0.3451 0.3451 0.3451 0.3451 0.3451 0.3451 0.3451 0.3451 0.3451 0.3451 0.3451 0.3451 0.3451 0.3451 0.3451 0.3451 0.3451 0.3451 0.3451 0.3451 0.3451 
TS24 0.4315 0.4315 0.4315 0.4315 0.4315 0.4315 0.4315 0.4315 0.4315 0.4315 0.4315 0.4315 0.4315 0.4315 0.4315 0.4315 0.4315 0.4315 0.4315 0.4315 0.4315 0.4315 0.4315 0.4315 0.4315 0.4315 0.4315 0.4315 0.4315 0.4315 0.4315 0.4315 
TS25 0.7058 0.7058 0.7058 0.7058 0.7058 0.7058 0.7058 0.7058 0.7058 0.7058 0.7058 0.7058 0.7058 0.7058 0.7058 0.7058 0.7058 0.7058 0.7058 0.7058 0.7058 0.7058 0.7058 0.7058 0.7058 0.7058 0.7058 0.7058 0.7058 0.7058 0.7058 0.7058 
TS26 0.75 0.75 0.75 0.75 0.75 0.75 0.75 0.75 0.75 0.75 0.75 0.75 0.75 0.75 0.75 0.75 0.75 0.75 0.75 0.75 0.75 0.75 0.75 0.75 0.75 0.75 0.75 0.75 0.75 0.75 0.75 0.75 
TS27 0.5846 0.5846 0.5846 0.5846 0.5846 0.5846 0.5846 0.5846 0.5846 0.5846 0.5846 0.5846 0.5846 0.5846 0.5846 0.5846 0.5846 0.5846 0.5846 0.5846 0.5846 0.5846 0.5846 0.5846 0.5846 0.5846 0.5846 0.5846 0.5846 0.5846 0.5846 0.5846 
TS28 0.4155 0.4155 0.4155 0.4155 0.4155 0.4155 0.4155 0.4155 0.4155 0.4155 0.4155 0.4155 0.4155 0.4155 0.4155 0.4155 0.4155 0.4155 0.4155 0.4155 0.4155 0.4155 0.4155 0.4155 0.4155 0.4155 0.4155 0.4155 0.4155 0.4155 0.4155 0.4155 
TS29 0.5627 0.5627 0.5627 0.5627 0.5627 0.5627 0.5627 0.5627 0.5627 0.5627 0.5627 0.5627 0.5627 0.5627 0.5627 0.5627 0.5627 0.5627 0.5627 0.5627 0.5627 0.5627 0.5627 0.5627 0.5627 0.5627 0.5627 0.5627 0.5627 0.5627 0.5627 0.5627 
TS30 0.6538 0.6538 0.6538 0.6538 0.6538 0.6538 0.6538 0.6538 0.6538 0.6538 0.6538 0.6538 0.6538 0.6538 0.6538 0.6538 0.6538 0.6538 0.6538 0.6538 0.6538 0.6538 0.6538 0.6538 0.6538 0.6538 0.6538 0.6538 0.6538 0.6538 0.6538 0.6538 
TS31 0.7494 0.7494 0.7494 0.7494 0.7494 0.7494 0.7494 0.7494 0.7494 0.7494 0.7494 0.7494 0.7494 0.7494 0.7494 0.7494 0.7494 0.7494 0.7494 0.7494 0.7494 0.7494 0.7494 0.7494 0.7494 0.7494 0.7494 0.7494 0.7494 0.7494 0.7494 0.7494 
TS32 0.7732 0.7732 0.7732 0.7732 0.7732 0.7732 0.7732 0.7732 0.7732 0.7732 0.7732 0.7732 0.7732 0.7732 0.7732 0.7732 0.7732 0.7732 0.7732 0.7732 0.7732 0.7732 0.7732 0.7732 0.7732 0.7732 0.7732 0.7732 0.7732 0.7732 0.7732 0.7732 
TS33 0.6034 0.6034 0.6034 0.6034 0.6034 0.6034 0.6034 0.6034 0.6034 0.6034 0.6034 0.6034 0.6034 0.6034 0.6034 0.6034 0.6034 0.6034 0.6034 0.6034 0.6034 0.6034 0.6034 0.6034 0.6034 0.6034 0.6034 0.6034 0.6034 0.6034 0.6034 0.6034 
TS34 0.4179 0.4179 0.4179 0.4179 0.4179 0.4179 0.4179 0.4179 0.4179 0.4179 0.4179 0.4179 0.4179 0.4179 0.4179 0.4179 0.4179 0.4179 0.4179 0.4179 0.4179 0.4179 0.4179 0.4179 0.4179 0.4179 0.4179 0.4179 0.4179 0.4179 0.4179 0.4179 
TS35 0.5653 0.5653 0.5653 0.5653 0.5653 0.5653 0.5653 0.5653 0.5653 0.5653 0.5653 0.5653 0.5653 0.5653 0.5653 0.5653 0.5653 0.5653 0.5653 0.5653 0.5653 0.5653 0.5653 0.5653 0.5653 0.5653 0.5653 0.5653 0.5653 0.5653 0.5653 0.5653 
TS36 0.6712 0.6712 0.6712 0.6712 0.6712 0.6712 0.6712 0.6712 0.6712 0.6712 0.6712 0.6712 0.6712 0.6712 0.6712 0.6712 0.6712 0.6712 0.6712 0.6712 0.6712 0.6712 0.6712 0.6712 0.6712 0.6712 0.6712 0.6712 0.6712 0.6712 0.6712 0.6712 
TS37 0.5948 0.5948 0.5948 0.5948 0.5948 0.5948 0.5948 0.5948 0.5948 0.5948 0.5948 0.5948 0.5948 0.5948 0.5948 0.5948 0.5948 0.5948 0.5948 0.5948 0.5948 0.5948 0.5948 0.5948 0.5948 0.5948 0.5948 0.5948 0.5948 0.5948 0.5948 0.5948 
TS38 0.601 0.601 0.601 0.601 0.601 0.601 0.601 0.601 0.601 0.601 0.601 0.601 0.601 0.601 0.601 0.601 0.601 0.601 0.601 0.601 0.601 0.601 0.601 0.601 0.601 0.601 0.601 0.601 0.601 0.601 0.601 0.601 
TS39 0.5728 0.5728 0.5728 0.5728 0.5728 0.5728 0.5728 0.5728 0.5728 0.5728 0.5728 0.5728 0.5728 0.5728 0.5728 0.5728 0.5728 0.5728 0.5728 0.5728 0.5728 0.5728 0.5728 0.5728 0.5728 0.5728 0.5728 0.5728 0.5728 0.5728 0.5728 0.5728 
TS40 0.5308 0.5308 0.5308 0.5308 0.5308 0.5308 0.5308 0.5308 0.5308 0.5308 0.5308 0.5308 0.5308 0.5308 0.5308 0.5308 0.5308 0.5308 0.5308 0.5308 0.5308 0.5308 0.5308 0.5308 0.5308 0.5308 0.5308 0.5308 0.5308 0.5308 0.5308 0.5308 
TS41 0.6272 0.6272 0.6272 0.6272 0.6272 0.6272 0.6272 0.6272 0.6272 0.6272 0.6272 0.6272 0.6272 0.6272 0.6272 0.6272 0.6272 0.6272 0.6272 0.6272 0.6272 0.6272 0.6272 0.6272 0.6272 0.6272 0.6272 0.6272 0.6272 0.6272 0.6272 0.6272 
TS42 0.6577 0.6577 0.6577 0.6577 0.6577 0.6577 0.6577 0.6577 0.6577 0.6577 0.6577 0.6577 0.6577 0.6577 0.6577 0.6577 0.6577 0.6577 0.6577 0.6577 0.6577 0.6577 0.6577 0.6577 0.6577 0.6577 0.6577 0.6577 0.6577 0.6577 0.6577 0.6577 
TS43 0.6017 0.6017 0.6017 0.6017 0.6017 0.6017 0.6017 0.6017 0.6017 0.6017 0.6017 0.6017 0.6017 0.6017 0.6017 0.6017 0.6017 0.6017 0.6017 0.6017 0.6017 0.6017 0.6017 0.6017 0.6017 0.6017 0.6017 0.6017 0.6017 0.6017 0.6017 0.6017 
TS44 0.5902 0.5902 0.5902 0.5902 0.5902 0.5902 0.5902 0.5902 0.5902 0.5902 0.5902 0.5902 0.5902 0.5902 0.5902 0.5902 0.5902 0.5902 0.5902 0.5902 0.5902 0.5902 0.5902 0.5902 0.5902 0.5902 0.5902 0.5902 0.5902 0.5902 0.5902 0.5902 
TS45 0.5534 0.5534 0.5534 0.5534 0.5534 0.5534 0.5534 0.5534 0.5534 0.5534 0.5534 0.5534 0.5534 0.5534 0.5534 0.5534 0.5534 0.5534 0.5534 0.5534 0.5534 0.5534 0.5534 0.5534 0.5534 0.5534 0.5534 0.5534 0.5534 0.5534 0.5534 0.5534 
TS46 0.4904 0.4904 0.4904 0.4904 0.4904 0.4904 0.4904 0.4904 0.4904 0.4904 0.4904 0.4904 0.4904 0.4904 0.4904 0.4904 0.4904 0.4904 0.4904 0.4904 0.4904 0.4904 0.4904 0.4904 0.4904 0.4904 0.4904 0.4904 0.4904 0.4904 0.4904 0.4904 
TS47 0.5933 0.5933 0.5933 0.5933 0.5933 0.5933 0.5933 0.5933 0.5933 0.5933 0.5933 0.5933 0.5933 0.5933 0.5933 0.5933 0.5933 0.5933 0.5933 0.5933 0.5933 0.5933 0.5933 0.5933 0.5933 0.5933 0.5933 0.5933 0.5933 0.5933 0.5933 0.5933 
TS48 0.6213 0.6213 0.6213 0.6213 0.6213 0.6213 0.6213 0.6213 0.6213 0.6213 0.6213 0.6213 0.6213 0.6213 0.6213 0.6213 0.6213 0.6213 0.6213 0.6213 0.6213 0.6213 0.6213 0.6213 0.6213 0.6213 0.6213 0.6213 0.6213 0.6213 0.6213 0.6213 
[RE1,PWRWND011,*,*]:
2019 2020 2021 2022 2023 2024 2025 2026 2027 2028 2029 2030 2031 2032 2033 2034 2035 2036 2037 2038 2039 2040 2041 2042 2043 2044 2045 2046 2047 2048 2049 2050 :=
TS01 0.4464 0.4464 0.4464 0.4464 0.4464 0.4464 0.4464 0.4464 0.4464 0.4464 0.4464 0.4464 0.4464 0.4464 0.4464 0.4464 0.4464 0.4464 0.4464 0.4464 0.4464 0.4464 0.4464 0.4464 0.4464 0.4464 0.4464 0.4464 0.4464 0.4464 0.4464 0.4464 
TS02 0.7215 0.7215 0.7215 0.7215 0.7215 0.7215 0.7215 0.7215 0.7215 0.7215 0.7215 0.7215 0.7215 0.7215 0.7215 0.7215 0.7215 0.7215 0.7215 0.7215 0.7215 0.7215 0.7215 0.7215 0.7215 0.7215 0.7215 0.7215 0.7215 0.7215 0.7215 0.7215 
TS03 0.6569 0.6569 0.6569 0.6569 0.6569 0.6569 0.6569 0.6569 0.6569 0.6569 0.6569 0.6569 0.6569 0.6569 0.6569 0.6569 0.6569 0.6569 0.6569 0.6569 0.6569 0.6569 0.6569 0.6569 0.6569 0.6569 0.6569 0.6569 0.6569 0.6569 0.6569 0.6569 
TS04 0.5309 0.5309 0.5309 0.5309 0.5309 0.5309 0.5309 0.5309 0.5309 0.5309 0.5309 0.5309 0.5309 0.5309 0.5309 0.5309 0.5309 0.5309 0.5309 0.5309 0.5309 0.5309 0.5309 0.5309 0.5309 0.5309 0.5309 0.5309 0.5309 0.5309 0.5309 0.5309 
TS05 0.4759 0.4759 0.4759 0.4759 0.4759 0.4759 0.4759 0.4759 0.4759 0.4759 0.4759 0.4759 0.4759 0.4759 0.4759 0.4759 0.4759 0.4759 0.4759 0.4759 0.4759 0.4759 0.4759 0.4759 0.4759 0.4759 0.4759 0.4759 0.4759 0.4759 0.4759 0.4759 
TS06 0.4032 0.4032 0.4032 0.4032 0.4032 0.4032 0.4032 0.4032 0.4032 0.4032 0.4032 0.4032 0.4032 0.4032 0.4032 0.4032 0.4032 0.4032 0.4032 0.4032 0.4032 0.4032 0.4032 0.4032 0.4032 0.4032 0.4032 0.4032 0.4032 0.4032 0.4032 0.4032 
TS07 0.5207 0.5207 0.5207 0.5207 0.5207 0.5207 0.5207 0.5207 0.5207 0.5207 0.5207 0.5207 0.5207 0.5207 0.5207 0.5207 0.5207 0.5207 0.5207 0.5207 0.5207 0.5207 0.5207 0.5207 0.5207 0.5207 0.5207 0.5207 0.5207 0.5207 0.5207 0.5207 
TS08 0.7688 0.7688 0.7688 0.7688 0.7688 0.7688 0.7688 0.7688 0.7688 0.7688 0.7688 0.7688 0.7688 0.7688 0.7688 0.7688 0.7688 0.7688 0.7688 0.7688 0.7688 0.7688 0.7688 0.7688 0.7688 0.7688 0.7688 0.7688 0.7688 0.7688 0.7688 0.7688 
TS09 0.6305 0.6305 0.6305 0.6305 0.6305 0.6305 0.6305 0.6305 0.6305 0.6305 0.6305 0.6305 0.6305 0.6305 0.6305 0.6305 0.6305 0.6305 0.6305 0.6305 0.6305 0.6305 0.6305 0.6305 0.6305 0.6305 0.6305 0.6305 0.6305 0.6305 0.6305 0.6305 
TS10 0.5013 0.5013 0.5013 0.5013 0.5013 0.5013 0.5013 0.5013 0.5013 0.5013 0.5013 0.5013 0.5013 0.5013 0.5013 0.5013 0.5013 0.5013 0.5013 0.5013 0.5013 0.5013 0.5013 0.5013 0.5013 0.5013 0.5013 0.5013 0.5013 0.5013 0.5013 0.5013 
TS11 0.4896 0.4896 0.4896 0.4896 0.4896 0.4896 0.4896 0.4896 0.4896 0.4896 0.4896 0.4896 0.4896 0.4896 0.4896 0.4896 0.4896 0.4896 0.4896 0.4896 0.4896 0.4896 0.4896 0.4896 0.4896 0.4896 0.4896 0.4896 0.4896 0.4896 0.4896 0.4896 
TS12 0.3717 0.3717 0.3717 0.3717 0.3717 0.3717 0.3717 0.3717 0.3717 0.3717 0.3717 0.3717 0.3717 0.3717 0.3717 0.3717 0.3717 0.3717 0.3717 0.3717 0.3717 0.3717 0.3717 0.3717 0.3717 0.3717 0.3717 0.3717 0.3717 0.3717 0.3717 0.3717 
TS13 0.4733 0.4733 0.4733 0.4733 0.4733 0.4733 0.4733 0.4733 0.4733 0.4733 0.4733 0.4733 0.4733 0.4733 0.4733 0.4733 0.4733 0.4733 0.4733 0.4733 0.4733 0.4733 0.4733 0.4733 0.4733 0.4733 0.4733 0.4733 0.4733 0.4733 0.4733 0.4733 
TS14 0.5959 0.5959 0.5959 0.5959 0.5959 0.5959 0.5959 0.5959 0.5959 0.5959 0.5959 0.5959 0.5959 0.5959 0.5959 0.5959 0.5959 0.5959 0.5959 0.5959 0.5959 0.5959 0.5959 0.5959 0.5959 0.5959 0.5959 0.5959 0.5959 0.5959 0.5959 0.5959 
TS15 0.5078 0.5078 0.5078 0.5078 0.5078 0.5078 0.5078 0.5078 0.5078 0.5078 0.5078 0.5078 0.5078 0.5078 0.5078 0.5078 0.5078 0.5078 0.5078 0.5078 0.5078 0.5078 0.5078 0.5078 0.5078 0.5078 0.5078 0.5078 0.5078 0.5078 0.5078 0.5078 
TS16 0.5038 0.5038 0.5038 0.5038 0.5038 0.5038 0.5038 0.5038 0.5038 0.5038 0.5038 0.5038 0.5038 0.5038 0.5038 0.5038 0.5038 0.5038 0.5038 0.5038 0.5038 0.5038 0.5038 0.5038 0.5038 0.5038 0.5038 0.5038 0.5038 0.5038 0.5038 0.5038 
TS17 0.44 0.44 0.44 0.44 0.44 0.44 0.44 0.44 0.44 0.44 0.44 0.44 0.44 0.44 0.44 0.44 0.44 0.44 0.44 0.44 0.44 0.44 0.44 0.44 0.44 0.44 0.44 0.44 0.44 0.44 0.44 0.44 
TS18 0.3556 0.3556 0.3556 0.3556 0.3556 0.3556 0.3556 0.3556 0.3556 0.3556 0.3556 0.3556 0.3556 0.3556 0.3556 0.3556 0.3556 0.3556 0.3556 0.3556 0.3556 0.3556 0.3556 0.3556 0.3556 0.3556 0.3556 0.3556 0.3556 0.3556 0.3556 0.3556 
TS19 0.4788 0.4788 0.4788 0.4788 0.4788 0.4788 0.4788 0.4788 0.4788 0.4788 0.4788 0.4788 0.4788 0.4788 0.4788 0.4788 0.4788 0.4788 0.4788 0.4788 0.4788 0.4788 0.4788 0.4788 0.4788 0.4788 0.4788 0.4788 0.4788 0.4788 0.4788 0.4788 
TS20 0.6721 0.6721 0.6721 0.6721 0.6721 0.6721 0.6721 0.6721 0.6721 0.6721 0.6721 0.6721 0.6721 0.6721 0.6721 0.6721 0.6721 0.6721 0.6721 0.6721 0.6721 0.6721 0.6721 0.6721 0.6721 0.6721 0.6721 0.6721 0.6721 0.6721 0.6721 0.6721 
TS21 0.5811 0.5811 0.5811 0.5811 0.5811 0.5811 0.5811 0.5811 0.5811 0.5811 0.5811 0.5811 0.5811 0.5811 0.5811 0.5811 0.5811 0.5811 0.5811 0.5811 0.5811 0.5811 0.5811 0.5811 0.5811 0.5811 0.5811 0.5811 0.5811 0.5811 0.5811 0.5811 
TS22 0.4664 0.4664 0.4664 0.4664 0.4664 0.4664 0.4664 0.4664 0.4664 0.4664 0.4664 0.4664 0.4664 0.4664 0.4664 0.4664 0.4664 0.4664 0.4664 0.4664 0.4664 0.4664 0.4664 0.4664 0.4664 0.4664 0.4664 0.4664 0.4664 0.4664 0.4664 0.4664 
TS23 0.3847 0.3847 0.3847 0.3847 0.3847 0.3847 0.3847 0.3847 0.3847 0.3847 0.3847 0.3847 0.3847 0.3847 0.3847 0.3847 0.3847 0.3847 0.3847 0.3847 0.3847 0.3847 0.3847 0.3847 0.3847 0.3847 0.3847 0.3847 0.3847 0.3847 0.3847 0.3847 
TS24 0.3294 0.3294 0.3294 0.3294 0.3294 0.3294 0.3294 0.3294 0.3294 0.3294 0.3294 0.3294 0.3294 0.3294 0.3294 0.3294 0.3294 0.3294 0.3294 0.3294 0.3294 0.3294 0.3294 0.3294 0.3294 0.3294 0.3294 0.3294 0.3294 0.3294 0.3294 0.3294 
TS25 0.7054 0.7054 0.7054 0.7054 0.7054 0.7054 0.7054 0.7054 0.7054 0.7054 0.7054 0.7054 0.7054 0.7054 0.7054 0.7054 0.7054 0.7054 0.7054 0.7054 0.7054 0.7054 0.7054 0.7054 0.7054 0.7054 0.7054 0.7054 0.7054 0.7054 0.7054 0.7054 
TS26 0.7944 0.7944 0.7944 0.7944 0.7944 0.7944 0.7944 0.7944 0.7944 0.7944 0.7944 0.7944 0.7944 0.7944 0.7944 0.7944 0.7944 0.7944 0.7944 0.7944 0.7944 0.7944 0.7944 0.7944 0.7944 0.7944 0.7944 0.7944 0.7944 0.7944 0.7944 0.7944 
TS27 0.5792 0.5792 0.5792 0.5792 0.5792 0.5792 0.5792 0.5792 0.5792 0.5792 0.5792 0.5792 0.5792 0.5792 0.5792 0.5792 0.5792 0.5792 0.5792 0.5792 0.5792 0.5792 0.5792 0.5792 0.5792 0.5792 0.5792 0.5792 0.5792 0.5792 0.5792 0.5792 
TS28 0.5469 0.5469 0.5469 0.5469 0.5469 0.5469 0.5469 0.5469 0.5469 0.5469 0.5469 0.5469 0.5469 0.5469 0.5469 0.5469 0.5469 0.5469 0.5469 0.5469 0.5469 0.5469 0.5469 0.5469 0.5469 0.5469 0.5469 0.5469 0.5469 0.5469 0.5469 0.5469 
TS29 0.6452 0.6452 0.6452 0.6452 0.6452 0.6452 0.6452 0.6452 0.6452 0.6452 0.6452 0.6452 0.6452 0.6452 0.6452 0.6452 0.6452 0.6452 0.6452 0.6452 0.6452 0.6452 0.6452 0.6452 0.6452 0.6452 0.6452 0.6452 0.6452 0.6452 0.6452 0.6452 
TS30 0.6567 0.6567 0.6567 0.6567 0.6567 0.6567 0.6567 0.6567 0.6567 0.6567 0.6567 0.6567 0.6567 0.6567 0.6567 0.6567 0.6567 0.6567 0.6567 0.6567 0.6567 0.6567 0.6567 0.6567 0.6567 0.6567 0.6567 0.6567 0.6567 0.6567 0.6567 0.6567 
TS31 0.73 0.73 0.73 0.73 0.73 0.73 0.73 0.73 0.73 0.73 0.73 0.73 0.73 0.73 0.73 0.73 0.73 0.73 0.73 0.73 0.73 0.73 0.73 0.73 0.73 0.73 0.73 0.73 0.73 0.73 0.73 0.73 
TS32 0.8124 0.8124 0.8124 0.8124 0.8124 0.8124 0.8124 0.8124 0.8124 0.8124 0.8124 0.8124 0.8124 0.8124 0.8124 0.8124 0.8124 0.8124 0.8124 0.8124 0.8124 0.8124 0.8124 0.8124 0.8124 0.8124 0.8124 0.8124 0.8124 0.8124 0.8124 0.8124 
TS33 0.6149 0.6149 0.6149 0.6149 0.6149 0.6149 0.6149 0.6149 0.6149 0.6149 0.6149 0.6149 0.6149 0.6149 0.6149 0.6149 0.6149 0.6149 0.6149 0.6149 0.6149 0.6149 0.6149 0.6149 0.6149 0.6149 0.6149 0.6149 0.6149 0.6149 0.6149 0.6149 
TS34 0.6086 0.6086 0.6086 0.6086 0.6086 0.6086 0.6086 0.6086 0.6086 0.6086 0.6086 0.6086 0.6086 0.6086 0.6086 0.6086 0.6086 0.6086 0.6086 0.6086 0.6086 0.6086 0.6086 0.6086 0.6086 0.6086 0.6086 0.6086 0.6086 0.6086 0.6086 0.6086 
TS35 0.6872 0.6872 0.6872 0.6872 0.6872 0.6872 0.6872 0.6872 0.6872 0.6872 0.6872 0.6872 0.6872 0.6872 0.6872 0.6872 0.6872 0.6872 0.6872 0.6872 0.6872 0.6872 0.6872 0.6872 0.6872 0.6872 0.6872 0.6872 0.6872 0.6872 0.6872 0.6872 
TS36 0.6678 0.6678 0.6678 0.6678 0.6678 0.6678 0.6678 0.6678 0.6678 0.6678 0.6678 0.6678 0.6678 0.6678 0.6678 0.6678 0.6678 0.6678 0.6678 0.6678 0.6678 0.6678 0.6678 0.6678 0.6678 0.6678 0.6678 0.6678 0.6678 0.6678 0.6678 0.6678 
TS37 0.3585 0.3585 0.3585 0.3585 0.3585 0.3585 0.3585 0.3585 0.3585 0.3585 0.3585 0.3585 0.3585 0.3585 0.3585 0.3585 0.3585 0.3585 0.3585 0.3585 0.3585 0.3585 0.3585 0.3585 0.3585 0.3585 0.3585 0.3585 0.3585 0.3585 0.3585 0.3585 
TS38 0.5517 0.5517 0.5517 0.5517 0.5517 0.5517 0.5517 0.5517 0.5517 0.5517 0.5517 0.5517 0.5517 0.5517 0.5517 0.5517 0.5517 0.5517 0.5517 0.5517 0.5517 0.5517 0.5517 0.5517 0.5517 0.5517 0.5517 0.5517 0.5517 0.5517 0.5517 0.5517 
TS39 0.5514 0.5514 0.5514 0.5514 0.5514 0.5514 0.5514 0.5514 0.5514 0.5514 0.5514 0.5514 0.5514 0.5514 0.5514 0.5514 0.5514 0.5514 0.5514 0.5514 0.5514 0.5514 0.5514 0.5514 0.5514 0.5514 0.5514 0.5514 0.5514 0.5514 0.5514 0.5514 
TS40 0.4523 0.4523 0.4523 0.4523 0.4523 0.4523 0.4523 0.4523 0.4523 0.4523 0.4523 0.4523 0.4523 0.4523 0.4523 0.4523 0.4523 0.4523 0.4523 0.4523 0.4523 0.4523 0.4523 0.4523 0.4523 0.4523 0.4523 0.4523 0.4523 0.4523 0.4523 0.4523 
TS41 0.4333 0.4333 0.4333 0.4333 0.4333 0.4333 0.4333 0.4333 0.4333 0.4333 0.4333 0.4333 0.4333 0.4333 0.4333 0.4333 0.4333 0.4333 0.4333 0.4333 0.4333 0.4333 0.4333 0.4333 0.4333 0.4333 0.4333 0.4333 0.4333 0.4333 0.4333 0.4333 
TS42 0.3768 0.3768 0.3768 0.3768 0.3768 0.3768 0.3768 0.3768 0.3768 0.3768 0.3768 0.3768 0.3768 0.3768 0.3768 0.3768 0.3768 0.3768 0.3768 0.3768 0.3768 0.3768 0.3768 0.3768 0.3768 0.3768 0.3768 0.3768 0.3768 0.3768 0.3768 0.3768 
TS43 0.346 0.346 0.346 0.346 0.346 0.346 0.346 0.346 0.346 0.346 0.346 0.346 0.346 0.346 0.346 0.346 0.346 0.346 0.346 0.346 0.346 0.346 0.346 0.346 0.346 0.346 0.346 0.346 0.346 0.346 0.346 0.346 
TS44 0.5953 0.5953 0.5953 0.5953 0.5953 0.5953 0.5953 0.5953 0.5953 0.5953 0.5953 0.5953 0.5953 0.5953 0.5953 0.5953 0.5953 0.5953 0.5953 0.5953 0.5953 0.5953 0.5953 0.5953 0.5953 0.5953 0.5953 0.5953 0.5953 0.5953 0.5953 0.5953 
TS45 0.5231 0.5231 0.5231 0.5231 0.5231 0.5231 0.5231 0.5231 0.5231 0.5231 0.5231 0.5231 0.5231 0.5231 0.5231 0.5231 0.5231 0.5231 0.5231 0.5231 0.5231 0.5231 0.5231 0.5231 0.5231 0.5231 0.5231 0.5231 0.5231 0.5231 0.5231 0.5231 
TS46 0.4388 0.4388 0.4388 0.4388 0.4388 0.4388 0.4388 0.4388 0.4388 0.4388 0.4388 0.4388 0.4388 0.4388 0.4388 0.4388 0.4388 0.4388 0.4388 0.4388 0.4388 0.4388 0.4388 0.4388 0.4388 0.4388 0.4388 0.4388 0.4388 0.4388 0.4388 0.4388 
TS47 0.3752 0.3752 0.3752 0.3752 0.3752 0.3752 0.3752 0.3752 0.3752 0.3752 0.3752 0.3752 0.3752 0.3752 0.3752 0.3752 0.3752 0.3752 0.3752 0.3752 0.3752 0.3752 0.3752 0.3752 0.3752 0.3752 0.3752 0.3752 0.3752 0.3752 0.3752 0.3752 
TS48 0.3714 0.3714 0.3714 0.3714 0.3714 0.3714 0.3714 0.3714 0.3714 0.3714 0.3714 0.3714 0.3714 0.3714 0.3714 0.3714 0.3714 0.3714 0.3714 0.3714 0.3714 0.3714 0.3714 0.3714 0.3714 0.3714 0.3714 0.3714 0.3714 0.3714 0.3714 0.3714 
;

param SpecifiedAnnualDemand default 0.0 :=
[RE1,*,*]:
2019 2020 2021 2022 2023 2024 2025 2026 2027 2028 2029 2030 2031 2032 2033 2034 2035 2036 2037 2038 2039 2040 2041 2042 2043 2044 2045 2046 2047 2048 2049 2050 :=
COMELC 6.2591 6.3686 6.6578 6.8802 7.0903 7.3334 8.7415338296 9.8848676592 11.0282014888 12.1715353184 13.3148691479 14.4582029775 15.6015368071 16.7448706367 17.8882044663 19.0315382959 20.1748721255 21.3182059551 22.4615397847 23.6048736143 24.7482074438 25.8915412734 27.034875103 28.1782089326 29.3215427622 30.4648765918 31.6082104214 32.751544251 33.8948780806 35.0382119102 36.1815457397 37.3248795693 
INDELC 21.5631 21.9401 22.9364 23.7027 24.4266 25.264 26.1763 27.3962846368 29.3873280511 31.501221998 33.9134672383 36.504392601 38.937621628 41.6333387494 44.371277793 47.2932382865 50.3653918225 53.4931205994 57.00580648 60.6709745433 64.558316396 68.678260344 73.0253378853 77.5419389877 82.3553652899 87.4422166906 92.8185171721 98.5004178916 104.5053417506 110.8517290464 117.5589102977 124.6474877677 
RESELC 13.7907 14.0318 14.669 15.1591 15.6221 16.1577 16.7411 17.5214423403 18.7948399697 20.1467042261 21.6894573112 23.3465402145 24.9026466154 26.6267504465 28.3778152581 30.2465164231 32.2113614619 34.2116881684 36.4582245832 38.8023037907 41.2884368433 43.9234911606 46.7035243352 49.5922916528 52.6706760546 55.9240524806 59.3623405368 62.9962228758 66.8367636736 70.8955358039 75.1852567102 79.7187710107 
;

param SpecifiedDemandProfile default 0.0 :=
[RE1,COMELC,*,*]:
2019 2020 2021 2022 2023 2024 2025 2026 2027 2028 2029 2030 2031 2032 2033 2034 2035 2036 2037 2038 2039 2040 2041 2042 2043 2044 2045 2046 2047 2048 2049 2050 :=
TS01 0.0358 0.0358 0.0358 0.0358 0.0358 0.0358 0.0358 0.0358 0.0358 0.0358 0.0358 0.0358 0.0358 0.0358 0.0358 0.0358 0.0358 0.0358 0.0358 0.0358 0.0358 0.0358 0.0358 0.0358 0.0358 0.0358 0.0358 0.0358 0.0358 0.0358 0.0358 0.0358 
TS02 0.0227 0.0227 0.0227 0.0227 0.0227 0.0227 0.0227 0.0227 0.0227 0.0227 0.0227 0.0227 0.0227 0.0227 0.0227 0.0227 0.0227 0.0227 0.0227 0.0227 0.0227 0.0227 0.0227 0.0227 0.0227 0.0227 0.0227 0.0227 0.0227 0.0227 0.0227 0.0227 
TS03 0.0449 0.0449 0.0449 0.0449 0.0449 0.0449 0.0449 0.0449 0.0449 0.0449 0.0449 0.0449 0.0449 0.0449 0.0449 0.0449 0.0449 0.0449 0.0449 0.0449 0.0449 0.0449 0.0449 0.0449 0.0449 0.0449 0.0449 0.0449 0.0449 0.0449 0.0449 0.0449 
TS04 0.034 0.034 0.034 0.034 0.034 0.034 0.034 0.034 0.034 0.034 0.034 0.034 0.034 0.034 0.034 0.034 0.034 0.034 0.034 0.034 0.034 0.034 0.034 0.034 0.034 0.034 0.034 0.034 0.034 0.034 0.034 0.034 
TS05 0.0162 0.0162 0.0162 0.0162 0.0162 0.0162 0.0162 0.0162 0.0162 0.0162 0.0162 0.0162 0.0162 0.0162 0.0162 0.0162 0.0162 0.0162 0.0162 0.0162 0.0162 0.0162 0.0162 0.0162 0.0162 0.0162 0.0162 0.0162 0.0162 0.0162 0.0162 0.0162 
TS06 0.0178 0.0178 0.0178 0.0178 0.0178 0.0178 0.0178 0.0178 0.0178 0.0178 0.0178 0.0178 0.0178 0.0178 0.0178 0.0178 0.0178 0.0178 0.0178 0.0178 0.0178 0.0178 0.0178 0.0178 0.0178 0.0178 0.0178 0.0178 0.0178 0.0178 0.0178 0.0178 
TS07 0.0158 0.0158 0.0158 0.0158 0.0158 0.0158 0.0158 0.0158 0.0158 0.0158 0.0158 0.0158 0.0158 0.0158 0.0158 0.0158 0.0158 0.0158 0.0158 0.0158 0.0158 0.0158 0.0158 0.0158 0.0158 0.0158 0.0158 0.0158 0.0158 0.0158 0.0158 0.0158 
TS08 0.0097 0.0097 0.0097 0.0097 0.0097 0.0097 0.0097 0.0097 0.0097 0.0097 0.0097 0.0097 0.0097 0.0097 0.0097 0.0097 0.0097 0.0097 0.0097 0.0097 0.0097 0.0097 0.0097 0.0097 0.0097 0.0097 0.0097 0.0097 0.0097 0.0097 0.0097 0.0097 
TS09 0.0193 0.0193 0.0193 0.0193 0.0193 0.0193 0.0193 0.0193 0.0193 0.0193 0.0193 0.0193 0.0193 0.0193 0.0193 0.0193 0.0193 0.0193 0.0193 0.0193 0.0193 0.0193 0.0193 0.0193 0.0193 0.0193 0.0193 0.0193 0.0193 0.0193 0.0193 0.0193 
TS10 0.0146 0.0146 0.0146 0.0146 0.0146 0.0146 0.0146 0.0146 0.0146 0.0146 0.0146 0.0146 0.0146 0.0146 0.0146 0.0146 0.0146 0.0146 0.0146 0.0146 0.0146 0.0146 0.0146 0.0146 0.0146 0.0146 0.0146 0.0146 0.0146 0.0146 0.0146 0.0146 
TS11 0.0068 0.0068 0.0068 0.0068 0.0068 0.0068 0.0068 0.0068 0.0068 0.0068 0.0068 0.0068 0.0068 0.0068 0.0068 0.0068 0.0068 0.0068 0.0068 0.0068 0.0068 0.0068 0.0068 0.0068 0.0068 0.0068 0.0068 0.0068 0.0068 0.0068 0.0068 0.0068 
TS12 0.0076 0.0076 0.0076 0.0076 0.0076 0.0076 0.0076 0.0076 0.0076 0.0076 0.0076 0.0076 0.0076 0.0076 0.0076 0.0076 0.0076 0.0076 0.0076 0.0076 0.0076 0.0076 0.0076 0.0076 0.0076 0.0076 0.0076 0.0076 0.0076 0.0076 0.0076 0.0076 
TS13 0.0242 0.0242 0.0242 0.0242 0.0242 0.0242 0.0242 0.0242 0.0242 0.0242 0.0242 0.0242 0.0242 0.0242 0.0242 0.0242 0.0242 0.0242 0.0242 0.0242 0.0242 0.0242 0.0242 0.0242 0.0242 0.0242 0.0242 0.0242 0.0242 0.0242 0.0242 0.0242 
TS14 0.0158 0.0158 0.0158 0.0158 0.0158 0.0158 0.0158 0.0158 0.0158 0.0158 0.0158 0.0158 0.0158 0.0158 0.0158 0.0158 0.0158 0.0158 0.0158 0.0158 0.0158 0.0158 0.0158 0.0158 0.0158 0.0158 0.0158 0.0158 0.0158 0.0158 0.0158 0.0158 
TS15 0.0314 0.0314 0.0314 0.0314 0.0314 0.0314 0.0314 0.0314 0.0314 0.0314 0.0314 0.0314 0.0314 0.0314 0.0314 0.0314 0.0314 0.0314 0.0314 0.0314 0.0314 0.0314 0.0314 0.0314 0.0314 0.0314 0.0314 0.0314 0.0314 0.0314 0.0314 0.0314 
TS16 0.0237 0.0237 0.0237 0.0237 0.0237 0.0237 0.0237 0.0237 0.0237 0.0237 0.0237 0.0237 0.0237 0.0237 0.0237 0.0237 0.0237 0.0237 0.0237 0.0237 0.0237 0.0237 0.0237 0.0237 0.0237 0.0237 0.0237 0.0237 0.0237 0.0237 0.0237 0.0237 
TS17 0.0108 0.0108 0.0108 0.0108 0.0108 0.0108 0.0108 0.0108 0.0108 0.0108 0.0108 0.0108 0.0108 0.0108 0.0108 0.0108 0.0108 0.0108 0.0108 0.0108 0.0108 0.0108 0.0108 0.0108 0.0108 0.0108 0.0108 0.0108 0.0108 0.0108 0.0108 0.0108 
TS18 0.012 0.012 0.012 0.012 0.012 0.012 0.012 0.012 0.012 0.012 0.012 0.012 0.012 0.012 0.012 0.012 0.012 0.012 0.012 0.012 0.012 0.012 0.012 0.012 0.012 0.012 0.012 0.012 0.012 0.012 0.012 0.012 
TS19 0.0091 0.0091 0.0091 0.0091 0.0091 0.0091 0.0091 0.0091 0.0091 0.0091 0.0091 0.0091 0.0091 0.0091 0.0091 0.0091 0.0091 0.0091 0.0091 0.0091 0.0091 0.0091 0.0091 0.0091 0.0091 0.0091 0.0091 0.0091 0.0091 0.0091 0.0091 0.0091 
TS20 0.006 0.006 0.006 0.006 0.006 0.006 0.006 0.006 0.006 0.006 0.006 0.006 0.006 0.006 0.006 0.006 0.006 0.006 0.006 0.006 0.006 0.006 0.006 0.006 0.006 0.006 0.006 0.006 0.006 0.006 0.006 0.006 
TS21 0.012 0.012 0.012 0.012 0.012 0.012 0.012 0.012 0.012 0.012 0.012 0.012 0.012 0.012 0.012 0.012 0.012 0.012 0.012 0.012 0.012 0.012 0.012 0.012 0.012 0.012 0.012 0.012 0.012 0.012 0.012 0.012 
TS22 0.009 0.009 0.009 0.009 0.009 0.009 0.009 0.009 0.009 0.009 0.009 0.009 0.009 0.009 0.009 0.009 0.009 0.009 0.009 0.009 0.009 0.009 0.009 0.009 0.009 0.009 0.009 0.009 0.009 0.009 0.009 0.009 
TS23 0.0041 0.0041 0.0041 0.0041 0.0041 0.0041 0.0041 0.0041 0.0041 0.0041 0.0041 0.0041 0.0041 0.0041 0.0041 0.0041 0.0041 0.0041 0.0041 0.0041 0.0041 0.0041 0.0041 0.0041 0.0041 0.0041 0.0041 0.0041 0.0041 0.0041 0.0041 0.0041 
TS24 0.0045 0.0045 0.0045 0.0045 0.0045 0.0045 0.0045 0.0045 0.0045 0.0045 0.0045 0.0045 0.0045 0.0045 0.0045 0.0045 0.0045 0.0045 0.0045 0.0045 0.0045 0.0045 0.0045 0.0045 0.0045 0.0045 0.0045 0.0045 0.0045 0.0045 0.0045 0.0045 
TS25 0.049 0.049 0.049 0.049 0.049 0.049 0.049 0.049 0.049 0.049 0.049 0.049 0.049 0.049 0.049 0.049 0.049 0.049 0.049 0.049 0.049 0.049 0.049 0.049 0.049 0.049 0.049 0.049 0.049 0.049 0.049 0.049 
TS26 0.0318 0.0318 0.0318 0.0318 0.0318 0.0318 0.0318 0.0318 0.0318 0.0318 0.0318 0.0318 0.0318 0.0318 0.0318 0.0318 0.0318 0.0318 0.0318 0.0318 0.0318 0.0318 0.0318 0.0318 0.0318 0.0318 0.0318 0.0318 0.0318 0.0318 0.0318 0.0318 
TS27 0.0623 0.0623 0.0623 0.0623 0.0623 0.0623 0.0623 0.0623 0.0623 0.0623 0.0623 0.0623 0.0623 0.0623 0.0623 0.0623 0.0623 0.0623 0.0623 0.0623 0.0623 0.0623 0.0623 0.0623 0.0623 0.0623 0.0623 0.0623 0.0623 0.0623 0.0623 0.0623 
TS28 0.0475 0.0475 0.0475 0.0475 0.0475 0.0475 0.0475 0.0475 0.0475 0.0475 0.0475 0.0475 0.0475 0.0475 0.0475 0.0475 0.0475 0.0475 0.0475 0.0475 0.0475 0.0475 0.0475 0.0475 0.0475 0.0475 0.0475 0.0475 0.0475 0.0475 0.0475 0.0475 
TS29 0.0216 0.0216 0.0216 0.0216 0.0216 0.0216 0.0216 0.0216 0.0216 0.0216 0.0216 0.0216 0.0216 0.0216 0.0216 0.0216 0.0216 0.0216 0.0216 0.0216 0.0216 0.0216 0.0216 0.0216 0.0216 0.0216 0.0216 0.0216 0.0216 0.0216 0.0216 0.0216 
TS30 0.0238 0.0238 0.0238 0.0238 0.0238 0.0238 0.0238 0.0238 0.0238 0.0238 0.0238 0.0238 0.0238 0.0238 0.0238 0.0238 0.0238 0.0238 0.0238 0.0238 0.0238 0.0238 0.0238 0.0238 0.0238 0.0238 0.0238 0.0238 0.0238 0.0238 0.0238 0.0238 
TS31 0.0216 0.0216 0.0216 0.0216 0.0216 0.0216 0.0216 0.0216 0.0216 0.0216 0.0216 0.0216 0.0216 0.0216 0.0216 0.0216 0.0216 0.0216 0.0216 0.0216 0.0216 0.0216 0.0216 0.0216 0.0216 0.0216 0.0216 0.0216 0.0216 0.0216 0.0216 0.0216 
TS32 0.0137 0.0137 0.0137 0.0137 0.0137 0.0137 0.0137 0.0137 0.0137 0.0137 0.0137 0.0137 0.0137 0.0137 0.0137 0.0137 0.0137 0.0137 0.0137 0.0137 0.0137 0.0137 0.0137 0.0137 0.0137 0.0137 0.0137 0.0137 0.0137 0.0137 0.0137 0.0137 
TS33 0.0271 0.0271 0.0271 0.0271 0.0271 0.0271 0.0271 0.0271 0.0271 0.0271 0.0271 0.0271 0.0271 0.0271 0.0271 0.0271 0.0271 0.0271 0.0271 0.0271 0.0271 0.0271 0.0271 0.0271 0.0271 0.0271 0.0271 0.0271 0.0271 0.0271 0.0271 0.0271 
TS34 0.0207 0.0207 0.0207 0.0207 0.0207 0.0207 0.0207 0.0207 0.0207 0.0207 0.0207 0.0207 0.0207 0.0207 0.0207 0.0207 0.0207 0.0207 0.0207 0.0207 0.0207 0.0207 0.0207 0.0207 0.0207 0.0207 0.0207 0.0207 0.0207 0.0207 0.0207 0.0207 
TS35 0.0093 0.0093 0.0093 0.0093 0.0093 0.0093 0.0093 0.0093 0.0093 0.0093 0.0093 0.0093 0.0093 0.0093 0.0093 0.0093 0.0093 0.0093 0.0093 0.0093 0.0093 0.0093 0.0093 0.0093 0.0093 0.0093 0.0093 0.0093 0.0093 0.0093 0.0093 0.0093 
TS36 0.0102 0.0102 0.0102 0.0102 0.0102 0.0102 0.0102 0.0102 0.0102 0.0102 0.0102 0.0102 0.0102 0.0102 0.0102 0.0102 0.0102 0.0102 0.0102 0.0102 0.0102 0.0102 0.0102 0.0102 0.0102 0.0102 0.0102 0.0102 0.0102 0.0102 0.0102 0.0102 
TS37 0.0374 0.0374 0.0374 0.0374 0.0374 0.0374 0.0374 0.0374 0.0374 0.0374 0.0374 0.0374 0.0374 0.0374 0.0374 0.0374 0.0374 0.0374 0.0374 0.0374 0.0374 0.0374 0.0374 0.0374 0.0374 0.0374 0.0374 0.0374 0.0374 0.0374 0.0374 0.0374 
TS38 0.0237 0.0237 0.0237 0.0237 0.0237 0.0237 0.0237 0.0237 0.0237 0.0237 0.0237 0.0237 0.0237 0.0237 0.0237 0.0237 0.0237 0.0237 0.0237 0.0237 0.0237 0.0237 0.0237 0.0237 0.0237 0.0237 0.0237 0.0237 0.0237 0.0237 0.0237 0.0237 
TS39 0.0471 0.0471 0.0471 0.0471 0.0471 0.0471 0.0471 0.0471 0.0471 0.0471 0.0471 0.0471 0.0471 0.0471 0.0471 0.0471 0.0471 0.0471 0.0471 0.0471 0.0471 0.0471 0.0471 0.0471 0.0471 0.0471 0.0471 0.0471 0.0471 0.0471 0.0471 0.0471 
TS40 0.0363 0.0363 0.0363 0.0363 0.0363 0.0363 0.0363 0.0363 0.0363 0.0363 0.0363 0.0363 0.0363 0.0363 0.0363 0.0363 0.0363 0.0363 0.0363 0.0363 0.0363 0.0363 0.0363 0.0363 0.0363 0.0363 0.0363 0.0363 0.0363 0.0363 0.0363 0.0363 
TS41 0.0166 0.0166 0.0166 0.0166 0.0166 0.0166 0.0166 0.0166 0.0166 0.0166 0.0166 0.0166 0.0166 0.0166 0.0166 0.0166 0.0166 0.0166 0.0166 0.0166 0.0166 0.0166 0.0166 0.0166 0.0166 0.0166 0.0166 0.0166 0.0166 0.0166 0.0166 0.0166 
TS42 0.0185 0.0185 0.0185 0.0185 0.0185 0.0185 0.0185 0.0185 0.0185 0.0185 0.0185 0.0185 0.0185 0.0185 0.0185 0.0185 0.0185 0.0185 0.0185 0.0185 0.0185 0.0185 0.0185 0.0185 0.0185 0.0185 0.0185 0.0185 0.0185 0.0185 0.0185 0.0185 
TS43 0.0155 0.0155 0.0155 0.0155 0.0155 0.0155 0.0155 0.0155 0.0155 0.0155 0.0155 0.0155 0.0155 0.0155 0.0155 0.0155 0.0155 0.0155 0.0155 0.0155 0.0155 0.0155 0.0155 0.0155 0.0155 0.0155 0.0155 0.0155 0.0155 0.0155 0.0155 0.0155 
TS44 0.0097 0.0097 0.0097 0.0097 0.0097 0.0097 0.0097 0.0097 0.0097 0.0097 0.0097 0.0097 0.0097 0.0097 0.0097 0.0097 0.0097 0.0097 0.0097 0.0097 0.0097 0.0097 0.0097 0.0097 0.0097 0.0097 0.0097 0.0097 0.0097 0.0097 0.0097 0.0097 
TS45 0.0194 0.0194 0.0194 0.0194 0.0194 0.0194 0.0194 0.0194 0.0194 0.0194 0.0194 0.0194 0.0194 0.0194 0.0194 0.0194 0.0194 0.0194 0.0194 0.0194 0.0194 0.0194 0.0194 0.0194 0.0194 0.0194 0.0194 0.0194 0.0194 0.0194 0.0194 0.0194 
TS46 0.015 0.015 0.015 0.015 0.015 0.015 0.015 0.015 0.015 0.015 0.015 0.015 0.015 0.015 0.015 0.015 0.015 0.015 0.015 0.015 0.015 0.015 0.015 0.015 0.015 0.015 0.015 0.015 0.015 0.015 0.015 0.015 
TS47 0.0068 0.0068 0.0068 0.0068 0.0068 0.0068 0.0068 0.0068 0.0068 0.0068 0.0068 0.0068 0.0068 0.0068 0.0068 0.0068 0.0068 0.0068 0.0068 0.0068 0.0068 0.0068 0.0068 0.0068 0.0068 0.0068 0.0068 0.0068 0.0068 0.0068 0.0068 0.0068 
TS48 0.0076 0.0076 0.0076 0.0076 0.0076 0.0076 0.0076 0.0076 0.0076 0.0076 0.0076 0.0076 0.0076 0.0076 0.0076 0.0076 0.0076 0.0076 0.0076 0.0076 0.0076 0.0076 0.0076 0.0076 0.0076 0.0076 0.0076 0.0076 0.0076 0.0076 0.0076 0.0076 
[RE1,INDELC,*,*]:
2019 2020 2021 2022 2023 2024 2025 2026 2027 2028 2029 2030 2031 2032 2033 2034 2035 2036 2037 2038 2039 2040 2041 2042 2043 2044 2045 2046 2047 2048 2049 2050 :=
TS01 0.0358 0.0358 0.0358 0.0358 0.0358 0.0358 0.0358 0.0358 0.0358 0.0358 0.0358 0.0358 0.0358 0.0358 0.0358 0.0358 0.0358 0.0358 0.0358 0.0358 0.0358 0.0358 0.0358 0.0358 0.0358 0.0358 0.0358 0.0358 0.0358 0.0358 0.0358 0.0358 
TS02 0.0227 0.0227 0.0227 0.0227 0.0227 0.0227 0.0227 0.0227 0.0227 0.0227 0.0227 0.0227 0.0227 0.0227 0.0227 0.0227 0.0227 0.0227 0.0227 0.0227 0.0227 0.0227 0.0227 0.0227 0.0227 0.0227 0.0227 0.0227 0.0227 0.0227 0.0227 0.0227 
TS03 0.0449 0.0449 0.0449 0.0449 0.0449 0.0449 0.0449 0.0449 0.0449 0.0449 0.0449 0.0449 0.0449 0.0449 0.0449 0.0449 0.0449 0.0449 0.0449 0.0449 0.0449 0.0449 0.0449 0.0449 0.0449 0.0449 0.0449 0.0449 0.0449 0.0449 0.0449 0.0449 
TS04 0.034 0.034 0.034 0.034 0.034 0.034 0.034 0.034 0.034 0.034 0.034 0.034 0.034 0.034 0.034 0.034 0.034 0.034 0.034 0.034 0.034 0.034 0.034 0.034 0.034 0.034 0.034 0.034 0.034 0.034 0.034 0.034 
TS05 0.0162 0.0162 0.0162 0.0162 0.0162 0.0162 0.0162 0.0162 0.0162 0.0162 0.0162 0.0162 0.0162 0.0162 0.0162 0.0162 0.0162 0.0162 0.0162 0.0162 0.0162 0.0162 0.0162 0.0162 0.0162 0.0162 0.0162 0.0162 0.0162 0.0162 0.0162 0.0162 
TS06 0.0178 0.0178 0.0178 0.0178 0.0178 0.0178 0.0178 0.0178 0.0178 0.0178 0.0178 0.0178 0.0178 0.0178 0.0178 0.0178 0.0178 0.0178 0.0178 0.0178 0.0178 0.0178 0.0178 0.0178 0.0178 0.0178 0.0178 0.0178 0.0178 0.0178 0.0178 0.0178 
TS07 0.0158 0.0158 0.0158 0.0158 0.0158 0.0158 0.0158 0.0158 0.0158 0.0158 0.0158 0.0158 0.0158 0.0158 0.0158 0.0158 0.0158 0.0158 0.0158 0.0158 0.0158 0.0158 0.0158 0.0158 0.0158 0.0158 0.0158 0.0158 0.0158 0.0158 0.0158 0.0158 
TS08 0.0097 0.0097 0.0097 0.0097 0.0097 0.0097 0.0097 0.0097 0.0097 0.0097 0.0097 0.0097 0.0097 0.0097 0.0097 0.0097 0.0097 0.0097 0.0097 0.0097 0.0097 0.0097 0.0097 0.0097 0.0097 0.0097 0.0097 0.0097 0.0097 0.0097 0.0097 0.0097 
TS09 0.0193 0.0193 0.0193 0.0193 0.0193 0.0193 0.0193 0.0193 0.0193 0.0193 0.0193 0.0193 0.0193 0.0193 0.0193 0.0193 0.0193 0.0193 0.0193 0.0193 0.0193 0.0193 0.0193 0.0193 0.0193 0.0193 0.0193 0.0193 0.0193 0.0193 0.0193 0.0193 
TS10 0.0146 0.0146 0.0146 0.0146 0.0146 0.0146 0.0146 0.0146 0.0146 0.0146 0.0146 0.0146 0.0146 0.0146 0.0146 0.0146 0.0146 0.0146 0.0146 0.0146 0.0146 0.0146 0.0146 0.0146 0.0146 0.0146 0.0146 0.0146 0.0146 0.0146 0.0146 0.0146 
TS11 0.0068 0.0068 0.0068 0.0068 0.0068 0.0068 0.0068 0.0068 0.0068 0.0068 0.0068 0.0068 0.0068 0.0068 0.0068 0.0068 0.0068 0.0068 0.0068 0.0068 0.0068 0.0068 0.0068 0.0068 0.0068 0.0068 0.0068 0.0068 0.0068 0.0068 0.0068 0.0068 
TS12 0.0076 0.0076 0.0076 0.0076 0.0076 0.0076 0.0076 0.0076 0.0076 0.0076 0.0076 0.0076 0.0076 0.0076 0.0076 0.0076 0.0076 0.0076 0.0076 0.0076 0.0076 0.0076 0.0076 0.0076 0.0076 0.0076 0.0076 0.0076 0.0076 0.0076 0.0076 0.0076 
TS13 0.0242 0.0242 0.0242 0.0242 0.0242 0.0242 0.0242 0.0242 0.0242 0.0242 0.0242 0.0242 0.0242 0.0242 0.0242 0.0242 0.0242 0.0242 0.0242 0.0242 0.0242 0.0242 0.0242 0.0242 0.0242 0.0242 0.0242 0.0242 0.0242 0.0242 0.0242 0.0242 
TS14 0.0158 0.0158 0.0158 0.0158 0.0158 0.0158 0.0158 0.0158 0.0158 0.0158 0.0158 0.0158 0.0158 0.0158 0.0158 0.0158 0.0158 0.0158 0.0158 0.0158 0.0158 0.0158 0.0158 0.0158 0.0158 0.0158 0.0158 0.0158 0.0158 0.0158 0.0158 0.0158 
TS15 0.0314 0.0314 0.0314 0.0314 0.0314 0.0314 0.0314 0.0314 0.0314 0.0314 0.0314 0.0314 0.0314 0.0314 0.0314 0.0314 0.0314 0.0314 0.0314 0.0314 0.0314 0.0314 0.0314 0.0314 0.0314 0.0314 0.0314 0.0314 0.0314 0.0314 0.0314 0.0314 
TS16 0.0237 0.0237 0.0237 0.0237 0.0237 0.0237 0.0237 0.0237 0.0237 0.0237 0.0237 0.0237 0.0237 0.0237 0.0237 0.0237 0.0237 0.0237 0.0237 0.0237 0.0237 0.0237 0.0237 0.0237 0.0237 0.0237 0.0237 0.0237 0.0237 0.0237 0.0237 0.0237 
TS17 0.0108 0.0108 0.0108 0.0108 0.0108 0.0108 0.0108 0.0108 0.0108 0.0108 0.0108 0.0108 0.0108 0.0108 0.0108 0.0108 0.0108 0.0108 0.0108 0.0108 0.0108 0.0108 0.0108 0.0108 0.0108 0.0108 0.0108 0.0108 0.0108 0.0108 0.0108 0.0108 
TS18 0.012 0.012 0.012 0.012 0.012 0.012 0.012 0.012 0.012 0.012 0.012 0.012 0.012 0.012 0.012 0.012 0.012 0.012 0.012 0.012 0.012 0.012 0.012 0.012 0.012 0.012 0.012 0.012 0.012 0.012 0.012 0.012 
TS19 0.0091 0.0091 0.0091 0.0091 0.0091 0.0091 0.0091 0.0091 0.0091 0.0091 0.0091 0.0091 0.0091 0.0091 0.0091 0.0091 0.0091 0.0091 0.0091 0.0091 0.0091 0.0091 0.0091 0.0091 0.0091 0.0091 0.0091 0.0091 0.0091 0.0091 0.0091 0.0091 
TS20 0.006 0.006 0.006 0.006 0.006 0.006 0.006 0.006 0.006 0.006 0.006 0.006 0.006 0.006 0.006 0.006 0.006 0.006 0.006 0.006 0.006 0.006 0.006 0.006 0.006 0.006 0.006 0.006 0.006 0.006 0.006 0.006 
TS21 0.012 0.012 0.012 0.012 0.012 0.012 0.012 0.012 0.012 0.012 0.012 0.012 0.012 0.012 0.012 0.012 0.012 0.012 0.012 0.012 0.012 0.012 0.012 0.012 0.012 0.012 0.012 0.012 0.012 0.012 0.012 0.012 
TS22 0.009 0.009 0.009 0.009 0.009 0.009 0.009 0.009 0.009 0.009 0.009 0.009 0.009 0.009 0.009 0.009 0.009 0.009 0.009 0.009 0.009 0.009 0.009 0.009 0.009 0.009 0.009 0.009 0.009 0.009 0.009 0.009 
TS23 0.0041 0.0041 0.0041 0.0041 0.0041 0.0041 0.0041 0.0041 0.0041 0.0041 0.0041 0.0041 0.0041 0.0041 0.0041 0.0041 0.0041 0.0041 0.0041 0.0041 0.0041 0.0041 0.0041 0.0041 0.0041 0.0041 0.0041 0.0041 0.0041 0.0041 0.0041 0.0041 
TS24 0.0045 0.0045 0.0045 0.0045 0.0045 0.0045 0.0045 0.0045 0.0045 0.0045 0.0045 0.0045 0.0045 0.0045 0.0045 0.0045 0.0045 0.0045 0.0045 0.0045 0.0045 0.0045 0.0045 0.0045 0.0045 0.0045 0.0045 0.0045 0.0045 0.0045 0.0045 0.0045 
TS25 0.049 0.049 0.049 0.049 0.049 0.049 0.049 0.049 0.049 0.049 0.049 0.049 0.049 0.049 0.049 0.049 0.049 0.049 0.049 0.049 0.049 0.049 0.049 0.049 0.049 0.049 0.049 0.049 0.049 0.049 0.049 0.049 
TS26 0.0318 0.0318 0.0318 0.0318 0.0318 0.0318 0.0318 0.0318 0.0318 0.0318 0.0318 0.0318 0.0318 0.0318 0.0318 0.0318 0.0318 0.0318 0.0318 0.0318 0.0318 0.0318 0.0318 0.0318 0.0318 0.0318 0.0318 0.0318 0.0318 0.0318 0.0318 0.0318 
TS27 0.0623 0.0623 0.0623 0.0623 0.0623 0.0623 0.0623 0.0623 0.0623 0.0623 0.0623 0.0623 0.0623 0.0623 0.0623 0.0623 0.0623 0.0623 0.0623 0.0623 0.0623 0.0623 0.0623 0.0623 0.0623 0.0623 0.0623 0.0623 0.0623 0.0623 0.0623 0.0623 
TS28 0.0475 0.0475 0.0475 0.0475 0.0475 0.0475 0.0475 0.0475 0.0475 0.0475 0.0475 0.0475 0.0475 0.0475 0.0475 0.0475 0.0475 0.0475 0.0475 0.0475 0.0475 0.0475 0.0475 0.0475 0.0475 0.0475 0.0475 0.0475 0.0475 0.0475 0.0475 0.0475 
TS29 0.0216 0.0216 0.0216 0.0216 0.0216 0.0216 0.0216 0.0216 0.0216 0.0216 0.0216 0.0216 0.0216 0.0216 0.0216 0.0216 0.0216 0.0216 0.0216 0.0216 0.0216 0.0216 0.0216 0.0216 0.0216 0.0216 0.0216 0.0216 0.0216 0.0216 0.0216 0.0216 
TS30 0.0238 0.0238 0.0238 0.0238 0.0238 0.0238 0.0238 0.0238 0.0238 0.0238 0.0238 0.0238 0.0238 0.0238 0.0238 0.0238 0.0238 0.0238 0.0238 0.0238 0.0238 0.0238 0.0238 0.0238 0.0238 0.0238 0.0238 0.0238 0.0238 0.0238 0.0238 0.0238 
TS31 0.0216 0.0216 0.0216 0.0216 0.0216 0.0216 0.0216 0.0216 0.0216 0.0216 0.0216 0.0216 0.0216 0.0216 0.0216 0.0216 0.0216 0.0216 0.0216 0.0216 0.0216 0.0216 0.0216 0.0216 0.0216 0.0216 0.0216 0.0216 0.0216 0.0216 0.0216 0.0216 
TS32 0.0137 0.0137 0.0137 0.0137 0.0137 0.0137 0.0137 0.0137 0.0137 0.0137 0.0137 0.0137 0.0137 0.0137 0.0137 0.0137 0.0137 0.0137 0.0137 0.0137 0.0137 0.0137 0.0137 0.0137 0.0137 0.0137 0.0137 0.0137 0.0137 0.0137 0.0137 0.0137 
TS33 0.0271 0.0271 0.0271 0.0271 0.0271 0.0271 0.0271 0.0271 0.0271 0.0271 0.0271 0.0271 0.0271 0.0271 0.0271 0.0271 0.0271 0.0271 0.0271 0.0271 0.0271 0.0271 0.0271 0.0271 0.0271 0.0271 0.0271 0.0271 0.0271 0.0271 0.0271 0.0271 
TS34 0.0207 0.0207 0.0207 0.0207 0.0207 0.0207 0.0207 0.0207 0.0207 0.0207 0.0207 0.0207 0.0207 0.0207 0.0207 0.0207 0.0207 0.0207 0.0207 0.0207 0.0207 0.0207 0.0207 0.0207 0.0207 0.0207 0.0207 0.0207 0.0207 0.0207 0.0207 0.0207 
TS35 0.0093 0.0093 0.0093 0.0093 0.0093 0.0093 0.0093 0.0093 0.0093 0.0093 0.0093 0.0093 0.0093 0.0093 0.0093 0.0093 0.0093 0.0093 0.0093 0.0093 0.0093 0.0093 0.0093 0.0093 0.0093 0.0093 0.0093 0.0093 0.0093 0.0093 0.0093 0.0093 
TS36 0.0102 0.0102 0.0102 0.0102 0.0102 0.0102 0.0102 0.0102 0.0102 0.0102 0.0102 0.0102 0.0102 0.0102 0.0102 0.0102 0.0102 0.0102 0.0102 0.0102 0.0102 0.0102 0.0102 0.0102 0.0102 0.0102 0.0102 0.0102 0.0102 0.0102 0.0102 0.0102 
TS37 0.0374 0.0374 0.0374 0.0374 0.0374 0.0374 0.0374 0.0374 0.0374 0.0374 0.0374 0.0374 0.0374 0.0374 0.0374 0.0374 0.0374 0.0374 0.0374 0.0374 0.0374 0.0374 0.0374 0.0374 0.0374 0.0374 0.0374 0.0374 0.0374 0.0374 0.0374 0.0374 
TS38 0.0237 0.0237 0.0237 0.0237 0.0237 0.0237 0.0237 0.0237 0.0237 0.0237 0.0237 0.0237 0.0237 0.0237 0.0237 0.0237 0.0237 0.0237 0.0237 0.0237 0.0237 0.0237 0.0237 0.0237 0.0237 0.0237 0.0237 0.0237 0.0237 0.0237 0.0237 0.0237 
TS39 0.0471 0.0471 0.0471 0.0471 0.0471 0.0471 0.0471 0.0471 0.0471 0.0471 0.0471 0.0471 0.0471 0.0471 0.0471 0.0471 0.0471 0.0471 0.0471 0.0471 0.0471 0.0471 0.0471 0.0471 0.0471 0.0471 0.0471 0.0471 0.0471 0.0471 0.0471 0.0471 
TS40 0.0363 0.0363 0.0363 0.0363 0.0363 0.0363 0.0363 0.0363 0.0363 0.0363 0.0363 0.0363 0.0363 0.0363 0.0363 0.0363 0.0363 0.0363 0.0363 0.0363 0.0363 0.0363 0.0363 0.0363 0.0363 0.0363 0.0363 0.0363 0.0363 0.0363 0.0363 0.0363 
TS41 0.0166 0.0166 0.0166 0.0166 0.0166 0.0166 0.0166 0.0166 0.0166 0.0166 0.0166 0.0166 0.0166 0.0166 0.0166 0.0166 0.0166 0.0166 0.0166 0.0166 0.0166 0.0166 0.0166 0.0166 0.0166 0.0166 0.0166 0.0166 0.0166 0.0166 0.0166 0.0166 
TS42 0.0185 0.0185 0.0185 0.0185 0.0185 0.0185 0.0185 0.0185 0.0185 0.0185 0.0185 0.0185 0.0185 0.0185 0.0185 0.0185 0.0185 0.0185 0.0185 0.0185 0.0185 0.0185 0.0185 0.0185 0.0185 0.0185 0.0185 0.0185 0.0185 0.0185 0.0185 0.0185 
TS43 0.0155 0.0155 0.0155 0.0155 0.0155 0.0155 0.0155 0.0155 0.0155 0.0155 0.0155 0.0155 0.0155 0.0155 0.0155 0.0155 0.0155 0.0155 0.0155 0.0155 0.0155 0.0155 0.0155 0.0155 0.0155 0.0155 0.0155 0.0155 0.0155 0.0155 0.0155 0.0155 
TS44 0.0097 0.0097 0.0097 0.0097 0.0097 0.0097 0.0097 0.0097 0.0097 0.0097 0.0097 0.0097 0.0097 0.0097 0.0097 0.0097 0.0097 0.0097 0.0097 0.0097 0.0097 0.0097 0.0097 0.0097 0.0097 0.0097 0.0097 0.0097 0.0097 0.0097 0.0097 0.0097 
TS45 0.0194 0.0194 0.0194 0.0194 0.0194 0.0194 0.0194 0.0194 0.0194 0.0194 0.0194 0.0194 0.0194 0.0194 0.0194 0.0194 0.0194 0.0194 0.0194 0.0194 0.0194 0.0194 0.0194 0.0194 0.0194 0.0194 0.0194 0.0194 0.0194 0.0194 0.0194 0.0194 
TS46 0.015 0.015 0.015 0.015 0.015 0.015 0.015 0.015 0.015 0.015 0.015 0.015 0.015 0.015 0.015 0.015 0.015 0.015 0.015 0.015 0.015 0.015 0.015 0.015 0.015 0.015 0.015 0.015 0.015 0.015 0.015 0.015 
TS47 0.0068 0.0068 0.0068 0.0068 0.0068 0.0068 0.0068 0.0068 0.0068 0.0068 0.0068 0.0068 0.0068 0.0068 0.0068 0.0068 0.0068 0.0068 0.0068 0.0068 0.0068 0.0068 0.0068 0.0068 0.0068 0.0068 0.0068 0.0068 0.0068 0.0068 0.0068 0.0068 
TS48 0.0076 0.0076 0.0076 0.0076 0.0076 0.0076 0.0076 0.0076 0.0076 0.0076 0.0076 0.0076 0.0076 0.0076 0.0076 0.0076 0.0076 0.0076 0.0076 0.0076 0.0076 0.0076 0.0076 0.0076 0.0076 0.0076 0.0076 0.0076 0.0076 0.0076 0.0076 0.0076 
[RE1,RESELC,*,*]:
2019 2020 2021 2022 2023 2024 2025 2026 2027 2028 2029 2030 2031 2032 2033 2034 2035 2036 2037 2038 2039 2040 2041 2042 2043 2044 2045 2046 2047 2048 2049 2050 :=
TS01 0.0358 0.0358 0.0358 0.0358 0.0358 0.0358 0.0358 0.0358 0.0358 0.0358 0.0358 0.0358 0.0358 0.0358 0.0358 0.0358 0.0358 0.0358 0.0358 0.0358 0.0358 0.0358 0.0358 0.0358 0.0358 0.0358 0.0358 0.0358 0.0358 0.0358 0.0358 0.0358 
TS02 0.0227 0.0227 0.0227 0.0227 0.0227 0.0227 0.0227 0.0227 0.0227 0.0227 0.0227 0.0227 0.0227 0.0227 0.0227 0.0227 0.0227 0.0227 0.0227 0.0227 0.0227 0.0227 0.0227 0.0227 0.0227 0.0227 0.0227 0.0227 0.0227 0.0227 0.0227 0.0227 
TS03 0.0449 0.0449 0.0449 0.0449 0.0449 0.0449 0.0449 0.0449 0.0449 0.0449 0.0449 0.0449 0.0449 0.0449 0.0449 0.0449 0.0449 0.0449 0.0449 0.0449 0.0449 0.0449 0.0449 0.0449 0.0449 0.0449 0.0449 0.0449 0.0449 0.0449 0.0449 0.0449 
TS04 0.034 0.034 0.034 0.034 0.034 0.034 0.034 0.034 0.034 0.034 0.034 0.034 0.034 0.034 0.034 0.034 0.034 0.034 0.034 0.034 0.034 0.034 0.034 0.034 0.034 0.034 0.034 0.034 0.034 0.034 0.034 0.034 
TS05 0.0162 0.0162 0.0162 0.0162 0.0162 0.0162 0.0162 0.0162 0.0162 0.0162 0.0162 0.0162 0.0162 0.0162 0.0162 0.0162 0.0162 0.0162 0.0162 0.0162 0.0162 0.0162 0.0162 0.0162 0.0162 0.0162 0.0162 0.0162 0.0162 0.0162 0.0162 0.0162 
TS06 0.0178 0.0178 0.0178 0.0178 0.0178 0.0178 0.0178 0.0178 0.0178 0.0178 0.0178 0.0178 0.0178 0.0178 0.0178 0.0178 0.0178 0.0178 0.0178 0.0178 0.0178 0.0178 0.0178 0.0178 0.0178 0.0178 0.0178 0.0178 0.0178 0.0178 0.0178 0.0178 
TS07 0.0158 0.0158 0.0158 0.0158 0.0158 0.0158 0.0158 0.0158 0.0158 0.0158 0.0158 0.0158 0.0158 0.0158 0.0158 0.0158 0.0158 0.0158 0.0158 0.0158 0.0158 0.0158 0.0158 0.0158 0.0158 0.0158 0.0158 0.0158 0.0158 0.0158 0.0158 0.0158 
TS08 0.0097 0.0097 0.0097 0.0097 0.0097 0.0097 0.0097 0.0097 0.0097 0.0097 0.0097 0.0097 0.0097 0.0097 0.0097 0.0097 0.0097 0.0097 0.0097 0.0097 0.0097 0.0097 0.0097 0.0097 0.0097 0.0097 0.0097 0.0097 0.0097 0.0097 0.0097 0.0097 
TS09 0.0193 0.0193 0.0193 0.0193 0.0193 0.0193 0.0193 0.0193 0.0193 0.0193 0.0193 0.0193 0.0193 0.0193 0.0193 0.0193 0.0193 0.0193 0.0193 0.0193 0.0193 0.0193 0.0193 0.0193 0.0193 0.0193 0.0193 0.0193 0.0193 0.0193 0.0193 0.0193 
TS10 0.0146 0.0146 0.0146 0.0146 0.0146 0.0146 0.0146 0.0146 0.0146 0.0146 0.0146 0.0146 0.0146 0.0146 0.0146 0.0146 0.0146 0.0146 0.0146 0.0146 0.0146 0.0146 0.0146 0.0146 0.0146 0.0146 0.0146 0.0146 0.0146 0.0146 0.0146 0.0146 
TS11 0.0068 0.0068 0.0068 0.0068 0.0068 0.0068 0.0068 0.0068 0.0068 0.0068 0.0068 0.0068 0.0068 0.0068 0.0068 0.0068 0.0068 0.0068 0.0068 0.0068 0.0068 0.0068 0.0068 0.0068 0.0068 0.0068 0.0068 0.0068 0.0068 0.0068 0.0068 0.0068 
TS12 0.0076 0.0076 0.0076 0.0076 0.0076 0.0076 0.0076 0.0076 0.0076 0.0076 0.0076 0.0076 0.0076 0.0076 0.0076 0.0076 0.0076 0.0076 0.0076 0.0076 0.0076 0.0076 0.0076 0.0076 0.0076 0.0076 0.0076 0.0076 0.0076 0.0076 0.0076 0.0076 
TS13 0.0242 0.0242 0.0242 0.0242 0.0242 0.0242 0.0242 0.0242 0.0242 0.0242 0.0242 0.0242 0.0242 0.0242 0.0242 0.0242 0.0242 0.0242 0.0242 0.0242 0.0242 0.0242 0.0242 0.0242 0.0242 0.0242 0.0242 0.0242 0.0242 0.0242 0.0242 0.0242 
TS14 0.0158 0.0158 0.0158 0.0158 0.0158 0.0158 0.0158 0.0158 0.0158 0.0158 0.0158 0.0158 0.0158 0.0158 0.0158 0.0158 0.0158 0.0158 0.0158 0.0158 0.0158 0.0158 0.0158 0.0158 0.0158 0.0158 0.0158 0.0158 0.0158 0.0158 0.0158 0.0158 
TS15 0.0314 0.0314 0.0314 0.0314 0.0314 0.0314 0.0314 0.0314 0.0314 0.0314 0.0314 0.0314 0.0314 0.0314 0.0314 0.0314 0.0314 0.0314 0.0314 0.0314 0.0314 0.0314 0.0314 0.0314 0.0314 0.0314 0.0314 0.0314 0.0314 0.0314 0.0314 0.0314 
TS16 0.0237 0.0237 0.0237 0.0237 0.0237 0.0237 0.0237 0.0237 0.0237 0.0237 0.0237 0.0237 0.0237 0.0237 0.0237 0.0237 0.0237 0.0237 0.0237 0.0237 0.0237 0.0237 0.0237 0.0237 0.0237 0.0237 0.0237 0.0237 0.0237 0.0237 0.0237 0.0237 
TS17 0.0108 0.0108 0.0108 0.0108 0.0108 0.0108 0.0108 0.0108 0.0108 0.0108 0.0108 0.0108 0.0108 0.0108 0.0108 0.0108 0.0108 0.0108 0.0108 0.0108 0.0108 0.0108 0.0108 0.0108 0.0108 0.0108 0.0108 0.0108 0.0108 0.0108 0.0108 0.0108 
TS18 0.012 0.012 0.012 0.012 0.012 0.012 0.012 0.012 0.012 0.012 0.012 0.012 0.012 0.012 0.012 0.012 0.012 0.012 0.012 0.012 0.012 0.012 0.012 0.012 0.012 0.012 0.012 0.012 0.012 0.012 0.012 0.012 
TS19 0.0091 0.0091 0.0091 0.0091 0.0091 0.0091 0.0091 0.0091 0.0091 0.0091 0.0091 0.0091 0.0091 0.0091 0.0091 0.0091 0.0091 0.0091 0.0091 0.0091 0.0091 0.0091 0.0091 0.0091 0.0091 0.0091 0.0091 0.0091 0.0091 0.0091 0.0091 0.0091 
TS20 0.006 0.006 0.006 0.006 0.006 0.006 0.006 0.006 0.006 0.006 0.006 0.006 0.006 0.006 0.006 0.006 0.006 0.006 0.006 0.006 0.006 0.006 0.006 0.006 0.006 0.006 0.006 0.006 0.006 0.006 0.006 0.006 
TS21 0.012 0.012 0.012 0.012 0.012 0.012 0.012 0.012 0.012 0.012 0.012 0.012 0.012 0.012 0.012 0.012 0.012 0.012 0.012 0.012 0.012 0.012 0.012 0.012 0.012 0.012 0.012 0.012 0.012 0.012 0.012 0.012 
TS22 0.009 0.009 0.009 0.009 0.009 0.009 0.009 0.009 0.009 0.009 0.009 0.009 0.009 0.009 0.009 0.009 0.009 0.009 0.009 0.009 0.009 0.009 0.009 0.009 0.009 0.009 0.009 0.009 0.009 0.009 0.009 0.009 
TS23 0.0041 0.0041 0.0041 0.0041 0.0041 0.0041 0.0041 0.0041 0.0041 0.0041 0.0041 0.0041 0.0041 0.0041 0.0041 0.0041 0.0041 0.0041 0.0041 0.0041 0.0041 0.0041 0.0041 0.0041 0.0041 0.0041 0.0041 0.0041 0.0041 0.0041 0.0041 0.0041 
TS24 0.0045 0.0045 0.0045 0.0045 0.0045 0.0045 0.0045 0.0045 0.0045 0.0045 0.0045 0.0045 0.0045 0.0045 0.0045 0.0045 0.0045 0.0045 0.0045 0.0045 0.0045 0.0045 0.0045 0.0045 0.0045 0.0045 0.0045 0.0045 0.0045 0.0045 0.0045 0.0045 
TS25 0.049 0.049 0.049 0.049 0.049 0.049 0.049 0.049 0.049 0.049 0.049 0.049 0.049 0.049 0.049 0.049 0.049 0.049 0.049 0.049 0.049 0.049 0.049 0.049 0.049 0.049 0.049 0.049 0.049 0.049 0.049 0.049 
TS26 0.0318 0.0318 0.0318 0.0318 0.0318 0.0318 0.0318 0.0318 0.0318 0.0318 0.0318 0.0318 0.0318 0.0318 0.0318 0.0318 0.0318 0.0318 0.0318 0.0318 0.0318 0.0318 0.0318 0.0318 0.0318 0.0318 0.0318 0.0318 0.0318 0.0318 0.0318 0.0318 
TS27 0.0623 0.0623 0.0623 0.0623 0.0623 0.0623 0.0623 0.0623 0.0623 0.0623 0.0623 0.0623 0.0623 0.0623 0.0623 0.0623 0.0623 0.0623 0.0623 0.0623 0.0623 0.0623 0.0623 0.0623 0.0623 0.0623 0.0623 0.0623 0.0623 0.0623 0.0623 0.0623 
TS28 0.0475 0.0475 0.0475 0.0475 0.0475 0.0475 0.0475 0.0475 0.0475 0.0475 0.0475 0.0475 0.0475 0.0475 0.0475 0.0475 0.0475 0.0475 0.0475 0.0475 0.0475 0.0475 0.0475 0.0475 0.0475 0.0475 0.0475 0.0475 0.0475 0.0475 0.0475 0.0475 
TS29 0.0216 0.0216 0.0216 0.0216 0.0216 0.0216 0.0216 0.0216 0.0216 0.0216 0.0216 0.0216 0.0216 0.0216 0.0216 0.0216 0.0216 0.0216 0.0216 0.0216 0.0216 0.0216 0.0216 0.0216 0.0216 0.0216 0.0216 0.0216 0.0216 0.0216 0.0216 0.0216 
TS30 0.0238 0.0238 0.0238 0.0238 0.0238 0.0238 0.0238 0.0238 0.0238 0.0238 0.0238 0.0238 0.0238 0.0238 0.0238 0.0238 0.0238 0.0238 0.0238 0.0238 0.0238 0.0238 0.0238 0.0238 0.0238 0.0238 0.0238 0.0238 0.0238 0.0238 0.0238 0.0238 
TS31 0.0216 0.0216 0.0216 0.0216 0.0216 0.0216 0.0216 0.0216 0.0216 0.0216 0.0216 0.0216 0.0216 0.0216 0.0216 0.0216 0.0216 0.0216 0.0216 0.0216 0.0216 0.0216 0.0216 0.0216 0.0216 0.0216 0.0216 0.0216 0.0216 0.0216 0.0216 0.0216 
TS32 0.0137 0.0137 0.0137 0.0137 0.0137 0.0137 0.0137 0.0137 0.0137 0.0137 0.0137 0.0137 0.0137 0.0137 0.0137 0.0137 0.0137 0.0137 0.0137 0.0137 0.0137 0.0137 0.0137 0.0137 0.0137 0.0137 0.0137 0.0137 0.0137 0.0137 0.0137 0.0137 
TS33 0.0271 0.0271 0.0271 0.0271 0.0271 0.0271 0.0271 0.0271 0.0271 0.0271 0.0271 0.0271 0.0271 0.0271 0.0271 0.0271 0.0271 0.0271 0.0271 0.0271 0.0271 0.0271 0.0271 0.0271 0.0271 0.0271 0.0271 0.0271 0.0271 0.0271 0.0271 0.0271 
TS34 0.0207 0.0207 0.0207 0.0207 0.0207 0.0207 0.0207 0.0207 0.0207 0.0207 0.0207 0.0207 0.0207 0.0207 0.0207 0.0207 0.0207 0.0207 0.0207 0.0207 0.0207 0.0207 0.0207 0.0207 0.0207 0.0207 0.0207 0.0207 0.0207 0.0207 0.0207 0.0207 
TS35 0.0093 0.0093 0.0093 0.0093 0.0093 0.0093 0.0093 0.0093 0.0093 0.0093 0.0093 0.0093 0.0093 0.0093 0.0093 0.0093 0.0093 0.0093 0.0093 0.0093 0.0093 0.0093 0.0093 0.0093 0.0093 0.0093 0.0093 0.0093 0.0093 0.0093 0.0093 0.0093 
TS36 0.0102 0.0102 0.0102 0.0102 0.0102 0.0102 0.0102 0.0102 0.0102 0.0102 0.0102 0.0102 0.0102 0.0102 0.0102 0.0102 0.0102 0.0102 0.0102 0.0102 0.0102 0.0102 0.0102 0.0102 0.0102 0.0102 0.0102 0.0102 0.0102 0.0102 0.0102 0.0102 
TS37 0.0374 0.0374 0.0374 0.0374 0.0374 0.0374 0.0374 0.0374 0.0374 0.0374 0.0374 0.0374 0.0374 0.0374 0.0374 0.0374 0.0374 0.0374 0.0374 0.0374 0.0374 0.0374 0.0374 0.0374 0.0374 0.0374 0.0374 0.0374 0.0374 0.0374 0.0374 0.0374 
TS38 0.0237 0.0237 0.0237 0.0237 0.0237 0.0237 0.0237 0.0237 0.0237 0.0237 0.0237 0.0237 0.0237 0.0237 0.0237 0.0237 0.0237 0.0237 0.0237 0.0237 0.0237 0.0237 0.0237 0.0237 0.0237 0.0237 0.0237 0.0237 0.0237 0.0237 0.0237 0.0237 
TS39 0.0471 0.0471 0.0471 0.0471 0.0471 0.0471 0.0471 0.0471 0.0471 0.0471 0.0471 0.0471 0.0471 0.0471 0.0471 0.0471 0.0471 0.0471 0.0471 0.0471 0.0471 0.0471 0.0471 0.0471 0.0471 0.0471 0.0471 0.0471 0.0471 0.0471 0.0471 0.0471 
TS40 0.0363 0.0363 0.0363 0.0363 0.0363 0.0363 0.0363 0.0363 0.0363 0.0363 0.0363 0.0363 0.0363 0.0363 0.0363 0.0363 0.0363 0.0363 0.0363 0.0363 0.0363 0.0363 0.0363 0.0363 0.0363 0.0363 0.0363 0.0363 0.0363 0.0363 0.0363 0.0363 
TS41 0.0166 0.0166 0.0166 0.0166 0.0166 0.0166 0.0166 0.0166 0.0166 0.0166 0.0166 0.0166 0.0166 0.0166 0.0166 0.0166 0.0166 0.0166 0.0166 0.0166 0.0166 0.0166 0.0166 0.0166 0.0166 0.0166 0.0166 0.0166 0.0166 0.0166 0.0166 0.0166 
TS42 0.0185 0.0185 0.0185 0.0185 0.0185 0.0185 0.0185 0.0185 0.0185 0.0185 0.0185 0.0185 0.0185 0.0185 0.0185 0.0185 0.0185 0.0185 0.0185 0.0185 0.0185 0.0185 0.0185 0.0185 0.0185 0.0185 0.0185 0.0185 0.0185 0.0185 0.0185 0.0185 
TS43 0.0155 0.0155 0.0155 0.0155 0.0155 0.0155 0.0155 0.0155 0.0155 0.0155 0.0155 0.0155 0.0155 0.0155 0.0155 0.0155 0.0155 0.0155 0.0155 0.0155 0.0155 0.0155 0.0155 0.0155 0.0155 0.0155 0.0155 0.0155 0.0155 0.0155 0.0155 0.0155 
TS44 0.0097 0.0097 0.0097 0.0097 0.0097 0.0097 0.0097 0.0097 0.0097 0.0097 0.0097 0.0097 0.0097 0.0097 0.0097 0.0097 0.0097 0.0097 0.0097 0.0097 0.0097 0.0097 0.0097 0.0097 0.0097 0.0097 0.0097 0.0097 0.0097 0.0097 0.0097 0.0097 
TS45 0.0194 0.0194 0.0194 0.0194 0.0194 0.0194 0.0194 0.0194 0.0194 0.0194 0.0194 0.0194 0.0194 0.0194 0.0194 0.0194 0.0194 0.0194 0.0194 0.0194 0.0194 0.0194 0.0194 0.0194 0.0194 0.0194 0.0194 0.0194 0.0194 0.0194 0.0194 0.0194 
TS46 0.015 0.015 0.015 0.015 0.015 0.015 0.015 0.015 0.015 0.015 0.015 0.015 0.015 0.015 0.015 0.015 0.015 0.015 0.015 0.015 0.015 0.015 0.015 0.015 0.015 0.015 0.015 0.015 0.015 0.015 0.015 0.015 
TS47 0.0068 0.0068 0.0068 0.0068 0.0068 0.0068 0.0068 0.0068 0.0068 0.0068 0.0068 0.0068 0.0068 0.0068 0.0068 0.0068 0.0068 0.0068 0.0068 0.0068 0.0068 0.0068 0.0068 0.0068 0.0068 0.0068 0.0068 0.0068 0.0068 0.0068 0.0068 0.0068 
TS48 0.0076 0.0076 0.0076 0.0076 0.0076 0.0076 0.0076 0.0076 0.0076 0.0076 0.0076 0.0076 0.0076 0.0076 0.0076 0.0076 0.0076 0.0076 0.0076 0.0076 0.0076 0.0076 0.0076 0.0076 0.0076 0.0076 0.0076 0.0076 0.0076 0.0076 0.0076 0.0076 
;

param EmissionActivityRatio default 0.0 :=
[RE1,PWRNGS001,CO2,*,*]:
2019 2020 2021 2022 2023 2024 2025 2026 2027 2028 2029 2030 2031 2032 2033 2034 2035 2036 2037 2038 2039 2040 2041 2042 2043 2044 2045 2046 2047 2048 2049 2050 :=
1 0.166 0.166 0.166 0.166 0.166 0.166 0.166 0.166 0.166 0.166 0.166 0.166 0.166 0.166 0.166 0.166 0.166 0.166 0.166 0.166 0.166 0.166 0.166 0.166 0.166 0.166 0.166 0.166 0.166 0.166 0.166 0.166 
[RE1,PWRCOA001,CO2,*,*]:
2019 2020 2021 2022 2023 2024 2025 2026 2027 2028 2029 2030 2031 2032 2033 2034 2035 2036 2037 2038 2039 2040 2041 2042 2043 2044 2045 2046 2047 2048 2049 2050 :=
1 0.245 0.245 0.245 0.245 0.245 0.245 0.245 0.245 0.245 0.245 0.245 0.245 0.245 0.245 0.245 0.245 0.245 0.245 0.245 0.245 0.245 0.245 0.245 0.245 0.245 0.245 0.245 0.245 0.245 0.245 0.245 0.245 
[RE1,PWRLFO001,CO2,*,*]:
2019 2020 2021 2022 2023 2024 2025 2026 2027 2028 2029 2030 2031 2032 2033 2034 2035 2036 2037 2038 2039 2040 2041 2042 2043 2044 2045 2046 2047 2048 2049 2050 :=
1 0.252 0.252 0.252 0.252 0.252 0.252 0.252 0.252 0.252 0.252 0.252 0.252 0.252 0.252 0.252 0.252 0.252 0.252 0.252 0.252 0.252 0.252 0.252 0.252 0.252 0.252 0.252 0.252 0.252 0.252 0.252 0.252 
[RE1,PWRBIO001,CO2,*,*]:
2019 2020 2021 2022 2023 2024 2025 2026 2027 2028 2029 2030 2031 2032 2033 2034 2035 2036 2037 2038 2039 2040 2041 2042 2043 2044 2045 2046 2047 2048 2049 2050 :=
1 0.166 0.166 0.166 0.166 0.166 0.166 0.166 0.166 0.166 0.166 0.166 0.166 0.166 0.166 0.166 0.166 0.166 0.166 0.166 0.166 0.166 0.166 0.166 0.166 0.166 0.166 0.166 0.166 0.166 0.166 0.166 0.166 
[RE1,PWRHFO001,CO2,*,*]:
2019 2020 2021 2022 2023 2024 2025 2026 2027 2028 2029 2030 2031 2032 2033 2034 2035 2036 2037 2038 2039 2040 2041 2042 2043 2044 2045 2046 2047 2048 2049 2050 :=
1 0.191 0.191 0.191 0.191 0.191 0.191 0.191 0.191 0.191 0.191 0.191 0.191 0.191 0.191 0.191 0.191 0.191 0.191 0.191 0.191 0.191 0.191 0.191 0.191 0.191 0.191 0.191 0.191 0.191 0.191 0.191 0.191 
;

param ReserveMargin default 0.0 :
2019 2020 2021 2022 2023 2024 2025 2026 2027 2028 2029 2030 2031 2032 2033 2034 2035 2036 2037 2038 2039 2040 2041 2042 2043 2044 2045 2046 2047 2048 2049 2050 :=
RE1 1.09 1.09 1.09 1.09 1.09 1.09 1.09 1.09 1.09 1.09 1.09 1.09 1.09 1.09 1.09 1.09 1.09 1.09 1.09 1.09 1.09 1.09 1.09 1.09 1.09 1.09 1.09 1.09 1.09 1.09 1.09 1.09 
;

param ReserveMarginTagFuel default 0.0 :=
[RE1,*,*]:
2019 2020 2021 2022 2023 2024 2025 2026 2027 2028 2029 2030 2031 2032 2033 2034 2035 2036 2037 2038 2039 2040 2041 2042 2043 2044 2045 2046 2047 2048 2049 2050 :=
ELC001 1 1 1 1 1 1 1 1 1 1 1 1 1 1 1 1 1 1 1 1 1 1 1 1 1 1 1 1 1 1 1 1 
;

param ReserveMarginTagTechnology default 0.0 :=
[RE1,*,*]:
2019 2020 2021 2022 2023 2024 2025 2026 2027 2028 2029 2030 2031 2032 2033 2034 2035 2036 2037 2038 2039 2040 2041 2042 2043 2044 2045 2046 2047 2048 2049 2050 :=
BACKSTOP 1 1 1 1 1 1 1 1 1 1 1 1 1 1 1 1 1 1 1 1 1 1 1 1 1 1 1 1 1 1 1 1 
BESS_TECH 0.75 0.75 0.75 0.75 0.75 0.75 0.75 0.75 0.75 0.75 0.75 0.75 0.75 0.75 0.75 0.75 0.75 0.75 0.75 0.75 0.75 0.75 0.75 0.75 0.75 0.75 0.75 0.75 0.75 0.75 0.75 0.75 
PWRBIO001 1 1 1 1 1 1 1 1 1 1 1 1 1 1 1 1 1 1 1 1 1 1 1 1 1 1 1 1 1 1 1 1 
PWRCOA001 1 1 1 1 1 1 1 1 1 1 1 1 1 1 1 1 1 1 1 1 1 1 1 1 1 1 1 1 1 1 1 1 
PWRGEO001 1 1 1 1 1 1 1 1 1 1 1 1 1 1 1 1 1 1 1 1 1 1 1 1 1 1 1 1 1 1 1 1 
PWRGEO002 1 1 1 1 1 1 1 1 1 1 1 1 1 1 1 1 1 1 1 1 1 1 1 1 1 1 1 1 1 1 1 1 
PWRGEO003 1 1 1 1 1 1 1 1 1 1 1 1 1 1 1 1 1 1 1 1 1 1 1 1 1 1 1 1 1 1 1 1 
PWRGEO004 1 1 1 1 1 1 1 1 1 1 1 1 1 1 1 1 1 1 1 1 1 1 1 1 1 1 1 1 1 1 1 1 
PWRGEO005 1 1 1 1 1 1 1 1 1 1 1 1 1 1 1 1 1 1 1 1 1 1 1 1 1 1 1 1 1 1 1 1 
PWRGEO006 1 1 1 1 1 1 1 1 1 1 1 1 1 1 1 1 1 1 1 1 1 1 1 1 1 1 1 1 1 1 1 1 
PWRGEO007 1 1 1 1 1 1 1 1 1 1 1 1 1 1 1 1 1 1 1 1 1 1 1 1 1 1 1 1 1 1 1 1 
PWRHFO001 1 1 1 1 1 1 1 1 1 1 1 1 1 1 1 1 1 1 1 1 1 1 1 1 1 1 1 1 1 1 1 1 
PWRHYD002 1 1 1 1 1 1 1 1 1 1 1 1 1 1 1 1 1 1 1 1 1 1 1 1 1 1 1 1 1 1 1 1 
PWRHYD003 1 1 1 1 1 1 1 1 1 1 1 1 1 1 1 1 1 1 1 1 1 1 1 1 1 1 1 1 1 1 1 1 
PWRHYD004 1 1 1 1 1 1 1 1 1 1 1 1 1 1 1 1 1 1 1 1 1 1 1 1 1 1 1 1 1 1 1 1 
PWRHYD005 1 1 1 1 1 1 1 1 1 1 1 1 1 1 1 1 1 1 1 1 1 1 1 1 1 1 1 1 1 1 1 1 
PWRLFO001 1 1 1 1 1 1 1 1 1 1 1 1 1 1 1 1 1 1 1 1 1 1 1 1 1 1 1 1 1 1 1 1 
PWRNGS001 1 1 1 1 1 1 1 1 1 1 1 1 1 1 1 1 1 1 1 1 1 1 1 1 1 1 1 1 1 1 1 1 
PWRPHS001 0.75 0.75 0.75 0.75 0.75 0.75 0.75 0.75 0.75 0.75 0.75 0.75 0.75 0.75 0.75 0.75 0.75 0.75 0.75 0.75 0.75 0.75 0.75 0.75 0.75 0.75 0.75 0.75 0.75 0.75 0.75 0.75 
PWRPHS002 0.75 0.75 0.75 0.75 0.75 0.75 0.75 0.75 0.75 0.75 0.75 0.75 0.75 0.75 0.75 0.75 0.75 0.75 0.75 0.75 0.75 0.75 0.75 0.75 0.75 0.75 0.75 0.75 0.75 0.75 0.75 0.75 
PWRURN001 1 1 1 1 1 1 1 1 1 1 1 1 1 1 1 1 1 1 1 1 1 1 1 1 1 1 1 1 1 1 1 1 
;

param UDCMultiplierActivity default 0.0 :=
[RE1,PWRNGS001,*,*]:
2019 2020 2021 2022 2023 2024 2025 2026 2027 2028 2029 2030 2031 2032 2033 2034 2035 2036 2037 2038 2039 2040 2041 2042 2043 2044 2045 2046 2047 2048 2049 2050 :=
GasMinUsage -1 -1 -1 -1 -1 -1 -1 -1 -1 -1 -1 -1 -1 -1 -1 -1 -1 -1 -1 -1 -1 -1 -1 -1 -1 -1 -1 -1 -1 -1 -1 -1 
;

param UDCMultiplierTotalCapacity default 0.0 :=
[RE1,PWRNGS001,*,*]:
2019 2020 2021 2022 2023 2024 2025 2026 2027 2028 2029 2030 2031 2032 2033 2034 2035 2036 2037 2038 2039 2040 2041 2042 2043 2044 2045 2046 2047 2048 2049 2050 :=
GasMinUsage 0.7884 0.7884 0.7884 0.7884 0.7884 0.7884 0.7884 0.7884 0.7884 0.7884 0.7884 0.7884 0.7884 0.7884 0.7884 0.7884 0.7884 0.7884 0.7884 0.7884 0.7884 0.7884 0.7884 0.7884 0.7884 0.7884 0.7884 0.7884 0.7884 0.7884 0.7884 0.7884 
;

param UDCTag default -1.0 :
GasMinUsage :=
RE1 0 
;

param AccumulatedAnnualDemand default 0 :=
;
param AnnualEmissionLimit default 999999 :=
;
param CapacityOfOneTechnologyUnit default 0 :=
;
param DaysInDayType default 1 :=
;
param EmissionToActivityChangeRatio default 0 :=
;
param EmissionsPenalty default 0 :=
;
param InputToNewCapacityRatio default 0 :=
;
param InputToTotalCapacityRatio default 0 :=
;
param MinStorageCharge default 0 :=
;
param ResidualStorageCapacity default 0 :=
;
param TechnologyActivityByModeLowerLimit default 0 :=
;
param TechnologyActivityByModeUpperLimit default 99999 :=
;
param TechnologyActivityDecreaseByModeLimit default 0 :=
;
param TechnologyActivityIncreaseByModeLimit default 0 :=
;
param TotalAnnualMinCapacityInvestment default 0 :=
;
param TotalTechnologyAnnualActivityLowerLimit default 0 :=
;
param TotalTechnologyAnnualActivityUpperLimit default 999999 :=
;
param TradeRoute default 0 :=
;
param UDCConstant default 0 :=
;
param UDCMultiplierNewCapacity default 0 :=
;
#
end;
