###############
#    Sets     #
###############
#
set YEAR := 2019 2020 2021 2022 2023 2024 2025 2026 2027 2028 2029 2030 2031 2032 2033 2034 2035 2036 2037 2038 2039 2040 2041 2042 2043 2044 2045 2046 2047 2048 2049 2050 ;
set TECHNOLOGY := BACKSTOP BESS_TECH DEMCOMELC DEMINDELC DEMRESELC EXPELC IMPBIO IMPCOA IMPELC001 IMPELC002 IMPHFOMOM IMPHFONAI IMPLFOELD IMPNGS IMPURN MINBIO MINCOA MINGEO MINHYD MINSOL MINWND PWRBIO001 PWRCOA001 PWRDIST PWRGEO001 PWRGEO002 PWRGEO003 PWRGEO004 PWRGEO005 PWRGEO006 PWRGEO007 PWRHFO001 PWRHYD001 PWRHYD002 PWRHYD003 PWRHYD004 PWRHYD005 PWRLFO001 PWRNGS001 PWRPHS001 PWRPHS002 PWRSOL001 PWRSOL002 PWRTRN PWRURN001 PWRWND001 PWRWND002 PWRWND003 PWRWND004 PWRWND005 PWRWND006 PWRWND007 PWRWND008 PWRWND009 PWRWND010 PWRWND011 ;
set TIMESLICE := TS01 TS02 TS03 TS04 TS05 TS06 TS07 TS08 TS09 TS10 TS11 TS12 TS13 TS14 TS15 TS16 TS17 TS18 TS19 TS20 TS21 TS22 TS23 TS24 TS25 TS26 TS27 TS28 TS29 TS30 TS31 TS32 TS33 TS34 TS35 TS36 TS37 TS38 TS39 TS40 TS41 TS42 TS43 TS44 TS45 TS46 TS47 TS48 ;
set COMMODITY := BIO COA COADOM COMELC ELC001 ELC002 ELC003 GEO HFOMOM HFONAI HYD INDELC LFOELD NGS RESELC SOL URN WND ;
set EMISSION := CO2 ;
set MODE_OF_OPERATION := 1 2 ;
set REGION := RE1 ;
set SEASON := 1 2 3 4 ;
set DAYTYPE := 1 2 ;
set DAILYTIMEBRACKET := 1 2 3 4 5 6 ;
set STORAGE := BESS001 PHS001 PHS002 ;
set STORAGEINTRADAY := BESS001 ;
set STORAGEINTRAYEAR := PHS001 PHS002 ;
set UDC := GasMinUsage ;

###############
#    Parameters     #
###############
#
param Conversionls default 0.0 :
1 2 3 4 :=
TS01 1 0 0 0 
TS02 1 0 0 0 
TS03 1 0 0 0 
TS04 1 0 0 0 
TS05 1 0 0 0 
TS06 1 0 0 0 
TS07 1 0 0 0 
TS08 1 0 0 0 
TS09 1 0 0 0 
TS10 1 0 0 0 
TS11 1 0 0 0 
TS12 1 0 0 0 
TS13 0 1 0 0 
TS14 0 1 0 0 
TS15 0 1 0 0 
TS16 0 1 0 0 
TS17 0 1 0 0 
TS18 0 1 0 0 
TS19 0 1 0 0 
TS20 0 1 0 0 
TS21 0 1 0 0 
TS22 0 1 0 0 
TS23 0 1 0 0 
TS24 0 1 0 0 
TS25 0 0 1 0 
TS26 0 0 1 0 
TS27 0 0 1 0 
TS28 0 0 1 0 
TS29 0 0 1 0 
TS30 0 0 1 0 
TS31 0 0 1 0 
TS32 0 0 1 0 
TS33 0 0 1 0 
TS34 0 0 1 0 
TS35 0 0 1 0 
TS36 0 0 1 0 
TS37 0 0 0 1 
TS38 0 0 0 1 
TS39 0 0 0 1 
TS40 0 0 0 1 
TS41 0 0 0 1 
TS42 0 0 0 1 
TS43 0 0 0 1 
TS44 0 0 0 1 
TS45 0 0 0 1 
TS46 0 0 0 1 
TS47 0 0 0 1 
TS48 0 0 0 1 
;

param Conversionld default 0.0 :
1 2 :=
TS01 1 0 
TS02 1 0 
TS03 1 0 
TS04 1 0 
TS05 1 0 
TS06 1 0 
TS07 0 1 
TS08 0 1 
TS09 0 1 
TS10 0 1 
TS11 0 1 
TS12 0 1 
TS13 1 0 
TS14 1 0 
TS15 1 0 
TS16 1 0 
TS17 1 0 
TS18 1 0 
TS19 0 1 
TS20 0 1 
TS21 0 1 
TS22 0 1 
TS23 0 1 
TS24 0 1 
TS25 1 0 
TS26 1 0 
TS27 1 0 
TS28 1 0 
TS29 1 0 
TS30 1 0 
TS31 0 1 
TS32 0 1 
TS33 0 1 
TS34 0 1 
TS35 0 1 
TS36 0 1 
TS37 1 0 
TS38 1 0 
TS39 1 0 
TS40 1 0 
TS41 1 0 
TS42 1 0 
TS43 0 1 
TS44 0 1 
TS45 0 1 
TS46 0 1 
TS47 0 1 
TS48 0 1 
;

param Conversionlh default 0.0 :
1 2 3 4 5 6 :=
TS01 1 0 0 0 0 0 
TS02 0 1 0 0 0 0 
TS03 0 0 1 0 0 0 
TS04 0 0 0 1 0 0 
TS05 0 0 0 0 1 0 
TS06 0 0 0 0 0 1 
TS07 1 0 0 0 0 0 
TS08 0 1 0 0 0 0 
TS09 0 0 1 0 0 0 
TS10 0 0 0 1 0 0 
TS11 0 0 0 0 1 0 
TS12 0 0 0 0 0 1 
TS13 1 0 0 0 0 0 
TS14 0 1 0 0 0 0 
TS15 0 0 1 0 0 0 
TS16 0 0 0 1 0 0 
TS17 0 0 0 0 1 0 
TS18 0 0 0 0 0 1 
TS19 1 0 0 0 0 0 
TS20 0 1 0 0 0 0 
TS21 0 0 1 0 0 0 
TS22 0 0 0 1 0 0 
TS23 0 0 0 0 1 0 
TS24 0 0 0 0 0 1 
TS25 1 0 0 0 0 0 
TS26 0 1 0 0 0 0 
TS27 0 0 1 0 0 0 
TS28 0 0 0 1 0 0 
TS29 0 0 0 0 1 0 
TS30 0 0 0 0 0 1 
TS31 1 0 0 0 0 0 
TS32 0 1 0 0 0 0 
TS33 0 0 1 0 0 0 
TS34 0 0 0 1 0 0 
TS35 0 0 0 0 1 0 
TS36 0 0 0 0 0 1 
TS37 1 0 0 0 0 0 
TS38 0 1 0 0 0 0 
TS39 0 0 1 0 0 0 
TS40 0 0 0 1 0 0 
TS41 0 0 0 0 1 0 
TS42 0 0 0 0 0 1 
TS43 1 0 0 0 0 0 
TS44 0 1 0 0 0 0 
TS45 0 0 1 0 0 0 
TS46 0 0 0 1 0 0 
TS47 0 0 0 0 1 0 
TS48 0 0 0 0 0 1 
;

param DiscountRate default 0.05 :=
RE1 0.081 
;

param DiscountRateIdv default 0.05 :=
[RE1,*,*]:
2019 2020 2021 2022 2023 2024 2025 2026 2027 2028 2029 2030 2031 2032 2033 2034 2035 2036 2037 2038 2039 2040 2041 2042 2043 2044 2045 2046 2047 2048 2049 2050 :=
BACKSTOP 99999 99999 99999 99999 99999 99999 99999 99999 99999 99999 99999 99999 99999 99999 99999 99999 99999 99999 99999 99999 99999 99999 99999 99999 99999 99999 99999 99999 99999 99999 99999 99999 
BESS_TECH 0.133 0.133 0.133 0.133 0.133 0.133 0.1346460106 0.1362920212 0.1379380318 0.1395840423 0.1412300529 0.1428760635 0.1445220741 0.1461680847 0.1478140953 0.1494601059 0.1511061164 0.152752127 0.1543981376 0.1560441482 0.1576901588 0.1593361694 0.16098218 0.1626281905 0.1642742011 0.1659202117 0.1675662223 0.1692122329 0.1708582435 0.172504254 0.1741502646 0.1757962752 
IMPNGS 0.07 0.07 0.07 0.07 0.07 0.07 0.0708663214 0.0717326427 0.0725989641 0.0734652854 0.0743316068 0.0751979282 0.0760642495 0.0769305709 0.0777968922 0.0786632136 0.079529535 0.0803958563 0.0812621777 0.0821284991 0.0829948204 0.0838611418 0.0847274631 0.0855937845 0.0864601059 0.0873264272 0.0881927486 0.0890590699 0.0899253913 0.0907917127 0.091658034 0.0925243554 
PWRBIO001 0.095 0.095 0.095 0.095 0.095 0.095 0.0961757218 0.0973514437 0.0985271655 0.0997028874 0.1008786092 0.1020543311 0.1032300529 0.1044057748 0.1055814966 0.1067572185 0.1079329403 0.1091086622 0.110284384 0.1114601059 0.1126358277 0.1138115495 0.1149872714 0.1161629932 0.1173387151 0.1185144369 0.1196901588 0.1208658806 0.1220416025 0.1232173243 0.1243930462 0.125568768 
PWRCOA001 0.129 0.129 0.129 0.129 0.129 0.129 0.1305965065 0.132193013 0.1337895195 0.135386026 0.1369825325 0.138579039 0.1401755456 0.1417720521 0.1433685586 0.1449650651 0.1465615716 0.1481580781 0.1497545846 0.1513510911 0.1529475976 0.1545441041 0.1561406106 0.1577371171 0.1593336236 0.1609301302 0.1625266367 0.1641231432 0.1657196497 0.1673161562 0.1689126627 0.1705091692 
PWRDIST 0.041 0.041 0.041 0.041 0.041 0.041 0.0415074168 0.0420148336 0.0425222504 0.0430296672 0.043537084 0.0440445008 0.0445519176 0.0450593344 0.0455667512 0.046074168 0.0465815848 0.0470890016 0.0475964184 0.0481038352 0.048611252 0.0491186688 0.0496260855 0.0501335023 0.0506409191 0.0511483359 0.0516557527 0.0521631695 0.0526705863 0.0531780031 0.0536854199 0.0541928367 
PWRGEO001 0.095 0.095 0.095 0.095 0.095 0.095 0.0961757218 0.0973514437 0.0985271655 0.0997028874 0.1008786092 0.1020543311 0.1032300529 0.1044057748 0.1055814966 0.1067572185 0.1079329403 0.1091086622 0.110284384 0.1114601059 0.1126358277 0.1138115495 0.1149872714 0.1161629932 0.1173387151 0.1185144369 0.1196901588 0.1208658806 0.1220416025 0.1232173243 0.1243930462 0.125568768 
PWRGEO002 0.095 0.095 0.095 0.095 0.095 0.095 0.0961757218 0.0973514437 0.0985271655 0.0997028874 0.1008786092 0.1020543311 0.1032300529 0.1044057748 0.1055814966 0.1067572185 0.1079329403 0.1091086622 0.110284384 0.1114601059 0.1126358277 0.1138115495 0.1149872714 0.1161629932 0.1173387151 0.1185144369 0.1196901588 0.1208658806 0.1220416025 0.1232173243 0.1243930462 0.125568768 
PWRGEO003 0.095 0.095 0.095 0.095 0.095 0.095 0.0961757218 0.0973514437 0.0985271655 0.0997028874 0.1008786092 0.1020543311 0.1032300529 0.1044057748 0.1055814966 0.1067572185 0.1079329403 0.1091086622 0.110284384 0.1114601059 0.1126358277 0.1138115495 0.1149872714 0.1161629932 0.1173387151 0.1185144369 0.1196901588 0.1208658806 0.1220416025 0.1232173243 0.1243930462 0.125568768 
PWRGEO004 0.095 0.095 0.095 0.095 0.095 0.095 0.0961757218 0.0973514437 0.0985271655 0.0997028874 0.1008786092 0.1020543311 0.1032300529 0.1044057748 0.1055814966 0.1067572185 0.1079329403 0.1091086622 0.110284384 0.1114601059 0.1126358277 0.1138115495 0.1149872714 0.1161629932 0.1173387151 0.1185144369 0.1196901588 0.1208658806 0.1220416025 0.1232173243 0.1243930462 0.125568768 
PWRGEO005 0.095 0.095 0.095 0.095 0.095 0.095 0.0961757218 0.0973514437 0.0985271655 0.0997028874 0.1008786092 0.1020543311 0.1032300529 0.1044057748 0.1055814966 0.1067572185 0.1079329403 0.1091086622 0.110284384 0.1114601059 0.1126358277 0.1138115495 0.1149872714 0.1161629932 0.1173387151 0.1185144369 0.1196901588 0.1208658806 0.1220416025 0.1232173243 0.1243930462 0.125568768 
PWRGEO006 0.095 0.095 0.095 0.095 0.095 0.095 0.0961757218 0.0973514437 0.0985271655 0.0997028874 0.1008786092 0.1020543311 0.1032300529 0.1044057748 0.1055814966 0.1067572185 0.1079329403 0.1091086622 0.110284384 0.1114601059 0.1126358277 0.1138115495 0.1149872714 0.1161629932 0.1173387151 0.1185144369 0.1196901588 0.1208658806 0.1220416025 0.1232173243 0.1243930462 0.125568768 
PWRGEO007 0.095 0.095 0.095 0.095 0.095 0.095 0.0961757218 0.0973514437 0.0985271655 0.0997028874 0.1008786092 0.1020543311 0.1032300529 0.1044057748 0.1055814966 0.1067572185 0.1079329403 0.1091086622 0.110284384 0.1114601059 0.1126358277 0.1138115495 0.1149872714 0.1161629932 0.1173387151 0.1185144369 0.1196901588 0.1208658806 0.1220416025 0.1232173243 0.1243930462 0.125568768 
PWRHFO001 0.116 0.116 0.116 0.116 0.116 0.116 0.1174356183 0.1188712365 0.1203068548 0.121742473 0.1231780913 0.1246137095 0.1260493278 0.127484946 0.1289205643 0.1303561825 0.1317918008 0.1332274191 0.1346630373 0.1360986556 0.1375342738 0.1389698921 0.1404055103 0.1418411286 0.1432767468 0.1447123651 0.1461479834 0.1475836016 0.1490192199 0.1504548381 0.1518904564 0.1533260746 
PWRHYD001 0.075 0.075 0.075 0.075 0.075 0.075 0.0759282015 0.0768564029 0.0777846044 0.0787128058 0.0796410073 0.0805692087 0.0814974102 0.0824256117 0.0833538131 0.0842820146 0.085210216 0.0861384175 0.087066619 0.0879948204 0.0889230219 0.0898512233 0.0907794248 0.0917076262 0.0926358277 0.0935640292 0.0944922306 0.0954204321 0.0963486335 0.097276835 0.0982050364 0.0991332379 
PWRHYD002 0.075 0.075 0.075 0.075 0.075 0.075 0.0759282015 0.0768564029 0.0777846044 0.0787128058 0.0796410073 0.0805692087 0.0814974102 0.0824256117 0.0833538131 0.0842820146 0.085210216 0.0861384175 0.087066619 0.0879948204 0.0889230219 0.0898512233 0.0907794248 0.0917076262 0.0926358277 0.0935640292 0.0944922306 0.0954204321 0.0963486335 0.097276835 0.0982050364 0.0991332379 
PWRHYD003 0.075 0.075 0.075 0.075 0.075 0.075 0.0759282015 0.0768564029 0.0777846044 0.0787128058 0.0796410073 0.0805692087 0.0814974102 0.0824256117 0.0833538131 0.0842820146 0.085210216 0.0861384175 0.087066619 0.0879948204 0.0889230219 0.0898512233 0.0907794248 0.0917076262 0.0926358277 0.0935640292 0.0944922306 0.0954204321 0.0963486335 0.097276835 0.0982050364 0.0991332379 
PWRHYD004 0.075 0.075 0.075 0.075 0.075 0.075 0.0759282015 0.0768564029 0.0777846044 0.0787128058 0.0796410073 0.0805692087 0.0814974102 0.0824256117 0.0833538131 0.0842820146 0.085210216 0.0861384175 0.087066619 0.0879948204 0.0889230219 0.0898512233 0.0907794248 0.0917076262 0.0926358277 0.0935640292 0.0944922306 0.0954204321 0.0963486335 0.097276835 0.0982050364 0.0991332379 
PWRHYD005 0.075 0.075 0.075 0.075 0.075 0.075 0.0759282015 0.0768564029 0.0777846044 0.0787128058 0.0796410073 0.0805692087 0.0814974102 0.0824256117 0.0833538131 0.0842820146 0.085210216 0.0861384175 0.087066619 0.0879948204 0.0889230219 0.0898512233 0.0907794248 0.0917076262 0.0926358277 0.0935640292 0.0944922306 0.0954204321 0.0963486335 0.097276835 0.0982050364 0.0991332379 
PWRLFO001 0.11 0.11 0.11 0.11 0.11 0.11 0.1113613621 0.1127227243 0.1140840864 0.1154454486 0.1168068107 0.1181681728 0.119529535 0.1208908971 0.1222522592 0.1236136214 0.1249749835 0.1263363457 0.1276977078 0.1290590699 0.1304204321 0.1317817942 0.1331431564 0.1345045185 0.1358658806 0.1372272428 0.1385886049 0.139949967 0.1413113292 0.1426726913 0.1440340535 0.1453954156 
PWRNGS001 0.116 0.116 0.116 0.116 0.116 0.116 0.1174356183 0.1188712365 0.1203068548 0.121742473 0.1231780913 0.1246137095 0.1260493278 0.127484946 0.1289205643 0.1303561825 0.1317918008 0.1332274191 0.1346630373 0.1360986556 0.1375342738 0.1389698921 0.1404055103 0.1418411286 0.1432767468 0.1447123651 0.1461479834 0.1475836016 0.1490192199 0.1504548381 0.1518904564 0.1533260746 
PWRPHS001 0.075 0.075 0.075 0.075 0.075 0.075 0.0759282015 0.0768564029 0.0777846044 0.0787128058 0.0796410073 0.0805692087 0.0814974102 0.0824256117 0.0833538131 0.0842820146 0.085210216 0.0861384175 0.087066619 0.0879948204 0.0889230219 0.0898512233 0.0907794248 0.0917076262 0.0926358277 0.0935640292 0.0944922306 0.0954204321 0.0963486335 0.097276835 0.0982050364 0.0991332379 
PWRPHS002 0.075 0.075 0.075 0.075 0.075 0.075 0.0759282015 0.0768564029 0.0777846044 0.0787128058 0.0796410073 0.0805692087 0.0814974102 0.0824256117 0.0833538131 0.0842820146 0.085210216 0.0861384175 0.087066619 0.0879948204 0.0889230219 0.0898512233 0.0907794248 0.0917076262 0.0926358277 0.0935640292 0.0944922306 0.0954204321 0.0963486335 0.097276835 0.0982050364 0.0991332379 
PWRSOL001 0.037 0.037 0.037 0.037 0.037 0.037 0.0374579127 0.0379158254 0.0383737382 0.0388316509 0.0392895636 0.0397474763 0.040205389 0.0406633018 0.0411212145 0.0415791272 0.0420370399 0.0424949526 0.0429528654 0.0434107781 0.0438686908 0.0443266035 0.0447845162 0.0452424289 0.0457003417 0.0461582544 0.0466161671 0.0470740798 0.0475319925 0.0479899053 0.048447818 0.0489057307 
PWRSOL002 0.037 0.037 0.037 0.037 0.037 0.037 0.0374579127 0.0379158254 0.0383737382 0.0388316509 0.0392895636 0.0397474763 0.040205389 0.0406633018 0.0411212145 0.0415791272 0.0420370399 0.0424949526 0.0429528654 0.0434107781 0.0438686908 0.0443266035 0.0447845162 0.0452424289 0.0457003417 0.0461582544 0.0466161671 0.0470740798 0.0475319925 0.0479899053 0.048447818 0.0489057307 
PWRTRN 0.046 0.046 0.046 0.046 0.046 0.046 0.0465692969 0.0471385938 0.0477078907 0.0482771876 0.0488464845 0.0494157814 0.0499850783 0.0505543752 0.051123672 0.0516929689 0.0522622658 0.0528315627 0.0534008596 0.0539701565 0.0545394534 0.0551087503 0.0556780472 0.0562473441 0.056816641 0.0573859379 0.0579552348 0.0585245317 0.0590938286 0.0596631255 0.0602324224 0.0608017192 
PWRURN001 0.087 0.087 0.087 0.087 0.087 0.087 0.0880767137 0.0891534274 0.0902301411 0.0913068548 0.0923835685 0.0934602821 0.0945369958 0.0956137095 0.0966904232 0.0977671369 0.0988438506 0.0999205643 0.100997278 0.1020739917 0.1031507054 0.1042274191 0.1053041328 0.1063808464 0.1074575601 0.1085342738 0.1096109875 0.1106877012 0.1117644149 0.1128411286 0.1139178423 0.114994556 
PWRWND001 0.055 0.055 0.055 0.055 0.055 0.055 0.0556806811 0.0563613621 0.0570420432 0.0577227243 0.0584034053 0.0590840864 0.0597647675 0.0604454486 0.0611261296 0.0618068107 0.0624874918 0.0631681728 0.0638488539 0.064529535 0.065210216 0.0658908971 0.0665715782 0.0672522592 0.0679329403 0.0686136214 0.0692943025 0.0699749835 0.0706556646 0.0713363457 0.0720170267 0.0726977078 
PWRWND002 0.055 0.055 0.055 0.055 0.055 0.055 0.0556806811 0.0563613621 0.0570420432 0.0577227243 0.0584034053 0.0590840864 0.0597647675 0.0604454486 0.0611261296 0.0618068107 0.0624874918 0.0631681728 0.0638488539 0.064529535 0.065210216 0.0658908971 0.0665715782 0.0672522592 0.0679329403 0.0686136214 0.0692943025 0.0699749835 0.0706556646 0.0713363457 0.0720170267 0.0726977078 
PWRWND003 0.055 0.055 0.055 0.055 0.055 0.055 0.0556806811 0.0563613621 0.0570420432 0.0577227243 0.0584034053 0.0590840864 0.0597647675 0.0604454486 0.0611261296 0.0618068107 0.0624874918 0.0631681728 0.0638488539 0.064529535 0.065210216 0.0658908971 0.0665715782 0.0672522592 0.0679329403 0.0686136214 0.0692943025 0.0699749835 0.0706556646 0.0713363457 0.0720170267 0.0726977078 
PWRWND004 0.055 0.055 0.055 0.055 0.055 0.055 0.0556806811 0.0563613621 0.0570420432 0.0577227243 0.0584034053 0.0590840864 0.0597647675 0.0604454486 0.0611261296 0.0618068107 0.0624874918 0.0631681728 0.0638488539 0.064529535 0.065210216 0.0658908971 0.0665715782 0.0672522592 0.0679329403 0.0686136214 0.0692943025 0.0699749835 0.0706556646 0.0713363457 0.0720170267 0.0726977078 
PWRWND005 0.055 0.055 0.055 0.055 0.055 0.055 0.0556806811 0.0563613621 0.0570420432 0.0577227243 0.0584034053 0.0590840864 0.0597647675 0.0604454486 0.0611261296 0.0618068107 0.0624874918 0.0631681728 0.0638488539 0.064529535 0.065210216 0.0658908971 0.0665715782 0.0672522592 0.0679329403 0.0686136214 0.0692943025 0.0699749835 0.0706556646 0.0713363457 0.0720170267 0.0726977078 
PWRWND006 0.055 0.055 0.055 0.055 0.055 0.055 0.0556806811 0.0563613621 0.0570420432 0.0577227243 0.0584034053 0.0590840864 0.0597647675 0.0604454486 0.0611261296 0.0618068107 0.0624874918 0.0631681728 0.0638488539 0.064529535 0.065210216 0.0658908971 0.0665715782 0.0672522592 0.0679329403 0.0686136214 0.0692943025 0.0699749835 0.0706556646 0.0713363457 0.0720170267 0.0726977078 
PWRWND007 0.055 0.055 0.055 0.055 0.055 0.055 0.0556806811 0.0563613621 0.0570420432 0.0577227243 0.0584034053 0.0590840864 0.0597647675 0.0604454486 0.0611261296 0.0618068107 0.0624874918 0.0631681728 0.0638488539 0.064529535 0.065210216 0.0658908971 0.0665715782 0.0672522592 0.0679329403 0.0686136214 0.0692943025 0.0699749835 0.0706556646 0.0713363457 0.0720170267 0.0726977078 
PWRWND008 0.055 0.055 0.055 0.055 0.055 0.055 0.0556806811 0.0563613621 0.0570420432 0.0577227243 0.0584034053 0.0590840864 0.0597647675 0.0604454486 0.0611261296 0.0618068107 0.0624874918 0.0631681728 0.0638488539 0.064529535 0.065210216 0.0658908971 0.0665715782 0.0672522592 0.0679329403 0.0686136214 0.0692943025 0.0699749835 0.0706556646 0.0713363457 0.0720170267 0.0726977078 
PWRWND009 0.055 0.055 0.055 0.055 0.055 0.055 0.0556806811 0.0563613621 0.0570420432 0.0577227243 0.0584034053 0.0590840864 0.0597647675 0.0604454486 0.0611261296 0.0618068107 0.0624874918 0.0631681728 0.0638488539 0.064529535 0.065210216 0.0658908971 0.0665715782 0.0672522592 0.0679329403 0.0686136214 0.0692943025 0.0699749835 0.0706556646 0.0713363457 0.0720170267 0.0726977078 
PWRWND010 0.055 0.055 0.055 0.055 0.055 0.055 0.0556806811 0.0563613621 0.0570420432 0.0577227243 0.0584034053 0.0590840864 0.0597647675 0.0604454486 0.0611261296 0.0618068107 0.0624874918 0.0631681728 0.0638488539 0.064529535 0.065210216 0.0658908971 0.0665715782 0.0672522592 0.0679329403 0.0686136214 0.0692943025 0.0699749835 0.0706556646 0.0713363457 0.0720170267 0.0726977078 
PWRWND011 0.055 0.055 0.055 0.055 0.055 0.055 0.0556806811 0.0563613621 0.0570420432 0.0577227243 0.0584034053 0.0590840864 0.0597647675 0.0604454486 0.0611261296 0.0618068107 0.0624874918 0.0631681728 0.0638488539 0.064529535 0.065210216 0.0658908971 0.0665715782 0.0672522592 0.0679329403 0.0686136214 0.0692943025 0.0699749835 0.0706556646 0.0713363457 0.0720170267 0.0726977078 
;

param CapacityToActivityUnit default 1.0 :
BACKSTOP BESS_TECH DEMCOMELC DEMINDELC DEMRESELC EXPELC IMPBIO IMPCOA IMPELC001 IMPELC002 IMPHFOMOM IMPHFONAI IMPLFOELD IMPNGS IMPURN MINBIO MINCOA MINGEO MINHYD MINSOL MINWND PWRBIO001 PWRCOA001 PWRDIST PWRGEO001 PWRGEO002 PWRGEO003 PWRGEO004 PWRGEO005 PWRGEO006 PWRGEO007 PWRHFO001 PWRHYD001 PWRHYD002 PWRHYD003 PWRHYD004 PWRHYD005 PWRLFO001 PWRNGS001 PWRPHS001 PWRPHS002 PWRSOL001 PWRSOL002 PWRTRN PWRURN001 PWRWND001 PWRWND002 PWRWND003 PWRWND004 PWRWND005 PWRWND006 PWRWND007 PWRWND008 PWRWND009 PWRWND010 PWRWND011 :=
RE1 31.536 31.536 31.536 31.536 31.536 31.536 1.0 1.0 31.536 31.536 1.0 1.0 1.0 1.0 1.0 1.0 1.0 1.0 1.0 1.0 1.0 31.536 31.536 31.536 31.536 31.536 31.536 31.536 31.536 31.536 31.536 31.536 31.536 31.536 31.536 31.536 31.536 31.536 31.536 31.536 31.536 31.536 31.536 31.536 31.536 31.536 31.536 31.536 31.536 31.536 31.536 31.536 31.536 31.536 31.536 31.536 
;

param OperationalLife default 1.0 :
BACKSTOP BESS_TECH DEMCOMELC DEMINDELC DEMRESELC EXPELC IMPBIO IMPCOA IMPELC001 IMPELC002 IMPHFOMOM IMPHFONAI IMPLFOELD IMPNGS IMPURN MINBIO MINCOA MINGEO MINHYD MINSOL MINWND PWRBIO001 PWRCOA001 PWRDIST PWRGEO001 PWRGEO002 PWRGEO003 PWRGEO004 PWRGEO005 PWRGEO006 PWRGEO007 PWRHFO001 PWRHYD001 PWRHYD002 PWRHYD003 PWRHYD004 PWRHYD005 PWRLFO001 PWRNGS001 PWRPHS001 PWRPHS002 PWRSOL001 PWRSOL002 PWRTRN PWRURN001 PWRWND001 PWRWND002 PWRWND003 PWRWND004 PWRWND005 PWRWND006 PWRWND007 PWRWND008 PWRWND009 PWRWND010 PWRWND011 :=
RE1 1 10 70 70 70 25 1 1 25 25 1 1 1 1 1 1 1 1 1 1 1 30 25 70 25 25 25 25 25 25 25 20 40 40 40 40 40 24 20 40 40 25 25 50 60 20 20 20 20 20 20 20 20 20 20 20 
;

param TotalTechnologyModelPeriodActivityLowerLimit default 0.0 :
BACKSTOP BESS_TECH DEMCOMELC DEMINDELC DEMRESELC EXPELC IMPBIO IMPCOA IMPELC001 IMPELC002 IMPHFOMOM IMPHFONAI IMPLFOELD IMPNGS IMPURN MINBIO MINCOA MINGEO MINHYD MINSOL MINWND PWRBIO001 PWRCOA001 PWRDIST PWRGEO001 PWRGEO002 PWRGEO003 PWRGEO004 PWRGEO005 PWRGEO006 PWRGEO007 PWRHFO001 PWRHYD001 PWRHYD002 PWRHYD003 PWRHYD004 PWRHYD005 PWRLFO001 PWRNGS001 PWRPHS001 PWRPHS002 PWRSOL001 PWRSOL002 PWRTRN PWRURN001 PWRWND001 PWRWND002 PWRWND003 PWRWND004 PWRWND005 PWRWND006 PWRWND007 PWRWND008 PWRWND009 PWRWND010 PWRWND011 :=
RE1 0 0 0 0 0 0 0 0 0 0 0 0 0 0 0 0 0 0 0 0 0 0 0 0 0 0 0 0 0 0 0 0 0 0 0 0 0 0 0 0 0 0 0 0 0 0 0 0 0 0 0 0 0 0 0 0 
;

param TotalTechnologyModelPeriodActivityUpperLimit default 999999.0 :
BACKSTOP BESS_TECH DEMCOMELC DEMINDELC DEMRESELC EXPELC IMPBIO IMPCOA IMPELC001 IMPELC002 IMPHFOMOM IMPHFONAI IMPLFOELD IMPNGS IMPURN MINBIO MINCOA MINGEO MINHYD MINSOL MINWND PWRBIO001 PWRCOA001 PWRDIST PWRGEO001 PWRGEO002 PWRGEO003 PWRGEO004 PWRGEO005 PWRGEO006 PWRGEO007 PWRHFO001 PWRHYD001 PWRHYD002 PWRHYD003 PWRHYD004 PWRHYD005 PWRLFO001 PWRNGS001 PWRPHS001 PWRPHS002 PWRSOL001 PWRSOL002 PWRTRN PWRURN001 PWRWND001 PWRWND002 PWRWND003 PWRWND004 PWRWND005 PWRWND006 PWRWND007 PWRWND008 PWRWND009 PWRWND010 PWRWND011 :=
RE1 999999 999999 999999 999999 999999 999999 999999 999999 999999 999999 999999 999999 999999 999999 999999 999999 999999 999999 999999 999999 999999 999999 999999 999999 999999 999999 999999 999999 999999 999999 999999 999999 999999 999999 999999 999999 999999 999999 999999 999999 999999 999999 999999 999999 999999 999999 999999 999999 999999 999999 999999 999999 999999 999999 999999 999999 
;

param ModelPeriodEmissionLimit default 999999.0 :
CO2 :=
RE1 3000 
;

param YearSplit default 1.0 :
2019 2020 2021 2022 2023 2024 2025 2026 2027 2028 2029 2030 2031 2032 2033 2034 2035 2036 2037 2038 2039 2040 2041 2042 2043 2044 2045 2046 2047 2048 2049 2050 :=
TS01 0.044 0.044 0.044 0.044 0.044 0.044 0.044 0.044 0.044 0.044 0.044 0.044 0.044 0.044 0.044 0.044 0.044 0.044 0.044 0.044 0.044 0.044 0.044 0.044 0.044 0.044 0.044 0.044 0.044 0.044 0.044 0.044 
TS02 0.022 0.022 0.022 0.022 0.022 0.022 0.022 0.022 0.022 0.022 0.022 0.022 0.022 0.022 0.022 0.022 0.022 0.022 0.022 0.022 0.022 0.022 0.022 0.022 0.022 0.022 0.022 0.022 0.022 0.022 0.022 0.022 
TS03 0.044 0.044 0.044 0.044 0.044 0.044 0.044 0.044 0.044 0.044 0.044 0.044 0.044 0.044 0.044 0.044 0.044 0.044 0.044 0.044 0.044 0.044 0.044 0.044 0.044 0.044 0.044 0.044 0.044 0.044 0.044 0.044 
TS04 0.0294 0.0294 0.0294 0.0294 0.0294 0.0294 0.0294 0.0294 0.0294 0.0294 0.0294 0.0294 0.0294 0.0294 0.0294 0.0294 0.0294 0.0294 0.0294 0.0294 0.0294 0.0294 0.0294 0.0294 0.0294 0.0294 0.0294 0.0294 0.0294 0.0294 0.0294 0.0294 
TS05 0.0147 0.0147 0.0147 0.0147 0.0147 0.0147 0.0147 0.0147 0.0147 0.0147 0.0147 0.0147 0.0147 0.0147 0.0147 0.0147 0.0147 0.0147 0.0147 0.0147 0.0147 0.0147 0.0147 0.0147 0.0147 0.0147 0.0147 0.0147 0.0147 0.0147 0.0147 0.0147 
TS06 0.022 0.022 0.022 0.022 0.022 0.022 0.022 0.022 0.022 0.022 0.022 0.022 0.022 0.022 0.022 0.022 0.022 0.022 0.022 0.022 0.022 0.022 0.022 0.022 0.022 0.022 0.022 0.022 0.022 0.022 0.022 0.022 
TS07 0.0176 0.0176 0.0176 0.0176 0.0176 0.0176 0.0176 0.0176 0.0176 0.0176 0.0176 0.0176 0.0176 0.0176 0.0176 0.0176 0.0176 0.0176 0.0176 0.0176 0.0176 0.0176 0.0176 0.0176 0.0176 0.0176 0.0176 0.0176 0.0176 0.0176 0.0176 0.0176 
TS08 0.0088 0.0088 0.0088 0.0088 0.0088 0.0088 0.0088 0.0088 0.0088 0.0088 0.0088 0.0088 0.0088 0.0088 0.0088 0.0088 0.0088 0.0088 0.0088 0.0088 0.0088 0.0088 0.0088 0.0088 0.0088 0.0088 0.0088 0.0088 0.0088 0.0088 0.0088 0.0088 
TS09 0.0176 0.0176 0.0176 0.0176 0.0176 0.0176 0.0176 0.0176 0.0176 0.0176 0.0176 0.0176 0.0176 0.0176 0.0176 0.0176 0.0176 0.0176 0.0176 0.0176 0.0176 0.0176 0.0176 0.0176 0.0176 0.0176 0.0176 0.0176 0.0176 0.0176 0.0176 0.0176 
TS10 0.0117 0.0117 0.0117 0.0117 0.0117 0.0117 0.0117 0.0117 0.0117 0.0117 0.0117 0.0117 0.0117 0.0117 0.0117 0.0117 0.0117 0.0117 0.0117 0.0117 0.0117 0.0117 0.0117 0.0117 0.0117 0.0117 0.0117 0.0117 0.0117 0.0117 0.0117 0.0117 
TS11 0.0059 0.0059 0.0059 0.0059 0.0059 0.0059 0.0059 0.0059 0.0059 0.0059 0.0059 0.0059 0.0059 0.0059 0.0059 0.0059 0.0059 0.0059 0.0059 0.0059 0.0059 0.0059 0.0059 0.0059 0.0059 0.0059 0.0059 0.0059 0.0059 0.0059 0.0059 0.0059 
TS12 0.0088 0.0088 0.0088 0.0088 0.0088 0.0088 0.0088 0.0088 0.0088 0.0088 0.0088 0.0088 0.0088 0.0088 0.0088 0.0088 0.0088 0.0088 0.0088 0.0088 0.0088 0.0088 0.0088 0.0088 0.0088 0.0088 0.0088 0.0088 0.0088 0.0088 0.0088 0.0088 
TS13 0.0298 0.0298 0.0298 0.0298 0.0298 0.0298 0.0298 0.0298 0.0298 0.0298 0.0298 0.0298 0.0298 0.0298 0.0298 0.0298 0.0298 0.0298 0.0298 0.0298 0.0298 0.0298 0.0298 0.0298 0.0298 0.0298 0.0298 0.0298 0.0298 0.0298 0.0298 0.0298 
TS14 0.0149 0.0149 0.0149 0.0149 0.0149 0.0149 0.0149 0.0149 0.0149 0.0149 0.0149 0.0149 0.0149 0.0149 0.0149 0.0149 0.0149 0.0149 0.0149 0.0149 0.0149 0.0149 0.0149 0.0149 0.0149 0.0149 0.0149 0.0149 0.0149 0.0149 0.0149 0.0149 
TS15 0.0298 0.0298 0.0298 0.0298 0.0298 0.0298 0.0298 0.0298 0.0298 0.0298 0.0298 0.0298 0.0298 0.0298 0.0298 0.0298 0.0298 0.0298 0.0298 0.0298 0.0298 0.0298 0.0298 0.0298 0.0298 0.0298 0.0298 0.0298 0.0298 0.0298 0.0298 0.0298 
TS16 0.0199 0.0199 0.0199 0.0199 0.0199 0.0199 0.0199 0.0199 0.0199 0.0199 0.0199 0.0199 0.0199 0.0199 0.0199 0.0199 0.0199 0.0199 0.0199 0.0199 0.0199 0.0199 0.0199 0.0199 0.0199 0.0199 0.0199 0.0199 0.0199 0.0199 0.0199 0.0199 
TS17 0.01 0.01 0.01 0.01 0.01 0.01 0.01 0.01 0.01 0.01 0.01 0.01 0.01 0.01 0.01 0.01 0.01 0.01 0.01 0.01 0.01 0.01 0.01 0.01 0.01 0.01 0.01 0.01 0.01 0.01 0.01 0.01 
TS18 0.0149 0.0149 0.0149 0.0149 0.0149 0.0149 0.0149 0.0149 0.0149 0.0149 0.0149 0.0149 0.0149 0.0149 0.0149 0.0149 0.0149 0.0149 0.0149 0.0149 0.0149 0.0149 0.0149 0.0149 0.0149 0.0149 0.0149 0.0149 0.0149 0.0149 0.0149 0.0149 
TS19 0.0119 0.0119 0.0119 0.0119 0.0119 0.0119 0.0119 0.0119 0.0119 0.0119 0.0119 0.0119 0.0119 0.0119 0.0119 0.0119 0.0119 0.0119 0.0119 0.0119 0.0119 0.0119 0.0119 0.0119 0.0119 0.0119 0.0119 0.0119 0.0119 0.0119 0.0119 0.0119 
TS20 0.006 0.006 0.006 0.006 0.006 0.006 0.006 0.006 0.006 0.006 0.006 0.006 0.006 0.006 0.006 0.006 0.006 0.006 0.006 0.006 0.006 0.006 0.006 0.006 0.006 0.006 0.006 0.006 0.006 0.006 0.006 0.006 
TS21 0.0119 0.0119 0.0119 0.0119 0.0119 0.0119 0.0119 0.0119 0.0119 0.0119 0.0119 0.0119 0.0119 0.0119 0.0119 0.0119 0.0119 0.0119 0.0119 0.0119 0.0119 0.0119 0.0119 0.0119 0.0119 0.0119 0.0119 0.0119 0.0119 0.0119 0.0119 0.0119 
TS22 0.008 0.008 0.008 0.008 0.008 0.008 0.008 0.008 0.008 0.008 0.008 0.008 0.008 0.008 0.008 0.008 0.008 0.008 0.008 0.008 0.008 0.008 0.008 0.008 0.008 0.008 0.008 0.008 0.008 0.008 0.008 0.008 
TS23 0.004 0.004 0.004 0.004 0.004 0.004 0.004 0.004 0.004 0.004 0.004 0.004 0.004 0.004 0.004 0.004 0.004 0.004 0.004 0.004 0.004 0.004 0.004 0.004 0.004 0.004 0.004 0.004 0.004 0.004 0.004 0.004 
TS24 0.006 0.006 0.006 0.006 0.006 0.006 0.006 0.006 0.006 0.006 0.006 0.006 0.006 0.006 0.006 0.006 0.006 0.006 0.006 0.006 0.006 0.006 0.006 0.006 0.006 0.006 0.006 0.006 0.006 0.006 0.006 0.006 
TS25 0.0597 0.0597 0.0597 0.0597 0.0597 0.0597 0.0597 0.0597 0.0597 0.0597 0.0597 0.0597 0.0597 0.0597 0.0597 0.0597 0.0597 0.0597 0.0597 0.0597 0.0597 0.0597 0.0597 0.0597 0.0597 0.0597 0.0597 0.0597 0.0597 0.0597 0.0597 0.0597 
TS26 0.0298 0.0298 0.0298 0.0298 0.0298 0.0298 0.0298 0.0298 0.0298 0.0298 0.0298 0.0298 0.0298 0.0298 0.0298 0.0298 0.0298 0.0298 0.0298 0.0298 0.0298 0.0298 0.0298 0.0298 0.0298 0.0298 0.0298 0.0298 0.0298 0.0298 0.0298 0.0298 
TS27 0.0597 0.0597 0.0597 0.0597 0.0597 0.0597 0.0597 0.0597 0.0597 0.0597 0.0597 0.0597 0.0597 0.0597 0.0597 0.0597 0.0597 0.0597 0.0597 0.0597 0.0597 0.0597 0.0597 0.0597 0.0597 0.0597 0.0597 0.0597 0.0597 0.0597 0.0597 0.0597 
TS28 0.0398 0.0398 0.0398 0.0398 0.0398 0.0398 0.0398 0.0398 0.0398 0.0398 0.0398 0.0398 0.0398 0.0398 0.0398 0.0398 0.0398 0.0398 0.0398 0.0398 0.0398 0.0398 0.0398 0.0398 0.0398 0.0398 0.0398 0.0398 0.0398 0.0398 0.0398 0.0398 
TS29 0.0199 0.0199 0.0199 0.0199 0.0199 0.0199 0.0199 0.0199 0.0199 0.0199 0.0199 0.0199 0.0199 0.0199 0.0199 0.0199 0.0199 0.0199 0.0199 0.0199 0.0199 0.0199 0.0199 0.0199 0.0199 0.0199 0.0199 0.0199 0.0199 0.0199 0.0199 0.0199 
TS30 0.0298 0.0298 0.0298 0.0298 0.0298 0.0298 0.0298 0.0298 0.0298 0.0298 0.0298 0.0298 0.0298 0.0298 0.0298 0.0298 0.0298 0.0298 0.0298 0.0298 0.0298 0.0298 0.0298 0.0298 0.0298 0.0298 0.0298 0.0298 0.0298 0.0298 0.0298 0.0298 
TS31 0.0239 0.0239 0.0239 0.0239 0.0239 0.0239 0.0239 0.0239 0.0239 0.0239 0.0239 0.0239 0.0239 0.0239 0.0239 0.0239 0.0239 0.0239 0.0239 0.0239 0.0239 0.0239 0.0239 0.0239 0.0239 0.0239 0.0239 0.0239 0.0239 0.0239 0.0239 0.0239 
TS32 0.0119 0.0119 0.0119 0.0119 0.0119 0.0119 0.0119 0.0119 0.0119 0.0119 0.0119 0.0119 0.0119 0.0119 0.0119 0.0119 0.0119 0.0119 0.0119 0.0119 0.0119 0.0119 0.0119 0.0119 0.0119 0.0119 0.0119 0.0119 0.0119 0.0119 0.0119 0.0119 
TS33 0.0239 0.0239 0.0239 0.0239 0.0239 0.0239 0.0239 0.0239 0.0239 0.0239 0.0239 0.0239 0.0239 0.0239 0.0239 0.0239 0.0239 0.0239 0.0239 0.0239 0.0239 0.0239 0.0239 0.0239 0.0239 0.0239 0.0239 0.0239 0.0239 0.0239 0.0239 0.0239 
TS34 0.0159 0.0159 0.0159 0.0159 0.0159 0.0159 0.0159 0.0159 0.0159 0.0159 0.0159 0.0159 0.0159 0.0159 0.0159 0.0159 0.0159 0.0159 0.0159 0.0159 0.0159 0.0159 0.0159 0.0159 0.0159 0.0159 0.0159 0.0159 0.0159 0.0159 0.0159 0.0159 
TS35 0.008 0.008 0.008 0.008 0.008 0.008 0.008 0.008 0.008 0.008 0.008 0.008 0.008 0.008 0.008 0.008 0.008 0.008 0.008 0.008 0.008 0.008 0.008 0.008 0.008 0.008 0.008 0.008 0.008 0.008 0.008 0.008 
TS36 0.0119 0.0119 0.0119 0.0119 0.0119 0.0119 0.0119 0.0119 0.0119 0.0119 0.0119 0.0119 0.0119 0.0119 0.0119 0.0119 0.0119 0.0119 0.0119 0.0119 0.0119 0.0119 0.0119 0.0119 0.0119 0.0119 0.0119 0.0119 0.0119 0.0119 0.0119 0.0119 
TS37 0.045 0.045 0.045 0.045 0.045 0.045 0.045 0.045 0.045 0.045 0.045 0.045 0.045 0.045 0.045 0.045 0.045 0.045 0.045 0.045 0.045 0.045 0.045 0.045 0.045 0.045 0.045 0.045 0.045 0.045 0.045 0.045 
TS38 0.0225 0.0225 0.0225 0.0225 0.0225 0.0225 0.0225 0.0225 0.0225 0.0225 0.0225 0.0225 0.0225 0.0225 0.0225 0.0225 0.0225 0.0225 0.0225 0.0225 0.0225 0.0225 0.0225 0.0225 0.0225 0.0225 0.0225 0.0225 0.0225 0.0225 0.0225 0.0225 
TS39 0.045 0.045 0.045 0.045 0.045 0.045 0.045 0.045 0.045 0.045 0.045 0.045 0.045 0.045 0.045 0.045 0.045 0.045 0.045 0.045 0.045 0.045 0.045 0.045 0.045 0.045 0.045 0.045 0.045 0.045 0.045 0.045 
TS40 0.03 0.03 0.03 0.03 0.03 0.03 0.03 0.03 0.03 0.03 0.03 0.03 0.03 0.03 0.03 0.03 0.03 0.03 0.03 0.03 0.03 0.03 0.03 0.03 0.03 0.03 0.03 0.03 0.03 0.03 0.03 0.03 
TS41 0.015 0.015 0.015 0.015 0.015 0.015 0.015 0.015 0.015 0.015 0.015 0.015 0.015 0.015 0.015 0.015 0.015 0.015 0.015 0.015 0.015 0.015 0.015 0.015 0.015 0.015 0.015 0.015 0.015 0.015 0.015 0.015 
TS42 0.0225 0.0225 0.0225 0.0225 0.0225 0.0225 0.0225 0.0225 0.0225 0.0225 0.0225 0.0225 0.0225 0.0225 0.0225 0.0225 0.0225 0.0225 0.0225 0.0225 0.0225 0.0225 0.0225 0.0225 0.0225 0.0225 0.0225 0.0225 0.0225 0.0225 0.0225 0.0225 
TS43 0.018 0.018 0.018 0.018 0.018 0.018 0.018 0.018 0.018 0.018 0.018 0.018 0.018 0.018 0.018 0.018 0.018 0.018 0.018 0.018 0.018 0.018 0.018 0.018 0.018 0.018 0.018 0.018 0.018 0.018 0.018 0.018 
TS44 0.009 0.009 0.009 0.009 0.009 0.009 0.009 0.009 0.009 0.009 0.009 0.009 0.009 0.009 0.009 0.009 0.009 0.009 0.009 0.009 0.009 0.009 0.009 0.009 0.009 0.009 0.009 0.009 0.009 0.009 0.009 0.009 
TS45 0.018 0.018 0.018 0.018 0.018 0.018 0.018 0.018 0.018 0.018 0.018 0.018 0.018 0.018 0.018 0.018 0.018 0.018 0.018 0.018 0.018 0.018 0.018 0.018 0.018 0.018 0.018 0.018 0.018 0.018 0.018 0.018 
TS46 0.012 0.012 0.012 0.012 0.012 0.012 0.012 0.012 0.012 0.012 0.012 0.012 0.012 0.012 0.012 0.012 0.012 0.012 0.012 0.012 0.012 0.012 0.012 0.012 0.012 0.012 0.012 0.012 0.012 0.012 0.012 0.012 
TS47 0.006 0.006 0.006 0.006 0.006 0.006 0.006 0.006 0.006 0.006 0.006 0.006 0.006 0.006 0.006 0.006 0.006 0.006 0.006 0.006 0.006 0.006 0.006 0.006 0.006 0.006 0.006 0.006 0.006 0.006 0.006 0.006 
TS48 0.009 0.009 0.009 0.009 0.009 0.009 0.009 0.009 0.009 0.009 0.009 0.009 0.009 0.009 0.009 0.009 0.009 0.009 0.009 0.009 0.009 0.009 0.009 0.009 0.009 0.009 0.009 0.009 0.009 0.009 0.009 0.009 
;

param DaySplit default 1.0 :
2019 2020 2021 2022 2023 2024 2025 2026 2027 2028 2029 2030 2031 2032 2033 2034 2035 2036 2037 2038 2039 2040 2041 2042 2043 2044 2045 2046 2047 2048 2049 2050 :=
1 1 1 1 1 1 1 1 1 1 1 1 1 1 1 1 1 1 1 1 1 1 1 1 1 1 1 1 1 1 1 1 1 
2 1 1 1 1 1 1 1 1 1 1 1 1 1 1 1 1 1 1 1 1 1 1 1 1 1 1 1 1 1 1 1 1 
3 1 1 1 1 1 1 1 1 1 1 1 1 1 1 1 1 1 1 1 1 1 1 1 1 1 1 1 1 1 1 1 1 
4 1 1 1 1 1 1 1 1 1 1 1 1 1 1 1 1 1 1 1 1 1 1 1 1 1 1 1 1 1 1 1 1 
5 1 1 1 1 1 1 1 1 1 1 1 1 1 1 1 1 1 1 1 1 1 1 1 1 1 1 1 1 1 1 1 1 
6 1 1 1 1 1 1 1 1 1 1 1 1 1 1 1 1 1 1 1 1 1 1 1 1 1 1 1 1 1 1 1 1 
;

param AvailabilityFactor default 1.0 :=
[RE1,*,*]:
2019 2020 2021 2022 2023 2024 2025 2026 2027 2028 2029 2030 2031 2032 2033 2034 2035 2036 2037 2038 2039 2040 2041 2042 2043 2044 2045 2046 2047 2048 2049 2050 :=
IMPELC001 0.93 0.93 0.93 0.93 0.93 0.93 0.93 0.93 0.93 0.93 0.93 0.93 0.93 0.93 0.93 0.93 0.93 0.93 0.93 0.93 0.93 0.93 0.93 0.93 0.93 0.93 0.93 0.93 0.93 0.93 0.93 0.93 
IMPELC002 0.93 0.93 0.93 0.93 0.93 0.93 0.93 0.93 0.93 0.93 0.93 0.93 0.93 0.93 0.93 0.93 0.93 0.93 0.93 0.93 0.93 0.93 0.93 0.93 0.93 0.93 0.93 0.93 0.93 0.93 0.93 0.93 
PWRCOA001 0.8731 0.8731 0.8731 0.8731 0.8731 0.8731 0.8731 0.8731 0.8731 0.8731 0.8731 0.8731 0.8731 0.8731 0.8731 0.8731 0.8731 0.8731 0.8731 0.8731 0.8731 0.8731 0.8731 0.8731 0.8731 0.8731 0.8731 0.8731 0.8731 0.8731 0.8731 0.8731 
PWRGEO001 0.9455 0.9455 0.9455 0.9455 0.9455 0.9455 0.9455 0.9455 0.9455 0.9455 0.9455 0.9455 0.9455 0.9455 0.9455 0.9455 0.9455 0.9455 0.9455 0.9455 0.9455 0.9455 0.9455 0.9455 0.9455 0.9455 0.9455 0.9455 0.9455 0.9455 0.9455 0.9455 
PWRGEO002 0.9455 0.9455 0.9455 0.9455 0.9455 0.9455 0.9455 0.9455 0.9455 0.9455 0.9455 0.9455 0.9455 0.9455 0.9455 0.9455 0.9455 0.9455 0.9455 0.9455 0.9455 0.9455 0.9455 0.9455 0.9455 0.9455 0.9455 0.9455 0.9455 0.9455 0.9455 0.9455 
PWRGEO003 0.9455 0.9455 0.9455 0.9455 0.9455 0.9455 0.9455 0.9455 0.9455 0.9455 0.9455 0.9455 0.9455 0.9455 0.9455 0.9455 0.9455 0.9455 0.9455 0.9455 0.9455 0.9455 0.9455 0.9455 0.9455 0.9455 0.9455 0.9455 0.9455 0.9455 0.9455 0.9455 
PWRGEO004 0.9455 0.9455 0.9455 0.9455 0.9455 0.9455 0.9455 0.9455 0.9455 0.9455 0.9455 0.9455 0.9455 0.9455 0.9455 0.9455 0.9455 0.9455 0.9455 0.9455 0.9455 0.9455 0.9455 0.9455 0.9455 0.9455 0.9455 0.9455 0.9455 0.9455 0.9455 0.9455 
PWRGEO005 0.9455 0.9455 0.9455 0.9455 0.9455 0.9455 0.9455 0.9455 0.9455 0.9455 0.9455 0.9455 0.9455 0.9455 0.9455 0.9455 0.9455 0.9455 0.9455 0.9455 0.9455 0.9455 0.9455 0.9455 0.9455 0.9455 0.9455 0.9455 0.9455 0.9455 0.9455 0.9455 
PWRGEO006 0.9455 0.9455 0.9455 0.9455 0.9455 0.9455 0.9455 0.9455 0.9455 0.9455 0.9455 0.9455 0.9455 0.9455 0.9455 0.9455 0.9455 0.9455 0.9455 0.9455 0.9455 0.9455 0.9455 0.9455 0.9455 0.9455 0.9455 0.9455 0.9455 0.9455 0.9455 0.9455 
PWRGEO007 0.9455 0.9455 0.9455 0.9455 0.9455 0.9455 0.9455 0.9455 0.9455 0.9455 0.9455 0.9455 0.9455 0.9455 0.9455 0.9455 0.9455 0.9455 0.9455 0.9455 0.9455 0.9455 0.9455 0.9455 0.9455 0.9455 0.9455 0.9455 0.9455 0.9455 0.9455 0.9455 
PWRHFO001 0.8823 0.8823 0.8823 0.8823 0.8823 0.8823 0.8823 0.8823 0.8823 0.8823 0.8823 0.8823 0.8823 0.8823 0.8823 0.8823 0.8823 0.8823 0.8823 0.8823 0.8823 0.8823 0.8823 0.8823 0.8823 0.8823 0.8823 0.8823 0.8823 0.8823 0.8823 0.8823 
PWRHYD001 0.9223 0.9223 0.9223 0.9223 0.9223 0.9223 0.9223 0.9223 0.9223 0.9223 0.9223 0.9223 0.9223 0.9223 0.9223 0.9223 0.9223 0.9223 0.9223 0.9223 0.9223 0.9223 0.9223 0.9223 0.9223 0.9223 0.9223 0.9223 0.9223 0.9223 0.9223 0.9223 
PWRHYD002 0.9223 0.9223 0.9223 0.9223 0.9223 0.9223 0.9223 0.9223 0.9223 0.9223 0.9223 0.9223 0.9223 0.9223 0.9223 0.9223 0.9223 0.9223 0.9223 0.9223 0.9223 0.9223 0.9223 0.9223 0.9223 0.9223 0.9223 0.9223 0.9223 0.9223 0.9223 0.9223 
PWRHYD003 0.9223 0.9223 0.9223 0.9223 0.9223 0.9223 0.9223 0.9223 0.9223 0.9223 0.9223 0.9223 0.9223 0.9223 0.9223 0.9223 0.9223 0.9223 0.9223 0.9223 0.9223 0.9223 0.9223 0.9223 0.9223 0.9223 0.9223 0.9223 0.9223 0.9223 0.9223 0.9223 
PWRHYD004 0.9223 0.9223 0.9223 0.9223 0.9223 0.9223 0.9223 0.9223 0.9223 0.9223 0.9223 0.9223 0.9223 0.9223 0.9223 0.9223 0.9223 0.9223 0.9223 0.9223 0.9223 0.9223 0.9223 0.9223 0.9223 0.9223 0.9223 0.9223 0.9223 0.9223 0.9223 0.9223 
PWRHYD005 0.9223 0.9223 0.9223 0.9223 0.9223 0.9223 0.9223 0.9223 0.9223 0.9223 0.9223 0.9223 0.9223 0.9223 0.9223 0.9223 0.9223 0.9223 0.9223 0.9223 0.9223 0.9223 0.9223 0.9223 0.9223 0.9223 0.9223 0.9223 0.9223 0.9223 0.9223 0.9223 
PWRLFO001 0.8881 0.8881 0.8881 0.8881 0.8881 0.8881 0.8881 0.8881 0.8881 0.8881 0.8881 0.8881 0.8881 0.8881 0.8881 0.8881 0.8881 0.8881 0.8881 0.8881 0.8881 0.8881 0.8881 0.8881 0.8881 0.8881 0.8881 0.8881 0.8881 0.8881 0.8881 0.8881 
PWRNGS001 0.9315 0.9315 0.9315 0.9315 0.9315 0.9315 0.9315 0.9315 0.9315 0.9315 0.9315 0.9315 0.9315 0.9315 0.9315 0.9315 0.9315 0.9315 0.9315 0.9315 0.9315 0.9315 0.9315 0.9315 0.9315 0.9315 0.9315 0.9315 0.9315 0.9315 0.9315 0.9315 
PWRPHS001 0.9235 0.9235 0.9235 0.9235 0.9235 0.9235 0.9235 0.9235 0.9235 0.9235 0.9235 0.9235 0.9235 0.9235 0.9235 0.9235 0.9235 0.9235 0.9235 0.9235 0.9235 0.9235 0.9235 0.9235 0.9235 0.9235 0.9235 0.9235 0.9235 0.9235 0.9235 0.9235 
PWRPHS002 0.9235 0.9235 0.9235 0.9235 0.9235 0.9235 0.9235 0.9235 0.9235 0.9235 0.9235 0.9235 0.9235 0.9235 0.9235 0.9235 0.9235 0.9235 0.9235 0.9235 0.9235 0.9235 0.9235 0.9235 0.9235 0.9235 0.9235 0.9235 0.9235 0.9235 0.9235 0.9235 
PWRURN001 0.9612 0.9612 0.9612 0.9612 0.9612 0.9612 0.9612 0.9612 0.9612 0.9612 0.9612 0.9612 0.9612 0.9612 0.9612 0.9612 0.9612 0.9612 0.9612 0.9612 0.9612 0.9612 0.9612 0.9612 0.9612 0.9612 0.9612 0.9612 0.9612 0.9612 0.9612 0.9612 
;

param CapitalCost default 0.0 :=
[RE1,*,*]:
2019 2020 2021 2022 2023 2024 2025 2026 2027 2028 2029 2030 2031 2032 2033 2034 2035 2036 2037 2038 2039 2040 2041 2042 2043 2044 2045 2046 2047 2048 2049 2050 :=
BACKSTOP 99999.0 99999.0 99999.0 99999.0 99999.0 99999.0 99999.0 99999.0 99999.0 99999.0 99999.0 99999.0 99999.0 99999.0 99999.0 99999.0 99999.0 99999.0 99999.0 99999.0 99999.0 99999.0 99999.0 99999.0 99999.0 99999.0 99999.0 99999.0 99999.0 99999.0 99999.0 99999.0 
BESS_TECH 1483.0 1449.6 1416.9 1385.0 1353.8 1323.3 1293.5 1252.7104291011 1212.7618802827 1173.6543535446 1135.5280192336 1098.242707003 1061.7984168529 1026.1951487831 991.4329027937 957.3715085379 924.1511363625 891.6316159208 859.8129472128 828.6951302384 798.2781649977 768.7022218373 739.6869600639 711.2323796774 683.6188213713 656.4257741054 629.9335785732 604.0020644278 578.7714020162 553.9612506447 529.8519510069 506.1631624093 
IMPNGS 20.0 20.0 20.0 20.0 20.0 20.0 20.2374721389 20.4749442778 20.7124164167 20.9498885556 21.1873606944 21.4248328333 21.6623049722 21.8997771111 22.13724925 22.3747213889 22.6121935278 22.8496656667 23.0871378055 23.3246099444 23.5620820833 23.7995542222 24.0370263611 24.2744985 24.5119706389 24.7494427778 24.9869149166 25.2243870555 25.4618591944 25.6993313333 25.9368034722 26.1742756111 
PWRBIO001 2500.0 2500.0 2500.0 2500.0 2500.0 2500.0 2501.7520659431 2503.5041318863 2505.2561978294 2507.0082637726 2508.7603297157 2510.5123956589 2512.264461602 2514.0165275452 2515.7685934883 2517.5206594314 2519.2727253746 2521.0247913177 2522.7768572609 2524.528923204 2526.2809891472 2528.0330550903 2529.7851210335 2531.5371869766 2533.2892529197 2535.0413188629 2536.793384806 2538.5454507492 2540.2975166923 2542.0495826355 2543.8016485786 2545.5537145218 
PWRCOA001 2479.2 2479.2 2479.2 2479.2 2479.2 2479.2 2479.2 2479.2 2479.2 2479.2 2479.2 2479.2 2479.2 2479.2 2479.2 2479.2 2479.2 2479.2 2479.2 2479.2 2479.2 2479.2 2479.2 2479.2 2479.2 2479.2 2479.2 2479.2 2479.2 2479.2 2479.2 2479.2 
PWRDIST 2502.0 2502.0 2502.0 2502.0 2502.0 2502.0 2502.0 2502.0 2502.0 2502.0 2502.0 2502.0 2502.0 2502.0 2502.0 2502.0 2502.0 2502.0 2502.0 2502.0 2502.0 2502.0 2502.0 2502.0 2502.0 2502.0 2502.0 2502.0 2502.0 2502.0 2502.0 2502.0 
PWRGEO001 3329.22 3329.22 3329.22 3329.22 3329.22 3329.22 3329.22 3329.22 3329.22 3329.22 3329.22 3329.22 3329.22 3329.22 3329.22 3329.22 3329.22 3329.22 3329.22 3329.22 3329.22 3329.22 3329.22 3329.22 3329.22 3329.22 3329.22 3329.22 3329.22 3329.22 3329.22 3329.22 
PWRGEO002 3476.57 3476.57 3476.57 3476.57 3476.57 3476.57 3476.57 3476.57 3476.57 3476.57 3476.57 3476.57 3476.57 3476.57 3476.57 3476.57 3476.57 3476.57 3476.57 3476.57 3476.57 3476.57 3476.57 3476.57 3476.57 3476.57 3476.57 3476.57 3476.57 3476.57 3476.57 3476.57 
PWRGEO003 3439.33 3439.33 3439.33 3439.33 3439.33 3439.33 3439.33 3439.33 3439.33 3439.33 3439.33 3439.33 3439.33 3439.33 3439.33 3439.33 3439.33 3439.33 3439.33 3439.33 3439.33 3439.33 3439.33 3439.33 3439.33 3439.33 3439.33 3439.33 3439.33 3439.33 3439.33 3439.33 
PWRGEO004 3439.0 3439.0 3439.0 3439.0 3439.0 3439.0 3439.0 3439.0 3439.0 3439.0 3439.0 3439.0 3439.0 3439.0 3439.0 3439.0 3439.0 3439.0 3439.0 3439.0 3439.0 3439.0 3439.0 3439.0 3439.0 3439.0 3439.0 3439.0 3439.0 3439.0 3439.0 3439.0 
PWRGEO005 3595.0 3595.0 3595.0 3595.0 3595.0 3595.0 3595.0 3595.0 3595.0 3595.0 3595.0 3595.0 3595.0 3595.0 3595.0 3595.0 3595.0 3595.0 3595.0 3595.0 3595.0 3595.0 3595.0 3595.0 3595.0 3595.0 3595.0 3595.0 3595.0 3595.0 3595.0 3595.0 
PWRGEO006 3801.41 3801.41 3801.41 3801.41 3801.41 3801.41 3786.0981988441 3770.7863976882 3755.4745965323 3740.1627953764 3724.8509942206 3709.5391930647 3694.2273919088 3678.9155907529 3663.603789597 3648.2919884411 3632.9801872852 3617.6683861293 3602.3565849734 3587.0447838175 3571.7329826617 3556.4211815058 3541.1093803499 3525.797579194 3510.4857780381 3495.1739768822 3479.8621757263 3464.5503745704 3449.2385734145 3433.9267722587 3418.6149711028 3403.3031699469 
PWRGEO007 3801.41 3801.41 3801.41 3801.41 3801.41 3801.41 3801.41 3801.41 3801.41 3801.41 3801.41 3801.41 3801.41 3801.41 3801.41 3801.41 3801.41 3801.41 3801.41 3801.41 3801.41 3801.41 3801.41 3801.41 3801.41 3801.41 3801.41 3801.41 3801.41 3801.41 3801.41 3801.41 
PWRHFO001 1603.57 1603.57 1603.57 1603.57 1603.57 1603.57 1603.57 1603.57 1603.57 1603.57 1603.57 1603.57 1603.57 1603.57 1603.57 1603.57 1603.57 1603.57 1603.57 1603.57 1603.57 1603.57 1603.57 1603.57 1603.57 1603.57 1603.57 1603.57 1603.57 1603.57 1603.57 1603.57 
PWRHYD001 3430.0 3430.0 3430.0 3430.0 3430.0 3430.0 3425.6857431859 3421.3714863718 3417.0572295577 3412.7429727436 3408.4287159295 3404.1144591155 3399.8002023014 3395.4859454873 3391.1716886732 3386.8574318591 3382.543175045 3378.2289182309 3373.9146614168 3369.6004046027 3365.2861477886 3360.9718909746 3356.6576341605 3352.3433773464 3348.0291205323 3343.7148637182 3339.4006069041 3335.08635009 3330.7720932759 3326.4578364618 3322.1435796477 3317.8293228337 
PWRHYD002 3466.73 3466.73 3466.73 3466.73 3466.73 3466.73 3462.3695441618 3458.0090883236 3453.6486324853 3449.2881766471 3444.9277208089 3440.5672649707 3436.2068091324 3431.8463532942 3427.485897456 3423.1254416178 3418.7649857795 3414.4045299413 3410.0440741031 3405.6836182649 3401.3231624266 3396.9627065884 3392.6022507502 3388.241794912 3383.8813390737 3379.5208832355 3375.1604273973 3370.7999715591 3366.4395157208 3362.0790598826 3357.7186040444 3353.3581482062 
PWRHYD003 3430.48 3430.48 3430.48 3430.48 3430.48 3430.48 3426.1651394415 3421.850278883 3417.5354183245 3413.2205577661 3408.9056972076 3404.5908366491 3400.2759760906 3395.9611155321 3391.6462549736 3387.3313944152 3383.0165338567 3378.7016732982 3374.3868127397 3370.0719521812 3365.7570916227 3361.4422310643 3357.1273705058 3352.8125099473 3348.4976493888 3344.1827888303 3339.8679282718 3335.5530677134 3331.2382071549 3326.9233465964 3322.6084860379 3318.2936254794 
PWRHYD004 3223.225 3223.225 3223.225 3223.225 3223.225 3223.225 3219.1708249506 3215.1166499011 3211.0624748517 3207.0082998022 3202.9541247528 3198.8999497033 3194.8457746539 3190.7915996044 3186.737424555 3182.6832495056 3178.6290744561 3174.5748994067 3170.5207243572 3166.4665493078 3162.4123742583 3158.3581992089 3154.3040241594 3150.24984911 3146.1956740605 3142.1414990111 3138.0873239617 3134.0331489122 3129.9789738628 3125.9247988133 3121.8706237639 3117.8164487144 
PWRHYD005 3484.26 3484.26 3484.26 3484.26 3484.26 3484.26 3479.8774949134 3475.4949898268 3471.1124847402 3466.7299796536 3462.347474567 3457.9649694804 3453.5824643938 3449.1999593071 3444.8174542205 3440.4349491339 3436.0524440473 3431.6699389607 3427.2874338741 3422.9049287875 3418.5224237009 3414.1399186143 3409.7574135277 3405.3749084411 3400.9924033545 3396.6098982679 3392.2273931813 3387.8448880947 3383.462383008 3379.0798779214 3374.6973728348 3370.3148677482 
PWRLFO001 1240.74 1240.74 1240.74 1240.74 1240.74 1240.74 1240.74 1240.74 1240.74 1240.74 1240.74 1240.74 1240.74 1240.74 1240.74 1240.74 1240.74 1240.74 1240.74 1240.74 1240.74 1240.74 1240.74 1240.74 1240.74 1240.74 1240.74 1240.74 1240.74 1240.74 1240.74 1240.74 
PWRNGS001 857.14 857.14 857.14 857.14 857.14 857.14 855.7539750323 854.3679500646 852.9819250969 851.5959001292 850.2098751615 848.8238501938 847.4378252261 846.0518002584 844.6657752907 843.279750323 841.8937253553 840.5077003876 839.1216754199 837.7356504522 836.3496254845 834.9636005168 833.5775755491 832.1915505814 830.8055256137 829.419500646 828.0334756783 826.6474507106 825.2614257429 823.8754007752 822.4893758075 821.1033508398 
PWRPHS001 1129.0 1129.0 1129.0 1129.0 1129.0 1129.0 1129.0027904805 1129.005580961 1129.0083714414 1129.0111619219 1129.0139524024 1129.0167428829 1129.0195333634 1129.0223238439 1129.0251143243 1129.0279048048 1129.0306952853 1129.0334857658 1129.0362762463 1129.0390667268 1129.0418572072 1129.0446476877 1129.0474381682 1129.0502286487 1129.0530191292 1129.0558096097 1129.0586000901 1129.0613905706 1129.0641810511 1129.0669715316 1129.0697620121 1129.0725524925 
PWRPHS002 1129.0 1129.0 1129.0 1129.0 1129.0 1129.0 1129.0027904805 1129.005580961 1129.0083714414 1129.0111619219 1129.0139524024 1129.0167428829 1129.0195333634 1129.0223238439 1129.0251143243 1129.0279048048 1129.0306952853 1129.0334857658 1129.0362762463 1129.0390667268 1129.0418572072 1129.0446476877 1129.0474381682 1129.0502286487 1129.0530191292 1129.0558096097 1129.0586000901 1129.0613905706 1129.0641810511 1129.0669715316 1129.0697620121 1129.0725524925 
PWRSOL001 1224.4 1199.3 1174.8 1150.8 1127.3 1104.2 1084.2969205446 1086.9938410892 1089.6907616337 1092.3876821783 1095.0846027229 1097.7815232675 1100.478443812 1103.1753643566 1105.8722849012 1108.5692054458 1111.2661259904 1113.9630465349 1116.6599670795 1119.3568876241 1122.0538081687 1124.7507287132 1127.4476492578 1130.1445698024 1132.841490347 1135.5384108916 1138.2353314361 1140.9322519807 1143.6291725253 1146.3260930699 1149.0230136144 1151.719934159 
PWRSOL002 1224.4 1199.3 1174.8 1150.8 1127.3 1104.2 1084.2969205446 1086.9938410892 1089.6907616337 1092.3876821783 1095.0846027229 1097.7815232675 1100.478443812 1103.1753643566 1105.8722849012 1108.5692054458 1111.2661259904 1113.9630465349 1116.6599670795 1119.3568876241 1122.0538081687 1124.7507287132 1127.4476492578 1130.1445698024 1132.841490347 1135.5384108916 1138.2353314361 1140.9322519807 1143.6291725253 1146.3260930699 1149.0230136144 1151.719934159 
PWRTRN 365.0 365.0 365.0 365.0 365.0 365.0 365.0 365.0 365.0 365.0 365.0 365.0 365.0 365.0 365.0 365.0 365.0 365.0 365.0 365.0 365.0 365.0 365.0 365.0 365.0 365.0 365.0 365.0 365.0 365.0 365.0 365.0 
PWRURN001 5000.0 5000.0 5000.0 5000.0 5000.0 5000.0 5004.3904344365 5008.7808688731 5013.1713033096 5017.5617377461 5021.9521721827 5026.3426066192 5030.7330410557 5035.1234754923 5039.5139099288 5043.9043443653 5048.2947788019 5052.6852132384 5057.0756476749 5061.4660821115 5065.856516548 5070.2469509845 5074.6373854211 5079.0278198576 5083.4182542941 5087.8086887307 5092.1991231672 5096.5895576037 5100.9799920403 5105.3704264768 5109.7608609133 5114.1512953499 
PWRWND001 1583.3 1578.8 1574.4 1570.0 1565.5 1561.1 1576.162947975 1595.6258959499 1615.0888439249 1634.5517918999 1654.0147398749 1673.4776878498 1692.9406358248 1712.4035837998 1731.8665317748 1751.3294797497 1770.7924277247 1790.2553756997 1809.7183236746 1829.1812716496 1848.6442196246 1868.1071675996 1887.5701155745 1907.0330635495 1926.4960115245 1945.9589594994 1965.4219074744 1984.8848554494 2004.3478034244 2023.8107513993 2043.2736993743 2062.7366473493 
PWRWND002 1743.2 1738.2 1733.4 1728.6 1723.6 1718.8 1735.4296221681 1756.8592443362 1778.2888665043 1799.7184886725 1821.1481108406 1842.5777330087 1864.0073551768 1885.4369773449 1906.866599513 1928.2962216811 1949.7258438493 1971.1554660174 1992.5850881855 2014.0147103536 2035.4443325217 2056.8739546898 2078.3035768579 2099.733199026 2121.1628211942 2142.5924433623 2164.0220655304 2185.4516876985 2206.8813098666 2228.3109320347 2249.7405542028 2271.170176371 
PWRWND003 1623.1 1618.5 1614.0 1609.5 1604.9 1600.4 1615.8530536862 1635.8061073723 1655.7591610585 1675.7122147447 1695.6652684308 1715.618322117 1735.5713758032 1755.5244294893 1775.4774831755 1795.4305368617 1815.3835905479 1835.336644234 1855.2896979202 1875.2427516064 1895.1958052925 1915.1488589787 1935.1019126649 1955.054966351 1975.0080200372 1994.9610737234 2014.9141274095 2034.8671810957 2054.8202347819 2074.773288468 2094.7263421542 2114.6793958404 
PWRWND004 1583.4 1578.9 1574.5 1570.1 1565.6 1561.2 1576.2641982446 1595.7283964893 1615.1925947339 1634.6567929786 1654.1209912232 1673.5851894679 1693.0493877125 1712.5135859572 1731.9777842018 1751.4419824464 1770.9061806911 1790.3703789357 1809.8345771804 1829.298775425 1848.7629736697 1868.2271719143 1887.6913701589 1907.1555684036 1926.6197666482 1946.0839648929 1965.5481631375 1985.0123613822 2004.4765596268 2023.9407578715 2043.4049561161 2062.8691543607 
PWRWND005 1659.0 1654.3 1649.7 1645.1 1640.4 1635.8 1651.5943988802 1671.9887977604 1692.3831966405 1712.7775955207 1733.1719944009 1753.5663932811 1773.9607921613 1794.3551910414 1814.7495899216 1835.1439888018 1855.538387682 1875.9327865622 1896.3271854423 1916.7215843225 1937.1159832027 1957.5103820829 1977.904780963 1998.2991798432 2018.6935787234 2039.0879776036 2059.4823764838 2079.8767753639 2100.2711742441 2120.6655731243 2141.0599720045 2161.4543708847 
PWRWND006 1556.5 1552.1 1547.8 1543.4 1539.0 1534.7 1549.5341270514 1568.6682541028 1587.8023811542 1606.9365082056 1626.0706352569 1645.2047623083 1664.3388893597 1683.4730164111 1702.6071434625 1721.7412705139 1740.8753975653 1760.0095246167 1779.1436516681 1798.2777787195 1817.4119057708 1836.5460328222 1855.6801598736 1874.814286925 1893.9484139764 1913.0825410278 1932.2166680792 1951.3507951306 1970.484922182 1989.6190492333 2008.7531762847 2027.8873033361 
PWRWND007 1789.7 1784.6 1779.7 1774.7 1769.6 1764.6 1781.700995408 1803.7019908159 1825.7029862239 1847.7039816318 1869.7049770398 1891.7059724477 1913.7069678557 1935.7079632636 1957.7089586716 1979.7099540795 2001.7109494875 2023.7119448954 2045.7129403034 2067.7139357113 2089.7149311193 2111.7159265272 2133.7169219352 2155.7179173431 2177.7189127511 2199.719908159 2221.720903567 2243.7218989749 2265.7228943829 2287.7238897908 2309.7248851988 2331.7258806068 
PWRWND008 1922.4 1916.9 1911.6 1906.3 1900.8 1895.5 1913.8325973292 1937.4651946583 1961.0977919875 1984.7303893166 2008.3629866458 2031.9955839749 2055.6281813041 2079.2607786332 2102.8933759624 2126.5259732915 2150.1585706207 2173.7911679498 2197.423765279 2221.0563626081 2244.6889599373 2268.3215572665 2291.9541545956 2315.5867519248 2339.2193492539 2362.8519465831 2386.4845439122 2410.1171412414 2433.7497385705 2457.3823358997 2481.0149332288 2504.647530558 
PWRWND009 1700.6 1695.8 1691.1 1686.3 1681.5 1676.8 1693.0057591758 1713.9115183516 1734.8172775274 1755.7230367032 1776.6287958789 1797.5345550547 1818.4403142305 1839.3460734063 1860.2518325821 1881.1575917579 1902.0633509337 1922.9691101095 1943.8748692853 1964.7806284611 1985.6863876368 2006.5921468126 2027.4979059884 2048.4036651642 2069.30942434 2090.2151835158 2111.1209426916 2132.0267018674 2152.9324610432 2173.8382202189 2194.7439793947 2215.6497385705 
PWRWND010 1672.8 1668.0 1663.4 1658.8 1654.0 1649.4 1665.2631852858 1685.8263705716 1706.3895558575 1726.9527411433 1747.5159264291 1768.0791117149 1788.6422970007 1809.2054822866 1829.7686675724 1850.3318528582 1870.895038144 1891.4582234298 1912.0214087157 1932.5845940015 1953.1477792873 1973.7109645731 1994.274149859 2014.8373351448 2035.4005204306 2055.9637057164 2076.5268910022 2097.0900762881 2117.6532615739 2138.2164468597 2158.7796321455 2179.3428174313 
PWRWND011 1810.85 1804.82 1798.8 1792.81 1786.84 1780.88 1797.1416615328 1819.3333230657 1841.5249845985 1863.7166461314 1885.9083076642 1908.0999691971 1930.2916307299 1952.4832922627 1974.6749537956 1996.8666153284 2019.0582768613 2041.2499383941 2063.441599927 2085.6332614598 2107.8249229927 2130.0165845255 2152.2082460583 2174.3999075912 2196.591569124 2218.7832306569 2240.9748921897 2263.1665537226 2285.3582152554 2307.5498767882 2329.7415383211 2351.9331998539 
;

param FixedCost default 0.0 :=
[RE1,*,*]:
2019 2020 2021 2022 2023 2024 2025 2026 2027 2028 2029 2030 2031 2032 2033 2034 2035 2036 2037 2038 2039 2040 2041 2042 2043 2044 2045 2046 2047 2048 2049 2050 :=
BACKSTOP 999.0 999.0 999.0 999.0 999.0 999.0 999.0 999.0 999.0 999.0 999.0 999.0 999.0 999.0 999.0 999.0 999.0 999.0 999.0 999.0 999.0 999.0 999.0 999.0 999.0 999.0 999.0 999.0 999.0 999.0 999.0 999.0 
BESS_TECH 37.1 36.2 35.4 34.6 33.8 33.1 32.3 31.6 30.9 30.2 29.5 28.9 28.2 27.6 26.9 26.3 25.7 25.2 24.6 24.0 23.5 23.0 22.5 22.0 21.5 21.0 20.5 20.0 19.6 19.1 18.7 18.3 
PWRBIO001 75.0 75.0 75.0 75.0 75.0 75.0 75.0 75.0 75.0 75.0 75.0 75.0 75.0 75.0 75.0 75.0 75.0 75.0 75.0 75.0 75.0 75.0 75.0 75.0 75.0 75.0 75.0 75.0 75.0 75.0 75.0 75.0 
PWRCOA001 66.0 66.0 66.0 66.0 66.0 66.0 66.0 66.0 66.0 66.0 66.0 66.0 66.0 66.0 66.0 66.0 66.0 66.0 66.0 66.0 66.0 66.0 66.0 66.0 66.0 66.0 66.0 66.0 66.0 66.0 66.0 66.0 
PWRGEO001 150.0 150.0 150.0 150.0 150.0 150.0 150.0 150.0 150.0 150.0 150.0 150.0 150.0 150.0 150.0 150.0 150.0 150.0 150.0 150.0 150.0 150.0 150.0 150.0 150.0 150.0 150.0 150.0 150.0 150.0 150.0 150.0 
PWRGEO002 150.0 150.0 150.0 150.0 150.0 150.0 150.0 150.0 150.0 150.0 150.0 150.0 150.0 150.0 150.0 150.0 150.0 150.0 150.0 150.0 150.0 150.0 150.0 150.0 150.0 150.0 150.0 150.0 150.0 150.0 150.0 150.0 
PWRGEO003 150.0 150.0 150.0 150.0 150.0 150.0 150.0 150.0 150.0 150.0 150.0 150.0 150.0 150.0 150.0 150.0 150.0 150.0 150.0 150.0 150.0 150.0 150.0 150.0 150.0 150.0 150.0 150.0 150.0 150.0 150.0 150.0 
PWRGEO004 150.0 150.0 150.0 150.0 150.0 150.0 150.0 150.0 150.0 150.0 150.0 150.0 150.0 150.0 150.0 150.0 150.0 150.0 150.0 150.0 150.0 150.0 150.0 150.0 150.0 150.0 150.0 150.0 150.0 150.0 150.0 150.0 
PWRGEO005 150.0 150.0 150.0 150.0 150.0 150.0 150.0 150.0 150.0 150.0 150.0 150.0 150.0 150.0 150.0 150.0 150.0 150.0 150.0 150.0 150.0 150.0 150.0 150.0 150.0 150.0 150.0 150.0 150.0 150.0 150.0 150.0 
PWRGEO006 150.0 150.0 150.0 150.0 150.0 150.0 150.0 150.0 150.0 150.0 150.0 150.0 150.0 150.0 150.0 150.0 150.0 150.0 150.0 150.0 150.0 150.0 150.0 150.0 150.0 150.0 150.0 150.0 150.0 150.0 150.0 150.0 
PWRGEO007 150.0 150.0 150.0 150.0 150.0 150.0 150.0 150.0 150.0 150.0 150.0 150.0 150.0 150.0 150.0 150.0 150.0 150.0 150.0 150.0 150.0 150.0 150.0 150.0 150.0 150.0 150.0 150.0 150.0 150.0 150.0 150.0 
PWRHFO001 31.5 31.5 31.5 31.5 31.5 31.5 31.5 31.5 31.5 31.5 31.5 31.5 31.5 31.5 31.5 31.5 31.5 31.5 31.5 31.5 31.5 31.5 31.5 31.5 31.5 31.5 31.5 31.5 31.5 31.5 31.5 31.5 
PWRHYD001 25.0 25.0 25.0 25.0 25.0 25.0 25.0 25.0 25.0 25.0 25.0 25.0 25.0 25.0 25.0 25.0 25.0 25.0 25.0 25.0 25.0 25.0 25.0 25.0 25.0 25.0 25.0 25.0 25.0 25.0 25.0 25.0 
PWRHYD002 25.0 25.0 25.0 25.0 25.0 25.0 25.0 25.0 25.0 25.0 25.0 25.0 25.0 25.0 25.0 25.0 25.0 25.0 25.0 25.0 25.0 25.0 25.0 25.0 25.0 25.0 25.0 25.0 25.0 25.0 25.0 25.0 
PWRHYD003 25.0 25.0 25.0 25.0 25.0 25.0 25.0 25.0 25.0 25.0 25.0 25.0 25.0 25.0 25.0 25.0 25.0 25.0 25.0 25.0 25.0 25.0 25.0 25.0 25.0 25.0 25.0 25.0 25.0 25.0 25.0 25.0 
PWRHYD004 25.0 25.0 25.0 25.0 25.0 25.0 25.0 25.0 25.0 25.0 25.0 25.0 25.0 25.0 25.0 25.0 25.0 25.0 25.0 25.0 25.0 25.0 25.0 25.0 25.0 25.0 25.0 25.0 25.0 25.0 25.0 25.0 
PWRHYD005 25.0 25.0 25.0 25.0 25.0 25.0 25.0 25.0 25.0 25.0 25.0 25.0 25.0 25.0 25.0 25.0 25.0 25.0 25.0 25.0 25.0 25.0 25.0 25.0 25.0 25.0 25.0 25.0 25.0 25.0 25.0 25.0 
PWRLFO001 20.9 20.9 20.9 20.9 20.9 20.9 20.9 20.9 20.9 20.9 20.9 20.9 20.9 20.9 20.9 20.9 20.9 20.9 20.9 20.9 20.9 20.9 20.9 20.9 20.9 20.9 20.9 20.9 20.9 20.9 20.9 20.9 
PWRNGS001 30.8 30.8 30.8 30.8 30.8 30.8 30.8 30.8 30.8 30.8 30.8 30.8 30.8 30.8 30.8 30.8 30.8 30.8 30.8 30.8 30.8 30.8 30.8 30.8 30.8 30.8 30.8 30.8 30.8 30.8 30.8 30.8 
PWRPHS001 14.86 14.86 14.86 14.86 14.86 14.86 14.86 14.86 14.86 14.86 14.86 14.86 14.86 14.86 14.86 14.86 14.86 14.86 14.86 14.86 14.86 14.86 14.86 14.86 14.86 14.86 14.86 14.86 14.86 14.86 14.86 14.86 
PWRPHS002 14.86 14.86 14.86 14.86 14.86 14.86 14.86 14.86 14.86 14.86 14.86 14.86 14.86 14.86 14.86 14.86 14.86 14.86 14.86 14.86 14.86 14.86 14.86 14.86 14.86 14.86 14.86 14.86 14.86 14.86 14.86 14.86 
PWRSOL001 26.4 25.7 25.03 24.37 23.73 23.1 22.49 21.9 21.32 20.76 20.22 19.68 19.17 18.66 18.17 17.69 17.22 16.77 16.33 15.9 15.48 15.07 15.07 15.07 15.07 15.07 15.07 15.07 15.07 15.07 15.07 15.07 
PWRSOL002 26.4 25.7 25.03 24.37 23.73 23.1 22.49 21.9 21.32 20.76 20.22 19.68 19.17 18.66 18.17 17.69 17.22 16.77 16.33 15.9 15.48 15.07 15.07 15.07 15.07 15.07 15.07 15.07 15.07 15.07 15.07 15.07 
PWRURN001 7.5 7.5 7.5 7.5 7.5 7.5 7.5 7.5 7.5 7.5 7.5 7.5 7.5 7.5 7.5 7.5 7.5 7.5 7.5 7.5 7.5 7.5 7.5 7.5 7.5 7.5 7.5 7.5 7.5 7.5 7.5 7.5 
PWRWND001 76.1 75.85 75.59 75.34 75.09 74.84 74.59 74.34 74.1 73.85 73.6 73.36 73.11 72.87 72.63 72.38 72.14 71.9 71.66 71.42 71.19 70.95 70.95 70.95 70.95 70.95 70.95 70.95 70.95 70.95 70.95 70.95 
PWRWND002 76.1 75.85 75.59 75.34 75.09 74.84 74.59 74.34 74.1 73.85 73.6 73.36 73.11 72.87 72.63 72.38 72.14 71.9 71.66 71.42 71.19 70.95 70.95 70.95 70.95 70.95 70.95 70.95 70.95 70.95 70.95 70.95 
PWRWND003 76.1 75.85 75.59 75.34 75.09 74.84 74.59 74.34 74.1 73.85 73.6 73.36 73.11 72.87 72.63 72.38 72.14 71.9 71.66 71.42 71.19 70.95 70.95 70.95 70.95 70.95 70.95 70.95 70.95 70.95 70.95 70.95 
PWRWND004 76.1 75.85 75.59 75.34 75.09 74.84 74.59 74.34 74.1 73.85 73.6 73.36 73.11 72.87 72.63 72.38 72.14 71.9 71.66 71.42 71.19 70.95 70.95 70.95 70.95 70.95 70.95 70.95 70.95 70.95 70.95 70.95 
PWRWND005 76.1 75.85 75.59 75.34 75.09 74.84 74.59 74.34 74.1 73.85 73.6 73.36 73.11 72.87 72.63 72.38 72.14 71.9 71.66 71.42 71.19 70.95 70.95 70.95 70.95 70.95 70.95 70.95 70.95 70.95 70.95 70.95 
PWRWND006 76.1 75.85 75.59 75.34 75.09 74.84 74.59 74.34 74.1 73.85 73.6 73.36 73.11 72.87 72.63 72.38 72.14 71.9 71.66 71.42 71.19 70.95 70.95 70.95 70.95 70.95 70.95 70.95 70.95 70.95 70.95 70.95 
PWRWND007 76.1 75.85 75.59 75.34 75.09 74.84 74.59 74.34 74.1 73.85 73.6 73.36 73.11 72.87 72.63 72.38 72.14 71.9 71.66 71.42 71.19 70.95 70.95 70.95 70.95 70.95 70.95 70.95 70.95 70.95 70.95 70.95 
PWRWND008 76.1 75.85 75.59 75.34 75.09 74.84 74.59 74.34 74.1 73.85 73.6 73.36 73.11 72.87 72.63 72.38 72.14 71.9 71.66 71.42 71.19 70.95 70.95 70.95 70.95 70.95 70.95 70.95 70.95 70.95 70.95 70.95 
PWRWND009 76.1 75.85 75.59 75.34 75.09 74.84 74.59 74.34 74.1 73.85 73.6 73.36 73.11 72.87 72.63 72.38 72.14 71.9 71.66 71.42 71.19 70.95 70.95 70.95 70.95 70.95 70.95 70.95 70.95 70.95 70.95 70.95 
PWRWND010 76.1 75.85 75.59 75.34 75.09 74.84 74.59 74.34 74.1 73.85 73.6 73.36 73.11 72.87 72.63 72.38 72.14 71.9 71.66 71.42 71.19 70.95 70.95 70.95 70.95 70.95 70.95 70.95 70.95 70.95 70.95 70.95 
PWRWND011 76.1 75.85 75.59 75.34 75.09 74.84 74.59 74.34 74.1 73.85 73.6 73.36 73.11 72.87 72.63 72.38 72.14 71.9 71.66 71.42 71.19 70.95 70.95 70.95 70.95 70.95 70.95 70.95 70.95 70.95 70.95 70.95 
;

param ResidualCapacity default 0.0 :=
[RE1,*,*]:
2019 2020 2021 2022 2023 2024 2025 2026 2027 2028 2029 2030 2031 2032 2033 2034 2035 2036 2037 2038 2039 2040 2041 2042 2043 2044 2045 2046 2047 2048 2049 2050 :=
IMPELC002 0.05 0.05 0.05 0.05 0.05 0.05 0.05 0.0 0.0 0.0 0.0 0.0 0.0 0.0 0.0 0.0 0.0 0.0 0.0 0.0 0.0 0.0 0.0 0.0 0.0 0.0 0.0 0.0 0.0 0.0 0.0 0.0 
PWRBIO001 0.002 0.002 0.002 0.002 0.002 0.002 0.002 0.002 0.002 0.002 0.002 0.002 0.002 0.002 0.002 0.002 0.002 0.002 0.002 0.002 0.002 0.002 0.002 0.002 0.0 0.0 0.0 0.0 0.0 0.0 0.0 0.0 
PWRDIST 1.578 1.578 1.578 1.578 1.578 1.578 1.578 1.578 1.578 1.578 1.578 1.578 1.578 1.578 1.578 1.578 1.578 1.578 1.578 1.578 1.578 1.578 1.578 1.578 1.578 1.578 1.578 1.578 1.578 1.578 1.578 1.578 
PWRGEO001 0.7911 0.7911 0.7911 0.7911 0.7911 0.7611 0.7611 0.7611 0.7165 0.7165 0.6155 0.6155 0.588 0.588 0.588 0.588 0.588 0.588 0.588 0.5484 0.5308 0.3908 0.2218 0.2218 0.158 0.158 0.0 0.0 0.0 0.0 0.0 0.0 
PWRHFO001 0.6404 0.6404 0.6404 0.6404 0.6404 0.6404 0.5804 0.5064 0.5064 0.5064 0.5064 0.4178 0.3028 0.3028 0.3028 0.1355 0.083 0.0 0.0 0.0 0.0 0.0 0.0 0.0 0.0 0.0 0.0 0.0 0.0 0.0 0.0 0.0 
PWRHYD001 0.1 0.1 0.1 0.1 0.1 0.1 0.1 0.1 0.1 0.1 0.1 0.1 0.1 0.1 0.1 0.1 0.1 0.1 0.1 0.1 0.1 0.1 0.1 0.02 0.02 0.02 0.02 0.02 0.02 0.02 0.02 0.02 
PWRHYD002 0.58 0.58 0.58 0.58 0.58 0.58 0.58 0.58 0.58 0.58 0.58 0.58 0.58 0.58 0.58 0.58 0.58 0.58 0.58 0.58 0.58 0.58 0.58 0.58 0.58 0.58 0.58 0.58 0.58 0.58 0.58 0.58 
PWRHYD003 0.105 0.105 0.105 0.105 0.105 0.105 0.105 0.105 0.105 0.105 0.105 0.105 0.105 0.105 0.105 0.105 0.105 0.105 0.105 0.105 0.105 0.105 0.105 0.105 0.105 0.105 0.105 0.105 0.105 0.105 0.105 0.105 
PWRHYD005 0.0195 0.0195 0.0195 0.0195 0.0195 0.0195 0.0195 0.0195 0.0195 0.0195 0.0195 0.0195 0.0195 0.0195 0.0195 0.0195 0.0195 0.0195 0.0195 0.0195 0.0195 0.0195 0.0195 0.0195 0.0195 0.0195 0.0195 0.0195 0.0195 0.0195 0.0195 0.0195 
PWRLFO001 0.028 0.028 0.028 0.028 0.028 0.028 0.0 0.0 0.0 0.0 0.0 0.0 0.0 0.0 0.0 0.0 0.0 0.0 0.0 0.0 0.0 0.0 0.0 0.0 0.0 0.0 0.0 0.0 0.0 0.0 0.0 0.0 
PWRSOL001 0.05025 0.05025 0.05025 0.05025 0.05025 0.05025 0.05025 0.05025 0.05025 0.05025 0.05025 0.05025 0.05025 0.05025 0.05025 0.05025 0.05025 0.05025 0.05025 0.0 0.0 0.0 0.0 0.0 0.0 0.0 0.0 0.0 0.0 0.0 0.0 0.0 
PWRTRN 1.578 1.578 1.578 1.578 1.578 1.578 1.578 1.578 1.578 1.578 1.578 1.578 1.578 1.578 1.578 1.578 1.578 1.578 1.578 1.578 1.578 1.578 1.578 1.578 1.578 1.578 1.578 1.578 1.578 1.578 1.578 1.578 
PWRWND004 0.3 0.3 0.3 0.3 0.3 0.3 0.3 0.3 0.3 0.3 0.3 0.3 0.3 0.3 0.3 0.3 0.3 0.3 0.3 0.0 0.0 0.0 0.0 0.0 0.0 0.0 0.0 0.0 0.0 0.0 0.0 0.0 
PWRWND008 0.0255 0.0255 0.0255 0.0255 0.0255 0.0255 0.0255 0.0255 0.0255 0.0204 0.0204 0.0204 0.0204 0.0204 0.0204 0.0204 0.0 0.0 0.0 0.0 0.0 0.0 0.0 0.0 0.0 0.0 0.0 0.0 0.0 0.0 0.0 0.0 
;

param TotalAnnualMaxCapacity default 999999.0 :=
[RE1,*,*]:
2019 2020 2021 2022 2023 2024 2025 2026 2027 2028 2029 2030 2031 2032 2033 2034 2035 2036 2037 2038 2039 2040 2041 2042 2043 2044 2045 2046 2047 2048 2049 2050 :=
BESS_TECH 0 0 0 0 0 0.1 0.25 9999 9999 9999 9999 9999 9999 9999 9999 9999 9999 9999 9999 9999 9999 9999 9999 9999 9999 9999 9999 9999 9999 9999 9999 9999 
IMPELC001 0 0 0 0.2 0.2 0.2 0.2 0.4 0.4 0.4 0.4 0.4 0.4 0.4 0.4 0.4 0.4 0.4 0.4 0.4 0.4 0.4 0.4 0.4 0.4 0.4 0.4 0.4 0.4 0.4 0.4 0.4 
IMPELC002 0.05 0.05 0.05 0.05 0.05 0.05 0.05 0 0 0 0 0 0 0 0 0 0 0 0 0 0 0 0 0 0 0 0 0 0 0 0 0 
PWRBIO001 0.002 0.002 0.002 0.002 0.0034 0.0034 0.0034 0.0134 0.0134 0.0214 0.0214 0.0696 0.0896 0.1004 0.1034 0.1094 0.1097 0.1186 0.1275 0.1364 0.1453 0.1542 0.1631 0.172 0.1809 0.1898 0.1987 0.2076 0.2165 0.2254 0.2343 0.2432 
PWRCOA001 0 0 0 0 0 0 0 0 0 0 0 0 0 0 0 0 0 0 0 0 0 0 0 0 0 0 0 0 0 0 0 0 
PWRGEO001 0.7911 0.7911 0.7911 0.8744 0.8744 0.8444 0.9064 0.9264 0.8818 0.9068 1.0858 1.0858 1.0583 1.0583 1.0583 1.1983 1.1983 1.3383 1.3383 1.2987 1.2811 1.1411 0.9721 0.9721 0.9083 0.9083 0.7503 0.7503 0.667 0.667 0.667 0.647 
PWRGEO002 0 0 0 0 0.035 0.035 0.07 0.07 0.07 0.105 0.105 0.105 0.105 0.105 0.105 0.105 0.105 0.105 0.205 0.205 0.265 0.465 0.465 0.465 0.465 0.465 0.465 0.465 0.465 0.43 0.43 0.395 
PWRGEO003 0 0 0 0 0 0 0 0 0 0 0 0 0.033 0.033 0.033 0.033 0.033 0.033 0.033 0.033 0.033 0.1 0.1 0.1 0.1 0.1 0.1 0.1 0.1 0.1 0.1 0.1 
PWRGEO004 0 0 0 0 0 0 0 0 0 0 0 0 0 0 0 0 0 0 0 0.1 0.2 0.3 0.3 0.3 0.3 0.3 0.3 0.3 0.3 0.3 0.3 0.3 
PWRGEO005 0 0 0 0 0 0 0 0 0 0 0 0 0.035 0.035 0.035 0.035 0.035 0.035 0.035 0.035 0.035 0.07 0.07 0.07 0.07 0.07 0.07 0.07 0.07 0.07 0.07 0.07 
PWRGEO006 0.0 0.0 0.0 0.0 0.0 0.0 0.2223838233 0.4447676467 0.66715147 0.8895352934 1.1119191167 1.3343029401 1.5566867634 1.7790705868 2.0014544101 2.2238382335 2.4462220568 2.6686058802 2.8909897035 3.1133735269 3.3357573502 3.5581411735 3.7805249969 4.0029088202 4.2252926436 4.4476764669 4.6700602903 4.8924441136 5.114827937 5.3372117603 5.5595955837 5.781979407 
PWRGEO007 0 0 0 0 0 0 0 0 0 0 0 0 0 0 0 0 0 0 0 0 0 0 0 0 0 0 0 0 0 0 0 0 
PWRHFO001 0.6404 0.6404 0.6404 0.6404 0.6404 0.6404 0.5804 0.5064 0.5064 0.5064 0.5064 0.4178 0.3028 0.3028 0.3028 0.1355 0.083 0 0 0 0 0 0 0 0 0 0 0 0 0 0 0 
PWRHYD001 0.1 0.1 0.1 0.1 0.1 0.1 0.1 0.1 0.1 0.1 0.1 0.1 0.1 0.1 0.1 0.1 0.1 0.1 0.1 0.1 0.1 0.1 0.1 0.02 0.02 0.02 0.02 0.02 0.02 0.02 0.02 0.02 
PWRHYD002 0.58 0.58 0.58 0.58 0.58 0.58 0.58 0.58 0.58 0.58 0.58 0.58 0.67 0.67 0.67 0.67 0.67 0.67 0.67 0.67 0.67 0.67 0.67 0.67 0.67 0.67 0.67 0.67 0.67 0.67 0.67 0.67 
PWRHYD003 0.105 0.105 0.105 0.105 0.105 0.105 0.105 0.105 0.105 0.105 0.105 0.105 0.105 0.105 0.105 0.105 0.105 0.105 0.105 0.105 0.105 0.105 0.105 0.105 0.105 0.105 0.105 0.105 0.105 0.105 0.105 0.105 
PWRHYD004 0 0 0 0 0 0 0 0 0 0 0 0 0.198 0.693 0.693 0.693 0.693 0.693 0.693 0.693 0.693 0.693 0.693 0.693 0.693 0.693 0.693 0.693 0.693 0.693 0.693 0.693 
PWRHYD005 0.0195 0.0195 0.0195 0.0195 0.0268 0.0293 0.0296 0.1523 0.1724 0.1855 0.2038 0.2524 0.2936 0.326 0.3739 0.416 0.4664 0.5147 0.5407 0.569 0.5999 0.6338 0.6708 0.7113 0.7555 0.8038 0.8568 0.9146 0.9779 1.047 1.1226 1.2053 
PWRLFO001 0.056 0.056 0.056 0.056 0.056 0.056 0 0 0 0 0 0 0 0 0 0 0 0 0 0 0 0 0 0 0 0 0 0 0 0 0 0 
PWRNGS001 0 0 0 0 0 0 0 9999 9999 9999 9999 9999 9999 9999 9999 9999 9999 9999 9999 9999 9999 9999 9999 9999 9999 9999 9999 9999 9999 9999 9999 9999 
PWRPHS001 0 0 0 0 0 0 0 0 0 0 0 0 0 0 0 0.3 0.3 0.3 0.3 0.3 0.3 0.3 0.3 0.3 0.3 0.3 0.3 0.3 0.3 0.3 0.3 0.3 
PWRPHS002 0 0 0 0 0 0 0 0 0 0 0 0 0 0 0 0.3 0.3 0.3 0.3 0.3 0.3 0.3 0.3 0.3 0.3 0.3 0.3 0.3 0.3 0.3 0.3 0.3 
PWRSOL001 0.1 0.1 0.26 0.34 0.424 0.504 5.304 5.384 5.968 6.168 6.628 7.108 7.508 7.908 8.308 8.708 9.108 9.508 10.108 10.608 11.008 11.608 12.248 12.768 13.286 14.006 14.806 15.526 16.326 17.326 18.126 19.326 
PWRSOL002 0 0 0 0 0 0 0 0 0 0 0 0 0 0 0 0 0 0 0 0 0 0 0 0 0 0 0 0 0 0 0 0 
PWRURN001 0 0 0 0 0 0 0 0 0 0 0 0 0 0 0 0 0 0 0 0 0 0 0.2913 0.2913 0.2913 0.2913 0.5826 0.5826 0.5826 0.5826 0.8739 0.8739 
PWRWND001 0 0 0 0 0 0 0.27 0.29 0.31 0.34 0.37 0.4 0.44 0.48 0.51 0.55 0.6 0.65 0.71 0.77 0.83 0.9 0.97 1.05 1.14 1.23 1.33 1.44 1.56 1.68 1.82 1.97 
PWRWND002 0 0 0 0 0 0 0.27 0.29 0.31 0.34 0.37 0.4 0.44 0.48 0.51 0.55 0.6 0.65 0.71 0.77 0.83 0.9 0.97 1.05 1.14 1.23 1.33 1.44 1.56 1.68 1.82 1.97 
PWRWND003 0 0 0 0 0 0 0.27 0.29 0.31 0.34 0.37 0.4 0.44 0.48 0.51 0.55 0.6 0.65 0.71 0.77 0.83 0.9 0.97 1.05 1.14 1.23 1.33 1.44 1.56 1.68 1.82 1.97 
PWRWND004 0.3 0.3 0.3 0.3 0.3 0.3 0.57 0.59 0.61 0.74 0.77 0.8 0.84 0.88 0.91 0.95 1 1.05 1.11 0.97 0.93 1 1.07 1.15 1.24 1.33 1.43 1.54 1.66 1.78 1.92 2.07 
PWRWND005 0 0 0 0 0 0 0.27 0.29 0.31 0.34 0.37 0.4 0.44 0.48 0.51 0.55 0.56 0.56 0.56 0.56 0.56 0.56 0.56 0.56 0.56 0.56 0.56 0.56 0.56 0.56 0.56 0.56 
PWRWND006 0 0 0 0 0 0 0.27 0.29 0.31 0.34 0.37 0.4 0.44 0.48 0.51 0.55 0.6 0.65 0.71 0.77 0.83 0.9 0.97 1.05 1.14 1.23 1.33 1.44 1.56 1.68 1.82 1.97 
PWRWND007 0 0 0 0 0 0 0.27 0.29 0.31 0.34 0.37 0.4 0.44 0.48 0.51 0.55 0.6 0.65 0.71 0.77 0.83 0.9 0.97 1.05 1.14 1.23 1.33 1.44 1.56 1.68 1.82 1.97 
PWRWND008 0.026 0.026 0.126 0.126 0.126 0.126 0.407 0.477 0.497 0.521 0.551 0.581 0.621 0.661 0.691 0.731 0.761 0.811 0.871 0.931 0.991 1.061 1.031 1.111 1.201 1.291 1.38 1.44 1.56 1.64 1.64 1.64 
PWRWND009 0 0 0 0 0 0 0.27 0.29 0.31 0.34 0.37 0.4 0.44 0.48 0.51 0.55 0.6 0.65 0.71 0.77 0.83 0.9 0.97 1.05 1.14 1.23 1.33 1.44 1.56 1.68 1.82 1.97 
PWRWND010 0 0 0 0 0 0 0.27 0.29 0.31 0.34 0.37 0.4 0.44 0.48 0.51 0.55 0.6 0.65 0.71 0.77 0.83 0.9 0.97 1.05 1.14 1.23 1.33 1.44 1.56 1.68 1.82 1.97 
PWRWND011 0 0 0 0 0 0 0 0 0 0 0 0 0 0 0 0 0 0 0 0 0 0 0 0 0 0 0 0 0 0 0 0 
;

param TotalAnnualMaxCapacityInvestment default 999999.0 :=
[RE1,*,*]:
2019 2020 2021 2022 2023 2024 2025 2026 2027 2028 2029 2030 2031 2032 2033 2034 2035 2036 2037 2038 2039 2040 2041 2042 2043 2044 2045 2046 2047 2048 2049 2050 :=
PWRHFO001 0 0 0 0 0 0 0 0 0 0 0 0 0 0 0 0 0 0 0 0 0 0 0 0 0 0 0 0 0 0 0 0 
PWRLFO001 0 0 0 0 0 0 0 0 0 0 0 0 0 0 0 0 0 0 0 0 0 0 0 0 0 0 0 0 0 0 0 0 
;

param TotalAnnualMinCapacity default 0.0 :=
[RE1,*,*]:
2019 2020 2021 2022 2023 2024 2025 2026 2027 2028 2029 2030 2031 2032 2033 2034 2035 2036 2037 2038 2039 2040 2041 2042 2043 2044 2045 2046 2047 2048 2049 2050 :=
IMPELC001 0.0 0.0 0.0 0.2 0.2 0.2 0.2 0.4 0.4 0.4 0.4 0.4 0.4 0.4 0.4 0.4 0.4 0.4 0.4 0.4 0.4 0.4 0.4 0.4 0.4 0.4 0.4 0.4 0.4 0.4 0.4 0.4 
IMPELC002 0.05 0.05 0.05 0.05 0.05 0.05 0.05 0.0 0.0 0.0 0.0 0.0 0.0 0.0 0.0 0.0 0.0 0.0 0.0 0.0 0.0 0.0 0.0 0.0 0.0 0.0 0.0 0.0 0.0 0.0 0.0 0.0 
PWRBIO001 0.002 0.002 0.002 0.002 0.0034 0.0034 0.0034 0.0134 0.0134 0.0214 0.0214 0.0696 0.0896 0.1004 0.1034 0.1094 0.1097 0.1097 0.1097 0.1097 0.1097 0.1097 0.1097 0.1097 0.1077 0.1077 0.1077 0.1077 0.1077 0.1077 0.1077 0.1077 
PWRHYD005 0.0195 0.0195 0.0195 0.0195 0.0268 0.0293 0.0296 0.0388 0.0484 0.0499 0.0555 0.0902 0.1162 0.1322 0.1619 0.1842 0.213 0.2376 0.2376 0.2376 0.2376 0.2376 0.2376 0.2376 0.2376 0.2376 0.2376 0.2376 0.2376 0.2376 0.2376 0.2376 
PWRSOL001 0.0 0.0 0.08 0.12 0.1615 0.2015 0.2015 0.2415 0.2415 0.2415 0.2415 0.2415 0.2415 0.2415 0.2415 0.2415 0.2415 0.2415 0.2415 0.2415 0.2415 0.2415 0.1615 0.1215 0.08 0.04 0.04 0.0 0.0 0.0 0.0 0.0 
PWRWND003 0.0 0.0 0.0 0.0 0.0 0.0 0.011 0.011 0.011 0.011 0.011 0.011 0.011 0.011 0.011 0.011 0.011 0.011 0.011 0.011 0.011 0.011 0.011 0.011 0.011 0.011 0.0 0.0 0.0 0.0 0.0 0.0 
PWRWND008 0.0 0.0 0.1 0.1 0.1 0.1 0.111 0.161 0.161 0.161 0.161 0.161 0.161 0.161 0.161 0.161 0.161 0.161 0.161 0.161 0.161 0.161 0.061 0.061 0.061 0.061 0.05 0.0 0.0 0.0 0.0 0.0 
;

param VariableCost default 0.0001 :=
[RE1,BACKSTOP,*,*]:
2019 2020 2021 2022 2023 2024 2025 2026 2027 2028 2029 2030 2031 2032 2033 2034 2035 2036 2037 2038 2039 2040 2041 2042 2043 2044 2045 2046 2047 2048 2049 2050 :=
1 99.0 99.0 99.0 99.0 99.0 99.0 99.0 99.0 99.0 99.0 99.0 99.0 99.0 99.0 99.0 99.0 99.0 99.0 99.0 99.0 99.0 99.0 99.0 99.0 99.0 99.0 99.0 99.0 99.0 99.0 99.0 99.0 
[RE1,IMPBIO,*,*]:
2019 2020 2021 2022 2023 2024 2025 2026 2027 2028 2029 2030 2031 2032 2033 2034 2035 2036 2037 2038 2039 2040 2041 2042 2043 2044 2045 2046 2047 2048 2049 2050 :=
1 1.76 1.76 1.76 1.76 1.76 1.76 1.7416579276 1.7233158551 1.7049737827 1.6866317103 1.6682896378 1.6499475654 1.631605493 1.6132634205 1.5949213481 1.5765792756 1.5582372032 1.5398951308 1.5215530583 1.5032109859 1.4848689135 1.466526841 1.4481847686 1.4298426962 1.4115006237 1.3931585513 1.3748164789 1.3564744064 1.338132334 1.3197902616 1.3014481891 1.2831061167 
[RE1,IMPCOA,*,*]:
2019 2020 2021 2022 2023 2024 2025 2026 2027 2028 2029 2030 2031 2032 2033 2034 2035 2036 2037 2038 2039 2040 2041 2042 2043 2044 2045 2046 2047 2048 2049 2050 :=
1 2.52 2.51 2.51 2.51 2.51 2.51 2.4835459198 2.4570918397 2.4306377595 2.4041836793 2.3777295992 2.351275519 2.3248214389 2.2983673587 2.2719132785 2.2454591984 2.2190051182 2.192551038 2.1660969579 2.1396428777 2.1131887975 2.0867347174 2.0602806372 2.033826557 2.0073724769 1.9809183967 1.9544643166 1.9280102364 1.9015561562 1.8751020761 1.8486479959 1.8221939157 
[RE1,IMPELC001,*,*]:
2019 2020 2021 2022 2023 2024 2025 2026 2027 2028 2029 2030 2031 2032 2033 2034 2035 2036 2037 2038 2039 2040 2041 2042 2043 2044 2045 2046 2047 2048 2049 2050 :=
1 18.056 18.056 18.056 18.056 18.056 18.056 18.056 18.056 18.056 18.056 18.056 18.056 18.056 18.056 18.056 18.056 18.056 18.056 18.056 18.056 18.056 18.056 18.056 18.056 18.056 18.056 18.056 18.056 18.056 18.056 18.056 18.056 
[RE1,IMPELC002,*,*]:
2019 2020 2021 2022 2023 2024 2025 2026 2027 2028 2029 2030 2031 2032 2033 2034 2035 2036 2037 2038 2039 2040 2041 2042 2043 2044 2045 2046 2047 2048 2049 2050 :=
1 27.778 27.778 27.778 27.778 27.778 27.778 27.778 27.778 27.778 27.778 27.778 27.778 27.778 27.778 27.778 27.778 27.778 27.778 27.778 27.778 27.778 27.778 27.778 27.778 27.778 27.778 27.778 27.778 27.778 27.778 27.778 27.778 
[RE1,IMPHFOMOM,*,*]:
2019 2020 2021 2022 2023 2024 2025 2026 2027 2028 2029 2030 2031 2032 2033 2034 2035 2036 2037 2038 2039 2040 2041 2042 2043 2044 2045 2046 2047 2048 2049 2050 :=
1 5.63 5.63 6.24 8.39 8.16 7.74 7.4619294176 7.4338588353 7.4057882529 7.3777176706 7.3496470882 7.3215765058 7.2935059235 7.2654353411 7.2373647587 7.2092941764 7.181223594 7.1531530117 7.1250824293 7.0970118469 7.0689412646 7.0408706822 7.0128000998 6.9847295175 6.9566589351 6.9285883528 6.9005177704 6.872447188 6.8443766057 6.8163060233 6.788235441 6.7601648586 
[RE1,IMPHFONAI,*,*]:
2019 2020 2021 2022 2023 2024 2025 2026 2027 2028 2029 2030 2031 2032 2033 2034 2035 2036 2037 2038 2039 2040 2041 2042 2043 2044 2045 2046 2047 2048 2049 2050 :=
1 6.8 6.8 7.41 9.55 9.32 8.9 8.6098403244 8.5696806489 8.5295209733 8.4893612978 8.4492016222 8.4090419467 8.3688822711 8.3287225955 8.28856292 8.2484032444 8.2082435689 8.1680838933 8.1279242177 8.0877645422 8.0476048666 8.0074451911 7.9672855155 7.92712584 7.8869661644 7.8468064888 7.8066468133 7.7664871377 7.7263274622 7.6861677866 7.6460081111 7.6058484355 
[RE1,IMPLFOELD,*,*]:
2019 2020 2021 2022 2023 2024 2025 2026 2027 2028 2029 2030 2031 2032 2033 2034 2035 2036 2037 2038 2039 2040 2041 2042 2043 2044 2045 2046 2047 2048 2049 2050 :=
1 10.43 10.43 11.45 15.03 14.67 14.01 13.5762575528 13.5325151056 13.4887726584 13.4450302112 13.401287764 13.3575453169 13.3138028697 13.2700604225 13.2263179753 13.1825755281 13.1388330809 13.0950906337 13.0513481865 13.0076057393 12.9638632921 12.920120845 12.8763783978 12.8326359506 12.7888935034 12.7451510562 12.701408609 12.6576661618 12.6139237146 12.5701812674 12.5264388202 12.482696373 
[RE1,IMPNGS,*,*]:
2019 2020 2021 2022 2023 2024 2025 2026 2027 2028 2029 2030 2031 2032 2033 2034 2035 2036 2037 2038 2039 2040 2041 2042 2043 2044 2045 2046 2047 2048 2049 2050 :=
1 9.46 9.46 9.49 9.53 9.56 9.6 9.5450204345 9.4600408691 9.3750613036 9.2900817381 9.2051021727 9.1201226072 9.0351430417 8.9501634763 8.8651839108 8.7802043453 8.6952247799 8.6102452144 8.5252656489 8.4402860835 8.355306518 8.2703269526 8.1853473871 8.1003678216 8.0153882562 7.9304086907 7.8454291252 7.7604495598 7.6754699943 7.5904904288 7.5055108634 7.4205312979 
[RE1,IMPURN,*,*]:
2019 2020 2021 2022 2023 2024 2025 2026 2027 2028 2029 2030 2031 2032 2033 2034 2035 2036 2037 2038 2039 2040 2041 2042 2043 2044 2045 2046 2047 2048 2049 2050 :=
1 1.08 1.08 1.08 1.08 1.08 1.08 1.0687446374 1.0574892747 1.0462339121 1.0349785495 1.0237231868 1.0124678242 1.0012124616 0.989957099 0.9787017363 0.9674463737 0.9561910111 0.9449356484 0.9336802858 0.9224249232 0.9111695605 0.8999141979 0.8886588353 0.8774034726 0.86614811 0.8548927474 0.8436373848 0.8323820221 0.8211266595 0.8098712969 0.7986159342 0.7873605716 
[RE1,MINBIO,*,*]:
2019 2020 2021 2022 2023 2024 2025 2026 2027 2028 2029 2030 2031 2032 2033 2034 2035 2036 2037 2038 2039 2040 2041 2042 2043 2044 2045 2046 2047 2048 2049 2050 :=
1 1.6 1.6 1.6 1.6 1.6 1.6 1.5833253887 1.5666507774 1.5499761661 1.5333015548 1.5166269435 1.4999523322 1.4832777209 1.4666031096 1.4499284983 1.433253887 1.4165792756 1.3999046643 1.383230053 1.3665554417 1.3498808304 1.3332062191 1.3165316078 1.2998569965 1.2831823852 1.2665077739 1.2498331626 1.2331585513 1.21648394 1.1998093287 1.1831347174 1.1664601061 
[RE1,MINCOA,*,*]:
2019 2020 2021 2022 2023 2024 2025 2026 2027 2028 2029 2030 2031 2032 2033 2034 2035 2036 2037 2038 2039 2040 2041 2042 2043 2044 2045 2046 2047 2048 2049 2050 :=
1 2.41 2.41 2.33 2.3 2.29 2.29 2.2658386789 2.2416773578 2.2175160367 2.1933547156 2.1691933945 2.1450320733 2.1208707522 2.0967094311 2.07254811 2.0483867889 2.0242254678 2.0000641467 1.9759028256 1.9517415045 1.9275801834 1.9034188622 1.8792575411 1.85509622 1.8309348989 1.8067735778 1.7826122567 1.7584509356 1.7342896145 1.7101282934 1.6859669723 1.6618056512 
[RE1,PWRCOA001,*,*]:
2019 2020 2021 2022 2023 2024 2025 2026 2027 2028 2029 2030 2031 2032 2033 2034 2035 2036 2037 2038 2039 2040 2041 2042 2043 2044 2045 2046 2047 2048 2049 2050 :=
1 0.36 0.36 0.36 0.36 0.36 0.36 0.36 0.36 0.36 0.36 0.36 0.36 0.36 0.36 0.36 0.36 0.36 0.36 0.36 0.36 0.36 0.36 0.36 0.36 0.36 0.36 0.36 0.36 0.36 0.36 0.36 0.36 
[RE1,PWRGEO001,*,*]:
2019 2020 2021 2022 2023 2024 2025 2026 2027 2028 2029 2030 2031 2032 2033 2034 2035 2036 2037 2038 2039 2040 2041 2042 2043 2044 2045 2046 2047 2048 2049 2050 :=
1 0.2 0.2 0.2 0.2 0.2 0.2 0.2 0.2 0.2 0.2 0.2 0.2 0.2 0.2 0.2 0.2 0.2 0.2 0.2 0.2 0.2 0.2 0.2 0.2 0.2 0.2 0.2 0.2 0.2 0.2 0.2 0.2 
[RE1,PWRGEO002,*,*]:
2019 2020 2021 2022 2023 2024 2025 2026 2027 2028 2029 2030 2031 2032 2033 2034 2035 2036 2037 2038 2039 2040 2041 2042 2043 2044 2045 2046 2047 2048 2049 2050 :=
1 0.2 0.2 0.2 0.2 0.2 0.2 0.2 0.2 0.2 0.2 0.2 0.2 0.2 0.2 0.2 0.2 0.2 0.2 0.2 0.2 0.2 0.2 0.2 0.2 0.2 0.2 0.2 0.2 0.2 0.2 0.2 0.2 
[RE1,PWRGEO003,*,*]:
2019 2020 2021 2022 2023 2024 2025 2026 2027 2028 2029 2030 2031 2032 2033 2034 2035 2036 2037 2038 2039 2040 2041 2042 2043 2044 2045 2046 2047 2048 2049 2050 :=
1 0.2 0.2 0.2 0.2 0.2 0.2 0.2 0.2 0.2 0.2 0.2 0.2 0.2 0.2 0.2 0.2 0.2 0.2 0.2 0.2 0.2 0.2 0.2 0.2 0.2 0.2 0.2 0.2 0.2 0.2 0.2 0.2 
[RE1,PWRGEO004,*,*]:
2019 2020 2021 2022 2023 2024 2025 2026 2027 2028 2029 2030 2031 2032 2033 2034 2035 2036 2037 2038 2039 2040 2041 2042 2043 2044 2045 2046 2047 2048 2049 2050 :=
1 0.2 0.2 0.2 0.2 0.2 0.2 0.2 0.2 0.2 0.2 0.2 0.2 0.2 0.2 0.2 0.2 0.2 0.2 0.2 0.2 0.2 0.2 0.2 0.2 0.2 0.2 0.2 0.2 0.2 0.2 0.2 0.2 
[RE1,PWRGEO005,*,*]:
2019 2020 2021 2022 2023 2024 2025 2026 2027 2028 2029 2030 2031 2032 2033 2034 2035 2036 2037 2038 2039 2040 2041 2042 2043 2044 2045 2046 2047 2048 2049 2050 :=
1 0.2 0.2 0.2 0.2 0.2 0.2 0.2 0.2 0.2 0.2 0.2 0.2 0.2 0.2 0.2 0.2 0.2 0.2 0.2 0.2 0.2 0.2 0.2 0.2 0.2 0.2 0.2 0.2 0.2 0.2 0.2 0.2 
[RE1,PWRGEO006,*,*]:
2019 2020 2021 2022 2023 2024 2025 2026 2027 2028 2029 2030 2031 2032 2033 2034 2035 2036 2037 2038 2039 2040 2041 2042 2043 2044 2045 2046 2047 2048 2049 2050 :=
1 0.2 0.2 0.2 0.2 0.2 0.2 0.2 0.2 0.2 0.2 0.2 0.2 0.2 0.2 0.2 0.2 0.2 0.2 0.2 0.2 0.2 0.2 0.2 0.2 0.2 0.2 0.2 0.2 0.2 0.2 0.2 0.2 
[RE1,PWRGEO007,*,*]:
2019 2020 2021 2022 2023 2024 2025 2026 2027 2028 2029 2030 2031 2032 2033 2034 2035 2036 2037 2038 2039 2040 2041 2042 2043 2044 2045 2046 2047 2048 2049 2050 :=
1 0.2 0.2 0.2 0.2 0.2 0.2 0.2 0.2 0.2 0.2 0.2 0.2 0.2 0.2 0.2 0.2 0.2 0.2 0.2 0.2 0.2 0.2 0.2 0.2 0.2 0.2 0.2 0.2 0.2 0.2 0.2 0.2 
[RE1,PWRHFO001,*,*]:
2019 2020 2021 2022 2023 2024 2025 2026 2027 2028 2029 2030 2031 2032 2033 2034 2035 2036 2037 2038 2039 2040 2041 2042 2043 2044 2045 2046 2047 2048 2049 2050 :=
1 2.44 2.44 2.44 2.44 2.44 2.44 2.44 2.44 2.44 2.44 2.44 2.44 2.44 2.44 2.44 2.44 2.44 2.44 2.44 2.44 2.44 2.44 2.44 2.44 2.44 2.44 2.44 2.44 2.44 2.44 2.44 2.44 
[RE1,PWRHYD001,*,*]:
2019 2020 2021 2022 2023 2024 2025 2026 2027 2028 2029 2030 2031 2032 2033 2034 2035 2036 2037 2038 2039 2040 2041 2042 2043 2044 2045 2046 2047 2048 2049 2050 :=
1 0.139 0.139 0.139 0.139 0.139 0.139 0.139 0.139 0.139 0.139 0.139 0.139 0.139 0.139 0.139 0.139 0.139 0.139 0.139 0.139 0.139 0.139 0.139 0.139 0.139 0.139 0.139 0.139 0.139 0.139 0.139 0.139 
[RE1,PWRHYD002,*,*]:
2019 2020 2021 2022 2023 2024 2025 2026 2027 2028 2029 2030 2031 2032 2033 2034 2035 2036 2037 2038 2039 2040 2041 2042 2043 2044 2045 2046 2047 2048 2049 2050 :=
1 0.139 0.139 0.139 0.139 0.139 0.139 0.139 0.139 0.139 0.139 0.139 0.139 0.139 0.139 0.139 0.139 0.139 0.139 0.139 0.139 0.139 0.139 0.139 0.139 0.139 0.139 0.139 0.139 0.139 0.139 0.139 0.139 
[RE1,PWRHYD003,*,*]:
2019 2020 2021 2022 2023 2024 2025 2026 2027 2028 2029 2030 2031 2032 2033 2034 2035 2036 2037 2038 2039 2040 2041 2042 2043 2044 2045 2046 2047 2048 2049 2050 :=
1 0.139 0.139 0.139 0.139 0.139 0.139 0.139 0.139 0.139 0.139 0.139 0.139 0.139 0.139 0.139 0.139 0.139 0.139 0.139 0.139 0.139 0.139 0.139 0.139 0.139 0.139 0.139 0.139 0.139 0.139 0.139 0.139 
[RE1,PWRHYD004,*,*]:
2019 2020 2021 2022 2023 2024 2025 2026 2027 2028 2029 2030 2031 2032 2033 2034 2035 2036 2037 2038 2039 2040 2041 2042 2043 2044 2045 2046 2047 2048 2049 2050 :=
1 0.139 0.139 0.139 0.139 0.139 0.139 0.139 0.139 0.139 0.139 0.139 0.139 0.139 0.139 0.139 0.139 0.139 0.139 0.139 0.139 0.139 0.139 0.139 0.139 0.139 0.139 0.139 0.139 0.139 0.139 0.139 0.139 
[RE1,PWRHYD005,*,*]:
2019 2020 2021 2022 2023 2024 2025 2026 2027 2028 2029 2030 2031 2032 2033 2034 2035 2036 2037 2038 2039 2040 2041 2042 2043 2044 2045 2046 2047 2048 2049 2050 :=
1 0.139 0.139 0.139 0.139 0.139 0.139 0.139 0.139 0.139 0.139 0.139 0.139 0.139 0.139 0.139 0.139 0.139 0.139 0.139 0.139 0.139 0.139 0.139 0.139 0.139 0.139 0.139 0.139 0.139 0.139 0.139 0.139 
[RE1,PWRLFO001,*,*]:
2019 2020 2021 2022 2023 2024 2025 2026 2027 2028 2029 2030 2031 2032 2033 2034 2035 2036 2037 2038 2039 2040 2041 2042 2043 2044 2045 2046 2047 2048 2049 2050 :=
1 3.47 3.47 3.47 3.47 3.47 3.47 3.47 3.47 3.47 3.47 3.47 3.47 3.47 3.47 3.47 3.47 3.47 3.47 3.47 3.47 3.47 3.47 3.47 3.47 3.47 3.47 3.47 3.47 3.47 3.47 3.47 3.47 
[RE1,PWRNGS001,*,*]:
2019 2020 2021 2022 2023 2024 2025 2026 2027 2028 2029 2030 2031 2032 2033 2034 2035 2036 2037 2038 2039 2040 2041 2042 2043 2044 2045 2046 2047 2048 2049 2050 :=
1 3.67 3.67 3.67 3.67 3.67 3.67 3.67 3.67 3.67 3.67 3.67 3.67 3.67 3.67 3.67 3.67 3.67 3.67 3.67 3.67 3.67 3.67 3.67 3.67 3.67 3.67 3.67 3.67 3.67 3.67 3.67 3.67 
[RE1,PWRPHS001,*,*]:
2019 2020 2021 2022 2023 2024 2025 2026 2027 2028 2029 2030 2031 2032 2033 2034 2035 2036 2037 2038 2039 2040 2041 2042 2043 2044 2045 2046 2047 2048 2049 2050 :=
2 0.139 0.139 0.139 0.139 0.139 0.139 0.139 0.139 0.139 0.139 0.139 0.139 0.139 0.139 0.139 0.139 0.139 0.139 0.139 0.139 0.139 0.139 0.139 0.139 0.139 0.139 0.139 0.139 0.139 0.139 0.139 0.139 
[RE1,PWRPHS002,*,*]:
2019 2020 2021 2022 2023 2024 2025 2026 2027 2028 2029 2030 2031 2032 2033 2034 2035 2036 2037 2038 2039 2040 2041 2042 2043 2044 2045 2046 2047 2048 2049 2050 :=
2 0.139 0.139 0.139 0.139 0.139 0.139 0.139 0.139 0.139 0.139 0.139 0.139 0.139 0.139 0.139 0.139 0.139 0.139 0.139 0.139 0.139 0.139 0.139 0.139 0.139 0.139 0.139 0.139 0.139 0.139 0.139 0.139 
[RE1,PWRURN001,*,*]:
2019 2020 2021 2022 2023 2024 2025 2026 2027 2028 2029 2030 2031 2032 2033 2034 2035 2036 2037 2038 2039 2040 2041 2042 2043 2044 2045 2046 2047 2048 2049 2050 :=
1 0.1389 0.1389 0.1389 0.1389 0.1389 0.1389 0.1389 0.1389 0.1389 0.1389 0.1389 0.1389 0.1389 0.1389 0.1389 0.1389 0.1389 0.1389 0.1389 0.1389 0.1389 0.1389 0.1389 0.1389 0.1389 0.1389 0.1389 0.1389 0.1389 0.1389 0.1389 0.1389 
;

param InputActivityRatio default 0.0 :=
[RE1,PWRWND004,WND,*,*]:
2019 2020 2021 2022 2023 2024 2025 2026 2027 2028 2029 2030 2031 2032 2033 2034 2035 2036 2037 2038 2039 2040 2041 2042 2043 2044 2045 2046 2047 2048 2049 2050 :=
1 1.0 1.0 1.0 1.0 1.0 1.0 1.0 1.0 1.0 1.0 1.0 1.0 1.0 1.0 1.0 1.0 1.0 1.0 1.0 1.0 1.0 1.0 1.0 1.0 1.0 1.0 1.0 1.0 1.0 1.0 1.0 1.0 
[RE1,PWRWND010,WND,*,*]:
2019 2020 2021 2022 2023 2024 2025 2026 2027 2028 2029 2030 2031 2032 2033 2034 2035 2036 2037 2038 2039 2040 2041 2042 2043 2044 2045 2046 2047 2048 2049 2050 :=
1 1.0 1.0 1.0 1.0 1.0 1.0 1.0 1.0 1.0 1.0 1.0 1.0 1.0 1.0 1.0 1.0 1.0 1.0 1.0 1.0 1.0 1.0 1.0 1.0 1.0 1.0 1.0 1.0 1.0 1.0 1.0 1.0 
[RE1,PWRGEO002,GEO,*,*]:
2019 2020 2021 2022 2023 2024 2025 2026 2027 2028 2029 2030 2031 2032 2033 2034 2035 2036 2037 2038 2039 2040 2041 2042 2043 2044 2045 2046 2047 2048 2049 2050 :=
1 2.97 2.97 2.97 2.97 2.97 2.97 2.97 2.97 2.97 2.97 2.97 2.97 2.97 2.97 2.97 2.97 2.97 2.97 2.97 2.97 2.97 2.97 2.97 2.97 2.97 2.97 2.97 2.97 2.97 2.97 2.97 2.97 
[RE1,PWRTRN,ELC001,*,*]:
2019 2020 2021 2022 2023 2024 2025 2026 2027 2028 2029 2030 2031 2032 2033 2034 2035 2036 2037 2038 2039 2040 2041 2042 2043 2044 2045 2046 2047 2048 2049 2050 :=
1 1.0 1.0 1.0 1.0 1.0 1.0 1.0 1.0 1.0 1.0 1.0 1.0 1.0 1.0 1.0 1.0 1.0 1.0 1.0 1.0 1.0 1.0 1.0 1.0 1.0 1.0 1.0 1.0 1.0 1.0 1.0 1.0 
2 1.0 1.0 1.0 1.0 1.0 1.0 1.0 1.0 1.0 1.0 1.0 1.0 1.0 1.0 1.0 1.0 1.0 1.0 1.0 1.0 1.0 1.0 1.0 1.0 1.0 1.0 1.0 1.0 1.0 1.0 1.0 1.0 
[RE1,PWRWND005,WND,*,*]:
2019 2020 2021 2022 2023 2024 2025 2026 2027 2028 2029 2030 2031 2032 2033 2034 2035 2036 2037 2038 2039 2040 2041 2042 2043 2044 2045 2046 2047 2048 2049 2050 :=
1 1.0 1.0 1.0 1.0 1.0 1.0 1.0 1.0 1.0 1.0 1.0 1.0 1.0 1.0 1.0 1.0 1.0 1.0 1.0 1.0 1.0 1.0 1.0 1.0 1.0 1.0 1.0 1.0 1.0 1.0 1.0 1.0 
[RE1,PWRLFO001,LFOELD,*,*]:
2019 2020 2021 2022 2023 2024 2025 2026 2027 2028 2029 2030 2031 2032 2033 2034 2035 2036 2037 2038 2039 2040 2041 2042 2043 2044 2045 2046 2047 2048 2049 2050 :=
1 3.0 3.0 3.0 3.0 3.0 3.0 3.0 3.0 3.0 3.0 3.0 3.0 3.0 3.0 3.0 3.0 3.0 3.0 3.0 3.0 3.0 3.0 3.0 3.0 3.0 3.0 3.0 3.0 3.0 3.0 3.0 3.0 
[RE1,PWRGEO005,GEO,*,*]:
2019 2020 2021 2022 2023 2024 2025 2026 2027 2028 2029 2030 2031 2032 2033 2034 2035 2036 2037 2038 2039 2040 2041 2042 2043 2044 2045 2046 2047 2048 2049 2050 :=
1 2.97 2.97 2.97 2.97 2.97 2.97 2.97 2.97 2.97 2.97 2.97 2.97 2.97 2.97 2.97 2.97 2.97 2.97 2.97 2.97 2.97 2.97 2.97 2.97 2.97 2.97 2.97 2.97 2.97 2.97 2.97 2.97 
[RE1,PWRWND002,WND,*,*]:
2019 2020 2021 2022 2023 2024 2025 2026 2027 2028 2029 2030 2031 2032 2033 2034 2035 2036 2037 2038 2039 2040 2041 2042 2043 2044 2045 2046 2047 2048 2049 2050 :=
1 1.0 1.0 1.0 1.0 1.0 1.0 1.0 1.0 1.0 1.0 1.0 1.0 1.0 1.0 1.0 1.0 1.0 1.0 1.0 1.0 1.0 1.0 1.0 1.0 1.0 1.0 1.0 1.0 1.0 1.0 1.0 1.0 
[RE1,PWRBIO001,BIO,*,*]:
2019 2020 2021 2022 2023 2024 2025 2026 2027 2028 2029 2030 2031 2032 2033 2034 2035 2036 2037 2038 2039 2040 2041 2042 2043 2044 2045 2046 2047 2048 2049 2050 :=
1 2.86 2.86 2.86 2.86 2.86 2.86 2.86 2.86 2.86 2.86 2.86 2.86 2.86 2.86 2.86 2.86 2.86 2.86 2.86 2.86 2.86 2.86 2.86 2.86 2.86 2.86 2.86 2.86 2.86 2.86 2.86 2.86 
[RE1,PWRWND009,WND,*,*]:
2019 2020 2021 2022 2023 2024 2025 2026 2027 2028 2029 2030 2031 2032 2033 2034 2035 2036 2037 2038 2039 2040 2041 2042 2043 2044 2045 2046 2047 2048 2049 2050 :=
1 1.0 1.0 1.0 1.0 1.0 1.0 1.0 1.0 1.0 1.0 1.0 1.0 1.0 1.0 1.0 1.0 1.0 1.0 1.0 1.0 1.0 1.0 1.0 1.0 1.0 1.0 1.0 1.0 1.0 1.0 1.0 1.0 
[RE1,PWRWND011,WND,*,*]:
2019 2020 2021 2022 2023 2024 2025 2026 2027 2028 2029 2030 2031 2032 2033 2034 2035 2036 2037 2038 2039 2040 2041 2042 2043 2044 2045 2046 2047 2048 2049 2050 :=
1 1.0 1.0 1.0 1.0 1.0 1.0 1.0 1.0 1.0 1.0 1.0 1.0 1.0 1.0 1.0 1.0 1.0 1.0 1.0 1.0 1.0 1.0 1.0 1.0 1.0 1.0 1.0 1.0 1.0 1.0 1.0 1.0 
[RE1,DEMINDELC,ELC003,*,*]:
2019 2020 2021 2022 2023 2024 2025 2026 2027 2028 2029 2030 2031 2032 2033 2034 2035 2036 2037 2038 2039 2040 2041 2042 2043 2044 2045 2046 2047 2048 2049 2050 :=
1 1.0 1.0 1.0 1.0 1.0 1.0 1.0 1.0 1.0 1.0 1.0 1.0 1.0 1.0 1.0 1.0 1.0 1.0 1.0 1.0 1.0 1.0 1.0 1.0 1.0 1.0 1.0 1.0 1.0 1.0 1.0 1.0 
[RE1,PWRHYD002,HYD,*,*]:
2019 2020 2021 2022 2023 2024 2025 2026 2027 2028 2029 2030 2031 2032 2033 2034 2035 2036 2037 2038 2039 2040 2041 2042 2043 2044 2045 2046 2047 2048 2049 2050 :=
1 1.0 1.0 1.0 1.0 1.0 1.0 1.0 1.0 1.0 1.0 1.0 1.0 1.0 1.0 1.0 1.0 1.0 1.0 1.0 1.0 1.0 1.0 1.0 1.0 1.0 1.0 1.0 1.0 1.0 1.0 1.0 1.0 
[RE1,PWRGEO004,GEO,*,*]:
2019 2020 2021 2022 2023 2024 2025 2026 2027 2028 2029 2030 2031 2032 2033 2034 2035 2036 2037 2038 2039 2040 2041 2042 2043 2044 2045 2046 2047 2048 2049 2050 :=
1 2.97 2.97 2.97 2.97 2.97 2.97 2.97 2.97 2.97 2.97 2.97 2.97 2.97 2.97 2.97 2.97 2.97 2.97 2.97 2.97 2.97 2.97 2.97 2.97 2.97 2.97 2.97 2.97 2.97 2.97 2.97 2.97 
[RE1,PWRGEO003,GEO,*,*]:
2019 2020 2021 2022 2023 2024 2025 2026 2027 2028 2029 2030 2031 2032 2033 2034 2035 2036 2037 2038 2039 2040 2041 2042 2043 2044 2045 2046 2047 2048 2049 2050 :=
1 2.97 2.97 2.97 2.97 2.97 2.97 2.97 2.97 2.97 2.97 2.97 2.97 2.97 2.97 2.97 2.97 2.97 2.97 2.97 2.97 2.97 2.97 2.97 2.97 2.97 2.97 2.97 2.97 2.97 2.97 2.97 2.97 
[RE1,PWRHYD005,HYD,*,*]:
2019 2020 2021 2022 2023 2024 2025 2026 2027 2028 2029 2030 2031 2032 2033 2034 2035 2036 2037 2038 2039 2040 2041 2042 2043 2044 2045 2046 2047 2048 2049 2050 :=
1 1.0 1.0 1.0 1.0 1.0 1.0 1.0 1.0 1.0 1.0 1.0 1.0 1.0 1.0 1.0 1.0 1.0 1.0 1.0 1.0 1.0 1.0 1.0 1.0 1.0 1.0 1.0 1.0 1.0 1.0 1.0 1.0 
[RE1,PWRGEO001,GEO,*,*]:
2019 2020 2021 2022 2023 2024 2025 2026 2027 2028 2029 2030 2031 2032 2033 2034 2035 2036 2037 2038 2039 2040 2041 2042 2043 2044 2045 2046 2047 2048 2049 2050 :=
1 2.97 2.97 2.97 2.97 2.97 2.97 2.97 2.97 2.97 2.97 2.97 2.97 2.97 2.97 2.97 2.97 2.97 2.97 2.97 2.97 2.97 2.97 2.97 2.97 2.97 2.97 2.97 2.97 2.97 2.97 2.97 2.97 
[RE1,PWRNGS001,NGS,*,*]:
2019 2020 2021 2022 2023 2024 2025 2026 2027 2028 2029 2030 2031 2032 2033 2034 2035 2036 2037 2038 2039 2040 2041 2042 2043 2044 2045 2046 2047 2048 2049 2050 :=
1 3.5 3.5 3.5 3.5 3.5 3.5 3.5 3.5 3.5 3.5 3.5 3.5 3.5 3.5 3.5 3.5 3.5 3.5 3.5 3.5 3.5 3.5 3.5 3.5 3.5 3.5 3.5 3.5 3.5 3.5 3.5 3.5 
[RE1,DEMCOMELC,ELC003,*,*]:
2019 2020 2021 2022 2023 2024 2025 2026 2027 2028 2029 2030 2031 2032 2033 2034 2035 2036 2037 2038 2039 2040 2041 2042 2043 2044 2045 2046 2047 2048 2049 2050 :=
1 1.0 1.0 1.0 1.0 1.0 1.0 1.0 1.0 1.0 1.0 1.0 1.0 1.0 1.0 1.0 1.0 1.0 1.0 1.0 1.0 1.0 1.0 1.0 1.0 1.0 1.0 1.0 1.0 1.0 1.0 1.0 1.0 
[RE1,PWRGEO007,GEO,*,*]:
2019 2020 2021 2022 2023 2024 2025 2026 2027 2028 2029 2030 2031 2032 2033 2034 2035 2036 2037 2038 2039 2040 2041 2042 2043 2044 2045 2046 2047 2048 2049 2050 :=
1 2.97 2.97 2.97 2.97 2.97 2.97 2.97 2.97 2.97 2.97 2.97 2.97 2.97 2.97 2.97 2.97 2.97 2.97 2.97 2.97 2.97 2.97 2.97 2.97 2.97 2.97 2.97 2.97 2.97 2.97 2.97 2.97 
[RE1,PWRSOL001,SOL,*,*]:
2019 2020 2021 2022 2023 2024 2025 2026 2027 2028 2029 2030 2031 2032 2033 2034 2035 2036 2037 2038 2039 2040 2041 2042 2043 2044 2045 2046 2047 2048 2049 2050 :=
1 1.0 1.0 1.0 1.0 1.0 1.0 1.0 1.0 1.0 1.0 1.0 1.0 1.0 1.0 1.0 1.0 1.0 1.0 1.0 1.0 1.0 1.0 1.0 1.0 1.0 1.0 1.0 1.0 1.0 1.0 1.0 1.0 
[RE1,PWRSOL002,SOL,*,*]:
2019 2020 2021 2022 2023 2024 2025 2026 2027 2028 2029 2030 2031 2032 2033 2034 2035 2036 2037 2038 2039 2040 2041 2042 2043 2044 2045 2046 2047 2048 2049 2050 :=
1 1.0 1.0 1.0 1.0 1.0 1.0 1.0 1.0 1.0 1.0 1.0 1.0 1.0 1.0 1.0 1.0 1.0 1.0 1.0 1.0 1.0 1.0 1.0 1.0 1.0 1.0 1.0 1.0 1.0 1.0 1.0 1.0 
[RE1,PWRGEO006,GEO,*,*]:
2019 2020 2021 2022 2023 2024 2025 2026 2027 2028 2029 2030 2031 2032 2033 2034 2035 2036 2037 2038 2039 2040 2041 2042 2043 2044 2045 2046 2047 2048 2049 2050 :=
1 2.97 2.97 2.97 2.97 2.97 2.97 2.97 2.97 2.97 2.97 2.97 2.97 2.97 2.97 2.97 2.97 2.97 2.97 2.97 2.97 2.97 2.97 2.97 2.97 2.97 2.97 2.97 2.97 2.97 2.97 2.97 2.97 
[RE1,BESS_TECH,ELC001,*,*]:
2019 2020 2021 2022 2023 2024 2025 2026 2027 2028 2029 2030 2031 2032 2033 2034 2035 2036 2037 2038 2039 2040 2041 2042 2043 2044 2045 2046 2047 2048 2049 2050 :=
1 1.0 1.0 1.0 1.0 1.0 1.0 1.0 1.0 1.0 1.0 1.0 1.0 1.0 1.0 1.0 1.0 1.0 1.0 1.0 1.0 1.0 1.0 1.0 1.0 1.0 1.0 1.0 1.0 1.0 1.0 1.0 1.0 
[RE1,PWRPHS002,ELC001,*,*]:
2019 2020 2021 2022 2023 2024 2025 2026 2027 2028 2029 2030 2031 2032 2033 2034 2035 2036 2037 2038 2039 2040 2041 2042 2043 2044 2045 2046 2047 2048 2049 2050 :=
1 1.0 1.0 1.0 1.0 1.0 1.0 1.0 1.0 1.0 1.0 1.0 1.0 1.0 1.0 1.0 1.0 1.0 1.0 1.0 1.0 1.0 1.0 1.0 1.0 1.0 1.0 1.0 1.0 1.0 1.0 1.0 1.0 
[RE1,PWRCOA001,COA,*,*]:
2019 2020 2021 2022 2023 2024 2025 2026 2027 2028 2029 2030 2031 2032 2033 2034 2035 2036 2037 2038 2039 2040 2041 2042 2043 2044 2045 2046 2047 2048 2049 2050 :=
1 2.59 2.59 2.59 2.59 2.59 2.59 2.59 2.59 2.59 2.59 2.59 2.59 2.59 2.59 2.59 2.59 2.59 2.59 2.59 2.59 2.59 2.59 2.59 2.59 2.59 2.59 2.59 2.59 2.59 2.59 2.59 2.59 
[RE1,DEMRESELC,ELC003,*,*]:
2019 2020 2021 2022 2023 2024 2025 2026 2027 2028 2029 2030 2031 2032 2033 2034 2035 2036 2037 2038 2039 2040 2041 2042 2043 2044 2045 2046 2047 2048 2049 2050 :=
1 1.0 1.0 1.0 1.0 1.0 1.0 1.0 1.0 1.0 1.0 1.0 1.0 1.0 1.0 1.0 1.0 1.0 1.0 1.0 1.0 1.0 1.0 1.0 1.0 1.0 1.0 1.0 1.0 1.0 1.0 1.0 1.0 
[RE1,PWRWND001,WND,*,*]:
2019 2020 2021 2022 2023 2024 2025 2026 2027 2028 2029 2030 2031 2032 2033 2034 2035 2036 2037 2038 2039 2040 2041 2042 2043 2044 2045 2046 2047 2048 2049 2050 :=
1 1.0 1.0 1.0 1.0 1.0 1.0 1.0 1.0 1.0 1.0 1.0 1.0 1.0 1.0 1.0 1.0 1.0 1.0 1.0 1.0 1.0 1.0 1.0 1.0 1.0 1.0 1.0 1.0 1.0 1.0 1.0 1.0 
[RE1,PWRHYD004,HYD,*,*]:
2019 2020 2021 2022 2023 2024 2025 2026 2027 2028 2029 2030 2031 2032 2033 2034 2035 2036 2037 2038 2039 2040 2041 2042 2043 2044 2045 2046 2047 2048 2049 2050 :=
1 1.0 1.0 1.0 1.0 1.0 1.0 1.0 1.0 1.0 1.0 1.0 1.0 1.0 1.0 1.0 1.0 1.0 1.0 1.0 1.0 1.0 1.0 1.0 1.0 1.0 1.0 1.0 1.0 1.0 1.0 1.0 1.0 
[RE1,PWRHYD001,HYD,*,*]:
2019 2020 2021 2022 2023 2024 2025 2026 2027 2028 2029 2030 2031 2032 2033 2034 2035 2036 2037 2038 2039 2040 2041 2042 2043 2044 2045 2046 2047 2048 2049 2050 :=
1 1.0 1.0 1.0 1.0 1.0 1.0 1.0 1.0 1.0 1.0 1.0 1.0 1.0 1.0 1.0 1.0 1.0 1.0 1.0 1.0 1.0 1.0 1.0 1.0 1.0 1.0 1.0 1.0 1.0 1.0 1.0 1.0 
[RE1,PWRPHS001,ELC001,*,*]:
2019 2020 2021 2022 2023 2024 2025 2026 2027 2028 2029 2030 2031 2032 2033 2034 2035 2036 2037 2038 2039 2040 2041 2042 2043 2044 2045 2046 2047 2048 2049 2050 :=
1 1.0 1.0 1.0 1.0 1.0 1.0 1.0 1.0 1.0 1.0 1.0 1.0 1.0 1.0 1.0 1.0 1.0 1.0 1.0 1.0 1.0 1.0 1.0 1.0 1.0 1.0 1.0 1.0 1.0 1.0 1.0 1.0 
[RE1,PWRWND008,WND,*,*]:
2019 2020 2021 2022 2023 2024 2025 2026 2027 2028 2029 2030 2031 2032 2033 2034 2035 2036 2037 2038 2039 2040 2041 2042 2043 2044 2045 2046 2047 2048 2049 2050 :=
1 1.0 1.0 1.0 1.0 1.0 1.0 1.0 1.0 1.0 1.0 1.0 1.0 1.0 1.0 1.0 1.0 1.0 1.0 1.0 1.0 1.0 1.0 1.0 1.0 1.0 1.0 1.0 1.0 1.0 1.0 1.0 1.0 
[RE1,EXPELC,ELC001,*,*]:
2019 2020 2021 2022 2023 2024 2025 2026 2027 2028 2029 2030 2031 2032 2033 2034 2035 2036 2037 2038 2039 2040 2041 2042 2043 2044 2045 2046 2047 2048 2049 2050 :=
1 1.0 1.0 1.0 1.0 1.0 1.0 1.0 1.0 1.0 1.0 1.0 1.0 1.0 1.0 1.0 1.0 1.0 1.0 1.0 1.0 1.0 1.0 1.0 1.0 1.0 1.0 1.0 1.0 1.0 1.0 1.0 1.0 
[RE1,PWRDIST,ELC002,*,*]:
2019 2020 2021 2022 2023 2024 2025 2026 2027 2028 2029 2030 2031 2032 2033 2034 2035 2036 2037 2038 2039 2040 2041 2042 2043 2044 2045 2046 2047 2048 2049 2050 :=
1 1.0 1.0 1.0 1.0 1.0 1.0 1.0 1.0 1.0 1.0 1.0 1.0 1.0 1.0 1.0 1.0 1.0 1.0 1.0 1.0 1.0 1.0 1.0 1.0 1.0 1.0 1.0 1.0 1.0 1.0 1.0 1.0 
[RE1,PWRWND003,WND,*,*]:
2019 2020 2021 2022 2023 2024 2025 2026 2027 2028 2029 2030 2031 2032 2033 2034 2035 2036 2037 2038 2039 2040 2041 2042 2043 2044 2045 2046 2047 2048 2049 2050 :=
1 1.0 1.0 1.0 1.0 1.0 1.0 1.0 1.0 1.0 1.0 1.0 1.0 1.0 1.0 1.0 1.0 1.0 1.0 1.0 1.0 1.0 1.0 1.0 1.0 1.0 1.0 1.0 1.0 1.0 1.0 1.0 1.0 
[RE1,PWRHYD003,HYD,*,*]:
2019 2020 2021 2022 2023 2024 2025 2026 2027 2028 2029 2030 2031 2032 2033 2034 2035 2036 2037 2038 2039 2040 2041 2042 2043 2044 2045 2046 2047 2048 2049 2050 :=
1 1.0 1.0 1.0 1.0 1.0 1.0 1.0 1.0 1.0 1.0 1.0 1.0 1.0 1.0 1.0 1.0 1.0 1.0 1.0 1.0 1.0 1.0 1.0 1.0 1.0 1.0 1.0 1.0 1.0 1.0 1.0 1.0 
[RE1,PWRWND007,WND,*,*]:
2019 2020 2021 2022 2023 2024 2025 2026 2027 2028 2029 2030 2031 2032 2033 2034 2035 2036 2037 2038 2039 2040 2041 2042 2043 2044 2045 2046 2047 2048 2049 2050 :=
1 1.0 1.0 1.0 1.0 1.0 1.0 1.0 1.0 1.0 1.0 1.0 1.0 1.0 1.0 1.0 1.0 1.0 1.0 1.0 1.0 1.0 1.0 1.0 1.0 1.0 1.0 1.0 1.0 1.0 1.0 1.0 1.0 
[RE1,PWRHFO001,HFONAI,*,*]:
2019 2020 2021 2022 2023 2024 2025 2026 2027 2028 2029 2030 2031 2032 2033 2034 2035 2036 2037 2038 2039 2040 2041 2042 2043 2044 2045 2046 2047 2048 2049 2050 :=
1 2.6 2.6 2.6 2.6 2.6 2.6 2.6 2.6 2.6 2.6 2.6 2.6 2.6 2.6 2.6 2.6 2.6 2.6 2.6 2.6 2.6 2.6 2.6 2.6 2.6 2.6 2.6 2.6 2.6 2.6 2.6 2.6 
[RE1,PWRURN001,URN,*,*]:
2019 2020 2021 2022 2023 2024 2025 2026 2027 2028 2029 2030 2031 2032 2033 2034 2035 2036 2037 2038 2039 2040 2041 2042 2043 2044 2045 2046 2047 2048 2049 2050 :=
1 3.22 3.22 3.22 3.22 3.22 3.22 3.22 3.22 3.22 3.22 3.22 3.22 3.22 3.22 3.22 3.22 3.22 3.22 3.22 3.22 3.22 3.22 3.22 3.22 3.22 3.22 3.22 3.22 3.22 3.22 3.22 3.22 
[RE1,PWRWND006,WND,*,*]:
2019 2020 2021 2022 2023 2024 2025 2026 2027 2028 2029 2030 2031 2032 2033 2034 2035 2036 2037 2038 2039 2040 2041 2042 2043 2044 2045 2046 2047 2048 2049 2050 :=
1 1.0 1.0 1.0 1.0 1.0 1.0 1.0 1.0 1.0 1.0 1.0 1.0 1.0 1.0 1.0 1.0 1.0 1.0 1.0 1.0 1.0 1.0 1.0 1.0 1.0 1.0 1.0 1.0 1.0 1.0 1.0 1.0 
;

param OutputActivityRatio default 0.0 :=
[RE1,BACKSTOP,ELC001,*,*]:
2019 2020 2021 2022 2023 2024 2025 2026 2027 2028 2029 2030 2031 2032 2033 2034 2035 2036 2037 2038 2039 2040 2041 2042 2043 2044 2045 2046 2047 2048 2049 2050 :=
1 1.0 1.0 1.0 1.0 1.0 1.0 1.0 1.0 1.0 1.0 1.0 1.0 1.0 1.0 1.0 1.0 1.0 1.0 1.0 1.0 1.0 1.0 1.0 1.0 1.0 1.0 1.0 1.0 1.0 1.0 1.0 1.0 
[RE1,PWRWND002,ELC001,*,*]:
2019 2020 2021 2022 2023 2024 2025 2026 2027 2028 2029 2030 2031 2032 2033 2034 2035 2036 2037 2038 2039 2040 2041 2042 2043 2044 2045 2046 2047 2048 2049 2050 :=
1 1.0 1.0 1.0 1.0 1.0 1.0 1.0 1.0 1.0 1.0 1.0 1.0 1.0 1.0 1.0 1.0 1.0 1.0 1.0 1.0 1.0 1.0 1.0 1.0 1.0 1.0 1.0 1.0 1.0 1.0 1.0 1.0 
[RE1,PWRTRN,ELC001,*,*]:
2019 2020 2021 2022 2023 2024 2025 2026 2027 2028 2029 2030 2031 2032 2033 2034 2035 2036 2037 2038 2039 2040 2041 2042 2043 2044 2045 2046 2047 2048 2049 2050 :=
2 1.0 1.0 1.0 1.0 1.0 1.0 1.0 1.0 1.0 1.0 1.0 1.0 1.0 1.0 1.0 1.0 1.0 1.0 1.0 1.0 1.0 1.0 1.0 1.0 1.0 1.0 1.0 1.0 1.0 1.0 1.0 1.0 
[RE1,PWRNGS001,ELC001,*,*]:
2019 2020 2021 2022 2023 2024 2025 2026 2027 2028 2029 2030 2031 2032 2033 2034 2035 2036 2037 2038 2039 2040 2041 2042 2043 2044 2045 2046 2047 2048 2049 2050 :=
1 1.0 1.0 1.0 1.0 1.0 1.0 1.0 1.0 1.0 1.0 1.0 1.0 1.0 1.0 1.0 1.0 1.0 1.0 1.0 1.0 1.0 1.0 1.0 1.0 1.0 1.0 1.0 1.0 1.0 1.0 1.0 1.0 
[RE1,IMPELC001,ELC001,*,*]:
2019 2020 2021 2022 2023 2024 2025 2026 2027 2028 2029 2030 2031 2032 2033 2034 2035 2036 2037 2038 2039 2040 2041 2042 2043 2044 2045 2046 2047 2048 2049 2050 :=
1 1.0 1.0 1.0 1.0 1.0 1.0 1.0 1.0 1.0 1.0 1.0 1.0 1.0 1.0 1.0 1.0 1.0 1.0 1.0 1.0 1.0 1.0 1.0 1.0 1.0 1.0 1.0 1.0 1.0 1.0 1.0 1.0 
[RE1,PWRGEO006,ELC001,*,*]:
2019 2020 2021 2022 2023 2024 2025 2026 2027 2028 2029 2030 2031 2032 2033 2034 2035 2036 2037 2038 2039 2040 2041 2042 2043 2044 2045 2046 2047 2048 2049 2050 :=
1 1.0 1.0 1.0 1.0 1.0 1.0 1.0 1.0 1.0 1.0 1.0 1.0 1.0 1.0 1.0 1.0 1.0 1.0 1.0 1.0 1.0 1.0 1.0 1.0 1.0 1.0 1.0 1.0 1.0 1.0 1.0 1.0 
[RE1,MINSOL,SOL,*,*]:
2019 2020 2021 2022 2023 2024 2025 2026 2027 2028 2029 2030 2031 2032 2033 2034 2035 2036 2037 2038 2039 2040 2041 2042 2043 2044 2045 2046 2047 2048 2049 2050 :=
1 1.0 1.0 1.0 1.0 1.0 1.0 1.0 1.0 1.0 1.0 1.0 1.0 1.0 1.0 1.0 1.0 1.0 1.0 1.0 1.0 1.0 1.0 1.0 1.0 1.0 1.0 1.0 1.0 1.0 1.0 1.0 1.0 
[RE1,IMPBIO,BIO,*,*]:
2019 2020 2021 2022 2023 2024 2025 2026 2027 2028 2029 2030 2031 2032 2033 2034 2035 2036 2037 2038 2039 2040 2041 2042 2043 2044 2045 2046 2047 2048 2049 2050 :=
1 1.0 1.0 1.0 1.0 1.0 1.0 1.0 1.0 1.0 1.0 1.0 1.0 1.0 1.0 1.0 1.0 1.0 1.0 1.0 1.0 1.0 1.0 1.0 1.0 1.0 1.0 1.0 1.0 1.0 1.0 1.0 1.0 
[RE1,IMPNGS,NGS,*,*]:
2019 2020 2021 2022 2023 2024 2025 2026 2027 2028 2029 2030 2031 2032 2033 2034 2035 2036 2037 2038 2039 2040 2041 2042 2043 2044 2045 2046 2047 2048 2049 2050 :=
1 1.0 1.0 1.0 1.0 1.0 1.0 1.0 1.0 1.0 1.0 1.0 1.0 1.0 1.0 1.0 1.0 1.0 1.0 1.0 1.0 1.0 1.0 1.0 1.0 1.0 1.0 1.0 1.0 1.0 1.0 1.0 1.0 
[RE1,PWRHYD001,ELC001,*,*]:
2019 2020 2021 2022 2023 2024 2025 2026 2027 2028 2029 2030 2031 2032 2033 2034 2035 2036 2037 2038 2039 2040 2041 2042 2043 2044 2045 2046 2047 2048 2049 2050 :=
1 1.0 1.0 1.0 1.0 1.0 1.0 1.0 1.0 1.0 1.0 1.0 1.0 1.0 1.0 1.0 1.0 1.0 1.0 1.0 1.0 1.0 1.0 1.0 1.0 1.0 1.0 1.0 1.0 1.0 1.0 1.0 1.0 
[RE1,IMPELC002,ELC001,*,*]:
2019 2020 2021 2022 2023 2024 2025 2026 2027 2028 2029 2030 2031 2032 2033 2034 2035 2036 2037 2038 2039 2040 2041 2042 2043 2044 2045 2046 2047 2048 2049 2050 :=
1 1.0 1.0 1.0 1.0 1.0 1.0 1.0 1.0 1.0 1.0 1.0 1.0 1.0 1.0 1.0 1.0 1.0 1.0 1.0 1.0 1.0 1.0 1.0 1.0 1.0 1.0 1.0 1.0 1.0 1.0 1.0 1.0 
[RE1,PWRWND003,ELC001,*,*]:
2019 2020 2021 2022 2023 2024 2025 2026 2027 2028 2029 2030 2031 2032 2033 2034 2035 2036 2037 2038 2039 2040 2041 2042 2043 2044 2045 2046 2047 2048 2049 2050 :=
1 1.0 1.0 1.0 1.0 1.0 1.0 1.0 1.0 1.0 1.0 1.0 1.0 1.0 1.0 1.0 1.0 1.0 1.0 1.0 1.0 1.0 1.0 1.0 1.0 1.0 1.0 1.0 1.0 1.0 1.0 1.0 1.0 
[RE1,IMPHFONAI,HFONAI,*,*]:
2019 2020 2021 2022 2023 2024 2025 2026 2027 2028 2029 2030 2031 2032 2033 2034 2035 2036 2037 2038 2039 2040 2041 2042 2043 2044 2045 2046 2047 2048 2049 2050 :=
1 1.0 1.0 1.0 1.0 1.0 1.0 1.0 1.0 1.0 1.0 1.0 1.0 1.0 1.0 1.0 1.0 1.0 1.0 1.0 1.0 1.0 1.0 1.0 1.0 1.0 1.0 1.0 1.0 1.0 1.0 1.0 1.0 
[RE1,MINWND,WND,*,*]:
2019 2020 2021 2022 2023 2024 2025 2026 2027 2028 2029 2030 2031 2032 2033 2034 2035 2036 2037 2038 2039 2040 2041 2042 2043 2044 2045 2046 2047 2048 2049 2050 :=
1 1.0 1.0 1.0 1.0 1.0 1.0 1.0 1.0 1.0 1.0 1.0 1.0 1.0 1.0 1.0 1.0 1.0 1.0 1.0 1.0 1.0 1.0 1.0 1.0 1.0 1.0 1.0 1.0 1.0 1.0 1.0 1.0 
[RE1,PWRHFO001,ELC001,*,*]:
2019 2020 2021 2022 2023 2024 2025 2026 2027 2028 2029 2030 2031 2032 2033 2034 2035 2036 2037 2038 2039 2040 2041 2042 2043 2044 2045 2046 2047 2048 2049 2050 :=
1 1.0 1.0 1.0 1.0 1.0 1.0 1.0 1.0 1.0 1.0 1.0 1.0 1.0 1.0 1.0 1.0 1.0 1.0 1.0 1.0 1.0 1.0 1.0 1.0 1.0 1.0 1.0 1.0 1.0 1.0 1.0 1.0 
[RE1,PWRWND004,ELC001,*,*]:
2019 2020 2021 2022 2023 2024 2025 2026 2027 2028 2029 2030 2031 2032 2033 2034 2035 2036 2037 2038 2039 2040 2041 2042 2043 2044 2045 2046 2047 2048 2049 2050 :=
1 1.0 1.0 1.0 1.0 1.0 1.0 1.0 1.0 1.0 1.0 1.0 1.0 1.0 1.0 1.0 1.0 1.0 1.0 1.0 1.0 1.0 1.0 1.0 1.0 1.0 1.0 1.0 1.0 1.0 1.0 1.0 1.0 
[RE1,PWRGEO003,ELC001,*,*]:
2019 2020 2021 2022 2023 2024 2025 2026 2027 2028 2029 2030 2031 2032 2033 2034 2035 2036 2037 2038 2039 2040 2041 2042 2043 2044 2045 2046 2047 2048 2049 2050 :=
1 1.0 1.0 1.0 1.0 1.0 1.0 1.0 1.0 1.0 1.0 1.0 1.0 1.0 1.0 1.0 1.0 1.0 1.0 1.0 1.0 1.0 1.0 1.0 1.0 1.0 1.0 1.0 1.0 1.0 1.0 1.0 1.0 
[RE1,PWRWND010,ELC001,*,*]:
2019 2020 2021 2022 2023 2024 2025 2026 2027 2028 2029 2030 2031 2032 2033 2034 2035 2036 2037 2038 2039 2040 2041 2042 2043 2044 2045 2046 2047 2048 2049 2050 :=
1 1.0 1.0 1.0 1.0 1.0 1.0 1.0 1.0 1.0 1.0 1.0 1.0 1.0 1.0 1.0 1.0 1.0 1.0 1.0 1.0 1.0 1.0 1.0 1.0 1.0 1.0 1.0 1.0 1.0 1.0 1.0 1.0 
[RE1,MINCOA,COADOM,*,*]:
2019 2020 2021 2022 2023 2024 2025 2026 2027 2028 2029 2030 2031 2032 2033 2034 2035 2036 2037 2038 2039 2040 2041 2042 2043 2044 2045 2046 2047 2048 2049 2050 :=
1 1.0 1.0 1.0 1.0 1.0 1.0 1.0 1.0 1.0 1.0 1.0 1.0 1.0 1.0 1.0 1.0 1.0 1.0 1.0 1.0 1.0 1.0 1.0 1.0 1.0 1.0 1.0 1.0 1.0 1.0 1.0 1.0 
[RE1,DEMRESELC,RESELC,*,*]:
2019 2020 2021 2022 2023 2024 2025 2026 2027 2028 2029 2030 2031 2032 2033 2034 2035 2036 2037 2038 2039 2040 2041 2042 2043 2044 2045 2046 2047 2048 2049 2050 :=
1 1.0 1.0 1.0 1.0 1.0 1.0 1.0 1.0 1.0 1.0 1.0 1.0 1.0 1.0 1.0 1.0 1.0 1.0 1.0 1.0 1.0 1.0 1.0 1.0 1.0 1.0 1.0 1.0 1.0 1.0 1.0 1.0 
[RE1,PWRGEO004,ELC001,*,*]:
2019 2020 2021 2022 2023 2024 2025 2026 2027 2028 2029 2030 2031 2032 2033 2034 2035 2036 2037 2038 2039 2040 2041 2042 2043 2044 2045 2046 2047 2048 2049 2050 :=
1 1.0 1.0 1.0 1.0 1.0 1.0 1.0 1.0 1.0 1.0 1.0 1.0 1.0 1.0 1.0 1.0 1.0 1.0 1.0 1.0 1.0 1.0 1.0 1.0 1.0 1.0 1.0 1.0 1.0 1.0 1.0 1.0 
[RE1,PWRWND008,ELC001,*,*]:
2019 2020 2021 2022 2023 2024 2025 2026 2027 2028 2029 2030 2031 2032 2033 2034 2035 2036 2037 2038 2039 2040 2041 2042 2043 2044 2045 2046 2047 2048 2049 2050 :=
1 1.0 1.0 1.0 1.0 1.0 1.0 1.0 1.0 1.0 1.0 1.0 1.0 1.0 1.0 1.0 1.0 1.0 1.0 1.0 1.0 1.0 1.0 1.0 1.0 1.0 1.0 1.0 1.0 1.0 1.0 1.0 1.0 
[RE1,PWRHYD002,ELC001,*,*]:
2019 2020 2021 2022 2023 2024 2025 2026 2027 2028 2029 2030 2031 2032 2033 2034 2035 2036 2037 2038 2039 2040 2041 2042 2043 2044 2045 2046 2047 2048 2049 2050 :=
1 1.0 1.0 1.0 1.0 1.0 1.0 1.0 1.0 1.0 1.0 1.0 1.0 1.0 1.0 1.0 1.0 1.0 1.0 1.0 1.0 1.0 1.0 1.0 1.0 1.0 1.0 1.0 1.0 1.0 1.0 1.0 1.0 
[RE1,PWRWND005,ELC001,*,*]:
2019 2020 2021 2022 2023 2024 2025 2026 2027 2028 2029 2030 2031 2032 2033 2034 2035 2036 2037 2038 2039 2040 2041 2042 2043 2044 2045 2046 2047 2048 2049 2050 :=
1 1.0 1.0 1.0 1.0 1.0 1.0 1.0 1.0 1.0 1.0 1.0 1.0 1.0 1.0 1.0 1.0 1.0 1.0 1.0 1.0 1.0 1.0 1.0 1.0 1.0 1.0 1.0 1.0 1.0 1.0 1.0 1.0 
[RE1,PWRSOL002,ELC001,*,*]:
2019 2020 2021 2022 2023 2024 2025 2026 2027 2028 2029 2030 2031 2032 2033 2034 2035 2036 2037 2038 2039 2040 2041 2042 2043 2044 2045 2046 2047 2048 2049 2050 :=
1 1.0 1.0 1.0 1.0 1.0 1.0 1.0 1.0 1.0 1.0 1.0 1.0 1.0 1.0 1.0 1.0 1.0 1.0 1.0 1.0 1.0 1.0 1.0 1.0 1.0 1.0 1.0 1.0 1.0 1.0 1.0 1.0 
[RE1,IMPLFOELD,LFOELD,*,*]:
2019 2020 2021 2022 2023 2024 2025 2026 2027 2028 2029 2030 2031 2032 2033 2034 2035 2036 2037 2038 2039 2040 2041 2042 2043 2044 2045 2046 2047 2048 2049 2050 :=
1 1.0 1.0 1.0 1.0 1.0 1.0 1.0 1.0 1.0 1.0 1.0 1.0 1.0 1.0 1.0 1.0 1.0 1.0 1.0 1.0 1.0 1.0 1.0 1.0 1.0 1.0 1.0 1.0 1.0 1.0 1.0 1.0 
[RE1,PWRLFO001,ELC001,*,*]:
2019 2020 2021 2022 2023 2024 2025 2026 2027 2028 2029 2030 2031 2032 2033 2034 2035 2036 2037 2038 2039 2040 2041 2042 2043 2044 2045 2046 2047 2048 2049 2050 :=
1 1.0 1.0 1.0 1.0 1.0 1.0 1.0 1.0 1.0 1.0 1.0 1.0 1.0 1.0 1.0 1.0 1.0 1.0 1.0 1.0 1.0 1.0 1.0 1.0 1.0 1.0 1.0 1.0 1.0 1.0 1.0 1.0 
[RE1,BESS_TECH,ELC001,*,*]:
2019 2020 2021 2022 2023 2024 2025 2026 2027 2028 2029 2030 2031 2032 2033 2034 2035 2036 2037 2038 2039 2040 2041 2042 2043 2044 2045 2046 2047 2048 2049 2050 :=
2 1.0 1.0 1.0 1.0 1.0 1.0 1.0 1.0 1.0 1.0 1.0 1.0 1.0 1.0 1.0 1.0 1.0 1.0 1.0 1.0 1.0 1.0 1.0 1.0 1.0 1.0 1.0 1.0 1.0 1.0 1.0 1.0 
[RE1,PWRGEO002,ELC001,*,*]:
2019 2020 2021 2022 2023 2024 2025 2026 2027 2028 2029 2030 2031 2032 2033 2034 2035 2036 2037 2038 2039 2040 2041 2042 2043 2044 2045 2046 2047 2048 2049 2050 :=
1 1.0 1.0 1.0 1.0 1.0 1.0 1.0 1.0 1.0 1.0 1.0 1.0 1.0 1.0 1.0 1.0 1.0 1.0 1.0 1.0 1.0 1.0 1.0 1.0 1.0 1.0 1.0 1.0 1.0 1.0 1.0 1.0 
[RE1,PWRGEO005,ELC001,*,*]:
2019 2020 2021 2022 2023 2024 2025 2026 2027 2028 2029 2030 2031 2032 2033 2034 2035 2036 2037 2038 2039 2040 2041 2042 2043 2044 2045 2046 2047 2048 2049 2050 :=
1 1.0 1.0 1.0 1.0 1.0 1.0 1.0 1.0 1.0 1.0 1.0 1.0 1.0 1.0 1.0 1.0 1.0 1.0 1.0 1.0 1.0 1.0 1.0 1.0 1.0 1.0 1.0 1.0 1.0 1.0 1.0 1.0 
[RE1,PWRBIO001,ELC001,*,*]:
2019 2020 2021 2022 2023 2024 2025 2026 2027 2028 2029 2030 2031 2032 2033 2034 2035 2036 2037 2038 2039 2040 2041 2042 2043 2044 2045 2046 2047 2048 2049 2050 :=
1 1.0 1.0 1.0 1.0 1.0 1.0 1.0 1.0 1.0 1.0 1.0 1.0 1.0 1.0 1.0 1.0 1.0 1.0 1.0 1.0 1.0 1.0 1.0 1.0 1.0 1.0 1.0 1.0 1.0 1.0 1.0 1.0 
[RE1,DEMCOMELC,COMELC,*,*]:
2019 2020 2021 2022 2023 2024 2025 2026 2027 2028 2029 2030 2031 2032 2033 2034 2035 2036 2037 2038 2039 2040 2041 2042 2043 2044 2045 2046 2047 2048 2049 2050 :=
1 1.0 1.0 1.0 1.0 1.0 1.0 1.0 1.0 1.0 1.0 1.0 1.0 1.0 1.0 1.0 1.0 1.0 1.0 1.0 1.0 1.0 1.0 1.0 1.0 1.0 1.0 1.0 1.0 1.0 1.0 1.0 1.0 
[RE1,PWRPHS002,ELC001,*,*]:
2019 2020 2021 2022 2023 2024 2025 2026 2027 2028 2029 2030 2031 2032 2033 2034 2035 2036 2037 2038 2039 2040 2041 2042 2043 2044 2045 2046 2047 2048 2049 2050 :=
2 1.0 1.0 1.0 1.0 1.0 1.0 1.0 1.0 1.0 1.0 1.0 1.0 1.0 1.0 1.0 1.0 1.0 1.0 1.0 1.0 1.0 1.0 1.0 1.0 1.0 1.0 1.0 1.0 1.0 1.0 1.0 1.0 
[RE1,PWRWND011,ELC001,*,*]:
2019 2020 2021 2022 2023 2024 2025 2026 2027 2028 2029 2030 2031 2032 2033 2034 2035 2036 2037 2038 2039 2040 2041 2042 2043 2044 2045 2046 2047 2048 2049 2050 :=
1 1.0 1.0 1.0 1.0 1.0 1.0 1.0 1.0 1.0 1.0 1.0 1.0 1.0 1.0 1.0 1.0 1.0 1.0 1.0 1.0 1.0 1.0 1.0 1.0 1.0 1.0 1.0 1.0 1.0 1.0 1.0 1.0 
[RE1,PWRGEO001,ELC001,*,*]:
2019 2020 2021 2022 2023 2024 2025 2026 2027 2028 2029 2030 2031 2032 2033 2034 2035 2036 2037 2038 2039 2040 2041 2042 2043 2044 2045 2046 2047 2048 2049 2050 :=
1 1.0 1.0 1.0 1.0 1.0 1.0 1.0 1.0 1.0 1.0 1.0 1.0 1.0 1.0 1.0 1.0 1.0 1.0 1.0 1.0 1.0 1.0 1.0 1.0 1.0 1.0 1.0 1.0 1.0 1.0 1.0 1.0 
[RE1,PWRTRN,ELC002,*,*]:
2019 2020 2021 2022 2023 2024 2025 2026 2027 2028 2029 2030 2031 2032 2033 2034 2035 2036 2037 2038 2039 2040 2041 2042 2043 2044 2045 2046 2047 2048 2049 2050 :=
1 0.9566 0.9566 0.9566 0.9566 0.9566 0.9566 0.9566 0.9566 0.9566 0.9566 0.9566 0.9566 0.9566 0.9566 0.9566 0.9566 0.9566 0.9566 0.9566 0.9566 0.9566 0.9566 0.9566 0.9566 0.9566 0.9566 0.9566 0.9566 0.9566 0.9566 0.9566 0.9566 
[RE1,MINGEO,GEO,*,*]:
2019 2020 2021 2022 2023 2024 2025 2026 2027 2028 2029 2030 2031 2032 2033 2034 2035 2036 2037 2038 2039 2040 2041 2042 2043 2044 2045 2046 2047 2048 2049 2050 :=
1 1.0 1.0 1.0 1.0 1.0 1.0 1.0 1.0 1.0 1.0 1.0 1.0 1.0 1.0 1.0 1.0 1.0 1.0 1.0 1.0 1.0 1.0 1.0 1.0 1.0 1.0 1.0 1.0 1.0 1.0 1.0 1.0 
[RE1,PWRWND009,ELC001,*,*]:
2019 2020 2021 2022 2023 2024 2025 2026 2027 2028 2029 2030 2031 2032 2033 2034 2035 2036 2037 2038 2039 2040 2041 2042 2043 2044 2045 2046 2047 2048 2049 2050 :=
1 1.0 1.0 1.0 1.0 1.0 1.0 1.0 1.0 1.0 1.0 1.0 1.0 1.0 1.0 1.0 1.0 1.0 1.0 1.0 1.0 1.0 1.0 1.0 1.0 1.0 1.0 1.0 1.0 1.0 1.0 1.0 1.0 
[RE1,PWRWND006,ELC001,*,*]:
2019 2020 2021 2022 2023 2024 2025 2026 2027 2028 2029 2030 2031 2032 2033 2034 2035 2036 2037 2038 2039 2040 2041 2042 2043 2044 2045 2046 2047 2048 2049 2050 :=
1 1.0 1.0 1.0 1.0 1.0 1.0 1.0 1.0 1.0 1.0 1.0 1.0 1.0 1.0 1.0 1.0 1.0 1.0 1.0 1.0 1.0 1.0 1.0 1.0 1.0 1.0 1.0 1.0 1.0 1.0 1.0 1.0 
[RE1,MINHYD,HYD,*,*]:
2019 2020 2021 2022 2023 2024 2025 2026 2027 2028 2029 2030 2031 2032 2033 2034 2035 2036 2037 2038 2039 2040 2041 2042 2043 2044 2045 2046 2047 2048 2049 2050 :=
1 1.0 1.0 1.0 1.0 1.0 1.0 1.0 1.0 1.0 1.0 1.0 1.0 1.0 1.0 1.0 1.0 1.0 1.0 1.0 1.0 1.0 1.0 1.0 1.0 1.0 1.0 1.0 1.0 1.0 1.0 1.0 1.0 
[RE1,PWRPHS001,ELC001,*,*]:
2019 2020 2021 2022 2023 2024 2025 2026 2027 2028 2029 2030 2031 2032 2033 2034 2035 2036 2037 2038 2039 2040 2041 2042 2043 2044 2045 2046 2047 2048 2049 2050 :=
2 1.0 1.0 1.0 1.0 1.0 1.0 1.0 1.0 1.0 1.0 1.0 1.0 1.0 1.0 1.0 1.0 1.0 1.0 1.0 1.0 1.0 1.0 1.0 1.0 1.0 1.0 1.0 1.0 1.0 1.0 1.0 1.0 
[RE1,PWRWND007,ELC001,*,*]:
2019 2020 2021 2022 2023 2024 2025 2026 2027 2028 2029 2030 2031 2032 2033 2034 2035 2036 2037 2038 2039 2040 2041 2042 2043 2044 2045 2046 2047 2048 2049 2050 :=
1 1.0 1.0 1.0 1.0 1.0 1.0 1.0 1.0 1.0 1.0 1.0 1.0 1.0 1.0 1.0 1.0 1.0 1.0 1.0 1.0 1.0 1.0 1.0 1.0 1.0 1.0 1.0 1.0 1.0 1.0 1.0 1.0 
[RE1,PWRURN001,ELC001,*,*]:
2019 2020 2021 2022 2023 2024 2025 2026 2027 2028 2029 2030 2031 2032 2033 2034 2035 2036 2037 2038 2039 2040 2041 2042 2043 2044 2045 2046 2047 2048 2049 2050 :=
1 1.0 1.0 1.0 1.0 1.0 1.0 1.0 1.0 1.0 1.0 1.0 1.0 1.0 1.0 1.0 1.0 1.0 1.0 1.0 1.0 1.0 1.0 1.0 1.0 1.0 1.0 1.0 1.0 1.0 1.0 1.0 1.0 
[RE1,PWRCOA001,ELC001,*,*]:
2019 2020 2021 2022 2023 2024 2025 2026 2027 2028 2029 2030 2031 2032 2033 2034 2035 2036 2037 2038 2039 2040 2041 2042 2043 2044 2045 2046 2047 2048 2049 2050 :=
1 1.0 1.0 1.0 1.0 1.0 1.0 1.0 1.0 1.0 1.0 1.0 1.0 1.0 1.0 1.0 1.0 1.0 1.0 1.0 1.0 1.0 1.0 1.0 1.0 1.0 1.0 1.0 1.0 1.0 1.0 1.0 1.0 
[RE1,PWRSOL001,ELC001,*,*]:
2019 2020 2021 2022 2023 2024 2025 2026 2027 2028 2029 2030 2031 2032 2033 2034 2035 2036 2037 2038 2039 2040 2041 2042 2043 2044 2045 2046 2047 2048 2049 2050 :=
1 1.0 1.0 1.0 1.0 1.0 1.0 1.0 1.0 1.0 1.0 1.0 1.0 1.0 1.0 1.0 1.0 1.0 1.0 1.0 1.0 1.0 1.0 1.0 1.0 1.0 1.0 1.0 1.0 1.0 1.0 1.0 1.0 
[RE1,PWRDIST,ELC003,*,*]:
2019 2020 2021 2022 2023 2024 2025 2026 2027 2028 2029 2030 2031 2032 2033 2034 2035 2036 2037 2038 2039 2040 2041 2042 2043 2044 2045 2046 2047 2048 2049 2050 :=
1 0.9129 0.9129 0.9139 0.9149 0.916 0.917 0.918 0.9191 0.9201 0.9212 0.9222 0.9232 0.9243 0.9253 0.9263 0.9274 0.9284 0.9295 0.9305 0.9315 0.9326 0.9336 0.9346 0.9357 0.9367 0.9378 0.9388 0.9398 0.9409 0.9419 0.9429 0.944 
[RE1,MINBIO,BIO,*,*]:
2019 2020 2021 2022 2023 2024 2025 2026 2027 2028 2029 2030 2031 2032 2033 2034 2035 2036 2037 2038 2039 2040 2041 2042 2043 2044 2045 2046 2047 2048 2049 2050 :=
1 1.0 1.0 1.0 1.0 1.0 1.0 1.0 1.0 1.0 1.0 1.0 1.0 1.0 1.0 1.0 1.0 1.0 1.0 1.0 1.0 1.0 1.0 1.0 1.0 1.0 1.0 1.0 1.0 1.0 1.0 1.0 1.0 
[RE1,PWRHYD005,ELC001,*,*]:
2019 2020 2021 2022 2023 2024 2025 2026 2027 2028 2029 2030 2031 2032 2033 2034 2035 2036 2037 2038 2039 2040 2041 2042 2043 2044 2045 2046 2047 2048 2049 2050 :=
1 1.0 1.0 1.0 1.0 1.0 1.0 1.0 1.0 1.0 1.0 1.0 1.0 1.0 1.0 1.0 1.0 1.0 1.0 1.0 1.0 1.0 1.0 1.0 1.0 1.0 1.0 1.0 1.0 1.0 1.0 1.0 1.0 
[RE1,PWRWND001,ELC001,*,*]:
2019 2020 2021 2022 2023 2024 2025 2026 2027 2028 2029 2030 2031 2032 2033 2034 2035 2036 2037 2038 2039 2040 2041 2042 2043 2044 2045 2046 2047 2048 2049 2050 :=
1 1.0 1.0 1.0 1.0 1.0 1.0 1.0 1.0 1.0 1.0 1.0 1.0 1.0 1.0 1.0 1.0 1.0 1.0 1.0 1.0 1.0 1.0 1.0 1.0 1.0 1.0 1.0 1.0 1.0 1.0 1.0 1.0 
[RE1,PWRHYD003,ELC001,*,*]:
2019 2020 2021 2022 2023 2024 2025 2026 2027 2028 2029 2030 2031 2032 2033 2034 2035 2036 2037 2038 2039 2040 2041 2042 2043 2044 2045 2046 2047 2048 2049 2050 :=
1 1.0 1.0 1.0 1.0 1.0 1.0 1.0 1.0 1.0 1.0 1.0 1.0 1.0 1.0 1.0 1.0 1.0 1.0 1.0 1.0 1.0 1.0 1.0 1.0 1.0 1.0 1.0 1.0 1.0 1.0 1.0 1.0 
[RE1,IMPURN,URN,*,*]:
2019 2020 2021 2022 2023 2024 2025 2026 2027 2028 2029 2030 2031 2032 2033 2034 2035 2036 2037 2038 2039 2040 2041 2042 2043 2044 2045 2046 2047 2048 2049 2050 :=
1 1.0 1.0 1.0 1.0 1.0 1.0 1.0 1.0 1.0 1.0 1.0 1.0 1.0 1.0 1.0 1.0 1.0 1.0 1.0 1.0 1.0 1.0 1.0 1.0 1.0 1.0 1.0 1.0 1.0 1.0 1.0 1.0 
[RE1,PWRHYD004,ELC001,*,*]:
2019 2020 2021 2022 2023 2024 2025 2026 2027 2028 2029 2030 2031 2032 2033 2034 2035 2036 2037 2038 2039 2040 2041 2042 2043 2044 2045 2046 2047 2048 2049 2050 :=
1 1.0 1.0 1.0 1.0 1.0 1.0 1.0 1.0 1.0 1.0 1.0 1.0 1.0 1.0 1.0 1.0 1.0 1.0 1.0 1.0 1.0 1.0 1.0 1.0 1.0 1.0 1.0 1.0 1.0 1.0 1.0 1.0 
[RE1,IMPCOA,COA,*,*]:
2019 2020 2021 2022 2023 2024 2025 2026 2027 2028 2029 2030 2031 2032 2033 2034 2035 2036 2037 2038 2039 2040 2041 2042 2043 2044 2045 2046 2047 2048 2049 2050 :=
1 1.0 1.0 1.0 1.0 1.0 1.0 1.0 1.0 1.0 1.0 1.0 1.0 1.0 1.0 1.0 1.0 1.0 1.0 1.0 1.0 1.0 1.0 1.0 1.0 1.0 1.0 1.0 1.0 1.0 1.0 1.0 1.0 
[RE1,PWRGEO007,ELC001,*,*]:
2019 2020 2021 2022 2023 2024 2025 2026 2027 2028 2029 2030 2031 2032 2033 2034 2035 2036 2037 2038 2039 2040 2041 2042 2043 2044 2045 2046 2047 2048 2049 2050 :=
1 1.0 1.0 1.0 1.0 1.0 1.0 1.0 1.0 1.0 1.0 1.0 1.0 1.0 1.0 1.0 1.0 1.0 1.0 1.0 1.0 1.0 1.0 1.0 1.0 1.0 1.0 1.0 1.0 1.0 1.0 1.0 1.0 
[RE1,DEMINDELC,INDELC,*,*]:
2019 2020 2021 2022 2023 2024 2025 2026 2027 2028 2029 2030 2031 2032 2033 2034 2035 2036 2037 2038 2039 2040 2041 2042 2043 2044 2045 2046 2047 2048 2049 2050 :=
1 1.0 1.0 1.0 1.0 1.0 1.0 1.0 1.0 1.0 1.0 1.0 1.0 1.0 1.0 1.0 1.0 1.0 1.0 1.0 1.0 1.0 1.0 1.0 1.0 1.0 1.0 1.0 1.0 1.0 1.0 1.0 1.0 
[RE1,IMPHFOMOM,HFOMOM,*,*]:
2019 2020 2021 2022 2023 2024 2025 2026 2027 2028 2029 2030 2031 2032 2033 2034 2035 2036 2037 2038 2039 2040 2041 2042 2043 2044 2045 2046 2047 2048 2049 2050 :=
1 1.0 1.0 1.0 1.0 1.0 1.0 1.0 1.0 1.0 1.0 1.0 1.0 1.0 1.0 1.0 1.0 1.0 1.0 1.0 1.0 1.0 1.0 1.0 1.0 1.0 1.0 1.0 1.0 1.0 1.0 1.0 1.0 
;

param OperationalLifeStorage default 1.0 :
BESS001 PHS001 PHS002 :=
RE1 10 40 40 
;

param StorageLevelStart default 1.0 :
BESS001 PHS001 PHS002 :=
RE1 1 1 1 
;

param CapitalCostStorage default 0.0 :=
[RE1,*,*]:
2019 2020 2021 2022 2023 2024 2025 2026 2027 2028 2029 2030 2031 2032 2033 2034 2035 2036 2037 2038 2039 2040 2041 2042 2043 2044 2045 2046 2047 2048 2049 2050 :=
PHS001 22222 22222 22222 22222 22222 22222 22222 22222 22222 22222 22222 22222 22267 22311 22356 22400 22444 22444 22444 22444 22444 22444 22489 22533 22578 22622 22667 22667 22667 22667 22667 22667 
PHS002 22222 22222 22222 22222 22222 22222 22222 22222 22222 22222 22222 22222 22267 22311 22356 22400 22444 22444 22444 22444 22444 22444 22489 22533 22578 22622 22667 22667 22667 22667 22667 22667 
;

param TechnologyToStorage default 0.0 :=
[RE1,BESS_TECH,*,*]:
1 2 :=
BESS001 1 0 
[RE1,PWRPHS001,*,*]:
1 2 :=
PHS001 1 0 
[RE1,PWRPHS002,*,*]:
1 2 :=
PHS002 1 0 
;

param TechnologyFromStorage default 0.0 :=
[RE1,BESS_TECH,*,*]:
1 2 :=
BESS001 0 1 
[RE1,PWRPHS001,*,*]:
1 2 :=
PHS001 0 1 
[RE1,PWRPHS002,*,*]:
1 2 :=
PHS002 0 1 
;

param CapacityFactor default 1.0 :=
[RE1,IMPELC001,*,*]:
2019 2020 2021 2022 2023 2024 2025 2026 2027 2028 2029 2030 2031 2032 2033 2034 2035 2036 2037 2038 2039 2040 2041 2042 2043 2044 2045 2046 2047 2048 2049 2050 :=
TS01 0.85 0.85 0.85 0.85 0.85 0.85 0.85 0.85 0.85 0.85 0.85 0.85 0.85 0.85 0.85 0.85 0.85 0.85 0.85 0.85 0.85 0.85 0.85 0.85 0.85 0.85 0.85 0.85 0.85 0.85 0.85 0.85 
TS02 0.85 0.85 0.85 0.85 0.85 0.85 0.85 0.85 0.85 0.85 0.85 0.85 0.85 0.85 0.85 0.85 0.85 0.85 0.85 0.85 0.85 0.85 0.85 0.85 0.85 0.85 0.85 0.85 0.85 0.85 0.85 0.85 
TS03 0.85 0.85 0.85 0.85 0.85 0.85 0.85 0.85 0.85 0.85 0.85 0.85 0.85 0.85 0.85 0.85 0.85 0.85 0.85 0.85 0.85 0.85 0.85 0.85 0.85 0.85 0.85 0.85 0.85 0.85 0.85 0.85 
TS04 0.85 0.85 0.85 0.85 0.85 0.85 0.85 0.85 0.85 0.85 0.85 0.85 0.85 0.85 0.85 0.85 0.85 0.85 0.85 0.85 0.85 0.85 0.85 0.85 0.85 0.85 0.85 0.85 0.85 0.85 0.85 0.85 
TS05 0.85 0.85 0.85 0.85 0.85 0.85 0.85 0.85 0.85 0.85 0.85 0.85 0.85 0.85 0.85 0.85 0.85 0.85 0.85 0.85 0.85 0.85 0.85 0.85 0.85 0.85 0.85 0.85 0.85 0.85 0.85 0.85 
TS06 0.85 0.85 0.85 0.85 0.85 0.85 0.85 0.85 0.85 0.85 0.85 0.85 0.85 0.85 0.85 0.85 0.85 0.85 0.85 0.85 0.85 0.85 0.85 0.85 0.85 0.85 0.85 0.85 0.85 0.85 0.85 0.85 
TS07 0.85 0.85 0.85 0.85 0.85 0.85 0.85 0.85 0.85 0.85 0.85 0.85 0.85 0.85 0.85 0.85 0.85 0.85 0.85 0.85 0.85 0.85 0.85 0.85 0.85 0.85 0.85 0.85 0.85 0.85 0.85 0.85 
TS08 0.85 0.85 0.85 0.85 0.85 0.85 0.85 0.85 0.85 0.85 0.85 0.85 0.85 0.85 0.85 0.85 0.85 0.85 0.85 0.85 0.85 0.85 0.85 0.85 0.85 0.85 0.85 0.85 0.85 0.85 0.85 0.85 
TS09 0.85 0.85 0.85 0.85 0.85 0.85 0.85 0.85 0.85 0.85 0.85 0.85 0.85 0.85 0.85 0.85 0.85 0.85 0.85 0.85 0.85 0.85 0.85 0.85 0.85 0.85 0.85 0.85 0.85 0.85 0.85 0.85 
TS10 0.85 0.85 0.85 0.85 0.85 0.85 0.85 0.85 0.85 0.85 0.85 0.85 0.85 0.85 0.85 0.85 0.85 0.85 0.85 0.85 0.85 0.85 0.85 0.85 0.85 0.85 0.85 0.85 0.85 0.85 0.85 0.85 
TS11 0.85 0.85 0.85 0.85 0.85 0.85 0.85 0.85 0.85 0.85 0.85 0.85 0.85 0.85 0.85 0.85 0.85 0.85 0.85 0.85 0.85 0.85 0.85 0.85 0.85 0.85 0.85 0.85 0.85 0.85 0.85 0.85 
TS12 0.85 0.85 0.85 0.85 0.85 0.85 0.85 0.85 0.85 0.85 0.85 0.85 0.85 0.85 0.85 0.85 0.85 0.85 0.85 0.85 0.85 0.85 0.85 0.85 0.85 0.85 0.85 0.85 0.85 0.85 0.85 0.85 
TS13 0.85 0.85 0.85 0.85 0.85 0.85 0.85 0.85 0.85 0.85 0.85 0.85 0.85 0.85 0.85 0.85 0.85 0.85 0.85 0.85 0.85 0.85 0.85 0.85 0.85 0.85 0.85 0.85 0.85 0.85 0.85 0.85 
TS14 0.85 0.85 0.85 0.85 0.85 0.85 0.85 0.85 0.85 0.85 0.85 0.85 0.85 0.85 0.85 0.85 0.85 0.85 0.85 0.85 0.85 0.85 0.85 0.85 0.85 0.85 0.85 0.85 0.85 0.85 0.85 0.85 
TS15 0.85 0.85 0.85 0.85 0.85 0.85 0.85 0.85 0.85 0.85 0.85 0.85 0.85 0.85 0.85 0.85 0.85 0.85 0.85 0.85 0.85 0.85 0.85 0.85 0.85 0.85 0.85 0.85 0.85 0.85 0.85 0.85 
TS16 0.85 0.85 0.85 0.85 0.85 0.85 0.85 0.85 0.85 0.85 0.85 0.85 0.85 0.85 0.85 0.85 0.85 0.85 0.85 0.85 0.85 0.85 0.85 0.85 0.85 0.85 0.85 0.85 0.85 0.85 0.85 0.85 
TS17 0.85 0.85 0.85 0.85 0.85 0.85 0.85 0.85 0.85 0.85 0.85 0.85 0.85 0.85 0.85 0.85 0.85 0.85 0.85 0.85 0.85 0.85 0.85 0.85 0.85 0.85 0.85 0.85 0.85 0.85 0.85 0.85 
TS18 0.85 0.85 0.85 0.85 0.85 0.85 0.85 0.85 0.85 0.85 0.85 0.85 0.85 0.85 0.85 0.85 0.85 0.85 0.85 0.85 0.85 0.85 0.85 0.85 0.85 0.85 0.85 0.85 0.85 0.85 0.85 0.85 
TS19 0.85 0.85 0.85 0.85 0.85 0.85 0.85 0.85 0.85 0.85 0.85 0.85 0.85 0.85 0.85 0.85 0.85 0.85 0.85 0.85 0.85 0.85 0.85 0.85 0.85 0.85 0.85 0.85 0.85 0.85 0.85 0.85 
TS20 0.85 0.85 0.85 0.85 0.85 0.85 0.85 0.85 0.85 0.85 0.85 0.85 0.85 0.85 0.85 0.85 0.85 0.85 0.85 0.85 0.85 0.85 0.85 0.85 0.85 0.85 0.85 0.85 0.85 0.85 0.85 0.85 
TS21 0.85 0.85 0.85 0.85 0.85 0.85 0.85 0.85 0.85 0.85 0.85 0.85 0.85 0.85 0.85 0.85 0.85 0.85 0.85 0.85 0.85 0.85 0.85 0.85 0.85 0.85 0.85 0.85 0.85 0.85 0.85 0.85 
TS22 0.85 0.85 0.85 0.85 0.85 0.85 0.85 0.85 0.85 0.85 0.85 0.85 0.85 0.85 0.85 0.85 0.85 0.85 0.85 0.85 0.85 0.85 0.85 0.85 0.85 0.85 0.85 0.85 0.85 0.85 0.85 0.85 
TS23 0.85 0.85 0.85 0.85 0.85 0.85 0.85 0.85 0.85 0.85 0.85 0.85 0.85 0.85 0.85 0.85 0.85 0.85 0.85 0.85 0.85 0.85 0.85 0.85 0.85 0.85 0.85 0.85 0.85 0.85 0.85 0.85 
TS24 0.85 0.85 0.85 0.85 0.85 0.85 0.85 0.85 0.85 0.85 0.85 0.85 0.85 0.85 0.85 0.85 0.85 0.85 0.85 0.85 0.85 0.85 0.85 0.85 0.85 0.85 0.85 0.85 0.85 0.85 0.85 0.85 
TS25 0.85 0.85 0.85 0.85 0.85 0.85 0.85 0.85 0.85 0.85 0.85 0.85 0.85 0.85 0.85 0.85 0.85 0.85 0.85 0.85 0.85 0.85 0.85 0.85 0.85 0.85 0.85 0.85 0.85 0.85 0.85 0.85 
TS26 0.85 0.85 0.85 0.85 0.85 0.85 0.85 0.85 0.85 0.85 0.85 0.85 0.85 0.85 0.85 0.85 0.85 0.85 0.85 0.85 0.85 0.85 0.85 0.85 0.85 0.85 0.85 0.85 0.85 0.85 0.85 0.85 
TS27 0.85 0.85 0.85 0.85 0.85 0.85 0.85 0.85 0.85 0.85 0.85 0.85 0.85 0.85 0.85 0.85 0.85 0.85 0.85 0.85 0.85 0.85 0.85 0.85 0.85 0.85 0.85 0.85 0.85 0.85 0.85 0.85 
TS28 0.85 0.85 0.85 0.85 0.85 0.85 0.85 0.85 0.85 0.85 0.85 0.85 0.85 0.85 0.85 0.85 0.85 0.85 0.85 0.85 0.85 0.85 0.85 0.85 0.85 0.85 0.85 0.85 0.85 0.85 0.85 0.85 
TS29 0.85 0.85 0.85 0.85 0.85 0.85 0.85 0.85 0.85 0.85 0.85 0.85 0.85 0.85 0.85 0.85 0.85 0.85 0.85 0.85 0.85 0.85 0.85 0.85 0.85 0.85 0.85 0.85 0.85 0.85 0.85 0.85 
TS30 0.85 0.85 0.85 0.85 0.85 0.85 0.85 0.85 0.85 0.85 0.85 0.85 0.85 0.85 0.85 0.85 0.85 0.85 0.85 0.85 0.85 0.85 0.85 0.85 0.85 0.85 0.85 0.85 0.85 0.85 0.85 0.85 
TS31 0.85 0.85 0.85 0.85 0.85 0.85 0.85 0.85 0.85 0.85 0.85 0.85 0.85 0.85 0.85 0.85 0.85 0.85 0.85 0.85 0.85 0.85 0.85 0.85 0.85 0.85 0.85 0.85 0.85 0.85 0.85 0.85 
TS32 0.85 0.85 0.85 0.85 0.85 0.85 0.85 0.85 0.85 0.85 0.85 0.85 0.85 0.85 0.85 0.85 0.85 0.85 0.85 0.85 0.85 0.85 0.85 0.85 0.85 0.85 0.85 0.85 0.85 0.85 0.85 0.85 
TS33 0.85 0.85 0.85 0.85 0.85 0.85 0.85 0.85 0.85 0.85 0.85 0.85 0.85 0.85 0.85 0.85 0.85 0.85 0.85 0.85 0.85 0.85 0.85 0.85 0.85 0.85 0.85 0.85 0.85 0.85 0.85 0.85 
TS34 0.85 0.85 0.85 0.85 0.85 0.85 0.85 0.85 0.85 0.85 0.85 0.85 0.85 0.85 0.85 0.85 0.85 0.85 0.85 0.85 0.85 0.85 0.85 0.85 0.85 0.85 0.85 0.85 0.85 0.85 0.85 0.85 
TS35 0.85 0.85 0.85 0.85 0.85 0.85 0.85 0.85 0.85 0.85 0.85 0.85 0.85 0.85 0.85 0.85 0.85 0.85 0.85 0.85 0.85 0.85 0.85 0.85 0.85 0.85 0.85 0.85 0.85 0.85 0.85 0.85 
TS36 0.85 0.85 0.85 0.85 0.85 0.85 0.85 0.85 0.85 0.85 0.85 0.85 0.85 0.85 0.85 0.85 0.85 0.85 0.85 0.85 0.85 0.85 0.85 0.85 0.85 0.85 0.85 0.85 0.85 0.85 0.85 0.85 
TS37 0.85 0.85 0.85 0.85 0.85 0.85 0.85 0.85 0.85 0.85 0.85 0.85 0.85 0.85 0.85 0.85 0.85 0.85 0.85 0.85 0.85 0.85 0.85 0.85 0.85 0.85 0.85 0.85 0.85 0.85 0.85 0.85 
TS38 0.85 0.85 0.85 0.85 0.85 0.85 0.85 0.85 0.85 0.85 0.85 0.85 0.85 0.85 0.85 0.85 0.85 0.85 0.85 0.85 0.85 0.85 0.85 0.85 0.85 0.85 0.85 0.85 0.85 0.85 0.85 0.85 
TS39 0.85 0.85 0.85 0.85 0.85 0.85 0.85 0.85 0.85 0.85 0.85 0.85 0.85 0.85 0.85 0.85 0.85 0.85 0.85 0.85 0.85 0.85 0.85 0.85 0.85 0.85 0.85 0.85 0.85 0.85 0.85 0.85 
TS40 0.85 0.85 0.85 0.85 0.85 0.85 0.85 0.85 0.85 0.85 0.85 0.85 0.85 0.85 0.85 0.85 0.85 0.85 0.85 0.85 0.85 0.85 0.85 0.85 0.85 0.85 0.85 0.85 0.85 0.85 0.85 0.85 
TS41 0.85 0.85 0.85 0.85 0.85 0.85 0.85 0.85 0.85 0.85 0.85 0.85 0.85 0.85 0.85 0.85 0.85 0.85 0.85 0.85 0.85 0.85 0.85 0.85 0.85 0.85 0.85 0.85 0.85 0.85 0.85 0.85 
TS42 0.85 0.85 0.85 0.85 0.85 0.85 0.85 0.85 0.85 0.85 0.85 0.85 0.85 0.85 0.85 0.85 0.85 0.85 0.85 0.85 0.85 0.85 0.85 0.85 0.85 0.85 0.85 0.85 0.85 0.85 0.85 0.85 
TS43 0.85 0.85 0.85 0.85 0.85 0.85 0.85 0.85 0.85 0.85 0.85 0.85 0.85 0.85 0.85 0.85 0.85 0.85 0.85 0.85 0.85 0.85 0.85 0.85 0.85 0.85 0.85 0.85 0.85 0.85 0.85 0.85 
TS44 0.85 0.85 0.85 0.85 0.85 0.85 0.85 0.85 0.85 0.85 0.85 0.85 0.85 0.85 0.85 0.85 0.85 0.85 0.85 0.85 0.85 0.85 0.85 0.85 0.85 0.85 0.85 0.85 0.85 0.85 0.85 0.85 
TS45 0.85 0.85 0.85 0.85 0.85 0.85 0.85 0.85 0.85 0.85 0.85 0.85 0.85 0.85 0.85 0.85 0.85 0.85 0.85 0.85 0.85 0.85 0.85 0.85 0.85 0.85 0.85 0.85 0.85 0.85 0.85 0.85 
TS46 0.85 0.85 0.85 0.85 0.85 0.85 0.85 0.85 0.85 0.85 0.85 0.85 0.85 0.85 0.85 0.85 0.85 0.85 0.85 0.85 0.85 0.85 0.85 0.85 0.85 0.85 0.85 0.85 0.85 0.85 0.85 0.85 
TS47 0.85 0.85 0.85 0.85 0.85 0.85 0.85 0.85 0.85 0.85 0.85 0.85 0.85 0.85 0.85 0.85 0.85 0.85 0.85 0.85 0.85 0.85 0.85 0.85 0.85 0.85 0.85 0.85 0.85 0.85 0.85 0.85 
TS48 0.85 0.85 0.85 0.85 0.85 0.85 0.85 0.85 0.85 0.85 0.85 0.85 0.85 0.85 0.85 0.85 0.85 0.85 0.85 0.85 0.85 0.85 0.85 0.85 0.85 0.85 0.85 0.85 0.85 0.85 0.85 0.85 
[RE1,IMPELC002,*,*]:
2019 2020 2021 2022 2023 2024 2025 2026 2027 2028 2029 2030 2031 2032 2033 2034 2035 2036 2037 2038 2039 2040 2041 2042 2043 2044 2045 2046 2047 2048 2049 2050 :=
TS01 0.85 0.85 0.85 0.85 0.85 0.85 0.85 0.85 0.85 0.85 0.85 0.85 0.85 0.85 0.85 0.85 0.85 0.85 0.85 0.85 0.85 0.85 0.85 0.85 0.85 0.85 0.85 0.85 0.85 0.85 0.85 0.85 
TS02 0.85 0.85 0.85 0.85 0.85 0.85 0.85 0.85 0.85 0.85 0.85 0.85 0.85 0.85 0.85 0.85 0.85 0.85 0.85 0.85 0.85 0.85 0.85 0.85 0.85 0.85 0.85 0.85 0.85 0.85 0.85 0.85 
TS03 0.85 0.85 0.85 0.85 0.85 0.85 0.85 0.85 0.85 0.85 0.85 0.85 0.85 0.85 0.85 0.85 0.85 0.85 0.85 0.85 0.85 0.85 0.85 0.85 0.85 0.85 0.85 0.85 0.85 0.85 0.85 0.85 
TS04 0.85 0.85 0.85 0.85 0.85 0.85 0.85 0.85 0.85 0.85 0.85 0.85 0.85 0.85 0.85 0.85 0.85 0.85 0.85 0.85 0.85 0.85 0.85 0.85 0.85 0.85 0.85 0.85 0.85 0.85 0.85 0.85 
TS05 0.85 0.85 0.85 0.85 0.85 0.85 0.85 0.85 0.85 0.85 0.85 0.85 0.85 0.85 0.85 0.85 0.85 0.85 0.85 0.85 0.85 0.85 0.85 0.85 0.85 0.85 0.85 0.85 0.85 0.85 0.85 0.85 
TS06 0.85 0.85 0.85 0.85 0.85 0.85 0.85 0.85 0.85 0.85 0.85 0.85 0.85 0.85 0.85 0.85 0.85 0.85 0.85 0.85 0.85 0.85 0.85 0.85 0.85 0.85 0.85 0.85 0.85 0.85 0.85 0.85 
TS07 0.85 0.85 0.85 0.85 0.85 0.85 0.85 0.85 0.85 0.85 0.85 0.85 0.85 0.85 0.85 0.85 0.85 0.85 0.85 0.85 0.85 0.85 0.85 0.85 0.85 0.85 0.85 0.85 0.85 0.85 0.85 0.85 
TS08 0.85 0.85 0.85 0.85 0.85 0.85 0.85 0.85 0.85 0.85 0.85 0.85 0.85 0.85 0.85 0.85 0.85 0.85 0.85 0.85 0.85 0.85 0.85 0.85 0.85 0.85 0.85 0.85 0.85 0.85 0.85 0.85 
TS09 0.85 0.85 0.85 0.85 0.85 0.85 0.85 0.85 0.85 0.85 0.85 0.85 0.85 0.85 0.85 0.85 0.85 0.85 0.85 0.85 0.85 0.85 0.85 0.85 0.85 0.85 0.85 0.85 0.85 0.85 0.85 0.85 
TS10 0.85 0.85 0.85 0.85 0.85 0.85 0.85 0.85 0.85 0.85 0.85 0.85 0.85 0.85 0.85 0.85 0.85 0.85 0.85 0.85 0.85 0.85 0.85 0.85 0.85 0.85 0.85 0.85 0.85 0.85 0.85 0.85 
TS11 0.85 0.85 0.85 0.85 0.85 0.85 0.85 0.85 0.85 0.85 0.85 0.85 0.85 0.85 0.85 0.85 0.85 0.85 0.85 0.85 0.85 0.85 0.85 0.85 0.85 0.85 0.85 0.85 0.85 0.85 0.85 0.85 
TS12 0.85 0.85 0.85 0.85 0.85 0.85 0.85 0.85 0.85 0.85 0.85 0.85 0.85 0.85 0.85 0.85 0.85 0.85 0.85 0.85 0.85 0.85 0.85 0.85 0.85 0.85 0.85 0.85 0.85 0.85 0.85 0.85 
TS13 0.85 0.85 0.85 0.85 0.85 0.85 0.85 0.85 0.85 0.85 0.85 0.85 0.85 0.85 0.85 0.85 0.85 0.85 0.85 0.85 0.85 0.85 0.85 0.85 0.85 0.85 0.85 0.85 0.85 0.85 0.85 0.85 
TS14 0.85 0.85 0.85 0.85 0.85 0.85 0.85 0.85 0.85 0.85 0.85 0.85 0.85 0.85 0.85 0.85 0.85 0.85 0.85 0.85 0.85 0.85 0.85 0.85 0.85 0.85 0.85 0.85 0.85 0.85 0.85 0.85 
TS15 0.85 0.85 0.85 0.85 0.85 0.85 0.85 0.85 0.85 0.85 0.85 0.85 0.85 0.85 0.85 0.85 0.85 0.85 0.85 0.85 0.85 0.85 0.85 0.85 0.85 0.85 0.85 0.85 0.85 0.85 0.85 0.85 
TS16 0.85 0.85 0.85 0.85 0.85 0.85 0.85 0.85 0.85 0.85 0.85 0.85 0.85 0.85 0.85 0.85 0.85 0.85 0.85 0.85 0.85 0.85 0.85 0.85 0.85 0.85 0.85 0.85 0.85 0.85 0.85 0.85 
TS17 0.85 0.85 0.85 0.85 0.85 0.85 0.85 0.85 0.85 0.85 0.85 0.85 0.85 0.85 0.85 0.85 0.85 0.85 0.85 0.85 0.85 0.85 0.85 0.85 0.85 0.85 0.85 0.85 0.85 0.85 0.85 0.85 
TS18 0.85 0.85 0.85 0.85 0.85 0.85 0.85 0.85 0.85 0.85 0.85 0.85 0.85 0.85 0.85 0.85 0.85 0.85 0.85 0.85 0.85 0.85 0.85 0.85 0.85 0.85 0.85 0.85 0.85 0.85 0.85 0.85 
TS19 0.85 0.85 0.85 0.85 0.85 0.85 0.85 0.85 0.85 0.85 0.85 0.85 0.85 0.85 0.85 0.85 0.85 0.85 0.85 0.85 0.85 0.85 0.85 0.85 0.85 0.85 0.85 0.85 0.85 0.85 0.85 0.85 
TS20 0.85 0.85 0.85 0.85 0.85 0.85 0.85 0.85 0.85 0.85 0.85 0.85 0.85 0.85 0.85 0.85 0.85 0.85 0.85 0.85 0.85 0.85 0.85 0.85 0.85 0.85 0.85 0.85 0.85 0.85 0.85 0.85 
TS21 0.85 0.85 0.85 0.85 0.85 0.85 0.85 0.85 0.85 0.85 0.85 0.85 0.85 0.85 0.85 0.85 0.85 0.85 0.85 0.85 0.85 0.85 0.85 0.85 0.85 0.85 0.85 0.85 0.85 0.85 0.85 0.85 
TS22 0.85 0.85 0.85 0.85 0.85 0.85 0.85 0.85 0.85 0.85 0.85 0.85 0.85 0.85 0.85 0.85 0.85 0.85 0.85 0.85 0.85 0.85 0.85 0.85 0.85 0.85 0.85 0.85 0.85 0.85 0.85 0.85 
TS23 0.85 0.85 0.85 0.85 0.85 0.85 0.85 0.85 0.85 0.85 0.85 0.85 0.85 0.85 0.85 0.85 0.85 0.85 0.85 0.85 0.85 0.85 0.85 0.85 0.85 0.85 0.85 0.85 0.85 0.85 0.85 0.85 
TS24 0.85 0.85 0.85 0.85 0.85 0.85 0.85 0.85 0.85 0.85 0.85 0.85 0.85 0.85 0.85 0.85 0.85 0.85 0.85 0.85 0.85 0.85 0.85 0.85 0.85 0.85 0.85 0.85 0.85 0.85 0.85 0.85 
TS25 0.85 0.85 0.85 0.85 0.85 0.85 0.85 0.85 0.85 0.85 0.85 0.85 0.85 0.85 0.85 0.85 0.85 0.85 0.85 0.85 0.85 0.85 0.85 0.85 0.85 0.85 0.85 0.85 0.85 0.85 0.85 0.85 
TS26 0.85 0.85 0.85 0.85 0.85 0.85 0.85 0.85 0.85 0.85 0.85 0.85 0.85 0.85 0.85 0.85 0.85 0.85 0.85 0.85 0.85 0.85 0.85 0.85 0.85 0.85 0.85 0.85 0.85 0.85 0.85 0.85 
TS27 0.85 0.85 0.85 0.85 0.85 0.85 0.85 0.85 0.85 0.85 0.85 0.85 0.85 0.85 0.85 0.85 0.85 0.85 0.85 0.85 0.85 0.85 0.85 0.85 0.85 0.85 0.85 0.85 0.85 0.85 0.85 0.85 
TS28 0.85 0.85 0.85 0.85 0.85 0.85 0.85 0.85 0.85 0.85 0.85 0.85 0.85 0.85 0.85 0.85 0.85 0.85 0.85 0.85 0.85 0.85 0.85 0.85 0.85 0.85 0.85 0.85 0.85 0.85 0.85 0.85 
TS29 0.85 0.85 0.85 0.85 0.85 0.85 0.85 0.85 0.85 0.85 0.85 0.85 0.85 0.85 0.85 0.85 0.85 0.85 0.85 0.85 0.85 0.85 0.85 0.85 0.85 0.85 0.85 0.85 0.85 0.85 0.85 0.85 
TS30 0.85 0.85 0.85 0.85 0.85 0.85 0.85 0.85 0.85 0.85 0.85 0.85 0.85 0.85 0.85 0.85 0.85 0.85 0.85 0.85 0.85 0.85 0.85 0.85 0.85 0.85 0.85 0.85 0.85 0.85 0.85 0.85 
TS31 0.85 0.85 0.85 0.85 0.85 0.85 0.85 0.85 0.85 0.85 0.85 0.85 0.85 0.85 0.85 0.85 0.85 0.85 0.85 0.85 0.85 0.85 0.85 0.85 0.85 0.85 0.85 0.85 0.85 0.85 0.85 0.85 
TS32 0.85 0.85 0.85 0.85 0.85 0.85 0.85 0.85 0.85 0.85 0.85 0.85 0.85 0.85 0.85 0.85 0.85 0.85 0.85 0.85 0.85 0.85 0.85 0.85 0.85 0.85 0.85 0.85 0.85 0.85 0.85 0.85 
TS33 0.85 0.85 0.85 0.85 0.85 0.85 0.85 0.85 0.85 0.85 0.85 0.85 0.85 0.85 0.85 0.85 0.85 0.85 0.85 0.85 0.85 0.85 0.85 0.85 0.85 0.85 0.85 0.85 0.85 0.85 0.85 0.85 
TS34 0.85 0.85 0.85 0.85 0.85 0.85 0.85 0.85 0.85 0.85 0.85 0.85 0.85 0.85 0.85 0.85 0.85 0.85 0.85 0.85 0.85 0.85 0.85 0.85 0.85 0.85 0.85 0.85 0.85 0.85 0.85 0.85 
TS35 0.85 0.85 0.85 0.85 0.85 0.85 0.85 0.85 0.85 0.85 0.85 0.85 0.85 0.85 0.85 0.85 0.85 0.85 0.85 0.85 0.85 0.85 0.85 0.85 0.85 0.85 0.85 0.85 0.85 0.85 0.85 0.85 
TS36 0.85 0.85 0.85 0.85 0.85 0.85 0.85 0.85 0.85 0.85 0.85 0.85 0.85 0.85 0.85 0.85 0.85 0.85 0.85 0.85 0.85 0.85 0.85 0.85 0.85 0.85 0.85 0.85 0.85 0.85 0.85 0.85 
TS37 0.85 0.85 0.85 0.85 0.85 0.85 0.85 0.85 0.85 0.85 0.85 0.85 0.85 0.85 0.85 0.85 0.85 0.85 0.85 0.85 0.85 0.85 0.85 0.85 0.85 0.85 0.85 0.85 0.85 0.85 0.85 0.85 
TS38 0.85 0.85 0.85 0.85 0.85 0.85 0.85 0.85 0.85 0.85 0.85 0.85 0.85 0.85 0.85 0.85 0.85 0.85 0.85 0.85 0.85 0.85 0.85 0.85 0.85 0.85 0.85 0.85 0.85 0.85 0.85 0.85 
TS39 0.85 0.85 0.85 0.85 0.85 0.85 0.85 0.85 0.85 0.85 0.85 0.85 0.85 0.85 0.85 0.85 0.85 0.85 0.85 0.85 0.85 0.85 0.85 0.85 0.85 0.85 0.85 0.85 0.85 0.85 0.85 0.85 
TS40 0.85 0.85 0.85 0.85 0.85 0.85 0.85 0.85 0.85 0.85 0.85 0.85 0.85 0.85 0.85 0.85 0.85 0.85 0.85 0.85 0.85 0.85 0.85 0.85 0.85 0.85 0.85 0.85 0.85 0.85 0.85 0.85 
TS41 0.85 0.85 0.85 0.85 0.85 0.85 0.85 0.85 0.85 0.85 0.85 0.85 0.85 0.85 0.85 0.85 0.85 0.85 0.85 0.85 0.85 0.85 0.85 0.85 0.85 0.85 0.85 0.85 0.85 0.85 0.85 0.85 
TS42 0.85 0.85 0.85 0.85 0.85 0.85 0.85 0.85 0.85 0.85 0.85 0.85 0.85 0.85 0.85 0.85 0.85 0.85 0.85 0.85 0.85 0.85 0.85 0.85 0.85 0.85 0.85 0.85 0.85 0.85 0.85 0.85 
TS43 0.85 0.85 0.85 0.85 0.85 0.85 0.85 0.85 0.85 0.85 0.85 0.85 0.85 0.85 0.85 0.85 0.85 0.85 0.85 0.85 0.85 0.85 0.85 0.85 0.85 0.85 0.85 0.85 0.85 0.85 0.85 0.85 
TS44 0.85 0.85 0.85 0.85 0.85 0.85 0.85 0.85 0.85 0.85 0.85 0.85 0.85 0.85 0.85 0.85 0.85 0.85 0.85 0.85 0.85 0.85 0.85 0.85 0.85 0.85 0.85 0.85 0.85 0.85 0.85 0.85 
TS45 0.85 0.85 0.85 0.85 0.85 0.85 0.85 0.85 0.85 0.85 0.85 0.85 0.85 0.85 0.85 0.85 0.85 0.85 0.85 0.85 0.85 0.85 0.85 0.85 0.85 0.85 0.85 0.85 0.85 0.85 0.85 0.85 
TS46 0.85 0.85 0.85 0.85 0.85 0.85 0.85 0.85 0.85 0.85 0.85 0.85 0.85 0.85 0.85 0.85 0.85 0.85 0.85 0.85 0.85 0.85 0.85 0.85 0.85 0.85 0.85 0.85 0.85 0.85 0.85 0.85 
TS47 0.85 0.85 0.85 0.85 0.85 0.85 0.85 0.85 0.85 0.85 0.85 0.85 0.85 0.85 0.85 0.85 0.85 0.85 0.85 0.85 0.85 0.85 0.85 0.85 0.85 0.85 0.85 0.85 0.85 0.85 0.85 0.85 
TS48 0.85 0.85 0.85 0.85 0.85 0.85 0.85 0.85 0.85 0.85 0.85 0.85 0.85 0.85 0.85 0.85 0.85 0.85 0.85 0.85 0.85 0.85 0.85 0.85 0.85 0.85 0.85 0.85 0.85 0.85 0.85 0.85 
[RE1,PWRBIO001,*,*]:
2019 2020 2021 2022 2023 2024 2025 2026 2027 2028 2029 2030 2031 2032 2033 2034 2035 2036 2037 2038 2039 2040 2041 2042 2043 2044 2045 2046 2047 2048 2049 2050 :=
TS01 0.5 0.5 0.5 0.5 0.5 0.5 0.5 0.5 0.5 0.5 0.5 0.5 0.5 0.5 0.5 0.5 0.5 0.5 0.5 0.5 0.5 0.5 0.5 0.5 0.5 0.5 0.5 0.5 0.5 0.5 0.5 0.5 
TS02 0.5 0.5 0.5 0.5 0.5 0.5 0.5 0.5 0.5 0.5 0.5 0.5 0.5 0.5 0.5 0.5 0.5 0.5 0.5 0.5 0.5 0.5 0.5 0.5 0.5 0.5 0.5 0.5 0.5 0.5 0.5 0.5 
TS03 0.5 0.5 0.5 0.5 0.5 0.5 0.5 0.5 0.5 0.5 0.5 0.5 0.5 0.5 0.5 0.5 0.5 0.5 0.5 0.5 0.5 0.5 0.5 0.5 0.5 0.5 0.5 0.5 0.5 0.5 0.5 0.5 
TS04 0.5 0.5 0.5 0.5 0.5 0.5 0.5 0.5 0.5 0.5 0.5 0.5 0.5 0.5 0.5 0.5 0.5 0.5 0.5 0.5 0.5 0.5 0.5 0.5 0.5 0.5 0.5 0.5 0.5 0.5 0.5 0.5 
TS05 0.5 0.5 0.5 0.5 0.5 0.5 0.5 0.5 0.5 0.5 0.5 0.5 0.5 0.5 0.5 0.5 0.5 0.5 0.5 0.5 0.5 0.5 0.5 0.5 0.5 0.5 0.5 0.5 0.5 0.5 0.5 0.5 
TS06 0.5 0.5 0.5 0.5 0.5 0.5 0.5 0.5 0.5 0.5 0.5 0.5 0.5 0.5 0.5 0.5 0.5 0.5 0.5 0.5 0.5 0.5 0.5 0.5 0.5 0.5 0.5 0.5 0.5 0.5 0.5 0.5 
TS07 0.5 0.5 0.5 0.5 0.5 0.5 0.5 0.5 0.5 0.5 0.5 0.5 0.5 0.5 0.5 0.5 0.5 0.5 0.5 0.5 0.5 0.5 0.5 0.5 0.5 0.5 0.5 0.5 0.5 0.5 0.5 0.5 
TS08 0.5 0.5 0.5 0.5 0.5 0.5 0.5 0.5 0.5 0.5 0.5 0.5 0.5 0.5 0.5 0.5 0.5 0.5 0.5 0.5 0.5 0.5 0.5 0.5 0.5 0.5 0.5 0.5 0.5 0.5 0.5 0.5 
TS09 0.5 0.5 0.5 0.5 0.5 0.5 0.5 0.5 0.5 0.5 0.5 0.5 0.5 0.5 0.5 0.5 0.5 0.5 0.5 0.5 0.5 0.5 0.5 0.5 0.5 0.5 0.5 0.5 0.5 0.5 0.5 0.5 
TS10 0.5 0.5 0.5 0.5 0.5 0.5 0.5 0.5 0.5 0.5 0.5 0.5 0.5 0.5 0.5 0.5 0.5 0.5 0.5 0.5 0.5 0.5 0.5 0.5 0.5 0.5 0.5 0.5 0.5 0.5 0.5 0.5 
TS11 0.5 0.5 0.5 0.5 0.5 0.5 0.5 0.5 0.5 0.5 0.5 0.5 0.5 0.5 0.5 0.5 0.5 0.5 0.5 0.5 0.5 0.5 0.5 0.5 0.5 0.5 0.5 0.5 0.5 0.5 0.5 0.5 
TS12 0.5 0.5 0.5 0.5 0.5 0.5 0.5 0.5 0.5 0.5 0.5 0.5 0.5 0.5 0.5 0.5 0.5 0.5 0.5 0.5 0.5 0.5 0.5 0.5 0.5 0.5 0.5 0.5 0.5 0.5 0.5 0.5 
TS13 0.5 0.5 0.5 0.5 0.5 0.5 0.5 0.5 0.5 0.5 0.5 0.5 0.5 0.5 0.5 0.5 0.5 0.5 0.5 0.5 0.5 0.5 0.5 0.5 0.5 0.5 0.5 0.5 0.5 0.5 0.5 0.5 
TS14 0.5 0.5 0.5 0.5 0.5 0.5 0.5 0.5 0.5 0.5 0.5 0.5 0.5 0.5 0.5 0.5 0.5 0.5 0.5 0.5 0.5 0.5 0.5 0.5 0.5 0.5 0.5 0.5 0.5 0.5 0.5 0.5 
TS15 0.5 0.5 0.5 0.5 0.5 0.5 0.5 0.5 0.5 0.5 0.5 0.5 0.5 0.5 0.5 0.5 0.5 0.5 0.5 0.5 0.5 0.5 0.5 0.5 0.5 0.5 0.5 0.5 0.5 0.5 0.5 0.5 
TS16 0.5 0.5 0.5 0.5 0.5 0.5 0.5 0.5 0.5 0.5 0.5 0.5 0.5 0.5 0.5 0.5 0.5 0.5 0.5 0.5 0.5 0.5 0.5 0.5 0.5 0.5 0.5 0.5 0.5 0.5 0.5 0.5 
TS17 0.5 0.5 0.5 0.5 0.5 0.5 0.5 0.5 0.5 0.5 0.5 0.5 0.5 0.5 0.5 0.5 0.5 0.5 0.5 0.5 0.5 0.5 0.5 0.5 0.5 0.5 0.5 0.5 0.5 0.5 0.5 0.5 
TS18 0.5 0.5 0.5 0.5 0.5 0.5 0.5 0.5 0.5 0.5 0.5 0.5 0.5 0.5 0.5 0.5 0.5 0.5 0.5 0.5 0.5 0.5 0.5 0.5 0.5 0.5 0.5 0.5 0.5 0.5 0.5 0.5 
TS19 0.5 0.5 0.5 0.5 0.5 0.5 0.5 0.5 0.5 0.5 0.5 0.5 0.5 0.5 0.5 0.5 0.5 0.5 0.5 0.5 0.5 0.5 0.5 0.5 0.5 0.5 0.5 0.5 0.5 0.5 0.5 0.5 
TS20 0.5 0.5 0.5 0.5 0.5 0.5 0.5 0.5 0.5 0.5 0.5 0.5 0.5 0.5 0.5 0.5 0.5 0.5 0.5 0.5 0.5 0.5 0.5 0.5 0.5 0.5 0.5 0.5 0.5 0.5 0.5 0.5 
TS21 0.5 0.5 0.5 0.5 0.5 0.5 0.5 0.5 0.5 0.5 0.5 0.5 0.5 0.5 0.5 0.5 0.5 0.5 0.5 0.5 0.5 0.5 0.5 0.5 0.5 0.5 0.5 0.5 0.5 0.5 0.5 0.5 
TS22 0.5 0.5 0.5 0.5 0.5 0.5 0.5 0.5 0.5 0.5 0.5 0.5 0.5 0.5 0.5 0.5 0.5 0.5 0.5 0.5 0.5 0.5 0.5 0.5 0.5 0.5 0.5 0.5 0.5 0.5 0.5 0.5 
TS23 0.5 0.5 0.5 0.5 0.5 0.5 0.5 0.5 0.5 0.5 0.5 0.5 0.5 0.5 0.5 0.5 0.5 0.5 0.5 0.5 0.5 0.5 0.5 0.5 0.5 0.5 0.5 0.5 0.5 0.5 0.5 0.5 
TS24 0.5 0.5 0.5 0.5 0.5 0.5 0.5 0.5 0.5 0.5 0.5 0.5 0.5 0.5 0.5 0.5 0.5 0.5 0.5 0.5 0.5 0.5 0.5 0.5 0.5 0.5 0.5 0.5 0.5 0.5 0.5 0.5 
TS25 0.5 0.5 0.5 0.5 0.5 0.5 0.5 0.5 0.5 0.5 0.5 0.5 0.5 0.5 0.5 0.5 0.5 0.5 0.5 0.5 0.5 0.5 0.5 0.5 0.5 0.5 0.5 0.5 0.5 0.5 0.5 0.5 
TS26 0.5 0.5 0.5 0.5 0.5 0.5 0.5 0.5 0.5 0.5 0.5 0.5 0.5 0.5 0.5 0.5 0.5 0.5 0.5 0.5 0.5 0.5 0.5 0.5 0.5 0.5 0.5 0.5 0.5 0.5 0.5 0.5 
TS27 0.5 0.5 0.5 0.5 0.5 0.5 0.5 0.5 0.5 0.5 0.5 0.5 0.5 0.5 0.5 0.5 0.5 0.5 0.5 0.5 0.5 0.5 0.5 0.5 0.5 0.5 0.5 0.5 0.5 0.5 0.5 0.5 
TS28 0.5 0.5 0.5 0.5 0.5 0.5 0.5 0.5 0.5 0.5 0.5 0.5 0.5 0.5 0.5 0.5 0.5 0.5 0.5 0.5 0.5 0.5 0.5 0.5 0.5 0.5 0.5 0.5 0.5 0.5 0.5 0.5 
TS29 0.5 0.5 0.5 0.5 0.5 0.5 0.5 0.5 0.5 0.5 0.5 0.5 0.5 0.5 0.5 0.5 0.5 0.5 0.5 0.5 0.5 0.5 0.5 0.5 0.5 0.5 0.5 0.5 0.5 0.5 0.5 0.5 
TS30 0.5 0.5 0.5 0.5 0.5 0.5 0.5 0.5 0.5 0.5 0.5 0.5 0.5 0.5 0.5 0.5 0.5 0.5 0.5 0.5 0.5 0.5 0.5 0.5 0.5 0.5 0.5 0.5 0.5 0.5 0.5 0.5 
TS31 0.5 0.5 0.5 0.5 0.5 0.5 0.5 0.5 0.5 0.5 0.5 0.5 0.5 0.5 0.5 0.5 0.5 0.5 0.5 0.5 0.5 0.5 0.5 0.5 0.5 0.5 0.5 0.5 0.5 0.5 0.5 0.5 
TS32 0.5 0.5 0.5 0.5 0.5 0.5 0.5 0.5 0.5 0.5 0.5 0.5 0.5 0.5 0.5 0.5 0.5 0.5 0.5 0.5 0.5 0.5 0.5 0.5 0.5 0.5 0.5 0.5 0.5 0.5 0.5 0.5 
TS33 0.5 0.5 0.5 0.5 0.5 0.5 0.5 0.5 0.5 0.5 0.5 0.5 0.5 0.5 0.5 0.5 0.5 0.5 0.5 0.5 0.5 0.5 0.5 0.5 0.5 0.5 0.5 0.5 0.5 0.5 0.5 0.5 
TS34 0.5 0.5 0.5 0.5 0.5 0.5 0.5 0.5 0.5 0.5 0.5 0.5 0.5 0.5 0.5 0.5 0.5 0.5 0.5 0.5 0.5 0.5 0.5 0.5 0.5 0.5 0.5 0.5 0.5 0.5 0.5 0.5 
TS35 0.5 0.5 0.5 0.5 0.5 0.5 0.5 0.5 0.5 0.5 0.5 0.5 0.5 0.5 0.5 0.5 0.5 0.5 0.5 0.5 0.5 0.5 0.5 0.5 0.5 0.5 0.5 0.5 0.5 0.5 0.5 0.5 
TS36 0.5 0.5 0.5 0.5 0.5 0.5 0.5 0.5 0.5 0.5 0.5 0.5 0.5 0.5 0.5 0.5 0.5 0.5 0.5 0.5 0.5 0.5 0.5 0.5 0.5 0.5 0.5 0.5 0.5 0.5 0.5 0.5 
TS37 0.5 0.5 0.5 0.5 0.5 0.5 0.5 0.5 0.5 0.5 0.5 0.5 0.5 0.5 0.5 0.5 0.5 0.5 0.5 0.5 0.5 0.5 0.5 0.5 0.5 0.5 0.5 0.5 0.5 0.5 0.5 0.5 
TS38 0.5 0.5 0.5 0.5 0.5 0.5 0.5 0.5 0.5 0.5 0.5 0.5 0.5 0.5 0.5 0.5 0.5 0.5 0.5 0.5 0.5 0.5 0.5 0.5 0.5 0.5 0.5 0.5 0.5 0.5 0.5 0.5 
TS39 0.5 0.5 0.5 0.5 0.5 0.5 0.5 0.5 0.5 0.5 0.5 0.5 0.5 0.5 0.5 0.5 0.5 0.5 0.5 0.5 0.5 0.5 0.5 0.5 0.5 0.5 0.5 0.5 0.5 0.5 0.5 0.5 
TS40 0.5 0.5 0.5 0.5 0.5 0.5 0.5 0.5 0.5 0.5 0.5 0.5 0.5 0.5 0.5 0.5 0.5 0.5 0.5 0.5 0.5 0.5 0.5 0.5 0.5 0.5 0.5 0.5 0.5 0.5 0.5 0.5 
TS41 0.5 0.5 0.5 0.5 0.5 0.5 0.5 0.5 0.5 0.5 0.5 0.5 0.5 0.5 0.5 0.5 0.5 0.5 0.5 0.5 0.5 0.5 0.5 0.5 0.5 0.5 0.5 0.5 0.5 0.5 0.5 0.5 
TS42 0.5 0.5 0.5 0.5 0.5 0.5 0.5 0.5 0.5 0.5 0.5 0.5 0.5 0.5 0.5 0.5 0.5 0.5 0.5 0.5 0.5 0.5 0.5 0.5 0.5 0.5 0.5 0.5 0.5 0.5 0.5 0.5 
TS43 0.5 0.5 0.5 0.5 0.5 0.5 0.5 0.5 0.5 0.5 0.5 0.5 0.5 0.5 0.5 0.5 0.5 0.5 0.5 0.5 0.5 0.5 0.5 0.5 0.5 0.5 0.5 0.5 0.5 0.5 0.5 0.5 
TS44 0.5 0.5 0.5 0.5 0.5 0.5 0.5 0.5 0.5 0.5 0.5 0.5 0.5 0.5 0.5 0.5 0.5 0.5 0.5 0.5 0.5 0.5 0.5 0.5 0.5 0.5 0.5 0.5 0.5 0.5 0.5 0.5 
TS45 0.5 0.5 0.5 0.5 0.5 0.5 0.5 0.5 0.5 0.5 0.5 0.5 0.5 0.5 0.5 0.5 0.5 0.5 0.5 0.5 0.5 0.5 0.5 0.5 0.5 0.5 0.5 0.5 0.5 0.5 0.5 0.5 
TS46 0.5 0.5 0.5 0.5 0.5 0.5 0.5 0.5 0.5 0.5 0.5 0.5 0.5 0.5 0.5 0.5 0.5 0.5 0.5 0.5 0.5 0.5 0.5 0.5 0.5 0.5 0.5 0.5 0.5 0.5 0.5 0.5 
TS47 0.5 0.5 0.5 0.5 0.5 0.5 0.5 0.5 0.5 0.5 0.5 0.5 0.5 0.5 0.5 0.5 0.5 0.5 0.5 0.5 0.5 0.5 0.5 0.5 0.5 0.5 0.5 0.5 0.5 0.5 0.5 0.5 
TS48 0.5 0.5 0.5 0.5 0.5 0.5 0.5 0.5 0.5 0.5 0.5 0.5 0.5 0.5 0.5 0.5 0.5 0.5 0.5 0.5 0.5 0.5 0.5 0.5 0.5 0.5 0.5 0.5 0.5 0.5 0.5 0.5 
[RE1,PWRHYD001,*,*]:
2019 2020 2021 2022 2023 2024 2025 2026 2027 2028 2029 2030 2031 2032 2033 2034 2035 2036 2037 2038 2039 2040 2041 2042 2043 2044 2045 2046 2047 2048 2049 2050 :=
TS01 0.336 0.336 0.336 0.336 0.336 0.336 0.336 0.336 0.336 0.336 0.336 0.336 0.336 0.336 0.336 0.336 0.336 0.336 0.336 0.336 0.336 0.336 0.336 0.336 0.336 0.336 0.336 0.336 0.336 0.336 0.336 0.336 
TS02 0.336 0.336 0.336 0.336 0.336 0.336 0.336 0.336 0.336 0.336 0.336 0.336 0.336 0.336 0.336 0.336 0.336 0.336 0.336 0.336 0.336 0.336 0.336 0.336 0.336 0.336 0.336 0.336 0.336 0.336 0.336 0.336 
TS03 0.336 0.336 0.336 0.336 0.336 0.336 0.336 0.336 0.336 0.336 0.336 0.336 0.336 0.336 0.336 0.336 0.336 0.336 0.336 0.336 0.336 0.336 0.336 0.336 0.336 0.336 0.336 0.336 0.336 0.336 0.336 0.336 
TS04 0.336 0.336 0.336 0.336 0.336 0.336 0.336 0.336 0.336 0.336 0.336 0.336 0.336 0.336 0.336 0.336 0.336 0.336 0.336 0.336 0.336 0.336 0.336 0.336 0.336 0.336 0.336 0.336 0.336 0.336 0.336 0.336 
TS05 0.336 0.336 0.336 0.336 0.336 0.336 0.336 0.336 0.336 0.336 0.336 0.336 0.336 0.336 0.336 0.336 0.336 0.336 0.336 0.336 0.336 0.336 0.336 0.336 0.336 0.336 0.336 0.336 0.336 0.336 0.336 0.336 
TS06 0.336 0.336 0.336 0.336 0.336 0.336 0.336 0.336 0.336 0.336 0.336 0.336 0.336 0.336 0.336 0.336 0.336 0.336 0.336 0.336 0.336 0.336 0.336 0.336 0.336 0.336 0.336 0.336 0.336 0.336 0.336 0.336 
TS07 0.336 0.336 0.336 0.336 0.336 0.336 0.336 0.336 0.336 0.336 0.336 0.336 0.336 0.336 0.336 0.336 0.336 0.336 0.336 0.336 0.336 0.336 0.336 0.336 0.336 0.336 0.336 0.336 0.336 0.336 0.336 0.336 
TS08 0.336 0.336 0.336 0.336 0.336 0.336 0.336 0.336 0.336 0.336 0.336 0.336 0.336 0.336 0.336 0.336 0.336 0.336 0.336 0.336 0.336 0.336 0.336 0.336 0.336 0.336 0.336 0.336 0.336 0.336 0.336 0.336 
TS09 0.336 0.336 0.336 0.336 0.336 0.336 0.336 0.336 0.336 0.336 0.336 0.336 0.336 0.336 0.336 0.336 0.336 0.336 0.336 0.336 0.336 0.336 0.336 0.336 0.336 0.336 0.336 0.336 0.336 0.336 0.336 0.336 
TS10 0.336 0.336 0.336 0.336 0.336 0.336 0.336 0.336 0.336 0.336 0.336 0.336 0.336 0.336 0.336 0.336 0.336 0.336 0.336 0.336 0.336 0.336 0.336 0.336 0.336 0.336 0.336 0.336 0.336 0.336 0.336 0.336 
TS11 0.336 0.336 0.336 0.336 0.336 0.336 0.336 0.336 0.336 0.336 0.336 0.336 0.336 0.336 0.336 0.336 0.336 0.336 0.336 0.336 0.336 0.336 0.336 0.336 0.336 0.336 0.336 0.336 0.336 0.336 0.336 0.336 
TS12 0.336 0.336 0.336 0.336 0.336 0.336 0.336 0.336 0.336 0.336 0.336 0.336 0.336 0.336 0.336 0.336 0.336 0.336 0.336 0.336 0.336 0.336 0.336 0.336 0.336 0.336 0.336 0.336 0.336 0.336 0.336 0.336 
TS13 0.7873 0.7873 0.7873 0.7873 0.7873 0.7873 0.7873 0.7873 0.7873 0.7873 0.7873 0.7873 0.7873 0.7873 0.7873 0.7873 0.7873 0.7873 0.7873 0.7873 0.7873 0.7873 0.7873 0.7873 0.7873 0.7873 0.7873 0.7873 0.7873 0.7873 0.7873 0.7873 
TS14 0.7873 0.7873 0.7873 0.7873 0.7873 0.7873 0.7873 0.7873 0.7873 0.7873 0.7873 0.7873 0.7873 0.7873 0.7873 0.7873 0.7873 0.7873 0.7873 0.7873 0.7873 0.7873 0.7873 0.7873 0.7873 0.7873 0.7873 0.7873 0.7873 0.7873 0.7873 0.7873 
TS15 0.7873 0.7873 0.7873 0.7873 0.7873 0.7873 0.7873 0.7873 0.7873 0.7873 0.7873 0.7873 0.7873 0.7873 0.7873 0.7873 0.7873 0.7873 0.7873 0.7873 0.7873 0.7873 0.7873 0.7873 0.7873 0.7873 0.7873 0.7873 0.7873 0.7873 0.7873 0.7873 
TS16 0.7873 0.7873 0.7873 0.7873 0.7873 0.7873 0.7873 0.7873 0.7873 0.7873 0.7873 0.7873 0.7873 0.7873 0.7873 0.7873 0.7873 0.7873 0.7873 0.7873 0.7873 0.7873 0.7873 0.7873 0.7873 0.7873 0.7873 0.7873 0.7873 0.7873 0.7873 0.7873 
TS17 0.7873 0.7873 0.7873 0.7873 0.7873 0.7873 0.7873 0.7873 0.7873 0.7873 0.7873 0.7873 0.7873 0.7873 0.7873 0.7873 0.7873 0.7873 0.7873 0.7873 0.7873 0.7873 0.7873 0.7873 0.7873 0.7873 0.7873 0.7873 0.7873 0.7873 0.7873 0.7873 
TS18 0.7873 0.7873 0.7873 0.7873 0.7873 0.7873 0.7873 0.7873 0.7873 0.7873 0.7873 0.7873 0.7873 0.7873 0.7873 0.7873 0.7873 0.7873 0.7873 0.7873 0.7873 0.7873 0.7873 0.7873 0.7873 0.7873 0.7873 0.7873 0.7873 0.7873 0.7873 0.7873 
TS19 0.7873 0.7873 0.7873 0.7873 0.7873 0.7873 0.7873 0.7873 0.7873 0.7873 0.7873 0.7873 0.7873 0.7873 0.7873 0.7873 0.7873 0.7873 0.7873 0.7873 0.7873 0.7873 0.7873 0.7873 0.7873 0.7873 0.7873 0.7873 0.7873 0.7873 0.7873 0.7873 
TS20 0.7873 0.7873 0.7873 0.7873 0.7873 0.7873 0.7873 0.7873 0.7873 0.7873 0.7873 0.7873 0.7873 0.7873 0.7873 0.7873 0.7873 0.7873 0.7873 0.7873 0.7873 0.7873 0.7873 0.7873 0.7873 0.7873 0.7873 0.7873 0.7873 0.7873 0.7873 0.7873 
TS21 0.7873 0.7873 0.7873 0.7873 0.7873 0.7873 0.7873 0.7873 0.7873 0.7873 0.7873 0.7873 0.7873 0.7873 0.7873 0.7873 0.7873 0.7873 0.7873 0.7873 0.7873 0.7873 0.7873 0.7873 0.7873 0.7873 0.7873 0.7873 0.7873 0.7873 0.7873 0.7873 
TS22 0.7873 0.7873 0.7873 0.7873 0.7873 0.7873 0.7873 0.7873 0.7873 0.7873 0.7873 0.7873 0.7873 0.7873 0.7873 0.7873 0.7873 0.7873 0.7873 0.7873 0.7873 0.7873 0.7873 0.7873 0.7873 0.7873 0.7873 0.7873 0.7873 0.7873 0.7873 0.7873 
TS23 0.7873 0.7873 0.7873 0.7873 0.7873 0.7873 0.7873 0.7873 0.7873 0.7873 0.7873 0.7873 0.7873 0.7873 0.7873 0.7873 0.7873 0.7873 0.7873 0.7873 0.7873 0.7873 0.7873 0.7873 0.7873 0.7873 0.7873 0.7873 0.7873 0.7873 0.7873 0.7873 
TS24 0.7873 0.7873 0.7873 0.7873 0.7873 0.7873 0.7873 0.7873 0.7873 0.7873 0.7873 0.7873 0.7873 0.7873 0.7873 0.7873 0.7873 0.7873 0.7873 0.7873 0.7873 0.7873 0.7873 0.7873 0.7873 0.7873 0.7873 0.7873 0.7873 0.7873 0.7873 0.7873 
TS25 0.8076 0.8076 0.8076 0.8076 0.8076 0.8076 0.8076 0.8076 0.8076 0.8076 0.8076 0.8076 0.8076 0.8076 0.8076 0.8076 0.8076 0.8076 0.8076 0.8076 0.8076 0.8076 0.8076 0.8076 0.8076 0.8076 0.8076 0.8076 0.8076 0.8076 0.8076 0.8076 
TS26 0.8076 0.8076 0.8076 0.8076 0.8076 0.8076 0.8076 0.8076 0.8076 0.8076 0.8076 0.8076 0.8076 0.8076 0.8076 0.8076 0.8076 0.8076 0.8076 0.8076 0.8076 0.8076 0.8076 0.8076 0.8076 0.8076 0.8076 0.8076 0.8076 0.8076 0.8076 0.8076 
TS27 0.8076 0.8076 0.8076 0.8076 0.8076 0.8076 0.8076 0.8076 0.8076 0.8076 0.8076 0.8076 0.8076 0.8076 0.8076 0.8076 0.8076 0.8076 0.8076 0.8076 0.8076 0.8076 0.8076 0.8076 0.8076 0.8076 0.8076 0.8076 0.8076 0.8076 0.8076 0.8076 
TS28 0.8076 0.8076 0.8076 0.8076 0.8076 0.8076 0.8076 0.8076 0.8076 0.8076 0.8076 0.8076 0.8076 0.8076 0.8076 0.8076 0.8076 0.8076 0.8076 0.8076 0.8076 0.8076 0.8076 0.8076 0.8076 0.8076 0.8076 0.8076 0.8076 0.8076 0.8076 0.8076 
TS29 0.8076 0.8076 0.8076 0.8076 0.8076 0.8076 0.8076 0.8076 0.8076 0.8076 0.8076 0.8076 0.8076 0.8076 0.8076 0.8076 0.8076 0.8076 0.8076 0.8076 0.8076 0.8076 0.8076 0.8076 0.8076 0.8076 0.8076 0.8076 0.8076 0.8076 0.8076 0.8076 
TS30 0.8076 0.8076 0.8076 0.8076 0.8076 0.8076 0.8076 0.8076 0.8076 0.8076 0.8076 0.8076 0.8076 0.8076 0.8076 0.8076 0.8076 0.8076 0.8076 0.8076 0.8076 0.8076 0.8076 0.8076 0.8076 0.8076 0.8076 0.8076 0.8076 0.8076 0.8076 0.8076 
TS31 0.8076 0.8076 0.8076 0.8076 0.8076 0.8076 0.8076 0.8076 0.8076 0.8076 0.8076 0.8076 0.8076 0.8076 0.8076 0.8076 0.8076 0.8076 0.8076 0.8076 0.8076 0.8076 0.8076 0.8076 0.8076 0.8076 0.8076 0.8076 0.8076 0.8076 0.8076 0.8076 
TS32 0.8076 0.8076 0.8076 0.8076 0.8076 0.8076 0.8076 0.8076 0.8076 0.8076 0.8076 0.8076 0.8076 0.8076 0.8076 0.8076 0.8076 0.8076 0.8076 0.8076 0.8076 0.8076 0.8076 0.8076 0.8076 0.8076 0.8076 0.8076 0.8076 0.8076 0.8076 0.8076 
TS33 0.8076 0.8076 0.8076 0.8076 0.8076 0.8076 0.8076 0.8076 0.8076 0.8076 0.8076 0.8076 0.8076 0.8076 0.8076 0.8076 0.8076 0.8076 0.8076 0.8076 0.8076 0.8076 0.8076 0.8076 0.8076 0.8076 0.8076 0.8076 0.8076 0.8076 0.8076 0.8076 
TS34 0.8076 0.8076 0.8076 0.8076 0.8076 0.8076 0.8076 0.8076 0.8076 0.8076 0.8076 0.8076 0.8076 0.8076 0.8076 0.8076 0.8076 0.8076 0.8076 0.8076 0.8076 0.8076 0.8076 0.8076 0.8076 0.8076 0.8076 0.8076 0.8076 0.8076 0.8076 0.8076 
TS35 0.8076 0.8076 0.8076 0.8076 0.8076 0.8076 0.8076 0.8076 0.8076 0.8076 0.8076 0.8076 0.8076 0.8076 0.8076 0.8076 0.8076 0.8076 0.8076 0.8076 0.8076 0.8076 0.8076 0.8076 0.8076 0.8076 0.8076 0.8076 0.8076 0.8076 0.8076 0.8076 
TS36 0.8076 0.8076 0.8076 0.8076 0.8076 0.8076 0.8076 0.8076 0.8076 0.8076 0.8076 0.8076 0.8076 0.8076 0.8076 0.8076 0.8076 0.8076 0.8076 0.8076 0.8076 0.8076 0.8076 0.8076 0.8076 0.8076 0.8076 0.8076 0.8076 0.8076 0.8076 0.8076 
TS37 0.8201 0.8201 0.8201 0.8201 0.8201 0.8201 0.8201 0.8201 0.8201 0.8201 0.8201 0.8201 0.8201 0.8201 0.8201 0.8201 0.8201 0.8201 0.8201 0.8201 0.8201 0.8201 0.8201 0.8201 0.8201 0.8201 0.8201 0.8201 0.8201 0.8201 0.8201 0.8201 
TS38 0.8201 0.8201 0.8201 0.8201 0.8201 0.8201 0.8201 0.8201 0.8201 0.8201 0.8201 0.8201 0.8201 0.8201 0.8201 0.8201 0.8201 0.8201 0.8201 0.8201 0.8201 0.8201 0.8201 0.8201 0.8201 0.8201 0.8201 0.8201 0.8201 0.8201 0.8201 0.8201 
TS39 0.8201 0.8201 0.8201 0.8201 0.8201 0.8201 0.8201 0.8201 0.8201 0.8201 0.8201 0.8201 0.8201 0.8201 0.8201 0.8201 0.8201 0.8201 0.8201 0.8201 0.8201 0.8201 0.8201 0.8201 0.8201 0.8201 0.8201 0.8201 0.8201 0.8201 0.8201 0.8201 
TS40 0.8201 0.8201 0.8201 0.8201 0.8201 0.8201 0.8201 0.8201 0.8201 0.8201 0.8201 0.8201 0.8201 0.8201 0.8201 0.8201 0.8201 0.8201 0.8201 0.8201 0.8201 0.8201 0.8201 0.8201 0.8201 0.8201 0.8201 0.8201 0.8201 0.8201 0.8201 0.8201 
TS41 0.8201 0.8201 0.8201 0.8201 0.8201 0.8201 0.8201 0.8201 0.8201 0.8201 0.8201 0.8201 0.8201 0.8201 0.8201 0.8201 0.8201 0.8201 0.8201 0.8201 0.8201 0.8201 0.8201 0.8201 0.8201 0.8201 0.8201 0.8201 0.8201 0.8201 0.8201 0.8201 
TS42 0.8201 0.8201 0.8201 0.8201 0.8201 0.8201 0.8201 0.8201 0.8201 0.8201 0.8201 0.8201 0.8201 0.8201 0.8201 0.8201 0.8201 0.8201 0.8201 0.8201 0.8201 0.8201 0.8201 0.8201 0.8201 0.8201 0.8201 0.8201 0.8201 0.8201 0.8201 0.8201 
TS43 0.8201 0.8201 0.8201 0.8201 0.8201 0.8201 0.8201 0.8201 0.8201 0.8201 0.8201 0.8201 0.8201 0.8201 0.8201 0.8201 0.8201 0.8201 0.8201 0.8201 0.8201 0.8201 0.8201 0.8201 0.8201 0.8201 0.8201 0.8201 0.8201 0.8201 0.8201 0.8201 
TS44 0.8201 0.8201 0.8201 0.8201 0.8201 0.8201 0.8201 0.8201 0.8201 0.8201 0.8201 0.8201 0.8201 0.8201 0.8201 0.8201 0.8201 0.8201 0.8201 0.8201 0.8201 0.8201 0.8201 0.8201 0.8201 0.8201 0.8201 0.8201 0.8201 0.8201 0.8201 0.8201 
TS45 0.8201 0.8201 0.8201 0.8201 0.8201 0.8201 0.8201 0.8201 0.8201 0.8201 0.8201 0.8201 0.8201 0.8201 0.8201 0.8201 0.8201 0.8201 0.8201 0.8201 0.8201 0.8201 0.8201 0.8201 0.8201 0.8201 0.8201 0.8201 0.8201 0.8201 0.8201 0.8201 
TS46 0.8201 0.8201 0.8201 0.8201 0.8201 0.8201 0.8201 0.8201 0.8201 0.8201 0.8201 0.8201 0.8201 0.8201 0.8201 0.8201 0.8201 0.8201 0.8201 0.8201 0.8201 0.8201 0.8201 0.8201 0.8201 0.8201 0.8201 0.8201 0.8201 0.8201 0.8201 0.8201 
TS47 0.8201 0.8201 0.8201 0.8201 0.8201 0.8201 0.8201 0.8201 0.8201 0.8201 0.8201 0.8201 0.8201 0.8201 0.8201 0.8201 0.8201 0.8201 0.8201 0.8201 0.8201 0.8201 0.8201 0.8201 0.8201 0.8201 0.8201 0.8201 0.8201 0.8201 0.8201 0.8201 
TS48 0.8201 0.8201 0.8201 0.8201 0.8201 0.8201 0.8201 0.8201 0.8201 0.8201 0.8201 0.8201 0.8201 0.8201 0.8201 0.8201 0.8201 0.8201 0.8201 0.8201 0.8201 0.8201 0.8201 0.8201 0.8201 0.8201 0.8201 0.8201 0.8201 0.8201 0.8201 0.8201 
[RE1,PWRHYD002,*,*]:
2019 2020 2021 2022 2023 2024 2025 2026 2027 2028 2029 2030 2031 2032 2033 2034 2035 2036 2037 2038 2039 2040 2041 2042 2043 2044 2045 2046 2047 2048 2049 2050 :=
TS01 0.5353 0.5353 0.5353 0.5353 0.5353 0.5353 0.5353 0.5353 0.5353 0.5353 0.5353 0.5353 0.5353 0.5353 0.5353 0.5353 0.5353 0.5353 0.5353 0.5353 0.5353 0.5353 0.5353 0.5353 0.5353 0.5353 0.5353 0.5353 0.5353 0.5353 0.5353 0.5353 
TS02 0.5353 0.5353 0.5353 0.5353 0.5353 0.5353 0.5353 0.5353 0.5353 0.5353 0.5353 0.5353 0.5353 0.5353 0.5353 0.5353 0.5353 0.5353 0.5353 0.5353 0.5353 0.5353 0.5353 0.5353 0.5353 0.5353 0.5353 0.5353 0.5353 0.5353 0.5353 0.5353 
TS03 0.5353 0.5353 0.5353 0.5353 0.5353 0.5353 0.5353 0.5353 0.5353 0.5353 0.5353 0.5353 0.5353 0.5353 0.5353 0.5353 0.5353 0.5353 0.5353 0.5353 0.5353 0.5353 0.5353 0.5353 0.5353 0.5353 0.5353 0.5353 0.5353 0.5353 0.5353 0.5353 
TS04 0.5353 0.5353 0.5353 0.5353 0.5353 0.5353 0.5353 0.5353 0.5353 0.5353 0.5353 0.5353 0.5353 0.5353 0.5353 0.5353 0.5353 0.5353 0.5353 0.5353 0.5353 0.5353 0.5353 0.5353 0.5353 0.5353 0.5353 0.5353 0.5353 0.5353 0.5353 0.5353 
TS05 0.5353 0.5353 0.5353 0.5353 0.5353 0.5353 0.5353 0.5353 0.5353 0.5353 0.5353 0.5353 0.5353 0.5353 0.5353 0.5353 0.5353 0.5353 0.5353 0.5353 0.5353 0.5353 0.5353 0.5353 0.5353 0.5353 0.5353 0.5353 0.5353 0.5353 0.5353 0.5353 
TS06 0.5353 0.5353 0.5353 0.5353 0.5353 0.5353 0.5353 0.5353 0.5353 0.5353 0.5353 0.5353 0.5353 0.5353 0.5353 0.5353 0.5353 0.5353 0.5353 0.5353 0.5353 0.5353 0.5353 0.5353 0.5353 0.5353 0.5353 0.5353 0.5353 0.5353 0.5353 0.5353 
TS07 0.5353 0.5353 0.5353 0.5353 0.5353 0.5353 0.5353 0.5353 0.5353 0.5353 0.5353 0.5353 0.5353 0.5353 0.5353 0.5353 0.5353 0.5353 0.5353 0.5353 0.5353 0.5353 0.5353 0.5353 0.5353 0.5353 0.5353 0.5353 0.5353 0.5353 0.5353 0.5353 
TS08 0.5353 0.5353 0.5353 0.5353 0.5353 0.5353 0.5353 0.5353 0.5353 0.5353 0.5353 0.5353 0.5353 0.5353 0.5353 0.5353 0.5353 0.5353 0.5353 0.5353 0.5353 0.5353 0.5353 0.5353 0.5353 0.5353 0.5353 0.5353 0.5353 0.5353 0.5353 0.5353 
TS09 0.5353 0.5353 0.5353 0.5353 0.5353 0.5353 0.5353 0.5353 0.5353 0.5353 0.5353 0.5353 0.5353 0.5353 0.5353 0.5353 0.5353 0.5353 0.5353 0.5353 0.5353 0.5353 0.5353 0.5353 0.5353 0.5353 0.5353 0.5353 0.5353 0.5353 0.5353 0.5353 
TS10 0.5353 0.5353 0.5353 0.5353 0.5353 0.5353 0.5353 0.5353 0.5353 0.5353 0.5353 0.5353 0.5353 0.5353 0.5353 0.5353 0.5353 0.5353 0.5353 0.5353 0.5353 0.5353 0.5353 0.5353 0.5353 0.5353 0.5353 0.5353 0.5353 0.5353 0.5353 0.5353 
TS11 0.5353 0.5353 0.5353 0.5353 0.5353 0.5353 0.5353 0.5353 0.5353 0.5353 0.5353 0.5353 0.5353 0.5353 0.5353 0.5353 0.5353 0.5353 0.5353 0.5353 0.5353 0.5353 0.5353 0.5353 0.5353 0.5353 0.5353 0.5353 0.5353 0.5353 0.5353 0.5353 
TS12 0.5353 0.5353 0.5353 0.5353 0.5353 0.5353 0.5353 0.5353 0.5353 0.5353 0.5353 0.5353 0.5353 0.5353 0.5353 0.5353 0.5353 0.5353 0.5353 0.5353 0.5353 0.5353 0.5353 0.5353 0.5353 0.5353 0.5353 0.5353 0.5353 0.5353 0.5353 0.5353 
TS13 0.544 0.544 0.544 0.544 0.544 0.544 0.544 0.544 0.544 0.544 0.544 0.544 0.544 0.544 0.544 0.544 0.544 0.544 0.544 0.544 0.544 0.544 0.544 0.544 0.544 0.544 0.544 0.544 0.544 0.544 0.544 0.544 
TS14 0.544 0.544 0.544 0.544 0.544 0.544 0.544 0.544 0.544 0.544 0.544 0.544 0.544 0.544 0.544 0.544 0.544 0.544 0.544 0.544 0.544 0.544 0.544 0.544 0.544 0.544 0.544 0.544 0.544 0.544 0.544 0.544 
TS15 0.544 0.544 0.544 0.544 0.544 0.544 0.544 0.544 0.544 0.544 0.544 0.544 0.544 0.544 0.544 0.544 0.544 0.544 0.544 0.544 0.544 0.544 0.544 0.544 0.544 0.544 0.544 0.544 0.544 0.544 0.544 0.544 
TS16 0.544 0.544 0.544 0.544 0.544 0.544 0.544 0.544 0.544 0.544 0.544 0.544 0.544 0.544 0.544 0.544 0.544 0.544 0.544 0.544 0.544 0.544 0.544 0.544 0.544 0.544 0.544 0.544 0.544 0.544 0.544 0.544 
TS17 0.544 0.544 0.544 0.544 0.544 0.544 0.544 0.544 0.544 0.544 0.544 0.544 0.544 0.544 0.544 0.544 0.544 0.544 0.544 0.544 0.544 0.544 0.544 0.544 0.544 0.544 0.544 0.544 0.544 0.544 0.544 0.544 
TS18 0.544 0.544 0.544 0.544 0.544 0.544 0.544 0.544 0.544 0.544 0.544 0.544 0.544 0.544 0.544 0.544 0.544 0.544 0.544 0.544 0.544 0.544 0.544 0.544 0.544 0.544 0.544 0.544 0.544 0.544 0.544 0.544 
TS19 0.544 0.544 0.544 0.544 0.544 0.544 0.544 0.544 0.544 0.544 0.544 0.544 0.544 0.544 0.544 0.544 0.544 0.544 0.544 0.544 0.544 0.544 0.544 0.544 0.544 0.544 0.544 0.544 0.544 0.544 0.544 0.544 
TS20 0.544 0.544 0.544 0.544 0.544 0.544 0.544 0.544 0.544 0.544 0.544 0.544 0.544 0.544 0.544 0.544 0.544 0.544 0.544 0.544 0.544 0.544 0.544 0.544 0.544 0.544 0.544 0.544 0.544 0.544 0.544 0.544 
TS21 0.544 0.544 0.544 0.544 0.544 0.544 0.544 0.544 0.544 0.544 0.544 0.544 0.544 0.544 0.544 0.544 0.544 0.544 0.544 0.544 0.544 0.544 0.544 0.544 0.544 0.544 0.544 0.544 0.544 0.544 0.544 0.544 
TS22 0.544 0.544 0.544 0.544 0.544 0.544 0.544 0.544 0.544 0.544 0.544 0.544 0.544 0.544 0.544 0.544 0.544 0.544 0.544 0.544 0.544 0.544 0.544 0.544 0.544 0.544 0.544 0.544 0.544 0.544 0.544 0.544 
TS23 0.544 0.544 0.544 0.544 0.544 0.544 0.544 0.544 0.544 0.544 0.544 0.544 0.544 0.544 0.544 0.544 0.544 0.544 0.544 0.544 0.544 0.544 0.544 0.544 0.544 0.544 0.544 0.544 0.544 0.544 0.544 0.544 
TS24 0.544 0.544 0.544 0.544 0.544 0.544 0.544 0.544 0.544 0.544 0.544 0.544 0.544 0.544 0.544 0.544 0.544 0.544 0.544 0.544 0.544 0.544 0.544 0.544 0.544 0.544 0.544 0.544 0.544 0.544 0.544 0.544 
TS25 0.5253 0.5253 0.5253 0.5253 0.5253 0.5253 0.5253 0.5253 0.5253 0.5253 0.5253 0.5253 0.5253 0.5253 0.5253 0.5253 0.5253 0.5253 0.5253 0.5253 0.5253 0.5253 0.5253 0.5253 0.5253 0.5253 0.5253 0.5253 0.5253 0.5253 0.5253 0.5253 
TS26 0.5253 0.5253 0.5253 0.5253 0.5253 0.5253 0.5253 0.5253 0.5253 0.5253 0.5253 0.5253 0.5253 0.5253 0.5253 0.5253 0.5253 0.5253 0.5253 0.5253 0.5253 0.5253 0.5253 0.5253 0.5253 0.5253 0.5253 0.5253 0.5253 0.5253 0.5253 0.5253 
TS27 0.5253 0.5253 0.5253 0.5253 0.5253 0.5253 0.5253 0.5253 0.5253 0.5253 0.5253 0.5253 0.5253 0.5253 0.5253 0.5253 0.5253 0.5253 0.5253 0.5253 0.5253 0.5253 0.5253 0.5253 0.5253 0.5253 0.5253 0.5253 0.5253 0.5253 0.5253 0.5253 
TS28 0.5253 0.5253 0.5253 0.5253 0.5253 0.5253 0.5253 0.5253 0.5253 0.5253 0.5253 0.5253 0.5253 0.5253 0.5253 0.5253 0.5253 0.5253 0.5253 0.5253 0.5253 0.5253 0.5253 0.5253 0.5253 0.5253 0.5253 0.5253 0.5253 0.5253 0.5253 0.5253 
TS29 0.5253 0.5253 0.5253 0.5253 0.5253 0.5253 0.5253 0.5253 0.5253 0.5253 0.5253 0.5253 0.5253 0.5253 0.5253 0.5253 0.5253 0.5253 0.5253 0.5253 0.5253 0.5253 0.5253 0.5253 0.5253 0.5253 0.5253 0.5253 0.5253 0.5253 0.5253 0.5253 
TS30 0.5253 0.5253 0.5253 0.5253 0.5253 0.5253 0.5253 0.5253 0.5253 0.5253 0.5253 0.5253 0.5253 0.5253 0.5253 0.5253 0.5253 0.5253 0.5253 0.5253 0.5253 0.5253 0.5253 0.5253 0.5253 0.5253 0.5253 0.5253 0.5253 0.5253 0.5253 0.5253 
TS31 0.5253 0.5253 0.5253 0.5253 0.5253 0.5253 0.5253 0.5253 0.5253 0.5253 0.5253 0.5253 0.5253 0.5253 0.5253 0.5253 0.5253 0.5253 0.5253 0.5253 0.5253 0.5253 0.5253 0.5253 0.5253 0.5253 0.5253 0.5253 0.5253 0.5253 0.5253 0.5253 
TS32 0.5253 0.5253 0.5253 0.5253 0.5253 0.5253 0.5253 0.5253 0.5253 0.5253 0.5253 0.5253 0.5253 0.5253 0.5253 0.5253 0.5253 0.5253 0.5253 0.5253 0.5253 0.5253 0.5253 0.5253 0.5253 0.5253 0.5253 0.5253 0.5253 0.5253 0.5253 0.5253 
TS33 0.5253 0.5253 0.5253 0.5253 0.5253 0.5253 0.5253 0.5253 0.5253 0.5253 0.5253 0.5253 0.5253 0.5253 0.5253 0.5253 0.5253 0.5253 0.5253 0.5253 0.5253 0.5253 0.5253 0.5253 0.5253 0.5253 0.5253 0.5253 0.5253 0.5253 0.5253 0.5253 
TS34 0.5253 0.5253 0.5253 0.5253 0.5253 0.5253 0.5253 0.5253 0.5253 0.5253 0.5253 0.5253 0.5253 0.5253 0.5253 0.5253 0.5253 0.5253 0.5253 0.5253 0.5253 0.5253 0.5253 0.5253 0.5253 0.5253 0.5253 0.5253 0.5253 0.5253 0.5253 0.5253 
TS35 0.5253 0.5253 0.5253 0.5253 0.5253 0.5253 0.5253 0.5253 0.5253 0.5253 0.5253 0.5253 0.5253 0.5253 0.5253 0.5253 0.5253 0.5253 0.5253 0.5253 0.5253 0.5253 0.5253 0.5253 0.5253 0.5253 0.5253 0.5253 0.5253 0.5253 0.5253 0.5253 
TS36 0.5253 0.5253 0.5253 0.5253 0.5253 0.5253 0.5253 0.5253 0.5253 0.5253 0.5253 0.5253 0.5253 0.5253 0.5253 0.5253 0.5253 0.5253 0.5253 0.5253 0.5253 0.5253 0.5253 0.5253 0.5253 0.5253 0.5253 0.5253 0.5253 0.5253 0.5253 0.5253 
TS37 0.5601 0.5601 0.5601 0.5601 0.5601 0.5601 0.5601 0.5601 0.5601 0.5601 0.5601 0.5601 0.5601 0.5601 0.5601 0.5601 0.5601 0.5601 0.5601 0.5601 0.5601 0.5601 0.5601 0.5601 0.5601 0.5601 0.5601 0.5601 0.5601 0.5601 0.5601 0.5601 
TS38 0.5601 0.5601 0.5601 0.5601 0.5601 0.5601 0.5601 0.5601 0.5601 0.5601 0.5601 0.5601 0.5601 0.5601 0.5601 0.5601 0.5601 0.5601 0.5601 0.5601 0.5601 0.5601 0.5601 0.5601 0.5601 0.5601 0.5601 0.5601 0.5601 0.5601 0.5601 0.5601 
TS39 0.5601 0.5601 0.5601 0.5601 0.5601 0.5601 0.5601 0.5601 0.5601 0.5601 0.5601 0.5601 0.5601 0.5601 0.5601 0.5601 0.5601 0.5601 0.5601 0.5601 0.5601 0.5601 0.5601 0.5601 0.5601 0.5601 0.5601 0.5601 0.5601 0.5601 0.5601 0.5601 
TS40 0.5601 0.5601 0.5601 0.5601 0.5601 0.5601 0.5601 0.5601 0.5601 0.5601 0.5601 0.5601 0.5601 0.5601 0.5601 0.5601 0.5601 0.5601 0.5601 0.5601 0.5601 0.5601 0.5601 0.5601 0.5601 0.5601 0.5601 0.5601 0.5601 0.5601 0.5601 0.5601 
TS41 0.5601 0.5601 0.5601 0.5601 0.5601 0.5601 0.5601 0.5601 0.5601 0.5601 0.5601 0.5601 0.5601 0.5601 0.5601 0.5601 0.5601 0.5601 0.5601 0.5601 0.5601 0.5601 0.5601 0.5601 0.5601 0.5601 0.5601 0.5601 0.5601 0.5601 0.5601 0.5601 
TS42 0.5601 0.5601 0.5601 0.5601 0.5601 0.5601 0.5601 0.5601 0.5601 0.5601 0.5601 0.5601 0.5601 0.5601 0.5601 0.5601 0.5601 0.5601 0.5601 0.5601 0.5601 0.5601 0.5601 0.5601 0.5601 0.5601 0.5601 0.5601 0.5601 0.5601 0.5601 0.5601 
TS43 0.5601 0.5601 0.5601 0.5601 0.5601 0.5601 0.5601 0.5601 0.5601 0.5601 0.5601 0.5601 0.5601 0.5601 0.5601 0.5601 0.5601 0.5601 0.5601 0.5601 0.5601 0.5601 0.5601 0.5601 0.5601 0.5601 0.5601 0.5601 0.5601 0.5601 0.5601 0.5601 
TS44 0.5601 0.5601 0.5601 0.5601 0.5601 0.5601 0.5601 0.5601 0.5601 0.5601 0.5601 0.5601 0.5601 0.5601 0.5601 0.5601 0.5601 0.5601 0.5601 0.5601 0.5601 0.5601 0.5601 0.5601 0.5601 0.5601 0.5601 0.5601 0.5601 0.5601 0.5601 0.5601 
TS45 0.5601 0.5601 0.5601 0.5601 0.5601 0.5601 0.5601 0.5601 0.5601 0.5601 0.5601 0.5601 0.5601 0.5601 0.5601 0.5601 0.5601 0.5601 0.5601 0.5601 0.5601 0.5601 0.5601 0.5601 0.5601 0.5601 0.5601 0.5601 0.5601 0.5601 0.5601 0.5601 
TS46 0.5601 0.5601 0.5601 0.5601 0.5601 0.5601 0.5601 0.5601 0.5601 0.5601 0.5601 0.5601 0.5601 0.5601 0.5601 0.5601 0.5601 0.5601 0.5601 0.5601 0.5601 0.5601 0.5601 0.5601 0.5601 0.5601 0.5601 0.5601 0.5601 0.5601 0.5601 0.5601 
TS47 0.5601 0.5601 0.5601 0.5601 0.5601 0.5601 0.5601 0.5601 0.5601 0.5601 0.5601 0.5601 0.5601 0.5601 0.5601 0.5601 0.5601 0.5601 0.5601 0.5601 0.5601 0.5601 0.5601 0.5601 0.5601 0.5601 0.5601 0.5601 0.5601 0.5601 0.5601 0.5601 
TS48 0.5601 0.5601 0.5601 0.5601 0.5601 0.5601 0.5601 0.5601 0.5601 0.5601 0.5601 0.5601 0.5601 0.5601 0.5601 0.5601 0.5601 0.5601 0.5601 0.5601 0.5601 0.5601 0.5601 0.5601 0.5601 0.5601 0.5601 0.5601 0.5601 0.5601 0.5601 0.5601 
[RE1,PWRHYD003,*,*]:
2019 2020 2021 2022 2023 2024 2025 2026 2027 2028 2029 2030 2031 2032 2033 2034 2035 2036 2037 2038 2039 2040 2041 2042 2043 2044 2045 2046 2047 2048 2049 2050 :=
TS01 0.6698 0.6698 0.6698 0.6698 0.6698 0.6698 0.6698 0.6698 0.6698 0.6698 0.6698 0.6698 0.6698 0.6698 0.6698 0.6698 0.6698 0.6698 0.6698 0.6698 0.6698 0.6698 0.6698 0.6698 0.6698 0.6698 0.6698 0.6698 0.6698 0.6698 0.6698 0.6698 
TS02 0.6698 0.6698 0.6698 0.6698 0.6698 0.6698 0.6698 0.6698 0.6698 0.6698 0.6698 0.6698 0.6698 0.6698 0.6698 0.6698 0.6698 0.6698 0.6698 0.6698 0.6698 0.6698 0.6698 0.6698 0.6698 0.6698 0.6698 0.6698 0.6698 0.6698 0.6698 0.6698 
TS03 0.6698 0.6698 0.6698 0.6698 0.6698 0.6698 0.6698 0.6698 0.6698 0.6698 0.6698 0.6698 0.6698 0.6698 0.6698 0.6698 0.6698 0.6698 0.6698 0.6698 0.6698 0.6698 0.6698 0.6698 0.6698 0.6698 0.6698 0.6698 0.6698 0.6698 0.6698 0.6698 
TS04 0.6698 0.6698 0.6698 0.6698 0.6698 0.6698 0.6698 0.6698 0.6698 0.6698 0.6698 0.6698 0.6698 0.6698 0.6698 0.6698 0.6698 0.6698 0.6698 0.6698 0.6698 0.6698 0.6698 0.6698 0.6698 0.6698 0.6698 0.6698 0.6698 0.6698 0.6698 0.6698 
TS05 0.6698 0.6698 0.6698 0.6698 0.6698 0.6698 0.6698 0.6698 0.6698 0.6698 0.6698 0.6698 0.6698 0.6698 0.6698 0.6698 0.6698 0.6698 0.6698 0.6698 0.6698 0.6698 0.6698 0.6698 0.6698 0.6698 0.6698 0.6698 0.6698 0.6698 0.6698 0.6698 
TS06 0.6698 0.6698 0.6698 0.6698 0.6698 0.6698 0.6698 0.6698 0.6698 0.6698 0.6698 0.6698 0.6698 0.6698 0.6698 0.6698 0.6698 0.6698 0.6698 0.6698 0.6698 0.6698 0.6698 0.6698 0.6698 0.6698 0.6698 0.6698 0.6698 0.6698 0.6698 0.6698 
TS07 0.6698 0.6698 0.6698 0.6698 0.6698 0.6698 0.6698 0.6698 0.6698 0.6698 0.6698 0.6698 0.6698 0.6698 0.6698 0.6698 0.6698 0.6698 0.6698 0.6698 0.6698 0.6698 0.6698 0.6698 0.6698 0.6698 0.6698 0.6698 0.6698 0.6698 0.6698 0.6698 
TS08 0.6698 0.6698 0.6698 0.6698 0.6698 0.6698 0.6698 0.6698 0.6698 0.6698 0.6698 0.6698 0.6698 0.6698 0.6698 0.6698 0.6698 0.6698 0.6698 0.6698 0.6698 0.6698 0.6698 0.6698 0.6698 0.6698 0.6698 0.6698 0.6698 0.6698 0.6698 0.6698 
TS09 0.6698 0.6698 0.6698 0.6698 0.6698 0.6698 0.6698 0.6698 0.6698 0.6698 0.6698 0.6698 0.6698 0.6698 0.6698 0.6698 0.6698 0.6698 0.6698 0.6698 0.6698 0.6698 0.6698 0.6698 0.6698 0.6698 0.6698 0.6698 0.6698 0.6698 0.6698 0.6698 
TS10 0.6698 0.6698 0.6698 0.6698 0.6698 0.6698 0.6698 0.6698 0.6698 0.6698 0.6698 0.6698 0.6698 0.6698 0.6698 0.6698 0.6698 0.6698 0.6698 0.6698 0.6698 0.6698 0.6698 0.6698 0.6698 0.6698 0.6698 0.6698 0.6698 0.6698 0.6698 0.6698 
TS11 0.6698 0.6698 0.6698 0.6698 0.6698 0.6698 0.6698 0.6698 0.6698 0.6698 0.6698 0.6698 0.6698 0.6698 0.6698 0.6698 0.6698 0.6698 0.6698 0.6698 0.6698 0.6698 0.6698 0.6698 0.6698 0.6698 0.6698 0.6698 0.6698 0.6698 0.6698 0.6698 
TS12 0.6698 0.6698 0.6698 0.6698 0.6698 0.6698 0.6698 0.6698 0.6698 0.6698 0.6698 0.6698 0.6698 0.6698 0.6698 0.6698 0.6698 0.6698 0.6698 0.6698 0.6698 0.6698 0.6698 0.6698 0.6698 0.6698 0.6698 0.6698 0.6698 0.6698 0.6698 0.6698 
TS13 0.4791 0.4791 0.4791 0.4791 0.4791 0.4791 0.4791 0.4791 0.4791 0.4791 0.4791 0.4791 0.4791 0.4791 0.4791 0.4791 0.4791 0.4791 0.4791 0.4791 0.4791 0.4791 0.4791 0.4791 0.4791 0.4791 0.4791 0.4791 0.4791 0.4791 0.4791 0.4791 
TS14 0.4791 0.4791 0.4791 0.4791 0.4791 0.4791 0.4791 0.4791 0.4791 0.4791 0.4791 0.4791 0.4791 0.4791 0.4791 0.4791 0.4791 0.4791 0.4791 0.4791 0.4791 0.4791 0.4791 0.4791 0.4791 0.4791 0.4791 0.4791 0.4791 0.4791 0.4791 0.4791 
TS15 0.4791 0.4791 0.4791 0.4791 0.4791 0.4791 0.4791 0.4791 0.4791 0.4791 0.4791 0.4791 0.4791 0.4791 0.4791 0.4791 0.4791 0.4791 0.4791 0.4791 0.4791 0.4791 0.4791 0.4791 0.4791 0.4791 0.4791 0.4791 0.4791 0.4791 0.4791 0.4791 
TS16 0.4791 0.4791 0.4791 0.4791 0.4791 0.4791 0.4791 0.4791 0.4791 0.4791 0.4791 0.4791 0.4791 0.4791 0.4791 0.4791 0.4791 0.4791 0.4791 0.4791 0.4791 0.4791 0.4791 0.4791 0.4791 0.4791 0.4791 0.4791 0.4791 0.4791 0.4791 0.4791 
TS17 0.4791 0.4791 0.4791 0.4791 0.4791 0.4791 0.4791 0.4791 0.4791 0.4791 0.4791 0.4791 0.4791 0.4791 0.4791 0.4791 0.4791 0.4791 0.4791 0.4791 0.4791 0.4791 0.4791 0.4791 0.4791 0.4791 0.4791 0.4791 0.4791 0.4791 0.4791 0.4791 
TS18 0.4791 0.4791 0.4791 0.4791 0.4791 0.4791 0.4791 0.4791 0.4791 0.4791 0.4791 0.4791 0.4791 0.4791 0.4791 0.4791 0.4791 0.4791 0.4791 0.4791 0.4791 0.4791 0.4791 0.4791 0.4791 0.4791 0.4791 0.4791 0.4791 0.4791 0.4791 0.4791 
TS19 0.4791 0.4791 0.4791 0.4791 0.4791 0.4791 0.4791 0.4791 0.4791 0.4791 0.4791 0.4791 0.4791 0.4791 0.4791 0.4791 0.4791 0.4791 0.4791 0.4791 0.4791 0.4791 0.4791 0.4791 0.4791 0.4791 0.4791 0.4791 0.4791 0.4791 0.4791 0.4791 
TS20 0.4791 0.4791 0.4791 0.4791 0.4791 0.4791 0.4791 0.4791 0.4791 0.4791 0.4791 0.4791 0.4791 0.4791 0.4791 0.4791 0.4791 0.4791 0.4791 0.4791 0.4791 0.4791 0.4791 0.4791 0.4791 0.4791 0.4791 0.4791 0.4791 0.4791 0.4791 0.4791 
TS21 0.4791 0.4791 0.4791 0.4791 0.4791 0.4791 0.4791 0.4791 0.4791 0.4791 0.4791 0.4791 0.4791 0.4791 0.4791 0.4791 0.4791 0.4791 0.4791 0.4791 0.4791 0.4791 0.4791 0.4791 0.4791 0.4791 0.4791 0.4791 0.4791 0.4791 0.4791 0.4791 
TS22 0.4791 0.4791 0.4791 0.4791 0.4791 0.4791 0.4791 0.4791 0.4791 0.4791 0.4791 0.4791 0.4791 0.4791 0.4791 0.4791 0.4791 0.4791 0.4791 0.4791 0.4791 0.4791 0.4791 0.4791 0.4791 0.4791 0.4791 0.4791 0.4791 0.4791 0.4791 0.4791 
TS23 0.4791 0.4791 0.4791 0.4791 0.4791 0.4791 0.4791 0.4791 0.4791 0.4791 0.4791 0.4791 0.4791 0.4791 0.4791 0.4791 0.4791 0.4791 0.4791 0.4791 0.4791 0.4791 0.4791 0.4791 0.4791 0.4791 0.4791 0.4791 0.4791 0.4791 0.4791 0.4791 
TS24 0.4791 0.4791 0.4791 0.4791 0.4791 0.4791 0.4791 0.4791 0.4791 0.4791 0.4791 0.4791 0.4791 0.4791 0.4791 0.4791 0.4791 0.4791 0.4791 0.4791 0.4791 0.4791 0.4791 0.4791 0.4791 0.4791 0.4791 0.4791 0.4791 0.4791 0.4791 0.4791 
TS25 0.5384 0.5384 0.5384 0.5384 0.5384 0.5384 0.5384 0.5384 0.5384 0.5384 0.5384 0.5384 0.5384 0.5384 0.5384 0.5384 0.5384 0.5384 0.5384 0.5384 0.5384 0.5384 0.5384 0.5384 0.5384 0.5384 0.5384 0.5384 0.5384 0.5384 0.5384 0.5384 
TS26 0.5384 0.5384 0.5384 0.5384 0.5384 0.5384 0.5384 0.5384 0.5384 0.5384 0.5384 0.5384 0.5384 0.5384 0.5384 0.5384 0.5384 0.5384 0.5384 0.5384 0.5384 0.5384 0.5384 0.5384 0.5384 0.5384 0.5384 0.5384 0.5384 0.5384 0.5384 0.5384 
TS27 0.5384 0.5384 0.5384 0.5384 0.5384 0.5384 0.5384 0.5384 0.5384 0.5384 0.5384 0.5384 0.5384 0.5384 0.5384 0.5384 0.5384 0.5384 0.5384 0.5384 0.5384 0.5384 0.5384 0.5384 0.5384 0.5384 0.5384 0.5384 0.5384 0.5384 0.5384 0.5384 
TS28 0.5384 0.5384 0.5384 0.5384 0.5384 0.5384 0.5384 0.5384 0.5384 0.5384 0.5384 0.5384 0.5384 0.5384 0.5384 0.5384 0.5384 0.5384 0.5384 0.5384 0.5384 0.5384 0.5384 0.5384 0.5384 0.5384 0.5384 0.5384 0.5384 0.5384 0.5384 0.5384 
TS29 0.5384 0.5384 0.5384 0.5384 0.5384 0.5384 0.5384 0.5384 0.5384 0.5384 0.5384 0.5384 0.5384 0.5384 0.5384 0.5384 0.5384 0.5384 0.5384 0.5384 0.5384 0.5384 0.5384 0.5384 0.5384 0.5384 0.5384 0.5384 0.5384 0.5384 0.5384 0.5384 
TS30 0.5384 0.5384 0.5384 0.5384 0.5384 0.5384 0.5384 0.5384 0.5384 0.5384 0.5384 0.5384 0.5384 0.5384 0.5384 0.5384 0.5384 0.5384 0.5384 0.5384 0.5384 0.5384 0.5384 0.5384 0.5384 0.5384 0.5384 0.5384 0.5384 0.5384 0.5384 0.5384 
TS31 0.5384 0.5384 0.5384 0.5384 0.5384 0.5384 0.5384 0.5384 0.5384 0.5384 0.5384 0.5384 0.5384 0.5384 0.5384 0.5384 0.5384 0.5384 0.5384 0.5384 0.5384 0.5384 0.5384 0.5384 0.5384 0.5384 0.5384 0.5384 0.5384 0.5384 0.5384 0.5384 
TS32 0.5384 0.5384 0.5384 0.5384 0.5384 0.5384 0.5384 0.5384 0.5384 0.5384 0.5384 0.5384 0.5384 0.5384 0.5384 0.5384 0.5384 0.5384 0.5384 0.5384 0.5384 0.5384 0.5384 0.5384 0.5384 0.5384 0.5384 0.5384 0.5384 0.5384 0.5384 0.5384 
TS33 0.5384 0.5384 0.5384 0.5384 0.5384 0.5384 0.5384 0.5384 0.5384 0.5384 0.5384 0.5384 0.5384 0.5384 0.5384 0.5384 0.5384 0.5384 0.5384 0.5384 0.5384 0.5384 0.5384 0.5384 0.5384 0.5384 0.5384 0.5384 0.5384 0.5384 0.5384 0.5384 
TS34 0.5384 0.5384 0.5384 0.5384 0.5384 0.5384 0.5384 0.5384 0.5384 0.5384 0.5384 0.5384 0.5384 0.5384 0.5384 0.5384 0.5384 0.5384 0.5384 0.5384 0.5384 0.5384 0.5384 0.5384 0.5384 0.5384 0.5384 0.5384 0.5384 0.5384 0.5384 0.5384 
TS35 0.5384 0.5384 0.5384 0.5384 0.5384 0.5384 0.5384 0.5384 0.5384 0.5384 0.5384 0.5384 0.5384 0.5384 0.5384 0.5384 0.5384 0.5384 0.5384 0.5384 0.5384 0.5384 0.5384 0.5384 0.5384 0.5384 0.5384 0.5384 0.5384 0.5384 0.5384 0.5384 
TS36 0.5384 0.5384 0.5384 0.5384 0.5384 0.5384 0.5384 0.5384 0.5384 0.5384 0.5384 0.5384 0.5384 0.5384 0.5384 0.5384 0.5384 0.5384 0.5384 0.5384 0.5384 0.5384 0.5384 0.5384 0.5384 0.5384 0.5384 0.5384 0.5384 0.5384 0.5384 0.5384 
TS37 0.5853 0.5853 0.5853 0.5853 0.5853 0.5853 0.5853 0.5853 0.5853 0.5853 0.5853 0.5853 0.5853 0.5853 0.5853 0.5853 0.5853 0.5853 0.5853 0.5853 0.5853 0.5853 0.5853 0.5853 0.5853 0.5853 0.5853 0.5853 0.5853 0.5853 0.5853 0.5853 
TS38 0.5853 0.5853 0.5853 0.5853 0.5853 0.5853 0.5853 0.5853 0.5853 0.5853 0.5853 0.5853 0.5853 0.5853 0.5853 0.5853 0.5853 0.5853 0.5853 0.5853 0.5853 0.5853 0.5853 0.5853 0.5853 0.5853 0.5853 0.5853 0.5853 0.5853 0.5853 0.5853 
TS39 0.5853 0.5853 0.5853 0.5853 0.5853 0.5853 0.5853 0.5853 0.5853 0.5853 0.5853 0.5853 0.5853 0.5853 0.5853 0.5853 0.5853 0.5853 0.5853 0.5853 0.5853 0.5853 0.5853 0.5853 0.5853 0.5853 0.5853 0.5853 0.5853 0.5853 0.5853 0.5853 
TS40 0.5853 0.5853 0.5853 0.5853 0.5853 0.5853 0.5853 0.5853 0.5853 0.5853 0.5853 0.5853 0.5853 0.5853 0.5853 0.5853 0.5853 0.5853 0.5853 0.5853 0.5853 0.5853 0.5853 0.5853 0.5853 0.5853 0.5853 0.5853 0.5853 0.5853 0.5853 0.5853 
TS41 0.5853 0.5853 0.5853 0.5853 0.5853 0.5853 0.5853 0.5853 0.5853 0.5853 0.5853 0.5853 0.5853 0.5853 0.5853 0.5853 0.5853 0.5853 0.5853 0.5853 0.5853 0.5853 0.5853 0.5853 0.5853 0.5853 0.5853 0.5853 0.5853 0.5853 0.5853 0.5853 
TS42 0.5853 0.5853 0.5853 0.5853 0.5853 0.5853 0.5853 0.5853 0.5853 0.5853 0.5853 0.5853 0.5853 0.5853 0.5853 0.5853 0.5853 0.5853 0.5853 0.5853 0.5853 0.5853 0.5853 0.5853 0.5853 0.5853 0.5853 0.5853 0.5853 0.5853 0.5853 0.5853 
TS43 0.5853 0.5853 0.5853 0.5853 0.5853 0.5853 0.5853 0.5853 0.5853 0.5853 0.5853 0.5853 0.5853 0.5853 0.5853 0.5853 0.5853 0.5853 0.5853 0.5853 0.5853 0.5853 0.5853 0.5853 0.5853 0.5853 0.5853 0.5853 0.5853 0.5853 0.5853 0.5853 
TS44 0.5853 0.5853 0.5853 0.5853 0.5853 0.5853 0.5853 0.5853 0.5853 0.5853 0.5853 0.5853 0.5853 0.5853 0.5853 0.5853 0.5853 0.5853 0.5853 0.5853 0.5853 0.5853 0.5853 0.5853 0.5853 0.5853 0.5853 0.5853 0.5853 0.5853 0.5853 0.5853 
TS45 0.5853 0.5853 0.5853 0.5853 0.5853 0.5853 0.5853 0.5853 0.5853 0.5853 0.5853 0.5853 0.5853 0.5853 0.5853 0.5853 0.5853 0.5853 0.5853 0.5853 0.5853 0.5853 0.5853 0.5853 0.5853 0.5853 0.5853 0.5853 0.5853 0.5853 0.5853 0.5853 
TS46 0.5853 0.5853 0.5853 0.5853 0.5853 0.5853 0.5853 0.5853 0.5853 0.5853 0.5853 0.5853 0.5853 0.5853 0.5853 0.5853 0.5853 0.5853 0.5853 0.5853 0.5853 0.5853 0.5853 0.5853 0.5853 0.5853 0.5853 0.5853 0.5853 0.5853 0.5853 0.5853 
TS47 0.5853 0.5853 0.5853 0.5853 0.5853 0.5853 0.5853 0.5853 0.5853 0.5853 0.5853 0.5853 0.5853 0.5853 0.5853 0.5853 0.5853 0.5853 0.5853 0.5853 0.5853 0.5853 0.5853 0.5853 0.5853 0.5853 0.5853 0.5853 0.5853 0.5853 0.5853 0.5853 
TS48 0.5853 0.5853 0.5853 0.5853 0.5853 0.5853 0.5853 0.5853 0.5853 0.5853 0.5853 0.5853 0.5853 0.5853 0.5853 0.5853 0.5853 0.5853 0.5853 0.5853 0.5853 0.5853 0.5853 0.5853 0.5853 0.5853 0.5853 0.5853 0.5853 0.5853 0.5853 0.5853 
[RE1,PWRHYD004,*,*]:
2019 2020 2021 2022 2023 2024 2025 2026 2027 2028 2029 2030 2031 2032 2033 2034 2035 2036 2037 2038 2039 2040 2041 2042 2043 2044 2045 2046 2047 2048 2049 2050 :=
TS01 0.2643 0.2643 0.2643 0.2643 0.2643 0.2643 0.2643 0.2643 0.2643 0.2643 0.2643 0.2643 0.2643 0.2643 0.2643 0.2643 0.2643 0.2643 0.2643 0.2643 0.2643 0.2643 0.2643 0.2643 0.2643 0.2643 0.2643 0.2643 0.2643 0.2643 0.2643 0.2643 
TS02 0.2643 0.2643 0.2643 0.2643 0.2643 0.2643 0.2643 0.2643 0.2643 0.2643 0.2643 0.2643 0.2643 0.2643 0.2643 0.2643 0.2643 0.2643 0.2643 0.2643 0.2643 0.2643 0.2643 0.2643 0.2643 0.2643 0.2643 0.2643 0.2643 0.2643 0.2643 0.2643 
TS03 0.2643 0.2643 0.2643 0.2643 0.2643 0.2643 0.2643 0.2643 0.2643 0.2643 0.2643 0.2643 0.2643 0.2643 0.2643 0.2643 0.2643 0.2643 0.2643 0.2643 0.2643 0.2643 0.2643 0.2643 0.2643 0.2643 0.2643 0.2643 0.2643 0.2643 0.2643 0.2643 
TS04 0.2643 0.2643 0.2643 0.2643 0.2643 0.2643 0.2643 0.2643 0.2643 0.2643 0.2643 0.2643 0.2643 0.2643 0.2643 0.2643 0.2643 0.2643 0.2643 0.2643 0.2643 0.2643 0.2643 0.2643 0.2643 0.2643 0.2643 0.2643 0.2643 0.2643 0.2643 0.2643 
TS05 0.2643 0.2643 0.2643 0.2643 0.2643 0.2643 0.2643 0.2643 0.2643 0.2643 0.2643 0.2643 0.2643 0.2643 0.2643 0.2643 0.2643 0.2643 0.2643 0.2643 0.2643 0.2643 0.2643 0.2643 0.2643 0.2643 0.2643 0.2643 0.2643 0.2643 0.2643 0.2643 
TS06 0.2643 0.2643 0.2643 0.2643 0.2643 0.2643 0.2643 0.2643 0.2643 0.2643 0.2643 0.2643 0.2643 0.2643 0.2643 0.2643 0.2643 0.2643 0.2643 0.2643 0.2643 0.2643 0.2643 0.2643 0.2643 0.2643 0.2643 0.2643 0.2643 0.2643 0.2643 0.2643 
TS07 0.2643 0.2643 0.2643 0.2643 0.2643 0.2643 0.2643 0.2643 0.2643 0.2643 0.2643 0.2643 0.2643 0.2643 0.2643 0.2643 0.2643 0.2643 0.2643 0.2643 0.2643 0.2643 0.2643 0.2643 0.2643 0.2643 0.2643 0.2643 0.2643 0.2643 0.2643 0.2643 
TS08 0.2643 0.2643 0.2643 0.2643 0.2643 0.2643 0.2643 0.2643 0.2643 0.2643 0.2643 0.2643 0.2643 0.2643 0.2643 0.2643 0.2643 0.2643 0.2643 0.2643 0.2643 0.2643 0.2643 0.2643 0.2643 0.2643 0.2643 0.2643 0.2643 0.2643 0.2643 0.2643 
TS09 0.2643 0.2643 0.2643 0.2643 0.2643 0.2643 0.2643 0.2643 0.2643 0.2643 0.2643 0.2643 0.2643 0.2643 0.2643 0.2643 0.2643 0.2643 0.2643 0.2643 0.2643 0.2643 0.2643 0.2643 0.2643 0.2643 0.2643 0.2643 0.2643 0.2643 0.2643 0.2643 
TS10 0.2643 0.2643 0.2643 0.2643 0.2643 0.2643 0.2643 0.2643 0.2643 0.2643 0.2643 0.2643 0.2643 0.2643 0.2643 0.2643 0.2643 0.2643 0.2643 0.2643 0.2643 0.2643 0.2643 0.2643 0.2643 0.2643 0.2643 0.2643 0.2643 0.2643 0.2643 0.2643 
TS11 0.2643 0.2643 0.2643 0.2643 0.2643 0.2643 0.2643 0.2643 0.2643 0.2643 0.2643 0.2643 0.2643 0.2643 0.2643 0.2643 0.2643 0.2643 0.2643 0.2643 0.2643 0.2643 0.2643 0.2643 0.2643 0.2643 0.2643 0.2643 0.2643 0.2643 0.2643 0.2643 
TS12 0.2643 0.2643 0.2643 0.2643 0.2643 0.2643 0.2643 0.2643 0.2643 0.2643 0.2643 0.2643 0.2643 0.2643 0.2643 0.2643 0.2643 0.2643 0.2643 0.2643 0.2643 0.2643 0.2643 0.2643 0.2643 0.2643 0.2643 0.2643 0.2643 0.2643 0.2643 0.2643 
TS13 0.2399 0.2399 0.2399 0.2399 0.2399 0.2399 0.2399 0.2399 0.2399 0.2399 0.2399 0.2399 0.2399 0.2399 0.2399 0.2399 0.2399 0.2399 0.2399 0.2399 0.2399 0.2399 0.2399 0.2399 0.2399 0.2399 0.2399 0.2399 0.2399 0.2399 0.2399 0.2399 
TS14 0.2399 0.2399 0.2399 0.2399 0.2399 0.2399 0.2399 0.2399 0.2399 0.2399 0.2399 0.2399 0.2399 0.2399 0.2399 0.2399 0.2399 0.2399 0.2399 0.2399 0.2399 0.2399 0.2399 0.2399 0.2399 0.2399 0.2399 0.2399 0.2399 0.2399 0.2399 0.2399 
TS15 0.2399 0.2399 0.2399 0.2399 0.2399 0.2399 0.2399 0.2399 0.2399 0.2399 0.2399 0.2399 0.2399 0.2399 0.2399 0.2399 0.2399 0.2399 0.2399 0.2399 0.2399 0.2399 0.2399 0.2399 0.2399 0.2399 0.2399 0.2399 0.2399 0.2399 0.2399 0.2399 
TS16 0.2399 0.2399 0.2399 0.2399 0.2399 0.2399 0.2399 0.2399 0.2399 0.2399 0.2399 0.2399 0.2399 0.2399 0.2399 0.2399 0.2399 0.2399 0.2399 0.2399 0.2399 0.2399 0.2399 0.2399 0.2399 0.2399 0.2399 0.2399 0.2399 0.2399 0.2399 0.2399 
TS17 0.2399 0.2399 0.2399 0.2399 0.2399 0.2399 0.2399 0.2399 0.2399 0.2399 0.2399 0.2399 0.2399 0.2399 0.2399 0.2399 0.2399 0.2399 0.2399 0.2399 0.2399 0.2399 0.2399 0.2399 0.2399 0.2399 0.2399 0.2399 0.2399 0.2399 0.2399 0.2399 
TS18 0.2399 0.2399 0.2399 0.2399 0.2399 0.2399 0.2399 0.2399 0.2399 0.2399 0.2399 0.2399 0.2399 0.2399 0.2399 0.2399 0.2399 0.2399 0.2399 0.2399 0.2399 0.2399 0.2399 0.2399 0.2399 0.2399 0.2399 0.2399 0.2399 0.2399 0.2399 0.2399 
TS19 0.2399 0.2399 0.2399 0.2399 0.2399 0.2399 0.2399 0.2399 0.2399 0.2399 0.2399 0.2399 0.2399 0.2399 0.2399 0.2399 0.2399 0.2399 0.2399 0.2399 0.2399 0.2399 0.2399 0.2399 0.2399 0.2399 0.2399 0.2399 0.2399 0.2399 0.2399 0.2399 
TS20 0.2399 0.2399 0.2399 0.2399 0.2399 0.2399 0.2399 0.2399 0.2399 0.2399 0.2399 0.2399 0.2399 0.2399 0.2399 0.2399 0.2399 0.2399 0.2399 0.2399 0.2399 0.2399 0.2399 0.2399 0.2399 0.2399 0.2399 0.2399 0.2399 0.2399 0.2399 0.2399 
TS21 0.2399 0.2399 0.2399 0.2399 0.2399 0.2399 0.2399 0.2399 0.2399 0.2399 0.2399 0.2399 0.2399 0.2399 0.2399 0.2399 0.2399 0.2399 0.2399 0.2399 0.2399 0.2399 0.2399 0.2399 0.2399 0.2399 0.2399 0.2399 0.2399 0.2399 0.2399 0.2399 
TS22 0.2399 0.2399 0.2399 0.2399 0.2399 0.2399 0.2399 0.2399 0.2399 0.2399 0.2399 0.2399 0.2399 0.2399 0.2399 0.2399 0.2399 0.2399 0.2399 0.2399 0.2399 0.2399 0.2399 0.2399 0.2399 0.2399 0.2399 0.2399 0.2399 0.2399 0.2399 0.2399 
TS23 0.2399 0.2399 0.2399 0.2399 0.2399 0.2399 0.2399 0.2399 0.2399 0.2399 0.2399 0.2399 0.2399 0.2399 0.2399 0.2399 0.2399 0.2399 0.2399 0.2399 0.2399 0.2399 0.2399 0.2399 0.2399 0.2399 0.2399 0.2399 0.2399 0.2399 0.2399 0.2399 
TS24 0.2399 0.2399 0.2399 0.2399 0.2399 0.2399 0.2399 0.2399 0.2399 0.2399 0.2399 0.2399 0.2399 0.2399 0.2399 0.2399 0.2399 0.2399 0.2399 0.2399 0.2399 0.2399 0.2399 0.2399 0.2399 0.2399 0.2399 0.2399 0.2399 0.2399 0.2399 0.2399 
TS25 0.2761 0.2761 0.2761 0.2761 0.2761 0.2761 0.2761 0.2761 0.2761 0.2761 0.2761 0.2761 0.2761 0.2761 0.2761 0.2761 0.2761 0.2761 0.2761 0.2761 0.2761 0.2761 0.2761 0.2761 0.2761 0.2761 0.2761 0.2761 0.2761 0.2761 0.2761 0.2761 
TS26 0.2761 0.2761 0.2761 0.2761 0.2761 0.2761 0.2761 0.2761 0.2761 0.2761 0.2761 0.2761 0.2761 0.2761 0.2761 0.2761 0.2761 0.2761 0.2761 0.2761 0.2761 0.2761 0.2761 0.2761 0.2761 0.2761 0.2761 0.2761 0.2761 0.2761 0.2761 0.2761 
TS27 0.2761 0.2761 0.2761 0.2761 0.2761 0.2761 0.2761 0.2761 0.2761 0.2761 0.2761 0.2761 0.2761 0.2761 0.2761 0.2761 0.2761 0.2761 0.2761 0.2761 0.2761 0.2761 0.2761 0.2761 0.2761 0.2761 0.2761 0.2761 0.2761 0.2761 0.2761 0.2761 
TS28 0.2761 0.2761 0.2761 0.2761 0.2761 0.2761 0.2761 0.2761 0.2761 0.2761 0.2761 0.2761 0.2761 0.2761 0.2761 0.2761 0.2761 0.2761 0.2761 0.2761 0.2761 0.2761 0.2761 0.2761 0.2761 0.2761 0.2761 0.2761 0.2761 0.2761 0.2761 0.2761 
TS29 0.2761 0.2761 0.2761 0.2761 0.2761 0.2761 0.2761 0.2761 0.2761 0.2761 0.2761 0.2761 0.2761 0.2761 0.2761 0.2761 0.2761 0.2761 0.2761 0.2761 0.2761 0.2761 0.2761 0.2761 0.2761 0.2761 0.2761 0.2761 0.2761 0.2761 0.2761 0.2761 
TS30 0.2761 0.2761 0.2761 0.2761 0.2761 0.2761 0.2761 0.2761 0.2761 0.2761 0.2761 0.2761 0.2761 0.2761 0.2761 0.2761 0.2761 0.2761 0.2761 0.2761 0.2761 0.2761 0.2761 0.2761 0.2761 0.2761 0.2761 0.2761 0.2761 0.2761 0.2761 0.2761 
TS31 0.2761 0.2761 0.2761 0.2761 0.2761 0.2761 0.2761 0.2761 0.2761 0.2761 0.2761 0.2761 0.2761 0.2761 0.2761 0.2761 0.2761 0.2761 0.2761 0.2761 0.2761 0.2761 0.2761 0.2761 0.2761 0.2761 0.2761 0.2761 0.2761 0.2761 0.2761 0.2761 
TS32 0.2761 0.2761 0.2761 0.2761 0.2761 0.2761 0.2761 0.2761 0.2761 0.2761 0.2761 0.2761 0.2761 0.2761 0.2761 0.2761 0.2761 0.2761 0.2761 0.2761 0.2761 0.2761 0.2761 0.2761 0.2761 0.2761 0.2761 0.2761 0.2761 0.2761 0.2761 0.2761 
TS33 0.2761 0.2761 0.2761 0.2761 0.2761 0.2761 0.2761 0.2761 0.2761 0.2761 0.2761 0.2761 0.2761 0.2761 0.2761 0.2761 0.2761 0.2761 0.2761 0.2761 0.2761 0.2761 0.2761 0.2761 0.2761 0.2761 0.2761 0.2761 0.2761 0.2761 0.2761 0.2761 
TS34 0.2761 0.2761 0.2761 0.2761 0.2761 0.2761 0.2761 0.2761 0.2761 0.2761 0.2761 0.2761 0.2761 0.2761 0.2761 0.2761 0.2761 0.2761 0.2761 0.2761 0.2761 0.2761 0.2761 0.2761 0.2761 0.2761 0.2761 0.2761 0.2761 0.2761 0.2761 0.2761 
TS35 0.2761 0.2761 0.2761 0.2761 0.2761 0.2761 0.2761 0.2761 0.2761 0.2761 0.2761 0.2761 0.2761 0.2761 0.2761 0.2761 0.2761 0.2761 0.2761 0.2761 0.2761 0.2761 0.2761 0.2761 0.2761 0.2761 0.2761 0.2761 0.2761 0.2761 0.2761 0.2761 
TS36 0.2761 0.2761 0.2761 0.2761 0.2761 0.2761 0.2761 0.2761 0.2761 0.2761 0.2761 0.2761 0.2761 0.2761 0.2761 0.2761 0.2761 0.2761 0.2761 0.2761 0.2761 0.2761 0.2761 0.2761 0.2761 0.2761 0.2761 0.2761 0.2761 0.2761 0.2761 0.2761 
TS37 0.2479 0.2479 0.2479 0.2479 0.2479 0.2479 0.2479 0.2479 0.2479 0.2479 0.2479 0.2479 0.2479 0.2479 0.2479 0.2479 0.2479 0.2479 0.2479 0.2479 0.2479 0.2479 0.2479 0.2479 0.2479 0.2479 0.2479 0.2479 0.2479 0.2479 0.2479 0.2479 
TS38 0.2479 0.2479 0.2479 0.2479 0.2479 0.2479 0.2479 0.2479 0.2479 0.2479 0.2479 0.2479 0.2479 0.2479 0.2479 0.2479 0.2479 0.2479 0.2479 0.2479 0.2479 0.2479 0.2479 0.2479 0.2479 0.2479 0.2479 0.2479 0.2479 0.2479 0.2479 0.2479 
TS39 0.2479 0.2479 0.2479 0.2479 0.2479 0.2479 0.2479 0.2479 0.2479 0.2479 0.2479 0.2479 0.2479 0.2479 0.2479 0.2479 0.2479 0.2479 0.2479 0.2479 0.2479 0.2479 0.2479 0.2479 0.2479 0.2479 0.2479 0.2479 0.2479 0.2479 0.2479 0.2479 
TS40 0.2479 0.2479 0.2479 0.2479 0.2479 0.2479 0.2479 0.2479 0.2479 0.2479 0.2479 0.2479 0.2479 0.2479 0.2479 0.2479 0.2479 0.2479 0.2479 0.2479 0.2479 0.2479 0.2479 0.2479 0.2479 0.2479 0.2479 0.2479 0.2479 0.2479 0.2479 0.2479 
TS41 0.2479 0.2479 0.2479 0.2479 0.2479 0.2479 0.2479 0.2479 0.2479 0.2479 0.2479 0.2479 0.2479 0.2479 0.2479 0.2479 0.2479 0.2479 0.2479 0.2479 0.2479 0.2479 0.2479 0.2479 0.2479 0.2479 0.2479 0.2479 0.2479 0.2479 0.2479 0.2479 
TS42 0.2479 0.2479 0.2479 0.2479 0.2479 0.2479 0.2479 0.2479 0.2479 0.2479 0.2479 0.2479 0.2479 0.2479 0.2479 0.2479 0.2479 0.2479 0.2479 0.2479 0.2479 0.2479 0.2479 0.2479 0.2479 0.2479 0.2479 0.2479 0.2479 0.2479 0.2479 0.2479 
TS43 0.2479 0.2479 0.2479 0.2479 0.2479 0.2479 0.2479 0.2479 0.2479 0.2479 0.2479 0.2479 0.2479 0.2479 0.2479 0.2479 0.2479 0.2479 0.2479 0.2479 0.2479 0.2479 0.2479 0.2479 0.2479 0.2479 0.2479 0.2479 0.2479 0.2479 0.2479 0.2479 
TS44 0.2479 0.2479 0.2479 0.2479 0.2479 0.2479 0.2479 0.2479 0.2479 0.2479 0.2479 0.2479 0.2479 0.2479 0.2479 0.2479 0.2479 0.2479 0.2479 0.2479 0.2479 0.2479 0.2479 0.2479 0.2479 0.2479 0.2479 0.2479 0.2479 0.2479 0.2479 0.2479 
TS45 0.2479 0.2479 0.2479 0.2479 0.2479 0.2479 0.2479 0.2479 0.2479 0.2479 0.2479 0.2479 0.2479 0.2479 0.2479 0.2479 0.2479 0.2479 0.2479 0.2479 0.2479 0.2479 0.2479 0.2479 0.2479 0.2479 0.2479 0.2479 0.2479 0.2479 0.2479 0.2479 
TS46 0.2479 0.2479 0.2479 0.2479 0.2479 0.2479 0.2479 0.2479 0.2479 0.2479 0.2479 0.2479 0.2479 0.2479 0.2479 0.2479 0.2479 0.2479 0.2479 0.2479 0.2479 0.2479 0.2479 0.2479 0.2479 0.2479 0.2479 0.2479 0.2479 0.2479 0.2479 0.2479 
TS47 0.2479 0.2479 0.2479 0.2479 0.2479 0.2479 0.2479 0.2479 0.2479 0.2479 0.2479 0.2479 0.2479 0.2479 0.2479 0.2479 0.2479 0.2479 0.2479 0.2479 0.2479 0.2479 0.2479 0.2479 0.2479 0.2479 0.2479 0.2479 0.2479 0.2479 0.2479 0.2479 
TS48 0.2479 0.2479 0.2479 0.2479 0.2479 0.2479 0.2479 0.2479 0.2479 0.2479 0.2479 0.2479 0.2479 0.2479 0.2479 0.2479 0.2479 0.2479 0.2479 0.2479 0.2479 0.2479 0.2479 0.2479 0.2479 0.2479 0.2479 0.2479 0.2479 0.2479 0.2479 0.2479 
[RE1,PWRHYD005,*,*]:
2019 2020 2021 2022 2023 2024 2025 2026 2027 2028 2029 2030 2031 2032 2033 2034 2035 2036 2037 2038 2039 2040 2041 2042 2043 2044 2045 2046 2047 2048 2049 2050 :=
TS01 0.3611 0.3611 0.3611 0.3611 0.3611 0.3611 0.3611 0.3611 0.3611 0.3611 0.3611 0.3611 0.3611 0.3611 0.3611 0.3611 0.3611 0.3611 0.3611 0.3611 0.3611 0.3611 0.3611 0.3611 0.3611 0.3611 0.3611 0.3611 0.3611 0.3611 0.3611 0.3611 
TS02 0.3611 0.3611 0.3611 0.3611 0.3611 0.3611 0.3611 0.3611 0.3611 0.3611 0.3611 0.3611 0.3611 0.3611 0.3611 0.3611 0.3611 0.3611 0.3611 0.3611 0.3611 0.3611 0.3611 0.3611 0.3611 0.3611 0.3611 0.3611 0.3611 0.3611 0.3611 0.3611 
TS03 0.3611 0.3611 0.3611 0.3611 0.3611 0.3611 0.3611 0.3611 0.3611 0.3611 0.3611 0.3611 0.3611 0.3611 0.3611 0.3611 0.3611 0.3611 0.3611 0.3611 0.3611 0.3611 0.3611 0.3611 0.3611 0.3611 0.3611 0.3611 0.3611 0.3611 0.3611 0.3611 
TS04 0.3611 0.3611 0.3611 0.3611 0.3611 0.3611 0.3611 0.3611 0.3611 0.3611 0.3611 0.3611 0.3611 0.3611 0.3611 0.3611 0.3611 0.3611 0.3611 0.3611 0.3611 0.3611 0.3611 0.3611 0.3611 0.3611 0.3611 0.3611 0.3611 0.3611 0.3611 0.3611 
TS05 0.3611 0.3611 0.3611 0.3611 0.3611 0.3611 0.3611 0.3611 0.3611 0.3611 0.3611 0.3611 0.3611 0.3611 0.3611 0.3611 0.3611 0.3611 0.3611 0.3611 0.3611 0.3611 0.3611 0.3611 0.3611 0.3611 0.3611 0.3611 0.3611 0.3611 0.3611 0.3611 
TS06 0.3611 0.3611 0.3611 0.3611 0.3611 0.3611 0.3611 0.3611 0.3611 0.3611 0.3611 0.3611 0.3611 0.3611 0.3611 0.3611 0.3611 0.3611 0.3611 0.3611 0.3611 0.3611 0.3611 0.3611 0.3611 0.3611 0.3611 0.3611 0.3611 0.3611 0.3611 0.3611 
TS07 0.3611 0.3611 0.3611 0.3611 0.3611 0.3611 0.3611 0.3611 0.3611 0.3611 0.3611 0.3611 0.3611 0.3611 0.3611 0.3611 0.3611 0.3611 0.3611 0.3611 0.3611 0.3611 0.3611 0.3611 0.3611 0.3611 0.3611 0.3611 0.3611 0.3611 0.3611 0.3611 
TS08 0.3611 0.3611 0.3611 0.3611 0.3611 0.3611 0.3611 0.3611 0.3611 0.3611 0.3611 0.3611 0.3611 0.3611 0.3611 0.3611 0.3611 0.3611 0.3611 0.3611 0.3611 0.3611 0.3611 0.3611 0.3611 0.3611 0.3611 0.3611 0.3611 0.3611 0.3611 0.3611 
TS09 0.3611 0.3611 0.3611 0.3611 0.3611 0.3611 0.3611 0.3611 0.3611 0.3611 0.3611 0.3611 0.3611 0.3611 0.3611 0.3611 0.3611 0.3611 0.3611 0.3611 0.3611 0.3611 0.3611 0.3611 0.3611 0.3611 0.3611 0.3611 0.3611 0.3611 0.3611 0.3611 
TS10 0.3611 0.3611 0.3611 0.3611 0.3611 0.3611 0.3611 0.3611 0.3611 0.3611 0.3611 0.3611 0.3611 0.3611 0.3611 0.3611 0.3611 0.3611 0.3611 0.3611 0.3611 0.3611 0.3611 0.3611 0.3611 0.3611 0.3611 0.3611 0.3611 0.3611 0.3611 0.3611 
TS11 0.3611 0.3611 0.3611 0.3611 0.3611 0.3611 0.3611 0.3611 0.3611 0.3611 0.3611 0.3611 0.3611 0.3611 0.3611 0.3611 0.3611 0.3611 0.3611 0.3611 0.3611 0.3611 0.3611 0.3611 0.3611 0.3611 0.3611 0.3611 0.3611 0.3611 0.3611 0.3611 
TS12 0.3611 0.3611 0.3611 0.3611 0.3611 0.3611 0.3611 0.3611 0.3611 0.3611 0.3611 0.3611 0.3611 0.3611 0.3611 0.3611 0.3611 0.3611 0.3611 0.3611 0.3611 0.3611 0.3611 0.3611 0.3611 0.3611 0.3611 0.3611 0.3611 0.3611 0.3611 0.3611 
TS13 0.4868 0.4868 0.4868 0.4868 0.4868 0.4868 0.4868 0.4868 0.4868 0.4868 0.4868 0.4868 0.4868 0.4868 0.4868 0.4868 0.4868 0.4868 0.4868 0.4868 0.4868 0.4868 0.4868 0.4868 0.4868 0.4868 0.4868 0.4868 0.4868 0.4868 0.4868 0.4868 
TS14 0.4868 0.4868 0.4868 0.4868 0.4868 0.4868 0.4868 0.4868 0.4868 0.4868 0.4868 0.4868 0.4868 0.4868 0.4868 0.4868 0.4868 0.4868 0.4868 0.4868 0.4868 0.4868 0.4868 0.4868 0.4868 0.4868 0.4868 0.4868 0.4868 0.4868 0.4868 0.4868 
TS15 0.4868 0.4868 0.4868 0.4868 0.4868 0.4868 0.4868 0.4868 0.4868 0.4868 0.4868 0.4868 0.4868 0.4868 0.4868 0.4868 0.4868 0.4868 0.4868 0.4868 0.4868 0.4868 0.4868 0.4868 0.4868 0.4868 0.4868 0.4868 0.4868 0.4868 0.4868 0.4868 
TS16 0.4868 0.4868 0.4868 0.4868 0.4868 0.4868 0.4868 0.4868 0.4868 0.4868 0.4868 0.4868 0.4868 0.4868 0.4868 0.4868 0.4868 0.4868 0.4868 0.4868 0.4868 0.4868 0.4868 0.4868 0.4868 0.4868 0.4868 0.4868 0.4868 0.4868 0.4868 0.4868 
TS17 0.4868 0.4868 0.4868 0.4868 0.4868 0.4868 0.4868 0.4868 0.4868 0.4868 0.4868 0.4868 0.4868 0.4868 0.4868 0.4868 0.4868 0.4868 0.4868 0.4868 0.4868 0.4868 0.4868 0.4868 0.4868 0.4868 0.4868 0.4868 0.4868 0.4868 0.4868 0.4868 
TS18 0.4868 0.4868 0.4868 0.4868 0.4868 0.4868 0.4868 0.4868 0.4868 0.4868 0.4868 0.4868 0.4868 0.4868 0.4868 0.4868 0.4868 0.4868 0.4868 0.4868 0.4868 0.4868 0.4868 0.4868 0.4868 0.4868 0.4868 0.4868 0.4868 0.4868 0.4868 0.4868 
TS19 0.4868 0.4868 0.4868 0.4868 0.4868 0.4868 0.4868 0.4868 0.4868 0.4868 0.4868 0.4868 0.4868 0.4868 0.4868 0.4868 0.4868 0.4868 0.4868 0.4868 0.4868 0.4868 0.4868 0.4868 0.4868 0.4868 0.4868 0.4868 0.4868 0.4868 0.4868 0.4868 
TS20 0.4868 0.4868 0.4868 0.4868 0.4868 0.4868 0.4868 0.4868 0.4868 0.4868 0.4868 0.4868 0.4868 0.4868 0.4868 0.4868 0.4868 0.4868 0.4868 0.4868 0.4868 0.4868 0.4868 0.4868 0.4868 0.4868 0.4868 0.4868 0.4868 0.4868 0.4868 0.4868 
TS21 0.4868 0.4868 0.4868 0.4868 0.4868 0.4868 0.4868 0.4868 0.4868 0.4868 0.4868 0.4868 0.4868 0.4868 0.4868 0.4868 0.4868 0.4868 0.4868 0.4868 0.4868 0.4868 0.4868 0.4868 0.4868 0.4868 0.4868 0.4868 0.4868 0.4868 0.4868 0.4868 
TS22 0.4868 0.4868 0.4868 0.4868 0.4868 0.4868 0.4868 0.4868 0.4868 0.4868 0.4868 0.4868 0.4868 0.4868 0.4868 0.4868 0.4868 0.4868 0.4868 0.4868 0.4868 0.4868 0.4868 0.4868 0.4868 0.4868 0.4868 0.4868 0.4868 0.4868 0.4868 0.4868 
TS23 0.4868 0.4868 0.4868 0.4868 0.4868 0.4868 0.4868 0.4868 0.4868 0.4868 0.4868 0.4868 0.4868 0.4868 0.4868 0.4868 0.4868 0.4868 0.4868 0.4868 0.4868 0.4868 0.4868 0.4868 0.4868 0.4868 0.4868 0.4868 0.4868 0.4868 0.4868 0.4868 
TS24 0.4868 0.4868 0.4868 0.4868 0.4868 0.4868 0.4868 0.4868 0.4868 0.4868 0.4868 0.4868 0.4868 0.4868 0.4868 0.4868 0.4868 0.4868 0.4868 0.4868 0.4868 0.4868 0.4868 0.4868 0.4868 0.4868 0.4868 0.4868 0.4868 0.4868 0.4868 0.4868 
TS25 0.4822 0.4822 0.4822 0.4822 0.4822 0.4822 0.4822 0.4822 0.4822 0.4822 0.4822 0.4822 0.4822 0.4822 0.4822 0.4822 0.4822 0.4822 0.4822 0.4822 0.4822 0.4822 0.4822 0.4822 0.4822 0.4822 0.4822 0.4822 0.4822 0.4822 0.4822 0.4822 
TS26 0.4822 0.4822 0.4822 0.4822 0.4822 0.4822 0.4822 0.4822 0.4822 0.4822 0.4822 0.4822 0.4822 0.4822 0.4822 0.4822 0.4822 0.4822 0.4822 0.4822 0.4822 0.4822 0.4822 0.4822 0.4822 0.4822 0.4822 0.4822 0.4822 0.4822 0.4822 0.4822 
TS27 0.4822 0.4822 0.4822 0.4822 0.4822 0.4822 0.4822 0.4822 0.4822 0.4822 0.4822 0.4822 0.4822 0.4822 0.4822 0.4822 0.4822 0.4822 0.4822 0.4822 0.4822 0.4822 0.4822 0.4822 0.4822 0.4822 0.4822 0.4822 0.4822 0.4822 0.4822 0.4822 
TS28 0.4822 0.4822 0.4822 0.4822 0.4822 0.4822 0.4822 0.4822 0.4822 0.4822 0.4822 0.4822 0.4822 0.4822 0.4822 0.4822 0.4822 0.4822 0.4822 0.4822 0.4822 0.4822 0.4822 0.4822 0.4822 0.4822 0.4822 0.4822 0.4822 0.4822 0.4822 0.4822 
TS29 0.4822 0.4822 0.4822 0.4822 0.4822 0.4822 0.4822 0.4822 0.4822 0.4822 0.4822 0.4822 0.4822 0.4822 0.4822 0.4822 0.4822 0.4822 0.4822 0.4822 0.4822 0.4822 0.4822 0.4822 0.4822 0.4822 0.4822 0.4822 0.4822 0.4822 0.4822 0.4822 
TS30 0.4822 0.4822 0.4822 0.4822 0.4822 0.4822 0.4822 0.4822 0.4822 0.4822 0.4822 0.4822 0.4822 0.4822 0.4822 0.4822 0.4822 0.4822 0.4822 0.4822 0.4822 0.4822 0.4822 0.4822 0.4822 0.4822 0.4822 0.4822 0.4822 0.4822 0.4822 0.4822 
TS31 0.4822 0.4822 0.4822 0.4822 0.4822 0.4822 0.4822 0.4822 0.4822 0.4822 0.4822 0.4822 0.4822 0.4822 0.4822 0.4822 0.4822 0.4822 0.4822 0.4822 0.4822 0.4822 0.4822 0.4822 0.4822 0.4822 0.4822 0.4822 0.4822 0.4822 0.4822 0.4822 
TS32 0.4822 0.4822 0.4822 0.4822 0.4822 0.4822 0.4822 0.4822 0.4822 0.4822 0.4822 0.4822 0.4822 0.4822 0.4822 0.4822 0.4822 0.4822 0.4822 0.4822 0.4822 0.4822 0.4822 0.4822 0.4822 0.4822 0.4822 0.4822 0.4822 0.4822 0.4822 0.4822 
TS33 0.4822 0.4822 0.4822 0.4822 0.4822 0.4822 0.4822 0.4822 0.4822 0.4822 0.4822 0.4822 0.4822 0.4822 0.4822 0.4822 0.4822 0.4822 0.4822 0.4822 0.4822 0.4822 0.4822 0.4822 0.4822 0.4822 0.4822 0.4822 0.4822 0.4822 0.4822 0.4822 
TS34 0.4822 0.4822 0.4822 0.4822 0.4822 0.4822 0.4822 0.4822 0.4822 0.4822 0.4822 0.4822 0.4822 0.4822 0.4822 0.4822 0.4822 0.4822 0.4822 0.4822 0.4822 0.4822 0.4822 0.4822 0.4822 0.4822 0.4822 0.4822 0.4822 0.4822 0.4822 0.4822 
TS35 0.4822 0.4822 0.4822 0.4822 0.4822 0.4822 0.4822 0.4822 0.4822 0.4822 0.4822 0.4822 0.4822 0.4822 0.4822 0.4822 0.4822 0.4822 0.4822 0.4822 0.4822 0.4822 0.4822 0.4822 0.4822 0.4822 0.4822 0.4822 0.4822 0.4822 0.4822 0.4822 
TS36 0.4822 0.4822 0.4822 0.4822 0.4822 0.4822 0.4822 0.4822 0.4822 0.4822 0.4822 0.4822 0.4822 0.4822 0.4822 0.4822 0.4822 0.4822 0.4822 0.4822 0.4822 0.4822 0.4822 0.4822 0.4822 0.4822 0.4822 0.4822 0.4822 0.4822 0.4822 0.4822 
TS37 0.4982 0.4982 0.4982 0.4982 0.4982 0.4982 0.4982 0.4982 0.4982 0.4982 0.4982 0.4982 0.4982 0.4982 0.4982 0.4982 0.4982 0.4982 0.4982 0.4982 0.4982 0.4982 0.4982 0.4982 0.4982 0.4982 0.4982 0.4982 0.4982 0.4982 0.4982 0.4982 
TS38 0.4982 0.4982 0.4982 0.4982 0.4982 0.4982 0.4982 0.4982 0.4982 0.4982 0.4982 0.4982 0.4982 0.4982 0.4982 0.4982 0.4982 0.4982 0.4982 0.4982 0.4982 0.4982 0.4982 0.4982 0.4982 0.4982 0.4982 0.4982 0.4982 0.4982 0.4982 0.4982 
TS39 0.4982 0.4982 0.4982 0.4982 0.4982 0.4982 0.4982 0.4982 0.4982 0.4982 0.4982 0.4982 0.4982 0.4982 0.4982 0.4982 0.4982 0.4982 0.4982 0.4982 0.4982 0.4982 0.4982 0.4982 0.4982 0.4982 0.4982 0.4982 0.4982 0.4982 0.4982 0.4982 
TS40 0.4982 0.4982 0.4982 0.4982 0.4982 0.4982 0.4982 0.4982 0.4982 0.4982 0.4982 0.4982 0.4982 0.4982 0.4982 0.4982 0.4982 0.4982 0.4982 0.4982 0.4982 0.4982 0.4982 0.4982 0.4982 0.4982 0.4982 0.4982 0.4982 0.4982 0.4982 0.4982 
TS41 0.4982 0.4982 0.4982 0.4982 0.4982 0.4982 0.4982 0.4982 0.4982 0.4982 0.4982 0.4982 0.4982 0.4982 0.4982 0.4982 0.4982 0.4982 0.4982 0.4982 0.4982 0.4982 0.4982 0.4982 0.4982 0.4982 0.4982 0.4982 0.4982 0.4982 0.4982 0.4982 
TS42 0.4982 0.4982 0.4982 0.4982 0.4982 0.4982 0.4982 0.4982 0.4982 0.4982 0.4982 0.4982 0.4982 0.4982 0.4982 0.4982 0.4982 0.4982 0.4982 0.4982 0.4982 0.4982 0.4982 0.4982 0.4982 0.4982 0.4982 0.4982 0.4982 0.4982 0.4982 0.4982 
TS43 0.4982 0.4982 0.4982 0.4982 0.4982 0.4982 0.4982 0.4982 0.4982 0.4982 0.4982 0.4982 0.4982 0.4982 0.4982 0.4982 0.4982 0.4982 0.4982 0.4982 0.4982 0.4982 0.4982 0.4982 0.4982 0.4982 0.4982 0.4982 0.4982 0.4982 0.4982 0.4982 
TS44 0.4982 0.4982 0.4982 0.4982 0.4982 0.4982 0.4982 0.4982 0.4982 0.4982 0.4982 0.4982 0.4982 0.4982 0.4982 0.4982 0.4982 0.4982 0.4982 0.4982 0.4982 0.4982 0.4982 0.4982 0.4982 0.4982 0.4982 0.4982 0.4982 0.4982 0.4982 0.4982 
TS45 0.4982 0.4982 0.4982 0.4982 0.4982 0.4982 0.4982 0.4982 0.4982 0.4982 0.4982 0.4982 0.4982 0.4982 0.4982 0.4982 0.4982 0.4982 0.4982 0.4982 0.4982 0.4982 0.4982 0.4982 0.4982 0.4982 0.4982 0.4982 0.4982 0.4982 0.4982 0.4982 
TS46 0.4982 0.4982 0.4982 0.4982 0.4982 0.4982 0.4982 0.4982 0.4982 0.4982 0.4982 0.4982 0.4982 0.4982 0.4982 0.4982 0.4982 0.4982 0.4982 0.4982 0.4982 0.4982 0.4982 0.4982 0.4982 0.4982 0.4982 0.4982 0.4982 0.4982 0.4982 0.4982 
TS47 0.4982 0.4982 0.4982 0.4982 0.4982 0.4982 0.4982 0.4982 0.4982 0.4982 0.4982 0.4982 0.4982 0.4982 0.4982 0.4982 0.4982 0.4982 0.4982 0.4982 0.4982 0.4982 0.4982 0.4982 0.4982 0.4982 0.4982 0.4982 0.4982 0.4982 0.4982 0.4982 
TS48 0.4982 0.4982 0.4982 0.4982 0.4982 0.4982 0.4982 0.4982 0.4982 0.4982 0.4982 0.4982 0.4982 0.4982 0.4982 0.4982 0.4982 0.4982 0.4982 0.4982 0.4982 0.4982 0.4982 0.4982 0.4982 0.4982 0.4982 0.4982 0.4982 0.4982 0.4982 0.4982 
[RE1,PWRSOL001,*,*]:
2019 2020 2021 2022 2023 2024 2025 2026 2027 2028 2029 2030 2031 2032 2033 2034 2035 2036 2037 2038 2039 2040 2041 2042 2043 2044 2045 2046 2047 2048 2049 2050 :=
TS01 0.0 0.0 0.0 0.0 0.0 0.0 0.0 0.0 0.0 0.0 0.0 0.0 0.0 0.0 0.0 0.0 0.0 0.0 0.0 0.0 0.0 0.0 0.0 0.0 0.0 0.0 0.0 0.0 0.0 0.0 0.0 0.0 
TS02 0.1579 0.1579 0.1579 0.1579 0.1579 0.1579 0.1579 0.1579 0.1579 0.1579 0.1579 0.1579 0.1579 0.1579 0.1579 0.1579 0.1579 0.1579 0.1579 0.1579 0.1579 0.1579 0.1579 0.1579 0.1579 0.1579 0.1579 0.1579 0.1579 0.1579 0.1579 0.1579 
TS03 0.6615 0.6615 0.6615 0.6615 0.6615 0.6615 0.6615 0.6615 0.6615 0.6615 0.6615 0.6615 0.6615 0.6615 0.6615 0.6615 0.6615 0.6615 0.6615 0.6615 0.6615 0.6615 0.6615 0.6615 0.6615 0.6615 0.6615 0.6615 0.6615 0.6615 0.6615 0.6615 
TS04 0.2694 0.2694 0.2694 0.2694 0.2694 0.2694 0.2694 0.2694 0.2694 0.2694 0.2694 0.2694 0.2694 0.2694 0.2694 0.2694 0.2694 0.2694 0.2694 0.2694 0.2694 0.2694 0.2694 0.2694 0.2694 0.2694 0.2694 0.2694 0.2694 0.2694 0.2694 0.2694 
TS05 0.0 0.0 0.0 0.0 0.0 0.0 0.0 0.0 0.0 0.0 0.0 0.0 0.0 0.0 0.0 0.0 0.0 0.0 0.0 0.0 0.0 0.0 0.0 0.0 0.0 0.0 0.0 0.0 0.0 0.0 0.0 0.0 
TS06 0.0 0.0 0.0 0.0 0.0 0.0 0.0 0.0 0.0 0.0 0.0 0.0 0.0 0.0 0.0 0.0 0.0 0.0 0.0 0.0 0.0 0.0 0.0 0.0 0.0 0.0 0.0 0.0 0.0 0.0 0.0 0.0 
TS07 0.0 0.0 0.0 0.0 0.0 0.0 0.0 0.0 0.0 0.0 0.0 0.0 0.0 0.0 0.0 0.0 0.0 0.0 0.0 0.0 0.0 0.0 0.0 0.0 0.0 0.0 0.0 0.0 0.0 0.0 0.0 0.0 
TS08 0.1578 0.1578 0.1578 0.1578 0.1578 0.1578 0.1578 0.1578 0.1578 0.1578 0.1578 0.1578 0.1578 0.1578 0.1578 0.1578 0.1578 0.1578 0.1578 0.1578 0.1578 0.1578 0.1578 0.1578 0.1578 0.1578 0.1578 0.1578 0.1578 0.1578 0.1578 0.1578 
TS09 0.6693 0.6693 0.6693 0.6693 0.6693 0.6693 0.6693 0.6693 0.6693 0.6693 0.6693 0.6693 0.6693 0.6693 0.6693 0.6693 0.6693 0.6693 0.6693 0.6693 0.6693 0.6693 0.6693 0.6693 0.6693 0.6693 0.6693 0.6693 0.6693 0.6693 0.6693 0.6693 
TS10 0.2852 0.2852 0.2852 0.2852 0.2852 0.2852 0.2852 0.2852 0.2852 0.2852 0.2852 0.2852 0.2852 0.2852 0.2852 0.2852 0.2852 0.2852 0.2852 0.2852 0.2852 0.2852 0.2852 0.2852 0.2852 0.2852 0.2852 0.2852 0.2852 0.2852 0.2852 0.2852 
TS11 0.0 0.0 0.0 0.0 0.0 0.0 0.0 0.0 0.0 0.0 0.0 0.0 0.0 0.0 0.0 0.0 0.0 0.0 0.0 0.0 0.0 0.0 0.0 0.0 0.0 0.0 0.0 0.0 0.0 0.0 0.0 0.0 
TS12 0.0 0.0 0.0 0.0 0.0 0.0 0.0 0.0 0.0 0.0 0.0 0.0 0.0 0.0 0.0 0.0 0.0 0.0 0.0 0.0 0.0 0.0 0.0 0.0 0.0 0.0 0.0 0.0 0.0 0.0 0.0 0.0 
TS13 0.0 0.0 0.0 0.0 0.0 0.0 0.0 0.0 0.0 0.0 0.0 0.0 0.0 0.0 0.0 0.0 0.0 0.0 0.0 0.0 0.0 0.0 0.0 0.0 0.0 0.0 0.0 0.0 0.0 0.0 0.0 0.0 
TS14 0.147 0.147 0.147 0.147 0.147 0.147 0.147 0.147 0.147 0.147 0.147 0.147 0.147 0.147 0.147 0.147 0.147 0.147 0.147 0.147 0.147 0.147 0.147 0.147 0.147 0.147 0.147 0.147 0.147 0.147 0.147 0.147 
TS15 0.5687 0.5687 0.5687 0.5687 0.5687 0.5687 0.5687 0.5687 0.5687 0.5687 0.5687 0.5687 0.5687 0.5687 0.5687 0.5687 0.5687 0.5687 0.5687 0.5687 0.5687 0.5687 0.5687 0.5687 0.5687 0.5687 0.5687 0.5687 0.5687 0.5687 0.5687 0.5687 
TS16 0.1999 0.1999 0.1999 0.1999 0.1999 0.1999 0.1999 0.1999 0.1999 0.1999 0.1999 0.1999 0.1999 0.1999 0.1999 0.1999 0.1999 0.1999 0.1999 0.1999 0.1999 0.1999 0.1999 0.1999 0.1999 0.1999 0.1999 0.1999 0.1999 0.1999 0.1999 0.1999 
TS17 0.0 0.0 0.0 0.0 0.0 0.0 0.0 0.0 0.0 0.0 0.0 0.0 0.0 0.0 0.0 0.0 0.0 0.0 0.0 0.0 0.0 0.0 0.0 0.0 0.0 0.0 0.0 0.0 0.0 0.0 0.0 0.0 
TS18 0.0 0.0 0.0 0.0 0.0 0.0 0.0 0.0 0.0 0.0 0.0 0.0 0.0 0.0 0.0 0.0 0.0 0.0 0.0 0.0 0.0 0.0 0.0 0.0 0.0 0.0 0.0 0.0 0.0 0.0 0.0 0.0 
TS19 0.0 0.0 0.0 0.0 0.0 0.0 0.0 0.0 0.0 0.0 0.0 0.0 0.0 0.0 0.0 0.0 0.0 0.0 0.0 0.0 0.0 0.0 0.0 0.0 0.0 0.0 0.0 0.0 0.0 0.0 0.0 0.0 
TS20 0.1632 0.1632 0.1632 0.1632 0.1632 0.1632 0.1632 0.1632 0.1632 0.1632 0.1632 0.1632 0.1632 0.1632 0.1632 0.1632 0.1632 0.1632 0.1632 0.1632 0.1632 0.1632 0.1632 0.1632 0.1632 0.1632 0.1632 0.1632 0.1632 0.1632 0.1632 0.1632 
TS21 0.5952 0.5952 0.5952 0.5952 0.5952 0.5952 0.5952 0.5952 0.5952 0.5952 0.5952 0.5952 0.5952 0.5952 0.5952 0.5952 0.5952 0.5952 0.5952 0.5952 0.5952 0.5952 0.5952 0.5952 0.5952 0.5952 0.5952 0.5952 0.5952 0.5952 0.5952 0.5952 
TS22 0.1969 0.1969 0.1969 0.1969 0.1969 0.1969 0.1969 0.1969 0.1969 0.1969 0.1969 0.1969 0.1969 0.1969 0.1969 0.1969 0.1969 0.1969 0.1969 0.1969 0.1969 0.1969 0.1969 0.1969 0.1969 0.1969 0.1969 0.1969 0.1969 0.1969 0.1969 0.1969 
TS23 0.0 0.0 0.0 0.0 0.0 0.0 0.0 0.0 0.0 0.0 0.0 0.0 0.0 0.0 0.0 0.0 0.0 0.0 0.0 0.0 0.0 0.0 0.0 0.0 0.0 0.0 0.0 0.0 0.0 0.0 0.0 0.0 
TS24 0.0 0.0 0.0 0.0 0.0 0.0 0.0 0.0 0.0 0.0 0.0 0.0 0.0 0.0 0.0 0.0 0.0 0.0 0.0 0.0 0.0 0.0 0.0 0.0 0.0 0.0 0.0 0.0 0.0 0.0 0.0 0.0 
TS25 0.0 0.0 0.0 0.0 0.0 0.0 0.0 0.0 0.0 0.0 0.0 0.0 0.0 0.0 0.0 0.0 0.0 0.0 0.0 0.0 0.0 0.0 0.0 0.0 0.0 0.0 0.0 0.0 0.0 0.0 0.0 0.0 
TS26 0.1518 0.1518 0.1518 0.1518 0.1518 0.1518 0.1518 0.1518 0.1518 0.1518 0.1518 0.1518 0.1518 0.1518 0.1518 0.1518 0.1518 0.1518 0.1518 0.1518 0.1518 0.1518 0.1518 0.1518 0.1518 0.1518 0.1518 0.1518 0.1518 0.1518 0.1518 0.1518 
TS27 0.6091 0.6091 0.6091 0.6091 0.6091 0.6091 0.6091 0.6091 0.6091 0.6091 0.6091 0.6091 0.6091 0.6091 0.6091 0.6091 0.6091 0.6091 0.6091 0.6091 0.6091 0.6091 0.6091 0.6091 0.6091 0.6091 0.6091 0.6091 0.6091 0.6091 0.6091 0.6091 
TS28 0.2342 0.2342 0.2342 0.2342 0.2342 0.2342 0.2342 0.2342 0.2342 0.2342 0.2342 0.2342 0.2342 0.2342 0.2342 0.2342 0.2342 0.2342 0.2342 0.2342 0.2342 0.2342 0.2342 0.2342 0.2342 0.2342 0.2342 0.2342 0.2342 0.2342 0.2342 0.2342 
TS29 0.0 0.0 0.0 0.0 0.0 0.0 0.0 0.0 0.0 0.0 0.0 0.0 0.0 0.0 0.0 0.0 0.0 0.0 0.0 0.0 0.0 0.0 0.0 0.0 0.0 0.0 0.0 0.0 0.0 0.0 0.0 0.0 
TS30 0.0 0.0 0.0 0.0 0.0 0.0 0.0 0.0 0.0 0.0 0.0 0.0 0.0 0.0 0.0 0.0 0.0 0.0 0.0 0.0 0.0 0.0 0.0 0.0 0.0 0.0 0.0 0.0 0.0 0.0 0.0 0.0 
TS31 0.0 0.0 0.0 0.0 0.0 0.0 0.0 0.0 0.0 0.0 0.0 0.0 0.0 0.0 0.0 0.0 0.0 0.0 0.0 0.0 0.0 0.0 0.0 0.0 0.0 0.0 0.0 0.0 0.0 0.0 0.0 0.0 
TS32 0.1588 0.1588 0.1588 0.1588 0.1588 0.1588 0.1588 0.1588 0.1588 0.1588 0.1588 0.1588 0.1588 0.1588 0.1588 0.1588 0.1588 0.1588 0.1588 0.1588 0.1588 0.1588 0.1588 0.1588 0.1588 0.1588 0.1588 0.1588 0.1588 0.1588 0.1588 0.1588 
TS33 0.6283 0.6283 0.6283 0.6283 0.6283 0.6283 0.6283 0.6283 0.6283 0.6283 0.6283 0.6283 0.6283 0.6283 0.6283 0.6283 0.6283 0.6283 0.6283 0.6283 0.6283 0.6283 0.6283 0.6283 0.6283 0.6283 0.6283 0.6283 0.6283 0.6283 0.6283 0.6283 
TS34 0.24 0.24 0.24 0.24 0.24 0.24 0.24 0.24 0.24 0.24 0.24 0.24 0.24 0.24 0.24 0.24 0.24 0.24 0.24 0.24 0.24 0.24 0.24 0.24 0.24 0.24 0.24 0.24 0.24 0.24 0.24 0.24 
TS35 0.0 0.0 0.0 0.0 0.0 0.0 0.0 0.0 0.0 0.0 0.0 0.0 0.0 0.0 0.0 0.0 0.0 0.0 0.0 0.0 0.0 0.0 0.0 0.0 0.0 0.0 0.0 0.0 0.0 0.0 0.0 0.0 
TS36 0.0 0.0 0.0 0.0 0.0 0.0 0.0 0.0 0.0 0.0 0.0 0.0 0.0 0.0 0.0 0.0 0.0 0.0 0.0 0.0 0.0 0.0 0.0 0.0 0.0 0.0 0.0 0.0 0.0 0.0 0.0 0.0 
TS37 0.0 0.0 0.0 0.0 0.0 0.0 0.0 0.0 0.0 0.0 0.0 0.0 0.0 0.0 0.0 0.0 0.0 0.0 0.0 0.0 0.0 0.0 0.0 0.0 0.0 0.0 0.0 0.0 0.0 0.0 0.0 0.0 
TS38 0.2011 0.2011 0.2011 0.2011 0.2011 0.2011 0.2011 0.2011 0.2011 0.2011 0.2011 0.2011 0.2011 0.2011 0.2011 0.2011 0.2011 0.2011 0.2011 0.2011 0.2011 0.2011 0.2011 0.2011 0.2011 0.2011 0.2011 0.2011 0.2011 0.2011 0.2011 0.2011 
TS39 0.6475 0.6475 0.6475 0.6475 0.6475 0.6475 0.6475 0.6475 0.6475 0.6475 0.6475 0.6475 0.6475 0.6475 0.6475 0.6475 0.6475 0.6475 0.6475 0.6475 0.6475 0.6475 0.6475 0.6475 0.6475 0.6475 0.6475 0.6475 0.6475 0.6475 0.6475 0.6475 
TS40 0.2193 0.2193 0.2193 0.2193 0.2193 0.2193 0.2193 0.2193 0.2193 0.2193 0.2193 0.2193 0.2193 0.2193 0.2193 0.2193 0.2193 0.2193 0.2193 0.2193 0.2193 0.2193 0.2193 0.2193 0.2193 0.2193 0.2193 0.2193 0.2193 0.2193 0.2193 0.2193 
TS41 0.0 0.0 0.0 0.0 0.0 0.0 0.0 0.0 0.0 0.0 0.0 0.0 0.0 0.0 0.0 0.0 0.0 0.0 0.0 0.0 0.0 0.0 0.0 0.0 0.0 0.0 0.0 0.0 0.0 0.0 0.0 0.0 
TS42 0.0 0.0 0.0 0.0 0.0 0.0 0.0 0.0 0.0 0.0 0.0 0.0 0.0 0.0 0.0 0.0 0.0 0.0 0.0 0.0 0.0 0.0 0.0 0.0 0.0 0.0 0.0 0.0 0.0 0.0 0.0 0.0 
TS43 0.0 0.0 0.0 0.0 0.0 0.0 0.0 0.0 0.0 0.0 0.0 0.0 0.0 0.0 0.0 0.0 0.0 0.0 0.0 0.0 0.0 0.0 0.0 0.0 0.0 0.0 0.0 0.0 0.0 0.0 0.0 0.0 
TS44 0.2028 0.2028 0.2028 0.2028 0.2028 0.2028 0.2028 0.2028 0.2028 0.2028 0.2028 0.2028 0.2028 0.2028 0.2028 0.2028 0.2028 0.2028 0.2028 0.2028 0.2028 0.2028 0.2028 0.2028 0.2028 0.2028 0.2028 0.2028 0.2028 0.2028 0.2028 0.2028 
TS45 0.6576 0.6576 0.6576 0.6576 0.6576 0.6576 0.6576 0.6576 0.6576 0.6576 0.6576 0.6576 0.6576 0.6576 0.6576 0.6576 0.6576 0.6576 0.6576 0.6576 0.6576 0.6576 0.6576 0.6576 0.6576 0.6576 0.6576 0.6576 0.6576 0.6576 0.6576 0.6576 
TS46 0.2219 0.2219 0.2219 0.2219 0.2219 0.2219 0.2219 0.2219 0.2219 0.2219 0.2219 0.2219 0.2219 0.2219 0.2219 0.2219 0.2219 0.2219 0.2219 0.2219 0.2219 0.2219 0.2219 0.2219 0.2219 0.2219 0.2219 0.2219 0.2219 0.2219 0.2219 0.2219 
TS47 0.0 0.0 0.0 0.0 0.0 0.0 0.0 0.0 0.0 0.0 0.0 0.0 0.0 0.0 0.0 0.0 0.0 0.0 0.0 0.0 0.0 0.0 0.0 0.0 0.0 0.0 0.0 0.0 0.0 0.0 0.0 0.0 
TS48 0.0 0.0 0.0 0.0 0.0 0.0 0.0 0.0 0.0 0.0 0.0 0.0 0.0 0.0 0.0 0.0 0.0 0.0 0.0 0.0 0.0 0.0 0.0 0.0 0.0 0.0 0.0 0.0 0.0 0.0 0.0 0.0 
[RE1,PWRSOL002,*,*]:
2019 2020 2021 2022 2023 2024 2025 2026 2027 2028 2029 2030 2031 2032 2033 2034 2035 2036 2037 2038 2039 2040 2041 2042 2043 2044 2045 2046 2047 2048 2049 2050 :=
TS01 0.0 0.0 0.0 0.0 0.0 0.0 0.0 0.0 0.0 0.0 0.0 0.0 0.0 0.0 0.0 0.0 0.0 0.0 0.0 0.0 0.0 0.0 0.0 0.0 0.0 0.0 0.0 0.0 0.0 0.0 0.0 0.0 
TS02 0.1579 0.1579 0.1579 0.1579 0.1579 0.1579 0.1579 0.1579 0.1579 0.1579 0.1579 0.1579 0.1579 0.1579 0.1579 0.1579 0.1579 0.1579 0.1579 0.1579 0.1579 0.1579 0.1579 0.1579 0.1579 0.1579 0.1579 0.1579 0.1579 0.1579 0.1579 0.1579 
TS03 0.6615 0.6615 0.6615 0.6615 0.6615 0.6615 0.6615 0.6615 0.6615 0.6615 0.6615 0.6615 0.6615 0.6615 0.6615 0.6615 0.6615 0.6615 0.6615 0.6615 0.6615 0.6615 0.6615 0.6615 0.6615 0.6615 0.6615 0.6615 0.6615 0.6615 0.6615 0.6615 
TS04 0.2694 0.2694 0.2694 0.2694 0.2694 0.2694 0.2694 0.2694 0.2694 0.2694 0.2694 0.2694 0.2694 0.2694 0.2694 0.2694 0.2694 0.2694 0.2694 0.2694 0.2694 0.2694 0.2694 0.2694 0.2694 0.2694 0.2694 0.2694 0.2694 0.2694 0.2694 0.2694 
TS05 0.0 0.0 0.0 0.0 0.0 0.0 0.0 0.0 0.0 0.0 0.0 0.0 0.0 0.0 0.0 0.0 0.0 0.0 0.0 0.0 0.0 0.0 0.0 0.0 0.0 0.0 0.0 0.0 0.0 0.0 0.0 0.0 
TS06 0.0 0.0 0.0 0.0 0.0 0.0 0.0 0.0 0.0 0.0 0.0 0.0 0.0 0.0 0.0 0.0 0.0 0.0 0.0 0.0 0.0 0.0 0.0 0.0 0.0 0.0 0.0 0.0 0.0 0.0 0.0 0.0 
TS07 0.0 0.0 0.0 0.0 0.0 0.0 0.0 0.0 0.0 0.0 0.0 0.0 0.0 0.0 0.0 0.0 0.0 0.0 0.0 0.0 0.0 0.0 0.0 0.0 0.0 0.0 0.0 0.0 0.0 0.0 0.0 0.0 
TS08 0.1578 0.1578 0.1578 0.1578 0.1578 0.1578 0.1578 0.1578 0.1578 0.1578 0.1578 0.1578 0.1578 0.1578 0.1578 0.1578 0.1578 0.1578 0.1578 0.1578 0.1578 0.1578 0.1578 0.1578 0.1578 0.1578 0.1578 0.1578 0.1578 0.1578 0.1578 0.1578 
TS09 0.6693 0.6693 0.6693 0.6693 0.6693 0.6693 0.6693 0.6693 0.6693 0.6693 0.6693 0.6693 0.6693 0.6693 0.6693 0.6693 0.6693 0.6693 0.6693 0.6693 0.6693 0.6693 0.6693 0.6693 0.6693 0.6693 0.6693 0.6693 0.6693 0.6693 0.6693 0.6693 
TS10 0.2852 0.2852 0.2852 0.2852 0.2852 0.2852 0.2852 0.2852 0.2852 0.2852 0.2852 0.2852 0.2852 0.2852 0.2852 0.2852 0.2852 0.2852 0.2852 0.2852 0.2852 0.2852 0.2852 0.2852 0.2852 0.2852 0.2852 0.2852 0.2852 0.2852 0.2852 0.2852 
TS11 0.0 0.0 0.0 0.0 0.0 0.0 0.0 0.0 0.0 0.0 0.0 0.0 0.0 0.0 0.0 0.0 0.0 0.0 0.0 0.0 0.0 0.0 0.0 0.0 0.0 0.0 0.0 0.0 0.0 0.0 0.0 0.0 
TS12 0.0 0.0 0.0 0.0 0.0 0.0 0.0 0.0 0.0 0.0 0.0 0.0 0.0 0.0 0.0 0.0 0.0 0.0 0.0 0.0 0.0 0.0 0.0 0.0 0.0 0.0 0.0 0.0 0.0 0.0 0.0 0.0 
TS13 0.0 0.0 0.0 0.0 0.0 0.0 0.0 0.0 0.0 0.0 0.0 0.0 0.0 0.0 0.0 0.0 0.0 0.0 0.0 0.0 0.0 0.0 0.0 0.0 0.0 0.0 0.0 0.0 0.0 0.0 0.0 0.0 
TS14 0.147 0.147 0.147 0.147 0.147 0.147 0.147 0.147 0.147 0.147 0.147 0.147 0.147 0.147 0.147 0.147 0.147 0.147 0.147 0.147 0.147 0.147 0.147 0.147 0.147 0.147 0.147 0.147 0.147 0.147 0.147 0.147 
TS15 0.5687 0.5687 0.5687 0.5687 0.5687 0.5687 0.5687 0.5687 0.5687 0.5687 0.5687 0.5687 0.5687 0.5687 0.5687 0.5687 0.5687 0.5687 0.5687 0.5687 0.5687 0.5687 0.5687 0.5687 0.5687 0.5687 0.5687 0.5687 0.5687 0.5687 0.5687 0.5687 
TS16 0.1999 0.1999 0.1999 0.1999 0.1999 0.1999 0.1999 0.1999 0.1999 0.1999 0.1999 0.1999 0.1999 0.1999 0.1999 0.1999 0.1999 0.1999 0.1999 0.1999 0.1999 0.1999 0.1999 0.1999 0.1999 0.1999 0.1999 0.1999 0.1999 0.1999 0.1999 0.1999 
TS17 0.0 0.0 0.0 0.0 0.0 0.0 0.0 0.0 0.0 0.0 0.0 0.0 0.0 0.0 0.0 0.0 0.0 0.0 0.0 0.0 0.0 0.0 0.0 0.0 0.0 0.0 0.0 0.0 0.0 0.0 0.0 0.0 
TS18 0.0 0.0 0.0 0.0 0.0 0.0 0.0 0.0 0.0 0.0 0.0 0.0 0.0 0.0 0.0 0.0 0.0 0.0 0.0 0.0 0.0 0.0 0.0 0.0 0.0 0.0 0.0 0.0 0.0 0.0 0.0 0.0 
TS19 0.0 0.0 0.0 0.0 0.0 0.0 0.0 0.0 0.0 0.0 0.0 0.0 0.0 0.0 0.0 0.0 0.0 0.0 0.0 0.0 0.0 0.0 0.0 0.0 0.0 0.0 0.0 0.0 0.0 0.0 0.0 0.0 
TS20 0.1632 0.1632 0.1632 0.1632 0.1632 0.1632 0.1632 0.1632 0.1632 0.1632 0.1632 0.1632 0.1632 0.1632 0.1632 0.1632 0.1632 0.1632 0.1632 0.1632 0.1632 0.1632 0.1632 0.1632 0.1632 0.1632 0.1632 0.1632 0.1632 0.1632 0.1632 0.1632 
TS21 0.5952 0.5952 0.5952 0.5952 0.5952 0.5952 0.5952 0.5952 0.5952 0.5952 0.5952 0.5952 0.5952 0.5952 0.5952 0.5952 0.5952 0.5952 0.5952 0.5952 0.5952 0.5952 0.5952 0.5952 0.5952 0.5952 0.5952 0.5952 0.5952 0.5952 0.5952 0.5952 
TS22 0.1969 0.1969 0.1969 0.1969 0.1969 0.1969 0.1969 0.1969 0.1969 0.1969 0.1969 0.1969 0.1969 0.1969 0.1969 0.1969 0.1969 0.1969 0.1969 0.1969 0.1969 0.1969 0.1969 0.1969 0.1969 0.1969 0.1969 0.1969 0.1969 0.1969 0.1969 0.1969 
TS23 0.0 0.0 0.0 0.0 0.0 0.0 0.0 0.0 0.0 0.0 0.0 0.0 0.0 0.0 0.0 0.0 0.0 0.0 0.0 0.0 0.0 0.0 0.0 0.0 0.0 0.0 0.0 0.0 0.0 0.0 0.0 0.0 
TS24 0.0 0.0 0.0 0.0 0.0 0.0 0.0 0.0 0.0 0.0 0.0 0.0 0.0 0.0 0.0 0.0 0.0 0.0 0.0 0.0 0.0 0.0 0.0 0.0 0.0 0.0 0.0 0.0 0.0 0.0 0.0 0.0 
TS25 0.0 0.0 0.0 0.0 0.0 0.0 0.0 0.0 0.0 0.0 0.0 0.0 0.0 0.0 0.0 0.0 0.0 0.0 0.0 0.0 0.0 0.0 0.0 0.0 0.0 0.0 0.0 0.0 0.0 0.0 0.0 0.0 
TS26 0.1518 0.1518 0.1518 0.1518 0.1518 0.1518 0.1518 0.1518 0.1518 0.1518 0.1518 0.1518 0.1518 0.1518 0.1518 0.1518 0.1518 0.1518 0.1518 0.1518 0.1518 0.1518 0.1518 0.1518 0.1518 0.1518 0.1518 0.1518 0.1518 0.1518 0.1518 0.1518 
TS27 0.6091 0.6091 0.6091 0.6091 0.6091 0.6091 0.6091 0.6091 0.6091 0.6091 0.6091 0.6091 0.6091 0.6091 0.6091 0.6091 0.6091 0.6091 0.6091 0.6091 0.6091 0.6091 0.6091 0.6091 0.6091 0.6091 0.6091 0.6091 0.6091 0.6091 0.6091 0.6091 
TS28 0.2342 0.2342 0.2342 0.2342 0.2342 0.2342 0.2342 0.2342 0.2342 0.2342 0.2342 0.2342 0.2342 0.2342 0.2342 0.2342 0.2342 0.2342 0.2342 0.2342 0.2342 0.2342 0.2342 0.2342 0.2342 0.2342 0.2342 0.2342 0.2342 0.2342 0.2342 0.2342 
TS29 0.0 0.0 0.0 0.0 0.0 0.0 0.0 0.0 0.0 0.0 0.0 0.0 0.0 0.0 0.0 0.0 0.0 0.0 0.0 0.0 0.0 0.0 0.0 0.0 0.0 0.0 0.0 0.0 0.0 0.0 0.0 0.0 
TS30 0.0 0.0 0.0 0.0 0.0 0.0 0.0 0.0 0.0 0.0 0.0 0.0 0.0 0.0 0.0 0.0 0.0 0.0 0.0 0.0 0.0 0.0 0.0 0.0 0.0 0.0 0.0 0.0 0.0 0.0 0.0 0.0 
TS31 0.0 0.0 0.0 0.0 0.0 0.0 0.0 0.0 0.0 0.0 0.0 0.0 0.0 0.0 0.0 0.0 0.0 0.0 0.0 0.0 0.0 0.0 0.0 0.0 0.0 0.0 0.0 0.0 0.0 0.0 0.0 0.0 
TS32 0.1588 0.1588 0.1588 0.1588 0.1588 0.1588 0.1588 0.1588 0.1588 0.1588 0.1588 0.1588 0.1588 0.1588 0.1588 0.1588 0.1588 0.1588 0.1588 0.1588 0.1588 0.1588 0.1588 0.1588 0.1588 0.1588 0.1588 0.1588 0.1588 0.1588 0.1588 0.1588 
TS33 0.6283 0.6283 0.6283 0.6283 0.6283 0.6283 0.6283 0.6283 0.6283 0.6283 0.6283 0.6283 0.6283 0.6283 0.6283 0.6283 0.6283 0.6283 0.6283 0.6283 0.6283 0.6283 0.6283 0.6283 0.6283 0.6283 0.6283 0.6283 0.6283 0.6283 0.6283 0.6283 
TS34 0.24 0.24 0.24 0.24 0.24 0.24 0.24 0.24 0.24 0.24 0.24 0.24 0.24 0.24 0.24 0.24 0.24 0.24 0.24 0.24 0.24 0.24 0.24 0.24 0.24 0.24 0.24 0.24 0.24 0.24 0.24 0.24 
TS35 0.0 0.0 0.0 0.0 0.0 0.0 0.0 0.0 0.0 0.0 0.0 0.0 0.0 0.0 0.0 0.0 0.0 0.0 0.0 0.0 0.0 0.0 0.0 0.0 0.0 0.0 0.0 0.0 0.0 0.0 0.0 0.0 
TS36 0.0 0.0 0.0 0.0 0.0 0.0 0.0 0.0 0.0 0.0 0.0 0.0 0.0 0.0 0.0 0.0 0.0 0.0 0.0 0.0 0.0 0.0 0.0 0.0 0.0 0.0 0.0 0.0 0.0 0.0 0.0 0.0 
TS37 0.0 0.0 0.0 0.0 0.0 0.0 0.0 0.0 0.0 0.0 0.0 0.0 0.0 0.0 0.0 0.0 0.0 0.0 0.0 0.0 0.0 0.0 0.0 0.0 0.0 0.0 0.0 0.0 0.0 0.0 0.0 0.0 
TS38 0.2011 0.2011 0.2011 0.2011 0.2011 0.2011 0.2011 0.2011 0.2011 0.2011 0.2011 0.2011 0.2011 0.2011 0.2011 0.2011 0.2011 0.2011 0.2011 0.2011 0.2011 0.2011 0.2011 0.2011 0.2011 0.2011 0.2011 0.2011 0.2011 0.2011 0.2011 0.2011 
TS39 0.6475 0.6475 0.6475 0.6475 0.6475 0.6475 0.6475 0.6475 0.6475 0.6475 0.6475 0.6475 0.6475 0.6475 0.6475 0.6475 0.6475 0.6475 0.6475 0.6475 0.6475 0.6475 0.6475 0.6475 0.6475 0.6475 0.6475 0.6475 0.6475 0.6475 0.6475 0.6475 
TS40 0.2193 0.2193 0.2193 0.2193 0.2193 0.2193 0.2193 0.2193 0.2193 0.2193 0.2193 0.2193 0.2193 0.2193 0.2193 0.2193 0.2193 0.2193 0.2193 0.2193 0.2193 0.2193 0.2193 0.2193 0.2193 0.2193 0.2193 0.2193 0.2193 0.2193 0.2193 0.2193 
TS41 0.0 0.0 0.0 0.0 0.0 0.0 0.0 0.0 0.0 0.0 0.0 0.0 0.0 0.0 0.0 0.0 0.0 0.0 0.0 0.0 0.0 0.0 0.0 0.0 0.0 0.0 0.0 0.0 0.0 0.0 0.0 0.0 
TS42 0.0 0.0 0.0 0.0 0.0 0.0 0.0 0.0 0.0 0.0 0.0 0.0 0.0 0.0 0.0 0.0 0.0 0.0 0.0 0.0 0.0 0.0 0.0 0.0 0.0 0.0 0.0 0.0 0.0 0.0 0.0 0.0 
TS43 0.0 0.0 0.0 0.0 0.0 0.0 0.0 0.0 0.0 0.0 0.0 0.0 0.0 0.0 0.0 0.0 0.0 0.0 0.0 0.0 0.0 0.0 0.0 0.0 0.0 0.0 0.0 0.0 0.0 0.0 0.0 0.0 
TS44 0.2028 0.2028 0.2028 0.2028 0.2028 0.2028 0.2028 0.2028 0.2028 0.2028 0.2028 0.2028 0.2028 0.2028 0.2028 0.2028 0.2028 0.2028 0.2028 0.2028 0.2028 0.2028 0.2028 0.2028 0.2028 0.2028 0.2028 0.2028 0.2028 0.2028 0.2028 0.2028 
TS45 0.6576 0.6576 0.6576 0.6576 0.6576 0.6576 0.6576 0.6576 0.6576 0.6576 0.6576 0.6576 0.6576 0.6576 0.6576 0.6576 0.6576 0.6576 0.6576 0.6576 0.6576 0.6576 0.6576 0.6576 0.6576 0.6576 0.6576 0.6576 0.6576 0.6576 0.6576 0.6576 
TS46 0.2219 0.2219 0.2219 0.2219 0.2219 0.2219 0.2219 0.2219 0.2219 0.2219 0.2219 0.2219 0.2219 0.2219 0.2219 0.2219 0.2219 0.2219 0.2219 0.2219 0.2219 0.2219 0.2219 0.2219 0.2219 0.2219 0.2219 0.2219 0.2219 0.2219 0.2219 0.2219 
TS47 0.0 0.0 0.0 0.0 0.0 0.0 0.0 0.0 0.0 0.0 0.0 0.0 0.0 0.0 0.0 0.0 0.0 0.0 0.0 0.0 0.0 0.0 0.0 0.0 0.0 0.0 0.0 0.0 0.0 0.0 0.0 0.0 
TS48 0.0 0.0 0.0 0.0 0.0 0.0 0.0 0.0 0.0 0.0 0.0 0.0 0.0 0.0 0.0 0.0 0.0 0.0 0.0 0.0 0.0 0.0 0.0 0.0 0.0 0.0 0.0 0.0 0.0 0.0 0.0 0.0 
[RE1,PWRWND001,*,*]:
2019 2020 2021 2022 2023 2024 2025 2026 2027 2028 2029 2030 2031 2032 2033 2034 2035 2036 2037 2038 2039 2040 2041 2042 2043 2044 2045 2046 2047 2048 2049 2050 :=
TS01 0.3342 0.3342 0.3342 0.3342 0.3342 0.3342 0.3342 0.3342 0.3342 0.3342 0.3342 0.3342 0.3342 0.3342 0.3342 0.3342 0.3342 0.3342 0.3342 0.3342 0.3342 0.3342 0.3342 0.3342 0.3342 0.3342 0.3342 0.3342 0.3342 0.3342 0.3342 0.3342 
TS02 0.3737 0.3737 0.3737 0.3737 0.3737 0.3737 0.3737 0.3737 0.3737 0.3737 0.3737 0.3737 0.3737 0.3737 0.3737 0.3737 0.3737 0.3737 0.3737 0.3737 0.3737 0.3737 0.3737 0.3737 0.3737 0.3737 0.3737 0.3737 0.3737 0.3737 0.3737 0.3737 
TS03 0.4309 0.4309 0.4309 0.4309 0.4309 0.4309 0.4309 0.4309 0.4309 0.4309 0.4309 0.4309 0.4309 0.4309 0.4309 0.4309 0.4309 0.4309 0.4309 0.4309 0.4309 0.4309 0.4309 0.4309 0.4309 0.4309 0.4309 0.4309 0.4309 0.4309 0.4309 0.4309 
TS04 0.3328 0.3328 0.3328 0.3328 0.3328 0.3328 0.3328 0.3328 0.3328 0.3328 0.3328 0.3328 0.3328 0.3328 0.3328 0.3328 0.3328 0.3328 0.3328 0.3328 0.3328 0.3328 0.3328 0.3328 0.3328 0.3328 0.3328 0.3328 0.3328 0.3328 0.3328 0.3328 
TS05 0.4332 0.4332 0.4332 0.4332 0.4332 0.4332 0.4332 0.4332 0.4332 0.4332 0.4332 0.4332 0.4332 0.4332 0.4332 0.4332 0.4332 0.4332 0.4332 0.4332 0.4332 0.4332 0.4332 0.4332 0.4332 0.4332 0.4332 0.4332 0.4332 0.4332 0.4332 0.4332 
TS06 0.4387 0.4387 0.4387 0.4387 0.4387 0.4387 0.4387 0.4387 0.4387 0.4387 0.4387 0.4387 0.4387 0.4387 0.4387 0.4387 0.4387 0.4387 0.4387 0.4387 0.4387 0.4387 0.4387 0.4387 0.4387 0.4387 0.4387 0.4387 0.4387 0.4387 0.4387 0.4387 
TS07 0.3144 0.3144 0.3144 0.3144 0.3144 0.3144 0.3144 0.3144 0.3144 0.3144 0.3144 0.3144 0.3144 0.3144 0.3144 0.3144 0.3144 0.3144 0.3144 0.3144 0.3144 0.3144 0.3144 0.3144 0.3144 0.3144 0.3144 0.3144 0.3144 0.3144 0.3144 0.3144 
TS08 0.3739 0.3739 0.3739 0.3739 0.3739 0.3739 0.3739 0.3739 0.3739 0.3739 0.3739 0.3739 0.3739 0.3739 0.3739 0.3739 0.3739 0.3739 0.3739 0.3739 0.3739 0.3739 0.3739 0.3739 0.3739 0.3739 0.3739 0.3739 0.3739 0.3739 0.3739 0.3739 
TS09 0.4403 0.4403 0.4403 0.4403 0.4403 0.4403 0.4403 0.4403 0.4403 0.4403 0.4403 0.4403 0.4403 0.4403 0.4403 0.4403 0.4403 0.4403 0.4403 0.4403 0.4403 0.4403 0.4403 0.4403 0.4403 0.4403 0.4403 0.4403 0.4403 0.4403 0.4403 0.4403 
TS10 0.3641 0.3641 0.3641 0.3641 0.3641 0.3641 0.3641 0.3641 0.3641 0.3641 0.3641 0.3641 0.3641 0.3641 0.3641 0.3641 0.3641 0.3641 0.3641 0.3641 0.3641 0.3641 0.3641 0.3641 0.3641 0.3641 0.3641 0.3641 0.3641 0.3641 0.3641 0.3641 
TS11 0.4701 0.4701 0.4701 0.4701 0.4701 0.4701 0.4701 0.4701 0.4701 0.4701 0.4701 0.4701 0.4701 0.4701 0.4701 0.4701 0.4701 0.4701 0.4701 0.4701 0.4701 0.4701 0.4701 0.4701 0.4701 0.4701 0.4701 0.4701 0.4701 0.4701 0.4701 0.4701 
TS12 0.4714 0.4714 0.4714 0.4714 0.4714 0.4714 0.4714 0.4714 0.4714 0.4714 0.4714 0.4714 0.4714 0.4714 0.4714 0.4714 0.4714 0.4714 0.4714 0.4714 0.4714 0.4714 0.4714 0.4714 0.4714 0.4714 0.4714 0.4714 0.4714 0.4714 0.4714 0.4714 
TS13 0.3133 0.3133 0.3133 0.3133 0.3133 0.3133 0.3133 0.3133 0.3133 0.3133 0.3133 0.3133 0.3133 0.3133 0.3133 0.3133 0.3133 0.3133 0.3133 0.3133 0.3133 0.3133 0.3133 0.3133 0.3133 0.3133 0.3133 0.3133 0.3133 0.3133 0.3133 0.3133 
TS14 0.2958 0.2958 0.2958 0.2958 0.2958 0.2958 0.2958 0.2958 0.2958 0.2958 0.2958 0.2958 0.2958 0.2958 0.2958 0.2958 0.2958 0.2958 0.2958 0.2958 0.2958 0.2958 0.2958 0.2958 0.2958 0.2958 0.2958 0.2958 0.2958 0.2958 0.2958 0.2958 
TS15 0.2892 0.2892 0.2892 0.2892 0.2892 0.2892 0.2892 0.2892 0.2892 0.2892 0.2892 0.2892 0.2892 0.2892 0.2892 0.2892 0.2892 0.2892 0.2892 0.2892 0.2892 0.2892 0.2892 0.2892 0.2892 0.2892 0.2892 0.2892 0.2892 0.2892 0.2892 0.2892 
TS16 0.2862 0.2862 0.2862 0.2862 0.2862 0.2862 0.2862 0.2862 0.2862 0.2862 0.2862 0.2862 0.2862 0.2862 0.2862 0.2862 0.2862 0.2862 0.2862 0.2862 0.2862 0.2862 0.2862 0.2862 0.2862 0.2862 0.2862 0.2862 0.2862 0.2862 0.2862 0.2862 
TS17 0.3589 0.3589 0.3589 0.3589 0.3589 0.3589 0.3589 0.3589 0.3589 0.3589 0.3589 0.3589 0.3589 0.3589 0.3589 0.3589 0.3589 0.3589 0.3589 0.3589 0.3589 0.3589 0.3589 0.3589 0.3589 0.3589 0.3589 0.3589 0.3589 0.3589 0.3589 0.3589 
TS18 0.3528 0.3528 0.3528 0.3528 0.3528 0.3528 0.3528 0.3528 0.3528 0.3528 0.3528 0.3528 0.3528 0.3528 0.3528 0.3528 0.3528 0.3528 0.3528 0.3528 0.3528 0.3528 0.3528 0.3528 0.3528 0.3528 0.3528 0.3528 0.3528 0.3528 0.3528 0.3528 
TS19 0.3632 0.3632 0.3632 0.3632 0.3632 0.3632 0.3632 0.3632 0.3632 0.3632 0.3632 0.3632 0.3632 0.3632 0.3632 0.3632 0.3632 0.3632 0.3632 0.3632 0.3632 0.3632 0.3632 0.3632 0.3632 0.3632 0.3632 0.3632 0.3632 0.3632 0.3632 0.3632 
TS20 0.3241 0.3241 0.3241 0.3241 0.3241 0.3241 0.3241 0.3241 0.3241 0.3241 0.3241 0.3241 0.3241 0.3241 0.3241 0.3241 0.3241 0.3241 0.3241 0.3241 0.3241 0.3241 0.3241 0.3241 0.3241 0.3241 0.3241 0.3241 0.3241 0.3241 0.3241 0.3241 
TS21 0.3134 0.3134 0.3134 0.3134 0.3134 0.3134 0.3134 0.3134 0.3134 0.3134 0.3134 0.3134 0.3134 0.3134 0.3134 0.3134 0.3134 0.3134 0.3134 0.3134 0.3134 0.3134 0.3134 0.3134 0.3134 0.3134 0.3134 0.3134 0.3134 0.3134 0.3134 0.3134 
TS22 0.3116 0.3116 0.3116 0.3116 0.3116 0.3116 0.3116 0.3116 0.3116 0.3116 0.3116 0.3116 0.3116 0.3116 0.3116 0.3116 0.3116 0.3116 0.3116 0.3116 0.3116 0.3116 0.3116 0.3116 0.3116 0.3116 0.3116 0.3116 0.3116 0.3116 0.3116 0.3116 
TS23 0.3967 0.3967 0.3967 0.3967 0.3967 0.3967 0.3967 0.3967 0.3967 0.3967 0.3967 0.3967 0.3967 0.3967 0.3967 0.3967 0.3967 0.3967 0.3967 0.3967 0.3967 0.3967 0.3967 0.3967 0.3967 0.3967 0.3967 0.3967 0.3967 0.3967 0.3967 0.3967 
TS24 0.4108 0.4108 0.4108 0.4108 0.4108 0.4108 0.4108 0.4108 0.4108 0.4108 0.4108 0.4108 0.4108 0.4108 0.4108 0.4108 0.4108 0.4108 0.4108 0.4108 0.4108 0.4108 0.4108 0.4108 0.4108 0.4108 0.4108 0.4108 0.4108 0.4108 0.4108 0.4108 
TS25 0.7262 0.7262 0.7262 0.7262 0.7262 0.7262 0.7262 0.7262 0.7262 0.7262 0.7262 0.7262 0.7262 0.7262 0.7262 0.7262 0.7262 0.7262 0.7262 0.7262 0.7262 0.7262 0.7262 0.7262 0.7262 0.7262 0.7262 0.7262 0.7262 0.7262 0.7262 0.7262 
TS26 0.6849 0.6849 0.6849 0.6849 0.6849 0.6849 0.6849 0.6849 0.6849 0.6849 0.6849 0.6849 0.6849 0.6849 0.6849 0.6849 0.6849 0.6849 0.6849 0.6849 0.6849 0.6849 0.6849 0.6849 0.6849 0.6849 0.6849 0.6849 0.6849 0.6849 0.6849 0.6849 
TS27 0.5789 0.5789 0.5789 0.5789 0.5789 0.5789 0.5789 0.5789 0.5789 0.5789 0.5789 0.5789 0.5789 0.5789 0.5789 0.5789 0.5789 0.5789 0.5789 0.5789 0.5789 0.5789 0.5789 0.5789 0.5789 0.5789 0.5789 0.5789 0.5789 0.5789 0.5789 0.5789 
TS28 0.5214 0.5214 0.5214 0.5214 0.5214 0.5214 0.5214 0.5214 0.5214 0.5214 0.5214 0.5214 0.5214 0.5214 0.5214 0.5214 0.5214 0.5214 0.5214 0.5214 0.5214 0.5214 0.5214 0.5214 0.5214 0.5214 0.5214 0.5214 0.5214 0.5214 0.5214 0.5214 
TS29 0.6899 0.6899 0.6899 0.6899 0.6899 0.6899 0.6899 0.6899 0.6899 0.6899 0.6899 0.6899 0.6899 0.6899 0.6899 0.6899 0.6899 0.6899 0.6899 0.6899 0.6899 0.6899 0.6899 0.6899 0.6899 0.6899 0.6899 0.6899 0.6899 0.6899 0.6899 0.6899 
TS30 0.7249 0.7249 0.7249 0.7249 0.7249 0.7249 0.7249 0.7249 0.7249 0.7249 0.7249 0.7249 0.7249 0.7249 0.7249 0.7249 0.7249 0.7249 0.7249 0.7249 0.7249 0.7249 0.7249 0.7249 0.7249 0.7249 0.7249 0.7249 0.7249 0.7249 0.7249 0.7249 
TS31 0.7495 0.7495 0.7495 0.7495 0.7495 0.7495 0.7495 0.7495 0.7495 0.7495 0.7495 0.7495 0.7495 0.7495 0.7495 0.7495 0.7495 0.7495 0.7495 0.7495 0.7495 0.7495 0.7495 0.7495 0.7495 0.7495 0.7495 0.7495 0.7495 0.7495 0.7495 0.7495 
TS32 0.6949 0.6949 0.6949 0.6949 0.6949 0.6949 0.6949 0.6949 0.6949 0.6949 0.6949 0.6949 0.6949 0.6949 0.6949 0.6949 0.6949 0.6949 0.6949 0.6949 0.6949 0.6949 0.6949 0.6949 0.6949 0.6949 0.6949 0.6949 0.6949 0.6949 0.6949 0.6949 
TS33 0.5843 0.5843 0.5843 0.5843 0.5843 0.5843 0.5843 0.5843 0.5843 0.5843 0.5843 0.5843 0.5843 0.5843 0.5843 0.5843 0.5843 0.5843 0.5843 0.5843 0.5843 0.5843 0.5843 0.5843 0.5843 0.5843 0.5843 0.5843 0.5843 0.5843 0.5843 0.5843 
TS34 0.5408 0.5408 0.5408 0.5408 0.5408 0.5408 0.5408 0.5408 0.5408 0.5408 0.5408 0.5408 0.5408 0.5408 0.5408 0.5408 0.5408 0.5408 0.5408 0.5408 0.5408 0.5408 0.5408 0.5408 0.5408 0.5408 0.5408 0.5408 0.5408 0.5408 0.5408 0.5408 
TS35 0.7135 0.7135 0.7135 0.7135 0.7135 0.7135 0.7135 0.7135 0.7135 0.7135 0.7135 0.7135 0.7135 0.7135 0.7135 0.7135 0.7135 0.7135 0.7135 0.7135 0.7135 0.7135 0.7135 0.7135 0.7135 0.7135 0.7135 0.7135 0.7135 0.7135 0.7135 0.7135 
TS36 0.7396 0.7396 0.7396 0.7396 0.7396 0.7396 0.7396 0.7396 0.7396 0.7396 0.7396 0.7396 0.7396 0.7396 0.7396 0.7396 0.7396 0.7396 0.7396 0.7396 0.7396 0.7396 0.7396 0.7396 0.7396 0.7396 0.7396 0.7396 0.7396 0.7396 0.7396 0.7396 
TS37 0.4288 0.4288 0.4288 0.4288 0.4288 0.4288 0.4288 0.4288 0.4288 0.4288 0.4288 0.4288 0.4288 0.4288 0.4288 0.4288 0.4288 0.4288 0.4288 0.4288 0.4288 0.4288 0.4288 0.4288 0.4288 0.4288 0.4288 0.4288 0.4288 0.4288 0.4288 0.4288 
TS38 0.4745 0.4745 0.4745 0.4745 0.4745 0.4745 0.4745 0.4745 0.4745 0.4745 0.4745 0.4745 0.4745 0.4745 0.4745 0.4745 0.4745 0.4745 0.4745 0.4745 0.4745 0.4745 0.4745 0.4745 0.4745 0.4745 0.4745 0.4745 0.4745 0.4745 0.4745 0.4745 
TS39 0.5239 0.5239 0.5239 0.5239 0.5239 0.5239 0.5239 0.5239 0.5239 0.5239 0.5239 0.5239 0.5239 0.5239 0.5239 0.5239 0.5239 0.5239 0.5239 0.5239 0.5239 0.5239 0.5239 0.5239 0.5239 0.5239 0.5239 0.5239 0.5239 0.5239 0.5239 0.5239 
TS40 0.5571 0.5571 0.5571 0.5571 0.5571 0.5571 0.5571 0.5571 0.5571 0.5571 0.5571 0.5571 0.5571 0.5571 0.5571 0.5571 0.5571 0.5571 0.5571 0.5571 0.5571 0.5571 0.5571 0.5571 0.5571 0.5571 0.5571 0.5571 0.5571 0.5571 0.5571 0.5571 
TS41 0.5994 0.5994 0.5994 0.5994 0.5994 0.5994 0.5994 0.5994 0.5994 0.5994 0.5994 0.5994 0.5994 0.5994 0.5994 0.5994 0.5994 0.5994 0.5994 0.5994 0.5994 0.5994 0.5994 0.5994 0.5994 0.5994 0.5994 0.5994 0.5994 0.5994 0.5994 0.5994 
TS42 0.527 0.527 0.527 0.527 0.527 0.527 0.527 0.527 0.527 0.527 0.527 0.527 0.527 0.527 0.527 0.527 0.527 0.527 0.527 0.527 0.527 0.527 0.527 0.527 0.527 0.527 0.527 0.527 0.527 0.527 0.527 0.527 
TS43 0.4223 0.4223 0.4223 0.4223 0.4223 0.4223 0.4223 0.4223 0.4223 0.4223 0.4223 0.4223 0.4223 0.4223 0.4223 0.4223 0.4223 0.4223 0.4223 0.4223 0.4223 0.4223 0.4223 0.4223 0.4223 0.4223 0.4223 0.4223 0.4223 0.4223 0.4223 0.4223 
TS44 0.4392 0.4392 0.4392 0.4392 0.4392 0.4392 0.4392 0.4392 0.4392 0.4392 0.4392 0.4392 0.4392 0.4392 0.4392 0.4392 0.4392 0.4392 0.4392 0.4392 0.4392 0.4392 0.4392 0.4392 0.4392 0.4392 0.4392 0.4392 0.4392 0.4392 0.4392 0.4392 
TS45 0.5135 0.5135 0.5135 0.5135 0.5135 0.5135 0.5135 0.5135 0.5135 0.5135 0.5135 0.5135 0.5135 0.5135 0.5135 0.5135 0.5135 0.5135 0.5135 0.5135 0.5135 0.5135 0.5135 0.5135 0.5135 0.5135 0.5135 0.5135 0.5135 0.5135 0.5135 0.5135 
TS46 0.5455 0.5455 0.5455 0.5455 0.5455 0.5455 0.5455 0.5455 0.5455 0.5455 0.5455 0.5455 0.5455 0.5455 0.5455 0.5455 0.5455 0.5455 0.5455 0.5455 0.5455 0.5455 0.5455 0.5455 0.5455 0.5455 0.5455 0.5455 0.5455 0.5455 0.5455 0.5455 
TS47 0.6067 0.6067 0.6067 0.6067 0.6067 0.6067 0.6067 0.6067 0.6067 0.6067 0.6067 0.6067 0.6067 0.6067 0.6067 0.6067 0.6067 0.6067 0.6067 0.6067 0.6067 0.6067 0.6067 0.6067 0.6067 0.6067 0.6067 0.6067 0.6067 0.6067 0.6067 0.6067 
TS48 0.5359 0.5359 0.5359 0.5359 0.5359 0.5359 0.5359 0.5359 0.5359 0.5359 0.5359 0.5359 0.5359 0.5359 0.5359 0.5359 0.5359 0.5359 0.5359 0.5359 0.5359 0.5359 0.5359 0.5359 0.5359 0.5359 0.5359 0.5359 0.5359 0.5359 0.5359 0.5359 
[RE1,PWRWND002,*,*]:
2019 2020 2021 2022 2023 2024 2025 2026 2027 2028 2029 2030 2031 2032 2033 2034 2035 2036 2037 2038 2039 2040 2041 2042 2043 2044 2045 2046 2047 2048 2049 2050 :=
TS01 0.6673 0.6673 0.6673 0.6673 0.6673 0.6673 0.6673 0.6673 0.6673 0.6673 0.6673 0.6673 0.6673 0.6673 0.6673 0.6673 0.6673 0.6673 0.6673 0.6673 0.6673 0.6673 0.6673 0.6673 0.6673 0.6673 0.6673 0.6673 0.6673 0.6673 0.6673 0.6673 
TS02 0.5714 0.5714 0.5714 0.5714 0.5714 0.5714 0.5714 0.5714 0.5714 0.5714 0.5714 0.5714 0.5714 0.5714 0.5714 0.5714 0.5714 0.5714 0.5714 0.5714 0.5714 0.5714 0.5714 0.5714 0.5714 0.5714 0.5714 0.5714 0.5714 0.5714 0.5714 0.5714 
TS03 0.6013 0.6013 0.6013 0.6013 0.6013 0.6013 0.6013 0.6013 0.6013 0.6013 0.6013 0.6013 0.6013 0.6013 0.6013 0.6013 0.6013 0.6013 0.6013 0.6013 0.6013 0.6013 0.6013 0.6013 0.6013 0.6013 0.6013 0.6013 0.6013 0.6013 0.6013 0.6013 
TS04 0.7067 0.7067 0.7067 0.7067 0.7067 0.7067 0.7067 0.7067 0.7067 0.7067 0.7067 0.7067 0.7067 0.7067 0.7067 0.7067 0.7067 0.7067 0.7067 0.7067 0.7067 0.7067 0.7067 0.7067 0.7067 0.7067 0.7067 0.7067 0.7067 0.7067 0.7067 0.7067 
TS05 0.7085 0.7085 0.7085 0.7085 0.7085 0.7085 0.7085 0.7085 0.7085 0.7085 0.7085 0.7085 0.7085 0.7085 0.7085 0.7085 0.7085 0.7085 0.7085 0.7085 0.7085 0.7085 0.7085 0.7085 0.7085 0.7085 0.7085 0.7085 0.7085 0.7085 0.7085 0.7085 
TS06 0.6887 0.6887 0.6887 0.6887 0.6887 0.6887 0.6887 0.6887 0.6887 0.6887 0.6887 0.6887 0.6887 0.6887 0.6887 0.6887 0.6887 0.6887 0.6887 0.6887 0.6887 0.6887 0.6887 0.6887 0.6887 0.6887 0.6887 0.6887 0.6887 0.6887 0.6887 0.6887 
TS07 0.6526 0.6526 0.6526 0.6526 0.6526 0.6526 0.6526 0.6526 0.6526 0.6526 0.6526 0.6526 0.6526 0.6526 0.6526 0.6526 0.6526 0.6526 0.6526 0.6526 0.6526 0.6526 0.6526 0.6526 0.6526 0.6526 0.6526 0.6526 0.6526 0.6526 0.6526 0.6526 
TS08 0.5417 0.5417 0.5417 0.5417 0.5417 0.5417 0.5417 0.5417 0.5417 0.5417 0.5417 0.5417 0.5417 0.5417 0.5417 0.5417 0.5417 0.5417 0.5417 0.5417 0.5417 0.5417 0.5417 0.5417 0.5417 0.5417 0.5417 0.5417 0.5417 0.5417 0.5417 0.5417 
TS09 0.6134 0.6134 0.6134 0.6134 0.6134 0.6134 0.6134 0.6134 0.6134 0.6134 0.6134 0.6134 0.6134 0.6134 0.6134 0.6134 0.6134 0.6134 0.6134 0.6134 0.6134 0.6134 0.6134 0.6134 0.6134 0.6134 0.6134 0.6134 0.6134 0.6134 0.6134 0.6134 
TS10 0.7201 0.7201 0.7201 0.7201 0.7201 0.7201 0.7201 0.7201 0.7201 0.7201 0.7201 0.7201 0.7201 0.7201 0.7201 0.7201 0.7201 0.7201 0.7201 0.7201 0.7201 0.7201 0.7201 0.7201 0.7201 0.7201 0.7201 0.7201 0.7201 0.7201 0.7201 0.7201 
TS11 0.7063 0.7063 0.7063 0.7063 0.7063 0.7063 0.7063 0.7063 0.7063 0.7063 0.7063 0.7063 0.7063 0.7063 0.7063 0.7063 0.7063 0.7063 0.7063 0.7063 0.7063 0.7063 0.7063 0.7063 0.7063 0.7063 0.7063 0.7063 0.7063 0.7063 0.7063 0.7063 
TS12 0.7069 0.7069 0.7069 0.7069 0.7069 0.7069 0.7069 0.7069 0.7069 0.7069 0.7069 0.7069 0.7069 0.7069 0.7069 0.7069 0.7069 0.7069 0.7069 0.7069 0.7069 0.7069 0.7069 0.7069 0.7069 0.7069 0.7069 0.7069 0.7069 0.7069 0.7069 0.7069 
TS13 0.347 0.347 0.347 0.347 0.347 0.347 0.347 0.347 0.347 0.347 0.347 0.347 0.347 0.347 0.347 0.347 0.347 0.347 0.347 0.347 0.347 0.347 0.347 0.347 0.347 0.347 0.347 0.347 0.347 0.347 0.347 0.347 
TS14 0.2866 0.2866 0.2866 0.2866 0.2866 0.2866 0.2866 0.2866 0.2866 0.2866 0.2866 0.2866 0.2866 0.2866 0.2866 0.2866 0.2866 0.2866 0.2866 0.2866 0.2866 0.2866 0.2866 0.2866 0.2866 0.2866 0.2866 0.2866 0.2866 0.2866 0.2866 0.2866 
TS15 0.347 0.347 0.347 0.347 0.347 0.347 0.347 0.347 0.347 0.347 0.347 0.347 0.347 0.347 0.347 0.347 0.347 0.347 0.347 0.347 0.347 0.347 0.347 0.347 0.347 0.347 0.347 0.347 0.347 0.347 0.347 0.347 
TS16 0.4301 0.4301 0.4301 0.4301 0.4301 0.4301 0.4301 0.4301 0.4301 0.4301 0.4301 0.4301 0.4301 0.4301 0.4301 0.4301 0.4301 0.4301 0.4301 0.4301 0.4301 0.4301 0.4301 0.4301 0.4301 0.4301 0.4301 0.4301 0.4301 0.4301 0.4301 0.4301 
TS17 0.363 0.363 0.363 0.363 0.363 0.363 0.363 0.363 0.363 0.363 0.363 0.363 0.363 0.363 0.363 0.363 0.363 0.363 0.363 0.363 0.363 0.363 0.363 0.363 0.363 0.363 0.363 0.363 0.363 0.363 0.363 0.363 
TS18 0.359 0.359 0.359 0.359 0.359 0.359 0.359 0.359 0.359 0.359 0.359 0.359 0.359 0.359 0.359 0.359 0.359 0.359 0.359 0.359 0.359 0.359 0.359 0.359 0.359 0.359 0.359 0.359 0.359 0.359 0.359 0.359 
TS19 0.3515 0.3515 0.3515 0.3515 0.3515 0.3515 0.3515 0.3515 0.3515 0.3515 0.3515 0.3515 0.3515 0.3515 0.3515 0.3515 0.3515 0.3515 0.3515 0.3515 0.3515 0.3515 0.3515 0.3515 0.3515 0.3515 0.3515 0.3515 0.3515 0.3515 0.3515 0.3515 
TS20 0.2502 0.2502 0.2502 0.2502 0.2502 0.2502 0.2502 0.2502 0.2502 0.2502 0.2502 0.2502 0.2502 0.2502 0.2502 0.2502 0.2502 0.2502 0.2502 0.2502 0.2502 0.2502 0.2502 0.2502 0.2502 0.2502 0.2502 0.2502 0.2502 0.2502 0.2502 0.2502 
TS21 0.2891 0.2891 0.2891 0.2891 0.2891 0.2891 0.2891 0.2891 0.2891 0.2891 0.2891 0.2891 0.2891 0.2891 0.2891 0.2891 0.2891 0.2891 0.2891 0.2891 0.2891 0.2891 0.2891 0.2891 0.2891 0.2891 0.2891 0.2891 0.2891 0.2891 0.2891 0.2891 
TS22 0.4148 0.4148 0.4148 0.4148 0.4148 0.4148 0.4148 0.4148 0.4148 0.4148 0.4148 0.4148 0.4148 0.4148 0.4148 0.4148 0.4148 0.4148 0.4148 0.4148 0.4148 0.4148 0.4148 0.4148 0.4148 0.4148 0.4148 0.4148 0.4148 0.4148 0.4148 0.4148 
TS23 0.3367 0.3367 0.3367 0.3367 0.3367 0.3367 0.3367 0.3367 0.3367 0.3367 0.3367 0.3367 0.3367 0.3367 0.3367 0.3367 0.3367 0.3367 0.3367 0.3367 0.3367 0.3367 0.3367 0.3367 0.3367 0.3367 0.3367 0.3367 0.3367 0.3367 0.3367 0.3367 
TS24 0.3683 0.3683 0.3683 0.3683 0.3683 0.3683 0.3683 0.3683 0.3683 0.3683 0.3683 0.3683 0.3683 0.3683 0.3683 0.3683 0.3683 0.3683 0.3683 0.3683 0.3683 0.3683 0.3683 0.3683 0.3683 0.3683 0.3683 0.3683 0.3683 0.3683 0.3683 0.3683 
TS25 0.5606 0.5606 0.5606 0.5606 0.5606 0.5606 0.5606 0.5606 0.5606 0.5606 0.5606 0.5606 0.5606 0.5606 0.5606 0.5606 0.5606 0.5606 0.5606 0.5606 0.5606 0.5606 0.5606 0.5606 0.5606 0.5606 0.5606 0.5606 0.5606 0.5606 0.5606 0.5606 
TS26 0.4833 0.4833 0.4833 0.4833 0.4833 0.4833 0.4833 0.4833 0.4833 0.4833 0.4833 0.4833 0.4833 0.4833 0.4833 0.4833 0.4833 0.4833 0.4833 0.4833 0.4833 0.4833 0.4833 0.4833 0.4833 0.4833 0.4833 0.4833 0.4833 0.4833 0.4833 0.4833 
TS27 0.3035 0.3035 0.3035 0.3035 0.3035 0.3035 0.3035 0.3035 0.3035 0.3035 0.3035 0.3035 0.3035 0.3035 0.3035 0.3035 0.3035 0.3035 0.3035 0.3035 0.3035 0.3035 0.3035 0.3035 0.3035 0.3035 0.3035 0.3035 0.3035 0.3035 0.3035 0.3035 
TS28 0.5199 0.5199 0.5199 0.5199 0.5199 0.5199 0.5199 0.5199 0.5199 0.5199 0.5199 0.5199 0.5199 0.5199 0.5199 0.5199 0.5199 0.5199 0.5199 0.5199 0.5199 0.5199 0.5199 0.5199 0.5199 0.5199 0.5199 0.5199 0.5199 0.5199 0.5199 0.5199 
TS29 0.547 0.547 0.547 0.547 0.547 0.547 0.547 0.547 0.547 0.547 0.547 0.547 0.547 0.547 0.547 0.547 0.547 0.547 0.547 0.547 0.547 0.547 0.547 0.547 0.547 0.547 0.547 0.547 0.547 0.547 0.547 0.547 
TS30 0.5481 0.5481 0.5481 0.5481 0.5481 0.5481 0.5481 0.5481 0.5481 0.5481 0.5481 0.5481 0.5481 0.5481 0.5481 0.5481 0.5481 0.5481 0.5481 0.5481 0.5481 0.5481 0.5481 0.5481 0.5481 0.5481 0.5481 0.5481 0.5481 0.5481 0.5481 0.5481 
TS31 0.5472 0.5472 0.5472 0.5472 0.5472 0.5472 0.5472 0.5472 0.5472 0.5472 0.5472 0.5472 0.5472 0.5472 0.5472 0.5472 0.5472 0.5472 0.5472 0.5472 0.5472 0.5472 0.5472 0.5472 0.5472 0.5472 0.5472 0.5472 0.5472 0.5472 0.5472 0.5472 
TS32 0.499 0.499 0.499 0.499 0.499 0.499 0.499 0.499 0.499 0.499 0.499 0.499 0.499 0.499 0.499 0.499 0.499 0.499 0.499 0.499 0.499 0.499 0.499 0.499 0.499 0.499 0.499 0.499 0.499 0.499 0.499 0.499 
TS33 0.2897 0.2897 0.2897 0.2897 0.2897 0.2897 0.2897 0.2897 0.2897 0.2897 0.2897 0.2897 0.2897 0.2897 0.2897 0.2897 0.2897 0.2897 0.2897 0.2897 0.2897 0.2897 0.2897 0.2897 0.2897 0.2897 0.2897 0.2897 0.2897 0.2897 0.2897 0.2897 
TS34 0.4994 0.4994 0.4994 0.4994 0.4994 0.4994 0.4994 0.4994 0.4994 0.4994 0.4994 0.4994 0.4994 0.4994 0.4994 0.4994 0.4994 0.4994 0.4994 0.4994 0.4994 0.4994 0.4994 0.4994 0.4994 0.4994 0.4994 0.4994 0.4994 0.4994 0.4994 0.4994 
TS35 0.5333 0.5333 0.5333 0.5333 0.5333 0.5333 0.5333 0.5333 0.5333 0.5333 0.5333 0.5333 0.5333 0.5333 0.5333 0.5333 0.5333 0.5333 0.5333 0.5333 0.5333 0.5333 0.5333 0.5333 0.5333 0.5333 0.5333 0.5333 0.5333 0.5333 0.5333 0.5333 
TS36 0.5527 0.5527 0.5527 0.5527 0.5527 0.5527 0.5527 0.5527 0.5527 0.5527 0.5527 0.5527 0.5527 0.5527 0.5527 0.5527 0.5527 0.5527 0.5527 0.5527 0.5527 0.5527 0.5527 0.5527 0.5527 0.5527 0.5527 0.5527 0.5527 0.5527 0.5527 0.5527 
TS37 0.6677 0.6677 0.6677 0.6677 0.6677 0.6677 0.6677 0.6677 0.6677 0.6677 0.6677 0.6677 0.6677 0.6677 0.6677 0.6677 0.6677 0.6677 0.6677 0.6677 0.6677 0.6677 0.6677 0.6677 0.6677 0.6677 0.6677 0.6677 0.6677 0.6677 0.6677 0.6677 
TS38 0.5812 0.5812 0.5812 0.5812 0.5812 0.5812 0.5812 0.5812 0.5812 0.5812 0.5812 0.5812 0.5812 0.5812 0.5812 0.5812 0.5812 0.5812 0.5812 0.5812 0.5812 0.5812 0.5812 0.5812 0.5812 0.5812 0.5812 0.5812 0.5812 0.5812 0.5812 0.5812 
TS39 0.636 0.636 0.636 0.636 0.636 0.636 0.636 0.636 0.636 0.636 0.636 0.636 0.636 0.636 0.636 0.636 0.636 0.636 0.636 0.636 0.636 0.636 0.636 0.636 0.636 0.636 0.636 0.636 0.636 0.636 0.636 0.636 
TS40 0.7512 0.7512 0.7512 0.7512 0.7512 0.7512 0.7512 0.7512 0.7512 0.7512 0.7512 0.7512 0.7512 0.7512 0.7512 0.7512 0.7512 0.7512 0.7512 0.7512 0.7512 0.7512 0.7512 0.7512 0.7512 0.7512 0.7512 0.7512 0.7512 0.7512 0.7512 0.7512 
TS41 0.7512 0.7512 0.7512 0.7512 0.7512 0.7512 0.7512 0.7512 0.7512 0.7512 0.7512 0.7512 0.7512 0.7512 0.7512 0.7512 0.7512 0.7512 0.7512 0.7512 0.7512 0.7512 0.7512 0.7512 0.7512 0.7512 0.7512 0.7512 0.7512 0.7512 0.7512 0.7512 
TS42 0.7392 0.7392 0.7392 0.7392 0.7392 0.7392 0.7392 0.7392 0.7392 0.7392 0.7392 0.7392 0.7392 0.7392 0.7392 0.7392 0.7392 0.7392 0.7392 0.7392 0.7392 0.7392 0.7392 0.7392 0.7392 0.7392 0.7392 0.7392 0.7392 0.7392 0.7392 0.7392 
TS43 0.6758 0.6758 0.6758 0.6758 0.6758 0.6758 0.6758 0.6758 0.6758 0.6758 0.6758 0.6758 0.6758 0.6758 0.6758 0.6758 0.6758 0.6758 0.6758 0.6758 0.6758 0.6758 0.6758 0.6758 0.6758 0.6758 0.6758 0.6758 0.6758 0.6758 0.6758 0.6758 
TS44 0.6013 0.6013 0.6013 0.6013 0.6013 0.6013 0.6013 0.6013 0.6013 0.6013 0.6013 0.6013 0.6013 0.6013 0.6013 0.6013 0.6013 0.6013 0.6013 0.6013 0.6013 0.6013 0.6013 0.6013 0.6013 0.6013 0.6013 0.6013 0.6013 0.6013 0.6013 0.6013 
TS45 0.6545 0.6545 0.6545 0.6545 0.6545 0.6545 0.6545 0.6545 0.6545 0.6545 0.6545 0.6545 0.6545 0.6545 0.6545 0.6545 0.6545 0.6545 0.6545 0.6545 0.6545 0.6545 0.6545 0.6545 0.6545 0.6545 0.6545 0.6545 0.6545 0.6545 0.6545 0.6545 
TS46 0.7851 0.7851 0.7851 0.7851 0.7851 0.7851 0.7851 0.7851 0.7851 0.7851 0.7851 0.7851 0.7851 0.7851 0.7851 0.7851 0.7851 0.7851 0.7851 0.7851 0.7851 0.7851 0.7851 0.7851 0.7851 0.7851 0.7851 0.7851 0.7851 0.7851 0.7851 0.7851 
TS47 0.7951 0.7951 0.7951 0.7951 0.7951 0.7951 0.7951 0.7951 0.7951 0.7951 0.7951 0.7951 0.7951 0.7951 0.7951 0.7951 0.7951 0.7951 0.7951 0.7951 0.7951 0.7951 0.7951 0.7951 0.7951 0.7951 0.7951 0.7951 0.7951 0.7951 0.7951 0.7951 
TS48 0.7665 0.7665 0.7665 0.7665 0.7665 0.7665 0.7665 0.7665 0.7665 0.7665 0.7665 0.7665 0.7665 0.7665 0.7665 0.7665 0.7665 0.7665 0.7665 0.7665 0.7665 0.7665 0.7665 0.7665 0.7665 0.7665 0.7665 0.7665 0.7665 0.7665 0.7665 0.7665 
[RE1,PWRWND003,*,*]:
2019 2020 2021 2022 2023 2024 2025 2026 2027 2028 2029 2030 2031 2032 2033 2034 2035 2036 2037 2038 2039 2040 2041 2042 2043 2044 2045 2046 2047 2048 2049 2050 :=
TS01 0.483 0.483 0.483 0.483 0.483 0.483 0.483 0.483 0.483 0.483 0.483 0.483 0.483 0.483 0.483 0.483 0.483 0.483 0.483 0.483 0.483 0.483 0.483 0.483 0.483 0.483 0.483 0.483 0.483 0.483 0.483 0.483 
TS02 0.5187 0.5187 0.5187 0.5187 0.5187 0.5187 0.5187 0.5187 0.5187 0.5187 0.5187 0.5187 0.5187 0.5187 0.5187 0.5187 0.5187 0.5187 0.5187 0.5187 0.5187 0.5187 0.5187 0.5187 0.5187 0.5187 0.5187 0.5187 0.5187 0.5187 0.5187 0.5187 
TS03 0.547 0.547 0.547 0.547 0.547 0.547 0.547 0.547 0.547 0.547 0.547 0.547 0.547 0.547 0.547 0.547 0.547 0.547 0.547 0.547 0.547 0.547 0.547 0.547 0.547 0.547 0.547 0.547 0.547 0.547 0.547 0.547 
TS04 0.453 0.453 0.453 0.453 0.453 0.453 0.453 0.453 0.453 0.453 0.453 0.453 0.453 0.453 0.453 0.453 0.453 0.453 0.453 0.453 0.453 0.453 0.453 0.453 0.453 0.453 0.453 0.453 0.453 0.453 0.453 0.453 
TS05 0.5271 0.5271 0.5271 0.5271 0.5271 0.5271 0.5271 0.5271 0.5271 0.5271 0.5271 0.5271 0.5271 0.5271 0.5271 0.5271 0.5271 0.5271 0.5271 0.5271 0.5271 0.5271 0.5271 0.5271 0.5271 0.5271 0.5271 0.5271 0.5271 0.5271 0.5271 0.5271 
TS06 0.5485 0.5485 0.5485 0.5485 0.5485 0.5485 0.5485 0.5485 0.5485 0.5485 0.5485 0.5485 0.5485 0.5485 0.5485 0.5485 0.5485 0.5485 0.5485 0.5485 0.5485 0.5485 0.5485 0.5485 0.5485 0.5485 0.5485 0.5485 0.5485 0.5485 0.5485 0.5485 
TS07 0.4524 0.4524 0.4524 0.4524 0.4524 0.4524 0.4524 0.4524 0.4524 0.4524 0.4524 0.4524 0.4524 0.4524 0.4524 0.4524 0.4524 0.4524 0.4524 0.4524 0.4524 0.4524 0.4524 0.4524 0.4524 0.4524 0.4524 0.4524 0.4524 0.4524 0.4524 0.4524 
TS08 0.4939 0.4939 0.4939 0.4939 0.4939 0.4939 0.4939 0.4939 0.4939 0.4939 0.4939 0.4939 0.4939 0.4939 0.4939 0.4939 0.4939 0.4939 0.4939 0.4939 0.4939 0.4939 0.4939 0.4939 0.4939 0.4939 0.4939 0.4939 0.4939 0.4939 0.4939 0.4939 
TS09 0.5429 0.5429 0.5429 0.5429 0.5429 0.5429 0.5429 0.5429 0.5429 0.5429 0.5429 0.5429 0.5429 0.5429 0.5429 0.5429 0.5429 0.5429 0.5429 0.5429 0.5429 0.5429 0.5429 0.5429 0.5429 0.5429 0.5429 0.5429 0.5429 0.5429 0.5429 0.5429 
TS10 0.4931 0.4931 0.4931 0.4931 0.4931 0.4931 0.4931 0.4931 0.4931 0.4931 0.4931 0.4931 0.4931 0.4931 0.4931 0.4931 0.4931 0.4931 0.4931 0.4931 0.4931 0.4931 0.4931 0.4931 0.4931 0.4931 0.4931 0.4931 0.4931 0.4931 0.4931 0.4931 
TS11 0.5699 0.5699 0.5699 0.5699 0.5699 0.5699 0.5699 0.5699 0.5699 0.5699 0.5699 0.5699 0.5699 0.5699 0.5699 0.5699 0.5699 0.5699 0.5699 0.5699 0.5699 0.5699 0.5699 0.5699 0.5699 0.5699 0.5699 0.5699 0.5699 0.5699 0.5699 0.5699 
TS12 0.5764 0.5764 0.5764 0.5764 0.5764 0.5764 0.5764 0.5764 0.5764 0.5764 0.5764 0.5764 0.5764 0.5764 0.5764 0.5764 0.5764 0.5764 0.5764 0.5764 0.5764 0.5764 0.5764 0.5764 0.5764 0.5764 0.5764 0.5764 0.5764 0.5764 0.5764 0.5764 
TS13 0.4388 0.4388 0.4388 0.4388 0.4388 0.4388 0.4388 0.4388 0.4388 0.4388 0.4388 0.4388 0.4388 0.4388 0.4388 0.4388 0.4388 0.4388 0.4388 0.4388 0.4388 0.4388 0.4388 0.4388 0.4388 0.4388 0.4388 0.4388 0.4388 0.4388 0.4388 0.4388 
TS14 0.443 0.443 0.443 0.443 0.443 0.443 0.443 0.443 0.443 0.443 0.443 0.443 0.443 0.443 0.443 0.443 0.443 0.443 0.443 0.443 0.443 0.443 0.443 0.443 0.443 0.443 0.443 0.443 0.443 0.443 0.443 0.443 
TS15 0.4478 0.4478 0.4478 0.4478 0.4478 0.4478 0.4478 0.4478 0.4478 0.4478 0.4478 0.4478 0.4478 0.4478 0.4478 0.4478 0.4478 0.4478 0.4478 0.4478 0.4478 0.4478 0.4478 0.4478 0.4478 0.4478 0.4478 0.4478 0.4478 0.4478 0.4478 0.4478 
TS16 0.4211 0.4211 0.4211 0.4211 0.4211 0.4211 0.4211 0.4211 0.4211 0.4211 0.4211 0.4211 0.4211 0.4211 0.4211 0.4211 0.4211 0.4211 0.4211 0.4211 0.4211 0.4211 0.4211 0.4211 0.4211 0.4211 0.4211 0.4211 0.4211 0.4211 0.4211 0.4211 
TS17 0.4679 0.4679 0.4679 0.4679 0.4679 0.4679 0.4679 0.4679 0.4679 0.4679 0.4679 0.4679 0.4679 0.4679 0.4679 0.4679 0.4679 0.4679 0.4679 0.4679 0.4679 0.4679 0.4679 0.4679 0.4679 0.4679 0.4679 0.4679 0.4679 0.4679 0.4679 0.4679 
TS18 0.466 0.466 0.466 0.466 0.466 0.466 0.466 0.466 0.466 0.466 0.466 0.466 0.466 0.466 0.466 0.466 0.466 0.466 0.466 0.466 0.466 0.466 0.466 0.466 0.466 0.466 0.466 0.466 0.466 0.466 0.466 0.466 
TS19 0.5141 0.5141 0.5141 0.5141 0.5141 0.5141 0.5141 0.5141 0.5141 0.5141 0.5141 0.5141 0.5141 0.5141 0.5141 0.5141 0.5141 0.5141 0.5141 0.5141 0.5141 0.5141 0.5141 0.5141 0.5141 0.5141 0.5141 0.5141 0.5141 0.5141 0.5141 0.5141 
TS20 0.5121 0.5121 0.5121 0.5121 0.5121 0.5121 0.5121 0.5121 0.5121 0.5121 0.5121 0.5121 0.5121 0.5121 0.5121 0.5121 0.5121 0.5121 0.5121 0.5121 0.5121 0.5121 0.5121 0.5121 0.5121 0.5121 0.5121 0.5121 0.5121 0.5121 0.5121 0.5121 
TS21 0.4962 0.4962 0.4962 0.4962 0.4962 0.4962 0.4962 0.4962 0.4962 0.4962 0.4962 0.4962 0.4962 0.4962 0.4962 0.4962 0.4962 0.4962 0.4962 0.4962 0.4962 0.4962 0.4962 0.4962 0.4962 0.4962 0.4962 0.4962 0.4962 0.4962 0.4962 0.4962 
TS22 0.4638 0.4638 0.4638 0.4638 0.4638 0.4638 0.4638 0.4638 0.4638 0.4638 0.4638 0.4638 0.4638 0.4638 0.4638 0.4638 0.4638 0.4638 0.4638 0.4638 0.4638 0.4638 0.4638 0.4638 0.4638 0.4638 0.4638 0.4638 0.4638 0.4638 0.4638 0.4638 
TS23 0.512 0.512 0.512 0.512 0.512 0.512 0.512 0.512 0.512 0.512 0.512 0.512 0.512 0.512 0.512 0.512 0.512 0.512 0.512 0.512 0.512 0.512 0.512 0.512 0.512 0.512 0.512 0.512 0.512 0.512 0.512 0.512 
TS24 0.5264 0.5264 0.5264 0.5264 0.5264 0.5264 0.5264 0.5264 0.5264 0.5264 0.5264 0.5264 0.5264 0.5264 0.5264 0.5264 0.5264 0.5264 0.5264 0.5264 0.5264 0.5264 0.5264 0.5264 0.5264 0.5264 0.5264 0.5264 0.5264 0.5264 0.5264 0.5264 
TS25 0.7867 0.7867 0.7867 0.7867 0.7867 0.7867 0.7867 0.7867 0.7867 0.7867 0.7867 0.7867 0.7867 0.7867 0.7867 0.7867 0.7867 0.7867 0.7867 0.7867 0.7867 0.7867 0.7867 0.7867 0.7867 0.7867 0.7867 0.7867 0.7867 0.7867 0.7867 0.7867 
TS26 0.7883 0.7883 0.7883 0.7883 0.7883 0.7883 0.7883 0.7883 0.7883 0.7883 0.7883 0.7883 0.7883 0.7883 0.7883 0.7883 0.7883 0.7883 0.7883 0.7883 0.7883 0.7883 0.7883 0.7883 0.7883 0.7883 0.7883 0.7883 0.7883 0.7883 0.7883 0.7883 
TS27 0.7116 0.7116 0.7116 0.7116 0.7116 0.7116 0.7116 0.7116 0.7116 0.7116 0.7116 0.7116 0.7116 0.7116 0.7116 0.7116 0.7116 0.7116 0.7116 0.7116 0.7116 0.7116 0.7116 0.7116 0.7116 0.7116 0.7116 0.7116 0.7116 0.7116 0.7116 0.7116 
TS28 0.6644 0.6644 0.6644 0.6644 0.6644 0.6644 0.6644 0.6644 0.6644 0.6644 0.6644 0.6644 0.6644 0.6644 0.6644 0.6644 0.6644 0.6644 0.6644 0.6644 0.6644 0.6644 0.6644 0.6644 0.6644 0.6644 0.6644 0.6644 0.6644 0.6644 0.6644 0.6644 
TS29 0.7595 0.7595 0.7595 0.7595 0.7595 0.7595 0.7595 0.7595 0.7595 0.7595 0.7595 0.7595 0.7595 0.7595 0.7595 0.7595 0.7595 0.7595 0.7595 0.7595 0.7595 0.7595 0.7595 0.7595 0.7595 0.7595 0.7595 0.7595 0.7595 0.7595 0.7595 0.7595 
TS30 0.7753 0.7753 0.7753 0.7753 0.7753 0.7753 0.7753 0.7753 0.7753 0.7753 0.7753 0.7753 0.7753 0.7753 0.7753 0.7753 0.7753 0.7753 0.7753 0.7753 0.7753 0.7753 0.7753 0.7753 0.7753 0.7753 0.7753 0.7753 0.7753 0.7753 0.7753 0.7753 
TS31 0.8109 0.8109 0.8109 0.8109 0.8109 0.8109 0.8109 0.8109 0.8109 0.8109 0.8109 0.8109 0.8109 0.8109 0.8109 0.8109 0.8109 0.8109 0.8109 0.8109 0.8109 0.8109 0.8109 0.8109 0.8109 0.8109 0.8109 0.8109 0.8109 0.8109 0.8109 0.8109 
TS32 0.798 0.798 0.798 0.798 0.798 0.798 0.798 0.798 0.798 0.798 0.798 0.798 0.798 0.798 0.798 0.798 0.798 0.798 0.798 0.798 0.798 0.798 0.798 0.798 0.798 0.798 0.798 0.798 0.798 0.798 0.798 0.798 
TS33 0.7231 0.7231 0.7231 0.7231 0.7231 0.7231 0.7231 0.7231 0.7231 0.7231 0.7231 0.7231 0.7231 0.7231 0.7231 0.7231 0.7231 0.7231 0.7231 0.7231 0.7231 0.7231 0.7231 0.7231 0.7231 0.7231 0.7231 0.7231 0.7231 0.7231 0.7231 0.7231 
TS34 0.6866 0.6866 0.6866 0.6866 0.6866 0.6866 0.6866 0.6866 0.6866 0.6866 0.6866 0.6866 0.6866 0.6866 0.6866 0.6866 0.6866 0.6866 0.6866 0.6866 0.6866 0.6866 0.6866 0.6866 0.6866 0.6866 0.6866 0.6866 0.6866 0.6866 0.6866 0.6866 
TS35 0.7787 0.7787 0.7787 0.7787 0.7787 0.7787 0.7787 0.7787 0.7787 0.7787 0.7787 0.7787 0.7787 0.7787 0.7787 0.7787 0.7787 0.7787 0.7787 0.7787 0.7787 0.7787 0.7787 0.7787 0.7787 0.7787 0.7787 0.7787 0.7787 0.7787 0.7787 0.7787 
TS36 0.7907 0.7907 0.7907 0.7907 0.7907 0.7907 0.7907 0.7907 0.7907 0.7907 0.7907 0.7907 0.7907 0.7907 0.7907 0.7907 0.7907 0.7907 0.7907 0.7907 0.7907 0.7907 0.7907 0.7907 0.7907 0.7907 0.7907 0.7907 0.7907 0.7907 0.7907 0.7907 
TS37 0.5688 0.5688 0.5688 0.5688 0.5688 0.5688 0.5688 0.5688 0.5688 0.5688 0.5688 0.5688 0.5688 0.5688 0.5688 0.5688 0.5688 0.5688 0.5688 0.5688 0.5688 0.5688 0.5688 0.5688 0.5688 0.5688 0.5688 0.5688 0.5688 0.5688 0.5688 0.5688 
TS38 0.5848 0.5848 0.5848 0.5848 0.5848 0.5848 0.5848 0.5848 0.5848 0.5848 0.5848 0.5848 0.5848 0.5848 0.5848 0.5848 0.5848 0.5848 0.5848 0.5848 0.5848 0.5848 0.5848 0.5848 0.5848 0.5848 0.5848 0.5848 0.5848 0.5848 0.5848 0.5848 
TS39 0.665 0.665 0.665 0.665 0.665 0.665 0.665 0.665 0.665 0.665 0.665 0.665 0.665 0.665 0.665 0.665 0.665 0.665 0.665 0.665 0.665 0.665 0.665 0.665 0.665 0.665 0.665 0.665 0.665 0.665 0.665 0.665 
TS40 0.6825 0.6825 0.6825 0.6825 0.6825 0.6825 0.6825 0.6825 0.6825 0.6825 0.6825 0.6825 0.6825 0.6825 0.6825 0.6825 0.6825 0.6825 0.6825 0.6825 0.6825 0.6825 0.6825 0.6825 0.6825 0.6825 0.6825 0.6825 0.6825 0.6825 0.6825 0.6825 
TS41 0.7052 0.7052 0.7052 0.7052 0.7052 0.7052 0.7052 0.7052 0.7052 0.7052 0.7052 0.7052 0.7052 0.7052 0.7052 0.7052 0.7052 0.7052 0.7052 0.7052 0.7052 0.7052 0.7052 0.7052 0.7052 0.7052 0.7052 0.7052 0.7052 0.7052 0.7052 0.7052 
TS42 0.6592 0.6592 0.6592 0.6592 0.6592 0.6592 0.6592 0.6592 0.6592 0.6592 0.6592 0.6592 0.6592 0.6592 0.6592 0.6592 0.6592 0.6592 0.6592 0.6592 0.6592 0.6592 0.6592 0.6592 0.6592 0.6592 0.6592 0.6592 0.6592 0.6592 0.6592 0.6592 
TS43 0.5737 0.5737 0.5737 0.5737 0.5737 0.5737 0.5737 0.5737 0.5737 0.5737 0.5737 0.5737 0.5737 0.5737 0.5737 0.5737 0.5737 0.5737 0.5737 0.5737 0.5737 0.5737 0.5737 0.5737 0.5737 0.5737 0.5737 0.5737 0.5737 0.5737 0.5737 0.5737 
TS44 0.5695 0.5695 0.5695 0.5695 0.5695 0.5695 0.5695 0.5695 0.5695 0.5695 0.5695 0.5695 0.5695 0.5695 0.5695 0.5695 0.5695 0.5695 0.5695 0.5695 0.5695 0.5695 0.5695 0.5695 0.5695 0.5695 0.5695 0.5695 0.5695 0.5695 0.5695 0.5695 
TS45 0.678 0.678 0.678 0.678 0.678 0.678 0.678 0.678 0.678 0.678 0.678 0.678 0.678 0.678 0.678 0.678 0.678 0.678 0.678 0.678 0.678 0.678 0.678 0.678 0.678 0.678 0.678 0.678 0.678 0.678 0.678 0.678 
TS46 0.7013 0.7013 0.7013 0.7013 0.7013 0.7013 0.7013 0.7013 0.7013 0.7013 0.7013 0.7013 0.7013 0.7013 0.7013 0.7013 0.7013 0.7013 0.7013 0.7013 0.7013 0.7013 0.7013 0.7013 0.7013 0.7013 0.7013 0.7013 0.7013 0.7013 0.7013 0.7013 
TS47 0.7282 0.7282 0.7282 0.7282 0.7282 0.7282 0.7282 0.7282 0.7282 0.7282 0.7282 0.7282 0.7282 0.7282 0.7282 0.7282 0.7282 0.7282 0.7282 0.7282 0.7282 0.7282 0.7282 0.7282 0.7282 0.7282 0.7282 0.7282 0.7282 0.7282 0.7282 0.7282 
TS48 0.6839 0.6839 0.6839 0.6839 0.6839 0.6839 0.6839 0.6839 0.6839 0.6839 0.6839 0.6839 0.6839 0.6839 0.6839 0.6839 0.6839 0.6839 0.6839 0.6839 0.6839 0.6839 0.6839 0.6839 0.6839 0.6839 0.6839 0.6839 0.6839 0.6839 0.6839 0.6839 
[RE1,PWRWND004,*,*]:
2019 2020 2021 2022 2023 2024 2025 2026 2027 2028 2029 2030 2031 2032 2033 2034 2035 2036 2037 2038 2039 2040 2041 2042 2043 2044 2045 2046 2047 2048 2049 2050 :=
TS01 0.6782 0.6782 0.6782 0.6782 0.6782 0.6782 0.6782 0.6782 0.6782 0.6782 0.6782 0.6782 0.6782 0.6782 0.6782 0.6782 0.6782 0.6782 0.6782 0.6782 0.6782 0.6782 0.6782 0.6782 0.6782 0.6782 0.6782 0.6782 0.6782 0.6782 0.6782 0.6782 
TS02 0.6729 0.6729 0.6729 0.6729 0.6729 0.6729 0.6729 0.6729 0.6729 0.6729 0.6729 0.6729 0.6729 0.6729 0.6729 0.6729 0.6729 0.6729 0.6729 0.6729 0.6729 0.6729 0.6729 0.6729 0.6729 0.6729 0.6729 0.6729 0.6729 0.6729 0.6729 0.6729 
TS03 0.6277 0.6277 0.6277 0.6277 0.6277 0.6277 0.6277 0.6277 0.6277 0.6277 0.6277 0.6277 0.6277 0.6277 0.6277 0.6277 0.6277 0.6277 0.6277 0.6277 0.6277 0.6277 0.6277 0.6277 0.6277 0.6277 0.6277 0.6277 0.6277 0.6277 0.6277 0.6277 
TS04 0.5374 0.5374 0.5374 0.5374 0.5374 0.5374 0.5374 0.5374 0.5374 0.5374 0.5374 0.5374 0.5374 0.5374 0.5374 0.5374 0.5374 0.5374 0.5374 0.5374 0.5374 0.5374 0.5374 0.5374 0.5374 0.5374 0.5374 0.5374 0.5374 0.5374 0.5374 0.5374 
TS05 0.5694 0.5694 0.5694 0.5694 0.5694 0.5694 0.5694 0.5694 0.5694 0.5694 0.5694 0.5694 0.5694 0.5694 0.5694 0.5694 0.5694 0.5694 0.5694 0.5694 0.5694 0.5694 0.5694 0.5694 0.5694 0.5694 0.5694 0.5694 0.5694 0.5694 0.5694 0.5694 
TS06 0.5934 0.5934 0.5934 0.5934 0.5934 0.5934 0.5934 0.5934 0.5934 0.5934 0.5934 0.5934 0.5934 0.5934 0.5934 0.5934 0.5934 0.5934 0.5934 0.5934 0.5934 0.5934 0.5934 0.5934 0.5934 0.5934 0.5934 0.5934 0.5934 0.5934 0.5934 0.5934 
TS07 0.652 0.652 0.652 0.652 0.652 0.652 0.652 0.652 0.652 0.652 0.652 0.652 0.652 0.652 0.652 0.652 0.652 0.652 0.652 0.652 0.652 0.652 0.652 0.652 0.652 0.652 0.652 0.652 0.652 0.652 0.652 0.652 
TS08 0.6597 0.6597 0.6597 0.6597 0.6597 0.6597 0.6597 0.6597 0.6597 0.6597 0.6597 0.6597 0.6597 0.6597 0.6597 0.6597 0.6597 0.6597 0.6597 0.6597 0.6597 0.6597 0.6597 0.6597 0.6597 0.6597 0.6597 0.6597 0.6597 0.6597 0.6597 0.6597 
TS09 0.6192 0.6192 0.6192 0.6192 0.6192 0.6192 0.6192 0.6192 0.6192 0.6192 0.6192 0.6192 0.6192 0.6192 0.6192 0.6192 0.6192 0.6192 0.6192 0.6192 0.6192 0.6192 0.6192 0.6192 0.6192 0.6192 0.6192 0.6192 0.6192 0.6192 0.6192 0.6192 
TS10 0.5739 0.5739 0.5739 0.5739 0.5739 0.5739 0.5739 0.5739 0.5739 0.5739 0.5739 0.5739 0.5739 0.5739 0.5739 0.5739 0.5739 0.5739 0.5739 0.5739 0.5739 0.5739 0.5739 0.5739 0.5739 0.5739 0.5739 0.5739 0.5739 0.5739 0.5739 0.5739 
TS11 0.6286 0.6286 0.6286 0.6286 0.6286 0.6286 0.6286 0.6286 0.6286 0.6286 0.6286 0.6286 0.6286 0.6286 0.6286 0.6286 0.6286 0.6286 0.6286 0.6286 0.6286 0.6286 0.6286 0.6286 0.6286 0.6286 0.6286 0.6286 0.6286 0.6286 0.6286 0.6286 
TS12 0.6604 0.6604 0.6604 0.6604 0.6604 0.6604 0.6604 0.6604 0.6604 0.6604 0.6604 0.6604 0.6604 0.6604 0.6604 0.6604 0.6604 0.6604 0.6604 0.6604 0.6604 0.6604 0.6604 0.6604 0.6604 0.6604 0.6604 0.6604 0.6604 0.6604 0.6604 0.6604 
TS13 0.5784 0.5784 0.5784 0.5784 0.5784 0.5784 0.5784 0.5784 0.5784 0.5784 0.5784 0.5784 0.5784 0.5784 0.5784 0.5784 0.5784 0.5784 0.5784 0.5784 0.5784 0.5784 0.5784 0.5784 0.5784 0.5784 0.5784 0.5784 0.5784 0.5784 0.5784 0.5784 
TS14 0.5985 0.5985 0.5985 0.5985 0.5985 0.5985 0.5985 0.5985 0.5985 0.5985 0.5985 0.5985 0.5985 0.5985 0.5985 0.5985 0.5985 0.5985 0.5985 0.5985 0.5985 0.5985 0.5985 0.5985 0.5985 0.5985 0.5985 0.5985 0.5985 0.5985 0.5985 0.5985 
TS15 0.4825 0.4825 0.4825 0.4825 0.4825 0.4825 0.4825 0.4825 0.4825 0.4825 0.4825 0.4825 0.4825 0.4825 0.4825 0.4825 0.4825 0.4825 0.4825 0.4825 0.4825 0.4825 0.4825 0.4825 0.4825 0.4825 0.4825 0.4825 0.4825 0.4825 0.4825 0.4825 
TS16 0.3464 0.3464 0.3464 0.3464 0.3464 0.3464 0.3464 0.3464 0.3464 0.3464 0.3464 0.3464 0.3464 0.3464 0.3464 0.3464 0.3464 0.3464 0.3464 0.3464 0.3464 0.3464 0.3464 0.3464 0.3464 0.3464 0.3464 0.3464 0.3464 0.3464 0.3464 0.3464 
TS17 0.4266 0.4266 0.4266 0.4266 0.4266 0.4266 0.4266 0.4266 0.4266 0.4266 0.4266 0.4266 0.4266 0.4266 0.4266 0.4266 0.4266 0.4266 0.4266 0.4266 0.4266 0.4266 0.4266 0.4266 0.4266 0.4266 0.4266 0.4266 0.4266 0.4266 0.4266 0.4266 
TS18 0.5183 0.5183 0.5183 0.5183 0.5183 0.5183 0.5183 0.5183 0.5183 0.5183 0.5183 0.5183 0.5183 0.5183 0.5183 0.5183 0.5183 0.5183 0.5183 0.5183 0.5183 0.5183 0.5183 0.5183 0.5183 0.5183 0.5183 0.5183 0.5183 0.5183 0.5183 0.5183 
TS19 0.672 0.672 0.672 0.672 0.672 0.672 0.672 0.672 0.672 0.672 0.672 0.672 0.672 0.672 0.672 0.672 0.672 0.672 0.672 0.672 0.672 0.672 0.672 0.672 0.672 0.672 0.672 0.672 0.672 0.672 0.672 0.672 
TS20 0.7216 0.7216 0.7216 0.7216 0.7216 0.7216 0.7216 0.7216 0.7216 0.7216 0.7216 0.7216 0.7216 0.7216 0.7216 0.7216 0.7216 0.7216 0.7216 0.7216 0.7216 0.7216 0.7216 0.7216 0.7216 0.7216 0.7216 0.7216 0.7216 0.7216 0.7216 0.7216 
TS21 0.5383 0.5383 0.5383 0.5383 0.5383 0.5383 0.5383 0.5383 0.5383 0.5383 0.5383 0.5383 0.5383 0.5383 0.5383 0.5383 0.5383 0.5383 0.5383 0.5383 0.5383 0.5383 0.5383 0.5383 0.5383 0.5383 0.5383 0.5383 0.5383 0.5383 0.5383 0.5383 
TS22 0.4093 0.4093 0.4093 0.4093 0.4093 0.4093 0.4093 0.4093 0.4093 0.4093 0.4093 0.4093 0.4093 0.4093 0.4093 0.4093 0.4093 0.4093 0.4093 0.4093 0.4093 0.4093 0.4093 0.4093 0.4093 0.4093 0.4093 0.4093 0.4093 0.4093 0.4093 0.4093 
TS23 0.4684 0.4684 0.4684 0.4684 0.4684 0.4684 0.4684 0.4684 0.4684 0.4684 0.4684 0.4684 0.4684 0.4684 0.4684 0.4684 0.4684 0.4684 0.4684 0.4684 0.4684 0.4684 0.4684 0.4684 0.4684 0.4684 0.4684 0.4684 0.4684 0.4684 0.4684 0.4684 
TS24 0.5427 0.5427 0.5427 0.5427 0.5427 0.5427 0.5427 0.5427 0.5427 0.5427 0.5427 0.5427 0.5427 0.5427 0.5427 0.5427 0.5427 0.5427 0.5427 0.5427 0.5427 0.5427 0.5427 0.5427 0.5427 0.5427 0.5427 0.5427 0.5427 0.5427 0.5427 0.5427 
TS25 0.7611 0.7611 0.7611 0.7611 0.7611 0.7611 0.7611 0.7611 0.7611 0.7611 0.7611 0.7611 0.7611 0.7611 0.7611 0.7611 0.7611 0.7611 0.7611 0.7611 0.7611 0.7611 0.7611 0.7611 0.7611 0.7611 0.7611 0.7611 0.7611 0.7611 0.7611 0.7611 
TS26 0.7923 0.7923 0.7923 0.7923 0.7923 0.7923 0.7923 0.7923 0.7923 0.7923 0.7923 0.7923 0.7923 0.7923 0.7923 0.7923 0.7923 0.7923 0.7923 0.7923 0.7923 0.7923 0.7923 0.7923 0.7923 0.7923 0.7923 0.7923 0.7923 0.7923 0.7923 0.7923 
TS27 0.6678 0.6678 0.6678 0.6678 0.6678 0.6678 0.6678 0.6678 0.6678 0.6678 0.6678 0.6678 0.6678 0.6678 0.6678 0.6678 0.6678 0.6678 0.6678 0.6678 0.6678 0.6678 0.6678 0.6678 0.6678 0.6678 0.6678 0.6678 0.6678 0.6678 0.6678 0.6678 
TS28 0.5037 0.5037 0.5037 0.5037 0.5037 0.5037 0.5037 0.5037 0.5037 0.5037 0.5037 0.5037 0.5037 0.5037 0.5037 0.5037 0.5037 0.5037 0.5037 0.5037 0.5037 0.5037 0.5037 0.5037 0.5037 0.5037 0.5037 0.5037 0.5037 0.5037 0.5037 0.5037 
TS29 0.6119 0.6119 0.6119 0.6119 0.6119 0.6119 0.6119 0.6119 0.6119 0.6119 0.6119 0.6119 0.6119 0.6119 0.6119 0.6119 0.6119 0.6119 0.6119 0.6119 0.6119 0.6119 0.6119 0.6119 0.6119 0.6119 0.6119 0.6119 0.6119 0.6119 0.6119 0.6119 
TS30 0.7102 0.7102 0.7102 0.7102 0.7102 0.7102 0.7102 0.7102 0.7102 0.7102 0.7102 0.7102 0.7102 0.7102 0.7102 0.7102 0.7102 0.7102 0.7102 0.7102 0.7102 0.7102 0.7102 0.7102 0.7102 0.7102 0.7102 0.7102 0.7102 0.7102 0.7102 0.7102 
TS31 0.8062 0.8062 0.8062 0.8062 0.8062 0.8062 0.8062 0.8062 0.8062 0.8062 0.8062 0.8062 0.8062 0.8062 0.8062 0.8062 0.8062 0.8062 0.8062 0.8062 0.8062 0.8062 0.8062 0.8062 0.8062 0.8062 0.8062 0.8062 0.8062 0.8062 0.8062 0.8062 
TS32 0.8201 0.8201 0.8201 0.8201 0.8201 0.8201 0.8201 0.8201 0.8201 0.8201 0.8201 0.8201 0.8201 0.8201 0.8201 0.8201 0.8201 0.8201 0.8201 0.8201 0.8201 0.8201 0.8201 0.8201 0.8201 0.8201 0.8201 0.8201 0.8201 0.8201 0.8201 0.8201 
TS33 0.6889 0.6889 0.6889 0.6889 0.6889 0.6889 0.6889 0.6889 0.6889 0.6889 0.6889 0.6889 0.6889 0.6889 0.6889 0.6889 0.6889 0.6889 0.6889 0.6889 0.6889 0.6889 0.6889 0.6889 0.6889 0.6889 0.6889 0.6889 0.6889 0.6889 0.6889 0.6889 
TS34 0.5014 0.5014 0.5014 0.5014 0.5014 0.5014 0.5014 0.5014 0.5014 0.5014 0.5014 0.5014 0.5014 0.5014 0.5014 0.5014 0.5014 0.5014 0.5014 0.5014 0.5014 0.5014 0.5014 0.5014 0.5014 0.5014 0.5014 0.5014 0.5014 0.5014 0.5014 0.5014 
TS35 0.5971 0.5971 0.5971 0.5971 0.5971 0.5971 0.5971 0.5971 0.5971 0.5971 0.5971 0.5971 0.5971 0.5971 0.5971 0.5971 0.5971 0.5971 0.5971 0.5971 0.5971 0.5971 0.5971 0.5971 0.5971 0.5971 0.5971 0.5971 0.5971 0.5971 0.5971 0.5971 
TS36 0.722 0.722 0.722 0.722 0.722 0.722 0.722 0.722 0.722 0.722 0.722 0.722 0.722 0.722 0.722 0.722 0.722 0.722 0.722 0.722 0.722 0.722 0.722 0.722 0.722 0.722 0.722 0.722 0.722 0.722 0.722 0.722 
TS37 0.7467 0.7467 0.7467 0.7467 0.7467 0.7467 0.7467 0.7467 0.7467 0.7467 0.7467 0.7467 0.7467 0.7467 0.7467 0.7467 0.7467 0.7467 0.7467 0.7467 0.7467 0.7467 0.7467 0.7467 0.7467 0.7467 0.7467 0.7467 0.7467 0.7467 0.7467 0.7467 
TS38 0.7477 0.7477 0.7477 0.7477 0.7477 0.7477 0.7477 0.7477 0.7477 0.7477 0.7477 0.7477 0.7477 0.7477 0.7477 0.7477 0.7477 0.7477 0.7477 0.7477 0.7477 0.7477 0.7477 0.7477 0.7477 0.7477 0.7477 0.7477 0.7477 0.7477 0.7477 0.7477 
TS39 0.7181 0.7181 0.7181 0.7181 0.7181 0.7181 0.7181 0.7181 0.7181 0.7181 0.7181 0.7181 0.7181 0.7181 0.7181 0.7181 0.7181 0.7181 0.7181 0.7181 0.7181 0.7181 0.7181 0.7181 0.7181 0.7181 0.7181 0.7181 0.7181 0.7181 0.7181 0.7181 
TS40 0.6907 0.6907 0.6907 0.6907 0.6907 0.6907 0.6907 0.6907 0.6907 0.6907 0.6907 0.6907 0.6907 0.6907 0.6907 0.6907 0.6907 0.6907 0.6907 0.6907 0.6907 0.6907 0.6907 0.6907 0.6907 0.6907 0.6907 0.6907 0.6907 0.6907 0.6907 0.6907 
TS41 0.7478 0.7478 0.7478 0.7478 0.7478 0.7478 0.7478 0.7478 0.7478 0.7478 0.7478 0.7478 0.7478 0.7478 0.7478 0.7478 0.7478 0.7478 0.7478 0.7478 0.7478 0.7478 0.7478 0.7478 0.7478 0.7478 0.7478 0.7478 0.7478 0.7478 0.7478 0.7478 
TS42 0.7712 0.7712 0.7712 0.7712 0.7712 0.7712 0.7712 0.7712 0.7712 0.7712 0.7712 0.7712 0.7712 0.7712 0.7712 0.7712 0.7712 0.7712 0.7712 0.7712 0.7712 0.7712 0.7712 0.7712 0.7712 0.7712 0.7712 0.7712 0.7712 0.7712 0.7712 0.7712 
TS43 0.7623 0.7623 0.7623 0.7623 0.7623 0.7623 0.7623 0.7623 0.7623 0.7623 0.7623 0.7623 0.7623 0.7623 0.7623 0.7623 0.7623 0.7623 0.7623 0.7623 0.7623 0.7623 0.7623 0.7623 0.7623 0.7623 0.7623 0.7623 0.7623 0.7623 0.7623 0.7623 
TS44 0.7466 0.7466 0.7466 0.7466 0.7466 0.7466 0.7466 0.7466 0.7466 0.7466 0.7466 0.7466 0.7466 0.7466 0.7466 0.7466 0.7466 0.7466 0.7466 0.7466 0.7466 0.7466 0.7466 0.7466 0.7466 0.7466 0.7466 0.7466 0.7466 0.7466 0.7466 0.7466 
TS45 0.7197 0.7197 0.7197 0.7197 0.7197 0.7197 0.7197 0.7197 0.7197 0.7197 0.7197 0.7197 0.7197 0.7197 0.7197 0.7197 0.7197 0.7197 0.7197 0.7197 0.7197 0.7197 0.7197 0.7197 0.7197 0.7197 0.7197 0.7197 0.7197 0.7197 0.7197 0.7197 
TS46 0.684 0.684 0.684 0.684 0.684 0.684 0.684 0.684 0.684 0.684 0.684 0.684 0.684 0.684 0.684 0.684 0.684 0.684 0.684 0.684 0.684 0.684 0.684 0.684 0.684 0.684 0.684 0.684 0.684 0.684 0.684 0.684 
TS47 0.7558 0.7558 0.7558 0.7558 0.7558 0.7558 0.7558 0.7558 0.7558 0.7558 0.7558 0.7558 0.7558 0.7558 0.7558 0.7558 0.7558 0.7558 0.7558 0.7558 0.7558 0.7558 0.7558 0.7558 0.7558 0.7558 0.7558 0.7558 0.7558 0.7558 0.7558 0.7558 
TS48 0.7789 0.7789 0.7789 0.7789 0.7789 0.7789 0.7789 0.7789 0.7789 0.7789 0.7789 0.7789 0.7789 0.7789 0.7789 0.7789 0.7789 0.7789 0.7789 0.7789 0.7789 0.7789 0.7789 0.7789 0.7789 0.7789 0.7789 0.7789 0.7789 0.7789 0.7789 0.7789 
[RE1,PWRWND005,*,*]:
2019 2020 2021 2022 2023 2024 2025 2026 2027 2028 2029 2030 2031 2032 2033 2034 2035 2036 2037 2038 2039 2040 2041 2042 2043 2044 2045 2046 2047 2048 2049 2050 :=
TS01 0.1867 0.1867 0.1867 0.1867 0.1867 0.1867 0.1867 0.1867 0.1867 0.1867 0.1867 0.1867 0.1867 0.1867 0.1867 0.1867 0.1867 0.1867 0.1867 0.1867 0.1867 0.1867 0.1867 0.1867 0.1867 0.1867 0.1867 0.1867 0.1867 0.1867 0.1867 0.1867 
TS02 0.1635 0.1635 0.1635 0.1635 0.1635 0.1635 0.1635 0.1635 0.1635 0.1635 0.1635 0.1635 0.1635 0.1635 0.1635 0.1635 0.1635 0.1635 0.1635 0.1635 0.1635 0.1635 0.1635 0.1635 0.1635 0.1635 0.1635 0.1635 0.1635 0.1635 0.1635 0.1635 
TS03 0.6009 0.6009 0.6009 0.6009 0.6009 0.6009 0.6009 0.6009 0.6009 0.6009 0.6009 0.6009 0.6009 0.6009 0.6009 0.6009 0.6009 0.6009 0.6009 0.6009 0.6009 0.6009 0.6009 0.6009 0.6009 0.6009 0.6009 0.6009 0.6009 0.6009 0.6009 0.6009 
TS04 0.653 0.653 0.653 0.653 0.653 0.653 0.653 0.653 0.653 0.653 0.653 0.653 0.653 0.653 0.653 0.653 0.653 0.653 0.653 0.653 0.653 0.653 0.653 0.653 0.653 0.653 0.653 0.653 0.653 0.653 0.653 0.653 
TS05 0.4742 0.4742 0.4742 0.4742 0.4742 0.4742 0.4742 0.4742 0.4742 0.4742 0.4742 0.4742 0.4742 0.4742 0.4742 0.4742 0.4742 0.4742 0.4742 0.4742 0.4742 0.4742 0.4742 0.4742 0.4742 0.4742 0.4742 0.4742 0.4742 0.4742 0.4742 0.4742 
TS06 0.256 0.256 0.256 0.256 0.256 0.256 0.256 0.256 0.256 0.256 0.256 0.256 0.256 0.256 0.256 0.256 0.256 0.256 0.256 0.256 0.256 0.256 0.256 0.256 0.256 0.256 0.256 0.256 0.256 0.256 0.256 0.256 
TS07 0.2218 0.2218 0.2218 0.2218 0.2218 0.2218 0.2218 0.2218 0.2218 0.2218 0.2218 0.2218 0.2218 0.2218 0.2218 0.2218 0.2218 0.2218 0.2218 0.2218 0.2218 0.2218 0.2218 0.2218 0.2218 0.2218 0.2218 0.2218 0.2218 0.2218 0.2218 0.2218 
TS08 0.1549 0.1549 0.1549 0.1549 0.1549 0.1549 0.1549 0.1549 0.1549 0.1549 0.1549 0.1549 0.1549 0.1549 0.1549 0.1549 0.1549 0.1549 0.1549 0.1549 0.1549 0.1549 0.1549 0.1549 0.1549 0.1549 0.1549 0.1549 0.1549 0.1549 0.1549 0.1549 
TS09 0.5825 0.5825 0.5825 0.5825 0.5825 0.5825 0.5825 0.5825 0.5825 0.5825 0.5825 0.5825 0.5825 0.5825 0.5825 0.5825 0.5825 0.5825 0.5825 0.5825 0.5825 0.5825 0.5825 0.5825 0.5825 0.5825 0.5825 0.5825 0.5825 0.5825 0.5825 0.5825 
TS10 0.6736 0.6736 0.6736 0.6736 0.6736 0.6736 0.6736 0.6736 0.6736 0.6736 0.6736 0.6736 0.6736 0.6736 0.6736 0.6736 0.6736 0.6736 0.6736 0.6736 0.6736 0.6736 0.6736 0.6736 0.6736 0.6736 0.6736 0.6736 0.6736 0.6736 0.6736 0.6736 
TS11 0.4649 0.4649 0.4649 0.4649 0.4649 0.4649 0.4649 0.4649 0.4649 0.4649 0.4649 0.4649 0.4649 0.4649 0.4649 0.4649 0.4649 0.4649 0.4649 0.4649 0.4649 0.4649 0.4649 0.4649 0.4649 0.4649 0.4649 0.4649 0.4649 0.4649 0.4649 0.4649 
TS12 0.2504 0.2504 0.2504 0.2504 0.2504 0.2504 0.2504 0.2504 0.2504 0.2504 0.2504 0.2504 0.2504 0.2504 0.2504 0.2504 0.2504 0.2504 0.2504 0.2504 0.2504 0.2504 0.2504 0.2504 0.2504 0.2504 0.2504 0.2504 0.2504 0.2504 0.2504 0.2504 
TS13 0.3907 0.3907 0.3907 0.3907 0.3907 0.3907 0.3907 0.3907 0.3907 0.3907 0.3907 0.3907 0.3907 0.3907 0.3907 0.3907 0.3907 0.3907 0.3907 0.3907 0.3907 0.3907 0.3907 0.3907 0.3907 0.3907 0.3907 0.3907 0.3907 0.3907 0.3907 0.3907 
TS14 0.3813 0.3813 0.3813 0.3813 0.3813 0.3813 0.3813 0.3813 0.3813 0.3813 0.3813 0.3813 0.3813 0.3813 0.3813 0.3813 0.3813 0.3813 0.3813 0.3813 0.3813 0.3813 0.3813 0.3813 0.3813 0.3813 0.3813 0.3813 0.3813 0.3813 0.3813 0.3813 
TS15 0.4411 0.4411 0.4411 0.4411 0.4411 0.4411 0.4411 0.4411 0.4411 0.4411 0.4411 0.4411 0.4411 0.4411 0.4411 0.4411 0.4411 0.4411 0.4411 0.4411 0.4411 0.4411 0.4411 0.4411 0.4411 0.4411 0.4411 0.4411 0.4411 0.4411 0.4411 0.4411 
TS16 0.4494 0.4494 0.4494 0.4494 0.4494 0.4494 0.4494 0.4494 0.4494 0.4494 0.4494 0.4494 0.4494 0.4494 0.4494 0.4494 0.4494 0.4494 0.4494 0.4494 0.4494 0.4494 0.4494 0.4494 0.4494 0.4494 0.4494 0.4494 0.4494 0.4494 0.4494 0.4494 
TS17 0.4362 0.4362 0.4362 0.4362 0.4362 0.4362 0.4362 0.4362 0.4362 0.4362 0.4362 0.4362 0.4362 0.4362 0.4362 0.4362 0.4362 0.4362 0.4362 0.4362 0.4362 0.4362 0.4362 0.4362 0.4362 0.4362 0.4362 0.4362 0.4362 0.4362 0.4362 0.4362 
TS18 0.3765 0.3765 0.3765 0.3765 0.3765 0.3765 0.3765 0.3765 0.3765 0.3765 0.3765 0.3765 0.3765 0.3765 0.3765 0.3765 0.3765 0.3765 0.3765 0.3765 0.3765 0.3765 0.3765 0.3765 0.3765 0.3765 0.3765 0.3765 0.3765 0.3765 0.3765 0.3765 
TS19 0.3768 0.3768 0.3768 0.3768 0.3768 0.3768 0.3768 0.3768 0.3768 0.3768 0.3768 0.3768 0.3768 0.3768 0.3768 0.3768 0.3768 0.3768 0.3768 0.3768 0.3768 0.3768 0.3768 0.3768 0.3768 0.3768 0.3768 0.3768 0.3768 0.3768 0.3768 0.3768 
TS20 0.3478 0.3478 0.3478 0.3478 0.3478 0.3478 0.3478 0.3478 0.3478 0.3478 0.3478 0.3478 0.3478 0.3478 0.3478 0.3478 0.3478 0.3478 0.3478 0.3478 0.3478 0.3478 0.3478 0.3478 0.3478 0.3478 0.3478 0.3478 0.3478 0.3478 0.3478 0.3478 
TS21 0.3946 0.3946 0.3946 0.3946 0.3946 0.3946 0.3946 0.3946 0.3946 0.3946 0.3946 0.3946 0.3946 0.3946 0.3946 0.3946 0.3946 0.3946 0.3946 0.3946 0.3946 0.3946 0.3946 0.3946 0.3946 0.3946 0.3946 0.3946 0.3946 0.3946 0.3946 0.3946 
TS22 0.4283 0.4283 0.4283 0.4283 0.4283 0.4283 0.4283 0.4283 0.4283 0.4283 0.4283 0.4283 0.4283 0.4283 0.4283 0.4283 0.4283 0.4283 0.4283 0.4283 0.4283 0.4283 0.4283 0.4283 0.4283 0.4283 0.4283 0.4283 0.4283 0.4283 0.4283 0.4283 
TS23 0.4196 0.4196 0.4196 0.4196 0.4196 0.4196 0.4196 0.4196 0.4196 0.4196 0.4196 0.4196 0.4196 0.4196 0.4196 0.4196 0.4196 0.4196 0.4196 0.4196 0.4196 0.4196 0.4196 0.4196 0.4196 0.4196 0.4196 0.4196 0.4196 0.4196 0.4196 0.4196 
TS24 0.3846 0.3846 0.3846 0.3846 0.3846 0.3846 0.3846 0.3846 0.3846 0.3846 0.3846 0.3846 0.3846 0.3846 0.3846 0.3846 0.3846 0.3846 0.3846 0.3846 0.3846 0.3846 0.3846 0.3846 0.3846 0.3846 0.3846 0.3846 0.3846 0.3846 0.3846 0.3846 
TS25 0.6531 0.6531 0.6531 0.6531 0.6531 0.6531 0.6531 0.6531 0.6531 0.6531 0.6531 0.6531 0.6531 0.6531 0.6531 0.6531 0.6531 0.6531 0.6531 0.6531 0.6531 0.6531 0.6531 0.6531 0.6531 0.6531 0.6531 0.6531 0.6531 0.6531 0.6531 0.6531 
TS26 0.5349 0.5349 0.5349 0.5349 0.5349 0.5349 0.5349 0.5349 0.5349 0.5349 0.5349 0.5349 0.5349 0.5349 0.5349 0.5349 0.5349 0.5349 0.5349 0.5349 0.5349 0.5349 0.5349 0.5349 0.5349 0.5349 0.5349 0.5349 0.5349 0.5349 0.5349 0.5349 
TS27 0.4487 0.4487 0.4487 0.4487 0.4487 0.4487 0.4487 0.4487 0.4487 0.4487 0.4487 0.4487 0.4487 0.4487 0.4487 0.4487 0.4487 0.4487 0.4487 0.4487 0.4487 0.4487 0.4487 0.4487 0.4487 0.4487 0.4487 0.4487 0.4487 0.4487 0.4487 0.4487 
TS28 0.5886 0.5886 0.5886 0.5886 0.5886 0.5886 0.5886 0.5886 0.5886 0.5886 0.5886 0.5886 0.5886 0.5886 0.5886 0.5886 0.5886 0.5886 0.5886 0.5886 0.5886 0.5886 0.5886 0.5886 0.5886 0.5886 0.5886 0.5886 0.5886 0.5886 0.5886 0.5886 
TS29 0.6922 0.6922 0.6922 0.6922 0.6922 0.6922 0.6922 0.6922 0.6922 0.6922 0.6922 0.6922 0.6922 0.6922 0.6922 0.6922 0.6922 0.6922 0.6922 0.6922 0.6922 0.6922 0.6922 0.6922 0.6922 0.6922 0.6922 0.6922 0.6922 0.6922 0.6922 0.6922 
TS30 0.7285 0.7285 0.7285 0.7285 0.7285 0.7285 0.7285 0.7285 0.7285 0.7285 0.7285 0.7285 0.7285 0.7285 0.7285 0.7285 0.7285 0.7285 0.7285 0.7285 0.7285 0.7285 0.7285 0.7285 0.7285 0.7285 0.7285 0.7285 0.7285 0.7285 0.7285 0.7285 
TS31 0.6757 0.6757 0.6757 0.6757 0.6757 0.6757 0.6757 0.6757 0.6757 0.6757 0.6757 0.6757 0.6757 0.6757 0.6757 0.6757 0.6757 0.6757 0.6757 0.6757 0.6757 0.6757 0.6757 0.6757 0.6757 0.6757 0.6757 0.6757 0.6757 0.6757 0.6757 0.6757 
TS32 0.5558 0.5558 0.5558 0.5558 0.5558 0.5558 0.5558 0.5558 0.5558 0.5558 0.5558 0.5558 0.5558 0.5558 0.5558 0.5558 0.5558 0.5558 0.5558 0.5558 0.5558 0.5558 0.5558 0.5558 0.5558 0.5558 0.5558 0.5558 0.5558 0.5558 0.5558 0.5558 
TS33 0.4562 0.4562 0.4562 0.4562 0.4562 0.4562 0.4562 0.4562 0.4562 0.4562 0.4562 0.4562 0.4562 0.4562 0.4562 0.4562 0.4562 0.4562 0.4562 0.4562 0.4562 0.4562 0.4562 0.4562 0.4562 0.4562 0.4562 0.4562 0.4562 0.4562 0.4562 0.4562 
TS34 0.5968 0.5968 0.5968 0.5968 0.5968 0.5968 0.5968 0.5968 0.5968 0.5968 0.5968 0.5968 0.5968 0.5968 0.5968 0.5968 0.5968 0.5968 0.5968 0.5968 0.5968 0.5968 0.5968 0.5968 0.5968 0.5968 0.5968 0.5968 0.5968 0.5968 0.5968 0.5968 
TS35 0.703 0.703 0.703 0.703 0.703 0.703 0.703 0.703 0.703 0.703 0.703 0.703 0.703 0.703 0.703 0.703 0.703 0.703 0.703 0.703 0.703 0.703 0.703 0.703 0.703 0.703 0.703 0.703 0.703 0.703 0.703 0.703 
TS36 0.7252 0.7252 0.7252 0.7252 0.7252 0.7252 0.7252 0.7252 0.7252 0.7252 0.7252 0.7252 0.7252 0.7252 0.7252 0.7252 0.7252 0.7252 0.7252 0.7252 0.7252 0.7252 0.7252 0.7252 0.7252 0.7252 0.7252 0.7252 0.7252 0.7252 0.7252 0.7252 
TS37 0.3122 0.3122 0.3122 0.3122 0.3122 0.3122 0.3122 0.3122 0.3122 0.3122 0.3122 0.3122 0.3122 0.3122 0.3122 0.3122 0.3122 0.3122 0.3122 0.3122 0.3122 0.3122 0.3122 0.3122 0.3122 0.3122 0.3122 0.3122 0.3122 0.3122 0.3122 0.3122 
TS38 0.2477 0.2477 0.2477 0.2477 0.2477 0.2477 0.2477 0.2477 0.2477 0.2477 0.2477 0.2477 0.2477 0.2477 0.2477 0.2477 0.2477 0.2477 0.2477 0.2477 0.2477 0.2477 0.2477 0.2477 0.2477 0.2477 0.2477 0.2477 0.2477 0.2477 0.2477 0.2477 
TS39 0.5879 0.5879 0.5879 0.5879 0.5879 0.5879 0.5879 0.5879 0.5879 0.5879 0.5879 0.5879 0.5879 0.5879 0.5879 0.5879 0.5879 0.5879 0.5879 0.5879 0.5879 0.5879 0.5879 0.5879 0.5879 0.5879 0.5879 0.5879 0.5879 0.5879 0.5879 0.5879 
TS40 0.6485 0.6485 0.6485 0.6485 0.6485 0.6485 0.6485 0.6485 0.6485 0.6485 0.6485 0.6485 0.6485 0.6485 0.6485 0.6485 0.6485 0.6485 0.6485 0.6485 0.6485 0.6485 0.6485 0.6485 0.6485 0.6485 0.6485 0.6485 0.6485 0.6485 0.6485 0.6485 
TS41 0.5241 0.5241 0.5241 0.5241 0.5241 0.5241 0.5241 0.5241 0.5241 0.5241 0.5241 0.5241 0.5241 0.5241 0.5241 0.5241 0.5241 0.5241 0.5241 0.5241 0.5241 0.5241 0.5241 0.5241 0.5241 0.5241 0.5241 0.5241 0.5241 0.5241 0.5241 0.5241 
TS42 0.3999 0.3999 0.3999 0.3999 0.3999 0.3999 0.3999 0.3999 0.3999 0.3999 0.3999 0.3999 0.3999 0.3999 0.3999 0.3999 0.3999 0.3999 0.3999 0.3999 0.3999 0.3999 0.3999 0.3999 0.3999 0.3999 0.3999 0.3999 0.3999 0.3999 0.3999 0.3999 
TS43 0.3042 0.3042 0.3042 0.3042 0.3042 0.3042 0.3042 0.3042 0.3042 0.3042 0.3042 0.3042 0.3042 0.3042 0.3042 0.3042 0.3042 0.3042 0.3042 0.3042 0.3042 0.3042 0.3042 0.3042 0.3042 0.3042 0.3042 0.3042 0.3042 0.3042 0.3042 0.3042 
TS44 0.2741 0.2741 0.2741 0.2741 0.2741 0.2741 0.2741 0.2741 0.2741 0.2741 0.2741 0.2741 0.2741 0.2741 0.2741 0.2741 0.2741 0.2741 0.2741 0.2741 0.2741 0.2741 0.2741 0.2741 0.2741 0.2741 0.2741 0.2741 0.2741 0.2741 0.2741 0.2741 
TS45 0.5947 0.5947 0.5947 0.5947 0.5947 0.5947 0.5947 0.5947 0.5947 0.5947 0.5947 0.5947 0.5947 0.5947 0.5947 0.5947 0.5947 0.5947 0.5947 0.5947 0.5947 0.5947 0.5947 0.5947 0.5947 0.5947 0.5947 0.5947 0.5947 0.5947 0.5947 0.5947 
TS46 0.6589 0.6589 0.6589 0.6589 0.6589 0.6589 0.6589 0.6589 0.6589 0.6589 0.6589 0.6589 0.6589 0.6589 0.6589 0.6589 0.6589 0.6589 0.6589 0.6589 0.6589 0.6589 0.6589 0.6589 0.6589 0.6589 0.6589 0.6589 0.6589 0.6589 0.6589 0.6589 
TS47 0.5379 0.5379 0.5379 0.5379 0.5379 0.5379 0.5379 0.5379 0.5379 0.5379 0.5379 0.5379 0.5379 0.5379 0.5379 0.5379 0.5379 0.5379 0.5379 0.5379 0.5379 0.5379 0.5379 0.5379 0.5379 0.5379 0.5379 0.5379 0.5379 0.5379 0.5379 0.5379 
TS48 0.4209 0.4209 0.4209 0.4209 0.4209 0.4209 0.4209 0.4209 0.4209 0.4209 0.4209 0.4209 0.4209 0.4209 0.4209 0.4209 0.4209 0.4209 0.4209 0.4209 0.4209 0.4209 0.4209 0.4209 0.4209 0.4209 0.4209 0.4209 0.4209 0.4209 0.4209 0.4209 
[RE1,PWRWND006,*,*]:
2019 2020 2021 2022 2023 2024 2025 2026 2027 2028 2029 2030 2031 2032 2033 2034 2035 2036 2037 2038 2039 2040 2041 2042 2043 2044 2045 2046 2047 2048 2049 2050 :=
TS01 0.5505 0.5505 0.5505 0.5505 0.5505 0.5505 0.5505 0.5505 0.5505 0.5505 0.5505 0.5505 0.5505 0.5505 0.5505 0.5505 0.5505 0.5505 0.5505 0.5505 0.5505 0.5505 0.5505 0.5505 0.5505 0.5505 0.5505 0.5505 0.5505 0.5505 0.5505 0.5505 
TS02 0.4646 0.4646 0.4646 0.4646 0.4646 0.4646 0.4646 0.4646 0.4646 0.4646 0.4646 0.4646 0.4646 0.4646 0.4646 0.4646 0.4646 0.4646 0.4646 0.4646 0.4646 0.4646 0.4646 0.4646 0.4646 0.4646 0.4646 0.4646 0.4646 0.4646 0.4646 0.4646 
TS03 0.5911 0.5911 0.5911 0.5911 0.5911 0.5911 0.5911 0.5911 0.5911 0.5911 0.5911 0.5911 0.5911 0.5911 0.5911 0.5911 0.5911 0.5911 0.5911 0.5911 0.5911 0.5911 0.5911 0.5911 0.5911 0.5911 0.5911 0.5911 0.5911 0.5911 0.5911 0.5911 
TS04 0.5657 0.5657 0.5657 0.5657 0.5657 0.5657 0.5657 0.5657 0.5657 0.5657 0.5657 0.5657 0.5657 0.5657 0.5657 0.5657 0.5657 0.5657 0.5657 0.5657 0.5657 0.5657 0.5657 0.5657 0.5657 0.5657 0.5657 0.5657 0.5657 0.5657 0.5657 0.5657 
TS05 0.5999 0.5999 0.5999 0.5999 0.5999 0.5999 0.5999 0.5999 0.5999 0.5999 0.5999 0.5999 0.5999 0.5999 0.5999 0.5999 0.5999 0.5999 0.5999 0.5999 0.5999 0.5999 0.5999 0.5999 0.5999 0.5999 0.5999 0.5999 0.5999 0.5999 0.5999 0.5999 
TS06 0.5996 0.5996 0.5996 0.5996 0.5996 0.5996 0.5996 0.5996 0.5996 0.5996 0.5996 0.5996 0.5996 0.5996 0.5996 0.5996 0.5996 0.5996 0.5996 0.5996 0.5996 0.5996 0.5996 0.5996 0.5996 0.5996 0.5996 0.5996 0.5996 0.5996 0.5996 0.5996 
TS07 0.5383 0.5383 0.5383 0.5383 0.5383 0.5383 0.5383 0.5383 0.5383 0.5383 0.5383 0.5383 0.5383 0.5383 0.5383 0.5383 0.5383 0.5383 0.5383 0.5383 0.5383 0.5383 0.5383 0.5383 0.5383 0.5383 0.5383 0.5383 0.5383 0.5383 0.5383 0.5383 
TS08 0.4369 0.4369 0.4369 0.4369 0.4369 0.4369 0.4369 0.4369 0.4369 0.4369 0.4369 0.4369 0.4369 0.4369 0.4369 0.4369 0.4369 0.4369 0.4369 0.4369 0.4369 0.4369 0.4369 0.4369 0.4369 0.4369 0.4369 0.4369 0.4369 0.4369 0.4369 0.4369 
TS09 0.5844 0.5844 0.5844 0.5844 0.5844 0.5844 0.5844 0.5844 0.5844 0.5844 0.5844 0.5844 0.5844 0.5844 0.5844 0.5844 0.5844 0.5844 0.5844 0.5844 0.5844 0.5844 0.5844 0.5844 0.5844 0.5844 0.5844 0.5844 0.5844 0.5844 0.5844 0.5844 
TS10 0.62 0.62 0.62 0.62 0.62 0.62 0.62 0.62 0.62 0.62 0.62 0.62 0.62 0.62 0.62 0.62 0.62 0.62 0.62 0.62 0.62 0.62 0.62 0.62 0.62 0.62 0.62 0.62 0.62 0.62 0.62 0.62 
TS11 0.6385 0.6385 0.6385 0.6385 0.6385 0.6385 0.6385 0.6385 0.6385 0.6385 0.6385 0.6385 0.6385 0.6385 0.6385 0.6385 0.6385 0.6385 0.6385 0.6385 0.6385 0.6385 0.6385 0.6385 0.6385 0.6385 0.6385 0.6385 0.6385 0.6385 0.6385 0.6385 
TS12 0.6332 0.6332 0.6332 0.6332 0.6332 0.6332 0.6332 0.6332 0.6332 0.6332 0.6332 0.6332 0.6332 0.6332 0.6332 0.6332 0.6332 0.6332 0.6332 0.6332 0.6332 0.6332 0.6332 0.6332 0.6332 0.6332 0.6332 0.6332 0.6332 0.6332 0.6332 0.6332 
TS13 0.4363 0.4363 0.4363 0.4363 0.4363 0.4363 0.4363 0.4363 0.4363 0.4363 0.4363 0.4363 0.4363 0.4363 0.4363 0.4363 0.4363 0.4363 0.4363 0.4363 0.4363 0.4363 0.4363 0.4363 0.4363 0.4363 0.4363 0.4363 0.4363 0.4363 0.4363 0.4363 
TS14 0.4389 0.4389 0.4389 0.4389 0.4389 0.4389 0.4389 0.4389 0.4389 0.4389 0.4389 0.4389 0.4389 0.4389 0.4389 0.4389 0.4389 0.4389 0.4389 0.4389 0.4389 0.4389 0.4389 0.4389 0.4389 0.4389 0.4389 0.4389 0.4389 0.4389 0.4389 0.4389 
TS15 0.3506 0.3506 0.3506 0.3506 0.3506 0.3506 0.3506 0.3506 0.3506 0.3506 0.3506 0.3506 0.3506 0.3506 0.3506 0.3506 0.3506 0.3506 0.3506 0.3506 0.3506 0.3506 0.3506 0.3506 0.3506 0.3506 0.3506 0.3506 0.3506 0.3506 0.3506 0.3506 
TS16 0.3286 0.3286 0.3286 0.3286 0.3286 0.3286 0.3286 0.3286 0.3286 0.3286 0.3286 0.3286 0.3286 0.3286 0.3286 0.3286 0.3286 0.3286 0.3286 0.3286 0.3286 0.3286 0.3286 0.3286 0.3286 0.3286 0.3286 0.3286 0.3286 0.3286 0.3286 0.3286 
TS17 0.4151 0.4151 0.4151 0.4151 0.4151 0.4151 0.4151 0.4151 0.4151 0.4151 0.4151 0.4151 0.4151 0.4151 0.4151 0.4151 0.4151 0.4151 0.4151 0.4151 0.4151 0.4151 0.4151 0.4151 0.4151 0.4151 0.4151 0.4151 0.4151 0.4151 0.4151 0.4151 
TS18 0.446 0.446 0.446 0.446 0.446 0.446 0.446 0.446 0.446 0.446 0.446 0.446 0.446 0.446 0.446 0.446 0.446 0.446 0.446 0.446 0.446 0.446 0.446 0.446 0.446 0.446 0.446 0.446 0.446 0.446 0.446 0.446 
TS19 0.4874 0.4874 0.4874 0.4874 0.4874 0.4874 0.4874 0.4874 0.4874 0.4874 0.4874 0.4874 0.4874 0.4874 0.4874 0.4874 0.4874 0.4874 0.4874 0.4874 0.4874 0.4874 0.4874 0.4874 0.4874 0.4874 0.4874 0.4874 0.4874 0.4874 0.4874 0.4874 
TS20 0.4645 0.4645 0.4645 0.4645 0.4645 0.4645 0.4645 0.4645 0.4645 0.4645 0.4645 0.4645 0.4645 0.4645 0.4645 0.4645 0.4645 0.4645 0.4645 0.4645 0.4645 0.4645 0.4645 0.4645 0.4645 0.4645 0.4645 0.4645 0.4645 0.4645 0.4645 0.4645 
TS21 0.3713 0.3713 0.3713 0.3713 0.3713 0.3713 0.3713 0.3713 0.3713 0.3713 0.3713 0.3713 0.3713 0.3713 0.3713 0.3713 0.3713 0.3713 0.3713 0.3713 0.3713 0.3713 0.3713 0.3713 0.3713 0.3713 0.3713 0.3713 0.3713 0.3713 0.3713 0.3713 
TS22 0.3556 0.3556 0.3556 0.3556 0.3556 0.3556 0.3556 0.3556 0.3556 0.3556 0.3556 0.3556 0.3556 0.3556 0.3556 0.3556 0.3556 0.3556 0.3556 0.3556 0.3556 0.3556 0.3556 0.3556 0.3556 0.3556 0.3556 0.3556 0.3556 0.3556 0.3556 0.3556 
TS23 0.4238 0.4238 0.4238 0.4238 0.4238 0.4238 0.4238 0.4238 0.4238 0.4238 0.4238 0.4238 0.4238 0.4238 0.4238 0.4238 0.4238 0.4238 0.4238 0.4238 0.4238 0.4238 0.4238 0.4238 0.4238 0.4238 0.4238 0.4238 0.4238 0.4238 0.4238 0.4238 
TS24 0.4802 0.4802 0.4802 0.4802 0.4802 0.4802 0.4802 0.4802 0.4802 0.4802 0.4802 0.4802 0.4802 0.4802 0.4802 0.4802 0.4802 0.4802 0.4802 0.4802 0.4802 0.4802 0.4802 0.4802 0.4802 0.4802 0.4802 0.4802 0.4802 0.4802 0.4802 0.4802 
TS25 0.7162 0.7162 0.7162 0.7162 0.7162 0.7162 0.7162 0.7162 0.7162 0.7162 0.7162 0.7162 0.7162 0.7162 0.7162 0.7162 0.7162 0.7162 0.7162 0.7162 0.7162 0.7162 0.7162 0.7162 0.7162 0.7162 0.7162 0.7162 0.7162 0.7162 0.7162 0.7162 
TS26 0.7081 0.7081 0.7081 0.7081 0.7081 0.7081 0.7081 0.7081 0.7081 0.7081 0.7081 0.7081 0.7081 0.7081 0.7081 0.7081 0.7081 0.7081 0.7081 0.7081 0.7081 0.7081 0.7081 0.7081 0.7081 0.7081 0.7081 0.7081 0.7081 0.7081 0.7081 0.7081 
TS27 0.5542 0.5542 0.5542 0.5542 0.5542 0.5542 0.5542 0.5542 0.5542 0.5542 0.5542 0.5542 0.5542 0.5542 0.5542 0.5542 0.5542 0.5542 0.5542 0.5542 0.5542 0.5542 0.5542 0.5542 0.5542 0.5542 0.5542 0.5542 0.5542 0.5542 0.5542 0.5542 
TS28 0.4685 0.4685 0.4685 0.4685 0.4685 0.4685 0.4685 0.4685 0.4685 0.4685 0.4685 0.4685 0.4685 0.4685 0.4685 0.4685 0.4685 0.4685 0.4685 0.4685 0.4685 0.4685 0.4685 0.4685 0.4685 0.4685 0.4685 0.4685 0.4685 0.4685 0.4685 0.4685 
TS29 0.5904 0.5904 0.5904 0.5904 0.5904 0.5904 0.5904 0.5904 0.5904 0.5904 0.5904 0.5904 0.5904 0.5904 0.5904 0.5904 0.5904 0.5904 0.5904 0.5904 0.5904 0.5904 0.5904 0.5904 0.5904 0.5904 0.5904 0.5904 0.5904 0.5904 0.5904 0.5904 
TS30 0.6846 0.6846 0.6846 0.6846 0.6846 0.6846 0.6846 0.6846 0.6846 0.6846 0.6846 0.6846 0.6846 0.6846 0.6846 0.6846 0.6846 0.6846 0.6846 0.6846 0.6846 0.6846 0.6846 0.6846 0.6846 0.6846 0.6846 0.6846 0.6846 0.6846 0.6846 0.6846 
TS31 0.7417 0.7417 0.7417 0.7417 0.7417 0.7417 0.7417 0.7417 0.7417 0.7417 0.7417 0.7417 0.7417 0.7417 0.7417 0.7417 0.7417 0.7417 0.7417 0.7417 0.7417 0.7417 0.7417 0.7417 0.7417 0.7417 0.7417 0.7417 0.7417 0.7417 0.7417 0.7417 
TS32 0.7445 0.7445 0.7445 0.7445 0.7445 0.7445 0.7445 0.7445 0.7445 0.7445 0.7445 0.7445 0.7445 0.7445 0.7445 0.7445 0.7445 0.7445 0.7445 0.7445 0.7445 0.7445 0.7445 0.7445 0.7445 0.7445 0.7445 0.7445 0.7445 0.7445 0.7445 0.7445 
TS33 0.5656 0.5656 0.5656 0.5656 0.5656 0.5656 0.5656 0.5656 0.5656 0.5656 0.5656 0.5656 0.5656 0.5656 0.5656 0.5656 0.5656 0.5656 0.5656 0.5656 0.5656 0.5656 0.5656 0.5656 0.5656 0.5656 0.5656 0.5656 0.5656 0.5656 0.5656 0.5656 
TS34 0.4528 0.4528 0.4528 0.4528 0.4528 0.4528 0.4528 0.4528 0.4528 0.4528 0.4528 0.4528 0.4528 0.4528 0.4528 0.4528 0.4528 0.4528 0.4528 0.4528 0.4528 0.4528 0.4528 0.4528 0.4528 0.4528 0.4528 0.4528 0.4528 0.4528 0.4528 0.4528 
TS35 0.5624 0.5624 0.5624 0.5624 0.5624 0.5624 0.5624 0.5624 0.5624 0.5624 0.5624 0.5624 0.5624 0.5624 0.5624 0.5624 0.5624 0.5624 0.5624 0.5624 0.5624 0.5624 0.5624 0.5624 0.5624 0.5624 0.5624 0.5624 0.5624 0.5624 0.5624 0.5624 
TS36 0.6803 0.6803 0.6803 0.6803 0.6803 0.6803 0.6803 0.6803 0.6803 0.6803 0.6803 0.6803 0.6803 0.6803 0.6803 0.6803 0.6803 0.6803 0.6803 0.6803 0.6803 0.6803 0.6803 0.6803 0.6803 0.6803 0.6803 0.6803 0.6803 0.6803 0.6803 0.6803 
TS37 0.6735 0.6735 0.6735 0.6735 0.6735 0.6735 0.6735 0.6735 0.6735 0.6735 0.6735 0.6735 0.6735 0.6735 0.6735 0.6735 0.6735 0.6735 0.6735 0.6735 0.6735 0.6735 0.6735 0.6735 0.6735 0.6735 0.6735 0.6735 0.6735 0.6735 0.6735 0.6735 
TS38 0.6232 0.6232 0.6232 0.6232 0.6232 0.6232 0.6232 0.6232 0.6232 0.6232 0.6232 0.6232 0.6232 0.6232 0.6232 0.6232 0.6232 0.6232 0.6232 0.6232 0.6232 0.6232 0.6232 0.6232 0.6232 0.6232 0.6232 0.6232 0.6232 0.6232 0.6232 0.6232 
TS39 0.6948 0.6948 0.6948 0.6948 0.6948 0.6948 0.6948 0.6948 0.6948 0.6948 0.6948 0.6948 0.6948 0.6948 0.6948 0.6948 0.6948 0.6948 0.6948 0.6948 0.6948 0.6948 0.6948 0.6948 0.6948 0.6948 0.6948 0.6948 0.6948 0.6948 0.6948 0.6948 
TS40 0.7316 0.7316 0.7316 0.7316 0.7316 0.7316 0.7316 0.7316 0.7316 0.7316 0.7316 0.7316 0.7316 0.7316 0.7316 0.7316 0.7316 0.7316 0.7316 0.7316 0.7316 0.7316 0.7316 0.7316 0.7316 0.7316 0.7316 0.7316 0.7316 0.7316 0.7316 0.7316 
TS41 0.7663 0.7663 0.7663 0.7663 0.7663 0.7663 0.7663 0.7663 0.7663 0.7663 0.7663 0.7663 0.7663 0.7663 0.7663 0.7663 0.7663 0.7663 0.7663 0.7663 0.7663 0.7663 0.7663 0.7663 0.7663 0.7663 0.7663 0.7663 0.7663 0.7663 0.7663 0.7663 
TS42 0.7633 0.7633 0.7633 0.7633 0.7633 0.7633 0.7633 0.7633 0.7633 0.7633 0.7633 0.7633 0.7633 0.7633 0.7633 0.7633 0.7633 0.7633 0.7633 0.7633 0.7633 0.7633 0.7633 0.7633 0.7633 0.7633 0.7633 0.7633 0.7633 0.7633 0.7633 0.7633 
TS43 0.6642 0.6642 0.6642 0.6642 0.6642 0.6642 0.6642 0.6642 0.6642 0.6642 0.6642 0.6642 0.6642 0.6642 0.6642 0.6642 0.6642 0.6642 0.6642 0.6642 0.6642 0.6642 0.6642 0.6642 0.6642 0.6642 0.6642 0.6642 0.6642 0.6642 0.6642 0.6642 
TS44 0.5586 0.5586 0.5586 0.5586 0.5586 0.5586 0.5586 0.5586 0.5586 0.5586 0.5586 0.5586 0.5586 0.5586 0.5586 0.5586 0.5586 0.5586 0.5586 0.5586 0.5586 0.5586 0.5586 0.5586 0.5586 0.5586 0.5586 0.5586 0.5586 0.5586 0.5586 0.5586 
TS45 0.6745 0.6745 0.6745 0.6745 0.6745 0.6745 0.6745 0.6745 0.6745 0.6745 0.6745 0.6745 0.6745 0.6745 0.6745 0.6745 0.6745 0.6745 0.6745 0.6745 0.6745 0.6745 0.6745 0.6745 0.6745 0.6745 0.6745 0.6745 0.6745 0.6745 0.6745 0.6745 
TS46 0.7486 0.7486 0.7486 0.7486 0.7486 0.7486 0.7486 0.7486 0.7486 0.7486 0.7486 0.7486 0.7486 0.7486 0.7486 0.7486 0.7486 0.7486 0.7486 0.7486 0.7486 0.7486 0.7486 0.7486 0.7486 0.7486 0.7486 0.7486 0.7486 0.7486 0.7486 0.7486 
TS47 0.8008 0.8008 0.8008 0.8008 0.8008 0.8008 0.8008 0.8008 0.8008 0.8008 0.8008 0.8008 0.8008 0.8008 0.8008 0.8008 0.8008 0.8008 0.8008 0.8008 0.8008 0.8008 0.8008 0.8008 0.8008 0.8008 0.8008 0.8008 0.8008 0.8008 0.8008 0.8008 
TS48 0.7879 0.7879 0.7879 0.7879 0.7879 0.7879 0.7879 0.7879 0.7879 0.7879 0.7879 0.7879 0.7879 0.7879 0.7879 0.7879 0.7879 0.7879 0.7879 0.7879 0.7879 0.7879 0.7879 0.7879 0.7879 0.7879 0.7879 0.7879 0.7879 0.7879 0.7879 0.7879 
[RE1,PWRWND007,*,*]:
2019 2020 2021 2022 2023 2024 2025 2026 2027 2028 2029 2030 2031 2032 2033 2034 2035 2036 2037 2038 2039 2040 2041 2042 2043 2044 2045 2046 2047 2048 2049 2050 :=
TS01 0.3045 0.3045 0.3045 0.3045 0.3045 0.3045 0.3045 0.3045 0.3045 0.3045 0.3045 0.3045 0.3045 0.3045 0.3045 0.3045 0.3045 0.3045 0.3045 0.3045 0.3045 0.3045 0.3045 0.3045 0.3045 0.3045 0.3045 0.3045 0.3045 0.3045 0.3045 0.3045 
TS02 0.3701 0.3701 0.3701 0.3701 0.3701 0.3701 0.3701 0.3701 0.3701 0.3701 0.3701 0.3701 0.3701 0.3701 0.3701 0.3701 0.3701 0.3701 0.3701 0.3701 0.3701 0.3701 0.3701 0.3701 0.3701 0.3701 0.3701 0.3701 0.3701 0.3701 0.3701 0.3701 
TS03 0.289 0.289 0.289 0.289 0.289 0.289 0.289 0.289 0.289 0.289 0.289 0.289 0.289 0.289 0.289 0.289 0.289 0.289 0.289 0.289 0.289 0.289 0.289 0.289 0.289 0.289 0.289 0.289 0.289 0.289 0.289 0.289 
TS04 0.2595 0.2595 0.2595 0.2595 0.2595 0.2595 0.2595 0.2595 0.2595 0.2595 0.2595 0.2595 0.2595 0.2595 0.2595 0.2595 0.2595 0.2595 0.2595 0.2595 0.2595 0.2595 0.2595 0.2595 0.2595 0.2595 0.2595 0.2595 0.2595 0.2595 0.2595 0.2595 
TS05 0.3333 0.3333 0.3333 0.3333 0.3333 0.3333 0.3333 0.3333 0.3333 0.3333 0.3333 0.3333 0.3333 0.3333 0.3333 0.3333 0.3333 0.3333 0.3333 0.3333 0.3333 0.3333 0.3333 0.3333 0.3333 0.3333 0.3333 0.3333 0.3333 0.3333 0.3333 0.3333 
TS06 0.2953 0.2953 0.2953 0.2953 0.2953 0.2953 0.2953 0.2953 0.2953 0.2953 0.2953 0.2953 0.2953 0.2953 0.2953 0.2953 0.2953 0.2953 0.2953 0.2953 0.2953 0.2953 0.2953 0.2953 0.2953 0.2953 0.2953 0.2953 0.2953 0.2953 0.2953 0.2953 
TS07 0.302 0.302 0.302 0.302 0.302 0.302 0.302 0.302 0.302 0.302 0.302 0.302 0.302 0.302 0.302 0.302 0.302 0.302 0.302 0.302 0.302 0.302 0.302 0.302 0.302 0.302 0.302 0.302 0.302 0.302 0.302 0.302 
TS08 0.3655 0.3655 0.3655 0.3655 0.3655 0.3655 0.3655 0.3655 0.3655 0.3655 0.3655 0.3655 0.3655 0.3655 0.3655 0.3655 0.3655 0.3655 0.3655 0.3655 0.3655 0.3655 0.3655 0.3655 0.3655 0.3655 0.3655 0.3655 0.3655 0.3655 0.3655 0.3655 
TS09 0.2836 0.2836 0.2836 0.2836 0.2836 0.2836 0.2836 0.2836 0.2836 0.2836 0.2836 0.2836 0.2836 0.2836 0.2836 0.2836 0.2836 0.2836 0.2836 0.2836 0.2836 0.2836 0.2836 0.2836 0.2836 0.2836 0.2836 0.2836 0.2836 0.2836 0.2836 0.2836 
TS10 0.2665 0.2665 0.2665 0.2665 0.2665 0.2665 0.2665 0.2665 0.2665 0.2665 0.2665 0.2665 0.2665 0.2665 0.2665 0.2665 0.2665 0.2665 0.2665 0.2665 0.2665 0.2665 0.2665 0.2665 0.2665 0.2665 0.2665 0.2665 0.2665 0.2665 0.2665 0.2665 
TS11 0.3333 0.3333 0.3333 0.3333 0.3333 0.3333 0.3333 0.3333 0.3333 0.3333 0.3333 0.3333 0.3333 0.3333 0.3333 0.3333 0.3333 0.3333 0.3333 0.3333 0.3333 0.3333 0.3333 0.3333 0.3333 0.3333 0.3333 0.3333 0.3333 0.3333 0.3333 0.3333 
TS12 0.2661 0.2661 0.2661 0.2661 0.2661 0.2661 0.2661 0.2661 0.2661 0.2661 0.2661 0.2661 0.2661 0.2661 0.2661 0.2661 0.2661 0.2661 0.2661 0.2661 0.2661 0.2661 0.2661 0.2661 0.2661 0.2661 0.2661 0.2661 0.2661 0.2661 0.2661 0.2661 
TS13 0.3901 0.3901 0.3901 0.3901 0.3901 0.3901 0.3901 0.3901 0.3901 0.3901 0.3901 0.3901 0.3901 0.3901 0.3901 0.3901 0.3901 0.3901 0.3901 0.3901 0.3901 0.3901 0.3901 0.3901 0.3901 0.3901 0.3901 0.3901 0.3901 0.3901 0.3901 0.3901 
TS14 0.3588 0.3588 0.3588 0.3588 0.3588 0.3588 0.3588 0.3588 0.3588 0.3588 0.3588 0.3588 0.3588 0.3588 0.3588 0.3588 0.3588 0.3588 0.3588 0.3588 0.3588 0.3588 0.3588 0.3588 0.3588 0.3588 0.3588 0.3588 0.3588 0.3588 0.3588 0.3588 
TS15 0.4243 0.4243 0.4243 0.4243 0.4243 0.4243 0.4243 0.4243 0.4243 0.4243 0.4243 0.4243 0.4243 0.4243 0.4243 0.4243 0.4243 0.4243 0.4243 0.4243 0.4243 0.4243 0.4243 0.4243 0.4243 0.4243 0.4243 0.4243 0.4243 0.4243 0.4243 0.4243 
TS16 0.384 0.384 0.384 0.384 0.384 0.384 0.384 0.384 0.384 0.384 0.384 0.384 0.384 0.384 0.384 0.384 0.384 0.384 0.384 0.384 0.384 0.384 0.384 0.384 0.384 0.384 0.384 0.384 0.384 0.384 0.384 0.384 
TS17 0.3969 0.3969 0.3969 0.3969 0.3969 0.3969 0.3969 0.3969 0.3969 0.3969 0.3969 0.3969 0.3969 0.3969 0.3969 0.3969 0.3969 0.3969 0.3969 0.3969 0.3969 0.3969 0.3969 0.3969 0.3969 0.3969 0.3969 0.3969 0.3969 0.3969 0.3969 0.3969 
TS18 0.4169 0.4169 0.4169 0.4169 0.4169 0.4169 0.4169 0.4169 0.4169 0.4169 0.4169 0.4169 0.4169 0.4169 0.4169 0.4169 0.4169 0.4169 0.4169 0.4169 0.4169 0.4169 0.4169 0.4169 0.4169 0.4169 0.4169 0.4169 0.4169 0.4169 0.4169 0.4169 
TS19 0.4199 0.4199 0.4199 0.4199 0.4199 0.4199 0.4199 0.4199 0.4199 0.4199 0.4199 0.4199 0.4199 0.4199 0.4199 0.4199 0.4199 0.4199 0.4199 0.4199 0.4199 0.4199 0.4199 0.4199 0.4199 0.4199 0.4199 0.4199 0.4199 0.4199 0.4199 0.4199 
TS20 0.3748 0.3748 0.3748 0.3748 0.3748 0.3748 0.3748 0.3748 0.3748 0.3748 0.3748 0.3748 0.3748 0.3748 0.3748 0.3748 0.3748 0.3748 0.3748 0.3748 0.3748 0.3748 0.3748 0.3748 0.3748 0.3748 0.3748 0.3748 0.3748 0.3748 0.3748 0.3748 
TS21 0.4644 0.4644 0.4644 0.4644 0.4644 0.4644 0.4644 0.4644 0.4644 0.4644 0.4644 0.4644 0.4644 0.4644 0.4644 0.4644 0.4644 0.4644 0.4644 0.4644 0.4644 0.4644 0.4644 0.4644 0.4644 0.4644 0.4644 0.4644 0.4644 0.4644 0.4644 0.4644 
TS22 0.4034 0.4034 0.4034 0.4034 0.4034 0.4034 0.4034 0.4034 0.4034 0.4034 0.4034 0.4034 0.4034 0.4034 0.4034 0.4034 0.4034 0.4034 0.4034 0.4034 0.4034 0.4034 0.4034 0.4034 0.4034 0.4034 0.4034 0.4034 0.4034 0.4034 0.4034 0.4034 
TS23 0.3968 0.3968 0.3968 0.3968 0.3968 0.3968 0.3968 0.3968 0.3968 0.3968 0.3968 0.3968 0.3968 0.3968 0.3968 0.3968 0.3968 0.3968 0.3968 0.3968 0.3968 0.3968 0.3968 0.3968 0.3968 0.3968 0.3968 0.3968 0.3968 0.3968 0.3968 0.3968 
TS24 0.4434 0.4434 0.4434 0.4434 0.4434 0.4434 0.4434 0.4434 0.4434 0.4434 0.4434 0.4434 0.4434 0.4434 0.4434 0.4434 0.4434 0.4434 0.4434 0.4434 0.4434 0.4434 0.4434 0.4434 0.4434 0.4434 0.4434 0.4434 0.4434 0.4434 0.4434 0.4434 
TS25 0.754 0.754 0.754 0.754 0.754 0.754 0.754 0.754 0.754 0.754 0.754 0.754 0.754 0.754 0.754 0.754 0.754 0.754 0.754 0.754 0.754 0.754 0.754 0.754 0.754 0.754 0.754 0.754 0.754 0.754 0.754 0.754 
TS26 0.7276 0.7276 0.7276 0.7276 0.7276 0.7276 0.7276 0.7276 0.7276 0.7276 0.7276 0.7276 0.7276 0.7276 0.7276 0.7276 0.7276 0.7276 0.7276 0.7276 0.7276 0.7276 0.7276 0.7276 0.7276 0.7276 0.7276 0.7276 0.7276 0.7276 0.7276 0.7276 
TS27 0.746 0.746 0.746 0.746 0.746 0.746 0.746 0.746 0.746 0.746 0.746 0.746 0.746 0.746 0.746 0.746 0.746 0.746 0.746 0.746 0.746 0.746 0.746 0.746 0.746 0.746 0.746 0.746 0.746 0.746 0.746 0.746 
TS28 0.7071 0.7071 0.7071 0.7071 0.7071 0.7071 0.7071 0.7071 0.7071 0.7071 0.7071 0.7071 0.7071 0.7071 0.7071 0.7071 0.7071 0.7071 0.7071 0.7071 0.7071 0.7071 0.7071 0.7071 0.7071 0.7071 0.7071 0.7071 0.7071 0.7071 0.7071 0.7071 
TS29 0.728 0.728 0.728 0.728 0.728 0.728 0.728 0.728 0.728 0.728 0.728 0.728 0.728 0.728 0.728 0.728 0.728 0.728 0.728 0.728 0.728 0.728 0.728 0.728 0.728 0.728 0.728 0.728 0.728 0.728 0.728 0.728 
TS30 0.7463 0.7463 0.7463 0.7463 0.7463 0.7463 0.7463 0.7463 0.7463 0.7463 0.7463 0.7463 0.7463 0.7463 0.7463 0.7463 0.7463 0.7463 0.7463 0.7463 0.7463 0.7463 0.7463 0.7463 0.7463 0.7463 0.7463 0.7463 0.7463 0.7463 0.7463 0.7463 
TS31 0.7607 0.7607 0.7607 0.7607 0.7607 0.7607 0.7607 0.7607 0.7607 0.7607 0.7607 0.7607 0.7607 0.7607 0.7607 0.7607 0.7607 0.7607 0.7607 0.7607 0.7607 0.7607 0.7607 0.7607 0.7607 0.7607 0.7607 0.7607 0.7607 0.7607 0.7607 0.7607 
TS32 0.7323 0.7323 0.7323 0.7323 0.7323 0.7323 0.7323 0.7323 0.7323 0.7323 0.7323 0.7323 0.7323 0.7323 0.7323 0.7323 0.7323 0.7323 0.7323 0.7323 0.7323 0.7323 0.7323 0.7323 0.7323 0.7323 0.7323 0.7323 0.7323 0.7323 0.7323 0.7323 
TS33 0.7609 0.7609 0.7609 0.7609 0.7609 0.7609 0.7609 0.7609 0.7609 0.7609 0.7609 0.7609 0.7609 0.7609 0.7609 0.7609 0.7609 0.7609 0.7609 0.7609 0.7609 0.7609 0.7609 0.7609 0.7609 0.7609 0.7609 0.7609 0.7609 0.7609 0.7609 0.7609 
TS34 0.7302 0.7302 0.7302 0.7302 0.7302 0.7302 0.7302 0.7302 0.7302 0.7302 0.7302 0.7302 0.7302 0.7302 0.7302 0.7302 0.7302 0.7302 0.7302 0.7302 0.7302 0.7302 0.7302 0.7302 0.7302 0.7302 0.7302 0.7302 0.7302 0.7302 0.7302 0.7302 
TS35 0.7478 0.7478 0.7478 0.7478 0.7478 0.7478 0.7478 0.7478 0.7478 0.7478 0.7478 0.7478 0.7478 0.7478 0.7478 0.7478 0.7478 0.7478 0.7478 0.7478 0.7478 0.7478 0.7478 0.7478 0.7478 0.7478 0.7478 0.7478 0.7478 0.7478 0.7478 0.7478 
TS36 0.7607 0.7607 0.7607 0.7607 0.7607 0.7607 0.7607 0.7607 0.7607 0.7607 0.7607 0.7607 0.7607 0.7607 0.7607 0.7607 0.7607 0.7607 0.7607 0.7607 0.7607 0.7607 0.7607 0.7607 0.7607 0.7607 0.7607 0.7607 0.7607 0.7607 0.7607 0.7607 
TS37 0.3902 0.3902 0.3902 0.3902 0.3902 0.3902 0.3902 0.3902 0.3902 0.3902 0.3902 0.3902 0.3902 0.3902 0.3902 0.3902 0.3902 0.3902 0.3902 0.3902 0.3902 0.3902 0.3902 0.3902 0.3902 0.3902 0.3902 0.3902 0.3902 0.3902 0.3902 0.3902 
TS38 0.3918 0.3918 0.3918 0.3918 0.3918 0.3918 0.3918 0.3918 0.3918 0.3918 0.3918 0.3918 0.3918 0.3918 0.3918 0.3918 0.3918 0.3918 0.3918 0.3918 0.3918 0.3918 0.3918 0.3918 0.3918 0.3918 0.3918 0.3918 0.3918 0.3918 0.3918 0.3918 
TS39 0.3818 0.3818 0.3818 0.3818 0.3818 0.3818 0.3818 0.3818 0.3818 0.3818 0.3818 0.3818 0.3818 0.3818 0.3818 0.3818 0.3818 0.3818 0.3818 0.3818 0.3818 0.3818 0.3818 0.3818 0.3818 0.3818 0.3818 0.3818 0.3818 0.3818 0.3818 0.3818 
TS40 0.3793 0.3793 0.3793 0.3793 0.3793 0.3793 0.3793 0.3793 0.3793 0.3793 0.3793 0.3793 0.3793 0.3793 0.3793 0.3793 0.3793 0.3793 0.3793 0.3793 0.3793 0.3793 0.3793 0.3793 0.3793 0.3793 0.3793 0.3793 0.3793 0.3793 0.3793 0.3793 
TS41 0.3809 0.3809 0.3809 0.3809 0.3809 0.3809 0.3809 0.3809 0.3809 0.3809 0.3809 0.3809 0.3809 0.3809 0.3809 0.3809 0.3809 0.3809 0.3809 0.3809 0.3809 0.3809 0.3809 0.3809 0.3809 0.3809 0.3809 0.3809 0.3809 0.3809 0.3809 0.3809 
TS42 0.3777 0.3777 0.3777 0.3777 0.3777 0.3777 0.3777 0.3777 0.3777 0.3777 0.3777 0.3777 0.3777 0.3777 0.3777 0.3777 0.3777 0.3777 0.3777 0.3777 0.3777 0.3777 0.3777 0.3777 0.3777 0.3777 0.3777 0.3777 0.3777 0.3777 0.3777 0.3777 
TS43 0.3947 0.3947 0.3947 0.3947 0.3947 0.3947 0.3947 0.3947 0.3947 0.3947 0.3947 0.3947 0.3947 0.3947 0.3947 0.3947 0.3947 0.3947 0.3947 0.3947 0.3947 0.3947 0.3947 0.3947 0.3947 0.3947 0.3947 0.3947 0.3947 0.3947 0.3947 0.3947 
TS44 0.4301 0.4301 0.4301 0.4301 0.4301 0.4301 0.4301 0.4301 0.4301 0.4301 0.4301 0.4301 0.4301 0.4301 0.4301 0.4301 0.4301 0.4301 0.4301 0.4301 0.4301 0.4301 0.4301 0.4301 0.4301 0.4301 0.4301 0.4301 0.4301 0.4301 0.4301 0.4301 
TS45 0.3909 0.3909 0.3909 0.3909 0.3909 0.3909 0.3909 0.3909 0.3909 0.3909 0.3909 0.3909 0.3909 0.3909 0.3909 0.3909 0.3909 0.3909 0.3909 0.3909 0.3909 0.3909 0.3909 0.3909 0.3909 0.3909 0.3909 0.3909 0.3909 0.3909 0.3909 0.3909 
TS46 0.3841 0.3841 0.3841 0.3841 0.3841 0.3841 0.3841 0.3841 0.3841 0.3841 0.3841 0.3841 0.3841 0.3841 0.3841 0.3841 0.3841 0.3841 0.3841 0.3841 0.3841 0.3841 0.3841 0.3841 0.3841 0.3841 0.3841 0.3841 0.3841 0.3841 0.3841 0.3841 
TS47 0.3879 0.3879 0.3879 0.3879 0.3879 0.3879 0.3879 0.3879 0.3879 0.3879 0.3879 0.3879 0.3879 0.3879 0.3879 0.3879 0.3879 0.3879 0.3879 0.3879 0.3879 0.3879 0.3879 0.3879 0.3879 0.3879 0.3879 0.3879 0.3879 0.3879 0.3879 0.3879 
TS48 0.3708 0.3708 0.3708 0.3708 0.3708 0.3708 0.3708 0.3708 0.3708 0.3708 0.3708 0.3708 0.3708 0.3708 0.3708 0.3708 0.3708 0.3708 0.3708 0.3708 0.3708 0.3708 0.3708 0.3708 0.3708 0.3708 0.3708 0.3708 0.3708 0.3708 0.3708 0.3708 
[RE1,PWRWND008,*,*]:
2019 2020 2021 2022 2023 2024 2025 2026 2027 2028 2029 2030 2031 2032 2033 2034 2035 2036 2037 2038 2039 2040 2041 2042 2043 2044 2045 2046 2047 2048 2049 2050 :=
TS01 0.4448 0.4448 0.4448 0.4448 0.4448 0.4448 0.4448 0.4448 0.4448 0.4448 0.4448 0.4448 0.4448 0.4448 0.4448 0.4448 0.4448 0.4448 0.4448 0.4448 0.4448 0.4448 0.4448 0.4448 0.4448 0.4448 0.4448 0.4448 0.4448 0.4448 0.4448 0.4448 
TS02 0.2701 0.2701 0.2701 0.2701 0.2701 0.2701 0.2701 0.2701 0.2701 0.2701 0.2701 0.2701 0.2701 0.2701 0.2701 0.2701 0.2701 0.2701 0.2701 0.2701 0.2701 0.2701 0.2701 0.2701 0.2701 0.2701 0.2701 0.2701 0.2701 0.2701 0.2701 0.2701 
TS03 0.4221 0.4221 0.4221 0.4221 0.4221 0.4221 0.4221 0.4221 0.4221 0.4221 0.4221 0.4221 0.4221 0.4221 0.4221 0.4221 0.4221 0.4221 0.4221 0.4221 0.4221 0.4221 0.4221 0.4221 0.4221 0.4221 0.4221 0.4221 0.4221 0.4221 0.4221 0.4221 
TS04 0.5878 0.5878 0.5878 0.5878 0.5878 0.5878 0.5878 0.5878 0.5878 0.5878 0.5878 0.5878 0.5878 0.5878 0.5878 0.5878 0.5878 0.5878 0.5878 0.5878 0.5878 0.5878 0.5878 0.5878 0.5878 0.5878 0.5878 0.5878 0.5878 0.5878 0.5878 0.5878 
TS05 0.621 0.621 0.621 0.621 0.621 0.621 0.621 0.621 0.621 0.621 0.621 0.621 0.621 0.621 0.621 0.621 0.621 0.621 0.621 0.621 0.621 0.621 0.621 0.621 0.621 0.621 0.621 0.621 0.621 0.621 0.621 0.621 
TS06 0.5958 0.5958 0.5958 0.5958 0.5958 0.5958 0.5958 0.5958 0.5958 0.5958 0.5958 0.5958 0.5958 0.5958 0.5958 0.5958 0.5958 0.5958 0.5958 0.5958 0.5958 0.5958 0.5958 0.5958 0.5958 0.5958 0.5958 0.5958 0.5958 0.5958 0.5958 0.5958 
TS07 0.4215 0.4215 0.4215 0.4215 0.4215 0.4215 0.4215 0.4215 0.4215 0.4215 0.4215 0.4215 0.4215 0.4215 0.4215 0.4215 0.4215 0.4215 0.4215 0.4215 0.4215 0.4215 0.4215 0.4215 0.4215 0.4215 0.4215 0.4215 0.4215 0.4215 0.4215 0.4215 
TS08 0.2657 0.2657 0.2657 0.2657 0.2657 0.2657 0.2657 0.2657 0.2657 0.2657 0.2657 0.2657 0.2657 0.2657 0.2657 0.2657 0.2657 0.2657 0.2657 0.2657 0.2657 0.2657 0.2657 0.2657 0.2657 0.2657 0.2657 0.2657 0.2657 0.2657 0.2657 0.2657 
TS09 0.4836 0.4836 0.4836 0.4836 0.4836 0.4836 0.4836 0.4836 0.4836 0.4836 0.4836 0.4836 0.4836 0.4836 0.4836 0.4836 0.4836 0.4836 0.4836 0.4836 0.4836 0.4836 0.4836 0.4836 0.4836 0.4836 0.4836 0.4836 0.4836 0.4836 0.4836 0.4836 
TS10 0.6193 0.6193 0.6193 0.6193 0.6193 0.6193 0.6193 0.6193 0.6193 0.6193 0.6193 0.6193 0.6193 0.6193 0.6193 0.6193 0.6193 0.6193 0.6193 0.6193 0.6193 0.6193 0.6193 0.6193 0.6193 0.6193 0.6193 0.6193 0.6193 0.6193 0.6193 0.6193 
TS11 0.6577 0.6577 0.6577 0.6577 0.6577 0.6577 0.6577 0.6577 0.6577 0.6577 0.6577 0.6577 0.6577 0.6577 0.6577 0.6577 0.6577 0.6577 0.6577 0.6577 0.6577 0.6577 0.6577 0.6577 0.6577 0.6577 0.6577 0.6577 0.6577 0.6577 0.6577 0.6577 
TS12 0.6111 0.6111 0.6111 0.6111 0.6111 0.6111 0.6111 0.6111 0.6111 0.6111 0.6111 0.6111 0.6111 0.6111 0.6111 0.6111 0.6111 0.6111 0.6111 0.6111 0.6111 0.6111 0.6111 0.6111 0.6111 0.6111 0.6111 0.6111 0.6111 0.6111 0.6111 0.6111 
TS13 0.154 0.154 0.154 0.154 0.154 0.154 0.154 0.154 0.154 0.154 0.154 0.154 0.154 0.154 0.154 0.154 0.154 0.154 0.154 0.154 0.154 0.154 0.154 0.154 0.154 0.154 0.154 0.154 0.154 0.154 0.154 0.154 
TS14 0.1043 0.1043 0.1043 0.1043 0.1043 0.1043 0.1043 0.1043 0.1043 0.1043 0.1043 0.1043 0.1043 0.1043 0.1043 0.1043 0.1043 0.1043 0.1043 0.1043 0.1043 0.1043 0.1043 0.1043 0.1043 0.1043 0.1043 0.1043 0.1043 0.1043 0.1043 0.1043 
TS15 0.4191 0.4191 0.4191 0.4191 0.4191 0.4191 0.4191 0.4191 0.4191 0.4191 0.4191 0.4191 0.4191 0.4191 0.4191 0.4191 0.4191 0.4191 0.4191 0.4191 0.4191 0.4191 0.4191 0.4191 0.4191 0.4191 0.4191 0.4191 0.4191 0.4191 0.4191 0.4191 
TS16 0.4323 0.4323 0.4323 0.4323 0.4323 0.4323 0.4323 0.4323 0.4323 0.4323 0.4323 0.4323 0.4323 0.4323 0.4323 0.4323 0.4323 0.4323 0.4323 0.4323 0.4323 0.4323 0.4323 0.4323 0.4323 0.4323 0.4323 0.4323 0.4323 0.4323 0.4323 0.4323 
TS17 0.2985 0.2985 0.2985 0.2985 0.2985 0.2985 0.2985 0.2985 0.2985 0.2985 0.2985 0.2985 0.2985 0.2985 0.2985 0.2985 0.2985 0.2985 0.2985 0.2985 0.2985 0.2985 0.2985 0.2985 0.2985 0.2985 0.2985 0.2985 0.2985 0.2985 0.2985 0.2985 
TS18 0.2516 0.2516 0.2516 0.2516 0.2516 0.2516 0.2516 0.2516 0.2516 0.2516 0.2516 0.2516 0.2516 0.2516 0.2516 0.2516 0.2516 0.2516 0.2516 0.2516 0.2516 0.2516 0.2516 0.2516 0.2516 0.2516 0.2516 0.2516 0.2516 0.2516 0.2516 0.2516 
TS19 0.1327 0.1327 0.1327 0.1327 0.1327 0.1327 0.1327 0.1327 0.1327 0.1327 0.1327 0.1327 0.1327 0.1327 0.1327 0.1327 0.1327 0.1327 0.1327 0.1327 0.1327 0.1327 0.1327 0.1327 0.1327 0.1327 0.1327 0.1327 0.1327 0.1327 0.1327 0.1327 
TS20 0.0945 0.0945 0.0945 0.0945 0.0945 0.0945 0.0945 0.0945 0.0945 0.0945 0.0945 0.0945 0.0945 0.0945 0.0945 0.0945 0.0945 0.0945 0.0945 0.0945 0.0945 0.0945 0.0945 0.0945 0.0945 0.0945 0.0945 0.0945 0.0945 0.0945 0.0945 0.0945 
TS21 0.4437 0.4437 0.4437 0.4437 0.4437 0.4437 0.4437 0.4437 0.4437 0.4437 0.4437 0.4437 0.4437 0.4437 0.4437 0.4437 0.4437 0.4437 0.4437 0.4437 0.4437 0.4437 0.4437 0.4437 0.4437 0.4437 0.4437 0.4437 0.4437 0.4437 0.4437 0.4437 
TS22 0.4498 0.4498 0.4498 0.4498 0.4498 0.4498 0.4498 0.4498 0.4498 0.4498 0.4498 0.4498 0.4498 0.4498 0.4498 0.4498 0.4498 0.4498 0.4498 0.4498 0.4498 0.4498 0.4498 0.4498 0.4498 0.4498 0.4498 0.4498 0.4498 0.4498 0.4498 0.4498 
TS23 0.2972 0.2972 0.2972 0.2972 0.2972 0.2972 0.2972 0.2972 0.2972 0.2972 0.2972 0.2972 0.2972 0.2972 0.2972 0.2972 0.2972 0.2972 0.2972 0.2972 0.2972 0.2972 0.2972 0.2972 0.2972 0.2972 0.2972 0.2972 0.2972 0.2972 0.2972 0.2972 
TS24 0.2828 0.2828 0.2828 0.2828 0.2828 0.2828 0.2828 0.2828 0.2828 0.2828 0.2828 0.2828 0.2828 0.2828 0.2828 0.2828 0.2828 0.2828 0.2828 0.2828 0.2828 0.2828 0.2828 0.2828 0.2828 0.2828 0.2828 0.2828 0.2828 0.2828 0.2828 0.2828 
TS25 0.4097 0.4097 0.4097 0.4097 0.4097 0.4097 0.4097 0.4097 0.4097 0.4097 0.4097 0.4097 0.4097 0.4097 0.4097 0.4097 0.4097 0.4097 0.4097 0.4097 0.4097 0.4097 0.4097 0.4097 0.4097 0.4097 0.4097 0.4097 0.4097 0.4097 0.4097 0.4097 
TS26 0.2611 0.2611 0.2611 0.2611 0.2611 0.2611 0.2611 0.2611 0.2611 0.2611 0.2611 0.2611 0.2611 0.2611 0.2611 0.2611 0.2611 0.2611 0.2611 0.2611 0.2611 0.2611 0.2611 0.2611 0.2611 0.2611 0.2611 0.2611 0.2611 0.2611 0.2611 0.2611 
TS27 0.4946 0.4946 0.4946 0.4946 0.4946 0.4946 0.4946 0.4946 0.4946 0.4946 0.4946 0.4946 0.4946 0.4946 0.4946 0.4946 0.4946 0.4946 0.4946 0.4946 0.4946 0.4946 0.4946 0.4946 0.4946 0.4946 0.4946 0.4946 0.4946 0.4946 0.4946 0.4946 
TS28 0.6182 0.6182 0.6182 0.6182 0.6182 0.6182 0.6182 0.6182 0.6182 0.6182 0.6182 0.6182 0.6182 0.6182 0.6182 0.6182 0.6182 0.6182 0.6182 0.6182 0.6182 0.6182 0.6182 0.6182 0.6182 0.6182 0.6182 0.6182 0.6182 0.6182 0.6182 0.6182 
TS29 0.5019 0.5019 0.5019 0.5019 0.5019 0.5019 0.5019 0.5019 0.5019 0.5019 0.5019 0.5019 0.5019 0.5019 0.5019 0.5019 0.5019 0.5019 0.5019 0.5019 0.5019 0.5019 0.5019 0.5019 0.5019 0.5019 0.5019 0.5019 0.5019 0.5019 0.5019 0.5019 
TS30 0.5168 0.5168 0.5168 0.5168 0.5168 0.5168 0.5168 0.5168 0.5168 0.5168 0.5168 0.5168 0.5168 0.5168 0.5168 0.5168 0.5168 0.5168 0.5168 0.5168 0.5168 0.5168 0.5168 0.5168 0.5168 0.5168 0.5168 0.5168 0.5168 0.5168 0.5168 0.5168 
TS31 0.3603 0.3603 0.3603 0.3603 0.3603 0.3603 0.3603 0.3603 0.3603 0.3603 0.3603 0.3603 0.3603 0.3603 0.3603 0.3603 0.3603 0.3603 0.3603 0.3603 0.3603 0.3603 0.3603 0.3603 0.3603 0.3603 0.3603 0.3603 0.3603 0.3603 0.3603 0.3603 
TS32 0.242 0.242 0.242 0.242 0.242 0.242 0.242 0.242 0.242 0.242 0.242 0.242 0.242 0.242 0.242 0.242 0.242 0.242 0.242 0.242 0.242 0.242 0.242 0.242 0.242 0.242 0.242 0.242 0.242 0.242 0.242 0.242 
TS33 0.4563 0.4563 0.4563 0.4563 0.4563 0.4563 0.4563 0.4563 0.4563 0.4563 0.4563 0.4563 0.4563 0.4563 0.4563 0.4563 0.4563 0.4563 0.4563 0.4563 0.4563 0.4563 0.4563 0.4563 0.4563 0.4563 0.4563 0.4563 0.4563 0.4563 0.4563 0.4563 
TS34 0.6164 0.6164 0.6164 0.6164 0.6164 0.6164 0.6164 0.6164 0.6164 0.6164 0.6164 0.6164 0.6164 0.6164 0.6164 0.6164 0.6164 0.6164 0.6164 0.6164 0.6164 0.6164 0.6164 0.6164 0.6164 0.6164 0.6164 0.6164 0.6164 0.6164 0.6164 0.6164 
TS35 0.5458 0.5458 0.5458 0.5458 0.5458 0.5458 0.5458 0.5458 0.5458 0.5458 0.5458 0.5458 0.5458 0.5458 0.5458 0.5458 0.5458 0.5458 0.5458 0.5458 0.5458 0.5458 0.5458 0.5458 0.5458 0.5458 0.5458 0.5458 0.5458 0.5458 0.5458 0.5458 
TS36 0.6038 0.6038 0.6038 0.6038 0.6038 0.6038 0.6038 0.6038 0.6038 0.6038 0.6038 0.6038 0.6038 0.6038 0.6038 0.6038 0.6038 0.6038 0.6038 0.6038 0.6038 0.6038 0.6038 0.6038 0.6038 0.6038 0.6038 0.6038 0.6038 0.6038 0.6038 0.6038 
TS37 0.4931 0.4931 0.4931 0.4931 0.4931 0.4931 0.4931 0.4931 0.4931 0.4931 0.4931 0.4931 0.4931 0.4931 0.4931 0.4931 0.4931 0.4931 0.4931 0.4931 0.4931 0.4931 0.4931 0.4931 0.4931 0.4931 0.4931 0.4931 0.4931 0.4931 0.4931 0.4931 
TS38 0.3993 0.3993 0.3993 0.3993 0.3993 0.3993 0.3993 0.3993 0.3993 0.3993 0.3993 0.3993 0.3993 0.3993 0.3993 0.3993 0.3993 0.3993 0.3993 0.3993 0.3993 0.3993 0.3993 0.3993 0.3993 0.3993 0.3993 0.3993 0.3993 0.3993 0.3993 0.3993 
TS39 0.6518 0.6518 0.6518 0.6518 0.6518 0.6518 0.6518 0.6518 0.6518 0.6518 0.6518 0.6518 0.6518 0.6518 0.6518 0.6518 0.6518 0.6518 0.6518 0.6518 0.6518 0.6518 0.6518 0.6518 0.6518 0.6518 0.6518 0.6518 0.6518 0.6518 0.6518 0.6518 
TS40 0.7503 0.7503 0.7503 0.7503 0.7503 0.7503 0.7503 0.7503 0.7503 0.7503 0.7503 0.7503 0.7503 0.7503 0.7503 0.7503 0.7503 0.7503 0.7503 0.7503 0.7503 0.7503 0.7503 0.7503 0.7503 0.7503 0.7503 0.7503 0.7503 0.7503 0.7503 0.7503 
TS41 0.7412 0.7412 0.7412 0.7412 0.7412 0.7412 0.7412 0.7412 0.7412 0.7412 0.7412 0.7412 0.7412 0.7412 0.7412 0.7412 0.7412 0.7412 0.7412 0.7412 0.7412 0.7412 0.7412 0.7412 0.7412 0.7412 0.7412 0.7412 0.7412 0.7412 0.7412 0.7412 
TS42 0.7153 0.7153 0.7153 0.7153 0.7153 0.7153 0.7153 0.7153 0.7153 0.7153 0.7153 0.7153 0.7153 0.7153 0.7153 0.7153 0.7153 0.7153 0.7153 0.7153 0.7153 0.7153 0.7153 0.7153 0.7153 0.7153 0.7153 0.7153 0.7153 0.7153 0.7153 0.7153 
TS43 0.4977 0.4977 0.4977 0.4977 0.4977 0.4977 0.4977 0.4977 0.4977 0.4977 0.4977 0.4977 0.4977 0.4977 0.4977 0.4977 0.4977 0.4977 0.4977 0.4977 0.4977 0.4977 0.4977 0.4977 0.4977 0.4977 0.4977 0.4977 0.4977 0.4977 0.4977 0.4977 
TS44 0.4244 0.4244 0.4244 0.4244 0.4244 0.4244 0.4244 0.4244 0.4244 0.4244 0.4244 0.4244 0.4244 0.4244 0.4244 0.4244 0.4244 0.4244 0.4244 0.4244 0.4244 0.4244 0.4244 0.4244 0.4244 0.4244 0.4244 0.4244 0.4244 0.4244 0.4244 0.4244 
TS45 0.6859 0.6859 0.6859 0.6859 0.6859 0.6859 0.6859 0.6859 0.6859 0.6859 0.6859 0.6859 0.6859 0.6859 0.6859 0.6859 0.6859 0.6859 0.6859 0.6859 0.6859 0.6859 0.6859 0.6859 0.6859 0.6859 0.6859 0.6859 0.6859 0.6859 0.6859 0.6859 
TS46 0.7921 0.7921 0.7921 0.7921 0.7921 0.7921 0.7921 0.7921 0.7921 0.7921 0.7921 0.7921 0.7921 0.7921 0.7921 0.7921 0.7921 0.7921 0.7921 0.7921 0.7921 0.7921 0.7921 0.7921 0.7921 0.7921 0.7921 0.7921 0.7921 0.7921 0.7921 0.7921 
TS47 0.8121 0.8121 0.8121 0.8121 0.8121 0.8121 0.8121 0.8121 0.8121 0.8121 0.8121 0.8121 0.8121 0.8121 0.8121 0.8121 0.8121 0.8121 0.8121 0.8121 0.8121 0.8121 0.8121 0.8121 0.8121 0.8121 0.8121 0.8121 0.8121 0.8121 0.8121 0.8121 
TS48 0.7811 0.7811 0.7811 0.7811 0.7811 0.7811 0.7811 0.7811 0.7811 0.7811 0.7811 0.7811 0.7811 0.7811 0.7811 0.7811 0.7811 0.7811 0.7811 0.7811 0.7811 0.7811 0.7811 0.7811 0.7811 0.7811 0.7811 0.7811 0.7811 0.7811 0.7811 0.7811 
[RE1,PWRWND009,*,*]:
2019 2020 2021 2022 2023 2024 2025 2026 2027 2028 2029 2030 2031 2032 2033 2034 2035 2036 2037 2038 2039 2040 2041 2042 2043 2044 2045 2046 2047 2048 2049 2050 :=
TS01 0.4904 0.4904 0.4904 0.4904 0.4904 0.4904 0.4904 0.4904 0.4904 0.4904 0.4904 0.4904 0.4904 0.4904 0.4904 0.4904 0.4904 0.4904 0.4904 0.4904 0.4904 0.4904 0.4904 0.4904 0.4904 0.4904 0.4904 0.4904 0.4904 0.4904 0.4904 0.4904 
TS02 0.438 0.438 0.438 0.438 0.438 0.438 0.438 0.438 0.438 0.438 0.438 0.438 0.438 0.438 0.438 0.438 0.438 0.438 0.438 0.438 0.438 0.438 0.438 0.438 0.438 0.438 0.438 0.438 0.438 0.438 0.438 0.438 
TS03 0.548 0.548 0.548 0.548 0.548 0.548 0.548 0.548 0.548 0.548 0.548 0.548 0.548 0.548 0.548 0.548 0.548 0.548 0.548 0.548 0.548 0.548 0.548 0.548 0.548 0.548 0.548 0.548 0.548 0.548 0.548 0.548 
TS04 0.5573 0.5573 0.5573 0.5573 0.5573 0.5573 0.5573 0.5573 0.5573 0.5573 0.5573 0.5573 0.5573 0.5573 0.5573 0.5573 0.5573 0.5573 0.5573 0.5573 0.5573 0.5573 0.5573 0.5573 0.5573 0.5573 0.5573 0.5573 0.5573 0.5573 0.5573 0.5573 
TS05 0.5756 0.5756 0.5756 0.5756 0.5756 0.5756 0.5756 0.5756 0.5756 0.5756 0.5756 0.5756 0.5756 0.5756 0.5756 0.5756 0.5756 0.5756 0.5756 0.5756 0.5756 0.5756 0.5756 0.5756 0.5756 0.5756 0.5756 0.5756 0.5756 0.5756 0.5756 0.5756 
TS06 0.5498 0.5498 0.5498 0.5498 0.5498 0.5498 0.5498 0.5498 0.5498 0.5498 0.5498 0.5498 0.5498 0.5498 0.5498 0.5498 0.5498 0.5498 0.5498 0.5498 0.5498 0.5498 0.5498 0.5498 0.5498 0.5498 0.5498 0.5498 0.5498 0.5498 0.5498 0.5498 
TS07 0.4718 0.4718 0.4718 0.4718 0.4718 0.4718 0.4718 0.4718 0.4718 0.4718 0.4718 0.4718 0.4718 0.4718 0.4718 0.4718 0.4718 0.4718 0.4718 0.4718 0.4718 0.4718 0.4718 0.4718 0.4718 0.4718 0.4718 0.4718 0.4718 0.4718 0.4718 0.4718 
TS08 0.4206 0.4206 0.4206 0.4206 0.4206 0.4206 0.4206 0.4206 0.4206 0.4206 0.4206 0.4206 0.4206 0.4206 0.4206 0.4206 0.4206 0.4206 0.4206 0.4206 0.4206 0.4206 0.4206 0.4206 0.4206 0.4206 0.4206 0.4206 0.4206 0.4206 0.4206 0.4206 
TS09 0.5456 0.5456 0.5456 0.5456 0.5456 0.5456 0.5456 0.5456 0.5456 0.5456 0.5456 0.5456 0.5456 0.5456 0.5456 0.5456 0.5456 0.5456 0.5456 0.5456 0.5456 0.5456 0.5456 0.5456 0.5456 0.5456 0.5456 0.5456 0.5456 0.5456 0.5456 0.5456 
TS10 0.5886 0.5886 0.5886 0.5886 0.5886 0.5886 0.5886 0.5886 0.5886 0.5886 0.5886 0.5886 0.5886 0.5886 0.5886 0.5886 0.5886 0.5886 0.5886 0.5886 0.5886 0.5886 0.5886 0.5886 0.5886 0.5886 0.5886 0.5886 0.5886 0.5886 0.5886 0.5886 
TS11 0.5994 0.5994 0.5994 0.5994 0.5994 0.5994 0.5994 0.5994 0.5994 0.5994 0.5994 0.5994 0.5994 0.5994 0.5994 0.5994 0.5994 0.5994 0.5994 0.5994 0.5994 0.5994 0.5994 0.5994 0.5994 0.5994 0.5994 0.5994 0.5994 0.5994 0.5994 0.5994 
TS12 0.5857 0.5857 0.5857 0.5857 0.5857 0.5857 0.5857 0.5857 0.5857 0.5857 0.5857 0.5857 0.5857 0.5857 0.5857 0.5857 0.5857 0.5857 0.5857 0.5857 0.5857 0.5857 0.5857 0.5857 0.5857 0.5857 0.5857 0.5857 0.5857 0.5857 0.5857 0.5857 
TS13 0.2529 0.2529 0.2529 0.2529 0.2529 0.2529 0.2529 0.2529 0.2529 0.2529 0.2529 0.2529 0.2529 0.2529 0.2529 0.2529 0.2529 0.2529 0.2529 0.2529 0.2529 0.2529 0.2529 0.2529 0.2529 0.2529 0.2529 0.2529 0.2529 0.2529 0.2529 0.2529 
TS14 0.2025 0.2025 0.2025 0.2025 0.2025 0.2025 0.2025 0.2025 0.2025 0.2025 0.2025 0.2025 0.2025 0.2025 0.2025 0.2025 0.2025 0.2025 0.2025 0.2025 0.2025 0.2025 0.2025 0.2025 0.2025 0.2025 0.2025 0.2025 0.2025 0.2025 0.2025 0.2025 
TS15 0.2306 0.2306 0.2306 0.2306 0.2306 0.2306 0.2306 0.2306 0.2306 0.2306 0.2306 0.2306 0.2306 0.2306 0.2306 0.2306 0.2306 0.2306 0.2306 0.2306 0.2306 0.2306 0.2306 0.2306 0.2306 0.2306 0.2306 0.2306 0.2306 0.2306 0.2306 0.2306 
TS16 0.2908 0.2908 0.2908 0.2908 0.2908 0.2908 0.2908 0.2908 0.2908 0.2908 0.2908 0.2908 0.2908 0.2908 0.2908 0.2908 0.2908 0.2908 0.2908 0.2908 0.2908 0.2908 0.2908 0.2908 0.2908 0.2908 0.2908 0.2908 0.2908 0.2908 0.2908 0.2908 
TS17 0.3315 0.3315 0.3315 0.3315 0.3315 0.3315 0.3315 0.3315 0.3315 0.3315 0.3315 0.3315 0.3315 0.3315 0.3315 0.3315 0.3315 0.3315 0.3315 0.3315 0.3315 0.3315 0.3315 0.3315 0.3315 0.3315 0.3315 0.3315 0.3315 0.3315 0.3315 0.3315 
TS18 0.3262 0.3262 0.3262 0.3262 0.3262 0.3262 0.3262 0.3262 0.3262 0.3262 0.3262 0.3262 0.3262 0.3262 0.3262 0.3262 0.3262 0.3262 0.3262 0.3262 0.3262 0.3262 0.3262 0.3262 0.3262 0.3262 0.3262 0.3262 0.3262 0.3262 0.3262 0.3262 
TS19 0.2922 0.2922 0.2922 0.2922 0.2922 0.2922 0.2922 0.2922 0.2922 0.2922 0.2922 0.2922 0.2922 0.2922 0.2922 0.2922 0.2922 0.2922 0.2922 0.2922 0.2922 0.2922 0.2922 0.2922 0.2922 0.2922 0.2922 0.2922 0.2922 0.2922 0.2922 0.2922 
TS20 0.2055 0.2055 0.2055 0.2055 0.2055 0.2055 0.2055 0.2055 0.2055 0.2055 0.2055 0.2055 0.2055 0.2055 0.2055 0.2055 0.2055 0.2055 0.2055 0.2055 0.2055 0.2055 0.2055 0.2055 0.2055 0.2055 0.2055 0.2055 0.2055 0.2055 0.2055 0.2055 
TS21 0.2386 0.2386 0.2386 0.2386 0.2386 0.2386 0.2386 0.2386 0.2386 0.2386 0.2386 0.2386 0.2386 0.2386 0.2386 0.2386 0.2386 0.2386 0.2386 0.2386 0.2386 0.2386 0.2386 0.2386 0.2386 0.2386 0.2386 0.2386 0.2386 0.2386 0.2386 0.2386 
TS22 0.3065 0.3065 0.3065 0.3065 0.3065 0.3065 0.3065 0.3065 0.3065 0.3065 0.3065 0.3065 0.3065 0.3065 0.3065 0.3065 0.3065 0.3065 0.3065 0.3065 0.3065 0.3065 0.3065 0.3065 0.3065 0.3065 0.3065 0.3065 0.3065 0.3065 0.3065 0.3065 
TS23 0.3503 0.3503 0.3503 0.3503 0.3503 0.3503 0.3503 0.3503 0.3503 0.3503 0.3503 0.3503 0.3503 0.3503 0.3503 0.3503 0.3503 0.3503 0.3503 0.3503 0.3503 0.3503 0.3503 0.3503 0.3503 0.3503 0.3503 0.3503 0.3503 0.3503 0.3503 0.3503 
TS24 0.3774 0.3774 0.3774 0.3774 0.3774 0.3774 0.3774 0.3774 0.3774 0.3774 0.3774 0.3774 0.3774 0.3774 0.3774 0.3774 0.3774 0.3774 0.3774 0.3774 0.3774 0.3774 0.3774 0.3774 0.3774 0.3774 0.3774 0.3774 0.3774 0.3774 0.3774 0.3774 
TS25 0.5808 0.5808 0.5808 0.5808 0.5808 0.5808 0.5808 0.5808 0.5808 0.5808 0.5808 0.5808 0.5808 0.5808 0.5808 0.5808 0.5808 0.5808 0.5808 0.5808 0.5808 0.5808 0.5808 0.5808 0.5808 0.5808 0.5808 0.5808 0.5808 0.5808 0.5808 0.5808 
TS26 0.4187 0.4187 0.4187 0.4187 0.4187 0.4187 0.4187 0.4187 0.4187 0.4187 0.4187 0.4187 0.4187 0.4187 0.4187 0.4187 0.4187 0.4187 0.4187 0.4187 0.4187 0.4187 0.4187 0.4187 0.4187 0.4187 0.4187 0.4187 0.4187 0.4187 0.4187 0.4187 
TS27 0.3588 0.3588 0.3588 0.3588 0.3588 0.3588 0.3588 0.3588 0.3588 0.3588 0.3588 0.3588 0.3588 0.3588 0.3588 0.3588 0.3588 0.3588 0.3588 0.3588 0.3588 0.3588 0.3588 0.3588 0.3588 0.3588 0.3588 0.3588 0.3588 0.3588 0.3588 0.3588 
TS28 0.4798 0.4798 0.4798 0.4798 0.4798 0.4798 0.4798 0.4798 0.4798 0.4798 0.4798 0.4798 0.4798 0.4798 0.4798 0.4798 0.4798 0.4798 0.4798 0.4798 0.4798 0.4798 0.4798 0.4798 0.4798 0.4798 0.4798 0.4798 0.4798 0.4798 0.4798 0.4798 
TS29 0.5971 0.5971 0.5971 0.5971 0.5971 0.5971 0.5971 0.5971 0.5971 0.5971 0.5971 0.5971 0.5971 0.5971 0.5971 0.5971 0.5971 0.5971 0.5971 0.5971 0.5971 0.5971 0.5971 0.5971 0.5971 0.5971 0.5971 0.5971 0.5971 0.5971 0.5971 0.5971 
TS30 0.6295 0.6295 0.6295 0.6295 0.6295 0.6295 0.6295 0.6295 0.6295 0.6295 0.6295 0.6295 0.6295 0.6295 0.6295 0.6295 0.6295 0.6295 0.6295 0.6295 0.6295 0.6295 0.6295 0.6295 0.6295 0.6295 0.6295 0.6295 0.6295 0.6295 0.6295 0.6295 
TS31 0.5888 0.5888 0.5888 0.5888 0.5888 0.5888 0.5888 0.5888 0.5888 0.5888 0.5888 0.5888 0.5888 0.5888 0.5888 0.5888 0.5888 0.5888 0.5888 0.5888 0.5888 0.5888 0.5888 0.5888 0.5888 0.5888 0.5888 0.5888 0.5888 0.5888 0.5888 0.5888 
TS32 0.4291 0.4291 0.4291 0.4291 0.4291 0.4291 0.4291 0.4291 0.4291 0.4291 0.4291 0.4291 0.4291 0.4291 0.4291 0.4291 0.4291 0.4291 0.4291 0.4291 0.4291 0.4291 0.4291 0.4291 0.4291 0.4291 0.4291 0.4291 0.4291 0.4291 0.4291 0.4291 
TS33 0.3568 0.3568 0.3568 0.3568 0.3568 0.3568 0.3568 0.3568 0.3568 0.3568 0.3568 0.3568 0.3568 0.3568 0.3568 0.3568 0.3568 0.3568 0.3568 0.3568 0.3568 0.3568 0.3568 0.3568 0.3568 0.3568 0.3568 0.3568 0.3568 0.3568 0.3568 0.3568 
TS34 0.473 0.473 0.473 0.473 0.473 0.473 0.473 0.473 0.473 0.473 0.473 0.473 0.473 0.473 0.473 0.473 0.473 0.473 0.473 0.473 0.473 0.473 0.473 0.473 0.473 0.473 0.473 0.473 0.473 0.473 0.473 0.473 
TS35 0.5988 0.5988 0.5988 0.5988 0.5988 0.5988 0.5988 0.5988 0.5988 0.5988 0.5988 0.5988 0.5988 0.5988 0.5988 0.5988 0.5988 0.5988 0.5988 0.5988 0.5988 0.5988 0.5988 0.5988 0.5988 0.5988 0.5988 0.5988 0.5988 0.5988 0.5988 0.5988 
TS36 0.6518 0.6518 0.6518 0.6518 0.6518 0.6518 0.6518 0.6518 0.6518 0.6518 0.6518 0.6518 0.6518 0.6518 0.6518 0.6518 0.6518 0.6518 0.6518 0.6518 0.6518 0.6518 0.6518 0.6518 0.6518 0.6518 0.6518 0.6518 0.6518 0.6518 0.6518 0.6518 
TS37 0.5673 0.5673 0.5673 0.5673 0.5673 0.5673 0.5673 0.5673 0.5673 0.5673 0.5673 0.5673 0.5673 0.5673 0.5673 0.5673 0.5673 0.5673 0.5673 0.5673 0.5673 0.5673 0.5673 0.5673 0.5673 0.5673 0.5673 0.5673 0.5673 0.5673 0.5673 0.5673 
TS38 0.5159 0.5159 0.5159 0.5159 0.5159 0.5159 0.5159 0.5159 0.5159 0.5159 0.5159 0.5159 0.5159 0.5159 0.5159 0.5159 0.5159 0.5159 0.5159 0.5159 0.5159 0.5159 0.5159 0.5159 0.5159 0.5159 0.5159 0.5159 0.5159 0.5159 0.5159 0.5159 
TS39 0.6527 0.6527 0.6527 0.6527 0.6527 0.6527 0.6527 0.6527 0.6527 0.6527 0.6527 0.6527 0.6527 0.6527 0.6527 0.6527 0.6527 0.6527 0.6527 0.6527 0.6527 0.6527 0.6527 0.6527 0.6527 0.6527 0.6527 0.6527 0.6527 0.6527 0.6527 0.6527 
TS40 0.7148 0.7148 0.7148 0.7148 0.7148 0.7148 0.7148 0.7148 0.7148 0.7148 0.7148 0.7148 0.7148 0.7148 0.7148 0.7148 0.7148 0.7148 0.7148 0.7148 0.7148 0.7148 0.7148 0.7148 0.7148 0.7148 0.7148 0.7148 0.7148 0.7148 0.7148 0.7148 
TS41 0.7192 0.7192 0.7192 0.7192 0.7192 0.7192 0.7192 0.7192 0.7192 0.7192 0.7192 0.7192 0.7192 0.7192 0.7192 0.7192 0.7192 0.7192 0.7192 0.7192 0.7192 0.7192 0.7192 0.7192 0.7192 0.7192 0.7192 0.7192 0.7192 0.7192 0.7192 0.7192 
TS42 0.6824 0.6824 0.6824 0.6824 0.6824 0.6824 0.6824 0.6824 0.6824 0.6824 0.6824 0.6824 0.6824 0.6824 0.6824 0.6824 0.6824 0.6824 0.6824 0.6824 0.6824 0.6824 0.6824 0.6824 0.6824 0.6824 0.6824 0.6824 0.6824 0.6824 0.6824 0.6824 
TS43 0.5666 0.5666 0.5666 0.5666 0.5666 0.5666 0.5666 0.5666 0.5666 0.5666 0.5666 0.5666 0.5666 0.5666 0.5666 0.5666 0.5666 0.5666 0.5666 0.5666 0.5666 0.5666 0.5666 0.5666 0.5666 0.5666 0.5666 0.5666 0.5666 0.5666 0.5666 0.5666 
TS44 0.4998 0.4998 0.4998 0.4998 0.4998 0.4998 0.4998 0.4998 0.4998 0.4998 0.4998 0.4998 0.4998 0.4998 0.4998 0.4998 0.4998 0.4998 0.4998 0.4998 0.4998 0.4998 0.4998 0.4998 0.4998 0.4998 0.4998 0.4998 0.4998 0.4998 0.4998 0.4998 
TS45 0.6644 0.6644 0.6644 0.6644 0.6644 0.6644 0.6644 0.6644 0.6644 0.6644 0.6644 0.6644 0.6644 0.6644 0.6644 0.6644 0.6644 0.6644 0.6644 0.6644 0.6644 0.6644 0.6644 0.6644 0.6644 0.6644 0.6644 0.6644 0.6644 0.6644 0.6644 0.6644 
TS46 0.7509 0.7509 0.7509 0.7509 0.7509 0.7509 0.7509 0.7509 0.7509 0.7509 0.7509 0.7509 0.7509 0.7509 0.7509 0.7509 0.7509 0.7509 0.7509 0.7509 0.7509 0.7509 0.7509 0.7509 0.7509 0.7509 0.7509 0.7509 0.7509 0.7509 0.7509 0.7509 
TS47 0.7591 0.7591 0.7591 0.7591 0.7591 0.7591 0.7591 0.7591 0.7591 0.7591 0.7591 0.7591 0.7591 0.7591 0.7591 0.7591 0.7591 0.7591 0.7591 0.7591 0.7591 0.7591 0.7591 0.7591 0.7591 0.7591 0.7591 0.7591 0.7591 0.7591 0.7591 0.7591 
TS48 0.7029 0.7029 0.7029 0.7029 0.7029 0.7029 0.7029 0.7029 0.7029 0.7029 0.7029 0.7029 0.7029 0.7029 0.7029 0.7029 0.7029 0.7029 0.7029 0.7029 0.7029 0.7029 0.7029 0.7029 0.7029 0.7029 0.7029 0.7029 0.7029 0.7029 0.7029 0.7029 
[RE1,PWRWND010,*,*]:
2019 2020 2021 2022 2023 2024 2025 2026 2027 2028 2029 2030 2031 2032 2033 2034 2035 2036 2037 2038 2039 2040 2041 2042 2043 2044 2045 2046 2047 2048 2049 2050 :=
TS01 0.4996 0.4996 0.4996 0.4996 0.4996 0.4996 0.4996 0.4996 0.4996 0.4996 0.4996 0.4996 0.4996 0.4996 0.4996 0.4996 0.4996 0.4996 0.4996 0.4996 0.4996 0.4996 0.4996 0.4996 0.4996 0.4996 0.4996 0.4996 0.4996 0.4996 0.4996 0.4996 
TS02 0.504 0.504 0.504 0.504 0.504 0.504 0.504 0.504 0.504 0.504 0.504 0.504 0.504 0.504 0.504 0.504 0.504 0.504 0.504 0.504 0.504 0.504 0.504 0.504 0.504 0.504 0.504 0.504 0.504 0.504 0.504 0.504 
TS03 0.4733 0.4733 0.4733 0.4733 0.4733 0.4733 0.4733 0.4733 0.4733 0.4733 0.4733 0.4733 0.4733 0.4733 0.4733 0.4733 0.4733 0.4733 0.4733 0.4733 0.4733 0.4733 0.4733 0.4733 0.4733 0.4733 0.4733 0.4733 0.4733 0.4733 0.4733 0.4733 
TS04 0.3489 0.3489 0.3489 0.3489 0.3489 0.3489 0.3489 0.3489 0.3489 0.3489 0.3489 0.3489 0.3489 0.3489 0.3489 0.3489 0.3489 0.3489 0.3489 0.3489 0.3489 0.3489 0.3489 0.3489 0.3489 0.3489 0.3489 0.3489 0.3489 0.3489 0.3489 0.3489 
TS05 0.4114 0.4114 0.4114 0.4114 0.4114 0.4114 0.4114 0.4114 0.4114 0.4114 0.4114 0.4114 0.4114 0.4114 0.4114 0.4114 0.4114 0.4114 0.4114 0.4114 0.4114 0.4114 0.4114 0.4114 0.4114 0.4114 0.4114 0.4114 0.4114 0.4114 0.4114 0.4114 
TS06 0.422 0.422 0.422 0.422 0.422 0.422 0.422 0.422 0.422 0.422 0.422 0.422 0.422 0.422 0.422 0.422 0.422 0.422 0.422 0.422 0.422 0.422 0.422 0.422 0.422 0.422 0.422 0.422 0.422 0.422 0.422 0.422 
TS07 0.4955 0.4955 0.4955 0.4955 0.4955 0.4955 0.4955 0.4955 0.4955 0.4955 0.4955 0.4955 0.4955 0.4955 0.4955 0.4955 0.4955 0.4955 0.4955 0.4955 0.4955 0.4955 0.4955 0.4955 0.4955 0.4955 0.4955 0.4955 0.4955 0.4955 0.4955 0.4955 
TS08 0.5046 0.5046 0.5046 0.5046 0.5046 0.5046 0.5046 0.5046 0.5046 0.5046 0.5046 0.5046 0.5046 0.5046 0.5046 0.5046 0.5046 0.5046 0.5046 0.5046 0.5046 0.5046 0.5046 0.5046 0.5046 0.5046 0.5046 0.5046 0.5046 0.5046 0.5046 0.5046 
TS09 0.4879 0.4879 0.4879 0.4879 0.4879 0.4879 0.4879 0.4879 0.4879 0.4879 0.4879 0.4879 0.4879 0.4879 0.4879 0.4879 0.4879 0.4879 0.4879 0.4879 0.4879 0.4879 0.4879 0.4879 0.4879 0.4879 0.4879 0.4879 0.4879 0.4879 0.4879 0.4879 
TS10 0.3886 0.3886 0.3886 0.3886 0.3886 0.3886 0.3886 0.3886 0.3886 0.3886 0.3886 0.3886 0.3886 0.3886 0.3886 0.3886 0.3886 0.3886 0.3886 0.3886 0.3886 0.3886 0.3886 0.3886 0.3886 0.3886 0.3886 0.3886 0.3886 0.3886 0.3886 0.3886 
TS11 0.48 0.48 0.48 0.48 0.48 0.48 0.48 0.48 0.48 0.48 0.48 0.48 0.48 0.48 0.48 0.48 0.48 0.48 0.48 0.48 0.48 0.48 0.48 0.48 0.48 0.48 0.48 0.48 0.48 0.48 0.48 0.48 
TS12 0.5155 0.5155 0.5155 0.5155 0.5155 0.5155 0.5155 0.5155 0.5155 0.5155 0.5155 0.5155 0.5155 0.5155 0.5155 0.5155 0.5155 0.5155 0.5155 0.5155 0.5155 0.5155 0.5155 0.5155 0.5155 0.5155 0.5155 0.5155 0.5155 0.5155 0.5155 0.5155 
TS13 0.44 0.44 0.44 0.44 0.44 0.44 0.44 0.44 0.44 0.44 0.44 0.44 0.44 0.44 0.44 0.44 0.44 0.44 0.44 0.44 0.44 0.44 0.44 0.44 0.44 0.44 0.44 0.44 0.44 0.44 0.44 0.44 
TS14 0.4577 0.4577 0.4577 0.4577 0.4577 0.4577 0.4577 0.4577 0.4577 0.4577 0.4577 0.4577 0.4577 0.4577 0.4577 0.4577 0.4577 0.4577 0.4577 0.4577 0.4577 0.4577 0.4577 0.4577 0.4577 0.4577 0.4577 0.4577 0.4577 0.4577 0.4577 0.4577 
TS15 0.366 0.366 0.366 0.366 0.366 0.366 0.366 0.366 0.366 0.366 0.366 0.366 0.366 0.366 0.366 0.366 0.366 0.366 0.366 0.366 0.366 0.366 0.366 0.366 0.366 0.366 0.366 0.366 0.366 0.366 0.366 0.366 
TS16 0.249 0.249 0.249 0.249 0.249 0.249 0.249 0.249 0.249 0.249 0.249 0.249 0.249 0.249 0.249 0.249 0.249 0.249 0.249 0.249 0.249 0.249 0.249 0.249 0.249 0.249 0.249 0.249 0.249 0.249 0.249 0.249 
TS17 0.3281 0.3281 0.3281 0.3281 0.3281 0.3281 0.3281 0.3281 0.3281 0.3281 0.3281 0.3281 0.3281 0.3281 0.3281 0.3281 0.3281 0.3281 0.3281 0.3281 0.3281 0.3281 0.3281 0.3281 0.3281 0.3281 0.3281 0.3281 0.3281 0.3281 0.3281 0.3281 
TS18 0.4066 0.4066 0.4066 0.4066 0.4066 0.4066 0.4066 0.4066 0.4066 0.4066 0.4066 0.4066 0.4066 0.4066 0.4066 0.4066 0.4066 0.4066 0.4066 0.4066 0.4066 0.4066 0.4066 0.4066 0.4066 0.4066 0.4066 0.4066 0.4066 0.4066 0.4066 0.4066 
TS19 0.5177 0.5177 0.5177 0.5177 0.5177 0.5177 0.5177 0.5177 0.5177 0.5177 0.5177 0.5177 0.5177 0.5177 0.5177 0.5177 0.5177 0.5177 0.5177 0.5177 0.5177 0.5177 0.5177 0.5177 0.5177 0.5177 0.5177 0.5177 0.5177 0.5177 0.5177 0.5177 
TS20 0.5503 0.5503 0.5503 0.5503 0.5503 0.5503 0.5503 0.5503 0.5503 0.5503 0.5503 0.5503 0.5503 0.5503 0.5503 0.5503 0.5503 0.5503 0.5503 0.5503 0.5503 0.5503 0.5503 0.5503 0.5503 0.5503 0.5503 0.5503 0.5503 0.5503 0.5503 0.5503 
TS21 0.398 0.398 0.398 0.398 0.398 0.398 0.398 0.398 0.398 0.398 0.398 0.398 0.398 0.398 0.398 0.398 0.398 0.398 0.398 0.398 0.398 0.398 0.398 0.398 0.398 0.398 0.398 0.398 0.398 0.398 0.398 0.398 
TS22 0.2702 0.2702 0.2702 0.2702 0.2702 0.2702 0.2702 0.2702 0.2702 0.2702 0.2702 0.2702 0.2702 0.2702 0.2702 0.2702 0.2702 0.2702 0.2702 0.2702 0.2702 0.2702 0.2702 0.2702 0.2702 0.2702 0.2702 0.2702 0.2702 0.2702 0.2702 0.2702 
TS23 0.3451 0.3451 0.3451 0.3451 0.3451 0.3451 0.3451 0.3451 0.3451 0.3451 0.3451 0.3451 0.3451 0.3451 0.3451 0.3451 0.3451 0.3451 0.3451 0.3451 0.3451 0.3451 0.3451 0.3451 0.3451 0.3451 0.3451 0.3451 0.3451 0.3451 0.3451 0.3451 
TS24 0.4315 0.4315 0.4315 0.4315 0.4315 0.4315 0.4315 0.4315 0.4315 0.4315 0.4315 0.4315 0.4315 0.4315 0.4315 0.4315 0.4315 0.4315 0.4315 0.4315 0.4315 0.4315 0.4315 0.4315 0.4315 0.4315 0.4315 0.4315 0.4315 0.4315 0.4315 0.4315 
TS25 0.7058 0.7058 0.7058 0.7058 0.7058 0.7058 0.7058 0.7058 0.7058 0.7058 0.7058 0.7058 0.7058 0.7058 0.7058 0.7058 0.7058 0.7058 0.7058 0.7058 0.7058 0.7058 0.7058 0.7058 0.7058 0.7058 0.7058 0.7058 0.7058 0.7058 0.7058 0.7058 
TS26 0.75 0.75 0.75 0.75 0.75 0.75 0.75 0.75 0.75 0.75 0.75 0.75 0.75 0.75 0.75 0.75 0.75 0.75 0.75 0.75 0.75 0.75 0.75 0.75 0.75 0.75 0.75 0.75 0.75 0.75 0.75 0.75 
TS27 0.5846 0.5846 0.5846 0.5846 0.5846 0.5846 0.5846 0.5846 0.5846 0.5846 0.5846 0.5846 0.5846 0.5846 0.5846 0.5846 0.5846 0.5846 0.5846 0.5846 0.5846 0.5846 0.5846 0.5846 0.5846 0.5846 0.5846 0.5846 0.5846 0.5846 0.5846 0.5846 
TS28 0.4155 0.4155 0.4155 0.4155 0.4155 0.4155 0.4155 0.4155 0.4155 0.4155 0.4155 0.4155 0.4155 0.4155 0.4155 0.4155 0.4155 0.4155 0.4155 0.4155 0.4155 0.4155 0.4155 0.4155 0.4155 0.4155 0.4155 0.4155 0.4155 0.4155 0.4155 0.4155 
TS29 0.5627 0.5627 0.5627 0.5627 0.5627 0.5627 0.5627 0.5627 0.5627 0.5627 0.5627 0.5627 0.5627 0.5627 0.5627 0.5627 0.5627 0.5627 0.5627 0.5627 0.5627 0.5627 0.5627 0.5627 0.5627 0.5627 0.5627 0.5627 0.5627 0.5627 0.5627 0.5627 
TS30 0.6538 0.6538 0.6538 0.6538 0.6538 0.6538 0.6538 0.6538 0.6538 0.6538 0.6538 0.6538 0.6538 0.6538 0.6538 0.6538 0.6538 0.6538 0.6538 0.6538 0.6538 0.6538 0.6538 0.6538 0.6538 0.6538 0.6538 0.6538 0.6538 0.6538 0.6538 0.6538 
TS31 0.7494 0.7494 0.7494 0.7494 0.7494 0.7494 0.7494 0.7494 0.7494 0.7494 0.7494 0.7494 0.7494 0.7494 0.7494 0.7494 0.7494 0.7494 0.7494 0.7494 0.7494 0.7494 0.7494 0.7494 0.7494 0.7494 0.7494 0.7494 0.7494 0.7494 0.7494 0.7494 
TS32 0.7732 0.7732 0.7732 0.7732 0.7732 0.7732 0.7732 0.7732 0.7732 0.7732 0.7732 0.7732 0.7732 0.7732 0.7732 0.7732 0.7732 0.7732 0.7732 0.7732 0.7732 0.7732 0.7732 0.7732 0.7732 0.7732 0.7732 0.7732 0.7732 0.7732 0.7732 0.7732 
TS33 0.6034 0.6034 0.6034 0.6034 0.6034 0.6034 0.6034 0.6034 0.6034 0.6034 0.6034 0.6034 0.6034 0.6034 0.6034 0.6034 0.6034 0.6034 0.6034 0.6034 0.6034 0.6034 0.6034 0.6034 0.6034 0.6034 0.6034 0.6034 0.6034 0.6034 0.6034 0.6034 
TS34 0.4179 0.4179 0.4179 0.4179 0.4179 0.4179 0.4179 0.4179 0.4179 0.4179 0.4179 0.4179 0.4179 0.4179 0.4179 0.4179 0.4179 0.4179 0.4179 0.4179 0.4179 0.4179 0.4179 0.4179 0.4179 0.4179 0.4179 0.4179 0.4179 0.4179 0.4179 0.4179 
TS35 0.5653 0.5653 0.5653 0.5653 0.5653 0.5653 0.5653 0.5653 0.5653 0.5653 0.5653 0.5653 0.5653 0.5653 0.5653 0.5653 0.5653 0.5653 0.5653 0.5653 0.5653 0.5653 0.5653 0.5653 0.5653 0.5653 0.5653 0.5653 0.5653 0.5653 0.5653 0.5653 
TS36 0.6712 0.6712 0.6712 0.6712 0.6712 0.6712 0.6712 0.6712 0.6712 0.6712 0.6712 0.6712 0.6712 0.6712 0.6712 0.6712 0.6712 0.6712 0.6712 0.6712 0.6712 0.6712 0.6712 0.6712 0.6712 0.6712 0.6712 0.6712 0.6712 0.6712 0.6712 0.6712 
TS37 0.5948 0.5948 0.5948 0.5948 0.5948 0.5948 0.5948 0.5948 0.5948 0.5948 0.5948 0.5948 0.5948 0.5948 0.5948 0.5948 0.5948 0.5948 0.5948 0.5948 0.5948 0.5948 0.5948 0.5948 0.5948 0.5948 0.5948 0.5948 0.5948 0.5948 0.5948 0.5948 
TS38 0.601 0.601 0.601 0.601 0.601 0.601 0.601 0.601 0.601 0.601 0.601 0.601 0.601 0.601 0.601 0.601 0.601 0.601 0.601 0.601 0.601 0.601 0.601 0.601 0.601 0.601 0.601 0.601 0.601 0.601 0.601 0.601 
TS39 0.5728 0.5728 0.5728 0.5728 0.5728 0.5728 0.5728 0.5728 0.5728 0.5728 0.5728 0.5728 0.5728 0.5728 0.5728 0.5728 0.5728 0.5728 0.5728 0.5728 0.5728 0.5728 0.5728 0.5728 0.5728 0.5728 0.5728 0.5728 0.5728 0.5728 0.5728 0.5728 
TS40 0.5308 0.5308 0.5308 0.5308 0.5308 0.5308 0.5308 0.5308 0.5308 0.5308 0.5308 0.5308 0.5308 0.5308 0.5308 0.5308 0.5308 0.5308 0.5308 0.5308 0.5308 0.5308 0.5308 0.5308 0.5308 0.5308 0.5308 0.5308 0.5308 0.5308 0.5308 0.5308 
TS41 0.6272 0.6272 0.6272 0.6272 0.6272 0.6272 0.6272 0.6272 0.6272 0.6272 0.6272 0.6272 0.6272 0.6272 0.6272 0.6272 0.6272 0.6272 0.6272 0.6272 0.6272 0.6272 0.6272 0.6272 0.6272 0.6272 0.6272 0.6272 0.6272 0.6272 0.6272 0.6272 
TS42 0.6577 0.6577 0.6577 0.6577 0.6577 0.6577 0.6577 0.6577 0.6577 0.6577 0.6577 0.6577 0.6577 0.6577 0.6577 0.6577 0.6577 0.6577 0.6577 0.6577 0.6577 0.6577 0.6577 0.6577 0.6577 0.6577 0.6577 0.6577 0.6577 0.6577 0.6577 0.6577 
TS43 0.6017 0.6017 0.6017 0.6017 0.6017 0.6017 0.6017 0.6017 0.6017 0.6017 0.6017 0.6017 0.6017 0.6017 0.6017 0.6017 0.6017 0.6017 0.6017 0.6017 0.6017 0.6017 0.6017 0.6017 0.6017 0.6017 0.6017 0.6017 0.6017 0.6017 0.6017 0.6017 
TS44 0.5902 0.5902 0.5902 0.5902 0.5902 0.5902 0.5902 0.5902 0.5902 0.5902 0.5902 0.5902 0.5902 0.5902 0.5902 0.5902 0.5902 0.5902 0.5902 0.5902 0.5902 0.5902 0.5902 0.5902 0.5902 0.5902 0.5902 0.5902 0.5902 0.5902 0.5902 0.5902 
TS45 0.5534 0.5534 0.5534 0.5534 0.5534 0.5534 0.5534 0.5534 0.5534 0.5534 0.5534 0.5534 0.5534 0.5534 0.5534 0.5534 0.5534 0.5534 0.5534 0.5534 0.5534 0.5534 0.5534 0.5534 0.5534 0.5534 0.5534 0.5534 0.5534 0.5534 0.5534 0.5534 
TS46 0.4904 0.4904 0.4904 0.4904 0.4904 0.4904 0.4904 0.4904 0.4904 0.4904 0.4904 0.4904 0.4904 0.4904 0.4904 0.4904 0.4904 0.4904 0.4904 0.4904 0.4904 0.4904 0.4904 0.4904 0.4904 0.4904 0.4904 0.4904 0.4904 0.4904 0.4904 0.4904 
TS47 0.5933 0.5933 0.5933 0.5933 0.5933 0.5933 0.5933 0.5933 0.5933 0.5933 0.5933 0.5933 0.5933 0.5933 0.5933 0.5933 0.5933 0.5933 0.5933 0.5933 0.5933 0.5933 0.5933 0.5933 0.5933 0.5933 0.5933 0.5933 0.5933 0.5933 0.5933 0.5933 
TS48 0.6213 0.6213 0.6213 0.6213 0.6213 0.6213 0.6213 0.6213 0.6213 0.6213 0.6213 0.6213 0.6213 0.6213 0.6213 0.6213 0.6213 0.6213 0.6213 0.6213 0.6213 0.6213 0.6213 0.6213 0.6213 0.6213 0.6213 0.6213 0.6213 0.6213 0.6213 0.6213 
[RE1,PWRWND011,*,*]:
2019 2020 2021 2022 2023 2024 2025 2026 2027 2028 2029 2030 2031 2032 2033 2034 2035 2036 2037 2038 2039 2040 2041 2042 2043 2044 2045 2046 2047 2048 2049 2050 :=
TS01 0.4464 0.4464 0.4464 0.4464 0.4464 0.4464 0.4464 0.4464 0.4464 0.4464 0.4464 0.4464 0.4464 0.4464 0.4464 0.4464 0.4464 0.4464 0.4464 0.4464 0.4464 0.4464 0.4464 0.4464 0.4464 0.4464 0.4464 0.4464 0.4464 0.4464 0.4464 0.4464 
TS02 0.7215 0.7215 0.7215 0.7215 0.7215 0.7215 0.7215 0.7215 0.7215 0.7215 0.7215 0.7215 0.7215 0.7215 0.7215 0.7215 0.7215 0.7215 0.7215 0.7215 0.7215 0.7215 0.7215 0.7215 0.7215 0.7215 0.7215 0.7215 0.7215 0.7215 0.7215 0.7215 
TS03 0.6569 0.6569 0.6569 0.6569 0.6569 0.6569 0.6569 0.6569 0.6569 0.6569 0.6569 0.6569 0.6569 0.6569 0.6569 0.6569 0.6569 0.6569 0.6569 0.6569 0.6569 0.6569 0.6569 0.6569 0.6569 0.6569 0.6569 0.6569 0.6569 0.6569 0.6569 0.6569 
TS04 0.5309 0.5309 0.5309 0.5309 0.5309 0.5309 0.5309 0.5309 0.5309 0.5309 0.5309 0.5309 0.5309 0.5309 0.5309 0.5309 0.5309 0.5309 0.5309 0.5309 0.5309 0.5309 0.5309 0.5309 0.5309 0.5309 0.5309 0.5309 0.5309 0.5309 0.5309 0.5309 
TS05 0.4759 0.4759 0.4759 0.4759 0.4759 0.4759 0.4759 0.4759 0.4759 0.4759 0.4759 0.4759 0.4759 0.4759 0.4759 0.4759 0.4759 0.4759 0.4759 0.4759 0.4759 0.4759 0.4759 0.4759 0.4759 0.4759 0.4759 0.4759 0.4759 0.4759 0.4759 0.4759 
TS06 0.4032 0.4032 0.4032 0.4032 0.4032 0.4032 0.4032 0.4032 0.4032 0.4032 0.4032 0.4032 0.4032 0.4032 0.4032 0.4032 0.4032 0.4032 0.4032 0.4032 0.4032 0.4032 0.4032 0.4032 0.4032 0.4032 0.4032 0.4032 0.4032 0.4032 0.4032 0.4032 
TS07 0.5207 0.5207 0.5207 0.5207 0.5207 0.5207 0.5207 0.5207 0.5207 0.5207 0.5207 0.5207 0.5207 0.5207 0.5207 0.5207 0.5207 0.5207 0.5207 0.5207 0.5207 0.5207 0.5207 0.5207 0.5207 0.5207 0.5207 0.5207 0.5207 0.5207 0.5207 0.5207 
TS08 0.7688 0.7688 0.7688 0.7688 0.7688 0.7688 0.7688 0.7688 0.7688 0.7688 0.7688 0.7688 0.7688 0.7688 0.7688 0.7688 0.7688 0.7688 0.7688 0.7688 0.7688 0.7688 0.7688 0.7688 0.7688 0.7688 0.7688 0.7688 0.7688 0.7688 0.7688 0.7688 
TS09 0.6305 0.6305 0.6305 0.6305 0.6305 0.6305 0.6305 0.6305 0.6305 0.6305 0.6305 0.6305 0.6305 0.6305 0.6305 0.6305 0.6305 0.6305 0.6305 0.6305 0.6305 0.6305 0.6305 0.6305 0.6305 0.6305 0.6305 0.6305 0.6305 0.6305 0.6305 0.6305 
TS10 0.5013 0.5013 0.5013 0.5013 0.5013 0.5013 0.5013 0.5013 0.5013 0.5013 0.5013 0.5013 0.5013 0.5013 0.5013 0.5013 0.5013 0.5013 0.5013 0.5013 0.5013 0.5013 0.5013 0.5013 0.5013 0.5013 0.5013 0.5013 0.5013 0.5013 0.5013 0.5013 
TS11 0.4896 0.4896 0.4896 0.4896 0.4896 0.4896 0.4896 0.4896 0.4896 0.4896 0.4896 0.4896 0.4896 0.4896 0.4896 0.4896 0.4896 0.4896 0.4896 0.4896 0.4896 0.4896 0.4896 0.4896 0.4896 0.4896 0.4896 0.4896 0.4896 0.4896 0.4896 0.4896 
TS12 0.3717 0.3717 0.3717 0.3717 0.3717 0.3717 0.3717 0.3717 0.3717 0.3717 0.3717 0.3717 0.3717 0.3717 0.3717 0.3717 0.3717 0.3717 0.3717 0.3717 0.3717 0.3717 0.3717 0.3717 0.3717 0.3717 0.3717 0.3717 0.3717 0.3717 0.3717 0.3717 
TS13 0.4733 0.4733 0.4733 0.4733 0.4733 0.4733 0.4733 0.4733 0.4733 0.4733 0.4733 0.4733 0.4733 0.4733 0.4733 0.4733 0.4733 0.4733 0.4733 0.4733 0.4733 0.4733 0.4733 0.4733 0.4733 0.4733 0.4733 0.4733 0.4733 0.4733 0.4733 0.4733 
TS14 0.5959 0.5959 0.5959 0.5959 0.5959 0.5959 0.5959 0.5959 0.5959 0.5959 0.5959 0.5959 0.5959 0.5959 0.5959 0.5959 0.5959 0.5959 0.5959 0.5959 0.5959 0.5959 0.5959 0.5959 0.5959 0.5959 0.5959 0.5959 0.5959 0.5959 0.5959 0.5959 
TS15 0.5078 0.5078 0.5078 0.5078 0.5078 0.5078 0.5078 0.5078 0.5078 0.5078 0.5078 0.5078 0.5078 0.5078 0.5078 0.5078 0.5078 0.5078 0.5078 0.5078 0.5078 0.5078 0.5078 0.5078 0.5078 0.5078 0.5078 0.5078 0.5078 0.5078 0.5078 0.5078 
TS16 0.5038 0.5038 0.5038 0.5038 0.5038 0.5038 0.5038 0.5038 0.5038 0.5038 0.5038 0.5038 0.5038 0.5038 0.5038 0.5038 0.5038 0.5038 0.5038 0.5038 0.5038 0.5038 0.5038 0.5038 0.5038 0.5038 0.5038 0.5038 0.5038 0.5038 0.5038 0.5038 
TS17 0.44 0.44 0.44 0.44 0.44 0.44 0.44 0.44 0.44 0.44 0.44 0.44 0.44 0.44 0.44 0.44 0.44 0.44 0.44 0.44 0.44 0.44 0.44 0.44 0.44 0.44 0.44 0.44 0.44 0.44 0.44 0.44 
TS18 0.3556 0.3556 0.3556 0.3556 0.3556 0.3556 0.3556 0.3556 0.3556 0.3556 0.3556 0.3556 0.3556 0.3556 0.3556 0.3556 0.3556 0.3556 0.3556 0.3556 0.3556 0.3556 0.3556 0.3556 0.3556 0.3556 0.3556 0.3556 0.3556 0.3556 0.3556 0.3556 
TS19 0.4788 0.4788 0.4788 0.4788 0.4788 0.4788 0.4788 0.4788 0.4788 0.4788 0.4788 0.4788 0.4788 0.4788 0.4788 0.4788 0.4788 0.4788 0.4788 0.4788 0.4788 0.4788 0.4788 0.4788 0.4788 0.4788 0.4788 0.4788 0.4788 0.4788 0.4788 0.4788 
TS20 0.6721 0.6721 0.6721 0.6721 0.6721 0.6721 0.6721 0.6721 0.6721 0.6721 0.6721 0.6721 0.6721 0.6721 0.6721 0.6721 0.6721 0.6721 0.6721 0.6721 0.6721 0.6721 0.6721 0.6721 0.6721 0.6721 0.6721 0.6721 0.6721 0.6721 0.6721 0.6721 
TS21 0.5811 0.5811 0.5811 0.5811 0.5811 0.5811 0.5811 0.5811 0.5811 0.5811 0.5811 0.5811 0.5811 0.5811 0.5811 0.5811 0.5811 0.5811 0.5811 0.5811 0.5811 0.5811 0.5811 0.5811 0.5811 0.5811 0.5811 0.5811 0.5811 0.5811 0.5811 0.5811 
TS22 0.4664 0.4664 0.4664 0.4664 0.4664 0.4664 0.4664 0.4664 0.4664 0.4664 0.4664 0.4664 0.4664 0.4664 0.4664 0.4664 0.4664 0.4664 0.4664 0.4664 0.4664 0.4664 0.4664 0.4664 0.4664 0.4664 0.4664 0.4664 0.4664 0.4664 0.4664 0.4664 
TS23 0.3847 0.3847 0.3847 0.3847 0.3847 0.3847 0.3847 0.3847 0.3847 0.3847 0.3847 0.3847 0.3847 0.3847 0.3847 0.3847 0.3847 0.3847 0.3847 0.3847 0.3847 0.3847 0.3847 0.3847 0.3847 0.3847 0.3847 0.3847 0.3847 0.3847 0.3847 0.3847 
TS24 0.3294 0.3294 0.3294 0.3294 0.3294 0.3294 0.3294 0.3294 0.3294 0.3294 0.3294 0.3294 0.3294 0.3294 0.3294 0.3294 0.3294 0.3294 0.3294 0.3294 0.3294 0.3294 0.3294 0.3294 0.3294 0.3294 0.3294 0.3294 0.3294 0.3294 0.3294 0.3294 
TS25 0.7054 0.7054 0.7054 0.7054 0.7054 0.7054 0.7054 0.7054 0.7054 0.7054 0.7054 0.7054 0.7054 0.7054 0.7054 0.7054 0.7054 0.7054 0.7054 0.7054 0.7054 0.7054 0.7054 0.7054 0.7054 0.7054 0.7054 0.7054 0.7054 0.7054 0.7054 0.7054 
TS26 0.7944 0.7944 0.7944 0.7944 0.7944 0.7944 0.7944 0.7944 0.7944 0.7944 0.7944 0.7944 0.7944 0.7944 0.7944 0.7944 0.7944 0.7944 0.7944 0.7944 0.7944 0.7944 0.7944 0.7944 0.7944 0.7944 0.7944 0.7944 0.7944 0.7944 0.7944 0.7944 
TS27 0.5792 0.5792 0.5792 0.5792 0.5792 0.5792 0.5792 0.5792 0.5792 0.5792 0.5792 0.5792 0.5792 0.5792 0.5792 0.5792 0.5792 0.5792 0.5792 0.5792 0.5792 0.5792 0.5792 0.5792 0.5792 0.5792 0.5792 0.5792 0.5792 0.5792 0.5792 0.5792 
TS28 0.5469 0.5469 0.5469 0.5469 0.5469 0.5469 0.5469 0.5469 0.5469 0.5469 0.5469 0.5469 0.5469 0.5469 0.5469 0.5469 0.5469 0.5469 0.5469 0.5469 0.5469 0.5469 0.5469 0.5469 0.5469 0.5469 0.5469 0.5469 0.5469 0.5469 0.5469 0.5469 
TS29 0.6452 0.6452 0.6452 0.6452 0.6452 0.6452 0.6452 0.6452 0.6452 0.6452 0.6452 0.6452 0.6452 0.6452 0.6452 0.6452 0.6452 0.6452 0.6452 0.6452 0.6452 0.6452 0.6452 0.6452 0.6452 0.6452 0.6452 0.6452 0.6452 0.6452 0.6452 0.6452 
TS30 0.6567 0.6567 0.6567 0.6567 0.6567 0.6567 0.6567 0.6567 0.6567 0.6567 0.6567 0.6567 0.6567 0.6567 0.6567 0.6567 0.6567 0.6567 0.6567 0.6567 0.6567 0.6567 0.6567 0.6567 0.6567 0.6567 0.6567 0.6567 0.6567 0.6567 0.6567 0.6567 
TS31 0.73 0.73 0.73 0.73 0.73 0.73 0.73 0.73 0.73 0.73 0.73 0.73 0.73 0.73 0.73 0.73 0.73 0.73 0.73 0.73 0.73 0.73 0.73 0.73 0.73 0.73 0.73 0.73 0.73 0.73 0.73 0.73 
TS32 0.8124 0.8124 0.8124 0.8124 0.8124 0.8124 0.8124 0.8124 0.8124 0.8124 0.8124 0.8124 0.8124 0.8124 0.8124 0.8124 0.8124 0.8124 0.8124 0.8124 0.8124 0.8124 0.8124 0.8124 0.8124 0.8124 0.8124 0.8124 0.8124 0.8124 0.8124 0.8124 
TS33 0.6149 0.6149 0.6149 0.6149 0.6149 0.6149 0.6149 0.6149 0.6149 0.6149 0.6149 0.6149 0.6149 0.6149 0.6149 0.6149 0.6149 0.6149 0.6149 0.6149 0.6149 0.6149 0.6149 0.6149 0.6149 0.6149 0.6149 0.6149 0.6149 0.6149 0.6149 0.6149 
TS34 0.6086 0.6086 0.6086 0.6086 0.6086 0.6086 0.6086 0.6086 0.6086 0.6086 0.6086 0.6086 0.6086 0.6086 0.6086 0.6086 0.6086 0.6086 0.6086 0.6086 0.6086 0.6086 0.6086 0.6086 0.6086 0.6086 0.6086 0.6086 0.6086 0.6086 0.6086 0.6086 
TS35 0.6872 0.6872 0.6872 0.6872 0.6872 0.6872 0.6872 0.6872 0.6872 0.6872 0.6872 0.6872 0.6872 0.6872 0.6872 0.6872 0.6872 0.6872 0.6872 0.6872 0.6872 0.6872 0.6872 0.6872 0.6872 0.6872 0.6872 0.6872 0.6872 0.6872 0.6872 0.6872 
TS36 0.6678 0.6678 0.6678 0.6678 0.6678 0.6678 0.6678 0.6678 0.6678 0.6678 0.6678 0.6678 0.6678 0.6678 0.6678 0.6678 0.6678 0.6678 0.6678 0.6678 0.6678 0.6678 0.6678 0.6678 0.6678 0.6678 0.6678 0.6678 0.6678 0.6678 0.6678 0.6678 
TS37 0.3585 0.3585 0.3585 0.3585 0.3585 0.3585 0.3585 0.3585 0.3585 0.3585 0.3585 0.3585 0.3585 0.3585 0.3585 0.3585 0.3585 0.3585 0.3585 0.3585 0.3585 0.3585 0.3585 0.3585 0.3585 0.3585 0.3585 0.3585 0.3585 0.3585 0.3585 0.3585 
TS38 0.5517 0.5517 0.5517 0.5517 0.5517 0.5517 0.5517 0.5517 0.5517 0.5517 0.5517 0.5517 0.5517 0.5517 0.5517 0.5517 0.5517 0.5517 0.5517 0.5517 0.5517 0.5517 0.5517 0.5517 0.5517 0.5517 0.5517 0.5517 0.5517 0.5517 0.5517 0.5517 
TS39 0.5514 0.5514 0.5514 0.5514 0.5514 0.5514 0.5514 0.5514 0.5514 0.5514 0.5514 0.5514 0.5514 0.5514 0.5514 0.5514 0.5514 0.5514 0.5514 0.5514 0.5514 0.5514 0.5514 0.5514 0.5514 0.5514 0.5514 0.5514 0.5514 0.5514 0.5514 0.5514 
TS40 0.4523 0.4523 0.4523 0.4523 0.4523 0.4523 0.4523 0.4523 0.4523 0.4523 0.4523 0.4523 0.4523 0.4523 0.4523 0.4523 0.4523 0.4523 0.4523 0.4523 0.4523 0.4523 0.4523 0.4523 0.4523 0.4523 0.4523 0.4523 0.4523 0.4523 0.4523 0.4523 
TS41 0.4333 0.4333 0.4333 0.4333 0.4333 0.4333 0.4333 0.4333 0.4333 0.4333 0.4333 0.4333 0.4333 0.4333 0.4333 0.4333 0.4333 0.4333 0.4333 0.4333 0.4333 0.4333 0.4333 0.4333 0.4333 0.4333 0.4333 0.4333 0.4333 0.4333 0.4333 0.4333 
TS42 0.3768 0.3768 0.3768 0.3768 0.3768 0.3768 0.3768 0.3768 0.3768 0.3768 0.3768 0.3768 0.3768 0.3768 0.3768 0.3768 0.3768 0.3768 0.3768 0.3768 0.3768 0.3768 0.3768 0.3768 0.3768 0.3768 0.3768 0.3768 0.3768 0.3768 0.3768 0.3768 
TS43 0.346 0.346 0.346 0.346 0.346 0.346 0.346 0.346 0.346 0.346 0.346 0.346 0.346 0.346 0.346 0.346 0.346 0.346 0.346 0.346 0.346 0.346 0.346 0.346 0.346 0.346 0.346 0.346 0.346 0.346 0.346 0.346 
TS44 0.5953 0.5953 0.5953 0.5953 0.5953 0.5953 0.5953 0.5953 0.5953 0.5953 0.5953 0.5953 0.5953 0.5953 0.5953 0.5953 0.5953 0.5953 0.5953 0.5953 0.5953 0.5953 0.5953 0.5953 0.5953 0.5953 0.5953 0.5953 0.5953 0.5953 0.5953 0.5953 
TS45 0.5231 0.5231 0.5231 0.5231 0.5231 0.5231 0.5231 0.5231 0.5231 0.5231 0.5231 0.5231 0.5231 0.5231 0.5231 0.5231 0.5231 0.5231 0.5231 0.5231 0.5231 0.5231 0.5231 0.5231 0.5231 0.5231 0.5231 0.5231 0.5231 0.5231 0.5231 0.5231 
TS46 0.4388 0.4388 0.4388 0.4388 0.4388 0.4388 0.4388 0.4388 0.4388 0.4388 0.4388 0.4388 0.4388 0.4388 0.4388 0.4388 0.4388 0.4388 0.4388 0.4388 0.4388 0.4388 0.4388 0.4388 0.4388 0.4388 0.4388 0.4388 0.4388 0.4388 0.4388 0.4388 
TS47 0.3752 0.3752 0.3752 0.3752 0.3752 0.3752 0.3752 0.3752 0.3752 0.3752 0.3752 0.3752 0.3752 0.3752 0.3752 0.3752 0.3752 0.3752 0.3752 0.3752 0.3752 0.3752 0.3752 0.3752 0.3752 0.3752 0.3752 0.3752 0.3752 0.3752 0.3752 0.3752 
TS48 0.3714 0.3714 0.3714 0.3714 0.3714 0.3714 0.3714 0.3714 0.3714 0.3714 0.3714 0.3714 0.3714 0.3714 0.3714 0.3714 0.3714 0.3714 0.3714 0.3714 0.3714 0.3714 0.3714 0.3714 0.3714 0.3714 0.3714 0.3714 0.3714 0.3714 0.3714 0.3714 
;

param SpecifiedAnnualDemand default 0.0 :=
[RE1,*,*]:
2019 2020 2021 2022 2023 2024 2025 2026 2027 2028 2029 2030 2031 2032 2033 2034 2035 2036 2037 2038 2039 2040 2041 2042 2043 2044 2045 2046 2047 2048 2049 2050 :=
COMELC 6.2591 6.3686 6.6578 6.8802 7.0903 7.3334 9.0176840515 10.437168103 11.8566521545 13.276136206 14.6956202575 16.115104309 17.5345883605 18.954072412 20.3735564635 21.793040515 23.2125245665 24.632008618 26.0514926696 27.4709767211 28.8904607726 30.3099448241 31.7294288756 33.1489129271 34.5683969786 35.9878810301 37.4073650816 38.8268491331 40.2463331846 41.6658172361 43.0853012876 44.5047853391 
INDELC 21.5631 21.9401 22.9364 23.7027 24.4266 25.264 26.1763 27.6909485849 30.162890443 32.7873550295 35.7822319563 38.9989457705 42.0198747161 45.3666907334 48.7659265703 52.3936307178 56.2078041636 60.0909759864 64.4520839363 69.002503223 73.828758127 78.9437957123 84.340826665 89.9483263515 95.924343686 102.2398267202 108.914669723 115.9689248545 123.4242231846 131.3034589119 139.6306314718 148.4313192101 
RESELC 13.7907 14.0318 14.669 15.1591 15.6221 16.1577 16.7411 17.7099189492 19.290881162 20.969262099 22.8846373715 24.9419566198 26.8739104435 29.0144382293 31.1884388993 33.50848871 35.9479040889 38.4313710464 41.2205149083 44.1307611389 47.2173715752 50.4888723292 53.9403687811 57.5268620063 61.3487706574 65.3879372737 69.6566773502 74.1682537278 78.9364029204 83.9754930055 89.3013130795 94.9298101297 
;

param SpecifiedDemandProfile default 0.0 :=
[RE1,COMELC,*,*]:
2019 2020 2021 2022 2023 2024 2025 2026 2027 2028 2029 2030 2031 2032 2033 2034 2035 2036 2037 2038 2039 2040 2041 2042 2043 2044 2045 2046 2047 2048 2049 2050 :=
TS01 0.0358 0.0358 0.0358 0.0358 0.0358 0.0358 0.0358 0.0358 0.0358 0.0358 0.0358 0.0358 0.0358 0.0358 0.0358 0.0358 0.0358 0.0358 0.0358 0.0358 0.0358 0.0358 0.0358 0.0358 0.0358 0.0358 0.0358 0.0358 0.0358 0.0358 0.0358 0.0358 
TS02 0.0227 0.0227 0.0227 0.0227 0.0227 0.0227 0.0227 0.0227 0.0227 0.0227 0.0227 0.0227 0.0227 0.0227 0.0227 0.0227 0.0227 0.0227 0.0227 0.0227 0.0227 0.0227 0.0227 0.0227 0.0227 0.0227 0.0227 0.0227 0.0227 0.0227 0.0227 0.0227 
TS03 0.0449 0.0449 0.0449 0.0449 0.0449 0.0449 0.0449 0.0449 0.0449 0.0449 0.0449 0.0449 0.0449 0.0449 0.0449 0.0449 0.0449 0.0449 0.0449 0.0449 0.0449 0.0449 0.0449 0.0449 0.0449 0.0449 0.0449 0.0449 0.0449 0.0449 0.0449 0.0449 
TS04 0.034 0.034 0.034 0.034 0.034 0.034 0.034 0.034 0.034 0.034 0.034 0.034 0.034 0.034 0.034 0.034 0.034 0.034 0.034 0.034 0.034 0.034 0.034 0.034 0.034 0.034 0.034 0.034 0.034 0.034 0.034 0.034 
TS05 0.0162 0.0162 0.0162 0.0162 0.0162 0.0162 0.0162 0.0162 0.0162 0.0162 0.0162 0.0162 0.0162 0.0162 0.0162 0.0162 0.0162 0.0162 0.0162 0.0162 0.0162 0.0162 0.0162 0.0162 0.0162 0.0162 0.0162 0.0162 0.0162 0.0162 0.0162 0.0162 
TS06 0.0178 0.0178 0.0178 0.0178 0.0178 0.0178 0.0178 0.0178 0.0178 0.0178 0.0178 0.0178 0.0178 0.0178 0.0178 0.0178 0.0178 0.0178 0.0178 0.0178 0.0178 0.0178 0.0178 0.0178 0.0178 0.0178 0.0178 0.0178 0.0178 0.0178 0.0178 0.0178 
TS07 0.0158 0.0158 0.0158 0.0158 0.0158 0.0158 0.0158 0.0158 0.0158 0.0158 0.0158 0.0158 0.0158 0.0158 0.0158 0.0158 0.0158 0.0158 0.0158 0.0158 0.0158 0.0158 0.0158 0.0158 0.0158 0.0158 0.0158 0.0158 0.0158 0.0158 0.0158 0.0158 
TS08 0.0097 0.0097 0.0097 0.0097 0.0097 0.0097 0.0097 0.0097 0.0097 0.0097 0.0097 0.0097 0.0097 0.0097 0.0097 0.0097 0.0097 0.0097 0.0097 0.0097 0.0097 0.0097 0.0097 0.0097 0.0097 0.0097 0.0097 0.0097 0.0097 0.0097 0.0097 0.0097 
TS09 0.0193 0.0193 0.0193 0.0193 0.0193 0.0193 0.0193 0.0193 0.0193 0.0193 0.0193 0.0193 0.0193 0.0193 0.0193 0.0193 0.0193 0.0193 0.0193 0.0193 0.0193 0.0193 0.0193 0.0193 0.0193 0.0193 0.0193 0.0193 0.0193 0.0193 0.0193 0.0193 
TS10 0.0146 0.0146 0.0146 0.0146 0.0146 0.0146 0.0146 0.0146 0.0146 0.0146 0.0146 0.0146 0.0146 0.0146 0.0146 0.0146 0.0146 0.0146 0.0146 0.0146 0.0146 0.0146 0.0146 0.0146 0.0146 0.0146 0.0146 0.0146 0.0146 0.0146 0.0146 0.0146 
TS11 0.0068 0.0068 0.0068 0.0068 0.0068 0.0068 0.0068 0.0068 0.0068 0.0068 0.0068 0.0068 0.0068 0.0068 0.0068 0.0068 0.0068 0.0068 0.0068 0.0068 0.0068 0.0068 0.0068 0.0068 0.0068 0.0068 0.0068 0.0068 0.0068 0.0068 0.0068 0.0068 
TS12 0.0076 0.0076 0.0076 0.0076 0.0076 0.0076 0.0076 0.0076 0.0076 0.0076 0.0076 0.0076 0.0076 0.0076 0.0076 0.0076 0.0076 0.0076 0.0076 0.0076 0.0076 0.0076 0.0076 0.0076 0.0076 0.0076 0.0076 0.0076 0.0076 0.0076 0.0076 0.0076 
TS13 0.0242 0.0242 0.0242 0.0242 0.0242 0.0242 0.0242 0.0242 0.0242 0.0242 0.0242 0.0242 0.0242 0.0242 0.0242 0.0242 0.0242 0.0242 0.0242 0.0242 0.0242 0.0242 0.0242 0.0242 0.0242 0.0242 0.0242 0.0242 0.0242 0.0242 0.0242 0.0242 
TS14 0.0158 0.0158 0.0158 0.0158 0.0158 0.0158 0.0158 0.0158 0.0158 0.0158 0.0158 0.0158 0.0158 0.0158 0.0158 0.0158 0.0158 0.0158 0.0158 0.0158 0.0158 0.0158 0.0158 0.0158 0.0158 0.0158 0.0158 0.0158 0.0158 0.0158 0.0158 0.0158 
TS15 0.0314 0.0314 0.0314 0.0314 0.0314 0.0314 0.0314 0.0314 0.0314 0.0314 0.0314 0.0314 0.0314 0.0314 0.0314 0.0314 0.0314 0.0314 0.0314 0.0314 0.0314 0.0314 0.0314 0.0314 0.0314 0.0314 0.0314 0.0314 0.0314 0.0314 0.0314 0.0314 
TS16 0.0237 0.0237 0.0237 0.0237 0.0237 0.0237 0.0237 0.0237 0.0237 0.0237 0.0237 0.0237 0.0237 0.0237 0.0237 0.0237 0.0237 0.0237 0.0237 0.0237 0.0237 0.0237 0.0237 0.0237 0.0237 0.0237 0.0237 0.0237 0.0237 0.0237 0.0237 0.0237 
TS17 0.0108 0.0108 0.0108 0.0108 0.0108 0.0108 0.0108 0.0108 0.0108 0.0108 0.0108 0.0108 0.0108 0.0108 0.0108 0.0108 0.0108 0.0108 0.0108 0.0108 0.0108 0.0108 0.0108 0.0108 0.0108 0.0108 0.0108 0.0108 0.0108 0.0108 0.0108 0.0108 
TS18 0.012 0.012 0.012 0.012 0.012 0.012 0.012 0.012 0.012 0.012 0.012 0.012 0.012 0.012 0.012 0.012 0.012 0.012 0.012 0.012 0.012 0.012 0.012 0.012 0.012 0.012 0.012 0.012 0.012 0.012 0.012 0.012 
TS19 0.0091 0.0091 0.0091 0.0091 0.0091 0.0091 0.0091 0.0091 0.0091 0.0091 0.0091 0.0091 0.0091 0.0091 0.0091 0.0091 0.0091 0.0091 0.0091 0.0091 0.0091 0.0091 0.0091 0.0091 0.0091 0.0091 0.0091 0.0091 0.0091 0.0091 0.0091 0.0091 
TS20 0.006 0.006 0.006 0.006 0.006 0.006 0.006 0.006 0.006 0.006 0.006 0.006 0.006 0.006 0.006 0.006 0.006 0.006 0.006 0.006 0.006 0.006 0.006 0.006 0.006 0.006 0.006 0.006 0.006 0.006 0.006 0.006 
TS21 0.012 0.012 0.012 0.012 0.012 0.012 0.012 0.012 0.012 0.012 0.012 0.012 0.012 0.012 0.012 0.012 0.012 0.012 0.012 0.012 0.012 0.012 0.012 0.012 0.012 0.012 0.012 0.012 0.012 0.012 0.012 0.012 
TS22 0.009 0.009 0.009 0.009 0.009 0.009 0.009 0.009 0.009 0.009 0.009 0.009 0.009 0.009 0.009 0.009 0.009 0.009 0.009 0.009 0.009 0.009 0.009 0.009 0.009 0.009 0.009 0.009 0.009 0.009 0.009 0.009 
TS23 0.0041 0.0041 0.0041 0.0041 0.0041 0.0041 0.0041 0.0041 0.0041 0.0041 0.0041 0.0041 0.0041 0.0041 0.0041 0.0041 0.0041 0.0041 0.0041 0.0041 0.0041 0.0041 0.0041 0.0041 0.0041 0.0041 0.0041 0.0041 0.0041 0.0041 0.0041 0.0041 
TS24 0.0045 0.0045 0.0045 0.0045 0.0045 0.0045 0.0045 0.0045 0.0045 0.0045 0.0045 0.0045 0.0045 0.0045 0.0045 0.0045 0.0045 0.0045 0.0045 0.0045 0.0045 0.0045 0.0045 0.0045 0.0045 0.0045 0.0045 0.0045 0.0045 0.0045 0.0045 0.0045 
TS25 0.049 0.049 0.049 0.049 0.049 0.049 0.049 0.049 0.049 0.049 0.049 0.049 0.049 0.049 0.049 0.049 0.049 0.049 0.049 0.049 0.049 0.049 0.049 0.049 0.049 0.049 0.049 0.049 0.049 0.049 0.049 0.049 
TS26 0.0318 0.0318 0.0318 0.0318 0.0318 0.0318 0.0318 0.0318 0.0318 0.0318 0.0318 0.0318 0.0318 0.0318 0.0318 0.0318 0.0318 0.0318 0.0318 0.0318 0.0318 0.0318 0.0318 0.0318 0.0318 0.0318 0.0318 0.0318 0.0318 0.0318 0.0318 0.0318 
TS27 0.0623 0.0623 0.0623 0.0623 0.0623 0.0623 0.0623 0.0623 0.0623 0.0623 0.0623 0.0623 0.0623 0.0623 0.0623 0.0623 0.0623 0.0623 0.0623 0.0623 0.0623 0.0623 0.0623 0.0623 0.0623 0.0623 0.0623 0.0623 0.0623 0.0623 0.0623 0.0623 
TS28 0.0475 0.0475 0.0475 0.0475 0.0475 0.0475 0.0475 0.0475 0.0475 0.0475 0.0475 0.0475 0.0475 0.0475 0.0475 0.0475 0.0475 0.0475 0.0475 0.0475 0.0475 0.0475 0.0475 0.0475 0.0475 0.0475 0.0475 0.0475 0.0475 0.0475 0.0475 0.0475 
TS29 0.0216 0.0216 0.0216 0.0216 0.0216 0.0216 0.0216 0.0216 0.0216 0.0216 0.0216 0.0216 0.0216 0.0216 0.0216 0.0216 0.0216 0.0216 0.0216 0.0216 0.0216 0.0216 0.0216 0.0216 0.0216 0.0216 0.0216 0.0216 0.0216 0.0216 0.0216 0.0216 
TS30 0.0238 0.0238 0.0238 0.0238 0.0238 0.0238 0.0238 0.0238 0.0238 0.0238 0.0238 0.0238 0.0238 0.0238 0.0238 0.0238 0.0238 0.0238 0.0238 0.0238 0.0238 0.0238 0.0238 0.0238 0.0238 0.0238 0.0238 0.0238 0.0238 0.0238 0.0238 0.0238 
TS31 0.0216 0.0216 0.0216 0.0216 0.0216 0.0216 0.0216 0.0216 0.0216 0.0216 0.0216 0.0216 0.0216 0.0216 0.0216 0.0216 0.0216 0.0216 0.0216 0.0216 0.0216 0.0216 0.0216 0.0216 0.0216 0.0216 0.0216 0.0216 0.0216 0.0216 0.0216 0.0216 
TS32 0.0137 0.0137 0.0137 0.0137 0.0137 0.0137 0.0137 0.0137 0.0137 0.0137 0.0137 0.0137 0.0137 0.0137 0.0137 0.0137 0.0137 0.0137 0.0137 0.0137 0.0137 0.0137 0.0137 0.0137 0.0137 0.0137 0.0137 0.0137 0.0137 0.0137 0.0137 0.0137 
TS33 0.0271 0.0271 0.0271 0.0271 0.0271 0.0271 0.0271 0.0271 0.0271 0.0271 0.0271 0.0271 0.0271 0.0271 0.0271 0.0271 0.0271 0.0271 0.0271 0.0271 0.0271 0.0271 0.0271 0.0271 0.0271 0.0271 0.0271 0.0271 0.0271 0.0271 0.0271 0.0271 
TS34 0.0207 0.0207 0.0207 0.0207 0.0207 0.0207 0.0207 0.0207 0.0207 0.0207 0.0207 0.0207 0.0207 0.0207 0.0207 0.0207 0.0207 0.0207 0.0207 0.0207 0.0207 0.0207 0.0207 0.0207 0.0207 0.0207 0.0207 0.0207 0.0207 0.0207 0.0207 0.0207 
TS35 0.0093 0.0093 0.0093 0.0093 0.0093 0.0093 0.0093 0.0093 0.0093 0.0093 0.0093 0.0093 0.0093 0.0093 0.0093 0.0093 0.0093 0.0093 0.0093 0.0093 0.0093 0.0093 0.0093 0.0093 0.0093 0.0093 0.0093 0.0093 0.0093 0.0093 0.0093 0.0093 
TS36 0.0102 0.0102 0.0102 0.0102 0.0102 0.0102 0.0102 0.0102 0.0102 0.0102 0.0102 0.0102 0.0102 0.0102 0.0102 0.0102 0.0102 0.0102 0.0102 0.0102 0.0102 0.0102 0.0102 0.0102 0.0102 0.0102 0.0102 0.0102 0.0102 0.0102 0.0102 0.0102 
TS37 0.0374 0.0374 0.0374 0.0374 0.0374 0.0374 0.0374 0.0374 0.0374 0.0374 0.0374 0.0374 0.0374 0.0374 0.0374 0.0374 0.0374 0.0374 0.0374 0.0374 0.0374 0.0374 0.0374 0.0374 0.0374 0.0374 0.0374 0.0374 0.0374 0.0374 0.0374 0.0374 
TS38 0.0237 0.0237 0.0237 0.0237 0.0237 0.0237 0.0237 0.0237 0.0237 0.0237 0.0237 0.0237 0.0237 0.0237 0.0237 0.0237 0.0237 0.0237 0.0237 0.0237 0.0237 0.0237 0.0237 0.0237 0.0237 0.0237 0.0237 0.0237 0.0237 0.0237 0.0237 0.0237 
TS39 0.0471 0.0471 0.0471 0.0471 0.0471 0.0471 0.0471 0.0471 0.0471 0.0471 0.0471 0.0471 0.0471 0.0471 0.0471 0.0471 0.0471 0.0471 0.0471 0.0471 0.0471 0.0471 0.0471 0.0471 0.0471 0.0471 0.0471 0.0471 0.0471 0.0471 0.0471 0.0471 
TS40 0.0363 0.0363 0.0363 0.0363 0.0363 0.0363 0.0363 0.0363 0.0363 0.0363 0.0363 0.0363 0.0363 0.0363 0.0363 0.0363 0.0363 0.0363 0.0363 0.0363 0.0363 0.0363 0.0363 0.0363 0.0363 0.0363 0.0363 0.0363 0.0363 0.0363 0.0363 0.0363 
TS41 0.0166 0.0166 0.0166 0.0166 0.0166 0.0166 0.0166 0.0166 0.0166 0.0166 0.0166 0.0166 0.0166 0.0166 0.0166 0.0166 0.0166 0.0166 0.0166 0.0166 0.0166 0.0166 0.0166 0.0166 0.0166 0.0166 0.0166 0.0166 0.0166 0.0166 0.0166 0.0166 
TS42 0.0185 0.0185 0.0185 0.0185 0.0185 0.0185 0.0185 0.0185 0.0185 0.0185 0.0185 0.0185 0.0185 0.0185 0.0185 0.0185 0.0185 0.0185 0.0185 0.0185 0.0185 0.0185 0.0185 0.0185 0.0185 0.0185 0.0185 0.0185 0.0185 0.0185 0.0185 0.0185 
TS43 0.0155 0.0155 0.0155 0.0155 0.0155 0.0155 0.0155 0.0155 0.0155 0.0155 0.0155 0.0155 0.0155 0.0155 0.0155 0.0155 0.0155 0.0155 0.0155 0.0155 0.0155 0.0155 0.0155 0.0155 0.0155 0.0155 0.0155 0.0155 0.0155 0.0155 0.0155 0.0155 
TS44 0.0097 0.0097 0.0097 0.0097 0.0097 0.0097 0.0097 0.0097 0.0097 0.0097 0.0097 0.0097 0.0097 0.0097 0.0097 0.0097 0.0097 0.0097 0.0097 0.0097 0.0097 0.0097 0.0097 0.0097 0.0097 0.0097 0.0097 0.0097 0.0097 0.0097 0.0097 0.0097 
TS45 0.0194 0.0194 0.0194 0.0194 0.0194 0.0194 0.0194 0.0194 0.0194 0.0194 0.0194 0.0194 0.0194 0.0194 0.0194 0.0194 0.0194 0.0194 0.0194 0.0194 0.0194 0.0194 0.0194 0.0194 0.0194 0.0194 0.0194 0.0194 0.0194 0.0194 0.0194 0.0194 
TS46 0.015 0.015 0.015 0.015 0.015 0.015 0.015 0.015 0.015 0.015 0.015 0.015 0.015 0.015 0.015 0.015 0.015 0.015 0.015 0.015 0.015 0.015 0.015 0.015 0.015 0.015 0.015 0.015 0.015 0.015 0.015 0.015 
TS47 0.0068 0.0068 0.0068 0.0068 0.0068 0.0068 0.0068 0.0068 0.0068 0.0068 0.0068 0.0068 0.0068 0.0068 0.0068 0.0068 0.0068 0.0068 0.0068 0.0068 0.0068 0.0068 0.0068 0.0068 0.0068 0.0068 0.0068 0.0068 0.0068 0.0068 0.0068 0.0068 
TS48 0.0076 0.0076 0.0076 0.0076 0.0076 0.0076 0.0076 0.0076 0.0076 0.0076 0.0076 0.0076 0.0076 0.0076 0.0076 0.0076 0.0076 0.0076 0.0076 0.0076 0.0076 0.0076 0.0076 0.0076 0.0076 0.0076 0.0076 0.0076 0.0076 0.0076 0.0076 0.0076 
[RE1,INDELC,*,*]:
2019 2020 2021 2022 2023 2024 2025 2026 2027 2028 2029 2030 2031 2032 2033 2034 2035 2036 2037 2038 2039 2040 2041 2042 2043 2044 2045 2046 2047 2048 2049 2050 :=
TS01 0.0358 0.0358 0.0358 0.0358 0.0358 0.0358 0.0358 0.0358 0.0358 0.0358 0.0358 0.0358 0.0358 0.0358 0.0358 0.0358 0.0358 0.0358 0.0358 0.0358 0.0358 0.0358 0.0358 0.0358 0.0358 0.0358 0.0358 0.0358 0.0358 0.0358 0.0358 0.0358 
TS02 0.0227 0.0227 0.0227 0.0227 0.0227 0.0227 0.0227 0.0227 0.0227 0.0227 0.0227 0.0227 0.0227 0.0227 0.0227 0.0227 0.0227 0.0227 0.0227 0.0227 0.0227 0.0227 0.0227 0.0227 0.0227 0.0227 0.0227 0.0227 0.0227 0.0227 0.0227 0.0227 
TS03 0.0449 0.0449 0.0449 0.0449 0.0449 0.0449 0.0449 0.0449 0.0449 0.0449 0.0449 0.0449 0.0449 0.0449 0.0449 0.0449 0.0449 0.0449 0.0449 0.0449 0.0449 0.0449 0.0449 0.0449 0.0449 0.0449 0.0449 0.0449 0.0449 0.0449 0.0449 0.0449 
TS04 0.034 0.034 0.034 0.034 0.034 0.034 0.034 0.034 0.034 0.034 0.034 0.034 0.034 0.034 0.034 0.034 0.034 0.034 0.034 0.034 0.034 0.034 0.034 0.034 0.034 0.034 0.034 0.034 0.034 0.034 0.034 0.034 
TS05 0.0162 0.0162 0.0162 0.0162 0.0162 0.0162 0.0162 0.0162 0.0162 0.0162 0.0162 0.0162 0.0162 0.0162 0.0162 0.0162 0.0162 0.0162 0.0162 0.0162 0.0162 0.0162 0.0162 0.0162 0.0162 0.0162 0.0162 0.0162 0.0162 0.0162 0.0162 0.0162 
TS06 0.0178 0.0178 0.0178 0.0178 0.0178 0.0178 0.0178 0.0178 0.0178 0.0178 0.0178 0.0178 0.0178 0.0178 0.0178 0.0178 0.0178 0.0178 0.0178 0.0178 0.0178 0.0178 0.0178 0.0178 0.0178 0.0178 0.0178 0.0178 0.0178 0.0178 0.0178 0.0178 
TS07 0.0158 0.0158 0.0158 0.0158 0.0158 0.0158 0.0158 0.0158 0.0158 0.0158 0.0158 0.0158 0.0158 0.0158 0.0158 0.0158 0.0158 0.0158 0.0158 0.0158 0.0158 0.0158 0.0158 0.0158 0.0158 0.0158 0.0158 0.0158 0.0158 0.0158 0.0158 0.0158 
TS08 0.0097 0.0097 0.0097 0.0097 0.0097 0.0097 0.0097 0.0097 0.0097 0.0097 0.0097 0.0097 0.0097 0.0097 0.0097 0.0097 0.0097 0.0097 0.0097 0.0097 0.0097 0.0097 0.0097 0.0097 0.0097 0.0097 0.0097 0.0097 0.0097 0.0097 0.0097 0.0097 
TS09 0.0193 0.0193 0.0193 0.0193 0.0193 0.0193 0.0193 0.0193 0.0193 0.0193 0.0193 0.0193 0.0193 0.0193 0.0193 0.0193 0.0193 0.0193 0.0193 0.0193 0.0193 0.0193 0.0193 0.0193 0.0193 0.0193 0.0193 0.0193 0.0193 0.0193 0.0193 0.0193 
TS10 0.0146 0.0146 0.0146 0.0146 0.0146 0.0146 0.0146 0.0146 0.0146 0.0146 0.0146 0.0146 0.0146 0.0146 0.0146 0.0146 0.0146 0.0146 0.0146 0.0146 0.0146 0.0146 0.0146 0.0146 0.0146 0.0146 0.0146 0.0146 0.0146 0.0146 0.0146 0.0146 
TS11 0.0068 0.0068 0.0068 0.0068 0.0068 0.0068 0.0068 0.0068 0.0068 0.0068 0.0068 0.0068 0.0068 0.0068 0.0068 0.0068 0.0068 0.0068 0.0068 0.0068 0.0068 0.0068 0.0068 0.0068 0.0068 0.0068 0.0068 0.0068 0.0068 0.0068 0.0068 0.0068 
TS12 0.0076 0.0076 0.0076 0.0076 0.0076 0.0076 0.0076 0.0076 0.0076 0.0076 0.0076 0.0076 0.0076 0.0076 0.0076 0.0076 0.0076 0.0076 0.0076 0.0076 0.0076 0.0076 0.0076 0.0076 0.0076 0.0076 0.0076 0.0076 0.0076 0.0076 0.0076 0.0076 
TS13 0.0242 0.0242 0.0242 0.0242 0.0242 0.0242 0.0242 0.0242 0.0242 0.0242 0.0242 0.0242 0.0242 0.0242 0.0242 0.0242 0.0242 0.0242 0.0242 0.0242 0.0242 0.0242 0.0242 0.0242 0.0242 0.0242 0.0242 0.0242 0.0242 0.0242 0.0242 0.0242 
TS14 0.0158 0.0158 0.0158 0.0158 0.0158 0.0158 0.0158 0.0158 0.0158 0.0158 0.0158 0.0158 0.0158 0.0158 0.0158 0.0158 0.0158 0.0158 0.0158 0.0158 0.0158 0.0158 0.0158 0.0158 0.0158 0.0158 0.0158 0.0158 0.0158 0.0158 0.0158 0.0158 
TS15 0.0314 0.0314 0.0314 0.0314 0.0314 0.0314 0.0314 0.0314 0.0314 0.0314 0.0314 0.0314 0.0314 0.0314 0.0314 0.0314 0.0314 0.0314 0.0314 0.0314 0.0314 0.0314 0.0314 0.0314 0.0314 0.0314 0.0314 0.0314 0.0314 0.0314 0.0314 0.0314 
TS16 0.0237 0.0237 0.0237 0.0237 0.0237 0.0237 0.0237 0.0237 0.0237 0.0237 0.0237 0.0237 0.0237 0.0237 0.0237 0.0237 0.0237 0.0237 0.0237 0.0237 0.0237 0.0237 0.0237 0.0237 0.0237 0.0237 0.0237 0.0237 0.0237 0.0237 0.0237 0.0237 
TS17 0.0108 0.0108 0.0108 0.0108 0.0108 0.0108 0.0108 0.0108 0.0108 0.0108 0.0108 0.0108 0.0108 0.0108 0.0108 0.0108 0.0108 0.0108 0.0108 0.0108 0.0108 0.0108 0.0108 0.0108 0.0108 0.0108 0.0108 0.0108 0.0108 0.0108 0.0108 0.0108 
TS18 0.012 0.012 0.012 0.012 0.012 0.012 0.012 0.012 0.012 0.012 0.012 0.012 0.012 0.012 0.012 0.012 0.012 0.012 0.012 0.012 0.012 0.012 0.012 0.012 0.012 0.012 0.012 0.012 0.012 0.012 0.012 0.012 
TS19 0.0091 0.0091 0.0091 0.0091 0.0091 0.0091 0.0091 0.0091 0.0091 0.0091 0.0091 0.0091 0.0091 0.0091 0.0091 0.0091 0.0091 0.0091 0.0091 0.0091 0.0091 0.0091 0.0091 0.0091 0.0091 0.0091 0.0091 0.0091 0.0091 0.0091 0.0091 0.0091 
TS20 0.006 0.006 0.006 0.006 0.006 0.006 0.006 0.006 0.006 0.006 0.006 0.006 0.006 0.006 0.006 0.006 0.006 0.006 0.006 0.006 0.006 0.006 0.006 0.006 0.006 0.006 0.006 0.006 0.006 0.006 0.006 0.006 
TS21 0.012 0.012 0.012 0.012 0.012 0.012 0.012 0.012 0.012 0.012 0.012 0.012 0.012 0.012 0.012 0.012 0.012 0.012 0.012 0.012 0.012 0.012 0.012 0.012 0.012 0.012 0.012 0.012 0.012 0.012 0.012 0.012 
TS22 0.009 0.009 0.009 0.009 0.009 0.009 0.009 0.009 0.009 0.009 0.009 0.009 0.009 0.009 0.009 0.009 0.009 0.009 0.009 0.009 0.009 0.009 0.009 0.009 0.009 0.009 0.009 0.009 0.009 0.009 0.009 0.009 
TS23 0.0041 0.0041 0.0041 0.0041 0.0041 0.0041 0.0041 0.0041 0.0041 0.0041 0.0041 0.0041 0.0041 0.0041 0.0041 0.0041 0.0041 0.0041 0.0041 0.0041 0.0041 0.0041 0.0041 0.0041 0.0041 0.0041 0.0041 0.0041 0.0041 0.0041 0.0041 0.0041 
TS24 0.0045 0.0045 0.0045 0.0045 0.0045 0.0045 0.0045 0.0045 0.0045 0.0045 0.0045 0.0045 0.0045 0.0045 0.0045 0.0045 0.0045 0.0045 0.0045 0.0045 0.0045 0.0045 0.0045 0.0045 0.0045 0.0045 0.0045 0.0045 0.0045 0.0045 0.0045 0.0045 
TS25 0.049 0.049 0.049 0.049 0.049 0.049 0.049 0.049 0.049 0.049 0.049 0.049 0.049 0.049 0.049 0.049 0.049 0.049 0.049 0.049 0.049 0.049 0.049 0.049 0.049 0.049 0.049 0.049 0.049 0.049 0.049 0.049 
TS26 0.0318 0.0318 0.0318 0.0318 0.0318 0.0318 0.0318 0.0318 0.0318 0.0318 0.0318 0.0318 0.0318 0.0318 0.0318 0.0318 0.0318 0.0318 0.0318 0.0318 0.0318 0.0318 0.0318 0.0318 0.0318 0.0318 0.0318 0.0318 0.0318 0.0318 0.0318 0.0318 
TS27 0.0623 0.0623 0.0623 0.0623 0.0623 0.0623 0.0623 0.0623 0.0623 0.0623 0.0623 0.0623 0.0623 0.0623 0.0623 0.0623 0.0623 0.0623 0.0623 0.0623 0.0623 0.0623 0.0623 0.0623 0.0623 0.0623 0.0623 0.0623 0.0623 0.0623 0.0623 0.0623 
TS28 0.0475 0.0475 0.0475 0.0475 0.0475 0.0475 0.0475 0.0475 0.0475 0.0475 0.0475 0.0475 0.0475 0.0475 0.0475 0.0475 0.0475 0.0475 0.0475 0.0475 0.0475 0.0475 0.0475 0.0475 0.0475 0.0475 0.0475 0.0475 0.0475 0.0475 0.0475 0.0475 
TS29 0.0216 0.0216 0.0216 0.0216 0.0216 0.0216 0.0216 0.0216 0.0216 0.0216 0.0216 0.0216 0.0216 0.0216 0.0216 0.0216 0.0216 0.0216 0.0216 0.0216 0.0216 0.0216 0.0216 0.0216 0.0216 0.0216 0.0216 0.0216 0.0216 0.0216 0.0216 0.0216 
TS30 0.0238 0.0238 0.0238 0.0238 0.0238 0.0238 0.0238 0.0238 0.0238 0.0238 0.0238 0.0238 0.0238 0.0238 0.0238 0.0238 0.0238 0.0238 0.0238 0.0238 0.0238 0.0238 0.0238 0.0238 0.0238 0.0238 0.0238 0.0238 0.0238 0.0238 0.0238 0.0238 
TS31 0.0216 0.0216 0.0216 0.0216 0.0216 0.0216 0.0216 0.0216 0.0216 0.0216 0.0216 0.0216 0.0216 0.0216 0.0216 0.0216 0.0216 0.0216 0.0216 0.0216 0.0216 0.0216 0.0216 0.0216 0.0216 0.0216 0.0216 0.0216 0.0216 0.0216 0.0216 0.0216 
TS32 0.0137 0.0137 0.0137 0.0137 0.0137 0.0137 0.0137 0.0137 0.0137 0.0137 0.0137 0.0137 0.0137 0.0137 0.0137 0.0137 0.0137 0.0137 0.0137 0.0137 0.0137 0.0137 0.0137 0.0137 0.0137 0.0137 0.0137 0.0137 0.0137 0.0137 0.0137 0.0137 
TS33 0.0271 0.0271 0.0271 0.0271 0.0271 0.0271 0.0271 0.0271 0.0271 0.0271 0.0271 0.0271 0.0271 0.0271 0.0271 0.0271 0.0271 0.0271 0.0271 0.0271 0.0271 0.0271 0.0271 0.0271 0.0271 0.0271 0.0271 0.0271 0.0271 0.0271 0.0271 0.0271 
TS34 0.0207 0.0207 0.0207 0.0207 0.0207 0.0207 0.0207 0.0207 0.0207 0.0207 0.0207 0.0207 0.0207 0.0207 0.0207 0.0207 0.0207 0.0207 0.0207 0.0207 0.0207 0.0207 0.0207 0.0207 0.0207 0.0207 0.0207 0.0207 0.0207 0.0207 0.0207 0.0207 
TS35 0.0093 0.0093 0.0093 0.0093 0.0093 0.0093 0.0093 0.0093 0.0093 0.0093 0.0093 0.0093 0.0093 0.0093 0.0093 0.0093 0.0093 0.0093 0.0093 0.0093 0.0093 0.0093 0.0093 0.0093 0.0093 0.0093 0.0093 0.0093 0.0093 0.0093 0.0093 0.0093 
TS36 0.0102 0.0102 0.0102 0.0102 0.0102 0.0102 0.0102 0.0102 0.0102 0.0102 0.0102 0.0102 0.0102 0.0102 0.0102 0.0102 0.0102 0.0102 0.0102 0.0102 0.0102 0.0102 0.0102 0.0102 0.0102 0.0102 0.0102 0.0102 0.0102 0.0102 0.0102 0.0102 
TS37 0.0374 0.0374 0.0374 0.0374 0.0374 0.0374 0.0374 0.0374 0.0374 0.0374 0.0374 0.0374 0.0374 0.0374 0.0374 0.0374 0.0374 0.0374 0.0374 0.0374 0.0374 0.0374 0.0374 0.0374 0.0374 0.0374 0.0374 0.0374 0.0374 0.0374 0.0374 0.0374 
TS38 0.0237 0.0237 0.0237 0.0237 0.0237 0.0237 0.0237 0.0237 0.0237 0.0237 0.0237 0.0237 0.0237 0.0237 0.0237 0.0237 0.0237 0.0237 0.0237 0.0237 0.0237 0.0237 0.0237 0.0237 0.0237 0.0237 0.0237 0.0237 0.0237 0.0237 0.0237 0.0237 
TS39 0.0471 0.0471 0.0471 0.0471 0.0471 0.0471 0.0471 0.0471 0.0471 0.0471 0.0471 0.0471 0.0471 0.0471 0.0471 0.0471 0.0471 0.0471 0.0471 0.0471 0.0471 0.0471 0.0471 0.0471 0.0471 0.0471 0.0471 0.0471 0.0471 0.0471 0.0471 0.0471 
TS40 0.0363 0.0363 0.0363 0.0363 0.0363 0.0363 0.0363 0.0363 0.0363 0.0363 0.0363 0.0363 0.0363 0.0363 0.0363 0.0363 0.0363 0.0363 0.0363 0.0363 0.0363 0.0363 0.0363 0.0363 0.0363 0.0363 0.0363 0.0363 0.0363 0.0363 0.0363 0.0363 
TS41 0.0166 0.0166 0.0166 0.0166 0.0166 0.0166 0.0166 0.0166 0.0166 0.0166 0.0166 0.0166 0.0166 0.0166 0.0166 0.0166 0.0166 0.0166 0.0166 0.0166 0.0166 0.0166 0.0166 0.0166 0.0166 0.0166 0.0166 0.0166 0.0166 0.0166 0.0166 0.0166 
TS42 0.0185 0.0185 0.0185 0.0185 0.0185 0.0185 0.0185 0.0185 0.0185 0.0185 0.0185 0.0185 0.0185 0.0185 0.0185 0.0185 0.0185 0.0185 0.0185 0.0185 0.0185 0.0185 0.0185 0.0185 0.0185 0.0185 0.0185 0.0185 0.0185 0.0185 0.0185 0.0185 
TS43 0.0155 0.0155 0.0155 0.0155 0.0155 0.0155 0.0155 0.0155 0.0155 0.0155 0.0155 0.0155 0.0155 0.0155 0.0155 0.0155 0.0155 0.0155 0.0155 0.0155 0.0155 0.0155 0.0155 0.0155 0.0155 0.0155 0.0155 0.0155 0.0155 0.0155 0.0155 0.0155 
TS44 0.0097 0.0097 0.0097 0.0097 0.0097 0.0097 0.0097 0.0097 0.0097 0.0097 0.0097 0.0097 0.0097 0.0097 0.0097 0.0097 0.0097 0.0097 0.0097 0.0097 0.0097 0.0097 0.0097 0.0097 0.0097 0.0097 0.0097 0.0097 0.0097 0.0097 0.0097 0.0097 
TS45 0.0194 0.0194 0.0194 0.0194 0.0194 0.0194 0.0194 0.0194 0.0194 0.0194 0.0194 0.0194 0.0194 0.0194 0.0194 0.0194 0.0194 0.0194 0.0194 0.0194 0.0194 0.0194 0.0194 0.0194 0.0194 0.0194 0.0194 0.0194 0.0194 0.0194 0.0194 0.0194 
TS46 0.015 0.015 0.015 0.015 0.015 0.015 0.015 0.015 0.015 0.015 0.015 0.015 0.015 0.015 0.015 0.015 0.015 0.015 0.015 0.015 0.015 0.015 0.015 0.015 0.015 0.015 0.015 0.015 0.015 0.015 0.015 0.015 
TS47 0.0068 0.0068 0.0068 0.0068 0.0068 0.0068 0.0068 0.0068 0.0068 0.0068 0.0068 0.0068 0.0068 0.0068 0.0068 0.0068 0.0068 0.0068 0.0068 0.0068 0.0068 0.0068 0.0068 0.0068 0.0068 0.0068 0.0068 0.0068 0.0068 0.0068 0.0068 0.0068 
TS48 0.0076 0.0076 0.0076 0.0076 0.0076 0.0076 0.0076 0.0076 0.0076 0.0076 0.0076 0.0076 0.0076 0.0076 0.0076 0.0076 0.0076 0.0076 0.0076 0.0076 0.0076 0.0076 0.0076 0.0076 0.0076 0.0076 0.0076 0.0076 0.0076 0.0076 0.0076 0.0076 
[RE1,RESELC,*,*]:
2019 2020 2021 2022 2023 2024 2025 2026 2027 2028 2029 2030 2031 2032 2033 2034 2035 2036 2037 2038 2039 2040 2041 2042 2043 2044 2045 2046 2047 2048 2049 2050 :=
TS01 0.0358 0.0358 0.0358 0.0358 0.0358 0.0358 0.0358 0.0358 0.0358 0.0358 0.0358 0.0358 0.0358 0.0358 0.0358 0.0358 0.0358 0.0358 0.0358 0.0358 0.0358 0.0358 0.0358 0.0358 0.0358 0.0358 0.0358 0.0358 0.0358 0.0358 0.0358 0.0358 
TS02 0.0227 0.0227 0.0227 0.0227 0.0227 0.0227 0.0227 0.0227 0.0227 0.0227 0.0227 0.0227 0.0227 0.0227 0.0227 0.0227 0.0227 0.0227 0.0227 0.0227 0.0227 0.0227 0.0227 0.0227 0.0227 0.0227 0.0227 0.0227 0.0227 0.0227 0.0227 0.0227 
TS03 0.0449 0.0449 0.0449 0.0449 0.0449 0.0449 0.0449 0.0449 0.0449 0.0449 0.0449 0.0449 0.0449 0.0449 0.0449 0.0449 0.0449 0.0449 0.0449 0.0449 0.0449 0.0449 0.0449 0.0449 0.0449 0.0449 0.0449 0.0449 0.0449 0.0449 0.0449 0.0449 
TS04 0.034 0.034 0.034 0.034 0.034 0.034 0.034 0.034 0.034 0.034 0.034 0.034 0.034 0.034 0.034 0.034 0.034 0.034 0.034 0.034 0.034 0.034 0.034 0.034 0.034 0.034 0.034 0.034 0.034 0.034 0.034 0.034 
TS05 0.0162 0.0162 0.0162 0.0162 0.0162 0.0162 0.0162 0.0162 0.0162 0.0162 0.0162 0.0162 0.0162 0.0162 0.0162 0.0162 0.0162 0.0162 0.0162 0.0162 0.0162 0.0162 0.0162 0.0162 0.0162 0.0162 0.0162 0.0162 0.0162 0.0162 0.0162 0.0162 
TS06 0.0178 0.0178 0.0178 0.0178 0.0178 0.0178 0.0178 0.0178 0.0178 0.0178 0.0178 0.0178 0.0178 0.0178 0.0178 0.0178 0.0178 0.0178 0.0178 0.0178 0.0178 0.0178 0.0178 0.0178 0.0178 0.0178 0.0178 0.0178 0.0178 0.0178 0.0178 0.0178 
TS07 0.0158 0.0158 0.0158 0.0158 0.0158 0.0158 0.0158 0.0158 0.0158 0.0158 0.0158 0.0158 0.0158 0.0158 0.0158 0.0158 0.0158 0.0158 0.0158 0.0158 0.0158 0.0158 0.0158 0.0158 0.0158 0.0158 0.0158 0.0158 0.0158 0.0158 0.0158 0.0158 
TS08 0.0097 0.0097 0.0097 0.0097 0.0097 0.0097 0.0097 0.0097 0.0097 0.0097 0.0097 0.0097 0.0097 0.0097 0.0097 0.0097 0.0097 0.0097 0.0097 0.0097 0.0097 0.0097 0.0097 0.0097 0.0097 0.0097 0.0097 0.0097 0.0097 0.0097 0.0097 0.0097 
TS09 0.0193 0.0193 0.0193 0.0193 0.0193 0.0193 0.0193 0.0193 0.0193 0.0193 0.0193 0.0193 0.0193 0.0193 0.0193 0.0193 0.0193 0.0193 0.0193 0.0193 0.0193 0.0193 0.0193 0.0193 0.0193 0.0193 0.0193 0.0193 0.0193 0.0193 0.0193 0.0193 
TS10 0.0146 0.0146 0.0146 0.0146 0.0146 0.0146 0.0146 0.0146 0.0146 0.0146 0.0146 0.0146 0.0146 0.0146 0.0146 0.0146 0.0146 0.0146 0.0146 0.0146 0.0146 0.0146 0.0146 0.0146 0.0146 0.0146 0.0146 0.0146 0.0146 0.0146 0.0146 0.0146 
TS11 0.0068 0.0068 0.0068 0.0068 0.0068 0.0068 0.0068 0.0068 0.0068 0.0068 0.0068 0.0068 0.0068 0.0068 0.0068 0.0068 0.0068 0.0068 0.0068 0.0068 0.0068 0.0068 0.0068 0.0068 0.0068 0.0068 0.0068 0.0068 0.0068 0.0068 0.0068 0.0068 
TS12 0.0076 0.0076 0.0076 0.0076 0.0076 0.0076 0.0076 0.0076 0.0076 0.0076 0.0076 0.0076 0.0076 0.0076 0.0076 0.0076 0.0076 0.0076 0.0076 0.0076 0.0076 0.0076 0.0076 0.0076 0.0076 0.0076 0.0076 0.0076 0.0076 0.0076 0.0076 0.0076 
TS13 0.0242 0.0242 0.0242 0.0242 0.0242 0.0242 0.0242 0.0242 0.0242 0.0242 0.0242 0.0242 0.0242 0.0242 0.0242 0.0242 0.0242 0.0242 0.0242 0.0242 0.0242 0.0242 0.0242 0.0242 0.0242 0.0242 0.0242 0.0242 0.0242 0.0242 0.0242 0.0242 
TS14 0.0158 0.0158 0.0158 0.0158 0.0158 0.0158 0.0158 0.0158 0.0158 0.0158 0.0158 0.0158 0.0158 0.0158 0.0158 0.0158 0.0158 0.0158 0.0158 0.0158 0.0158 0.0158 0.0158 0.0158 0.0158 0.0158 0.0158 0.0158 0.0158 0.0158 0.0158 0.0158 
TS15 0.0314 0.0314 0.0314 0.0314 0.0314 0.0314 0.0314 0.0314 0.0314 0.0314 0.0314 0.0314 0.0314 0.0314 0.0314 0.0314 0.0314 0.0314 0.0314 0.0314 0.0314 0.0314 0.0314 0.0314 0.0314 0.0314 0.0314 0.0314 0.0314 0.0314 0.0314 0.0314 
TS16 0.0237 0.0237 0.0237 0.0237 0.0237 0.0237 0.0237 0.0237 0.0237 0.0237 0.0237 0.0237 0.0237 0.0237 0.0237 0.0237 0.0237 0.0237 0.0237 0.0237 0.0237 0.0237 0.0237 0.0237 0.0237 0.0237 0.0237 0.0237 0.0237 0.0237 0.0237 0.0237 
TS17 0.0108 0.0108 0.0108 0.0108 0.0108 0.0108 0.0108 0.0108 0.0108 0.0108 0.0108 0.0108 0.0108 0.0108 0.0108 0.0108 0.0108 0.0108 0.0108 0.0108 0.0108 0.0108 0.0108 0.0108 0.0108 0.0108 0.0108 0.0108 0.0108 0.0108 0.0108 0.0108 
TS18 0.012 0.012 0.012 0.012 0.012 0.012 0.012 0.012 0.012 0.012 0.012 0.012 0.012 0.012 0.012 0.012 0.012 0.012 0.012 0.012 0.012 0.012 0.012 0.012 0.012 0.012 0.012 0.012 0.012 0.012 0.012 0.012 
TS19 0.0091 0.0091 0.0091 0.0091 0.0091 0.0091 0.0091 0.0091 0.0091 0.0091 0.0091 0.0091 0.0091 0.0091 0.0091 0.0091 0.0091 0.0091 0.0091 0.0091 0.0091 0.0091 0.0091 0.0091 0.0091 0.0091 0.0091 0.0091 0.0091 0.0091 0.0091 0.0091 
TS20 0.006 0.006 0.006 0.006 0.006 0.006 0.006 0.006 0.006 0.006 0.006 0.006 0.006 0.006 0.006 0.006 0.006 0.006 0.006 0.006 0.006 0.006 0.006 0.006 0.006 0.006 0.006 0.006 0.006 0.006 0.006 0.006 
TS21 0.012 0.012 0.012 0.012 0.012 0.012 0.012 0.012 0.012 0.012 0.012 0.012 0.012 0.012 0.012 0.012 0.012 0.012 0.012 0.012 0.012 0.012 0.012 0.012 0.012 0.012 0.012 0.012 0.012 0.012 0.012 0.012 
TS22 0.009 0.009 0.009 0.009 0.009 0.009 0.009 0.009 0.009 0.009 0.009 0.009 0.009 0.009 0.009 0.009 0.009 0.009 0.009 0.009 0.009 0.009 0.009 0.009 0.009 0.009 0.009 0.009 0.009 0.009 0.009 0.009 
TS23 0.0041 0.0041 0.0041 0.0041 0.0041 0.0041 0.0041 0.0041 0.0041 0.0041 0.0041 0.0041 0.0041 0.0041 0.0041 0.0041 0.0041 0.0041 0.0041 0.0041 0.0041 0.0041 0.0041 0.0041 0.0041 0.0041 0.0041 0.0041 0.0041 0.0041 0.0041 0.0041 
TS24 0.0045 0.0045 0.0045 0.0045 0.0045 0.0045 0.0045 0.0045 0.0045 0.0045 0.0045 0.0045 0.0045 0.0045 0.0045 0.0045 0.0045 0.0045 0.0045 0.0045 0.0045 0.0045 0.0045 0.0045 0.0045 0.0045 0.0045 0.0045 0.0045 0.0045 0.0045 0.0045 
TS25 0.049 0.049 0.049 0.049 0.049 0.049 0.049 0.049 0.049 0.049 0.049 0.049 0.049 0.049 0.049 0.049 0.049 0.049 0.049 0.049 0.049 0.049 0.049 0.049 0.049 0.049 0.049 0.049 0.049 0.049 0.049 0.049 
TS26 0.0318 0.0318 0.0318 0.0318 0.0318 0.0318 0.0318 0.0318 0.0318 0.0318 0.0318 0.0318 0.0318 0.0318 0.0318 0.0318 0.0318 0.0318 0.0318 0.0318 0.0318 0.0318 0.0318 0.0318 0.0318 0.0318 0.0318 0.0318 0.0318 0.0318 0.0318 0.0318 
TS27 0.0623 0.0623 0.0623 0.0623 0.0623 0.0623 0.0623 0.0623 0.0623 0.0623 0.0623 0.0623 0.0623 0.0623 0.0623 0.0623 0.0623 0.0623 0.0623 0.0623 0.0623 0.0623 0.0623 0.0623 0.0623 0.0623 0.0623 0.0623 0.0623 0.0623 0.0623 0.0623 
TS28 0.0475 0.0475 0.0475 0.0475 0.0475 0.0475 0.0475 0.0475 0.0475 0.0475 0.0475 0.0475 0.0475 0.0475 0.0475 0.0475 0.0475 0.0475 0.0475 0.0475 0.0475 0.0475 0.0475 0.0475 0.0475 0.0475 0.0475 0.0475 0.0475 0.0475 0.0475 0.0475 
TS29 0.0216 0.0216 0.0216 0.0216 0.0216 0.0216 0.0216 0.0216 0.0216 0.0216 0.0216 0.0216 0.0216 0.0216 0.0216 0.0216 0.0216 0.0216 0.0216 0.0216 0.0216 0.0216 0.0216 0.0216 0.0216 0.0216 0.0216 0.0216 0.0216 0.0216 0.0216 0.0216 
TS30 0.0238 0.0238 0.0238 0.0238 0.0238 0.0238 0.0238 0.0238 0.0238 0.0238 0.0238 0.0238 0.0238 0.0238 0.0238 0.0238 0.0238 0.0238 0.0238 0.0238 0.0238 0.0238 0.0238 0.0238 0.0238 0.0238 0.0238 0.0238 0.0238 0.0238 0.0238 0.0238 
TS31 0.0216 0.0216 0.0216 0.0216 0.0216 0.0216 0.0216 0.0216 0.0216 0.0216 0.0216 0.0216 0.0216 0.0216 0.0216 0.0216 0.0216 0.0216 0.0216 0.0216 0.0216 0.0216 0.0216 0.0216 0.0216 0.0216 0.0216 0.0216 0.0216 0.0216 0.0216 0.0216 
TS32 0.0137 0.0137 0.0137 0.0137 0.0137 0.0137 0.0137 0.0137 0.0137 0.0137 0.0137 0.0137 0.0137 0.0137 0.0137 0.0137 0.0137 0.0137 0.0137 0.0137 0.0137 0.0137 0.0137 0.0137 0.0137 0.0137 0.0137 0.0137 0.0137 0.0137 0.0137 0.0137 
TS33 0.0271 0.0271 0.0271 0.0271 0.0271 0.0271 0.0271 0.0271 0.0271 0.0271 0.0271 0.0271 0.0271 0.0271 0.0271 0.0271 0.0271 0.0271 0.0271 0.0271 0.0271 0.0271 0.0271 0.0271 0.0271 0.0271 0.0271 0.0271 0.0271 0.0271 0.0271 0.0271 
TS34 0.0207 0.0207 0.0207 0.0207 0.0207 0.0207 0.0207 0.0207 0.0207 0.0207 0.0207 0.0207 0.0207 0.0207 0.0207 0.0207 0.0207 0.0207 0.0207 0.0207 0.0207 0.0207 0.0207 0.0207 0.0207 0.0207 0.0207 0.0207 0.0207 0.0207 0.0207 0.0207 
TS35 0.0093 0.0093 0.0093 0.0093 0.0093 0.0093 0.0093 0.0093 0.0093 0.0093 0.0093 0.0093 0.0093 0.0093 0.0093 0.0093 0.0093 0.0093 0.0093 0.0093 0.0093 0.0093 0.0093 0.0093 0.0093 0.0093 0.0093 0.0093 0.0093 0.0093 0.0093 0.0093 
TS36 0.0102 0.0102 0.0102 0.0102 0.0102 0.0102 0.0102 0.0102 0.0102 0.0102 0.0102 0.0102 0.0102 0.0102 0.0102 0.0102 0.0102 0.0102 0.0102 0.0102 0.0102 0.0102 0.0102 0.0102 0.0102 0.0102 0.0102 0.0102 0.0102 0.0102 0.0102 0.0102 
TS37 0.0374 0.0374 0.0374 0.0374 0.0374 0.0374 0.0374 0.0374 0.0374 0.0374 0.0374 0.0374 0.0374 0.0374 0.0374 0.0374 0.0374 0.0374 0.0374 0.0374 0.0374 0.0374 0.0374 0.0374 0.0374 0.0374 0.0374 0.0374 0.0374 0.0374 0.0374 0.0374 
TS38 0.0237 0.0237 0.0237 0.0237 0.0237 0.0237 0.0237 0.0237 0.0237 0.0237 0.0237 0.0237 0.0237 0.0237 0.0237 0.0237 0.0237 0.0237 0.0237 0.0237 0.0237 0.0237 0.0237 0.0237 0.0237 0.0237 0.0237 0.0237 0.0237 0.0237 0.0237 0.0237 
TS39 0.0471 0.0471 0.0471 0.0471 0.0471 0.0471 0.0471 0.0471 0.0471 0.0471 0.0471 0.0471 0.0471 0.0471 0.0471 0.0471 0.0471 0.0471 0.0471 0.0471 0.0471 0.0471 0.0471 0.0471 0.0471 0.0471 0.0471 0.0471 0.0471 0.0471 0.0471 0.0471 
TS40 0.0363 0.0363 0.0363 0.0363 0.0363 0.0363 0.0363 0.0363 0.0363 0.0363 0.0363 0.0363 0.0363 0.0363 0.0363 0.0363 0.0363 0.0363 0.0363 0.0363 0.0363 0.0363 0.0363 0.0363 0.0363 0.0363 0.0363 0.0363 0.0363 0.0363 0.0363 0.0363 
TS41 0.0166 0.0166 0.0166 0.0166 0.0166 0.0166 0.0166 0.0166 0.0166 0.0166 0.0166 0.0166 0.0166 0.0166 0.0166 0.0166 0.0166 0.0166 0.0166 0.0166 0.0166 0.0166 0.0166 0.0166 0.0166 0.0166 0.0166 0.0166 0.0166 0.0166 0.0166 0.0166 
TS42 0.0185 0.0185 0.0185 0.0185 0.0185 0.0185 0.0185 0.0185 0.0185 0.0185 0.0185 0.0185 0.0185 0.0185 0.0185 0.0185 0.0185 0.0185 0.0185 0.0185 0.0185 0.0185 0.0185 0.0185 0.0185 0.0185 0.0185 0.0185 0.0185 0.0185 0.0185 0.0185 
TS43 0.0155 0.0155 0.0155 0.0155 0.0155 0.0155 0.0155 0.0155 0.0155 0.0155 0.0155 0.0155 0.0155 0.0155 0.0155 0.0155 0.0155 0.0155 0.0155 0.0155 0.0155 0.0155 0.0155 0.0155 0.0155 0.0155 0.0155 0.0155 0.0155 0.0155 0.0155 0.0155 
TS44 0.0097 0.0097 0.0097 0.0097 0.0097 0.0097 0.0097 0.0097 0.0097 0.0097 0.0097 0.0097 0.0097 0.0097 0.0097 0.0097 0.0097 0.0097 0.0097 0.0097 0.0097 0.0097 0.0097 0.0097 0.0097 0.0097 0.0097 0.0097 0.0097 0.0097 0.0097 0.0097 
TS45 0.0194 0.0194 0.0194 0.0194 0.0194 0.0194 0.0194 0.0194 0.0194 0.0194 0.0194 0.0194 0.0194 0.0194 0.0194 0.0194 0.0194 0.0194 0.0194 0.0194 0.0194 0.0194 0.0194 0.0194 0.0194 0.0194 0.0194 0.0194 0.0194 0.0194 0.0194 0.0194 
TS46 0.015 0.015 0.015 0.015 0.015 0.015 0.015 0.015 0.015 0.015 0.015 0.015 0.015 0.015 0.015 0.015 0.015 0.015 0.015 0.015 0.015 0.015 0.015 0.015 0.015 0.015 0.015 0.015 0.015 0.015 0.015 0.015 
TS47 0.0068 0.0068 0.0068 0.0068 0.0068 0.0068 0.0068 0.0068 0.0068 0.0068 0.0068 0.0068 0.0068 0.0068 0.0068 0.0068 0.0068 0.0068 0.0068 0.0068 0.0068 0.0068 0.0068 0.0068 0.0068 0.0068 0.0068 0.0068 0.0068 0.0068 0.0068 0.0068 
TS48 0.0076 0.0076 0.0076 0.0076 0.0076 0.0076 0.0076 0.0076 0.0076 0.0076 0.0076 0.0076 0.0076 0.0076 0.0076 0.0076 0.0076 0.0076 0.0076 0.0076 0.0076 0.0076 0.0076 0.0076 0.0076 0.0076 0.0076 0.0076 0.0076 0.0076 0.0076 0.0076 
;

param EmissionActivityRatio default 0.0 :=
[RE1,PWRNGS001,CO2,*,*]:
2019 2020 2021 2022 2023 2024 2025 2026 2027 2028 2029 2030 2031 2032 2033 2034 2035 2036 2037 2038 2039 2040 2041 2042 2043 2044 2045 2046 2047 2048 2049 2050 :=
1 0.166 0.166 0.166 0.166 0.166 0.166 0.166 0.166 0.166 0.166 0.166 0.166 0.166 0.166 0.166 0.166 0.166 0.166 0.166 0.166 0.166 0.166 0.166 0.166 0.166 0.166 0.166 0.166 0.166 0.166 0.166 0.166 
[RE1,PWRLFO001,CO2,*,*]:
2019 2020 2021 2022 2023 2024 2025 2026 2027 2028 2029 2030 2031 2032 2033 2034 2035 2036 2037 2038 2039 2040 2041 2042 2043 2044 2045 2046 2047 2048 2049 2050 :=
1 0.252 0.252 0.252 0.252 0.252 0.252 0.252 0.252 0.252 0.252 0.252 0.252 0.252 0.252 0.252 0.252 0.252 0.252 0.252 0.252 0.252 0.252 0.252 0.252 0.252 0.252 0.252 0.252 0.252 0.252 0.252 0.252 
[RE1,PWRBIO001,CO2,*,*]:
2019 2020 2021 2022 2023 2024 2025 2026 2027 2028 2029 2030 2031 2032 2033 2034 2035 2036 2037 2038 2039 2040 2041 2042 2043 2044 2045 2046 2047 2048 2049 2050 :=
1 0.166 0.166 0.166 0.166 0.166 0.166 0.166 0.166 0.166 0.166 0.166 0.166 0.166 0.166 0.166 0.166 0.166 0.166 0.166 0.166 0.166 0.166 0.166 0.166 0.166 0.166 0.166 0.166 0.166 0.166 0.166 0.166 
[RE1,PWRHFO001,CO2,*,*]:
2019 2020 2021 2022 2023 2024 2025 2026 2027 2028 2029 2030 2031 2032 2033 2034 2035 2036 2037 2038 2039 2040 2041 2042 2043 2044 2045 2046 2047 2048 2049 2050 :=
1 0.191 0.191 0.191 0.191 0.191 0.191 0.191 0.191 0.191 0.191 0.191 0.191 0.191 0.191 0.191 0.191 0.191 0.191 0.191 0.191 0.191 0.191 0.191 0.191 0.191 0.191 0.191 0.191 0.191 0.191 0.191 0.191 
[RE1,PWRCOA001,CO2,*,*]:
2019 2020 2021 2022 2023 2024 2025 2026 2027 2028 2029 2030 2031 2032 2033 2034 2035 2036 2037 2038 2039 2040 2041 2042 2043 2044 2045 2046 2047 2048 2049 2050 :=
1 0.245 0.245 0.245 0.245 0.245 0.245 0.245 0.245 0.245 0.245 0.245 0.245 0.245 0.245 0.245 0.245 0.245 0.245 0.245 0.245 0.245 0.245 0.245 0.245 0.245 0.245 0.245 0.245 0.245 0.245 0.245 0.245 
;

param ReserveMargin default 0.0 :
2019 2020 2021 2022 2023 2024 2025 2026 2027 2028 2029 2030 2031 2032 2033 2034 2035 2036 2037 2038 2039 2040 2041 2042 2043 2044 2045 2046 2047 2048 2049 2050 :=
RE1 1.09 1.09 1.09 1.09 1.09 1.09 1.09 1.09 1.09 1.09 1.09 1.09 1.09 1.09 1.09 1.09 1.09 1.09 1.09 1.09 1.09 1.09 1.09 1.09 1.09 1.09 1.09 1.09 1.09 1.09 1.09 1.09 
;

param ReserveMarginTagFuel default 0.0 :=
[RE1,*,*]:
2019 2020 2021 2022 2023 2024 2025 2026 2027 2028 2029 2030 2031 2032 2033 2034 2035 2036 2037 2038 2039 2040 2041 2042 2043 2044 2045 2046 2047 2048 2049 2050 :=
ELC001 1 1 1 1 1 1 1 1 1 1 1 1 1 1 1 1 1 1 1 1 1 1 1 1 1 1 1 1 1 1 1 1 
;

param ReserveMarginTagTechnology default 0.0 :=
[RE1,*,*]:
2019 2020 2021 2022 2023 2024 2025 2026 2027 2028 2029 2030 2031 2032 2033 2034 2035 2036 2037 2038 2039 2040 2041 2042 2043 2044 2045 2046 2047 2048 2049 2050 :=
BACKSTOP 1 1 1 1 1 1 1 1 1 1 1 1 1 1 1 1 1 1 1 1 1 1 1 1 1 1 1 1 1 1 1 1 
BESS_TECH 0.75 0.75 0.75 0.75 0.75 0.75 0.75 0.75 0.75 0.75 0.75 0.75 0.75 0.75 0.75 0.75 0.75 0.75 0.75 0.75 0.75 0.75 0.75 0.75 0.75 0.75 0.75 0.75 0.75 0.75 0.75 0.75 
PWRBIO001 1 1 1 1 1 1 1 1 1 1 1 1 1 1 1 1 1 1 1 1 1 1 1 1 1 1 1 1 1 1 1 1 
PWRCOA001 1 1 1 1 1 1 1 1 1 1 1 1 1 1 1 1 1 1 1 1 1 1 1 1 1 1 1 1 1 1 1 1 
PWRGEO001 1 1 1 1 1 1 1 1 1 1 1 1 1 1 1 1 1 1 1 1 1 1 1 1 1 1 1 1 1 1 1 1 
PWRGEO002 1 1 1 1 1 1 1 1 1 1 1 1 1 1 1 1 1 1 1 1 1 1 1 1 1 1 1 1 1 1 1 1 
PWRGEO003 1 1 1 1 1 1 1 1 1 1 1 1 1 1 1 1 1 1 1 1 1 1 1 1 1 1 1 1 1 1 1 1 
PWRGEO004 1 1 1 1 1 1 1 1 1 1 1 1 1 1 1 1 1 1 1 1 1 1 1 1 1 1 1 1 1 1 1 1 
PWRGEO005 1 1 1 1 1 1 1 1 1 1 1 1 1 1 1 1 1 1 1 1 1 1 1 1 1 1 1 1 1 1 1 1 
PWRGEO006 1 1 1 1 1 1 1 1 1 1 1 1 1 1 1 1 1 1 1 1 1 1 1 1 1 1 1 1 1 1 1 1 
PWRGEO007 1 1 1 1 1 1 1 1 1 1 1 1 1 1 1 1 1 1 1 1 1 1 1 1 1 1 1 1 1 1 1 1 
PWRHFO001 1 1 1 1 1 1 1 1 1 1 1 1 1 1 1 1 1 1 1 1 1 1 1 1 1 1 1 1 1 1 1 1 
PWRHYD002 1 1 1 1 1 1 1 1 1 1 1 1 1 1 1 1 1 1 1 1 1 1 1 1 1 1 1 1 1 1 1 1 
PWRHYD003 1 1 1 1 1 1 1 1 1 1 1 1 1 1 1 1 1 1 1 1 1 1 1 1 1 1 1 1 1 1 1 1 
PWRHYD004 1 1 1 1 1 1 1 1 1 1 1 1 1 1 1 1 1 1 1 1 1 1 1 1 1 1 1 1 1 1 1 1 
PWRHYD005 1 1 1 1 1 1 1 1 1 1 1 1 1 1 1 1 1 1 1 1 1 1 1 1 1 1 1 1 1 1 1 1 
PWRLFO001 1 1 1 1 1 1 1 1 1 1 1 1 1 1 1 1 1 1 1 1 1 1 1 1 1 1 1 1 1 1 1 1 
PWRNGS001 1 1 1 1 1 1 1 1 1 1 1 1 1 1 1 1 1 1 1 1 1 1 1 1 1 1 1 1 1 1 1 1 
PWRPHS001 0.75 0.75 0.75 0.75 0.75 0.75 0.75 0.75 0.75 0.75 0.75 0.75 0.75 0.75 0.75 0.75 0.75 0.75 0.75 0.75 0.75 0.75 0.75 0.75 0.75 0.75 0.75 0.75 0.75 0.75 0.75 0.75 
PWRPHS002 0.75 0.75 0.75 0.75 0.75 0.75 0.75 0.75 0.75 0.75 0.75 0.75 0.75 0.75 0.75 0.75 0.75 0.75 0.75 0.75 0.75 0.75 0.75 0.75 0.75 0.75 0.75 0.75 0.75 0.75 0.75 0.75 
PWRURN001 1 1 1 1 1 1 1 1 1 1 1 1 1 1 1 1 1 1 1 1 1 1 1 1 1 1 1 1 1 1 1 1 
;

param UDCMultiplierActivity default 0.0 :=
[RE1,PWRNGS001,*,*]:
2019 2020 2021 2022 2023 2024 2025 2026 2027 2028 2029 2030 2031 2032 2033 2034 2035 2036 2037 2038 2039 2040 2041 2042 2043 2044 2045 2046 2047 2048 2049 2050 :=
GasMinUsage -1 -1 -1 -1 -1 -1 -1 -1 -1 -1 -1 -1 -1 -1 -1 -1 -1 -1 -1 -1 -1 -1 -1 -1 -1 -1 -1 -1 -1 -1 -1 -1 
;

param UDCMultiplierTotalCapacity default 0.0 :=
[RE1,PWRNGS001,*,*]:
2019 2020 2021 2022 2023 2024 2025 2026 2027 2028 2029 2030 2031 2032 2033 2034 2035 2036 2037 2038 2039 2040 2041 2042 2043 2044 2045 2046 2047 2048 2049 2050 :=
GasMinUsage 0.7884 0.7884 0.7884 0.7884 0.7884 0.7884 0.7884 0.7884 0.7884 0.7884 0.7884 0.7884 0.7884 0.7884 0.7884 0.7884 0.7884 0.7884 0.7884 0.7884 0.7884 0.7884 0.7884 0.7884 0.7884 0.7884 0.7884 0.7884 0.7884 0.7884 0.7884 0.7884 
;

param UDCTag default -1.0 :
GasMinUsage :=
RE1 0 
;

param AccumulatedAnnualDemand default 0 :=
;
param AnnualEmissionLimit default 999999 :=
;
param CapacityOfOneTechnologyUnit default 0 :=
;
param DaysInDayType default 1 :=
;
param EmissionToActivityChangeRatio default 0 :=
;
param EmissionsPenalty default 0 :=
;
param InputToNewCapacityRatio default 0 :=
;
param InputToTotalCapacityRatio default 0 :=
;
param MinStorageCharge default 0 :=
;
param ResidualStorageCapacity default 0 :=
;
param TechnologyActivityByModeLowerLimit default 0 :=
;
param TechnologyActivityByModeUpperLimit default 99999 :=
;
param TechnologyActivityDecreaseByModeLimit default 0 :=
;
param TechnologyActivityIncreaseByModeLimit default 0 :=
;
param TotalAnnualMinCapacityInvestment default 0 :=
;
param TotalTechnologyAnnualActivityLowerLimit default 0 :=
;
param TotalTechnologyAnnualActivityUpperLimit default 999999 :=
;
param TradeRoute default 0 :=
;
param UDCConstant default 0 :=
;
param UDCMultiplierNewCapacity default 0 :=
;
#
end;
