Scen_fut,demand_2050_sum,capex_geo_2050_mean,gas_price_2050_median_nonzero,capex_nuc_2050_mean,capex_impngs_2050_mean,capex_bess_2050_mean,capex_solar_2050_mean,capex_wind_2050_mean,discount_rate_global,discount_rate_batt_2050,discount_rate_wnd_2050,discount_rate_wsb_2050_mean,maxcap_geo006_2050_mean,gas_cap_2050,no_gas_2050
Scenario1_0,199.942,3554.562857142857,10.15,5000.0,20.0,731.8,1081.6,1666.059090909091,0.097,0.058,0.05500000000000001,0.05264285714285716,3.42,0.0,1
Scenario1_1,225.1848600616,3515.9350102573285,10.5112698644,5816.3267169547,21.6714688787,1078.7362130763,1426.4859397182,1141.9826726492636,0.097,0.105484125,0.10002804959999999,0.09574113318571431,4.8461995263,1.411366909387225,0
Scenario1_2,387.0328491583,3488.361157814186,11.183600141,5353.6198051723,24.4949653666,910.451757152,786.1132058574,1665.813337086136,0.086,0.0531269635,0.050379017100000006,0.04821991637142858,4.1300668972,0.0,1
Scenario1_3,260.51396094610004,3566.299654368814,16.7810525845,6543.5634192632,21.3595372382,655.7140461987,1082.3913227513,1751.3550363072818,0.101,0.0687959371,0.06523752650000002,0.06244163251428573,5.2775857138,0.0,1
Scenario1_4,289.1754574818,3599.2388107368856,16.4238387986,5093.4320581097,27.1919822334,426.0529023908,930.6825162778,1283.8928816690366,0.076,0.0622439503,0.05902443560000001,0.056494816935714294,5.6299330961,0.0,1
Scenario1_5,239.37372773980002,3545.410109472443,12.2143113764,5072.9428165405,19.2815999319,428.3638039838,1366.7518884286,1482.5626312260363,0.08,0.078462647,0.07440423419999999,0.0712154813142857,4.534496072,0.0,1
Scenario1_6,297.7158964396,3488.2839025447856,9.1214606726,5755.775171216,25.0096812002,771.542124224,949.3502646141,1645.203866432882,0.142,0.0793225004,0.07521961249999999,0.07199591482142856,5.7225162342,0.0,1
Scenario1_7,392.1476180508,3636.5423063149856,10.9969084802,7047.7366868022,26.6367028341,413.3279733268,634.9385907407,1970.4454315199907,0.141,0.0885397613,0.08396011849999999,0.0803618277,5.1484252415,0.0,1
Scenario1_8,307.3792011965,3610.592269215114,8.7564581793,5254.9031063856,23.2034697236,573.6698484433,1525.5471441247,1960.8922774059274,0.091,0.1287081621,0.12205084340000001,0.11682009296428573,5.1121261855,0.0,1
Scenario1_9,255.8604438484,3645.161180177786,13.5637082207,4555.4803142797,18.7835969462,492.2515852042,1188.1110269692,1173.5589790434274,0.117,0.0583951633,0.0553747239,0.053001521442857136,5.6148966113,0.0,1
Scenario1_10,306.0217313389,3638.145446768,13.9956666754,4311.0541970522,18.2123460177,768.6350434621,727.7487752998,1074.6982811824455,0.096,0.0483467795,0.045846084,0.04388125183571429,4.0133238856,0.0,1
Scenario1_11,224.3352938828,3636.993985056343,10.417521148,4741.4931712057,19.1686946237,886.1044314277,1008.1977439052,2204.6674421995813,0.083,0.0454827321,0.043130177,0.04128174084999999,3.9499266913,0.0,1
Scenario1_12,182.0482766412,3502.8462716458425,8.2663148256,3985.8382113991,17.997185623,1092.3751121731,1381.6388173573,1565.2681831931636,0.087,0.0543727604,0.0515603762,0.04935064579999999,4.2996187525,0.5020522065579041,0
Scenario1_13,318.6537734284,3629.766732784214,11.592797712,5452.7741161219,24.3082649603,1026.7778801143,1438.8153237095,1308.659441894082,0.119,0.0726123444,0.0688565335,0.06590553920714284,3.9285035148,0.0,1
Scenario1_14,248.77634147579997,3612.8250076262,13.9600744717,4215.9771015393,20.8388043032,892.0864999416,1641.3584911918,2366.4140086417638,0.097,0.118840514,0.11269359089999999,0.1078638655642857,5.4683343682,0.3882979615259018,0
Scenario1_15,336.85842930210003,3629.262745930271,14.0282919076,5411.4872748969,17.6698255953,831.1676560756,634.3156955809,1707.6088158793457,0.139,0.0683700856,0.06483370190000001,0.062055114664285725,4.5629058884,0.0,1
Scenario1_16,246.4467082747,3471.5536319474,10.6516070713,5581.9774525683,22.5703986058,1091.4939752906,686.1336356082,1517.6096486484455,0.083,0.1041929636,0.0988036724,0.09456922928571432,3.7503391115,0.0,1
Scenario1_17,359.3472284414,3483.886092650057,9.1672326306,4774.6649954552,18.1980497982,453.2001491458,631.6488715677,2217.2753109891814,0.102,0.1015654581,0.09631207239999999,0.09218441214999998,4.6898366137,0.0,1
Scenario1_18,378.8718767514,3599.0896024061853,16.7017987154,5307.5443008682,18.6350763253,752.0492232329,1564.5037962953,1604.3476106814908,0.093,0.0440981745,0.04181723450000001,0.0400250673,4.0859597377,0.0,1
Scenario1_19,354.0730704958,3559.3946580636853,7.276249959,4225.9052026465,27.1652848344,966.5495878193,890.5905895969,2048.693547195,0.095,0.0794982361,0.0753862584,0.07215541875,5.3989476853,0.0,1
Scenario1_20,233.04215986399998,3667.3021633492,7.6002307363,4681.8378515528,22.1111864259,836.1838121768,1615.5044000784,1194.3436370543182,0.073,0.131605968,0.1247987627,0.11945024430714286,4.5591335613,0.1907945167380655,0
Scenario1_21,346.29363718589997,3531.0281402686282,8.0802043137,6219.7308741222,22.6776051875,658.6221231048,1168.1189678146,1080.0340637815273,0.139,0.0550625884,0.0522145235,0.049976758207142855,4.6749280371,0.0,1
Scenario1_22,272.4343361881,3486.0363255746,18.0263737238,4725.9450847807,23.2895584569,998.8502286204,639.4306847336,1446.553805069355,0.08,0.1320607619,0.1252300328,0.11986303139285714,5.3490763611,5.123912263541021,0
Scenario1_23,278.7321115528,3652.9444355534856,13.3352906905,4877.8738895781,19.363748981,982.988779467,1278.56083102,1772.7678482269548,0.103,0.0542248558,0.0514201219,0.04921640239285714,4.7502964388,0.0,1
Scenario1_24,316.4300568311,3568.244653288657,10.374142314,5628.7790078889,24.8729897908,671.3878530578,1629.5827634401,1281.976578136591,0.087,0.057781619,0.0547929146,0.05244464682857143,5.5908877306,0.0,1
Scenario1_25,307.61989512490004,3615.2091809939566,14.8001525219,5462.6580133912,21.1261303037,912.0163690473,664.747515061,2086.8476772637,0.145,0.084245188,0.0798876783,0.07646392066428571,5.0466774889,0.0,1
Scenario1_26,206.2762897648,3586.817217121443,10.4611254232,7512.2862960281,25.4510642279,484.8898225078,1249.2267147166,2515.219327239946,0.075,0.0646103801,0.061268463899999986,0.05864267258571427,5.623455154,0.0,1
Scenario1_27,333.7167078358,3631.9356449321426,7.1313217063,6789.4228635081,26.8344329747,450.2399929864,577.6925628887,1082.788930041018,0.124,0.0840619679,0.07971393510000001,0.0762976236,4.8267281367,0.0,1
Scenario1_28,264.1189790762,3478.7804564975568,13.9307572591,5156.4899621487,20.3252527657,662.7611305824,1527.6791910795,1244.1967771899274,0.077,0.1128508115,0.1070137006,0.1024273991357143,4.1600255576,0.0,1
Scenario1_29,386.2998946906,3481.2112751295,8.2230621661,4508.4699405063,22.7752306309,676.7234454201,588.929348011,2307.277002765045,0.083,0.0905458228,0.08586241819999998,0.08218260027142857,3.6026617929,0.0,1
Scenario1_30,271.75107358820003,3675.4141677103,8.9917282635,7143.8554483944,24.8336365625,874.0740056462,909.7500354218,1145.8570377602725,0.091,0.061940943,0.058737101099999994,0.056219796764285714,3.639156736,0.0,1
Scenario1_31,300.6858557197,3490.272764884143,17.5784375485,4378.5017873454,19.9455562949,1041.8624269084,867.7355393396,1546.6975877030366,0.094,0.0685995707,0.0650513171,0.0622634035,4.6013033599,0.248587071226709,0
Scenario1_32,361.7249697757,3562.327993972914,9.7085511843,4722.6124138236,20.6909028631,772.728379141,1561.6103274747,1549.2791000960906,0.074,0.0914902032,0.08675795129999998,0.08303975339285714,5.4956670345,0.0,1
Scenario1_33,196.9036133777,3537.400833843914,14.4017444522,6505.6679699084,19.8800494102,462.3528249531,733.193912289,1959.1102738400912,0.081,0.0466014968,0.04419107449999999,0.04229717132142857,3.7050431224,0.0,1
Scenario1_34,312.3561731103,3527.487053985314,10.9791877514,6703.7122820959,18.4276777404,1142.9663354894,1617.4243520622,1102.275526982518,0.14,0.0974032677,0.0923651677,0.0884066605,4.5810831396,5.615235885048,0
Scenario1_35,351.6696564281,3518.152257026414,8.097221768,7461.201822767,22.0706173426,828.3200495122,1317.2208037796,1697.5380973205727,0.08,0.0759583705,0.07202948919999999,0.06894251109285712,5.4901713876,0.0,1
Scenario1_36,190.83287955420002,3678.719053779071,11.5064823014,4446.2405808677,27.2943702147,747.0797715375,1578.0562425138,2344.8368413834546,0.093,0.0886124496,0.08402904700000001,0.08042780212857144,4.3013495583,0.0,1
Scenario1_37,310.44815599059996,3472.5565819869566,11.3770455661,4113.7254581325,20.9322620368,1098.1966127318,687.1453012633,1186.0764557846817,0.14,0.0485374787,0.0460269195,0.04405433722857143,3.6040506406,0.5044939185160308,0
Scenario1_38,182.7852804114,3612.1328880110855,9.4520619645,4788.4496917397,21.5571202366,887.6375102815,608.8270996614,2492.086621231964,0.088,0.044350822,0.042056814,0.040254379114285706,5.7459146699,0.0,1
Scenario1_39,394.7147340803,3664.177705772471,15.4277575494,5402.1514116136,19.343085954,436.2459406715,617.6830213409,1802.8458548687815,0.092,0.1273993151,0.12080969539999999,0.11563213702142856,4.496079752,0.0,1
Scenario1_40,312.8554056574,3610.2859223525857,7.9647120601,4359.1382604354,18.179133577,923.7977827193,670.4851215281,1527.5879639992725,0.09,0.1205620989,0.11432612820000002,0.10942643699285717,3.8224117893,9.60214066354865,0
Scenario1_41,216.2389274363,3541.0180368301853,11.0655565697,4626.817634356,22.4059001462,469.2620170614,1046.8169940217,2436.487927316282,0.078,0.0956422856,0.09069527089999999,0.08680833070714285,3.7748452644,0.0,1
Scenario1_42,197.8787481769,3504.1704371556566,7.7938333188,4295.9223522926,21.7503855743,636.2934310406,1165.5138271515,1147.7025457590998,0.076,0.0772970029,0.0732988821,0.07015750142857144,4.2024087126,0.0,1
Scenario1_43,359.83446510839997,3625.311678217786,11.7067664405,4863.2936830181,22.0867070906,814.9343543032,749.0126821167,2481.1061027106,0.113,0.0936977509,0.08885131550000001,0.08504340197142857,4.0624890186,0.0,1
Scenario1_44,225.91537911080002,3520.158023077271,9.7808780878,4419.6658269624,19.0805740456,423.7097836155,814.4193676535,1355.278689126182,0.107,0.114507661,0.108584851,0.10393121452857144,5.7731185131,0.0,1
Scenario1_45,209.6256826006,3534.5279967731144,7.0156001047,5587.7793458661,21.6222154152,464.059037937,1345.4817814697,1182.5347997184272,0.126,0.0525601308,0.04984150329999999,0.047705438878571434,5.4444351043,0.0,1
Scenario1_46,348.9053417453,3653.116179591857,11.21932044,6098.8425608572,23.389531197,459.2618314559,1415.5744361484,1405.9678553606,0.094,0.1032026932,0.09786462279999998,0.09367042468571428,5.3588458375,0.0,1
Scenario1_47,234.9613766137,3510.856582724186,15.7354800842,6735.2824641806,19.7707559758,833.8135821044,1380.4877805808,1192.614691251718,0.078,0.0782283158,0.07418202360000001,0.07100279401428573,3.6258522788,0.0,1
Scenario1_48,398.81348794359997,3593.4649035414286,13.5203544126,6329.8753722374,19.536572997,876.3423094825,1062.980506015,1558.0352531119001,0.096,0.0995882088,0.09443709450000001,0.09038979045,3.7171624989,0.0,1
Scenario1_49,263.48944253359997,3471.962358658714,7.4124473251,4010.2702497878,26.8439995775,800.6539074611,872.2962593323,2199.020155838691,0.076,0.114087826,0.10818673150000001,0.10355015730714287,5.7086723386,0.0,1
Scenario1_50,331.173343433,3557.6715810540995,17.4310677179,6969.9659594486,26.2930121645,807.752111318,900.6750314003,1133.5835720013545,0.136,0.0633989782,0.060119720799999984,0.0575431613285714,4.2753503034,0.0,1
Scenario1_51,195.91460921319998,3506.2752969534713,11.1579340646,4871.6893001133,21.2160182411,969.0589137676,1579.2106502671,1073.0906870463364,0.101,0.0961500725,0.09117679290000001,0.08726921605714287,5.7654277323,0.3307933271835229,0
Scenario1_52,361.78475449769996,3659.707237717743,7.3422219658,4321.7861475237,23.5568290979,674.0654602952,1650.810072089,1883.0910860455363,0.115,0.1167480401,0.11070934829999998,0.10596466195714282,4.4188033921,0.0,1
Scenario1_53,277.5106697662,3503.9170055783284,13.2514140662,5017.729649739,23.8378297878,847.39690944,734.9429844476,1144.4241998298455,0.108,0.1007661136,0.09555407319999999,0.09145889864285714,5.0994278983,0.0,1
Scenario1_54,231.3048480453,3628.6371883515285,8.6787673641,6954.9747135614,22.8699647284,478.0606629567,915.8298176565,1213.4854956733363,0.134,0.0697690496,0.06616030569999999,0.06332486402142856,5.2257250486,0.0,1
Scenario1_55,319.28552949429996,3572.4216303466137,17.2849887444,5517.7646375068,19.9154901111,519.2267881805,624.9367519209,1329.6676556194363,0.103,0.0836771238,0.07934899669999998,0.07594832542142856,3.6477439428,0.0,1
Scenario1_56,266.6391988042,3633.2835911255997,16.3895800575,5103.8249505544,19.980673013,758.7916514255,1015.0300099535,1136.4077003547818,0.076,0.0832558642,0.07894952639999998,0.07556597527142857,5.5267423384,0.0,1
Scenario1_57,312.015713098,3606.9831869246714,13.6000191223,4542.878414821,22.173822925,711.3442755482,837.3889832443,1997.6796206422725,0.119,0.0800240801,0.0758849036,0.07263269343571428,4.3536887004,0.0,1
Scenario1_58,378.3528709482,3681.1024923001855,7.0812815337,5685.7676856965,17.6189224055,936.761906279,672.991581488,2050.8830093904544,0.087,0.0652600862,0.06188456450000001,0.05923236887857143,5.5317955123,0.5018815502751472,0
Scenario1_59,287.8292429393,3562.5424114371567,9.3917219619,6759.0375955462,21.7845103624,786.2415141254,1619.7596799251,1138.8426658185183,0.119,0.0551465777,0.0522941686,0.0500529899357143,4.8358696678,0.0,1
Scenario1_60,290.5067492801,3577.166784024871,11.6419641579,5147.9493579105,21.1164077537,501.7846189255,1428.5891772274,1931.3345853946455,0.086,0.1168281409,0.110785306,0.10603736432142855,3.9575189102,0.0,1
Scenario1_61,264.4542821005,3668.4902469771428,8.1885663329,4386.2174716994,17.5124803152,840.9001418707,1037.3754721339,1603.660575953291,0.081,0.0878175694,0.08327528129999999,0.07970634067857141,5.6630409921,0.3266497332262982,0
Scenario1_62,320.7003012404,3501.1019975563713,13.7900747998,6067.7510322446,17.4754495941,446.0466111179,1449.374432741,1436.4921430464908,0.095,0.1210573556,0.1147957682,0.10987594957142857,4.1957232676,0.0,1
Scenario1_63,331.50271641899997,3607.3430354418283,15.9179751119,7233.1777396605,21.7642106251,763.3642056595,1295.2228498474,2038.2799627073,0.074,0.1301609747,0.12342851049999998,0.11813871719999998,5.3948617822,0.0,1
Scenario1_64,389.0262884385,3512.954674963443,10.8115341848,6019.5754678936,19.4147854764,1099.3440657097,593.0611307036,1468.8272887858545,0.075,0.0770932745,0.0731056914,0.06997259033571429,4.1553937376,10.174628358262703,0
Scenario1_65,240.1529833682,3483.667722786743,13.2033555606,5889.3084937846,24.6269719657,453.9785786535,660.6050454634,1291.3108027323817,0.097,0.0578668107,0.0548736998,0.05252196980714286,4.2402055981,0.0,1
Scenario1_66,188.7243707264,3503.774724307743,10.4493957645,4041.0055858283,19.0463251777,899.7445416947,1014.1124096541,1150.8998422694,0.134,0.0576220281,0.05464157830000001,0.052299796385714296,4.5902443948,0.0,1
Scenario1_67,238.1215790073,3540.262894918414,8.1728684598,4686.5715494229,21.706723017,522.9763179388,607.3263014615,2230.1518593901183,0.08,0.1233305728,0.11695140530000002,0.11193920220714286,5.8381286707,0.0,1
Scenario1_68,313.99509656799995,3569.1191973344426,9.6604243975,4292.2517390401,18.6842543502,729.5491929372,857.6982374591,2127.817771469527,0.093,0.0932571582,0.08843351209999999,0.08464350443571426,3.6619021551,0.0,1
Scenario1_69,185.50005343860002,3492.065466499286,7.7080044932,7252.9305932426,18.2304963972,490.3930240372,613.6657862703,1241.6147569528364,0.079,0.133200515,0.1263108332,0.1208975117857143,5.6675194865,0.0,1
Scenario1_70,277.7662688368,3510.1386507421425,8.8058592536,5341.5350598059,19.4869084965,569.5133431934,1335.1110025359,1727.0166932126638,0.078,0.0658609827,0.06245438010000001,0.059777763814285734,5.5040285903,0.0,1
Scenario1_71,292.7302034237,3513.8410965595285,8.2709543584,4024.8328292388,24.8130602111,981.596377344,628.3944616436,1160.0682359754637,0.143,0.0737322365,0.0699185002,0.06692199303571429,5.8611751069,0.0,1
Scenario1_72,213.4371933113,3522.441667867114,10.5857763729,4147.9831501218,19.1418929199,461.1902967173,803.1575299549,2399.7555891712454,0.089,0.0654088805,0.062025662499999995,0.05936741982857142,4.0346155054,0.0,1
Scenario1_73,332.68346923480004,3475.630149061514,8.4119171098,4639.1622741964,20.3190447023,1004.3173213177,1493.7772495179,1237.4620986538819,0.105,0.1013580935,0.09611543349999999,0.09199620062857142,5.642630794,6.723382824260863,0
Scenario1_74,358.0037695511,3627.4505153152572,12.4136559907,7133.7181868904,19.2745596743,939.709964081,599.7455169395,1397.9996810263,0.079,0.1228459099,0.1164918111,0.1114993049142857,5.7359647389,1.5845910630345208,0
Scenario1_75,250.1939524597,3565.3163631883,10.4326535328,6892.9800619458,19.4343837761,1119.2224204615,1115.7011559639,1418.3114827111456,0.145,0.1295636158,0.12286204949999999,0.1175965330928571,5.5438647439,5.329243539378229,0
Scenario1_76,241.7698310294,3590.3221701998145,17.8711539864,7556.4263374406,22.3941508037,431.4723685679,655.4180870576,1618.6840184552545,0.091,0.0881295618,0.0835711362,0.07998951607142858,4.2944931418,0.0,1
Scenario1_77,246.1770499131,3579.9198939634284,15.8058576746,5202.986536631,19.0196568042,476.7722554664,1128.4409941338,1279.0504518796272,0.143,0.0455307001,0.04317566379999999,0.04132527822142857,5.2144118711,0.0,1
Scenario1_78,299.1067675525,3496.3070100509285,10.3093674216,4155.6714787298,20.2701221835,500.3387871867,1620.9930686309,2523.1269272957816,0.079,0.0949096815,0.09000056,0.08614339315,3.8367512959,0.0,1
Scenario1_79,371.4562024693,3584.050262832928,15.0592034605,4393.3268226838,20.0925163721,1168.0498156878,771.6712738057,2181.579833417218,0.085,0.0824080749,0.07814558829999999,0.07479649165714285,5.0202815329,9.744075520998528,0
Scenario1_80,243.57363785279998,3530.469985723386,10.2187814473,4262.6254363982,17.9086334875,414.4670175808,1517.3954283519,1816.9497766672184,0.108,0.1180466169,0.1119407574,0.10714329637857142,5.352620872,0.0,1
Scenario1_81,344.8385039352,3486.4237133051142,11.3483490605,6771.4141366647,21.6580353023,930.9389020019,761.6364463511,2519.1342162310634,0.13,0.0553525283,0.05248946649999999,0.050239917928571416,4.6995980399,0.0,1
Scenario1_82,355.3053528586,3650.392753232814,12.3654035295,5221.5528445395,26.0038338153,552.8067502057,961.0881216685,2108.2778621420275,0.125,0.0607010216,0.05756131359999998,0.05509440015714284,4.4675287283,0.0,1
Scenario1_83,319.64887612909996,3560.6609162847567,12.1197875306,5199.9381727102,21.4275878071,445.0452222562,1148.3237781347,1093.2444771306002,0.075,0.0481540999,0.04566337060000001,0.04370636900714287,5.1660395862,0.0,1
Scenario1_84,292.1183869272,3541.7397822358,10.7299945194,7417.595470038,20.3661895973,586.8777807174,1536.3175772495,2028.1096925780096,0.104,0.0717492645,0.06803809559999999,0.06512217722142856,5.7774704753,0.0,1
Scenario1_85,262.35428562410004,3487.526403916557,16.8426107521,6402.8816056866,27.4055714874,511.6715657949,600.9800256368,1098.3213041817455,0.085,0.0925303275,0.087744276,0.08398380703571429,4.8489050919,0.0,1
Scenario1_86,350.7274751828,3470.726179488928,11.5646756544,4165.9590904976,21.0674647392,466.3591964687,1520.2786824079,1155.256056995909,0.122,0.076154372,0.07221535280000001,0.06912040910000002,3.8618616514,0.0,1
Scenario1_87,210.3495770077,3502.7860584255,16.884108357,5083.7470345203,24.4492981125,722.0103955718,1421.1963678871,1427.0930457075272,0.092,0.1131325426,0.10728085940000001,0.1026831082714286,5.5015685805,0.0,1
Scenario1_88,392.90271036080003,3505.7192869886712,8.1584249299,4031.9251609881,25.2094393251,504.9886127248,682.2606963371,2353.7068627050726,0.092,0.0764955464,0.0725388802,0.06943007105714286,3.7638490386,0.0,1
Scenario1_89,345.2383096194,3626.779598638071,12.189531198,5210.8149428677,27.4368070961,465.5733508426,657.7410731318,1679.993413607982,0.11,0.0851726121,0.0807671322,0.07730568366428571,4.0205046127,0.0,1
Scenario1_90,205.8847862907,3506.451623554457,9.9808683476,6737.2174910551,20.7860590019,948.0107927336,596.8329252041,2327.4284641675454,0.085,0.0992245957,0.0940922891,0.09005976241428572,5.0897991278,0.0,1
Scenario1_91,262.83791110740003,3485.7069139709283,14.5149270222,4574.8154376371,18.153991301,959.1624924145,1566.5256570563,1245.5271883340545,0.128,0.0506921154,0.0480701094,0.04600996185714286,4.7740880353,0.401613349361192,0
Scenario1_92,190.635773062,3528.0383395039858,16.9583638724,4237.7491896418,20.8714903562,1016.7457078064,714.5043670705,1542.076038800891,0.131,0.0726555816,0.0688975342,0.06594478274285714,4.1888891186,0.0,1
Scenario1_93,240.8092758196,3498.5027399112287,15.8677267258,5008.8913889614,20.2127931359,1083.1042221432,1255.2973390852,2076.9191243412456,0.104,0.0750852556,0.07120153549999998,0.06815004112142856,3.7351085949,0.0,1
Scenario1_94,343.30232311799995,3506.6437964961997,14.876421146,5058.8318977516,21.3681085976,1161.1636602617,964.6711081592,1765.4943889716362,0.088,0.0585114905,0.055485034100000004,0.05310710407142855,4.113542994,9.63382746161048,0
Scenario1_95,350.3559169229,3646.6694943789566,10.6227281752,4655.7845700823,27.504772261,776.3856282221,1107.829828978,1305.977022394609,0.121,0.0731781633,0.06939308590000001,0.06641909650000001,4.9469014587,0.0,1
Scenario1_96,354.3457744936,3547.138714395071,7.6956279403,4281.4113255599,21.6381472381,734.4476756054,1166.1416789969,1318.105051877891,0.116,0.0858736683,0.0814319268,0.07794198707857143,5.8475753933,0.0,1
Scenario1_97,300.20346555220004,3677.5220802083,9.9579749139,5063.8520226779,21.5216757864,653.332900137,1648.4711791484,1253.4000293479637,0.079,0.0872883094,0.08277339689999999,0.07922596559285712,4.7570614562,0.0,1
Scenario1_98,226.85537534909997,3549.606007925628,15.667371988,4415.4928276711,22.3363222118,688.2632848299,845.6215516965,2498.910147852682,0.1,0.0647871322,0.06143607360000001,0.05880309901428572,5.8185104717,0.0,1
Scenario1_99,344.3998410205,3480.0159973707428,10.0740832507,6173.5411524667,25.6894656588,669.686138706,583.9845419609,1289.0951657558091,0.098,0.0883783896,0.08380709359999998,0.0802153610142857,4.0943198536,0.0,1
Scenario1_100,398.4174212305,3668.1129020325143,13.3577169064,6113.3195228199,25.1358763793,684.1618348433,783.3155278561,1831.5795729549727,0.12,0.0949603438,0.09004860189999998,0.08618937609285714,3.9867321334,0.0,1
Scenario1_101,194.1127460912,3550.5003765097426,9.5583746609,4232.108477551,17.9540059364,819.6066573194,828.0330361467,1353.0945254859182,0.093,0.1045685614,0.0991598427,0.09491013516428572,5.2962354446,0.0,1
Scenario1_102,184.43571591580002,3501.2907567477423,16.0714832939,6256.8196398467,18.922630225,597.7997555667,1241.9494865703,1260.236976582127,0.088,0.0596803091,0.05659339649999999,0.05416796522857142,4.455153371,0.0,1
Scenario1_103,376.6794497587,3602.4561389619853,16.5137983639,4070.7514361678,19.9204209163,706.9094509133,1533.1620683649,2377.049683999582,0.089,0.0560422877,0.0531435487,0.05086596804285715,3.8731812362,0.0,1
Scenario1_104,390.7998908039,3491.193190484371,7.1710314887,5433.089102414,18.7943654201,1158.3243043127,956.8768701256,1210.8824896137637,0.137,0.0935097105,0.0886730013,0.08487272981428573,5.8228463156,10.23654304082486,0
Scenario1_105,258.01855813689997,3673.488552559257,8.0115229647,5479.9083264772,17.8941093558,724.5755206506,1346.6664648953,1263.7381943472183,0.073,0.1087862746,0.10315939840000002,0.09873828131428575,5.6592267742,0.0,1
Scenario1_106,351.2739631923,3578.1545462465997,8.4917152525,5024.945296655,26.5072393777,956.8593462753,718.642705179,2208.274182883127,0.084,0.1061167521,0.1006279546,0.09631532797857141,4.5165367572,0.0,1
Scenario1_107,204.51821760090002,3663.1016206837,17.9066159096,4703.727657328,21.8201108918,588.0425638591,1473.7663486964,1684.6532869246819,0.105,0.0516910771,0.0490174007,0.04691665495714287,3.7523013446,0.0,1
Scenario1_108,202.7348455304,3578.9215459144857,13.4307651928,5105.2585508049,21.8868192888,724.8341640683,1238.0446020061,1807.8992956480909,0.089,0.0895479136,0.084916125,0.08127686249999999,4.877649363,0.0,1
Scenario1_109,245.296135464,3628.1275253339422,12.750073335,6809.2504177107,25.4227301978,680.7568439262,1361.2122247108,1952.6157506154545,0.109,0.1328839205,0.12601061429999996,0.12061015939999997,4.787556856,0.0,1
Scenario1_110,270.8910281451,3621.656922566043,7.9977810941,6943.7439068932,18.7560026303,512.6811083144,1684.4900522647,2317.2784566044093,0.141,0.0468307538,0.044408473399999995,0.042505253114285706,4.9129447862,0.0,1
Scenario1_111,342.3697547283,3495.289875827943,16.8904002088,4596.0361910149,26.7199521179,564.6788191681,1387.241227791,1825.385015565627,0.086,0.0815336644,0.0773164059,0.07400284565,3.6181277239,0.0,1
Scenario1_112,273.6004048576,3489.9340552749427,11.3223506847,3979.8535750269,19.7910292452,700.2804695839,935.2181869869,2364.420306914645,0.132,0.0903645745,0.08569054480000002,0.08201809287857145,4.2629587415,0.0,1
Scenario1_113,269.9716798076,3569.4786759146423,14.4828598377,5949.6307835946,21.7984285792,520.9859719935,1557.8203655973,1377.7410937940183,0.127,0.089412966,0.0847881575,0.08115437930714287,5.521592251,0.0,1
Scenario1_114,223.1619934598,3547.783401336357,11.7409916795,7297.6073135429,18.1543241052,860.2312027404,1667.8530534578,1904.6450348865728,0.085,0.1074829074,0.1019234467,0.09755529897857144,4.4678059883,0.8345009360807052,0
Scenario1_115,199.6506211687,3552.3847407123285,8.0817512854,5894.4443469214,21.0106907613,906.9518908962,1113.4947359934,2418.1099035393822,0.107,0.0613455811,0.0581725338,0.05567942520714285,4.4239107348,0.0,1
Scenario1_116,257.6076872238,3622.7243980658427,11.4081409297,5296.9346721552,22.2908576197,402.5834500803,1234.9137354067,1747.6254931134908,0.078,0.0897736512,0.08513018650000001,0.0814817499357143,4.1502660566,0.0,1
Scenario1_117,272.9847897884,3666.173414057743,9.6934262937,4601.5720752852,20.1673802334,765.7023831742,626.7551359993,2241.436508249191,0.077,0.0754274454,0.0715260258,0.0684606247,4.6235775314,0.0,1
Scenario1_118,363.5150752017,3570.214795192071,11.8868745132,6438.8269970845,17.5938610763,404.4965829219,646.9335583272,2248.5379690210366,0.096,0.105317827,0.0998703532,0.09559019520000002,3.687647983,0.0,1
Scenario1_119,212.4043085376,3662.1940326311424,11.4330408335,3990.0908028873,22.5426916462,448.3118679829,1388.7780698453,2185.103276184563,0.074,0.0499333439,0.0473505847,0.04532127392857142,4.3806186342,0.0,1
Scenario1_120,207.86160894849996,3556.6975237483425,9.2126563742,4199.3200948273,25.970930428,615.5670598737,1470.4073265605,2013.8667932306091,0.1,0.0449400719,0.042615585399999996,0.040789203178571425,4.3196610234,0.0,1
Scenario1_121,215.4827178225,3485.0020777622,9.1079982013,5769.3477894969,20.4594539278,795.7112853825,1051.3996720269,2102.421726033336,0.136,0.0684996516,0.0649565661,0.062172713278571434,4.1769054151,0.0,1
Scenario1_122,342.51797041789996,3656.409325852657,9.8996752032,5437.2222933307,17.8435669025,508.2686916071,707.5545172009,1426.4057099461727,0.087,0.0716931678,0.06798490049999999,0.06507126190714284,3.8862182188,0.0,1
Scenario1_123,341.6712175006,3573.0906709143856,17.1421205582,4738.8757536682,27.6869001522,497.1670086533,680.7374799787,1813.3417951324545,0.074,0.0888193401,0.0842252363,0.08061558331428573,5.3413758329,0.0,1
Scenario1_124,302.1834826556,3670.887193167914,9.0871507971,6495.0159535299,21.5812724164,635.0318688341,1134.6420961774,1724.5493231314365,0.09,0.0983589668,0.09327143410000001,0.08927408692142859,5.4501421116,0.0,1
Scenario1_125,376.1744071346,3481.592462228014,7.1183389516,5446.8890080313,21.5399045975,663.8131856837,1584.8134846923,1309.8934701054454,0.109,0.0439378627,0.0416652146,0.03987956255000001,4.0523335925,0.0,1
Scenario1_126,311.49205496060006,3522.9434150545,17.5417153838,6243.4756014621,20.0228343917,709.2364968937,974.9149667411,1558.923563025164,0.091,0.1132957411,0.10743561659999999,0.10283123302142859,3.7895816542,0.2169421488570282,0
Scenario1_127,185.92145435240002,3547.9966931036715,10.0350819241,4521.6857832176,26.2248633708,850.9690265883,1554.3382237112,1264.1834983375727,0.099,0.0828708715,0.0785844471,0.07521654222857144,4.650258648,0.0,1
Scenario1_128,341.4522278197,3609.059117863857,17.1194402981,6755.8040619078,21.8708268153,851.3018585991,780.2882052692,1833.709868238709,0.083,0.0651420966,0.06177267789999999,0.059125277407142844,5.1055004383,0.0,1
Scenario1_129,303.9808107204,3587.9354260773857,9.4155291637,7387.9205994807,26.90436483,750.0235633065,1131.8356871888,2150.2504172844815,0.144,0.0624125645,0.05918432839999999,0.056647857178571424,4.2272719986,0.0,1
Scenario1_130,305.46511391210004,3648.3692160266714,8.2982810058,5374.3978676587,21.9434307928,481.6688209394,1026.782794842,1840.242164825191,0.082,0.0755700433,0.07166124799999998,0.06859005164999998,4.8008530394,0.0,1
Scenario1_131,295.2433779952,3627.9153492119,11.3643769275,4122.4886644258,24.3489762473,531.2838958667,1292.4479517479,1188.2045917185183,0.08,0.0889641725,0.08436257739999999,0.08074703836428572,4.7833664984,0.0,1
Scenario1_132,221.4230911754,3622.0807000993,9.0723654838,5501.9849339505,18.8528625525,616.3453275278,1019.3346203407,1843.9276175121545,0.078,0.0860207786,0.08157142789999998,0.07807550957857141,5.0238499273,0.0,1
Scenario1_133,287.12880105159996,3579.7445910531856,17.691118795,6962.995073696,25.3393971865,581.782815005,859.6729170013,2096.203098891136,0.093,0.0693619714,0.0657742832,0.06295538535714286,3.7730889222,0.0,1
Scenario1_134,317.3676650846,3538.110237300214,10.3826634399,7435.6170032351,22.2666303027,1160.1410851285,938.5952922362,2125.5122816620456,0.118,0.1018593481,0.0965907611,0.09245115705714288,5.568110402,0.4892603553251975,0
Scenario1_135,335.31111509100003,3658.6102391758286,14.9935691816,4975.5879627701,17.4098762507,582.9116452378,1257.4429864433,1255.3409407747909,0.077,0.1262380839,0.11970852780000002,0.1145781623214286,4.1676512901,0.2724771999069419,0
Scenario1_136,334.246585943,3611.2303028968427,11.0933318862,4467.6150029465,21.462541727,1058.6051686583,1351.1114119687,2066.1215313112816,0.139,0.0630983358,0.059834628800000005,0.05727028755714286,4.0266989414,0.20225569831645,0
Scenario1_137,390.61230865820005,3680.1427951607143,15.6215734544,5347.446650663,21.1789814968,1061.3915419256,965.1863323552,1168.9357840712637,0.144,0.1103961299,0.10468598529999999,0.10019944307142856,4.5661792037,0.3103626142964521,0
Scenario1_138,248.15244478169998,3477.050796152228,17.4644085011,4185.7018243004,26.6867096887,821.8094885556,804.6212473994,1949.3453117679362,0.113,0.0730787199,0.06929878609999998,0.0663288381285714,4.8529423099,0.0,1
Scenario1_139,218.8371783167,3505.969964566543,10.5710335036,6010.1296662889,20.8016452811,696.8695092401,852.2470621865,1298.2527403275546,0.1,0.0905765139,0.08589152180000001,0.08221045657857144,4.4154136066,0.0,1
Scenario1_140,351.90117527539996,3510.5501739654715,10.5257444353,7449.7185369165,17.5159053472,438.7014877396,1631.4982536083,1790.017333917973,0.101,0.0989179323,0.09380148749999999,0.08978142375714283,5.5228256251,0.0,1
Scenario1_141,202.03743346849998,3555.0720192758854,7.9708848418,5424.5210081748,23.0181032879,955.5872617688,1089.7167658131,2431.4033622651273,0.089,0.0866720039,0.08218896919999999,0.07866658480714284,4.1059405807,0.0,1
Scenario1_142,205.0751506004,3494.1579854041856,17.615310011,6310.806229973,22.4502077015,830.0817105767,1646.2241556936,1292.9924040805456,0.129,0.0814821734,0.07726757819999999,0.07395611055714284,3.5743349359,0.0,1
Scenario1_143,251.0109463505,3509.312787328614,9.8336948042,4493.298638374,17.6908799593,792.7097395118,1116.7373086093,1875.1988683731272,0.102,0.0708887945,0.0672221327,0.06434118415714286,5.2444620183,0.0,1
Scenario1_144,256.54094735160004,3669.2439343012857,9.471624967,6367.75289272,20.1651609299,686.5090283614,1522.1961339282,1524.7875337829728,0.112,0.0671579997,0.06368431009999999,0.06095498251428571,4.6179988854,0.0,1
Scenario1_145,256.2853978977,3672.6460451532853,11.701974414,7003.7767791701,18.0384388332,516.8934857007,1544.5686463672,2509.924313860182,0.075,0.0625327326,0.0592982809,0.05675692600714286,5.6780811029,0.0,1
Scenario1_146,232.73337727210003,3654.733517134557,8.7712024365,4332.7260356507,17.6769880044,908.0641134888,1084.2263220171,1637.154473326591,0.131,0.1267518362,0.12019570669999999,0.11504446213571425,4.0042734947,0.0,1
Scenario1_147,330.23321301590005,3498.8317095389425,17.6583572542,3995.8725755723,23.7231819219,789.2596535965,1280.1635984449,1608.8867278716095,0.102,0.0527039569,0.0499778901,0.047835980528571416,5.7571504316,0.0,1
Scenario1_148,324.7810253172,3541.1986910344854,9.4771859664,5377.2281091422,21.9544832476,474.625772209,1283.7528722291,1880.9110221046728,0.082,0.0667317256,0.0632800846,0.06056808097142857,4.9233110487,0.0,1
Scenario1_149,301.61336576269997,3639.9610987015285,15.8758123808,5405.8511357166,19.3895224612,1113.6001246632,608.3229572544,2007.4948575738272,0.088,0.0780901471,0.0740510015,0.07087738715714285,3.6415771812,4.822364442878424,0
Scenario1_150,337.7092118975,3510.176146083,15.4002278498,4534.9124720477,21.4858709681,804.1305464124,915.4329103955,2175.5978991026727,0.09,0.1246888225,0.11823940070000001,0.11317199780000002,5.1948681897,0.4035483288077766,0
Scenario1_151,214.26939073900002,3526.6720843821427,15.7027872601,4100.5022531904,20.8628932634,409.7768327582,937.7498876108,1975.5917286985,0.111,0.0721943413,0.06846015130000001,0.0655261448,3.8813476218,0.0,1
Scenario1_152,291.4870005122,3573.767039682357,11.8006938888,4282.8017338623,20.2785773639,1086.6694927924,1442.4043374502,1993.7756026500363,0.125,0.0538450303,0.051059942500000004,0.04887165925714286,5.4084854118,0.0,1
Scenario1_153,309.50301870600003,3608.1766486833426,9.2818561253,5734.4326302509,23.4625712184,699.32206304,1376.504868621,1537.3134563076362,0.097,0.0695203952,0.0659245127,0.06309917644999999,5.1911612301,0.0,1
Scenario1_154,293.6896409151,3585.020168615414,8.5898203174,5363.6574672453,20.9504623809,976.5888327301,1487.8878598441,1285.8433461687455,0.107,0.0962196488,0.09124277040000002,0.08733236595714289,5.0604893316,0.4038591186490491,0
Scenario1_155,282.04707457330005,3542.7683496966424,9.0060652115,4483.5231151434,18.7314707687,533.0412410852,1218.275269022,1391.4039356563,0.117,0.0752931456,0.0713986726,0.06833872948571428,5.4827266632,0.0,1
Scenario1_156,254.7291801382,3605.5529993837,12.9546603532,6708.2241829702,20.7598312172,437.9692883694,984.7816266742,2475.330434533073,0.138,0.0821286473,0.0778806138,0.07454287320714285,5.6032257289,0.0,1
Scenario1_157,363.0677030136,3520.5848782812,9.7294221704,6456.9500197448,23.6719098925,824.9819641427,741.8736962222,2059.6607711045817,0.096,0.0669608993,0.06349740449999998,0.06077608717142856,4.449100043,0.0,1
Scenario1_158,295.5794978744,3649.7578297653567,10.1270842075,4796.4386886188,22.0345085854,556.8503906112,1273.4511941793,1218.9416273993725,0.094,0.1255030194,0.1190114839,0.1139109917357143,5.5535969226,0.0,1
Scenario1_159,214.83772248229997,3544.248144440714,10.8874759304,7067.4218543457,24.7163152773,488.8029835785,1171.1774200638,1335.1634909954819,0.082,0.1210157917,0.11475635420000002,0.1098382247357143,5.0964755473,0.0,1
Scenario1_160,370.5236733956,3507.0887074754714,10.1981812169,7265.060577355,22.8435910257,965.2460444929,911.6443121925,1510.2561030148,0.11,0.0732379163,0.06944974820000001,0.06647333042142858,3.9347462177,0.0,1
Scenario1_161,212.1000041395,3508.0123033500713,12.9141611102,4304.2886978898,25.6055130336,509.3499220684,1443.2229917786,1065.390266119382,0.134,0.1116278952,0.10585403849999998,0.10131743686428571,4.909885061,0.0,1
Scenario1_162,255.0465947187,3560.055979290086,10.8696753096,5095.5404082015,25.4071933901,644.8115999013,1600.964393387,1063.7033934975,0.095,0.0846301349,0.0802527141,0.07681331207142858,4.3319798667,0.0,1
Scenario1_163,183.7539285819,3623.378865761571,7.2337653624,4607.2997213786,24.6345126869,1130.0406371469,905.1306650115,1409.7100794982728,0.08,0.100143683,0.0949638373,0.09089395856428571,4.5095234091,5.323932563890681,0
Scenario1_164,285.4722080989,3483.364992940671,11.3955422675,4254.3148671717,18.3032949173,988.1381809432,739.1132951141,1899.9024230817456,0.094,0.0498213405,0.04724437459999999,0.04521961569285714,3.8396778792,0.0,1
Scenario1_165,331.5922987068,3488.9174225041997,11.5628839352,3971.6284057224,17.7183234508,488.0926028959,594.5894447807,2137.1148051578,0.076,0.0928566307,0.08805370150000001,0.08427997144285715,3.5959292827,0.0,1
Scenario1_166,237.10870247489999,3654.130433531486,10.4007380163,4224.1136030306,17.4315554217,928.5046897166,1322.0684243323,1695.6805426664998,0.127,0.1020195897,0.09674271440000001,0.09259659806428569,5.0759831164,0.9962696513064792,0
Scenario1_167,366.6513942386,3666.887157341514,15.1365703861,4885.2505080611,26.1358733828,555.1797671027,1476.8848410765,1780.1854453661638,0.082,0.0444341719,0.04213585269999999,0.040330030442857136,5.0449617388,0.0,1
Scenario1_168,228.1924048396,3590.8540061629856,16.6164581543,7109.1957959233,19.0097573068,485.1143319081,947.1597596846,1299.6732646804,0.082,0.0609972631,0.05784223229999999,0.055363279485714276,5.6905299862,0.0,1
Scenario1_169,395.7572367901,3543.4332128005285,14.5655615749,6388.1424704347,22.9219852401,589.7342415907,582.6724661403,1982.4098607322912,0.137,0.1110042627,0.10526266289999998,0.1007514059142857,4.8703653508,0.0,1
Scenario1_170,203.63107443,3509.646440980157,8.6253163939,4117.3085878788,27.6466516873,695.5127347374,677.1601178249,2240.980136407291,0.079,0.0668233214,0.0633669427,0.06065121657857142,5.8572409073,0.0,1
Scenario1_171,317.5959254429,3471.3673141319146,16.2844730656,5294.5530869054,22.9756824583,730.5811201695,999.5002749053,1987.725683914091,0.133,0.1081796106,0.10258411350000002,0.09818765149285716,3.9384630236,0.0,1
Scenario1_172,259.0351783242,3497.7626763935286,17.4215234404,7168.6788445556,19.094803898,811.087771319,894.1717529412,1341.1633007426362,0.117,0.0433831708,0.0411392137,0.03937610455,5.6125734921,0.0,1
Scenario1_173,253.0139083899,3487.979401655243,7.4752000169,5397.2666487637,20.6081325411,1079.8473214575,820.9926283261,1734.0060777045544,0.131,0.0802047348,0.07605621399999998,0.07279666197142855,4.5456026457,0.2329575284299265,0
Scenario1_174,236.4079285541,3475.1943151805426,9.2334238719,5709.9689958316,21.3164150501,1008.567506678,1465.9974720629,2189.8194744051184,0.073,0.0944870698,0.08959980759999998,0.08575981584285712,4.942109088,0.2152402097285108,0
Scenario1_175,228.84468924499998,3575.1162394796,7.3035683514,5467.2429558033,26.6018357642,1076.5430182022,655.892497437,1439.0331991190726,0.084,0.0854828243,0.08106129890000001,0.07758724322857143,5.5777867636,0.0,1
Scenario1_176,254.34286442660002,3605.0703310374997,13.7572527407,5179.4604039791,20.7494772285,894.622223749,1287.4922696379,1989.3972298973094,0.081,0.0728749035,0.06910551200000001,0.06614384719285715,5.3241226169,0.0,1
Scenario1_177,315.38149111850004,3649.2555576005284,10.6066917634,5619.056302735,23.6581307403,1156.3933535411,942.8532986425,1500.1931240421363,0.078,0.0968780449,0.09186711160000001,0.08792994966428573,3.8958689659,0.7399759898649512,0
Scenario1_178,282.9313790428,3470.954319594657,8.9136823806,4251.0117640028,21.5372206748,763.9368830623,1489.8697105797,1657.9650821175092,0.107,0.0479315394,0.04545232180000001,0.043504365157142864,5.4364015634,0.0,1
Scenario1_179,268.3859171851,3475.0849140797286,12.7293154186,4865.3114969482,20.5492087413,501.3191676499,764.6565258045,1305.2048681426727,0.088,0.1092754052,0.10362322900000001,0.09918223348571431,5.1556449841,0.0,1
Scenario1_180,188.1457496902,3672.128399194314,14.6803826887,6449.8670203026,17.8048047152,660.2486419336,790.4394020634,2297.205835490327,0.123,0.1196383429,0.1134501528,0.10858800339285715,4.9206681338,0.0,1
Scenario1_181,237.61277946520002,3678.377013472686,10.2167199334,6426.8551095672,27.0076901928,712.9088213517,1096.53143717,1505.474079428509,0.137,0.0799501183,0.07581476740000001,0.07256556307857144,3.7441068183,0.0,1
Scenario1_182,313.2981177015,3476.044294062814,7.1517227199,4559.9409704929,27.115823609,657.1627483214,926.1181547925,1174.3429600850818,0.091,0.0442539469,0.04196494969999999,0.04016645184285713,4.9792655825,0.0,1
Scenario1_183,338.8602231873,3484.7347207673,8.3638265574,5663.87442257,18.8330561959,757.7266585509,746.7943137983,1871.9623077824544,0.135,0.0926530683,0.08786066820000002,0.08409521099285718,5.3616065618,0.0,1
Scenario1_184,212.59559116780002,3535.7508415562143,9.9174759141,5334.1529401554,18.4809156042,775.6127947707,1604.8092650338,1171.5003926279637,0.137,0.0590961172,0.05603942149999999,0.05363773200714285,5.7041428634,0.0,1
Scenario1_185,401.49653617190006,3484.0194750678284,9.0322211661,4170.2183306112,21.7371319494,454.9099778319,1230.8993205246,2199.7657777200725,0.128,0.1282620843,0.12162783850000002,0.11641521685714287,4.4309530334,0.0,1
Scenario1_186,181.85087652259998,3511.534494896157,10.0477897202,4366.3140965213,20.6458988368,666.2614996404,1223.7722363749,1248.9871955521453,0.079,0.0575308428,0.0545551095,0.05221703339285714,4.0284834777,0.0,1
Scenario1_187,348.0033594419,3521.6208751680856,15.3339355384,4662.3296177703,25.287078709,1096.4474697152,1673.8600735964,2445.129565071082,0.098,0.0511865304,0.04853895130000001,0.04645871052142857,5.2362465406,0.0,1
Scenario1_188,325.71962135610005,3620.4573270254996,12.3109418728,4005.159348406,23.4423798327,1140.4445584416,1312.5981215941,1301.4771605440544,0.079,0.0636108282,0.060320613,0.057735443871428586,5.5627451943,0.0,1
Scenario1_189,338.553003958,3624.718574260257,11.1257099612,4661.7492257132,17.7800011207,837.3361001378,811.3899916017,1247.0264020425454,0.108,0.0547418704,0.0519103943,0.049685663121428573,4.375172502,0.0,1
Scenario1_190,319.92691195279997,3530.9432824039714,12.2805469967,4404.0217057229,19.5787821902,1043.1270332288,1402.4522179341,1582.3117163193274,0.096,0.0864673199,0.08199487230000001,0.07848080634285713,4.6678272331,6.611592881139892,0
Scenario1_191,305.0620976922,3536.7808858037283,7.5009808337,5038.8648923294,20.3381700736,511.3138518985,919.8346728277,2324.194676445091,0.121,0.0933577563,0.08852890680000002,0.08473481079285713,4.4886733158,0.0,1
Scenario1_192,365.5783834281,3588.712176816457,11.6120168416,4161.5638255012,17.5808597387,541.36336108,1053.1397036563,1348.2956441468182,0.112,0.0519974961,0.049307970400000005,0.04719477167857143,5.2640579182,0.0,1
Scenario1_193,238.7865515293,3507.472211338957,12.5579443647,4062.9543056839,17.9334847466,552.1263236445,1284.945044568,2300.9303468579815,0.141,0.1117846928,0.106002726,0.10145975201428573,5.0083336867,0.0,1
Scenario1_194,232.11399481450002,3480.998728197057,13.1428731558,5187.2078636377,18.0714185601,926.4011236592,1369.327097734,1567.6119838618818,0.093,0.0809289107,0.07674293249999999,0.07345394968571428,3.9772951634,0.3093080846911779,0
Scenario1_195,192.25877562440002,3575.3893391229713,7.9392297567,5048.4252441269,18.5547276829,889.6541153091,1035.0534476894,2115.4196055640637,0.106,0.0484379335,0.045932523200000006,0.04396398647857143,4.4789921153,0.0,1
Scenario1_196,310.8220190866,3475.480755172514,11.455601459,4846.209261203,27.3635990317,980.1754059603,1211.0524466823,1095.839028740409,0.124,0.0677576021,0.06425289850000002,0.06149920285714287,3.8920686992,0.0,1
Scenario1_197,218.3784128997,3620.811611757771,7.0392224072,4716.3077042274,20.7088971879,619.6642369215,699.8373040828,1480.0848862153455,0.138,0.1271117859,0.1205370383,0.11537116524285713,4.4529583543,0.0,1
Scenario1_198,347.1392033321,3517.3982653159715,11.0255039657,6824.4363342732,18.3784336847,578.0059107663,674.2419419132,1114.0092865144545,0.089,0.0735924023,0.06978589869999999,0.06679507447142856,5.3756060645,0.0,1
Scenario1_199,286.56893216410003,3503.4035525174286,7.5579874837,7409.3155807254,22.0555592173,440.8723839705,773.9788866554,1205.4772276048095,0.093,0.0535588775,0.0507885908,0.04861193689285714,4.9815797211,0.0,1
Scenario1_200,248.67583465660002,3481.9966046306,16.8113662299,4442.6681700681,23.6207536968,891.0814300857,1011.2976868904,1667.8882756354817,0.118,0.0490463148,0.046509436499999994,0.044516174935714296,4.7067872026,0.0,1
Scenario1_201,364.1986417206,3679.854295752214,8.5308244231,5838.4231977342,19.2226339398,1094.5907183802,1040.7109006864,1554.3106352993636,0.075,0.0835080766,0.0791886933,0.07579489216428571,4.8177590382,12.21430910338306,0
Scenario1_202,192.55355946080002,3576.230437129071,15.9710044732,4919.4985582835,23.944503618,904.4929301725,1174.0385527313,2340.762283446445,0.095,0.1136089045,0.10773258189999999,0.10311547124285712,4.2728349118,0.0,1
Scenario1_203,259.6881697392,3496.9600352016855,11.3019043991,7577.4324300147,17.4521978504,486.7135593228,1626.0383119401,1317.0107176964639,0.103,0.0777357909,0.07371497410000001,0.07055576092857144,4.8946007279,0.0,1
Scenario1_204,304.54011139709996,3498.1903750613283,14.7390852631,6526.7227080906,23.2401540358,610.5535460491,1633.8593411566,2041.7733363997277,0.081,0.0487327756,0.0462121148,0.04423159558571428,4.613929776,0.0,1
Scenario1_205,199.2202718353,3641.7069084498285,13.0086668999,5995.7160663126,19.8381400181,491.4961359285,1456.1000122111,1281.241236538891,0.096,0.1004472686,0.09525172029999998,0.09116950370714284,5.3213739586,0.0,1
Scenario1_206,309.40274584639997,3583.009562191557,14.5734290207,4501.3455370303,24.1146262266,406.2371162702,1144.5465050491,1867.4504436545817,0.102,0.1069587766,0.10142642609999998,0.0970795792642857,4.9362101704,0.0,1
Scenario1_207,268.9896749916,3484.4043644951853,8.0415234787,6086.9382093359,27.3799542424,418.9435068887,969.1901246757,2381.982853887855,0.113,0.066437394,0.06300097709999998,0.060300935221428556,5.247470818,0.0,1
Scenario1_208,282.8667047174,3573.4328280834,13.6537891542,6672.1499356269,24.0786418267,1045.5961045832,632.636970156,1202.4412416357454,0.092,0.0540712768,0.0512744866,0.049077008600000006,5.3071363513,0.0,1
Scenario1_209,310.159631865,3557.968024394414,9.4956761166,6569.7770163194,19.4576735954,1116.3107853166,1569.7334955669,1203.4377680957816,0.08,0.1065812268,0.10106840470000002,0.09673690165,4.3367548498,5.820950004519311,0
Scenario1_210,283.714447371,3570.9324048837852,16.1543327877,4934.8446921384,18.4169588049,1125.6687104059,621.0781690189,1235.9278837891818,0.143,0.0899497989,0.0852972231,0.08164162782857143,4.7482507299,6.695688250164491,0
Scenario1_211,207.45904394250002,3631.079967222628,7.9008477014,6201.1618257591,18.4501315323,802.7229171974,650.6331736831,1070.4792131947727,0.077,0.094125109,0.0892565689,0.08543128737857142,3.5840341424,0.0,1
Scenario1_212,219.85994045899997,3473.5573517268713,15.3075580733,7579.468923046,24.5100961615,1133.5609422328,578.5032915572,2285.835605501809,0.087,0.0861419034,0.08168628769999998,0.07818544680714286,3.9410020569,0.0,1
Scenario1_213,315.4984781419,3473.9226614551712,11.119269628,5449.9450004178,26.5545258556,607.7101800146,582.9646410677,1862.596009283964,0.126,0.0720683329,0.0683406606,0.06541177513571429,3.6286846872,0.0,1
Scenario1_214,208.8301957281,3634.0689035437854,11.8740979576,7277.7281178458,27.267623105,472.9289325278,1005.4008677699,1154.607686998227,0.075,0.1163752269,0.1103558187,0.1056262836,4.6626473121,0.0,1
Scenario1_215,356.07851616380003,3511.0886839695713,8.5730240532,6000.7619932627,25.477866807,510.3187252218,1586.8379684144,1661.0310236782273,0.128,0.0902305836,0.08556348449999998,0.08189647800714284,4.485316795,0.0,1
Scenario1_216,235.9681139255,3639.1174173807426,11.2097159867,6408.4550496433,23.9131848662,990.90104263,792.5947153245,2030.116611171873,0.122,0.0745730326,0.0707158068,0.06768512935714285,4.5292464151,0.0,1
Scenario1_217,274.031664239,3643.229154605157,7.7439693095,6137.3989497996,26.3397800222,628.1694530232,1229.5689580842,1215.4445173221093,0.109,0.0458412606,0.0434701609,0.041607154007142856,5.4147030284,0.0,1
Scenario1_218,276.8123950738,3526.1799835342,9.3045710939,5302.2350819777,19.1212878784,922.323977549,1601.5806592567,1811.2105229023089,0.105,0.0844007144,0.0800351603,0.07660508199285716,5.648152237,0.0,1
Scenario1_219,369.6934387343,3472.6498219308855,8.1416056981,4619.7197051072,21.1836432713,691.5010774008,1192.7348168387,1209.6691967027,0.13,0.0522431275,0.0495408968,0.04741771550714285,3.711296561,0.0,1
Scenario1_220,377.68134175579996,3489.793344707114,9.4106059358,4095.4198614864,22.8883998974,842.8638808399,1435.0919859005,1198.1983467056816,0.138,0.0909063301,0.0862042785,0.08250980942857142,5.5707548327,0.0,1
Scenario1_221,236.8415148098,3505.3961669919854,14.3275763405,6784.3560569216,18.3230237896,832.8233933907,764.5397792259,1907.7236446460179,0.099,0.0965939041,0.09159766770000001,0.08767205337142855,3.9790088785,0.0,1
Scenario1_222,368.87100756710004,3501.7397882818427,18.0203648143,5035.2054866076,23.1669917075,471.6913685596,994.9280137046,2143.4999698733636,0.088,0.1120309592,0.1062362544,0.10168327207142855,5.8443842644,0.0,1
Scenario1_223,349.9986252041,3532.930689518114,17.9703151239,4754.0972228117,18.0827894896,993.7704450226,907.0846995359,1240.5065646810274,0.074,0.0986664597,0.09356302209999999,0.08955317830000002,4.5770941437,0.2466562971863641,0
Scenario1_224,235.0401673907,3677.0948784672996,10.9291685142,4942.4627596701,27.7431496393,1166.037114821,1676.6852710739,1199.4670025854361,0.101,0.0465286904,0.04412203399999999,0.04223108968571428,4.1246391917,0.0,1
Scenario1_225,216.1250110583,3663.609248194914,9.1777246782,4021.6058953848,21.5977620579,1106.2053142101,615.2720972475,1714.7281460467182,0.095,0.1304763401,0.12372756389999999,0.1184249540142857,5.4200353639,5.245693414212312,0
Scenario1_226,334.9940802458,3567.521257419,7.0527023787,6334.0255862887,24.5560219005,426.6820972989,1252.4362622052,1594.6150255118182,0.121,0.108405807,0.1027986101,0.09839295537857143,4.5530249915,0.0,1
Scenario1_227,401.0898400821,3646.956365643457,9.6149683482,7175.3052297395,27.7994226756,869.2958884463,751.6633249557,2174.2470877890546,0.091,0.0892487145,0.08463240159999999,0.08100529867857141,5.7698637317,0.0,1
Scenario1_228,198.3290497099,3611.3370994638426,8.6998765451,4963.6225697173,27.5882033699,953.6587343376,1461.5941393948,1221.521432603909,0.096,0.1057021077,0.10023475729999999,0.09593898198571428,3.5637474208,0.0,1
Scenario1_229,354.7400973493,3470.3266394725856,16.0274734717,5920.6584363887,21.8452520746,422.2144633241,1654.5574629111,1226.8555007439636,0.085,0.0876819628,0.0831466889,0.07958325936428572,5.0712068344,0.0,1
Scenario1_230,321.2905183463,3479.1818381300573,16.6434033447,4612.5831811459,17.7363333654,1021.4506896564,722.8779800397,1588.9919351796998,0.126,0.0819400691,0.07770178969999998,0.07437171299999999,4.2269931782,6.921521536422481,0
Scenario1_231,265.5904102109,3635.9857220160998,7.880937365,5054.1493203269,22.0164616793,1012.8979041513,1418.0660599829,1433.7814841364634,0.144,0.0689060866,0.0653419786,0.0625416081,4.2068395366,0.6194832574751707,0
Scenario1_232,197.3740859958,3544.8793443159425,8.8211514046,6149.0199644984,18.58704678,489.8492957725,881.3807934664,2211.3418527958816,0.13,0.0621687787,0.05895315219999999,0.05642658853571427,5.7972534076,0.0,1
Scenario1_233,300.4001508276,3471.0953824736857,10.0268335438,4811.1809604018,18.0025405221,1073.2801964826,992.2088439278,2279.4047926571366,0.099,0.0568117098,0.05387317309999999,0.05156432282142855,5.3651665278,0.0,1
Scenario1_234,247.0702716932,3474.6843261408285,17.7237017966,6484.379909779,19.6150366202,935.401396355,1538.6220822194,1251.1993811593093,0.115,0.0674011268,0.06391486160000001,0.06117565324285716,4.6882407783,0.0,1
Scenario1_235,245.7372094854,3497.6785005807856,11.3346652405,4470.9749379384,22.1471979369,1066.4057500683,1659.5670901317,2121.246140864691,0.106,0.1260287995,0.11951006849999998,0.11438820841428567,3.9467986891,3.0785196959630072,0
Scenario1_236,393.7682314837,3648.5495951291146,10.9095645187,4424.98131193,24.9606488119,525.2132933577,1685.6687398234,1736.5577924748272,0.086,0.1285384869,0.12188994449999999,0.11666608972857138,5.1258173484,0.0,1
Scenario1_237,187.5565030611,3585.753605112514,9.5328085595,6574.6588375175,20.9948733943,946.8245233375,1506.4226871294,1268.6286683595,0.098,0.1178939001,0.11179593969999999,0.10700468514285712,5.694049263,0.0,1
Scenario1_238,318.0071764603,3632.4218642603287,10.9355502068,3965.6083603388,22.3680400649,570.4765355821,824.8915040555,2470.3859020604636,0.132,0.0788861919,0.07480587159999999,0.07159990567857141,3.7850117782,0.0,1
Scenario1_239,302.5391475948,3603.3023749455283,15.6118456532,4057.31440853,18.6148869411,622.3606819494,1077.9453022181,1856.3007354737454,0.093,0.095803938,0.0908485619,0.08695505210714284,4.3675214697,0.0,1
Scenario1_240,274.58667621949996,3495.4468997518425,7.4173692562,6051.2095469982,21.3863510011,407.663099379,838.96425521,1337.799294766909,0.081,0.0748322383,0.07096160529999998,0.06792039364285711,5.28335113,0.0,1
Scenario1_241,193.3666467377,3631.1727018410857,17.8289359604,4675.094005423,26.0612249962,437.5669564648,602.1500549343,1062.5011344774634,0.132,0.1326955552,0.12583199199999998,0.12043919234285713,5.8025289857,0.0,1
Scenario1_242,229.8234275164,3538.8547212150143,11.6539926504,5882.6173576982,17.9781386228,481.2053562687,712.3351834463,1919.9183809996728,0.112,0.1222118019,0.1158905018,0.11092376600714289,4.1744984772,0.0,1
Scenario1_243,193.8195684437,3653.6158611677283,14.1861109012,4991.0252608746,26.9572138659,495.7319517838,1180.553157115,1379.2725705486455,0.131,0.1113786009,0.1056176388,0.10109116856428572,5.1435898509,0.0,1
Scenario1_244,285.8428645678,3617.4380342602713,10.7109096346,4351.4361469957,21.6114821823,449.7170947142,1109.266588907,1754.093812613382,0.138,0.0528667992,0.05013230960000001,0.04798378204285715,4.4612166404,0.0,1
Scenario1_245,261.2363238939,3494.745706609328,7.7793546885,4767.1478453561,18.2529715995,421.3674292475,1233.2064508793,1076.5432928328726,0.103,0.0839063075,0.07956632610000001,0.0761563406857143,3.6102222239,0.0,1
Scenario1_246,325.3451131804,3502.2795654625575,7.3159810081,5490.8964725539,24.3278676279,1105.1328626887,648.8241050135,1180.1561666543455,0.082,0.0603570721,0.05723515459999999,0.05478221940714284,4.3420958486,0.0,1
Scenario1_247,373.7956417073,3585.909506503343,16.3236287088,5276.251363194,20.4876866229,1031.2364607208,1061.0224720619,1507.3239338042547,0.114,0.0766250245,0.07266166119999999,0.06954758999285712,5.6346220476,6.3646891103342025,0
Scenario1_248,255.23679668999998,3566.9772637911997,7.6814054671,5070.5958389124,21.9282462254,538.7703249112,636.7478034094,1892.8831619138457,0.073,0.0536472835,0.050872424000000006,0.04869217726428572,5.4289559909,0.0,1
Scenario1_249,249.55780521630004,3651.4150627156855,9.5800737083,4782.5754766371,19.3307243591,780.0293755514,1215.7932637001,2138.4438791190546,0.113,0.1227581592,0.11640859919999999,0.11141965924285713,4.881826768,0.5674541350412536,0
Scenario1_250,191.70336422730003,3584.869977023343,15.5438700869,6047.9456934238,19.522360284,434.6871316977,1119.7045608438,1461.2917124808182,0.143,0.0500508129,0.04746197779999999,0.0454278930357143,5.6725110404,0.0,1
Scenario1_251,258.6880233284,3580.7696042001285,7.7234703388,6662.3615049938,25.168181782,1103.7073780978,1553.4484188507,2461.277836155018,0.116,0.0514576834,0.04879607910000001,0.046704818564285704,4.314260764,0.0,1
Scenario1_252,336.7618934779,3563.671396167071,10.785501693,4539.2837341909,20.0044958711,944.7087989405,1672.440967576,1729.276187615509,0.14,0.1250527819,0.11858453460000001,0.11350234026428573,5.687334194,6.437930265895568,0
Scenario1_253,243.31899314409998,3476.6653783479996,10.0774857511,4134.5527036395,22.4365365584,882.937209487,647.9119698149,2311.296578798582,0.142,0.0749269329,0.07105140190000002,0.06800634181428573,5.7867575577,0.0,1
Scenario1_254,317.0048012466,3502.484886048657,8.5469377046,7314.9043384177,22.2180122756,793.8072201071,1065.0153279105,1402.1909577612635,0.116,0.0817495158,0.07752109259999998,0.07419876005714283,3.7202316528,0.0,1
Scenario1_255,358.4450353196,3480.872299670257,15.1025138699,5873.4784624078,20.659196488,1135.8843669295,1123.4418280603,1374.7065921773637,0.085,0.1294507873,0.1227550569,0.11749412588571428,4.3899605448,8.386952588926418,0
Scenario1_256,303.18105882140003,3589.4257429343425,8.8917940142,6982.2354928838,18.5165814714,844.6018327428,700.4428298004,1190.702137317791,0.076,0.0554729357,0.052603646,0.05034920402142857,5.3846708595,0.0,1
Scenario1_257,343.7754978864,3539.283712030528,9.9140611849,5534.5247861236,26.0646737265,736.1423155597,1242.4526470121,1362.0864841429454,0.079,0.0641439134,0.060826124800000006,0.05821929088571431,5.1059982587,0.0,1
Scenario1_258,227.43471941169997,3588.2109598974425,11.6664837796,6554.3333140917,23.1063422742,647.0708709945,1137.7530117357,1891.0444218886907,0.076,0.0912237665,0.0865052958,0.08279792597857145,4.2558764721,0.0,1
Scenario1_259,205.6022397371,3630.5279739142857,13.4430686674,5909.2627063462,19.6007531374,812.6146311321,585.2090376595,1487.3138381180547,0.077,0.0806877061,0.0765142041,0.07323502392857142,4.5401622427,0.0,1
Scenario1_260,301.2469142373,3546.747530559557,8.2369193221,4275.4781948826,21.1551754778,738.4340091718,754.1252227267,1135.3147838167092,0.09,0.0582963981,0.055281067200000006,0.052911878607142866,3.9064090601,0.0,1
Scenario1_261,288.32707534089997,3487.6191391152424,9.6645610558,4746.9625478644,17.7641824139,561.3193294429,1080.6806678634,1978.6620251504273,0.142,0.0862357235,0.08177525509999999,0.07827060129999998,4.9027482956,0.0,1
Scenario1_262,220.642641288,3499.7032652740427,7.8450745171,6160.7949519293,23.158227662,914.9680516259,1404.0973587874,2391.8533684418817,0.103,0.0826934109,0.07841616549999998,0.07505547269999999,4.8620472491,0.0,1
Scenario1_263,338.0744941939,3661.096302447971,8.3176851735,5547.6741110869,18.7745026527,458.6499102184,1202.4381948058,1632.7293142352,0.092,0.1020347446,0.09675708539999998,0.09261035315714283,5.5931819152,0.0,1
Scenario1_264,231.6103650654,3551.395348248214,16.0510588629,7591.2029260428,18.341504383,1064.7732273007,1326.5308279609,2337.181077997509,0.075,0.0820229764,0.07778040870000001,0.07444696260714287,5.2722270484,0.2936917543828198,0
Scenario1_265,342.8737995301,3525.5218858206285,14.0904626659,6890.2419779069,20.8856499738,866.3002921895,1459.6092795624,2022.1814054772,0.144,0.0691497621,0.06557305030000002,0.06276277671428573,4.737652906,0.0,1
Scenario1_266,340.5902087439,3597.611432560371,9.9749353646,4084.6812867036,25.0836514614,821.3082872715,1530.0775807646,2389.6583034238997,0.1,0.0696513761,0.06604871869999998,0.06321805932857141,4.250437454,0.0,1
Scenario1_267,232.2939089474,3499.2629509808,9.1470486307,7328.577621095,20.9836711225,1070.9570069729,1597.4149918687,2407.304081098591,0.108,0.0857446851,0.0813096152,0.07782491740714284,5.6518857563,0.2857150379214329,0
Scenario1_268,380.12723962330006,3614.454998295057,8.6931727454,4487.0855880745,26.3868386872,920.2305112584,1624.3522517349,1383.9462538571997,0.128,0.0649970509,0.061635134400000006,0.058993628650000005,3.9009232752,0.0,1
Scenario1_269,326.10378416749995,3569.7657693896,12.5249894659,4802.500956057,19.9699144777,408.0696431848,1661.9942648549,1123.6376931266639,0.076,0.1143734926,0.1084576223,0.10380943847857142,5.2010407416,0.0,1
Scenario1_270,196.32782247109998,3494.2108433918997,9.1971323004,4586.694127943,20.4163249109,1015.4888298146,874.4808652978,1140.6956912064818,0.125,0.06917444,0.06559645179999998,0.06278517528571427,5.5579631911,0.0,1
Scenario1_271,298.8865304438,3616.519495654657,7.5315657751,4182.9291821495,18.9615759204,1120.1186901804,1541.1000773048,1497.7767063991544,0.073,0.0702742034,0.06663933079999998,0.06378335948571426,3.8707242432,8.171121675437188,0
Scenario1_272,318.71694302220004,3599.8403781377997,10.3367319808,4144.5379197298,25.9505499978,707.2697188708,730.279963925,1156.8800924020545,0.099,0.1242940299,0.1178650283,0.11281366995714286,4.4392179455,0.0,1
Scenario1_273,352.427318492,3492.592241803942,15.2940638409,4647.675999049,25.5341729297,549.5447505432,1657.917260932,1933.7810648468546,0.118,0.0824975749,0.07823045890000001,0.07487772495714286,3.7398437529,0.0,1
Scenario1_274,322.0345505366,3642.510069704114,13.8276465255,7364.8115485693,24.6777439815,1117.4865531363,892.1160388213,2402.736555725036,0.117,0.0747150533,0.07085048159999999,0.0678140323785714,4.5059411048,6.296787519587592,0
Scenario1_275,247.54695217539998,3472.937757261414,8.5010515145,4886.968367109,27.1421328328,1123.958596664,1424.6923131457,1420.2047513942,0.108,0.0796258234,0.07550724629999998,0.07227122146428569,5.2332730399,0.0,1
Scenario1_276,191.4643018069,3554.3944717778286,10.2715831574,7381.1583772902,27.5414505478,483.6353085443,691.8097784294,1131.234404482291,0.077,0.1158591587,0.1098664436,0.1051578817357143,4.7946479712,0.0,1
Scenario1_277,306.4204128533,3671.4542595909143,17.2092067016,4947.1121455444,22.5104982242,629.9826093866,1697.4518711191,1653.014316762927,0.133,0.0572551929,0.0542937174,0.05196684380714285,5.7344498085,0.0,1
Scenario1_278,257.5260744729,3479.046768578571,11.9311323516,5593.3753404514,21.027658783,642.4823870329,1070.1804699998,1274.6939995119271,0.102,0.0509254959,0.04829141859999999,0.0462217863642857,3.8660357156,0.0,1
Scenario1_279,186.8475577412,3499.8337133853856,10.6630974216,5384.9908625373,22.644659552,1003.7391027386,1179.9735841641,1266.0906680298453,0.141,0.119388821,0.1132135371,0.10836152837857145,3.8791230523,1.0789588388742684,0
Scenario1_280,277.2658415845,3655.179737765314,7.381664102,7497.8751683471,18.8819351383,1127.2984325029,1204.0216077,1060.278245391582,0.08,0.0720220678,0.0682967885,0.0653697832642857,4.2115168776,0.7007894569817505,0
Scenario1_281,266.1395196102,3482.7663472208287,12.8566829937,5665.7351399548,21.2468434946,420.8826938119,767.5280204319,1820.4210692568638,0.094,0.0462923877,0.0438979539,0.04201661301428571,4.2882411526,0.0,1
Scenario1_282,383.80364648079996,3600.5877659890284,14.6043838778,4986.5890358799,19.8441703539,415.1023368609,942.6440255439,1630.4161558724365,0.091,0.0605251194,0.05739450970000001,0.05493474500714286,4.7107338325,0.0,1
Scenario1_283,340.9073321485,3470.0716320399,10.5630774799,4997.2299233668,18.6908913139,897.2016954577,977.4834493244,1463.872492482291,0.095,0.0918169836,0.0870678292,0.08333635081428571,5.6417109437,0.0,1
Scenario1_284,308.7261441033,3658.021640781186,17.7805872789,6629.6258919095,21.0466362176,1102.0774069316,1645.3709857864,2369.812053397282,0.11,0.0430458699,0.04081935939999999,0.039069958278571425,3.8341110342,0.2109194833523229,0
Scenario1_285,322.5121273741,3618.6736801743573,9.5100946472,5564.1053239191,21.3285483707,902.933721896,776.4185001652,1911.9224197937365,0.105,0.1174180231,0.1113446771,0.10657276235714284,4.6531693664,0.4721899091163487,0
Scenario1_286,299.5197440454,3561.269884190814,16.5905310895,5237.994559709,19.6915113771,1141.9008356593,662.2256047264,2234.4812397680635,0.084,0.0509121869,0.0482787979,0.046209706571428574,5.7170510605,0.0,1
Scenario1_287,222.1258874189,3581.841295952371,10.1717206241,6620.0461275522,23.2704454202,971.0092878071,885.2782947971,1272.8459231889183,0.073,0.1148138324,0.10887518589999999,0.10420910650714288,5.5828560847,0.0,1
Scenario1_288,385.2300733103,3655.7489262158138,7.4601807825,6855.0794604381,19.5661518033,1122.0621530182,1329.3754834514,1999.8105343438453,0.074,0.0711337763,0.06745444310000001,0.0645635383857143,5.7131951481,4.443384626479809,0
Scenario1_289,238.5107662272,3615.6127510684137,14.4259020085,4923.6458360554,17.7611339101,916.4492256768,1207.9860012441,1219.7972339470637,0.111,0.0432247757,0.0409890114,0.03923233949285714,4.0731079936,0.0,1
Scenario1_290,366.3711755196,3477.371983248471,10.9686140181,4519.0476071626,26.1675142758,425.017337829,1496.898752557,1161.5174378880909,0.086,0.1071912817,0.1016469051,0.09729060917142855,4.2422547613,0.0,1
Scenario1_291,347.4499520609,3674.6382984358283,7.2579830533,7303.4466265793,18.3983105887,606.1047141311,685.0703218453,1106.9686107708546,0.104,0.0631334751,0.05986795059999998,0.0573021812785714,4.7292420666,0.0,1
Scenario1_292,186.66689473249997,3576.386312590257,9.6278034832,5135.4824397546,27.0347540292,1050.758813724,663.1571745646,2414.971959202764,0.088,0.0644565514,0.0611225919,0.058503052235714295,3.9945039869,0.0,1
Scenario1_293,260.903673303,3487.221813756671,11.0322996124,5694.3053018026,19.7604300556,854.368505899,928.8815808663,1838.2950572695727,0.085,0.0833907017,0.0790773896,0.07568835860714286,5.1829670844,0.0,1
Scenario1_294,263.96749761809997,3469.8628918405857,8.6046342047,5394.0076597456,24.181874681,1009.395057482,611.4941168434,1692.3017601024728,0.119,0.1011202942,0.0958899341,0.09178036550714284,3.8493068441,0.0,1
Scenario1_295,308.2253430532,3606.417500696571,8.4628890076,5163.5839888959,27.2466997867,685.8665945887,716.1819534838,1195.0209679917364,0.109,0.0938569256,0.08900225699999999,0.08518787455714284,4.0753439988,0.0,1
Scenario1_296,242.4533476746,3602.0069663407426,8.1990915296,4452.3689220006,19.8007052778,968.8447852385,1589.3479152083,1466.0721934607454,0.139,0.0502825033,0.047681684200000005,0.045638183449999994,3.6540407585,0.0,1
Scenario1_297,208.97730662040001,3489.577977444057,9.6443277271,4672.3480371558,21.97248742,753.8373934308,1679.8560848115,2131.3041527003998,0.09,0.0985145487,0.0934189686,0.08941529852142857,5.2062449475,0.0,1
Scenario1_298,367.9562393566,3511.309717915728,11.5311886651,4691.7777068102,17.8223766828,548.5588469494,1142.1249890492,2085.112075962973,0.086,0.0780092522,0.07397429089999999,0.07080396414999998,5.4715587667,0.0,1
Scenario1_299,203.1306323184,3673.3265762599285,16.2169957977,7054.9160044321,18.3616585881,439.8344441866,586.6071075782,2486.982207680627,0.075,0.0642032316,0.06088237480000001,0.058273130171428586,5.1339833552,0.0,1
Scenario1_300,316.0140328559,3555.775212113257,12.4914623643,5193.3913227425,19.111887482,732.9086626728,1289.643907129,1116.8374009228,0.122,0.0917227018,0.0869784242,0.08325077744285715,4.6102181708,0.0,1
Scenario1_301,333.53586541809995,3493.6751480289713,14.8941832918,5247.6802917727,17.6369599843,405.8496997915,1513.7898583712,2290.157652499309,0.087,0.0996939603,0.0945373761,0.09048577427142857,5.2625986178,0.0,1
Scenario1_302,400.35368589679996,3608.3938247850856,9.3699865957,7031.5614845374,25.5751330832,650.11745153,1197.6373490663,1178.0642114161908,0.082,0.0557733181,0.05288849129999999,0.05062184167142856,4.2648903209,0.0,1
Scenario1_303,268.5114426469,3597.5833616599,8.8365866134,4036.8151911169,25.5171697866,857.3912631309,1075.6154683513,2187.664596319573,0.084,0.0476302204,0.04516658829999999,0.04323087737857142,4.7412251448,0.0,1
Scenario1_304,195.0099078849,3647.869018017857,16.0992147464,4955.7481500343,26.4517006628,499.8413262225,1030.7019605031,1572.333768909082,0.114,0.0446736267,0.04236292190000001,0.0405473681,3.7577504168,0.0,1
Scenario1_305,229.5184540919,3638.3784811564,15.8086813111,7114.4889734421,24.2573754598,953.0008407448,1450.4473435203,2070.7355840929367,0.073,0.1225236399,0.11618621019999999,0.11120680119285713,4.8068926283,0.0,1
Scenario1_306,252.70131243499998,3489.235956359214,17.0549112504,7020.4666603732,19.6331841434,816.6194576939,591.5603278428,1067.4845807534273,0.102,0.0629120461,0.059657974800000006,0.057101204450000005,4.949117996,0.0,1
Scenario1_307,181.2642338371,3473.1545035475283,11.2470676912,6645.6512314845,17.5613355048,913.0729702954,1033.4737333426,2231.9444367430183,0.137,0.0676236483,0.06412587339999999,0.06137762167857142,5.1234827275,0.2563298796662516,0
Scenario1_308,332.25383794519996,3665.072996244814,11.9766462132,6422.1004980993,22.4263257232,1001.9757767601,1371.2442296916,2494.605615119609,0.094,0.1041365434,0.0987501705,0.0945180203357143,5.8659025158,1.8039893283359227,0
Scenario1_309,276.0123339334,3650.8520139620996,12.9762785751,5468.7005185465,27.6808968796,1056.91562193,1508.5066474328,1110.0816339500273,0.081,0.0701722109,0.06654261380000001,0.06369078749285716,5.3148828931,0.0,1
Scenario1_310,328.9904000947,3481.767270227957,14.2049122347,4196.8983625257,22.0000138416,979.1568667622,683.8372963274,1225.5745538504636,0.11,0.0869222563,0.0824262776,0.07889372283571428,5.0537342593,0.0,1
Scenario1_311,271.3694040842,3523.7150970059856,17.0048283439,6513.3240420033,18.0201075003,452.158899712,1126.6373453897,1626.1168379124545,0.112,0.081078556,0.07688483759999999,0.07358977312857141,3.9164768903,0.0,1
Scenario1_312,349.45448691890005,3574.4081926865715,7.2148251983,7484.7571834767,20.4782102553,623.5036316624,720.6365062892,1387.160059883791,0.124,0.1310283624,0.1242510333,0.11892598900714284,3.6798911091,0.0,1
Scenario1_313,249.22321001569998,3533.7527740903715,10.2532142853,4270.2521618659,21.0925177575,975.7826954043,1325.3372575713,2169.464161947545,0.095,0.0610304831,0.05787373389999999,0.055393431028571416,5.390481638,0.0,1
Scenario1_314,243.9427577661,3656.756588360514,8.8760596478,4531.6222131772,25.1047617367,988.4653264956,704.9286389838,1708.906259289391,0.084,0.115992046,0.10999245739999998,0.10527849494285713,4.4911754575,0.0,1
Scenario1_315,330.4637195935,3542.4026310238573,10.4787542016,4240.9066488597,21.8558737409,431.1665029415,986.5319930335,2195.852946647864,0.1,0.1037427362,0.0983767326,0.09416058691428572,4.9733199783,0.0,1
Scenario1_316,372.6100876379,3657.1971824159855,8.6574397522,7397.7453090617,20.6775593833,1085.8873987881,709.8047357986,1689.8262589523451,0.09,0.0461079122,0.043723020200000004,0.04184917647142857,3.7693069127,0.8833637189622513,0
Scenario1_317,194.564167505,3531.9864404625,14.1289222466,4969.1700357517,21.3417505551,667.7269333534,1268.5636506656,2274.2974957319634,0.136,0.0488689518,0.0463412474,0.04435519394285715,4.0661385242,0.0,1
Scenario1_318,314.6638523729,3595.249923978043,9.8171779317,4050.2595380829,22.4700024801,591.9488809738,1068.4782962561,1127.1983487117182,0.142,0.0841875302,0.07983300280000001,0.0764115883857143,4.5188055506,0.0,1
Scenario1_319,329.2449265583,3642.2006161202567,8.9242629259,4759.4878340334,18.2444535379,1039.1495140382,1607.7188404032,1258.566453325682,0.073,0.0911650863,0.0864496508,0.08274466576428573,4.5249892509,0.7360035162573992,0
Scenario1_320,200.2161650984,3508.287518917071,12.0661171152,6923.6374822803,24.1451088537,477.8707080299,1046.580665815,1408.5069908607636,0.117,0.0739860149,0.070159152,0.06715233120714285,3.9981695582,0.0,1
Scenario1_321,204.00820610230002,3496.9079268882,9.0249115379,4580.511671766,19.7149425951,824.7997387593,1384.2413534283,1741.9873180641362,0.083,0.1155319168,0.109556128,0.10486086537142855,4.1088691269,0.3021186145377897,0
Scenario1_322,260.3012233215,3525.2478316567,16.6659413787,4066.8268183342,24.8830775142,809.9778772627,1549.8943081361,1887.2303220096728,0.099,0.0519138554,0.049228655999999996,0.047118856457142866,5.3021032859,0.0,1
Scenario1_323,373.9279196507,3539.886965538557,9.7632737583,6106.3121648519,17.8857375176,1109.7282608545,666.6786174018,2358.258039527227,0.142,0.1011398716,0.0959084989,0.09179813466428573,4.6431197939,0.6138978437029194,0
Scenario1_324,253.6923703797,3673.9377865767856,7.920018866,5226.7048126053,18.9028622482,447.555800203,1159.5097191526,1532.197932726209,0.11,0.1026564625,0.0973466454,0.09317464632142859,3.7296194735,0.0,1
Scenario1_325,395.1014467286,3591.0392438859712,13.8577189755,4762.0160304722,20.6282584929,719.7591401011,843.4623267752,2487.8875275190817,0.105,0.1278579365,0.12124459500000001,0.11604839806428573,4.6813449779,0.4148006721873888,0
Scenario1_326,233.6619110027,3514.4458128744286,11.2945926584,4821.6962047274,22.254638928,416.5854531329,1275.9265418834,2167.4109627548,0.135,0.0774051666,0.07340145100000002,0.07025567454285717,4.2143885934,0.0,1
Scenario1_327,290.7924083142,3519.3385599317285,9.1398424444,7520.7876868709,26.6927974104,719.1307093818,670.8649980602,2153.7035479784727,0.136,0.0954036375,0.09046896660000002,0.08659172516428573,4.3635210825,0.0,1
Scenario1_328,288.6403392747,3493.632550736428,15.0196691946,5382.5943480202,17.9420546481,561.8915203009,800.4863318431,1849.432506762255,0.098,0.0431580927,0.0409257776,0.039171815692857145,3.6167509037,0.0,1
Scenario1_329,281.6224932893,3482.5266168737858,9.4419507197,6691.1985716556,21.2912865737,450.8005078808,1309.2341015021,2375.4963771600364,0.076,0.0659965805,0.0625829643,0.059900837257142854,5.2915452249,0.0,1
Scenario1_330,276.11773891990003,3679.299107628343,17.2445457799,7538.5811161952,26.5760675157,410.4134031992,1339.2119785503,1321.6688588416364,0.111,0.0994167649,0.0942745184,0.09023418190714286,3.9107461636,0.0,1
Scenario1_331,234.1881240846,3646.3298005709144,11.5378433492,4313.8086761793,21.6865194943,790.7900859872,580.5343915224,1077.4934024284182,0.127,0.0563865757,0.05347002859999999,0.05117845595,5.0807835075,0.0,1
Scenario1_332,358.85021777049997,3491.8011704602286,17.2979661375,6282.8342210905,26.9071808439,1130.5769150799,1100.2586657501,1676.5277095793274,0.115,0.1028070924,0.09748948420000002,0.09331136344285716,4.3958768377,0.0,1
Scenario1_333,328.5859760004,3522.239649184,14.8482551777,7131.6514511845,19.0676417708,1028.7007834083,1042.755922643,1769.0154156599274,0.074,0.0457062516,0.043342135100000005,0.04148461503571428,4.0454667416,0.3854428649171273,0
Scenario1_334,327.7110537938,3485.5020249254,15.5155447837,5285.6488042851,22.2303908906,482.6066616891,613.6016414785,1415.022417888809,0.097,0.0871660274,0.08265743979999998,0.07911497808571426,4.9579066414,0.0,1
Scenario1_335,294.71334761450004,3617.301084225085,9.2536874643,4802.3592358899,22.1514062795,918.7016123599,1502.6630912238,1457.3180773806819,0.092,0.0451680272,0.04283175,0.04099610355714286,5.3817939368,0.0,1
Scenario1_336,188.9604423422,3478.512848582571,8.0591861484,6276.0007261477,23.085831325,1163.7961105021,989.1527751627,2361.735187988845,0.084,0.0647161686,0.06136878059999999,0.058738689999999975,3.9637512123,0.2041646902141807,0
Scenario1_337,293.8453880971,3524.0819611765573,10.8347595762,4327.3173010822,21.4387202321,594.2423920832,1592.5130098103,1207.5369376166998,0.092,0.0566898411,0.05375760789999999,0.051453710414285696,5.575770292,0.0,1
Scenario1_338,196.4546972636,3498.2884550372573,7.2571563357,6211.6301075656,23.8675641666,985.424772033,605.279027179,1913.934342106027,0.113,0.0882596944,0.08369453780000001,0.08010762902857142,4.4058503739,0.0,1
Scenario1_339,388.03748249439997,3680.8963797436854,14.637391235,5243.9377386266,21.2685769207,479.3822740251,1071.7292015832,2385.4617282333184,0.093,0.0599570431,0.05685581669999999,0.05441913884285713,4.3263642571,0.0,1
Scenario1_340,210.58909787780001,3559.9436353614287,11.0835584694,4093.6312945892,19.6715841421,461.5722939243,846.2918159932,1538.7482201525906,0.074,0.1246281485,0.11818186489999999,0.11311692784285712,3.9880102758,0.0,1
Scenario1_341,206.87036017050002,3508.8430912166286,16.9399710893,4434.869252193,24.9330529463,416.1472175405,812.2819019257,2530.121901049745,0.134,0.0513446482,0.048688890500000005,0.04660222376428572,5.3297745946,0.0,1
Scenario1_342,397.19843181069996,3550.1360693694855,8.6459033539,5272.339729179,21.2862632754,943.5633583796,1105.8736912436,1852.9513803423727,0.086,0.1307699198,0.12400595839999999,0.1186914173285714,4.5837649806,11.053750346574695,0
Scenario1_343,284.415902839,3596.315645247557,10.3465176321,5722.019518836,21.7118517989,739.4541407334,1303.8506074201,1261.1017577552273,0.109,0.1023871642,0.0970912764,0.09293022170000001,4.9270724287,0.0,1
Scenario1_344,251.304163272,3605.829506771343,11.6839482011,4077.923507243,19.6407694088,435.2408622626,697.160328463,1294.3595980484001,0.087,0.099149161,0.09402075610000002,0.08999129512142857,5.034024576,0.0,1
Scenario1_345,357.37043617480003,3596.921622533143,11.2696821223,4951.2946341972,25.369098699,769.8899959737,1698.6596593722,1393.019507005691,0.085,0.0587366867,0.055698582200000006,0.05331150010714286,4.627653002,0.0,1
Scenario1_346,298.04424038810004,3616.308653042014,7.5254430425,5850.6533952903,24.0367392752,503.6934127437,1194.4275408282,1345.788692753891,0.087,0.0473561617,0.0449067051,0.042982132014285725,3.6501365005,0.0,1
Scenario1_347,352.685626629,3499.1515697894715,9.3230781303,5288.3656495309,18.9726342655,640.4435738479,598.2245493637,1943.5109186963634,0.094,0.0595539867,0.05647360810000001,0.05405331061428572,4.7707319118,0.0,1
Scenario1_348,225.57633777549998,3676.5524127655144,14.4537617072,5650.3202389305,20.2218499305,502.9099587601,830.2075750693,1928.5429166665817,0.121,0.066255447,0.06282844109999998,0.060135793621428554,3.970193636,0.0,1
Scenario1_349,304.85691923539997,3486.7935087532283,14.0655565566,5216.5031622182,21.4086660441,1039.1863670844,1468.7120079476,1166.2368260438,0.096,0.1324790705,0.12562670479999996,0.12024270316428567,4.767023116,0.9826881248672262,0
Scenario1_350,272.83859868589997,3490.8484880797428,8.3208984755,4137.1162334977,18.9910103901,1081.6798465968,1501.4412937802,1081.487480897191,0.081,0.108004489,0.10241804990000002,0.09802870490714287,3.6920582075,1.7472053440582904,0
Scenario1_351,216.78630161070004,3544.2112156487856,9.8694043487,5319.9885435923,18.657806125,1056.4380363661,637.8707584742,2094.888987406227,0.092,0.0890803321,0.0844727287,0.0808524689,5.1641865567,5.058843406131108,0
Scenario1_352,256.7893142507,3477.982518215214,8.7237022158,4478.5926775636,19.9541570225,1112.399190918,1124.0297235571,2480.048346746146,0.145,0.065565827,0.06217449119999999,0.05950987014285713,3.6309256396,0.3434238070501017,0
Scenario1_353,187.95502725609998,3512.1776866034857,16.467206689,6532.6799205819,18.0452203991,631.9043188109,794.6503122446,1311.9483954328,0.126,0.0532413856,0.05048752079999999,0.048323769914285705,4.1344596386,0.0,1
Scenario1_354,314.8103246146,3571.7585379411425,12.4270669383,4370.8843511726,21.819687703,863.601848867,1668.519149507,1124.405893951309,0.122,0.1190361064,0.11287906640000003,0.10804139212857145,5.7428707917,0.0,1
Scenario1_355,332.80843703010004,3476.122430544471,7.3562175432,4892.1683639058,19.7001774142,1146.1606143982,653.9698941715,2449.4452642789092,0.143,0.0533648556,0.0506046045,0.04843583573571429,4.1909909363,0.0,1
Scenario1_356,280.40187535300004,3548.5699003005857,11.8245292544,4592.2613398761,19.8868307057,760.3316703608,1342.132778038,2072.6002804135637,0.084,0.0866412543,0.08215981009999998,0.07863867538571427,5.4587869481,0.0,1
Scenario1_357,204.3072970518,3644.4592834966425,8.8685120437,5559.4609392164,25.7749077474,1024.5615356198,1447.0455953073,1359.4078780531092,0.125,0.1171890072,0.11112750679999998,0.10636489937142855,4.5719723538,0.0,1
Scenario1_358,190.00134801670004,3577.5965517632426,8.5622895496,6718.785647909,21.1993007621,463.5467437402,596.157233261,1700.9619637559817,0.086,0.0515588203,0.0488919848,0.04679661402142858,5.6826023243,0.0,1
Scenario1_359,337.49054546869996,3554.0736420017424,8.3874500207,5264.1374679462,23.3657993738,596.3658119044,920.7641723005,1584.3612056486272,0.129,0.1313638114,0.12456913149999999,0.11923045443571426,4.219453127,0.0,1
Scenario1_360,323.8504233505,3488.6072717516995,17.3711137264,4336.9115997732,24.1945447726,618.9832184041,1263.4292017546,1599.0150370648,0.144,0.07904883,0.0749600974,0.07174752179999999,4.8380625758,0.0,1
Scenario1_361,298.37968577510003,3480.607384337657,13.7169816562,6263.1936714366,18.9462582312,755.9582242694,955.1049667847,2348.332811119745,0.129,0.0849579308,0.0805635551,0.07711083130714287,3.926083612,0.0,1
Scenario1_362,282.3165540251,3670.124536512814,10.7411333962,5185.2874656351,19.2332209051,1137.6636455966,1146.854492785,2331.5050674008908,0.09,0.1005669676,0.0953652279,0.09127814670714285,5.0642668079,5.705499102479399,0
Scenario1_363,346.5880082369,3515.6161865902573,12.0792431676,5512.6260893986,21.2362931669,641.2417505792,924.8093268583,1111.9833913658636,0.126,0.0763972933,0.07244570910000002,0.06934089300000001,4.8597592706,0.0,1
Scenario1_364,389.2633386621,3486.7567666351424,12.789698204,5773.7901620928,24.5913440987,745.1249021606,1692.1859757037,2112.6160120913996,0.09,0.0503464688,0.047742341099999995,0.0456962407642857,4.3511051619,0.0,1
Scenario1_365,280.87135394819995,3558.755933514228,9.8006644422,5172.0087007019,19.375823251,585.6802373125,1354.1811844555,2263.979062481727,0.084,0.1100477879,0.1043556609,0.09988327544285715,3.5672066629,0.0,1
Scenario1_366,189.3324878186,3485.9156960177284,8.9649864803,6191.1423772971,18.8699005288,933.4672190526,642.7625587735,2145.1380148898,0.094,0.0491152507,0.046574806700000006,0.04457874355714287,3.8013003902,0.0,1
Scenario1_367,182.4676363433,3473.660902002314,13.0366149542,7093.411429012,19.508580081,470.3935037255,1304.8051119349,1162.0096880806634,0.089,0.0723749629,0.06863143029999999,0.06569008328571427,4.7150622394,0.0,1
Scenario1_368,328.24164075920004,3536.3493501651715,12.3468833121,4461.2478939833,20.9140090594,636.9650990014,1498.4961330205,1864.9989005373454,0.078,0.0638011446,0.060501085399999995,0.05790818174285713,4.5475737,0.0,1
Scenario1_369,228.5652303875,3651.5434417099855,10.6431991412,5228.8428759885,20.8168522331,441.4672747223,742.6589568078,1472.6870964544455,0.075,0.1236953574,0.1172973217,0.11227029362142855,4.9882102541,0.0,1
Scenario1_370,265.6932045983,3586.981051478257,17.5132315873,4700.6346765903,22.7358687321,1153.2876017593,610.8091914018,1323.0538275955,0.094,0.0922518407,0.08748019380000001,0.0837310426357143,5.7919766181,7.991061316481674,0
Scenario1_371,385.0363187874,3619.8915301747143,11.6030365327,4693.3237990784,20.1121421388,871.2874130507,674.4601051885,2414.3761432718366,0.087,0.0978831176,0.09282019770000001,0.0888421892357143,4.7635426138,0.0,1
Scenario1_372,290.0896472637,3492.329219567614,7.5638679957,6374.7849137058,20.0415985088,427.8315824562,679.3848076788,1573.5811747159364,0.143,0.0870393048,0.08253727180000002,0.07899996014285715,3.6839544614,0.0,1
Scenario1_373,265.0721118798,3604.2513546243285,10.2453534386,4429.1841529993,25.8711240903,1146.6166807783,1560.0160377513,2424.290009169745,0.139,0.0946026479,0.0897094074,0.08586471852142856,5.1591623651,3.647174919308012,0
Scenario1_374,210.05788534619998,3529.2904753914568,14.9361012672,5792.6979106551,20.245181449,867.1826476292,994.0225255447,1104.9102182573272,0.12,0.1026134113,0.09730582109999998,0.09313557161428569,4.9914976697,0.2375948962088162,0
Scenario1_375,230.40406169399998,3503.1898050690857,10.0058367595,4341.8448486419,20.1225353218,487.0447951457,661.1754699559,1622.4561100014546,0.08,0.0742091094,0.07037070719999998,0.06735481975714283,4.2820257057,0.0,1
Scenario1_376,340.34710319330003,3612.9705604067713,8.8424732398,4177.2126849846,20.0463389177,505.7868830703,725.2491318314,2255.456549115509,0.077,0.0493442786,0.0467919883,0.04478661737857142,4.6758382427,0.0,1
Scenario1_377,244.4894992316,3564.205643955757,10.8039860566,5505.2216202506,24.427581226,902.1558751472,1298.1140864876,1303.2274388164728,0.141,0.0592123268,0.05614962020000001,0.053743207914285725,5.1792559469,0.0,1
Scenario1_378,345.8919789946,3609.421694627414,10.6980037987,5701.1553535499,27.6115329605,805.5696051744,869.6959243942,1286.8427367896454,0.121,0.0791799545,0.0750844396,0.07186653505,4.2339776541,0.0,1
Scenario1_379,290.9871902336,3598.4079500301423,9.2419723348,4500.0624566736,20.5205483259,522.6062515941,1003.4036857898,2407.733078770945,0.115,0.0812753961,0.0770714963,0.07376843217142857,5.5100850043,0.0,1
Scenario1_380,355.5182015676,3521.0224734278568,7.3862849242,6124.6845930644,21.1369150259,1075.9886437024,835.8215965424,2319.8573388056725,0.092,0.101588851,0.09633425529999999,0.09220564434999999,5.0377207327,1.137186517916786,0
Scenario1_381,297.348795978,3643.7404702209424,16.5646800012,5013.8709136616,20.5036204824,747.8875045053,903.1202157653,1720.1286204742908,0.083,0.098144176,0.09306775310000001,0.08907913510714285,4.2863124817,0.0,1
Scenario1_382,380.838515002,3474.500104251,15.3856805764,4836.6538502058,20.30371151,455.8057284351,676.3356453851,1277.3709158444456,0.104,0.0939891646,0.08912765609999998,0.08530789940714285,5.2552438552,0.0,1
Scenario1_383,292.3829101972,3551.1866626152855,10.8465593932,7330.8232326538,22.272696727,460.0357410127,630.746958938,2091.9306168516177,0.127,0.0739537528,0.0701285587,0.06712304903571428,3.8200610676,0.0,1
Scenario1_384,269.3539385099,3553.152614040628,11.7245356901,4781.1716021978,20.9279872364,529.6315628259,779.0013440931,1647.9009384189726,0.124,0.0914328511,0.08670356570000001,0.0829876986,3.7941329431,0.0,1
Scenario1_385,357.2962708306,3637.4332631284997,9.3412461904,4013.3253809083,25.9361029133,873.2410951232,1436.8296806768,1231.8804978418545,0.128,0.0581127193,0.055106889000000006,0.05274516517857144,4.1193551824,0.0,1
Scenario1_386,324.184942835,3571.2073865396137,8.4562626472,7425.9361541692,27.0664076481,433.4479761857,1407.6707530671,1121.1497786755908,0.089,0.0627393808,0.059494240399999995,0.056944487242857125,5.5973046158,0.0,1
Scenario1_387,186.2972473993,3592.2117764762284,7.5797810395,4927.9251407312,19.8129080643,546.0161031034,1479.1504935261,1167.8957862213908,0.133,0.0438082372,0.04154229389999999,0.039761909878571415,4.8686539395,0.0,1
Scenario1_388,181.0825368522,3533.5515039999286,8.3408091803,7352.159533675,24.992056644,544.490640955,621.2277687792,1164.1347370180183,0.081,0.0830374465,0.07874240609999998,0.07536773155714283,4.6305841539,0.0,1
Scenario1_389,360.21461770129997,3495.154268497343,11.1846993694,7242.4422256273,22.20904725,403.8712190862,864.9841640704,1761.9161495941364,0.084,0.0854353906,0.08101631860000001,0.07754419067142858,4.647141459,0.0,1
Scenario1_390,241.19151609309998,3508.534948541943,7.6222348929,4084.907020574,25.0627598579,856.3781944771,1572.3551018625,2457.8608412469725,0.106,0.0639397856,0.0606325553,0.05803401722142858,5.1168194565,0.0,1
Scenario1_391,220.2357407656,3512.6843663437426,13.0802144975,4256.4582707294,20.8281223549,567.6937955819,668.7675957267,1103.4677964003274,0.091,0.0971258501,0.0921020993,0.08815486645714285,3.666106421,0.0,1
Scenario1_392,306.9051369143,3670.7238459289715,17.6018514434,5001.2795111021,25.2487070127,862.2133136673,1092.4549114677,1201.2156870653546,0.097,0.1097447453,0.1040682929,0.09960822321428574,4.4422734375,0.0,1
Scenario1_393,324.7022943308,3591.9315934075858,8.2524938308,4399.1883874054,19.1909325368,651.4941570217,1184.5129963013,1109.7260359338181,0.129,0.0976416919,0.09259125960000002,0.08862306275000001,4.4110034749,0.0,1
Scenario1_394,274.2929371879,3640.3918878317713,9.5429138567,5153.5527570546,20.7288470975,896.347849808,1374.3439983033,2448.365706672282,0.132,0.0566113744,0.053683199900000006,0.051382491335714285,4.0931544754,0.0,1
Scenario1_395,329.7703918448,3528.624402960871,11.441299176,7217.3828822351,18.6403631134,962.7324165111,604.2601338876,1493.6099361452636,0.119,0.0743200519,0.07047591129999999,0.06745551509999999,4.8197633476,0.0,1
Scenario1_396,296.0346201942,3565.8582921258,16.3530327241,4210.0080218364,26.979377494,689.8899025392,1582.6964473606,2464.484715260173,0.086,0.0959630933,0.090999485,0.08709950707857142,5.2509552997,0.0,1
Scenario1_397,382.8039492844,3618.1112934653424,16.7561736915,4633.314522132,26.1087412099,779.160948928,1214.1170789145,1453.1199900574545,0.123,0.0704650114,0.06682026949999999,0.06395654364999999,3.5574870708,0.0,1
Scenario1_398,216.99597811889998,3516.4719068192426,7.8694703227,5132.6004285377,19.8577196555,442.8114548502,888.0671839029,1118.6634335509727,0.092,0.0448070771,0.0424894697,0.04066849242857142,5.6247572505,0.0,1
Scenario1_399,348.6879900202,3496.0037979762856,17.7443924044,5352.8306642614,24.4031647276,1006.0364817192,694.3648901592,2260.820282734309,0.129,0.1034369766,0.0980867881,0.09388306862142859,4.9650385393,3.3010774678058485,0
Scenario1_400,339.822900878,3644.0696517125857,13.8997190991,5044.5075341284,19.3232396757,1063.4218917144,1636.2100517614,1578.0498526679273,0.116,0.1008829664,0.09566488200000002,0.09156495847142855,5.8160180664,4.3066231934804495,0
Scenario1_401,212.96165639859998,3604.090297953357,11.1522252629,4958.7227134287,17.4905994263,879.7880090432,1486.1694441519,2044.841919279782,0.082,0.0879482871,0.0833992377,0.07982498467142855,5.4541459707,0.6552327019693887,0
Scenario1_402,326.7905760582,3548.817682645557,15.7659829685,6993.6217286437,20.5399553509,412.1832871686,1260.0064955886,2023.6321756399002,0.134,0.043586616,0.0413321358,0.03956075855714287,5.0865157199,0.0,1
Scenario1_403,229.0506003388,3634.6515582942143,9.8850252406,6683.746133644,17.4371328082,972.76886724,1410.7878605409,2117.181811659982,0.09,0.0705784593,0.06692784939999999,0.06405951299285713,5.4414321467,0.0,1
Scenario1_404,285.2823263565,3478.314117769757,15.2446113339,4902.2606599013,25.7440106913,1011.5510416527,1057.3369488846,1152.0598233818998,0.118,0.1216819655,0.11538807069999998,0.11044286767142854,5.5159948941,0.0,1
Scenario1_405,327.4267215791,3490.5894263280998,13.1516405797,5957.9418621481,22.3573458167,611.4082107441,658.9434639695,1228.8639109105002,0.124,0.0920676255,0.08730550689999998,0.0835638423285714,4.9697671547,0.0,1
Scenario1_406,201.2115449298,3497.339733059114,8.0274075871,6232.211497301,23.5100376073,493.4628487235,1464.7990806889,1365.3823251397093,0.077,0.0787920513,0.07471660039999999,0.07151446037857141,4.0417774168,0.0,1
Scenario1_407,189.72080780090002,3504.6912202636,15.9657739521,6355.3261490053,22.6141323409,564.9657725745,1086.9040384683,1084.1859693807637,0.114,0.0681701224,0.0646440816,0.06187362095714286,4.3100249139,0.0,1
Scenario1_408,184.7733094293,3564.6760293016428,12.0175799459,4044.5963169573,25.8420061258,1169.6142908114,624.686133844,1371.2167529555818,0.088,0.1258158862,0.11930816800000002,0.11419496080000004,3.857045893,2.223106133875038,0
Scenario1_409,198.7669919704,3529.5882515906283,10.8643574213,5858.4602546778,18.1216922284,538.0781110063,1395.3682067323,2394.770758650009,0.14,0.0774737616,0.07346649809999999,0.07031793389285712,4.3611878483,0.0,1
Scenario1_410,270.7479277165,3658.337599923857,7.4360011174,4551.0907094215,23.9836128986,575.1685325406,850.1456353894,1756.5888263355455,0.074,0.095230887,0.09030515149999999,0.08643493070714284,3.6703710241,0.0,1
Scenario1_411,334.6470612408,3535.562579331157,17.8658362276,5982.438403424,19.478335343,475.5799519619,1547.2229670366,2469.8356739658,0.079,0.0496744281,0.047105061100000005,0.04508627277142857,4.8854237092,0.0,1
Scenario1_412,292.965799187,3595.7370447620997,7.1851164241,4345.3232074061,20.9774852561,1035.5823890306,1353.5465461274,1223.996570280782,0.076,0.1289003488,0.12223308939999997,0.11699452841428568,5.8278084376,5.582345216163682,0
Scenario1_413,270.22618161500003,3552.2738726783714,16.1799252572,6638.5611149549,26.4300992682,839.3640298696,1594.7735107534,1126.0638581110545,0.105,0.1214257835,0.11514513950000001,0.11021034781428574,5.5470515757,0.0,1
Scenario1_414,208.09958394200004,3619.4501650934144,8.1127260057,7084.9189124217,22.3158742193,1068.1889580348,1609.7714008285,1182.8703342878728,0.076,0.0713221488,0.06763307220000002,0.06473451195714287,4.7355324776,0.0,1
Scenario1_415,321.92699838609997,3553.715597667443,17.9349837201,5474.6696557753,20.3759655956,514.7385969616,1431.7590398853,2247.169409450445,0.095,0.1199100866,0.11370784080000002,0.10883464761428573,5.0557868973,0.0,1
Scenario1_416,345.504145684,3555.9503270348573,15.1822062034,5934.2138541592,22.5566238494,446.4495047752,1333.6236902555,2162.018586626454,0.112,0.0680640408,0.064543487,0.06177733755714286,5.1712472769,0.0,1
Scenario1_417,184.197268518,3601.408517084514,10.1161632068,5523.5359021009,24.7603764403,677.968086557,807.9657442674,2331.185535401018,0.129,0.0808946995,0.07671049090000001,0.07342289842857144,4.9548258793,0.0,1
Scenario1_418,311.4444487329,3578.7649326089,17.3417692924,5327.5257593117,19.0308212665,626.3146682741,1019.9675684603,2009.377321854318,0.136,0.0797517141,0.0756266255,0.0723854844,5.0108596767,0.0,1
Scenario1_419,283.3236180766,3518.455315206686,9.8412083166,4984.1386016286,19.5535184348,1165.6045810425,591.3754699149,1331.055197186291,0.078,0.126778371,0.1202208691,0.11506854613571427,4.141549859,1.488527754274258,0
Scenario1_420,206.9037947745,3640.9050665634854,10.145276059,7492.0511847689,23.3219219438,673.3672074106,1199.6279350694,1774.3021200809999,0.112,0.0460315856,0.04365064149999999,0.04177989972142856,3.7024146951,0.0,1
Scenario1_421,247.4808421841,3613.6330440230145,7.4882552409,6474.6753469797,19.429400349,466.6871768841,1511.3429308456,1086.0303767616635,0.13,0.0522930742,0.04958826,0.04746304885714287,5.749992622,0.0,1
Scenario1_422,289.6708710826,3662.036828820243,14.7251048938,4843.8664498148,18.7240520402,536.1131435764,1357.2311918051,1233.9232967415455,0.083,0.082917619,0.0786287766,0.0752589719,5.8506355609,0.0,1
Scenario1_423,287.71875158529997,3600.682381325228,7.3355400322,5167.2302179616,20.4424791705,601.5342146453,1397.5636083287,2079.1087703981643,0.095,0.1029847411,0.09765794419999999,0.0934726037357143,5.2102397126,0.0,1
Scenario1_424,201.6346147749,3505.3368492905142,16.2393582757,4459.024488341,17.8301462853,938.1366587324,877.8538775089,1216.596445328227,0.135,0.1240044799,0.117590455,0.11255086407857141,3.6999182552,3.5698349866145325,0
Scenario1_425,356.81112852530003,3526.9592760396995,11.4980919505,5418.9425666242,19.3042798654,1151.0966886432,1611.8635069127,1670.5576788841818,0.094,0.061775167,0.0585798997,0.056069332578571426,4.9329336118,7.789837229624638,0
Scenario1_426,348.1886366419,3563.230064407614,8.9782126907,5127.572366228,26.7973582389,951.0889369076,759.2220764391,2269.015517750473,0.123,0.0699135062,0.0662972904,0.06345597794285714,5.0175896295,0.0,1
Scenario1_427,240.3174179466,3557.2176730436427,11.4724762882,4511.977084198,23.758822117,1022.7726170712,690.2384669539,2005.3103845505452,0.082,0.0969996821,0.0919824572,0.08804035189285717,4.0174294042,0.0,1
Scenario1_428,302.6534058558,3652.369034517328,15.5836262415,4897.2317442859,17.5594008045,992.0091559934,641.7364610442,1443.0082058101273,0.107,0.0768294089,0.07285547400000002,0.0697330965357143,5.3731035082,0.8416253535112349,0
Scenario1_429,396.514679947,3500.150057810257,7.7987424956,4300.7827686114,26.4795557413,741.9048477457,951.3696879452,1256.3744178564273,0.12,0.0847704178,0.08038574099999998,0.0769406378142857,3.8022965816,0.0,1
Scenario1_430,253.44315397950004,3561.6474269139994,17.0793751357,7537.3000044624,18.3316320497,1027.4156304162,1205.9622037492,1239.4416377494001,0.135,0.0778517174,0.0738249045,0.07066098000714285,3.5855002192,5.76232339698273,0
Scenario1_431,226.33006966099998,3625.6683775970714,14.9746004373,4823.3002319604,20.5997589961,1108.8433581397,667.0693947779,1116.3081201524817,0.078,0.0600216517,0.0569170835,0.05447777992857144,3.9610694656,0.0,1
Scenario1_432,219.7436877829,3517.266509023471,9.5864707055,6610.1358593591,21.9826187476,929.9580057135,1639.7401127602,1784.2464637482183,0.106,0.0612468597,0.05807891870000001,0.055589822185714295,4.1456132844,0.0,1
Scenario1_433,239.74704135859997,3480.3161150045426,9.0598910557,5143.6797182306,23.8058562156,628.6068427286,1575.2193132064,2159.3008368563364,0.118,0.0980541778,0.09298240999999999,0.08899744957142856,5.8329910076,0.0,1
Scenario1_434,296.3405694084,3513.244703156371,7.7618958829,5977.4732956303,20.1882109472,1054.4975141437,1156.9113796919,2502.165838341355,0.122,0.0711104549,0.06743232789999999,0.06454237098571428,4.899748339,2.831558729998036,0
Scenario1_435,251.84067863760004,3666.4532387722425,12.2324349465,5741.0002352312,23.7269807703,429.840383671,789.0660790691,2269.289677353646,0.132,0.0472870242,0.04484114360000001,0.04291938031428572,5.3107019437,0.0,1
Scenario1_436,326.54605872850004,3491.4800835201713,7.1126674737,6307.5132049216,20.7194647474,422.7177779505,623.2212558027,1972.062441447618,0.09,0.1047574879,0.0993389971,0.09508161151428574,4.8310309906,0.0,1
Scenario1_437,286.308277927,3504.9837392301424,7.2004537943,4731.1481631416,26.3529657416,1089.963466893,618.6928778262,1270.0468628566273,0.083,0.0803425807,0.07618692989999999,0.07292177577142857,4.0799766459,0.0,1
Scenario1_438,303.4355282048,3593.013810201343,7.9314226733,4109.1237098286,18.5997586477,743.5002302858,1140.3864992822,1477.9312303807271,0.089,0.0973541341,0.0923185754,0.0883620650357143,4.8143509207,0.0,1
Scenario1_439,214.97388463480002,3500.7903749520287,7.6192194036,5609.6547529096,22.5913933661,1033.3020446501,1160.6343513147,1673.5818262282728,0.145,0.0594521635,0.05637705159999999,0.05396089223571427,4.7200348279,0.0,1
Scenario1_440,267.4965737776,3581.113240780043,10.1013555689,7198.3388974347,23.5040824098,444.6408210023,1001.1209767159,1617.0650489058637,0.088,0.0665173545,0.06307680159999998,0.060373510107142835,4.1849029013,0.0,1
Scenario1_441,222.63662782260002,3511.7743642513283,13.5307259799,6295.4044955234,26.2188314884,1035.6518422022,1663.1039725194,1521.8500664768544,0.096,0.0561938494,0.05328727099999999,0.0510035308142857,5.2209639211,0.0,1
Scenario1_442,356.2322916526,3492.9293506018,10.5350827146,4831.6518752055,18.2821322355,417.4651644409,1095.4620672742,2154.8892783608185,0.083,0.0988449966,0.0937323244,0.08971522478571427,5.0022907092,0.0,1
Scenario1_443,294.4838676138,3501.8418640474997,11.0470082194,4570.7645051197,26.7631319331,1018.6207846285,755.4366090674,1313.916883547818,0.077,0.0556969153,0.0528160403,0.050552495728571414,4.3768238242,0.0,1
Scenario1_444,323.3109550535,3675.932501592071,8.7393434464,7016.4448571971,26.2810460175,579.1332955006,1390.7710224924,2036.7455164309179,0.081,0.0657950237,0.062391832800000005,0.05971789710714288,3.8446186864,0.0,1
Scenario1_445,339.54863586460004,3494.554888376643,7.0897180084,7190.8329326596,22.1262929012,456.7047613921,1516.3366647313,1449.0864881273365,0.097,0.1186141985,0.1124789813,0.10765845352857142,4.0083592348,0.0,1
Scenario1_446,217.5755098583,3614.148374763314,13.3814179029,4412.177399781,24.008468634,495.5534089182,958.00297214,1797.6212630572727,0.084,0.0999764004,0.0948052073,0.09074212697857144,5.7595711828,0.0,1
Scenario1_447,243.01313285589998,3639.665908843686,10.4962774387,3998.3113731324,22.0489473486,479.9791666112,1414.7344449045,2216.471215128245,0.14,0.1062669151,0.10077035049999998,0.09645162119999998,5.4766670131,0.0,1
Scenario1_448,284.7496396521,3603.167602780028,12.8285035722,4566.1647090073,18.5104620255,648.3486152048,799.0040404005,1068.5933597528635,0.077,0.061676779,0.0584866007,0.05598003210714286,3.7822053415,0.0,1
Scenario1_449,223.5119299706,3665.5660011061,14.282869881,5330.5073842852,18.4504777717,613.7522420555,1270.514263151,1917.3104926627725,0.114,0.0678389235,0.0643300136,0.06157301302142858,5.7266007833,0.0,1
Scenario1_450,244.83261731009998,3661.4509524942855,7.8418005761,6345.4826949667,21.4519694393,726.579860342,1543.0327245317,1857.3757561473724,0.097,0.0927666975,0.08796842009999999,0.08419834494285712,4.1645733524,0.0,1
Scenario1_451,359.20320321019994,3524.7169449890425,15.2243494336,4853.4047875929,22.8099217026,784.2003975034,1680.7505743595,2104.853919989227,0.115,0.0715001597,0.06780187560000002,0.0648960809214286,4.9987492008,0.0,1
Scenario1_452,374.81829759640004,3479.5839071220425,9.2876407449,5082.2644258459,27.4783571808,542.446127142,1054.7541911609,1652.0162278144635,0.123,0.0953848785,0.0904511779,0.08657469884285714,5.2289359444,0.0,1
Scenario1_453,279.4287441537,3546.021466564428,14.1533693377,5823.3250432488,20.2324983849,998.2122959507,1154.3171265582,2307.077457994246,0.079,0.0966567742,0.0916572858,0.08772911641428571,4.0506700648,0.0,1
Scenario1_454,278.2594076184,3493.196619745185,10.6892256558,5029.3671719225,22.695537613,506.9915227168,1363.5907455871,1827.0830250174454,0.131,0.0546240642,0.0517986816,0.049578738100000005,3.9178475334,0.0,1
Scenario1_455,224.83537764149997,3594.5672094709143,10.1566950076,5316.310293294,19.7334011873,1154.9242717202,1482.7961737094,1097.4330106588,0.086,0.0475899569,0.04512840740000001,0.04319433279285715,5.7007492659,0.3969967569994799,0
Scenario1_456,241.92891675020002,3583.4584077994,9.9471322314,4642.8247800789,19.6644034793,576.887130882,1251.1890290686,1798.4151577565274,0.089,0.1297875836,0.1230744327,0.11779981414999997,4.724489569,0.0,1
Scenario1_457,211.00675139839998,3479.8389776272,8.5174390141,5253.5986689117,18.1245708711,799.6780148892,975.6907974979,1100.2998038490366,0.093,0.1150351134,0.1090850213,0.10440994896428575,5.4229626577,0.0,1
Scenario1_458,296.6269961907,3674.975071336214,14.7931814885,5112.2909769337,20.5767808061,996.9293701322,588.009030973,2224.9792678181093,0.136,0.0569951965,0.0540471691,0.051730861842857134,4.6592015522,0.0,1
Scenario1_459,202.0786842019,3509.0746482492,17.192417704,7273.4053804046,24.7460070851,411.4171044477,679.1432869831,2222.1553044284,0.085,0.0997881411,0.09462668549999999,0.09057125612857142,5.3328119874,0.0,1
Scenario1_460,234.61582960409999,3482.3795389281427,13.6657687446,7465.3022754253,24.2243800893,1135.2751907585,1300.0619254462,1515.9929467304,0.095,0.0452154302,0.04287670100000001,0.0410391281,4.6988873006,0.0,1
Scenario1_461,219.0291366821,3593.6124846008283,8.944083502,5789.8845603277,21.5064425616,703.9433171095,1315.7254099537,2279.6923637746454,0.082,0.0559662761,0.053071468700000006,0.05079697718571429,3.8115114912,0.0,1
Scenario1_462,235.47782299530002,3476.541323683886,9.7237173765,4711.7660873715,20.0701623341,940.9944817591,1358.7520481629,1956.8654993423545,0.123,0.0478893343,0.0454122998,0.043466058378571426,5.8087448394,0.0,1
Scenario1_463,224.08939571859997,3633.054802787243,12.6999447166,4817.3602269898,27.3265012294,468.8120286584,817.4589453211,1590.1565949277544,0.087,0.0572418846,0.05428109749999999,0.05195476474999999,5.18881125,0.0,1
Scenario1_464,267.1917170291,3581.9721658427566,14.3090067732,5364.3180404142,21.0782288297,858.3730775622,879.8977283928,1130.0632871103728,0.085,0.0469489861,0.0445205903,0.042612565,4.4757291178,0.0,1
Scenario1_465,213.9679123482,3626.387763113657,8.3750031582,7161.0701670042,18.0984412922,498.3864161444,1399.6288623521,1315.9057768535454,0.101,0.1105023695,0.10478672970000001,0.10029586985714287,5.1413770262,0.0,1
Scenario1_466,230.9524038442,3582.724292715057,13.2290947136,4907.1777047995,22.9694184233,474.0088245585,602.6675049872,1176.8114558364907,0.12,0.0931191007,0.08830259549999998,0.08451819855714286,5.5360013318,0.0,1
Scenario1_467,336.12489399770004,3567.8450728513567,9.3509404956,5270.3735082424,20.5617492496,847.753802843,854.5495065355,2055.3085412509904,0.097,0.0588871083,0.055841223399999994,0.053448028107142845,4.247700341,0.0,1
Scenario1_468,322.78462506840003,3507.8074567098856,7.6489641598,7342.4930608135,20.087792928,881.2744145054,1320.8241703345,2018.0028230034366,0.086,0.0786001481,0.07453462320000001,0.07134028220714286,3.6731114558,0.0,1
Scenario1_469,381.525687836,3594.268646913,8.4278732556,7214.3068261222,25.8976347921,472.0785535081,824.0008463,2294.663648139373,0.116,0.0769421686,0.0729624013,0.06983544123571428,5.2725953657,0.0,1
Scenario1_470,267.7042371169,3477.6660351575288,9.7457177747,4361.9772929176,19.2545537512,961.2619344226,1023.2267806788,1296.3927959151636,0.091,0.0963235477,0.09134129520000002,0.08742666826428572,3.5902781573,0.0,1
Scenario1_471,261.6190916974,3538.4559218173854,15.1512705047,4207.2275140401,21.9010292863,558.8577799857,1220.1728940839,1895.8125934550364,0.123,0.0805719356,0.07640442169999999,0.0731299464785714,4.6370445595,0.0,1
Scenario1_472,259.3218727379,3495.8138092451,10.2885757718,3961.1573172991,22.1883387451,1069.3187746709,1245.7412875253,2061.6318902788453,0.083,0.1203559361,0.11413062909999999,0.1092393164142857,4.1017795074,0.4578317987860427,0
Scenario1_473,281.0900309138,3485.104581774471,10.3166512757,6862.2780572062,19.1576474634,443.0193312022,652.5264371433,1925.4179317663823,0.089,0.0875327729,0.08300521569999998,0.07944784931428571,4.5939124001,0.0,1
Scenario1_474,217.8543489952,3664.3804473563428,10.9622471326,6836.2198086347,20.3929630741,694.5511632417,1694.0374064067,1090.6542881506002,0.114,0.1123811784,0.10656835879999998,0.1020011434285714,3.5786627375,0.0,1
Scenario1_475,199.628975833,3534.6958206809713,11.9668872472,6844.4906873093,22.4966309606,787.5950608732,1175.8487987875,1938.0300918138091,0.111,0.0471191553,0.044681957599999995,0.04276701656428572,4.0575434744,0.0,1
Scenario1_476,275.518817045,3477.4366755480287,8.4295170787,6581.1589460624,18.8891025299,714.7783615104,1187.0546236161,2434.891392494537,0.145,0.0672471564,0.06376885519999999,0.061035904257142844,4.4306198001,0.0,1
Scenario1_477,211.56717678500002,3659.337392561857,12.621904012,4622.0228062028,18.5438692276,493.9780234134,1688.4744531781,2350.136828459545,0.075,0.0590510656,0.0559967001,0.05359684153571429,4.3434676348,0.0,1
Scenario1_478,280.0407574116,3509.8494329377286,16.2596532371,4193.6927157041,25.6732575204,432.6236579775,1029.2344186453,1271.0528725630454,0.132,0.0759293673,0.0720019863,0.06891618688571428,5.34223926,0.0,1
Scenario1_479,335.8950485411,3500.7008690998423,14.24512885,5428.39587353,20.411315116,1052.3589458652,1480.6269121589,2254.7310970248454,0.088,0.0505816129,0.04796532259999999,0.045909665921428554,4.50340782,0.0,1
Scenario1_480,279.06781401579997,3635.5465120009712,13.7454603344,7564.426462458,23.0399083503,534.3052803896,644.2333642833,1639.5743170969815,0.081,0.070780772,0.06711969760000001,0.06424313912857144,4.7805436462,0.0,1
Scenario1_481,193.0679972834,3624.5034114514424,7.8256232201,5498.9411749792,18.5624336916,498.0547462049,629.509578441,2426.4212477648457,0.117,0.1023299907,0.0970370601,0.09287832895714283,5.4337183197,0.0,1
Scenario1_482,308.3129454969,3532.272650134643,17.0335473319,7072.837947936,23.8885392266,604.420966918,651.3685833904,2287.2883717946993,0.091,0.0608502096,0.057702785000000006,0.05522980850000001,5.2881740285,0.0,1
Scenario1_483,183.3018688903,3635.1964140149425,13.0958986509,5638.4024604546,23.5783905656,1048.7597475678,645.2879872769,1186.8860152642,0.098,0.0602202973,0.057105454300000004,0.0546580776857143,5.4886220528,0.0,1
Scenario1_484,200.4726219654,3490.8881097146427,12.8666839638,6927.790854343,17.7140128656,457.2066059539,1265.5995575315,2453.364699157482,0.127,0.1091711843,0.10352439890000001,0.09908763894285717,4.4012584472,0.0,1
Scenario1_485,251.9943280302,3492.7371035973424,12.5909164702,5115.9464257398,18.8215164951,506.8815542044,617.1539641283,1940.3999791049546,0.096,0.0850544456,0.08065507780000002,0.07719843159999999,4.3207674136,0.0,1
Scenario1_486,353.11908112730003,3645.8722302765714,14.3584806307,6177.6158724584,17.6392816726,602.8496242999,1453.9030710889,1492.2935790690456,0.12,0.0942394979,0.0893650412,0.08553511084999998,4.3887513577,0.0,1
Scenario1_487,320.82606800430005,3507.2438685354714,16.4999251255,4912.216017478,18.4840913804,419.8718196141,1306.6452457777,1793.1462920769,0.09,0.0495282072,0.04696640330000001,0.04495355745000001,4.1392178496,0.0,1
Scenario1_488,360.8998320632,3669.7533817172284,15.4733834518,6076.6387352521,27.7649111124,879.0038223944,971.9970246672,1714.2108868478726,0.133,0.0756655351,0.07175180049999999,0.06867672334285713,3.7264035387,0.0,1
Scenario1_489,353.58620855590004,3474.153314752814,12.1603656424,6818.2337746665,25.6490073849,467.823362113,576.2687722074,2506.896082129609,0.133,0.0977901362,0.09273202569999998,0.08875779602142854,5.1302386559,0.0,1
Scenario1_490,195.4636623576,3518.9221060017,10.7638470771,5122.6317945277,22.4891486643,598.4750664375,863.1617511228,1744.8514911151638,0.08,0.090742233,0.0860486692,0.08236086909999998,3.8267016871,0.0,1
Scenario1_491,275.00639160919997,3472.264924080628,7.6557626495,4854.7549538033,18.2697039071,703.3756459007,981.5302434947,1088.5146510340546,0.106,0.0548585016,0.05202099289999999,0.04979152177857142,4.6061360948,0.0,1
Scenario1_492,370.61243038370003,3660.126285200757,12.6442713861,6905.5141528169,18.7000605373,797.7484319291,831.6517341739,1612.7332974548547,0.135,0.0921424464,0.08737645780000002,0.08363175247142858,5.6083032794,0.0,1
Scenario1_493,250.3916007694,3589.8222377793286,11.2594412689,5486.065565864,20.1364526349,429.2602215707,1101.9125090822,1966.7178002300277,0.074,0.0544963353,0.051677559299999995,0.04946280677142856,5.8076247891,0.0,1
Scenario1_494,221.3259979444,3500.4181678214854,18.0581536622,5937.0619099692,17.5358773952,681.6841149634,1152.3220531825,1091.5396037087457,0.083,0.0946600823,0.08976387109999999,0.08591684805714284,5.4626719112,0.0,1
Scenario1_495,262.41260194290004,3504.3996566586857,11.7769323699,4129.5175626908,19.2033592208,528.0213540954,640.5668493119,1149.6631708091545,0.091,0.1002966267,0.0951088701,0.09103277567142858,5.029616653,0.0,1
Scenario1_496,360.96071551220007,3496.557714932,8.7871104677,6878.5587314345,17.8589437204,781.3783923432,579.0713220924,2527.552503443673,0.078,0.0635161662,0.06023084720000001,0.057649525185714305,5.7815022114,0.0,1
Scenario1_497,382.64129694999997,3621.3713517587425,13.4691443377,4386.6703297293,22.5263683234,1047.3415482769,1408.1146684964,2441.6545601645453,0.11,0.0614768666,0.058297028699999996,0.055798584607142855,4.7964670225,5.67638576338217,0
Scenario1_498,222.3781432187,3515.2011870738284,7.02849096,5801.3419848224,25.2576618734,717.017999702,1226.8682231285,1781.0826671491543,0.079,0.0901056328,0.08544499669999998,0.08178306826428569,3.8089265551,0.0,1
Scenario1_499,313.80240671779995,3623.802622468057,12.4760051696,6037.1357603923,22.3305449739,1148.6501870607,896.7543818412,2515.052120713245,0.125,0.0530002296,0.0502588384,0.04810488818571429,5.4028343993,0.0,1
Scenario1_500,227.01339948129998,3483.055843412357,13.305323843,6596.9029092357,25.8037143499,409.3004068655,1336.9771461766,1229.8122611503727,0.138,0.0733985535,0.06960207660000002,0.06661913045000002,4.8927906604,0.0,1
