###############
#    Sets     #
###############
#
set YEAR := 2019 2020 2021 2022 2023 2024 2025 2026 2027 2028 2029 2030 2031 2032 2033 2034 2035 2036 2037 2038 2039 2040 2041 2042 2043 2044 2045 2046 2047 2048 2049 2050 ;
set TECHNOLOGY := BACKSTOP BESS_TECH DEMCOMELC DEMINDELC DEMRESELC EXPELC IMPBIO IMPCOA IMPELC001 IMPELC002 IMPHFOMOM IMPHFONAI IMPLFOELD IMPNGS IMPURN MINBIO MINCOA MINGEO MINHYD MINSOL MINWND PWRBIO001 PWRCOA001 PWRDIST PWRGEO001 PWRGEO002 PWRGEO003 PWRGEO004 PWRGEO005 PWRGEO006 PWRGEO007 PWRHFO001 PWRHYD001 PWRHYD002 PWRHYD003 PWRHYD004 PWRHYD005 PWRLFO001 PWRNGS001 PWRPHS001 PWRPHS002 PWRSOL001 PWRSOL002 PWRTRN PWRURN001 PWRWND001 PWRWND002 PWRWND003 PWRWND004 PWRWND005 PWRWND006 PWRWND007 PWRWND008 PWRWND009 PWRWND010 PWRWND011 ;
set TIMESLICE := TS01 TS02 TS03 TS04 TS05 TS06 TS07 TS08 TS09 TS10 TS11 TS12 TS13 TS14 TS15 TS16 TS17 TS18 TS19 TS20 TS21 TS22 TS23 TS24 TS25 TS26 TS27 TS28 TS29 TS30 TS31 TS32 TS33 TS34 TS35 TS36 TS37 TS38 TS39 TS40 TS41 TS42 TS43 TS44 TS45 TS46 TS47 TS48 ;
set COMMODITY := BIO COA COADOM COMELC ELC001 ELC002 ELC003 GEO HFOMOM HFONAI HYD INDELC LFOELD NGS RESELC SOL URN WND ;
set EMISSION := CO2 ;
set MODE_OF_OPERATION := 1 2 ;
set REGION := RE1 ;
set SEASON := 1 2 3 4 ;
set DAYTYPE := 1 2 ;
set DAILYTIMEBRACKET := 1 2 3 4 5 6 ;
set STORAGE := BESS001 PHS001 PHS002 ;
set STORAGEINTRADAY := BESS001 ;
set STORAGEINTRAYEAR := PHS001 PHS002 ;
set UDC := GasMinUsage ;

###############
#    Parameters     #
###############
#
param Conversionls default 0.0 :
1 2 3 4 :=
TS01 1 0 0 0 
TS02 1 0 0 0 
TS03 1 0 0 0 
TS04 1 0 0 0 
TS05 1 0 0 0 
TS06 1 0 0 0 
TS07 1 0 0 0 
TS08 1 0 0 0 
TS09 1 0 0 0 
TS10 1 0 0 0 
TS11 1 0 0 0 
TS12 1 0 0 0 
TS13 0 1 0 0 
TS14 0 1 0 0 
TS15 0 1 0 0 
TS16 0 1 0 0 
TS17 0 1 0 0 
TS18 0 1 0 0 
TS19 0 1 0 0 
TS20 0 1 0 0 
TS21 0 1 0 0 
TS22 0 1 0 0 
TS23 0 1 0 0 
TS24 0 1 0 0 
TS25 0 0 1 0 
TS26 0 0 1 0 
TS27 0 0 1 0 
TS28 0 0 1 0 
TS29 0 0 1 0 
TS30 0 0 1 0 
TS31 0 0 1 0 
TS32 0 0 1 0 
TS33 0 0 1 0 
TS34 0 0 1 0 
TS35 0 0 1 0 
TS36 0 0 1 0 
TS37 0 0 0 1 
TS38 0 0 0 1 
TS39 0 0 0 1 
TS40 0 0 0 1 
TS41 0 0 0 1 
TS42 0 0 0 1 
TS43 0 0 0 1 
TS44 0 0 0 1 
TS45 0 0 0 1 
TS46 0 0 0 1 
TS47 0 0 0 1 
TS48 0 0 0 1 
;

param Conversionld default 0.0 :
1 2 :=
TS01 1 0 
TS02 1 0 
TS03 1 0 
TS04 1 0 
TS05 1 0 
TS06 1 0 
TS07 0 1 
TS08 0 1 
TS09 0 1 
TS10 0 1 
TS11 0 1 
TS12 0 1 
TS13 1 0 
TS14 1 0 
TS15 1 0 
TS16 1 0 
TS17 1 0 
TS18 1 0 
TS19 0 1 
TS20 0 1 
TS21 0 1 
TS22 0 1 
TS23 0 1 
TS24 0 1 
TS25 1 0 
TS26 1 0 
TS27 1 0 
TS28 1 0 
TS29 1 0 
TS30 1 0 
TS31 0 1 
TS32 0 1 
TS33 0 1 
TS34 0 1 
TS35 0 1 
TS36 0 1 
TS37 1 0 
TS38 1 0 
TS39 1 0 
TS40 1 0 
TS41 1 0 
TS42 1 0 
TS43 0 1 
TS44 0 1 
TS45 0 1 
TS46 0 1 
TS47 0 1 
TS48 0 1 
;

param Conversionlh default 0.0 :
1 2 3 4 5 6 :=
TS01 1 0 0 0 0 0 
TS02 0 1 0 0 0 0 
TS03 0 0 1 0 0 0 
TS04 0 0 0 1 0 0 
TS05 0 0 0 0 1 0 
TS06 0 0 0 0 0 1 
TS07 1 0 0 0 0 0 
TS08 0 1 0 0 0 0 
TS09 0 0 1 0 0 0 
TS10 0 0 0 1 0 0 
TS11 0 0 0 0 1 0 
TS12 0 0 0 0 0 1 
TS13 1 0 0 0 0 0 
TS14 0 1 0 0 0 0 
TS15 0 0 1 0 0 0 
TS16 0 0 0 1 0 0 
TS17 0 0 0 0 1 0 
TS18 0 0 0 0 0 1 
TS19 1 0 0 0 0 0 
TS20 0 1 0 0 0 0 
TS21 0 0 1 0 0 0 
TS22 0 0 0 1 0 0 
TS23 0 0 0 0 1 0 
TS24 0 0 0 0 0 1 
TS25 1 0 0 0 0 0 
TS26 0 1 0 0 0 0 
TS27 0 0 1 0 0 0 
TS28 0 0 0 1 0 0 
TS29 0 0 0 0 1 0 
TS30 0 0 0 0 0 1 
TS31 1 0 0 0 0 0 
TS32 0 1 0 0 0 0 
TS33 0 0 1 0 0 0 
TS34 0 0 0 1 0 0 
TS35 0 0 0 0 1 0 
TS36 0 0 0 0 0 1 
TS37 1 0 0 0 0 0 
TS38 0 1 0 0 0 0 
TS39 0 0 1 0 0 0 
TS40 0 0 0 1 0 0 
TS41 0 0 0 0 1 0 
TS42 0 0 0 0 0 1 
TS43 1 0 0 0 0 0 
TS44 0 1 0 0 0 0 
TS45 0 0 1 0 0 0 
TS46 0 0 0 1 0 0 
TS47 0 0 0 0 1 0 
TS48 0 0 0 0 0 1 
;

param DiscountRate default 0.05 :=
RE1 0.073 
;

param DiscountRateIdv default 0.05 :=
[RE1,*,*]:
2019 2020 2021 2022 2023 2024 2025 2026 2027 2028 2029 2030 2031 2032 2033 2034 2035 2036 2037 2038 2039 2040 2041 2042 2043 2044 2045 2046 2047 2048 2049 2050 :=
BACKSTOP 99999 99999 99999 99999 99999 99999 99999 99999 99999 99999 99999 99999 99999 99999 99999 99999 99999 99999 99999 99999 99999 99999 99999 99999 99999 99999 99999 99999 99999 99999 99999 99999 
BESS_TECH 0.133 0.133 0.133 0.133 0.133 0.133 0.1343827287 0.1357654575 0.1371481862 0.138530915 0.1399136437 0.1412963724 0.1426791012 0.1440618299 0.1454445587 0.1468272874 0.1482100161 0.1495927449 0.1509754736 0.1523582024 0.1537409311 0.1551236598 0.1565063886 0.1578891173 0.1592718461 0.1606545748 0.1620373035 0.1634200323 0.164802761 0.1661854898 0.1675682185 0.1689509472 
IMPNGS 0.07 0.07 0.07 0.07 0.07 0.07 0.070727752 0.0714555039 0.0721832559 0.0729110079 0.0736387598 0.0743665118 0.0750942638 0.0758220157 0.0765497677 0.0772775197 0.0780052717 0.0787330236 0.0794607756 0.0801885276 0.0809162795 0.0816440315 0.0823717835 0.0830995354 0.0838272874 0.0845550394 0.0852827913 0.0860105433 0.0867382953 0.0874660472 0.0881937992 0.0889215512 
PWRBIO001 0.095 0.095 0.095 0.095 0.095 0.095 0.0959876634 0.0969753268 0.0979629902 0.0989506535 0.0999383169 0.1009259803 0.1019136437 0.1029013071 0.1038889705 0.1048766339 0.1058642972 0.1068519606 0.107839624 0.1088272874 0.1098149508 0.1108026142 0.1117902776 0.1127779409 0.1137656043 0.1147532677 0.1157409311 0.1167285945 0.1177162579 0.1187039213 0.1196915846 0.120679248 
PWRCOA001 0.129 0.129 0.129 0.129 0.129 0.129 0.1303411429 0.1316822858 0.1330234287 0.1343645717 0.1357057146 0.1370468575 0.1383880004 0.1397291433 0.1410702862 0.1424114291 0.143752572 0.145093715 0.1464348579 0.1477760008 0.1491171437 0.1504582866 0.1517994295 0.1531405724 0.1544817153 0.1558228583 0.1571640012 0.1585051441 0.159846287 0.1611874299 0.1625285728 0.1638697157 
PWRDIST 0.041 0.041 0.041 0.041 0.041 0.041 0.0414262547 0.0418525094 0.0422787642 0.0427050189 0.0431312736 0.0435575283 0.0439837831 0.0444100378 0.0448362925 0.0452625472 0.045688802 0.0461150567 0.0465413114 0.0469675661 0.0473938209 0.0478200756 0.0482463303 0.048672585 0.0490988398 0.0495250945 0.0499513492 0.0503776039 0.0508038587 0.0512301134 0.0516563681 0.0520826228 
PWRGEO001 0.095 0.095 0.095 0.095 0.095 0.095 0.0959876634 0.0969753268 0.0979629902 0.0989506535 0.0999383169 0.1009259803 0.1019136437 0.1029013071 0.1038889705 0.1048766339 0.1058642972 0.1068519606 0.107839624 0.1088272874 0.1098149508 0.1108026142 0.1117902776 0.1127779409 0.1137656043 0.1147532677 0.1157409311 0.1167285945 0.1177162579 0.1187039213 0.1196915846 0.120679248 
PWRGEO002 0.095 0.095 0.095 0.095 0.095 0.095 0.0959876634 0.0969753268 0.0979629902 0.0989506535 0.0999383169 0.1009259803 0.1019136437 0.1029013071 0.1038889705 0.1048766339 0.1058642972 0.1068519606 0.107839624 0.1088272874 0.1098149508 0.1108026142 0.1117902776 0.1127779409 0.1137656043 0.1147532677 0.1157409311 0.1167285945 0.1177162579 0.1187039213 0.1196915846 0.120679248 
PWRGEO003 0.095 0.095 0.095 0.095 0.095 0.095 0.0959876634 0.0969753268 0.0979629902 0.0989506535 0.0999383169 0.1009259803 0.1019136437 0.1029013071 0.1038889705 0.1048766339 0.1058642972 0.1068519606 0.107839624 0.1088272874 0.1098149508 0.1108026142 0.1117902776 0.1127779409 0.1137656043 0.1147532677 0.1157409311 0.1167285945 0.1177162579 0.1187039213 0.1196915846 0.120679248 
PWRGEO004 0.095 0.095 0.095 0.095 0.095 0.095 0.0959876634 0.0969753268 0.0979629902 0.0989506535 0.0999383169 0.1009259803 0.1019136437 0.1029013071 0.1038889705 0.1048766339 0.1058642972 0.1068519606 0.107839624 0.1088272874 0.1098149508 0.1108026142 0.1117902776 0.1127779409 0.1137656043 0.1147532677 0.1157409311 0.1167285945 0.1177162579 0.1187039213 0.1196915846 0.120679248 
PWRGEO005 0.095 0.095 0.095 0.095 0.095 0.095 0.0959876634 0.0969753268 0.0979629902 0.0989506535 0.0999383169 0.1009259803 0.1019136437 0.1029013071 0.1038889705 0.1048766339 0.1058642972 0.1068519606 0.107839624 0.1088272874 0.1098149508 0.1108026142 0.1117902776 0.1127779409 0.1137656043 0.1147532677 0.1157409311 0.1167285945 0.1177162579 0.1187039213 0.1196915846 0.120679248 
PWRGEO006 0.095 0.095 0.095 0.095 0.095 0.095 0.0959876634 0.0969753268 0.0979629902 0.0989506535 0.0999383169 0.1009259803 0.1019136437 0.1029013071 0.1038889705 0.1048766339 0.1058642972 0.1068519606 0.107839624 0.1088272874 0.1098149508 0.1108026142 0.1117902776 0.1127779409 0.1137656043 0.1147532677 0.1157409311 0.1167285945 0.1177162579 0.1187039213 0.1196915846 0.120679248 
PWRGEO007 0.095 0.095 0.095 0.095 0.095 0.095 0.0959876634 0.0969753268 0.0979629902 0.0989506535 0.0999383169 0.1009259803 0.1019136437 0.1029013071 0.1038889705 0.1048766339 0.1058642972 0.1068519606 0.107839624 0.1088272874 0.1098149508 0.1108026142 0.1117902776 0.1127779409 0.1137656043 0.1147532677 0.1157409311 0.1167285945 0.1177162579 0.1187039213 0.1196915846 0.120679248 
PWRHFO001 0.116 0.116 0.116 0.116 0.116 0.116 0.117205989 0.118411978 0.1196179669 0.1208239559 0.1220299449 0.1232359339 0.1244419228 0.1256479118 0.1268539008 0.1280598898 0.1292658787 0.1304718677 0.1316778567 0.1328838457 0.1340898346 0.1352958236 0.1365018126 0.1377078016 0.1389137905 0.1401197795 0.1413257685 0.1425317575 0.1437377464 0.1449437354 0.1461497244 0.1473557134 
PWRHYD001 0.075 0.075 0.075 0.075 0.075 0.075 0.0757797343 0.0765594685 0.0773392028 0.078118937 0.0788986713 0.0796784055 0.0804581398 0.081237874 0.0820176083 0.0827973425 0.0835770768 0.084356811 0.0851365453 0.0859162795 0.0866960138 0.087475748 0.0882554823 0.0890352165 0.0898149508 0.090594685 0.0913744193 0.0921541535 0.0929338878 0.093713622 0.0944933563 0.0952730905 
PWRHYD002 0.075 0.075 0.075 0.075 0.075 0.075 0.0757797343 0.0765594685 0.0773392028 0.078118937 0.0788986713 0.0796784055 0.0804581398 0.081237874 0.0820176083 0.0827973425 0.0835770768 0.084356811 0.0851365453 0.0859162795 0.0866960138 0.087475748 0.0882554823 0.0890352165 0.0898149508 0.090594685 0.0913744193 0.0921541535 0.0929338878 0.093713622 0.0944933563 0.0952730905 
PWRHYD003 0.075 0.075 0.075 0.075 0.075 0.075 0.0757797343 0.0765594685 0.0773392028 0.078118937 0.0788986713 0.0796784055 0.0804581398 0.081237874 0.0820176083 0.0827973425 0.0835770768 0.084356811 0.0851365453 0.0859162795 0.0866960138 0.087475748 0.0882554823 0.0890352165 0.0898149508 0.090594685 0.0913744193 0.0921541535 0.0929338878 0.093713622 0.0944933563 0.0952730905 
PWRHYD004 0.075 0.075 0.075 0.075 0.075 0.075 0.0757797343 0.0765594685 0.0773392028 0.078118937 0.0788986713 0.0796784055 0.0804581398 0.081237874 0.0820176083 0.0827973425 0.0835770768 0.084356811 0.0851365453 0.0859162795 0.0866960138 0.087475748 0.0882554823 0.0890352165 0.0898149508 0.090594685 0.0913744193 0.0921541535 0.0929338878 0.093713622 0.0944933563 0.0952730905 
PWRHYD005 0.075 0.075 0.075 0.075 0.075 0.075 0.0757797343 0.0765594685 0.0773392028 0.078118937 0.0788986713 0.0796784055 0.0804581398 0.081237874 0.0820176083 0.0827973425 0.0835770768 0.084356811 0.0851365453 0.0859162795 0.0866960138 0.087475748 0.0882554823 0.0890352165 0.0898149508 0.090594685 0.0913744193 0.0921541535 0.0929338878 0.093713622 0.0944933563 0.0952730905 
PWRLFO001 0.11 0.11 0.11 0.11 0.11 0.11 0.1111436102 0.1122872205 0.1134308307 0.1145744409 0.1157180512 0.1168616614 0.1180052717 0.1191488819 0.1202924921 0.1214361024 0.1225797126 0.1237233228 0.1248669331 0.1260105433 0.1271541535 0.1282977638 0.129441374 0.1305849842 0.1317285945 0.1328722047 0.134015815 0.1351594252 0.1363030354 0.1374466457 0.1385902559 0.1397338661 
PWRNGS001 0.116 0.116 0.116 0.116 0.116 0.116 0.117205989 0.118411978 0.1196179669 0.1208239559 0.1220299449 0.1232359339 0.1244419228 0.1256479118 0.1268539008 0.1280598898 0.1292658787 0.1304718677 0.1316778567 0.1328838457 0.1340898346 0.1352958236 0.1365018126 0.1377078016 0.1389137905 0.1401197795 0.1413257685 0.1425317575 0.1437377464 0.1449437354 0.1461497244 0.1473557134 
PWRPHS001 0.075 0.075 0.075 0.075 0.075 0.075 0.0757797343 0.0765594685 0.0773392028 0.078118937 0.0788986713 0.0796784055 0.0804581398 0.081237874 0.0820176083 0.0827973425 0.0835770768 0.084356811 0.0851365453 0.0859162795 0.0866960138 0.087475748 0.0882554823 0.0890352165 0.0898149508 0.090594685 0.0913744193 0.0921541535 0.0929338878 0.093713622 0.0944933563 0.0952730905 
PWRPHS002 0.075 0.075 0.075 0.075 0.075 0.075 0.0757797343 0.0765594685 0.0773392028 0.078118937 0.0788986713 0.0796784055 0.0804581398 0.081237874 0.0820176083 0.0827973425 0.0835770768 0.084356811 0.0851365453 0.0859162795 0.0866960138 0.087475748 0.0882554823 0.0890352165 0.0898149508 0.090594685 0.0913744193 0.0921541535 0.0929338878 0.093713622 0.0944933563 0.0952730905 
PWRSOL001 0.037 0.037 0.037 0.037 0.037 0.037 0.0373846689 0.0377693378 0.0381540067 0.0385386756 0.0389233445 0.0393080134 0.0396926823 0.0400773512 0.0404620201 0.040846689 0.0412313579 0.0416160268 0.0420006957 0.0423853646 0.0427700335 0.0431547024 0.0435393713 0.0439240402 0.0443087091 0.044693378 0.0450780468 0.0454627157 0.0458473846 0.0462320535 0.0466167224 0.0470013913 
PWRSOL002 0.037 0.037 0.037 0.037 0.037 0.037 0.0373846689 0.0377693378 0.0381540067 0.0385386756 0.0389233445 0.0393080134 0.0396926823 0.0400773512 0.0404620201 0.040846689 0.0412313579 0.0416160268 0.0420006957 0.0423853646 0.0427700335 0.0431547024 0.0435393713 0.0439240402 0.0443087091 0.044693378 0.0450780468 0.0454627157 0.0458473846 0.0462320535 0.0466167224 0.0470013913 
PWRTRN 0.046 0.046 0.046 0.046 0.046 0.046 0.046478237 0.046956474 0.047434711 0.047912948 0.048391185 0.048869422 0.0493476591 0.0498258961 0.0503041331 0.0507823701 0.0512606071 0.0517388441 0.0522170811 0.0526953181 0.0531735551 0.0536517921 0.0541300291 0.0546082661 0.0550865031 0.0555647402 0.0560429772 0.0565212142 0.0569994512 0.0574776882 0.0579559252 0.0584341622 
PWRURN001 0.087 0.087 0.087 0.087 0.087 0.087 0.0879044917 0.0888089835 0.0897134752 0.0906179669 0.0915224587 0.0924269504 0.0933314421 0.0942359339 0.0951404256 0.0960449173 0.0969494091 0.0978539008 0.0987583925 0.0996628842 0.100567376 0.1014718677 0.1023763594 0.1032808512 0.1041853429 0.1050898346 0.1059943264 0.1068988181 0.1078033098 0.1087078016 0.1096122933 0.110516785 
PWRWND001 0.055 0.055 0.055 0.055 0.055 0.055 0.0555718051 0.0561436102 0.0567154154 0.0572872205 0.0578590256 0.0584308307 0.0590026358 0.0595744409 0.0601462461 0.0607180512 0.0612898563 0.0618616614 0.0624334665 0.0630052717 0.0635770768 0.0641488819 0.064720687 0.0652924921 0.0658642972 0.0664361024 0.0670079075 0.0675797126 0.0681515177 0.0687233228 0.0692951279 0.0698669331 
PWRWND002 0.055 0.055 0.055 0.055 0.055 0.055 0.0555718051 0.0561436102 0.0567154154 0.0572872205 0.0578590256 0.0584308307 0.0590026358 0.0595744409 0.0601462461 0.0607180512 0.0612898563 0.0618616614 0.0624334665 0.0630052717 0.0635770768 0.0641488819 0.064720687 0.0652924921 0.0658642972 0.0664361024 0.0670079075 0.0675797126 0.0681515177 0.0687233228 0.0692951279 0.0698669331 
PWRWND003 0.055 0.055 0.055 0.055 0.055 0.055 0.0555718051 0.0561436102 0.0567154154 0.0572872205 0.0578590256 0.0584308307 0.0590026358 0.0595744409 0.0601462461 0.0607180512 0.0612898563 0.0618616614 0.0624334665 0.0630052717 0.0635770768 0.0641488819 0.064720687 0.0652924921 0.0658642972 0.0664361024 0.0670079075 0.0675797126 0.0681515177 0.0687233228 0.0692951279 0.0698669331 
PWRWND004 0.055 0.055 0.055 0.055 0.055 0.055 0.0555718051 0.0561436102 0.0567154154 0.0572872205 0.0578590256 0.0584308307 0.0590026358 0.0595744409 0.0601462461 0.0607180512 0.0612898563 0.0618616614 0.0624334665 0.0630052717 0.0635770768 0.0641488819 0.064720687 0.0652924921 0.0658642972 0.0664361024 0.0670079075 0.0675797126 0.0681515177 0.0687233228 0.0692951279 0.0698669331 
PWRWND005 0.055 0.055 0.055 0.055 0.055 0.055 0.0555718051 0.0561436102 0.0567154154 0.0572872205 0.0578590256 0.0584308307 0.0590026358 0.0595744409 0.0601462461 0.0607180512 0.0612898563 0.0618616614 0.0624334665 0.0630052717 0.0635770768 0.0641488819 0.064720687 0.0652924921 0.0658642972 0.0664361024 0.0670079075 0.0675797126 0.0681515177 0.0687233228 0.0692951279 0.0698669331 
PWRWND006 0.055 0.055 0.055 0.055 0.055 0.055 0.0555718051 0.0561436102 0.0567154154 0.0572872205 0.0578590256 0.0584308307 0.0590026358 0.0595744409 0.0601462461 0.0607180512 0.0612898563 0.0618616614 0.0624334665 0.0630052717 0.0635770768 0.0641488819 0.064720687 0.0652924921 0.0658642972 0.0664361024 0.0670079075 0.0675797126 0.0681515177 0.0687233228 0.0692951279 0.0698669331 
PWRWND007 0.055 0.055 0.055 0.055 0.055 0.055 0.0555718051 0.0561436102 0.0567154154 0.0572872205 0.0578590256 0.0584308307 0.0590026358 0.0595744409 0.0601462461 0.0607180512 0.0612898563 0.0618616614 0.0624334665 0.0630052717 0.0635770768 0.0641488819 0.064720687 0.0652924921 0.0658642972 0.0664361024 0.0670079075 0.0675797126 0.0681515177 0.0687233228 0.0692951279 0.0698669331 
PWRWND008 0.055 0.055 0.055 0.055 0.055 0.055 0.0555718051 0.0561436102 0.0567154154 0.0572872205 0.0578590256 0.0584308307 0.0590026358 0.0595744409 0.0601462461 0.0607180512 0.0612898563 0.0618616614 0.0624334665 0.0630052717 0.0635770768 0.0641488819 0.064720687 0.0652924921 0.0658642972 0.0664361024 0.0670079075 0.0675797126 0.0681515177 0.0687233228 0.0692951279 0.0698669331 
PWRWND009 0.055 0.055 0.055 0.055 0.055 0.055 0.0555718051 0.0561436102 0.0567154154 0.0572872205 0.0578590256 0.0584308307 0.0590026358 0.0595744409 0.0601462461 0.0607180512 0.0612898563 0.0618616614 0.0624334665 0.0630052717 0.0635770768 0.0641488819 0.064720687 0.0652924921 0.0658642972 0.0664361024 0.0670079075 0.0675797126 0.0681515177 0.0687233228 0.0692951279 0.0698669331 
PWRWND010 0.055 0.055 0.055 0.055 0.055 0.055 0.0555718051 0.0561436102 0.0567154154 0.0572872205 0.0578590256 0.0584308307 0.0590026358 0.0595744409 0.0601462461 0.0607180512 0.0612898563 0.0618616614 0.0624334665 0.0630052717 0.0635770768 0.0641488819 0.064720687 0.0652924921 0.0658642972 0.0664361024 0.0670079075 0.0675797126 0.0681515177 0.0687233228 0.0692951279 0.0698669331 
PWRWND011 0.055 0.055 0.055 0.055 0.055 0.055 0.0555718051 0.0561436102 0.0567154154 0.0572872205 0.0578590256 0.0584308307 0.0590026358 0.0595744409 0.0601462461 0.0607180512 0.0612898563 0.0618616614 0.0624334665 0.0630052717 0.0635770768 0.0641488819 0.064720687 0.0652924921 0.0658642972 0.0664361024 0.0670079075 0.0675797126 0.0681515177 0.0687233228 0.0692951279 0.0698669331 
;

param CapacityToActivityUnit default 1.0 :
BACKSTOP BESS_TECH DEMCOMELC DEMINDELC DEMRESELC EXPELC IMPBIO IMPCOA IMPELC001 IMPELC002 IMPHFOMOM IMPHFONAI IMPLFOELD IMPNGS IMPURN MINBIO MINCOA MINGEO MINHYD MINSOL MINWND PWRBIO001 PWRCOA001 PWRDIST PWRGEO001 PWRGEO002 PWRGEO003 PWRGEO004 PWRGEO005 PWRGEO006 PWRGEO007 PWRHFO001 PWRHYD001 PWRHYD002 PWRHYD003 PWRHYD004 PWRHYD005 PWRLFO001 PWRNGS001 PWRPHS001 PWRPHS002 PWRSOL001 PWRSOL002 PWRTRN PWRURN001 PWRWND001 PWRWND002 PWRWND003 PWRWND004 PWRWND005 PWRWND006 PWRWND007 PWRWND008 PWRWND009 PWRWND010 PWRWND011 :=
RE1 31.536 31.536 31.536 31.536 31.536 31.536 1.0 1.0 31.536 31.536 1.0 1.0 1.0 1.0 1.0 1.0 1.0 1.0 1.0 1.0 1.0 31.536 31.536 31.536 31.536 31.536 31.536 31.536 31.536 31.536 31.536 31.536 31.536 31.536 31.536 31.536 31.536 31.536 31.536 31.536 31.536 31.536 31.536 31.536 31.536 31.536 31.536 31.536 31.536 31.536 31.536 31.536 31.536 31.536 31.536 31.536 
;

param OperationalLife default 1.0 :
BACKSTOP BESS_TECH DEMCOMELC DEMINDELC DEMRESELC EXPELC IMPBIO IMPCOA IMPELC001 IMPELC002 IMPHFOMOM IMPHFONAI IMPLFOELD IMPNGS IMPURN MINBIO MINCOA MINGEO MINHYD MINSOL MINWND PWRBIO001 PWRCOA001 PWRDIST PWRGEO001 PWRGEO002 PWRGEO003 PWRGEO004 PWRGEO005 PWRGEO006 PWRGEO007 PWRHFO001 PWRHYD001 PWRHYD002 PWRHYD003 PWRHYD004 PWRHYD005 PWRLFO001 PWRNGS001 PWRPHS001 PWRPHS002 PWRSOL001 PWRSOL002 PWRTRN PWRURN001 PWRWND001 PWRWND002 PWRWND003 PWRWND004 PWRWND005 PWRWND006 PWRWND007 PWRWND008 PWRWND009 PWRWND010 PWRWND011 :=
RE1 1 10 70 70 70 25 1 1 25 25 1 1 1 1 1 1 1 1 1 1 1 30 25 70 25 25 25 25 25 25 25 20 40 40 40 40 40 24 20 40 40 25 25 50 60 20 20 20 20 20 20 20 20 20 20 20 
;

param TotalTechnologyModelPeriodActivityLowerLimit default 0.0 :
BACKSTOP BESS_TECH DEMCOMELC DEMINDELC DEMRESELC EXPELC IMPBIO IMPCOA IMPELC001 IMPELC002 IMPHFOMOM IMPHFONAI IMPLFOELD IMPNGS IMPURN MINBIO MINCOA MINGEO MINHYD MINSOL MINWND PWRBIO001 PWRCOA001 PWRDIST PWRGEO001 PWRGEO002 PWRGEO003 PWRGEO004 PWRGEO005 PWRGEO006 PWRGEO007 PWRHFO001 PWRHYD001 PWRHYD002 PWRHYD003 PWRHYD004 PWRHYD005 PWRLFO001 PWRNGS001 PWRPHS001 PWRPHS002 PWRSOL001 PWRSOL002 PWRTRN PWRURN001 PWRWND001 PWRWND002 PWRWND003 PWRWND004 PWRWND005 PWRWND006 PWRWND007 PWRWND008 PWRWND009 PWRWND010 PWRWND011 :=
RE1 0 0 0 0 0 0 0 0 0 0 0 0 0 0 0 0 0 0 0 0 0 0 0 0 0 0 0 0 0 0 0 0 0 0 0 0 0 0 0 0 0 0 0 0 0 0 0 0 0 0 0 0 0 0 0 0 
;

param TotalTechnologyModelPeriodActivityUpperLimit default 999999.0 :
BACKSTOP BESS_TECH DEMCOMELC DEMINDELC DEMRESELC EXPELC IMPBIO IMPCOA IMPELC001 IMPELC002 IMPHFOMOM IMPHFONAI IMPLFOELD IMPNGS IMPURN MINBIO MINCOA MINGEO MINHYD MINSOL MINWND PWRBIO001 PWRCOA001 PWRDIST PWRGEO001 PWRGEO002 PWRGEO003 PWRGEO004 PWRGEO005 PWRGEO006 PWRGEO007 PWRHFO001 PWRHYD001 PWRHYD002 PWRHYD003 PWRHYD004 PWRHYD005 PWRLFO001 PWRNGS001 PWRPHS001 PWRPHS002 PWRSOL001 PWRSOL002 PWRTRN PWRURN001 PWRWND001 PWRWND002 PWRWND003 PWRWND004 PWRWND005 PWRWND006 PWRWND007 PWRWND008 PWRWND009 PWRWND010 PWRWND011 :=
RE1 999999 999999 999999 999999 999999 999999 999999 999999 999999 999999 999999 999999 999999 999999 999999 999999 999999 999999 999999 999999 999999 999999 999999 999999 999999 999999 999999 999999 999999 999999 999999 999999 999999 999999 999999 999999 999999 999999 999999 999999 999999 999999 999999 999999 999999 999999 999999 999999 999999 999999 999999 999999 999999 999999 999999 999999 
;

param ModelPeriodEmissionLimit default 999999.0 :
CO2 :=
RE1 3000 
;

param YearSplit default 1.0 :
2019 2020 2021 2022 2023 2024 2025 2026 2027 2028 2029 2030 2031 2032 2033 2034 2035 2036 2037 2038 2039 2040 2041 2042 2043 2044 2045 2046 2047 2048 2049 2050 :=
TS01 0.044 0.044 0.044 0.044 0.044 0.044 0.044 0.044 0.044 0.044 0.044 0.044 0.044 0.044 0.044 0.044 0.044 0.044 0.044 0.044 0.044 0.044 0.044 0.044 0.044 0.044 0.044 0.044 0.044 0.044 0.044 0.044 
TS02 0.022 0.022 0.022 0.022 0.022 0.022 0.022 0.022 0.022 0.022 0.022 0.022 0.022 0.022 0.022 0.022 0.022 0.022 0.022 0.022 0.022 0.022 0.022 0.022 0.022 0.022 0.022 0.022 0.022 0.022 0.022 0.022 
TS03 0.044 0.044 0.044 0.044 0.044 0.044 0.044 0.044 0.044 0.044 0.044 0.044 0.044 0.044 0.044 0.044 0.044 0.044 0.044 0.044 0.044 0.044 0.044 0.044 0.044 0.044 0.044 0.044 0.044 0.044 0.044 0.044 
TS04 0.0294 0.0294 0.0294 0.0294 0.0294 0.0294 0.0294 0.0294 0.0294 0.0294 0.0294 0.0294 0.0294 0.0294 0.0294 0.0294 0.0294 0.0294 0.0294 0.0294 0.0294 0.0294 0.0294 0.0294 0.0294 0.0294 0.0294 0.0294 0.0294 0.0294 0.0294 0.0294 
TS05 0.0147 0.0147 0.0147 0.0147 0.0147 0.0147 0.0147 0.0147 0.0147 0.0147 0.0147 0.0147 0.0147 0.0147 0.0147 0.0147 0.0147 0.0147 0.0147 0.0147 0.0147 0.0147 0.0147 0.0147 0.0147 0.0147 0.0147 0.0147 0.0147 0.0147 0.0147 0.0147 
TS06 0.022 0.022 0.022 0.022 0.022 0.022 0.022 0.022 0.022 0.022 0.022 0.022 0.022 0.022 0.022 0.022 0.022 0.022 0.022 0.022 0.022 0.022 0.022 0.022 0.022 0.022 0.022 0.022 0.022 0.022 0.022 0.022 
TS07 0.0176 0.0176 0.0176 0.0176 0.0176 0.0176 0.0176 0.0176 0.0176 0.0176 0.0176 0.0176 0.0176 0.0176 0.0176 0.0176 0.0176 0.0176 0.0176 0.0176 0.0176 0.0176 0.0176 0.0176 0.0176 0.0176 0.0176 0.0176 0.0176 0.0176 0.0176 0.0176 
TS08 0.0088 0.0088 0.0088 0.0088 0.0088 0.0088 0.0088 0.0088 0.0088 0.0088 0.0088 0.0088 0.0088 0.0088 0.0088 0.0088 0.0088 0.0088 0.0088 0.0088 0.0088 0.0088 0.0088 0.0088 0.0088 0.0088 0.0088 0.0088 0.0088 0.0088 0.0088 0.0088 
TS09 0.0176 0.0176 0.0176 0.0176 0.0176 0.0176 0.0176 0.0176 0.0176 0.0176 0.0176 0.0176 0.0176 0.0176 0.0176 0.0176 0.0176 0.0176 0.0176 0.0176 0.0176 0.0176 0.0176 0.0176 0.0176 0.0176 0.0176 0.0176 0.0176 0.0176 0.0176 0.0176 
TS10 0.0117 0.0117 0.0117 0.0117 0.0117 0.0117 0.0117 0.0117 0.0117 0.0117 0.0117 0.0117 0.0117 0.0117 0.0117 0.0117 0.0117 0.0117 0.0117 0.0117 0.0117 0.0117 0.0117 0.0117 0.0117 0.0117 0.0117 0.0117 0.0117 0.0117 0.0117 0.0117 
TS11 0.0059 0.0059 0.0059 0.0059 0.0059 0.0059 0.0059 0.0059 0.0059 0.0059 0.0059 0.0059 0.0059 0.0059 0.0059 0.0059 0.0059 0.0059 0.0059 0.0059 0.0059 0.0059 0.0059 0.0059 0.0059 0.0059 0.0059 0.0059 0.0059 0.0059 0.0059 0.0059 
TS12 0.0088 0.0088 0.0088 0.0088 0.0088 0.0088 0.0088 0.0088 0.0088 0.0088 0.0088 0.0088 0.0088 0.0088 0.0088 0.0088 0.0088 0.0088 0.0088 0.0088 0.0088 0.0088 0.0088 0.0088 0.0088 0.0088 0.0088 0.0088 0.0088 0.0088 0.0088 0.0088 
TS13 0.0298 0.0298 0.0298 0.0298 0.0298 0.0298 0.0298 0.0298 0.0298 0.0298 0.0298 0.0298 0.0298 0.0298 0.0298 0.0298 0.0298 0.0298 0.0298 0.0298 0.0298 0.0298 0.0298 0.0298 0.0298 0.0298 0.0298 0.0298 0.0298 0.0298 0.0298 0.0298 
TS14 0.0149 0.0149 0.0149 0.0149 0.0149 0.0149 0.0149 0.0149 0.0149 0.0149 0.0149 0.0149 0.0149 0.0149 0.0149 0.0149 0.0149 0.0149 0.0149 0.0149 0.0149 0.0149 0.0149 0.0149 0.0149 0.0149 0.0149 0.0149 0.0149 0.0149 0.0149 0.0149 
TS15 0.0298 0.0298 0.0298 0.0298 0.0298 0.0298 0.0298 0.0298 0.0298 0.0298 0.0298 0.0298 0.0298 0.0298 0.0298 0.0298 0.0298 0.0298 0.0298 0.0298 0.0298 0.0298 0.0298 0.0298 0.0298 0.0298 0.0298 0.0298 0.0298 0.0298 0.0298 0.0298 
TS16 0.0199 0.0199 0.0199 0.0199 0.0199 0.0199 0.0199 0.0199 0.0199 0.0199 0.0199 0.0199 0.0199 0.0199 0.0199 0.0199 0.0199 0.0199 0.0199 0.0199 0.0199 0.0199 0.0199 0.0199 0.0199 0.0199 0.0199 0.0199 0.0199 0.0199 0.0199 0.0199 
TS17 0.01 0.01 0.01 0.01 0.01 0.01 0.01 0.01 0.01 0.01 0.01 0.01 0.01 0.01 0.01 0.01 0.01 0.01 0.01 0.01 0.01 0.01 0.01 0.01 0.01 0.01 0.01 0.01 0.01 0.01 0.01 0.01 
TS18 0.0149 0.0149 0.0149 0.0149 0.0149 0.0149 0.0149 0.0149 0.0149 0.0149 0.0149 0.0149 0.0149 0.0149 0.0149 0.0149 0.0149 0.0149 0.0149 0.0149 0.0149 0.0149 0.0149 0.0149 0.0149 0.0149 0.0149 0.0149 0.0149 0.0149 0.0149 0.0149 
TS19 0.0119 0.0119 0.0119 0.0119 0.0119 0.0119 0.0119 0.0119 0.0119 0.0119 0.0119 0.0119 0.0119 0.0119 0.0119 0.0119 0.0119 0.0119 0.0119 0.0119 0.0119 0.0119 0.0119 0.0119 0.0119 0.0119 0.0119 0.0119 0.0119 0.0119 0.0119 0.0119 
TS20 0.006 0.006 0.006 0.006 0.006 0.006 0.006 0.006 0.006 0.006 0.006 0.006 0.006 0.006 0.006 0.006 0.006 0.006 0.006 0.006 0.006 0.006 0.006 0.006 0.006 0.006 0.006 0.006 0.006 0.006 0.006 0.006 
TS21 0.0119 0.0119 0.0119 0.0119 0.0119 0.0119 0.0119 0.0119 0.0119 0.0119 0.0119 0.0119 0.0119 0.0119 0.0119 0.0119 0.0119 0.0119 0.0119 0.0119 0.0119 0.0119 0.0119 0.0119 0.0119 0.0119 0.0119 0.0119 0.0119 0.0119 0.0119 0.0119 
TS22 0.008 0.008 0.008 0.008 0.008 0.008 0.008 0.008 0.008 0.008 0.008 0.008 0.008 0.008 0.008 0.008 0.008 0.008 0.008 0.008 0.008 0.008 0.008 0.008 0.008 0.008 0.008 0.008 0.008 0.008 0.008 0.008 
TS23 0.004 0.004 0.004 0.004 0.004 0.004 0.004 0.004 0.004 0.004 0.004 0.004 0.004 0.004 0.004 0.004 0.004 0.004 0.004 0.004 0.004 0.004 0.004 0.004 0.004 0.004 0.004 0.004 0.004 0.004 0.004 0.004 
TS24 0.006 0.006 0.006 0.006 0.006 0.006 0.006 0.006 0.006 0.006 0.006 0.006 0.006 0.006 0.006 0.006 0.006 0.006 0.006 0.006 0.006 0.006 0.006 0.006 0.006 0.006 0.006 0.006 0.006 0.006 0.006 0.006 
TS25 0.0597 0.0597 0.0597 0.0597 0.0597 0.0597 0.0597 0.0597 0.0597 0.0597 0.0597 0.0597 0.0597 0.0597 0.0597 0.0597 0.0597 0.0597 0.0597 0.0597 0.0597 0.0597 0.0597 0.0597 0.0597 0.0597 0.0597 0.0597 0.0597 0.0597 0.0597 0.0597 
TS26 0.0298 0.0298 0.0298 0.0298 0.0298 0.0298 0.0298 0.0298 0.0298 0.0298 0.0298 0.0298 0.0298 0.0298 0.0298 0.0298 0.0298 0.0298 0.0298 0.0298 0.0298 0.0298 0.0298 0.0298 0.0298 0.0298 0.0298 0.0298 0.0298 0.0298 0.0298 0.0298 
TS27 0.0597 0.0597 0.0597 0.0597 0.0597 0.0597 0.0597 0.0597 0.0597 0.0597 0.0597 0.0597 0.0597 0.0597 0.0597 0.0597 0.0597 0.0597 0.0597 0.0597 0.0597 0.0597 0.0597 0.0597 0.0597 0.0597 0.0597 0.0597 0.0597 0.0597 0.0597 0.0597 
TS28 0.0398 0.0398 0.0398 0.0398 0.0398 0.0398 0.0398 0.0398 0.0398 0.0398 0.0398 0.0398 0.0398 0.0398 0.0398 0.0398 0.0398 0.0398 0.0398 0.0398 0.0398 0.0398 0.0398 0.0398 0.0398 0.0398 0.0398 0.0398 0.0398 0.0398 0.0398 0.0398 
TS29 0.0199 0.0199 0.0199 0.0199 0.0199 0.0199 0.0199 0.0199 0.0199 0.0199 0.0199 0.0199 0.0199 0.0199 0.0199 0.0199 0.0199 0.0199 0.0199 0.0199 0.0199 0.0199 0.0199 0.0199 0.0199 0.0199 0.0199 0.0199 0.0199 0.0199 0.0199 0.0199 
TS30 0.0298 0.0298 0.0298 0.0298 0.0298 0.0298 0.0298 0.0298 0.0298 0.0298 0.0298 0.0298 0.0298 0.0298 0.0298 0.0298 0.0298 0.0298 0.0298 0.0298 0.0298 0.0298 0.0298 0.0298 0.0298 0.0298 0.0298 0.0298 0.0298 0.0298 0.0298 0.0298 
TS31 0.0239 0.0239 0.0239 0.0239 0.0239 0.0239 0.0239 0.0239 0.0239 0.0239 0.0239 0.0239 0.0239 0.0239 0.0239 0.0239 0.0239 0.0239 0.0239 0.0239 0.0239 0.0239 0.0239 0.0239 0.0239 0.0239 0.0239 0.0239 0.0239 0.0239 0.0239 0.0239 
TS32 0.0119 0.0119 0.0119 0.0119 0.0119 0.0119 0.0119 0.0119 0.0119 0.0119 0.0119 0.0119 0.0119 0.0119 0.0119 0.0119 0.0119 0.0119 0.0119 0.0119 0.0119 0.0119 0.0119 0.0119 0.0119 0.0119 0.0119 0.0119 0.0119 0.0119 0.0119 0.0119 
TS33 0.0239 0.0239 0.0239 0.0239 0.0239 0.0239 0.0239 0.0239 0.0239 0.0239 0.0239 0.0239 0.0239 0.0239 0.0239 0.0239 0.0239 0.0239 0.0239 0.0239 0.0239 0.0239 0.0239 0.0239 0.0239 0.0239 0.0239 0.0239 0.0239 0.0239 0.0239 0.0239 
TS34 0.0159 0.0159 0.0159 0.0159 0.0159 0.0159 0.0159 0.0159 0.0159 0.0159 0.0159 0.0159 0.0159 0.0159 0.0159 0.0159 0.0159 0.0159 0.0159 0.0159 0.0159 0.0159 0.0159 0.0159 0.0159 0.0159 0.0159 0.0159 0.0159 0.0159 0.0159 0.0159 
TS35 0.008 0.008 0.008 0.008 0.008 0.008 0.008 0.008 0.008 0.008 0.008 0.008 0.008 0.008 0.008 0.008 0.008 0.008 0.008 0.008 0.008 0.008 0.008 0.008 0.008 0.008 0.008 0.008 0.008 0.008 0.008 0.008 
TS36 0.0119 0.0119 0.0119 0.0119 0.0119 0.0119 0.0119 0.0119 0.0119 0.0119 0.0119 0.0119 0.0119 0.0119 0.0119 0.0119 0.0119 0.0119 0.0119 0.0119 0.0119 0.0119 0.0119 0.0119 0.0119 0.0119 0.0119 0.0119 0.0119 0.0119 0.0119 0.0119 
TS37 0.045 0.045 0.045 0.045 0.045 0.045 0.045 0.045 0.045 0.045 0.045 0.045 0.045 0.045 0.045 0.045 0.045 0.045 0.045 0.045 0.045 0.045 0.045 0.045 0.045 0.045 0.045 0.045 0.045 0.045 0.045 0.045 
TS38 0.0225 0.0225 0.0225 0.0225 0.0225 0.0225 0.0225 0.0225 0.0225 0.0225 0.0225 0.0225 0.0225 0.0225 0.0225 0.0225 0.0225 0.0225 0.0225 0.0225 0.0225 0.0225 0.0225 0.0225 0.0225 0.0225 0.0225 0.0225 0.0225 0.0225 0.0225 0.0225 
TS39 0.045 0.045 0.045 0.045 0.045 0.045 0.045 0.045 0.045 0.045 0.045 0.045 0.045 0.045 0.045 0.045 0.045 0.045 0.045 0.045 0.045 0.045 0.045 0.045 0.045 0.045 0.045 0.045 0.045 0.045 0.045 0.045 
TS40 0.03 0.03 0.03 0.03 0.03 0.03 0.03 0.03 0.03 0.03 0.03 0.03 0.03 0.03 0.03 0.03 0.03 0.03 0.03 0.03 0.03 0.03 0.03 0.03 0.03 0.03 0.03 0.03 0.03 0.03 0.03 0.03 
TS41 0.015 0.015 0.015 0.015 0.015 0.015 0.015 0.015 0.015 0.015 0.015 0.015 0.015 0.015 0.015 0.015 0.015 0.015 0.015 0.015 0.015 0.015 0.015 0.015 0.015 0.015 0.015 0.015 0.015 0.015 0.015 0.015 
TS42 0.0225 0.0225 0.0225 0.0225 0.0225 0.0225 0.0225 0.0225 0.0225 0.0225 0.0225 0.0225 0.0225 0.0225 0.0225 0.0225 0.0225 0.0225 0.0225 0.0225 0.0225 0.0225 0.0225 0.0225 0.0225 0.0225 0.0225 0.0225 0.0225 0.0225 0.0225 0.0225 
TS43 0.018 0.018 0.018 0.018 0.018 0.018 0.018 0.018 0.018 0.018 0.018 0.018 0.018 0.018 0.018 0.018 0.018 0.018 0.018 0.018 0.018 0.018 0.018 0.018 0.018 0.018 0.018 0.018 0.018 0.018 0.018 0.018 
TS44 0.009 0.009 0.009 0.009 0.009 0.009 0.009 0.009 0.009 0.009 0.009 0.009 0.009 0.009 0.009 0.009 0.009 0.009 0.009 0.009 0.009 0.009 0.009 0.009 0.009 0.009 0.009 0.009 0.009 0.009 0.009 0.009 
TS45 0.018 0.018 0.018 0.018 0.018 0.018 0.018 0.018 0.018 0.018 0.018 0.018 0.018 0.018 0.018 0.018 0.018 0.018 0.018 0.018 0.018 0.018 0.018 0.018 0.018 0.018 0.018 0.018 0.018 0.018 0.018 0.018 
TS46 0.012 0.012 0.012 0.012 0.012 0.012 0.012 0.012 0.012 0.012 0.012 0.012 0.012 0.012 0.012 0.012 0.012 0.012 0.012 0.012 0.012 0.012 0.012 0.012 0.012 0.012 0.012 0.012 0.012 0.012 0.012 0.012 
TS47 0.006 0.006 0.006 0.006 0.006 0.006 0.006 0.006 0.006 0.006 0.006 0.006 0.006 0.006 0.006 0.006 0.006 0.006 0.006 0.006 0.006 0.006 0.006 0.006 0.006 0.006 0.006 0.006 0.006 0.006 0.006 0.006 
TS48 0.009 0.009 0.009 0.009 0.009 0.009 0.009 0.009 0.009 0.009 0.009 0.009 0.009 0.009 0.009 0.009 0.009 0.009 0.009 0.009 0.009 0.009 0.009 0.009 0.009 0.009 0.009 0.009 0.009 0.009 0.009 0.009 
;

param DaySplit default 1.0 :
2019 2020 2021 2022 2023 2024 2025 2026 2027 2028 2029 2030 2031 2032 2033 2034 2035 2036 2037 2038 2039 2040 2041 2042 2043 2044 2045 2046 2047 2048 2049 2050 :=
1 1 1 1 1 1 1 1 1 1 1 1 1 1 1 1 1 1 1 1 1 1 1 1 1 1 1 1 1 1 1 1 1 
2 1 1 1 1 1 1 1 1 1 1 1 1 1 1 1 1 1 1 1 1 1 1 1 1 1 1 1 1 1 1 1 1 
3 1 1 1 1 1 1 1 1 1 1 1 1 1 1 1 1 1 1 1 1 1 1 1 1 1 1 1 1 1 1 1 1 
4 1 1 1 1 1 1 1 1 1 1 1 1 1 1 1 1 1 1 1 1 1 1 1 1 1 1 1 1 1 1 1 1 
5 1 1 1 1 1 1 1 1 1 1 1 1 1 1 1 1 1 1 1 1 1 1 1 1 1 1 1 1 1 1 1 1 
6 1 1 1 1 1 1 1 1 1 1 1 1 1 1 1 1 1 1 1 1 1 1 1 1 1 1 1 1 1 1 1 1 
;

param AvailabilityFactor default 1.0 :=
[RE1,*,*]:
2019 2020 2021 2022 2023 2024 2025 2026 2027 2028 2029 2030 2031 2032 2033 2034 2035 2036 2037 2038 2039 2040 2041 2042 2043 2044 2045 2046 2047 2048 2049 2050 :=
IMPELC001 0.93 0.93 0.93 0.93 0.93 0.93 0.93 0.93 0.93 0.93 0.93 0.93 0.93 0.93 0.93 0.93 0.93 0.93 0.93 0.93 0.93 0.93 0.93 0.93 0.93 0.93 0.93 0.93 0.93 0.93 0.93 0.93 
IMPELC002 0.93 0.93 0.93 0.93 0.93 0.93 0.93 0.93 0.93 0.93 0.93 0.93 0.93 0.93 0.93 0.93 0.93 0.93 0.93 0.93 0.93 0.93 0.93 0.93 0.93 0.93 0.93 0.93 0.93 0.93 0.93 0.93 
PWRCOA001 0.8731 0.8731 0.8731 0.8731 0.8731 0.8731 0.8731 0.8731 0.8731 0.8731 0.8731 0.8731 0.8731 0.8731 0.8731 0.8731 0.8731 0.8731 0.8731 0.8731 0.8731 0.8731 0.8731 0.8731 0.8731 0.8731 0.8731 0.8731 0.8731 0.8731 0.8731 0.8731 
PWRGEO001 0.9455 0.9455 0.9455 0.9455 0.9455 0.9455 0.9455 0.9455 0.9455 0.9455 0.9455 0.9455 0.9455 0.9455 0.9455 0.9455 0.9455 0.9455 0.9455 0.9455 0.9455 0.9455 0.9455 0.9455 0.9455 0.9455 0.9455 0.9455 0.9455 0.9455 0.9455 0.9455 
PWRGEO002 0.9455 0.9455 0.9455 0.9455 0.9455 0.9455 0.9455 0.9455 0.9455 0.9455 0.9455 0.9455 0.9455 0.9455 0.9455 0.9455 0.9455 0.9455 0.9455 0.9455 0.9455 0.9455 0.9455 0.9455 0.9455 0.9455 0.9455 0.9455 0.9455 0.9455 0.9455 0.9455 
PWRGEO003 0.9455 0.9455 0.9455 0.9455 0.9455 0.9455 0.9455 0.9455 0.9455 0.9455 0.9455 0.9455 0.9455 0.9455 0.9455 0.9455 0.9455 0.9455 0.9455 0.9455 0.9455 0.9455 0.9455 0.9455 0.9455 0.9455 0.9455 0.9455 0.9455 0.9455 0.9455 0.9455 
PWRGEO004 0.9455 0.9455 0.9455 0.9455 0.9455 0.9455 0.9455 0.9455 0.9455 0.9455 0.9455 0.9455 0.9455 0.9455 0.9455 0.9455 0.9455 0.9455 0.9455 0.9455 0.9455 0.9455 0.9455 0.9455 0.9455 0.9455 0.9455 0.9455 0.9455 0.9455 0.9455 0.9455 
PWRGEO005 0.9455 0.9455 0.9455 0.9455 0.9455 0.9455 0.9455 0.9455 0.9455 0.9455 0.9455 0.9455 0.9455 0.9455 0.9455 0.9455 0.9455 0.9455 0.9455 0.9455 0.9455 0.9455 0.9455 0.9455 0.9455 0.9455 0.9455 0.9455 0.9455 0.9455 0.9455 0.9455 
PWRGEO006 0.9455 0.9455 0.9455 0.9455 0.9455 0.9455 0.9455 0.9455 0.9455 0.9455 0.9455 0.9455 0.9455 0.9455 0.9455 0.9455 0.9455 0.9455 0.9455 0.9455 0.9455 0.9455 0.9455 0.9455 0.9455 0.9455 0.9455 0.9455 0.9455 0.9455 0.9455 0.9455 
PWRGEO007 0.9455 0.9455 0.9455 0.9455 0.9455 0.9455 0.9455 0.9455 0.9455 0.9455 0.9455 0.9455 0.9455 0.9455 0.9455 0.9455 0.9455 0.9455 0.9455 0.9455 0.9455 0.9455 0.9455 0.9455 0.9455 0.9455 0.9455 0.9455 0.9455 0.9455 0.9455 0.9455 
PWRHFO001 0.8823 0.8823 0.8823 0.8823 0.8823 0.8823 0.8823 0.8823 0.8823 0.8823 0.8823 0.8823 0.8823 0.8823 0.8823 0.8823 0.8823 0.8823 0.8823 0.8823 0.8823 0.8823 0.8823 0.8823 0.8823 0.8823 0.8823 0.8823 0.8823 0.8823 0.8823 0.8823 
PWRHYD001 0.9223 0.9223 0.9223 0.9223 0.9223 0.9223 0.9223 0.9223 0.9223 0.9223 0.9223 0.9223 0.9223 0.9223 0.9223 0.9223 0.9223 0.9223 0.9223 0.9223 0.9223 0.9223 0.9223 0.9223 0.9223 0.9223 0.9223 0.9223 0.9223 0.9223 0.9223 0.9223 
PWRHYD002 0.9223 0.9223 0.9223 0.9223 0.9223 0.9223 0.9223 0.9223 0.9223 0.9223 0.9223 0.9223 0.9223 0.9223 0.9223 0.9223 0.9223 0.9223 0.9223 0.9223 0.9223 0.9223 0.9223 0.9223 0.9223 0.9223 0.9223 0.9223 0.9223 0.9223 0.9223 0.9223 
PWRHYD003 0.9223 0.9223 0.9223 0.9223 0.9223 0.9223 0.9223 0.9223 0.9223 0.9223 0.9223 0.9223 0.9223 0.9223 0.9223 0.9223 0.9223 0.9223 0.9223 0.9223 0.9223 0.9223 0.9223 0.9223 0.9223 0.9223 0.9223 0.9223 0.9223 0.9223 0.9223 0.9223 
PWRHYD004 0.9223 0.9223 0.9223 0.9223 0.9223 0.9223 0.9223 0.9223 0.9223 0.9223 0.9223 0.9223 0.9223 0.9223 0.9223 0.9223 0.9223 0.9223 0.9223 0.9223 0.9223 0.9223 0.9223 0.9223 0.9223 0.9223 0.9223 0.9223 0.9223 0.9223 0.9223 0.9223 
PWRHYD005 0.9223 0.9223 0.9223 0.9223 0.9223 0.9223 0.9223 0.9223 0.9223 0.9223 0.9223 0.9223 0.9223 0.9223 0.9223 0.9223 0.9223 0.9223 0.9223 0.9223 0.9223 0.9223 0.9223 0.9223 0.9223 0.9223 0.9223 0.9223 0.9223 0.9223 0.9223 0.9223 
PWRLFO001 0.8881 0.8881 0.8881 0.8881 0.8881 0.8881 0.8881 0.8881 0.8881 0.8881 0.8881 0.8881 0.8881 0.8881 0.8881 0.8881 0.8881 0.8881 0.8881 0.8881 0.8881 0.8881 0.8881 0.8881 0.8881 0.8881 0.8881 0.8881 0.8881 0.8881 0.8881 0.8881 
PWRNGS001 0.9315 0.9315 0.9315 0.9315 0.9315 0.9315 0.9315 0.9315 0.9315 0.9315 0.9315 0.9315 0.9315 0.9315 0.9315 0.9315 0.9315 0.9315 0.9315 0.9315 0.9315 0.9315 0.9315 0.9315 0.9315 0.9315 0.9315 0.9315 0.9315 0.9315 0.9315 0.9315 
PWRPHS001 0.9235 0.9235 0.9235 0.9235 0.9235 0.9235 0.9235 0.9235 0.9235 0.9235 0.9235 0.9235 0.9235 0.9235 0.9235 0.9235 0.9235 0.9235 0.9235 0.9235 0.9235 0.9235 0.9235 0.9235 0.9235 0.9235 0.9235 0.9235 0.9235 0.9235 0.9235 0.9235 
PWRPHS002 0.9235 0.9235 0.9235 0.9235 0.9235 0.9235 0.9235 0.9235 0.9235 0.9235 0.9235 0.9235 0.9235 0.9235 0.9235 0.9235 0.9235 0.9235 0.9235 0.9235 0.9235 0.9235 0.9235 0.9235 0.9235 0.9235 0.9235 0.9235 0.9235 0.9235 0.9235 0.9235 
PWRURN001 0.9612 0.9612 0.9612 0.9612 0.9612 0.9612 0.9612 0.9612 0.9612 0.9612 0.9612 0.9612 0.9612 0.9612 0.9612 0.9612 0.9612 0.9612 0.9612 0.9612 0.9612 0.9612 0.9612 0.9612 0.9612 0.9612 0.9612 0.9612 0.9612 0.9612 0.9612 0.9612 
;

param CapitalCost default 0.0 :=
[RE1,*,*]:
2019 2020 2021 2022 2023 2024 2025 2026 2027 2028 2029 2030 2031 2032 2033 2034 2035 2036 2037 2038 2039 2040 2041 2042 2043 2044 2045 2046 2047 2048 2049 2050 :=
BACKSTOP 99999.0 99999.0 99999.0 99999.0 99999.0 99999.0 99999.0 99999.0 99999.0 99999.0 99999.0 99999.0 99999.0 99999.0 99999.0 99999.0 99999.0 99999.0 99999.0 99999.0 99999.0 99999.0 99999.0 99999.0 99999.0 99999.0 99999.0 99999.0 99999.0 99999.0 99999.0 99999.0 
BESS_TECH 1483.0 1449.6 1416.9 1385.0 1353.8 1323.3 1293.5 1247.6529690259 1202.7512376595 1158.7948059008 1115.9412236844 1074.0329410757 1033.0699580748 993.0522746816 953.979890896 915.6952567836 878.3559222789 841.8043374473 806.0405022888 771.0644168034 736.8760809911 703.6330447865 671.0202083203 639.0375715927 608.0002344727 577.4355471566 547.6586095136 518.5118716091 490.1528833777 462.2665449501 435.1679561957 408.5420172451 
IMPNGS 20.0 20.0 20.0 20.0 20.0 20.0 19.981736007 19.9634720141 19.9452080211 19.9269440282 19.9086800352 19.8904160423 19.8721520493 19.8538880563 19.8356240634 19.8173600704 19.7990960775 19.7808320845 19.7625680915 19.7443040986 19.7260401056 19.7077761127 19.6895121197 19.6712481268 19.6529841338 19.6347201408 19.6164561479 19.5981921549 19.579928162 19.561664169 19.543400176 19.5251361831 
PWRBIO001 2500.0 2500.0 2500.0 2500.0 2500.0 2500.0 2496.4943044104 2492.9886088208 2489.4829132311 2485.9772176415 2482.4715220519 2478.9658264623 2475.4601308726 2471.954435283 2468.4487396934 2464.9430441038 2461.4373485141 2457.9316529245 2454.4259573349 2450.9202617453 2447.4145661556 2443.908870566 2440.4031749764 2436.8974793868 2433.3917837971 2429.8860882075 2426.3803926179 2422.8746970283 2419.3690014387 2415.863305849 2412.3576102594 2408.8519146698 
PWRCOA001 2479.2 2479.2 2479.2 2479.2 2479.2 2479.2 2479.2 2479.2 2479.2 2479.2 2479.2 2479.2 2479.2 2479.2 2479.2 2479.2 2479.2 2479.2 2479.2 2479.2 2479.2 2479.2 2479.2 2479.2 2479.2 2479.2 2479.2 2479.2 2479.2 2479.2 2479.2 2479.2 
PWRDIST 2502.0 2502.0 2502.0 2502.0 2502.0 2502.0 2502.0 2502.0 2502.0 2502.0 2502.0 2502.0 2502.0 2502.0 2502.0 2502.0 2502.0 2502.0 2502.0 2502.0 2502.0 2502.0 2502.0 2502.0 2502.0 2502.0 2502.0 2502.0 2502.0 2502.0 2502.0 2502.0 
PWRGEO001 3329.22 3329.22 3329.22 3329.22 3329.22 3329.22 3329.22 3329.22 3329.22 3329.22 3329.22 3329.22 3329.22 3329.22 3329.22 3329.22 3329.22 3329.22 3329.22 3329.22 3329.22 3329.22 3329.22 3329.22 3329.22 3329.22 3329.22 3329.22 3329.22 3329.22 3329.22 3329.22 
PWRGEO002 3476.57 3476.57 3476.57 3476.57 3476.57 3476.57 3476.57 3476.57 3476.57 3476.57 3476.57 3476.57 3476.57 3476.57 3476.57 3476.57 3476.57 3476.57 3476.57 3476.57 3476.57 3476.57 3476.57 3476.57 3476.57 3476.57 3476.57 3476.57 3476.57 3476.57 3476.57 3476.57 
PWRGEO003 3439.33 3439.33 3439.33 3439.33 3439.33 3439.33 3439.33 3439.33 3439.33 3439.33 3439.33 3439.33 3439.33 3439.33 3439.33 3439.33 3439.33 3439.33 3439.33 3439.33 3439.33 3439.33 3439.33 3439.33 3439.33 3439.33 3439.33 3439.33 3439.33 3439.33 3439.33 3439.33 
PWRGEO004 3439.0 3439.0 3439.0 3439.0 3439.0 3439.0 3439.0 3439.0 3439.0 3439.0 3439.0 3439.0 3439.0 3439.0 3439.0 3439.0 3439.0 3439.0 3439.0 3439.0 3439.0 3439.0 3439.0 3439.0 3439.0 3439.0 3439.0 3439.0 3439.0 3439.0 3439.0 3439.0 
PWRGEO005 3595.0 3595.0 3595.0 3595.0 3595.0 3595.0 3595.0 3595.0 3595.0 3595.0 3595.0 3595.0 3595.0 3595.0 3595.0 3595.0 3595.0 3595.0 3595.0 3595.0 3595.0 3595.0 3595.0 3595.0 3595.0 3595.0 3595.0 3595.0 3595.0 3595.0 3595.0 3595.0 
PWRGEO006 3801.41 3801.41 3801.41 3801.41 3801.41 3801.41 3801.0200743524 3800.6301487047 3800.2402230571 3799.8502974094 3799.4603717618 3799.0704461142 3798.6805204665 3798.2905948189 3797.9006691713 3797.5107435236 3797.120817876 3796.7308922283 3796.3409665807 3795.9510409331 3795.5611152854 3795.1711896378 3794.7812639902 3794.3913383425 3794.0014126949 3793.6114870472 3793.2215613996 3792.831635752 3792.4417101043 3792.0517844567 3791.6618588091 3791.2719331614 
PWRGEO007 3801.41 3801.41 3801.41 3801.41 3801.41 3801.41 3801.41 3801.41 3801.41 3801.41 3801.41 3801.41 3801.41 3801.41 3801.41 3801.41 3801.41 3801.41 3801.41 3801.41 3801.41 3801.41 3801.41 3801.41 3801.41 3801.41 3801.41 3801.41 3801.41 3801.41 3801.41 3801.41 
PWRHFO001 1603.57 1603.57 1603.57 1603.57 1603.57 1603.57 1603.57 1603.57 1603.57 1603.57 1603.57 1603.57 1603.57 1603.57 1603.57 1603.57 1603.57 1603.57 1603.57 1603.57 1603.57 1603.57 1603.57 1603.57 1603.57 1603.57 1603.57 1603.57 1603.57 1603.57 1603.57 1603.57 
PWRHYD001 3430.0 3430.0 3430.0 3430.0 3430.0 3430.0 3436.7116285194 3443.4232570388 3450.1348855582 3456.8465140776 3463.558142597 3470.2697711164 3476.9813996358 3483.6930281552 3490.4046566746 3497.116285194 3503.8279137134 3510.5395422328 3517.2511707522 3523.9627992717 3530.6744277911 3537.3860563105 3544.0976848299 3550.8093133493 3557.5209418687 3564.2325703881 3570.9441989075 3577.6558274269 3584.3674559463 3591.0790844657 3597.7907129851 3604.5023415045 
PWRHYD002 3466.73 3466.73 3466.73 3466.73 3466.73 3466.73 3473.5134996901 3480.2969993802 3487.0804990703 3493.8639987604 3500.6474984505 3507.4309981407 3514.2144978308 3520.9979975209 3527.781497211 3534.5649969011 3541.3484965912 3548.1319962813 3554.9154959714 3561.6989956615 3568.4824953516 3575.2659950417 3582.0494947318 3588.832994422 3595.6164941121 3602.3999938022 3609.1834934923 3615.9669931824 3622.7504928725 3629.5339925626 3636.3174922527 3643.1009919428 
PWRHYD003 3430.48 3430.48 3430.48 3430.48 3430.48 3430.48 3437.192567756 3443.9051355121 3450.6177032681 3457.3302710242 3464.0428387802 3470.7554065363 3477.4679742923 3484.1805420484 3490.8931098044 3497.6056775605 3504.3182453165 3511.0308130726 3517.7433808286 3524.4559485847 3531.1685163407 3537.8810840968 3544.5936518528 3551.3062196089 3558.0187873649 3564.731355121 3571.443922877 3578.1564906331 3584.8690583891 3591.5816261452 3598.2941939012 3605.0067616572 
PWRHYD004 3223.225 3223.225 3223.225 3223.225 3223.225 3223.225 3229.5320229838 3235.8390459676 3242.1460689514 3248.4530919352 3254.760114919 3261.0671379028 3267.3741608866 3273.6811838705 3279.9882068543 3286.2952298381 3292.6022528219 3298.9092758057 3305.2162987895 3311.5233217733 3317.8303447571 3324.1373677409 3330.4443907247 3336.7514137085 3343.0584366923 3349.3654596761 3355.6724826599 3361.9795056437 3368.2865286275 3374.5935516114 3380.9005745952 3387.207597579 
PWRHYD005 3484.26 3484.26 3484.26 3484.26 3484.26 3484.26 3491.077801395 3497.8956027901 3504.7134041851 3511.5312055802 3518.3490069752 3525.1668083703 3531.9846097653 3538.8024111604 3545.6202125554 3552.4380139505 3559.2558153455 3566.0736167406 3572.8914181356 3579.7092195307 3586.5270209257 3593.3448223208 3600.1626237158 3606.9804251109 3613.7982265059 3620.616027901 3627.433829296 3634.2516306911 3641.0694320861 3647.8872334812 3654.7050348762 3661.5228362713 
PWRLFO001 1240.74 1240.74 1240.74 1240.74 1240.74 1240.74 1240.74 1240.74 1240.74 1240.74 1240.74 1240.74 1240.74 1240.74 1240.74 1240.74 1240.74 1240.74 1240.74 1240.74 1240.74 1240.74 1240.74 1240.74 1240.74 1240.74 1240.74 1240.74 1240.74 1240.74 1240.74 1240.74 
PWRNGS001 857.14 857.14 857.14 857.14 857.14 857.14 857.5323931123 857.9247862245 858.3171793368 858.709572449 859.1019655613 859.4943586735 859.8867517858 860.2791448981 860.6715380103 861.0639311226 861.4563242348 861.8487173471 862.2411104594 862.6335035716 863.0258966839 863.4182897961 863.8106829084 864.2030760206 864.5954691329 864.9878622452 865.3802553574 865.7726484697 866.1650415819 866.5574346942 866.9498278064 867.3422209187 
PWRPHS001 1129.0 1129.0 1129.0 1129.0 1129.0 1129.0 1129.6662488604 1130.3324977207 1130.9987465811 1131.6649954415 1132.3312443018 1132.9974931622 1133.6637420226 1134.3299908829 1134.9962397433 1135.6624886036 1136.328737464 1136.9949863244 1137.6612351847 1138.3274840451 1138.9937329055 1139.6599817658 1140.3262306262 1140.9924794866 1141.6587283469 1142.3249772073 1142.9912260677 1143.657474928 1144.3237237884 1144.9899726488 1145.6562215091 1146.3224703695 
PWRPHS002 1129.0 1129.0 1129.0 1129.0 1129.0 1129.0 1129.6662488604 1130.3324977207 1130.9987465811 1131.6649954415 1132.3312443018 1132.9974931622 1133.6637420226 1134.3299908829 1134.9962397433 1135.6624886036 1136.328737464 1136.9949863244 1137.6612351847 1138.3274840451 1138.9937329055 1139.6599817658 1140.3262306262 1140.9924794866 1141.6587283469 1142.3249772073 1142.9912260677 1143.657474928 1144.3237237884 1144.9899726488 1145.6562215091 1146.3224703695 
PWRSOL001 1224.4 1199.3 1174.8 1150.8 1127.3 1104.2 1068.1982261032 1054.7964522065 1041.3946783097 1027.992904413 1014.5911305162 1001.1893566195 987.7875827227 974.385808826 960.9840349292 947.5822610325 934.1804871357 920.778713239 907.3769393422 893.9751654455 880.5733915487 867.1716176519 853.7698437552 840.3680698584 826.9662959617 813.5645220649 800.1627481682 786.7609742714 773.3592003747 759.9574264779 746.5556525812 733.1538786844 
PWRSOL002 1224.4 1199.3 1174.8 1150.8 1127.3 1104.2 1068.1982261032 1054.7964522065 1041.3946783097 1027.992904413 1014.5911305162 1001.1893566195 987.7875827227 974.385808826 960.9840349292 947.5822610325 934.1804871357 920.778713239 907.3769393422 893.9751654455 880.5733915487 867.1716176519 853.7698437552 840.3680698584 826.9662959617 813.5645220649 800.1627481682 786.7609742714 773.3592003747 759.9574264779 746.5556525812 733.1538786844 
PWRTRN 365.0 365.0 365.0 365.0 365.0 365.0 365.0 365.0 365.0 365.0 365.0 365.0 365.0 365.0 365.0 365.0 365.0 365.0 365.0 365.0 365.0 365.0 365.0 365.0 365.0 365.0 365.0 365.0 365.0 365.0 365.0 365.0 
PWRURN001 5000.0 5000.0 5000.0 5000.0 5000.0 5000.0 5056.9376235601 5113.8752471203 5170.8128706804 5227.7504942406 5284.6881178007 5341.6257413608 5398.563364921 5455.5009884811 5512.4386120413 5569.3762356014 5626.3138591615 5683.2514827217 5740.1891062818 5797.126729842 5854.0643534021 5911.0019769622 5967.9396005224 6024.8772240825 6081.8148476427 6138.7524712028 6195.6900947629 6252.6277183231 6309.5653418832 6366.5029654434 6423.4405890035 6480.3782125636 
PWRWND001 1583.3 1578.8 1574.4 1570.0 1565.5 1561.1 1546.7886197088 1536.8772394177 1526.9658591265 1517.0544788354 1507.1430985442 1497.231718253 1487.3203379619 1477.4089576707 1467.4975773796 1457.5861970884 1447.6748167972 1437.7634365061 1427.8520562149 1417.9406759238 1408.0292956326 1398.1179153414 1388.2065350503 1378.2951547591 1368.383774468 1358.4723941768 1348.5610138857 1338.6496335945 1328.7382533033 1318.8268730122 1308.915492721 1299.0041124299 
PWRWND002 1743.2 1738.2 1733.4 1728.6 1723.6 1718.8 1703.0871036044 1692.1742072088 1681.2613108132 1670.3484144176 1659.4355180219 1648.5226216263 1637.6097252307 1626.6968288351 1615.7839324395 1604.8710360439 1593.9581396483 1583.0452432527 1572.1323468571 1561.2194504614 1550.3065540658 1539.3936576702 1528.4807612746 1517.567864879 1506.6549684834 1495.7420720878 1484.8291756922 1473.9162792966 1463.0033829009 1452.0904865053 1441.1775901097 1430.2646937141 
PWRWND003 1623.1 1618.5 1614.0 1609.5 1604.9 1600.4 1585.7390365474 1575.5780730948 1565.4171096422 1555.2561461896 1545.095182737 1534.9342192844 1524.7732558318 1514.6122923792 1504.4513289266 1494.290365474 1484.1294020214 1473.9684385688 1463.8074751162 1453.6465116636 1443.485548211 1433.3245847584 1423.1636213058 1413.0026578532 1402.8416944006 1392.680730948 1382.5197674954 1372.3588040428 1362.1978405902 1352.0368771376 1341.875913685 1331.7149502324 
PWRWND004 1583.4 1578.9 1574.5 1570.1 1565.6 1561.2 1546.8879830171 1536.9759660342 1527.0639490513 1517.1519320684 1507.2399150855 1497.3278981026 1487.4158811197 1477.5038641368 1467.5918471539 1457.679830171 1447.7678131881 1437.8557962052 1427.9437792223 1418.0317622394 1408.1197452565 1398.2077282736 1388.2957112907 1378.3836943078 1368.4716773249 1358.559660342 1348.6476433591 1338.7356263762 1328.8236093933 1318.9115924104 1308.9995754276 1299.0875584447 
PWRWND005 1659.0 1654.3 1649.7 1645.1 1640.4 1635.8 1620.8142843638 1610.4285687275 1600.0428530913 1589.657137455 1579.2714218188 1568.8857061825 1558.4999905463 1548.1142749101 1537.7285592738 1527.3428436376 1516.9571280013 1506.5714123651 1496.1856967288 1485.7999810926 1475.4142654564 1465.0285498201 1454.6428341839 1444.2571185476 1433.8714029114 1423.4856872751 1413.0999716389 1402.7142560027 1392.3285403664 1381.9428247302 1371.5571090939 1361.1713934577 
PWRWND006 1556.5 1552.1 1547.8 1543.4 1539.0 1534.7 1520.656069636 1510.9121392721 1501.1682089081 1491.4242785441 1481.6803481802 1471.9364178162 1462.1924874522 1452.4485570882 1442.7046267243 1432.9606963603 1423.2167659963 1413.4728356324 1403.7289052684 1393.9849749044 1384.2410445405 1374.4971141765 1364.7531838125 1355.0092534486 1345.2653230846 1335.5213927206 1325.7774623567 1316.0335319927 1306.2896016287 1296.5456712647 1286.8017409008 1277.0578105368 
PWRWND007 1789.7 1784.6 1779.7 1774.7 1769.6 1764.6 1748.49613548 1737.2922709599 1726.0884064399 1714.8845419198 1703.6806773998 1692.4768128797 1681.2729483597 1670.0690838396 1658.8652193196 1647.6613547996 1636.4574902795 1625.2536257595 1614.0497612394 1602.8458967194 1591.6420321993 1580.4381676793 1569.2343031592 1558.0304386392 1546.8265741192 1535.6227095991 1524.4188450791 1513.214980559 1502.011116039 1490.8072515189 1479.6033869989 1468.3995224788 
PWRWND008 1922.4 1916.9 1911.6 1906.3 1900.8 1895.5 1878.1652527614 1866.1305055228 1854.0957582842 1842.0610110455 1830.0262638069 1817.9915165683 1805.9567693297 1793.9220220911 1781.8872748525 1769.8525276139 1757.8177803753 1745.7830331366 1733.748285898 1721.7135386594 1709.6787914208 1697.6440441822 1685.6092969436 1673.574549705 1661.5398024663 1649.5050552277 1637.4703079891 1625.4355607505 1613.4008135119 1601.3660662733 1589.3313190347 1577.296571796 
PWRWND009 1700.6 1695.8 1691.1 1686.3 1681.5 1676.8 1661.4538774428 1650.8077548855 1640.1616323283 1629.5155097711 1618.8693872138 1608.2232646566 1597.5771420994 1586.9310195421 1576.2848969849 1565.6387744276 1554.9926518704 1544.3465293132 1533.7004067559 1523.0542841987 1512.4081616415 1501.7620390842 1491.115916527 1480.4697939698 1469.8236714125 1459.1775488553 1448.5314262981 1437.8853037408 1427.2391811836 1416.5930586264 1405.9469360691 1395.3008135119 
PWRWND010 1672.8 1668.0 1663.4 1658.8 1654.0 1649.4 1634.2283309791 1623.7566619582 1613.2849929372 1602.8133239163 1592.3416548954 1581.8699858745 1571.3983168535 1560.9266478326 1550.4549788117 1539.9833097908 1529.5116407699 1519.0399717489 1508.568302728 1498.0966337071 1487.6249646862 1477.1532956652 1466.6816266443 1456.2099576234 1445.7382886025 1435.2666195816 1424.7949505606 1414.3232815397 1403.8516125188 1393.3799434979 1382.9082744769 1372.436605456 
PWRWND011 1810.85 1804.82 1798.8 1792.81 1786.84 1780.88 1763.6490399899 1752.3480799797 1741.0471199696 1729.7461599594 1718.4451999493 1707.1442399391 1695.843279929 1684.5423199188 1673.2413599087 1661.9403998985 1650.6394398884 1639.3384798783 1628.0375198681 1616.736559858 1605.4355998478 1594.1346398377 1582.8336798275 1571.5327198174 1560.2317598072 1548.9307997971 1537.6298397869 1526.3288797768 1515.0279197666 1503.7269597565 1492.4259997464 1481.1250397362 
;

param FixedCost default 0.0 :=
[RE1,*,*]:
2019 2020 2021 2022 2023 2024 2025 2026 2027 2028 2029 2030 2031 2032 2033 2034 2035 2036 2037 2038 2039 2040 2041 2042 2043 2044 2045 2046 2047 2048 2049 2050 :=
BACKSTOP 999.0 999.0 999.0 999.0 999.0 999.0 999.0 999.0 999.0 999.0 999.0 999.0 999.0 999.0 999.0 999.0 999.0 999.0 999.0 999.0 999.0 999.0 999.0 999.0 999.0 999.0 999.0 999.0 999.0 999.0 999.0 999.0 
BESS_TECH 37.1 36.2 35.4 34.6 33.8 33.1 32.3 31.6 30.9 30.2 29.5 28.9 28.2 27.6 26.9 26.3 25.7 25.2 24.6 24.0 23.5 23.0 22.5 22.0 21.5 21.0 20.5 20.0 19.6 19.1 18.7 18.3 
PWRBIO001 75.0 75.0 75.0 75.0 75.0 75.0 75.0 75.0 75.0 75.0 75.0 75.0 75.0 75.0 75.0 75.0 75.0 75.0 75.0 75.0 75.0 75.0 75.0 75.0 75.0 75.0 75.0 75.0 75.0 75.0 75.0 75.0 
PWRCOA001 66.0 66.0 66.0 66.0 66.0 66.0 66.0 66.0 66.0 66.0 66.0 66.0 66.0 66.0 66.0 66.0 66.0 66.0 66.0 66.0 66.0 66.0 66.0 66.0 66.0 66.0 66.0 66.0 66.0 66.0 66.0 66.0 
PWRGEO001 150.0 150.0 150.0 150.0 150.0 150.0 150.0 150.0 150.0 150.0 150.0 150.0 150.0 150.0 150.0 150.0 150.0 150.0 150.0 150.0 150.0 150.0 150.0 150.0 150.0 150.0 150.0 150.0 150.0 150.0 150.0 150.0 
PWRGEO002 150.0 150.0 150.0 150.0 150.0 150.0 150.0 150.0 150.0 150.0 150.0 150.0 150.0 150.0 150.0 150.0 150.0 150.0 150.0 150.0 150.0 150.0 150.0 150.0 150.0 150.0 150.0 150.0 150.0 150.0 150.0 150.0 
PWRGEO003 150.0 150.0 150.0 150.0 150.0 150.0 150.0 150.0 150.0 150.0 150.0 150.0 150.0 150.0 150.0 150.0 150.0 150.0 150.0 150.0 150.0 150.0 150.0 150.0 150.0 150.0 150.0 150.0 150.0 150.0 150.0 150.0 
PWRGEO004 150.0 150.0 150.0 150.0 150.0 150.0 150.0 150.0 150.0 150.0 150.0 150.0 150.0 150.0 150.0 150.0 150.0 150.0 150.0 150.0 150.0 150.0 150.0 150.0 150.0 150.0 150.0 150.0 150.0 150.0 150.0 150.0 
PWRGEO005 150.0 150.0 150.0 150.0 150.0 150.0 150.0 150.0 150.0 150.0 150.0 150.0 150.0 150.0 150.0 150.0 150.0 150.0 150.0 150.0 150.0 150.0 150.0 150.0 150.0 150.0 150.0 150.0 150.0 150.0 150.0 150.0 
PWRGEO006 150.0 150.0 150.0 150.0 150.0 150.0 150.0 150.0 150.0 150.0 150.0 150.0 150.0 150.0 150.0 150.0 150.0 150.0 150.0 150.0 150.0 150.0 150.0 150.0 150.0 150.0 150.0 150.0 150.0 150.0 150.0 150.0 
PWRGEO007 150.0 150.0 150.0 150.0 150.0 150.0 150.0 150.0 150.0 150.0 150.0 150.0 150.0 150.0 150.0 150.0 150.0 150.0 150.0 150.0 150.0 150.0 150.0 150.0 150.0 150.0 150.0 150.0 150.0 150.0 150.0 150.0 
PWRHFO001 31.5 31.5 31.5 31.5 31.5 31.5 31.5 31.5 31.5 31.5 31.5 31.5 31.5 31.5 31.5 31.5 31.5 31.5 31.5 31.5 31.5 31.5 31.5 31.5 31.5 31.5 31.5 31.5 31.5 31.5 31.5 31.5 
PWRHYD001 25.0 25.0 25.0 25.0 25.0 25.0 25.0 25.0 25.0 25.0 25.0 25.0 25.0 25.0 25.0 25.0 25.0 25.0 25.0 25.0 25.0 25.0 25.0 25.0 25.0 25.0 25.0 25.0 25.0 25.0 25.0 25.0 
PWRHYD002 25.0 25.0 25.0 25.0 25.0 25.0 25.0 25.0 25.0 25.0 25.0 25.0 25.0 25.0 25.0 25.0 25.0 25.0 25.0 25.0 25.0 25.0 25.0 25.0 25.0 25.0 25.0 25.0 25.0 25.0 25.0 25.0 
PWRHYD003 25.0 25.0 25.0 25.0 25.0 25.0 25.0 25.0 25.0 25.0 25.0 25.0 25.0 25.0 25.0 25.0 25.0 25.0 25.0 25.0 25.0 25.0 25.0 25.0 25.0 25.0 25.0 25.0 25.0 25.0 25.0 25.0 
PWRHYD004 25.0 25.0 25.0 25.0 25.0 25.0 25.0 25.0 25.0 25.0 25.0 25.0 25.0 25.0 25.0 25.0 25.0 25.0 25.0 25.0 25.0 25.0 25.0 25.0 25.0 25.0 25.0 25.0 25.0 25.0 25.0 25.0 
PWRHYD005 25.0 25.0 25.0 25.0 25.0 25.0 25.0 25.0 25.0 25.0 25.0 25.0 25.0 25.0 25.0 25.0 25.0 25.0 25.0 25.0 25.0 25.0 25.0 25.0 25.0 25.0 25.0 25.0 25.0 25.0 25.0 25.0 
PWRLFO001 20.9 20.9 20.9 20.9 20.9 20.9 20.9 20.9 20.9 20.9 20.9 20.9 20.9 20.9 20.9 20.9 20.9 20.9 20.9 20.9 20.9 20.9 20.9 20.9 20.9 20.9 20.9 20.9 20.9 20.9 20.9 20.9 
PWRNGS001 30.8 30.8 30.8 30.8 30.8 30.8 30.8 30.8 30.8 30.8 30.8 30.8 30.8 30.8 30.8 30.8 30.8 30.8 30.8 30.8 30.8 30.8 30.8 30.8 30.8 30.8 30.8 30.8 30.8 30.8 30.8 30.8 
PWRPHS001 14.86 14.86 14.86 14.86 14.86 14.86 14.86 14.86 14.86 14.86 14.86 14.86 14.86 14.86 14.86 14.86 14.86 14.86 14.86 14.86 14.86 14.86 14.86 14.86 14.86 14.86 14.86 14.86 14.86 14.86 14.86 14.86 
PWRPHS002 14.86 14.86 14.86 14.86 14.86 14.86 14.86 14.86 14.86 14.86 14.86 14.86 14.86 14.86 14.86 14.86 14.86 14.86 14.86 14.86 14.86 14.86 14.86 14.86 14.86 14.86 14.86 14.86 14.86 14.86 14.86 14.86 
PWRSOL001 26.4 25.7 25.03 24.37 23.73 23.1 22.49 21.9 21.32 20.76 20.22 19.68 19.17 18.66 18.17 17.69 17.22 16.77 16.33 15.9 15.48 15.07 15.07 15.07 15.07 15.07 15.07 15.07 15.07 15.07 15.07 15.07 
PWRSOL002 26.4 25.7 25.03 24.37 23.73 23.1 22.49 21.9 21.32 20.76 20.22 19.68 19.17 18.66 18.17 17.69 17.22 16.77 16.33 15.9 15.48 15.07 15.07 15.07 15.07 15.07 15.07 15.07 15.07 15.07 15.07 15.07 
PWRURN001 7.5 7.5 7.5 7.5 7.5 7.5 7.5 7.5 7.5 7.5 7.5 7.5 7.5 7.5 7.5 7.5 7.5 7.5 7.5 7.5 7.5 7.5 7.5 7.5 7.5 7.5 7.5 7.5 7.5 7.5 7.5 7.5 
PWRWND001 76.1 75.85 75.59 75.34 75.09 74.84 74.59 74.34 74.1 73.85 73.6 73.36 73.11 72.87 72.63 72.38 72.14 71.9 71.66 71.42 71.19 70.95 70.95 70.95 70.95 70.95 70.95 70.95 70.95 70.95 70.95 70.95 
PWRWND002 76.1 75.85 75.59 75.34 75.09 74.84 74.59 74.34 74.1 73.85 73.6 73.36 73.11 72.87 72.63 72.38 72.14 71.9 71.66 71.42 71.19 70.95 70.95 70.95 70.95 70.95 70.95 70.95 70.95 70.95 70.95 70.95 
PWRWND003 76.1 75.85 75.59 75.34 75.09 74.84 74.59 74.34 74.1 73.85 73.6 73.36 73.11 72.87 72.63 72.38 72.14 71.9 71.66 71.42 71.19 70.95 70.95 70.95 70.95 70.95 70.95 70.95 70.95 70.95 70.95 70.95 
PWRWND004 76.1 75.85 75.59 75.34 75.09 74.84 74.59 74.34 74.1 73.85 73.6 73.36 73.11 72.87 72.63 72.38 72.14 71.9 71.66 71.42 71.19 70.95 70.95 70.95 70.95 70.95 70.95 70.95 70.95 70.95 70.95 70.95 
PWRWND005 76.1 75.85 75.59 75.34 75.09 74.84 74.59 74.34 74.1 73.85 73.6 73.36 73.11 72.87 72.63 72.38 72.14 71.9 71.66 71.42 71.19 70.95 70.95 70.95 70.95 70.95 70.95 70.95 70.95 70.95 70.95 70.95 
PWRWND006 76.1 75.85 75.59 75.34 75.09 74.84 74.59 74.34 74.1 73.85 73.6 73.36 73.11 72.87 72.63 72.38 72.14 71.9 71.66 71.42 71.19 70.95 70.95 70.95 70.95 70.95 70.95 70.95 70.95 70.95 70.95 70.95 
PWRWND007 76.1 75.85 75.59 75.34 75.09 74.84 74.59 74.34 74.1 73.85 73.6 73.36 73.11 72.87 72.63 72.38 72.14 71.9 71.66 71.42 71.19 70.95 70.95 70.95 70.95 70.95 70.95 70.95 70.95 70.95 70.95 70.95 
PWRWND008 76.1 75.85 75.59 75.34 75.09 74.84 74.59 74.34 74.1 73.85 73.6 73.36 73.11 72.87 72.63 72.38 72.14 71.9 71.66 71.42 71.19 70.95 70.95 70.95 70.95 70.95 70.95 70.95 70.95 70.95 70.95 70.95 
PWRWND009 76.1 75.85 75.59 75.34 75.09 74.84 74.59 74.34 74.1 73.85 73.6 73.36 73.11 72.87 72.63 72.38 72.14 71.9 71.66 71.42 71.19 70.95 70.95 70.95 70.95 70.95 70.95 70.95 70.95 70.95 70.95 70.95 
PWRWND010 76.1 75.85 75.59 75.34 75.09 74.84 74.59 74.34 74.1 73.85 73.6 73.36 73.11 72.87 72.63 72.38 72.14 71.9 71.66 71.42 71.19 70.95 70.95 70.95 70.95 70.95 70.95 70.95 70.95 70.95 70.95 70.95 
PWRWND011 76.1 75.85 75.59 75.34 75.09 74.84 74.59 74.34 74.1 73.85 73.6 73.36 73.11 72.87 72.63 72.38 72.14 71.9 71.66 71.42 71.19 70.95 70.95 70.95 70.95 70.95 70.95 70.95 70.95 70.95 70.95 70.95 
;

param ResidualCapacity default 0.0 :=
[RE1,*,*]:
2019 2020 2021 2022 2023 2024 2025 2026 2027 2028 2029 2030 2031 2032 2033 2034 2035 2036 2037 2038 2039 2040 2041 2042 2043 2044 2045 2046 2047 2048 2049 2050 :=
IMPELC002 0.05 0.05 0.05 0.05 0.05 0.05 0.05 0.0 0.0 0.0 0.0 0.0 0.0 0.0 0.0 0.0 0.0 0.0 0.0 0.0 0.0 0.0 0.0 0.0 0.0 0.0 0.0 0.0 0.0 0.0 0.0 0.0 
PWRBIO001 0.002 0.002 0.002 0.002 0.002 0.002 0.002 0.002 0.002 0.002 0.002 0.002 0.002 0.002 0.002 0.002 0.002 0.002 0.002 0.002 0.002 0.002 0.002 0.002 0.0 0.0 0.0 0.0 0.0 0.0 0.0 0.0 
PWRDIST 1.578 1.578 1.578 1.578 1.578 1.578 1.578 1.578 1.578 1.578 1.578 1.578 1.578 1.578 1.578 1.578 1.578 1.578 1.578 1.578 1.578 1.578 1.578 1.578 1.578 1.578 1.578 1.578 1.578 1.578 1.578 1.578 
PWRGEO001 0.7911 0.7911 0.7911 0.7911 0.7911 0.7611 0.7611 0.7611 0.7165 0.7165 0.6155 0.6155 0.588 0.588 0.588 0.588 0.588 0.588 0.588 0.5484 0.5308 0.3908 0.2218 0.2218 0.158 0.158 0.0 0.0 0.0 0.0 0.0 0.0 
PWRHFO001 0.6404 0.6404 0.6404 0.6404 0.6404 0.6404 0.5804 0.5064 0.5064 0.5064 0.5064 0.4178 0.3028 0.3028 0.3028 0.1355 0.083 0.0 0.0 0.0 0.0 0.0 0.0 0.0 0.0 0.0 0.0 0.0 0.0 0.0 0.0 0.0 
PWRHYD001 0.1 0.1 0.1 0.1 0.1 0.1 0.1 0.1 0.1 0.1 0.1 0.1 0.1 0.1 0.1 0.1 0.1 0.1 0.1 0.1 0.1 0.1 0.1 0.02 0.02 0.02 0.02 0.02 0.02 0.02 0.02 0.02 
PWRHYD002 0.58 0.58 0.58 0.58 0.58 0.58 0.58 0.58 0.58 0.58 0.58 0.58 0.58 0.58 0.58 0.58 0.58 0.58 0.58 0.58 0.58 0.58 0.58 0.58 0.58 0.58 0.58 0.58 0.58 0.58 0.58 0.58 
PWRHYD003 0.105 0.105 0.105 0.105 0.105 0.105 0.105 0.105 0.105 0.105 0.105 0.105 0.105 0.105 0.105 0.105 0.105 0.105 0.105 0.105 0.105 0.105 0.105 0.105 0.105 0.105 0.105 0.105 0.105 0.105 0.105 0.105 
PWRHYD005 0.0195 0.0195 0.0195 0.0195 0.0195 0.0195 0.0195 0.0195 0.0195 0.0195 0.0195 0.0195 0.0195 0.0195 0.0195 0.0195 0.0195 0.0195 0.0195 0.0195 0.0195 0.0195 0.0195 0.0195 0.0195 0.0195 0.0195 0.0195 0.0195 0.0195 0.0195 0.0195 
PWRLFO001 0.028 0.028 0.028 0.028 0.028 0.028 0.0 0.0 0.0 0.0 0.0 0.0 0.0 0.0 0.0 0.0 0.0 0.0 0.0 0.0 0.0 0.0 0.0 0.0 0.0 0.0 0.0 0.0 0.0 0.0 0.0 0.0 
PWRSOL001 0.05025 0.05025 0.05025 0.05025 0.05025 0.05025 0.05025 0.05025 0.05025 0.05025 0.05025 0.05025 0.05025 0.05025 0.05025 0.05025 0.05025 0.05025 0.05025 0.0 0.0 0.0 0.0 0.0 0.0 0.0 0.0 0.0 0.0 0.0 0.0 0.0 
PWRTRN 1.578 1.578 1.578 1.578 1.578 1.578 1.578 1.578 1.578 1.578 1.578 1.578 1.578 1.578 1.578 1.578 1.578 1.578 1.578 1.578 1.578 1.578 1.578 1.578 1.578 1.578 1.578 1.578 1.578 1.578 1.578 1.578 
PWRWND004 0.3 0.3 0.3 0.3 0.3 0.3 0.3 0.3 0.3 0.3 0.3 0.3 0.3 0.3 0.3 0.3 0.3 0.3 0.3 0.0 0.0 0.0 0.0 0.0 0.0 0.0 0.0 0.0 0.0 0.0 0.0 0.0 
PWRWND008 0.0255 0.0255 0.0255 0.0255 0.0255 0.0255 0.0255 0.0255 0.0255 0.0204 0.0204 0.0204 0.0204 0.0204 0.0204 0.0204 0.0 0.0 0.0 0.0 0.0 0.0 0.0 0.0 0.0 0.0 0.0 0.0 0.0 0.0 0.0 0.0 
;

param TotalAnnualMaxCapacity default 999999.0 :=
[RE1,*,*]:
2019 2020 2021 2022 2023 2024 2025 2026 2027 2028 2029 2030 2031 2032 2033 2034 2035 2036 2037 2038 2039 2040 2041 2042 2043 2044 2045 2046 2047 2048 2049 2050 :=
BESS_TECH 0 0 0 0 0 0.1 0.25 9999 9999 9999 9999 9999 9999 9999 9999 9999 9999 9999 9999 9999 9999 9999 9999 9999 9999 9999 9999 9999 9999 9999 9999 9999 
IMPELC001 0 0 0 0.2 0.2 0.2 0.2 0.4 0.4 0.4 0.4 0.4 0.4 0.4 0.4 0.4 0.4 0.4 0.4 0.4 0.4 0.4 0.4 0.4 0.4 0.4 0.4 0.4 0.4 0.4 0.4 0.4 
IMPELC002 0.05 0.05 0.05 0.05 0.05 0.05 0.05 0 0 0 0 0 0 0 0 0 0 0 0 0 0 0 0 0 0 0 0 0 0 0 0 0 
PWRBIO001 0.002 0.002 0.002 0.002 0.0034 0.0034 0.0034 0.0134 0.0134 0.0214 0.0214 0.0696 0.0896 0.1004 0.1034 0.1094 0.1097 0.1186 0.1275 0.1364 0.1453 0.1542 0.1631 0.172 0.1809 0.1898 0.1987 0.2076 0.2165 0.2254 0.2343 0.2432 
PWRCOA001 0 0 0 0 0 0 0 0 0 0 0 0 0 0 0 0 0 0 0 0 0 0 0 0 0 0 0 0 0 0 0 0 
PWRGEO001 0.7911 0.7911 0.7911 0.8744 0.8744 0.8444 0.9064 0.9264 0.8818 0.9068 1.0858 1.0858 1.0583 1.0583 1.0583 1.1983 1.1983 1.3383 1.3383 1.2987 1.2811 1.1411 0.9721 0.9721 0.9083 0.9083 0.7503 0.7503 0.667 0.667 0.667 0.647 
PWRGEO002 0 0 0 0 0.035 0.035 0.07 0.07 0.07 0.105 0.105 0.105 0.105 0.105 0.105 0.105 0.105 0.105 0.205 0.205 0.265 0.465 0.465 0.465 0.465 0.465 0.465 0.465 0.465 0.43 0.43 0.395 
PWRGEO003 0 0 0 0 0 0 0 0 0 0 0 0 0.033 0.033 0.033 0.033 0.033 0.033 0.033 0.033 0.033 0.1 0.1 0.1 0.1 0.1 0.1 0.1 0.1 0.1 0.1 0.1 
PWRGEO004 0 0 0 0 0 0 0 0 0 0 0 0 0 0 0 0 0 0 0 0.1 0.2 0.3 0.3 0.3 0.3 0.3 0.3 0.3 0.3 0.3 0.3 0.3 
PWRGEO005 0 0 0 0 0 0 0 0 0 0 0 0 0.035 0.035 0.035 0.035 0.035 0.035 0.035 0.035 0.035 0.07 0.07 0.07 0.07 0.07 0.07 0.07 0.07 0.07 0.07 0.07 
PWRGEO006 0.0 0.0 0.0 0.0 0.0 0.0 0.184992831 0.369985662 0.554978493 0.739971324 0.924964155 1.109956986 1.294949817 1.479942648 1.6649354791 1.8499283101 2.0349211411 2.2199139721 2.4049068031 2.5898996341 2.7748924651 2.9598852961 3.1448781271 3.3298709581 3.5148637891 3.6998566201 3.8848494511 4.0698422821 4.2548351131 4.4398279441 4.6248207751 4.8098136062 
PWRGEO007 0 0 0 0 0 0 0 0 0 0 0 0 0 0 0 0 0 0 0 0 0 0 0 0 0 0 0 0 0 0 0 0 
PWRHFO001 0.6404 0.6404 0.6404 0.6404 0.6404 0.6404 0.5804 0.5064 0.5064 0.5064 0.5064 0.4178 0.3028 0.3028 0.3028 0.1355 0.083 0 0 0 0 0 0 0 0 0 0 0 0 0 0 0 
PWRHYD001 0.1 0.1 0.1 0.1 0.1 0.1 0.1 0.1 0.1 0.1 0.1 0.1 0.1 0.1 0.1 0.1 0.1 0.1 0.1 0.1 0.1 0.1 0.1 0.02 0.02 0.02 0.02 0.02 0.02 0.02 0.02 0.02 
PWRHYD002 0.58 0.58 0.58 0.58 0.58 0.58 0.58 0.58 0.58 0.58 0.58 0.58 0.67 0.67 0.67 0.67 0.67 0.67 0.67 0.67 0.67 0.67 0.67 0.67 0.67 0.67 0.67 0.67 0.67 0.67 0.67 0.67 
PWRHYD003 0.105 0.105 0.105 0.105 0.105 0.105 0.105 0.105 0.105 0.105 0.105 0.105 0.105 0.105 0.105 0.105 0.105 0.105 0.105 0.105 0.105 0.105 0.105 0.105 0.105 0.105 0.105 0.105 0.105 0.105 0.105 0.105 
PWRHYD004 0 0 0 0 0 0 0 0 0 0 0 0 0.198 0.693 0.693 0.693 0.693 0.693 0.693 0.693 0.693 0.693 0.693 0.693 0.693 0.693 0.693 0.693 0.693 0.693 0.693 0.693 
PWRHYD005 0.0195 0.0195 0.0195 0.0195 0.0268 0.0293 0.0296 0.1523 0.1724 0.1855 0.2038 0.2524 0.2936 0.326 0.3739 0.416 0.4664 0.5147 0.5407 0.569 0.5999 0.6338 0.6708 0.7113 0.7555 0.8038 0.8568 0.9146 0.9779 1.047 1.1226 1.2053 
PWRLFO001 0.056 0.056 0.056 0.056 0.056 0.056 0 0 0 0 0 0 0 0 0 0 0 0 0 0 0 0 0 0 0 0 0 0 0 0 0 0 
PWRNGS001 0 0 0 0 0 0 0 9999 9999 9999 9999 9999 9999 9999 9999 9999 9999 9999 9999 9999 9999 9999 9999 9999 9999 9999 9999 9999 9999 9999 9999 9999 
PWRPHS001 0 0 0 0 0 0 0 0 0 0 0 0 0 0 0 0.3 0.3 0.3 0.3 0.3 0.3 0.3 0.3 0.3 0.3 0.3 0.3 0.3 0.3 0.3 0.3 0.3 
PWRPHS002 0 0 0 0 0 0 0 0 0 0 0 0 0 0 0 0.3 0.3 0.3 0.3 0.3 0.3 0.3 0.3 0.3 0.3 0.3 0.3 0.3 0.3 0.3 0.3 0.3 
PWRSOL001 0.1 0.1 0.26 0.34 0.424 0.504 5.304 5.384 5.968 6.168 6.628 7.108 7.508 7.908 8.308 8.708 9.108 9.508 10.108 10.608 11.008 11.608 12.248 12.768 13.286 14.006 14.806 15.526 16.326 17.326 18.126 19.326 
PWRSOL002 0 0 0 0 0 0 0 0 0 0 0 0 0 0 0 0 0 0 0 0 0 0 0 0 0 0 0 0 0 0 0 0 
PWRURN001 0 0 0 0 0 0 0 0 0 0 0 0 0 0 0 0 0 0 0 0 0 0 0.2913 0.2913 0.2913 0.2913 0.5826 0.5826 0.5826 0.5826 0.8739 0.8739 
PWRWND001 0 0 0 0 0 0 0.27 0.29 0.31 0.34 0.37 0.4 0.44 0.48 0.51 0.55 0.6 0.65 0.71 0.77 0.83 0.9 0.97 1.05 1.14 1.23 1.33 1.44 1.56 1.68 1.82 1.97 
PWRWND002 0 0 0 0 0 0 0.27 0.29 0.31 0.34 0.37 0.4 0.44 0.48 0.51 0.55 0.6 0.65 0.71 0.77 0.83 0.9 0.97 1.05 1.14 1.23 1.33 1.44 1.56 1.68 1.82 1.97 
PWRWND003 0 0 0 0 0 0 0.27 0.29 0.31 0.34 0.37 0.4 0.44 0.48 0.51 0.55 0.6 0.65 0.71 0.77 0.83 0.9 0.97 1.05 1.14 1.23 1.33 1.44 1.56 1.68 1.82 1.97 
PWRWND004 0.3 0.3 0.3 0.3 0.3 0.3 0.57 0.59 0.61 0.74 0.77 0.8 0.84 0.88 0.91 0.95 1 1.05 1.11 0.97 0.93 1 1.07 1.15 1.24 1.33 1.43 1.54 1.66 1.78 1.92 2.07 
PWRWND005 0 0 0 0 0 0 0.27 0.29 0.31 0.34 0.37 0.4 0.44 0.48 0.51 0.55 0.56 0.56 0.56 0.56 0.56 0.56 0.56 0.56 0.56 0.56 0.56 0.56 0.56 0.56 0.56 0.56 
PWRWND006 0 0 0 0 0 0 0.27 0.29 0.31 0.34 0.37 0.4 0.44 0.48 0.51 0.55 0.6 0.65 0.71 0.77 0.83 0.9 0.97 1.05 1.14 1.23 1.33 1.44 1.56 1.68 1.82 1.97 
PWRWND007 0 0 0 0 0 0 0.27 0.29 0.31 0.34 0.37 0.4 0.44 0.48 0.51 0.55 0.6 0.65 0.71 0.77 0.83 0.9 0.97 1.05 1.14 1.23 1.33 1.44 1.56 1.68 1.82 1.97 
PWRWND008 0.026 0.026 0.126 0.126 0.126 0.126 0.407 0.477 0.497 0.521 0.551 0.581 0.621 0.661 0.691 0.731 0.761 0.811 0.871 0.931 0.991 1.061 1.031 1.111 1.201 1.291 1.38 1.44 1.56 1.64 1.64 1.64 
PWRWND009 0 0 0 0 0 0 0.27 0.29 0.31 0.34 0.37 0.4 0.44 0.48 0.51 0.55 0.6 0.65 0.71 0.77 0.83 0.9 0.97 1.05 1.14 1.23 1.33 1.44 1.56 1.68 1.82 1.97 
PWRWND010 0 0 0 0 0 0 0.27 0.29 0.31 0.34 0.37 0.4 0.44 0.48 0.51 0.55 0.6 0.65 0.71 0.77 0.83 0.9 0.97 1.05 1.14 1.23 1.33 1.44 1.56 1.68 1.82 1.97 
PWRWND011 0 0 0 0 0 0 0 0 0 0 0 0 0 0 0 0 0 0 0 0 0 0 0 0 0 0 0 0 0 0 0 0 
;

param TotalAnnualMaxCapacityInvestment default 999999.0 :=
[RE1,*,*]:
2019 2020 2021 2022 2023 2024 2025 2026 2027 2028 2029 2030 2031 2032 2033 2034 2035 2036 2037 2038 2039 2040 2041 2042 2043 2044 2045 2046 2047 2048 2049 2050 :=
PWRHFO001 0 0 0 0 0 0 0 0 0 0 0 0 0 0 0 0 0 0 0 0 0 0 0 0 0 0 0 0 0 0 0 0 
PWRLFO001 0 0 0 0 0 0 0 0 0 0 0 0 0 0 0 0 0 0 0 0 0 0 0 0 0 0 0 0 0 0 0 0 
;

param TotalAnnualMinCapacity default 0.0 :=
[RE1,*,*]:
2019 2020 2021 2022 2023 2024 2025 2026 2027 2028 2029 2030 2031 2032 2033 2034 2035 2036 2037 2038 2039 2040 2041 2042 2043 2044 2045 2046 2047 2048 2049 2050 :=
IMPELC001 0.0 0.0 0.0 0.2 0.2 0.2 0.2 0.4 0.4 0.4 0.4 0.4 0.4 0.4 0.4 0.4 0.4 0.4 0.4 0.4 0.4 0.4 0.4 0.4 0.4 0.4 0.4 0.4 0.4 0.4 0.4 0.4 
IMPELC002 0.05 0.05 0.05 0.05 0.05 0.05 0.05 0.0 0.0 0.0 0.0 0.0 0.0 0.0 0.0 0.0 0.0 0.0 0.0 0.0 0.0 0.0 0.0 0.0 0.0 0.0 0.0 0.0 0.0 0.0 0.0 0.0 
PWRBIO001 0.002 0.002 0.002 0.002 0.0034 0.0034 0.0034 0.0134 0.0134 0.0214 0.0214 0.0696 0.0896 0.1004 0.1034 0.1094 0.1097 0.1097 0.1097 0.1097 0.1097 0.1097 0.1097 0.1097 0.1077 0.1077 0.1077 0.1077 0.1077 0.1077 0.1077 0.1077 
PWRHYD005 0.0195 0.0195 0.0195 0.0195 0.0268 0.0293 0.0296 0.0388 0.0484 0.0499 0.0555 0.0902 0.1162 0.1322 0.1619 0.1842 0.213 0.2376 0.2376 0.2376 0.2376 0.2376 0.2376 0.2376 0.2376 0.2376 0.2376 0.2376 0.2376 0.2376 0.2376 0.2376 
PWRSOL001 0.0 0.0 0.08 0.12 0.1615 0.2015 0.2015 0.2415 0.2415 0.2415 0.2415 0.2415 0.2415 0.2415 0.2415 0.2415 0.2415 0.2415 0.2415 0.2415 0.2415 0.2415 0.1615 0.1215 0.08 0.04 0.04 0.0 0.0 0.0 0.0 0.0 
PWRWND003 0.0 0.0 0.0 0.0 0.0 0.0 0.011 0.011 0.011 0.011 0.011 0.011 0.011 0.011 0.011 0.011 0.011 0.011 0.011 0.011 0.011 0.011 0.011 0.011 0.011 0.011 0.0 0.0 0.0 0.0 0.0 0.0 
PWRWND008 0.0 0.0 0.1 0.1 0.1 0.1 0.111 0.161 0.161 0.161 0.161 0.161 0.161 0.161 0.161 0.161 0.161 0.161 0.161 0.161 0.161 0.161 0.061 0.061 0.061 0.061 0.05 0.0 0.0 0.0 0.0 0.0 
;

param VariableCost default 0.0001 :=
[RE1,BACKSTOP,*,*]:
2019 2020 2021 2022 2023 2024 2025 2026 2027 2028 2029 2030 2031 2032 2033 2034 2035 2036 2037 2038 2039 2040 2041 2042 2043 2044 2045 2046 2047 2048 2049 2050 :=
1 99.0 99.0 99.0 99.0 99.0 99.0 99.0 99.0 99.0 99.0 99.0 99.0 99.0 99.0 99.0 99.0 99.0 99.0 99.0 99.0 99.0 99.0 99.0 99.0 99.0 99.0 99.0 99.0 99.0 99.0 99.0 99.0 
[RE1,IMPBIO,*,*]:
2019 2020 2021 2022 2023 2024 2025 2026 2027 2028 2029 2030 2031 2032 2033 2034 2035 2036 2037 2038 2039 2040 2041 2042 2043 2044 2045 2046 2047 2048 2049 2050 :=
1 1.76 1.76 1.76 1.76 1.76 1.76 1.7689380522 1.7778761043 1.7868141565 1.7957522086 1.8046902608 1.813628313 1.8225663651 1.8315044173 1.8404424695 1.8493805216 1.8583185738 1.8672566259 1.8761946781 1.8851327303 1.8940707824 1.9030088346 1.9119468867 1.9208849389 1.9298229911 1.9387610432 1.9476990954 1.9566371476 1.9655751997 1.9745132519 1.983451304 1.9923893562 
[RE1,IMPCOA,*,*]:
2019 2020 2021 2022 2023 2024 2025 2026 2027 2028 2029 2030 2031 2032 2033 2034 2035 2036 2037 2038 2039 2040 2041 2042 2043 2044 2045 2046 2047 2048 2049 2050 :=
1 2.52 2.51 2.51 2.51 2.51 2.51 2.5222960968 2.5345921936 2.5468882905 2.5591843873 2.5714804841 2.5837765809 2.5960726777 2.6083687746 2.6206648714 2.6329609682 2.645257065 2.6575531618 2.6698492587 2.6821453555 2.6944414523 2.7067375491 2.719033646 2.7313297428 2.7436258396 2.7559219364 2.7682180332 2.7805141301 2.7928102269 2.8051063237 2.8174024205 2.8296985173 
[RE1,IMPELC001,*,*]:
2019 2020 2021 2022 2023 2024 2025 2026 2027 2028 2029 2030 2031 2032 2033 2034 2035 2036 2037 2038 2039 2040 2041 2042 2043 2044 2045 2046 2047 2048 2049 2050 :=
1 18.056 18.056 18.056 18.056 18.056 18.056 18.056 18.056 18.056 18.056 18.056 18.056 18.056 18.056 18.056 18.056 18.056 18.056 18.056 18.056 18.056 18.056 18.056 18.056 18.056 18.056 18.056 18.056 18.056 18.056 18.056 18.056 
[RE1,IMPELC002,*,*]:
2019 2020 2021 2022 2023 2024 2025 2026 2027 2028 2029 2030 2031 2032 2033 2034 2035 2036 2037 2038 2039 2040 2041 2042 2043 2044 2045 2046 2047 2048 2049 2050 :=
1 27.778 27.778 27.778 27.778 27.778 27.778 27.778 27.778 27.778 27.778 27.778 27.778 27.778 27.778 27.778 27.778 27.778 27.778 27.778 27.778 27.778 27.778 27.778 27.778 27.778 27.778 27.778 27.778 27.778 27.778 27.778 27.778 
[RE1,IMPHFOMOM,*,*]:
2019 2020 2021 2022 2023 2024 2025 2026 2027 2028 2029 2030 2031 2032 2033 2034 2035 2036 2037 2038 2039 2040 2041 2042 2043 2044 2045 2046 2047 2048 2049 2050 :=
1 5.63 5.63 6.24 8.39 8.16 7.74 7.6042200675 7.7184401351 7.8326602026 7.9468802701 8.0611003376 8.1753204052 8.2895404727 8.4037605402 8.5179806077 8.6322006753 8.7464207428 8.8606408103 8.9748608778 9.0890809454 9.2033010129 9.3175210804 9.4317411479 9.5459612155 9.660181283 9.7744013505 9.888621418 10.0028414856 10.1170615531 10.2312816206 10.3455016881 10.4597217557 
[RE1,IMPHFONAI,*,*]:
2019 2020 2021 2022 2023 2024 2025 2026 2027 2028 2029 2030 2031 2032 2033 2034 2035 2036 2037 2038 2039 2040 2041 2042 2043 2044 2045 2046 2047 2048 2049 2050 :=
1 6.8 6.8 7.41 9.55 9.32 8.9 8.7701110565 8.8902221129 9.0103331694 9.1304442258 9.2505552823 9.3706663387 9.4907773952 9.6108884516 9.7309995081 9.8511105645 9.971221621 10.0913326774 10.2114437339 10.3315547903 10.4516658468 10.5717769032 10.6918879597 10.8119990161 10.9321100726 11.052221129 11.1723321855 11.2924432419 11.4125542984 11.5326653548 11.6527764113 11.7728874677 
[RE1,IMPLFOELD,*,*]:
2019 2020 2021 2022 2023 2024 2025 2026 2027 2028 2029 2030 2031 2032 2033 2034 2035 2036 2037 2038 2039 2040 2041 2042 2043 2044 2045 2046 2047 2048 2049 2050 :=
1 10.43 10.43 11.45 15.03 14.67 14.01 13.8388287521 14.0576575041 14.2764862562 14.4953150082 14.7141437603 14.9329725123 15.1518012644 15.3706300165 15.5894587685 15.8082875206 16.0271162726 16.2459450247 16.4647737767 16.6836025288 16.9024312808 17.1212600329 17.340088785 17.558917537 17.7777462891 17.9965750411 18.2154037932 18.4342325452 18.6530612973 18.8718900494 19.0907188014 19.3095475535 
[RE1,IMPNGS,*,*]:
2019 2020 2021 2022 2023 2024 2025 2026 2027 2028 2029 2030 2031 2032 2033 2034 2035 2036 2037 2038 2039 2040 2041 2042 2043 2044 2045 2046 2047 2048 2049 2050 :=
1 9.46 9.46 9.49 9.53 9.56 9.6 9.7023461531 9.7746923062 9.8470384593 9.9193846124 9.9917307655 10.0640769186 10.1364230716 10.2087692247 10.2811153778 10.3534615309 10.425807684 10.4981538371 10.5704999902 10.6428461433 10.7151922964 10.7875384495 10.8598846026 10.9322307557 11.0045769087 11.0769230618 11.1492692149 11.221615368 11.2939615211 11.3663076742 11.4386538273 11.5109999804 
[RE1,IMPURN,*,*]:
2019 2020 2021 2022 2023 2024 2025 2026 2027 2028 2029 2030 2031 2032 2033 2034 2035 2036 2037 2038 2039 2040 2041 2042 2043 2044 2045 2046 2047 2048 2049 2050 :=
1 1.08 1.08 1.08 1.08 1.08 1.08 1.0854847138 1.0909694277 1.0964541415 1.1019388553 1.1074235691 1.112908283 1.1183929968 1.1238777106 1.1293624244 1.1348471383 1.1403318521 1.1458165659 1.1513012797 1.1567859936 1.1622707074 1.1677554212 1.1732401351 1.1787248489 1.1842095627 1.1896942765 1.1951789904 1.2006637042 1.206148418 1.2116331318 1.2171178457 1.2226025595 
[RE1,MINBIO,*,*]:
2019 2020 2021 2022 2023 2024 2025 2026 2027 2028 2029 2030 2031 2032 2033 2034 2035 2036 2037 2038 2039 2040 2041 2042 2043 2044 2045 2046 2047 2048 2049 2050 :=
1 1.6 1.6 1.6 1.6 1.6 1.6 1.608125502 1.6162510039 1.6243765059 1.6325020079 1.6406275098 1.6487530118 1.6568785138 1.6650040157 1.6731295177 1.6812550197 1.6893805216 1.6975060236 1.7056315255 1.7137570275 1.7218825295 1.7300080314 1.7381335334 1.7462590354 1.7543845373 1.7625100393 1.7706355413 1.7787610432 1.7868865452 1.7950120472 1.8031375491 1.8112630511 
[RE1,MINCOA,*,*]:
2019 2020 2021 2022 2023 2024 2025 2026 2027 2028 2029 2030 2031 2032 2033 2034 2035 2036 2037 2038 2039 2040 2041 2042 2043 2044 2045 2046 2047 2048 2049 2050 :=
1 2.41 2.41 2.33 2.3 2.29 2.29 2.3011788403 2.3123576806 2.3235365209 2.3347153612 2.3458942015 2.3570730418 2.3682518821 2.3794307224 2.3906095627 2.401788403 2.4129672433 2.4241460836 2.4353249239 2.4465037642 2.4576826045 2.4688614448 2.4800402851 2.4912191254 2.5023979657 2.513576806 2.5247556463 2.5359344866 2.5471133269 2.5582921672 2.5694710075 2.5806498478 
[RE1,PWRCOA001,*,*]:
2019 2020 2021 2022 2023 2024 2025 2026 2027 2028 2029 2030 2031 2032 2033 2034 2035 2036 2037 2038 2039 2040 2041 2042 2043 2044 2045 2046 2047 2048 2049 2050 :=
1 0.36 0.36 0.36 0.36 0.36 0.36 0.36 0.36 0.36 0.36 0.36 0.36 0.36 0.36 0.36 0.36 0.36 0.36 0.36 0.36 0.36 0.36 0.36 0.36 0.36 0.36 0.36 0.36 0.36 0.36 0.36 0.36 
[RE1,PWRGEO001,*,*]:
2019 2020 2021 2022 2023 2024 2025 2026 2027 2028 2029 2030 2031 2032 2033 2034 2035 2036 2037 2038 2039 2040 2041 2042 2043 2044 2045 2046 2047 2048 2049 2050 :=
1 0.2 0.2 0.2 0.2 0.2 0.2 0.2 0.2 0.2 0.2 0.2 0.2 0.2 0.2 0.2 0.2 0.2 0.2 0.2 0.2 0.2 0.2 0.2 0.2 0.2 0.2 0.2 0.2 0.2 0.2 0.2 0.2 
[RE1,PWRGEO002,*,*]:
2019 2020 2021 2022 2023 2024 2025 2026 2027 2028 2029 2030 2031 2032 2033 2034 2035 2036 2037 2038 2039 2040 2041 2042 2043 2044 2045 2046 2047 2048 2049 2050 :=
1 0.2 0.2 0.2 0.2 0.2 0.2 0.2 0.2 0.2 0.2 0.2 0.2 0.2 0.2 0.2 0.2 0.2 0.2 0.2 0.2 0.2 0.2 0.2 0.2 0.2 0.2 0.2 0.2 0.2 0.2 0.2 0.2 
[RE1,PWRGEO003,*,*]:
2019 2020 2021 2022 2023 2024 2025 2026 2027 2028 2029 2030 2031 2032 2033 2034 2035 2036 2037 2038 2039 2040 2041 2042 2043 2044 2045 2046 2047 2048 2049 2050 :=
1 0.2 0.2 0.2 0.2 0.2 0.2 0.2 0.2 0.2 0.2 0.2 0.2 0.2 0.2 0.2 0.2 0.2 0.2 0.2 0.2 0.2 0.2 0.2 0.2 0.2 0.2 0.2 0.2 0.2 0.2 0.2 0.2 
[RE1,PWRGEO004,*,*]:
2019 2020 2021 2022 2023 2024 2025 2026 2027 2028 2029 2030 2031 2032 2033 2034 2035 2036 2037 2038 2039 2040 2041 2042 2043 2044 2045 2046 2047 2048 2049 2050 :=
1 0.2 0.2 0.2 0.2 0.2 0.2 0.2 0.2 0.2 0.2 0.2 0.2 0.2 0.2 0.2 0.2 0.2 0.2 0.2 0.2 0.2 0.2 0.2 0.2 0.2 0.2 0.2 0.2 0.2 0.2 0.2 0.2 
[RE1,PWRGEO005,*,*]:
2019 2020 2021 2022 2023 2024 2025 2026 2027 2028 2029 2030 2031 2032 2033 2034 2035 2036 2037 2038 2039 2040 2041 2042 2043 2044 2045 2046 2047 2048 2049 2050 :=
1 0.2 0.2 0.2 0.2 0.2 0.2 0.2 0.2 0.2 0.2 0.2 0.2 0.2 0.2 0.2 0.2 0.2 0.2 0.2 0.2 0.2 0.2 0.2 0.2 0.2 0.2 0.2 0.2 0.2 0.2 0.2 0.2 
[RE1,PWRGEO006,*,*]:
2019 2020 2021 2022 2023 2024 2025 2026 2027 2028 2029 2030 2031 2032 2033 2034 2035 2036 2037 2038 2039 2040 2041 2042 2043 2044 2045 2046 2047 2048 2049 2050 :=
1 0.2 0.2 0.2 0.2 0.2 0.2 0.2 0.2 0.2 0.2 0.2 0.2 0.2 0.2 0.2 0.2 0.2 0.2 0.2 0.2 0.2 0.2 0.2 0.2 0.2 0.2 0.2 0.2 0.2 0.2 0.2 0.2 
[RE1,PWRGEO007,*,*]:
2019 2020 2021 2022 2023 2024 2025 2026 2027 2028 2029 2030 2031 2032 2033 2034 2035 2036 2037 2038 2039 2040 2041 2042 2043 2044 2045 2046 2047 2048 2049 2050 :=
1 0.2 0.2 0.2 0.2 0.2 0.2 0.2 0.2 0.2 0.2 0.2 0.2 0.2 0.2 0.2 0.2 0.2 0.2 0.2 0.2 0.2 0.2 0.2 0.2 0.2 0.2 0.2 0.2 0.2 0.2 0.2 0.2 
[RE1,PWRHFO001,*,*]:
2019 2020 2021 2022 2023 2024 2025 2026 2027 2028 2029 2030 2031 2032 2033 2034 2035 2036 2037 2038 2039 2040 2041 2042 2043 2044 2045 2046 2047 2048 2049 2050 :=
1 2.44 2.44 2.44 2.44 2.44 2.44 2.44 2.44 2.44 2.44 2.44 2.44 2.44 2.44 2.44 2.44 2.44 2.44 2.44 2.44 2.44 2.44 2.44 2.44 2.44 2.44 2.44 2.44 2.44 2.44 2.44 2.44 
[RE1,PWRHYD001,*,*]:
2019 2020 2021 2022 2023 2024 2025 2026 2027 2028 2029 2030 2031 2032 2033 2034 2035 2036 2037 2038 2039 2040 2041 2042 2043 2044 2045 2046 2047 2048 2049 2050 :=
1 0.139 0.139 0.139 0.139 0.139 0.139 0.139 0.139 0.139 0.139 0.139 0.139 0.139 0.139 0.139 0.139 0.139 0.139 0.139 0.139 0.139 0.139 0.139 0.139 0.139 0.139 0.139 0.139 0.139 0.139 0.139 0.139 
[RE1,PWRHYD002,*,*]:
2019 2020 2021 2022 2023 2024 2025 2026 2027 2028 2029 2030 2031 2032 2033 2034 2035 2036 2037 2038 2039 2040 2041 2042 2043 2044 2045 2046 2047 2048 2049 2050 :=
1 0.139 0.139 0.139 0.139 0.139 0.139 0.139 0.139 0.139 0.139 0.139 0.139 0.139 0.139 0.139 0.139 0.139 0.139 0.139 0.139 0.139 0.139 0.139 0.139 0.139 0.139 0.139 0.139 0.139 0.139 0.139 0.139 
[RE1,PWRHYD003,*,*]:
2019 2020 2021 2022 2023 2024 2025 2026 2027 2028 2029 2030 2031 2032 2033 2034 2035 2036 2037 2038 2039 2040 2041 2042 2043 2044 2045 2046 2047 2048 2049 2050 :=
1 0.139 0.139 0.139 0.139 0.139 0.139 0.139 0.139 0.139 0.139 0.139 0.139 0.139 0.139 0.139 0.139 0.139 0.139 0.139 0.139 0.139 0.139 0.139 0.139 0.139 0.139 0.139 0.139 0.139 0.139 0.139 0.139 
[RE1,PWRHYD004,*,*]:
2019 2020 2021 2022 2023 2024 2025 2026 2027 2028 2029 2030 2031 2032 2033 2034 2035 2036 2037 2038 2039 2040 2041 2042 2043 2044 2045 2046 2047 2048 2049 2050 :=
1 0.139 0.139 0.139 0.139 0.139 0.139 0.139 0.139 0.139 0.139 0.139 0.139 0.139 0.139 0.139 0.139 0.139 0.139 0.139 0.139 0.139 0.139 0.139 0.139 0.139 0.139 0.139 0.139 0.139 0.139 0.139 0.139 
[RE1,PWRHYD005,*,*]:
2019 2020 2021 2022 2023 2024 2025 2026 2027 2028 2029 2030 2031 2032 2033 2034 2035 2036 2037 2038 2039 2040 2041 2042 2043 2044 2045 2046 2047 2048 2049 2050 :=
1 0.139 0.139 0.139 0.139 0.139 0.139 0.139 0.139 0.139 0.139 0.139 0.139 0.139 0.139 0.139 0.139 0.139 0.139 0.139 0.139 0.139 0.139 0.139 0.139 0.139 0.139 0.139 0.139 0.139 0.139 0.139 0.139 
[RE1,PWRLFO001,*,*]:
2019 2020 2021 2022 2023 2024 2025 2026 2027 2028 2029 2030 2031 2032 2033 2034 2035 2036 2037 2038 2039 2040 2041 2042 2043 2044 2045 2046 2047 2048 2049 2050 :=
1 3.47 3.47 3.47 3.47 3.47 3.47 3.47 3.47 3.47 3.47 3.47 3.47 3.47 3.47 3.47 3.47 3.47 3.47 3.47 3.47 3.47 3.47 3.47 3.47 3.47 3.47 3.47 3.47 3.47 3.47 3.47 3.47 
[RE1,PWRNGS001,*,*]:
2019 2020 2021 2022 2023 2024 2025 2026 2027 2028 2029 2030 2031 2032 2033 2034 2035 2036 2037 2038 2039 2040 2041 2042 2043 2044 2045 2046 2047 2048 2049 2050 :=
1 3.67 3.67 3.67 3.67 3.67 3.67 3.67 3.67 3.67 3.67 3.67 3.67 3.67 3.67 3.67 3.67 3.67 3.67 3.67 3.67 3.67 3.67 3.67 3.67 3.67 3.67 3.67 3.67 3.67 3.67 3.67 3.67 
[RE1,PWRPHS001,*,*]:
2019 2020 2021 2022 2023 2024 2025 2026 2027 2028 2029 2030 2031 2032 2033 2034 2035 2036 2037 2038 2039 2040 2041 2042 2043 2044 2045 2046 2047 2048 2049 2050 :=
2 0.139 0.139 0.139 0.139 0.139 0.139 0.139 0.139 0.139 0.139 0.139 0.139 0.139 0.139 0.139 0.139 0.139 0.139 0.139 0.139 0.139 0.139 0.139 0.139 0.139 0.139 0.139 0.139 0.139 0.139 0.139 0.139 
[RE1,PWRPHS002,*,*]:
2019 2020 2021 2022 2023 2024 2025 2026 2027 2028 2029 2030 2031 2032 2033 2034 2035 2036 2037 2038 2039 2040 2041 2042 2043 2044 2045 2046 2047 2048 2049 2050 :=
2 0.139 0.139 0.139 0.139 0.139 0.139 0.139 0.139 0.139 0.139 0.139 0.139 0.139 0.139 0.139 0.139 0.139 0.139 0.139 0.139 0.139 0.139 0.139 0.139 0.139 0.139 0.139 0.139 0.139 0.139 0.139 0.139 
[RE1,PWRURN001,*,*]:
2019 2020 2021 2022 2023 2024 2025 2026 2027 2028 2029 2030 2031 2032 2033 2034 2035 2036 2037 2038 2039 2040 2041 2042 2043 2044 2045 2046 2047 2048 2049 2050 :=
1 0.1389 0.1389 0.1389 0.1389 0.1389 0.1389 0.1389 0.1389 0.1389 0.1389 0.1389 0.1389 0.1389 0.1389 0.1389 0.1389 0.1389 0.1389 0.1389 0.1389 0.1389 0.1389 0.1389 0.1389 0.1389 0.1389 0.1389 0.1389 0.1389 0.1389 0.1389 0.1389 
;

param InputActivityRatio default 0.0 :=
[RE1,PWRLFO001,LFOELD,*,*]:
2019 2020 2021 2022 2023 2024 2025 2026 2027 2028 2029 2030 2031 2032 2033 2034 2035 2036 2037 2038 2039 2040 2041 2042 2043 2044 2045 2046 2047 2048 2049 2050 :=
1 3.0 3.0 3.0 3.0 3.0 3.0 3.0 3.0 3.0 3.0 3.0 3.0 3.0 3.0 3.0 3.0 3.0 3.0 3.0 3.0 3.0 3.0 3.0 3.0 3.0 3.0 3.0 3.0 3.0 3.0 3.0 3.0 
[RE1,PWRGEO006,GEO,*,*]:
2019 2020 2021 2022 2023 2024 2025 2026 2027 2028 2029 2030 2031 2032 2033 2034 2035 2036 2037 2038 2039 2040 2041 2042 2043 2044 2045 2046 2047 2048 2049 2050 :=
1 2.97 2.97 2.97 2.97 2.97 2.97 2.97 2.97 2.97 2.97 2.97 2.97 2.97 2.97 2.97 2.97 2.97 2.97 2.97 2.97 2.97 2.97 2.97 2.97 2.97 2.97 2.97 2.97 2.97 2.97 2.97 2.97 
[RE1,PWRGEO001,GEO,*,*]:
2019 2020 2021 2022 2023 2024 2025 2026 2027 2028 2029 2030 2031 2032 2033 2034 2035 2036 2037 2038 2039 2040 2041 2042 2043 2044 2045 2046 2047 2048 2049 2050 :=
1 2.97 2.97 2.97 2.97 2.97 2.97 2.97 2.97 2.97 2.97 2.97 2.97 2.97 2.97 2.97 2.97 2.97 2.97 2.97 2.97 2.97 2.97 2.97 2.97 2.97 2.97 2.97 2.97 2.97 2.97 2.97 2.97 
[RE1,PWRWND006,WND,*,*]:
2019 2020 2021 2022 2023 2024 2025 2026 2027 2028 2029 2030 2031 2032 2033 2034 2035 2036 2037 2038 2039 2040 2041 2042 2043 2044 2045 2046 2047 2048 2049 2050 :=
1 1.0 1.0 1.0 1.0 1.0 1.0 1.0 1.0 1.0 1.0 1.0 1.0 1.0 1.0 1.0 1.0 1.0 1.0 1.0 1.0 1.0 1.0 1.0 1.0 1.0 1.0 1.0 1.0 1.0 1.0 1.0 1.0 
[RE1,PWRTRN,ELC001,*,*]:
2019 2020 2021 2022 2023 2024 2025 2026 2027 2028 2029 2030 2031 2032 2033 2034 2035 2036 2037 2038 2039 2040 2041 2042 2043 2044 2045 2046 2047 2048 2049 2050 :=
1 1.0 1.0 1.0 1.0 1.0 1.0 1.0 1.0 1.0 1.0 1.0 1.0 1.0 1.0 1.0 1.0 1.0 1.0 1.0 1.0 1.0 1.0 1.0 1.0 1.0 1.0 1.0 1.0 1.0 1.0 1.0 1.0 
2 1.0 1.0 1.0 1.0 1.0 1.0 1.0 1.0 1.0 1.0 1.0 1.0 1.0 1.0 1.0 1.0 1.0 1.0 1.0 1.0 1.0 1.0 1.0 1.0 1.0 1.0 1.0 1.0 1.0 1.0 1.0 1.0 
[RE1,PWRSOL002,SOL,*,*]:
2019 2020 2021 2022 2023 2024 2025 2026 2027 2028 2029 2030 2031 2032 2033 2034 2035 2036 2037 2038 2039 2040 2041 2042 2043 2044 2045 2046 2047 2048 2049 2050 :=
1 1.0 1.0 1.0 1.0 1.0 1.0 1.0 1.0 1.0 1.0 1.0 1.0 1.0 1.0 1.0 1.0 1.0 1.0 1.0 1.0 1.0 1.0 1.0 1.0 1.0 1.0 1.0 1.0 1.0 1.0 1.0 1.0 
[RE1,PWRHFO001,HFONAI,*,*]:
2019 2020 2021 2022 2023 2024 2025 2026 2027 2028 2029 2030 2031 2032 2033 2034 2035 2036 2037 2038 2039 2040 2041 2042 2043 2044 2045 2046 2047 2048 2049 2050 :=
1 2.6 2.6 2.6 2.6 2.6 2.6 2.6 2.6 2.6 2.6 2.6 2.6 2.6 2.6 2.6 2.6 2.6 2.6 2.6 2.6 2.6 2.6 2.6 2.6 2.6 2.6 2.6 2.6 2.6 2.6 2.6 2.6 
[RE1,PWRHYD001,HYD,*,*]:
2019 2020 2021 2022 2023 2024 2025 2026 2027 2028 2029 2030 2031 2032 2033 2034 2035 2036 2037 2038 2039 2040 2041 2042 2043 2044 2045 2046 2047 2048 2049 2050 :=
1 1.0 1.0 1.0 1.0 1.0 1.0 1.0 1.0 1.0 1.0 1.0 1.0 1.0 1.0 1.0 1.0 1.0 1.0 1.0 1.0 1.0 1.0 1.0 1.0 1.0 1.0 1.0 1.0 1.0 1.0 1.0 1.0 
[RE1,PWRURN001,URN,*,*]:
2019 2020 2021 2022 2023 2024 2025 2026 2027 2028 2029 2030 2031 2032 2033 2034 2035 2036 2037 2038 2039 2040 2041 2042 2043 2044 2045 2046 2047 2048 2049 2050 :=
1 3.22 3.22 3.22 3.22 3.22 3.22 3.22 3.22 3.22 3.22 3.22 3.22 3.22 3.22 3.22 3.22 3.22 3.22 3.22 3.22 3.22 3.22 3.22 3.22 3.22 3.22 3.22 3.22 3.22 3.22 3.22 3.22 
[RE1,PWRWND005,WND,*,*]:
2019 2020 2021 2022 2023 2024 2025 2026 2027 2028 2029 2030 2031 2032 2033 2034 2035 2036 2037 2038 2039 2040 2041 2042 2043 2044 2045 2046 2047 2048 2049 2050 :=
1 1.0 1.0 1.0 1.0 1.0 1.0 1.0 1.0 1.0 1.0 1.0 1.0 1.0 1.0 1.0 1.0 1.0 1.0 1.0 1.0 1.0 1.0 1.0 1.0 1.0 1.0 1.0 1.0 1.0 1.0 1.0 1.0 
[RE1,PWRWND003,WND,*,*]:
2019 2020 2021 2022 2023 2024 2025 2026 2027 2028 2029 2030 2031 2032 2033 2034 2035 2036 2037 2038 2039 2040 2041 2042 2043 2044 2045 2046 2047 2048 2049 2050 :=
1 1.0 1.0 1.0 1.0 1.0 1.0 1.0 1.0 1.0 1.0 1.0 1.0 1.0 1.0 1.0 1.0 1.0 1.0 1.0 1.0 1.0 1.0 1.0 1.0 1.0 1.0 1.0 1.0 1.0 1.0 1.0 1.0 
[RE1,PWRDIST,ELC002,*,*]:
2019 2020 2021 2022 2023 2024 2025 2026 2027 2028 2029 2030 2031 2032 2033 2034 2035 2036 2037 2038 2039 2040 2041 2042 2043 2044 2045 2046 2047 2048 2049 2050 :=
1 1.0 1.0 1.0 1.0 1.0 1.0 1.0 1.0 1.0 1.0 1.0 1.0 1.0 1.0 1.0 1.0 1.0 1.0 1.0 1.0 1.0 1.0 1.0 1.0 1.0 1.0 1.0 1.0 1.0 1.0 1.0 1.0 
[RE1,PWRWND011,WND,*,*]:
2019 2020 2021 2022 2023 2024 2025 2026 2027 2028 2029 2030 2031 2032 2033 2034 2035 2036 2037 2038 2039 2040 2041 2042 2043 2044 2045 2046 2047 2048 2049 2050 :=
1 1.0 1.0 1.0 1.0 1.0 1.0 1.0 1.0 1.0 1.0 1.0 1.0 1.0 1.0 1.0 1.0 1.0 1.0 1.0 1.0 1.0 1.0 1.0 1.0 1.0 1.0 1.0 1.0 1.0 1.0 1.0 1.0 
[RE1,DEMINDELC,ELC003,*,*]:
2019 2020 2021 2022 2023 2024 2025 2026 2027 2028 2029 2030 2031 2032 2033 2034 2035 2036 2037 2038 2039 2040 2041 2042 2043 2044 2045 2046 2047 2048 2049 2050 :=
1 1.0 1.0 1.0 1.0 1.0 1.0 1.0 1.0 1.0 1.0 1.0 1.0 1.0 1.0 1.0 1.0 1.0 1.0 1.0 1.0 1.0 1.0 1.0 1.0 1.0 1.0 1.0 1.0 1.0 1.0 1.0 1.0 
[RE1,DEMRESELC,ELC003,*,*]:
2019 2020 2021 2022 2023 2024 2025 2026 2027 2028 2029 2030 2031 2032 2033 2034 2035 2036 2037 2038 2039 2040 2041 2042 2043 2044 2045 2046 2047 2048 2049 2050 :=
1 1.0 1.0 1.0 1.0 1.0 1.0 1.0 1.0 1.0 1.0 1.0 1.0 1.0 1.0 1.0 1.0 1.0 1.0 1.0 1.0 1.0 1.0 1.0 1.0 1.0 1.0 1.0 1.0 1.0 1.0 1.0 1.0 
[RE1,PWRWND002,WND,*,*]:
2019 2020 2021 2022 2023 2024 2025 2026 2027 2028 2029 2030 2031 2032 2033 2034 2035 2036 2037 2038 2039 2040 2041 2042 2043 2044 2045 2046 2047 2048 2049 2050 :=
1 1.0 1.0 1.0 1.0 1.0 1.0 1.0 1.0 1.0 1.0 1.0 1.0 1.0 1.0 1.0 1.0 1.0 1.0 1.0 1.0 1.0 1.0 1.0 1.0 1.0 1.0 1.0 1.0 1.0 1.0 1.0 1.0 
[RE1,PWRGEO005,GEO,*,*]:
2019 2020 2021 2022 2023 2024 2025 2026 2027 2028 2029 2030 2031 2032 2033 2034 2035 2036 2037 2038 2039 2040 2041 2042 2043 2044 2045 2046 2047 2048 2049 2050 :=
1 2.97 2.97 2.97 2.97 2.97 2.97 2.97 2.97 2.97 2.97 2.97 2.97 2.97 2.97 2.97 2.97 2.97 2.97 2.97 2.97 2.97 2.97 2.97 2.97 2.97 2.97 2.97 2.97 2.97 2.97 2.97 2.97 
[RE1,PWRWND009,WND,*,*]:
2019 2020 2021 2022 2023 2024 2025 2026 2027 2028 2029 2030 2031 2032 2033 2034 2035 2036 2037 2038 2039 2040 2041 2042 2043 2044 2045 2046 2047 2048 2049 2050 :=
1 1.0 1.0 1.0 1.0 1.0 1.0 1.0 1.0 1.0 1.0 1.0 1.0 1.0 1.0 1.0 1.0 1.0 1.0 1.0 1.0 1.0 1.0 1.0 1.0 1.0 1.0 1.0 1.0 1.0 1.0 1.0 1.0 
[RE1,BESS_TECH,ELC001,*,*]:
2019 2020 2021 2022 2023 2024 2025 2026 2027 2028 2029 2030 2031 2032 2033 2034 2035 2036 2037 2038 2039 2040 2041 2042 2043 2044 2045 2046 2047 2048 2049 2050 :=
1 1.0 1.0 1.0 1.0 1.0 1.0 1.0 1.0 1.0 1.0 1.0 1.0 1.0 1.0 1.0 1.0 1.0 1.0 1.0 1.0 1.0 1.0 1.0 1.0 1.0 1.0 1.0 1.0 1.0 1.0 1.0 1.0 
[RE1,PWRGEO004,GEO,*,*]:
2019 2020 2021 2022 2023 2024 2025 2026 2027 2028 2029 2030 2031 2032 2033 2034 2035 2036 2037 2038 2039 2040 2041 2042 2043 2044 2045 2046 2047 2048 2049 2050 :=
1 2.97 2.97 2.97 2.97 2.97 2.97 2.97 2.97 2.97 2.97 2.97 2.97 2.97 2.97 2.97 2.97 2.97 2.97 2.97 2.97 2.97 2.97 2.97 2.97 2.97 2.97 2.97 2.97 2.97 2.97 2.97 2.97 
[RE1,PWRWND007,WND,*,*]:
2019 2020 2021 2022 2023 2024 2025 2026 2027 2028 2029 2030 2031 2032 2033 2034 2035 2036 2037 2038 2039 2040 2041 2042 2043 2044 2045 2046 2047 2048 2049 2050 :=
1 1.0 1.0 1.0 1.0 1.0 1.0 1.0 1.0 1.0 1.0 1.0 1.0 1.0 1.0 1.0 1.0 1.0 1.0 1.0 1.0 1.0 1.0 1.0 1.0 1.0 1.0 1.0 1.0 1.0 1.0 1.0 1.0 
[RE1,PWRGEO007,GEO,*,*]:
2019 2020 2021 2022 2023 2024 2025 2026 2027 2028 2029 2030 2031 2032 2033 2034 2035 2036 2037 2038 2039 2040 2041 2042 2043 2044 2045 2046 2047 2048 2049 2050 :=
1 2.97 2.97 2.97 2.97 2.97 2.97 2.97 2.97 2.97 2.97 2.97 2.97 2.97 2.97 2.97 2.97 2.97 2.97 2.97 2.97 2.97 2.97 2.97 2.97 2.97 2.97 2.97 2.97 2.97 2.97 2.97 2.97 
[RE1,PWRHYD002,HYD,*,*]:
2019 2020 2021 2022 2023 2024 2025 2026 2027 2028 2029 2030 2031 2032 2033 2034 2035 2036 2037 2038 2039 2040 2041 2042 2043 2044 2045 2046 2047 2048 2049 2050 :=
1 1.0 1.0 1.0 1.0 1.0 1.0 1.0 1.0 1.0 1.0 1.0 1.0 1.0 1.0 1.0 1.0 1.0 1.0 1.0 1.0 1.0 1.0 1.0 1.0 1.0 1.0 1.0 1.0 1.0 1.0 1.0 1.0 
[RE1,PWRBIO001,BIO,*,*]:
2019 2020 2021 2022 2023 2024 2025 2026 2027 2028 2029 2030 2031 2032 2033 2034 2035 2036 2037 2038 2039 2040 2041 2042 2043 2044 2045 2046 2047 2048 2049 2050 :=
1 2.86 2.86 2.86 2.86 2.86 2.86 2.86 2.86 2.86 2.86 2.86 2.86 2.86 2.86 2.86 2.86 2.86 2.86 2.86 2.86 2.86 2.86 2.86 2.86 2.86 2.86 2.86 2.86 2.86 2.86 2.86 2.86 
[RE1,PWRWND010,WND,*,*]:
2019 2020 2021 2022 2023 2024 2025 2026 2027 2028 2029 2030 2031 2032 2033 2034 2035 2036 2037 2038 2039 2040 2041 2042 2043 2044 2045 2046 2047 2048 2049 2050 :=
1 1.0 1.0 1.0 1.0 1.0 1.0 1.0 1.0 1.0 1.0 1.0 1.0 1.0 1.0 1.0 1.0 1.0 1.0 1.0 1.0 1.0 1.0 1.0 1.0 1.0 1.0 1.0 1.0 1.0 1.0 1.0 1.0 
[RE1,PWRGEO002,GEO,*,*]:
2019 2020 2021 2022 2023 2024 2025 2026 2027 2028 2029 2030 2031 2032 2033 2034 2035 2036 2037 2038 2039 2040 2041 2042 2043 2044 2045 2046 2047 2048 2049 2050 :=
1 2.97 2.97 2.97 2.97 2.97 2.97 2.97 2.97 2.97 2.97 2.97 2.97 2.97 2.97 2.97 2.97 2.97 2.97 2.97 2.97 2.97 2.97 2.97 2.97 2.97 2.97 2.97 2.97 2.97 2.97 2.97 2.97 
[RE1,PWRWND001,WND,*,*]:
2019 2020 2021 2022 2023 2024 2025 2026 2027 2028 2029 2030 2031 2032 2033 2034 2035 2036 2037 2038 2039 2040 2041 2042 2043 2044 2045 2046 2047 2048 2049 2050 :=
1 1.0 1.0 1.0 1.0 1.0 1.0 1.0 1.0 1.0 1.0 1.0 1.0 1.0 1.0 1.0 1.0 1.0 1.0 1.0 1.0 1.0 1.0 1.0 1.0 1.0 1.0 1.0 1.0 1.0 1.0 1.0 1.0 
[RE1,PWRCOA001,COA,*,*]:
2019 2020 2021 2022 2023 2024 2025 2026 2027 2028 2029 2030 2031 2032 2033 2034 2035 2036 2037 2038 2039 2040 2041 2042 2043 2044 2045 2046 2047 2048 2049 2050 :=
1 2.59 2.59 2.59 2.59 2.59 2.59 2.59 2.59 2.59 2.59 2.59 2.59 2.59 2.59 2.59 2.59 2.59 2.59 2.59 2.59 2.59 2.59 2.59 2.59 2.59 2.59 2.59 2.59 2.59 2.59 2.59 2.59 
[RE1,PWRWND004,WND,*,*]:
2019 2020 2021 2022 2023 2024 2025 2026 2027 2028 2029 2030 2031 2032 2033 2034 2035 2036 2037 2038 2039 2040 2041 2042 2043 2044 2045 2046 2047 2048 2049 2050 :=
1 1.0 1.0 1.0 1.0 1.0 1.0 1.0 1.0 1.0 1.0 1.0 1.0 1.0 1.0 1.0 1.0 1.0 1.0 1.0 1.0 1.0 1.0 1.0 1.0 1.0 1.0 1.0 1.0 1.0 1.0 1.0 1.0 
[RE1,PWRPHS001,ELC001,*,*]:
2019 2020 2021 2022 2023 2024 2025 2026 2027 2028 2029 2030 2031 2032 2033 2034 2035 2036 2037 2038 2039 2040 2041 2042 2043 2044 2045 2046 2047 2048 2049 2050 :=
1 1.0 1.0 1.0 1.0 1.0 1.0 1.0 1.0 1.0 1.0 1.0 1.0 1.0 1.0 1.0 1.0 1.0 1.0 1.0 1.0 1.0 1.0 1.0 1.0 1.0 1.0 1.0 1.0 1.0 1.0 1.0 1.0 
[RE1,PWRHYD004,HYD,*,*]:
2019 2020 2021 2022 2023 2024 2025 2026 2027 2028 2029 2030 2031 2032 2033 2034 2035 2036 2037 2038 2039 2040 2041 2042 2043 2044 2045 2046 2047 2048 2049 2050 :=
1 1.0 1.0 1.0 1.0 1.0 1.0 1.0 1.0 1.0 1.0 1.0 1.0 1.0 1.0 1.0 1.0 1.0 1.0 1.0 1.0 1.0 1.0 1.0 1.0 1.0 1.0 1.0 1.0 1.0 1.0 1.0 1.0 
[RE1,PWRNGS001,NGS,*,*]:
2019 2020 2021 2022 2023 2024 2025 2026 2027 2028 2029 2030 2031 2032 2033 2034 2035 2036 2037 2038 2039 2040 2041 2042 2043 2044 2045 2046 2047 2048 2049 2050 :=
1 3.5 3.5 3.5 3.5 3.5 3.5 3.5 3.5 3.5 3.5 3.5 3.5 3.5 3.5 3.5 3.5 3.5 3.5 3.5 3.5 3.5 3.5 3.5 3.5 3.5 3.5 3.5 3.5 3.5 3.5 3.5 3.5 
[RE1,PWRSOL001,SOL,*,*]:
2019 2020 2021 2022 2023 2024 2025 2026 2027 2028 2029 2030 2031 2032 2033 2034 2035 2036 2037 2038 2039 2040 2041 2042 2043 2044 2045 2046 2047 2048 2049 2050 :=
1 1.0 1.0 1.0 1.0 1.0 1.0 1.0 1.0 1.0 1.0 1.0 1.0 1.0 1.0 1.0 1.0 1.0 1.0 1.0 1.0 1.0 1.0 1.0 1.0 1.0 1.0 1.0 1.0 1.0 1.0 1.0 1.0 
[RE1,PWRGEO003,GEO,*,*]:
2019 2020 2021 2022 2023 2024 2025 2026 2027 2028 2029 2030 2031 2032 2033 2034 2035 2036 2037 2038 2039 2040 2041 2042 2043 2044 2045 2046 2047 2048 2049 2050 :=
1 2.97 2.97 2.97 2.97 2.97 2.97 2.97 2.97 2.97 2.97 2.97 2.97 2.97 2.97 2.97 2.97 2.97 2.97 2.97 2.97 2.97 2.97 2.97 2.97 2.97 2.97 2.97 2.97 2.97 2.97 2.97 2.97 
[RE1,PWRHYD005,HYD,*,*]:
2019 2020 2021 2022 2023 2024 2025 2026 2027 2028 2029 2030 2031 2032 2033 2034 2035 2036 2037 2038 2039 2040 2041 2042 2043 2044 2045 2046 2047 2048 2049 2050 :=
1 1.0 1.0 1.0 1.0 1.0 1.0 1.0 1.0 1.0 1.0 1.0 1.0 1.0 1.0 1.0 1.0 1.0 1.0 1.0 1.0 1.0 1.0 1.0 1.0 1.0 1.0 1.0 1.0 1.0 1.0 1.0 1.0 
[RE1,PWRPHS002,ELC001,*,*]:
2019 2020 2021 2022 2023 2024 2025 2026 2027 2028 2029 2030 2031 2032 2033 2034 2035 2036 2037 2038 2039 2040 2041 2042 2043 2044 2045 2046 2047 2048 2049 2050 :=
1 1.0 1.0 1.0 1.0 1.0 1.0 1.0 1.0 1.0 1.0 1.0 1.0 1.0 1.0 1.0 1.0 1.0 1.0 1.0 1.0 1.0 1.0 1.0 1.0 1.0 1.0 1.0 1.0 1.0 1.0 1.0 1.0 
[RE1,PWRWND008,WND,*,*]:
2019 2020 2021 2022 2023 2024 2025 2026 2027 2028 2029 2030 2031 2032 2033 2034 2035 2036 2037 2038 2039 2040 2041 2042 2043 2044 2045 2046 2047 2048 2049 2050 :=
1 1.0 1.0 1.0 1.0 1.0 1.0 1.0 1.0 1.0 1.0 1.0 1.0 1.0 1.0 1.0 1.0 1.0 1.0 1.0 1.0 1.0 1.0 1.0 1.0 1.0 1.0 1.0 1.0 1.0 1.0 1.0 1.0 
[RE1,DEMCOMELC,ELC003,*,*]:
2019 2020 2021 2022 2023 2024 2025 2026 2027 2028 2029 2030 2031 2032 2033 2034 2035 2036 2037 2038 2039 2040 2041 2042 2043 2044 2045 2046 2047 2048 2049 2050 :=
1 1.0 1.0 1.0 1.0 1.0 1.0 1.0 1.0 1.0 1.0 1.0 1.0 1.0 1.0 1.0 1.0 1.0 1.0 1.0 1.0 1.0 1.0 1.0 1.0 1.0 1.0 1.0 1.0 1.0 1.0 1.0 1.0 
[RE1,EXPELC,ELC001,*,*]:
2019 2020 2021 2022 2023 2024 2025 2026 2027 2028 2029 2030 2031 2032 2033 2034 2035 2036 2037 2038 2039 2040 2041 2042 2043 2044 2045 2046 2047 2048 2049 2050 :=
1 1.0 1.0 1.0 1.0 1.0 1.0 1.0 1.0 1.0 1.0 1.0 1.0 1.0 1.0 1.0 1.0 1.0 1.0 1.0 1.0 1.0 1.0 1.0 1.0 1.0 1.0 1.0 1.0 1.0 1.0 1.0 1.0 
[RE1,PWRHYD003,HYD,*,*]:
2019 2020 2021 2022 2023 2024 2025 2026 2027 2028 2029 2030 2031 2032 2033 2034 2035 2036 2037 2038 2039 2040 2041 2042 2043 2044 2045 2046 2047 2048 2049 2050 :=
1 1.0 1.0 1.0 1.0 1.0 1.0 1.0 1.0 1.0 1.0 1.0 1.0 1.0 1.0 1.0 1.0 1.0 1.0 1.0 1.0 1.0 1.0 1.0 1.0 1.0 1.0 1.0 1.0 1.0 1.0 1.0 1.0 
;

param OutputActivityRatio default 0.0 :=
[RE1,PWRWND009,ELC001,*,*]:
2019 2020 2021 2022 2023 2024 2025 2026 2027 2028 2029 2030 2031 2032 2033 2034 2035 2036 2037 2038 2039 2040 2041 2042 2043 2044 2045 2046 2047 2048 2049 2050 :=
1 1.0 1.0 1.0 1.0 1.0 1.0 1.0 1.0 1.0 1.0 1.0 1.0 1.0 1.0 1.0 1.0 1.0 1.0 1.0 1.0 1.0 1.0 1.0 1.0 1.0 1.0 1.0 1.0 1.0 1.0 1.0 1.0 
[RE1,DEMRESELC,RESELC,*,*]:
2019 2020 2021 2022 2023 2024 2025 2026 2027 2028 2029 2030 2031 2032 2033 2034 2035 2036 2037 2038 2039 2040 2041 2042 2043 2044 2045 2046 2047 2048 2049 2050 :=
1 1.0 1.0 1.0 1.0 1.0 1.0 1.0 1.0 1.0 1.0 1.0 1.0 1.0 1.0 1.0 1.0 1.0 1.0 1.0 1.0 1.0 1.0 1.0 1.0 1.0 1.0 1.0 1.0 1.0 1.0 1.0 1.0 
[RE1,PWRHFO001,ELC001,*,*]:
2019 2020 2021 2022 2023 2024 2025 2026 2027 2028 2029 2030 2031 2032 2033 2034 2035 2036 2037 2038 2039 2040 2041 2042 2043 2044 2045 2046 2047 2048 2049 2050 :=
1 1.0 1.0 1.0 1.0 1.0 1.0 1.0 1.0 1.0 1.0 1.0 1.0 1.0 1.0 1.0 1.0 1.0 1.0 1.0 1.0 1.0 1.0 1.0 1.0 1.0 1.0 1.0 1.0 1.0 1.0 1.0 1.0 
[RE1,PWRCOA001,ELC001,*,*]:
2019 2020 2021 2022 2023 2024 2025 2026 2027 2028 2029 2030 2031 2032 2033 2034 2035 2036 2037 2038 2039 2040 2041 2042 2043 2044 2045 2046 2047 2048 2049 2050 :=
1 1.0 1.0 1.0 1.0 1.0 1.0 1.0 1.0 1.0 1.0 1.0 1.0 1.0 1.0 1.0 1.0 1.0 1.0 1.0 1.0 1.0 1.0 1.0 1.0 1.0 1.0 1.0 1.0 1.0 1.0 1.0 1.0 
[RE1,PWRHYD005,ELC001,*,*]:
2019 2020 2021 2022 2023 2024 2025 2026 2027 2028 2029 2030 2031 2032 2033 2034 2035 2036 2037 2038 2039 2040 2041 2042 2043 2044 2045 2046 2047 2048 2049 2050 :=
1 1.0 1.0 1.0 1.0 1.0 1.0 1.0 1.0 1.0 1.0 1.0 1.0 1.0 1.0 1.0 1.0 1.0 1.0 1.0 1.0 1.0 1.0 1.0 1.0 1.0 1.0 1.0 1.0 1.0 1.0 1.0 1.0 
[RE1,MINWND,WND,*,*]:
2019 2020 2021 2022 2023 2024 2025 2026 2027 2028 2029 2030 2031 2032 2033 2034 2035 2036 2037 2038 2039 2040 2041 2042 2043 2044 2045 2046 2047 2048 2049 2050 :=
1 1.0 1.0 1.0 1.0 1.0 1.0 1.0 1.0 1.0 1.0 1.0 1.0 1.0 1.0 1.0 1.0 1.0 1.0 1.0 1.0 1.0 1.0 1.0 1.0 1.0 1.0 1.0 1.0 1.0 1.0 1.0 1.0 
[RE1,PWRLFO001,ELC001,*,*]:
2019 2020 2021 2022 2023 2024 2025 2026 2027 2028 2029 2030 2031 2032 2033 2034 2035 2036 2037 2038 2039 2040 2041 2042 2043 2044 2045 2046 2047 2048 2049 2050 :=
1 1.0 1.0 1.0 1.0 1.0 1.0 1.0 1.0 1.0 1.0 1.0 1.0 1.0 1.0 1.0 1.0 1.0 1.0 1.0 1.0 1.0 1.0 1.0 1.0 1.0 1.0 1.0 1.0 1.0 1.0 1.0 1.0 
[RE1,PWRWND010,ELC001,*,*]:
2019 2020 2021 2022 2023 2024 2025 2026 2027 2028 2029 2030 2031 2032 2033 2034 2035 2036 2037 2038 2039 2040 2041 2042 2043 2044 2045 2046 2047 2048 2049 2050 :=
1 1.0 1.0 1.0 1.0 1.0 1.0 1.0 1.0 1.0 1.0 1.0 1.0 1.0 1.0 1.0 1.0 1.0 1.0 1.0 1.0 1.0 1.0 1.0 1.0 1.0 1.0 1.0 1.0 1.0 1.0 1.0 1.0 
[RE1,MINHYD,HYD,*,*]:
2019 2020 2021 2022 2023 2024 2025 2026 2027 2028 2029 2030 2031 2032 2033 2034 2035 2036 2037 2038 2039 2040 2041 2042 2043 2044 2045 2046 2047 2048 2049 2050 :=
1 1.0 1.0 1.0 1.0 1.0 1.0 1.0 1.0 1.0 1.0 1.0 1.0 1.0 1.0 1.0 1.0 1.0 1.0 1.0 1.0 1.0 1.0 1.0 1.0 1.0 1.0 1.0 1.0 1.0 1.0 1.0 1.0 
[RE1,IMPHFOMOM,HFOMOM,*,*]:
2019 2020 2021 2022 2023 2024 2025 2026 2027 2028 2029 2030 2031 2032 2033 2034 2035 2036 2037 2038 2039 2040 2041 2042 2043 2044 2045 2046 2047 2048 2049 2050 :=
1 1.0 1.0 1.0 1.0 1.0 1.0 1.0 1.0 1.0 1.0 1.0 1.0 1.0 1.0 1.0 1.0 1.0 1.0 1.0 1.0 1.0 1.0 1.0 1.0 1.0 1.0 1.0 1.0 1.0 1.0 1.0 1.0 
[RE1,IMPELC002,ELC001,*,*]:
2019 2020 2021 2022 2023 2024 2025 2026 2027 2028 2029 2030 2031 2032 2033 2034 2035 2036 2037 2038 2039 2040 2041 2042 2043 2044 2045 2046 2047 2048 2049 2050 :=
1 1.0 1.0 1.0 1.0 1.0 1.0 1.0 1.0 1.0 1.0 1.0 1.0 1.0 1.0 1.0 1.0 1.0 1.0 1.0 1.0 1.0 1.0 1.0 1.0 1.0 1.0 1.0 1.0 1.0 1.0 1.0 1.0 
[RE1,PWRGEO003,ELC001,*,*]:
2019 2020 2021 2022 2023 2024 2025 2026 2027 2028 2029 2030 2031 2032 2033 2034 2035 2036 2037 2038 2039 2040 2041 2042 2043 2044 2045 2046 2047 2048 2049 2050 :=
1 1.0 1.0 1.0 1.0 1.0 1.0 1.0 1.0 1.0 1.0 1.0 1.0 1.0 1.0 1.0 1.0 1.0 1.0 1.0 1.0 1.0 1.0 1.0 1.0 1.0 1.0 1.0 1.0 1.0 1.0 1.0 1.0 
[RE1,PWRGEO005,ELC001,*,*]:
2019 2020 2021 2022 2023 2024 2025 2026 2027 2028 2029 2030 2031 2032 2033 2034 2035 2036 2037 2038 2039 2040 2041 2042 2043 2044 2045 2046 2047 2048 2049 2050 :=
1 1.0 1.0 1.0 1.0 1.0 1.0 1.0 1.0 1.0 1.0 1.0 1.0 1.0 1.0 1.0 1.0 1.0 1.0 1.0 1.0 1.0 1.0 1.0 1.0 1.0 1.0 1.0 1.0 1.0 1.0 1.0 1.0 
[RE1,PWRGEO007,ELC001,*,*]:
2019 2020 2021 2022 2023 2024 2025 2026 2027 2028 2029 2030 2031 2032 2033 2034 2035 2036 2037 2038 2039 2040 2041 2042 2043 2044 2045 2046 2047 2048 2049 2050 :=
1 1.0 1.0 1.0 1.0 1.0 1.0 1.0 1.0 1.0 1.0 1.0 1.0 1.0 1.0 1.0 1.0 1.0 1.0 1.0 1.0 1.0 1.0 1.0 1.0 1.0 1.0 1.0 1.0 1.0 1.0 1.0 1.0 
[RE1,PWRTRN,ELC001,*,*]:
2019 2020 2021 2022 2023 2024 2025 2026 2027 2028 2029 2030 2031 2032 2033 2034 2035 2036 2037 2038 2039 2040 2041 2042 2043 2044 2045 2046 2047 2048 2049 2050 :=
2 1.0 1.0 1.0 1.0 1.0 1.0 1.0 1.0 1.0 1.0 1.0 1.0 1.0 1.0 1.0 1.0 1.0 1.0 1.0 1.0 1.0 1.0 1.0 1.0 1.0 1.0 1.0 1.0 1.0 1.0 1.0 1.0 
[RE1,PWRHYD004,ELC001,*,*]:
2019 2020 2021 2022 2023 2024 2025 2026 2027 2028 2029 2030 2031 2032 2033 2034 2035 2036 2037 2038 2039 2040 2041 2042 2043 2044 2045 2046 2047 2048 2049 2050 :=
1 1.0 1.0 1.0 1.0 1.0 1.0 1.0 1.0 1.0 1.0 1.0 1.0 1.0 1.0 1.0 1.0 1.0 1.0 1.0 1.0 1.0 1.0 1.0 1.0 1.0 1.0 1.0 1.0 1.0 1.0 1.0 1.0 
[RE1,PWRWND007,ELC001,*,*]:
2019 2020 2021 2022 2023 2024 2025 2026 2027 2028 2029 2030 2031 2032 2033 2034 2035 2036 2037 2038 2039 2040 2041 2042 2043 2044 2045 2046 2047 2048 2049 2050 :=
1 1.0 1.0 1.0 1.0 1.0 1.0 1.0 1.0 1.0 1.0 1.0 1.0 1.0 1.0 1.0 1.0 1.0 1.0 1.0 1.0 1.0 1.0 1.0 1.0 1.0 1.0 1.0 1.0 1.0 1.0 1.0 1.0 
[RE1,IMPURN,URN,*,*]:
2019 2020 2021 2022 2023 2024 2025 2026 2027 2028 2029 2030 2031 2032 2033 2034 2035 2036 2037 2038 2039 2040 2041 2042 2043 2044 2045 2046 2047 2048 2049 2050 :=
1 1.0 1.0 1.0 1.0 1.0 1.0 1.0 1.0 1.0 1.0 1.0 1.0 1.0 1.0 1.0 1.0 1.0 1.0 1.0 1.0 1.0 1.0 1.0 1.0 1.0 1.0 1.0 1.0 1.0 1.0 1.0 1.0 
[RE1,IMPNGS,NGS,*,*]:
2019 2020 2021 2022 2023 2024 2025 2026 2027 2028 2029 2030 2031 2032 2033 2034 2035 2036 2037 2038 2039 2040 2041 2042 2043 2044 2045 2046 2047 2048 2049 2050 :=
1 1.0 1.0 1.0 1.0 1.0 1.0 1.0 1.0 1.0 1.0 1.0 1.0 1.0 1.0 1.0 1.0 1.0 1.0 1.0 1.0 1.0 1.0 1.0 1.0 1.0 1.0 1.0 1.0 1.0 1.0 1.0 1.0 
[RE1,PWRHYD001,ELC001,*,*]:
2019 2020 2021 2022 2023 2024 2025 2026 2027 2028 2029 2030 2031 2032 2033 2034 2035 2036 2037 2038 2039 2040 2041 2042 2043 2044 2045 2046 2047 2048 2049 2050 :=
1 1.0 1.0 1.0 1.0 1.0 1.0 1.0 1.0 1.0 1.0 1.0 1.0 1.0 1.0 1.0 1.0 1.0 1.0 1.0 1.0 1.0 1.0 1.0 1.0 1.0 1.0 1.0 1.0 1.0 1.0 1.0 1.0 
[RE1,IMPBIO,BIO,*,*]:
2019 2020 2021 2022 2023 2024 2025 2026 2027 2028 2029 2030 2031 2032 2033 2034 2035 2036 2037 2038 2039 2040 2041 2042 2043 2044 2045 2046 2047 2048 2049 2050 :=
1 1.0 1.0 1.0 1.0 1.0 1.0 1.0 1.0 1.0 1.0 1.0 1.0 1.0 1.0 1.0 1.0 1.0 1.0 1.0 1.0 1.0 1.0 1.0 1.0 1.0 1.0 1.0 1.0 1.0 1.0 1.0 1.0 
[RE1,IMPHFONAI,HFONAI,*,*]:
2019 2020 2021 2022 2023 2024 2025 2026 2027 2028 2029 2030 2031 2032 2033 2034 2035 2036 2037 2038 2039 2040 2041 2042 2043 2044 2045 2046 2047 2048 2049 2050 :=
1 1.0 1.0 1.0 1.0 1.0 1.0 1.0 1.0 1.0 1.0 1.0 1.0 1.0 1.0 1.0 1.0 1.0 1.0 1.0 1.0 1.0 1.0 1.0 1.0 1.0 1.0 1.0 1.0 1.0 1.0 1.0 1.0 
[RE1,MINCOA,COADOM,*,*]:
2019 2020 2021 2022 2023 2024 2025 2026 2027 2028 2029 2030 2031 2032 2033 2034 2035 2036 2037 2038 2039 2040 2041 2042 2043 2044 2045 2046 2047 2048 2049 2050 :=
1 1.0 1.0 1.0 1.0 1.0 1.0 1.0 1.0 1.0 1.0 1.0 1.0 1.0 1.0 1.0 1.0 1.0 1.0 1.0 1.0 1.0 1.0 1.0 1.0 1.0 1.0 1.0 1.0 1.0 1.0 1.0 1.0 
[RE1,MINGEO,GEO,*,*]:
2019 2020 2021 2022 2023 2024 2025 2026 2027 2028 2029 2030 2031 2032 2033 2034 2035 2036 2037 2038 2039 2040 2041 2042 2043 2044 2045 2046 2047 2048 2049 2050 :=
1 1.0 1.0 1.0 1.0 1.0 1.0 1.0 1.0 1.0 1.0 1.0 1.0 1.0 1.0 1.0 1.0 1.0 1.0 1.0 1.0 1.0 1.0 1.0 1.0 1.0 1.0 1.0 1.0 1.0 1.0 1.0 1.0 
[RE1,PWRTRN,ELC002,*,*]:
2019 2020 2021 2022 2023 2024 2025 2026 2027 2028 2029 2030 2031 2032 2033 2034 2035 2036 2037 2038 2039 2040 2041 2042 2043 2044 2045 2046 2047 2048 2049 2050 :=
1 0.9566 0.9566 0.9566 0.9566 0.9566 0.9566 0.9566 0.9566 0.9566 0.9566 0.9566 0.9566 0.9566 0.9566 0.9566 0.9566 0.9566 0.9566 0.9566 0.9566 0.9566 0.9566 0.9566 0.9566 0.9566 0.9566 0.9566 0.9566 0.9566 0.9566 0.9566 0.9566 
[RE1,PWRWND002,ELC001,*,*]:
2019 2020 2021 2022 2023 2024 2025 2026 2027 2028 2029 2030 2031 2032 2033 2034 2035 2036 2037 2038 2039 2040 2041 2042 2043 2044 2045 2046 2047 2048 2049 2050 :=
1 1.0 1.0 1.0 1.0 1.0 1.0 1.0 1.0 1.0 1.0 1.0 1.0 1.0 1.0 1.0 1.0 1.0 1.0 1.0 1.0 1.0 1.0 1.0 1.0 1.0 1.0 1.0 1.0 1.0 1.0 1.0 1.0 
[RE1,PWRSOL001,ELC001,*,*]:
2019 2020 2021 2022 2023 2024 2025 2026 2027 2028 2029 2030 2031 2032 2033 2034 2035 2036 2037 2038 2039 2040 2041 2042 2043 2044 2045 2046 2047 2048 2049 2050 :=
1 1.0 1.0 1.0 1.0 1.0 1.0 1.0 1.0 1.0 1.0 1.0 1.0 1.0 1.0 1.0 1.0 1.0 1.0 1.0 1.0 1.0 1.0 1.0 1.0 1.0 1.0 1.0 1.0 1.0 1.0 1.0 1.0 
[RE1,PWRWND003,ELC001,*,*]:
2019 2020 2021 2022 2023 2024 2025 2026 2027 2028 2029 2030 2031 2032 2033 2034 2035 2036 2037 2038 2039 2040 2041 2042 2043 2044 2045 2046 2047 2048 2049 2050 :=
1 1.0 1.0 1.0 1.0 1.0 1.0 1.0 1.0 1.0 1.0 1.0 1.0 1.0 1.0 1.0 1.0 1.0 1.0 1.0 1.0 1.0 1.0 1.0 1.0 1.0 1.0 1.0 1.0 1.0 1.0 1.0 1.0 
[RE1,PWRBIO001,ELC001,*,*]:
2019 2020 2021 2022 2023 2024 2025 2026 2027 2028 2029 2030 2031 2032 2033 2034 2035 2036 2037 2038 2039 2040 2041 2042 2043 2044 2045 2046 2047 2048 2049 2050 :=
1 1.0 1.0 1.0 1.0 1.0 1.0 1.0 1.0 1.0 1.0 1.0 1.0 1.0 1.0 1.0 1.0 1.0 1.0 1.0 1.0 1.0 1.0 1.0 1.0 1.0 1.0 1.0 1.0 1.0 1.0 1.0 1.0 
[RE1,PWRDIST,ELC003,*,*]:
2019 2020 2021 2022 2023 2024 2025 2026 2027 2028 2029 2030 2031 2032 2033 2034 2035 2036 2037 2038 2039 2040 2041 2042 2043 2044 2045 2046 2047 2048 2049 2050 :=
1 0.9129 0.9129 0.9139 0.9149 0.916 0.917 0.918 0.9191 0.9201 0.9212 0.9222 0.9232 0.9243 0.9253 0.9263 0.9274 0.9284 0.9295 0.9305 0.9315 0.9326 0.9336 0.9346 0.9357 0.9367 0.9378 0.9388 0.9398 0.9409 0.9419 0.9429 0.944 
[RE1,PWRHYD003,ELC001,*,*]:
2019 2020 2021 2022 2023 2024 2025 2026 2027 2028 2029 2030 2031 2032 2033 2034 2035 2036 2037 2038 2039 2040 2041 2042 2043 2044 2045 2046 2047 2048 2049 2050 :=
1 1.0 1.0 1.0 1.0 1.0 1.0 1.0 1.0 1.0 1.0 1.0 1.0 1.0 1.0 1.0 1.0 1.0 1.0 1.0 1.0 1.0 1.0 1.0 1.0 1.0 1.0 1.0 1.0 1.0 1.0 1.0 1.0 
[RE1,PWRWND011,ELC001,*,*]:
2019 2020 2021 2022 2023 2024 2025 2026 2027 2028 2029 2030 2031 2032 2033 2034 2035 2036 2037 2038 2039 2040 2041 2042 2043 2044 2045 2046 2047 2048 2049 2050 :=
1 1.0 1.0 1.0 1.0 1.0 1.0 1.0 1.0 1.0 1.0 1.0 1.0 1.0 1.0 1.0 1.0 1.0 1.0 1.0 1.0 1.0 1.0 1.0 1.0 1.0 1.0 1.0 1.0 1.0 1.0 1.0 1.0 
[RE1,BESS_TECH,ELC001,*,*]:
2019 2020 2021 2022 2023 2024 2025 2026 2027 2028 2029 2030 2031 2032 2033 2034 2035 2036 2037 2038 2039 2040 2041 2042 2043 2044 2045 2046 2047 2048 2049 2050 :=
2 1.0 1.0 1.0 1.0 1.0 1.0 1.0 1.0 1.0 1.0 1.0 1.0 1.0 1.0 1.0 1.0 1.0 1.0 1.0 1.0 1.0 1.0 1.0 1.0 1.0 1.0 1.0 1.0 1.0 1.0 1.0 1.0 
[RE1,MINSOL,SOL,*,*]:
2019 2020 2021 2022 2023 2024 2025 2026 2027 2028 2029 2030 2031 2032 2033 2034 2035 2036 2037 2038 2039 2040 2041 2042 2043 2044 2045 2046 2047 2048 2049 2050 :=
1 1.0 1.0 1.0 1.0 1.0 1.0 1.0 1.0 1.0 1.0 1.0 1.0 1.0 1.0 1.0 1.0 1.0 1.0 1.0 1.0 1.0 1.0 1.0 1.0 1.0 1.0 1.0 1.0 1.0 1.0 1.0 1.0 
[RE1,IMPELC001,ELC001,*,*]:
2019 2020 2021 2022 2023 2024 2025 2026 2027 2028 2029 2030 2031 2032 2033 2034 2035 2036 2037 2038 2039 2040 2041 2042 2043 2044 2045 2046 2047 2048 2049 2050 :=
1 1.0 1.0 1.0 1.0 1.0 1.0 1.0 1.0 1.0 1.0 1.0 1.0 1.0 1.0 1.0 1.0 1.0 1.0 1.0 1.0 1.0 1.0 1.0 1.0 1.0 1.0 1.0 1.0 1.0 1.0 1.0 1.0 
[RE1,MINBIO,BIO,*,*]:
2019 2020 2021 2022 2023 2024 2025 2026 2027 2028 2029 2030 2031 2032 2033 2034 2035 2036 2037 2038 2039 2040 2041 2042 2043 2044 2045 2046 2047 2048 2049 2050 :=
1 1.0 1.0 1.0 1.0 1.0 1.0 1.0 1.0 1.0 1.0 1.0 1.0 1.0 1.0 1.0 1.0 1.0 1.0 1.0 1.0 1.0 1.0 1.0 1.0 1.0 1.0 1.0 1.0 1.0 1.0 1.0 1.0 
[RE1,PWRGEO004,ELC001,*,*]:
2019 2020 2021 2022 2023 2024 2025 2026 2027 2028 2029 2030 2031 2032 2033 2034 2035 2036 2037 2038 2039 2040 2041 2042 2043 2044 2045 2046 2047 2048 2049 2050 :=
1 1.0 1.0 1.0 1.0 1.0 1.0 1.0 1.0 1.0 1.0 1.0 1.0 1.0 1.0 1.0 1.0 1.0 1.0 1.0 1.0 1.0 1.0 1.0 1.0 1.0 1.0 1.0 1.0 1.0 1.0 1.0 1.0 
[RE1,PWRGEO002,ELC001,*,*]:
2019 2020 2021 2022 2023 2024 2025 2026 2027 2028 2029 2030 2031 2032 2033 2034 2035 2036 2037 2038 2039 2040 2041 2042 2043 2044 2045 2046 2047 2048 2049 2050 :=
1 1.0 1.0 1.0 1.0 1.0 1.0 1.0 1.0 1.0 1.0 1.0 1.0 1.0 1.0 1.0 1.0 1.0 1.0 1.0 1.0 1.0 1.0 1.0 1.0 1.0 1.0 1.0 1.0 1.0 1.0 1.0 1.0 
[RE1,DEMCOMELC,COMELC,*,*]:
2019 2020 2021 2022 2023 2024 2025 2026 2027 2028 2029 2030 2031 2032 2033 2034 2035 2036 2037 2038 2039 2040 2041 2042 2043 2044 2045 2046 2047 2048 2049 2050 :=
1 1.0 1.0 1.0 1.0 1.0 1.0 1.0 1.0 1.0 1.0 1.0 1.0 1.0 1.0 1.0 1.0 1.0 1.0 1.0 1.0 1.0 1.0 1.0 1.0 1.0 1.0 1.0 1.0 1.0 1.0 1.0 1.0 
[RE1,PWRSOL002,ELC001,*,*]:
2019 2020 2021 2022 2023 2024 2025 2026 2027 2028 2029 2030 2031 2032 2033 2034 2035 2036 2037 2038 2039 2040 2041 2042 2043 2044 2045 2046 2047 2048 2049 2050 :=
1 1.0 1.0 1.0 1.0 1.0 1.0 1.0 1.0 1.0 1.0 1.0 1.0 1.0 1.0 1.0 1.0 1.0 1.0 1.0 1.0 1.0 1.0 1.0 1.0 1.0 1.0 1.0 1.0 1.0 1.0 1.0 1.0 
[RE1,IMPCOA,COA,*,*]:
2019 2020 2021 2022 2023 2024 2025 2026 2027 2028 2029 2030 2031 2032 2033 2034 2035 2036 2037 2038 2039 2040 2041 2042 2043 2044 2045 2046 2047 2048 2049 2050 :=
1 1.0 1.0 1.0 1.0 1.0 1.0 1.0 1.0 1.0 1.0 1.0 1.0 1.0 1.0 1.0 1.0 1.0 1.0 1.0 1.0 1.0 1.0 1.0 1.0 1.0 1.0 1.0 1.0 1.0 1.0 1.0 1.0 
[RE1,PWRHYD002,ELC001,*,*]:
2019 2020 2021 2022 2023 2024 2025 2026 2027 2028 2029 2030 2031 2032 2033 2034 2035 2036 2037 2038 2039 2040 2041 2042 2043 2044 2045 2046 2047 2048 2049 2050 :=
1 1.0 1.0 1.0 1.0 1.0 1.0 1.0 1.0 1.0 1.0 1.0 1.0 1.0 1.0 1.0 1.0 1.0 1.0 1.0 1.0 1.0 1.0 1.0 1.0 1.0 1.0 1.0 1.0 1.0 1.0 1.0 1.0 
[RE1,PWRWND005,ELC001,*,*]:
2019 2020 2021 2022 2023 2024 2025 2026 2027 2028 2029 2030 2031 2032 2033 2034 2035 2036 2037 2038 2039 2040 2041 2042 2043 2044 2045 2046 2047 2048 2049 2050 :=
1 1.0 1.0 1.0 1.0 1.0 1.0 1.0 1.0 1.0 1.0 1.0 1.0 1.0 1.0 1.0 1.0 1.0 1.0 1.0 1.0 1.0 1.0 1.0 1.0 1.0 1.0 1.0 1.0 1.0 1.0 1.0 1.0 
[RE1,DEMINDELC,INDELC,*,*]:
2019 2020 2021 2022 2023 2024 2025 2026 2027 2028 2029 2030 2031 2032 2033 2034 2035 2036 2037 2038 2039 2040 2041 2042 2043 2044 2045 2046 2047 2048 2049 2050 :=
1 1.0 1.0 1.0 1.0 1.0 1.0 1.0 1.0 1.0 1.0 1.0 1.0 1.0 1.0 1.0 1.0 1.0 1.0 1.0 1.0 1.0 1.0 1.0 1.0 1.0 1.0 1.0 1.0 1.0 1.0 1.0 1.0 
[RE1,IMPLFOELD,LFOELD,*,*]:
2019 2020 2021 2022 2023 2024 2025 2026 2027 2028 2029 2030 2031 2032 2033 2034 2035 2036 2037 2038 2039 2040 2041 2042 2043 2044 2045 2046 2047 2048 2049 2050 :=
1 1.0 1.0 1.0 1.0 1.0 1.0 1.0 1.0 1.0 1.0 1.0 1.0 1.0 1.0 1.0 1.0 1.0 1.0 1.0 1.0 1.0 1.0 1.0 1.0 1.0 1.0 1.0 1.0 1.0 1.0 1.0 1.0 
[RE1,PWRGEO006,ELC001,*,*]:
2019 2020 2021 2022 2023 2024 2025 2026 2027 2028 2029 2030 2031 2032 2033 2034 2035 2036 2037 2038 2039 2040 2041 2042 2043 2044 2045 2046 2047 2048 2049 2050 :=
1 1.0 1.0 1.0 1.0 1.0 1.0 1.0 1.0 1.0 1.0 1.0 1.0 1.0 1.0 1.0 1.0 1.0 1.0 1.0 1.0 1.0 1.0 1.0 1.0 1.0 1.0 1.0 1.0 1.0 1.0 1.0 1.0 
[RE1,PWRURN001,ELC001,*,*]:
2019 2020 2021 2022 2023 2024 2025 2026 2027 2028 2029 2030 2031 2032 2033 2034 2035 2036 2037 2038 2039 2040 2041 2042 2043 2044 2045 2046 2047 2048 2049 2050 :=
1 1.0 1.0 1.0 1.0 1.0 1.0 1.0 1.0 1.0 1.0 1.0 1.0 1.0 1.0 1.0 1.0 1.0 1.0 1.0 1.0 1.0 1.0 1.0 1.0 1.0 1.0 1.0 1.0 1.0 1.0 1.0 1.0 
[RE1,PWRPHS001,ELC001,*,*]:
2019 2020 2021 2022 2023 2024 2025 2026 2027 2028 2029 2030 2031 2032 2033 2034 2035 2036 2037 2038 2039 2040 2041 2042 2043 2044 2045 2046 2047 2048 2049 2050 :=
2 1.0 1.0 1.0 1.0 1.0 1.0 1.0 1.0 1.0 1.0 1.0 1.0 1.0 1.0 1.0 1.0 1.0 1.0 1.0 1.0 1.0 1.0 1.0 1.0 1.0 1.0 1.0 1.0 1.0 1.0 1.0 1.0 
[RE1,BACKSTOP,ELC001,*,*]:
2019 2020 2021 2022 2023 2024 2025 2026 2027 2028 2029 2030 2031 2032 2033 2034 2035 2036 2037 2038 2039 2040 2041 2042 2043 2044 2045 2046 2047 2048 2049 2050 :=
1 1.0 1.0 1.0 1.0 1.0 1.0 1.0 1.0 1.0 1.0 1.0 1.0 1.0 1.0 1.0 1.0 1.0 1.0 1.0 1.0 1.0 1.0 1.0 1.0 1.0 1.0 1.0 1.0 1.0 1.0 1.0 1.0 
[RE1,PWRWND008,ELC001,*,*]:
2019 2020 2021 2022 2023 2024 2025 2026 2027 2028 2029 2030 2031 2032 2033 2034 2035 2036 2037 2038 2039 2040 2041 2042 2043 2044 2045 2046 2047 2048 2049 2050 :=
1 1.0 1.0 1.0 1.0 1.0 1.0 1.0 1.0 1.0 1.0 1.0 1.0 1.0 1.0 1.0 1.0 1.0 1.0 1.0 1.0 1.0 1.0 1.0 1.0 1.0 1.0 1.0 1.0 1.0 1.0 1.0 1.0 
[RE1,PWRGEO001,ELC001,*,*]:
2019 2020 2021 2022 2023 2024 2025 2026 2027 2028 2029 2030 2031 2032 2033 2034 2035 2036 2037 2038 2039 2040 2041 2042 2043 2044 2045 2046 2047 2048 2049 2050 :=
1 1.0 1.0 1.0 1.0 1.0 1.0 1.0 1.0 1.0 1.0 1.0 1.0 1.0 1.0 1.0 1.0 1.0 1.0 1.0 1.0 1.0 1.0 1.0 1.0 1.0 1.0 1.0 1.0 1.0 1.0 1.0 1.0 
[RE1,PWRWND001,ELC001,*,*]:
2019 2020 2021 2022 2023 2024 2025 2026 2027 2028 2029 2030 2031 2032 2033 2034 2035 2036 2037 2038 2039 2040 2041 2042 2043 2044 2045 2046 2047 2048 2049 2050 :=
1 1.0 1.0 1.0 1.0 1.0 1.0 1.0 1.0 1.0 1.0 1.0 1.0 1.0 1.0 1.0 1.0 1.0 1.0 1.0 1.0 1.0 1.0 1.0 1.0 1.0 1.0 1.0 1.0 1.0 1.0 1.0 1.0 
[RE1,PWRPHS002,ELC001,*,*]:
2019 2020 2021 2022 2023 2024 2025 2026 2027 2028 2029 2030 2031 2032 2033 2034 2035 2036 2037 2038 2039 2040 2041 2042 2043 2044 2045 2046 2047 2048 2049 2050 :=
2 1.0 1.0 1.0 1.0 1.0 1.0 1.0 1.0 1.0 1.0 1.0 1.0 1.0 1.0 1.0 1.0 1.0 1.0 1.0 1.0 1.0 1.0 1.0 1.0 1.0 1.0 1.0 1.0 1.0 1.0 1.0 1.0 
[RE1,PWRNGS001,ELC001,*,*]:
2019 2020 2021 2022 2023 2024 2025 2026 2027 2028 2029 2030 2031 2032 2033 2034 2035 2036 2037 2038 2039 2040 2041 2042 2043 2044 2045 2046 2047 2048 2049 2050 :=
1 1.0 1.0 1.0 1.0 1.0 1.0 1.0 1.0 1.0 1.0 1.0 1.0 1.0 1.0 1.0 1.0 1.0 1.0 1.0 1.0 1.0 1.0 1.0 1.0 1.0 1.0 1.0 1.0 1.0 1.0 1.0 1.0 
[RE1,PWRWND006,ELC001,*,*]:
2019 2020 2021 2022 2023 2024 2025 2026 2027 2028 2029 2030 2031 2032 2033 2034 2035 2036 2037 2038 2039 2040 2041 2042 2043 2044 2045 2046 2047 2048 2049 2050 :=
1 1.0 1.0 1.0 1.0 1.0 1.0 1.0 1.0 1.0 1.0 1.0 1.0 1.0 1.0 1.0 1.0 1.0 1.0 1.0 1.0 1.0 1.0 1.0 1.0 1.0 1.0 1.0 1.0 1.0 1.0 1.0 1.0 
[RE1,PWRWND004,ELC001,*,*]:
2019 2020 2021 2022 2023 2024 2025 2026 2027 2028 2029 2030 2031 2032 2033 2034 2035 2036 2037 2038 2039 2040 2041 2042 2043 2044 2045 2046 2047 2048 2049 2050 :=
1 1.0 1.0 1.0 1.0 1.0 1.0 1.0 1.0 1.0 1.0 1.0 1.0 1.0 1.0 1.0 1.0 1.0 1.0 1.0 1.0 1.0 1.0 1.0 1.0 1.0 1.0 1.0 1.0 1.0 1.0 1.0 1.0 
;

param OperationalLifeStorage default 1.0 :
BESS001 PHS001 PHS002 :=
RE1 10 40 40 
;

param StorageLevelStart default 1.0 :
BESS001 PHS001 PHS002 :=
RE1 1 1 1 
;

param CapitalCostStorage default 0.0 :=
[RE1,*,*]:
2019 2020 2021 2022 2023 2024 2025 2026 2027 2028 2029 2030 2031 2032 2033 2034 2035 2036 2037 2038 2039 2040 2041 2042 2043 2044 2045 2046 2047 2048 2049 2050 :=
PHS001 22222 22222 22222 22222 22222 22222 22222 22222 22222 22222 22222 22222 22267 22311 22356 22400 22444 22444 22444 22444 22444 22444 22489 22533 22578 22622 22667 22667 22667 22667 22667 22667 
PHS002 22222 22222 22222 22222 22222 22222 22222 22222 22222 22222 22222 22222 22267 22311 22356 22400 22444 22444 22444 22444 22444 22444 22489 22533 22578 22622 22667 22667 22667 22667 22667 22667 
;

param TechnologyToStorage default 0.0 :=
[RE1,BESS_TECH,*,*]:
1 2 :=
BESS001 1 0 
[RE1,PWRPHS001,*,*]:
1 2 :=
PHS001 1 0 
[RE1,PWRPHS002,*,*]:
1 2 :=
PHS002 1 0 
;

param TechnologyFromStorage default 0.0 :=
[RE1,BESS_TECH,*,*]:
1 2 :=
BESS001 0 1 
[RE1,PWRPHS001,*,*]:
1 2 :=
PHS001 0 1 
[RE1,PWRPHS002,*,*]:
1 2 :=
PHS002 0 1 
;

param CapacityFactor default 1.0 :=
[RE1,IMPELC001,*,*]:
2019 2020 2021 2022 2023 2024 2025 2026 2027 2028 2029 2030 2031 2032 2033 2034 2035 2036 2037 2038 2039 2040 2041 2042 2043 2044 2045 2046 2047 2048 2049 2050 :=
TS01 0.85 0.85 0.85 0.85 0.85 0.85 0.85 0.85 0.85 0.85 0.85 0.85 0.85 0.85 0.85 0.85 0.85 0.85 0.85 0.85 0.85 0.85 0.85 0.85 0.85 0.85 0.85 0.85 0.85 0.85 0.85 0.85 
TS02 0.85 0.85 0.85 0.85 0.85 0.85 0.85 0.85 0.85 0.85 0.85 0.85 0.85 0.85 0.85 0.85 0.85 0.85 0.85 0.85 0.85 0.85 0.85 0.85 0.85 0.85 0.85 0.85 0.85 0.85 0.85 0.85 
TS03 0.85 0.85 0.85 0.85 0.85 0.85 0.85 0.85 0.85 0.85 0.85 0.85 0.85 0.85 0.85 0.85 0.85 0.85 0.85 0.85 0.85 0.85 0.85 0.85 0.85 0.85 0.85 0.85 0.85 0.85 0.85 0.85 
TS04 0.85 0.85 0.85 0.85 0.85 0.85 0.85 0.85 0.85 0.85 0.85 0.85 0.85 0.85 0.85 0.85 0.85 0.85 0.85 0.85 0.85 0.85 0.85 0.85 0.85 0.85 0.85 0.85 0.85 0.85 0.85 0.85 
TS05 0.85 0.85 0.85 0.85 0.85 0.85 0.85 0.85 0.85 0.85 0.85 0.85 0.85 0.85 0.85 0.85 0.85 0.85 0.85 0.85 0.85 0.85 0.85 0.85 0.85 0.85 0.85 0.85 0.85 0.85 0.85 0.85 
TS06 0.85 0.85 0.85 0.85 0.85 0.85 0.85 0.85 0.85 0.85 0.85 0.85 0.85 0.85 0.85 0.85 0.85 0.85 0.85 0.85 0.85 0.85 0.85 0.85 0.85 0.85 0.85 0.85 0.85 0.85 0.85 0.85 
TS07 0.85 0.85 0.85 0.85 0.85 0.85 0.85 0.85 0.85 0.85 0.85 0.85 0.85 0.85 0.85 0.85 0.85 0.85 0.85 0.85 0.85 0.85 0.85 0.85 0.85 0.85 0.85 0.85 0.85 0.85 0.85 0.85 
TS08 0.85 0.85 0.85 0.85 0.85 0.85 0.85 0.85 0.85 0.85 0.85 0.85 0.85 0.85 0.85 0.85 0.85 0.85 0.85 0.85 0.85 0.85 0.85 0.85 0.85 0.85 0.85 0.85 0.85 0.85 0.85 0.85 
TS09 0.85 0.85 0.85 0.85 0.85 0.85 0.85 0.85 0.85 0.85 0.85 0.85 0.85 0.85 0.85 0.85 0.85 0.85 0.85 0.85 0.85 0.85 0.85 0.85 0.85 0.85 0.85 0.85 0.85 0.85 0.85 0.85 
TS10 0.85 0.85 0.85 0.85 0.85 0.85 0.85 0.85 0.85 0.85 0.85 0.85 0.85 0.85 0.85 0.85 0.85 0.85 0.85 0.85 0.85 0.85 0.85 0.85 0.85 0.85 0.85 0.85 0.85 0.85 0.85 0.85 
TS11 0.85 0.85 0.85 0.85 0.85 0.85 0.85 0.85 0.85 0.85 0.85 0.85 0.85 0.85 0.85 0.85 0.85 0.85 0.85 0.85 0.85 0.85 0.85 0.85 0.85 0.85 0.85 0.85 0.85 0.85 0.85 0.85 
TS12 0.85 0.85 0.85 0.85 0.85 0.85 0.85 0.85 0.85 0.85 0.85 0.85 0.85 0.85 0.85 0.85 0.85 0.85 0.85 0.85 0.85 0.85 0.85 0.85 0.85 0.85 0.85 0.85 0.85 0.85 0.85 0.85 
TS13 0.85 0.85 0.85 0.85 0.85 0.85 0.85 0.85 0.85 0.85 0.85 0.85 0.85 0.85 0.85 0.85 0.85 0.85 0.85 0.85 0.85 0.85 0.85 0.85 0.85 0.85 0.85 0.85 0.85 0.85 0.85 0.85 
TS14 0.85 0.85 0.85 0.85 0.85 0.85 0.85 0.85 0.85 0.85 0.85 0.85 0.85 0.85 0.85 0.85 0.85 0.85 0.85 0.85 0.85 0.85 0.85 0.85 0.85 0.85 0.85 0.85 0.85 0.85 0.85 0.85 
TS15 0.85 0.85 0.85 0.85 0.85 0.85 0.85 0.85 0.85 0.85 0.85 0.85 0.85 0.85 0.85 0.85 0.85 0.85 0.85 0.85 0.85 0.85 0.85 0.85 0.85 0.85 0.85 0.85 0.85 0.85 0.85 0.85 
TS16 0.85 0.85 0.85 0.85 0.85 0.85 0.85 0.85 0.85 0.85 0.85 0.85 0.85 0.85 0.85 0.85 0.85 0.85 0.85 0.85 0.85 0.85 0.85 0.85 0.85 0.85 0.85 0.85 0.85 0.85 0.85 0.85 
TS17 0.85 0.85 0.85 0.85 0.85 0.85 0.85 0.85 0.85 0.85 0.85 0.85 0.85 0.85 0.85 0.85 0.85 0.85 0.85 0.85 0.85 0.85 0.85 0.85 0.85 0.85 0.85 0.85 0.85 0.85 0.85 0.85 
TS18 0.85 0.85 0.85 0.85 0.85 0.85 0.85 0.85 0.85 0.85 0.85 0.85 0.85 0.85 0.85 0.85 0.85 0.85 0.85 0.85 0.85 0.85 0.85 0.85 0.85 0.85 0.85 0.85 0.85 0.85 0.85 0.85 
TS19 0.85 0.85 0.85 0.85 0.85 0.85 0.85 0.85 0.85 0.85 0.85 0.85 0.85 0.85 0.85 0.85 0.85 0.85 0.85 0.85 0.85 0.85 0.85 0.85 0.85 0.85 0.85 0.85 0.85 0.85 0.85 0.85 
TS20 0.85 0.85 0.85 0.85 0.85 0.85 0.85 0.85 0.85 0.85 0.85 0.85 0.85 0.85 0.85 0.85 0.85 0.85 0.85 0.85 0.85 0.85 0.85 0.85 0.85 0.85 0.85 0.85 0.85 0.85 0.85 0.85 
TS21 0.85 0.85 0.85 0.85 0.85 0.85 0.85 0.85 0.85 0.85 0.85 0.85 0.85 0.85 0.85 0.85 0.85 0.85 0.85 0.85 0.85 0.85 0.85 0.85 0.85 0.85 0.85 0.85 0.85 0.85 0.85 0.85 
TS22 0.85 0.85 0.85 0.85 0.85 0.85 0.85 0.85 0.85 0.85 0.85 0.85 0.85 0.85 0.85 0.85 0.85 0.85 0.85 0.85 0.85 0.85 0.85 0.85 0.85 0.85 0.85 0.85 0.85 0.85 0.85 0.85 
TS23 0.85 0.85 0.85 0.85 0.85 0.85 0.85 0.85 0.85 0.85 0.85 0.85 0.85 0.85 0.85 0.85 0.85 0.85 0.85 0.85 0.85 0.85 0.85 0.85 0.85 0.85 0.85 0.85 0.85 0.85 0.85 0.85 
TS24 0.85 0.85 0.85 0.85 0.85 0.85 0.85 0.85 0.85 0.85 0.85 0.85 0.85 0.85 0.85 0.85 0.85 0.85 0.85 0.85 0.85 0.85 0.85 0.85 0.85 0.85 0.85 0.85 0.85 0.85 0.85 0.85 
TS25 0.85 0.85 0.85 0.85 0.85 0.85 0.85 0.85 0.85 0.85 0.85 0.85 0.85 0.85 0.85 0.85 0.85 0.85 0.85 0.85 0.85 0.85 0.85 0.85 0.85 0.85 0.85 0.85 0.85 0.85 0.85 0.85 
TS26 0.85 0.85 0.85 0.85 0.85 0.85 0.85 0.85 0.85 0.85 0.85 0.85 0.85 0.85 0.85 0.85 0.85 0.85 0.85 0.85 0.85 0.85 0.85 0.85 0.85 0.85 0.85 0.85 0.85 0.85 0.85 0.85 
TS27 0.85 0.85 0.85 0.85 0.85 0.85 0.85 0.85 0.85 0.85 0.85 0.85 0.85 0.85 0.85 0.85 0.85 0.85 0.85 0.85 0.85 0.85 0.85 0.85 0.85 0.85 0.85 0.85 0.85 0.85 0.85 0.85 
TS28 0.85 0.85 0.85 0.85 0.85 0.85 0.85 0.85 0.85 0.85 0.85 0.85 0.85 0.85 0.85 0.85 0.85 0.85 0.85 0.85 0.85 0.85 0.85 0.85 0.85 0.85 0.85 0.85 0.85 0.85 0.85 0.85 
TS29 0.85 0.85 0.85 0.85 0.85 0.85 0.85 0.85 0.85 0.85 0.85 0.85 0.85 0.85 0.85 0.85 0.85 0.85 0.85 0.85 0.85 0.85 0.85 0.85 0.85 0.85 0.85 0.85 0.85 0.85 0.85 0.85 
TS30 0.85 0.85 0.85 0.85 0.85 0.85 0.85 0.85 0.85 0.85 0.85 0.85 0.85 0.85 0.85 0.85 0.85 0.85 0.85 0.85 0.85 0.85 0.85 0.85 0.85 0.85 0.85 0.85 0.85 0.85 0.85 0.85 
TS31 0.85 0.85 0.85 0.85 0.85 0.85 0.85 0.85 0.85 0.85 0.85 0.85 0.85 0.85 0.85 0.85 0.85 0.85 0.85 0.85 0.85 0.85 0.85 0.85 0.85 0.85 0.85 0.85 0.85 0.85 0.85 0.85 
TS32 0.85 0.85 0.85 0.85 0.85 0.85 0.85 0.85 0.85 0.85 0.85 0.85 0.85 0.85 0.85 0.85 0.85 0.85 0.85 0.85 0.85 0.85 0.85 0.85 0.85 0.85 0.85 0.85 0.85 0.85 0.85 0.85 
TS33 0.85 0.85 0.85 0.85 0.85 0.85 0.85 0.85 0.85 0.85 0.85 0.85 0.85 0.85 0.85 0.85 0.85 0.85 0.85 0.85 0.85 0.85 0.85 0.85 0.85 0.85 0.85 0.85 0.85 0.85 0.85 0.85 
TS34 0.85 0.85 0.85 0.85 0.85 0.85 0.85 0.85 0.85 0.85 0.85 0.85 0.85 0.85 0.85 0.85 0.85 0.85 0.85 0.85 0.85 0.85 0.85 0.85 0.85 0.85 0.85 0.85 0.85 0.85 0.85 0.85 
TS35 0.85 0.85 0.85 0.85 0.85 0.85 0.85 0.85 0.85 0.85 0.85 0.85 0.85 0.85 0.85 0.85 0.85 0.85 0.85 0.85 0.85 0.85 0.85 0.85 0.85 0.85 0.85 0.85 0.85 0.85 0.85 0.85 
TS36 0.85 0.85 0.85 0.85 0.85 0.85 0.85 0.85 0.85 0.85 0.85 0.85 0.85 0.85 0.85 0.85 0.85 0.85 0.85 0.85 0.85 0.85 0.85 0.85 0.85 0.85 0.85 0.85 0.85 0.85 0.85 0.85 
TS37 0.85 0.85 0.85 0.85 0.85 0.85 0.85 0.85 0.85 0.85 0.85 0.85 0.85 0.85 0.85 0.85 0.85 0.85 0.85 0.85 0.85 0.85 0.85 0.85 0.85 0.85 0.85 0.85 0.85 0.85 0.85 0.85 
TS38 0.85 0.85 0.85 0.85 0.85 0.85 0.85 0.85 0.85 0.85 0.85 0.85 0.85 0.85 0.85 0.85 0.85 0.85 0.85 0.85 0.85 0.85 0.85 0.85 0.85 0.85 0.85 0.85 0.85 0.85 0.85 0.85 
TS39 0.85 0.85 0.85 0.85 0.85 0.85 0.85 0.85 0.85 0.85 0.85 0.85 0.85 0.85 0.85 0.85 0.85 0.85 0.85 0.85 0.85 0.85 0.85 0.85 0.85 0.85 0.85 0.85 0.85 0.85 0.85 0.85 
TS40 0.85 0.85 0.85 0.85 0.85 0.85 0.85 0.85 0.85 0.85 0.85 0.85 0.85 0.85 0.85 0.85 0.85 0.85 0.85 0.85 0.85 0.85 0.85 0.85 0.85 0.85 0.85 0.85 0.85 0.85 0.85 0.85 
TS41 0.85 0.85 0.85 0.85 0.85 0.85 0.85 0.85 0.85 0.85 0.85 0.85 0.85 0.85 0.85 0.85 0.85 0.85 0.85 0.85 0.85 0.85 0.85 0.85 0.85 0.85 0.85 0.85 0.85 0.85 0.85 0.85 
TS42 0.85 0.85 0.85 0.85 0.85 0.85 0.85 0.85 0.85 0.85 0.85 0.85 0.85 0.85 0.85 0.85 0.85 0.85 0.85 0.85 0.85 0.85 0.85 0.85 0.85 0.85 0.85 0.85 0.85 0.85 0.85 0.85 
TS43 0.85 0.85 0.85 0.85 0.85 0.85 0.85 0.85 0.85 0.85 0.85 0.85 0.85 0.85 0.85 0.85 0.85 0.85 0.85 0.85 0.85 0.85 0.85 0.85 0.85 0.85 0.85 0.85 0.85 0.85 0.85 0.85 
TS44 0.85 0.85 0.85 0.85 0.85 0.85 0.85 0.85 0.85 0.85 0.85 0.85 0.85 0.85 0.85 0.85 0.85 0.85 0.85 0.85 0.85 0.85 0.85 0.85 0.85 0.85 0.85 0.85 0.85 0.85 0.85 0.85 
TS45 0.85 0.85 0.85 0.85 0.85 0.85 0.85 0.85 0.85 0.85 0.85 0.85 0.85 0.85 0.85 0.85 0.85 0.85 0.85 0.85 0.85 0.85 0.85 0.85 0.85 0.85 0.85 0.85 0.85 0.85 0.85 0.85 
TS46 0.85 0.85 0.85 0.85 0.85 0.85 0.85 0.85 0.85 0.85 0.85 0.85 0.85 0.85 0.85 0.85 0.85 0.85 0.85 0.85 0.85 0.85 0.85 0.85 0.85 0.85 0.85 0.85 0.85 0.85 0.85 0.85 
TS47 0.85 0.85 0.85 0.85 0.85 0.85 0.85 0.85 0.85 0.85 0.85 0.85 0.85 0.85 0.85 0.85 0.85 0.85 0.85 0.85 0.85 0.85 0.85 0.85 0.85 0.85 0.85 0.85 0.85 0.85 0.85 0.85 
TS48 0.85 0.85 0.85 0.85 0.85 0.85 0.85 0.85 0.85 0.85 0.85 0.85 0.85 0.85 0.85 0.85 0.85 0.85 0.85 0.85 0.85 0.85 0.85 0.85 0.85 0.85 0.85 0.85 0.85 0.85 0.85 0.85 
[RE1,IMPELC002,*,*]:
2019 2020 2021 2022 2023 2024 2025 2026 2027 2028 2029 2030 2031 2032 2033 2034 2035 2036 2037 2038 2039 2040 2041 2042 2043 2044 2045 2046 2047 2048 2049 2050 :=
TS01 0.85 0.85 0.85 0.85 0.85 0.85 0.85 0.85 0.85 0.85 0.85 0.85 0.85 0.85 0.85 0.85 0.85 0.85 0.85 0.85 0.85 0.85 0.85 0.85 0.85 0.85 0.85 0.85 0.85 0.85 0.85 0.85 
TS02 0.85 0.85 0.85 0.85 0.85 0.85 0.85 0.85 0.85 0.85 0.85 0.85 0.85 0.85 0.85 0.85 0.85 0.85 0.85 0.85 0.85 0.85 0.85 0.85 0.85 0.85 0.85 0.85 0.85 0.85 0.85 0.85 
TS03 0.85 0.85 0.85 0.85 0.85 0.85 0.85 0.85 0.85 0.85 0.85 0.85 0.85 0.85 0.85 0.85 0.85 0.85 0.85 0.85 0.85 0.85 0.85 0.85 0.85 0.85 0.85 0.85 0.85 0.85 0.85 0.85 
TS04 0.85 0.85 0.85 0.85 0.85 0.85 0.85 0.85 0.85 0.85 0.85 0.85 0.85 0.85 0.85 0.85 0.85 0.85 0.85 0.85 0.85 0.85 0.85 0.85 0.85 0.85 0.85 0.85 0.85 0.85 0.85 0.85 
TS05 0.85 0.85 0.85 0.85 0.85 0.85 0.85 0.85 0.85 0.85 0.85 0.85 0.85 0.85 0.85 0.85 0.85 0.85 0.85 0.85 0.85 0.85 0.85 0.85 0.85 0.85 0.85 0.85 0.85 0.85 0.85 0.85 
TS06 0.85 0.85 0.85 0.85 0.85 0.85 0.85 0.85 0.85 0.85 0.85 0.85 0.85 0.85 0.85 0.85 0.85 0.85 0.85 0.85 0.85 0.85 0.85 0.85 0.85 0.85 0.85 0.85 0.85 0.85 0.85 0.85 
TS07 0.85 0.85 0.85 0.85 0.85 0.85 0.85 0.85 0.85 0.85 0.85 0.85 0.85 0.85 0.85 0.85 0.85 0.85 0.85 0.85 0.85 0.85 0.85 0.85 0.85 0.85 0.85 0.85 0.85 0.85 0.85 0.85 
TS08 0.85 0.85 0.85 0.85 0.85 0.85 0.85 0.85 0.85 0.85 0.85 0.85 0.85 0.85 0.85 0.85 0.85 0.85 0.85 0.85 0.85 0.85 0.85 0.85 0.85 0.85 0.85 0.85 0.85 0.85 0.85 0.85 
TS09 0.85 0.85 0.85 0.85 0.85 0.85 0.85 0.85 0.85 0.85 0.85 0.85 0.85 0.85 0.85 0.85 0.85 0.85 0.85 0.85 0.85 0.85 0.85 0.85 0.85 0.85 0.85 0.85 0.85 0.85 0.85 0.85 
TS10 0.85 0.85 0.85 0.85 0.85 0.85 0.85 0.85 0.85 0.85 0.85 0.85 0.85 0.85 0.85 0.85 0.85 0.85 0.85 0.85 0.85 0.85 0.85 0.85 0.85 0.85 0.85 0.85 0.85 0.85 0.85 0.85 
TS11 0.85 0.85 0.85 0.85 0.85 0.85 0.85 0.85 0.85 0.85 0.85 0.85 0.85 0.85 0.85 0.85 0.85 0.85 0.85 0.85 0.85 0.85 0.85 0.85 0.85 0.85 0.85 0.85 0.85 0.85 0.85 0.85 
TS12 0.85 0.85 0.85 0.85 0.85 0.85 0.85 0.85 0.85 0.85 0.85 0.85 0.85 0.85 0.85 0.85 0.85 0.85 0.85 0.85 0.85 0.85 0.85 0.85 0.85 0.85 0.85 0.85 0.85 0.85 0.85 0.85 
TS13 0.85 0.85 0.85 0.85 0.85 0.85 0.85 0.85 0.85 0.85 0.85 0.85 0.85 0.85 0.85 0.85 0.85 0.85 0.85 0.85 0.85 0.85 0.85 0.85 0.85 0.85 0.85 0.85 0.85 0.85 0.85 0.85 
TS14 0.85 0.85 0.85 0.85 0.85 0.85 0.85 0.85 0.85 0.85 0.85 0.85 0.85 0.85 0.85 0.85 0.85 0.85 0.85 0.85 0.85 0.85 0.85 0.85 0.85 0.85 0.85 0.85 0.85 0.85 0.85 0.85 
TS15 0.85 0.85 0.85 0.85 0.85 0.85 0.85 0.85 0.85 0.85 0.85 0.85 0.85 0.85 0.85 0.85 0.85 0.85 0.85 0.85 0.85 0.85 0.85 0.85 0.85 0.85 0.85 0.85 0.85 0.85 0.85 0.85 
TS16 0.85 0.85 0.85 0.85 0.85 0.85 0.85 0.85 0.85 0.85 0.85 0.85 0.85 0.85 0.85 0.85 0.85 0.85 0.85 0.85 0.85 0.85 0.85 0.85 0.85 0.85 0.85 0.85 0.85 0.85 0.85 0.85 
TS17 0.85 0.85 0.85 0.85 0.85 0.85 0.85 0.85 0.85 0.85 0.85 0.85 0.85 0.85 0.85 0.85 0.85 0.85 0.85 0.85 0.85 0.85 0.85 0.85 0.85 0.85 0.85 0.85 0.85 0.85 0.85 0.85 
TS18 0.85 0.85 0.85 0.85 0.85 0.85 0.85 0.85 0.85 0.85 0.85 0.85 0.85 0.85 0.85 0.85 0.85 0.85 0.85 0.85 0.85 0.85 0.85 0.85 0.85 0.85 0.85 0.85 0.85 0.85 0.85 0.85 
TS19 0.85 0.85 0.85 0.85 0.85 0.85 0.85 0.85 0.85 0.85 0.85 0.85 0.85 0.85 0.85 0.85 0.85 0.85 0.85 0.85 0.85 0.85 0.85 0.85 0.85 0.85 0.85 0.85 0.85 0.85 0.85 0.85 
TS20 0.85 0.85 0.85 0.85 0.85 0.85 0.85 0.85 0.85 0.85 0.85 0.85 0.85 0.85 0.85 0.85 0.85 0.85 0.85 0.85 0.85 0.85 0.85 0.85 0.85 0.85 0.85 0.85 0.85 0.85 0.85 0.85 
TS21 0.85 0.85 0.85 0.85 0.85 0.85 0.85 0.85 0.85 0.85 0.85 0.85 0.85 0.85 0.85 0.85 0.85 0.85 0.85 0.85 0.85 0.85 0.85 0.85 0.85 0.85 0.85 0.85 0.85 0.85 0.85 0.85 
TS22 0.85 0.85 0.85 0.85 0.85 0.85 0.85 0.85 0.85 0.85 0.85 0.85 0.85 0.85 0.85 0.85 0.85 0.85 0.85 0.85 0.85 0.85 0.85 0.85 0.85 0.85 0.85 0.85 0.85 0.85 0.85 0.85 
TS23 0.85 0.85 0.85 0.85 0.85 0.85 0.85 0.85 0.85 0.85 0.85 0.85 0.85 0.85 0.85 0.85 0.85 0.85 0.85 0.85 0.85 0.85 0.85 0.85 0.85 0.85 0.85 0.85 0.85 0.85 0.85 0.85 
TS24 0.85 0.85 0.85 0.85 0.85 0.85 0.85 0.85 0.85 0.85 0.85 0.85 0.85 0.85 0.85 0.85 0.85 0.85 0.85 0.85 0.85 0.85 0.85 0.85 0.85 0.85 0.85 0.85 0.85 0.85 0.85 0.85 
TS25 0.85 0.85 0.85 0.85 0.85 0.85 0.85 0.85 0.85 0.85 0.85 0.85 0.85 0.85 0.85 0.85 0.85 0.85 0.85 0.85 0.85 0.85 0.85 0.85 0.85 0.85 0.85 0.85 0.85 0.85 0.85 0.85 
TS26 0.85 0.85 0.85 0.85 0.85 0.85 0.85 0.85 0.85 0.85 0.85 0.85 0.85 0.85 0.85 0.85 0.85 0.85 0.85 0.85 0.85 0.85 0.85 0.85 0.85 0.85 0.85 0.85 0.85 0.85 0.85 0.85 
TS27 0.85 0.85 0.85 0.85 0.85 0.85 0.85 0.85 0.85 0.85 0.85 0.85 0.85 0.85 0.85 0.85 0.85 0.85 0.85 0.85 0.85 0.85 0.85 0.85 0.85 0.85 0.85 0.85 0.85 0.85 0.85 0.85 
TS28 0.85 0.85 0.85 0.85 0.85 0.85 0.85 0.85 0.85 0.85 0.85 0.85 0.85 0.85 0.85 0.85 0.85 0.85 0.85 0.85 0.85 0.85 0.85 0.85 0.85 0.85 0.85 0.85 0.85 0.85 0.85 0.85 
TS29 0.85 0.85 0.85 0.85 0.85 0.85 0.85 0.85 0.85 0.85 0.85 0.85 0.85 0.85 0.85 0.85 0.85 0.85 0.85 0.85 0.85 0.85 0.85 0.85 0.85 0.85 0.85 0.85 0.85 0.85 0.85 0.85 
TS30 0.85 0.85 0.85 0.85 0.85 0.85 0.85 0.85 0.85 0.85 0.85 0.85 0.85 0.85 0.85 0.85 0.85 0.85 0.85 0.85 0.85 0.85 0.85 0.85 0.85 0.85 0.85 0.85 0.85 0.85 0.85 0.85 
TS31 0.85 0.85 0.85 0.85 0.85 0.85 0.85 0.85 0.85 0.85 0.85 0.85 0.85 0.85 0.85 0.85 0.85 0.85 0.85 0.85 0.85 0.85 0.85 0.85 0.85 0.85 0.85 0.85 0.85 0.85 0.85 0.85 
TS32 0.85 0.85 0.85 0.85 0.85 0.85 0.85 0.85 0.85 0.85 0.85 0.85 0.85 0.85 0.85 0.85 0.85 0.85 0.85 0.85 0.85 0.85 0.85 0.85 0.85 0.85 0.85 0.85 0.85 0.85 0.85 0.85 
TS33 0.85 0.85 0.85 0.85 0.85 0.85 0.85 0.85 0.85 0.85 0.85 0.85 0.85 0.85 0.85 0.85 0.85 0.85 0.85 0.85 0.85 0.85 0.85 0.85 0.85 0.85 0.85 0.85 0.85 0.85 0.85 0.85 
TS34 0.85 0.85 0.85 0.85 0.85 0.85 0.85 0.85 0.85 0.85 0.85 0.85 0.85 0.85 0.85 0.85 0.85 0.85 0.85 0.85 0.85 0.85 0.85 0.85 0.85 0.85 0.85 0.85 0.85 0.85 0.85 0.85 
TS35 0.85 0.85 0.85 0.85 0.85 0.85 0.85 0.85 0.85 0.85 0.85 0.85 0.85 0.85 0.85 0.85 0.85 0.85 0.85 0.85 0.85 0.85 0.85 0.85 0.85 0.85 0.85 0.85 0.85 0.85 0.85 0.85 
TS36 0.85 0.85 0.85 0.85 0.85 0.85 0.85 0.85 0.85 0.85 0.85 0.85 0.85 0.85 0.85 0.85 0.85 0.85 0.85 0.85 0.85 0.85 0.85 0.85 0.85 0.85 0.85 0.85 0.85 0.85 0.85 0.85 
TS37 0.85 0.85 0.85 0.85 0.85 0.85 0.85 0.85 0.85 0.85 0.85 0.85 0.85 0.85 0.85 0.85 0.85 0.85 0.85 0.85 0.85 0.85 0.85 0.85 0.85 0.85 0.85 0.85 0.85 0.85 0.85 0.85 
TS38 0.85 0.85 0.85 0.85 0.85 0.85 0.85 0.85 0.85 0.85 0.85 0.85 0.85 0.85 0.85 0.85 0.85 0.85 0.85 0.85 0.85 0.85 0.85 0.85 0.85 0.85 0.85 0.85 0.85 0.85 0.85 0.85 
TS39 0.85 0.85 0.85 0.85 0.85 0.85 0.85 0.85 0.85 0.85 0.85 0.85 0.85 0.85 0.85 0.85 0.85 0.85 0.85 0.85 0.85 0.85 0.85 0.85 0.85 0.85 0.85 0.85 0.85 0.85 0.85 0.85 
TS40 0.85 0.85 0.85 0.85 0.85 0.85 0.85 0.85 0.85 0.85 0.85 0.85 0.85 0.85 0.85 0.85 0.85 0.85 0.85 0.85 0.85 0.85 0.85 0.85 0.85 0.85 0.85 0.85 0.85 0.85 0.85 0.85 
TS41 0.85 0.85 0.85 0.85 0.85 0.85 0.85 0.85 0.85 0.85 0.85 0.85 0.85 0.85 0.85 0.85 0.85 0.85 0.85 0.85 0.85 0.85 0.85 0.85 0.85 0.85 0.85 0.85 0.85 0.85 0.85 0.85 
TS42 0.85 0.85 0.85 0.85 0.85 0.85 0.85 0.85 0.85 0.85 0.85 0.85 0.85 0.85 0.85 0.85 0.85 0.85 0.85 0.85 0.85 0.85 0.85 0.85 0.85 0.85 0.85 0.85 0.85 0.85 0.85 0.85 
TS43 0.85 0.85 0.85 0.85 0.85 0.85 0.85 0.85 0.85 0.85 0.85 0.85 0.85 0.85 0.85 0.85 0.85 0.85 0.85 0.85 0.85 0.85 0.85 0.85 0.85 0.85 0.85 0.85 0.85 0.85 0.85 0.85 
TS44 0.85 0.85 0.85 0.85 0.85 0.85 0.85 0.85 0.85 0.85 0.85 0.85 0.85 0.85 0.85 0.85 0.85 0.85 0.85 0.85 0.85 0.85 0.85 0.85 0.85 0.85 0.85 0.85 0.85 0.85 0.85 0.85 
TS45 0.85 0.85 0.85 0.85 0.85 0.85 0.85 0.85 0.85 0.85 0.85 0.85 0.85 0.85 0.85 0.85 0.85 0.85 0.85 0.85 0.85 0.85 0.85 0.85 0.85 0.85 0.85 0.85 0.85 0.85 0.85 0.85 
TS46 0.85 0.85 0.85 0.85 0.85 0.85 0.85 0.85 0.85 0.85 0.85 0.85 0.85 0.85 0.85 0.85 0.85 0.85 0.85 0.85 0.85 0.85 0.85 0.85 0.85 0.85 0.85 0.85 0.85 0.85 0.85 0.85 
TS47 0.85 0.85 0.85 0.85 0.85 0.85 0.85 0.85 0.85 0.85 0.85 0.85 0.85 0.85 0.85 0.85 0.85 0.85 0.85 0.85 0.85 0.85 0.85 0.85 0.85 0.85 0.85 0.85 0.85 0.85 0.85 0.85 
TS48 0.85 0.85 0.85 0.85 0.85 0.85 0.85 0.85 0.85 0.85 0.85 0.85 0.85 0.85 0.85 0.85 0.85 0.85 0.85 0.85 0.85 0.85 0.85 0.85 0.85 0.85 0.85 0.85 0.85 0.85 0.85 0.85 
[RE1,PWRBIO001,*,*]:
2019 2020 2021 2022 2023 2024 2025 2026 2027 2028 2029 2030 2031 2032 2033 2034 2035 2036 2037 2038 2039 2040 2041 2042 2043 2044 2045 2046 2047 2048 2049 2050 :=
TS01 0.5 0.5 0.5 0.5 0.5 0.5 0.5 0.5 0.5 0.5 0.5 0.5 0.5 0.5 0.5 0.5 0.5 0.5 0.5 0.5 0.5 0.5 0.5 0.5 0.5 0.5 0.5 0.5 0.5 0.5 0.5 0.5 
TS02 0.5 0.5 0.5 0.5 0.5 0.5 0.5 0.5 0.5 0.5 0.5 0.5 0.5 0.5 0.5 0.5 0.5 0.5 0.5 0.5 0.5 0.5 0.5 0.5 0.5 0.5 0.5 0.5 0.5 0.5 0.5 0.5 
TS03 0.5 0.5 0.5 0.5 0.5 0.5 0.5 0.5 0.5 0.5 0.5 0.5 0.5 0.5 0.5 0.5 0.5 0.5 0.5 0.5 0.5 0.5 0.5 0.5 0.5 0.5 0.5 0.5 0.5 0.5 0.5 0.5 
TS04 0.5 0.5 0.5 0.5 0.5 0.5 0.5 0.5 0.5 0.5 0.5 0.5 0.5 0.5 0.5 0.5 0.5 0.5 0.5 0.5 0.5 0.5 0.5 0.5 0.5 0.5 0.5 0.5 0.5 0.5 0.5 0.5 
TS05 0.5 0.5 0.5 0.5 0.5 0.5 0.5 0.5 0.5 0.5 0.5 0.5 0.5 0.5 0.5 0.5 0.5 0.5 0.5 0.5 0.5 0.5 0.5 0.5 0.5 0.5 0.5 0.5 0.5 0.5 0.5 0.5 
TS06 0.5 0.5 0.5 0.5 0.5 0.5 0.5 0.5 0.5 0.5 0.5 0.5 0.5 0.5 0.5 0.5 0.5 0.5 0.5 0.5 0.5 0.5 0.5 0.5 0.5 0.5 0.5 0.5 0.5 0.5 0.5 0.5 
TS07 0.5 0.5 0.5 0.5 0.5 0.5 0.5 0.5 0.5 0.5 0.5 0.5 0.5 0.5 0.5 0.5 0.5 0.5 0.5 0.5 0.5 0.5 0.5 0.5 0.5 0.5 0.5 0.5 0.5 0.5 0.5 0.5 
TS08 0.5 0.5 0.5 0.5 0.5 0.5 0.5 0.5 0.5 0.5 0.5 0.5 0.5 0.5 0.5 0.5 0.5 0.5 0.5 0.5 0.5 0.5 0.5 0.5 0.5 0.5 0.5 0.5 0.5 0.5 0.5 0.5 
TS09 0.5 0.5 0.5 0.5 0.5 0.5 0.5 0.5 0.5 0.5 0.5 0.5 0.5 0.5 0.5 0.5 0.5 0.5 0.5 0.5 0.5 0.5 0.5 0.5 0.5 0.5 0.5 0.5 0.5 0.5 0.5 0.5 
TS10 0.5 0.5 0.5 0.5 0.5 0.5 0.5 0.5 0.5 0.5 0.5 0.5 0.5 0.5 0.5 0.5 0.5 0.5 0.5 0.5 0.5 0.5 0.5 0.5 0.5 0.5 0.5 0.5 0.5 0.5 0.5 0.5 
TS11 0.5 0.5 0.5 0.5 0.5 0.5 0.5 0.5 0.5 0.5 0.5 0.5 0.5 0.5 0.5 0.5 0.5 0.5 0.5 0.5 0.5 0.5 0.5 0.5 0.5 0.5 0.5 0.5 0.5 0.5 0.5 0.5 
TS12 0.5 0.5 0.5 0.5 0.5 0.5 0.5 0.5 0.5 0.5 0.5 0.5 0.5 0.5 0.5 0.5 0.5 0.5 0.5 0.5 0.5 0.5 0.5 0.5 0.5 0.5 0.5 0.5 0.5 0.5 0.5 0.5 
TS13 0.5 0.5 0.5 0.5 0.5 0.5 0.5 0.5 0.5 0.5 0.5 0.5 0.5 0.5 0.5 0.5 0.5 0.5 0.5 0.5 0.5 0.5 0.5 0.5 0.5 0.5 0.5 0.5 0.5 0.5 0.5 0.5 
TS14 0.5 0.5 0.5 0.5 0.5 0.5 0.5 0.5 0.5 0.5 0.5 0.5 0.5 0.5 0.5 0.5 0.5 0.5 0.5 0.5 0.5 0.5 0.5 0.5 0.5 0.5 0.5 0.5 0.5 0.5 0.5 0.5 
TS15 0.5 0.5 0.5 0.5 0.5 0.5 0.5 0.5 0.5 0.5 0.5 0.5 0.5 0.5 0.5 0.5 0.5 0.5 0.5 0.5 0.5 0.5 0.5 0.5 0.5 0.5 0.5 0.5 0.5 0.5 0.5 0.5 
TS16 0.5 0.5 0.5 0.5 0.5 0.5 0.5 0.5 0.5 0.5 0.5 0.5 0.5 0.5 0.5 0.5 0.5 0.5 0.5 0.5 0.5 0.5 0.5 0.5 0.5 0.5 0.5 0.5 0.5 0.5 0.5 0.5 
TS17 0.5 0.5 0.5 0.5 0.5 0.5 0.5 0.5 0.5 0.5 0.5 0.5 0.5 0.5 0.5 0.5 0.5 0.5 0.5 0.5 0.5 0.5 0.5 0.5 0.5 0.5 0.5 0.5 0.5 0.5 0.5 0.5 
TS18 0.5 0.5 0.5 0.5 0.5 0.5 0.5 0.5 0.5 0.5 0.5 0.5 0.5 0.5 0.5 0.5 0.5 0.5 0.5 0.5 0.5 0.5 0.5 0.5 0.5 0.5 0.5 0.5 0.5 0.5 0.5 0.5 
TS19 0.5 0.5 0.5 0.5 0.5 0.5 0.5 0.5 0.5 0.5 0.5 0.5 0.5 0.5 0.5 0.5 0.5 0.5 0.5 0.5 0.5 0.5 0.5 0.5 0.5 0.5 0.5 0.5 0.5 0.5 0.5 0.5 
TS20 0.5 0.5 0.5 0.5 0.5 0.5 0.5 0.5 0.5 0.5 0.5 0.5 0.5 0.5 0.5 0.5 0.5 0.5 0.5 0.5 0.5 0.5 0.5 0.5 0.5 0.5 0.5 0.5 0.5 0.5 0.5 0.5 
TS21 0.5 0.5 0.5 0.5 0.5 0.5 0.5 0.5 0.5 0.5 0.5 0.5 0.5 0.5 0.5 0.5 0.5 0.5 0.5 0.5 0.5 0.5 0.5 0.5 0.5 0.5 0.5 0.5 0.5 0.5 0.5 0.5 
TS22 0.5 0.5 0.5 0.5 0.5 0.5 0.5 0.5 0.5 0.5 0.5 0.5 0.5 0.5 0.5 0.5 0.5 0.5 0.5 0.5 0.5 0.5 0.5 0.5 0.5 0.5 0.5 0.5 0.5 0.5 0.5 0.5 
TS23 0.5 0.5 0.5 0.5 0.5 0.5 0.5 0.5 0.5 0.5 0.5 0.5 0.5 0.5 0.5 0.5 0.5 0.5 0.5 0.5 0.5 0.5 0.5 0.5 0.5 0.5 0.5 0.5 0.5 0.5 0.5 0.5 
TS24 0.5 0.5 0.5 0.5 0.5 0.5 0.5 0.5 0.5 0.5 0.5 0.5 0.5 0.5 0.5 0.5 0.5 0.5 0.5 0.5 0.5 0.5 0.5 0.5 0.5 0.5 0.5 0.5 0.5 0.5 0.5 0.5 
TS25 0.5 0.5 0.5 0.5 0.5 0.5 0.5 0.5 0.5 0.5 0.5 0.5 0.5 0.5 0.5 0.5 0.5 0.5 0.5 0.5 0.5 0.5 0.5 0.5 0.5 0.5 0.5 0.5 0.5 0.5 0.5 0.5 
TS26 0.5 0.5 0.5 0.5 0.5 0.5 0.5 0.5 0.5 0.5 0.5 0.5 0.5 0.5 0.5 0.5 0.5 0.5 0.5 0.5 0.5 0.5 0.5 0.5 0.5 0.5 0.5 0.5 0.5 0.5 0.5 0.5 
TS27 0.5 0.5 0.5 0.5 0.5 0.5 0.5 0.5 0.5 0.5 0.5 0.5 0.5 0.5 0.5 0.5 0.5 0.5 0.5 0.5 0.5 0.5 0.5 0.5 0.5 0.5 0.5 0.5 0.5 0.5 0.5 0.5 
TS28 0.5 0.5 0.5 0.5 0.5 0.5 0.5 0.5 0.5 0.5 0.5 0.5 0.5 0.5 0.5 0.5 0.5 0.5 0.5 0.5 0.5 0.5 0.5 0.5 0.5 0.5 0.5 0.5 0.5 0.5 0.5 0.5 
TS29 0.5 0.5 0.5 0.5 0.5 0.5 0.5 0.5 0.5 0.5 0.5 0.5 0.5 0.5 0.5 0.5 0.5 0.5 0.5 0.5 0.5 0.5 0.5 0.5 0.5 0.5 0.5 0.5 0.5 0.5 0.5 0.5 
TS30 0.5 0.5 0.5 0.5 0.5 0.5 0.5 0.5 0.5 0.5 0.5 0.5 0.5 0.5 0.5 0.5 0.5 0.5 0.5 0.5 0.5 0.5 0.5 0.5 0.5 0.5 0.5 0.5 0.5 0.5 0.5 0.5 
TS31 0.5 0.5 0.5 0.5 0.5 0.5 0.5 0.5 0.5 0.5 0.5 0.5 0.5 0.5 0.5 0.5 0.5 0.5 0.5 0.5 0.5 0.5 0.5 0.5 0.5 0.5 0.5 0.5 0.5 0.5 0.5 0.5 
TS32 0.5 0.5 0.5 0.5 0.5 0.5 0.5 0.5 0.5 0.5 0.5 0.5 0.5 0.5 0.5 0.5 0.5 0.5 0.5 0.5 0.5 0.5 0.5 0.5 0.5 0.5 0.5 0.5 0.5 0.5 0.5 0.5 
TS33 0.5 0.5 0.5 0.5 0.5 0.5 0.5 0.5 0.5 0.5 0.5 0.5 0.5 0.5 0.5 0.5 0.5 0.5 0.5 0.5 0.5 0.5 0.5 0.5 0.5 0.5 0.5 0.5 0.5 0.5 0.5 0.5 
TS34 0.5 0.5 0.5 0.5 0.5 0.5 0.5 0.5 0.5 0.5 0.5 0.5 0.5 0.5 0.5 0.5 0.5 0.5 0.5 0.5 0.5 0.5 0.5 0.5 0.5 0.5 0.5 0.5 0.5 0.5 0.5 0.5 
TS35 0.5 0.5 0.5 0.5 0.5 0.5 0.5 0.5 0.5 0.5 0.5 0.5 0.5 0.5 0.5 0.5 0.5 0.5 0.5 0.5 0.5 0.5 0.5 0.5 0.5 0.5 0.5 0.5 0.5 0.5 0.5 0.5 
TS36 0.5 0.5 0.5 0.5 0.5 0.5 0.5 0.5 0.5 0.5 0.5 0.5 0.5 0.5 0.5 0.5 0.5 0.5 0.5 0.5 0.5 0.5 0.5 0.5 0.5 0.5 0.5 0.5 0.5 0.5 0.5 0.5 
TS37 0.5 0.5 0.5 0.5 0.5 0.5 0.5 0.5 0.5 0.5 0.5 0.5 0.5 0.5 0.5 0.5 0.5 0.5 0.5 0.5 0.5 0.5 0.5 0.5 0.5 0.5 0.5 0.5 0.5 0.5 0.5 0.5 
TS38 0.5 0.5 0.5 0.5 0.5 0.5 0.5 0.5 0.5 0.5 0.5 0.5 0.5 0.5 0.5 0.5 0.5 0.5 0.5 0.5 0.5 0.5 0.5 0.5 0.5 0.5 0.5 0.5 0.5 0.5 0.5 0.5 
TS39 0.5 0.5 0.5 0.5 0.5 0.5 0.5 0.5 0.5 0.5 0.5 0.5 0.5 0.5 0.5 0.5 0.5 0.5 0.5 0.5 0.5 0.5 0.5 0.5 0.5 0.5 0.5 0.5 0.5 0.5 0.5 0.5 
TS40 0.5 0.5 0.5 0.5 0.5 0.5 0.5 0.5 0.5 0.5 0.5 0.5 0.5 0.5 0.5 0.5 0.5 0.5 0.5 0.5 0.5 0.5 0.5 0.5 0.5 0.5 0.5 0.5 0.5 0.5 0.5 0.5 
TS41 0.5 0.5 0.5 0.5 0.5 0.5 0.5 0.5 0.5 0.5 0.5 0.5 0.5 0.5 0.5 0.5 0.5 0.5 0.5 0.5 0.5 0.5 0.5 0.5 0.5 0.5 0.5 0.5 0.5 0.5 0.5 0.5 
TS42 0.5 0.5 0.5 0.5 0.5 0.5 0.5 0.5 0.5 0.5 0.5 0.5 0.5 0.5 0.5 0.5 0.5 0.5 0.5 0.5 0.5 0.5 0.5 0.5 0.5 0.5 0.5 0.5 0.5 0.5 0.5 0.5 
TS43 0.5 0.5 0.5 0.5 0.5 0.5 0.5 0.5 0.5 0.5 0.5 0.5 0.5 0.5 0.5 0.5 0.5 0.5 0.5 0.5 0.5 0.5 0.5 0.5 0.5 0.5 0.5 0.5 0.5 0.5 0.5 0.5 
TS44 0.5 0.5 0.5 0.5 0.5 0.5 0.5 0.5 0.5 0.5 0.5 0.5 0.5 0.5 0.5 0.5 0.5 0.5 0.5 0.5 0.5 0.5 0.5 0.5 0.5 0.5 0.5 0.5 0.5 0.5 0.5 0.5 
TS45 0.5 0.5 0.5 0.5 0.5 0.5 0.5 0.5 0.5 0.5 0.5 0.5 0.5 0.5 0.5 0.5 0.5 0.5 0.5 0.5 0.5 0.5 0.5 0.5 0.5 0.5 0.5 0.5 0.5 0.5 0.5 0.5 
TS46 0.5 0.5 0.5 0.5 0.5 0.5 0.5 0.5 0.5 0.5 0.5 0.5 0.5 0.5 0.5 0.5 0.5 0.5 0.5 0.5 0.5 0.5 0.5 0.5 0.5 0.5 0.5 0.5 0.5 0.5 0.5 0.5 
TS47 0.5 0.5 0.5 0.5 0.5 0.5 0.5 0.5 0.5 0.5 0.5 0.5 0.5 0.5 0.5 0.5 0.5 0.5 0.5 0.5 0.5 0.5 0.5 0.5 0.5 0.5 0.5 0.5 0.5 0.5 0.5 0.5 
TS48 0.5 0.5 0.5 0.5 0.5 0.5 0.5 0.5 0.5 0.5 0.5 0.5 0.5 0.5 0.5 0.5 0.5 0.5 0.5 0.5 0.5 0.5 0.5 0.5 0.5 0.5 0.5 0.5 0.5 0.5 0.5 0.5 
[RE1,PWRHYD001,*,*]:
2019 2020 2021 2022 2023 2024 2025 2026 2027 2028 2029 2030 2031 2032 2033 2034 2035 2036 2037 2038 2039 2040 2041 2042 2043 2044 2045 2046 2047 2048 2049 2050 :=
TS01 0.336 0.336 0.336 0.336 0.336 0.336 0.336 0.336 0.336 0.336 0.336 0.336 0.336 0.336 0.336 0.336 0.336 0.336 0.336 0.336 0.336 0.336 0.336 0.336 0.336 0.336 0.336 0.336 0.336 0.336 0.336 0.336 
TS02 0.336 0.336 0.336 0.336 0.336 0.336 0.336 0.336 0.336 0.336 0.336 0.336 0.336 0.336 0.336 0.336 0.336 0.336 0.336 0.336 0.336 0.336 0.336 0.336 0.336 0.336 0.336 0.336 0.336 0.336 0.336 0.336 
TS03 0.336 0.336 0.336 0.336 0.336 0.336 0.336 0.336 0.336 0.336 0.336 0.336 0.336 0.336 0.336 0.336 0.336 0.336 0.336 0.336 0.336 0.336 0.336 0.336 0.336 0.336 0.336 0.336 0.336 0.336 0.336 0.336 
TS04 0.336 0.336 0.336 0.336 0.336 0.336 0.336 0.336 0.336 0.336 0.336 0.336 0.336 0.336 0.336 0.336 0.336 0.336 0.336 0.336 0.336 0.336 0.336 0.336 0.336 0.336 0.336 0.336 0.336 0.336 0.336 0.336 
TS05 0.336 0.336 0.336 0.336 0.336 0.336 0.336 0.336 0.336 0.336 0.336 0.336 0.336 0.336 0.336 0.336 0.336 0.336 0.336 0.336 0.336 0.336 0.336 0.336 0.336 0.336 0.336 0.336 0.336 0.336 0.336 0.336 
TS06 0.336 0.336 0.336 0.336 0.336 0.336 0.336 0.336 0.336 0.336 0.336 0.336 0.336 0.336 0.336 0.336 0.336 0.336 0.336 0.336 0.336 0.336 0.336 0.336 0.336 0.336 0.336 0.336 0.336 0.336 0.336 0.336 
TS07 0.336 0.336 0.336 0.336 0.336 0.336 0.336 0.336 0.336 0.336 0.336 0.336 0.336 0.336 0.336 0.336 0.336 0.336 0.336 0.336 0.336 0.336 0.336 0.336 0.336 0.336 0.336 0.336 0.336 0.336 0.336 0.336 
TS08 0.336 0.336 0.336 0.336 0.336 0.336 0.336 0.336 0.336 0.336 0.336 0.336 0.336 0.336 0.336 0.336 0.336 0.336 0.336 0.336 0.336 0.336 0.336 0.336 0.336 0.336 0.336 0.336 0.336 0.336 0.336 0.336 
TS09 0.336 0.336 0.336 0.336 0.336 0.336 0.336 0.336 0.336 0.336 0.336 0.336 0.336 0.336 0.336 0.336 0.336 0.336 0.336 0.336 0.336 0.336 0.336 0.336 0.336 0.336 0.336 0.336 0.336 0.336 0.336 0.336 
TS10 0.336 0.336 0.336 0.336 0.336 0.336 0.336 0.336 0.336 0.336 0.336 0.336 0.336 0.336 0.336 0.336 0.336 0.336 0.336 0.336 0.336 0.336 0.336 0.336 0.336 0.336 0.336 0.336 0.336 0.336 0.336 0.336 
TS11 0.336 0.336 0.336 0.336 0.336 0.336 0.336 0.336 0.336 0.336 0.336 0.336 0.336 0.336 0.336 0.336 0.336 0.336 0.336 0.336 0.336 0.336 0.336 0.336 0.336 0.336 0.336 0.336 0.336 0.336 0.336 0.336 
TS12 0.336 0.336 0.336 0.336 0.336 0.336 0.336 0.336 0.336 0.336 0.336 0.336 0.336 0.336 0.336 0.336 0.336 0.336 0.336 0.336 0.336 0.336 0.336 0.336 0.336 0.336 0.336 0.336 0.336 0.336 0.336 0.336 
TS13 0.7873 0.7873 0.7873 0.7873 0.7873 0.7873 0.7873 0.7873 0.7873 0.7873 0.7873 0.7873 0.7873 0.7873 0.7873 0.7873 0.7873 0.7873 0.7873 0.7873 0.7873 0.7873 0.7873 0.7873 0.7873 0.7873 0.7873 0.7873 0.7873 0.7873 0.7873 0.7873 
TS14 0.7873 0.7873 0.7873 0.7873 0.7873 0.7873 0.7873 0.7873 0.7873 0.7873 0.7873 0.7873 0.7873 0.7873 0.7873 0.7873 0.7873 0.7873 0.7873 0.7873 0.7873 0.7873 0.7873 0.7873 0.7873 0.7873 0.7873 0.7873 0.7873 0.7873 0.7873 0.7873 
TS15 0.7873 0.7873 0.7873 0.7873 0.7873 0.7873 0.7873 0.7873 0.7873 0.7873 0.7873 0.7873 0.7873 0.7873 0.7873 0.7873 0.7873 0.7873 0.7873 0.7873 0.7873 0.7873 0.7873 0.7873 0.7873 0.7873 0.7873 0.7873 0.7873 0.7873 0.7873 0.7873 
TS16 0.7873 0.7873 0.7873 0.7873 0.7873 0.7873 0.7873 0.7873 0.7873 0.7873 0.7873 0.7873 0.7873 0.7873 0.7873 0.7873 0.7873 0.7873 0.7873 0.7873 0.7873 0.7873 0.7873 0.7873 0.7873 0.7873 0.7873 0.7873 0.7873 0.7873 0.7873 0.7873 
TS17 0.7873 0.7873 0.7873 0.7873 0.7873 0.7873 0.7873 0.7873 0.7873 0.7873 0.7873 0.7873 0.7873 0.7873 0.7873 0.7873 0.7873 0.7873 0.7873 0.7873 0.7873 0.7873 0.7873 0.7873 0.7873 0.7873 0.7873 0.7873 0.7873 0.7873 0.7873 0.7873 
TS18 0.7873 0.7873 0.7873 0.7873 0.7873 0.7873 0.7873 0.7873 0.7873 0.7873 0.7873 0.7873 0.7873 0.7873 0.7873 0.7873 0.7873 0.7873 0.7873 0.7873 0.7873 0.7873 0.7873 0.7873 0.7873 0.7873 0.7873 0.7873 0.7873 0.7873 0.7873 0.7873 
TS19 0.7873 0.7873 0.7873 0.7873 0.7873 0.7873 0.7873 0.7873 0.7873 0.7873 0.7873 0.7873 0.7873 0.7873 0.7873 0.7873 0.7873 0.7873 0.7873 0.7873 0.7873 0.7873 0.7873 0.7873 0.7873 0.7873 0.7873 0.7873 0.7873 0.7873 0.7873 0.7873 
TS20 0.7873 0.7873 0.7873 0.7873 0.7873 0.7873 0.7873 0.7873 0.7873 0.7873 0.7873 0.7873 0.7873 0.7873 0.7873 0.7873 0.7873 0.7873 0.7873 0.7873 0.7873 0.7873 0.7873 0.7873 0.7873 0.7873 0.7873 0.7873 0.7873 0.7873 0.7873 0.7873 
TS21 0.7873 0.7873 0.7873 0.7873 0.7873 0.7873 0.7873 0.7873 0.7873 0.7873 0.7873 0.7873 0.7873 0.7873 0.7873 0.7873 0.7873 0.7873 0.7873 0.7873 0.7873 0.7873 0.7873 0.7873 0.7873 0.7873 0.7873 0.7873 0.7873 0.7873 0.7873 0.7873 
TS22 0.7873 0.7873 0.7873 0.7873 0.7873 0.7873 0.7873 0.7873 0.7873 0.7873 0.7873 0.7873 0.7873 0.7873 0.7873 0.7873 0.7873 0.7873 0.7873 0.7873 0.7873 0.7873 0.7873 0.7873 0.7873 0.7873 0.7873 0.7873 0.7873 0.7873 0.7873 0.7873 
TS23 0.7873 0.7873 0.7873 0.7873 0.7873 0.7873 0.7873 0.7873 0.7873 0.7873 0.7873 0.7873 0.7873 0.7873 0.7873 0.7873 0.7873 0.7873 0.7873 0.7873 0.7873 0.7873 0.7873 0.7873 0.7873 0.7873 0.7873 0.7873 0.7873 0.7873 0.7873 0.7873 
TS24 0.7873 0.7873 0.7873 0.7873 0.7873 0.7873 0.7873 0.7873 0.7873 0.7873 0.7873 0.7873 0.7873 0.7873 0.7873 0.7873 0.7873 0.7873 0.7873 0.7873 0.7873 0.7873 0.7873 0.7873 0.7873 0.7873 0.7873 0.7873 0.7873 0.7873 0.7873 0.7873 
TS25 0.8076 0.8076 0.8076 0.8076 0.8076 0.8076 0.8076 0.8076 0.8076 0.8076 0.8076 0.8076 0.8076 0.8076 0.8076 0.8076 0.8076 0.8076 0.8076 0.8076 0.8076 0.8076 0.8076 0.8076 0.8076 0.8076 0.8076 0.8076 0.8076 0.8076 0.8076 0.8076 
TS26 0.8076 0.8076 0.8076 0.8076 0.8076 0.8076 0.8076 0.8076 0.8076 0.8076 0.8076 0.8076 0.8076 0.8076 0.8076 0.8076 0.8076 0.8076 0.8076 0.8076 0.8076 0.8076 0.8076 0.8076 0.8076 0.8076 0.8076 0.8076 0.8076 0.8076 0.8076 0.8076 
TS27 0.8076 0.8076 0.8076 0.8076 0.8076 0.8076 0.8076 0.8076 0.8076 0.8076 0.8076 0.8076 0.8076 0.8076 0.8076 0.8076 0.8076 0.8076 0.8076 0.8076 0.8076 0.8076 0.8076 0.8076 0.8076 0.8076 0.8076 0.8076 0.8076 0.8076 0.8076 0.8076 
TS28 0.8076 0.8076 0.8076 0.8076 0.8076 0.8076 0.8076 0.8076 0.8076 0.8076 0.8076 0.8076 0.8076 0.8076 0.8076 0.8076 0.8076 0.8076 0.8076 0.8076 0.8076 0.8076 0.8076 0.8076 0.8076 0.8076 0.8076 0.8076 0.8076 0.8076 0.8076 0.8076 
TS29 0.8076 0.8076 0.8076 0.8076 0.8076 0.8076 0.8076 0.8076 0.8076 0.8076 0.8076 0.8076 0.8076 0.8076 0.8076 0.8076 0.8076 0.8076 0.8076 0.8076 0.8076 0.8076 0.8076 0.8076 0.8076 0.8076 0.8076 0.8076 0.8076 0.8076 0.8076 0.8076 
TS30 0.8076 0.8076 0.8076 0.8076 0.8076 0.8076 0.8076 0.8076 0.8076 0.8076 0.8076 0.8076 0.8076 0.8076 0.8076 0.8076 0.8076 0.8076 0.8076 0.8076 0.8076 0.8076 0.8076 0.8076 0.8076 0.8076 0.8076 0.8076 0.8076 0.8076 0.8076 0.8076 
TS31 0.8076 0.8076 0.8076 0.8076 0.8076 0.8076 0.8076 0.8076 0.8076 0.8076 0.8076 0.8076 0.8076 0.8076 0.8076 0.8076 0.8076 0.8076 0.8076 0.8076 0.8076 0.8076 0.8076 0.8076 0.8076 0.8076 0.8076 0.8076 0.8076 0.8076 0.8076 0.8076 
TS32 0.8076 0.8076 0.8076 0.8076 0.8076 0.8076 0.8076 0.8076 0.8076 0.8076 0.8076 0.8076 0.8076 0.8076 0.8076 0.8076 0.8076 0.8076 0.8076 0.8076 0.8076 0.8076 0.8076 0.8076 0.8076 0.8076 0.8076 0.8076 0.8076 0.8076 0.8076 0.8076 
TS33 0.8076 0.8076 0.8076 0.8076 0.8076 0.8076 0.8076 0.8076 0.8076 0.8076 0.8076 0.8076 0.8076 0.8076 0.8076 0.8076 0.8076 0.8076 0.8076 0.8076 0.8076 0.8076 0.8076 0.8076 0.8076 0.8076 0.8076 0.8076 0.8076 0.8076 0.8076 0.8076 
TS34 0.8076 0.8076 0.8076 0.8076 0.8076 0.8076 0.8076 0.8076 0.8076 0.8076 0.8076 0.8076 0.8076 0.8076 0.8076 0.8076 0.8076 0.8076 0.8076 0.8076 0.8076 0.8076 0.8076 0.8076 0.8076 0.8076 0.8076 0.8076 0.8076 0.8076 0.8076 0.8076 
TS35 0.8076 0.8076 0.8076 0.8076 0.8076 0.8076 0.8076 0.8076 0.8076 0.8076 0.8076 0.8076 0.8076 0.8076 0.8076 0.8076 0.8076 0.8076 0.8076 0.8076 0.8076 0.8076 0.8076 0.8076 0.8076 0.8076 0.8076 0.8076 0.8076 0.8076 0.8076 0.8076 
TS36 0.8076 0.8076 0.8076 0.8076 0.8076 0.8076 0.8076 0.8076 0.8076 0.8076 0.8076 0.8076 0.8076 0.8076 0.8076 0.8076 0.8076 0.8076 0.8076 0.8076 0.8076 0.8076 0.8076 0.8076 0.8076 0.8076 0.8076 0.8076 0.8076 0.8076 0.8076 0.8076 
TS37 0.8201 0.8201 0.8201 0.8201 0.8201 0.8201 0.8201 0.8201 0.8201 0.8201 0.8201 0.8201 0.8201 0.8201 0.8201 0.8201 0.8201 0.8201 0.8201 0.8201 0.8201 0.8201 0.8201 0.8201 0.8201 0.8201 0.8201 0.8201 0.8201 0.8201 0.8201 0.8201 
TS38 0.8201 0.8201 0.8201 0.8201 0.8201 0.8201 0.8201 0.8201 0.8201 0.8201 0.8201 0.8201 0.8201 0.8201 0.8201 0.8201 0.8201 0.8201 0.8201 0.8201 0.8201 0.8201 0.8201 0.8201 0.8201 0.8201 0.8201 0.8201 0.8201 0.8201 0.8201 0.8201 
TS39 0.8201 0.8201 0.8201 0.8201 0.8201 0.8201 0.8201 0.8201 0.8201 0.8201 0.8201 0.8201 0.8201 0.8201 0.8201 0.8201 0.8201 0.8201 0.8201 0.8201 0.8201 0.8201 0.8201 0.8201 0.8201 0.8201 0.8201 0.8201 0.8201 0.8201 0.8201 0.8201 
TS40 0.8201 0.8201 0.8201 0.8201 0.8201 0.8201 0.8201 0.8201 0.8201 0.8201 0.8201 0.8201 0.8201 0.8201 0.8201 0.8201 0.8201 0.8201 0.8201 0.8201 0.8201 0.8201 0.8201 0.8201 0.8201 0.8201 0.8201 0.8201 0.8201 0.8201 0.8201 0.8201 
TS41 0.8201 0.8201 0.8201 0.8201 0.8201 0.8201 0.8201 0.8201 0.8201 0.8201 0.8201 0.8201 0.8201 0.8201 0.8201 0.8201 0.8201 0.8201 0.8201 0.8201 0.8201 0.8201 0.8201 0.8201 0.8201 0.8201 0.8201 0.8201 0.8201 0.8201 0.8201 0.8201 
TS42 0.8201 0.8201 0.8201 0.8201 0.8201 0.8201 0.8201 0.8201 0.8201 0.8201 0.8201 0.8201 0.8201 0.8201 0.8201 0.8201 0.8201 0.8201 0.8201 0.8201 0.8201 0.8201 0.8201 0.8201 0.8201 0.8201 0.8201 0.8201 0.8201 0.8201 0.8201 0.8201 
TS43 0.8201 0.8201 0.8201 0.8201 0.8201 0.8201 0.8201 0.8201 0.8201 0.8201 0.8201 0.8201 0.8201 0.8201 0.8201 0.8201 0.8201 0.8201 0.8201 0.8201 0.8201 0.8201 0.8201 0.8201 0.8201 0.8201 0.8201 0.8201 0.8201 0.8201 0.8201 0.8201 
TS44 0.8201 0.8201 0.8201 0.8201 0.8201 0.8201 0.8201 0.8201 0.8201 0.8201 0.8201 0.8201 0.8201 0.8201 0.8201 0.8201 0.8201 0.8201 0.8201 0.8201 0.8201 0.8201 0.8201 0.8201 0.8201 0.8201 0.8201 0.8201 0.8201 0.8201 0.8201 0.8201 
TS45 0.8201 0.8201 0.8201 0.8201 0.8201 0.8201 0.8201 0.8201 0.8201 0.8201 0.8201 0.8201 0.8201 0.8201 0.8201 0.8201 0.8201 0.8201 0.8201 0.8201 0.8201 0.8201 0.8201 0.8201 0.8201 0.8201 0.8201 0.8201 0.8201 0.8201 0.8201 0.8201 
TS46 0.8201 0.8201 0.8201 0.8201 0.8201 0.8201 0.8201 0.8201 0.8201 0.8201 0.8201 0.8201 0.8201 0.8201 0.8201 0.8201 0.8201 0.8201 0.8201 0.8201 0.8201 0.8201 0.8201 0.8201 0.8201 0.8201 0.8201 0.8201 0.8201 0.8201 0.8201 0.8201 
TS47 0.8201 0.8201 0.8201 0.8201 0.8201 0.8201 0.8201 0.8201 0.8201 0.8201 0.8201 0.8201 0.8201 0.8201 0.8201 0.8201 0.8201 0.8201 0.8201 0.8201 0.8201 0.8201 0.8201 0.8201 0.8201 0.8201 0.8201 0.8201 0.8201 0.8201 0.8201 0.8201 
TS48 0.8201 0.8201 0.8201 0.8201 0.8201 0.8201 0.8201 0.8201 0.8201 0.8201 0.8201 0.8201 0.8201 0.8201 0.8201 0.8201 0.8201 0.8201 0.8201 0.8201 0.8201 0.8201 0.8201 0.8201 0.8201 0.8201 0.8201 0.8201 0.8201 0.8201 0.8201 0.8201 
[RE1,PWRHYD002,*,*]:
2019 2020 2021 2022 2023 2024 2025 2026 2027 2028 2029 2030 2031 2032 2033 2034 2035 2036 2037 2038 2039 2040 2041 2042 2043 2044 2045 2046 2047 2048 2049 2050 :=
TS01 0.5353 0.5353 0.5353 0.5353 0.5353 0.5353 0.5353 0.5353 0.5353 0.5353 0.5353 0.5353 0.5353 0.5353 0.5353 0.5353 0.5353 0.5353 0.5353 0.5353 0.5353 0.5353 0.5353 0.5353 0.5353 0.5353 0.5353 0.5353 0.5353 0.5353 0.5353 0.5353 
TS02 0.5353 0.5353 0.5353 0.5353 0.5353 0.5353 0.5353 0.5353 0.5353 0.5353 0.5353 0.5353 0.5353 0.5353 0.5353 0.5353 0.5353 0.5353 0.5353 0.5353 0.5353 0.5353 0.5353 0.5353 0.5353 0.5353 0.5353 0.5353 0.5353 0.5353 0.5353 0.5353 
TS03 0.5353 0.5353 0.5353 0.5353 0.5353 0.5353 0.5353 0.5353 0.5353 0.5353 0.5353 0.5353 0.5353 0.5353 0.5353 0.5353 0.5353 0.5353 0.5353 0.5353 0.5353 0.5353 0.5353 0.5353 0.5353 0.5353 0.5353 0.5353 0.5353 0.5353 0.5353 0.5353 
TS04 0.5353 0.5353 0.5353 0.5353 0.5353 0.5353 0.5353 0.5353 0.5353 0.5353 0.5353 0.5353 0.5353 0.5353 0.5353 0.5353 0.5353 0.5353 0.5353 0.5353 0.5353 0.5353 0.5353 0.5353 0.5353 0.5353 0.5353 0.5353 0.5353 0.5353 0.5353 0.5353 
TS05 0.5353 0.5353 0.5353 0.5353 0.5353 0.5353 0.5353 0.5353 0.5353 0.5353 0.5353 0.5353 0.5353 0.5353 0.5353 0.5353 0.5353 0.5353 0.5353 0.5353 0.5353 0.5353 0.5353 0.5353 0.5353 0.5353 0.5353 0.5353 0.5353 0.5353 0.5353 0.5353 
TS06 0.5353 0.5353 0.5353 0.5353 0.5353 0.5353 0.5353 0.5353 0.5353 0.5353 0.5353 0.5353 0.5353 0.5353 0.5353 0.5353 0.5353 0.5353 0.5353 0.5353 0.5353 0.5353 0.5353 0.5353 0.5353 0.5353 0.5353 0.5353 0.5353 0.5353 0.5353 0.5353 
TS07 0.5353 0.5353 0.5353 0.5353 0.5353 0.5353 0.5353 0.5353 0.5353 0.5353 0.5353 0.5353 0.5353 0.5353 0.5353 0.5353 0.5353 0.5353 0.5353 0.5353 0.5353 0.5353 0.5353 0.5353 0.5353 0.5353 0.5353 0.5353 0.5353 0.5353 0.5353 0.5353 
TS08 0.5353 0.5353 0.5353 0.5353 0.5353 0.5353 0.5353 0.5353 0.5353 0.5353 0.5353 0.5353 0.5353 0.5353 0.5353 0.5353 0.5353 0.5353 0.5353 0.5353 0.5353 0.5353 0.5353 0.5353 0.5353 0.5353 0.5353 0.5353 0.5353 0.5353 0.5353 0.5353 
TS09 0.5353 0.5353 0.5353 0.5353 0.5353 0.5353 0.5353 0.5353 0.5353 0.5353 0.5353 0.5353 0.5353 0.5353 0.5353 0.5353 0.5353 0.5353 0.5353 0.5353 0.5353 0.5353 0.5353 0.5353 0.5353 0.5353 0.5353 0.5353 0.5353 0.5353 0.5353 0.5353 
TS10 0.5353 0.5353 0.5353 0.5353 0.5353 0.5353 0.5353 0.5353 0.5353 0.5353 0.5353 0.5353 0.5353 0.5353 0.5353 0.5353 0.5353 0.5353 0.5353 0.5353 0.5353 0.5353 0.5353 0.5353 0.5353 0.5353 0.5353 0.5353 0.5353 0.5353 0.5353 0.5353 
TS11 0.5353 0.5353 0.5353 0.5353 0.5353 0.5353 0.5353 0.5353 0.5353 0.5353 0.5353 0.5353 0.5353 0.5353 0.5353 0.5353 0.5353 0.5353 0.5353 0.5353 0.5353 0.5353 0.5353 0.5353 0.5353 0.5353 0.5353 0.5353 0.5353 0.5353 0.5353 0.5353 
TS12 0.5353 0.5353 0.5353 0.5353 0.5353 0.5353 0.5353 0.5353 0.5353 0.5353 0.5353 0.5353 0.5353 0.5353 0.5353 0.5353 0.5353 0.5353 0.5353 0.5353 0.5353 0.5353 0.5353 0.5353 0.5353 0.5353 0.5353 0.5353 0.5353 0.5353 0.5353 0.5353 
TS13 0.544 0.544 0.544 0.544 0.544 0.544 0.544 0.544 0.544 0.544 0.544 0.544 0.544 0.544 0.544 0.544 0.544 0.544 0.544 0.544 0.544 0.544 0.544 0.544 0.544 0.544 0.544 0.544 0.544 0.544 0.544 0.544 
TS14 0.544 0.544 0.544 0.544 0.544 0.544 0.544 0.544 0.544 0.544 0.544 0.544 0.544 0.544 0.544 0.544 0.544 0.544 0.544 0.544 0.544 0.544 0.544 0.544 0.544 0.544 0.544 0.544 0.544 0.544 0.544 0.544 
TS15 0.544 0.544 0.544 0.544 0.544 0.544 0.544 0.544 0.544 0.544 0.544 0.544 0.544 0.544 0.544 0.544 0.544 0.544 0.544 0.544 0.544 0.544 0.544 0.544 0.544 0.544 0.544 0.544 0.544 0.544 0.544 0.544 
TS16 0.544 0.544 0.544 0.544 0.544 0.544 0.544 0.544 0.544 0.544 0.544 0.544 0.544 0.544 0.544 0.544 0.544 0.544 0.544 0.544 0.544 0.544 0.544 0.544 0.544 0.544 0.544 0.544 0.544 0.544 0.544 0.544 
TS17 0.544 0.544 0.544 0.544 0.544 0.544 0.544 0.544 0.544 0.544 0.544 0.544 0.544 0.544 0.544 0.544 0.544 0.544 0.544 0.544 0.544 0.544 0.544 0.544 0.544 0.544 0.544 0.544 0.544 0.544 0.544 0.544 
TS18 0.544 0.544 0.544 0.544 0.544 0.544 0.544 0.544 0.544 0.544 0.544 0.544 0.544 0.544 0.544 0.544 0.544 0.544 0.544 0.544 0.544 0.544 0.544 0.544 0.544 0.544 0.544 0.544 0.544 0.544 0.544 0.544 
TS19 0.544 0.544 0.544 0.544 0.544 0.544 0.544 0.544 0.544 0.544 0.544 0.544 0.544 0.544 0.544 0.544 0.544 0.544 0.544 0.544 0.544 0.544 0.544 0.544 0.544 0.544 0.544 0.544 0.544 0.544 0.544 0.544 
TS20 0.544 0.544 0.544 0.544 0.544 0.544 0.544 0.544 0.544 0.544 0.544 0.544 0.544 0.544 0.544 0.544 0.544 0.544 0.544 0.544 0.544 0.544 0.544 0.544 0.544 0.544 0.544 0.544 0.544 0.544 0.544 0.544 
TS21 0.544 0.544 0.544 0.544 0.544 0.544 0.544 0.544 0.544 0.544 0.544 0.544 0.544 0.544 0.544 0.544 0.544 0.544 0.544 0.544 0.544 0.544 0.544 0.544 0.544 0.544 0.544 0.544 0.544 0.544 0.544 0.544 
TS22 0.544 0.544 0.544 0.544 0.544 0.544 0.544 0.544 0.544 0.544 0.544 0.544 0.544 0.544 0.544 0.544 0.544 0.544 0.544 0.544 0.544 0.544 0.544 0.544 0.544 0.544 0.544 0.544 0.544 0.544 0.544 0.544 
TS23 0.544 0.544 0.544 0.544 0.544 0.544 0.544 0.544 0.544 0.544 0.544 0.544 0.544 0.544 0.544 0.544 0.544 0.544 0.544 0.544 0.544 0.544 0.544 0.544 0.544 0.544 0.544 0.544 0.544 0.544 0.544 0.544 
TS24 0.544 0.544 0.544 0.544 0.544 0.544 0.544 0.544 0.544 0.544 0.544 0.544 0.544 0.544 0.544 0.544 0.544 0.544 0.544 0.544 0.544 0.544 0.544 0.544 0.544 0.544 0.544 0.544 0.544 0.544 0.544 0.544 
TS25 0.5253 0.5253 0.5253 0.5253 0.5253 0.5253 0.5253 0.5253 0.5253 0.5253 0.5253 0.5253 0.5253 0.5253 0.5253 0.5253 0.5253 0.5253 0.5253 0.5253 0.5253 0.5253 0.5253 0.5253 0.5253 0.5253 0.5253 0.5253 0.5253 0.5253 0.5253 0.5253 
TS26 0.5253 0.5253 0.5253 0.5253 0.5253 0.5253 0.5253 0.5253 0.5253 0.5253 0.5253 0.5253 0.5253 0.5253 0.5253 0.5253 0.5253 0.5253 0.5253 0.5253 0.5253 0.5253 0.5253 0.5253 0.5253 0.5253 0.5253 0.5253 0.5253 0.5253 0.5253 0.5253 
TS27 0.5253 0.5253 0.5253 0.5253 0.5253 0.5253 0.5253 0.5253 0.5253 0.5253 0.5253 0.5253 0.5253 0.5253 0.5253 0.5253 0.5253 0.5253 0.5253 0.5253 0.5253 0.5253 0.5253 0.5253 0.5253 0.5253 0.5253 0.5253 0.5253 0.5253 0.5253 0.5253 
TS28 0.5253 0.5253 0.5253 0.5253 0.5253 0.5253 0.5253 0.5253 0.5253 0.5253 0.5253 0.5253 0.5253 0.5253 0.5253 0.5253 0.5253 0.5253 0.5253 0.5253 0.5253 0.5253 0.5253 0.5253 0.5253 0.5253 0.5253 0.5253 0.5253 0.5253 0.5253 0.5253 
TS29 0.5253 0.5253 0.5253 0.5253 0.5253 0.5253 0.5253 0.5253 0.5253 0.5253 0.5253 0.5253 0.5253 0.5253 0.5253 0.5253 0.5253 0.5253 0.5253 0.5253 0.5253 0.5253 0.5253 0.5253 0.5253 0.5253 0.5253 0.5253 0.5253 0.5253 0.5253 0.5253 
TS30 0.5253 0.5253 0.5253 0.5253 0.5253 0.5253 0.5253 0.5253 0.5253 0.5253 0.5253 0.5253 0.5253 0.5253 0.5253 0.5253 0.5253 0.5253 0.5253 0.5253 0.5253 0.5253 0.5253 0.5253 0.5253 0.5253 0.5253 0.5253 0.5253 0.5253 0.5253 0.5253 
TS31 0.5253 0.5253 0.5253 0.5253 0.5253 0.5253 0.5253 0.5253 0.5253 0.5253 0.5253 0.5253 0.5253 0.5253 0.5253 0.5253 0.5253 0.5253 0.5253 0.5253 0.5253 0.5253 0.5253 0.5253 0.5253 0.5253 0.5253 0.5253 0.5253 0.5253 0.5253 0.5253 
TS32 0.5253 0.5253 0.5253 0.5253 0.5253 0.5253 0.5253 0.5253 0.5253 0.5253 0.5253 0.5253 0.5253 0.5253 0.5253 0.5253 0.5253 0.5253 0.5253 0.5253 0.5253 0.5253 0.5253 0.5253 0.5253 0.5253 0.5253 0.5253 0.5253 0.5253 0.5253 0.5253 
TS33 0.5253 0.5253 0.5253 0.5253 0.5253 0.5253 0.5253 0.5253 0.5253 0.5253 0.5253 0.5253 0.5253 0.5253 0.5253 0.5253 0.5253 0.5253 0.5253 0.5253 0.5253 0.5253 0.5253 0.5253 0.5253 0.5253 0.5253 0.5253 0.5253 0.5253 0.5253 0.5253 
TS34 0.5253 0.5253 0.5253 0.5253 0.5253 0.5253 0.5253 0.5253 0.5253 0.5253 0.5253 0.5253 0.5253 0.5253 0.5253 0.5253 0.5253 0.5253 0.5253 0.5253 0.5253 0.5253 0.5253 0.5253 0.5253 0.5253 0.5253 0.5253 0.5253 0.5253 0.5253 0.5253 
TS35 0.5253 0.5253 0.5253 0.5253 0.5253 0.5253 0.5253 0.5253 0.5253 0.5253 0.5253 0.5253 0.5253 0.5253 0.5253 0.5253 0.5253 0.5253 0.5253 0.5253 0.5253 0.5253 0.5253 0.5253 0.5253 0.5253 0.5253 0.5253 0.5253 0.5253 0.5253 0.5253 
TS36 0.5253 0.5253 0.5253 0.5253 0.5253 0.5253 0.5253 0.5253 0.5253 0.5253 0.5253 0.5253 0.5253 0.5253 0.5253 0.5253 0.5253 0.5253 0.5253 0.5253 0.5253 0.5253 0.5253 0.5253 0.5253 0.5253 0.5253 0.5253 0.5253 0.5253 0.5253 0.5253 
TS37 0.5601 0.5601 0.5601 0.5601 0.5601 0.5601 0.5601 0.5601 0.5601 0.5601 0.5601 0.5601 0.5601 0.5601 0.5601 0.5601 0.5601 0.5601 0.5601 0.5601 0.5601 0.5601 0.5601 0.5601 0.5601 0.5601 0.5601 0.5601 0.5601 0.5601 0.5601 0.5601 
TS38 0.5601 0.5601 0.5601 0.5601 0.5601 0.5601 0.5601 0.5601 0.5601 0.5601 0.5601 0.5601 0.5601 0.5601 0.5601 0.5601 0.5601 0.5601 0.5601 0.5601 0.5601 0.5601 0.5601 0.5601 0.5601 0.5601 0.5601 0.5601 0.5601 0.5601 0.5601 0.5601 
TS39 0.5601 0.5601 0.5601 0.5601 0.5601 0.5601 0.5601 0.5601 0.5601 0.5601 0.5601 0.5601 0.5601 0.5601 0.5601 0.5601 0.5601 0.5601 0.5601 0.5601 0.5601 0.5601 0.5601 0.5601 0.5601 0.5601 0.5601 0.5601 0.5601 0.5601 0.5601 0.5601 
TS40 0.5601 0.5601 0.5601 0.5601 0.5601 0.5601 0.5601 0.5601 0.5601 0.5601 0.5601 0.5601 0.5601 0.5601 0.5601 0.5601 0.5601 0.5601 0.5601 0.5601 0.5601 0.5601 0.5601 0.5601 0.5601 0.5601 0.5601 0.5601 0.5601 0.5601 0.5601 0.5601 
TS41 0.5601 0.5601 0.5601 0.5601 0.5601 0.5601 0.5601 0.5601 0.5601 0.5601 0.5601 0.5601 0.5601 0.5601 0.5601 0.5601 0.5601 0.5601 0.5601 0.5601 0.5601 0.5601 0.5601 0.5601 0.5601 0.5601 0.5601 0.5601 0.5601 0.5601 0.5601 0.5601 
TS42 0.5601 0.5601 0.5601 0.5601 0.5601 0.5601 0.5601 0.5601 0.5601 0.5601 0.5601 0.5601 0.5601 0.5601 0.5601 0.5601 0.5601 0.5601 0.5601 0.5601 0.5601 0.5601 0.5601 0.5601 0.5601 0.5601 0.5601 0.5601 0.5601 0.5601 0.5601 0.5601 
TS43 0.5601 0.5601 0.5601 0.5601 0.5601 0.5601 0.5601 0.5601 0.5601 0.5601 0.5601 0.5601 0.5601 0.5601 0.5601 0.5601 0.5601 0.5601 0.5601 0.5601 0.5601 0.5601 0.5601 0.5601 0.5601 0.5601 0.5601 0.5601 0.5601 0.5601 0.5601 0.5601 
TS44 0.5601 0.5601 0.5601 0.5601 0.5601 0.5601 0.5601 0.5601 0.5601 0.5601 0.5601 0.5601 0.5601 0.5601 0.5601 0.5601 0.5601 0.5601 0.5601 0.5601 0.5601 0.5601 0.5601 0.5601 0.5601 0.5601 0.5601 0.5601 0.5601 0.5601 0.5601 0.5601 
TS45 0.5601 0.5601 0.5601 0.5601 0.5601 0.5601 0.5601 0.5601 0.5601 0.5601 0.5601 0.5601 0.5601 0.5601 0.5601 0.5601 0.5601 0.5601 0.5601 0.5601 0.5601 0.5601 0.5601 0.5601 0.5601 0.5601 0.5601 0.5601 0.5601 0.5601 0.5601 0.5601 
TS46 0.5601 0.5601 0.5601 0.5601 0.5601 0.5601 0.5601 0.5601 0.5601 0.5601 0.5601 0.5601 0.5601 0.5601 0.5601 0.5601 0.5601 0.5601 0.5601 0.5601 0.5601 0.5601 0.5601 0.5601 0.5601 0.5601 0.5601 0.5601 0.5601 0.5601 0.5601 0.5601 
TS47 0.5601 0.5601 0.5601 0.5601 0.5601 0.5601 0.5601 0.5601 0.5601 0.5601 0.5601 0.5601 0.5601 0.5601 0.5601 0.5601 0.5601 0.5601 0.5601 0.5601 0.5601 0.5601 0.5601 0.5601 0.5601 0.5601 0.5601 0.5601 0.5601 0.5601 0.5601 0.5601 
TS48 0.5601 0.5601 0.5601 0.5601 0.5601 0.5601 0.5601 0.5601 0.5601 0.5601 0.5601 0.5601 0.5601 0.5601 0.5601 0.5601 0.5601 0.5601 0.5601 0.5601 0.5601 0.5601 0.5601 0.5601 0.5601 0.5601 0.5601 0.5601 0.5601 0.5601 0.5601 0.5601 
[RE1,PWRHYD003,*,*]:
2019 2020 2021 2022 2023 2024 2025 2026 2027 2028 2029 2030 2031 2032 2033 2034 2035 2036 2037 2038 2039 2040 2041 2042 2043 2044 2045 2046 2047 2048 2049 2050 :=
TS01 0.6698 0.6698 0.6698 0.6698 0.6698 0.6698 0.6698 0.6698 0.6698 0.6698 0.6698 0.6698 0.6698 0.6698 0.6698 0.6698 0.6698 0.6698 0.6698 0.6698 0.6698 0.6698 0.6698 0.6698 0.6698 0.6698 0.6698 0.6698 0.6698 0.6698 0.6698 0.6698 
TS02 0.6698 0.6698 0.6698 0.6698 0.6698 0.6698 0.6698 0.6698 0.6698 0.6698 0.6698 0.6698 0.6698 0.6698 0.6698 0.6698 0.6698 0.6698 0.6698 0.6698 0.6698 0.6698 0.6698 0.6698 0.6698 0.6698 0.6698 0.6698 0.6698 0.6698 0.6698 0.6698 
TS03 0.6698 0.6698 0.6698 0.6698 0.6698 0.6698 0.6698 0.6698 0.6698 0.6698 0.6698 0.6698 0.6698 0.6698 0.6698 0.6698 0.6698 0.6698 0.6698 0.6698 0.6698 0.6698 0.6698 0.6698 0.6698 0.6698 0.6698 0.6698 0.6698 0.6698 0.6698 0.6698 
TS04 0.6698 0.6698 0.6698 0.6698 0.6698 0.6698 0.6698 0.6698 0.6698 0.6698 0.6698 0.6698 0.6698 0.6698 0.6698 0.6698 0.6698 0.6698 0.6698 0.6698 0.6698 0.6698 0.6698 0.6698 0.6698 0.6698 0.6698 0.6698 0.6698 0.6698 0.6698 0.6698 
TS05 0.6698 0.6698 0.6698 0.6698 0.6698 0.6698 0.6698 0.6698 0.6698 0.6698 0.6698 0.6698 0.6698 0.6698 0.6698 0.6698 0.6698 0.6698 0.6698 0.6698 0.6698 0.6698 0.6698 0.6698 0.6698 0.6698 0.6698 0.6698 0.6698 0.6698 0.6698 0.6698 
TS06 0.6698 0.6698 0.6698 0.6698 0.6698 0.6698 0.6698 0.6698 0.6698 0.6698 0.6698 0.6698 0.6698 0.6698 0.6698 0.6698 0.6698 0.6698 0.6698 0.6698 0.6698 0.6698 0.6698 0.6698 0.6698 0.6698 0.6698 0.6698 0.6698 0.6698 0.6698 0.6698 
TS07 0.6698 0.6698 0.6698 0.6698 0.6698 0.6698 0.6698 0.6698 0.6698 0.6698 0.6698 0.6698 0.6698 0.6698 0.6698 0.6698 0.6698 0.6698 0.6698 0.6698 0.6698 0.6698 0.6698 0.6698 0.6698 0.6698 0.6698 0.6698 0.6698 0.6698 0.6698 0.6698 
TS08 0.6698 0.6698 0.6698 0.6698 0.6698 0.6698 0.6698 0.6698 0.6698 0.6698 0.6698 0.6698 0.6698 0.6698 0.6698 0.6698 0.6698 0.6698 0.6698 0.6698 0.6698 0.6698 0.6698 0.6698 0.6698 0.6698 0.6698 0.6698 0.6698 0.6698 0.6698 0.6698 
TS09 0.6698 0.6698 0.6698 0.6698 0.6698 0.6698 0.6698 0.6698 0.6698 0.6698 0.6698 0.6698 0.6698 0.6698 0.6698 0.6698 0.6698 0.6698 0.6698 0.6698 0.6698 0.6698 0.6698 0.6698 0.6698 0.6698 0.6698 0.6698 0.6698 0.6698 0.6698 0.6698 
TS10 0.6698 0.6698 0.6698 0.6698 0.6698 0.6698 0.6698 0.6698 0.6698 0.6698 0.6698 0.6698 0.6698 0.6698 0.6698 0.6698 0.6698 0.6698 0.6698 0.6698 0.6698 0.6698 0.6698 0.6698 0.6698 0.6698 0.6698 0.6698 0.6698 0.6698 0.6698 0.6698 
TS11 0.6698 0.6698 0.6698 0.6698 0.6698 0.6698 0.6698 0.6698 0.6698 0.6698 0.6698 0.6698 0.6698 0.6698 0.6698 0.6698 0.6698 0.6698 0.6698 0.6698 0.6698 0.6698 0.6698 0.6698 0.6698 0.6698 0.6698 0.6698 0.6698 0.6698 0.6698 0.6698 
TS12 0.6698 0.6698 0.6698 0.6698 0.6698 0.6698 0.6698 0.6698 0.6698 0.6698 0.6698 0.6698 0.6698 0.6698 0.6698 0.6698 0.6698 0.6698 0.6698 0.6698 0.6698 0.6698 0.6698 0.6698 0.6698 0.6698 0.6698 0.6698 0.6698 0.6698 0.6698 0.6698 
TS13 0.4791 0.4791 0.4791 0.4791 0.4791 0.4791 0.4791 0.4791 0.4791 0.4791 0.4791 0.4791 0.4791 0.4791 0.4791 0.4791 0.4791 0.4791 0.4791 0.4791 0.4791 0.4791 0.4791 0.4791 0.4791 0.4791 0.4791 0.4791 0.4791 0.4791 0.4791 0.4791 
TS14 0.4791 0.4791 0.4791 0.4791 0.4791 0.4791 0.4791 0.4791 0.4791 0.4791 0.4791 0.4791 0.4791 0.4791 0.4791 0.4791 0.4791 0.4791 0.4791 0.4791 0.4791 0.4791 0.4791 0.4791 0.4791 0.4791 0.4791 0.4791 0.4791 0.4791 0.4791 0.4791 
TS15 0.4791 0.4791 0.4791 0.4791 0.4791 0.4791 0.4791 0.4791 0.4791 0.4791 0.4791 0.4791 0.4791 0.4791 0.4791 0.4791 0.4791 0.4791 0.4791 0.4791 0.4791 0.4791 0.4791 0.4791 0.4791 0.4791 0.4791 0.4791 0.4791 0.4791 0.4791 0.4791 
TS16 0.4791 0.4791 0.4791 0.4791 0.4791 0.4791 0.4791 0.4791 0.4791 0.4791 0.4791 0.4791 0.4791 0.4791 0.4791 0.4791 0.4791 0.4791 0.4791 0.4791 0.4791 0.4791 0.4791 0.4791 0.4791 0.4791 0.4791 0.4791 0.4791 0.4791 0.4791 0.4791 
TS17 0.4791 0.4791 0.4791 0.4791 0.4791 0.4791 0.4791 0.4791 0.4791 0.4791 0.4791 0.4791 0.4791 0.4791 0.4791 0.4791 0.4791 0.4791 0.4791 0.4791 0.4791 0.4791 0.4791 0.4791 0.4791 0.4791 0.4791 0.4791 0.4791 0.4791 0.4791 0.4791 
TS18 0.4791 0.4791 0.4791 0.4791 0.4791 0.4791 0.4791 0.4791 0.4791 0.4791 0.4791 0.4791 0.4791 0.4791 0.4791 0.4791 0.4791 0.4791 0.4791 0.4791 0.4791 0.4791 0.4791 0.4791 0.4791 0.4791 0.4791 0.4791 0.4791 0.4791 0.4791 0.4791 
TS19 0.4791 0.4791 0.4791 0.4791 0.4791 0.4791 0.4791 0.4791 0.4791 0.4791 0.4791 0.4791 0.4791 0.4791 0.4791 0.4791 0.4791 0.4791 0.4791 0.4791 0.4791 0.4791 0.4791 0.4791 0.4791 0.4791 0.4791 0.4791 0.4791 0.4791 0.4791 0.4791 
TS20 0.4791 0.4791 0.4791 0.4791 0.4791 0.4791 0.4791 0.4791 0.4791 0.4791 0.4791 0.4791 0.4791 0.4791 0.4791 0.4791 0.4791 0.4791 0.4791 0.4791 0.4791 0.4791 0.4791 0.4791 0.4791 0.4791 0.4791 0.4791 0.4791 0.4791 0.4791 0.4791 
TS21 0.4791 0.4791 0.4791 0.4791 0.4791 0.4791 0.4791 0.4791 0.4791 0.4791 0.4791 0.4791 0.4791 0.4791 0.4791 0.4791 0.4791 0.4791 0.4791 0.4791 0.4791 0.4791 0.4791 0.4791 0.4791 0.4791 0.4791 0.4791 0.4791 0.4791 0.4791 0.4791 
TS22 0.4791 0.4791 0.4791 0.4791 0.4791 0.4791 0.4791 0.4791 0.4791 0.4791 0.4791 0.4791 0.4791 0.4791 0.4791 0.4791 0.4791 0.4791 0.4791 0.4791 0.4791 0.4791 0.4791 0.4791 0.4791 0.4791 0.4791 0.4791 0.4791 0.4791 0.4791 0.4791 
TS23 0.4791 0.4791 0.4791 0.4791 0.4791 0.4791 0.4791 0.4791 0.4791 0.4791 0.4791 0.4791 0.4791 0.4791 0.4791 0.4791 0.4791 0.4791 0.4791 0.4791 0.4791 0.4791 0.4791 0.4791 0.4791 0.4791 0.4791 0.4791 0.4791 0.4791 0.4791 0.4791 
TS24 0.4791 0.4791 0.4791 0.4791 0.4791 0.4791 0.4791 0.4791 0.4791 0.4791 0.4791 0.4791 0.4791 0.4791 0.4791 0.4791 0.4791 0.4791 0.4791 0.4791 0.4791 0.4791 0.4791 0.4791 0.4791 0.4791 0.4791 0.4791 0.4791 0.4791 0.4791 0.4791 
TS25 0.5384 0.5384 0.5384 0.5384 0.5384 0.5384 0.5384 0.5384 0.5384 0.5384 0.5384 0.5384 0.5384 0.5384 0.5384 0.5384 0.5384 0.5384 0.5384 0.5384 0.5384 0.5384 0.5384 0.5384 0.5384 0.5384 0.5384 0.5384 0.5384 0.5384 0.5384 0.5384 
TS26 0.5384 0.5384 0.5384 0.5384 0.5384 0.5384 0.5384 0.5384 0.5384 0.5384 0.5384 0.5384 0.5384 0.5384 0.5384 0.5384 0.5384 0.5384 0.5384 0.5384 0.5384 0.5384 0.5384 0.5384 0.5384 0.5384 0.5384 0.5384 0.5384 0.5384 0.5384 0.5384 
TS27 0.5384 0.5384 0.5384 0.5384 0.5384 0.5384 0.5384 0.5384 0.5384 0.5384 0.5384 0.5384 0.5384 0.5384 0.5384 0.5384 0.5384 0.5384 0.5384 0.5384 0.5384 0.5384 0.5384 0.5384 0.5384 0.5384 0.5384 0.5384 0.5384 0.5384 0.5384 0.5384 
TS28 0.5384 0.5384 0.5384 0.5384 0.5384 0.5384 0.5384 0.5384 0.5384 0.5384 0.5384 0.5384 0.5384 0.5384 0.5384 0.5384 0.5384 0.5384 0.5384 0.5384 0.5384 0.5384 0.5384 0.5384 0.5384 0.5384 0.5384 0.5384 0.5384 0.5384 0.5384 0.5384 
TS29 0.5384 0.5384 0.5384 0.5384 0.5384 0.5384 0.5384 0.5384 0.5384 0.5384 0.5384 0.5384 0.5384 0.5384 0.5384 0.5384 0.5384 0.5384 0.5384 0.5384 0.5384 0.5384 0.5384 0.5384 0.5384 0.5384 0.5384 0.5384 0.5384 0.5384 0.5384 0.5384 
TS30 0.5384 0.5384 0.5384 0.5384 0.5384 0.5384 0.5384 0.5384 0.5384 0.5384 0.5384 0.5384 0.5384 0.5384 0.5384 0.5384 0.5384 0.5384 0.5384 0.5384 0.5384 0.5384 0.5384 0.5384 0.5384 0.5384 0.5384 0.5384 0.5384 0.5384 0.5384 0.5384 
TS31 0.5384 0.5384 0.5384 0.5384 0.5384 0.5384 0.5384 0.5384 0.5384 0.5384 0.5384 0.5384 0.5384 0.5384 0.5384 0.5384 0.5384 0.5384 0.5384 0.5384 0.5384 0.5384 0.5384 0.5384 0.5384 0.5384 0.5384 0.5384 0.5384 0.5384 0.5384 0.5384 
TS32 0.5384 0.5384 0.5384 0.5384 0.5384 0.5384 0.5384 0.5384 0.5384 0.5384 0.5384 0.5384 0.5384 0.5384 0.5384 0.5384 0.5384 0.5384 0.5384 0.5384 0.5384 0.5384 0.5384 0.5384 0.5384 0.5384 0.5384 0.5384 0.5384 0.5384 0.5384 0.5384 
TS33 0.5384 0.5384 0.5384 0.5384 0.5384 0.5384 0.5384 0.5384 0.5384 0.5384 0.5384 0.5384 0.5384 0.5384 0.5384 0.5384 0.5384 0.5384 0.5384 0.5384 0.5384 0.5384 0.5384 0.5384 0.5384 0.5384 0.5384 0.5384 0.5384 0.5384 0.5384 0.5384 
TS34 0.5384 0.5384 0.5384 0.5384 0.5384 0.5384 0.5384 0.5384 0.5384 0.5384 0.5384 0.5384 0.5384 0.5384 0.5384 0.5384 0.5384 0.5384 0.5384 0.5384 0.5384 0.5384 0.5384 0.5384 0.5384 0.5384 0.5384 0.5384 0.5384 0.5384 0.5384 0.5384 
TS35 0.5384 0.5384 0.5384 0.5384 0.5384 0.5384 0.5384 0.5384 0.5384 0.5384 0.5384 0.5384 0.5384 0.5384 0.5384 0.5384 0.5384 0.5384 0.5384 0.5384 0.5384 0.5384 0.5384 0.5384 0.5384 0.5384 0.5384 0.5384 0.5384 0.5384 0.5384 0.5384 
TS36 0.5384 0.5384 0.5384 0.5384 0.5384 0.5384 0.5384 0.5384 0.5384 0.5384 0.5384 0.5384 0.5384 0.5384 0.5384 0.5384 0.5384 0.5384 0.5384 0.5384 0.5384 0.5384 0.5384 0.5384 0.5384 0.5384 0.5384 0.5384 0.5384 0.5384 0.5384 0.5384 
TS37 0.5853 0.5853 0.5853 0.5853 0.5853 0.5853 0.5853 0.5853 0.5853 0.5853 0.5853 0.5853 0.5853 0.5853 0.5853 0.5853 0.5853 0.5853 0.5853 0.5853 0.5853 0.5853 0.5853 0.5853 0.5853 0.5853 0.5853 0.5853 0.5853 0.5853 0.5853 0.5853 
TS38 0.5853 0.5853 0.5853 0.5853 0.5853 0.5853 0.5853 0.5853 0.5853 0.5853 0.5853 0.5853 0.5853 0.5853 0.5853 0.5853 0.5853 0.5853 0.5853 0.5853 0.5853 0.5853 0.5853 0.5853 0.5853 0.5853 0.5853 0.5853 0.5853 0.5853 0.5853 0.5853 
TS39 0.5853 0.5853 0.5853 0.5853 0.5853 0.5853 0.5853 0.5853 0.5853 0.5853 0.5853 0.5853 0.5853 0.5853 0.5853 0.5853 0.5853 0.5853 0.5853 0.5853 0.5853 0.5853 0.5853 0.5853 0.5853 0.5853 0.5853 0.5853 0.5853 0.5853 0.5853 0.5853 
TS40 0.5853 0.5853 0.5853 0.5853 0.5853 0.5853 0.5853 0.5853 0.5853 0.5853 0.5853 0.5853 0.5853 0.5853 0.5853 0.5853 0.5853 0.5853 0.5853 0.5853 0.5853 0.5853 0.5853 0.5853 0.5853 0.5853 0.5853 0.5853 0.5853 0.5853 0.5853 0.5853 
TS41 0.5853 0.5853 0.5853 0.5853 0.5853 0.5853 0.5853 0.5853 0.5853 0.5853 0.5853 0.5853 0.5853 0.5853 0.5853 0.5853 0.5853 0.5853 0.5853 0.5853 0.5853 0.5853 0.5853 0.5853 0.5853 0.5853 0.5853 0.5853 0.5853 0.5853 0.5853 0.5853 
TS42 0.5853 0.5853 0.5853 0.5853 0.5853 0.5853 0.5853 0.5853 0.5853 0.5853 0.5853 0.5853 0.5853 0.5853 0.5853 0.5853 0.5853 0.5853 0.5853 0.5853 0.5853 0.5853 0.5853 0.5853 0.5853 0.5853 0.5853 0.5853 0.5853 0.5853 0.5853 0.5853 
TS43 0.5853 0.5853 0.5853 0.5853 0.5853 0.5853 0.5853 0.5853 0.5853 0.5853 0.5853 0.5853 0.5853 0.5853 0.5853 0.5853 0.5853 0.5853 0.5853 0.5853 0.5853 0.5853 0.5853 0.5853 0.5853 0.5853 0.5853 0.5853 0.5853 0.5853 0.5853 0.5853 
TS44 0.5853 0.5853 0.5853 0.5853 0.5853 0.5853 0.5853 0.5853 0.5853 0.5853 0.5853 0.5853 0.5853 0.5853 0.5853 0.5853 0.5853 0.5853 0.5853 0.5853 0.5853 0.5853 0.5853 0.5853 0.5853 0.5853 0.5853 0.5853 0.5853 0.5853 0.5853 0.5853 
TS45 0.5853 0.5853 0.5853 0.5853 0.5853 0.5853 0.5853 0.5853 0.5853 0.5853 0.5853 0.5853 0.5853 0.5853 0.5853 0.5853 0.5853 0.5853 0.5853 0.5853 0.5853 0.5853 0.5853 0.5853 0.5853 0.5853 0.5853 0.5853 0.5853 0.5853 0.5853 0.5853 
TS46 0.5853 0.5853 0.5853 0.5853 0.5853 0.5853 0.5853 0.5853 0.5853 0.5853 0.5853 0.5853 0.5853 0.5853 0.5853 0.5853 0.5853 0.5853 0.5853 0.5853 0.5853 0.5853 0.5853 0.5853 0.5853 0.5853 0.5853 0.5853 0.5853 0.5853 0.5853 0.5853 
TS47 0.5853 0.5853 0.5853 0.5853 0.5853 0.5853 0.5853 0.5853 0.5853 0.5853 0.5853 0.5853 0.5853 0.5853 0.5853 0.5853 0.5853 0.5853 0.5853 0.5853 0.5853 0.5853 0.5853 0.5853 0.5853 0.5853 0.5853 0.5853 0.5853 0.5853 0.5853 0.5853 
TS48 0.5853 0.5853 0.5853 0.5853 0.5853 0.5853 0.5853 0.5853 0.5853 0.5853 0.5853 0.5853 0.5853 0.5853 0.5853 0.5853 0.5853 0.5853 0.5853 0.5853 0.5853 0.5853 0.5853 0.5853 0.5853 0.5853 0.5853 0.5853 0.5853 0.5853 0.5853 0.5853 
[RE1,PWRHYD004,*,*]:
2019 2020 2021 2022 2023 2024 2025 2026 2027 2028 2029 2030 2031 2032 2033 2034 2035 2036 2037 2038 2039 2040 2041 2042 2043 2044 2045 2046 2047 2048 2049 2050 :=
TS01 0.2643 0.2643 0.2643 0.2643 0.2643 0.2643 0.2643 0.2643 0.2643 0.2643 0.2643 0.2643 0.2643 0.2643 0.2643 0.2643 0.2643 0.2643 0.2643 0.2643 0.2643 0.2643 0.2643 0.2643 0.2643 0.2643 0.2643 0.2643 0.2643 0.2643 0.2643 0.2643 
TS02 0.2643 0.2643 0.2643 0.2643 0.2643 0.2643 0.2643 0.2643 0.2643 0.2643 0.2643 0.2643 0.2643 0.2643 0.2643 0.2643 0.2643 0.2643 0.2643 0.2643 0.2643 0.2643 0.2643 0.2643 0.2643 0.2643 0.2643 0.2643 0.2643 0.2643 0.2643 0.2643 
TS03 0.2643 0.2643 0.2643 0.2643 0.2643 0.2643 0.2643 0.2643 0.2643 0.2643 0.2643 0.2643 0.2643 0.2643 0.2643 0.2643 0.2643 0.2643 0.2643 0.2643 0.2643 0.2643 0.2643 0.2643 0.2643 0.2643 0.2643 0.2643 0.2643 0.2643 0.2643 0.2643 
TS04 0.2643 0.2643 0.2643 0.2643 0.2643 0.2643 0.2643 0.2643 0.2643 0.2643 0.2643 0.2643 0.2643 0.2643 0.2643 0.2643 0.2643 0.2643 0.2643 0.2643 0.2643 0.2643 0.2643 0.2643 0.2643 0.2643 0.2643 0.2643 0.2643 0.2643 0.2643 0.2643 
TS05 0.2643 0.2643 0.2643 0.2643 0.2643 0.2643 0.2643 0.2643 0.2643 0.2643 0.2643 0.2643 0.2643 0.2643 0.2643 0.2643 0.2643 0.2643 0.2643 0.2643 0.2643 0.2643 0.2643 0.2643 0.2643 0.2643 0.2643 0.2643 0.2643 0.2643 0.2643 0.2643 
TS06 0.2643 0.2643 0.2643 0.2643 0.2643 0.2643 0.2643 0.2643 0.2643 0.2643 0.2643 0.2643 0.2643 0.2643 0.2643 0.2643 0.2643 0.2643 0.2643 0.2643 0.2643 0.2643 0.2643 0.2643 0.2643 0.2643 0.2643 0.2643 0.2643 0.2643 0.2643 0.2643 
TS07 0.2643 0.2643 0.2643 0.2643 0.2643 0.2643 0.2643 0.2643 0.2643 0.2643 0.2643 0.2643 0.2643 0.2643 0.2643 0.2643 0.2643 0.2643 0.2643 0.2643 0.2643 0.2643 0.2643 0.2643 0.2643 0.2643 0.2643 0.2643 0.2643 0.2643 0.2643 0.2643 
TS08 0.2643 0.2643 0.2643 0.2643 0.2643 0.2643 0.2643 0.2643 0.2643 0.2643 0.2643 0.2643 0.2643 0.2643 0.2643 0.2643 0.2643 0.2643 0.2643 0.2643 0.2643 0.2643 0.2643 0.2643 0.2643 0.2643 0.2643 0.2643 0.2643 0.2643 0.2643 0.2643 
TS09 0.2643 0.2643 0.2643 0.2643 0.2643 0.2643 0.2643 0.2643 0.2643 0.2643 0.2643 0.2643 0.2643 0.2643 0.2643 0.2643 0.2643 0.2643 0.2643 0.2643 0.2643 0.2643 0.2643 0.2643 0.2643 0.2643 0.2643 0.2643 0.2643 0.2643 0.2643 0.2643 
TS10 0.2643 0.2643 0.2643 0.2643 0.2643 0.2643 0.2643 0.2643 0.2643 0.2643 0.2643 0.2643 0.2643 0.2643 0.2643 0.2643 0.2643 0.2643 0.2643 0.2643 0.2643 0.2643 0.2643 0.2643 0.2643 0.2643 0.2643 0.2643 0.2643 0.2643 0.2643 0.2643 
TS11 0.2643 0.2643 0.2643 0.2643 0.2643 0.2643 0.2643 0.2643 0.2643 0.2643 0.2643 0.2643 0.2643 0.2643 0.2643 0.2643 0.2643 0.2643 0.2643 0.2643 0.2643 0.2643 0.2643 0.2643 0.2643 0.2643 0.2643 0.2643 0.2643 0.2643 0.2643 0.2643 
TS12 0.2643 0.2643 0.2643 0.2643 0.2643 0.2643 0.2643 0.2643 0.2643 0.2643 0.2643 0.2643 0.2643 0.2643 0.2643 0.2643 0.2643 0.2643 0.2643 0.2643 0.2643 0.2643 0.2643 0.2643 0.2643 0.2643 0.2643 0.2643 0.2643 0.2643 0.2643 0.2643 
TS13 0.2399 0.2399 0.2399 0.2399 0.2399 0.2399 0.2399 0.2399 0.2399 0.2399 0.2399 0.2399 0.2399 0.2399 0.2399 0.2399 0.2399 0.2399 0.2399 0.2399 0.2399 0.2399 0.2399 0.2399 0.2399 0.2399 0.2399 0.2399 0.2399 0.2399 0.2399 0.2399 
TS14 0.2399 0.2399 0.2399 0.2399 0.2399 0.2399 0.2399 0.2399 0.2399 0.2399 0.2399 0.2399 0.2399 0.2399 0.2399 0.2399 0.2399 0.2399 0.2399 0.2399 0.2399 0.2399 0.2399 0.2399 0.2399 0.2399 0.2399 0.2399 0.2399 0.2399 0.2399 0.2399 
TS15 0.2399 0.2399 0.2399 0.2399 0.2399 0.2399 0.2399 0.2399 0.2399 0.2399 0.2399 0.2399 0.2399 0.2399 0.2399 0.2399 0.2399 0.2399 0.2399 0.2399 0.2399 0.2399 0.2399 0.2399 0.2399 0.2399 0.2399 0.2399 0.2399 0.2399 0.2399 0.2399 
TS16 0.2399 0.2399 0.2399 0.2399 0.2399 0.2399 0.2399 0.2399 0.2399 0.2399 0.2399 0.2399 0.2399 0.2399 0.2399 0.2399 0.2399 0.2399 0.2399 0.2399 0.2399 0.2399 0.2399 0.2399 0.2399 0.2399 0.2399 0.2399 0.2399 0.2399 0.2399 0.2399 
TS17 0.2399 0.2399 0.2399 0.2399 0.2399 0.2399 0.2399 0.2399 0.2399 0.2399 0.2399 0.2399 0.2399 0.2399 0.2399 0.2399 0.2399 0.2399 0.2399 0.2399 0.2399 0.2399 0.2399 0.2399 0.2399 0.2399 0.2399 0.2399 0.2399 0.2399 0.2399 0.2399 
TS18 0.2399 0.2399 0.2399 0.2399 0.2399 0.2399 0.2399 0.2399 0.2399 0.2399 0.2399 0.2399 0.2399 0.2399 0.2399 0.2399 0.2399 0.2399 0.2399 0.2399 0.2399 0.2399 0.2399 0.2399 0.2399 0.2399 0.2399 0.2399 0.2399 0.2399 0.2399 0.2399 
TS19 0.2399 0.2399 0.2399 0.2399 0.2399 0.2399 0.2399 0.2399 0.2399 0.2399 0.2399 0.2399 0.2399 0.2399 0.2399 0.2399 0.2399 0.2399 0.2399 0.2399 0.2399 0.2399 0.2399 0.2399 0.2399 0.2399 0.2399 0.2399 0.2399 0.2399 0.2399 0.2399 
TS20 0.2399 0.2399 0.2399 0.2399 0.2399 0.2399 0.2399 0.2399 0.2399 0.2399 0.2399 0.2399 0.2399 0.2399 0.2399 0.2399 0.2399 0.2399 0.2399 0.2399 0.2399 0.2399 0.2399 0.2399 0.2399 0.2399 0.2399 0.2399 0.2399 0.2399 0.2399 0.2399 
TS21 0.2399 0.2399 0.2399 0.2399 0.2399 0.2399 0.2399 0.2399 0.2399 0.2399 0.2399 0.2399 0.2399 0.2399 0.2399 0.2399 0.2399 0.2399 0.2399 0.2399 0.2399 0.2399 0.2399 0.2399 0.2399 0.2399 0.2399 0.2399 0.2399 0.2399 0.2399 0.2399 
TS22 0.2399 0.2399 0.2399 0.2399 0.2399 0.2399 0.2399 0.2399 0.2399 0.2399 0.2399 0.2399 0.2399 0.2399 0.2399 0.2399 0.2399 0.2399 0.2399 0.2399 0.2399 0.2399 0.2399 0.2399 0.2399 0.2399 0.2399 0.2399 0.2399 0.2399 0.2399 0.2399 
TS23 0.2399 0.2399 0.2399 0.2399 0.2399 0.2399 0.2399 0.2399 0.2399 0.2399 0.2399 0.2399 0.2399 0.2399 0.2399 0.2399 0.2399 0.2399 0.2399 0.2399 0.2399 0.2399 0.2399 0.2399 0.2399 0.2399 0.2399 0.2399 0.2399 0.2399 0.2399 0.2399 
TS24 0.2399 0.2399 0.2399 0.2399 0.2399 0.2399 0.2399 0.2399 0.2399 0.2399 0.2399 0.2399 0.2399 0.2399 0.2399 0.2399 0.2399 0.2399 0.2399 0.2399 0.2399 0.2399 0.2399 0.2399 0.2399 0.2399 0.2399 0.2399 0.2399 0.2399 0.2399 0.2399 
TS25 0.2761 0.2761 0.2761 0.2761 0.2761 0.2761 0.2761 0.2761 0.2761 0.2761 0.2761 0.2761 0.2761 0.2761 0.2761 0.2761 0.2761 0.2761 0.2761 0.2761 0.2761 0.2761 0.2761 0.2761 0.2761 0.2761 0.2761 0.2761 0.2761 0.2761 0.2761 0.2761 
TS26 0.2761 0.2761 0.2761 0.2761 0.2761 0.2761 0.2761 0.2761 0.2761 0.2761 0.2761 0.2761 0.2761 0.2761 0.2761 0.2761 0.2761 0.2761 0.2761 0.2761 0.2761 0.2761 0.2761 0.2761 0.2761 0.2761 0.2761 0.2761 0.2761 0.2761 0.2761 0.2761 
TS27 0.2761 0.2761 0.2761 0.2761 0.2761 0.2761 0.2761 0.2761 0.2761 0.2761 0.2761 0.2761 0.2761 0.2761 0.2761 0.2761 0.2761 0.2761 0.2761 0.2761 0.2761 0.2761 0.2761 0.2761 0.2761 0.2761 0.2761 0.2761 0.2761 0.2761 0.2761 0.2761 
TS28 0.2761 0.2761 0.2761 0.2761 0.2761 0.2761 0.2761 0.2761 0.2761 0.2761 0.2761 0.2761 0.2761 0.2761 0.2761 0.2761 0.2761 0.2761 0.2761 0.2761 0.2761 0.2761 0.2761 0.2761 0.2761 0.2761 0.2761 0.2761 0.2761 0.2761 0.2761 0.2761 
TS29 0.2761 0.2761 0.2761 0.2761 0.2761 0.2761 0.2761 0.2761 0.2761 0.2761 0.2761 0.2761 0.2761 0.2761 0.2761 0.2761 0.2761 0.2761 0.2761 0.2761 0.2761 0.2761 0.2761 0.2761 0.2761 0.2761 0.2761 0.2761 0.2761 0.2761 0.2761 0.2761 
TS30 0.2761 0.2761 0.2761 0.2761 0.2761 0.2761 0.2761 0.2761 0.2761 0.2761 0.2761 0.2761 0.2761 0.2761 0.2761 0.2761 0.2761 0.2761 0.2761 0.2761 0.2761 0.2761 0.2761 0.2761 0.2761 0.2761 0.2761 0.2761 0.2761 0.2761 0.2761 0.2761 
TS31 0.2761 0.2761 0.2761 0.2761 0.2761 0.2761 0.2761 0.2761 0.2761 0.2761 0.2761 0.2761 0.2761 0.2761 0.2761 0.2761 0.2761 0.2761 0.2761 0.2761 0.2761 0.2761 0.2761 0.2761 0.2761 0.2761 0.2761 0.2761 0.2761 0.2761 0.2761 0.2761 
TS32 0.2761 0.2761 0.2761 0.2761 0.2761 0.2761 0.2761 0.2761 0.2761 0.2761 0.2761 0.2761 0.2761 0.2761 0.2761 0.2761 0.2761 0.2761 0.2761 0.2761 0.2761 0.2761 0.2761 0.2761 0.2761 0.2761 0.2761 0.2761 0.2761 0.2761 0.2761 0.2761 
TS33 0.2761 0.2761 0.2761 0.2761 0.2761 0.2761 0.2761 0.2761 0.2761 0.2761 0.2761 0.2761 0.2761 0.2761 0.2761 0.2761 0.2761 0.2761 0.2761 0.2761 0.2761 0.2761 0.2761 0.2761 0.2761 0.2761 0.2761 0.2761 0.2761 0.2761 0.2761 0.2761 
TS34 0.2761 0.2761 0.2761 0.2761 0.2761 0.2761 0.2761 0.2761 0.2761 0.2761 0.2761 0.2761 0.2761 0.2761 0.2761 0.2761 0.2761 0.2761 0.2761 0.2761 0.2761 0.2761 0.2761 0.2761 0.2761 0.2761 0.2761 0.2761 0.2761 0.2761 0.2761 0.2761 
TS35 0.2761 0.2761 0.2761 0.2761 0.2761 0.2761 0.2761 0.2761 0.2761 0.2761 0.2761 0.2761 0.2761 0.2761 0.2761 0.2761 0.2761 0.2761 0.2761 0.2761 0.2761 0.2761 0.2761 0.2761 0.2761 0.2761 0.2761 0.2761 0.2761 0.2761 0.2761 0.2761 
TS36 0.2761 0.2761 0.2761 0.2761 0.2761 0.2761 0.2761 0.2761 0.2761 0.2761 0.2761 0.2761 0.2761 0.2761 0.2761 0.2761 0.2761 0.2761 0.2761 0.2761 0.2761 0.2761 0.2761 0.2761 0.2761 0.2761 0.2761 0.2761 0.2761 0.2761 0.2761 0.2761 
TS37 0.2479 0.2479 0.2479 0.2479 0.2479 0.2479 0.2479 0.2479 0.2479 0.2479 0.2479 0.2479 0.2479 0.2479 0.2479 0.2479 0.2479 0.2479 0.2479 0.2479 0.2479 0.2479 0.2479 0.2479 0.2479 0.2479 0.2479 0.2479 0.2479 0.2479 0.2479 0.2479 
TS38 0.2479 0.2479 0.2479 0.2479 0.2479 0.2479 0.2479 0.2479 0.2479 0.2479 0.2479 0.2479 0.2479 0.2479 0.2479 0.2479 0.2479 0.2479 0.2479 0.2479 0.2479 0.2479 0.2479 0.2479 0.2479 0.2479 0.2479 0.2479 0.2479 0.2479 0.2479 0.2479 
TS39 0.2479 0.2479 0.2479 0.2479 0.2479 0.2479 0.2479 0.2479 0.2479 0.2479 0.2479 0.2479 0.2479 0.2479 0.2479 0.2479 0.2479 0.2479 0.2479 0.2479 0.2479 0.2479 0.2479 0.2479 0.2479 0.2479 0.2479 0.2479 0.2479 0.2479 0.2479 0.2479 
TS40 0.2479 0.2479 0.2479 0.2479 0.2479 0.2479 0.2479 0.2479 0.2479 0.2479 0.2479 0.2479 0.2479 0.2479 0.2479 0.2479 0.2479 0.2479 0.2479 0.2479 0.2479 0.2479 0.2479 0.2479 0.2479 0.2479 0.2479 0.2479 0.2479 0.2479 0.2479 0.2479 
TS41 0.2479 0.2479 0.2479 0.2479 0.2479 0.2479 0.2479 0.2479 0.2479 0.2479 0.2479 0.2479 0.2479 0.2479 0.2479 0.2479 0.2479 0.2479 0.2479 0.2479 0.2479 0.2479 0.2479 0.2479 0.2479 0.2479 0.2479 0.2479 0.2479 0.2479 0.2479 0.2479 
TS42 0.2479 0.2479 0.2479 0.2479 0.2479 0.2479 0.2479 0.2479 0.2479 0.2479 0.2479 0.2479 0.2479 0.2479 0.2479 0.2479 0.2479 0.2479 0.2479 0.2479 0.2479 0.2479 0.2479 0.2479 0.2479 0.2479 0.2479 0.2479 0.2479 0.2479 0.2479 0.2479 
TS43 0.2479 0.2479 0.2479 0.2479 0.2479 0.2479 0.2479 0.2479 0.2479 0.2479 0.2479 0.2479 0.2479 0.2479 0.2479 0.2479 0.2479 0.2479 0.2479 0.2479 0.2479 0.2479 0.2479 0.2479 0.2479 0.2479 0.2479 0.2479 0.2479 0.2479 0.2479 0.2479 
TS44 0.2479 0.2479 0.2479 0.2479 0.2479 0.2479 0.2479 0.2479 0.2479 0.2479 0.2479 0.2479 0.2479 0.2479 0.2479 0.2479 0.2479 0.2479 0.2479 0.2479 0.2479 0.2479 0.2479 0.2479 0.2479 0.2479 0.2479 0.2479 0.2479 0.2479 0.2479 0.2479 
TS45 0.2479 0.2479 0.2479 0.2479 0.2479 0.2479 0.2479 0.2479 0.2479 0.2479 0.2479 0.2479 0.2479 0.2479 0.2479 0.2479 0.2479 0.2479 0.2479 0.2479 0.2479 0.2479 0.2479 0.2479 0.2479 0.2479 0.2479 0.2479 0.2479 0.2479 0.2479 0.2479 
TS46 0.2479 0.2479 0.2479 0.2479 0.2479 0.2479 0.2479 0.2479 0.2479 0.2479 0.2479 0.2479 0.2479 0.2479 0.2479 0.2479 0.2479 0.2479 0.2479 0.2479 0.2479 0.2479 0.2479 0.2479 0.2479 0.2479 0.2479 0.2479 0.2479 0.2479 0.2479 0.2479 
TS47 0.2479 0.2479 0.2479 0.2479 0.2479 0.2479 0.2479 0.2479 0.2479 0.2479 0.2479 0.2479 0.2479 0.2479 0.2479 0.2479 0.2479 0.2479 0.2479 0.2479 0.2479 0.2479 0.2479 0.2479 0.2479 0.2479 0.2479 0.2479 0.2479 0.2479 0.2479 0.2479 
TS48 0.2479 0.2479 0.2479 0.2479 0.2479 0.2479 0.2479 0.2479 0.2479 0.2479 0.2479 0.2479 0.2479 0.2479 0.2479 0.2479 0.2479 0.2479 0.2479 0.2479 0.2479 0.2479 0.2479 0.2479 0.2479 0.2479 0.2479 0.2479 0.2479 0.2479 0.2479 0.2479 
[RE1,PWRHYD005,*,*]:
2019 2020 2021 2022 2023 2024 2025 2026 2027 2028 2029 2030 2031 2032 2033 2034 2035 2036 2037 2038 2039 2040 2041 2042 2043 2044 2045 2046 2047 2048 2049 2050 :=
TS01 0.3611 0.3611 0.3611 0.3611 0.3611 0.3611 0.3611 0.3611 0.3611 0.3611 0.3611 0.3611 0.3611 0.3611 0.3611 0.3611 0.3611 0.3611 0.3611 0.3611 0.3611 0.3611 0.3611 0.3611 0.3611 0.3611 0.3611 0.3611 0.3611 0.3611 0.3611 0.3611 
TS02 0.3611 0.3611 0.3611 0.3611 0.3611 0.3611 0.3611 0.3611 0.3611 0.3611 0.3611 0.3611 0.3611 0.3611 0.3611 0.3611 0.3611 0.3611 0.3611 0.3611 0.3611 0.3611 0.3611 0.3611 0.3611 0.3611 0.3611 0.3611 0.3611 0.3611 0.3611 0.3611 
TS03 0.3611 0.3611 0.3611 0.3611 0.3611 0.3611 0.3611 0.3611 0.3611 0.3611 0.3611 0.3611 0.3611 0.3611 0.3611 0.3611 0.3611 0.3611 0.3611 0.3611 0.3611 0.3611 0.3611 0.3611 0.3611 0.3611 0.3611 0.3611 0.3611 0.3611 0.3611 0.3611 
TS04 0.3611 0.3611 0.3611 0.3611 0.3611 0.3611 0.3611 0.3611 0.3611 0.3611 0.3611 0.3611 0.3611 0.3611 0.3611 0.3611 0.3611 0.3611 0.3611 0.3611 0.3611 0.3611 0.3611 0.3611 0.3611 0.3611 0.3611 0.3611 0.3611 0.3611 0.3611 0.3611 
TS05 0.3611 0.3611 0.3611 0.3611 0.3611 0.3611 0.3611 0.3611 0.3611 0.3611 0.3611 0.3611 0.3611 0.3611 0.3611 0.3611 0.3611 0.3611 0.3611 0.3611 0.3611 0.3611 0.3611 0.3611 0.3611 0.3611 0.3611 0.3611 0.3611 0.3611 0.3611 0.3611 
TS06 0.3611 0.3611 0.3611 0.3611 0.3611 0.3611 0.3611 0.3611 0.3611 0.3611 0.3611 0.3611 0.3611 0.3611 0.3611 0.3611 0.3611 0.3611 0.3611 0.3611 0.3611 0.3611 0.3611 0.3611 0.3611 0.3611 0.3611 0.3611 0.3611 0.3611 0.3611 0.3611 
TS07 0.3611 0.3611 0.3611 0.3611 0.3611 0.3611 0.3611 0.3611 0.3611 0.3611 0.3611 0.3611 0.3611 0.3611 0.3611 0.3611 0.3611 0.3611 0.3611 0.3611 0.3611 0.3611 0.3611 0.3611 0.3611 0.3611 0.3611 0.3611 0.3611 0.3611 0.3611 0.3611 
TS08 0.3611 0.3611 0.3611 0.3611 0.3611 0.3611 0.3611 0.3611 0.3611 0.3611 0.3611 0.3611 0.3611 0.3611 0.3611 0.3611 0.3611 0.3611 0.3611 0.3611 0.3611 0.3611 0.3611 0.3611 0.3611 0.3611 0.3611 0.3611 0.3611 0.3611 0.3611 0.3611 
TS09 0.3611 0.3611 0.3611 0.3611 0.3611 0.3611 0.3611 0.3611 0.3611 0.3611 0.3611 0.3611 0.3611 0.3611 0.3611 0.3611 0.3611 0.3611 0.3611 0.3611 0.3611 0.3611 0.3611 0.3611 0.3611 0.3611 0.3611 0.3611 0.3611 0.3611 0.3611 0.3611 
TS10 0.3611 0.3611 0.3611 0.3611 0.3611 0.3611 0.3611 0.3611 0.3611 0.3611 0.3611 0.3611 0.3611 0.3611 0.3611 0.3611 0.3611 0.3611 0.3611 0.3611 0.3611 0.3611 0.3611 0.3611 0.3611 0.3611 0.3611 0.3611 0.3611 0.3611 0.3611 0.3611 
TS11 0.3611 0.3611 0.3611 0.3611 0.3611 0.3611 0.3611 0.3611 0.3611 0.3611 0.3611 0.3611 0.3611 0.3611 0.3611 0.3611 0.3611 0.3611 0.3611 0.3611 0.3611 0.3611 0.3611 0.3611 0.3611 0.3611 0.3611 0.3611 0.3611 0.3611 0.3611 0.3611 
TS12 0.3611 0.3611 0.3611 0.3611 0.3611 0.3611 0.3611 0.3611 0.3611 0.3611 0.3611 0.3611 0.3611 0.3611 0.3611 0.3611 0.3611 0.3611 0.3611 0.3611 0.3611 0.3611 0.3611 0.3611 0.3611 0.3611 0.3611 0.3611 0.3611 0.3611 0.3611 0.3611 
TS13 0.4868 0.4868 0.4868 0.4868 0.4868 0.4868 0.4868 0.4868 0.4868 0.4868 0.4868 0.4868 0.4868 0.4868 0.4868 0.4868 0.4868 0.4868 0.4868 0.4868 0.4868 0.4868 0.4868 0.4868 0.4868 0.4868 0.4868 0.4868 0.4868 0.4868 0.4868 0.4868 
TS14 0.4868 0.4868 0.4868 0.4868 0.4868 0.4868 0.4868 0.4868 0.4868 0.4868 0.4868 0.4868 0.4868 0.4868 0.4868 0.4868 0.4868 0.4868 0.4868 0.4868 0.4868 0.4868 0.4868 0.4868 0.4868 0.4868 0.4868 0.4868 0.4868 0.4868 0.4868 0.4868 
TS15 0.4868 0.4868 0.4868 0.4868 0.4868 0.4868 0.4868 0.4868 0.4868 0.4868 0.4868 0.4868 0.4868 0.4868 0.4868 0.4868 0.4868 0.4868 0.4868 0.4868 0.4868 0.4868 0.4868 0.4868 0.4868 0.4868 0.4868 0.4868 0.4868 0.4868 0.4868 0.4868 
TS16 0.4868 0.4868 0.4868 0.4868 0.4868 0.4868 0.4868 0.4868 0.4868 0.4868 0.4868 0.4868 0.4868 0.4868 0.4868 0.4868 0.4868 0.4868 0.4868 0.4868 0.4868 0.4868 0.4868 0.4868 0.4868 0.4868 0.4868 0.4868 0.4868 0.4868 0.4868 0.4868 
TS17 0.4868 0.4868 0.4868 0.4868 0.4868 0.4868 0.4868 0.4868 0.4868 0.4868 0.4868 0.4868 0.4868 0.4868 0.4868 0.4868 0.4868 0.4868 0.4868 0.4868 0.4868 0.4868 0.4868 0.4868 0.4868 0.4868 0.4868 0.4868 0.4868 0.4868 0.4868 0.4868 
TS18 0.4868 0.4868 0.4868 0.4868 0.4868 0.4868 0.4868 0.4868 0.4868 0.4868 0.4868 0.4868 0.4868 0.4868 0.4868 0.4868 0.4868 0.4868 0.4868 0.4868 0.4868 0.4868 0.4868 0.4868 0.4868 0.4868 0.4868 0.4868 0.4868 0.4868 0.4868 0.4868 
TS19 0.4868 0.4868 0.4868 0.4868 0.4868 0.4868 0.4868 0.4868 0.4868 0.4868 0.4868 0.4868 0.4868 0.4868 0.4868 0.4868 0.4868 0.4868 0.4868 0.4868 0.4868 0.4868 0.4868 0.4868 0.4868 0.4868 0.4868 0.4868 0.4868 0.4868 0.4868 0.4868 
TS20 0.4868 0.4868 0.4868 0.4868 0.4868 0.4868 0.4868 0.4868 0.4868 0.4868 0.4868 0.4868 0.4868 0.4868 0.4868 0.4868 0.4868 0.4868 0.4868 0.4868 0.4868 0.4868 0.4868 0.4868 0.4868 0.4868 0.4868 0.4868 0.4868 0.4868 0.4868 0.4868 
TS21 0.4868 0.4868 0.4868 0.4868 0.4868 0.4868 0.4868 0.4868 0.4868 0.4868 0.4868 0.4868 0.4868 0.4868 0.4868 0.4868 0.4868 0.4868 0.4868 0.4868 0.4868 0.4868 0.4868 0.4868 0.4868 0.4868 0.4868 0.4868 0.4868 0.4868 0.4868 0.4868 
TS22 0.4868 0.4868 0.4868 0.4868 0.4868 0.4868 0.4868 0.4868 0.4868 0.4868 0.4868 0.4868 0.4868 0.4868 0.4868 0.4868 0.4868 0.4868 0.4868 0.4868 0.4868 0.4868 0.4868 0.4868 0.4868 0.4868 0.4868 0.4868 0.4868 0.4868 0.4868 0.4868 
TS23 0.4868 0.4868 0.4868 0.4868 0.4868 0.4868 0.4868 0.4868 0.4868 0.4868 0.4868 0.4868 0.4868 0.4868 0.4868 0.4868 0.4868 0.4868 0.4868 0.4868 0.4868 0.4868 0.4868 0.4868 0.4868 0.4868 0.4868 0.4868 0.4868 0.4868 0.4868 0.4868 
TS24 0.4868 0.4868 0.4868 0.4868 0.4868 0.4868 0.4868 0.4868 0.4868 0.4868 0.4868 0.4868 0.4868 0.4868 0.4868 0.4868 0.4868 0.4868 0.4868 0.4868 0.4868 0.4868 0.4868 0.4868 0.4868 0.4868 0.4868 0.4868 0.4868 0.4868 0.4868 0.4868 
TS25 0.4822 0.4822 0.4822 0.4822 0.4822 0.4822 0.4822 0.4822 0.4822 0.4822 0.4822 0.4822 0.4822 0.4822 0.4822 0.4822 0.4822 0.4822 0.4822 0.4822 0.4822 0.4822 0.4822 0.4822 0.4822 0.4822 0.4822 0.4822 0.4822 0.4822 0.4822 0.4822 
TS26 0.4822 0.4822 0.4822 0.4822 0.4822 0.4822 0.4822 0.4822 0.4822 0.4822 0.4822 0.4822 0.4822 0.4822 0.4822 0.4822 0.4822 0.4822 0.4822 0.4822 0.4822 0.4822 0.4822 0.4822 0.4822 0.4822 0.4822 0.4822 0.4822 0.4822 0.4822 0.4822 
TS27 0.4822 0.4822 0.4822 0.4822 0.4822 0.4822 0.4822 0.4822 0.4822 0.4822 0.4822 0.4822 0.4822 0.4822 0.4822 0.4822 0.4822 0.4822 0.4822 0.4822 0.4822 0.4822 0.4822 0.4822 0.4822 0.4822 0.4822 0.4822 0.4822 0.4822 0.4822 0.4822 
TS28 0.4822 0.4822 0.4822 0.4822 0.4822 0.4822 0.4822 0.4822 0.4822 0.4822 0.4822 0.4822 0.4822 0.4822 0.4822 0.4822 0.4822 0.4822 0.4822 0.4822 0.4822 0.4822 0.4822 0.4822 0.4822 0.4822 0.4822 0.4822 0.4822 0.4822 0.4822 0.4822 
TS29 0.4822 0.4822 0.4822 0.4822 0.4822 0.4822 0.4822 0.4822 0.4822 0.4822 0.4822 0.4822 0.4822 0.4822 0.4822 0.4822 0.4822 0.4822 0.4822 0.4822 0.4822 0.4822 0.4822 0.4822 0.4822 0.4822 0.4822 0.4822 0.4822 0.4822 0.4822 0.4822 
TS30 0.4822 0.4822 0.4822 0.4822 0.4822 0.4822 0.4822 0.4822 0.4822 0.4822 0.4822 0.4822 0.4822 0.4822 0.4822 0.4822 0.4822 0.4822 0.4822 0.4822 0.4822 0.4822 0.4822 0.4822 0.4822 0.4822 0.4822 0.4822 0.4822 0.4822 0.4822 0.4822 
TS31 0.4822 0.4822 0.4822 0.4822 0.4822 0.4822 0.4822 0.4822 0.4822 0.4822 0.4822 0.4822 0.4822 0.4822 0.4822 0.4822 0.4822 0.4822 0.4822 0.4822 0.4822 0.4822 0.4822 0.4822 0.4822 0.4822 0.4822 0.4822 0.4822 0.4822 0.4822 0.4822 
TS32 0.4822 0.4822 0.4822 0.4822 0.4822 0.4822 0.4822 0.4822 0.4822 0.4822 0.4822 0.4822 0.4822 0.4822 0.4822 0.4822 0.4822 0.4822 0.4822 0.4822 0.4822 0.4822 0.4822 0.4822 0.4822 0.4822 0.4822 0.4822 0.4822 0.4822 0.4822 0.4822 
TS33 0.4822 0.4822 0.4822 0.4822 0.4822 0.4822 0.4822 0.4822 0.4822 0.4822 0.4822 0.4822 0.4822 0.4822 0.4822 0.4822 0.4822 0.4822 0.4822 0.4822 0.4822 0.4822 0.4822 0.4822 0.4822 0.4822 0.4822 0.4822 0.4822 0.4822 0.4822 0.4822 
TS34 0.4822 0.4822 0.4822 0.4822 0.4822 0.4822 0.4822 0.4822 0.4822 0.4822 0.4822 0.4822 0.4822 0.4822 0.4822 0.4822 0.4822 0.4822 0.4822 0.4822 0.4822 0.4822 0.4822 0.4822 0.4822 0.4822 0.4822 0.4822 0.4822 0.4822 0.4822 0.4822 
TS35 0.4822 0.4822 0.4822 0.4822 0.4822 0.4822 0.4822 0.4822 0.4822 0.4822 0.4822 0.4822 0.4822 0.4822 0.4822 0.4822 0.4822 0.4822 0.4822 0.4822 0.4822 0.4822 0.4822 0.4822 0.4822 0.4822 0.4822 0.4822 0.4822 0.4822 0.4822 0.4822 
TS36 0.4822 0.4822 0.4822 0.4822 0.4822 0.4822 0.4822 0.4822 0.4822 0.4822 0.4822 0.4822 0.4822 0.4822 0.4822 0.4822 0.4822 0.4822 0.4822 0.4822 0.4822 0.4822 0.4822 0.4822 0.4822 0.4822 0.4822 0.4822 0.4822 0.4822 0.4822 0.4822 
TS37 0.4982 0.4982 0.4982 0.4982 0.4982 0.4982 0.4982 0.4982 0.4982 0.4982 0.4982 0.4982 0.4982 0.4982 0.4982 0.4982 0.4982 0.4982 0.4982 0.4982 0.4982 0.4982 0.4982 0.4982 0.4982 0.4982 0.4982 0.4982 0.4982 0.4982 0.4982 0.4982 
TS38 0.4982 0.4982 0.4982 0.4982 0.4982 0.4982 0.4982 0.4982 0.4982 0.4982 0.4982 0.4982 0.4982 0.4982 0.4982 0.4982 0.4982 0.4982 0.4982 0.4982 0.4982 0.4982 0.4982 0.4982 0.4982 0.4982 0.4982 0.4982 0.4982 0.4982 0.4982 0.4982 
TS39 0.4982 0.4982 0.4982 0.4982 0.4982 0.4982 0.4982 0.4982 0.4982 0.4982 0.4982 0.4982 0.4982 0.4982 0.4982 0.4982 0.4982 0.4982 0.4982 0.4982 0.4982 0.4982 0.4982 0.4982 0.4982 0.4982 0.4982 0.4982 0.4982 0.4982 0.4982 0.4982 
TS40 0.4982 0.4982 0.4982 0.4982 0.4982 0.4982 0.4982 0.4982 0.4982 0.4982 0.4982 0.4982 0.4982 0.4982 0.4982 0.4982 0.4982 0.4982 0.4982 0.4982 0.4982 0.4982 0.4982 0.4982 0.4982 0.4982 0.4982 0.4982 0.4982 0.4982 0.4982 0.4982 
TS41 0.4982 0.4982 0.4982 0.4982 0.4982 0.4982 0.4982 0.4982 0.4982 0.4982 0.4982 0.4982 0.4982 0.4982 0.4982 0.4982 0.4982 0.4982 0.4982 0.4982 0.4982 0.4982 0.4982 0.4982 0.4982 0.4982 0.4982 0.4982 0.4982 0.4982 0.4982 0.4982 
TS42 0.4982 0.4982 0.4982 0.4982 0.4982 0.4982 0.4982 0.4982 0.4982 0.4982 0.4982 0.4982 0.4982 0.4982 0.4982 0.4982 0.4982 0.4982 0.4982 0.4982 0.4982 0.4982 0.4982 0.4982 0.4982 0.4982 0.4982 0.4982 0.4982 0.4982 0.4982 0.4982 
TS43 0.4982 0.4982 0.4982 0.4982 0.4982 0.4982 0.4982 0.4982 0.4982 0.4982 0.4982 0.4982 0.4982 0.4982 0.4982 0.4982 0.4982 0.4982 0.4982 0.4982 0.4982 0.4982 0.4982 0.4982 0.4982 0.4982 0.4982 0.4982 0.4982 0.4982 0.4982 0.4982 
TS44 0.4982 0.4982 0.4982 0.4982 0.4982 0.4982 0.4982 0.4982 0.4982 0.4982 0.4982 0.4982 0.4982 0.4982 0.4982 0.4982 0.4982 0.4982 0.4982 0.4982 0.4982 0.4982 0.4982 0.4982 0.4982 0.4982 0.4982 0.4982 0.4982 0.4982 0.4982 0.4982 
TS45 0.4982 0.4982 0.4982 0.4982 0.4982 0.4982 0.4982 0.4982 0.4982 0.4982 0.4982 0.4982 0.4982 0.4982 0.4982 0.4982 0.4982 0.4982 0.4982 0.4982 0.4982 0.4982 0.4982 0.4982 0.4982 0.4982 0.4982 0.4982 0.4982 0.4982 0.4982 0.4982 
TS46 0.4982 0.4982 0.4982 0.4982 0.4982 0.4982 0.4982 0.4982 0.4982 0.4982 0.4982 0.4982 0.4982 0.4982 0.4982 0.4982 0.4982 0.4982 0.4982 0.4982 0.4982 0.4982 0.4982 0.4982 0.4982 0.4982 0.4982 0.4982 0.4982 0.4982 0.4982 0.4982 
TS47 0.4982 0.4982 0.4982 0.4982 0.4982 0.4982 0.4982 0.4982 0.4982 0.4982 0.4982 0.4982 0.4982 0.4982 0.4982 0.4982 0.4982 0.4982 0.4982 0.4982 0.4982 0.4982 0.4982 0.4982 0.4982 0.4982 0.4982 0.4982 0.4982 0.4982 0.4982 0.4982 
TS48 0.4982 0.4982 0.4982 0.4982 0.4982 0.4982 0.4982 0.4982 0.4982 0.4982 0.4982 0.4982 0.4982 0.4982 0.4982 0.4982 0.4982 0.4982 0.4982 0.4982 0.4982 0.4982 0.4982 0.4982 0.4982 0.4982 0.4982 0.4982 0.4982 0.4982 0.4982 0.4982 
[RE1,PWRSOL001,*,*]:
2019 2020 2021 2022 2023 2024 2025 2026 2027 2028 2029 2030 2031 2032 2033 2034 2035 2036 2037 2038 2039 2040 2041 2042 2043 2044 2045 2046 2047 2048 2049 2050 :=
TS01 0.0 0.0 0.0 0.0 0.0 0.0 0.0 0.0 0.0 0.0 0.0 0.0 0.0 0.0 0.0 0.0 0.0 0.0 0.0 0.0 0.0 0.0 0.0 0.0 0.0 0.0 0.0 0.0 0.0 0.0 0.0 0.0 
TS02 0.1579 0.1579 0.1579 0.1579 0.1579 0.1579 0.1579 0.1579 0.1579 0.1579 0.1579 0.1579 0.1579 0.1579 0.1579 0.1579 0.1579 0.1579 0.1579 0.1579 0.1579 0.1579 0.1579 0.1579 0.1579 0.1579 0.1579 0.1579 0.1579 0.1579 0.1579 0.1579 
TS03 0.6615 0.6615 0.6615 0.6615 0.6615 0.6615 0.6615 0.6615 0.6615 0.6615 0.6615 0.6615 0.6615 0.6615 0.6615 0.6615 0.6615 0.6615 0.6615 0.6615 0.6615 0.6615 0.6615 0.6615 0.6615 0.6615 0.6615 0.6615 0.6615 0.6615 0.6615 0.6615 
TS04 0.2694 0.2694 0.2694 0.2694 0.2694 0.2694 0.2694 0.2694 0.2694 0.2694 0.2694 0.2694 0.2694 0.2694 0.2694 0.2694 0.2694 0.2694 0.2694 0.2694 0.2694 0.2694 0.2694 0.2694 0.2694 0.2694 0.2694 0.2694 0.2694 0.2694 0.2694 0.2694 
TS05 0.0 0.0 0.0 0.0 0.0 0.0 0.0 0.0 0.0 0.0 0.0 0.0 0.0 0.0 0.0 0.0 0.0 0.0 0.0 0.0 0.0 0.0 0.0 0.0 0.0 0.0 0.0 0.0 0.0 0.0 0.0 0.0 
TS06 0.0 0.0 0.0 0.0 0.0 0.0 0.0 0.0 0.0 0.0 0.0 0.0 0.0 0.0 0.0 0.0 0.0 0.0 0.0 0.0 0.0 0.0 0.0 0.0 0.0 0.0 0.0 0.0 0.0 0.0 0.0 0.0 
TS07 0.0 0.0 0.0 0.0 0.0 0.0 0.0 0.0 0.0 0.0 0.0 0.0 0.0 0.0 0.0 0.0 0.0 0.0 0.0 0.0 0.0 0.0 0.0 0.0 0.0 0.0 0.0 0.0 0.0 0.0 0.0 0.0 
TS08 0.1578 0.1578 0.1578 0.1578 0.1578 0.1578 0.1578 0.1578 0.1578 0.1578 0.1578 0.1578 0.1578 0.1578 0.1578 0.1578 0.1578 0.1578 0.1578 0.1578 0.1578 0.1578 0.1578 0.1578 0.1578 0.1578 0.1578 0.1578 0.1578 0.1578 0.1578 0.1578 
TS09 0.6693 0.6693 0.6693 0.6693 0.6693 0.6693 0.6693 0.6693 0.6693 0.6693 0.6693 0.6693 0.6693 0.6693 0.6693 0.6693 0.6693 0.6693 0.6693 0.6693 0.6693 0.6693 0.6693 0.6693 0.6693 0.6693 0.6693 0.6693 0.6693 0.6693 0.6693 0.6693 
TS10 0.2852 0.2852 0.2852 0.2852 0.2852 0.2852 0.2852 0.2852 0.2852 0.2852 0.2852 0.2852 0.2852 0.2852 0.2852 0.2852 0.2852 0.2852 0.2852 0.2852 0.2852 0.2852 0.2852 0.2852 0.2852 0.2852 0.2852 0.2852 0.2852 0.2852 0.2852 0.2852 
TS11 0.0 0.0 0.0 0.0 0.0 0.0 0.0 0.0 0.0 0.0 0.0 0.0 0.0 0.0 0.0 0.0 0.0 0.0 0.0 0.0 0.0 0.0 0.0 0.0 0.0 0.0 0.0 0.0 0.0 0.0 0.0 0.0 
TS12 0.0 0.0 0.0 0.0 0.0 0.0 0.0 0.0 0.0 0.0 0.0 0.0 0.0 0.0 0.0 0.0 0.0 0.0 0.0 0.0 0.0 0.0 0.0 0.0 0.0 0.0 0.0 0.0 0.0 0.0 0.0 0.0 
TS13 0.0 0.0 0.0 0.0 0.0 0.0 0.0 0.0 0.0 0.0 0.0 0.0 0.0 0.0 0.0 0.0 0.0 0.0 0.0 0.0 0.0 0.0 0.0 0.0 0.0 0.0 0.0 0.0 0.0 0.0 0.0 0.0 
TS14 0.147 0.147 0.147 0.147 0.147 0.147 0.147 0.147 0.147 0.147 0.147 0.147 0.147 0.147 0.147 0.147 0.147 0.147 0.147 0.147 0.147 0.147 0.147 0.147 0.147 0.147 0.147 0.147 0.147 0.147 0.147 0.147 
TS15 0.5687 0.5687 0.5687 0.5687 0.5687 0.5687 0.5687 0.5687 0.5687 0.5687 0.5687 0.5687 0.5687 0.5687 0.5687 0.5687 0.5687 0.5687 0.5687 0.5687 0.5687 0.5687 0.5687 0.5687 0.5687 0.5687 0.5687 0.5687 0.5687 0.5687 0.5687 0.5687 
TS16 0.1999 0.1999 0.1999 0.1999 0.1999 0.1999 0.1999 0.1999 0.1999 0.1999 0.1999 0.1999 0.1999 0.1999 0.1999 0.1999 0.1999 0.1999 0.1999 0.1999 0.1999 0.1999 0.1999 0.1999 0.1999 0.1999 0.1999 0.1999 0.1999 0.1999 0.1999 0.1999 
TS17 0.0 0.0 0.0 0.0 0.0 0.0 0.0 0.0 0.0 0.0 0.0 0.0 0.0 0.0 0.0 0.0 0.0 0.0 0.0 0.0 0.0 0.0 0.0 0.0 0.0 0.0 0.0 0.0 0.0 0.0 0.0 0.0 
TS18 0.0 0.0 0.0 0.0 0.0 0.0 0.0 0.0 0.0 0.0 0.0 0.0 0.0 0.0 0.0 0.0 0.0 0.0 0.0 0.0 0.0 0.0 0.0 0.0 0.0 0.0 0.0 0.0 0.0 0.0 0.0 0.0 
TS19 0.0 0.0 0.0 0.0 0.0 0.0 0.0 0.0 0.0 0.0 0.0 0.0 0.0 0.0 0.0 0.0 0.0 0.0 0.0 0.0 0.0 0.0 0.0 0.0 0.0 0.0 0.0 0.0 0.0 0.0 0.0 0.0 
TS20 0.1632 0.1632 0.1632 0.1632 0.1632 0.1632 0.1632 0.1632 0.1632 0.1632 0.1632 0.1632 0.1632 0.1632 0.1632 0.1632 0.1632 0.1632 0.1632 0.1632 0.1632 0.1632 0.1632 0.1632 0.1632 0.1632 0.1632 0.1632 0.1632 0.1632 0.1632 0.1632 
TS21 0.5952 0.5952 0.5952 0.5952 0.5952 0.5952 0.5952 0.5952 0.5952 0.5952 0.5952 0.5952 0.5952 0.5952 0.5952 0.5952 0.5952 0.5952 0.5952 0.5952 0.5952 0.5952 0.5952 0.5952 0.5952 0.5952 0.5952 0.5952 0.5952 0.5952 0.5952 0.5952 
TS22 0.1969 0.1969 0.1969 0.1969 0.1969 0.1969 0.1969 0.1969 0.1969 0.1969 0.1969 0.1969 0.1969 0.1969 0.1969 0.1969 0.1969 0.1969 0.1969 0.1969 0.1969 0.1969 0.1969 0.1969 0.1969 0.1969 0.1969 0.1969 0.1969 0.1969 0.1969 0.1969 
TS23 0.0 0.0 0.0 0.0 0.0 0.0 0.0 0.0 0.0 0.0 0.0 0.0 0.0 0.0 0.0 0.0 0.0 0.0 0.0 0.0 0.0 0.0 0.0 0.0 0.0 0.0 0.0 0.0 0.0 0.0 0.0 0.0 
TS24 0.0 0.0 0.0 0.0 0.0 0.0 0.0 0.0 0.0 0.0 0.0 0.0 0.0 0.0 0.0 0.0 0.0 0.0 0.0 0.0 0.0 0.0 0.0 0.0 0.0 0.0 0.0 0.0 0.0 0.0 0.0 0.0 
TS25 0.0 0.0 0.0 0.0 0.0 0.0 0.0 0.0 0.0 0.0 0.0 0.0 0.0 0.0 0.0 0.0 0.0 0.0 0.0 0.0 0.0 0.0 0.0 0.0 0.0 0.0 0.0 0.0 0.0 0.0 0.0 0.0 
TS26 0.1518 0.1518 0.1518 0.1518 0.1518 0.1518 0.1518 0.1518 0.1518 0.1518 0.1518 0.1518 0.1518 0.1518 0.1518 0.1518 0.1518 0.1518 0.1518 0.1518 0.1518 0.1518 0.1518 0.1518 0.1518 0.1518 0.1518 0.1518 0.1518 0.1518 0.1518 0.1518 
TS27 0.6091 0.6091 0.6091 0.6091 0.6091 0.6091 0.6091 0.6091 0.6091 0.6091 0.6091 0.6091 0.6091 0.6091 0.6091 0.6091 0.6091 0.6091 0.6091 0.6091 0.6091 0.6091 0.6091 0.6091 0.6091 0.6091 0.6091 0.6091 0.6091 0.6091 0.6091 0.6091 
TS28 0.2342 0.2342 0.2342 0.2342 0.2342 0.2342 0.2342 0.2342 0.2342 0.2342 0.2342 0.2342 0.2342 0.2342 0.2342 0.2342 0.2342 0.2342 0.2342 0.2342 0.2342 0.2342 0.2342 0.2342 0.2342 0.2342 0.2342 0.2342 0.2342 0.2342 0.2342 0.2342 
TS29 0.0 0.0 0.0 0.0 0.0 0.0 0.0 0.0 0.0 0.0 0.0 0.0 0.0 0.0 0.0 0.0 0.0 0.0 0.0 0.0 0.0 0.0 0.0 0.0 0.0 0.0 0.0 0.0 0.0 0.0 0.0 0.0 
TS30 0.0 0.0 0.0 0.0 0.0 0.0 0.0 0.0 0.0 0.0 0.0 0.0 0.0 0.0 0.0 0.0 0.0 0.0 0.0 0.0 0.0 0.0 0.0 0.0 0.0 0.0 0.0 0.0 0.0 0.0 0.0 0.0 
TS31 0.0 0.0 0.0 0.0 0.0 0.0 0.0 0.0 0.0 0.0 0.0 0.0 0.0 0.0 0.0 0.0 0.0 0.0 0.0 0.0 0.0 0.0 0.0 0.0 0.0 0.0 0.0 0.0 0.0 0.0 0.0 0.0 
TS32 0.1588 0.1588 0.1588 0.1588 0.1588 0.1588 0.1588 0.1588 0.1588 0.1588 0.1588 0.1588 0.1588 0.1588 0.1588 0.1588 0.1588 0.1588 0.1588 0.1588 0.1588 0.1588 0.1588 0.1588 0.1588 0.1588 0.1588 0.1588 0.1588 0.1588 0.1588 0.1588 
TS33 0.6283 0.6283 0.6283 0.6283 0.6283 0.6283 0.6283 0.6283 0.6283 0.6283 0.6283 0.6283 0.6283 0.6283 0.6283 0.6283 0.6283 0.6283 0.6283 0.6283 0.6283 0.6283 0.6283 0.6283 0.6283 0.6283 0.6283 0.6283 0.6283 0.6283 0.6283 0.6283 
TS34 0.24 0.24 0.24 0.24 0.24 0.24 0.24 0.24 0.24 0.24 0.24 0.24 0.24 0.24 0.24 0.24 0.24 0.24 0.24 0.24 0.24 0.24 0.24 0.24 0.24 0.24 0.24 0.24 0.24 0.24 0.24 0.24 
TS35 0.0 0.0 0.0 0.0 0.0 0.0 0.0 0.0 0.0 0.0 0.0 0.0 0.0 0.0 0.0 0.0 0.0 0.0 0.0 0.0 0.0 0.0 0.0 0.0 0.0 0.0 0.0 0.0 0.0 0.0 0.0 0.0 
TS36 0.0 0.0 0.0 0.0 0.0 0.0 0.0 0.0 0.0 0.0 0.0 0.0 0.0 0.0 0.0 0.0 0.0 0.0 0.0 0.0 0.0 0.0 0.0 0.0 0.0 0.0 0.0 0.0 0.0 0.0 0.0 0.0 
TS37 0.0 0.0 0.0 0.0 0.0 0.0 0.0 0.0 0.0 0.0 0.0 0.0 0.0 0.0 0.0 0.0 0.0 0.0 0.0 0.0 0.0 0.0 0.0 0.0 0.0 0.0 0.0 0.0 0.0 0.0 0.0 0.0 
TS38 0.2011 0.2011 0.2011 0.2011 0.2011 0.2011 0.2011 0.2011 0.2011 0.2011 0.2011 0.2011 0.2011 0.2011 0.2011 0.2011 0.2011 0.2011 0.2011 0.2011 0.2011 0.2011 0.2011 0.2011 0.2011 0.2011 0.2011 0.2011 0.2011 0.2011 0.2011 0.2011 
TS39 0.6475 0.6475 0.6475 0.6475 0.6475 0.6475 0.6475 0.6475 0.6475 0.6475 0.6475 0.6475 0.6475 0.6475 0.6475 0.6475 0.6475 0.6475 0.6475 0.6475 0.6475 0.6475 0.6475 0.6475 0.6475 0.6475 0.6475 0.6475 0.6475 0.6475 0.6475 0.6475 
TS40 0.2193 0.2193 0.2193 0.2193 0.2193 0.2193 0.2193 0.2193 0.2193 0.2193 0.2193 0.2193 0.2193 0.2193 0.2193 0.2193 0.2193 0.2193 0.2193 0.2193 0.2193 0.2193 0.2193 0.2193 0.2193 0.2193 0.2193 0.2193 0.2193 0.2193 0.2193 0.2193 
TS41 0.0 0.0 0.0 0.0 0.0 0.0 0.0 0.0 0.0 0.0 0.0 0.0 0.0 0.0 0.0 0.0 0.0 0.0 0.0 0.0 0.0 0.0 0.0 0.0 0.0 0.0 0.0 0.0 0.0 0.0 0.0 0.0 
TS42 0.0 0.0 0.0 0.0 0.0 0.0 0.0 0.0 0.0 0.0 0.0 0.0 0.0 0.0 0.0 0.0 0.0 0.0 0.0 0.0 0.0 0.0 0.0 0.0 0.0 0.0 0.0 0.0 0.0 0.0 0.0 0.0 
TS43 0.0 0.0 0.0 0.0 0.0 0.0 0.0 0.0 0.0 0.0 0.0 0.0 0.0 0.0 0.0 0.0 0.0 0.0 0.0 0.0 0.0 0.0 0.0 0.0 0.0 0.0 0.0 0.0 0.0 0.0 0.0 0.0 
TS44 0.2028 0.2028 0.2028 0.2028 0.2028 0.2028 0.2028 0.2028 0.2028 0.2028 0.2028 0.2028 0.2028 0.2028 0.2028 0.2028 0.2028 0.2028 0.2028 0.2028 0.2028 0.2028 0.2028 0.2028 0.2028 0.2028 0.2028 0.2028 0.2028 0.2028 0.2028 0.2028 
TS45 0.6576 0.6576 0.6576 0.6576 0.6576 0.6576 0.6576 0.6576 0.6576 0.6576 0.6576 0.6576 0.6576 0.6576 0.6576 0.6576 0.6576 0.6576 0.6576 0.6576 0.6576 0.6576 0.6576 0.6576 0.6576 0.6576 0.6576 0.6576 0.6576 0.6576 0.6576 0.6576 
TS46 0.2219 0.2219 0.2219 0.2219 0.2219 0.2219 0.2219 0.2219 0.2219 0.2219 0.2219 0.2219 0.2219 0.2219 0.2219 0.2219 0.2219 0.2219 0.2219 0.2219 0.2219 0.2219 0.2219 0.2219 0.2219 0.2219 0.2219 0.2219 0.2219 0.2219 0.2219 0.2219 
TS47 0.0 0.0 0.0 0.0 0.0 0.0 0.0 0.0 0.0 0.0 0.0 0.0 0.0 0.0 0.0 0.0 0.0 0.0 0.0 0.0 0.0 0.0 0.0 0.0 0.0 0.0 0.0 0.0 0.0 0.0 0.0 0.0 
TS48 0.0 0.0 0.0 0.0 0.0 0.0 0.0 0.0 0.0 0.0 0.0 0.0 0.0 0.0 0.0 0.0 0.0 0.0 0.0 0.0 0.0 0.0 0.0 0.0 0.0 0.0 0.0 0.0 0.0 0.0 0.0 0.0 
[RE1,PWRSOL002,*,*]:
2019 2020 2021 2022 2023 2024 2025 2026 2027 2028 2029 2030 2031 2032 2033 2034 2035 2036 2037 2038 2039 2040 2041 2042 2043 2044 2045 2046 2047 2048 2049 2050 :=
TS01 0.0 0.0 0.0 0.0 0.0 0.0 0.0 0.0 0.0 0.0 0.0 0.0 0.0 0.0 0.0 0.0 0.0 0.0 0.0 0.0 0.0 0.0 0.0 0.0 0.0 0.0 0.0 0.0 0.0 0.0 0.0 0.0 
TS02 0.1579 0.1579 0.1579 0.1579 0.1579 0.1579 0.1579 0.1579 0.1579 0.1579 0.1579 0.1579 0.1579 0.1579 0.1579 0.1579 0.1579 0.1579 0.1579 0.1579 0.1579 0.1579 0.1579 0.1579 0.1579 0.1579 0.1579 0.1579 0.1579 0.1579 0.1579 0.1579 
TS03 0.6615 0.6615 0.6615 0.6615 0.6615 0.6615 0.6615 0.6615 0.6615 0.6615 0.6615 0.6615 0.6615 0.6615 0.6615 0.6615 0.6615 0.6615 0.6615 0.6615 0.6615 0.6615 0.6615 0.6615 0.6615 0.6615 0.6615 0.6615 0.6615 0.6615 0.6615 0.6615 
TS04 0.2694 0.2694 0.2694 0.2694 0.2694 0.2694 0.2694 0.2694 0.2694 0.2694 0.2694 0.2694 0.2694 0.2694 0.2694 0.2694 0.2694 0.2694 0.2694 0.2694 0.2694 0.2694 0.2694 0.2694 0.2694 0.2694 0.2694 0.2694 0.2694 0.2694 0.2694 0.2694 
TS05 0.0 0.0 0.0 0.0 0.0 0.0 0.0 0.0 0.0 0.0 0.0 0.0 0.0 0.0 0.0 0.0 0.0 0.0 0.0 0.0 0.0 0.0 0.0 0.0 0.0 0.0 0.0 0.0 0.0 0.0 0.0 0.0 
TS06 0.0 0.0 0.0 0.0 0.0 0.0 0.0 0.0 0.0 0.0 0.0 0.0 0.0 0.0 0.0 0.0 0.0 0.0 0.0 0.0 0.0 0.0 0.0 0.0 0.0 0.0 0.0 0.0 0.0 0.0 0.0 0.0 
TS07 0.0 0.0 0.0 0.0 0.0 0.0 0.0 0.0 0.0 0.0 0.0 0.0 0.0 0.0 0.0 0.0 0.0 0.0 0.0 0.0 0.0 0.0 0.0 0.0 0.0 0.0 0.0 0.0 0.0 0.0 0.0 0.0 
TS08 0.1578 0.1578 0.1578 0.1578 0.1578 0.1578 0.1578 0.1578 0.1578 0.1578 0.1578 0.1578 0.1578 0.1578 0.1578 0.1578 0.1578 0.1578 0.1578 0.1578 0.1578 0.1578 0.1578 0.1578 0.1578 0.1578 0.1578 0.1578 0.1578 0.1578 0.1578 0.1578 
TS09 0.6693 0.6693 0.6693 0.6693 0.6693 0.6693 0.6693 0.6693 0.6693 0.6693 0.6693 0.6693 0.6693 0.6693 0.6693 0.6693 0.6693 0.6693 0.6693 0.6693 0.6693 0.6693 0.6693 0.6693 0.6693 0.6693 0.6693 0.6693 0.6693 0.6693 0.6693 0.6693 
TS10 0.2852 0.2852 0.2852 0.2852 0.2852 0.2852 0.2852 0.2852 0.2852 0.2852 0.2852 0.2852 0.2852 0.2852 0.2852 0.2852 0.2852 0.2852 0.2852 0.2852 0.2852 0.2852 0.2852 0.2852 0.2852 0.2852 0.2852 0.2852 0.2852 0.2852 0.2852 0.2852 
TS11 0.0 0.0 0.0 0.0 0.0 0.0 0.0 0.0 0.0 0.0 0.0 0.0 0.0 0.0 0.0 0.0 0.0 0.0 0.0 0.0 0.0 0.0 0.0 0.0 0.0 0.0 0.0 0.0 0.0 0.0 0.0 0.0 
TS12 0.0 0.0 0.0 0.0 0.0 0.0 0.0 0.0 0.0 0.0 0.0 0.0 0.0 0.0 0.0 0.0 0.0 0.0 0.0 0.0 0.0 0.0 0.0 0.0 0.0 0.0 0.0 0.0 0.0 0.0 0.0 0.0 
TS13 0.0 0.0 0.0 0.0 0.0 0.0 0.0 0.0 0.0 0.0 0.0 0.0 0.0 0.0 0.0 0.0 0.0 0.0 0.0 0.0 0.0 0.0 0.0 0.0 0.0 0.0 0.0 0.0 0.0 0.0 0.0 0.0 
TS14 0.147 0.147 0.147 0.147 0.147 0.147 0.147 0.147 0.147 0.147 0.147 0.147 0.147 0.147 0.147 0.147 0.147 0.147 0.147 0.147 0.147 0.147 0.147 0.147 0.147 0.147 0.147 0.147 0.147 0.147 0.147 0.147 
TS15 0.5687 0.5687 0.5687 0.5687 0.5687 0.5687 0.5687 0.5687 0.5687 0.5687 0.5687 0.5687 0.5687 0.5687 0.5687 0.5687 0.5687 0.5687 0.5687 0.5687 0.5687 0.5687 0.5687 0.5687 0.5687 0.5687 0.5687 0.5687 0.5687 0.5687 0.5687 0.5687 
TS16 0.1999 0.1999 0.1999 0.1999 0.1999 0.1999 0.1999 0.1999 0.1999 0.1999 0.1999 0.1999 0.1999 0.1999 0.1999 0.1999 0.1999 0.1999 0.1999 0.1999 0.1999 0.1999 0.1999 0.1999 0.1999 0.1999 0.1999 0.1999 0.1999 0.1999 0.1999 0.1999 
TS17 0.0 0.0 0.0 0.0 0.0 0.0 0.0 0.0 0.0 0.0 0.0 0.0 0.0 0.0 0.0 0.0 0.0 0.0 0.0 0.0 0.0 0.0 0.0 0.0 0.0 0.0 0.0 0.0 0.0 0.0 0.0 0.0 
TS18 0.0 0.0 0.0 0.0 0.0 0.0 0.0 0.0 0.0 0.0 0.0 0.0 0.0 0.0 0.0 0.0 0.0 0.0 0.0 0.0 0.0 0.0 0.0 0.0 0.0 0.0 0.0 0.0 0.0 0.0 0.0 0.0 
TS19 0.0 0.0 0.0 0.0 0.0 0.0 0.0 0.0 0.0 0.0 0.0 0.0 0.0 0.0 0.0 0.0 0.0 0.0 0.0 0.0 0.0 0.0 0.0 0.0 0.0 0.0 0.0 0.0 0.0 0.0 0.0 0.0 
TS20 0.1632 0.1632 0.1632 0.1632 0.1632 0.1632 0.1632 0.1632 0.1632 0.1632 0.1632 0.1632 0.1632 0.1632 0.1632 0.1632 0.1632 0.1632 0.1632 0.1632 0.1632 0.1632 0.1632 0.1632 0.1632 0.1632 0.1632 0.1632 0.1632 0.1632 0.1632 0.1632 
TS21 0.5952 0.5952 0.5952 0.5952 0.5952 0.5952 0.5952 0.5952 0.5952 0.5952 0.5952 0.5952 0.5952 0.5952 0.5952 0.5952 0.5952 0.5952 0.5952 0.5952 0.5952 0.5952 0.5952 0.5952 0.5952 0.5952 0.5952 0.5952 0.5952 0.5952 0.5952 0.5952 
TS22 0.1969 0.1969 0.1969 0.1969 0.1969 0.1969 0.1969 0.1969 0.1969 0.1969 0.1969 0.1969 0.1969 0.1969 0.1969 0.1969 0.1969 0.1969 0.1969 0.1969 0.1969 0.1969 0.1969 0.1969 0.1969 0.1969 0.1969 0.1969 0.1969 0.1969 0.1969 0.1969 
TS23 0.0 0.0 0.0 0.0 0.0 0.0 0.0 0.0 0.0 0.0 0.0 0.0 0.0 0.0 0.0 0.0 0.0 0.0 0.0 0.0 0.0 0.0 0.0 0.0 0.0 0.0 0.0 0.0 0.0 0.0 0.0 0.0 
TS24 0.0 0.0 0.0 0.0 0.0 0.0 0.0 0.0 0.0 0.0 0.0 0.0 0.0 0.0 0.0 0.0 0.0 0.0 0.0 0.0 0.0 0.0 0.0 0.0 0.0 0.0 0.0 0.0 0.0 0.0 0.0 0.0 
TS25 0.0 0.0 0.0 0.0 0.0 0.0 0.0 0.0 0.0 0.0 0.0 0.0 0.0 0.0 0.0 0.0 0.0 0.0 0.0 0.0 0.0 0.0 0.0 0.0 0.0 0.0 0.0 0.0 0.0 0.0 0.0 0.0 
TS26 0.1518 0.1518 0.1518 0.1518 0.1518 0.1518 0.1518 0.1518 0.1518 0.1518 0.1518 0.1518 0.1518 0.1518 0.1518 0.1518 0.1518 0.1518 0.1518 0.1518 0.1518 0.1518 0.1518 0.1518 0.1518 0.1518 0.1518 0.1518 0.1518 0.1518 0.1518 0.1518 
TS27 0.6091 0.6091 0.6091 0.6091 0.6091 0.6091 0.6091 0.6091 0.6091 0.6091 0.6091 0.6091 0.6091 0.6091 0.6091 0.6091 0.6091 0.6091 0.6091 0.6091 0.6091 0.6091 0.6091 0.6091 0.6091 0.6091 0.6091 0.6091 0.6091 0.6091 0.6091 0.6091 
TS28 0.2342 0.2342 0.2342 0.2342 0.2342 0.2342 0.2342 0.2342 0.2342 0.2342 0.2342 0.2342 0.2342 0.2342 0.2342 0.2342 0.2342 0.2342 0.2342 0.2342 0.2342 0.2342 0.2342 0.2342 0.2342 0.2342 0.2342 0.2342 0.2342 0.2342 0.2342 0.2342 
TS29 0.0 0.0 0.0 0.0 0.0 0.0 0.0 0.0 0.0 0.0 0.0 0.0 0.0 0.0 0.0 0.0 0.0 0.0 0.0 0.0 0.0 0.0 0.0 0.0 0.0 0.0 0.0 0.0 0.0 0.0 0.0 0.0 
TS30 0.0 0.0 0.0 0.0 0.0 0.0 0.0 0.0 0.0 0.0 0.0 0.0 0.0 0.0 0.0 0.0 0.0 0.0 0.0 0.0 0.0 0.0 0.0 0.0 0.0 0.0 0.0 0.0 0.0 0.0 0.0 0.0 
TS31 0.0 0.0 0.0 0.0 0.0 0.0 0.0 0.0 0.0 0.0 0.0 0.0 0.0 0.0 0.0 0.0 0.0 0.0 0.0 0.0 0.0 0.0 0.0 0.0 0.0 0.0 0.0 0.0 0.0 0.0 0.0 0.0 
TS32 0.1588 0.1588 0.1588 0.1588 0.1588 0.1588 0.1588 0.1588 0.1588 0.1588 0.1588 0.1588 0.1588 0.1588 0.1588 0.1588 0.1588 0.1588 0.1588 0.1588 0.1588 0.1588 0.1588 0.1588 0.1588 0.1588 0.1588 0.1588 0.1588 0.1588 0.1588 0.1588 
TS33 0.6283 0.6283 0.6283 0.6283 0.6283 0.6283 0.6283 0.6283 0.6283 0.6283 0.6283 0.6283 0.6283 0.6283 0.6283 0.6283 0.6283 0.6283 0.6283 0.6283 0.6283 0.6283 0.6283 0.6283 0.6283 0.6283 0.6283 0.6283 0.6283 0.6283 0.6283 0.6283 
TS34 0.24 0.24 0.24 0.24 0.24 0.24 0.24 0.24 0.24 0.24 0.24 0.24 0.24 0.24 0.24 0.24 0.24 0.24 0.24 0.24 0.24 0.24 0.24 0.24 0.24 0.24 0.24 0.24 0.24 0.24 0.24 0.24 
TS35 0.0 0.0 0.0 0.0 0.0 0.0 0.0 0.0 0.0 0.0 0.0 0.0 0.0 0.0 0.0 0.0 0.0 0.0 0.0 0.0 0.0 0.0 0.0 0.0 0.0 0.0 0.0 0.0 0.0 0.0 0.0 0.0 
TS36 0.0 0.0 0.0 0.0 0.0 0.0 0.0 0.0 0.0 0.0 0.0 0.0 0.0 0.0 0.0 0.0 0.0 0.0 0.0 0.0 0.0 0.0 0.0 0.0 0.0 0.0 0.0 0.0 0.0 0.0 0.0 0.0 
TS37 0.0 0.0 0.0 0.0 0.0 0.0 0.0 0.0 0.0 0.0 0.0 0.0 0.0 0.0 0.0 0.0 0.0 0.0 0.0 0.0 0.0 0.0 0.0 0.0 0.0 0.0 0.0 0.0 0.0 0.0 0.0 0.0 
TS38 0.2011 0.2011 0.2011 0.2011 0.2011 0.2011 0.2011 0.2011 0.2011 0.2011 0.2011 0.2011 0.2011 0.2011 0.2011 0.2011 0.2011 0.2011 0.2011 0.2011 0.2011 0.2011 0.2011 0.2011 0.2011 0.2011 0.2011 0.2011 0.2011 0.2011 0.2011 0.2011 
TS39 0.6475 0.6475 0.6475 0.6475 0.6475 0.6475 0.6475 0.6475 0.6475 0.6475 0.6475 0.6475 0.6475 0.6475 0.6475 0.6475 0.6475 0.6475 0.6475 0.6475 0.6475 0.6475 0.6475 0.6475 0.6475 0.6475 0.6475 0.6475 0.6475 0.6475 0.6475 0.6475 
TS40 0.2193 0.2193 0.2193 0.2193 0.2193 0.2193 0.2193 0.2193 0.2193 0.2193 0.2193 0.2193 0.2193 0.2193 0.2193 0.2193 0.2193 0.2193 0.2193 0.2193 0.2193 0.2193 0.2193 0.2193 0.2193 0.2193 0.2193 0.2193 0.2193 0.2193 0.2193 0.2193 
TS41 0.0 0.0 0.0 0.0 0.0 0.0 0.0 0.0 0.0 0.0 0.0 0.0 0.0 0.0 0.0 0.0 0.0 0.0 0.0 0.0 0.0 0.0 0.0 0.0 0.0 0.0 0.0 0.0 0.0 0.0 0.0 0.0 
TS42 0.0 0.0 0.0 0.0 0.0 0.0 0.0 0.0 0.0 0.0 0.0 0.0 0.0 0.0 0.0 0.0 0.0 0.0 0.0 0.0 0.0 0.0 0.0 0.0 0.0 0.0 0.0 0.0 0.0 0.0 0.0 0.0 
TS43 0.0 0.0 0.0 0.0 0.0 0.0 0.0 0.0 0.0 0.0 0.0 0.0 0.0 0.0 0.0 0.0 0.0 0.0 0.0 0.0 0.0 0.0 0.0 0.0 0.0 0.0 0.0 0.0 0.0 0.0 0.0 0.0 
TS44 0.2028 0.2028 0.2028 0.2028 0.2028 0.2028 0.2028 0.2028 0.2028 0.2028 0.2028 0.2028 0.2028 0.2028 0.2028 0.2028 0.2028 0.2028 0.2028 0.2028 0.2028 0.2028 0.2028 0.2028 0.2028 0.2028 0.2028 0.2028 0.2028 0.2028 0.2028 0.2028 
TS45 0.6576 0.6576 0.6576 0.6576 0.6576 0.6576 0.6576 0.6576 0.6576 0.6576 0.6576 0.6576 0.6576 0.6576 0.6576 0.6576 0.6576 0.6576 0.6576 0.6576 0.6576 0.6576 0.6576 0.6576 0.6576 0.6576 0.6576 0.6576 0.6576 0.6576 0.6576 0.6576 
TS46 0.2219 0.2219 0.2219 0.2219 0.2219 0.2219 0.2219 0.2219 0.2219 0.2219 0.2219 0.2219 0.2219 0.2219 0.2219 0.2219 0.2219 0.2219 0.2219 0.2219 0.2219 0.2219 0.2219 0.2219 0.2219 0.2219 0.2219 0.2219 0.2219 0.2219 0.2219 0.2219 
TS47 0.0 0.0 0.0 0.0 0.0 0.0 0.0 0.0 0.0 0.0 0.0 0.0 0.0 0.0 0.0 0.0 0.0 0.0 0.0 0.0 0.0 0.0 0.0 0.0 0.0 0.0 0.0 0.0 0.0 0.0 0.0 0.0 
TS48 0.0 0.0 0.0 0.0 0.0 0.0 0.0 0.0 0.0 0.0 0.0 0.0 0.0 0.0 0.0 0.0 0.0 0.0 0.0 0.0 0.0 0.0 0.0 0.0 0.0 0.0 0.0 0.0 0.0 0.0 0.0 0.0 
[RE1,PWRWND001,*,*]:
2019 2020 2021 2022 2023 2024 2025 2026 2027 2028 2029 2030 2031 2032 2033 2034 2035 2036 2037 2038 2039 2040 2041 2042 2043 2044 2045 2046 2047 2048 2049 2050 :=
TS01 0.3342 0.3342 0.3342 0.3342 0.3342 0.3342 0.3342 0.3342 0.3342 0.3342 0.3342 0.3342 0.3342 0.3342 0.3342 0.3342 0.3342 0.3342 0.3342 0.3342 0.3342 0.3342 0.3342 0.3342 0.3342 0.3342 0.3342 0.3342 0.3342 0.3342 0.3342 0.3342 
TS02 0.3737 0.3737 0.3737 0.3737 0.3737 0.3737 0.3737 0.3737 0.3737 0.3737 0.3737 0.3737 0.3737 0.3737 0.3737 0.3737 0.3737 0.3737 0.3737 0.3737 0.3737 0.3737 0.3737 0.3737 0.3737 0.3737 0.3737 0.3737 0.3737 0.3737 0.3737 0.3737 
TS03 0.4309 0.4309 0.4309 0.4309 0.4309 0.4309 0.4309 0.4309 0.4309 0.4309 0.4309 0.4309 0.4309 0.4309 0.4309 0.4309 0.4309 0.4309 0.4309 0.4309 0.4309 0.4309 0.4309 0.4309 0.4309 0.4309 0.4309 0.4309 0.4309 0.4309 0.4309 0.4309 
TS04 0.3328 0.3328 0.3328 0.3328 0.3328 0.3328 0.3328 0.3328 0.3328 0.3328 0.3328 0.3328 0.3328 0.3328 0.3328 0.3328 0.3328 0.3328 0.3328 0.3328 0.3328 0.3328 0.3328 0.3328 0.3328 0.3328 0.3328 0.3328 0.3328 0.3328 0.3328 0.3328 
TS05 0.4332 0.4332 0.4332 0.4332 0.4332 0.4332 0.4332 0.4332 0.4332 0.4332 0.4332 0.4332 0.4332 0.4332 0.4332 0.4332 0.4332 0.4332 0.4332 0.4332 0.4332 0.4332 0.4332 0.4332 0.4332 0.4332 0.4332 0.4332 0.4332 0.4332 0.4332 0.4332 
TS06 0.4387 0.4387 0.4387 0.4387 0.4387 0.4387 0.4387 0.4387 0.4387 0.4387 0.4387 0.4387 0.4387 0.4387 0.4387 0.4387 0.4387 0.4387 0.4387 0.4387 0.4387 0.4387 0.4387 0.4387 0.4387 0.4387 0.4387 0.4387 0.4387 0.4387 0.4387 0.4387 
TS07 0.3144 0.3144 0.3144 0.3144 0.3144 0.3144 0.3144 0.3144 0.3144 0.3144 0.3144 0.3144 0.3144 0.3144 0.3144 0.3144 0.3144 0.3144 0.3144 0.3144 0.3144 0.3144 0.3144 0.3144 0.3144 0.3144 0.3144 0.3144 0.3144 0.3144 0.3144 0.3144 
TS08 0.3739 0.3739 0.3739 0.3739 0.3739 0.3739 0.3739 0.3739 0.3739 0.3739 0.3739 0.3739 0.3739 0.3739 0.3739 0.3739 0.3739 0.3739 0.3739 0.3739 0.3739 0.3739 0.3739 0.3739 0.3739 0.3739 0.3739 0.3739 0.3739 0.3739 0.3739 0.3739 
TS09 0.4403 0.4403 0.4403 0.4403 0.4403 0.4403 0.4403 0.4403 0.4403 0.4403 0.4403 0.4403 0.4403 0.4403 0.4403 0.4403 0.4403 0.4403 0.4403 0.4403 0.4403 0.4403 0.4403 0.4403 0.4403 0.4403 0.4403 0.4403 0.4403 0.4403 0.4403 0.4403 
TS10 0.3641 0.3641 0.3641 0.3641 0.3641 0.3641 0.3641 0.3641 0.3641 0.3641 0.3641 0.3641 0.3641 0.3641 0.3641 0.3641 0.3641 0.3641 0.3641 0.3641 0.3641 0.3641 0.3641 0.3641 0.3641 0.3641 0.3641 0.3641 0.3641 0.3641 0.3641 0.3641 
TS11 0.4701 0.4701 0.4701 0.4701 0.4701 0.4701 0.4701 0.4701 0.4701 0.4701 0.4701 0.4701 0.4701 0.4701 0.4701 0.4701 0.4701 0.4701 0.4701 0.4701 0.4701 0.4701 0.4701 0.4701 0.4701 0.4701 0.4701 0.4701 0.4701 0.4701 0.4701 0.4701 
TS12 0.4714 0.4714 0.4714 0.4714 0.4714 0.4714 0.4714 0.4714 0.4714 0.4714 0.4714 0.4714 0.4714 0.4714 0.4714 0.4714 0.4714 0.4714 0.4714 0.4714 0.4714 0.4714 0.4714 0.4714 0.4714 0.4714 0.4714 0.4714 0.4714 0.4714 0.4714 0.4714 
TS13 0.3133 0.3133 0.3133 0.3133 0.3133 0.3133 0.3133 0.3133 0.3133 0.3133 0.3133 0.3133 0.3133 0.3133 0.3133 0.3133 0.3133 0.3133 0.3133 0.3133 0.3133 0.3133 0.3133 0.3133 0.3133 0.3133 0.3133 0.3133 0.3133 0.3133 0.3133 0.3133 
TS14 0.2958 0.2958 0.2958 0.2958 0.2958 0.2958 0.2958 0.2958 0.2958 0.2958 0.2958 0.2958 0.2958 0.2958 0.2958 0.2958 0.2958 0.2958 0.2958 0.2958 0.2958 0.2958 0.2958 0.2958 0.2958 0.2958 0.2958 0.2958 0.2958 0.2958 0.2958 0.2958 
TS15 0.2892 0.2892 0.2892 0.2892 0.2892 0.2892 0.2892 0.2892 0.2892 0.2892 0.2892 0.2892 0.2892 0.2892 0.2892 0.2892 0.2892 0.2892 0.2892 0.2892 0.2892 0.2892 0.2892 0.2892 0.2892 0.2892 0.2892 0.2892 0.2892 0.2892 0.2892 0.2892 
TS16 0.2862 0.2862 0.2862 0.2862 0.2862 0.2862 0.2862 0.2862 0.2862 0.2862 0.2862 0.2862 0.2862 0.2862 0.2862 0.2862 0.2862 0.2862 0.2862 0.2862 0.2862 0.2862 0.2862 0.2862 0.2862 0.2862 0.2862 0.2862 0.2862 0.2862 0.2862 0.2862 
TS17 0.3589 0.3589 0.3589 0.3589 0.3589 0.3589 0.3589 0.3589 0.3589 0.3589 0.3589 0.3589 0.3589 0.3589 0.3589 0.3589 0.3589 0.3589 0.3589 0.3589 0.3589 0.3589 0.3589 0.3589 0.3589 0.3589 0.3589 0.3589 0.3589 0.3589 0.3589 0.3589 
TS18 0.3528 0.3528 0.3528 0.3528 0.3528 0.3528 0.3528 0.3528 0.3528 0.3528 0.3528 0.3528 0.3528 0.3528 0.3528 0.3528 0.3528 0.3528 0.3528 0.3528 0.3528 0.3528 0.3528 0.3528 0.3528 0.3528 0.3528 0.3528 0.3528 0.3528 0.3528 0.3528 
TS19 0.3632 0.3632 0.3632 0.3632 0.3632 0.3632 0.3632 0.3632 0.3632 0.3632 0.3632 0.3632 0.3632 0.3632 0.3632 0.3632 0.3632 0.3632 0.3632 0.3632 0.3632 0.3632 0.3632 0.3632 0.3632 0.3632 0.3632 0.3632 0.3632 0.3632 0.3632 0.3632 
TS20 0.3241 0.3241 0.3241 0.3241 0.3241 0.3241 0.3241 0.3241 0.3241 0.3241 0.3241 0.3241 0.3241 0.3241 0.3241 0.3241 0.3241 0.3241 0.3241 0.3241 0.3241 0.3241 0.3241 0.3241 0.3241 0.3241 0.3241 0.3241 0.3241 0.3241 0.3241 0.3241 
TS21 0.3134 0.3134 0.3134 0.3134 0.3134 0.3134 0.3134 0.3134 0.3134 0.3134 0.3134 0.3134 0.3134 0.3134 0.3134 0.3134 0.3134 0.3134 0.3134 0.3134 0.3134 0.3134 0.3134 0.3134 0.3134 0.3134 0.3134 0.3134 0.3134 0.3134 0.3134 0.3134 
TS22 0.3116 0.3116 0.3116 0.3116 0.3116 0.3116 0.3116 0.3116 0.3116 0.3116 0.3116 0.3116 0.3116 0.3116 0.3116 0.3116 0.3116 0.3116 0.3116 0.3116 0.3116 0.3116 0.3116 0.3116 0.3116 0.3116 0.3116 0.3116 0.3116 0.3116 0.3116 0.3116 
TS23 0.3967 0.3967 0.3967 0.3967 0.3967 0.3967 0.3967 0.3967 0.3967 0.3967 0.3967 0.3967 0.3967 0.3967 0.3967 0.3967 0.3967 0.3967 0.3967 0.3967 0.3967 0.3967 0.3967 0.3967 0.3967 0.3967 0.3967 0.3967 0.3967 0.3967 0.3967 0.3967 
TS24 0.4108 0.4108 0.4108 0.4108 0.4108 0.4108 0.4108 0.4108 0.4108 0.4108 0.4108 0.4108 0.4108 0.4108 0.4108 0.4108 0.4108 0.4108 0.4108 0.4108 0.4108 0.4108 0.4108 0.4108 0.4108 0.4108 0.4108 0.4108 0.4108 0.4108 0.4108 0.4108 
TS25 0.7262 0.7262 0.7262 0.7262 0.7262 0.7262 0.7262 0.7262 0.7262 0.7262 0.7262 0.7262 0.7262 0.7262 0.7262 0.7262 0.7262 0.7262 0.7262 0.7262 0.7262 0.7262 0.7262 0.7262 0.7262 0.7262 0.7262 0.7262 0.7262 0.7262 0.7262 0.7262 
TS26 0.6849 0.6849 0.6849 0.6849 0.6849 0.6849 0.6849 0.6849 0.6849 0.6849 0.6849 0.6849 0.6849 0.6849 0.6849 0.6849 0.6849 0.6849 0.6849 0.6849 0.6849 0.6849 0.6849 0.6849 0.6849 0.6849 0.6849 0.6849 0.6849 0.6849 0.6849 0.6849 
TS27 0.5789 0.5789 0.5789 0.5789 0.5789 0.5789 0.5789 0.5789 0.5789 0.5789 0.5789 0.5789 0.5789 0.5789 0.5789 0.5789 0.5789 0.5789 0.5789 0.5789 0.5789 0.5789 0.5789 0.5789 0.5789 0.5789 0.5789 0.5789 0.5789 0.5789 0.5789 0.5789 
TS28 0.5214 0.5214 0.5214 0.5214 0.5214 0.5214 0.5214 0.5214 0.5214 0.5214 0.5214 0.5214 0.5214 0.5214 0.5214 0.5214 0.5214 0.5214 0.5214 0.5214 0.5214 0.5214 0.5214 0.5214 0.5214 0.5214 0.5214 0.5214 0.5214 0.5214 0.5214 0.5214 
TS29 0.6899 0.6899 0.6899 0.6899 0.6899 0.6899 0.6899 0.6899 0.6899 0.6899 0.6899 0.6899 0.6899 0.6899 0.6899 0.6899 0.6899 0.6899 0.6899 0.6899 0.6899 0.6899 0.6899 0.6899 0.6899 0.6899 0.6899 0.6899 0.6899 0.6899 0.6899 0.6899 
TS30 0.7249 0.7249 0.7249 0.7249 0.7249 0.7249 0.7249 0.7249 0.7249 0.7249 0.7249 0.7249 0.7249 0.7249 0.7249 0.7249 0.7249 0.7249 0.7249 0.7249 0.7249 0.7249 0.7249 0.7249 0.7249 0.7249 0.7249 0.7249 0.7249 0.7249 0.7249 0.7249 
TS31 0.7495 0.7495 0.7495 0.7495 0.7495 0.7495 0.7495 0.7495 0.7495 0.7495 0.7495 0.7495 0.7495 0.7495 0.7495 0.7495 0.7495 0.7495 0.7495 0.7495 0.7495 0.7495 0.7495 0.7495 0.7495 0.7495 0.7495 0.7495 0.7495 0.7495 0.7495 0.7495 
TS32 0.6949 0.6949 0.6949 0.6949 0.6949 0.6949 0.6949 0.6949 0.6949 0.6949 0.6949 0.6949 0.6949 0.6949 0.6949 0.6949 0.6949 0.6949 0.6949 0.6949 0.6949 0.6949 0.6949 0.6949 0.6949 0.6949 0.6949 0.6949 0.6949 0.6949 0.6949 0.6949 
TS33 0.5843 0.5843 0.5843 0.5843 0.5843 0.5843 0.5843 0.5843 0.5843 0.5843 0.5843 0.5843 0.5843 0.5843 0.5843 0.5843 0.5843 0.5843 0.5843 0.5843 0.5843 0.5843 0.5843 0.5843 0.5843 0.5843 0.5843 0.5843 0.5843 0.5843 0.5843 0.5843 
TS34 0.5408 0.5408 0.5408 0.5408 0.5408 0.5408 0.5408 0.5408 0.5408 0.5408 0.5408 0.5408 0.5408 0.5408 0.5408 0.5408 0.5408 0.5408 0.5408 0.5408 0.5408 0.5408 0.5408 0.5408 0.5408 0.5408 0.5408 0.5408 0.5408 0.5408 0.5408 0.5408 
TS35 0.7135 0.7135 0.7135 0.7135 0.7135 0.7135 0.7135 0.7135 0.7135 0.7135 0.7135 0.7135 0.7135 0.7135 0.7135 0.7135 0.7135 0.7135 0.7135 0.7135 0.7135 0.7135 0.7135 0.7135 0.7135 0.7135 0.7135 0.7135 0.7135 0.7135 0.7135 0.7135 
TS36 0.7396 0.7396 0.7396 0.7396 0.7396 0.7396 0.7396 0.7396 0.7396 0.7396 0.7396 0.7396 0.7396 0.7396 0.7396 0.7396 0.7396 0.7396 0.7396 0.7396 0.7396 0.7396 0.7396 0.7396 0.7396 0.7396 0.7396 0.7396 0.7396 0.7396 0.7396 0.7396 
TS37 0.4288 0.4288 0.4288 0.4288 0.4288 0.4288 0.4288 0.4288 0.4288 0.4288 0.4288 0.4288 0.4288 0.4288 0.4288 0.4288 0.4288 0.4288 0.4288 0.4288 0.4288 0.4288 0.4288 0.4288 0.4288 0.4288 0.4288 0.4288 0.4288 0.4288 0.4288 0.4288 
TS38 0.4745 0.4745 0.4745 0.4745 0.4745 0.4745 0.4745 0.4745 0.4745 0.4745 0.4745 0.4745 0.4745 0.4745 0.4745 0.4745 0.4745 0.4745 0.4745 0.4745 0.4745 0.4745 0.4745 0.4745 0.4745 0.4745 0.4745 0.4745 0.4745 0.4745 0.4745 0.4745 
TS39 0.5239 0.5239 0.5239 0.5239 0.5239 0.5239 0.5239 0.5239 0.5239 0.5239 0.5239 0.5239 0.5239 0.5239 0.5239 0.5239 0.5239 0.5239 0.5239 0.5239 0.5239 0.5239 0.5239 0.5239 0.5239 0.5239 0.5239 0.5239 0.5239 0.5239 0.5239 0.5239 
TS40 0.5571 0.5571 0.5571 0.5571 0.5571 0.5571 0.5571 0.5571 0.5571 0.5571 0.5571 0.5571 0.5571 0.5571 0.5571 0.5571 0.5571 0.5571 0.5571 0.5571 0.5571 0.5571 0.5571 0.5571 0.5571 0.5571 0.5571 0.5571 0.5571 0.5571 0.5571 0.5571 
TS41 0.5994 0.5994 0.5994 0.5994 0.5994 0.5994 0.5994 0.5994 0.5994 0.5994 0.5994 0.5994 0.5994 0.5994 0.5994 0.5994 0.5994 0.5994 0.5994 0.5994 0.5994 0.5994 0.5994 0.5994 0.5994 0.5994 0.5994 0.5994 0.5994 0.5994 0.5994 0.5994 
TS42 0.527 0.527 0.527 0.527 0.527 0.527 0.527 0.527 0.527 0.527 0.527 0.527 0.527 0.527 0.527 0.527 0.527 0.527 0.527 0.527 0.527 0.527 0.527 0.527 0.527 0.527 0.527 0.527 0.527 0.527 0.527 0.527 
TS43 0.4223 0.4223 0.4223 0.4223 0.4223 0.4223 0.4223 0.4223 0.4223 0.4223 0.4223 0.4223 0.4223 0.4223 0.4223 0.4223 0.4223 0.4223 0.4223 0.4223 0.4223 0.4223 0.4223 0.4223 0.4223 0.4223 0.4223 0.4223 0.4223 0.4223 0.4223 0.4223 
TS44 0.4392 0.4392 0.4392 0.4392 0.4392 0.4392 0.4392 0.4392 0.4392 0.4392 0.4392 0.4392 0.4392 0.4392 0.4392 0.4392 0.4392 0.4392 0.4392 0.4392 0.4392 0.4392 0.4392 0.4392 0.4392 0.4392 0.4392 0.4392 0.4392 0.4392 0.4392 0.4392 
TS45 0.5135 0.5135 0.5135 0.5135 0.5135 0.5135 0.5135 0.5135 0.5135 0.5135 0.5135 0.5135 0.5135 0.5135 0.5135 0.5135 0.5135 0.5135 0.5135 0.5135 0.5135 0.5135 0.5135 0.5135 0.5135 0.5135 0.5135 0.5135 0.5135 0.5135 0.5135 0.5135 
TS46 0.5455 0.5455 0.5455 0.5455 0.5455 0.5455 0.5455 0.5455 0.5455 0.5455 0.5455 0.5455 0.5455 0.5455 0.5455 0.5455 0.5455 0.5455 0.5455 0.5455 0.5455 0.5455 0.5455 0.5455 0.5455 0.5455 0.5455 0.5455 0.5455 0.5455 0.5455 0.5455 
TS47 0.6067 0.6067 0.6067 0.6067 0.6067 0.6067 0.6067 0.6067 0.6067 0.6067 0.6067 0.6067 0.6067 0.6067 0.6067 0.6067 0.6067 0.6067 0.6067 0.6067 0.6067 0.6067 0.6067 0.6067 0.6067 0.6067 0.6067 0.6067 0.6067 0.6067 0.6067 0.6067 
TS48 0.5359 0.5359 0.5359 0.5359 0.5359 0.5359 0.5359 0.5359 0.5359 0.5359 0.5359 0.5359 0.5359 0.5359 0.5359 0.5359 0.5359 0.5359 0.5359 0.5359 0.5359 0.5359 0.5359 0.5359 0.5359 0.5359 0.5359 0.5359 0.5359 0.5359 0.5359 0.5359 
[RE1,PWRWND002,*,*]:
2019 2020 2021 2022 2023 2024 2025 2026 2027 2028 2029 2030 2031 2032 2033 2034 2035 2036 2037 2038 2039 2040 2041 2042 2043 2044 2045 2046 2047 2048 2049 2050 :=
TS01 0.6673 0.6673 0.6673 0.6673 0.6673 0.6673 0.6673 0.6673 0.6673 0.6673 0.6673 0.6673 0.6673 0.6673 0.6673 0.6673 0.6673 0.6673 0.6673 0.6673 0.6673 0.6673 0.6673 0.6673 0.6673 0.6673 0.6673 0.6673 0.6673 0.6673 0.6673 0.6673 
TS02 0.5714 0.5714 0.5714 0.5714 0.5714 0.5714 0.5714 0.5714 0.5714 0.5714 0.5714 0.5714 0.5714 0.5714 0.5714 0.5714 0.5714 0.5714 0.5714 0.5714 0.5714 0.5714 0.5714 0.5714 0.5714 0.5714 0.5714 0.5714 0.5714 0.5714 0.5714 0.5714 
TS03 0.6013 0.6013 0.6013 0.6013 0.6013 0.6013 0.6013 0.6013 0.6013 0.6013 0.6013 0.6013 0.6013 0.6013 0.6013 0.6013 0.6013 0.6013 0.6013 0.6013 0.6013 0.6013 0.6013 0.6013 0.6013 0.6013 0.6013 0.6013 0.6013 0.6013 0.6013 0.6013 
TS04 0.7067 0.7067 0.7067 0.7067 0.7067 0.7067 0.7067 0.7067 0.7067 0.7067 0.7067 0.7067 0.7067 0.7067 0.7067 0.7067 0.7067 0.7067 0.7067 0.7067 0.7067 0.7067 0.7067 0.7067 0.7067 0.7067 0.7067 0.7067 0.7067 0.7067 0.7067 0.7067 
TS05 0.7085 0.7085 0.7085 0.7085 0.7085 0.7085 0.7085 0.7085 0.7085 0.7085 0.7085 0.7085 0.7085 0.7085 0.7085 0.7085 0.7085 0.7085 0.7085 0.7085 0.7085 0.7085 0.7085 0.7085 0.7085 0.7085 0.7085 0.7085 0.7085 0.7085 0.7085 0.7085 
TS06 0.6887 0.6887 0.6887 0.6887 0.6887 0.6887 0.6887 0.6887 0.6887 0.6887 0.6887 0.6887 0.6887 0.6887 0.6887 0.6887 0.6887 0.6887 0.6887 0.6887 0.6887 0.6887 0.6887 0.6887 0.6887 0.6887 0.6887 0.6887 0.6887 0.6887 0.6887 0.6887 
TS07 0.6526 0.6526 0.6526 0.6526 0.6526 0.6526 0.6526 0.6526 0.6526 0.6526 0.6526 0.6526 0.6526 0.6526 0.6526 0.6526 0.6526 0.6526 0.6526 0.6526 0.6526 0.6526 0.6526 0.6526 0.6526 0.6526 0.6526 0.6526 0.6526 0.6526 0.6526 0.6526 
TS08 0.5417 0.5417 0.5417 0.5417 0.5417 0.5417 0.5417 0.5417 0.5417 0.5417 0.5417 0.5417 0.5417 0.5417 0.5417 0.5417 0.5417 0.5417 0.5417 0.5417 0.5417 0.5417 0.5417 0.5417 0.5417 0.5417 0.5417 0.5417 0.5417 0.5417 0.5417 0.5417 
TS09 0.6134 0.6134 0.6134 0.6134 0.6134 0.6134 0.6134 0.6134 0.6134 0.6134 0.6134 0.6134 0.6134 0.6134 0.6134 0.6134 0.6134 0.6134 0.6134 0.6134 0.6134 0.6134 0.6134 0.6134 0.6134 0.6134 0.6134 0.6134 0.6134 0.6134 0.6134 0.6134 
TS10 0.7201 0.7201 0.7201 0.7201 0.7201 0.7201 0.7201 0.7201 0.7201 0.7201 0.7201 0.7201 0.7201 0.7201 0.7201 0.7201 0.7201 0.7201 0.7201 0.7201 0.7201 0.7201 0.7201 0.7201 0.7201 0.7201 0.7201 0.7201 0.7201 0.7201 0.7201 0.7201 
TS11 0.7063 0.7063 0.7063 0.7063 0.7063 0.7063 0.7063 0.7063 0.7063 0.7063 0.7063 0.7063 0.7063 0.7063 0.7063 0.7063 0.7063 0.7063 0.7063 0.7063 0.7063 0.7063 0.7063 0.7063 0.7063 0.7063 0.7063 0.7063 0.7063 0.7063 0.7063 0.7063 
TS12 0.7069 0.7069 0.7069 0.7069 0.7069 0.7069 0.7069 0.7069 0.7069 0.7069 0.7069 0.7069 0.7069 0.7069 0.7069 0.7069 0.7069 0.7069 0.7069 0.7069 0.7069 0.7069 0.7069 0.7069 0.7069 0.7069 0.7069 0.7069 0.7069 0.7069 0.7069 0.7069 
TS13 0.347 0.347 0.347 0.347 0.347 0.347 0.347 0.347 0.347 0.347 0.347 0.347 0.347 0.347 0.347 0.347 0.347 0.347 0.347 0.347 0.347 0.347 0.347 0.347 0.347 0.347 0.347 0.347 0.347 0.347 0.347 0.347 
TS14 0.2866 0.2866 0.2866 0.2866 0.2866 0.2866 0.2866 0.2866 0.2866 0.2866 0.2866 0.2866 0.2866 0.2866 0.2866 0.2866 0.2866 0.2866 0.2866 0.2866 0.2866 0.2866 0.2866 0.2866 0.2866 0.2866 0.2866 0.2866 0.2866 0.2866 0.2866 0.2866 
TS15 0.347 0.347 0.347 0.347 0.347 0.347 0.347 0.347 0.347 0.347 0.347 0.347 0.347 0.347 0.347 0.347 0.347 0.347 0.347 0.347 0.347 0.347 0.347 0.347 0.347 0.347 0.347 0.347 0.347 0.347 0.347 0.347 
TS16 0.4301 0.4301 0.4301 0.4301 0.4301 0.4301 0.4301 0.4301 0.4301 0.4301 0.4301 0.4301 0.4301 0.4301 0.4301 0.4301 0.4301 0.4301 0.4301 0.4301 0.4301 0.4301 0.4301 0.4301 0.4301 0.4301 0.4301 0.4301 0.4301 0.4301 0.4301 0.4301 
TS17 0.363 0.363 0.363 0.363 0.363 0.363 0.363 0.363 0.363 0.363 0.363 0.363 0.363 0.363 0.363 0.363 0.363 0.363 0.363 0.363 0.363 0.363 0.363 0.363 0.363 0.363 0.363 0.363 0.363 0.363 0.363 0.363 
TS18 0.359 0.359 0.359 0.359 0.359 0.359 0.359 0.359 0.359 0.359 0.359 0.359 0.359 0.359 0.359 0.359 0.359 0.359 0.359 0.359 0.359 0.359 0.359 0.359 0.359 0.359 0.359 0.359 0.359 0.359 0.359 0.359 
TS19 0.3515 0.3515 0.3515 0.3515 0.3515 0.3515 0.3515 0.3515 0.3515 0.3515 0.3515 0.3515 0.3515 0.3515 0.3515 0.3515 0.3515 0.3515 0.3515 0.3515 0.3515 0.3515 0.3515 0.3515 0.3515 0.3515 0.3515 0.3515 0.3515 0.3515 0.3515 0.3515 
TS20 0.2502 0.2502 0.2502 0.2502 0.2502 0.2502 0.2502 0.2502 0.2502 0.2502 0.2502 0.2502 0.2502 0.2502 0.2502 0.2502 0.2502 0.2502 0.2502 0.2502 0.2502 0.2502 0.2502 0.2502 0.2502 0.2502 0.2502 0.2502 0.2502 0.2502 0.2502 0.2502 
TS21 0.2891 0.2891 0.2891 0.2891 0.2891 0.2891 0.2891 0.2891 0.2891 0.2891 0.2891 0.2891 0.2891 0.2891 0.2891 0.2891 0.2891 0.2891 0.2891 0.2891 0.2891 0.2891 0.2891 0.2891 0.2891 0.2891 0.2891 0.2891 0.2891 0.2891 0.2891 0.2891 
TS22 0.4148 0.4148 0.4148 0.4148 0.4148 0.4148 0.4148 0.4148 0.4148 0.4148 0.4148 0.4148 0.4148 0.4148 0.4148 0.4148 0.4148 0.4148 0.4148 0.4148 0.4148 0.4148 0.4148 0.4148 0.4148 0.4148 0.4148 0.4148 0.4148 0.4148 0.4148 0.4148 
TS23 0.3367 0.3367 0.3367 0.3367 0.3367 0.3367 0.3367 0.3367 0.3367 0.3367 0.3367 0.3367 0.3367 0.3367 0.3367 0.3367 0.3367 0.3367 0.3367 0.3367 0.3367 0.3367 0.3367 0.3367 0.3367 0.3367 0.3367 0.3367 0.3367 0.3367 0.3367 0.3367 
TS24 0.3683 0.3683 0.3683 0.3683 0.3683 0.3683 0.3683 0.3683 0.3683 0.3683 0.3683 0.3683 0.3683 0.3683 0.3683 0.3683 0.3683 0.3683 0.3683 0.3683 0.3683 0.3683 0.3683 0.3683 0.3683 0.3683 0.3683 0.3683 0.3683 0.3683 0.3683 0.3683 
TS25 0.5606 0.5606 0.5606 0.5606 0.5606 0.5606 0.5606 0.5606 0.5606 0.5606 0.5606 0.5606 0.5606 0.5606 0.5606 0.5606 0.5606 0.5606 0.5606 0.5606 0.5606 0.5606 0.5606 0.5606 0.5606 0.5606 0.5606 0.5606 0.5606 0.5606 0.5606 0.5606 
TS26 0.4833 0.4833 0.4833 0.4833 0.4833 0.4833 0.4833 0.4833 0.4833 0.4833 0.4833 0.4833 0.4833 0.4833 0.4833 0.4833 0.4833 0.4833 0.4833 0.4833 0.4833 0.4833 0.4833 0.4833 0.4833 0.4833 0.4833 0.4833 0.4833 0.4833 0.4833 0.4833 
TS27 0.3035 0.3035 0.3035 0.3035 0.3035 0.3035 0.3035 0.3035 0.3035 0.3035 0.3035 0.3035 0.3035 0.3035 0.3035 0.3035 0.3035 0.3035 0.3035 0.3035 0.3035 0.3035 0.3035 0.3035 0.3035 0.3035 0.3035 0.3035 0.3035 0.3035 0.3035 0.3035 
TS28 0.5199 0.5199 0.5199 0.5199 0.5199 0.5199 0.5199 0.5199 0.5199 0.5199 0.5199 0.5199 0.5199 0.5199 0.5199 0.5199 0.5199 0.5199 0.5199 0.5199 0.5199 0.5199 0.5199 0.5199 0.5199 0.5199 0.5199 0.5199 0.5199 0.5199 0.5199 0.5199 
TS29 0.547 0.547 0.547 0.547 0.547 0.547 0.547 0.547 0.547 0.547 0.547 0.547 0.547 0.547 0.547 0.547 0.547 0.547 0.547 0.547 0.547 0.547 0.547 0.547 0.547 0.547 0.547 0.547 0.547 0.547 0.547 0.547 
TS30 0.5481 0.5481 0.5481 0.5481 0.5481 0.5481 0.5481 0.5481 0.5481 0.5481 0.5481 0.5481 0.5481 0.5481 0.5481 0.5481 0.5481 0.5481 0.5481 0.5481 0.5481 0.5481 0.5481 0.5481 0.5481 0.5481 0.5481 0.5481 0.5481 0.5481 0.5481 0.5481 
TS31 0.5472 0.5472 0.5472 0.5472 0.5472 0.5472 0.5472 0.5472 0.5472 0.5472 0.5472 0.5472 0.5472 0.5472 0.5472 0.5472 0.5472 0.5472 0.5472 0.5472 0.5472 0.5472 0.5472 0.5472 0.5472 0.5472 0.5472 0.5472 0.5472 0.5472 0.5472 0.5472 
TS32 0.499 0.499 0.499 0.499 0.499 0.499 0.499 0.499 0.499 0.499 0.499 0.499 0.499 0.499 0.499 0.499 0.499 0.499 0.499 0.499 0.499 0.499 0.499 0.499 0.499 0.499 0.499 0.499 0.499 0.499 0.499 0.499 
TS33 0.2897 0.2897 0.2897 0.2897 0.2897 0.2897 0.2897 0.2897 0.2897 0.2897 0.2897 0.2897 0.2897 0.2897 0.2897 0.2897 0.2897 0.2897 0.2897 0.2897 0.2897 0.2897 0.2897 0.2897 0.2897 0.2897 0.2897 0.2897 0.2897 0.2897 0.2897 0.2897 
TS34 0.4994 0.4994 0.4994 0.4994 0.4994 0.4994 0.4994 0.4994 0.4994 0.4994 0.4994 0.4994 0.4994 0.4994 0.4994 0.4994 0.4994 0.4994 0.4994 0.4994 0.4994 0.4994 0.4994 0.4994 0.4994 0.4994 0.4994 0.4994 0.4994 0.4994 0.4994 0.4994 
TS35 0.5333 0.5333 0.5333 0.5333 0.5333 0.5333 0.5333 0.5333 0.5333 0.5333 0.5333 0.5333 0.5333 0.5333 0.5333 0.5333 0.5333 0.5333 0.5333 0.5333 0.5333 0.5333 0.5333 0.5333 0.5333 0.5333 0.5333 0.5333 0.5333 0.5333 0.5333 0.5333 
TS36 0.5527 0.5527 0.5527 0.5527 0.5527 0.5527 0.5527 0.5527 0.5527 0.5527 0.5527 0.5527 0.5527 0.5527 0.5527 0.5527 0.5527 0.5527 0.5527 0.5527 0.5527 0.5527 0.5527 0.5527 0.5527 0.5527 0.5527 0.5527 0.5527 0.5527 0.5527 0.5527 
TS37 0.6677 0.6677 0.6677 0.6677 0.6677 0.6677 0.6677 0.6677 0.6677 0.6677 0.6677 0.6677 0.6677 0.6677 0.6677 0.6677 0.6677 0.6677 0.6677 0.6677 0.6677 0.6677 0.6677 0.6677 0.6677 0.6677 0.6677 0.6677 0.6677 0.6677 0.6677 0.6677 
TS38 0.5812 0.5812 0.5812 0.5812 0.5812 0.5812 0.5812 0.5812 0.5812 0.5812 0.5812 0.5812 0.5812 0.5812 0.5812 0.5812 0.5812 0.5812 0.5812 0.5812 0.5812 0.5812 0.5812 0.5812 0.5812 0.5812 0.5812 0.5812 0.5812 0.5812 0.5812 0.5812 
TS39 0.636 0.636 0.636 0.636 0.636 0.636 0.636 0.636 0.636 0.636 0.636 0.636 0.636 0.636 0.636 0.636 0.636 0.636 0.636 0.636 0.636 0.636 0.636 0.636 0.636 0.636 0.636 0.636 0.636 0.636 0.636 0.636 
TS40 0.7512 0.7512 0.7512 0.7512 0.7512 0.7512 0.7512 0.7512 0.7512 0.7512 0.7512 0.7512 0.7512 0.7512 0.7512 0.7512 0.7512 0.7512 0.7512 0.7512 0.7512 0.7512 0.7512 0.7512 0.7512 0.7512 0.7512 0.7512 0.7512 0.7512 0.7512 0.7512 
TS41 0.7512 0.7512 0.7512 0.7512 0.7512 0.7512 0.7512 0.7512 0.7512 0.7512 0.7512 0.7512 0.7512 0.7512 0.7512 0.7512 0.7512 0.7512 0.7512 0.7512 0.7512 0.7512 0.7512 0.7512 0.7512 0.7512 0.7512 0.7512 0.7512 0.7512 0.7512 0.7512 
TS42 0.7392 0.7392 0.7392 0.7392 0.7392 0.7392 0.7392 0.7392 0.7392 0.7392 0.7392 0.7392 0.7392 0.7392 0.7392 0.7392 0.7392 0.7392 0.7392 0.7392 0.7392 0.7392 0.7392 0.7392 0.7392 0.7392 0.7392 0.7392 0.7392 0.7392 0.7392 0.7392 
TS43 0.6758 0.6758 0.6758 0.6758 0.6758 0.6758 0.6758 0.6758 0.6758 0.6758 0.6758 0.6758 0.6758 0.6758 0.6758 0.6758 0.6758 0.6758 0.6758 0.6758 0.6758 0.6758 0.6758 0.6758 0.6758 0.6758 0.6758 0.6758 0.6758 0.6758 0.6758 0.6758 
TS44 0.6013 0.6013 0.6013 0.6013 0.6013 0.6013 0.6013 0.6013 0.6013 0.6013 0.6013 0.6013 0.6013 0.6013 0.6013 0.6013 0.6013 0.6013 0.6013 0.6013 0.6013 0.6013 0.6013 0.6013 0.6013 0.6013 0.6013 0.6013 0.6013 0.6013 0.6013 0.6013 
TS45 0.6545 0.6545 0.6545 0.6545 0.6545 0.6545 0.6545 0.6545 0.6545 0.6545 0.6545 0.6545 0.6545 0.6545 0.6545 0.6545 0.6545 0.6545 0.6545 0.6545 0.6545 0.6545 0.6545 0.6545 0.6545 0.6545 0.6545 0.6545 0.6545 0.6545 0.6545 0.6545 
TS46 0.7851 0.7851 0.7851 0.7851 0.7851 0.7851 0.7851 0.7851 0.7851 0.7851 0.7851 0.7851 0.7851 0.7851 0.7851 0.7851 0.7851 0.7851 0.7851 0.7851 0.7851 0.7851 0.7851 0.7851 0.7851 0.7851 0.7851 0.7851 0.7851 0.7851 0.7851 0.7851 
TS47 0.7951 0.7951 0.7951 0.7951 0.7951 0.7951 0.7951 0.7951 0.7951 0.7951 0.7951 0.7951 0.7951 0.7951 0.7951 0.7951 0.7951 0.7951 0.7951 0.7951 0.7951 0.7951 0.7951 0.7951 0.7951 0.7951 0.7951 0.7951 0.7951 0.7951 0.7951 0.7951 
TS48 0.7665 0.7665 0.7665 0.7665 0.7665 0.7665 0.7665 0.7665 0.7665 0.7665 0.7665 0.7665 0.7665 0.7665 0.7665 0.7665 0.7665 0.7665 0.7665 0.7665 0.7665 0.7665 0.7665 0.7665 0.7665 0.7665 0.7665 0.7665 0.7665 0.7665 0.7665 0.7665 
[RE1,PWRWND003,*,*]:
2019 2020 2021 2022 2023 2024 2025 2026 2027 2028 2029 2030 2031 2032 2033 2034 2035 2036 2037 2038 2039 2040 2041 2042 2043 2044 2045 2046 2047 2048 2049 2050 :=
TS01 0.483 0.483 0.483 0.483 0.483 0.483 0.483 0.483 0.483 0.483 0.483 0.483 0.483 0.483 0.483 0.483 0.483 0.483 0.483 0.483 0.483 0.483 0.483 0.483 0.483 0.483 0.483 0.483 0.483 0.483 0.483 0.483 
TS02 0.5187 0.5187 0.5187 0.5187 0.5187 0.5187 0.5187 0.5187 0.5187 0.5187 0.5187 0.5187 0.5187 0.5187 0.5187 0.5187 0.5187 0.5187 0.5187 0.5187 0.5187 0.5187 0.5187 0.5187 0.5187 0.5187 0.5187 0.5187 0.5187 0.5187 0.5187 0.5187 
TS03 0.547 0.547 0.547 0.547 0.547 0.547 0.547 0.547 0.547 0.547 0.547 0.547 0.547 0.547 0.547 0.547 0.547 0.547 0.547 0.547 0.547 0.547 0.547 0.547 0.547 0.547 0.547 0.547 0.547 0.547 0.547 0.547 
TS04 0.453 0.453 0.453 0.453 0.453 0.453 0.453 0.453 0.453 0.453 0.453 0.453 0.453 0.453 0.453 0.453 0.453 0.453 0.453 0.453 0.453 0.453 0.453 0.453 0.453 0.453 0.453 0.453 0.453 0.453 0.453 0.453 
TS05 0.5271 0.5271 0.5271 0.5271 0.5271 0.5271 0.5271 0.5271 0.5271 0.5271 0.5271 0.5271 0.5271 0.5271 0.5271 0.5271 0.5271 0.5271 0.5271 0.5271 0.5271 0.5271 0.5271 0.5271 0.5271 0.5271 0.5271 0.5271 0.5271 0.5271 0.5271 0.5271 
TS06 0.5485 0.5485 0.5485 0.5485 0.5485 0.5485 0.5485 0.5485 0.5485 0.5485 0.5485 0.5485 0.5485 0.5485 0.5485 0.5485 0.5485 0.5485 0.5485 0.5485 0.5485 0.5485 0.5485 0.5485 0.5485 0.5485 0.5485 0.5485 0.5485 0.5485 0.5485 0.5485 
TS07 0.4524 0.4524 0.4524 0.4524 0.4524 0.4524 0.4524 0.4524 0.4524 0.4524 0.4524 0.4524 0.4524 0.4524 0.4524 0.4524 0.4524 0.4524 0.4524 0.4524 0.4524 0.4524 0.4524 0.4524 0.4524 0.4524 0.4524 0.4524 0.4524 0.4524 0.4524 0.4524 
TS08 0.4939 0.4939 0.4939 0.4939 0.4939 0.4939 0.4939 0.4939 0.4939 0.4939 0.4939 0.4939 0.4939 0.4939 0.4939 0.4939 0.4939 0.4939 0.4939 0.4939 0.4939 0.4939 0.4939 0.4939 0.4939 0.4939 0.4939 0.4939 0.4939 0.4939 0.4939 0.4939 
TS09 0.5429 0.5429 0.5429 0.5429 0.5429 0.5429 0.5429 0.5429 0.5429 0.5429 0.5429 0.5429 0.5429 0.5429 0.5429 0.5429 0.5429 0.5429 0.5429 0.5429 0.5429 0.5429 0.5429 0.5429 0.5429 0.5429 0.5429 0.5429 0.5429 0.5429 0.5429 0.5429 
TS10 0.4931 0.4931 0.4931 0.4931 0.4931 0.4931 0.4931 0.4931 0.4931 0.4931 0.4931 0.4931 0.4931 0.4931 0.4931 0.4931 0.4931 0.4931 0.4931 0.4931 0.4931 0.4931 0.4931 0.4931 0.4931 0.4931 0.4931 0.4931 0.4931 0.4931 0.4931 0.4931 
TS11 0.5699 0.5699 0.5699 0.5699 0.5699 0.5699 0.5699 0.5699 0.5699 0.5699 0.5699 0.5699 0.5699 0.5699 0.5699 0.5699 0.5699 0.5699 0.5699 0.5699 0.5699 0.5699 0.5699 0.5699 0.5699 0.5699 0.5699 0.5699 0.5699 0.5699 0.5699 0.5699 
TS12 0.5764 0.5764 0.5764 0.5764 0.5764 0.5764 0.5764 0.5764 0.5764 0.5764 0.5764 0.5764 0.5764 0.5764 0.5764 0.5764 0.5764 0.5764 0.5764 0.5764 0.5764 0.5764 0.5764 0.5764 0.5764 0.5764 0.5764 0.5764 0.5764 0.5764 0.5764 0.5764 
TS13 0.4388 0.4388 0.4388 0.4388 0.4388 0.4388 0.4388 0.4388 0.4388 0.4388 0.4388 0.4388 0.4388 0.4388 0.4388 0.4388 0.4388 0.4388 0.4388 0.4388 0.4388 0.4388 0.4388 0.4388 0.4388 0.4388 0.4388 0.4388 0.4388 0.4388 0.4388 0.4388 
TS14 0.443 0.443 0.443 0.443 0.443 0.443 0.443 0.443 0.443 0.443 0.443 0.443 0.443 0.443 0.443 0.443 0.443 0.443 0.443 0.443 0.443 0.443 0.443 0.443 0.443 0.443 0.443 0.443 0.443 0.443 0.443 0.443 
TS15 0.4478 0.4478 0.4478 0.4478 0.4478 0.4478 0.4478 0.4478 0.4478 0.4478 0.4478 0.4478 0.4478 0.4478 0.4478 0.4478 0.4478 0.4478 0.4478 0.4478 0.4478 0.4478 0.4478 0.4478 0.4478 0.4478 0.4478 0.4478 0.4478 0.4478 0.4478 0.4478 
TS16 0.4211 0.4211 0.4211 0.4211 0.4211 0.4211 0.4211 0.4211 0.4211 0.4211 0.4211 0.4211 0.4211 0.4211 0.4211 0.4211 0.4211 0.4211 0.4211 0.4211 0.4211 0.4211 0.4211 0.4211 0.4211 0.4211 0.4211 0.4211 0.4211 0.4211 0.4211 0.4211 
TS17 0.4679 0.4679 0.4679 0.4679 0.4679 0.4679 0.4679 0.4679 0.4679 0.4679 0.4679 0.4679 0.4679 0.4679 0.4679 0.4679 0.4679 0.4679 0.4679 0.4679 0.4679 0.4679 0.4679 0.4679 0.4679 0.4679 0.4679 0.4679 0.4679 0.4679 0.4679 0.4679 
TS18 0.466 0.466 0.466 0.466 0.466 0.466 0.466 0.466 0.466 0.466 0.466 0.466 0.466 0.466 0.466 0.466 0.466 0.466 0.466 0.466 0.466 0.466 0.466 0.466 0.466 0.466 0.466 0.466 0.466 0.466 0.466 0.466 
TS19 0.5141 0.5141 0.5141 0.5141 0.5141 0.5141 0.5141 0.5141 0.5141 0.5141 0.5141 0.5141 0.5141 0.5141 0.5141 0.5141 0.5141 0.5141 0.5141 0.5141 0.5141 0.5141 0.5141 0.5141 0.5141 0.5141 0.5141 0.5141 0.5141 0.5141 0.5141 0.5141 
TS20 0.5121 0.5121 0.5121 0.5121 0.5121 0.5121 0.5121 0.5121 0.5121 0.5121 0.5121 0.5121 0.5121 0.5121 0.5121 0.5121 0.5121 0.5121 0.5121 0.5121 0.5121 0.5121 0.5121 0.5121 0.5121 0.5121 0.5121 0.5121 0.5121 0.5121 0.5121 0.5121 
TS21 0.4962 0.4962 0.4962 0.4962 0.4962 0.4962 0.4962 0.4962 0.4962 0.4962 0.4962 0.4962 0.4962 0.4962 0.4962 0.4962 0.4962 0.4962 0.4962 0.4962 0.4962 0.4962 0.4962 0.4962 0.4962 0.4962 0.4962 0.4962 0.4962 0.4962 0.4962 0.4962 
TS22 0.4638 0.4638 0.4638 0.4638 0.4638 0.4638 0.4638 0.4638 0.4638 0.4638 0.4638 0.4638 0.4638 0.4638 0.4638 0.4638 0.4638 0.4638 0.4638 0.4638 0.4638 0.4638 0.4638 0.4638 0.4638 0.4638 0.4638 0.4638 0.4638 0.4638 0.4638 0.4638 
TS23 0.512 0.512 0.512 0.512 0.512 0.512 0.512 0.512 0.512 0.512 0.512 0.512 0.512 0.512 0.512 0.512 0.512 0.512 0.512 0.512 0.512 0.512 0.512 0.512 0.512 0.512 0.512 0.512 0.512 0.512 0.512 0.512 
TS24 0.5264 0.5264 0.5264 0.5264 0.5264 0.5264 0.5264 0.5264 0.5264 0.5264 0.5264 0.5264 0.5264 0.5264 0.5264 0.5264 0.5264 0.5264 0.5264 0.5264 0.5264 0.5264 0.5264 0.5264 0.5264 0.5264 0.5264 0.5264 0.5264 0.5264 0.5264 0.5264 
TS25 0.7867 0.7867 0.7867 0.7867 0.7867 0.7867 0.7867 0.7867 0.7867 0.7867 0.7867 0.7867 0.7867 0.7867 0.7867 0.7867 0.7867 0.7867 0.7867 0.7867 0.7867 0.7867 0.7867 0.7867 0.7867 0.7867 0.7867 0.7867 0.7867 0.7867 0.7867 0.7867 
TS26 0.7883 0.7883 0.7883 0.7883 0.7883 0.7883 0.7883 0.7883 0.7883 0.7883 0.7883 0.7883 0.7883 0.7883 0.7883 0.7883 0.7883 0.7883 0.7883 0.7883 0.7883 0.7883 0.7883 0.7883 0.7883 0.7883 0.7883 0.7883 0.7883 0.7883 0.7883 0.7883 
TS27 0.7116 0.7116 0.7116 0.7116 0.7116 0.7116 0.7116 0.7116 0.7116 0.7116 0.7116 0.7116 0.7116 0.7116 0.7116 0.7116 0.7116 0.7116 0.7116 0.7116 0.7116 0.7116 0.7116 0.7116 0.7116 0.7116 0.7116 0.7116 0.7116 0.7116 0.7116 0.7116 
TS28 0.6644 0.6644 0.6644 0.6644 0.6644 0.6644 0.6644 0.6644 0.6644 0.6644 0.6644 0.6644 0.6644 0.6644 0.6644 0.6644 0.6644 0.6644 0.6644 0.6644 0.6644 0.6644 0.6644 0.6644 0.6644 0.6644 0.6644 0.6644 0.6644 0.6644 0.6644 0.6644 
TS29 0.7595 0.7595 0.7595 0.7595 0.7595 0.7595 0.7595 0.7595 0.7595 0.7595 0.7595 0.7595 0.7595 0.7595 0.7595 0.7595 0.7595 0.7595 0.7595 0.7595 0.7595 0.7595 0.7595 0.7595 0.7595 0.7595 0.7595 0.7595 0.7595 0.7595 0.7595 0.7595 
TS30 0.7753 0.7753 0.7753 0.7753 0.7753 0.7753 0.7753 0.7753 0.7753 0.7753 0.7753 0.7753 0.7753 0.7753 0.7753 0.7753 0.7753 0.7753 0.7753 0.7753 0.7753 0.7753 0.7753 0.7753 0.7753 0.7753 0.7753 0.7753 0.7753 0.7753 0.7753 0.7753 
TS31 0.8109 0.8109 0.8109 0.8109 0.8109 0.8109 0.8109 0.8109 0.8109 0.8109 0.8109 0.8109 0.8109 0.8109 0.8109 0.8109 0.8109 0.8109 0.8109 0.8109 0.8109 0.8109 0.8109 0.8109 0.8109 0.8109 0.8109 0.8109 0.8109 0.8109 0.8109 0.8109 
TS32 0.798 0.798 0.798 0.798 0.798 0.798 0.798 0.798 0.798 0.798 0.798 0.798 0.798 0.798 0.798 0.798 0.798 0.798 0.798 0.798 0.798 0.798 0.798 0.798 0.798 0.798 0.798 0.798 0.798 0.798 0.798 0.798 
TS33 0.7231 0.7231 0.7231 0.7231 0.7231 0.7231 0.7231 0.7231 0.7231 0.7231 0.7231 0.7231 0.7231 0.7231 0.7231 0.7231 0.7231 0.7231 0.7231 0.7231 0.7231 0.7231 0.7231 0.7231 0.7231 0.7231 0.7231 0.7231 0.7231 0.7231 0.7231 0.7231 
TS34 0.6866 0.6866 0.6866 0.6866 0.6866 0.6866 0.6866 0.6866 0.6866 0.6866 0.6866 0.6866 0.6866 0.6866 0.6866 0.6866 0.6866 0.6866 0.6866 0.6866 0.6866 0.6866 0.6866 0.6866 0.6866 0.6866 0.6866 0.6866 0.6866 0.6866 0.6866 0.6866 
TS35 0.7787 0.7787 0.7787 0.7787 0.7787 0.7787 0.7787 0.7787 0.7787 0.7787 0.7787 0.7787 0.7787 0.7787 0.7787 0.7787 0.7787 0.7787 0.7787 0.7787 0.7787 0.7787 0.7787 0.7787 0.7787 0.7787 0.7787 0.7787 0.7787 0.7787 0.7787 0.7787 
TS36 0.7907 0.7907 0.7907 0.7907 0.7907 0.7907 0.7907 0.7907 0.7907 0.7907 0.7907 0.7907 0.7907 0.7907 0.7907 0.7907 0.7907 0.7907 0.7907 0.7907 0.7907 0.7907 0.7907 0.7907 0.7907 0.7907 0.7907 0.7907 0.7907 0.7907 0.7907 0.7907 
TS37 0.5688 0.5688 0.5688 0.5688 0.5688 0.5688 0.5688 0.5688 0.5688 0.5688 0.5688 0.5688 0.5688 0.5688 0.5688 0.5688 0.5688 0.5688 0.5688 0.5688 0.5688 0.5688 0.5688 0.5688 0.5688 0.5688 0.5688 0.5688 0.5688 0.5688 0.5688 0.5688 
TS38 0.5848 0.5848 0.5848 0.5848 0.5848 0.5848 0.5848 0.5848 0.5848 0.5848 0.5848 0.5848 0.5848 0.5848 0.5848 0.5848 0.5848 0.5848 0.5848 0.5848 0.5848 0.5848 0.5848 0.5848 0.5848 0.5848 0.5848 0.5848 0.5848 0.5848 0.5848 0.5848 
TS39 0.665 0.665 0.665 0.665 0.665 0.665 0.665 0.665 0.665 0.665 0.665 0.665 0.665 0.665 0.665 0.665 0.665 0.665 0.665 0.665 0.665 0.665 0.665 0.665 0.665 0.665 0.665 0.665 0.665 0.665 0.665 0.665 
TS40 0.6825 0.6825 0.6825 0.6825 0.6825 0.6825 0.6825 0.6825 0.6825 0.6825 0.6825 0.6825 0.6825 0.6825 0.6825 0.6825 0.6825 0.6825 0.6825 0.6825 0.6825 0.6825 0.6825 0.6825 0.6825 0.6825 0.6825 0.6825 0.6825 0.6825 0.6825 0.6825 
TS41 0.7052 0.7052 0.7052 0.7052 0.7052 0.7052 0.7052 0.7052 0.7052 0.7052 0.7052 0.7052 0.7052 0.7052 0.7052 0.7052 0.7052 0.7052 0.7052 0.7052 0.7052 0.7052 0.7052 0.7052 0.7052 0.7052 0.7052 0.7052 0.7052 0.7052 0.7052 0.7052 
TS42 0.6592 0.6592 0.6592 0.6592 0.6592 0.6592 0.6592 0.6592 0.6592 0.6592 0.6592 0.6592 0.6592 0.6592 0.6592 0.6592 0.6592 0.6592 0.6592 0.6592 0.6592 0.6592 0.6592 0.6592 0.6592 0.6592 0.6592 0.6592 0.6592 0.6592 0.6592 0.6592 
TS43 0.5737 0.5737 0.5737 0.5737 0.5737 0.5737 0.5737 0.5737 0.5737 0.5737 0.5737 0.5737 0.5737 0.5737 0.5737 0.5737 0.5737 0.5737 0.5737 0.5737 0.5737 0.5737 0.5737 0.5737 0.5737 0.5737 0.5737 0.5737 0.5737 0.5737 0.5737 0.5737 
TS44 0.5695 0.5695 0.5695 0.5695 0.5695 0.5695 0.5695 0.5695 0.5695 0.5695 0.5695 0.5695 0.5695 0.5695 0.5695 0.5695 0.5695 0.5695 0.5695 0.5695 0.5695 0.5695 0.5695 0.5695 0.5695 0.5695 0.5695 0.5695 0.5695 0.5695 0.5695 0.5695 
TS45 0.678 0.678 0.678 0.678 0.678 0.678 0.678 0.678 0.678 0.678 0.678 0.678 0.678 0.678 0.678 0.678 0.678 0.678 0.678 0.678 0.678 0.678 0.678 0.678 0.678 0.678 0.678 0.678 0.678 0.678 0.678 0.678 
TS46 0.7013 0.7013 0.7013 0.7013 0.7013 0.7013 0.7013 0.7013 0.7013 0.7013 0.7013 0.7013 0.7013 0.7013 0.7013 0.7013 0.7013 0.7013 0.7013 0.7013 0.7013 0.7013 0.7013 0.7013 0.7013 0.7013 0.7013 0.7013 0.7013 0.7013 0.7013 0.7013 
TS47 0.7282 0.7282 0.7282 0.7282 0.7282 0.7282 0.7282 0.7282 0.7282 0.7282 0.7282 0.7282 0.7282 0.7282 0.7282 0.7282 0.7282 0.7282 0.7282 0.7282 0.7282 0.7282 0.7282 0.7282 0.7282 0.7282 0.7282 0.7282 0.7282 0.7282 0.7282 0.7282 
TS48 0.6839 0.6839 0.6839 0.6839 0.6839 0.6839 0.6839 0.6839 0.6839 0.6839 0.6839 0.6839 0.6839 0.6839 0.6839 0.6839 0.6839 0.6839 0.6839 0.6839 0.6839 0.6839 0.6839 0.6839 0.6839 0.6839 0.6839 0.6839 0.6839 0.6839 0.6839 0.6839 
[RE1,PWRWND004,*,*]:
2019 2020 2021 2022 2023 2024 2025 2026 2027 2028 2029 2030 2031 2032 2033 2034 2035 2036 2037 2038 2039 2040 2041 2042 2043 2044 2045 2046 2047 2048 2049 2050 :=
TS01 0.6782 0.6782 0.6782 0.6782 0.6782 0.6782 0.6782 0.6782 0.6782 0.6782 0.6782 0.6782 0.6782 0.6782 0.6782 0.6782 0.6782 0.6782 0.6782 0.6782 0.6782 0.6782 0.6782 0.6782 0.6782 0.6782 0.6782 0.6782 0.6782 0.6782 0.6782 0.6782 
TS02 0.6729 0.6729 0.6729 0.6729 0.6729 0.6729 0.6729 0.6729 0.6729 0.6729 0.6729 0.6729 0.6729 0.6729 0.6729 0.6729 0.6729 0.6729 0.6729 0.6729 0.6729 0.6729 0.6729 0.6729 0.6729 0.6729 0.6729 0.6729 0.6729 0.6729 0.6729 0.6729 
TS03 0.6277 0.6277 0.6277 0.6277 0.6277 0.6277 0.6277 0.6277 0.6277 0.6277 0.6277 0.6277 0.6277 0.6277 0.6277 0.6277 0.6277 0.6277 0.6277 0.6277 0.6277 0.6277 0.6277 0.6277 0.6277 0.6277 0.6277 0.6277 0.6277 0.6277 0.6277 0.6277 
TS04 0.5374 0.5374 0.5374 0.5374 0.5374 0.5374 0.5374 0.5374 0.5374 0.5374 0.5374 0.5374 0.5374 0.5374 0.5374 0.5374 0.5374 0.5374 0.5374 0.5374 0.5374 0.5374 0.5374 0.5374 0.5374 0.5374 0.5374 0.5374 0.5374 0.5374 0.5374 0.5374 
TS05 0.5694 0.5694 0.5694 0.5694 0.5694 0.5694 0.5694 0.5694 0.5694 0.5694 0.5694 0.5694 0.5694 0.5694 0.5694 0.5694 0.5694 0.5694 0.5694 0.5694 0.5694 0.5694 0.5694 0.5694 0.5694 0.5694 0.5694 0.5694 0.5694 0.5694 0.5694 0.5694 
TS06 0.5934 0.5934 0.5934 0.5934 0.5934 0.5934 0.5934 0.5934 0.5934 0.5934 0.5934 0.5934 0.5934 0.5934 0.5934 0.5934 0.5934 0.5934 0.5934 0.5934 0.5934 0.5934 0.5934 0.5934 0.5934 0.5934 0.5934 0.5934 0.5934 0.5934 0.5934 0.5934 
TS07 0.652 0.652 0.652 0.652 0.652 0.652 0.652 0.652 0.652 0.652 0.652 0.652 0.652 0.652 0.652 0.652 0.652 0.652 0.652 0.652 0.652 0.652 0.652 0.652 0.652 0.652 0.652 0.652 0.652 0.652 0.652 0.652 
TS08 0.6597 0.6597 0.6597 0.6597 0.6597 0.6597 0.6597 0.6597 0.6597 0.6597 0.6597 0.6597 0.6597 0.6597 0.6597 0.6597 0.6597 0.6597 0.6597 0.6597 0.6597 0.6597 0.6597 0.6597 0.6597 0.6597 0.6597 0.6597 0.6597 0.6597 0.6597 0.6597 
TS09 0.6192 0.6192 0.6192 0.6192 0.6192 0.6192 0.6192 0.6192 0.6192 0.6192 0.6192 0.6192 0.6192 0.6192 0.6192 0.6192 0.6192 0.6192 0.6192 0.6192 0.6192 0.6192 0.6192 0.6192 0.6192 0.6192 0.6192 0.6192 0.6192 0.6192 0.6192 0.6192 
TS10 0.5739 0.5739 0.5739 0.5739 0.5739 0.5739 0.5739 0.5739 0.5739 0.5739 0.5739 0.5739 0.5739 0.5739 0.5739 0.5739 0.5739 0.5739 0.5739 0.5739 0.5739 0.5739 0.5739 0.5739 0.5739 0.5739 0.5739 0.5739 0.5739 0.5739 0.5739 0.5739 
TS11 0.6286 0.6286 0.6286 0.6286 0.6286 0.6286 0.6286 0.6286 0.6286 0.6286 0.6286 0.6286 0.6286 0.6286 0.6286 0.6286 0.6286 0.6286 0.6286 0.6286 0.6286 0.6286 0.6286 0.6286 0.6286 0.6286 0.6286 0.6286 0.6286 0.6286 0.6286 0.6286 
TS12 0.6604 0.6604 0.6604 0.6604 0.6604 0.6604 0.6604 0.6604 0.6604 0.6604 0.6604 0.6604 0.6604 0.6604 0.6604 0.6604 0.6604 0.6604 0.6604 0.6604 0.6604 0.6604 0.6604 0.6604 0.6604 0.6604 0.6604 0.6604 0.6604 0.6604 0.6604 0.6604 
TS13 0.5784 0.5784 0.5784 0.5784 0.5784 0.5784 0.5784 0.5784 0.5784 0.5784 0.5784 0.5784 0.5784 0.5784 0.5784 0.5784 0.5784 0.5784 0.5784 0.5784 0.5784 0.5784 0.5784 0.5784 0.5784 0.5784 0.5784 0.5784 0.5784 0.5784 0.5784 0.5784 
TS14 0.5985 0.5985 0.5985 0.5985 0.5985 0.5985 0.5985 0.5985 0.5985 0.5985 0.5985 0.5985 0.5985 0.5985 0.5985 0.5985 0.5985 0.5985 0.5985 0.5985 0.5985 0.5985 0.5985 0.5985 0.5985 0.5985 0.5985 0.5985 0.5985 0.5985 0.5985 0.5985 
TS15 0.4825 0.4825 0.4825 0.4825 0.4825 0.4825 0.4825 0.4825 0.4825 0.4825 0.4825 0.4825 0.4825 0.4825 0.4825 0.4825 0.4825 0.4825 0.4825 0.4825 0.4825 0.4825 0.4825 0.4825 0.4825 0.4825 0.4825 0.4825 0.4825 0.4825 0.4825 0.4825 
TS16 0.3464 0.3464 0.3464 0.3464 0.3464 0.3464 0.3464 0.3464 0.3464 0.3464 0.3464 0.3464 0.3464 0.3464 0.3464 0.3464 0.3464 0.3464 0.3464 0.3464 0.3464 0.3464 0.3464 0.3464 0.3464 0.3464 0.3464 0.3464 0.3464 0.3464 0.3464 0.3464 
TS17 0.4266 0.4266 0.4266 0.4266 0.4266 0.4266 0.4266 0.4266 0.4266 0.4266 0.4266 0.4266 0.4266 0.4266 0.4266 0.4266 0.4266 0.4266 0.4266 0.4266 0.4266 0.4266 0.4266 0.4266 0.4266 0.4266 0.4266 0.4266 0.4266 0.4266 0.4266 0.4266 
TS18 0.5183 0.5183 0.5183 0.5183 0.5183 0.5183 0.5183 0.5183 0.5183 0.5183 0.5183 0.5183 0.5183 0.5183 0.5183 0.5183 0.5183 0.5183 0.5183 0.5183 0.5183 0.5183 0.5183 0.5183 0.5183 0.5183 0.5183 0.5183 0.5183 0.5183 0.5183 0.5183 
TS19 0.672 0.672 0.672 0.672 0.672 0.672 0.672 0.672 0.672 0.672 0.672 0.672 0.672 0.672 0.672 0.672 0.672 0.672 0.672 0.672 0.672 0.672 0.672 0.672 0.672 0.672 0.672 0.672 0.672 0.672 0.672 0.672 
TS20 0.7216 0.7216 0.7216 0.7216 0.7216 0.7216 0.7216 0.7216 0.7216 0.7216 0.7216 0.7216 0.7216 0.7216 0.7216 0.7216 0.7216 0.7216 0.7216 0.7216 0.7216 0.7216 0.7216 0.7216 0.7216 0.7216 0.7216 0.7216 0.7216 0.7216 0.7216 0.7216 
TS21 0.5383 0.5383 0.5383 0.5383 0.5383 0.5383 0.5383 0.5383 0.5383 0.5383 0.5383 0.5383 0.5383 0.5383 0.5383 0.5383 0.5383 0.5383 0.5383 0.5383 0.5383 0.5383 0.5383 0.5383 0.5383 0.5383 0.5383 0.5383 0.5383 0.5383 0.5383 0.5383 
TS22 0.4093 0.4093 0.4093 0.4093 0.4093 0.4093 0.4093 0.4093 0.4093 0.4093 0.4093 0.4093 0.4093 0.4093 0.4093 0.4093 0.4093 0.4093 0.4093 0.4093 0.4093 0.4093 0.4093 0.4093 0.4093 0.4093 0.4093 0.4093 0.4093 0.4093 0.4093 0.4093 
TS23 0.4684 0.4684 0.4684 0.4684 0.4684 0.4684 0.4684 0.4684 0.4684 0.4684 0.4684 0.4684 0.4684 0.4684 0.4684 0.4684 0.4684 0.4684 0.4684 0.4684 0.4684 0.4684 0.4684 0.4684 0.4684 0.4684 0.4684 0.4684 0.4684 0.4684 0.4684 0.4684 
TS24 0.5427 0.5427 0.5427 0.5427 0.5427 0.5427 0.5427 0.5427 0.5427 0.5427 0.5427 0.5427 0.5427 0.5427 0.5427 0.5427 0.5427 0.5427 0.5427 0.5427 0.5427 0.5427 0.5427 0.5427 0.5427 0.5427 0.5427 0.5427 0.5427 0.5427 0.5427 0.5427 
TS25 0.7611 0.7611 0.7611 0.7611 0.7611 0.7611 0.7611 0.7611 0.7611 0.7611 0.7611 0.7611 0.7611 0.7611 0.7611 0.7611 0.7611 0.7611 0.7611 0.7611 0.7611 0.7611 0.7611 0.7611 0.7611 0.7611 0.7611 0.7611 0.7611 0.7611 0.7611 0.7611 
TS26 0.7923 0.7923 0.7923 0.7923 0.7923 0.7923 0.7923 0.7923 0.7923 0.7923 0.7923 0.7923 0.7923 0.7923 0.7923 0.7923 0.7923 0.7923 0.7923 0.7923 0.7923 0.7923 0.7923 0.7923 0.7923 0.7923 0.7923 0.7923 0.7923 0.7923 0.7923 0.7923 
TS27 0.6678 0.6678 0.6678 0.6678 0.6678 0.6678 0.6678 0.6678 0.6678 0.6678 0.6678 0.6678 0.6678 0.6678 0.6678 0.6678 0.6678 0.6678 0.6678 0.6678 0.6678 0.6678 0.6678 0.6678 0.6678 0.6678 0.6678 0.6678 0.6678 0.6678 0.6678 0.6678 
TS28 0.5037 0.5037 0.5037 0.5037 0.5037 0.5037 0.5037 0.5037 0.5037 0.5037 0.5037 0.5037 0.5037 0.5037 0.5037 0.5037 0.5037 0.5037 0.5037 0.5037 0.5037 0.5037 0.5037 0.5037 0.5037 0.5037 0.5037 0.5037 0.5037 0.5037 0.5037 0.5037 
TS29 0.6119 0.6119 0.6119 0.6119 0.6119 0.6119 0.6119 0.6119 0.6119 0.6119 0.6119 0.6119 0.6119 0.6119 0.6119 0.6119 0.6119 0.6119 0.6119 0.6119 0.6119 0.6119 0.6119 0.6119 0.6119 0.6119 0.6119 0.6119 0.6119 0.6119 0.6119 0.6119 
TS30 0.7102 0.7102 0.7102 0.7102 0.7102 0.7102 0.7102 0.7102 0.7102 0.7102 0.7102 0.7102 0.7102 0.7102 0.7102 0.7102 0.7102 0.7102 0.7102 0.7102 0.7102 0.7102 0.7102 0.7102 0.7102 0.7102 0.7102 0.7102 0.7102 0.7102 0.7102 0.7102 
TS31 0.8062 0.8062 0.8062 0.8062 0.8062 0.8062 0.8062 0.8062 0.8062 0.8062 0.8062 0.8062 0.8062 0.8062 0.8062 0.8062 0.8062 0.8062 0.8062 0.8062 0.8062 0.8062 0.8062 0.8062 0.8062 0.8062 0.8062 0.8062 0.8062 0.8062 0.8062 0.8062 
TS32 0.8201 0.8201 0.8201 0.8201 0.8201 0.8201 0.8201 0.8201 0.8201 0.8201 0.8201 0.8201 0.8201 0.8201 0.8201 0.8201 0.8201 0.8201 0.8201 0.8201 0.8201 0.8201 0.8201 0.8201 0.8201 0.8201 0.8201 0.8201 0.8201 0.8201 0.8201 0.8201 
TS33 0.6889 0.6889 0.6889 0.6889 0.6889 0.6889 0.6889 0.6889 0.6889 0.6889 0.6889 0.6889 0.6889 0.6889 0.6889 0.6889 0.6889 0.6889 0.6889 0.6889 0.6889 0.6889 0.6889 0.6889 0.6889 0.6889 0.6889 0.6889 0.6889 0.6889 0.6889 0.6889 
TS34 0.5014 0.5014 0.5014 0.5014 0.5014 0.5014 0.5014 0.5014 0.5014 0.5014 0.5014 0.5014 0.5014 0.5014 0.5014 0.5014 0.5014 0.5014 0.5014 0.5014 0.5014 0.5014 0.5014 0.5014 0.5014 0.5014 0.5014 0.5014 0.5014 0.5014 0.5014 0.5014 
TS35 0.5971 0.5971 0.5971 0.5971 0.5971 0.5971 0.5971 0.5971 0.5971 0.5971 0.5971 0.5971 0.5971 0.5971 0.5971 0.5971 0.5971 0.5971 0.5971 0.5971 0.5971 0.5971 0.5971 0.5971 0.5971 0.5971 0.5971 0.5971 0.5971 0.5971 0.5971 0.5971 
TS36 0.722 0.722 0.722 0.722 0.722 0.722 0.722 0.722 0.722 0.722 0.722 0.722 0.722 0.722 0.722 0.722 0.722 0.722 0.722 0.722 0.722 0.722 0.722 0.722 0.722 0.722 0.722 0.722 0.722 0.722 0.722 0.722 
TS37 0.7467 0.7467 0.7467 0.7467 0.7467 0.7467 0.7467 0.7467 0.7467 0.7467 0.7467 0.7467 0.7467 0.7467 0.7467 0.7467 0.7467 0.7467 0.7467 0.7467 0.7467 0.7467 0.7467 0.7467 0.7467 0.7467 0.7467 0.7467 0.7467 0.7467 0.7467 0.7467 
TS38 0.7477 0.7477 0.7477 0.7477 0.7477 0.7477 0.7477 0.7477 0.7477 0.7477 0.7477 0.7477 0.7477 0.7477 0.7477 0.7477 0.7477 0.7477 0.7477 0.7477 0.7477 0.7477 0.7477 0.7477 0.7477 0.7477 0.7477 0.7477 0.7477 0.7477 0.7477 0.7477 
TS39 0.7181 0.7181 0.7181 0.7181 0.7181 0.7181 0.7181 0.7181 0.7181 0.7181 0.7181 0.7181 0.7181 0.7181 0.7181 0.7181 0.7181 0.7181 0.7181 0.7181 0.7181 0.7181 0.7181 0.7181 0.7181 0.7181 0.7181 0.7181 0.7181 0.7181 0.7181 0.7181 
TS40 0.6907 0.6907 0.6907 0.6907 0.6907 0.6907 0.6907 0.6907 0.6907 0.6907 0.6907 0.6907 0.6907 0.6907 0.6907 0.6907 0.6907 0.6907 0.6907 0.6907 0.6907 0.6907 0.6907 0.6907 0.6907 0.6907 0.6907 0.6907 0.6907 0.6907 0.6907 0.6907 
TS41 0.7478 0.7478 0.7478 0.7478 0.7478 0.7478 0.7478 0.7478 0.7478 0.7478 0.7478 0.7478 0.7478 0.7478 0.7478 0.7478 0.7478 0.7478 0.7478 0.7478 0.7478 0.7478 0.7478 0.7478 0.7478 0.7478 0.7478 0.7478 0.7478 0.7478 0.7478 0.7478 
TS42 0.7712 0.7712 0.7712 0.7712 0.7712 0.7712 0.7712 0.7712 0.7712 0.7712 0.7712 0.7712 0.7712 0.7712 0.7712 0.7712 0.7712 0.7712 0.7712 0.7712 0.7712 0.7712 0.7712 0.7712 0.7712 0.7712 0.7712 0.7712 0.7712 0.7712 0.7712 0.7712 
TS43 0.7623 0.7623 0.7623 0.7623 0.7623 0.7623 0.7623 0.7623 0.7623 0.7623 0.7623 0.7623 0.7623 0.7623 0.7623 0.7623 0.7623 0.7623 0.7623 0.7623 0.7623 0.7623 0.7623 0.7623 0.7623 0.7623 0.7623 0.7623 0.7623 0.7623 0.7623 0.7623 
TS44 0.7466 0.7466 0.7466 0.7466 0.7466 0.7466 0.7466 0.7466 0.7466 0.7466 0.7466 0.7466 0.7466 0.7466 0.7466 0.7466 0.7466 0.7466 0.7466 0.7466 0.7466 0.7466 0.7466 0.7466 0.7466 0.7466 0.7466 0.7466 0.7466 0.7466 0.7466 0.7466 
TS45 0.7197 0.7197 0.7197 0.7197 0.7197 0.7197 0.7197 0.7197 0.7197 0.7197 0.7197 0.7197 0.7197 0.7197 0.7197 0.7197 0.7197 0.7197 0.7197 0.7197 0.7197 0.7197 0.7197 0.7197 0.7197 0.7197 0.7197 0.7197 0.7197 0.7197 0.7197 0.7197 
TS46 0.684 0.684 0.684 0.684 0.684 0.684 0.684 0.684 0.684 0.684 0.684 0.684 0.684 0.684 0.684 0.684 0.684 0.684 0.684 0.684 0.684 0.684 0.684 0.684 0.684 0.684 0.684 0.684 0.684 0.684 0.684 0.684 
TS47 0.7558 0.7558 0.7558 0.7558 0.7558 0.7558 0.7558 0.7558 0.7558 0.7558 0.7558 0.7558 0.7558 0.7558 0.7558 0.7558 0.7558 0.7558 0.7558 0.7558 0.7558 0.7558 0.7558 0.7558 0.7558 0.7558 0.7558 0.7558 0.7558 0.7558 0.7558 0.7558 
TS48 0.7789 0.7789 0.7789 0.7789 0.7789 0.7789 0.7789 0.7789 0.7789 0.7789 0.7789 0.7789 0.7789 0.7789 0.7789 0.7789 0.7789 0.7789 0.7789 0.7789 0.7789 0.7789 0.7789 0.7789 0.7789 0.7789 0.7789 0.7789 0.7789 0.7789 0.7789 0.7789 
[RE1,PWRWND005,*,*]:
2019 2020 2021 2022 2023 2024 2025 2026 2027 2028 2029 2030 2031 2032 2033 2034 2035 2036 2037 2038 2039 2040 2041 2042 2043 2044 2045 2046 2047 2048 2049 2050 :=
TS01 0.1867 0.1867 0.1867 0.1867 0.1867 0.1867 0.1867 0.1867 0.1867 0.1867 0.1867 0.1867 0.1867 0.1867 0.1867 0.1867 0.1867 0.1867 0.1867 0.1867 0.1867 0.1867 0.1867 0.1867 0.1867 0.1867 0.1867 0.1867 0.1867 0.1867 0.1867 0.1867 
TS02 0.1635 0.1635 0.1635 0.1635 0.1635 0.1635 0.1635 0.1635 0.1635 0.1635 0.1635 0.1635 0.1635 0.1635 0.1635 0.1635 0.1635 0.1635 0.1635 0.1635 0.1635 0.1635 0.1635 0.1635 0.1635 0.1635 0.1635 0.1635 0.1635 0.1635 0.1635 0.1635 
TS03 0.6009 0.6009 0.6009 0.6009 0.6009 0.6009 0.6009 0.6009 0.6009 0.6009 0.6009 0.6009 0.6009 0.6009 0.6009 0.6009 0.6009 0.6009 0.6009 0.6009 0.6009 0.6009 0.6009 0.6009 0.6009 0.6009 0.6009 0.6009 0.6009 0.6009 0.6009 0.6009 
TS04 0.653 0.653 0.653 0.653 0.653 0.653 0.653 0.653 0.653 0.653 0.653 0.653 0.653 0.653 0.653 0.653 0.653 0.653 0.653 0.653 0.653 0.653 0.653 0.653 0.653 0.653 0.653 0.653 0.653 0.653 0.653 0.653 
TS05 0.4742 0.4742 0.4742 0.4742 0.4742 0.4742 0.4742 0.4742 0.4742 0.4742 0.4742 0.4742 0.4742 0.4742 0.4742 0.4742 0.4742 0.4742 0.4742 0.4742 0.4742 0.4742 0.4742 0.4742 0.4742 0.4742 0.4742 0.4742 0.4742 0.4742 0.4742 0.4742 
TS06 0.256 0.256 0.256 0.256 0.256 0.256 0.256 0.256 0.256 0.256 0.256 0.256 0.256 0.256 0.256 0.256 0.256 0.256 0.256 0.256 0.256 0.256 0.256 0.256 0.256 0.256 0.256 0.256 0.256 0.256 0.256 0.256 
TS07 0.2218 0.2218 0.2218 0.2218 0.2218 0.2218 0.2218 0.2218 0.2218 0.2218 0.2218 0.2218 0.2218 0.2218 0.2218 0.2218 0.2218 0.2218 0.2218 0.2218 0.2218 0.2218 0.2218 0.2218 0.2218 0.2218 0.2218 0.2218 0.2218 0.2218 0.2218 0.2218 
TS08 0.1549 0.1549 0.1549 0.1549 0.1549 0.1549 0.1549 0.1549 0.1549 0.1549 0.1549 0.1549 0.1549 0.1549 0.1549 0.1549 0.1549 0.1549 0.1549 0.1549 0.1549 0.1549 0.1549 0.1549 0.1549 0.1549 0.1549 0.1549 0.1549 0.1549 0.1549 0.1549 
TS09 0.5825 0.5825 0.5825 0.5825 0.5825 0.5825 0.5825 0.5825 0.5825 0.5825 0.5825 0.5825 0.5825 0.5825 0.5825 0.5825 0.5825 0.5825 0.5825 0.5825 0.5825 0.5825 0.5825 0.5825 0.5825 0.5825 0.5825 0.5825 0.5825 0.5825 0.5825 0.5825 
TS10 0.6736 0.6736 0.6736 0.6736 0.6736 0.6736 0.6736 0.6736 0.6736 0.6736 0.6736 0.6736 0.6736 0.6736 0.6736 0.6736 0.6736 0.6736 0.6736 0.6736 0.6736 0.6736 0.6736 0.6736 0.6736 0.6736 0.6736 0.6736 0.6736 0.6736 0.6736 0.6736 
TS11 0.4649 0.4649 0.4649 0.4649 0.4649 0.4649 0.4649 0.4649 0.4649 0.4649 0.4649 0.4649 0.4649 0.4649 0.4649 0.4649 0.4649 0.4649 0.4649 0.4649 0.4649 0.4649 0.4649 0.4649 0.4649 0.4649 0.4649 0.4649 0.4649 0.4649 0.4649 0.4649 
TS12 0.2504 0.2504 0.2504 0.2504 0.2504 0.2504 0.2504 0.2504 0.2504 0.2504 0.2504 0.2504 0.2504 0.2504 0.2504 0.2504 0.2504 0.2504 0.2504 0.2504 0.2504 0.2504 0.2504 0.2504 0.2504 0.2504 0.2504 0.2504 0.2504 0.2504 0.2504 0.2504 
TS13 0.3907 0.3907 0.3907 0.3907 0.3907 0.3907 0.3907 0.3907 0.3907 0.3907 0.3907 0.3907 0.3907 0.3907 0.3907 0.3907 0.3907 0.3907 0.3907 0.3907 0.3907 0.3907 0.3907 0.3907 0.3907 0.3907 0.3907 0.3907 0.3907 0.3907 0.3907 0.3907 
TS14 0.3813 0.3813 0.3813 0.3813 0.3813 0.3813 0.3813 0.3813 0.3813 0.3813 0.3813 0.3813 0.3813 0.3813 0.3813 0.3813 0.3813 0.3813 0.3813 0.3813 0.3813 0.3813 0.3813 0.3813 0.3813 0.3813 0.3813 0.3813 0.3813 0.3813 0.3813 0.3813 
TS15 0.4411 0.4411 0.4411 0.4411 0.4411 0.4411 0.4411 0.4411 0.4411 0.4411 0.4411 0.4411 0.4411 0.4411 0.4411 0.4411 0.4411 0.4411 0.4411 0.4411 0.4411 0.4411 0.4411 0.4411 0.4411 0.4411 0.4411 0.4411 0.4411 0.4411 0.4411 0.4411 
TS16 0.4494 0.4494 0.4494 0.4494 0.4494 0.4494 0.4494 0.4494 0.4494 0.4494 0.4494 0.4494 0.4494 0.4494 0.4494 0.4494 0.4494 0.4494 0.4494 0.4494 0.4494 0.4494 0.4494 0.4494 0.4494 0.4494 0.4494 0.4494 0.4494 0.4494 0.4494 0.4494 
TS17 0.4362 0.4362 0.4362 0.4362 0.4362 0.4362 0.4362 0.4362 0.4362 0.4362 0.4362 0.4362 0.4362 0.4362 0.4362 0.4362 0.4362 0.4362 0.4362 0.4362 0.4362 0.4362 0.4362 0.4362 0.4362 0.4362 0.4362 0.4362 0.4362 0.4362 0.4362 0.4362 
TS18 0.3765 0.3765 0.3765 0.3765 0.3765 0.3765 0.3765 0.3765 0.3765 0.3765 0.3765 0.3765 0.3765 0.3765 0.3765 0.3765 0.3765 0.3765 0.3765 0.3765 0.3765 0.3765 0.3765 0.3765 0.3765 0.3765 0.3765 0.3765 0.3765 0.3765 0.3765 0.3765 
TS19 0.3768 0.3768 0.3768 0.3768 0.3768 0.3768 0.3768 0.3768 0.3768 0.3768 0.3768 0.3768 0.3768 0.3768 0.3768 0.3768 0.3768 0.3768 0.3768 0.3768 0.3768 0.3768 0.3768 0.3768 0.3768 0.3768 0.3768 0.3768 0.3768 0.3768 0.3768 0.3768 
TS20 0.3478 0.3478 0.3478 0.3478 0.3478 0.3478 0.3478 0.3478 0.3478 0.3478 0.3478 0.3478 0.3478 0.3478 0.3478 0.3478 0.3478 0.3478 0.3478 0.3478 0.3478 0.3478 0.3478 0.3478 0.3478 0.3478 0.3478 0.3478 0.3478 0.3478 0.3478 0.3478 
TS21 0.3946 0.3946 0.3946 0.3946 0.3946 0.3946 0.3946 0.3946 0.3946 0.3946 0.3946 0.3946 0.3946 0.3946 0.3946 0.3946 0.3946 0.3946 0.3946 0.3946 0.3946 0.3946 0.3946 0.3946 0.3946 0.3946 0.3946 0.3946 0.3946 0.3946 0.3946 0.3946 
TS22 0.4283 0.4283 0.4283 0.4283 0.4283 0.4283 0.4283 0.4283 0.4283 0.4283 0.4283 0.4283 0.4283 0.4283 0.4283 0.4283 0.4283 0.4283 0.4283 0.4283 0.4283 0.4283 0.4283 0.4283 0.4283 0.4283 0.4283 0.4283 0.4283 0.4283 0.4283 0.4283 
TS23 0.4196 0.4196 0.4196 0.4196 0.4196 0.4196 0.4196 0.4196 0.4196 0.4196 0.4196 0.4196 0.4196 0.4196 0.4196 0.4196 0.4196 0.4196 0.4196 0.4196 0.4196 0.4196 0.4196 0.4196 0.4196 0.4196 0.4196 0.4196 0.4196 0.4196 0.4196 0.4196 
TS24 0.3846 0.3846 0.3846 0.3846 0.3846 0.3846 0.3846 0.3846 0.3846 0.3846 0.3846 0.3846 0.3846 0.3846 0.3846 0.3846 0.3846 0.3846 0.3846 0.3846 0.3846 0.3846 0.3846 0.3846 0.3846 0.3846 0.3846 0.3846 0.3846 0.3846 0.3846 0.3846 
TS25 0.6531 0.6531 0.6531 0.6531 0.6531 0.6531 0.6531 0.6531 0.6531 0.6531 0.6531 0.6531 0.6531 0.6531 0.6531 0.6531 0.6531 0.6531 0.6531 0.6531 0.6531 0.6531 0.6531 0.6531 0.6531 0.6531 0.6531 0.6531 0.6531 0.6531 0.6531 0.6531 
TS26 0.5349 0.5349 0.5349 0.5349 0.5349 0.5349 0.5349 0.5349 0.5349 0.5349 0.5349 0.5349 0.5349 0.5349 0.5349 0.5349 0.5349 0.5349 0.5349 0.5349 0.5349 0.5349 0.5349 0.5349 0.5349 0.5349 0.5349 0.5349 0.5349 0.5349 0.5349 0.5349 
TS27 0.4487 0.4487 0.4487 0.4487 0.4487 0.4487 0.4487 0.4487 0.4487 0.4487 0.4487 0.4487 0.4487 0.4487 0.4487 0.4487 0.4487 0.4487 0.4487 0.4487 0.4487 0.4487 0.4487 0.4487 0.4487 0.4487 0.4487 0.4487 0.4487 0.4487 0.4487 0.4487 
TS28 0.5886 0.5886 0.5886 0.5886 0.5886 0.5886 0.5886 0.5886 0.5886 0.5886 0.5886 0.5886 0.5886 0.5886 0.5886 0.5886 0.5886 0.5886 0.5886 0.5886 0.5886 0.5886 0.5886 0.5886 0.5886 0.5886 0.5886 0.5886 0.5886 0.5886 0.5886 0.5886 
TS29 0.6922 0.6922 0.6922 0.6922 0.6922 0.6922 0.6922 0.6922 0.6922 0.6922 0.6922 0.6922 0.6922 0.6922 0.6922 0.6922 0.6922 0.6922 0.6922 0.6922 0.6922 0.6922 0.6922 0.6922 0.6922 0.6922 0.6922 0.6922 0.6922 0.6922 0.6922 0.6922 
TS30 0.7285 0.7285 0.7285 0.7285 0.7285 0.7285 0.7285 0.7285 0.7285 0.7285 0.7285 0.7285 0.7285 0.7285 0.7285 0.7285 0.7285 0.7285 0.7285 0.7285 0.7285 0.7285 0.7285 0.7285 0.7285 0.7285 0.7285 0.7285 0.7285 0.7285 0.7285 0.7285 
TS31 0.6757 0.6757 0.6757 0.6757 0.6757 0.6757 0.6757 0.6757 0.6757 0.6757 0.6757 0.6757 0.6757 0.6757 0.6757 0.6757 0.6757 0.6757 0.6757 0.6757 0.6757 0.6757 0.6757 0.6757 0.6757 0.6757 0.6757 0.6757 0.6757 0.6757 0.6757 0.6757 
TS32 0.5558 0.5558 0.5558 0.5558 0.5558 0.5558 0.5558 0.5558 0.5558 0.5558 0.5558 0.5558 0.5558 0.5558 0.5558 0.5558 0.5558 0.5558 0.5558 0.5558 0.5558 0.5558 0.5558 0.5558 0.5558 0.5558 0.5558 0.5558 0.5558 0.5558 0.5558 0.5558 
TS33 0.4562 0.4562 0.4562 0.4562 0.4562 0.4562 0.4562 0.4562 0.4562 0.4562 0.4562 0.4562 0.4562 0.4562 0.4562 0.4562 0.4562 0.4562 0.4562 0.4562 0.4562 0.4562 0.4562 0.4562 0.4562 0.4562 0.4562 0.4562 0.4562 0.4562 0.4562 0.4562 
TS34 0.5968 0.5968 0.5968 0.5968 0.5968 0.5968 0.5968 0.5968 0.5968 0.5968 0.5968 0.5968 0.5968 0.5968 0.5968 0.5968 0.5968 0.5968 0.5968 0.5968 0.5968 0.5968 0.5968 0.5968 0.5968 0.5968 0.5968 0.5968 0.5968 0.5968 0.5968 0.5968 
TS35 0.703 0.703 0.703 0.703 0.703 0.703 0.703 0.703 0.703 0.703 0.703 0.703 0.703 0.703 0.703 0.703 0.703 0.703 0.703 0.703 0.703 0.703 0.703 0.703 0.703 0.703 0.703 0.703 0.703 0.703 0.703 0.703 
TS36 0.7252 0.7252 0.7252 0.7252 0.7252 0.7252 0.7252 0.7252 0.7252 0.7252 0.7252 0.7252 0.7252 0.7252 0.7252 0.7252 0.7252 0.7252 0.7252 0.7252 0.7252 0.7252 0.7252 0.7252 0.7252 0.7252 0.7252 0.7252 0.7252 0.7252 0.7252 0.7252 
TS37 0.3122 0.3122 0.3122 0.3122 0.3122 0.3122 0.3122 0.3122 0.3122 0.3122 0.3122 0.3122 0.3122 0.3122 0.3122 0.3122 0.3122 0.3122 0.3122 0.3122 0.3122 0.3122 0.3122 0.3122 0.3122 0.3122 0.3122 0.3122 0.3122 0.3122 0.3122 0.3122 
TS38 0.2477 0.2477 0.2477 0.2477 0.2477 0.2477 0.2477 0.2477 0.2477 0.2477 0.2477 0.2477 0.2477 0.2477 0.2477 0.2477 0.2477 0.2477 0.2477 0.2477 0.2477 0.2477 0.2477 0.2477 0.2477 0.2477 0.2477 0.2477 0.2477 0.2477 0.2477 0.2477 
TS39 0.5879 0.5879 0.5879 0.5879 0.5879 0.5879 0.5879 0.5879 0.5879 0.5879 0.5879 0.5879 0.5879 0.5879 0.5879 0.5879 0.5879 0.5879 0.5879 0.5879 0.5879 0.5879 0.5879 0.5879 0.5879 0.5879 0.5879 0.5879 0.5879 0.5879 0.5879 0.5879 
TS40 0.6485 0.6485 0.6485 0.6485 0.6485 0.6485 0.6485 0.6485 0.6485 0.6485 0.6485 0.6485 0.6485 0.6485 0.6485 0.6485 0.6485 0.6485 0.6485 0.6485 0.6485 0.6485 0.6485 0.6485 0.6485 0.6485 0.6485 0.6485 0.6485 0.6485 0.6485 0.6485 
TS41 0.5241 0.5241 0.5241 0.5241 0.5241 0.5241 0.5241 0.5241 0.5241 0.5241 0.5241 0.5241 0.5241 0.5241 0.5241 0.5241 0.5241 0.5241 0.5241 0.5241 0.5241 0.5241 0.5241 0.5241 0.5241 0.5241 0.5241 0.5241 0.5241 0.5241 0.5241 0.5241 
TS42 0.3999 0.3999 0.3999 0.3999 0.3999 0.3999 0.3999 0.3999 0.3999 0.3999 0.3999 0.3999 0.3999 0.3999 0.3999 0.3999 0.3999 0.3999 0.3999 0.3999 0.3999 0.3999 0.3999 0.3999 0.3999 0.3999 0.3999 0.3999 0.3999 0.3999 0.3999 0.3999 
TS43 0.3042 0.3042 0.3042 0.3042 0.3042 0.3042 0.3042 0.3042 0.3042 0.3042 0.3042 0.3042 0.3042 0.3042 0.3042 0.3042 0.3042 0.3042 0.3042 0.3042 0.3042 0.3042 0.3042 0.3042 0.3042 0.3042 0.3042 0.3042 0.3042 0.3042 0.3042 0.3042 
TS44 0.2741 0.2741 0.2741 0.2741 0.2741 0.2741 0.2741 0.2741 0.2741 0.2741 0.2741 0.2741 0.2741 0.2741 0.2741 0.2741 0.2741 0.2741 0.2741 0.2741 0.2741 0.2741 0.2741 0.2741 0.2741 0.2741 0.2741 0.2741 0.2741 0.2741 0.2741 0.2741 
TS45 0.5947 0.5947 0.5947 0.5947 0.5947 0.5947 0.5947 0.5947 0.5947 0.5947 0.5947 0.5947 0.5947 0.5947 0.5947 0.5947 0.5947 0.5947 0.5947 0.5947 0.5947 0.5947 0.5947 0.5947 0.5947 0.5947 0.5947 0.5947 0.5947 0.5947 0.5947 0.5947 
TS46 0.6589 0.6589 0.6589 0.6589 0.6589 0.6589 0.6589 0.6589 0.6589 0.6589 0.6589 0.6589 0.6589 0.6589 0.6589 0.6589 0.6589 0.6589 0.6589 0.6589 0.6589 0.6589 0.6589 0.6589 0.6589 0.6589 0.6589 0.6589 0.6589 0.6589 0.6589 0.6589 
TS47 0.5379 0.5379 0.5379 0.5379 0.5379 0.5379 0.5379 0.5379 0.5379 0.5379 0.5379 0.5379 0.5379 0.5379 0.5379 0.5379 0.5379 0.5379 0.5379 0.5379 0.5379 0.5379 0.5379 0.5379 0.5379 0.5379 0.5379 0.5379 0.5379 0.5379 0.5379 0.5379 
TS48 0.4209 0.4209 0.4209 0.4209 0.4209 0.4209 0.4209 0.4209 0.4209 0.4209 0.4209 0.4209 0.4209 0.4209 0.4209 0.4209 0.4209 0.4209 0.4209 0.4209 0.4209 0.4209 0.4209 0.4209 0.4209 0.4209 0.4209 0.4209 0.4209 0.4209 0.4209 0.4209 
[RE1,PWRWND006,*,*]:
2019 2020 2021 2022 2023 2024 2025 2026 2027 2028 2029 2030 2031 2032 2033 2034 2035 2036 2037 2038 2039 2040 2041 2042 2043 2044 2045 2046 2047 2048 2049 2050 :=
TS01 0.5505 0.5505 0.5505 0.5505 0.5505 0.5505 0.5505 0.5505 0.5505 0.5505 0.5505 0.5505 0.5505 0.5505 0.5505 0.5505 0.5505 0.5505 0.5505 0.5505 0.5505 0.5505 0.5505 0.5505 0.5505 0.5505 0.5505 0.5505 0.5505 0.5505 0.5505 0.5505 
TS02 0.4646 0.4646 0.4646 0.4646 0.4646 0.4646 0.4646 0.4646 0.4646 0.4646 0.4646 0.4646 0.4646 0.4646 0.4646 0.4646 0.4646 0.4646 0.4646 0.4646 0.4646 0.4646 0.4646 0.4646 0.4646 0.4646 0.4646 0.4646 0.4646 0.4646 0.4646 0.4646 
TS03 0.5911 0.5911 0.5911 0.5911 0.5911 0.5911 0.5911 0.5911 0.5911 0.5911 0.5911 0.5911 0.5911 0.5911 0.5911 0.5911 0.5911 0.5911 0.5911 0.5911 0.5911 0.5911 0.5911 0.5911 0.5911 0.5911 0.5911 0.5911 0.5911 0.5911 0.5911 0.5911 
TS04 0.5657 0.5657 0.5657 0.5657 0.5657 0.5657 0.5657 0.5657 0.5657 0.5657 0.5657 0.5657 0.5657 0.5657 0.5657 0.5657 0.5657 0.5657 0.5657 0.5657 0.5657 0.5657 0.5657 0.5657 0.5657 0.5657 0.5657 0.5657 0.5657 0.5657 0.5657 0.5657 
TS05 0.5999 0.5999 0.5999 0.5999 0.5999 0.5999 0.5999 0.5999 0.5999 0.5999 0.5999 0.5999 0.5999 0.5999 0.5999 0.5999 0.5999 0.5999 0.5999 0.5999 0.5999 0.5999 0.5999 0.5999 0.5999 0.5999 0.5999 0.5999 0.5999 0.5999 0.5999 0.5999 
TS06 0.5996 0.5996 0.5996 0.5996 0.5996 0.5996 0.5996 0.5996 0.5996 0.5996 0.5996 0.5996 0.5996 0.5996 0.5996 0.5996 0.5996 0.5996 0.5996 0.5996 0.5996 0.5996 0.5996 0.5996 0.5996 0.5996 0.5996 0.5996 0.5996 0.5996 0.5996 0.5996 
TS07 0.5383 0.5383 0.5383 0.5383 0.5383 0.5383 0.5383 0.5383 0.5383 0.5383 0.5383 0.5383 0.5383 0.5383 0.5383 0.5383 0.5383 0.5383 0.5383 0.5383 0.5383 0.5383 0.5383 0.5383 0.5383 0.5383 0.5383 0.5383 0.5383 0.5383 0.5383 0.5383 
TS08 0.4369 0.4369 0.4369 0.4369 0.4369 0.4369 0.4369 0.4369 0.4369 0.4369 0.4369 0.4369 0.4369 0.4369 0.4369 0.4369 0.4369 0.4369 0.4369 0.4369 0.4369 0.4369 0.4369 0.4369 0.4369 0.4369 0.4369 0.4369 0.4369 0.4369 0.4369 0.4369 
TS09 0.5844 0.5844 0.5844 0.5844 0.5844 0.5844 0.5844 0.5844 0.5844 0.5844 0.5844 0.5844 0.5844 0.5844 0.5844 0.5844 0.5844 0.5844 0.5844 0.5844 0.5844 0.5844 0.5844 0.5844 0.5844 0.5844 0.5844 0.5844 0.5844 0.5844 0.5844 0.5844 
TS10 0.62 0.62 0.62 0.62 0.62 0.62 0.62 0.62 0.62 0.62 0.62 0.62 0.62 0.62 0.62 0.62 0.62 0.62 0.62 0.62 0.62 0.62 0.62 0.62 0.62 0.62 0.62 0.62 0.62 0.62 0.62 0.62 
TS11 0.6385 0.6385 0.6385 0.6385 0.6385 0.6385 0.6385 0.6385 0.6385 0.6385 0.6385 0.6385 0.6385 0.6385 0.6385 0.6385 0.6385 0.6385 0.6385 0.6385 0.6385 0.6385 0.6385 0.6385 0.6385 0.6385 0.6385 0.6385 0.6385 0.6385 0.6385 0.6385 
TS12 0.6332 0.6332 0.6332 0.6332 0.6332 0.6332 0.6332 0.6332 0.6332 0.6332 0.6332 0.6332 0.6332 0.6332 0.6332 0.6332 0.6332 0.6332 0.6332 0.6332 0.6332 0.6332 0.6332 0.6332 0.6332 0.6332 0.6332 0.6332 0.6332 0.6332 0.6332 0.6332 
TS13 0.4363 0.4363 0.4363 0.4363 0.4363 0.4363 0.4363 0.4363 0.4363 0.4363 0.4363 0.4363 0.4363 0.4363 0.4363 0.4363 0.4363 0.4363 0.4363 0.4363 0.4363 0.4363 0.4363 0.4363 0.4363 0.4363 0.4363 0.4363 0.4363 0.4363 0.4363 0.4363 
TS14 0.4389 0.4389 0.4389 0.4389 0.4389 0.4389 0.4389 0.4389 0.4389 0.4389 0.4389 0.4389 0.4389 0.4389 0.4389 0.4389 0.4389 0.4389 0.4389 0.4389 0.4389 0.4389 0.4389 0.4389 0.4389 0.4389 0.4389 0.4389 0.4389 0.4389 0.4389 0.4389 
TS15 0.3506 0.3506 0.3506 0.3506 0.3506 0.3506 0.3506 0.3506 0.3506 0.3506 0.3506 0.3506 0.3506 0.3506 0.3506 0.3506 0.3506 0.3506 0.3506 0.3506 0.3506 0.3506 0.3506 0.3506 0.3506 0.3506 0.3506 0.3506 0.3506 0.3506 0.3506 0.3506 
TS16 0.3286 0.3286 0.3286 0.3286 0.3286 0.3286 0.3286 0.3286 0.3286 0.3286 0.3286 0.3286 0.3286 0.3286 0.3286 0.3286 0.3286 0.3286 0.3286 0.3286 0.3286 0.3286 0.3286 0.3286 0.3286 0.3286 0.3286 0.3286 0.3286 0.3286 0.3286 0.3286 
TS17 0.4151 0.4151 0.4151 0.4151 0.4151 0.4151 0.4151 0.4151 0.4151 0.4151 0.4151 0.4151 0.4151 0.4151 0.4151 0.4151 0.4151 0.4151 0.4151 0.4151 0.4151 0.4151 0.4151 0.4151 0.4151 0.4151 0.4151 0.4151 0.4151 0.4151 0.4151 0.4151 
TS18 0.446 0.446 0.446 0.446 0.446 0.446 0.446 0.446 0.446 0.446 0.446 0.446 0.446 0.446 0.446 0.446 0.446 0.446 0.446 0.446 0.446 0.446 0.446 0.446 0.446 0.446 0.446 0.446 0.446 0.446 0.446 0.446 
TS19 0.4874 0.4874 0.4874 0.4874 0.4874 0.4874 0.4874 0.4874 0.4874 0.4874 0.4874 0.4874 0.4874 0.4874 0.4874 0.4874 0.4874 0.4874 0.4874 0.4874 0.4874 0.4874 0.4874 0.4874 0.4874 0.4874 0.4874 0.4874 0.4874 0.4874 0.4874 0.4874 
TS20 0.4645 0.4645 0.4645 0.4645 0.4645 0.4645 0.4645 0.4645 0.4645 0.4645 0.4645 0.4645 0.4645 0.4645 0.4645 0.4645 0.4645 0.4645 0.4645 0.4645 0.4645 0.4645 0.4645 0.4645 0.4645 0.4645 0.4645 0.4645 0.4645 0.4645 0.4645 0.4645 
TS21 0.3713 0.3713 0.3713 0.3713 0.3713 0.3713 0.3713 0.3713 0.3713 0.3713 0.3713 0.3713 0.3713 0.3713 0.3713 0.3713 0.3713 0.3713 0.3713 0.3713 0.3713 0.3713 0.3713 0.3713 0.3713 0.3713 0.3713 0.3713 0.3713 0.3713 0.3713 0.3713 
TS22 0.3556 0.3556 0.3556 0.3556 0.3556 0.3556 0.3556 0.3556 0.3556 0.3556 0.3556 0.3556 0.3556 0.3556 0.3556 0.3556 0.3556 0.3556 0.3556 0.3556 0.3556 0.3556 0.3556 0.3556 0.3556 0.3556 0.3556 0.3556 0.3556 0.3556 0.3556 0.3556 
TS23 0.4238 0.4238 0.4238 0.4238 0.4238 0.4238 0.4238 0.4238 0.4238 0.4238 0.4238 0.4238 0.4238 0.4238 0.4238 0.4238 0.4238 0.4238 0.4238 0.4238 0.4238 0.4238 0.4238 0.4238 0.4238 0.4238 0.4238 0.4238 0.4238 0.4238 0.4238 0.4238 
TS24 0.4802 0.4802 0.4802 0.4802 0.4802 0.4802 0.4802 0.4802 0.4802 0.4802 0.4802 0.4802 0.4802 0.4802 0.4802 0.4802 0.4802 0.4802 0.4802 0.4802 0.4802 0.4802 0.4802 0.4802 0.4802 0.4802 0.4802 0.4802 0.4802 0.4802 0.4802 0.4802 
TS25 0.7162 0.7162 0.7162 0.7162 0.7162 0.7162 0.7162 0.7162 0.7162 0.7162 0.7162 0.7162 0.7162 0.7162 0.7162 0.7162 0.7162 0.7162 0.7162 0.7162 0.7162 0.7162 0.7162 0.7162 0.7162 0.7162 0.7162 0.7162 0.7162 0.7162 0.7162 0.7162 
TS26 0.7081 0.7081 0.7081 0.7081 0.7081 0.7081 0.7081 0.7081 0.7081 0.7081 0.7081 0.7081 0.7081 0.7081 0.7081 0.7081 0.7081 0.7081 0.7081 0.7081 0.7081 0.7081 0.7081 0.7081 0.7081 0.7081 0.7081 0.7081 0.7081 0.7081 0.7081 0.7081 
TS27 0.5542 0.5542 0.5542 0.5542 0.5542 0.5542 0.5542 0.5542 0.5542 0.5542 0.5542 0.5542 0.5542 0.5542 0.5542 0.5542 0.5542 0.5542 0.5542 0.5542 0.5542 0.5542 0.5542 0.5542 0.5542 0.5542 0.5542 0.5542 0.5542 0.5542 0.5542 0.5542 
TS28 0.4685 0.4685 0.4685 0.4685 0.4685 0.4685 0.4685 0.4685 0.4685 0.4685 0.4685 0.4685 0.4685 0.4685 0.4685 0.4685 0.4685 0.4685 0.4685 0.4685 0.4685 0.4685 0.4685 0.4685 0.4685 0.4685 0.4685 0.4685 0.4685 0.4685 0.4685 0.4685 
TS29 0.5904 0.5904 0.5904 0.5904 0.5904 0.5904 0.5904 0.5904 0.5904 0.5904 0.5904 0.5904 0.5904 0.5904 0.5904 0.5904 0.5904 0.5904 0.5904 0.5904 0.5904 0.5904 0.5904 0.5904 0.5904 0.5904 0.5904 0.5904 0.5904 0.5904 0.5904 0.5904 
TS30 0.6846 0.6846 0.6846 0.6846 0.6846 0.6846 0.6846 0.6846 0.6846 0.6846 0.6846 0.6846 0.6846 0.6846 0.6846 0.6846 0.6846 0.6846 0.6846 0.6846 0.6846 0.6846 0.6846 0.6846 0.6846 0.6846 0.6846 0.6846 0.6846 0.6846 0.6846 0.6846 
TS31 0.7417 0.7417 0.7417 0.7417 0.7417 0.7417 0.7417 0.7417 0.7417 0.7417 0.7417 0.7417 0.7417 0.7417 0.7417 0.7417 0.7417 0.7417 0.7417 0.7417 0.7417 0.7417 0.7417 0.7417 0.7417 0.7417 0.7417 0.7417 0.7417 0.7417 0.7417 0.7417 
TS32 0.7445 0.7445 0.7445 0.7445 0.7445 0.7445 0.7445 0.7445 0.7445 0.7445 0.7445 0.7445 0.7445 0.7445 0.7445 0.7445 0.7445 0.7445 0.7445 0.7445 0.7445 0.7445 0.7445 0.7445 0.7445 0.7445 0.7445 0.7445 0.7445 0.7445 0.7445 0.7445 
TS33 0.5656 0.5656 0.5656 0.5656 0.5656 0.5656 0.5656 0.5656 0.5656 0.5656 0.5656 0.5656 0.5656 0.5656 0.5656 0.5656 0.5656 0.5656 0.5656 0.5656 0.5656 0.5656 0.5656 0.5656 0.5656 0.5656 0.5656 0.5656 0.5656 0.5656 0.5656 0.5656 
TS34 0.4528 0.4528 0.4528 0.4528 0.4528 0.4528 0.4528 0.4528 0.4528 0.4528 0.4528 0.4528 0.4528 0.4528 0.4528 0.4528 0.4528 0.4528 0.4528 0.4528 0.4528 0.4528 0.4528 0.4528 0.4528 0.4528 0.4528 0.4528 0.4528 0.4528 0.4528 0.4528 
TS35 0.5624 0.5624 0.5624 0.5624 0.5624 0.5624 0.5624 0.5624 0.5624 0.5624 0.5624 0.5624 0.5624 0.5624 0.5624 0.5624 0.5624 0.5624 0.5624 0.5624 0.5624 0.5624 0.5624 0.5624 0.5624 0.5624 0.5624 0.5624 0.5624 0.5624 0.5624 0.5624 
TS36 0.6803 0.6803 0.6803 0.6803 0.6803 0.6803 0.6803 0.6803 0.6803 0.6803 0.6803 0.6803 0.6803 0.6803 0.6803 0.6803 0.6803 0.6803 0.6803 0.6803 0.6803 0.6803 0.6803 0.6803 0.6803 0.6803 0.6803 0.6803 0.6803 0.6803 0.6803 0.6803 
TS37 0.6735 0.6735 0.6735 0.6735 0.6735 0.6735 0.6735 0.6735 0.6735 0.6735 0.6735 0.6735 0.6735 0.6735 0.6735 0.6735 0.6735 0.6735 0.6735 0.6735 0.6735 0.6735 0.6735 0.6735 0.6735 0.6735 0.6735 0.6735 0.6735 0.6735 0.6735 0.6735 
TS38 0.6232 0.6232 0.6232 0.6232 0.6232 0.6232 0.6232 0.6232 0.6232 0.6232 0.6232 0.6232 0.6232 0.6232 0.6232 0.6232 0.6232 0.6232 0.6232 0.6232 0.6232 0.6232 0.6232 0.6232 0.6232 0.6232 0.6232 0.6232 0.6232 0.6232 0.6232 0.6232 
TS39 0.6948 0.6948 0.6948 0.6948 0.6948 0.6948 0.6948 0.6948 0.6948 0.6948 0.6948 0.6948 0.6948 0.6948 0.6948 0.6948 0.6948 0.6948 0.6948 0.6948 0.6948 0.6948 0.6948 0.6948 0.6948 0.6948 0.6948 0.6948 0.6948 0.6948 0.6948 0.6948 
TS40 0.7316 0.7316 0.7316 0.7316 0.7316 0.7316 0.7316 0.7316 0.7316 0.7316 0.7316 0.7316 0.7316 0.7316 0.7316 0.7316 0.7316 0.7316 0.7316 0.7316 0.7316 0.7316 0.7316 0.7316 0.7316 0.7316 0.7316 0.7316 0.7316 0.7316 0.7316 0.7316 
TS41 0.7663 0.7663 0.7663 0.7663 0.7663 0.7663 0.7663 0.7663 0.7663 0.7663 0.7663 0.7663 0.7663 0.7663 0.7663 0.7663 0.7663 0.7663 0.7663 0.7663 0.7663 0.7663 0.7663 0.7663 0.7663 0.7663 0.7663 0.7663 0.7663 0.7663 0.7663 0.7663 
TS42 0.7633 0.7633 0.7633 0.7633 0.7633 0.7633 0.7633 0.7633 0.7633 0.7633 0.7633 0.7633 0.7633 0.7633 0.7633 0.7633 0.7633 0.7633 0.7633 0.7633 0.7633 0.7633 0.7633 0.7633 0.7633 0.7633 0.7633 0.7633 0.7633 0.7633 0.7633 0.7633 
TS43 0.6642 0.6642 0.6642 0.6642 0.6642 0.6642 0.6642 0.6642 0.6642 0.6642 0.6642 0.6642 0.6642 0.6642 0.6642 0.6642 0.6642 0.6642 0.6642 0.6642 0.6642 0.6642 0.6642 0.6642 0.6642 0.6642 0.6642 0.6642 0.6642 0.6642 0.6642 0.6642 
TS44 0.5586 0.5586 0.5586 0.5586 0.5586 0.5586 0.5586 0.5586 0.5586 0.5586 0.5586 0.5586 0.5586 0.5586 0.5586 0.5586 0.5586 0.5586 0.5586 0.5586 0.5586 0.5586 0.5586 0.5586 0.5586 0.5586 0.5586 0.5586 0.5586 0.5586 0.5586 0.5586 
TS45 0.6745 0.6745 0.6745 0.6745 0.6745 0.6745 0.6745 0.6745 0.6745 0.6745 0.6745 0.6745 0.6745 0.6745 0.6745 0.6745 0.6745 0.6745 0.6745 0.6745 0.6745 0.6745 0.6745 0.6745 0.6745 0.6745 0.6745 0.6745 0.6745 0.6745 0.6745 0.6745 
TS46 0.7486 0.7486 0.7486 0.7486 0.7486 0.7486 0.7486 0.7486 0.7486 0.7486 0.7486 0.7486 0.7486 0.7486 0.7486 0.7486 0.7486 0.7486 0.7486 0.7486 0.7486 0.7486 0.7486 0.7486 0.7486 0.7486 0.7486 0.7486 0.7486 0.7486 0.7486 0.7486 
TS47 0.8008 0.8008 0.8008 0.8008 0.8008 0.8008 0.8008 0.8008 0.8008 0.8008 0.8008 0.8008 0.8008 0.8008 0.8008 0.8008 0.8008 0.8008 0.8008 0.8008 0.8008 0.8008 0.8008 0.8008 0.8008 0.8008 0.8008 0.8008 0.8008 0.8008 0.8008 0.8008 
TS48 0.7879 0.7879 0.7879 0.7879 0.7879 0.7879 0.7879 0.7879 0.7879 0.7879 0.7879 0.7879 0.7879 0.7879 0.7879 0.7879 0.7879 0.7879 0.7879 0.7879 0.7879 0.7879 0.7879 0.7879 0.7879 0.7879 0.7879 0.7879 0.7879 0.7879 0.7879 0.7879 
[RE1,PWRWND007,*,*]:
2019 2020 2021 2022 2023 2024 2025 2026 2027 2028 2029 2030 2031 2032 2033 2034 2035 2036 2037 2038 2039 2040 2041 2042 2043 2044 2045 2046 2047 2048 2049 2050 :=
TS01 0.3045 0.3045 0.3045 0.3045 0.3045 0.3045 0.3045 0.3045 0.3045 0.3045 0.3045 0.3045 0.3045 0.3045 0.3045 0.3045 0.3045 0.3045 0.3045 0.3045 0.3045 0.3045 0.3045 0.3045 0.3045 0.3045 0.3045 0.3045 0.3045 0.3045 0.3045 0.3045 
TS02 0.3701 0.3701 0.3701 0.3701 0.3701 0.3701 0.3701 0.3701 0.3701 0.3701 0.3701 0.3701 0.3701 0.3701 0.3701 0.3701 0.3701 0.3701 0.3701 0.3701 0.3701 0.3701 0.3701 0.3701 0.3701 0.3701 0.3701 0.3701 0.3701 0.3701 0.3701 0.3701 
TS03 0.289 0.289 0.289 0.289 0.289 0.289 0.289 0.289 0.289 0.289 0.289 0.289 0.289 0.289 0.289 0.289 0.289 0.289 0.289 0.289 0.289 0.289 0.289 0.289 0.289 0.289 0.289 0.289 0.289 0.289 0.289 0.289 
TS04 0.2595 0.2595 0.2595 0.2595 0.2595 0.2595 0.2595 0.2595 0.2595 0.2595 0.2595 0.2595 0.2595 0.2595 0.2595 0.2595 0.2595 0.2595 0.2595 0.2595 0.2595 0.2595 0.2595 0.2595 0.2595 0.2595 0.2595 0.2595 0.2595 0.2595 0.2595 0.2595 
TS05 0.3333 0.3333 0.3333 0.3333 0.3333 0.3333 0.3333 0.3333 0.3333 0.3333 0.3333 0.3333 0.3333 0.3333 0.3333 0.3333 0.3333 0.3333 0.3333 0.3333 0.3333 0.3333 0.3333 0.3333 0.3333 0.3333 0.3333 0.3333 0.3333 0.3333 0.3333 0.3333 
TS06 0.2953 0.2953 0.2953 0.2953 0.2953 0.2953 0.2953 0.2953 0.2953 0.2953 0.2953 0.2953 0.2953 0.2953 0.2953 0.2953 0.2953 0.2953 0.2953 0.2953 0.2953 0.2953 0.2953 0.2953 0.2953 0.2953 0.2953 0.2953 0.2953 0.2953 0.2953 0.2953 
TS07 0.302 0.302 0.302 0.302 0.302 0.302 0.302 0.302 0.302 0.302 0.302 0.302 0.302 0.302 0.302 0.302 0.302 0.302 0.302 0.302 0.302 0.302 0.302 0.302 0.302 0.302 0.302 0.302 0.302 0.302 0.302 0.302 
TS08 0.3655 0.3655 0.3655 0.3655 0.3655 0.3655 0.3655 0.3655 0.3655 0.3655 0.3655 0.3655 0.3655 0.3655 0.3655 0.3655 0.3655 0.3655 0.3655 0.3655 0.3655 0.3655 0.3655 0.3655 0.3655 0.3655 0.3655 0.3655 0.3655 0.3655 0.3655 0.3655 
TS09 0.2836 0.2836 0.2836 0.2836 0.2836 0.2836 0.2836 0.2836 0.2836 0.2836 0.2836 0.2836 0.2836 0.2836 0.2836 0.2836 0.2836 0.2836 0.2836 0.2836 0.2836 0.2836 0.2836 0.2836 0.2836 0.2836 0.2836 0.2836 0.2836 0.2836 0.2836 0.2836 
TS10 0.2665 0.2665 0.2665 0.2665 0.2665 0.2665 0.2665 0.2665 0.2665 0.2665 0.2665 0.2665 0.2665 0.2665 0.2665 0.2665 0.2665 0.2665 0.2665 0.2665 0.2665 0.2665 0.2665 0.2665 0.2665 0.2665 0.2665 0.2665 0.2665 0.2665 0.2665 0.2665 
TS11 0.3333 0.3333 0.3333 0.3333 0.3333 0.3333 0.3333 0.3333 0.3333 0.3333 0.3333 0.3333 0.3333 0.3333 0.3333 0.3333 0.3333 0.3333 0.3333 0.3333 0.3333 0.3333 0.3333 0.3333 0.3333 0.3333 0.3333 0.3333 0.3333 0.3333 0.3333 0.3333 
TS12 0.2661 0.2661 0.2661 0.2661 0.2661 0.2661 0.2661 0.2661 0.2661 0.2661 0.2661 0.2661 0.2661 0.2661 0.2661 0.2661 0.2661 0.2661 0.2661 0.2661 0.2661 0.2661 0.2661 0.2661 0.2661 0.2661 0.2661 0.2661 0.2661 0.2661 0.2661 0.2661 
TS13 0.3901 0.3901 0.3901 0.3901 0.3901 0.3901 0.3901 0.3901 0.3901 0.3901 0.3901 0.3901 0.3901 0.3901 0.3901 0.3901 0.3901 0.3901 0.3901 0.3901 0.3901 0.3901 0.3901 0.3901 0.3901 0.3901 0.3901 0.3901 0.3901 0.3901 0.3901 0.3901 
TS14 0.3588 0.3588 0.3588 0.3588 0.3588 0.3588 0.3588 0.3588 0.3588 0.3588 0.3588 0.3588 0.3588 0.3588 0.3588 0.3588 0.3588 0.3588 0.3588 0.3588 0.3588 0.3588 0.3588 0.3588 0.3588 0.3588 0.3588 0.3588 0.3588 0.3588 0.3588 0.3588 
TS15 0.4243 0.4243 0.4243 0.4243 0.4243 0.4243 0.4243 0.4243 0.4243 0.4243 0.4243 0.4243 0.4243 0.4243 0.4243 0.4243 0.4243 0.4243 0.4243 0.4243 0.4243 0.4243 0.4243 0.4243 0.4243 0.4243 0.4243 0.4243 0.4243 0.4243 0.4243 0.4243 
TS16 0.384 0.384 0.384 0.384 0.384 0.384 0.384 0.384 0.384 0.384 0.384 0.384 0.384 0.384 0.384 0.384 0.384 0.384 0.384 0.384 0.384 0.384 0.384 0.384 0.384 0.384 0.384 0.384 0.384 0.384 0.384 0.384 
TS17 0.3969 0.3969 0.3969 0.3969 0.3969 0.3969 0.3969 0.3969 0.3969 0.3969 0.3969 0.3969 0.3969 0.3969 0.3969 0.3969 0.3969 0.3969 0.3969 0.3969 0.3969 0.3969 0.3969 0.3969 0.3969 0.3969 0.3969 0.3969 0.3969 0.3969 0.3969 0.3969 
TS18 0.4169 0.4169 0.4169 0.4169 0.4169 0.4169 0.4169 0.4169 0.4169 0.4169 0.4169 0.4169 0.4169 0.4169 0.4169 0.4169 0.4169 0.4169 0.4169 0.4169 0.4169 0.4169 0.4169 0.4169 0.4169 0.4169 0.4169 0.4169 0.4169 0.4169 0.4169 0.4169 
TS19 0.4199 0.4199 0.4199 0.4199 0.4199 0.4199 0.4199 0.4199 0.4199 0.4199 0.4199 0.4199 0.4199 0.4199 0.4199 0.4199 0.4199 0.4199 0.4199 0.4199 0.4199 0.4199 0.4199 0.4199 0.4199 0.4199 0.4199 0.4199 0.4199 0.4199 0.4199 0.4199 
TS20 0.3748 0.3748 0.3748 0.3748 0.3748 0.3748 0.3748 0.3748 0.3748 0.3748 0.3748 0.3748 0.3748 0.3748 0.3748 0.3748 0.3748 0.3748 0.3748 0.3748 0.3748 0.3748 0.3748 0.3748 0.3748 0.3748 0.3748 0.3748 0.3748 0.3748 0.3748 0.3748 
TS21 0.4644 0.4644 0.4644 0.4644 0.4644 0.4644 0.4644 0.4644 0.4644 0.4644 0.4644 0.4644 0.4644 0.4644 0.4644 0.4644 0.4644 0.4644 0.4644 0.4644 0.4644 0.4644 0.4644 0.4644 0.4644 0.4644 0.4644 0.4644 0.4644 0.4644 0.4644 0.4644 
TS22 0.4034 0.4034 0.4034 0.4034 0.4034 0.4034 0.4034 0.4034 0.4034 0.4034 0.4034 0.4034 0.4034 0.4034 0.4034 0.4034 0.4034 0.4034 0.4034 0.4034 0.4034 0.4034 0.4034 0.4034 0.4034 0.4034 0.4034 0.4034 0.4034 0.4034 0.4034 0.4034 
TS23 0.3968 0.3968 0.3968 0.3968 0.3968 0.3968 0.3968 0.3968 0.3968 0.3968 0.3968 0.3968 0.3968 0.3968 0.3968 0.3968 0.3968 0.3968 0.3968 0.3968 0.3968 0.3968 0.3968 0.3968 0.3968 0.3968 0.3968 0.3968 0.3968 0.3968 0.3968 0.3968 
TS24 0.4434 0.4434 0.4434 0.4434 0.4434 0.4434 0.4434 0.4434 0.4434 0.4434 0.4434 0.4434 0.4434 0.4434 0.4434 0.4434 0.4434 0.4434 0.4434 0.4434 0.4434 0.4434 0.4434 0.4434 0.4434 0.4434 0.4434 0.4434 0.4434 0.4434 0.4434 0.4434 
TS25 0.754 0.754 0.754 0.754 0.754 0.754 0.754 0.754 0.754 0.754 0.754 0.754 0.754 0.754 0.754 0.754 0.754 0.754 0.754 0.754 0.754 0.754 0.754 0.754 0.754 0.754 0.754 0.754 0.754 0.754 0.754 0.754 
TS26 0.7276 0.7276 0.7276 0.7276 0.7276 0.7276 0.7276 0.7276 0.7276 0.7276 0.7276 0.7276 0.7276 0.7276 0.7276 0.7276 0.7276 0.7276 0.7276 0.7276 0.7276 0.7276 0.7276 0.7276 0.7276 0.7276 0.7276 0.7276 0.7276 0.7276 0.7276 0.7276 
TS27 0.746 0.746 0.746 0.746 0.746 0.746 0.746 0.746 0.746 0.746 0.746 0.746 0.746 0.746 0.746 0.746 0.746 0.746 0.746 0.746 0.746 0.746 0.746 0.746 0.746 0.746 0.746 0.746 0.746 0.746 0.746 0.746 
TS28 0.7071 0.7071 0.7071 0.7071 0.7071 0.7071 0.7071 0.7071 0.7071 0.7071 0.7071 0.7071 0.7071 0.7071 0.7071 0.7071 0.7071 0.7071 0.7071 0.7071 0.7071 0.7071 0.7071 0.7071 0.7071 0.7071 0.7071 0.7071 0.7071 0.7071 0.7071 0.7071 
TS29 0.728 0.728 0.728 0.728 0.728 0.728 0.728 0.728 0.728 0.728 0.728 0.728 0.728 0.728 0.728 0.728 0.728 0.728 0.728 0.728 0.728 0.728 0.728 0.728 0.728 0.728 0.728 0.728 0.728 0.728 0.728 0.728 
TS30 0.7463 0.7463 0.7463 0.7463 0.7463 0.7463 0.7463 0.7463 0.7463 0.7463 0.7463 0.7463 0.7463 0.7463 0.7463 0.7463 0.7463 0.7463 0.7463 0.7463 0.7463 0.7463 0.7463 0.7463 0.7463 0.7463 0.7463 0.7463 0.7463 0.7463 0.7463 0.7463 
TS31 0.7607 0.7607 0.7607 0.7607 0.7607 0.7607 0.7607 0.7607 0.7607 0.7607 0.7607 0.7607 0.7607 0.7607 0.7607 0.7607 0.7607 0.7607 0.7607 0.7607 0.7607 0.7607 0.7607 0.7607 0.7607 0.7607 0.7607 0.7607 0.7607 0.7607 0.7607 0.7607 
TS32 0.7323 0.7323 0.7323 0.7323 0.7323 0.7323 0.7323 0.7323 0.7323 0.7323 0.7323 0.7323 0.7323 0.7323 0.7323 0.7323 0.7323 0.7323 0.7323 0.7323 0.7323 0.7323 0.7323 0.7323 0.7323 0.7323 0.7323 0.7323 0.7323 0.7323 0.7323 0.7323 
TS33 0.7609 0.7609 0.7609 0.7609 0.7609 0.7609 0.7609 0.7609 0.7609 0.7609 0.7609 0.7609 0.7609 0.7609 0.7609 0.7609 0.7609 0.7609 0.7609 0.7609 0.7609 0.7609 0.7609 0.7609 0.7609 0.7609 0.7609 0.7609 0.7609 0.7609 0.7609 0.7609 
TS34 0.7302 0.7302 0.7302 0.7302 0.7302 0.7302 0.7302 0.7302 0.7302 0.7302 0.7302 0.7302 0.7302 0.7302 0.7302 0.7302 0.7302 0.7302 0.7302 0.7302 0.7302 0.7302 0.7302 0.7302 0.7302 0.7302 0.7302 0.7302 0.7302 0.7302 0.7302 0.7302 
TS35 0.7478 0.7478 0.7478 0.7478 0.7478 0.7478 0.7478 0.7478 0.7478 0.7478 0.7478 0.7478 0.7478 0.7478 0.7478 0.7478 0.7478 0.7478 0.7478 0.7478 0.7478 0.7478 0.7478 0.7478 0.7478 0.7478 0.7478 0.7478 0.7478 0.7478 0.7478 0.7478 
TS36 0.7607 0.7607 0.7607 0.7607 0.7607 0.7607 0.7607 0.7607 0.7607 0.7607 0.7607 0.7607 0.7607 0.7607 0.7607 0.7607 0.7607 0.7607 0.7607 0.7607 0.7607 0.7607 0.7607 0.7607 0.7607 0.7607 0.7607 0.7607 0.7607 0.7607 0.7607 0.7607 
TS37 0.3902 0.3902 0.3902 0.3902 0.3902 0.3902 0.3902 0.3902 0.3902 0.3902 0.3902 0.3902 0.3902 0.3902 0.3902 0.3902 0.3902 0.3902 0.3902 0.3902 0.3902 0.3902 0.3902 0.3902 0.3902 0.3902 0.3902 0.3902 0.3902 0.3902 0.3902 0.3902 
TS38 0.3918 0.3918 0.3918 0.3918 0.3918 0.3918 0.3918 0.3918 0.3918 0.3918 0.3918 0.3918 0.3918 0.3918 0.3918 0.3918 0.3918 0.3918 0.3918 0.3918 0.3918 0.3918 0.3918 0.3918 0.3918 0.3918 0.3918 0.3918 0.3918 0.3918 0.3918 0.3918 
TS39 0.3818 0.3818 0.3818 0.3818 0.3818 0.3818 0.3818 0.3818 0.3818 0.3818 0.3818 0.3818 0.3818 0.3818 0.3818 0.3818 0.3818 0.3818 0.3818 0.3818 0.3818 0.3818 0.3818 0.3818 0.3818 0.3818 0.3818 0.3818 0.3818 0.3818 0.3818 0.3818 
TS40 0.3793 0.3793 0.3793 0.3793 0.3793 0.3793 0.3793 0.3793 0.3793 0.3793 0.3793 0.3793 0.3793 0.3793 0.3793 0.3793 0.3793 0.3793 0.3793 0.3793 0.3793 0.3793 0.3793 0.3793 0.3793 0.3793 0.3793 0.3793 0.3793 0.3793 0.3793 0.3793 
TS41 0.3809 0.3809 0.3809 0.3809 0.3809 0.3809 0.3809 0.3809 0.3809 0.3809 0.3809 0.3809 0.3809 0.3809 0.3809 0.3809 0.3809 0.3809 0.3809 0.3809 0.3809 0.3809 0.3809 0.3809 0.3809 0.3809 0.3809 0.3809 0.3809 0.3809 0.3809 0.3809 
TS42 0.3777 0.3777 0.3777 0.3777 0.3777 0.3777 0.3777 0.3777 0.3777 0.3777 0.3777 0.3777 0.3777 0.3777 0.3777 0.3777 0.3777 0.3777 0.3777 0.3777 0.3777 0.3777 0.3777 0.3777 0.3777 0.3777 0.3777 0.3777 0.3777 0.3777 0.3777 0.3777 
TS43 0.3947 0.3947 0.3947 0.3947 0.3947 0.3947 0.3947 0.3947 0.3947 0.3947 0.3947 0.3947 0.3947 0.3947 0.3947 0.3947 0.3947 0.3947 0.3947 0.3947 0.3947 0.3947 0.3947 0.3947 0.3947 0.3947 0.3947 0.3947 0.3947 0.3947 0.3947 0.3947 
TS44 0.4301 0.4301 0.4301 0.4301 0.4301 0.4301 0.4301 0.4301 0.4301 0.4301 0.4301 0.4301 0.4301 0.4301 0.4301 0.4301 0.4301 0.4301 0.4301 0.4301 0.4301 0.4301 0.4301 0.4301 0.4301 0.4301 0.4301 0.4301 0.4301 0.4301 0.4301 0.4301 
TS45 0.3909 0.3909 0.3909 0.3909 0.3909 0.3909 0.3909 0.3909 0.3909 0.3909 0.3909 0.3909 0.3909 0.3909 0.3909 0.3909 0.3909 0.3909 0.3909 0.3909 0.3909 0.3909 0.3909 0.3909 0.3909 0.3909 0.3909 0.3909 0.3909 0.3909 0.3909 0.3909 
TS46 0.3841 0.3841 0.3841 0.3841 0.3841 0.3841 0.3841 0.3841 0.3841 0.3841 0.3841 0.3841 0.3841 0.3841 0.3841 0.3841 0.3841 0.3841 0.3841 0.3841 0.3841 0.3841 0.3841 0.3841 0.3841 0.3841 0.3841 0.3841 0.3841 0.3841 0.3841 0.3841 
TS47 0.3879 0.3879 0.3879 0.3879 0.3879 0.3879 0.3879 0.3879 0.3879 0.3879 0.3879 0.3879 0.3879 0.3879 0.3879 0.3879 0.3879 0.3879 0.3879 0.3879 0.3879 0.3879 0.3879 0.3879 0.3879 0.3879 0.3879 0.3879 0.3879 0.3879 0.3879 0.3879 
TS48 0.3708 0.3708 0.3708 0.3708 0.3708 0.3708 0.3708 0.3708 0.3708 0.3708 0.3708 0.3708 0.3708 0.3708 0.3708 0.3708 0.3708 0.3708 0.3708 0.3708 0.3708 0.3708 0.3708 0.3708 0.3708 0.3708 0.3708 0.3708 0.3708 0.3708 0.3708 0.3708 
[RE1,PWRWND008,*,*]:
2019 2020 2021 2022 2023 2024 2025 2026 2027 2028 2029 2030 2031 2032 2033 2034 2035 2036 2037 2038 2039 2040 2041 2042 2043 2044 2045 2046 2047 2048 2049 2050 :=
TS01 0.4448 0.4448 0.4448 0.4448 0.4448 0.4448 0.4448 0.4448 0.4448 0.4448 0.4448 0.4448 0.4448 0.4448 0.4448 0.4448 0.4448 0.4448 0.4448 0.4448 0.4448 0.4448 0.4448 0.4448 0.4448 0.4448 0.4448 0.4448 0.4448 0.4448 0.4448 0.4448 
TS02 0.2701 0.2701 0.2701 0.2701 0.2701 0.2701 0.2701 0.2701 0.2701 0.2701 0.2701 0.2701 0.2701 0.2701 0.2701 0.2701 0.2701 0.2701 0.2701 0.2701 0.2701 0.2701 0.2701 0.2701 0.2701 0.2701 0.2701 0.2701 0.2701 0.2701 0.2701 0.2701 
TS03 0.4221 0.4221 0.4221 0.4221 0.4221 0.4221 0.4221 0.4221 0.4221 0.4221 0.4221 0.4221 0.4221 0.4221 0.4221 0.4221 0.4221 0.4221 0.4221 0.4221 0.4221 0.4221 0.4221 0.4221 0.4221 0.4221 0.4221 0.4221 0.4221 0.4221 0.4221 0.4221 
TS04 0.5878 0.5878 0.5878 0.5878 0.5878 0.5878 0.5878 0.5878 0.5878 0.5878 0.5878 0.5878 0.5878 0.5878 0.5878 0.5878 0.5878 0.5878 0.5878 0.5878 0.5878 0.5878 0.5878 0.5878 0.5878 0.5878 0.5878 0.5878 0.5878 0.5878 0.5878 0.5878 
TS05 0.621 0.621 0.621 0.621 0.621 0.621 0.621 0.621 0.621 0.621 0.621 0.621 0.621 0.621 0.621 0.621 0.621 0.621 0.621 0.621 0.621 0.621 0.621 0.621 0.621 0.621 0.621 0.621 0.621 0.621 0.621 0.621 
TS06 0.5958 0.5958 0.5958 0.5958 0.5958 0.5958 0.5958 0.5958 0.5958 0.5958 0.5958 0.5958 0.5958 0.5958 0.5958 0.5958 0.5958 0.5958 0.5958 0.5958 0.5958 0.5958 0.5958 0.5958 0.5958 0.5958 0.5958 0.5958 0.5958 0.5958 0.5958 0.5958 
TS07 0.4215 0.4215 0.4215 0.4215 0.4215 0.4215 0.4215 0.4215 0.4215 0.4215 0.4215 0.4215 0.4215 0.4215 0.4215 0.4215 0.4215 0.4215 0.4215 0.4215 0.4215 0.4215 0.4215 0.4215 0.4215 0.4215 0.4215 0.4215 0.4215 0.4215 0.4215 0.4215 
TS08 0.2657 0.2657 0.2657 0.2657 0.2657 0.2657 0.2657 0.2657 0.2657 0.2657 0.2657 0.2657 0.2657 0.2657 0.2657 0.2657 0.2657 0.2657 0.2657 0.2657 0.2657 0.2657 0.2657 0.2657 0.2657 0.2657 0.2657 0.2657 0.2657 0.2657 0.2657 0.2657 
TS09 0.4836 0.4836 0.4836 0.4836 0.4836 0.4836 0.4836 0.4836 0.4836 0.4836 0.4836 0.4836 0.4836 0.4836 0.4836 0.4836 0.4836 0.4836 0.4836 0.4836 0.4836 0.4836 0.4836 0.4836 0.4836 0.4836 0.4836 0.4836 0.4836 0.4836 0.4836 0.4836 
TS10 0.6193 0.6193 0.6193 0.6193 0.6193 0.6193 0.6193 0.6193 0.6193 0.6193 0.6193 0.6193 0.6193 0.6193 0.6193 0.6193 0.6193 0.6193 0.6193 0.6193 0.6193 0.6193 0.6193 0.6193 0.6193 0.6193 0.6193 0.6193 0.6193 0.6193 0.6193 0.6193 
TS11 0.6577 0.6577 0.6577 0.6577 0.6577 0.6577 0.6577 0.6577 0.6577 0.6577 0.6577 0.6577 0.6577 0.6577 0.6577 0.6577 0.6577 0.6577 0.6577 0.6577 0.6577 0.6577 0.6577 0.6577 0.6577 0.6577 0.6577 0.6577 0.6577 0.6577 0.6577 0.6577 
TS12 0.6111 0.6111 0.6111 0.6111 0.6111 0.6111 0.6111 0.6111 0.6111 0.6111 0.6111 0.6111 0.6111 0.6111 0.6111 0.6111 0.6111 0.6111 0.6111 0.6111 0.6111 0.6111 0.6111 0.6111 0.6111 0.6111 0.6111 0.6111 0.6111 0.6111 0.6111 0.6111 
TS13 0.154 0.154 0.154 0.154 0.154 0.154 0.154 0.154 0.154 0.154 0.154 0.154 0.154 0.154 0.154 0.154 0.154 0.154 0.154 0.154 0.154 0.154 0.154 0.154 0.154 0.154 0.154 0.154 0.154 0.154 0.154 0.154 
TS14 0.1043 0.1043 0.1043 0.1043 0.1043 0.1043 0.1043 0.1043 0.1043 0.1043 0.1043 0.1043 0.1043 0.1043 0.1043 0.1043 0.1043 0.1043 0.1043 0.1043 0.1043 0.1043 0.1043 0.1043 0.1043 0.1043 0.1043 0.1043 0.1043 0.1043 0.1043 0.1043 
TS15 0.4191 0.4191 0.4191 0.4191 0.4191 0.4191 0.4191 0.4191 0.4191 0.4191 0.4191 0.4191 0.4191 0.4191 0.4191 0.4191 0.4191 0.4191 0.4191 0.4191 0.4191 0.4191 0.4191 0.4191 0.4191 0.4191 0.4191 0.4191 0.4191 0.4191 0.4191 0.4191 
TS16 0.4323 0.4323 0.4323 0.4323 0.4323 0.4323 0.4323 0.4323 0.4323 0.4323 0.4323 0.4323 0.4323 0.4323 0.4323 0.4323 0.4323 0.4323 0.4323 0.4323 0.4323 0.4323 0.4323 0.4323 0.4323 0.4323 0.4323 0.4323 0.4323 0.4323 0.4323 0.4323 
TS17 0.2985 0.2985 0.2985 0.2985 0.2985 0.2985 0.2985 0.2985 0.2985 0.2985 0.2985 0.2985 0.2985 0.2985 0.2985 0.2985 0.2985 0.2985 0.2985 0.2985 0.2985 0.2985 0.2985 0.2985 0.2985 0.2985 0.2985 0.2985 0.2985 0.2985 0.2985 0.2985 
TS18 0.2516 0.2516 0.2516 0.2516 0.2516 0.2516 0.2516 0.2516 0.2516 0.2516 0.2516 0.2516 0.2516 0.2516 0.2516 0.2516 0.2516 0.2516 0.2516 0.2516 0.2516 0.2516 0.2516 0.2516 0.2516 0.2516 0.2516 0.2516 0.2516 0.2516 0.2516 0.2516 
TS19 0.1327 0.1327 0.1327 0.1327 0.1327 0.1327 0.1327 0.1327 0.1327 0.1327 0.1327 0.1327 0.1327 0.1327 0.1327 0.1327 0.1327 0.1327 0.1327 0.1327 0.1327 0.1327 0.1327 0.1327 0.1327 0.1327 0.1327 0.1327 0.1327 0.1327 0.1327 0.1327 
TS20 0.0945 0.0945 0.0945 0.0945 0.0945 0.0945 0.0945 0.0945 0.0945 0.0945 0.0945 0.0945 0.0945 0.0945 0.0945 0.0945 0.0945 0.0945 0.0945 0.0945 0.0945 0.0945 0.0945 0.0945 0.0945 0.0945 0.0945 0.0945 0.0945 0.0945 0.0945 0.0945 
TS21 0.4437 0.4437 0.4437 0.4437 0.4437 0.4437 0.4437 0.4437 0.4437 0.4437 0.4437 0.4437 0.4437 0.4437 0.4437 0.4437 0.4437 0.4437 0.4437 0.4437 0.4437 0.4437 0.4437 0.4437 0.4437 0.4437 0.4437 0.4437 0.4437 0.4437 0.4437 0.4437 
TS22 0.4498 0.4498 0.4498 0.4498 0.4498 0.4498 0.4498 0.4498 0.4498 0.4498 0.4498 0.4498 0.4498 0.4498 0.4498 0.4498 0.4498 0.4498 0.4498 0.4498 0.4498 0.4498 0.4498 0.4498 0.4498 0.4498 0.4498 0.4498 0.4498 0.4498 0.4498 0.4498 
TS23 0.2972 0.2972 0.2972 0.2972 0.2972 0.2972 0.2972 0.2972 0.2972 0.2972 0.2972 0.2972 0.2972 0.2972 0.2972 0.2972 0.2972 0.2972 0.2972 0.2972 0.2972 0.2972 0.2972 0.2972 0.2972 0.2972 0.2972 0.2972 0.2972 0.2972 0.2972 0.2972 
TS24 0.2828 0.2828 0.2828 0.2828 0.2828 0.2828 0.2828 0.2828 0.2828 0.2828 0.2828 0.2828 0.2828 0.2828 0.2828 0.2828 0.2828 0.2828 0.2828 0.2828 0.2828 0.2828 0.2828 0.2828 0.2828 0.2828 0.2828 0.2828 0.2828 0.2828 0.2828 0.2828 
TS25 0.4097 0.4097 0.4097 0.4097 0.4097 0.4097 0.4097 0.4097 0.4097 0.4097 0.4097 0.4097 0.4097 0.4097 0.4097 0.4097 0.4097 0.4097 0.4097 0.4097 0.4097 0.4097 0.4097 0.4097 0.4097 0.4097 0.4097 0.4097 0.4097 0.4097 0.4097 0.4097 
TS26 0.2611 0.2611 0.2611 0.2611 0.2611 0.2611 0.2611 0.2611 0.2611 0.2611 0.2611 0.2611 0.2611 0.2611 0.2611 0.2611 0.2611 0.2611 0.2611 0.2611 0.2611 0.2611 0.2611 0.2611 0.2611 0.2611 0.2611 0.2611 0.2611 0.2611 0.2611 0.2611 
TS27 0.4946 0.4946 0.4946 0.4946 0.4946 0.4946 0.4946 0.4946 0.4946 0.4946 0.4946 0.4946 0.4946 0.4946 0.4946 0.4946 0.4946 0.4946 0.4946 0.4946 0.4946 0.4946 0.4946 0.4946 0.4946 0.4946 0.4946 0.4946 0.4946 0.4946 0.4946 0.4946 
TS28 0.6182 0.6182 0.6182 0.6182 0.6182 0.6182 0.6182 0.6182 0.6182 0.6182 0.6182 0.6182 0.6182 0.6182 0.6182 0.6182 0.6182 0.6182 0.6182 0.6182 0.6182 0.6182 0.6182 0.6182 0.6182 0.6182 0.6182 0.6182 0.6182 0.6182 0.6182 0.6182 
TS29 0.5019 0.5019 0.5019 0.5019 0.5019 0.5019 0.5019 0.5019 0.5019 0.5019 0.5019 0.5019 0.5019 0.5019 0.5019 0.5019 0.5019 0.5019 0.5019 0.5019 0.5019 0.5019 0.5019 0.5019 0.5019 0.5019 0.5019 0.5019 0.5019 0.5019 0.5019 0.5019 
TS30 0.5168 0.5168 0.5168 0.5168 0.5168 0.5168 0.5168 0.5168 0.5168 0.5168 0.5168 0.5168 0.5168 0.5168 0.5168 0.5168 0.5168 0.5168 0.5168 0.5168 0.5168 0.5168 0.5168 0.5168 0.5168 0.5168 0.5168 0.5168 0.5168 0.5168 0.5168 0.5168 
TS31 0.3603 0.3603 0.3603 0.3603 0.3603 0.3603 0.3603 0.3603 0.3603 0.3603 0.3603 0.3603 0.3603 0.3603 0.3603 0.3603 0.3603 0.3603 0.3603 0.3603 0.3603 0.3603 0.3603 0.3603 0.3603 0.3603 0.3603 0.3603 0.3603 0.3603 0.3603 0.3603 
TS32 0.242 0.242 0.242 0.242 0.242 0.242 0.242 0.242 0.242 0.242 0.242 0.242 0.242 0.242 0.242 0.242 0.242 0.242 0.242 0.242 0.242 0.242 0.242 0.242 0.242 0.242 0.242 0.242 0.242 0.242 0.242 0.242 
TS33 0.4563 0.4563 0.4563 0.4563 0.4563 0.4563 0.4563 0.4563 0.4563 0.4563 0.4563 0.4563 0.4563 0.4563 0.4563 0.4563 0.4563 0.4563 0.4563 0.4563 0.4563 0.4563 0.4563 0.4563 0.4563 0.4563 0.4563 0.4563 0.4563 0.4563 0.4563 0.4563 
TS34 0.6164 0.6164 0.6164 0.6164 0.6164 0.6164 0.6164 0.6164 0.6164 0.6164 0.6164 0.6164 0.6164 0.6164 0.6164 0.6164 0.6164 0.6164 0.6164 0.6164 0.6164 0.6164 0.6164 0.6164 0.6164 0.6164 0.6164 0.6164 0.6164 0.6164 0.6164 0.6164 
TS35 0.5458 0.5458 0.5458 0.5458 0.5458 0.5458 0.5458 0.5458 0.5458 0.5458 0.5458 0.5458 0.5458 0.5458 0.5458 0.5458 0.5458 0.5458 0.5458 0.5458 0.5458 0.5458 0.5458 0.5458 0.5458 0.5458 0.5458 0.5458 0.5458 0.5458 0.5458 0.5458 
TS36 0.6038 0.6038 0.6038 0.6038 0.6038 0.6038 0.6038 0.6038 0.6038 0.6038 0.6038 0.6038 0.6038 0.6038 0.6038 0.6038 0.6038 0.6038 0.6038 0.6038 0.6038 0.6038 0.6038 0.6038 0.6038 0.6038 0.6038 0.6038 0.6038 0.6038 0.6038 0.6038 
TS37 0.4931 0.4931 0.4931 0.4931 0.4931 0.4931 0.4931 0.4931 0.4931 0.4931 0.4931 0.4931 0.4931 0.4931 0.4931 0.4931 0.4931 0.4931 0.4931 0.4931 0.4931 0.4931 0.4931 0.4931 0.4931 0.4931 0.4931 0.4931 0.4931 0.4931 0.4931 0.4931 
TS38 0.3993 0.3993 0.3993 0.3993 0.3993 0.3993 0.3993 0.3993 0.3993 0.3993 0.3993 0.3993 0.3993 0.3993 0.3993 0.3993 0.3993 0.3993 0.3993 0.3993 0.3993 0.3993 0.3993 0.3993 0.3993 0.3993 0.3993 0.3993 0.3993 0.3993 0.3993 0.3993 
TS39 0.6518 0.6518 0.6518 0.6518 0.6518 0.6518 0.6518 0.6518 0.6518 0.6518 0.6518 0.6518 0.6518 0.6518 0.6518 0.6518 0.6518 0.6518 0.6518 0.6518 0.6518 0.6518 0.6518 0.6518 0.6518 0.6518 0.6518 0.6518 0.6518 0.6518 0.6518 0.6518 
TS40 0.7503 0.7503 0.7503 0.7503 0.7503 0.7503 0.7503 0.7503 0.7503 0.7503 0.7503 0.7503 0.7503 0.7503 0.7503 0.7503 0.7503 0.7503 0.7503 0.7503 0.7503 0.7503 0.7503 0.7503 0.7503 0.7503 0.7503 0.7503 0.7503 0.7503 0.7503 0.7503 
TS41 0.7412 0.7412 0.7412 0.7412 0.7412 0.7412 0.7412 0.7412 0.7412 0.7412 0.7412 0.7412 0.7412 0.7412 0.7412 0.7412 0.7412 0.7412 0.7412 0.7412 0.7412 0.7412 0.7412 0.7412 0.7412 0.7412 0.7412 0.7412 0.7412 0.7412 0.7412 0.7412 
TS42 0.7153 0.7153 0.7153 0.7153 0.7153 0.7153 0.7153 0.7153 0.7153 0.7153 0.7153 0.7153 0.7153 0.7153 0.7153 0.7153 0.7153 0.7153 0.7153 0.7153 0.7153 0.7153 0.7153 0.7153 0.7153 0.7153 0.7153 0.7153 0.7153 0.7153 0.7153 0.7153 
TS43 0.4977 0.4977 0.4977 0.4977 0.4977 0.4977 0.4977 0.4977 0.4977 0.4977 0.4977 0.4977 0.4977 0.4977 0.4977 0.4977 0.4977 0.4977 0.4977 0.4977 0.4977 0.4977 0.4977 0.4977 0.4977 0.4977 0.4977 0.4977 0.4977 0.4977 0.4977 0.4977 
TS44 0.4244 0.4244 0.4244 0.4244 0.4244 0.4244 0.4244 0.4244 0.4244 0.4244 0.4244 0.4244 0.4244 0.4244 0.4244 0.4244 0.4244 0.4244 0.4244 0.4244 0.4244 0.4244 0.4244 0.4244 0.4244 0.4244 0.4244 0.4244 0.4244 0.4244 0.4244 0.4244 
TS45 0.6859 0.6859 0.6859 0.6859 0.6859 0.6859 0.6859 0.6859 0.6859 0.6859 0.6859 0.6859 0.6859 0.6859 0.6859 0.6859 0.6859 0.6859 0.6859 0.6859 0.6859 0.6859 0.6859 0.6859 0.6859 0.6859 0.6859 0.6859 0.6859 0.6859 0.6859 0.6859 
TS46 0.7921 0.7921 0.7921 0.7921 0.7921 0.7921 0.7921 0.7921 0.7921 0.7921 0.7921 0.7921 0.7921 0.7921 0.7921 0.7921 0.7921 0.7921 0.7921 0.7921 0.7921 0.7921 0.7921 0.7921 0.7921 0.7921 0.7921 0.7921 0.7921 0.7921 0.7921 0.7921 
TS47 0.8121 0.8121 0.8121 0.8121 0.8121 0.8121 0.8121 0.8121 0.8121 0.8121 0.8121 0.8121 0.8121 0.8121 0.8121 0.8121 0.8121 0.8121 0.8121 0.8121 0.8121 0.8121 0.8121 0.8121 0.8121 0.8121 0.8121 0.8121 0.8121 0.8121 0.8121 0.8121 
TS48 0.7811 0.7811 0.7811 0.7811 0.7811 0.7811 0.7811 0.7811 0.7811 0.7811 0.7811 0.7811 0.7811 0.7811 0.7811 0.7811 0.7811 0.7811 0.7811 0.7811 0.7811 0.7811 0.7811 0.7811 0.7811 0.7811 0.7811 0.7811 0.7811 0.7811 0.7811 0.7811 
[RE1,PWRWND009,*,*]:
2019 2020 2021 2022 2023 2024 2025 2026 2027 2028 2029 2030 2031 2032 2033 2034 2035 2036 2037 2038 2039 2040 2041 2042 2043 2044 2045 2046 2047 2048 2049 2050 :=
TS01 0.4904 0.4904 0.4904 0.4904 0.4904 0.4904 0.4904 0.4904 0.4904 0.4904 0.4904 0.4904 0.4904 0.4904 0.4904 0.4904 0.4904 0.4904 0.4904 0.4904 0.4904 0.4904 0.4904 0.4904 0.4904 0.4904 0.4904 0.4904 0.4904 0.4904 0.4904 0.4904 
TS02 0.438 0.438 0.438 0.438 0.438 0.438 0.438 0.438 0.438 0.438 0.438 0.438 0.438 0.438 0.438 0.438 0.438 0.438 0.438 0.438 0.438 0.438 0.438 0.438 0.438 0.438 0.438 0.438 0.438 0.438 0.438 0.438 
TS03 0.548 0.548 0.548 0.548 0.548 0.548 0.548 0.548 0.548 0.548 0.548 0.548 0.548 0.548 0.548 0.548 0.548 0.548 0.548 0.548 0.548 0.548 0.548 0.548 0.548 0.548 0.548 0.548 0.548 0.548 0.548 0.548 
TS04 0.5573 0.5573 0.5573 0.5573 0.5573 0.5573 0.5573 0.5573 0.5573 0.5573 0.5573 0.5573 0.5573 0.5573 0.5573 0.5573 0.5573 0.5573 0.5573 0.5573 0.5573 0.5573 0.5573 0.5573 0.5573 0.5573 0.5573 0.5573 0.5573 0.5573 0.5573 0.5573 
TS05 0.5756 0.5756 0.5756 0.5756 0.5756 0.5756 0.5756 0.5756 0.5756 0.5756 0.5756 0.5756 0.5756 0.5756 0.5756 0.5756 0.5756 0.5756 0.5756 0.5756 0.5756 0.5756 0.5756 0.5756 0.5756 0.5756 0.5756 0.5756 0.5756 0.5756 0.5756 0.5756 
TS06 0.5498 0.5498 0.5498 0.5498 0.5498 0.5498 0.5498 0.5498 0.5498 0.5498 0.5498 0.5498 0.5498 0.5498 0.5498 0.5498 0.5498 0.5498 0.5498 0.5498 0.5498 0.5498 0.5498 0.5498 0.5498 0.5498 0.5498 0.5498 0.5498 0.5498 0.5498 0.5498 
TS07 0.4718 0.4718 0.4718 0.4718 0.4718 0.4718 0.4718 0.4718 0.4718 0.4718 0.4718 0.4718 0.4718 0.4718 0.4718 0.4718 0.4718 0.4718 0.4718 0.4718 0.4718 0.4718 0.4718 0.4718 0.4718 0.4718 0.4718 0.4718 0.4718 0.4718 0.4718 0.4718 
TS08 0.4206 0.4206 0.4206 0.4206 0.4206 0.4206 0.4206 0.4206 0.4206 0.4206 0.4206 0.4206 0.4206 0.4206 0.4206 0.4206 0.4206 0.4206 0.4206 0.4206 0.4206 0.4206 0.4206 0.4206 0.4206 0.4206 0.4206 0.4206 0.4206 0.4206 0.4206 0.4206 
TS09 0.5456 0.5456 0.5456 0.5456 0.5456 0.5456 0.5456 0.5456 0.5456 0.5456 0.5456 0.5456 0.5456 0.5456 0.5456 0.5456 0.5456 0.5456 0.5456 0.5456 0.5456 0.5456 0.5456 0.5456 0.5456 0.5456 0.5456 0.5456 0.5456 0.5456 0.5456 0.5456 
TS10 0.5886 0.5886 0.5886 0.5886 0.5886 0.5886 0.5886 0.5886 0.5886 0.5886 0.5886 0.5886 0.5886 0.5886 0.5886 0.5886 0.5886 0.5886 0.5886 0.5886 0.5886 0.5886 0.5886 0.5886 0.5886 0.5886 0.5886 0.5886 0.5886 0.5886 0.5886 0.5886 
TS11 0.5994 0.5994 0.5994 0.5994 0.5994 0.5994 0.5994 0.5994 0.5994 0.5994 0.5994 0.5994 0.5994 0.5994 0.5994 0.5994 0.5994 0.5994 0.5994 0.5994 0.5994 0.5994 0.5994 0.5994 0.5994 0.5994 0.5994 0.5994 0.5994 0.5994 0.5994 0.5994 
TS12 0.5857 0.5857 0.5857 0.5857 0.5857 0.5857 0.5857 0.5857 0.5857 0.5857 0.5857 0.5857 0.5857 0.5857 0.5857 0.5857 0.5857 0.5857 0.5857 0.5857 0.5857 0.5857 0.5857 0.5857 0.5857 0.5857 0.5857 0.5857 0.5857 0.5857 0.5857 0.5857 
TS13 0.2529 0.2529 0.2529 0.2529 0.2529 0.2529 0.2529 0.2529 0.2529 0.2529 0.2529 0.2529 0.2529 0.2529 0.2529 0.2529 0.2529 0.2529 0.2529 0.2529 0.2529 0.2529 0.2529 0.2529 0.2529 0.2529 0.2529 0.2529 0.2529 0.2529 0.2529 0.2529 
TS14 0.2025 0.2025 0.2025 0.2025 0.2025 0.2025 0.2025 0.2025 0.2025 0.2025 0.2025 0.2025 0.2025 0.2025 0.2025 0.2025 0.2025 0.2025 0.2025 0.2025 0.2025 0.2025 0.2025 0.2025 0.2025 0.2025 0.2025 0.2025 0.2025 0.2025 0.2025 0.2025 
TS15 0.2306 0.2306 0.2306 0.2306 0.2306 0.2306 0.2306 0.2306 0.2306 0.2306 0.2306 0.2306 0.2306 0.2306 0.2306 0.2306 0.2306 0.2306 0.2306 0.2306 0.2306 0.2306 0.2306 0.2306 0.2306 0.2306 0.2306 0.2306 0.2306 0.2306 0.2306 0.2306 
TS16 0.2908 0.2908 0.2908 0.2908 0.2908 0.2908 0.2908 0.2908 0.2908 0.2908 0.2908 0.2908 0.2908 0.2908 0.2908 0.2908 0.2908 0.2908 0.2908 0.2908 0.2908 0.2908 0.2908 0.2908 0.2908 0.2908 0.2908 0.2908 0.2908 0.2908 0.2908 0.2908 
TS17 0.3315 0.3315 0.3315 0.3315 0.3315 0.3315 0.3315 0.3315 0.3315 0.3315 0.3315 0.3315 0.3315 0.3315 0.3315 0.3315 0.3315 0.3315 0.3315 0.3315 0.3315 0.3315 0.3315 0.3315 0.3315 0.3315 0.3315 0.3315 0.3315 0.3315 0.3315 0.3315 
TS18 0.3262 0.3262 0.3262 0.3262 0.3262 0.3262 0.3262 0.3262 0.3262 0.3262 0.3262 0.3262 0.3262 0.3262 0.3262 0.3262 0.3262 0.3262 0.3262 0.3262 0.3262 0.3262 0.3262 0.3262 0.3262 0.3262 0.3262 0.3262 0.3262 0.3262 0.3262 0.3262 
TS19 0.2922 0.2922 0.2922 0.2922 0.2922 0.2922 0.2922 0.2922 0.2922 0.2922 0.2922 0.2922 0.2922 0.2922 0.2922 0.2922 0.2922 0.2922 0.2922 0.2922 0.2922 0.2922 0.2922 0.2922 0.2922 0.2922 0.2922 0.2922 0.2922 0.2922 0.2922 0.2922 
TS20 0.2055 0.2055 0.2055 0.2055 0.2055 0.2055 0.2055 0.2055 0.2055 0.2055 0.2055 0.2055 0.2055 0.2055 0.2055 0.2055 0.2055 0.2055 0.2055 0.2055 0.2055 0.2055 0.2055 0.2055 0.2055 0.2055 0.2055 0.2055 0.2055 0.2055 0.2055 0.2055 
TS21 0.2386 0.2386 0.2386 0.2386 0.2386 0.2386 0.2386 0.2386 0.2386 0.2386 0.2386 0.2386 0.2386 0.2386 0.2386 0.2386 0.2386 0.2386 0.2386 0.2386 0.2386 0.2386 0.2386 0.2386 0.2386 0.2386 0.2386 0.2386 0.2386 0.2386 0.2386 0.2386 
TS22 0.3065 0.3065 0.3065 0.3065 0.3065 0.3065 0.3065 0.3065 0.3065 0.3065 0.3065 0.3065 0.3065 0.3065 0.3065 0.3065 0.3065 0.3065 0.3065 0.3065 0.3065 0.3065 0.3065 0.3065 0.3065 0.3065 0.3065 0.3065 0.3065 0.3065 0.3065 0.3065 
TS23 0.3503 0.3503 0.3503 0.3503 0.3503 0.3503 0.3503 0.3503 0.3503 0.3503 0.3503 0.3503 0.3503 0.3503 0.3503 0.3503 0.3503 0.3503 0.3503 0.3503 0.3503 0.3503 0.3503 0.3503 0.3503 0.3503 0.3503 0.3503 0.3503 0.3503 0.3503 0.3503 
TS24 0.3774 0.3774 0.3774 0.3774 0.3774 0.3774 0.3774 0.3774 0.3774 0.3774 0.3774 0.3774 0.3774 0.3774 0.3774 0.3774 0.3774 0.3774 0.3774 0.3774 0.3774 0.3774 0.3774 0.3774 0.3774 0.3774 0.3774 0.3774 0.3774 0.3774 0.3774 0.3774 
TS25 0.5808 0.5808 0.5808 0.5808 0.5808 0.5808 0.5808 0.5808 0.5808 0.5808 0.5808 0.5808 0.5808 0.5808 0.5808 0.5808 0.5808 0.5808 0.5808 0.5808 0.5808 0.5808 0.5808 0.5808 0.5808 0.5808 0.5808 0.5808 0.5808 0.5808 0.5808 0.5808 
TS26 0.4187 0.4187 0.4187 0.4187 0.4187 0.4187 0.4187 0.4187 0.4187 0.4187 0.4187 0.4187 0.4187 0.4187 0.4187 0.4187 0.4187 0.4187 0.4187 0.4187 0.4187 0.4187 0.4187 0.4187 0.4187 0.4187 0.4187 0.4187 0.4187 0.4187 0.4187 0.4187 
TS27 0.3588 0.3588 0.3588 0.3588 0.3588 0.3588 0.3588 0.3588 0.3588 0.3588 0.3588 0.3588 0.3588 0.3588 0.3588 0.3588 0.3588 0.3588 0.3588 0.3588 0.3588 0.3588 0.3588 0.3588 0.3588 0.3588 0.3588 0.3588 0.3588 0.3588 0.3588 0.3588 
TS28 0.4798 0.4798 0.4798 0.4798 0.4798 0.4798 0.4798 0.4798 0.4798 0.4798 0.4798 0.4798 0.4798 0.4798 0.4798 0.4798 0.4798 0.4798 0.4798 0.4798 0.4798 0.4798 0.4798 0.4798 0.4798 0.4798 0.4798 0.4798 0.4798 0.4798 0.4798 0.4798 
TS29 0.5971 0.5971 0.5971 0.5971 0.5971 0.5971 0.5971 0.5971 0.5971 0.5971 0.5971 0.5971 0.5971 0.5971 0.5971 0.5971 0.5971 0.5971 0.5971 0.5971 0.5971 0.5971 0.5971 0.5971 0.5971 0.5971 0.5971 0.5971 0.5971 0.5971 0.5971 0.5971 
TS30 0.6295 0.6295 0.6295 0.6295 0.6295 0.6295 0.6295 0.6295 0.6295 0.6295 0.6295 0.6295 0.6295 0.6295 0.6295 0.6295 0.6295 0.6295 0.6295 0.6295 0.6295 0.6295 0.6295 0.6295 0.6295 0.6295 0.6295 0.6295 0.6295 0.6295 0.6295 0.6295 
TS31 0.5888 0.5888 0.5888 0.5888 0.5888 0.5888 0.5888 0.5888 0.5888 0.5888 0.5888 0.5888 0.5888 0.5888 0.5888 0.5888 0.5888 0.5888 0.5888 0.5888 0.5888 0.5888 0.5888 0.5888 0.5888 0.5888 0.5888 0.5888 0.5888 0.5888 0.5888 0.5888 
TS32 0.4291 0.4291 0.4291 0.4291 0.4291 0.4291 0.4291 0.4291 0.4291 0.4291 0.4291 0.4291 0.4291 0.4291 0.4291 0.4291 0.4291 0.4291 0.4291 0.4291 0.4291 0.4291 0.4291 0.4291 0.4291 0.4291 0.4291 0.4291 0.4291 0.4291 0.4291 0.4291 
TS33 0.3568 0.3568 0.3568 0.3568 0.3568 0.3568 0.3568 0.3568 0.3568 0.3568 0.3568 0.3568 0.3568 0.3568 0.3568 0.3568 0.3568 0.3568 0.3568 0.3568 0.3568 0.3568 0.3568 0.3568 0.3568 0.3568 0.3568 0.3568 0.3568 0.3568 0.3568 0.3568 
TS34 0.473 0.473 0.473 0.473 0.473 0.473 0.473 0.473 0.473 0.473 0.473 0.473 0.473 0.473 0.473 0.473 0.473 0.473 0.473 0.473 0.473 0.473 0.473 0.473 0.473 0.473 0.473 0.473 0.473 0.473 0.473 0.473 
TS35 0.5988 0.5988 0.5988 0.5988 0.5988 0.5988 0.5988 0.5988 0.5988 0.5988 0.5988 0.5988 0.5988 0.5988 0.5988 0.5988 0.5988 0.5988 0.5988 0.5988 0.5988 0.5988 0.5988 0.5988 0.5988 0.5988 0.5988 0.5988 0.5988 0.5988 0.5988 0.5988 
TS36 0.6518 0.6518 0.6518 0.6518 0.6518 0.6518 0.6518 0.6518 0.6518 0.6518 0.6518 0.6518 0.6518 0.6518 0.6518 0.6518 0.6518 0.6518 0.6518 0.6518 0.6518 0.6518 0.6518 0.6518 0.6518 0.6518 0.6518 0.6518 0.6518 0.6518 0.6518 0.6518 
TS37 0.5673 0.5673 0.5673 0.5673 0.5673 0.5673 0.5673 0.5673 0.5673 0.5673 0.5673 0.5673 0.5673 0.5673 0.5673 0.5673 0.5673 0.5673 0.5673 0.5673 0.5673 0.5673 0.5673 0.5673 0.5673 0.5673 0.5673 0.5673 0.5673 0.5673 0.5673 0.5673 
TS38 0.5159 0.5159 0.5159 0.5159 0.5159 0.5159 0.5159 0.5159 0.5159 0.5159 0.5159 0.5159 0.5159 0.5159 0.5159 0.5159 0.5159 0.5159 0.5159 0.5159 0.5159 0.5159 0.5159 0.5159 0.5159 0.5159 0.5159 0.5159 0.5159 0.5159 0.5159 0.5159 
TS39 0.6527 0.6527 0.6527 0.6527 0.6527 0.6527 0.6527 0.6527 0.6527 0.6527 0.6527 0.6527 0.6527 0.6527 0.6527 0.6527 0.6527 0.6527 0.6527 0.6527 0.6527 0.6527 0.6527 0.6527 0.6527 0.6527 0.6527 0.6527 0.6527 0.6527 0.6527 0.6527 
TS40 0.7148 0.7148 0.7148 0.7148 0.7148 0.7148 0.7148 0.7148 0.7148 0.7148 0.7148 0.7148 0.7148 0.7148 0.7148 0.7148 0.7148 0.7148 0.7148 0.7148 0.7148 0.7148 0.7148 0.7148 0.7148 0.7148 0.7148 0.7148 0.7148 0.7148 0.7148 0.7148 
TS41 0.7192 0.7192 0.7192 0.7192 0.7192 0.7192 0.7192 0.7192 0.7192 0.7192 0.7192 0.7192 0.7192 0.7192 0.7192 0.7192 0.7192 0.7192 0.7192 0.7192 0.7192 0.7192 0.7192 0.7192 0.7192 0.7192 0.7192 0.7192 0.7192 0.7192 0.7192 0.7192 
TS42 0.6824 0.6824 0.6824 0.6824 0.6824 0.6824 0.6824 0.6824 0.6824 0.6824 0.6824 0.6824 0.6824 0.6824 0.6824 0.6824 0.6824 0.6824 0.6824 0.6824 0.6824 0.6824 0.6824 0.6824 0.6824 0.6824 0.6824 0.6824 0.6824 0.6824 0.6824 0.6824 
TS43 0.5666 0.5666 0.5666 0.5666 0.5666 0.5666 0.5666 0.5666 0.5666 0.5666 0.5666 0.5666 0.5666 0.5666 0.5666 0.5666 0.5666 0.5666 0.5666 0.5666 0.5666 0.5666 0.5666 0.5666 0.5666 0.5666 0.5666 0.5666 0.5666 0.5666 0.5666 0.5666 
TS44 0.4998 0.4998 0.4998 0.4998 0.4998 0.4998 0.4998 0.4998 0.4998 0.4998 0.4998 0.4998 0.4998 0.4998 0.4998 0.4998 0.4998 0.4998 0.4998 0.4998 0.4998 0.4998 0.4998 0.4998 0.4998 0.4998 0.4998 0.4998 0.4998 0.4998 0.4998 0.4998 
TS45 0.6644 0.6644 0.6644 0.6644 0.6644 0.6644 0.6644 0.6644 0.6644 0.6644 0.6644 0.6644 0.6644 0.6644 0.6644 0.6644 0.6644 0.6644 0.6644 0.6644 0.6644 0.6644 0.6644 0.6644 0.6644 0.6644 0.6644 0.6644 0.6644 0.6644 0.6644 0.6644 
TS46 0.7509 0.7509 0.7509 0.7509 0.7509 0.7509 0.7509 0.7509 0.7509 0.7509 0.7509 0.7509 0.7509 0.7509 0.7509 0.7509 0.7509 0.7509 0.7509 0.7509 0.7509 0.7509 0.7509 0.7509 0.7509 0.7509 0.7509 0.7509 0.7509 0.7509 0.7509 0.7509 
TS47 0.7591 0.7591 0.7591 0.7591 0.7591 0.7591 0.7591 0.7591 0.7591 0.7591 0.7591 0.7591 0.7591 0.7591 0.7591 0.7591 0.7591 0.7591 0.7591 0.7591 0.7591 0.7591 0.7591 0.7591 0.7591 0.7591 0.7591 0.7591 0.7591 0.7591 0.7591 0.7591 
TS48 0.7029 0.7029 0.7029 0.7029 0.7029 0.7029 0.7029 0.7029 0.7029 0.7029 0.7029 0.7029 0.7029 0.7029 0.7029 0.7029 0.7029 0.7029 0.7029 0.7029 0.7029 0.7029 0.7029 0.7029 0.7029 0.7029 0.7029 0.7029 0.7029 0.7029 0.7029 0.7029 
[RE1,PWRWND010,*,*]:
2019 2020 2021 2022 2023 2024 2025 2026 2027 2028 2029 2030 2031 2032 2033 2034 2035 2036 2037 2038 2039 2040 2041 2042 2043 2044 2045 2046 2047 2048 2049 2050 :=
TS01 0.4996 0.4996 0.4996 0.4996 0.4996 0.4996 0.4996 0.4996 0.4996 0.4996 0.4996 0.4996 0.4996 0.4996 0.4996 0.4996 0.4996 0.4996 0.4996 0.4996 0.4996 0.4996 0.4996 0.4996 0.4996 0.4996 0.4996 0.4996 0.4996 0.4996 0.4996 0.4996 
TS02 0.504 0.504 0.504 0.504 0.504 0.504 0.504 0.504 0.504 0.504 0.504 0.504 0.504 0.504 0.504 0.504 0.504 0.504 0.504 0.504 0.504 0.504 0.504 0.504 0.504 0.504 0.504 0.504 0.504 0.504 0.504 0.504 
TS03 0.4733 0.4733 0.4733 0.4733 0.4733 0.4733 0.4733 0.4733 0.4733 0.4733 0.4733 0.4733 0.4733 0.4733 0.4733 0.4733 0.4733 0.4733 0.4733 0.4733 0.4733 0.4733 0.4733 0.4733 0.4733 0.4733 0.4733 0.4733 0.4733 0.4733 0.4733 0.4733 
TS04 0.3489 0.3489 0.3489 0.3489 0.3489 0.3489 0.3489 0.3489 0.3489 0.3489 0.3489 0.3489 0.3489 0.3489 0.3489 0.3489 0.3489 0.3489 0.3489 0.3489 0.3489 0.3489 0.3489 0.3489 0.3489 0.3489 0.3489 0.3489 0.3489 0.3489 0.3489 0.3489 
TS05 0.4114 0.4114 0.4114 0.4114 0.4114 0.4114 0.4114 0.4114 0.4114 0.4114 0.4114 0.4114 0.4114 0.4114 0.4114 0.4114 0.4114 0.4114 0.4114 0.4114 0.4114 0.4114 0.4114 0.4114 0.4114 0.4114 0.4114 0.4114 0.4114 0.4114 0.4114 0.4114 
TS06 0.422 0.422 0.422 0.422 0.422 0.422 0.422 0.422 0.422 0.422 0.422 0.422 0.422 0.422 0.422 0.422 0.422 0.422 0.422 0.422 0.422 0.422 0.422 0.422 0.422 0.422 0.422 0.422 0.422 0.422 0.422 0.422 
TS07 0.4955 0.4955 0.4955 0.4955 0.4955 0.4955 0.4955 0.4955 0.4955 0.4955 0.4955 0.4955 0.4955 0.4955 0.4955 0.4955 0.4955 0.4955 0.4955 0.4955 0.4955 0.4955 0.4955 0.4955 0.4955 0.4955 0.4955 0.4955 0.4955 0.4955 0.4955 0.4955 
TS08 0.5046 0.5046 0.5046 0.5046 0.5046 0.5046 0.5046 0.5046 0.5046 0.5046 0.5046 0.5046 0.5046 0.5046 0.5046 0.5046 0.5046 0.5046 0.5046 0.5046 0.5046 0.5046 0.5046 0.5046 0.5046 0.5046 0.5046 0.5046 0.5046 0.5046 0.5046 0.5046 
TS09 0.4879 0.4879 0.4879 0.4879 0.4879 0.4879 0.4879 0.4879 0.4879 0.4879 0.4879 0.4879 0.4879 0.4879 0.4879 0.4879 0.4879 0.4879 0.4879 0.4879 0.4879 0.4879 0.4879 0.4879 0.4879 0.4879 0.4879 0.4879 0.4879 0.4879 0.4879 0.4879 
TS10 0.3886 0.3886 0.3886 0.3886 0.3886 0.3886 0.3886 0.3886 0.3886 0.3886 0.3886 0.3886 0.3886 0.3886 0.3886 0.3886 0.3886 0.3886 0.3886 0.3886 0.3886 0.3886 0.3886 0.3886 0.3886 0.3886 0.3886 0.3886 0.3886 0.3886 0.3886 0.3886 
TS11 0.48 0.48 0.48 0.48 0.48 0.48 0.48 0.48 0.48 0.48 0.48 0.48 0.48 0.48 0.48 0.48 0.48 0.48 0.48 0.48 0.48 0.48 0.48 0.48 0.48 0.48 0.48 0.48 0.48 0.48 0.48 0.48 
TS12 0.5155 0.5155 0.5155 0.5155 0.5155 0.5155 0.5155 0.5155 0.5155 0.5155 0.5155 0.5155 0.5155 0.5155 0.5155 0.5155 0.5155 0.5155 0.5155 0.5155 0.5155 0.5155 0.5155 0.5155 0.5155 0.5155 0.5155 0.5155 0.5155 0.5155 0.5155 0.5155 
TS13 0.44 0.44 0.44 0.44 0.44 0.44 0.44 0.44 0.44 0.44 0.44 0.44 0.44 0.44 0.44 0.44 0.44 0.44 0.44 0.44 0.44 0.44 0.44 0.44 0.44 0.44 0.44 0.44 0.44 0.44 0.44 0.44 
TS14 0.4577 0.4577 0.4577 0.4577 0.4577 0.4577 0.4577 0.4577 0.4577 0.4577 0.4577 0.4577 0.4577 0.4577 0.4577 0.4577 0.4577 0.4577 0.4577 0.4577 0.4577 0.4577 0.4577 0.4577 0.4577 0.4577 0.4577 0.4577 0.4577 0.4577 0.4577 0.4577 
TS15 0.366 0.366 0.366 0.366 0.366 0.366 0.366 0.366 0.366 0.366 0.366 0.366 0.366 0.366 0.366 0.366 0.366 0.366 0.366 0.366 0.366 0.366 0.366 0.366 0.366 0.366 0.366 0.366 0.366 0.366 0.366 0.366 
TS16 0.249 0.249 0.249 0.249 0.249 0.249 0.249 0.249 0.249 0.249 0.249 0.249 0.249 0.249 0.249 0.249 0.249 0.249 0.249 0.249 0.249 0.249 0.249 0.249 0.249 0.249 0.249 0.249 0.249 0.249 0.249 0.249 
TS17 0.3281 0.3281 0.3281 0.3281 0.3281 0.3281 0.3281 0.3281 0.3281 0.3281 0.3281 0.3281 0.3281 0.3281 0.3281 0.3281 0.3281 0.3281 0.3281 0.3281 0.3281 0.3281 0.3281 0.3281 0.3281 0.3281 0.3281 0.3281 0.3281 0.3281 0.3281 0.3281 
TS18 0.4066 0.4066 0.4066 0.4066 0.4066 0.4066 0.4066 0.4066 0.4066 0.4066 0.4066 0.4066 0.4066 0.4066 0.4066 0.4066 0.4066 0.4066 0.4066 0.4066 0.4066 0.4066 0.4066 0.4066 0.4066 0.4066 0.4066 0.4066 0.4066 0.4066 0.4066 0.4066 
TS19 0.5177 0.5177 0.5177 0.5177 0.5177 0.5177 0.5177 0.5177 0.5177 0.5177 0.5177 0.5177 0.5177 0.5177 0.5177 0.5177 0.5177 0.5177 0.5177 0.5177 0.5177 0.5177 0.5177 0.5177 0.5177 0.5177 0.5177 0.5177 0.5177 0.5177 0.5177 0.5177 
TS20 0.5503 0.5503 0.5503 0.5503 0.5503 0.5503 0.5503 0.5503 0.5503 0.5503 0.5503 0.5503 0.5503 0.5503 0.5503 0.5503 0.5503 0.5503 0.5503 0.5503 0.5503 0.5503 0.5503 0.5503 0.5503 0.5503 0.5503 0.5503 0.5503 0.5503 0.5503 0.5503 
TS21 0.398 0.398 0.398 0.398 0.398 0.398 0.398 0.398 0.398 0.398 0.398 0.398 0.398 0.398 0.398 0.398 0.398 0.398 0.398 0.398 0.398 0.398 0.398 0.398 0.398 0.398 0.398 0.398 0.398 0.398 0.398 0.398 
TS22 0.2702 0.2702 0.2702 0.2702 0.2702 0.2702 0.2702 0.2702 0.2702 0.2702 0.2702 0.2702 0.2702 0.2702 0.2702 0.2702 0.2702 0.2702 0.2702 0.2702 0.2702 0.2702 0.2702 0.2702 0.2702 0.2702 0.2702 0.2702 0.2702 0.2702 0.2702 0.2702 
TS23 0.3451 0.3451 0.3451 0.3451 0.3451 0.3451 0.3451 0.3451 0.3451 0.3451 0.3451 0.3451 0.3451 0.3451 0.3451 0.3451 0.3451 0.3451 0.3451 0.3451 0.3451 0.3451 0.3451 0.3451 0.3451 0.3451 0.3451 0.3451 0.3451 0.3451 0.3451 0.3451 
TS24 0.4315 0.4315 0.4315 0.4315 0.4315 0.4315 0.4315 0.4315 0.4315 0.4315 0.4315 0.4315 0.4315 0.4315 0.4315 0.4315 0.4315 0.4315 0.4315 0.4315 0.4315 0.4315 0.4315 0.4315 0.4315 0.4315 0.4315 0.4315 0.4315 0.4315 0.4315 0.4315 
TS25 0.7058 0.7058 0.7058 0.7058 0.7058 0.7058 0.7058 0.7058 0.7058 0.7058 0.7058 0.7058 0.7058 0.7058 0.7058 0.7058 0.7058 0.7058 0.7058 0.7058 0.7058 0.7058 0.7058 0.7058 0.7058 0.7058 0.7058 0.7058 0.7058 0.7058 0.7058 0.7058 
TS26 0.75 0.75 0.75 0.75 0.75 0.75 0.75 0.75 0.75 0.75 0.75 0.75 0.75 0.75 0.75 0.75 0.75 0.75 0.75 0.75 0.75 0.75 0.75 0.75 0.75 0.75 0.75 0.75 0.75 0.75 0.75 0.75 
TS27 0.5846 0.5846 0.5846 0.5846 0.5846 0.5846 0.5846 0.5846 0.5846 0.5846 0.5846 0.5846 0.5846 0.5846 0.5846 0.5846 0.5846 0.5846 0.5846 0.5846 0.5846 0.5846 0.5846 0.5846 0.5846 0.5846 0.5846 0.5846 0.5846 0.5846 0.5846 0.5846 
TS28 0.4155 0.4155 0.4155 0.4155 0.4155 0.4155 0.4155 0.4155 0.4155 0.4155 0.4155 0.4155 0.4155 0.4155 0.4155 0.4155 0.4155 0.4155 0.4155 0.4155 0.4155 0.4155 0.4155 0.4155 0.4155 0.4155 0.4155 0.4155 0.4155 0.4155 0.4155 0.4155 
TS29 0.5627 0.5627 0.5627 0.5627 0.5627 0.5627 0.5627 0.5627 0.5627 0.5627 0.5627 0.5627 0.5627 0.5627 0.5627 0.5627 0.5627 0.5627 0.5627 0.5627 0.5627 0.5627 0.5627 0.5627 0.5627 0.5627 0.5627 0.5627 0.5627 0.5627 0.5627 0.5627 
TS30 0.6538 0.6538 0.6538 0.6538 0.6538 0.6538 0.6538 0.6538 0.6538 0.6538 0.6538 0.6538 0.6538 0.6538 0.6538 0.6538 0.6538 0.6538 0.6538 0.6538 0.6538 0.6538 0.6538 0.6538 0.6538 0.6538 0.6538 0.6538 0.6538 0.6538 0.6538 0.6538 
TS31 0.7494 0.7494 0.7494 0.7494 0.7494 0.7494 0.7494 0.7494 0.7494 0.7494 0.7494 0.7494 0.7494 0.7494 0.7494 0.7494 0.7494 0.7494 0.7494 0.7494 0.7494 0.7494 0.7494 0.7494 0.7494 0.7494 0.7494 0.7494 0.7494 0.7494 0.7494 0.7494 
TS32 0.7732 0.7732 0.7732 0.7732 0.7732 0.7732 0.7732 0.7732 0.7732 0.7732 0.7732 0.7732 0.7732 0.7732 0.7732 0.7732 0.7732 0.7732 0.7732 0.7732 0.7732 0.7732 0.7732 0.7732 0.7732 0.7732 0.7732 0.7732 0.7732 0.7732 0.7732 0.7732 
TS33 0.6034 0.6034 0.6034 0.6034 0.6034 0.6034 0.6034 0.6034 0.6034 0.6034 0.6034 0.6034 0.6034 0.6034 0.6034 0.6034 0.6034 0.6034 0.6034 0.6034 0.6034 0.6034 0.6034 0.6034 0.6034 0.6034 0.6034 0.6034 0.6034 0.6034 0.6034 0.6034 
TS34 0.4179 0.4179 0.4179 0.4179 0.4179 0.4179 0.4179 0.4179 0.4179 0.4179 0.4179 0.4179 0.4179 0.4179 0.4179 0.4179 0.4179 0.4179 0.4179 0.4179 0.4179 0.4179 0.4179 0.4179 0.4179 0.4179 0.4179 0.4179 0.4179 0.4179 0.4179 0.4179 
TS35 0.5653 0.5653 0.5653 0.5653 0.5653 0.5653 0.5653 0.5653 0.5653 0.5653 0.5653 0.5653 0.5653 0.5653 0.5653 0.5653 0.5653 0.5653 0.5653 0.5653 0.5653 0.5653 0.5653 0.5653 0.5653 0.5653 0.5653 0.5653 0.5653 0.5653 0.5653 0.5653 
TS36 0.6712 0.6712 0.6712 0.6712 0.6712 0.6712 0.6712 0.6712 0.6712 0.6712 0.6712 0.6712 0.6712 0.6712 0.6712 0.6712 0.6712 0.6712 0.6712 0.6712 0.6712 0.6712 0.6712 0.6712 0.6712 0.6712 0.6712 0.6712 0.6712 0.6712 0.6712 0.6712 
TS37 0.5948 0.5948 0.5948 0.5948 0.5948 0.5948 0.5948 0.5948 0.5948 0.5948 0.5948 0.5948 0.5948 0.5948 0.5948 0.5948 0.5948 0.5948 0.5948 0.5948 0.5948 0.5948 0.5948 0.5948 0.5948 0.5948 0.5948 0.5948 0.5948 0.5948 0.5948 0.5948 
TS38 0.601 0.601 0.601 0.601 0.601 0.601 0.601 0.601 0.601 0.601 0.601 0.601 0.601 0.601 0.601 0.601 0.601 0.601 0.601 0.601 0.601 0.601 0.601 0.601 0.601 0.601 0.601 0.601 0.601 0.601 0.601 0.601 
TS39 0.5728 0.5728 0.5728 0.5728 0.5728 0.5728 0.5728 0.5728 0.5728 0.5728 0.5728 0.5728 0.5728 0.5728 0.5728 0.5728 0.5728 0.5728 0.5728 0.5728 0.5728 0.5728 0.5728 0.5728 0.5728 0.5728 0.5728 0.5728 0.5728 0.5728 0.5728 0.5728 
TS40 0.5308 0.5308 0.5308 0.5308 0.5308 0.5308 0.5308 0.5308 0.5308 0.5308 0.5308 0.5308 0.5308 0.5308 0.5308 0.5308 0.5308 0.5308 0.5308 0.5308 0.5308 0.5308 0.5308 0.5308 0.5308 0.5308 0.5308 0.5308 0.5308 0.5308 0.5308 0.5308 
TS41 0.6272 0.6272 0.6272 0.6272 0.6272 0.6272 0.6272 0.6272 0.6272 0.6272 0.6272 0.6272 0.6272 0.6272 0.6272 0.6272 0.6272 0.6272 0.6272 0.6272 0.6272 0.6272 0.6272 0.6272 0.6272 0.6272 0.6272 0.6272 0.6272 0.6272 0.6272 0.6272 
TS42 0.6577 0.6577 0.6577 0.6577 0.6577 0.6577 0.6577 0.6577 0.6577 0.6577 0.6577 0.6577 0.6577 0.6577 0.6577 0.6577 0.6577 0.6577 0.6577 0.6577 0.6577 0.6577 0.6577 0.6577 0.6577 0.6577 0.6577 0.6577 0.6577 0.6577 0.6577 0.6577 
TS43 0.6017 0.6017 0.6017 0.6017 0.6017 0.6017 0.6017 0.6017 0.6017 0.6017 0.6017 0.6017 0.6017 0.6017 0.6017 0.6017 0.6017 0.6017 0.6017 0.6017 0.6017 0.6017 0.6017 0.6017 0.6017 0.6017 0.6017 0.6017 0.6017 0.6017 0.6017 0.6017 
TS44 0.5902 0.5902 0.5902 0.5902 0.5902 0.5902 0.5902 0.5902 0.5902 0.5902 0.5902 0.5902 0.5902 0.5902 0.5902 0.5902 0.5902 0.5902 0.5902 0.5902 0.5902 0.5902 0.5902 0.5902 0.5902 0.5902 0.5902 0.5902 0.5902 0.5902 0.5902 0.5902 
TS45 0.5534 0.5534 0.5534 0.5534 0.5534 0.5534 0.5534 0.5534 0.5534 0.5534 0.5534 0.5534 0.5534 0.5534 0.5534 0.5534 0.5534 0.5534 0.5534 0.5534 0.5534 0.5534 0.5534 0.5534 0.5534 0.5534 0.5534 0.5534 0.5534 0.5534 0.5534 0.5534 
TS46 0.4904 0.4904 0.4904 0.4904 0.4904 0.4904 0.4904 0.4904 0.4904 0.4904 0.4904 0.4904 0.4904 0.4904 0.4904 0.4904 0.4904 0.4904 0.4904 0.4904 0.4904 0.4904 0.4904 0.4904 0.4904 0.4904 0.4904 0.4904 0.4904 0.4904 0.4904 0.4904 
TS47 0.5933 0.5933 0.5933 0.5933 0.5933 0.5933 0.5933 0.5933 0.5933 0.5933 0.5933 0.5933 0.5933 0.5933 0.5933 0.5933 0.5933 0.5933 0.5933 0.5933 0.5933 0.5933 0.5933 0.5933 0.5933 0.5933 0.5933 0.5933 0.5933 0.5933 0.5933 0.5933 
TS48 0.6213 0.6213 0.6213 0.6213 0.6213 0.6213 0.6213 0.6213 0.6213 0.6213 0.6213 0.6213 0.6213 0.6213 0.6213 0.6213 0.6213 0.6213 0.6213 0.6213 0.6213 0.6213 0.6213 0.6213 0.6213 0.6213 0.6213 0.6213 0.6213 0.6213 0.6213 0.6213 
[RE1,PWRWND011,*,*]:
2019 2020 2021 2022 2023 2024 2025 2026 2027 2028 2029 2030 2031 2032 2033 2034 2035 2036 2037 2038 2039 2040 2041 2042 2043 2044 2045 2046 2047 2048 2049 2050 :=
TS01 0.4464 0.4464 0.4464 0.4464 0.4464 0.4464 0.4464 0.4464 0.4464 0.4464 0.4464 0.4464 0.4464 0.4464 0.4464 0.4464 0.4464 0.4464 0.4464 0.4464 0.4464 0.4464 0.4464 0.4464 0.4464 0.4464 0.4464 0.4464 0.4464 0.4464 0.4464 0.4464 
TS02 0.7215 0.7215 0.7215 0.7215 0.7215 0.7215 0.7215 0.7215 0.7215 0.7215 0.7215 0.7215 0.7215 0.7215 0.7215 0.7215 0.7215 0.7215 0.7215 0.7215 0.7215 0.7215 0.7215 0.7215 0.7215 0.7215 0.7215 0.7215 0.7215 0.7215 0.7215 0.7215 
TS03 0.6569 0.6569 0.6569 0.6569 0.6569 0.6569 0.6569 0.6569 0.6569 0.6569 0.6569 0.6569 0.6569 0.6569 0.6569 0.6569 0.6569 0.6569 0.6569 0.6569 0.6569 0.6569 0.6569 0.6569 0.6569 0.6569 0.6569 0.6569 0.6569 0.6569 0.6569 0.6569 
TS04 0.5309 0.5309 0.5309 0.5309 0.5309 0.5309 0.5309 0.5309 0.5309 0.5309 0.5309 0.5309 0.5309 0.5309 0.5309 0.5309 0.5309 0.5309 0.5309 0.5309 0.5309 0.5309 0.5309 0.5309 0.5309 0.5309 0.5309 0.5309 0.5309 0.5309 0.5309 0.5309 
TS05 0.4759 0.4759 0.4759 0.4759 0.4759 0.4759 0.4759 0.4759 0.4759 0.4759 0.4759 0.4759 0.4759 0.4759 0.4759 0.4759 0.4759 0.4759 0.4759 0.4759 0.4759 0.4759 0.4759 0.4759 0.4759 0.4759 0.4759 0.4759 0.4759 0.4759 0.4759 0.4759 
TS06 0.4032 0.4032 0.4032 0.4032 0.4032 0.4032 0.4032 0.4032 0.4032 0.4032 0.4032 0.4032 0.4032 0.4032 0.4032 0.4032 0.4032 0.4032 0.4032 0.4032 0.4032 0.4032 0.4032 0.4032 0.4032 0.4032 0.4032 0.4032 0.4032 0.4032 0.4032 0.4032 
TS07 0.5207 0.5207 0.5207 0.5207 0.5207 0.5207 0.5207 0.5207 0.5207 0.5207 0.5207 0.5207 0.5207 0.5207 0.5207 0.5207 0.5207 0.5207 0.5207 0.5207 0.5207 0.5207 0.5207 0.5207 0.5207 0.5207 0.5207 0.5207 0.5207 0.5207 0.5207 0.5207 
TS08 0.7688 0.7688 0.7688 0.7688 0.7688 0.7688 0.7688 0.7688 0.7688 0.7688 0.7688 0.7688 0.7688 0.7688 0.7688 0.7688 0.7688 0.7688 0.7688 0.7688 0.7688 0.7688 0.7688 0.7688 0.7688 0.7688 0.7688 0.7688 0.7688 0.7688 0.7688 0.7688 
TS09 0.6305 0.6305 0.6305 0.6305 0.6305 0.6305 0.6305 0.6305 0.6305 0.6305 0.6305 0.6305 0.6305 0.6305 0.6305 0.6305 0.6305 0.6305 0.6305 0.6305 0.6305 0.6305 0.6305 0.6305 0.6305 0.6305 0.6305 0.6305 0.6305 0.6305 0.6305 0.6305 
TS10 0.5013 0.5013 0.5013 0.5013 0.5013 0.5013 0.5013 0.5013 0.5013 0.5013 0.5013 0.5013 0.5013 0.5013 0.5013 0.5013 0.5013 0.5013 0.5013 0.5013 0.5013 0.5013 0.5013 0.5013 0.5013 0.5013 0.5013 0.5013 0.5013 0.5013 0.5013 0.5013 
TS11 0.4896 0.4896 0.4896 0.4896 0.4896 0.4896 0.4896 0.4896 0.4896 0.4896 0.4896 0.4896 0.4896 0.4896 0.4896 0.4896 0.4896 0.4896 0.4896 0.4896 0.4896 0.4896 0.4896 0.4896 0.4896 0.4896 0.4896 0.4896 0.4896 0.4896 0.4896 0.4896 
TS12 0.3717 0.3717 0.3717 0.3717 0.3717 0.3717 0.3717 0.3717 0.3717 0.3717 0.3717 0.3717 0.3717 0.3717 0.3717 0.3717 0.3717 0.3717 0.3717 0.3717 0.3717 0.3717 0.3717 0.3717 0.3717 0.3717 0.3717 0.3717 0.3717 0.3717 0.3717 0.3717 
TS13 0.4733 0.4733 0.4733 0.4733 0.4733 0.4733 0.4733 0.4733 0.4733 0.4733 0.4733 0.4733 0.4733 0.4733 0.4733 0.4733 0.4733 0.4733 0.4733 0.4733 0.4733 0.4733 0.4733 0.4733 0.4733 0.4733 0.4733 0.4733 0.4733 0.4733 0.4733 0.4733 
TS14 0.5959 0.5959 0.5959 0.5959 0.5959 0.5959 0.5959 0.5959 0.5959 0.5959 0.5959 0.5959 0.5959 0.5959 0.5959 0.5959 0.5959 0.5959 0.5959 0.5959 0.5959 0.5959 0.5959 0.5959 0.5959 0.5959 0.5959 0.5959 0.5959 0.5959 0.5959 0.5959 
TS15 0.5078 0.5078 0.5078 0.5078 0.5078 0.5078 0.5078 0.5078 0.5078 0.5078 0.5078 0.5078 0.5078 0.5078 0.5078 0.5078 0.5078 0.5078 0.5078 0.5078 0.5078 0.5078 0.5078 0.5078 0.5078 0.5078 0.5078 0.5078 0.5078 0.5078 0.5078 0.5078 
TS16 0.5038 0.5038 0.5038 0.5038 0.5038 0.5038 0.5038 0.5038 0.5038 0.5038 0.5038 0.5038 0.5038 0.5038 0.5038 0.5038 0.5038 0.5038 0.5038 0.5038 0.5038 0.5038 0.5038 0.5038 0.5038 0.5038 0.5038 0.5038 0.5038 0.5038 0.5038 0.5038 
TS17 0.44 0.44 0.44 0.44 0.44 0.44 0.44 0.44 0.44 0.44 0.44 0.44 0.44 0.44 0.44 0.44 0.44 0.44 0.44 0.44 0.44 0.44 0.44 0.44 0.44 0.44 0.44 0.44 0.44 0.44 0.44 0.44 
TS18 0.3556 0.3556 0.3556 0.3556 0.3556 0.3556 0.3556 0.3556 0.3556 0.3556 0.3556 0.3556 0.3556 0.3556 0.3556 0.3556 0.3556 0.3556 0.3556 0.3556 0.3556 0.3556 0.3556 0.3556 0.3556 0.3556 0.3556 0.3556 0.3556 0.3556 0.3556 0.3556 
TS19 0.4788 0.4788 0.4788 0.4788 0.4788 0.4788 0.4788 0.4788 0.4788 0.4788 0.4788 0.4788 0.4788 0.4788 0.4788 0.4788 0.4788 0.4788 0.4788 0.4788 0.4788 0.4788 0.4788 0.4788 0.4788 0.4788 0.4788 0.4788 0.4788 0.4788 0.4788 0.4788 
TS20 0.6721 0.6721 0.6721 0.6721 0.6721 0.6721 0.6721 0.6721 0.6721 0.6721 0.6721 0.6721 0.6721 0.6721 0.6721 0.6721 0.6721 0.6721 0.6721 0.6721 0.6721 0.6721 0.6721 0.6721 0.6721 0.6721 0.6721 0.6721 0.6721 0.6721 0.6721 0.6721 
TS21 0.5811 0.5811 0.5811 0.5811 0.5811 0.5811 0.5811 0.5811 0.5811 0.5811 0.5811 0.5811 0.5811 0.5811 0.5811 0.5811 0.5811 0.5811 0.5811 0.5811 0.5811 0.5811 0.5811 0.5811 0.5811 0.5811 0.5811 0.5811 0.5811 0.5811 0.5811 0.5811 
TS22 0.4664 0.4664 0.4664 0.4664 0.4664 0.4664 0.4664 0.4664 0.4664 0.4664 0.4664 0.4664 0.4664 0.4664 0.4664 0.4664 0.4664 0.4664 0.4664 0.4664 0.4664 0.4664 0.4664 0.4664 0.4664 0.4664 0.4664 0.4664 0.4664 0.4664 0.4664 0.4664 
TS23 0.3847 0.3847 0.3847 0.3847 0.3847 0.3847 0.3847 0.3847 0.3847 0.3847 0.3847 0.3847 0.3847 0.3847 0.3847 0.3847 0.3847 0.3847 0.3847 0.3847 0.3847 0.3847 0.3847 0.3847 0.3847 0.3847 0.3847 0.3847 0.3847 0.3847 0.3847 0.3847 
TS24 0.3294 0.3294 0.3294 0.3294 0.3294 0.3294 0.3294 0.3294 0.3294 0.3294 0.3294 0.3294 0.3294 0.3294 0.3294 0.3294 0.3294 0.3294 0.3294 0.3294 0.3294 0.3294 0.3294 0.3294 0.3294 0.3294 0.3294 0.3294 0.3294 0.3294 0.3294 0.3294 
TS25 0.7054 0.7054 0.7054 0.7054 0.7054 0.7054 0.7054 0.7054 0.7054 0.7054 0.7054 0.7054 0.7054 0.7054 0.7054 0.7054 0.7054 0.7054 0.7054 0.7054 0.7054 0.7054 0.7054 0.7054 0.7054 0.7054 0.7054 0.7054 0.7054 0.7054 0.7054 0.7054 
TS26 0.7944 0.7944 0.7944 0.7944 0.7944 0.7944 0.7944 0.7944 0.7944 0.7944 0.7944 0.7944 0.7944 0.7944 0.7944 0.7944 0.7944 0.7944 0.7944 0.7944 0.7944 0.7944 0.7944 0.7944 0.7944 0.7944 0.7944 0.7944 0.7944 0.7944 0.7944 0.7944 
TS27 0.5792 0.5792 0.5792 0.5792 0.5792 0.5792 0.5792 0.5792 0.5792 0.5792 0.5792 0.5792 0.5792 0.5792 0.5792 0.5792 0.5792 0.5792 0.5792 0.5792 0.5792 0.5792 0.5792 0.5792 0.5792 0.5792 0.5792 0.5792 0.5792 0.5792 0.5792 0.5792 
TS28 0.5469 0.5469 0.5469 0.5469 0.5469 0.5469 0.5469 0.5469 0.5469 0.5469 0.5469 0.5469 0.5469 0.5469 0.5469 0.5469 0.5469 0.5469 0.5469 0.5469 0.5469 0.5469 0.5469 0.5469 0.5469 0.5469 0.5469 0.5469 0.5469 0.5469 0.5469 0.5469 
TS29 0.6452 0.6452 0.6452 0.6452 0.6452 0.6452 0.6452 0.6452 0.6452 0.6452 0.6452 0.6452 0.6452 0.6452 0.6452 0.6452 0.6452 0.6452 0.6452 0.6452 0.6452 0.6452 0.6452 0.6452 0.6452 0.6452 0.6452 0.6452 0.6452 0.6452 0.6452 0.6452 
TS30 0.6567 0.6567 0.6567 0.6567 0.6567 0.6567 0.6567 0.6567 0.6567 0.6567 0.6567 0.6567 0.6567 0.6567 0.6567 0.6567 0.6567 0.6567 0.6567 0.6567 0.6567 0.6567 0.6567 0.6567 0.6567 0.6567 0.6567 0.6567 0.6567 0.6567 0.6567 0.6567 
TS31 0.73 0.73 0.73 0.73 0.73 0.73 0.73 0.73 0.73 0.73 0.73 0.73 0.73 0.73 0.73 0.73 0.73 0.73 0.73 0.73 0.73 0.73 0.73 0.73 0.73 0.73 0.73 0.73 0.73 0.73 0.73 0.73 
TS32 0.8124 0.8124 0.8124 0.8124 0.8124 0.8124 0.8124 0.8124 0.8124 0.8124 0.8124 0.8124 0.8124 0.8124 0.8124 0.8124 0.8124 0.8124 0.8124 0.8124 0.8124 0.8124 0.8124 0.8124 0.8124 0.8124 0.8124 0.8124 0.8124 0.8124 0.8124 0.8124 
TS33 0.6149 0.6149 0.6149 0.6149 0.6149 0.6149 0.6149 0.6149 0.6149 0.6149 0.6149 0.6149 0.6149 0.6149 0.6149 0.6149 0.6149 0.6149 0.6149 0.6149 0.6149 0.6149 0.6149 0.6149 0.6149 0.6149 0.6149 0.6149 0.6149 0.6149 0.6149 0.6149 
TS34 0.6086 0.6086 0.6086 0.6086 0.6086 0.6086 0.6086 0.6086 0.6086 0.6086 0.6086 0.6086 0.6086 0.6086 0.6086 0.6086 0.6086 0.6086 0.6086 0.6086 0.6086 0.6086 0.6086 0.6086 0.6086 0.6086 0.6086 0.6086 0.6086 0.6086 0.6086 0.6086 
TS35 0.6872 0.6872 0.6872 0.6872 0.6872 0.6872 0.6872 0.6872 0.6872 0.6872 0.6872 0.6872 0.6872 0.6872 0.6872 0.6872 0.6872 0.6872 0.6872 0.6872 0.6872 0.6872 0.6872 0.6872 0.6872 0.6872 0.6872 0.6872 0.6872 0.6872 0.6872 0.6872 
TS36 0.6678 0.6678 0.6678 0.6678 0.6678 0.6678 0.6678 0.6678 0.6678 0.6678 0.6678 0.6678 0.6678 0.6678 0.6678 0.6678 0.6678 0.6678 0.6678 0.6678 0.6678 0.6678 0.6678 0.6678 0.6678 0.6678 0.6678 0.6678 0.6678 0.6678 0.6678 0.6678 
TS37 0.3585 0.3585 0.3585 0.3585 0.3585 0.3585 0.3585 0.3585 0.3585 0.3585 0.3585 0.3585 0.3585 0.3585 0.3585 0.3585 0.3585 0.3585 0.3585 0.3585 0.3585 0.3585 0.3585 0.3585 0.3585 0.3585 0.3585 0.3585 0.3585 0.3585 0.3585 0.3585 
TS38 0.5517 0.5517 0.5517 0.5517 0.5517 0.5517 0.5517 0.5517 0.5517 0.5517 0.5517 0.5517 0.5517 0.5517 0.5517 0.5517 0.5517 0.5517 0.5517 0.5517 0.5517 0.5517 0.5517 0.5517 0.5517 0.5517 0.5517 0.5517 0.5517 0.5517 0.5517 0.5517 
TS39 0.5514 0.5514 0.5514 0.5514 0.5514 0.5514 0.5514 0.5514 0.5514 0.5514 0.5514 0.5514 0.5514 0.5514 0.5514 0.5514 0.5514 0.5514 0.5514 0.5514 0.5514 0.5514 0.5514 0.5514 0.5514 0.5514 0.5514 0.5514 0.5514 0.5514 0.5514 0.5514 
TS40 0.4523 0.4523 0.4523 0.4523 0.4523 0.4523 0.4523 0.4523 0.4523 0.4523 0.4523 0.4523 0.4523 0.4523 0.4523 0.4523 0.4523 0.4523 0.4523 0.4523 0.4523 0.4523 0.4523 0.4523 0.4523 0.4523 0.4523 0.4523 0.4523 0.4523 0.4523 0.4523 
TS41 0.4333 0.4333 0.4333 0.4333 0.4333 0.4333 0.4333 0.4333 0.4333 0.4333 0.4333 0.4333 0.4333 0.4333 0.4333 0.4333 0.4333 0.4333 0.4333 0.4333 0.4333 0.4333 0.4333 0.4333 0.4333 0.4333 0.4333 0.4333 0.4333 0.4333 0.4333 0.4333 
TS42 0.3768 0.3768 0.3768 0.3768 0.3768 0.3768 0.3768 0.3768 0.3768 0.3768 0.3768 0.3768 0.3768 0.3768 0.3768 0.3768 0.3768 0.3768 0.3768 0.3768 0.3768 0.3768 0.3768 0.3768 0.3768 0.3768 0.3768 0.3768 0.3768 0.3768 0.3768 0.3768 
TS43 0.346 0.346 0.346 0.346 0.346 0.346 0.346 0.346 0.346 0.346 0.346 0.346 0.346 0.346 0.346 0.346 0.346 0.346 0.346 0.346 0.346 0.346 0.346 0.346 0.346 0.346 0.346 0.346 0.346 0.346 0.346 0.346 
TS44 0.5953 0.5953 0.5953 0.5953 0.5953 0.5953 0.5953 0.5953 0.5953 0.5953 0.5953 0.5953 0.5953 0.5953 0.5953 0.5953 0.5953 0.5953 0.5953 0.5953 0.5953 0.5953 0.5953 0.5953 0.5953 0.5953 0.5953 0.5953 0.5953 0.5953 0.5953 0.5953 
TS45 0.5231 0.5231 0.5231 0.5231 0.5231 0.5231 0.5231 0.5231 0.5231 0.5231 0.5231 0.5231 0.5231 0.5231 0.5231 0.5231 0.5231 0.5231 0.5231 0.5231 0.5231 0.5231 0.5231 0.5231 0.5231 0.5231 0.5231 0.5231 0.5231 0.5231 0.5231 0.5231 
TS46 0.4388 0.4388 0.4388 0.4388 0.4388 0.4388 0.4388 0.4388 0.4388 0.4388 0.4388 0.4388 0.4388 0.4388 0.4388 0.4388 0.4388 0.4388 0.4388 0.4388 0.4388 0.4388 0.4388 0.4388 0.4388 0.4388 0.4388 0.4388 0.4388 0.4388 0.4388 0.4388 
TS47 0.3752 0.3752 0.3752 0.3752 0.3752 0.3752 0.3752 0.3752 0.3752 0.3752 0.3752 0.3752 0.3752 0.3752 0.3752 0.3752 0.3752 0.3752 0.3752 0.3752 0.3752 0.3752 0.3752 0.3752 0.3752 0.3752 0.3752 0.3752 0.3752 0.3752 0.3752 0.3752 
TS48 0.3714 0.3714 0.3714 0.3714 0.3714 0.3714 0.3714 0.3714 0.3714 0.3714 0.3714 0.3714 0.3714 0.3714 0.3714 0.3714 0.3714 0.3714 0.3714 0.3714 0.3714 0.3714 0.3714 0.3714 0.3714 0.3714 0.3714 0.3714 0.3714 0.3714 0.3714 0.3714 
;

param SpecifiedAnnualDemand default 0.0 :=
[RE1,*,*]:
2019 2020 2021 2022 2023 2024 2025 2026 2027 2028 2029 2030 2031 2032 2033 2034 2035 2036 2037 2038 2039 2040 2041 2042 2043 2044 2045 2046 2047 2048 2049 2050 :=
COMELC 6.2591 6.3686 6.6578 6.8802 7.0903 7.3334 9.0845155416 10.5708310832 12.0571466249 13.5434621665 15.0297777081 16.5160932497 18.0024087913 19.488724333 20.9750398746 22.4613554162 23.9476709578 25.4339864994 26.9203020411 28.4066175827 29.8929331243 31.3792486659 32.8655642075 34.3518797492 35.8381952908 37.3245108324 38.810826374 40.2971419156 41.7834574573 43.2697729989 44.7560885405 46.2424040821 
INDELC 21.5631 21.9401 22.9364 23.7027 24.4266 25.264 26.1763 27.762260607 30.3505853504 33.0986138306 36.2344942427 39.6026559697 42.7658149705 46.2702043155 49.8294814873 53.6279836145 57.6217343061 61.6877319261 66.2541676529 71.0188277899 76.0723103162 81.4281718637 87.0793034668 92.9508130007 99.2081905693 105.8210164132 112.8101214545 120.1965019404 128.0028073654 136.2530098226 144.9722386785 154.1872765472 
RESELC 13.7907 14.0318 14.669 15.1591 15.6221 16.1577 16.7411 17.7555324291 19.4109287644 21.1683304466 23.1738845205 25.3280655101 27.3509786788 29.5922857912 31.8686417425 34.2979230518 36.8521898429 39.4525822285 42.3730432553 45.4203083358 48.652241119 52.0777691392 55.6917673304 59.4471181498 63.4489681139 67.6783048809 72.1480237783 76.8720120819 81.8646530414 87.1409912057 92.7175590459 98.6110543579 
;

param SpecifiedDemandProfile default 0.0 :=
[RE1,COMELC,*,*]:
2019 2020 2021 2022 2023 2024 2025 2026 2027 2028 2029 2030 2031 2032 2033 2034 2035 2036 2037 2038 2039 2040 2041 2042 2043 2044 2045 2046 2047 2048 2049 2050 :=
TS01 0.0358 0.0358 0.0358 0.0358 0.0358 0.0358 0.0358 0.0358 0.0358 0.0358 0.0358 0.0358 0.0358 0.0358 0.0358 0.0358 0.0358 0.0358 0.0358 0.0358 0.0358 0.0358 0.0358 0.0358 0.0358 0.0358 0.0358 0.0358 0.0358 0.0358 0.0358 0.0358 
TS02 0.0227 0.0227 0.0227 0.0227 0.0227 0.0227 0.0227 0.0227 0.0227 0.0227 0.0227 0.0227 0.0227 0.0227 0.0227 0.0227 0.0227 0.0227 0.0227 0.0227 0.0227 0.0227 0.0227 0.0227 0.0227 0.0227 0.0227 0.0227 0.0227 0.0227 0.0227 0.0227 
TS03 0.0449 0.0449 0.0449 0.0449 0.0449 0.0449 0.0449 0.0449 0.0449 0.0449 0.0449 0.0449 0.0449 0.0449 0.0449 0.0449 0.0449 0.0449 0.0449 0.0449 0.0449 0.0449 0.0449 0.0449 0.0449 0.0449 0.0449 0.0449 0.0449 0.0449 0.0449 0.0449 
TS04 0.034 0.034 0.034 0.034 0.034 0.034 0.034 0.034 0.034 0.034 0.034 0.034 0.034 0.034 0.034 0.034 0.034 0.034 0.034 0.034 0.034 0.034 0.034 0.034 0.034 0.034 0.034 0.034 0.034 0.034 0.034 0.034 
TS05 0.0162 0.0162 0.0162 0.0162 0.0162 0.0162 0.0162 0.0162 0.0162 0.0162 0.0162 0.0162 0.0162 0.0162 0.0162 0.0162 0.0162 0.0162 0.0162 0.0162 0.0162 0.0162 0.0162 0.0162 0.0162 0.0162 0.0162 0.0162 0.0162 0.0162 0.0162 0.0162 
TS06 0.0178 0.0178 0.0178 0.0178 0.0178 0.0178 0.0178 0.0178 0.0178 0.0178 0.0178 0.0178 0.0178 0.0178 0.0178 0.0178 0.0178 0.0178 0.0178 0.0178 0.0178 0.0178 0.0178 0.0178 0.0178 0.0178 0.0178 0.0178 0.0178 0.0178 0.0178 0.0178 
TS07 0.0158 0.0158 0.0158 0.0158 0.0158 0.0158 0.0158 0.0158 0.0158 0.0158 0.0158 0.0158 0.0158 0.0158 0.0158 0.0158 0.0158 0.0158 0.0158 0.0158 0.0158 0.0158 0.0158 0.0158 0.0158 0.0158 0.0158 0.0158 0.0158 0.0158 0.0158 0.0158 
TS08 0.0097 0.0097 0.0097 0.0097 0.0097 0.0097 0.0097 0.0097 0.0097 0.0097 0.0097 0.0097 0.0097 0.0097 0.0097 0.0097 0.0097 0.0097 0.0097 0.0097 0.0097 0.0097 0.0097 0.0097 0.0097 0.0097 0.0097 0.0097 0.0097 0.0097 0.0097 0.0097 
TS09 0.0193 0.0193 0.0193 0.0193 0.0193 0.0193 0.0193 0.0193 0.0193 0.0193 0.0193 0.0193 0.0193 0.0193 0.0193 0.0193 0.0193 0.0193 0.0193 0.0193 0.0193 0.0193 0.0193 0.0193 0.0193 0.0193 0.0193 0.0193 0.0193 0.0193 0.0193 0.0193 
TS10 0.0146 0.0146 0.0146 0.0146 0.0146 0.0146 0.0146 0.0146 0.0146 0.0146 0.0146 0.0146 0.0146 0.0146 0.0146 0.0146 0.0146 0.0146 0.0146 0.0146 0.0146 0.0146 0.0146 0.0146 0.0146 0.0146 0.0146 0.0146 0.0146 0.0146 0.0146 0.0146 
TS11 0.0068 0.0068 0.0068 0.0068 0.0068 0.0068 0.0068 0.0068 0.0068 0.0068 0.0068 0.0068 0.0068 0.0068 0.0068 0.0068 0.0068 0.0068 0.0068 0.0068 0.0068 0.0068 0.0068 0.0068 0.0068 0.0068 0.0068 0.0068 0.0068 0.0068 0.0068 0.0068 
TS12 0.0076 0.0076 0.0076 0.0076 0.0076 0.0076 0.0076 0.0076 0.0076 0.0076 0.0076 0.0076 0.0076 0.0076 0.0076 0.0076 0.0076 0.0076 0.0076 0.0076 0.0076 0.0076 0.0076 0.0076 0.0076 0.0076 0.0076 0.0076 0.0076 0.0076 0.0076 0.0076 
TS13 0.0242 0.0242 0.0242 0.0242 0.0242 0.0242 0.0242 0.0242 0.0242 0.0242 0.0242 0.0242 0.0242 0.0242 0.0242 0.0242 0.0242 0.0242 0.0242 0.0242 0.0242 0.0242 0.0242 0.0242 0.0242 0.0242 0.0242 0.0242 0.0242 0.0242 0.0242 0.0242 
TS14 0.0158 0.0158 0.0158 0.0158 0.0158 0.0158 0.0158 0.0158 0.0158 0.0158 0.0158 0.0158 0.0158 0.0158 0.0158 0.0158 0.0158 0.0158 0.0158 0.0158 0.0158 0.0158 0.0158 0.0158 0.0158 0.0158 0.0158 0.0158 0.0158 0.0158 0.0158 0.0158 
TS15 0.0314 0.0314 0.0314 0.0314 0.0314 0.0314 0.0314 0.0314 0.0314 0.0314 0.0314 0.0314 0.0314 0.0314 0.0314 0.0314 0.0314 0.0314 0.0314 0.0314 0.0314 0.0314 0.0314 0.0314 0.0314 0.0314 0.0314 0.0314 0.0314 0.0314 0.0314 0.0314 
TS16 0.0237 0.0237 0.0237 0.0237 0.0237 0.0237 0.0237 0.0237 0.0237 0.0237 0.0237 0.0237 0.0237 0.0237 0.0237 0.0237 0.0237 0.0237 0.0237 0.0237 0.0237 0.0237 0.0237 0.0237 0.0237 0.0237 0.0237 0.0237 0.0237 0.0237 0.0237 0.0237 
TS17 0.0108 0.0108 0.0108 0.0108 0.0108 0.0108 0.0108 0.0108 0.0108 0.0108 0.0108 0.0108 0.0108 0.0108 0.0108 0.0108 0.0108 0.0108 0.0108 0.0108 0.0108 0.0108 0.0108 0.0108 0.0108 0.0108 0.0108 0.0108 0.0108 0.0108 0.0108 0.0108 
TS18 0.012 0.012 0.012 0.012 0.012 0.012 0.012 0.012 0.012 0.012 0.012 0.012 0.012 0.012 0.012 0.012 0.012 0.012 0.012 0.012 0.012 0.012 0.012 0.012 0.012 0.012 0.012 0.012 0.012 0.012 0.012 0.012 
TS19 0.0091 0.0091 0.0091 0.0091 0.0091 0.0091 0.0091 0.0091 0.0091 0.0091 0.0091 0.0091 0.0091 0.0091 0.0091 0.0091 0.0091 0.0091 0.0091 0.0091 0.0091 0.0091 0.0091 0.0091 0.0091 0.0091 0.0091 0.0091 0.0091 0.0091 0.0091 0.0091 
TS20 0.006 0.006 0.006 0.006 0.006 0.006 0.006 0.006 0.006 0.006 0.006 0.006 0.006 0.006 0.006 0.006 0.006 0.006 0.006 0.006 0.006 0.006 0.006 0.006 0.006 0.006 0.006 0.006 0.006 0.006 0.006 0.006 
TS21 0.012 0.012 0.012 0.012 0.012 0.012 0.012 0.012 0.012 0.012 0.012 0.012 0.012 0.012 0.012 0.012 0.012 0.012 0.012 0.012 0.012 0.012 0.012 0.012 0.012 0.012 0.012 0.012 0.012 0.012 0.012 0.012 
TS22 0.009 0.009 0.009 0.009 0.009 0.009 0.009 0.009 0.009 0.009 0.009 0.009 0.009 0.009 0.009 0.009 0.009 0.009 0.009 0.009 0.009 0.009 0.009 0.009 0.009 0.009 0.009 0.009 0.009 0.009 0.009 0.009 
TS23 0.0041 0.0041 0.0041 0.0041 0.0041 0.0041 0.0041 0.0041 0.0041 0.0041 0.0041 0.0041 0.0041 0.0041 0.0041 0.0041 0.0041 0.0041 0.0041 0.0041 0.0041 0.0041 0.0041 0.0041 0.0041 0.0041 0.0041 0.0041 0.0041 0.0041 0.0041 0.0041 
TS24 0.0045 0.0045 0.0045 0.0045 0.0045 0.0045 0.0045 0.0045 0.0045 0.0045 0.0045 0.0045 0.0045 0.0045 0.0045 0.0045 0.0045 0.0045 0.0045 0.0045 0.0045 0.0045 0.0045 0.0045 0.0045 0.0045 0.0045 0.0045 0.0045 0.0045 0.0045 0.0045 
TS25 0.049 0.049 0.049 0.049 0.049 0.049 0.049 0.049 0.049 0.049 0.049 0.049 0.049 0.049 0.049 0.049 0.049 0.049 0.049 0.049 0.049 0.049 0.049 0.049 0.049 0.049 0.049 0.049 0.049 0.049 0.049 0.049 
TS26 0.0318 0.0318 0.0318 0.0318 0.0318 0.0318 0.0318 0.0318 0.0318 0.0318 0.0318 0.0318 0.0318 0.0318 0.0318 0.0318 0.0318 0.0318 0.0318 0.0318 0.0318 0.0318 0.0318 0.0318 0.0318 0.0318 0.0318 0.0318 0.0318 0.0318 0.0318 0.0318 
TS27 0.0623 0.0623 0.0623 0.0623 0.0623 0.0623 0.0623 0.0623 0.0623 0.0623 0.0623 0.0623 0.0623 0.0623 0.0623 0.0623 0.0623 0.0623 0.0623 0.0623 0.0623 0.0623 0.0623 0.0623 0.0623 0.0623 0.0623 0.0623 0.0623 0.0623 0.0623 0.0623 
TS28 0.0475 0.0475 0.0475 0.0475 0.0475 0.0475 0.0475 0.0475 0.0475 0.0475 0.0475 0.0475 0.0475 0.0475 0.0475 0.0475 0.0475 0.0475 0.0475 0.0475 0.0475 0.0475 0.0475 0.0475 0.0475 0.0475 0.0475 0.0475 0.0475 0.0475 0.0475 0.0475 
TS29 0.0216 0.0216 0.0216 0.0216 0.0216 0.0216 0.0216 0.0216 0.0216 0.0216 0.0216 0.0216 0.0216 0.0216 0.0216 0.0216 0.0216 0.0216 0.0216 0.0216 0.0216 0.0216 0.0216 0.0216 0.0216 0.0216 0.0216 0.0216 0.0216 0.0216 0.0216 0.0216 
TS30 0.0238 0.0238 0.0238 0.0238 0.0238 0.0238 0.0238 0.0238 0.0238 0.0238 0.0238 0.0238 0.0238 0.0238 0.0238 0.0238 0.0238 0.0238 0.0238 0.0238 0.0238 0.0238 0.0238 0.0238 0.0238 0.0238 0.0238 0.0238 0.0238 0.0238 0.0238 0.0238 
TS31 0.0216 0.0216 0.0216 0.0216 0.0216 0.0216 0.0216 0.0216 0.0216 0.0216 0.0216 0.0216 0.0216 0.0216 0.0216 0.0216 0.0216 0.0216 0.0216 0.0216 0.0216 0.0216 0.0216 0.0216 0.0216 0.0216 0.0216 0.0216 0.0216 0.0216 0.0216 0.0216 
TS32 0.0137 0.0137 0.0137 0.0137 0.0137 0.0137 0.0137 0.0137 0.0137 0.0137 0.0137 0.0137 0.0137 0.0137 0.0137 0.0137 0.0137 0.0137 0.0137 0.0137 0.0137 0.0137 0.0137 0.0137 0.0137 0.0137 0.0137 0.0137 0.0137 0.0137 0.0137 0.0137 
TS33 0.0271 0.0271 0.0271 0.0271 0.0271 0.0271 0.0271 0.0271 0.0271 0.0271 0.0271 0.0271 0.0271 0.0271 0.0271 0.0271 0.0271 0.0271 0.0271 0.0271 0.0271 0.0271 0.0271 0.0271 0.0271 0.0271 0.0271 0.0271 0.0271 0.0271 0.0271 0.0271 
TS34 0.0207 0.0207 0.0207 0.0207 0.0207 0.0207 0.0207 0.0207 0.0207 0.0207 0.0207 0.0207 0.0207 0.0207 0.0207 0.0207 0.0207 0.0207 0.0207 0.0207 0.0207 0.0207 0.0207 0.0207 0.0207 0.0207 0.0207 0.0207 0.0207 0.0207 0.0207 0.0207 
TS35 0.0093 0.0093 0.0093 0.0093 0.0093 0.0093 0.0093 0.0093 0.0093 0.0093 0.0093 0.0093 0.0093 0.0093 0.0093 0.0093 0.0093 0.0093 0.0093 0.0093 0.0093 0.0093 0.0093 0.0093 0.0093 0.0093 0.0093 0.0093 0.0093 0.0093 0.0093 0.0093 
TS36 0.0102 0.0102 0.0102 0.0102 0.0102 0.0102 0.0102 0.0102 0.0102 0.0102 0.0102 0.0102 0.0102 0.0102 0.0102 0.0102 0.0102 0.0102 0.0102 0.0102 0.0102 0.0102 0.0102 0.0102 0.0102 0.0102 0.0102 0.0102 0.0102 0.0102 0.0102 0.0102 
TS37 0.0374 0.0374 0.0374 0.0374 0.0374 0.0374 0.0374 0.0374 0.0374 0.0374 0.0374 0.0374 0.0374 0.0374 0.0374 0.0374 0.0374 0.0374 0.0374 0.0374 0.0374 0.0374 0.0374 0.0374 0.0374 0.0374 0.0374 0.0374 0.0374 0.0374 0.0374 0.0374 
TS38 0.0237 0.0237 0.0237 0.0237 0.0237 0.0237 0.0237 0.0237 0.0237 0.0237 0.0237 0.0237 0.0237 0.0237 0.0237 0.0237 0.0237 0.0237 0.0237 0.0237 0.0237 0.0237 0.0237 0.0237 0.0237 0.0237 0.0237 0.0237 0.0237 0.0237 0.0237 0.0237 
TS39 0.0471 0.0471 0.0471 0.0471 0.0471 0.0471 0.0471 0.0471 0.0471 0.0471 0.0471 0.0471 0.0471 0.0471 0.0471 0.0471 0.0471 0.0471 0.0471 0.0471 0.0471 0.0471 0.0471 0.0471 0.0471 0.0471 0.0471 0.0471 0.0471 0.0471 0.0471 0.0471 
TS40 0.0363 0.0363 0.0363 0.0363 0.0363 0.0363 0.0363 0.0363 0.0363 0.0363 0.0363 0.0363 0.0363 0.0363 0.0363 0.0363 0.0363 0.0363 0.0363 0.0363 0.0363 0.0363 0.0363 0.0363 0.0363 0.0363 0.0363 0.0363 0.0363 0.0363 0.0363 0.0363 
TS41 0.0166 0.0166 0.0166 0.0166 0.0166 0.0166 0.0166 0.0166 0.0166 0.0166 0.0166 0.0166 0.0166 0.0166 0.0166 0.0166 0.0166 0.0166 0.0166 0.0166 0.0166 0.0166 0.0166 0.0166 0.0166 0.0166 0.0166 0.0166 0.0166 0.0166 0.0166 0.0166 
TS42 0.0185 0.0185 0.0185 0.0185 0.0185 0.0185 0.0185 0.0185 0.0185 0.0185 0.0185 0.0185 0.0185 0.0185 0.0185 0.0185 0.0185 0.0185 0.0185 0.0185 0.0185 0.0185 0.0185 0.0185 0.0185 0.0185 0.0185 0.0185 0.0185 0.0185 0.0185 0.0185 
TS43 0.0155 0.0155 0.0155 0.0155 0.0155 0.0155 0.0155 0.0155 0.0155 0.0155 0.0155 0.0155 0.0155 0.0155 0.0155 0.0155 0.0155 0.0155 0.0155 0.0155 0.0155 0.0155 0.0155 0.0155 0.0155 0.0155 0.0155 0.0155 0.0155 0.0155 0.0155 0.0155 
TS44 0.0097 0.0097 0.0097 0.0097 0.0097 0.0097 0.0097 0.0097 0.0097 0.0097 0.0097 0.0097 0.0097 0.0097 0.0097 0.0097 0.0097 0.0097 0.0097 0.0097 0.0097 0.0097 0.0097 0.0097 0.0097 0.0097 0.0097 0.0097 0.0097 0.0097 0.0097 0.0097 
TS45 0.0194 0.0194 0.0194 0.0194 0.0194 0.0194 0.0194 0.0194 0.0194 0.0194 0.0194 0.0194 0.0194 0.0194 0.0194 0.0194 0.0194 0.0194 0.0194 0.0194 0.0194 0.0194 0.0194 0.0194 0.0194 0.0194 0.0194 0.0194 0.0194 0.0194 0.0194 0.0194 
TS46 0.015 0.015 0.015 0.015 0.015 0.015 0.015 0.015 0.015 0.015 0.015 0.015 0.015 0.015 0.015 0.015 0.015 0.015 0.015 0.015 0.015 0.015 0.015 0.015 0.015 0.015 0.015 0.015 0.015 0.015 0.015 0.015 
TS47 0.0068 0.0068 0.0068 0.0068 0.0068 0.0068 0.0068 0.0068 0.0068 0.0068 0.0068 0.0068 0.0068 0.0068 0.0068 0.0068 0.0068 0.0068 0.0068 0.0068 0.0068 0.0068 0.0068 0.0068 0.0068 0.0068 0.0068 0.0068 0.0068 0.0068 0.0068 0.0068 
TS48 0.0076 0.0076 0.0076 0.0076 0.0076 0.0076 0.0076 0.0076 0.0076 0.0076 0.0076 0.0076 0.0076 0.0076 0.0076 0.0076 0.0076 0.0076 0.0076 0.0076 0.0076 0.0076 0.0076 0.0076 0.0076 0.0076 0.0076 0.0076 0.0076 0.0076 0.0076 0.0076 
[RE1,INDELC,*,*]:
2019 2020 2021 2022 2023 2024 2025 2026 2027 2028 2029 2030 2031 2032 2033 2034 2035 2036 2037 2038 2039 2040 2041 2042 2043 2044 2045 2046 2047 2048 2049 2050 :=
TS01 0.0358 0.0358 0.0358 0.0358 0.0358 0.0358 0.0358 0.0358 0.0358 0.0358 0.0358 0.0358 0.0358 0.0358 0.0358 0.0358 0.0358 0.0358 0.0358 0.0358 0.0358 0.0358 0.0358 0.0358 0.0358 0.0358 0.0358 0.0358 0.0358 0.0358 0.0358 0.0358 
TS02 0.0227 0.0227 0.0227 0.0227 0.0227 0.0227 0.0227 0.0227 0.0227 0.0227 0.0227 0.0227 0.0227 0.0227 0.0227 0.0227 0.0227 0.0227 0.0227 0.0227 0.0227 0.0227 0.0227 0.0227 0.0227 0.0227 0.0227 0.0227 0.0227 0.0227 0.0227 0.0227 
TS03 0.0449 0.0449 0.0449 0.0449 0.0449 0.0449 0.0449 0.0449 0.0449 0.0449 0.0449 0.0449 0.0449 0.0449 0.0449 0.0449 0.0449 0.0449 0.0449 0.0449 0.0449 0.0449 0.0449 0.0449 0.0449 0.0449 0.0449 0.0449 0.0449 0.0449 0.0449 0.0449 
TS04 0.034 0.034 0.034 0.034 0.034 0.034 0.034 0.034 0.034 0.034 0.034 0.034 0.034 0.034 0.034 0.034 0.034 0.034 0.034 0.034 0.034 0.034 0.034 0.034 0.034 0.034 0.034 0.034 0.034 0.034 0.034 0.034 
TS05 0.0162 0.0162 0.0162 0.0162 0.0162 0.0162 0.0162 0.0162 0.0162 0.0162 0.0162 0.0162 0.0162 0.0162 0.0162 0.0162 0.0162 0.0162 0.0162 0.0162 0.0162 0.0162 0.0162 0.0162 0.0162 0.0162 0.0162 0.0162 0.0162 0.0162 0.0162 0.0162 
TS06 0.0178 0.0178 0.0178 0.0178 0.0178 0.0178 0.0178 0.0178 0.0178 0.0178 0.0178 0.0178 0.0178 0.0178 0.0178 0.0178 0.0178 0.0178 0.0178 0.0178 0.0178 0.0178 0.0178 0.0178 0.0178 0.0178 0.0178 0.0178 0.0178 0.0178 0.0178 0.0178 
TS07 0.0158 0.0158 0.0158 0.0158 0.0158 0.0158 0.0158 0.0158 0.0158 0.0158 0.0158 0.0158 0.0158 0.0158 0.0158 0.0158 0.0158 0.0158 0.0158 0.0158 0.0158 0.0158 0.0158 0.0158 0.0158 0.0158 0.0158 0.0158 0.0158 0.0158 0.0158 0.0158 
TS08 0.0097 0.0097 0.0097 0.0097 0.0097 0.0097 0.0097 0.0097 0.0097 0.0097 0.0097 0.0097 0.0097 0.0097 0.0097 0.0097 0.0097 0.0097 0.0097 0.0097 0.0097 0.0097 0.0097 0.0097 0.0097 0.0097 0.0097 0.0097 0.0097 0.0097 0.0097 0.0097 
TS09 0.0193 0.0193 0.0193 0.0193 0.0193 0.0193 0.0193 0.0193 0.0193 0.0193 0.0193 0.0193 0.0193 0.0193 0.0193 0.0193 0.0193 0.0193 0.0193 0.0193 0.0193 0.0193 0.0193 0.0193 0.0193 0.0193 0.0193 0.0193 0.0193 0.0193 0.0193 0.0193 
TS10 0.0146 0.0146 0.0146 0.0146 0.0146 0.0146 0.0146 0.0146 0.0146 0.0146 0.0146 0.0146 0.0146 0.0146 0.0146 0.0146 0.0146 0.0146 0.0146 0.0146 0.0146 0.0146 0.0146 0.0146 0.0146 0.0146 0.0146 0.0146 0.0146 0.0146 0.0146 0.0146 
TS11 0.0068 0.0068 0.0068 0.0068 0.0068 0.0068 0.0068 0.0068 0.0068 0.0068 0.0068 0.0068 0.0068 0.0068 0.0068 0.0068 0.0068 0.0068 0.0068 0.0068 0.0068 0.0068 0.0068 0.0068 0.0068 0.0068 0.0068 0.0068 0.0068 0.0068 0.0068 0.0068 
TS12 0.0076 0.0076 0.0076 0.0076 0.0076 0.0076 0.0076 0.0076 0.0076 0.0076 0.0076 0.0076 0.0076 0.0076 0.0076 0.0076 0.0076 0.0076 0.0076 0.0076 0.0076 0.0076 0.0076 0.0076 0.0076 0.0076 0.0076 0.0076 0.0076 0.0076 0.0076 0.0076 
TS13 0.0242 0.0242 0.0242 0.0242 0.0242 0.0242 0.0242 0.0242 0.0242 0.0242 0.0242 0.0242 0.0242 0.0242 0.0242 0.0242 0.0242 0.0242 0.0242 0.0242 0.0242 0.0242 0.0242 0.0242 0.0242 0.0242 0.0242 0.0242 0.0242 0.0242 0.0242 0.0242 
TS14 0.0158 0.0158 0.0158 0.0158 0.0158 0.0158 0.0158 0.0158 0.0158 0.0158 0.0158 0.0158 0.0158 0.0158 0.0158 0.0158 0.0158 0.0158 0.0158 0.0158 0.0158 0.0158 0.0158 0.0158 0.0158 0.0158 0.0158 0.0158 0.0158 0.0158 0.0158 0.0158 
TS15 0.0314 0.0314 0.0314 0.0314 0.0314 0.0314 0.0314 0.0314 0.0314 0.0314 0.0314 0.0314 0.0314 0.0314 0.0314 0.0314 0.0314 0.0314 0.0314 0.0314 0.0314 0.0314 0.0314 0.0314 0.0314 0.0314 0.0314 0.0314 0.0314 0.0314 0.0314 0.0314 
TS16 0.0237 0.0237 0.0237 0.0237 0.0237 0.0237 0.0237 0.0237 0.0237 0.0237 0.0237 0.0237 0.0237 0.0237 0.0237 0.0237 0.0237 0.0237 0.0237 0.0237 0.0237 0.0237 0.0237 0.0237 0.0237 0.0237 0.0237 0.0237 0.0237 0.0237 0.0237 0.0237 
TS17 0.0108 0.0108 0.0108 0.0108 0.0108 0.0108 0.0108 0.0108 0.0108 0.0108 0.0108 0.0108 0.0108 0.0108 0.0108 0.0108 0.0108 0.0108 0.0108 0.0108 0.0108 0.0108 0.0108 0.0108 0.0108 0.0108 0.0108 0.0108 0.0108 0.0108 0.0108 0.0108 
TS18 0.012 0.012 0.012 0.012 0.012 0.012 0.012 0.012 0.012 0.012 0.012 0.012 0.012 0.012 0.012 0.012 0.012 0.012 0.012 0.012 0.012 0.012 0.012 0.012 0.012 0.012 0.012 0.012 0.012 0.012 0.012 0.012 
TS19 0.0091 0.0091 0.0091 0.0091 0.0091 0.0091 0.0091 0.0091 0.0091 0.0091 0.0091 0.0091 0.0091 0.0091 0.0091 0.0091 0.0091 0.0091 0.0091 0.0091 0.0091 0.0091 0.0091 0.0091 0.0091 0.0091 0.0091 0.0091 0.0091 0.0091 0.0091 0.0091 
TS20 0.006 0.006 0.006 0.006 0.006 0.006 0.006 0.006 0.006 0.006 0.006 0.006 0.006 0.006 0.006 0.006 0.006 0.006 0.006 0.006 0.006 0.006 0.006 0.006 0.006 0.006 0.006 0.006 0.006 0.006 0.006 0.006 
TS21 0.012 0.012 0.012 0.012 0.012 0.012 0.012 0.012 0.012 0.012 0.012 0.012 0.012 0.012 0.012 0.012 0.012 0.012 0.012 0.012 0.012 0.012 0.012 0.012 0.012 0.012 0.012 0.012 0.012 0.012 0.012 0.012 
TS22 0.009 0.009 0.009 0.009 0.009 0.009 0.009 0.009 0.009 0.009 0.009 0.009 0.009 0.009 0.009 0.009 0.009 0.009 0.009 0.009 0.009 0.009 0.009 0.009 0.009 0.009 0.009 0.009 0.009 0.009 0.009 0.009 
TS23 0.0041 0.0041 0.0041 0.0041 0.0041 0.0041 0.0041 0.0041 0.0041 0.0041 0.0041 0.0041 0.0041 0.0041 0.0041 0.0041 0.0041 0.0041 0.0041 0.0041 0.0041 0.0041 0.0041 0.0041 0.0041 0.0041 0.0041 0.0041 0.0041 0.0041 0.0041 0.0041 
TS24 0.0045 0.0045 0.0045 0.0045 0.0045 0.0045 0.0045 0.0045 0.0045 0.0045 0.0045 0.0045 0.0045 0.0045 0.0045 0.0045 0.0045 0.0045 0.0045 0.0045 0.0045 0.0045 0.0045 0.0045 0.0045 0.0045 0.0045 0.0045 0.0045 0.0045 0.0045 0.0045 
TS25 0.049 0.049 0.049 0.049 0.049 0.049 0.049 0.049 0.049 0.049 0.049 0.049 0.049 0.049 0.049 0.049 0.049 0.049 0.049 0.049 0.049 0.049 0.049 0.049 0.049 0.049 0.049 0.049 0.049 0.049 0.049 0.049 
TS26 0.0318 0.0318 0.0318 0.0318 0.0318 0.0318 0.0318 0.0318 0.0318 0.0318 0.0318 0.0318 0.0318 0.0318 0.0318 0.0318 0.0318 0.0318 0.0318 0.0318 0.0318 0.0318 0.0318 0.0318 0.0318 0.0318 0.0318 0.0318 0.0318 0.0318 0.0318 0.0318 
TS27 0.0623 0.0623 0.0623 0.0623 0.0623 0.0623 0.0623 0.0623 0.0623 0.0623 0.0623 0.0623 0.0623 0.0623 0.0623 0.0623 0.0623 0.0623 0.0623 0.0623 0.0623 0.0623 0.0623 0.0623 0.0623 0.0623 0.0623 0.0623 0.0623 0.0623 0.0623 0.0623 
TS28 0.0475 0.0475 0.0475 0.0475 0.0475 0.0475 0.0475 0.0475 0.0475 0.0475 0.0475 0.0475 0.0475 0.0475 0.0475 0.0475 0.0475 0.0475 0.0475 0.0475 0.0475 0.0475 0.0475 0.0475 0.0475 0.0475 0.0475 0.0475 0.0475 0.0475 0.0475 0.0475 
TS29 0.0216 0.0216 0.0216 0.0216 0.0216 0.0216 0.0216 0.0216 0.0216 0.0216 0.0216 0.0216 0.0216 0.0216 0.0216 0.0216 0.0216 0.0216 0.0216 0.0216 0.0216 0.0216 0.0216 0.0216 0.0216 0.0216 0.0216 0.0216 0.0216 0.0216 0.0216 0.0216 
TS30 0.0238 0.0238 0.0238 0.0238 0.0238 0.0238 0.0238 0.0238 0.0238 0.0238 0.0238 0.0238 0.0238 0.0238 0.0238 0.0238 0.0238 0.0238 0.0238 0.0238 0.0238 0.0238 0.0238 0.0238 0.0238 0.0238 0.0238 0.0238 0.0238 0.0238 0.0238 0.0238 
TS31 0.0216 0.0216 0.0216 0.0216 0.0216 0.0216 0.0216 0.0216 0.0216 0.0216 0.0216 0.0216 0.0216 0.0216 0.0216 0.0216 0.0216 0.0216 0.0216 0.0216 0.0216 0.0216 0.0216 0.0216 0.0216 0.0216 0.0216 0.0216 0.0216 0.0216 0.0216 0.0216 
TS32 0.0137 0.0137 0.0137 0.0137 0.0137 0.0137 0.0137 0.0137 0.0137 0.0137 0.0137 0.0137 0.0137 0.0137 0.0137 0.0137 0.0137 0.0137 0.0137 0.0137 0.0137 0.0137 0.0137 0.0137 0.0137 0.0137 0.0137 0.0137 0.0137 0.0137 0.0137 0.0137 
TS33 0.0271 0.0271 0.0271 0.0271 0.0271 0.0271 0.0271 0.0271 0.0271 0.0271 0.0271 0.0271 0.0271 0.0271 0.0271 0.0271 0.0271 0.0271 0.0271 0.0271 0.0271 0.0271 0.0271 0.0271 0.0271 0.0271 0.0271 0.0271 0.0271 0.0271 0.0271 0.0271 
TS34 0.0207 0.0207 0.0207 0.0207 0.0207 0.0207 0.0207 0.0207 0.0207 0.0207 0.0207 0.0207 0.0207 0.0207 0.0207 0.0207 0.0207 0.0207 0.0207 0.0207 0.0207 0.0207 0.0207 0.0207 0.0207 0.0207 0.0207 0.0207 0.0207 0.0207 0.0207 0.0207 
TS35 0.0093 0.0093 0.0093 0.0093 0.0093 0.0093 0.0093 0.0093 0.0093 0.0093 0.0093 0.0093 0.0093 0.0093 0.0093 0.0093 0.0093 0.0093 0.0093 0.0093 0.0093 0.0093 0.0093 0.0093 0.0093 0.0093 0.0093 0.0093 0.0093 0.0093 0.0093 0.0093 
TS36 0.0102 0.0102 0.0102 0.0102 0.0102 0.0102 0.0102 0.0102 0.0102 0.0102 0.0102 0.0102 0.0102 0.0102 0.0102 0.0102 0.0102 0.0102 0.0102 0.0102 0.0102 0.0102 0.0102 0.0102 0.0102 0.0102 0.0102 0.0102 0.0102 0.0102 0.0102 0.0102 
TS37 0.0374 0.0374 0.0374 0.0374 0.0374 0.0374 0.0374 0.0374 0.0374 0.0374 0.0374 0.0374 0.0374 0.0374 0.0374 0.0374 0.0374 0.0374 0.0374 0.0374 0.0374 0.0374 0.0374 0.0374 0.0374 0.0374 0.0374 0.0374 0.0374 0.0374 0.0374 0.0374 
TS38 0.0237 0.0237 0.0237 0.0237 0.0237 0.0237 0.0237 0.0237 0.0237 0.0237 0.0237 0.0237 0.0237 0.0237 0.0237 0.0237 0.0237 0.0237 0.0237 0.0237 0.0237 0.0237 0.0237 0.0237 0.0237 0.0237 0.0237 0.0237 0.0237 0.0237 0.0237 0.0237 
TS39 0.0471 0.0471 0.0471 0.0471 0.0471 0.0471 0.0471 0.0471 0.0471 0.0471 0.0471 0.0471 0.0471 0.0471 0.0471 0.0471 0.0471 0.0471 0.0471 0.0471 0.0471 0.0471 0.0471 0.0471 0.0471 0.0471 0.0471 0.0471 0.0471 0.0471 0.0471 0.0471 
TS40 0.0363 0.0363 0.0363 0.0363 0.0363 0.0363 0.0363 0.0363 0.0363 0.0363 0.0363 0.0363 0.0363 0.0363 0.0363 0.0363 0.0363 0.0363 0.0363 0.0363 0.0363 0.0363 0.0363 0.0363 0.0363 0.0363 0.0363 0.0363 0.0363 0.0363 0.0363 0.0363 
TS41 0.0166 0.0166 0.0166 0.0166 0.0166 0.0166 0.0166 0.0166 0.0166 0.0166 0.0166 0.0166 0.0166 0.0166 0.0166 0.0166 0.0166 0.0166 0.0166 0.0166 0.0166 0.0166 0.0166 0.0166 0.0166 0.0166 0.0166 0.0166 0.0166 0.0166 0.0166 0.0166 
TS42 0.0185 0.0185 0.0185 0.0185 0.0185 0.0185 0.0185 0.0185 0.0185 0.0185 0.0185 0.0185 0.0185 0.0185 0.0185 0.0185 0.0185 0.0185 0.0185 0.0185 0.0185 0.0185 0.0185 0.0185 0.0185 0.0185 0.0185 0.0185 0.0185 0.0185 0.0185 0.0185 
TS43 0.0155 0.0155 0.0155 0.0155 0.0155 0.0155 0.0155 0.0155 0.0155 0.0155 0.0155 0.0155 0.0155 0.0155 0.0155 0.0155 0.0155 0.0155 0.0155 0.0155 0.0155 0.0155 0.0155 0.0155 0.0155 0.0155 0.0155 0.0155 0.0155 0.0155 0.0155 0.0155 
TS44 0.0097 0.0097 0.0097 0.0097 0.0097 0.0097 0.0097 0.0097 0.0097 0.0097 0.0097 0.0097 0.0097 0.0097 0.0097 0.0097 0.0097 0.0097 0.0097 0.0097 0.0097 0.0097 0.0097 0.0097 0.0097 0.0097 0.0097 0.0097 0.0097 0.0097 0.0097 0.0097 
TS45 0.0194 0.0194 0.0194 0.0194 0.0194 0.0194 0.0194 0.0194 0.0194 0.0194 0.0194 0.0194 0.0194 0.0194 0.0194 0.0194 0.0194 0.0194 0.0194 0.0194 0.0194 0.0194 0.0194 0.0194 0.0194 0.0194 0.0194 0.0194 0.0194 0.0194 0.0194 0.0194 
TS46 0.015 0.015 0.015 0.015 0.015 0.015 0.015 0.015 0.015 0.015 0.015 0.015 0.015 0.015 0.015 0.015 0.015 0.015 0.015 0.015 0.015 0.015 0.015 0.015 0.015 0.015 0.015 0.015 0.015 0.015 0.015 0.015 
TS47 0.0068 0.0068 0.0068 0.0068 0.0068 0.0068 0.0068 0.0068 0.0068 0.0068 0.0068 0.0068 0.0068 0.0068 0.0068 0.0068 0.0068 0.0068 0.0068 0.0068 0.0068 0.0068 0.0068 0.0068 0.0068 0.0068 0.0068 0.0068 0.0068 0.0068 0.0068 0.0068 
TS48 0.0076 0.0076 0.0076 0.0076 0.0076 0.0076 0.0076 0.0076 0.0076 0.0076 0.0076 0.0076 0.0076 0.0076 0.0076 0.0076 0.0076 0.0076 0.0076 0.0076 0.0076 0.0076 0.0076 0.0076 0.0076 0.0076 0.0076 0.0076 0.0076 0.0076 0.0076 0.0076 
[RE1,RESELC,*,*]:
2019 2020 2021 2022 2023 2024 2025 2026 2027 2028 2029 2030 2031 2032 2033 2034 2035 2036 2037 2038 2039 2040 2041 2042 2043 2044 2045 2046 2047 2048 2049 2050 :=
TS01 0.0358 0.0358 0.0358 0.0358 0.0358 0.0358 0.0358 0.0358 0.0358 0.0358 0.0358 0.0358 0.0358 0.0358 0.0358 0.0358 0.0358 0.0358 0.0358 0.0358 0.0358 0.0358 0.0358 0.0358 0.0358 0.0358 0.0358 0.0358 0.0358 0.0358 0.0358 0.0358 
TS02 0.0227 0.0227 0.0227 0.0227 0.0227 0.0227 0.0227 0.0227 0.0227 0.0227 0.0227 0.0227 0.0227 0.0227 0.0227 0.0227 0.0227 0.0227 0.0227 0.0227 0.0227 0.0227 0.0227 0.0227 0.0227 0.0227 0.0227 0.0227 0.0227 0.0227 0.0227 0.0227 
TS03 0.0449 0.0449 0.0449 0.0449 0.0449 0.0449 0.0449 0.0449 0.0449 0.0449 0.0449 0.0449 0.0449 0.0449 0.0449 0.0449 0.0449 0.0449 0.0449 0.0449 0.0449 0.0449 0.0449 0.0449 0.0449 0.0449 0.0449 0.0449 0.0449 0.0449 0.0449 0.0449 
TS04 0.034 0.034 0.034 0.034 0.034 0.034 0.034 0.034 0.034 0.034 0.034 0.034 0.034 0.034 0.034 0.034 0.034 0.034 0.034 0.034 0.034 0.034 0.034 0.034 0.034 0.034 0.034 0.034 0.034 0.034 0.034 0.034 
TS05 0.0162 0.0162 0.0162 0.0162 0.0162 0.0162 0.0162 0.0162 0.0162 0.0162 0.0162 0.0162 0.0162 0.0162 0.0162 0.0162 0.0162 0.0162 0.0162 0.0162 0.0162 0.0162 0.0162 0.0162 0.0162 0.0162 0.0162 0.0162 0.0162 0.0162 0.0162 0.0162 
TS06 0.0178 0.0178 0.0178 0.0178 0.0178 0.0178 0.0178 0.0178 0.0178 0.0178 0.0178 0.0178 0.0178 0.0178 0.0178 0.0178 0.0178 0.0178 0.0178 0.0178 0.0178 0.0178 0.0178 0.0178 0.0178 0.0178 0.0178 0.0178 0.0178 0.0178 0.0178 0.0178 
TS07 0.0158 0.0158 0.0158 0.0158 0.0158 0.0158 0.0158 0.0158 0.0158 0.0158 0.0158 0.0158 0.0158 0.0158 0.0158 0.0158 0.0158 0.0158 0.0158 0.0158 0.0158 0.0158 0.0158 0.0158 0.0158 0.0158 0.0158 0.0158 0.0158 0.0158 0.0158 0.0158 
TS08 0.0097 0.0097 0.0097 0.0097 0.0097 0.0097 0.0097 0.0097 0.0097 0.0097 0.0097 0.0097 0.0097 0.0097 0.0097 0.0097 0.0097 0.0097 0.0097 0.0097 0.0097 0.0097 0.0097 0.0097 0.0097 0.0097 0.0097 0.0097 0.0097 0.0097 0.0097 0.0097 
TS09 0.0193 0.0193 0.0193 0.0193 0.0193 0.0193 0.0193 0.0193 0.0193 0.0193 0.0193 0.0193 0.0193 0.0193 0.0193 0.0193 0.0193 0.0193 0.0193 0.0193 0.0193 0.0193 0.0193 0.0193 0.0193 0.0193 0.0193 0.0193 0.0193 0.0193 0.0193 0.0193 
TS10 0.0146 0.0146 0.0146 0.0146 0.0146 0.0146 0.0146 0.0146 0.0146 0.0146 0.0146 0.0146 0.0146 0.0146 0.0146 0.0146 0.0146 0.0146 0.0146 0.0146 0.0146 0.0146 0.0146 0.0146 0.0146 0.0146 0.0146 0.0146 0.0146 0.0146 0.0146 0.0146 
TS11 0.0068 0.0068 0.0068 0.0068 0.0068 0.0068 0.0068 0.0068 0.0068 0.0068 0.0068 0.0068 0.0068 0.0068 0.0068 0.0068 0.0068 0.0068 0.0068 0.0068 0.0068 0.0068 0.0068 0.0068 0.0068 0.0068 0.0068 0.0068 0.0068 0.0068 0.0068 0.0068 
TS12 0.0076 0.0076 0.0076 0.0076 0.0076 0.0076 0.0076 0.0076 0.0076 0.0076 0.0076 0.0076 0.0076 0.0076 0.0076 0.0076 0.0076 0.0076 0.0076 0.0076 0.0076 0.0076 0.0076 0.0076 0.0076 0.0076 0.0076 0.0076 0.0076 0.0076 0.0076 0.0076 
TS13 0.0242 0.0242 0.0242 0.0242 0.0242 0.0242 0.0242 0.0242 0.0242 0.0242 0.0242 0.0242 0.0242 0.0242 0.0242 0.0242 0.0242 0.0242 0.0242 0.0242 0.0242 0.0242 0.0242 0.0242 0.0242 0.0242 0.0242 0.0242 0.0242 0.0242 0.0242 0.0242 
TS14 0.0158 0.0158 0.0158 0.0158 0.0158 0.0158 0.0158 0.0158 0.0158 0.0158 0.0158 0.0158 0.0158 0.0158 0.0158 0.0158 0.0158 0.0158 0.0158 0.0158 0.0158 0.0158 0.0158 0.0158 0.0158 0.0158 0.0158 0.0158 0.0158 0.0158 0.0158 0.0158 
TS15 0.0314 0.0314 0.0314 0.0314 0.0314 0.0314 0.0314 0.0314 0.0314 0.0314 0.0314 0.0314 0.0314 0.0314 0.0314 0.0314 0.0314 0.0314 0.0314 0.0314 0.0314 0.0314 0.0314 0.0314 0.0314 0.0314 0.0314 0.0314 0.0314 0.0314 0.0314 0.0314 
TS16 0.0237 0.0237 0.0237 0.0237 0.0237 0.0237 0.0237 0.0237 0.0237 0.0237 0.0237 0.0237 0.0237 0.0237 0.0237 0.0237 0.0237 0.0237 0.0237 0.0237 0.0237 0.0237 0.0237 0.0237 0.0237 0.0237 0.0237 0.0237 0.0237 0.0237 0.0237 0.0237 
TS17 0.0108 0.0108 0.0108 0.0108 0.0108 0.0108 0.0108 0.0108 0.0108 0.0108 0.0108 0.0108 0.0108 0.0108 0.0108 0.0108 0.0108 0.0108 0.0108 0.0108 0.0108 0.0108 0.0108 0.0108 0.0108 0.0108 0.0108 0.0108 0.0108 0.0108 0.0108 0.0108 
TS18 0.012 0.012 0.012 0.012 0.012 0.012 0.012 0.012 0.012 0.012 0.012 0.012 0.012 0.012 0.012 0.012 0.012 0.012 0.012 0.012 0.012 0.012 0.012 0.012 0.012 0.012 0.012 0.012 0.012 0.012 0.012 0.012 
TS19 0.0091 0.0091 0.0091 0.0091 0.0091 0.0091 0.0091 0.0091 0.0091 0.0091 0.0091 0.0091 0.0091 0.0091 0.0091 0.0091 0.0091 0.0091 0.0091 0.0091 0.0091 0.0091 0.0091 0.0091 0.0091 0.0091 0.0091 0.0091 0.0091 0.0091 0.0091 0.0091 
TS20 0.006 0.006 0.006 0.006 0.006 0.006 0.006 0.006 0.006 0.006 0.006 0.006 0.006 0.006 0.006 0.006 0.006 0.006 0.006 0.006 0.006 0.006 0.006 0.006 0.006 0.006 0.006 0.006 0.006 0.006 0.006 0.006 
TS21 0.012 0.012 0.012 0.012 0.012 0.012 0.012 0.012 0.012 0.012 0.012 0.012 0.012 0.012 0.012 0.012 0.012 0.012 0.012 0.012 0.012 0.012 0.012 0.012 0.012 0.012 0.012 0.012 0.012 0.012 0.012 0.012 
TS22 0.009 0.009 0.009 0.009 0.009 0.009 0.009 0.009 0.009 0.009 0.009 0.009 0.009 0.009 0.009 0.009 0.009 0.009 0.009 0.009 0.009 0.009 0.009 0.009 0.009 0.009 0.009 0.009 0.009 0.009 0.009 0.009 
TS23 0.0041 0.0041 0.0041 0.0041 0.0041 0.0041 0.0041 0.0041 0.0041 0.0041 0.0041 0.0041 0.0041 0.0041 0.0041 0.0041 0.0041 0.0041 0.0041 0.0041 0.0041 0.0041 0.0041 0.0041 0.0041 0.0041 0.0041 0.0041 0.0041 0.0041 0.0041 0.0041 
TS24 0.0045 0.0045 0.0045 0.0045 0.0045 0.0045 0.0045 0.0045 0.0045 0.0045 0.0045 0.0045 0.0045 0.0045 0.0045 0.0045 0.0045 0.0045 0.0045 0.0045 0.0045 0.0045 0.0045 0.0045 0.0045 0.0045 0.0045 0.0045 0.0045 0.0045 0.0045 0.0045 
TS25 0.049 0.049 0.049 0.049 0.049 0.049 0.049 0.049 0.049 0.049 0.049 0.049 0.049 0.049 0.049 0.049 0.049 0.049 0.049 0.049 0.049 0.049 0.049 0.049 0.049 0.049 0.049 0.049 0.049 0.049 0.049 0.049 
TS26 0.0318 0.0318 0.0318 0.0318 0.0318 0.0318 0.0318 0.0318 0.0318 0.0318 0.0318 0.0318 0.0318 0.0318 0.0318 0.0318 0.0318 0.0318 0.0318 0.0318 0.0318 0.0318 0.0318 0.0318 0.0318 0.0318 0.0318 0.0318 0.0318 0.0318 0.0318 0.0318 
TS27 0.0623 0.0623 0.0623 0.0623 0.0623 0.0623 0.0623 0.0623 0.0623 0.0623 0.0623 0.0623 0.0623 0.0623 0.0623 0.0623 0.0623 0.0623 0.0623 0.0623 0.0623 0.0623 0.0623 0.0623 0.0623 0.0623 0.0623 0.0623 0.0623 0.0623 0.0623 0.0623 
TS28 0.0475 0.0475 0.0475 0.0475 0.0475 0.0475 0.0475 0.0475 0.0475 0.0475 0.0475 0.0475 0.0475 0.0475 0.0475 0.0475 0.0475 0.0475 0.0475 0.0475 0.0475 0.0475 0.0475 0.0475 0.0475 0.0475 0.0475 0.0475 0.0475 0.0475 0.0475 0.0475 
TS29 0.0216 0.0216 0.0216 0.0216 0.0216 0.0216 0.0216 0.0216 0.0216 0.0216 0.0216 0.0216 0.0216 0.0216 0.0216 0.0216 0.0216 0.0216 0.0216 0.0216 0.0216 0.0216 0.0216 0.0216 0.0216 0.0216 0.0216 0.0216 0.0216 0.0216 0.0216 0.0216 
TS30 0.0238 0.0238 0.0238 0.0238 0.0238 0.0238 0.0238 0.0238 0.0238 0.0238 0.0238 0.0238 0.0238 0.0238 0.0238 0.0238 0.0238 0.0238 0.0238 0.0238 0.0238 0.0238 0.0238 0.0238 0.0238 0.0238 0.0238 0.0238 0.0238 0.0238 0.0238 0.0238 
TS31 0.0216 0.0216 0.0216 0.0216 0.0216 0.0216 0.0216 0.0216 0.0216 0.0216 0.0216 0.0216 0.0216 0.0216 0.0216 0.0216 0.0216 0.0216 0.0216 0.0216 0.0216 0.0216 0.0216 0.0216 0.0216 0.0216 0.0216 0.0216 0.0216 0.0216 0.0216 0.0216 
TS32 0.0137 0.0137 0.0137 0.0137 0.0137 0.0137 0.0137 0.0137 0.0137 0.0137 0.0137 0.0137 0.0137 0.0137 0.0137 0.0137 0.0137 0.0137 0.0137 0.0137 0.0137 0.0137 0.0137 0.0137 0.0137 0.0137 0.0137 0.0137 0.0137 0.0137 0.0137 0.0137 
TS33 0.0271 0.0271 0.0271 0.0271 0.0271 0.0271 0.0271 0.0271 0.0271 0.0271 0.0271 0.0271 0.0271 0.0271 0.0271 0.0271 0.0271 0.0271 0.0271 0.0271 0.0271 0.0271 0.0271 0.0271 0.0271 0.0271 0.0271 0.0271 0.0271 0.0271 0.0271 0.0271 
TS34 0.0207 0.0207 0.0207 0.0207 0.0207 0.0207 0.0207 0.0207 0.0207 0.0207 0.0207 0.0207 0.0207 0.0207 0.0207 0.0207 0.0207 0.0207 0.0207 0.0207 0.0207 0.0207 0.0207 0.0207 0.0207 0.0207 0.0207 0.0207 0.0207 0.0207 0.0207 0.0207 
TS35 0.0093 0.0093 0.0093 0.0093 0.0093 0.0093 0.0093 0.0093 0.0093 0.0093 0.0093 0.0093 0.0093 0.0093 0.0093 0.0093 0.0093 0.0093 0.0093 0.0093 0.0093 0.0093 0.0093 0.0093 0.0093 0.0093 0.0093 0.0093 0.0093 0.0093 0.0093 0.0093 
TS36 0.0102 0.0102 0.0102 0.0102 0.0102 0.0102 0.0102 0.0102 0.0102 0.0102 0.0102 0.0102 0.0102 0.0102 0.0102 0.0102 0.0102 0.0102 0.0102 0.0102 0.0102 0.0102 0.0102 0.0102 0.0102 0.0102 0.0102 0.0102 0.0102 0.0102 0.0102 0.0102 
TS37 0.0374 0.0374 0.0374 0.0374 0.0374 0.0374 0.0374 0.0374 0.0374 0.0374 0.0374 0.0374 0.0374 0.0374 0.0374 0.0374 0.0374 0.0374 0.0374 0.0374 0.0374 0.0374 0.0374 0.0374 0.0374 0.0374 0.0374 0.0374 0.0374 0.0374 0.0374 0.0374 
TS38 0.0237 0.0237 0.0237 0.0237 0.0237 0.0237 0.0237 0.0237 0.0237 0.0237 0.0237 0.0237 0.0237 0.0237 0.0237 0.0237 0.0237 0.0237 0.0237 0.0237 0.0237 0.0237 0.0237 0.0237 0.0237 0.0237 0.0237 0.0237 0.0237 0.0237 0.0237 0.0237 
TS39 0.0471 0.0471 0.0471 0.0471 0.0471 0.0471 0.0471 0.0471 0.0471 0.0471 0.0471 0.0471 0.0471 0.0471 0.0471 0.0471 0.0471 0.0471 0.0471 0.0471 0.0471 0.0471 0.0471 0.0471 0.0471 0.0471 0.0471 0.0471 0.0471 0.0471 0.0471 0.0471 
TS40 0.0363 0.0363 0.0363 0.0363 0.0363 0.0363 0.0363 0.0363 0.0363 0.0363 0.0363 0.0363 0.0363 0.0363 0.0363 0.0363 0.0363 0.0363 0.0363 0.0363 0.0363 0.0363 0.0363 0.0363 0.0363 0.0363 0.0363 0.0363 0.0363 0.0363 0.0363 0.0363 
TS41 0.0166 0.0166 0.0166 0.0166 0.0166 0.0166 0.0166 0.0166 0.0166 0.0166 0.0166 0.0166 0.0166 0.0166 0.0166 0.0166 0.0166 0.0166 0.0166 0.0166 0.0166 0.0166 0.0166 0.0166 0.0166 0.0166 0.0166 0.0166 0.0166 0.0166 0.0166 0.0166 
TS42 0.0185 0.0185 0.0185 0.0185 0.0185 0.0185 0.0185 0.0185 0.0185 0.0185 0.0185 0.0185 0.0185 0.0185 0.0185 0.0185 0.0185 0.0185 0.0185 0.0185 0.0185 0.0185 0.0185 0.0185 0.0185 0.0185 0.0185 0.0185 0.0185 0.0185 0.0185 0.0185 
TS43 0.0155 0.0155 0.0155 0.0155 0.0155 0.0155 0.0155 0.0155 0.0155 0.0155 0.0155 0.0155 0.0155 0.0155 0.0155 0.0155 0.0155 0.0155 0.0155 0.0155 0.0155 0.0155 0.0155 0.0155 0.0155 0.0155 0.0155 0.0155 0.0155 0.0155 0.0155 0.0155 
TS44 0.0097 0.0097 0.0097 0.0097 0.0097 0.0097 0.0097 0.0097 0.0097 0.0097 0.0097 0.0097 0.0097 0.0097 0.0097 0.0097 0.0097 0.0097 0.0097 0.0097 0.0097 0.0097 0.0097 0.0097 0.0097 0.0097 0.0097 0.0097 0.0097 0.0097 0.0097 0.0097 
TS45 0.0194 0.0194 0.0194 0.0194 0.0194 0.0194 0.0194 0.0194 0.0194 0.0194 0.0194 0.0194 0.0194 0.0194 0.0194 0.0194 0.0194 0.0194 0.0194 0.0194 0.0194 0.0194 0.0194 0.0194 0.0194 0.0194 0.0194 0.0194 0.0194 0.0194 0.0194 0.0194 
TS46 0.015 0.015 0.015 0.015 0.015 0.015 0.015 0.015 0.015 0.015 0.015 0.015 0.015 0.015 0.015 0.015 0.015 0.015 0.015 0.015 0.015 0.015 0.015 0.015 0.015 0.015 0.015 0.015 0.015 0.015 0.015 0.015 
TS47 0.0068 0.0068 0.0068 0.0068 0.0068 0.0068 0.0068 0.0068 0.0068 0.0068 0.0068 0.0068 0.0068 0.0068 0.0068 0.0068 0.0068 0.0068 0.0068 0.0068 0.0068 0.0068 0.0068 0.0068 0.0068 0.0068 0.0068 0.0068 0.0068 0.0068 0.0068 0.0068 
TS48 0.0076 0.0076 0.0076 0.0076 0.0076 0.0076 0.0076 0.0076 0.0076 0.0076 0.0076 0.0076 0.0076 0.0076 0.0076 0.0076 0.0076 0.0076 0.0076 0.0076 0.0076 0.0076 0.0076 0.0076 0.0076 0.0076 0.0076 0.0076 0.0076 0.0076 0.0076 0.0076 
;

param EmissionActivityRatio default 0.0 :=
[RE1,PWRNGS001,CO2,*,*]:
2019 2020 2021 2022 2023 2024 2025 2026 2027 2028 2029 2030 2031 2032 2033 2034 2035 2036 2037 2038 2039 2040 2041 2042 2043 2044 2045 2046 2047 2048 2049 2050 :=
1 0.166 0.166 0.166 0.166 0.166 0.166 0.166 0.166 0.166 0.166 0.166 0.166 0.166 0.166 0.166 0.166 0.166 0.166 0.166 0.166 0.166 0.166 0.166 0.166 0.166 0.166 0.166 0.166 0.166 0.166 0.166 0.166 
[RE1,PWRBIO001,CO2,*,*]:
2019 2020 2021 2022 2023 2024 2025 2026 2027 2028 2029 2030 2031 2032 2033 2034 2035 2036 2037 2038 2039 2040 2041 2042 2043 2044 2045 2046 2047 2048 2049 2050 :=
1 0.166 0.166 0.166 0.166 0.166 0.166 0.166 0.166 0.166 0.166 0.166 0.166 0.166 0.166 0.166 0.166 0.166 0.166 0.166 0.166 0.166 0.166 0.166 0.166 0.166 0.166 0.166 0.166 0.166 0.166 0.166 0.166 
[RE1,PWRHFO001,CO2,*,*]:
2019 2020 2021 2022 2023 2024 2025 2026 2027 2028 2029 2030 2031 2032 2033 2034 2035 2036 2037 2038 2039 2040 2041 2042 2043 2044 2045 2046 2047 2048 2049 2050 :=
1 0.191 0.191 0.191 0.191 0.191 0.191 0.191 0.191 0.191 0.191 0.191 0.191 0.191 0.191 0.191 0.191 0.191 0.191 0.191 0.191 0.191 0.191 0.191 0.191 0.191 0.191 0.191 0.191 0.191 0.191 0.191 0.191 
[RE1,PWRCOA001,CO2,*,*]:
2019 2020 2021 2022 2023 2024 2025 2026 2027 2028 2029 2030 2031 2032 2033 2034 2035 2036 2037 2038 2039 2040 2041 2042 2043 2044 2045 2046 2047 2048 2049 2050 :=
1 0.245 0.245 0.245 0.245 0.245 0.245 0.245 0.245 0.245 0.245 0.245 0.245 0.245 0.245 0.245 0.245 0.245 0.245 0.245 0.245 0.245 0.245 0.245 0.245 0.245 0.245 0.245 0.245 0.245 0.245 0.245 0.245 
[RE1,PWRLFO001,CO2,*,*]:
2019 2020 2021 2022 2023 2024 2025 2026 2027 2028 2029 2030 2031 2032 2033 2034 2035 2036 2037 2038 2039 2040 2041 2042 2043 2044 2045 2046 2047 2048 2049 2050 :=
1 0.252 0.252 0.252 0.252 0.252 0.252 0.252 0.252 0.252 0.252 0.252 0.252 0.252 0.252 0.252 0.252 0.252 0.252 0.252 0.252 0.252 0.252 0.252 0.252 0.252 0.252 0.252 0.252 0.252 0.252 0.252 0.252 
;

param ReserveMargin default 0.0 :
2019 2020 2021 2022 2023 2024 2025 2026 2027 2028 2029 2030 2031 2032 2033 2034 2035 2036 2037 2038 2039 2040 2041 2042 2043 2044 2045 2046 2047 2048 2049 2050 :=
RE1 1.09 1.09 1.09 1.09 1.09 1.09 1.09 1.09 1.09 1.09 1.09 1.09 1.09 1.09 1.09 1.09 1.09 1.09 1.09 1.09 1.09 1.09 1.09 1.09 1.09 1.09 1.09 1.09 1.09 1.09 1.09 1.09 
;

param ReserveMarginTagFuel default 0.0 :=
[RE1,*,*]:
2019 2020 2021 2022 2023 2024 2025 2026 2027 2028 2029 2030 2031 2032 2033 2034 2035 2036 2037 2038 2039 2040 2041 2042 2043 2044 2045 2046 2047 2048 2049 2050 :=
ELC001 1 1 1 1 1 1 1 1 1 1 1 1 1 1 1 1 1 1 1 1 1 1 1 1 1 1 1 1 1 1 1 1 
;

param ReserveMarginTagTechnology default 0.0 :=
[RE1,*,*]:
2019 2020 2021 2022 2023 2024 2025 2026 2027 2028 2029 2030 2031 2032 2033 2034 2035 2036 2037 2038 2039 2040 2041 2042 2043 2044 2045 2046 2047 2048 2049 2050 :=
BACKSTOP 1 1 1 1 1 1 1 1 1 1 1 1 1 1 1 1 1 1 1 1 1 1 1 1 1 1 1 1 1 1 1 1 
BESS_TECH 0.75 0.75 0.75 0.75 0.75 0.75 0.75 0.75 0.75 0.75 0.75 0.75 0.75 0.75 0.75 0.75 0.75 0.75 0.75 0.75 0.75 0.75 0.75 0.75 0.75 0.75 0.75 0.75 0.75 0.75 0.75 0.75 
PWRBIO001 1 1 1 1 1 1 1 1 1 1 1 1 1 1 1 1 1 1 1 1 1 1 1 1 1 1 1 1 1 1 1 1 
PWRCOA001 1 1 1 1 1 1 1 1 1 1 1 1 1 1 1 1 1 1 1 1 1 1 1 1 1 1 1 1 1 1 1 1 
PWRGEO001 1 1 1 1 1 1 1 1 1 1 1 1 1 1 1 1 1 1 1 1 1 1 1 1 1 1 1 1 1 1 1 1 
PWRGEO002 1 1 1 1 1 1 1 1 1 1 1 1 1 1 1 1 1 1 1 1 1 1 1 1 1 1 1 1 1 1 1 1 
PWRGEO003 1 1 1 1 1 1 1 1 1 1 1 1 1 1 1 1 1 1 1 1 1 1 1 1 1 1 1 1 1 1 1 1 
PWRGEO004 1 1 1 1 1 1 1 1 1 1 1 1 1 1 1 1 1 1 1 1 1 1 1 1 1 1 1 1 1 1 1 1 
PWRGEO005 1 1 1 1 1 1 1 1 1 1 1 1 1 1 1 1 1 1 1 1 1 1 1 1 1 1 1 1 1 1 1 1 
PWRGEO006 1 1 1 1 1 1 1 1 1 1 1 1 1 1 1 1 1 1 1 1 1 1 1 1 1 1 1 1 1 1 1 1 
PWRGEO007 1 1 1 1 1 1 1 1 1 1 1 1 1 1 1 1 1 1 1 1 1 1 1 1 1 1 1 1 1 1 1 1 
PWRHFO001 1 1 1 1 1 1 1 1 1 1 1 1 1 1 1 1 1 1 1 1 1 1 1 1 1 1 1 1 1 1 1 1 
PWRHYD002 1 1 1 1 1 1 1 1 1 1 1 1 1 1 1 1 1 1 1 1 1 1 1 1 1 1 1 1 1 1 1 1 
PWRHYD003 1 1 1 1 1 1 1 1 1 1 1 1 1 1 1 1 1 1 1 1 1 1 1 1 1 1 1 1 1 1 1 1 
PWRHYD004 1 1 1 1 1 1 1 1 1 1 1 1 1 1 1 1 1 1 1 1 1 1 1 1 1 1 1 1 1 1 1 1 
PWRHYD005 1 1 1 1 1 1 1 1 1 1 1 1 1 1 1 1 1 1 1 1 1 1 1 1 1 1 1 1 1 1 1 1 
PWRLFO001 1 1 1 1 1 1 1 1 1 1 1 1 1 1 1 1 1 1 1 1 1 1 1 1 1 1 1 1 1 1 1 1 
PWRNGS001 1 1 1 1 1 1 1 1 1 1 1 1 1 1 1 1 1 1 1 1 1 1 1 1 1 1 1 1 1 1 1 1 
PWRPHS001 0.75 0.75 0.75 0.75 0.75 0.75 0.75 0.75 0.75 0.75 0.75 0.75 0.75 0.75 0.75 0.75 0.75 0.75 0.75 0.75 0.75 0.75 0.75 0.75 0.75 0.75 0.75 0.75 0.75 0.75 0.75 0.75 
PWRPHS002 0.75 0.75 0.75 0.75 0.75 0.75 0.75 0.75 0.75 0.75 0.75 0.75 0.75 0.75 0.75 0.75 0.75 0.75 0.75 0.75 0.75 0.75 0.75 0.75 0.75 0.75 0.75 0.75 0.75 0.75 0.75 0.75 
PWRURN001 1 1 1 1 1 1 1 1 1 1 1 1 1 1 1 1 1 1 1 1 1 1 1 1 1 1 1 1 1 1 1 1 
;

param UDCMultiplierActivity default 0.0 :=
[RE1,PWRNGS001,*,*]:
2019 2020 2021 2022 2023 2024 2025 2026 2027 2028 2029 2030 2031 2032 2033 2034 2035 2036 2037 2038 2039 2040 2041 2042 2043 2044 2045 2046 2047 2048 2049 2050 :=
GasMinUsage -1 -1 -1 -1 -1 -1 -1 -1 -1 -1 -1 -1 -1 -1 -1 -1 -1 -1 -1 -1 -1 -1 -1 -1 -1 -1 -1 -1 -1 -1 -1 -1 
;

param UDCMultiplierTotalCapacity default 0.0 :=
[RE1,PWRNGS001,*,*]:
2019 2020 2021 2022 2023 2024 2025 2026 2027 2028 2029 2030 2031 2032 2033 2034 2035 2036 2037 2038 2039 2040 2041 2042 2043 2044 2045 2046 2047 2048 2049 2050 :=
GasMinUsage 0.7884 0.7884 0.7884 0.7884 0.7884 0.7884 0.7884 0.7884 0.7884 0.7884 0.7884 0.7884 0.7884 0.7884 0.7884 0.7884 0.7884 0.7884 0.7884 0.7884 0.7884 0.7884 0.7884 0.7884 0.7884 0.7884 0.7884 0.7884 0.7884 0.7884 0.7884 0.7884 
;

param UDCTag default -1.0 :
GasMinUsage :=
RE1 0 
;

param AccumulatedAnnualDemand default 0 :=
;
param AnnualEmissionLimit default 999999 :=
;
param CapacityOfOneTechnologyUnit default 0 :=
;
param DaysInDayType default 1 :=
;
param EmissionToActivityChangeRatio default 0 :=
;
param EmissionsPenalty default 0 :=
;
param InputToNewCapacityRatio default 0 :=
;
param InputToTotalCapacityRatio default 0 :=
;
param MinStorageCharge default 0 :=
;
param ResidualStorageCapacity default 0 :=
;
param TechnologyActivityByModeLowerLimit default 0 :=
;
param TechnologyActivityByModeUpperLimit default 99999 :=
;
param TechnologyActivityDecreaseByModeLimit default 0 :=
;
param TechnologyActivityIncreaseByModeLimit default 0 :=
;
param TotalAnnualMinCapacityInvestment default 0 :=
;
param TotalTechnologyAnnualActivityLowerLimit default 0 :=
;
param TotalTechnologyAnnualActivityUpperLimit default 999999 :=
;
param TradeRoute default 0 :=
;
param UDCConstant default 0 :=
;
param UDCMultiplierNewCapacity default 0 :=
;
#
end;
