Strategy,Future.ID,REGION,COMMODITY,TECHNOLOGY,EMISSION,YEAR,TIMESLICE,MODE_OF_OPERATION,SEASON,DAYTYPE,DAILYTIMEBRACKET,STORAGE,STORAGEINTRADAY,STORAGEINTRAYEAR,UDC,NewCapacity,TotalCapacityAnnual,AnnualTechnologyEmission,AnnualVariableOperatingCost,TotalTechnologyAnnualActivity,CapitalInvestmentStorage,CapitalInvestment,AnnualFixedOperatingCost
Scenario1,0,RE1,,BACKSTOP,,2019,,,,,,,,,,0.2720575216660607,,,,,,,
Scenario1,0,RE1,,BACKSTOP,,2020,,,,,,,,,,0.3150523019568896,,,,,,,
Scenario1,0,RE1,,BACKSTOP,,2021,,,,,,,,,,0.415805029605986,,,,,,,
Scenario1,0,RE1,,BACKSTOP,,2022,,,,,,,,,,0.2168423914208421,,,,,,,
Scenario1,0,RE1,,BACKSTOP,,2023,,,,,,,,,,0.2543346621471697,,,,,,,
Scenario1,0,RE1,,BACKSTOP,,2024,,,,,,,,,,0.2993776794079498,,,,,,,
Scenario1,0,RE1,,BACKSTOP,,2025,,,,,,,,,,0.0633167517518046,,,,,,,
Scenario1,0,RE1,,BACKSTOP,,2026,,,,,,,,,,0.0,,,,,,,
Scenario1,0,RE1,,BACKSTOP,,2027,,,,,,,,,,0.0,,,,,,,
Scenario1,0,RE1,,BACKSTOP,,2028,,,,,,,,,,0.0,,,,,,,
Scenario1,0,RE1,,BACKSTOP,,2029,,,,,,,,,,0.0,,,,,,,
Scenario1,0,RE1,,BACKSTOP,,2030,,,,,,,,,,0.0,,,,,,,
Scenario1,0,RE1,,BACKSTOP,,2031,,,,,,,,,,0.0,,,,,,,
Scenario1,0,RE1,,BACKSTOP,,2032,,,,,,,,,,0.0,,,,,,,
Scenario1,0,RE1,,BACKSTOP,,2033,,,,,,,,,,0.0,,,,,,,
Scenario1,0,RE1,,BACKSTOP,,2034,,,,,,,,,,0.0,,,,,,,
Scenario1,0,RE1,,BACKSTOP,,2035,,,,,,,,,,0.0,,,,,,,
Scenario1,0,RE1,,BACKSTOP,,2036,,,,,,,,,,0.0,,,,,,,
Scenario1,0,RE1,,BACKSTOP,,2037,,,,,,,,,,0.0,,,,,,,
Scenario1,0,RE1,,BACKSTOP,,2038,,,,,,,,,,0.0,,,,,,,
Scenario1,0,RE1,,BACKSTOP,,2039,,,,,,,,,,0.0,,,,,,,
Scenario1,0,RE1,,BACKSTOP,,2040,,,,,,,,,,0.0,,,,,,,
Scenario1,0,RE1,,BACKSTOP,,2041,,,,,,,,,,0.0,,,,,,,
Scenario1,0,RE1,,BACKSTOP,,2042,,,,,,,,,,0.0,,,,,,,
Scenario1,0,RE1,,BACKSTOP,,2043,,,,,,,,,,0.0,,,,,,,
Scenario1,0,RE1,,BACKSTOP,,2044,,,,,,,,,,0.0,,,,,,,
Scenario1,0,RE1,,BACKSTOP,,2045,,,,,,,,,,0.0,,,,,,,
Scenario1,0,RE1,,BACKSTOP,,2046,,,,,,,,,,0.0,,,,,,,
Scenario1,0,RE1,,BACKSTOP,,2047,,,,,,,,,,0.0,,,,,,,
Scenario1,0,RE1,,BACKSTOP,,2048,,,,,,,,,,0.0,,,,,,,
Scenario1,0,RE1,,BACKSTOP,,2049,,,,,,,,,,0.0,,,,,,,
Scenario1,0,RE1,,BACKSTOP,,2050,,,,,,,,,,0.0,,,,,,,
Scenario1,0,RE1,,BESS_TECH,,2019,,,,,,,,,,0.0,,,,,,,
Scenario1,0,RE1,,BESS_TECH,,2020,,,,,,,,,,0.0,,,,,,,
Scenario1,0,RE1,,BESS_TECH,,2021,,,,,,,,,,0.0,,,,,,,
Scenario1,0,RE1,,BESS_TECH,,2022,,,,,,,,,,0.0,,,,,,,
Scenario1,0,RE1,,BESS_TECH,,2023,,,,,,,,,,0.0,,,,,,,
Scenario1,0,RE1,,BESS_TECH,,2024,,,,,,,,,,0.1,,,,,,,
Scenario1,0,RE1,,BESS_TECH,,2025,,,,,,,,,,0.15,,,,,,,
Scenario1,0,RE1,,BESS_TECH,,2026,,,,,,,,,,0.1000900821168913,,,,,,,
Scenario1,0,RE1,,BESS_TECH,,2027,,,,,,,,,,0.2809530959983357,,,,,,,
Scenario1,0,RE1,,BESS_TECH,,2028,,,,,,,,,,0.2390286456057985,,,,,,,
Scenario1,0,RE1,,BESS_TECH,,2029,,,,,,,,,,0.4092284459763836,,,,,,,
Scenario1,0,RE1,,BESS_TECH,,2030,,,,,,,,,,0.3500430310322586,,,,,,,
Scenario1,0,RE1,,BESS_TECH,,2031,,,,,,,,,,0.4301107338133227,,,,,,,
Scenario1,0,RE1,,BESS_TECH,,2032,,,,,,,,,,0.2878366636634455,,,,,,,
Scenario1,0,RE1,,BESS_TECH,,2033,,,,,,,,,,0.2827267311266488,,,,,,,
Scenario1,0,RE1,,BESS_TECH,,2034,,,,,,,,,,0.0027412725514431,,,,,,,
Scenario1,0,RE1,,BESS_TECH,,2035,,,,,,,,,,0.3276884970872306,,,,,,,
Scenario1,0,RE1,,BESS_TECH,,2036,,,,,,,,,,0.2635161955610903,,,,,,,
Scenario1,0,RE1,,BESS_TECH,,2037,,,,,,,,,,0.4613548936881121,,,,,,,
Scenario1,0,RE1,,BESS_TECH,,2038,,,,,,,,,,0.2972044295309908,,,,,,,
Scenario1,0,RE1,,BESS_TECH,,2039,,,,,,,,,,0.6415636473707571,,,,,,,
Scenario1,0,RE1,,BESS_TECH,,2040,,,,,,,,,,0.5460972007738103,,,,,,,
Scenario1,0,RE1,,BESS_TECH,,2041,,,,,,,,,,0.725319882516565,,,,,,,
Scenario1,0,RE1,,BESS_TECH,,2042,,,,,,,,,,0.5155731144337108,,,,,,,
Scenario1,0,RE1,,BESS_TECH,,2043,,,,,,,,,,0.5270741545519972,,,,,,,
Scenario1,0,RE1,,BESS_TECH,,2044,,,,,,,,,,0.2602941480437528,,,,,,,
Scenario1,0,RE1,,BESS_TECH,,2045,,,,,,,,,,0.3845681294212935,,,,,,,
Scenario1,0,RE1,,BESS_TECH,,2046,,,,,,,,,,0.5359593990106482,,,,,,,
Scenario1,0,RE1,,BESS_TECH,,2047,,,,,,,,,,0.773557289166324,,,,,,,
Scenario1,0,RE1,,BESS_TECH,,2048,,,,,,,,,,0.6275590167155671,,,,,,,
Scenario1,0,RE1,,BESS_TECH,,2049,,,,,,,,,,0.991205519872794,,,,,,,
Scenario1,0,RE1,,BESS_TECH,,2050,,,,,,,,,,0.9235066093825056,,,,,,,
Scenario1,0,RE1,,IMPNGS,,2019,,,,,,,,,,0.0,,,,,,,
Scenario1,0,RE1,,IMPNGS,,2020,,,,,,,,,,0.0,,,,,,,
Scenario1,0,RE1,,IMPNGS,,2021,,,,,,,,,,0.0,,,,,,,
Scenario1,0,RE1,,IMPNGS,,2022,,,,,,,,,,0.0,,,,,,,
Scenario1,0,RE1,,IMPNGS,,2023,,,,,,,,,,0.0,,,,,,,
Scenario1,0,RE1,,IMPNGS,,2024,,,,,,,,,,0.0,,,,,,,
Scenario1,0,RE1,,IMPNGS,,2025,,,,,,,,,,0.0,,,,,,,
Scenario1,0,RE1,,IMPNGS,,2026,,,,,,,,,,0.0,,,,,,,
Scenario1,0,RE1,,IMPNGS,,2027,,,,,,,,,,0.0,,,,,,,
Scenario1,0,RE1,,IMPNGS,,2028,,,,,,,,,,0.0,,,,,,,
Scenario1,0,RE1,,IMPNGS,,2029,,,,,,,,,,0.0,,,,,,,
Scenario1,0,RE1,,IMPNGS,,2030,,,,,,,,,,0.0,,,,,,,
Scenario1,0,RE1,,IMPNGS,,2031,,,,,,,,,,0.0,,,,,,,
Scenario1,0,RE1,,IMPNGS,,2032,,,,,,,,,,0.0,,,,,,,
Scenario1,0,RE1,,IMPNGS,,2033,,,,,,,,,,0.0,,,,,,,
Scenario1,0,RE1,,IMPNGS,,2034,,,,,,,,,,0.0,,,,,,,
Scenario1,0,RE1,,IMPNGS,,2035,,,,,,,,,,0.0,,,,,,,
Scenario1,0,RE1,,IMPNGS,,2036,,,,,,,,,,0.0,,,,,,,
Scenario1,0,RE1,,IMPNGS,,2037,,,,,,,,,,0.0,,,,,,,
Scenario1,0,RE1,,IMPNGS,,2038,,,,,,,,,,0.0,,,,,,,
Scenario1,0,RE1,,IMPNGS,,2039,,,,,,,,,,0.0,,,,,,,
Scenario1,0,RE1,,IMPNGS,,2040,,,,,,,,,,0.0,,,,,,,
Scenario1,0,RE1,,IMPNGS,,2041,,,,,,,,,,0.0,,,,,,,
Scenario1,0,RE1,,IMPNGS,,2042,,,,,,,,,,0.0,,,,,,,
Scenario1,0,RE1,,IMPNGS,,2043,,,,,,,,,,0.0,,,,,,,
Scenario1,0,RE1,,IMPNGS,,2044,,,,,,,,,,0.0,,,,,,,
Scenario1,0,RE1,,IMPNGS,,2045,,,,,,,,,,0.0,,,,,,,
Scenario1,0,RE1,,IMPNGS,,2046,,,,,,,,,,0.0,,,,,,,
Scenario1,0,RE1,,IMPNGS,,2047,,,,,,,,,,0.0,,,,,,,
Scenario1,0,RE1,,IMPNGS,,2048,,,,,,,,,,0.0,,,,,,,
Scenario1,0,RE1,,IMPNGS,,2049,,,,,,,,,,0.0,,,,,,,
Scenario1,0,RE1,,IMPNGS,,2050,,,,,,,,,,0.0,,,,,,,
Scenario1,0,RE1,,PWRBIO001,,2019,,,,,,,,,,0.0,,,,,,,
Scenario1,0,RE1,,PWRBIO001,,2020,,,,,,,,,,0.0,,,,,,,
Scenario1,0,RE1,,PWRBIO001,,2021,,,,,,,,,,0.0,,,,,,,
Scenario1,0,RE1,,PWRBIO001,,2022,,,,,,,,,,0.0,,,,,,,
Scenario1,0,RE1,,PWRBIO001,,2023,,,,,,,,,,0.0014,,,,,,,
Scenario1,0,RE1,,PWRBIO001,,2024,,,,,,,,,,0.0,,,,,,,
Scenario1,0,RE1,,PWRBIO001,,2025,,,,,,,,,,0.0,,,,,,,
Scenario1,0,RE1,,PWRBIO001,,2026,,,,,,,,,,0.01,,,,,,,
Scenario1,0,RE1,,PWRBIO001,,2027,,,,,,,,,,0.0,,,,,,,
Scenario1,0,RE1,,PWRBIO001,,2028,,,,,,,,,,0.008,,,,,,,
Scenario1,0,RE1,,PWRBIO001,,2029,,,,,,,,,,0.0,,,,,,,
Scenario1,0,RE1,,PWRBIO001,,2030,,,,,,,,,,0.0481999999999999,,,,,,,
Scenario1,0,RE1,,PWRBIO001,,2031,,,,,,,,,,0.02,,,,,,,
Scenario1,0,RE1,,PWRBIO001,,2032,,,,,,,,,,0.0108,,,,,,,
Scenario1,0,RE1,,PWRBIO001,,2033,,,,,,,,,,0.003,,,,,,,
Scenario1,0,RE1,,PWRBIO001,,2034,,,,,,,,,,0.0059999999999999,,,,,,,
Scenario1,0,RE1,,PWRBIO001,,2035,,,,,,,,,,0.0003,,,,,,,
Scenario1,0,RE1,,PWRBIO001,,2036,,,,,,,,,,0.0,,,,,,,
Scenario1,0,RE1,,PWRBIO001,,2037,,,,,,,,,,0.0,,,,,,,
Scenario1,0,RE1,,PWRBIO001,,2038,,,,,,,,,,0.0,,,,,,,
Scenario1,0,RE1,,PWRBIO001,,2039,,,,,,,,,,0.0,,,,,,,
Scenario1,0,RE1,,PWRBIO001,,2040,,,,,,,,,,0.0,,,,,,,
Scenario1,0,RE1,,PWRBIO001,,2041,,,,,,,,,,0.0,,,,,,,
Scenario1,0,RE1,,PWRBIO001,,2042,,,,,,,,,,0.0,,,,,,,
Scenario1,0,RE1,,PWRBIO001,,2043,,,,,,,,,,0.0,,,,,,,
Scenario1,0,RE1,,PWRBIO001,,2044,,,,,,,,,,0.0,,,,,,,
Scenario1,0,RE1,,PWRBIO001,,2045,,,,,,,,,,0.0,,,,,,,
Scenario1,0,RE1,,PWRBIO001,,2046,,,,,,,,,,0.0,,,,,,,
Scenario1,0,RE1,,PWRBIO001,,2047,,,,,,,,,,0.0,,,,,,,
Scenario1,0,RE1,,PWRBIO001,,2048,,,,,,,,,,0.0,,,,,,,
Scenario1,0,RE1,,PWRBIO001,,2049,,,,,,,,,,0.0,,,,,,,
Scenario1,0,RE1,,PWRBIO001,,2050,,,,,,,,,,0.0,,,,,,,
Scenario1,0,RE1,,PWRCOA001,,2019,,,,,,,,,,0.0,,,,,,,
Scenario1,0,RE1,,PWRCOA001,,2020,,,,,,,,,,0.0,,,,,,,
Scenario1,0,RE1,,PWRCOA001,,2021,,,,,,,,,,0.0,,,,,,,
Scenario1,0,RE1,,PWRCOA001,,2022,,,,,,,,,,0.0,,,,,,,
Scenario1,0,RE1,,PWRCOA001,,2023,,,,,,,,,,0.0,,,,,,,
Scenario1,0,RE1,,PWRCOA001,,2024,,,,,,,,,,0.0,,,,,,,
Scenario1,0,RE1,,PWRCOA001,,2025,,,,,,,,,,0.0,,,,,,,
Scenario1,0,RE1,,PWRCOA001,,2026,,,,,,,,,,0.0,,,,,,,
Scenario1,0,RE1,,PWRCOA001,,2027,,,,,,,,,,0.0,,,,,,,
Scenario1,0,RE1,,PWRCOA001,,2028,,,,,,,,,,0.0,,,,,,,
Scenario1,0,RE1,,PWRCOA001,,2029,,,,,,,,,,0.0,,,,,,,
Scenario1,0,RE1,,PWRCOA001,,2030,,,,,,,,,,0.0,,,,,,,
Scenario1,0,RE1,,PWRCOA001,,2031,,,,,,,,,,0.0,,,,,,,
Scenario1,0,RE1,,PWRCOA001,,2032,,,,,,,,,,0.0,,,,,,,
Scenario1,0,RE1,,PWRCOA001,,2033,,,,,,,,,,0.0,,,,,,,
Scenario1,0,RE1,,PWRCOA001,,2034,,,,,,,,,,0.0,,,,,,,
Scenario1,0,RE1,,PWRCOA001,,2035,,,,,,,,,,0.0,,,,,,,
Scenario1,0,RE1,,PWRCOA001,,2036,,,,,,,,,,0.0,,,,,,,
Scenario1,0,RE1,,PWRCOA001,,2037,,,,,,,,,,0.0,,,,,,,
Scenario1,0,RE1,,PWRCOA001,,2038,,,,,,,,,,0.0,,,,,,,
Scenario1,0,RE1,,PWRCOA001,,2039,,,,,,,,,,0.0,,,,,,,
Scenario1,0,RE1,,PWRCOA001,,2040,,,,,,,,,,0.0,,,,,,,
Scenario1,0,RE1,,PWRCOA001,,2041,,,,,,,,,,0.0,,,,,,,
Scenario1,0,RE1,,PWRCOA001,,2042,,,,,,,,,,0.0,,,,,,,
Scenario1,0,RE1,,PWRCOA001,,2043,,,,,,,,,,0.0,,,,,,,
Scenario1,0,RE1,,PWRCOA001,,2044,,,,,,,,,,0.0,,,,,,,
Scenario1,0,RE1,,PWRCOA001,,2045,,,,,,,,,,0.0,,,,,,,
Scenario1,0,RE1,,PWRCOA001,,2046,,,,,,,,,,0.0,,,,,,,
Scenario1,0,RE1,,PWRCOA001,,2047,,,,,,,,,,0.0,,,,,,,
Scenario1,0,RE1,,PWRCOA001,,2048,,,,,,,,,,0.0,,,,,,,
Scenario1,0,RE1,,PWRCOA001,,2049,,,,,,,,,,0.0,,,,,,,
Scenario1,0,RE1,,PWRCOA001,,2050,,,,,,,,,,0.0,,,,,,,
Scenario1,0,RE1,,PWRDIST,,2019,,,,,,,,,,0.3037910121806026,,,,,,,
Scenario1,0,RE1,,PWRDIST,,2020,,,,,,,,,,0.0329030454609657,,,,,,,
Scenario1,0,RE1,,PWRDIST,,2021,,,,,,,,,,0.0847568474152999,,,,,,,
Scenario1,0,RE1,,PWRDIST,,2022,,,,,,,,,,0.0645416962496734,,,,,,,
Scenario1,0,RE1,,PWRDIST,,2023,,,,,,,,,,0.0604818161414444,,,,,,,
Scenario1,0,RE1,,PWRDIST,,2024,,,,,,,,,,0.0704386802493295,,,,,,,
Scenario1,0,RE1,,PWRDIST,,2025,,,,,,,,,,0.076778902703865,,,,,,,
Scenario1,0,RE1,,PWRDIST,,2026,,,,,,,,,,0.0804392005511909,,,,,,,
Scenario1,0,RE1,,PWRDIST,,2027,,,,,,,,,,0.1330017013792042,,,,,,,
Scenario1,0,RE1,,PWRDIST,,2028,,,,,,,,,,0.140782044631905,,,,,,,
Scenario1,0,RE1,,PWRDIST,,2029,,,,,,,,,,0.1610159332526048,,,,,,,
Scenario1,0,RE1,,PWRDIST,,2030,,,,,,,,,,0.1727943108912746,,,,,,,
Scenario1,0,RE1,,PWRDIST,,2031,,,,,,,,,,0.1613845807794955,,,,,,,
Scenario1,0,RE1,,PWRDIST,,2032,,,,,,,,,,0.1791348274762709,,,,,,,
Scenario1,0,RE1,,PWRDIST,,2033,,,,,,,,,,0.1816048073974507,,,,,,,
Scenario1,0,RE1,,PWRDIST,,2034,,,,,,,,,,0.1932420807265198,,,,,,,
Scenario1,0,RE1,,PWRDIST,,2035,,,,,,,,,,0.2033391556045276,,,,,,,
Scenario1,0,RE1,,PWRDIST,,2036,,,,,,,,,,0.2062065729947813,,,,,,,
Scenario1,0,RE1,,PWRDIST,,2037,,,,,,,,,,0.2320987826726424,,,,,,,
Scenario1,0,RE1,,PWRDIST,,2038,,,,,,,,,,0.2418512876840339,,,,,,,
Scenario1,0,RE1,,PWRDIST,,2039,,,,,,,,,,0.2557444172020471,,,,,,,
Scenario1,0,RE1,,PWRDIST,,2040,,,,,,,,,,0.2712984463468468,,,,,,,
Scenario1,0,RE1,,PWRDIST,,2041,,,,,,,,,,0.2859260820200209,,,,,,,
Scenario1,0,RE1,,PWRDIST,,2042,,,,,,,,,,0.2960798868244656,,,,,,,
Scenario1,0,RE1,,PWRDIST,,2043,,,,,,,,,,0.3158581251337211,,,,,,,
Scenario1,0,RE1,,PWRDIST,,2044,,,,,,,,,,0.3327857631262789,,,,,,,
Scenario1,0,RE1,,PWRDIST,,2045,,,,,,,,,,0.3520186364366879,,,,,,,
Scenario1,0,RE1,,PWRDIST,,2046,,,,,,,,,,0.3716428264401901,,,,,,,
Scenario1,0,RE1,,PWRDIST,,2047,,,,,,,,,,0.39157735165975,,,,,,,
Scenario1,0,RE1,,PWRDIST,,2048,,,,,,,,,,0.4142011264298033,,,,,,,
Scenario1,0,RE1,,PWRDIST,,2049,,,,,,,,,,0.4372978782178394,,,,,,,
Scenario1,0,RE1,,PWRDIST,,2050,,,,,,,,,,0.460750697632609,,,,,,,
Scenario1,0,RE1,,PWRGEO001,,2019,,,,,,,,,,0.0,,,,,,,
Scenario1,0,RE1,,PWRGEO001,,2020,,,,,,,,,,0.0,,,,,,,
Scenario1,0,RE1,,PWRGEO001,,2021,,,,,,,,,,0.0,,,,,,,
Scenario1,0,RE1,,PWRGEO001,,2022,,,,,,,,,,0.0832999999999999,,,,,,,
Scenario1,0,RE1,,PWRGEO001,,2023,,,,,,,,,,0.0,,,,,,,
Scenario1,0,RE1,,PWRGEO001,,2024,,,,,,,,,,0.0,,,,,,,
Scenario1,0,RE1,,PWRGEO001,,2025,,,,,,,,,,0.0620000000000001,,,,,,,
Scenario1,0,RE1,,PWRGEO001,,2026,,,,,,,,,,0.0,,,,,,,
Scenario1,0,RE1,,PWRGEO001,,2027,,,,,,,,,,0.0,,,,,,,
Scenario1,0,RE1,,PWRGEO001,,2028,,,,,,,,,,0.0,,,,,,,
Scenario1,0,RE1,,PWRGEO001,,2029,,,,,,,,,,0.0,,,,,,,
Scenario1,0,RE1,,PWRGEO001,,2030,,,,,,,,,,0.0,,,,,,,
Scenario1,0,RE1,,PWRGEO001,,2031,,,,,,,,,,0.0,,,,,,,
Scenario1,0,RE1,,PWRGEO001,,2032,,,,,,,,,,0.0,,,,,,,
Scenario1,0,RE1,,PWRGEO001,,2033,,,,,,,,,,0.0,,,,,,,
Scenario1,0,RE1,,PWRGEO001,,2034,,,,,,,,,,0.0065777688057918,,,,,,,
Scenario1,0,RE1,,PWRGEO001,,2035,,,,,,,,,,0.1615901838238533,,,,,,,
Scenario1,0,RE1,,PWRGEO001,,2036,,,,,,,,,,0.2102028676070819,,,,,,,
Scenario1,0,RE1,,PWRGEO001,,2037,,,,,,,,,,0.1630141195224203,,,,,,,
Scenario1,0,RE1,,PWRGEO001,,2038,,,,,,,,,,0.0636150602408525,,,,,,,
Scenario1,0,RE1,,PWRGEO001,,2039,,,,,,,,,,0.0,,,,,,,
Scenario1,0,RE1,,PWRGEO001,,2040,,,,,,,,,,0.0,,,,,,,
Scenario1,0,RE1,,PWRGEO001,,2041,,,,,,,,,,0.0,,,,,,,
Scenario1,0,RE1,,PWRGEO001,,2042,,,,,,,,,,0.0,,,,,,,
Scenario1,0,RE1,,PWRGEO001,,2043,,,,,,,,,,0.0,,,,,,,
Scenario1,0,RE1,,PWRGEO001,,2044,,,,,,,,,,0.0,,,,,,,
Scenario1,0,RE1,,PWRGEO001,,2045,,,,,,,,,,0.0,,,,,,,
Scenario1,0,RE1,,PWRGEO001,,2046,,,,,,,,,,0.0,,,,,,,
Scenario1,0,RE1,,PWRGEO001,,2047,,,,,,,,,,0.0,,,,,,,
Scenario1,0,RE1,,PWRGEO001,,2048,,,,,,,,,,0.0,,,,,,,
Scenario1,0,RE1,,PWRGEO001,,2049,,,,,,,,,,0.0,,,,,,,
Scenario1,0,RE1,,PWRGEO001,,2050,,,,,,,,,,0.0420000000000001,,,,,,,
Scenario1,0,RE1,,PWRGEO002,,2019,,,,,,,,,,0.0,,,,,,,
Scenario1,0,RE1,,PWRGEO002,,2020,,,,,,,,,,0.0,,,,,,,
Scenario1,0,RE1,,PWRGEO002,,2021,,,,,,,,,,0.0,,,,,,,
Scenario1,0,RE1,,PWRGEO002,,2022,,,,,,,,,,0.0,,,,,,,
Scenario1,0,RE1,,PWRGEO002,,2023,,,,,,,,,,0.035,,,,,,,
Scenario1,0,RE1,,PWRGEO002,,2024,,,,,,,,,,0.0,,,,,,,
Scenario1,0,RE1,,PWRGEO002,,2025,,,,,,,,,,0.035,,,,,,,
Scenario1,0,RE1,,PWRGEO002,,2026,,,,,,,,,,0.0,,,,,,,
Scenario1,0,RE1,,PWRGEO002,,2027,,,,,,,,,,0.0,,,,,,,
Scenario1,0,RE1,,PWRGEO002,,2028,,,,,,,,,,0.0,,,,,,,
Scenario1,0,RE1,,PWRGEO002,,2029,,,,,,,,,,0.0,,,,,,,
Scenario1,0,RE1,,PWRGEO002,,2030,,,,,,,,,,0.0,,,,,,,
Scenario1,0,RE1,,PWRGEO002,,2031,,,,,,,,,,0.0,,,,,,,
Scenario1,0,RE1,,PWRGEO002,,2032,,,,,,,,,,0.0,,,,,,,
Scenario1,0,RE1,,PWRGEO002,,2033,,,,,,,,,,0.0,,,,,,,
Scenario1,0,RE1,,PWRGEO002,,2034,,,,,,,,,,0.0,,,,,,,
Scenario1,0,RE1,,PWRGEO002,,2035,,,,,,,,,,0.0,,,,,,,
Scenario1,0,RE1,,PWRGEO002,,2036,,,,,,,,,,0.0,,,,,,,
Scenario1,0,RE1,,PWRGEO002,,2037,,,,,,,,,,0.0,,,,,,,
Scenario1,0,RE1,,PWRGEO002,,2038,,,,,,,,,,0.1349999999999999,,,,,,,
Scenario1,0,RE1,,PWRGEO002,,2039,,,,,,,,,,0.06,,,,,,,
Scenario1,0,RE1,,PWRGEO002,,2040,,,,,,,,,,0.1775050766432541,,,,,,,
Scenario1,0,RE1,,PWRGEO002,,2041,,,,,,,,,,0.0224949233567458,,,,,,,
Scenario1,0,RE1,,PWRGEO002,,2042,,,,,,,,,,0.0,,,,,,,
Scenario1,0,RE1,,PWRGEO002,,2043,,,,,,,,,,0.0,,,,,,,
Scenario1,0,RE1,,PWRGEO002,,2044,,,,,,,,,,0.0,,,,,,,
Scenario1,0,RE1,,PWRGEO002,,2045,,,,,,,,,,0.0,,,,,,,
Scenario1,0,RE1,,PWRGEO002,,2046,,,,,,,,,,0.0,,,,,,,
Scenario1,0,RE1,,PWRGEO002,,2047,,,,,,,,,,0.0,,,,,,,
Scenario1,0,RE1,,PWRGEO002,,2048,,,,,,,,,,0.0,,,,,,,
Scenario1,0,RE1,,PWRGEO002,,2049,,,,,,,,,,0.0,,,,,,,
Scenario1,0,RE1,,PWRGEO002,,2050,,,,,,,,,,0.0,,,,,,,
Scenario1,0,RE1,,PWRGEO003,,2019,,,,,,,,,,0.0,,,,,,,
Scenario1,0,RE1,,PWRGEO003,,2020,,,,,,,,,,0.0,,,,,,,
Scenario1,0,RE1,,PWRGEO003,,2021,,,,,,,,,,0.0,,,,,,,
Scenario1,0,RE1,,PWRGEO003,,2022,,,,,,,,,,0.0,,,,,,,
Scenario1,0,RE1,,PWRGEO003,,2023,,,,,,,,,,0.0,,,,,,,
Scenario1,0,RE1,,PWRGEO003,,2024,,,,,,,,,,0.0,,,,,,,
Scenario1,0,RE1,,PWRGEO003,,2025,,,,,,,,,,0.0,,,,,,,
Scenario1,0,RE1,,PWRGEO003,,2026,,,,,,,,,,0.0,,,,,,,
Scenario1,0,RE1,,PWRGEO003,,2027,,,,,,,,,,0.0,,,,,,,
Scenario1,0,RE1,,PWRGEO003,,2028,,,,,,,,,,0.0,,,,,,,
Scenario1,0,RE1,,PWRGEO003,,2029,,,,,,,,,,0.0,,,,,,,
Scenario1,0,RE1,,PWRGEO003,,2030,,,,,,,,,,0.0,,,,,,,
Scenario1,0,RE1,,PWRGEO003,,2031,,,,,,,,,,0.0,,,,,,,
Scenario1,0,RE1,,PWRGEO003,,2032,,,,,,,,,,0.0,,,,,,,
Scenario1,0,RE1,,PWRGEO003,,2033,,,,,,,,,,0.0,,,,,,,
Scenario1,0,RE1,,PWRGEO003,,2034,,,,,,,,,,0.0,,,,,,,
Scenario1,0,RE1,,PWRGEO003,,2035,,,,,,,,,,0.0,,,,,,,
Scenario1,0,RE1,,PWRGEO003,,2036,,,,,,,,,,0.0,,,,,,,
Scenario1,0,RE1,,PWRGEO003,,2037,,,,,,,,,,0.0,,,,,,,
Scenario1,0,RE1,,PWRGEO003,,2038,,,,,,,,,,0.033,,,,,,,
Scenario1,0,RE1,,PWRGEO003,,2039,,,,,,,,,,0.0,,,,,,,
Scenario1,0,RE1,,PWRGEO003,,2040,,,,,,,,,,0.067,,,,,,,
Scenario1,0,RE1,,PWRGEO003,,2041,,,,,,,,,,0.0,,,,,,,
Scenario1,0,RE1,,PWRGEO003,,2042,,,,,,,,,,0.0,,,,,,,
Scenario1,0,RE1,,PWRGEO003,,2043,,,,,,,,,,0.0,,,,,,,
Scenario1,0,RE1,,PWRGEO003,,2044,,,,,,,,,,0.0,,,,,,,
Scenario1,0,RE1,,PWRGEO003,,2045,,,,,,,,,,0.0,,,,,,,
Scenario1,0,RE1,,PWRGEO003,,2046,,,,,,,,,,0.0,,,,,,,
Scenario1,0,RE1,,PWRGEO003,,2047,,,,,,,,,,0.0,,,,,,,
Scenario1,0,RE1,,PWRGEO003,,2048,,,,,,,,,,0.0,,,,,,,
Scenario1,0,RE1,,PWRGEO003,,2049,,,,,,,,,,0.0,,,,,,,
Scenario1,0,RE1,,PWRGEO003,,2050,,,,,,,,,,0.0,,,,,,,
Scenario1,0,RE1,,PWRGEO004,,2019,,,,,,,,,,0.0,,,,,,,
Scenario1,0,RE1,,PWRGEO004,,2020,,,,,,,,,,0.0,,,,,,,
Scenario1,0,RE1,,PWRGEO004,,2021,,,,,,,,,,0.0,,,,,,,
Scenario1,0,RE1,,PWRGEO004,,2022,,,,,,,,,,0.0,,,,,,,
Scenario1,0,RE1,,PWRGEO004,,2023,,,,,,,,,,0.0,,,,,,,
Scenario1,0,RE1,,PWRGEO004,,2024,,,,,,,,,,0.0,,,,,,,
Scenario1,0,RE1,,PWRGEO004,,2025,,,,,,,,,,0.0,,,,,,,
Scenario1,0,RE1,,PWRGEO004,,2026,,,,,,,,,,0.0,,,,,,,
Scenario1,0,RE1,,PWRGEO004,,2027,,,,,,,,,,0.0,,,,,,,
Scenario1,0,RE1,,PWRGEO004,,2028,,,,,,,,,,0.0,,,,,,,
Scenario1,0,RE1,,PWRGEO004,,2029,,,,,,,,,,0.0,,,,,,,
Scenario1,0,RE1,,PWRGEO004,,2030,,,,,,,,,,0.0,,,,,,,
Scenario1,0,RE1,,PWRGEO004,,2031,,,,,,,,,,0.0,,,,,,,
Scenario1,0,RE1,,PWRGEO004,,2032,,,,,,,,,,0.0,,,,,,,
Scenario1,0,RE1,,PWRGEO004,,2033,,,,,,,,,,0.0,,,,,,,
Scenario1,0,RE1,,PWRGEO004,,2034,,,,,,,,,,0.0,,,,,,,
Scenario1,0,RE1,,PWRGEO004,,2035,,,,,,,,,,0.0,,,,,,,
Scenario1,0,RE1,,PWRGEO004,,2036,,,,,,,,,,0.0,,,,,,,
Scenario1,0,RE1,,PWRGEO004,,2037,,,,,,,,,,0.0,,,,,,,
Scenario1,0,RE1,,PWRGEO004,,2038,,,,,,,,,,0.1,,,,,,,
Scenario1,0,RE1,,PWRGEO004,,2039,,,,,,,,,,0.1,,,,,,,
Scenario1,0,RE1,,PWRGEO004,,2040,,,,,,,,,,0.0999999999999999,,,,,,,
Scenario1,0,RE1,,PWRGEO004,,2041,,,,,,,,,,0.0,,,,,,,
Scenario1,0,RE1,,PWRGEO004,,2042,,,,,,,,,,0.0,,,,,,,
Scenario1,0,RE1,,PWRGEO004,,2043,,,,,,,,,,0.0,,,,,,,
Scenario1,0,RE1,,PWRGEO004,,2044,,,,,,,,,,0.0,,,,,,,
Scenario1,0,RE1,,PWRGEO004,,2045,,,,,,,,,,0.0,,,,,,,
Scenario1,0,RE1,,PWRGEO004,,2046,,,,,,,,,,0.0,,,,,,,
Scenario1,0,RE1,,PWRGEO004,,2047,,,,,,,,,,0.0,,,,,,,
Scenario1,0,RE1,,PWRGEO004,,2048,,,,,,,,,,0.0,,,,,,,
Scenario1,0,RE1,,PWRGEO004,,2049,,,,,,,,,,0.0,,,,,,,
Scenario1,0,RE1,,PWRGEO004,,2050,,,,,,,,,,0.0,,,,,,,
Scenario1,0,RE1,,PWRGEO005,,2019,,,,,,,,,,0.0,,,,,,,
Scenario1,0,RE1,,PWRGEO005,,2020,,,,,,,,,,0.0,,,,,,,
Scenario1,0,RE1,,PWRGEO005,,2021,,,,,,,,,,0.0,,,,,,,
Scenario1,0,RE1,,PWRGEO005,,2022,,,,,,,,,,0.0,,,,,,,
Scenario1,0,RE1,,PWRGEO005,,2023,,,,,,,,,,0.0,,,,,,,
Scenario1,0,RE1,,PWRGEO005,,2024,,,,,,,,,,0.0,,,,,,,
Scenario1,0,RE1,,PWRGEO005,,2025,,,,,,,,,,0.0,,,,,,,
Scenario1,0,RE1,,PWRGEO005,,2026,,,,,,,,,,0.0,,,,,,,
Scenario1,0,RE1,,PWRGEO005,,2027,,,,,,,,,,0.0,,,,,,,
Scenario1,0,RE1,,PWRGEO005,,2028,,,,,,,,,,0.0,,,,,,,
Scenario1,0,RE1,,PWRGEO005,,2029,,,,,,,,,,0.0,,,,,,,
Scenario1,0,RE1,,PWRGEO005,,2030,,,,,,,,,,0.0,,,,,,,
Scenario1,0,RE1,,PWRGEO005,,2031,,,,,,,,,,0.0,,,,,,,
Scenario1,0,RE1,,PWRGEO005,,2032,,,,,,,,,,0.0,,,,,,,
Scenario1,0,RE1,,PWRGEO005,,2033,,,,,,,,,,0.0,,,,,,,
Scenario1,0,RE1,,PWRGEO005,,2034,,,,,,,,,,0.0,,,,,,,
Scenario1,0,RE1,,PWRGEO005,,2035,,,,,,,,,,0.0,,,,,,,
Scenario1,0,RE1,,PWRGEO005,,2036,,,,,,,,,,0.0,,,,,,,
Scenario1,0,RE1,,PWRGEO005,,2037,,,,,,,,,,0.0,,,,,,,
Scenario1,0,RE1,,PWRGEO005,,2038,,,,,,,,,,0.0,,,,,,,
Scenario1,0,RE1,,PWRGEO005,,2039,,,,,,,,,,0.0044533354967649,,,,,,,
Scenario1,0,RE1,,PWRGEO005,,2040,,,,,,,,,,0.0,,,,,,,
Scenario1,0,RE1,,PWRGEO005,,2041,,,,,,,,,,0.0655466645032351,,,,,,,
Scenario1,0,RE1,,PWRGEO005,,2042,,,,,,,,,,0.0,,,,,,,
Scenario1,0,RE1,,PWRGEO005,,2043,,,,,,,,,,0.0,,,,,,,
Scenario1,0,RE1,,PWRGEO005,,2044,,,,,,,,,,0.0,,,,,,,
Scenario1,0,RE1,,PWRGEO005,,2045,,,,,,,,,,0.0,,,,,,,
Scenario1,0,RE1,,PWRGEO005,,2046,,,,,,,,,,0.0,,,,,,,
Scenario1,0,RE1,,PWRGEO005,,2047,,,,,,,,,,0.0,,,,,,,
Scenario1,0,RE1,,PWRGEO005,,2048,,,,,,,,,,0.0,,,,,,,
Scenario1,0,RE1,,PWRGEO005,,2049,,,,,,,,,,0.0,,,,,,,
Scenario1,0,RE1,,PWRGEO005,,2050,,,,,,,,,,0.0,,,,,,,
Scenario1,0,RE1,,PWRGEO006,,2019,,,,,,,,,,0.0,,,,,,,
Scenario1,0,RE1,,PWRGEO006,,2020,,,,,,,,,,0.0,,,,,,,
Scenario1,0,RE1,,PWRGEO006,,2021,,,,,,,,,,0.0,,,,,,,
Scenario1,0,RE1,,PWRGEO006,,2022,,,,,,,,,,0.0,,,,,,,
Scenario1,0,RE1,,PWRGEO006,,2023,,,,,,,,,,0.0,,,,,,,
Scenario1,0,RE1,,PWRGEO006,,2024,,,,,,,,,,0.0,,,,,,,
Scenario1,0,RE1,,PWRGEO006,,2025,,,,,,,,,,0.0,,,,,,,
Scenario1,0,RE1,,PWRGEO006,,2026,,,,,,,,,,0.0,,,,,,,
Scenario1,0,RE1,,PWRGEO006,,2027,,,,,,,,,,0.0,,,,,,,
Scenario1,0,RE1,,PWRGEO006,,2028,,,,,,,,,,0.0,,,,,,,
Scenario1,0,RE1,,PWRGEO006,,2029,,,,,,,,,,0.0,,,,,,,
Scenario1,0,RE1,,PWRGEO006,,2030,,,,,,,,,,0.0,,,,,,,
Scenario1,0,RE1,,PWRGEO006,,2031,,,,,,,,,,0.0,,,,,,,
Scenario1,0,RE1,,PWRGEO006,,2032,,,,,,,,,,0.0,,,,,,,
Scenario1,0,RE1,,PWRGEO006,,2033,,,,,,,,,,0.0,,,,,,,
Scenario1,0,RE1,,PWRGEO006,,2034,,,,,,,,,,0.0,,,,,,,
Scenario1,0,RE1,,PWRGEO006,,2035,,,,,,,,,,0.0,,,,,,,
Scenario1,0,RE1,,PWRGEO006,,2036,,,,,,,,,,0.0,,,,,,,
Scenario1,0,RE1,,PWRGEO006,,2037,,,,,,,,,,0.0,,,,,,,
Scenario1,0,RE1,,PWRGEO006,,2038,,,,,,,,,,0.0,,,,,,,
Scenario1,0,RE1,,PWRGEO006,,2039,,,,,,,,,,0.0,,,,,,,
Scenario1,0,RE1,,PWRGEO006,,2040,,,,,,,,,,0.0,,,,,,,
Scenario1,0,RE1,,PWRGEO006,,2041,,,,,,,,,,0.207894695261275,,,,,,,
Scenario1,0,RE1,,PWRGEO006,,2042,,,,,,,,,,0.2741407969194327,,,,,,,
Scenario1,0,RE1,,PWRGEO006,,2043,,,,,,,,,,0.2873514864375223,,,,,,,
Scenario1,0,RE1,,PWRGEO006,,2044,,,,,,,,,,0.2343734729954058,,,,,,,
Scenario1,0,RE1,,PWRGEO006,,2045,,,,,,,,,,0.6413862316512065,,,,,,,
Scenario1,0,RE1,,PWRGEO006,,2046,,,,,,,,,,0.2740386990217058,,,,,,,
Scenario1,0,RE1,,PWRGEO006,,2047,,,,,,,,,,0.3478708647436036,,,,,,,
Scenario1,0,RE1,,PWRGEO006,,2048,,,,,,,,,,0.3147828273338429,,,,,,,
Scenario1,0,RE1,,PWRGEO006,,2049,,,,,,,,,,0.2947195709872236,,,,,,,
Scenario1,0,RE1,,PWRGEO006,,2050,,,,,,,,,,0.3587173282997219,,,,,,,
Scenario1,0,RE1,,PWRGEO007,,2019,,,,,,,,,,0.0,,,,,,,
Scenario1,0,RE1,,PWRGEO007,,2020,,,,,,,,,,0.0,,,,,,,
Scenario1,0,RE1,,PWRGEO007,,2021,,,,,,,,,,0.0,,,,,,,
Scenario1,0,RE1,,PWRGEO007,,2022,,,,,,,,,,0.0,,,,,,,
Scenario1,0,RE1,,PWRGEO007,,2023,,,,,,,,,,0.0,,,,,,,
Scenario1,0,RE1,,PWRGEO007,,2024,,,,,,,,,,0.0,,,,,,,
Scenario1,0,RE1,,PWRGEO007,,2025,,,,,,,,,,0.0,,,,,,,
Scenario1,0,RE1,,PWRGEO007,,2026,,,,,,,,,,0.0,,,,,,,
Scenario1,0,RE1,,PWRGEO007,,2027,,,,,,,,,,0.0,,,,,,,
Scenario1,0,RE1,,PWRGEO007,,2028,,,,,,,,,,0.0,,,,,,,
Scenario1,0,RE1,,PWRGEO007,,2029,,,,,,,,,,0.0,,,,,,,
Scenario1,0,RE1,,PWRGEO007,,2030,,,,,,,,,,0.0,,,,,,,
Scenario1,0,RE1,,PWRGEO007,,2031,,,,,,,,,,0.0,,,,,,,
Scenario1,0,RE1,,PWRGEO007,,2032,,,,,,,,,,0.0,,,,,,,
Scenario1,0,RE1,,PWRGEO007,,2033,,,,,,,,,,0.0,,,,,,,
Scenario1,0,RE1,,PWRGEO007,,2034,,,,,,,,,,0.0,,,,,,,
Scenario1,0,RE1,,PWRGEO007,,2035,,,,,,,,,,0.0,,,,,,,
Scenario1,0,RE1,,PWRGEO007,,2036,,,,,,,,,,0.0,,,,,,,
Scenario1,0,RE1,,PWRGEO007,,2037,,,,,,,,,,0.0,,,,,,,
Scenario1,0,RE1,,PWRGEO007,,2038,,,,,,,,,,0.0,,,,,,,
Scenario1,0,RE1,,PWRGEO007,,2039,,,,,,,,,,0.0,,,,,,,
Scenario1,0,RE1,,PWRGEO007,,2040,,,,,,,,,,0.0,,,,,,,
Scenario1,0,RE1,,PWRGEO007,,2041,,,,,,,,,,0.0,,,,,,,
Scenario1,0,RE1,,PWRGEO007,,2042,,,,,,,,,,0.0,,,,,,,
Scenario1,0,RE1,,PWRGEO007,,2043,,,,,,,,,,0.0,,,,,,,
Scenario1,0,RE1,,PWRGEO007,,2044,,,,,,,,,,0.0,,,,,,,
Scenario1,0,RE1,,PWRGEO007,,2045,,,,,,,,,,0.0,,,,,,,
Scenario1,0,RE1,,PWRGEO007,,2046,,,,,,,,,,0.0,,,,,,,
Scenario1,0,RE1,,PWRGEO007,,2047,,,,,,,,,,0.0,,,,,,,
Scenario1,0,RE1,,PWRGEO007,,2048,,,,,,,,,,0.0,,,,,,,
Scenario1,0,RE1,,PWRGEO007,,2049,,,,,,,,,,0.0,,,,,,,
Scenario1,0,RE1,,PWRGEO007,,2050,,,,,,,,,,0.0,,,,,,,
Scenario1,0,RE1,,PWRHFO001,,2019,,,,,,,,,,0.0,,,,,,,
Scenario1,0,RE1,,PWRHFO001,,2020,,,,,,,,,,0.0,,,,,,,
Scenario1,0,RE1,,PWRHFO001,,2021,,,,,,,,,,0.0,,,,,,,
Scenario1,0,RE1,,PWRHFO001,,2022,,,,,,,,,,0.0,,,,,,,
Scenario1,0,RE1,,PWRHFO001,,2023,,,,,,,,,,0.0,,,,,,,
Scenario1,0,RE1,,PWRHFO001,,2024,,,,,,,,,,0.0,,,,,,,
Scenario1,0,RE1,,PWRHFO001,,2025,,,,,,,,,,0.0,,,,,,,
Scenario1,0,RE1,,PWRHFO001,,2026,,,,,,,,,,0.0,,,,,,,
Scenario1,0,RE1,,PWRHFO001,,2027,,,,,,,,,,0.0,,,,,,,
Scenario1,0,RE1,,PWRHFO001,,2028,,,,,,,,,,0.0,,,,,,,
Scenario1,0,RE1,,PWRHFO001,,2029,,,,,,,,,,0.0,,,,,,,
Scenario1,0,RE1,,PWRHFO001,,2030,,,,,,,,,,0.0,,,,,,,
Scenario1,0,RE1,,PWRHFO001,,2031,,,,,,,,,,0.0,,,,,,,
Scenario1,0,RE1,,PWRHFO001,,2032,,,,,,,,,,0.0,,,,,,,
Scenario1,0,RE1,,PWRHFO001,,2033,,,,,,,,,,0.0,,,,,,,
Scenario1,0,RE1,,PWRHFO001,,2034,,,,,,,,,,0.0,,,,,,,
Scenario1,0,RE1,,PWRHFO001,,2035,,,,,,,,,,0.0,,,,,,,
Scenario1,0,RE1,,PWRHFO001,,2036,,,,,,,,,,0.0,,,,,,,
Scenario1,0,RE1,,PWRHFO001,,2037,,,,,,,,,,0.0,,,,,,,
Scenario1,0,RE1,,PWRHFO001,,2038,,,,,,,,,,0.0,,,,,,,
Scenario1,0,RE1,,PWRHFO001,,2039,,,,,,,,,,0.0,,,,,,,
Scenario1,0,RE1,,PWRHFO001,,2040,,,,,,,,,,0.0,,,,,,,
Scenario1,0,RE1,,PWRHFO001,,2041,,,,,,,,,,0.0,,,,,,,
Scenario1,0,RE1,,PWRHFO001,,2042,,,,,,,,,,0.0,,,,,,,
Scenario1,0,RE1,,PWRHFO001,,2043,,,,,,,,,,0.0,,,,,,,
Scenario1,0,RE1,,PWRHFO001,,2044,,,,,,,,,,0.0,,,,,,,
Scenario1,0,RE1,,PWRHFO001,,2045,,,,,,,,,,0.0,,,,,,,
Scenario1,0,RE1,,PWRHFO001,,2046,,,,,,,,,,0.0,,,,,,,
Scenario1,0,RE1,,PWRHFO001,,2047,,,,,,,,,,0.0,,,,,,,
Scenario1,0,RE1,,PWRHFO001,,2048,,,,,,,,,,0.0,,,,,,,
Scenario1,0,RE1,,PWRHFO001,,2049,,,,,,,,,,0.0,,,,,,,
Scenario1,0,RE1,,PWRHFO001,,2050,,,,,,,,,,0.0,,,,,,,
Scenario1,0,RE1,,PWRHYD001,,2019,,,,,,,,,,0.0,,,,,,,
Scenario1,0,RE1,,PWRHYD001,,2020,,,,,,,,,,0.0,,,,,,,
Scenario1,0,RE1,,PWRHYD001,,2021,,,,,,,,,,0.0,,,,,,,
Scenario1,0,RE1,,PWRHYD001,,2022,,,,,,,,,,0.0,,,,,,,
Scenario1,0,RE1,,PWRHYD001,,2023,,,,,,,,,,0.0,,,,,,,
Scenario1,0,RE1,,PWRHYD001,,2024,,,,,,,,,,0.0,,,,,,,
Scenario1,0,RE1,,PWRHYD001,,2025,,,,,,,,,,0.0,,,,,,,
Scenario1,0,RE1,,PWRHYD001,,2026,,,,,,,,,,0.0,,,,,,,
Scenario1,0,RE1,,PWRHYD001,,2027,,,,,,,,,,0.0,,,,,,,
Scenario1,0,RE1,,PWRHYD001,,2028,,,,,,,,,,0.0,,,,,,,
Scenario1,0,RE1,,PWRHYD001,,2029,,,,,,,,,,0.0,,,,,,,
Scenario1,0,RE1,,PWRHYD001,,2030,,,,,,,,,,0.0,,,,,,,
Scenario1,0,RE1,,PWRHYD001,,2031,,,,,,,,,,0.0,,,,,,,
Scenario1,0,RE1,,PWRHYD001,,2032,,,,,,,,,,0.0,,,,,,,
Scenario1,0,RE1,,PWRHYD001,,2033,,,,,,,,,,0.0,,,,,,,
Scenario1,0,RE1,,PWRHYD001,,2034,,,,,,,,,,0.0,,,,,,,
Scenario1,0,RE1,,PWRHYD001,,2035,,,,,,,,,,0.0,,,,,,,
Scenario1,0,RE1,,PWRHYD001,,2036,,,,,,,,,,0.0,,,,,,,
Scenario1,0,RE1,,PWRHYD001,,2037,,,,,,,,,,0.0,,,,,,,
Scenario1,0,RE1,,PWRHYD001,,2038,,,,,,,,,,0.0,,,,,,,
Scenario1,0,RE1,,PWRHYD001,,2039,,,,,,,,,,0.0,,,,,,,
Scenario1,0,RE1,,PWRHYD001,,2040,,,,,,,,,,0.0,,,,,,,
Scenario1,0,RE1,,PWRHYD001,,2041,,,,,,,,,,0.0,,,,,,,
Scenario1,0,RE1,,PWRHYD001,,2042,,,,,,,,,,0.0,,,,,,,
Scenario1,0,RE1,,PWRHYD001,,2043,,,,,,,,,,0.0,,,,,,,
Scenario1,0,RE1,,PWRHYD001,,2044,,,,,,,,,,0.0,,,,,,,
Scenario1,0,RE1,,PWRHYD001,,2045,,,,,,,,,,0.0,,,,,,,
Scenario1,0,RE1,,PWRHYD001,,2046,,,,,,,,,,0.0,,,,,,,
Scenario1,0,RE1,,PWRHYD001,,2047,,,,,,,,,,0.0,,,,,,,
Scenario1,0,RE1,,PWRHYD001,,2048,,,,,,,,,,0.0,,,,,,,
Scenario1,0,RE1,,PWRHYD001,,2049,,,,,,,,,,0.0,,,,,,,
Scenario1,0,RE1,,PWRHYD001,,2050,,,,,,,,,,0.0,,,,,,,
Scenario1,0,RE1,,PWRHYD002,,2019,,,,,,,,,,0.0,,,,,,,
Scenario1,0,RE1,,PWRHYD002,,2020,,,,,,,,,,0.0,,,,,,,
Scenario1,0,RE1,,PWRHYD002,,2021,,,,,,,,,,0.0,,,,,,,
Scenario1,0,RE1,,PWRHYD002,,2022,,,,,,,,,,0.0,,,,,,,
Scenario1,0,RE1,,PWRHYD002,,2023,,,,,,,,,,0.0,,,,,,,
Scenario1,0,RE1,,PWRHYD002,,2024,,,,,,,,,,0.0,,,,,,,
Scenario1,0,RE1,,PWRHYD002,,2025,,,,,,,,,,0.0,,,,,,,
Scenario1,0,RE1,,PWRHYD002,,2026,,,,,,,,,,0.0,,,,,,,
Scenario1,0,RE1,,PWRHYD002,,2027,,,,,,,,,,0.0,,,,,,,
Scenario1,0,RE1,,PWRHYD002,,2028,,,,,,,,,,0.0,,,,,,,
Scenario1,0,RE1,,PWRHYD002,,2029,,,,,,,,,,0.0,,,,,,,
Scenario1,0,RE1,,PWRHYD002,,2030,,,,,,,,,,0.0,,,,,,,
Scenario1,0,RE1,,PWRHYD002,,2031,,,,,,,,,,0.0,,,,,,,
Scenario1,0,RE1,,PWRHYD002,,2032,,,,,,,,,,0.0,,,,,,,
Scenario1,0,RE1,,PWRHYD002,,2033,,,,,,,,,,0.0,,,,,,,
Scenario1,0,RE1,,PWRHYD002,,2034,,,,,,,,,,0.0,,,,,,,
Scenario1,0,RE1,,PWRHYD002,,2035,,,,,,,,,,0.0,,,,,,,
Scenario1,0,RE1,,PWRHYD002,,2036,,,,,,,,,,0.0,,,,,,,
Scenario1,0,RE1,,PWRHYD002,,2037,,,,,,,,,,0.0,,,,,,,
Scenario1,0,RE1,,PWRHYD002,,2038,,,,,,,,,,0.0,,,,,,,
Scenario1,0,RE1,,PWRHYD002,,2039,,,,,,,,,,0.0,,,,,,,
Scenario1,0,RE1,,PWRHYD002,,2040,,,,,,,,,,0.0,,,,,,,
Scenario1,0,RE1,,PWRHYD002,,2041,,,,,,,,,,0.0,,,,,,,
Scenario1,0,RE1,,PWRHYD002,,2042,,,,,,,,,,0.0,,,,,,,
Scenario1,0,RE1,,PWRHYD002,,2043,,,,,,,,,,0.0,,,,,,,
Scenario1,0,RE1,,PWRHYD002,,2044,,,,,,,,,,0.0,,,,,,,
Scenario1,0,RE1,,PWRHYD002,,2045,,,,,,,,,,0.0,,,,,,,
Scenario1,0,RE1,,PWRHYD002,,2046,,,,,,,,,,0.0,,,,,,,
Scenario1,0,RE1,,PWRHYD002,,2047,,,,,,,,,,0.0,,,,,,,
Scenario1,0,RE1,,PWRHYD002,,2048,,,,,,,,,,0.0,,,,,,,
Scenario1,0,RE1,,PWRHYD002,,2049,,,,,,,,,,0.0,,,,,,,
Scenario1,0,RE1,,PWRHYD002,,2050,,,,,,,,,,0.0,,,,,,,
Scenario1,0,RE1,,PWRHYD003,,2019,,,,,,,,,,0.0,,,,,,,
Scenario1,0,RE1,,PWRHYD003,,2020,,,,,,,,,,0.0,,,,,,,
Scenario1,0,RE1,,PWRHYD003,,2021,,,,,,,,,,0.0,,,,,,,
Scenario1,0,RE1,,PWRHYD003,,2022,,,,,,,,,,0.0,,,,,,,
Scenario1,0,RE1,,PWRHYD003,,2023,,,,,,,,,,0.0,,,,,,,
Scenario1,0,RE1,,PWRHYD003,,2024,,,,,,,,,,0.0,,,,,,,
Scenario1,0,RE1,,PWRHYD003,,2025,,,,,,,,,,0.0,,,,,,,
Scenario1,0,RE1,,PWRHYD003,,2026,,,,,,,,,,0.0,,,,,,,
Scenario1,0,RE1,,PWRHYD003,,2027,,,,,,,,,,0.0,,,,,,,
Scenario1,0,RE1,,PWRHYD003,,2028,,,,,,,,,,0.0,,,,,,,
Scenario1,0,RE1,,PWRHYD003,,2029,,,,,,,,,,0.0,,,,,,,
Scenario1,0,RE1,,PWRHYD003,,2030,,,,,,,,,,0.0,,,,,,,
Scenario1,0,RE1,,PWRHYD003,,2031,,,,,,,,,,0.0,,,,,,,
Scenario1,0,RE1,,PWRHYD003,,2032,,,,,,,,,,0.0,,,,,,,
Scenario1,0,RE1,,PWRHYD003,,2033,,,,,,,,,,0.0,,,,,,,
Scenario1,0,RE1,,PWRHYD003,,2034,,,,,,,,,,0.0,,,,,,,
Scenario1,0,RE1,,PWRHYD003,,2035,,,,,,,,,,0.0,,,,,,,
Scenario1,0,RE1,,PWRHYD003,,2036,,,,,,,,,,0.0,,,,,,,
Scenario1,0,RE1,,PWRHYD003,,2037,,,,,,,,,,0.0,,,,,,,
Scenario1,0,RE1,,PWRHYD003,,2038,,,,,,,,,,0.0,,,,,,,
Scenario1,0,RE1,,PWRHYD003,,2039,,,,,,,,,,0.0,,,,,,,
Scenario1,0,RE1,,PWRHYD003,,2040,,,,,,,,,,0.0,,,,,,,
Scenario1,0,RE1,,PWRHYD003,,2041,,,,,,,,,,0.0,,,,,,,
Scenario1,0,RE1,,PWRHYD003,,2042,,,,,,,,,,0.0,,,,,,,
Scenario1,0,RE1,,PWRHYD003,,2043,,,,,,,,,,0.0,,,,,,,
Scenario1,0,RE1,,PWRHYD003,,2044,,,,,,,,,,0.0,,,,,,,
Scenario1,0,RE1,,PWRHYD003,,2045,,,,,,,,,,0.0,,,,,,,
Scenario1,0,RE1,,PWRHYD003,,2046,,,,,,,,,,0.0,,,,,,,
Scenario1,0,RE1,,PWRHYD003,,2047,,,,,,,,,,0.0,,,,,,,
Scenario1,0,RE1,,PWRHYD003,,2048,,,,,,,,,,0.0,,,,,,,
Scenario1,0,RE1,,PWRHYD003,,2049,,,,,,,,,,0.0,,,,,,,
Scenario1,0,RE1,,PWRHYD003,,2050,,,,,,,,,,0.0,,,,,,,
Scenario1,0,RE1,,PWRHYD004,,2019,,,,,,,,,,0.0,,,,,,,
Scenario1,0,RE1,,PWRHYD004,,2020,,,,,,,,,,0.0,,,,,,,
Scenario1,0,RE1,,PWRHYD004,,2021,,,,,,,,,,0.0,,,,,,,
Scenario1,0,RE1,,PWRHYD004,,2022,,,,,,,,,,0.0,,,,,,,
Scenario1,0,RE1,,PWRHYD004,,2023,,,,,,,,,,0.0,,,,,,,
Scenario1,0,RE1,,PWRHYD004,,2024,,,,,,,,,,0.0,,,,,,,
Scenario1,0,RE1,,PWRHYD004,,2025,,,,,,,,,,0.0,,,,,,,
Scenario1,0,RE1,,PWRHYD004,,2026,,,,,,,,,,0.0,,,,,,,
Scenario1,0,RE1,,PWRHYD004,,2027,,,,,,,,,,0.0,,,,,,,
Scenario1,0,RE1,,PWRHYD004,,2028,,,,,,,,,,0.0,,,,,,,
Scenario1,0,RE1,,PWRHYD004,,2029,,,,,,,,,,0.0,,,,,,,
Scenario1,0,RE1,,PWRHYD004,,2030,,,,,,,,,,0.0,,,,,,,
Scenario1,0,RE1,,PWRHYD004,,2031,,,,,,,,,,0.0,,,,,,,
Scenario1,0,RE1,,PWRHYD004,,2032,,,,,,,,,,0.0,,,,,,,
Scenario1,0,RE1,,PWRHYD004,,2033,,,,,,,,,,0.0,,,,,,,
Scenario1,0,RE1,,PWRHYD004,,2034,,,,,,,,,,0.0,,,,,,,
Scenario1,0,RE1,,PWRHYD004,,2035,,,,,,,,,,0.0,,,,,,,
Scenario1,0,RE1,,PWRHYD004,,2036,,,,,,,,,,0.0,,,,,,,
Scenario1,0,RE1,,PWRHYD004,,2037,,,,,,,,,,0.0,,,,,,,
Scenario1,0,RE1,,PWRHYD004,,2038,,,,,,,,,,0.0,,,,,,,
Scenario1,0,RE1,,PWRHYD004,,2039,,,,,,,,,,0.0,,,,,,,
Scenario1,0,RE1,,PWRHYD004,,2040,,,,,,,,,,0.0,,,,,,,
Scenario1,0,RE1,,PWRHYD004,,2041,,,,,,,,,,0.0,,,,,,,
Scenario1,0,RE1,,PWRHYD004,,2042,,,,,,,,,,0.0,,,,,,,
Scenario1,0,RE1,,PWRHYD004,,2043,,,,,,,,,,0.0,,,,,,,
Scenario1,0,RE1,,PWRHYD004,,2044,,,,,,,,,,0.0,,,,,,,
Scenario1,0,RE1,,PWRHYD004,,2045,,,,,,,,,,0.0,,,,,,,
Scenario1,0,RE1,,PWRHYD004,,2046,,,,,,,,,,0.0,,,,,,,
Scenario1,0,RE1,,PWRHYD004,,2047,,,,,,,,,,0.0,,,,,,,
Scenario1,0,RE1,,PWRHYD004,,2048,,,,,,,,,,0.0,,,,,,,
Scenario1,0,RE1,,PWRHYD004,,2049,,,,,,,,,,0.0,,,,,,,
Scenario1,0,RE1,,PWRHYD004,,2050,,,,,,,,,,0.0,,,,,,,
Scenario1,0,RE1,,PWRHYD005,,2019,,,,,,,,,,0.0,,,,,,,
Scenario1,0,RE1,,PWRHYD005,,2020,,,,,,,,,,0.0,,,,,,,
Scenario1,0,RE1,,PWRHYD005,,2021,,,,,,,,,,0.0,,,,,,,
Scenario1,0,RE1,,PWRHYD005,,2022,,,,,,,,,,0.0,,,,,,,
Scenario1,0,RE1,,PWRHYD005,,2023,,,,,,,,,,0.0073,,,,,,,
Scenario1,0,RE1,,PWRHYD005,,2024,,,,,,,,,,0.0024999999999999,,,,,,,
Scenario1,0,RE1,,PWRHYD005,,2025,,,,,,,,,,0.0002999999999999,,,,,,,
Scenario1,0,RE1,,PWRHYD005,,2026,,,,,,,,,,0.0092,,,,,,,
Scenario1,0,RE1,,PWRHYD005,,2027,,,,,,,,,,0.0095999999999999,,,,,,,
Scenario1,0,RE1,,PWRHYD005,,2028,,,,,,,,,,0.0015,,,,,,,
Scenario1,0,RE1,,PWRHYD005,,2029,,,,,,,,,,0.0056,,,,,,,
Scenario1,0,RE1,,PWRHYD005,,2030,,,,,,,,,,0.0346999999999999,,,,,,,
Scenario1,0,RE1,,PWRHYD005,,2031,,,,,,,,,,0.026,,,,,,,
Scenario1,0,RE1,,PWRHYD005,,2032,,,,,,,,,,0.0159999999999999,,,,,,,
Scenario1,0,RE1,,PWRHYD005,,2033,,,,,,,,,,0.0297,,,,,,,
Scenario1,0,RE1,,PWRHYD005,,2034,,,,,,,,,,0.0223,,,,,,,
Scenario1,0,RE1,,PWRHYD005,,2035,,,,,,,,,,0.0288,,,,,,,
Scenario1,0,RE1,,PWRHYD005,,2036,,,,,,,,,,0.0245999999999999,,,,,,,
Scenario1,0,RE1,,PWRHYD005,,2037,,,,,,,,,,0.0,,,,,,,
Scenario1,0,RE1,,PWRHYD005,,2038,,,,,,,,,,0.0,,,,,,,
Scenario1,0,RE1,,PWRHYD005,,2039,,,,,,,,,,0.0,,,,,,,
Scenario1,0,RE1,,PWRHYD005,,2040,,,,,,,,,,0.0,,,,,,,
Scenario1,0,RE1,,PWRHYD005,,2041,,,,,,,,,,0.0,,,,,,,
Scenario1,0,RE1,,PWRHYD005,,2042,,,,,,,,,,0.0,,,,,,,
Scenario1,0,RE1,,PWRHYD005,,2043,,,,,,,,,,0.0,,,,,,,
Scenario1,0,RE1,,PWRHYD005,,2044,,,,,,,,,,0.0,,,,,,,
Scenario1,0,RE1,,PWRHYD005,,2045,,,,,,,,,,0.0,,,,,,,
Scenario1,0,RE1,,PWRHYD005,,2046,,,,,,,,,,0.0,,,,,,,
Scenario1,0,RE1,,PWRHYD005,,2047,,,,,,,,,,0.0,,,,,,,
Scenario1,0,RE1,,PWRHYD005,,2048,,,,,,,,,,0.0,,,,,,,
Scenario1,0,RE1,,PWRHYD005,,2049,,,,,,,,,,0.0,,,,,,,
Scenario1,0,RE1,,PWRHYD005,,2050,,,,,,,,,,0.0,,,,,,,
Scenario1,0,RE1,,PWRLFO001,,2019,,,,,,,,,,0.0,,,,,,,
Scenario1,0,RE1,,PWRLFO001,,2020,,,,,,,,,,0.0,,,,,,,
Scenario1,0,RE1,,PWRLFO001,,2021,,,,,,,,,,0.0,,,,,,,
Scenario1,0,RE1,,PWRLFO001,,2022,,,,,,,,,,0.0,,,,,,,
Scenario1,0,RE1,,PWRLFO001,,2023,,,,,,,,,,0.0,,,,,,,
Scenario1,0,RE1,,PWRLFO001,,2024,,,,,,,,,,0.0,,,,,,,
Scenario1,0,RE1,,PWRLFO001,,2025,,,,,,,,,,0.0,,,,,,,
Scenario1,0,RE1,,PWRLFO001,,2026,,,,,,,,,,0.0,,,,,,,
Scenario1,0,RE1,,PWRLFO001,,2027,,,,,,,,,,0.0,,,,,,,
Scenario1,0,RE1,,PWRLFO001,,2028,,,,,,,,,,0.0,,,,,,,
Scenario1,0,RE1,,PWRLFO001,,2029,,,,,,,,,,0.0,,,,,,,
Scenario1,0,RE1,,PWRLFO001,,2030,,,,,,,,,,0.0,,,,,,,
Scenario1,0,RE1,,PWRLFO001,,2031,,,,,,,,,,0.0,,,,,,,
Scenario1,0,RE1,,PWRLFO001,,2032,,,,,,,,,,0.0,,,,,,,
Scenario1,0,RE1,,PWRLFO001,,2033,,,,,,,,,,0.0,,,,,,,
Scenario1,0,RE1,,PWRLFO001,,2034,,,,,,,,,,0.0,,,,,,,
Scenario1,0,RE1,,PWRLFO001,,2035,,,,,,,,,,0.0,,,,,,,
Scenario1,0,RE1,,PWRLFO001,,2036,,,,,,,,,,0.0,,,,,,,
Scenario1,0,RE1,,PWRLFO001,,2037,,,,,,,,,,0.0,,,,,,,
Scenario1,0,RE1,,PWRLFO001,,2038,,,,,,,,,,0.0,,,,,,,
Scenario1,0,RE1,,PWRLFO001,,2039,,,,,,,,,,0.0,,,,,,,
Scenario1,0,RE1,,PWRLFO001,,2040,,,,,,,,,,0.0,,,,,,,
Scenario1,0,RE1,,PWRLFO001,,2041,,,,,,,,,,0.0,,,,,,,
Scenario1,0,RE1,,PWRLFO001,,2042,,,,,,,,,,0.0,,,,,,,
Scenario1,0,RE1,,PWRLFO001,,2043,,,,,,,,,,0.0,,,,,,,
Scenario1,0,RE1,,PWRLFO001,,2044,,,,,,,,,,0.0,,,,,,,
Scenario1,0,RE1,,PWRLFO001,,2045,,,,,,,,,,0.0,,,,,,,
Scenario1,0,RE1,,PWRLFO001,,2046,,,,,,,,,,0.0,,,,,,,
Scenario1,0,RE1,,PWRLFO001,,2047,,,,,,,,,,0.0,,,,,,,
Scenario1,0,RE1,,PWRLFO001,,2048,,,,,,,,,,0.0,,,,,,,
Scenario1,0,RE1,,PWRLFO001,,2049,,,,,,,,,,0.0,,,,,,,
Scenario1,0,RE1,,PWRLFO001,,2050,,,,,,,,,,0.0,,,,,,,
Scenario1,0,RE1,,PWRNGS001,,2019,,,,,,,,,,0.0,,,,,,,
Scenario1,0,RE1,,PWRNGS001,,2020,,,,,,,,,,0.0,,,,,,,
Scenario1,0,RE1,,PWRNGS001,,2021,,,,,,,,,,0.0,,,,,,,
Scenario1,0,RE1,,PWRNGS001,,2022,,,,,,,,,,0.0,,,,,,,
Scenario1,0,RE1,,PWRNGS001,,2023,,,,,,,,,,0.0,,,,,,,
Scenario1,0,RE1,,PWRNGS001,,2024,,,,,,,,,,0.0,,,,,,,
Scenario1,0,RE1,,PWRNGS001,,2025,,,,,,,,,,0.0,,,,,,,
Scenario1,0,RE1,,PWRNGS001,,2026,,,,,,,,,,0.0,,,,,,,
Scenario1,0,RE1,,PWRNGS001,,2027,,,,,,,,,,0.0,,,,,,,
Scenario1,0,RE1,,PWRNGS001,,2028,,,,,,,,,,0.0,,,,,,,
Scenario1,0,RE1,,PWRNGS001,,2029,,,,,,,,,,0.0,,,,,,,
Scenario1,0,RE1,,PWRNGS001,,2030,,,,,,,,,,0.0,,,,,,,
Scenario1,0,RE1,,PWRNGS001,,2031,,,,,,,,,,0.0,,,,,,,
Scenario1,0,RE1,,PWRNGS001,,2032,,,,,,,,,,0.0,,,,,,,
Scenario1,0,RE1,,PWRNGS001,,2033,,,,,,,,,,0.0,,,,,,,
Scenario1,0,RE1,,PWRNGS001,,2034,,,,,,,,,,0.0,,,,,,,
Scenario1,0,RE1,,PWRNGS001,,2035,,,,,,,,,,0.0,,,,,,,
Scenario1,0,RE1,,PWRNGS001,,2036,,,,,,,,,,0.0,,,,,,,
Scenario1,0,RE1,,PWRNGS001,,2037,,,,,,,,,,0.0,,,,,,,
Scenario1,0,RE1,,PWRNGS001,,2038,,,,,,,,,,0.0,,,,,,,
Scenario1,0,RE1,,PWRNGS001,,2039,,,,,,,,,,0.0,,,,,,,
Scenario1,0,RE1,,PWRNGS001,,2040,,,,,,,,,,0.0,,,,,,,
Scenario1,0,RE1,,PWRNGS001,,2041,,,,,,,,,,0.0,,,,,,,
Scenario1,0,RE1,,PWRNGS001,,2042,,,,,,,,,,0.0,,,,,,,
Scenario1,0,RE1,,PWRNGS001,,2043,,,,,,,,,,0.0,,,,,,,
Scenario1,0,RE1,,PWRNGS001,,2044,,,,,,,,,,0.0,,,,,,,
Scenario1,0,RE1,,PWRNGS001,,2045,,,,,,,,,,0.0,,,,,,,
Scenario1,0,RE1,,PWRNGS001,,2046,,,,,,,,,,0.0,,,,,,,
Scenario1,0,RE1,,PWRNGS001,,2047,,,,,,,,,,0.0,,,,,,,
Scenario1,0,RE1,,PWRNGS001,,2048,,,,,,,,,,0.0,,,,,,,
Scenario1,0,RE1,,PWRNGS001,,2049,,,,,,,,,,0.0,,,,,,,
Scenario1,0,RE1,,PWRNGS001,,2050,,,,,,,,,,0.0,,,,,,,
Scenario1,0,RE1,,PWRPHS001,,2019,,,,,,,,,,0.0,,,,,,,
Scenario1,0,RE1,,PWRPHS001,,2020,,,,,,,,,,0.0,,,,,,,
Scenario1,0,RE1,,PWRPHS001,,2021,,,,,,,,,,0.0,,,,,,,
Scenario1,0,RE1,,PWRPHS001,,2022,,,,,,,,,,0.0,,,,,,,
Scenario1,0,RE1,,PWRPHS001,,2023,,,,,,,,,,0.0,,,,,,,
Scenario1,0,RE1,,PWRPHS001,,2024,,,,,,,,,,0.0,,,,,,,
Scenario1,0,RE1,,PWRPHS001,,2025,,,,,,,,,,0.0,,,,,,,
Scenario1,0,RE1,,PWRPHS001,,2026,,,,,,,,,,0.0,,,,,,,
Scenario1,0,RE1,,PWRPHS001,,2027,,,,,,,,,,0.0,,,,,,,
Scenario1,0,RE1,,PWRPHS001,,2028,,,,,,,,,,0.0,,,,,,,
Scenario1,0,RE1,,PWRPHS001,,2029,,,,,,,,,,0.0,,,,,,,
Scenario1,0,RE1,,PWRPHS001,,2030,,,,,,,,,,0.0,,,,,,,
Scenario1,0,RE1,,PWRPHS001,,2031,,,,,,,,,,0.0,,,,,,,
Scenario1,0,RE1,,PWRPHS001,,2032,,,,,,,,,,0.0,,,,,,,
Scenario1,0,RE1,,PWRPHS001,,2033,,,,,,,,,,0.0,,,,,,,
Scenario1,0,RE1,,PWRPHS001,,2034,,,,,,,,,,0.3,,,,,,,
Scenario1,0,RE1,,PWRPHS001,,2035,,,,,,,,,,0.0,,,,,,,
Scenario1,0,RE1,,PWRPHS001,,2036,,,,,,,,,,0.0,,,,,,,
Scenario1,0,RE1,,PWRPHS001,,2037,,,,,,,,,,0.0,,,,,,,
Scenario1,0,RE1,,PWRPHS001,,2038,,,,,,,,,,0.0,,,,,,,
Scenario1,0,RE1,,PWRPHS001,,2039,,,,,,,,,,0.0,,,,,,,
Scenario1,0,RE1,,PWRPHS001,,2040,,,,,,,,,,0.0,,,,,,,
Scenario1,0,RE1,,PWRPHS001,,2041,,,,,,,,,,0.0,,,,,,,
Scenario1,0,RE1,,PWRPHS001,,2042,,,,,,,,,,0.0,,,,,,,
Scenario1,0,RE1,,PWRPHS001,,2043,,,,,,,,,,0.0,,,,,,,
Scenario1,0,RE1,,PWRPHS001,,2044,,,,,,,,,,0.0,,,,,,,
Scenario1,0,RE1,,PWRPHS001,,2045,,,,,,,,,,0.0,,,,,,,
Scenario1,0,RE1,,PWRPHS001,,2046,,,,,,,,,,0.0,,,,,,,
Scenario1,0,RE1,,PWRPHS001,,2047,,,,,,,,,,0.0,,,,,,,
Scenario1,0,RE1,,PWRPHS001,,2048,,,,,,,,,,0.0,,,,,,,
Scenario1,0,RE1,,PWRPHS001,,2049,,,,,,,,,,0.0,,,,,,,
Scenario1,0,RE1,,PWRPHS001,,2050,,,,,,,,,,0.0,,,,,,,
Scenario1,0,RE1,,PWRPHS002,,2019,,,,,,,,,,0.0,,,,,,,
Scenario1,0,RE1,,PWRPHS002,,2020,,,,,,,,,,0.0,,,,,,,
Scenario1,0,RE1,,PWRPHS002,,2021,,,,,,,,,,0.0,,,,,,,
Scenario1,0,RE1,,PWRPHS002,,2022,,,,,,,,,,0.0,,,,,,,
Scenario1,0,RE1,,PWRPHS002,,2023,,,,,,,,,,0.0,,,,,,,
Scenario1,0,RE1,,PWRPHS002,,2024,,,,,,,,,,0.0,,,,,,,
Scenario1,0,RE1,,PWRPHS002,,2025,,,,,,,,,,0.0,,,,,,,
Scenario1,0,RE1,,PWRPHS002,,2026,,,,,,,,,,0.0,,,,,,,
Scenario1,0,RE1,,PWRPHS002,,2027,,,,,,,,,,0.0,,,,,,,
Scenario1,0,RE1,,PWRPHS002,,2028,,,,,,,,,,0.0,,,,,,,
Scenario1,0,RE1,,PWRPHS002,,2029,,,,,,,,,,0.0,,,,,,,
Scenario1,0,RE1,,PWRPHS002,,2030,,,,,,,,,,0.0,,,,,,,
Scenario1,0,RE1,,PWRPHS002,,2031,,,,,,,,,,0.0,,,,,,,
Scenario1,0,RE1,,PWRPHS002,,2032,,,,,,,,,,0.0,,,,,,,
Scenario1,0,RE1,,PWRPHS002,,2033,,,,,,,,,,0.0,,,,,,,
Scenario1,0,RE1,,PWRPHS002,,2034,,,,,,,,,,0.3,,,,,,,
Scenario1,0,RE1,,PWRPHS002,,2035,,,,,,,,,,0.0,,,,,,,
Scenario1,0,RE1,,PWRPHS002,,2036,,,,,,,,,,0.0,,,,,,,
Scenario1,0,RE1,,PWRPHS002,,2037,,,,,,,,,,0.0,,,,,,,
Scenario1,0,RE1,,PWRPHS002,,2038,,,,,,,,,,0.0,,,,,,,
Scenario1,0,RE1,,PWRPHS002,,2039,,,,,,,,,,0.0,,,,,,,
Scenario1,0,RE1,,PWRPHS002,,2040,,,,,,,,,,0.0,,,,,,,
Scenario1,0,RE1,,PWRPHS002,,2041,,,,,,,,,,0.0,,,,,,,
Scenario1,0,RE1,,PWRPHS002,,2042,,,,,,,,,,0.0,,,,,,,
Scenario1,0,RE1,,PWRPHS002,,2043,,,,,,,,,,0.0,,,,,,,
Scenario1,0,RE1,,PWRPHS002,,2044,,,,,,,,,,0.0,,,,,,,
Scenario1,0,RE1,,PWRPHS002,,2045,,,,,,,,,,0.0,,,,,,,
Scenario1,0,RE1,,PWRPHS002,,2046,,,,,,,,,,0.0,,,,,,,
Scenario1,0,RE1,,PWRPHS002,,2047,,,,,,,,,,0.0,,,,,,,
Scenario1,0,RE1,,PWRPHS002,,2048,,,,,,,,,,0.0,,,,,,,
Scenario1,0,RE1,,PWRPHS002,,2049,,,,,,,,,,0.0,,,,,,,
Scenario1,0,RE1,,PWRPHS002,,2050,,,,,,,,,,0.0,,,,,,,
Scenario1,0,RE1,,PWRSOL001,,2019,,,,,,,,,,0.0,,,,,,,
Scenario1,0,RE1,,PWRSOL001,,2020,,,,,,,,,,0.0,,,,,,,
Scenario1,0,RE1,,PWRSOL001,,2021,,,,,,,,,,0.02975,,,,,,,
Scenario1,0,RE1,,PWRSOL001,,2022,,,,,,,,,,0.04,,,,,,,
Scenario1,0,RE1,,PWRSOL001,,2023,,,,,,,,,,0.0414999999999999,,,,,,,
Scenario1,0,RE1,,PWRSOL001,,2024,,,,,,,,,,0.0399999999999999,,,,,,,
Scenario1,0,RE1,,PWRSOL001,,2025,,,,,,,,,,0.0,,,,,,,
Scenario1,0,RE1,,PWRSOL001,,2026,,,,,,,,,,0.04,,,,,,,
Scenario1,0,RE1,,PWRSOL001,,2027,,,,,,,,,,0.0,,,,,,,
Scenario1,0,RE1,,PWRSOL001,,2028,,,,,,,,,,0.0,,,,,,,
Scenario1,0,RE1,,PWRSOL001,,2029,,,,,,,,,,0.0,,,,,,,
Scenario1,0,RE1,,PWRSOL001,,2030,,,,,,,,,,0.0,,,,,,,
Scenario1,0,RE1,,PWRSOL001,,2031,,,,,,,,,,0.0,,,,,,,
Scenario1,0,RE1,,PWRSOL001,,2032,,,,,,,,,,0.0,,,,,,,
Scenario1,0,RE1,,PWRSOL001,,2033,,,,,,,,,,0.0,,,,,,,
Scenario1,0,RE1,,PWRSOL001,,2034,,,,,,,,,,0.0,,,,,,,
Scenario1,0,RE1,,PWRSOL001,,2035,,,,,,,,,,0.0,,,,,,,
Scenario1,0,RE1,,PWRSOL001,,2036,,,,,,,,,,0.0,,,,,,,
Scenario1,0,RE1,,PWRSOL001,,2037,,,,,,,,,,0.0,,,,,,,
Scenario1,0,RE1,,PWRSOL001,,2038,,,,,,,,,,0.0502499999999999,,,,,,,
Scenario1,0,RE1,,PWRSOL001,,2039,,,,,,,,,,0.0,,,,,,,
Scenario1,0,RE1,,PWRSOL001,,2040,,,,,,,,,,0.0,,,,,,,
Scenario1,0,RE1,,PWRSOL001,,2041,,,,,,,,,,0.0,,,,,,,
Scenario1,0,RE1,,PWRSOL001,,2042,,,,,,,,,,0.0,,,,,,,
Scenario1,0,RE1,,PWRSOL001,,2043,,,,,,,,,,0.0,,,,,,,
Scenario1,0,RE1,,PWRSOL001,,2044,,,,,,,,,,0.0,,,,,,,
Scenario1,0,RE1,,PWRSOL001,,2045,,,,,,,,,,0.0,,,,,,,
Scenario1,0,RE1,,PWRSOL001,,2046,,,,,,,,,,0.0,,,,,,,
Scenario1,0,RE1,,PWRSOL001,,2047,,,,,,,,,,0.0,,,,,,,
Scenario1,0,RE1,,PWRSOL001,,2048,,,,,,,,,,0.0,,,,,,,
Scenario1,0,RE1,,PWRSOL001,,2049,,,,,,,,,,0.0,,,,,,,
Scenario1,0,RE1,,PWRSOL001,,2050,,,,,,,,,,0.0,,,,,,,
Scenario1,0,RE1,,PWRSOL002,,2019,,,,,,,,,,0.0,,,,,,,
Scenario1,0,RE1,,PWRSOL002,,2020,,,,,,,,,,0.0,,,,,,,
Scenario1,0,RE1,,PWRSOL002,,2021,,,,,,,,,,0.0,,,,,,,
Scenario1,0,RE1,,PWRSOL002,,2022,,,,,,,,,,0.0,,,,,,,
Scenario1,0,RE1,,PWRSOL002,,2023,,,,,,,,,,0.0,,,,,,,
Scenario1,0,RE1,,PWRSOL002,,2024,,,,,,,,,,0.0,,,,,,,
Scenario1,0,RE1,,PWRSOL002,,2025,,,,,,,,,,0.0,,,,,,,
Scenario1,0,RE1,,PWRSOL002,,2026,,,,,,,,,,0.0,,,,,,,
Scenario1,0,RE1,,PWRSOL002,,2027,,,,,,,,,,0.0,,,,,,,
Scenario1,0,RE1,,PWRSOL002,,2028,,,,,,,,,,0.0,,,,,,,
Scenario1,0,RE1,,PWRSOL002,,2029,,,,,,,,,,0.0,,,,,,,
Scenario1,0,RE1,,PWRSOL002,,2030,,,,,,,,,,0.0,,,,,,,
Scenario1,0,RE1,,PWRSOL002,,2031,,,,,,,,,,0.0,,,,,,,
Scenario1,0,RE1,,PWRSOL002,,2032,,,,,,,,,,0.0,,,,,,,
Scenario1,0,RE1,,PWRSOL002,,2033,,,,,,,,,,0.0,,,,,,,
Scenario1,0,RE1,,PWRSOL002,,2034,,,,,,,,,,0.0,,,,,,,
Scenario1,0,RE1,,PWRSOL002,,2035,,,,,,,,,,0.0,,,,,,,
Scenario1,0,RE1,,PWRSOL002,,2036,,,,,,,,,,0.0,,,,,,,
Scenario1,0,RE1,,PWRSOL002,,2037,,,,,,,,,,0.0,,,,,,,
Scenario1,0,RE1,,PWRSOL002,,2038,,,,,,,,,,0.0,,,,,,,
Scenario1,0,RE1,,PWRSOL002,,2039,,,,,,,,,,0.0,,,,,,,
Scenario1,0,RE1,,PWRSOL002,,2040,,,,,,,,,,0.0,,,,,,,
Scenario1,0,RE1,,PWRSOL002,,2041,,,,,,,,,,0.0,,,,,,,
Scenario1,0,RE1,,PWRSOL002,,2042,,,,,,,,,,0.0,,,,,,,
Scenario1,0,RE1,,PWRSOL002,,2043,,,,,,,,,,0.0,,,,,,,
Scenario1,0,RE1,,PWRSOL002,,2044,,,,,,,,,,0.0,,,,,,,
Scenario1,0,RE1,,PWRSOL002,,2045,,,,,,,,,,0.0,,,,,,,
Scenario1,0,RE1,,PWRSOL002,,2046,,,,,,,,,,0.0,,,,,,,
Scenario1,0,RE1,,PWRSOL002,,2047,,,,,,,,,,0.0,,,,,,,
Scenario1,0,RE1,,PWRSOL002,,2048,,,,,,,,,,0.0,,,,,,,
Scenario1,0,RE1,,PWRSOL002,,2049,,,,,,,,,,0.0,,,,,,,
Scenario1,0,RE1,,PWRSOL002,,2050,,,,,,,,,,0.0,,,,,,,
Scenario1,0,RE1,,PWRTRN,,2019,,,,,,,,,,0.3891660173328481,,,,,,,
Scenario1,0,RE1,,PWRTRN,,2020,,,,,,,,,,0.0343958242326636,,,,,,,
Scenario1,0,RE1,,PWRTRN,,2021,,,,,,,,,,0.0886021821192764,,,,,,,
Scenario1,0,RE1,,PWRTRN,,2022,,,,,,,,,,0.0674698894518854,,,,,,,
Scenario1,0,RE1,,PWRTRN,,2023,,,,,,,,,,0.0632258165810624,,,,,,,
Scenario1,0,RE1,,PWRTRN,,2024,,,,,,,,,,0.0736344138086235,,,,,,,
Scenario1,0,RE1,,PWRTRN,,2025,,,,,,,,,,0.0802622859124655,,,,,,,
Scenario1,0,RE1,,PWRTRN,,2026,,,,,,,,,,0.0840886478686928,,,,,,,
Scenario1,0,RE1,,PWRTRN,,2027,,,,,,,,,,0.1390358575990014,,,,,,,
Scenario1,0,RE1,,PWRTRN,,2028,,,,,,,,,,0.1471691873634797,,,,,,,
Scenario1,0,RE1,,PWRTRN,,2029,,,,,,,,,,0.16832106758583,,,,,,,
Scenario1,0,RE1,,PWRTRN,,2030,,,,,,,,,,0.1806338186193543,,,,,,,
Scenario1,0,RE1,,PWRTRN,,2031,,,,,,,,,,0.1687064402879947,,,,,,,
Scenario1,0,RE1,,PWRTRN,,2032,,,,,,,,,,0.1872619981980667,,,,,,,
Scenario1,0,RE1,,PWRTRN,,2033,,,,,,,,,,0.1898440386759889,,,,,,,
Scenario1,0,RE1,,PWRTRN,,2034,,,,,,,,,,0.202009283636336,,,,,,,
Scenario1,0,RE1,,PWRTRN,,2035,,,,,,,,,,0.212564452858591,,,,,,,
Scenario1,0,RE1,,PWRTRN,,2036,,,,,,,,,,0.2155619621521851,,,,,,,
Scenario1,0,RE1,,PWRTRN,,2037,,,,,,,,,,0.2426288758860999,,,,,,,
Scenario1,0,RE1,,PWRTRN,,2038,,,,,,,,,,0.2528238424462006,,,,,,,
Scenario1,0,RE1,,PWRTRN,,2039,,,,,,,,,,0.2673472895693574,,,,,,,
Scenario1,0,RE1,,PWRTRN,,2040,,,,,,,,,,0.2836069896998165,,,,,,,
Scenario1,0,RE1,,PWRTRN,,2041,,,,,,,,,,0.2988982667991027,,,,,,,
Scenario1,0,RE1,,PWRTRN,,2042,,,,,,,,,,0.309512739728691,,,,,,,
Scenario1,0,RE1,,PWRTRN,,2043,,,,,,,,,,0.3301882972336618,,,,,,,
Scenario1,0,RE1,,PWRTRN,,2044,,,,,,,,,,0.3478839254926602,,,,,,,
Scenario1,0,RE1,,PWRTRN,,2045,,,,,,,,,,0.3679893753258292,,,,,,,
Scenario1,0,RE1,,PWRTRN,,2046,,,,,,,,,,0.3885038955051114,,,,,,,
Scenario1,0,RE1,,PWRTRN,,2047,,,,,,,,,,0.4093428305036091,,,,,,,
Scenario1,0,RE1,,PWRTRN,,2048,,,,,,,,,,0.4329930236564938,,,,,,,
Scenario1,0,RE1,,PWRTRN,,2049,,,,,,,,,,0.4571376523289134,,,,,,,
Scenario1,0,RE1,,PWRTRN,,2050,,,,,,,,,,0.4816545030656591,,,,,,,
Scenario1,0,RE1,,PWRURN001,,2019,,,,,,,,,,0.0,,,,,,,
Scenario1,0,RE1,,PWRURN001,,2020,,,,,,,,,,0.0,,,,,,,
Scenario1,0,RE1,,PWRURN001,,2021,,,,,,,,,,0.0,,,,,,,
Scenario1,0,RE1,,PWRURN001,,2022,,,,,,,,,,0.0,,,,,,,
Scenario1,0,RE1,,PWRURN001,,2023,,,,,,,,,,0.0,,,,,,,
Scenario1,0,RE1,,PWRURN001,,2024,,,,,,,,,,0.0,,,,,,,
Scenario1,0,RE1,,PWRURN001,,2025,,,,,,,,,,0.0,,,,,,,
Scenario1,0,RE1,,PWRURN001,,2026,,,,,,,,,,0.0,,,,,,,
Scenario1,0,RE1,,PWRURN001,,2027,,,,,,,,,,0.0,,,,,,,
Scenario1,0,RE1,,PWRURN001,,2028,,,,,,,,,,0.0,,,,,,,
Scenario1,0,RE1,,PWRURN001,,2029,,,,,,,,,,0.0,,,,,,,
Scenario1,0,RE1,,PWRURN001,,2030,,,,,,,,,,0.0,,,,,,,
Scenario1,0,RE1,,PWRURN001,,2031,,,,,,,,,,0.0,,,,,,,
Scenario1,0,RE1,,PWRURN001,,2032,,,,,,,,,,0.0,,,,,,,
Scenario1,0,RE1,,PWRURN001,,2033,,,,,,,,,,0.0,,,,,,,
Scenario1,0,RE1,,PWRURN001,,2034,,,,,,,,,,0.0,,,,,,,
Scenario1,0,RE1,,PWRURN001,,2035,,,,,,,,,,0.0,,,,,,,
Scenario1,0,RE1,,PWRURN001,,2036,,,,,,,,,,0.0,,,,,,,
Scenario1,0,RE1,,PWRURN001,,2037,,,,,,,,,,0.0,,,,,,,
Scenario1,0,RE1,,PWRURN001,,2038,,,,,,,,,,0.0,,,,,,,
Scenario1,0,RE1,,PWRURN001,,2039,,,,,,,,,,0.0,,,,,,,
Scenario1,0,RE1,,PWRURN001,,2040,,,,,,,,,,0.0,,,,,,,
Scenario1,0,RE1,,PWRURN001,,2041,,,,,,,,,,0.0,,,,,,,
Scenario1,0,RE1,,PWRURN001,,2042,,,,,,,,,,0.0,,,,,,,
Scenario1,0,RE1,,PWRURN001,,2043,,,,,,,,,,0.0,,,,,,,
Scenario1,0,RE1,,PWRURN001,,2044,,,,,,,,,,0.0,,,,,,,
Scenario1,0,RE1,,PWRURN001,,2045,,,,,,,,,,0.0,,,,,,,
Scenario1,0,RE1,,PWRURN001,,2046,,,,,,,,,,0.0,,,,,,,
Scenario1,0,RE1,,PWRURN001,,2047,,,,,,,,,,0.0,,,,,,,
Scenario1,0,RE1,,PWRURN001,,2048,,,,,,,,,,0.0,,,,,,,
Scenario1,0,RE1,,PWRURN001,,2049,,,,,,,,,,0.0,,,,,,,
Scenario1,0,RE1,,PWRURN001,,2050,,,,,,,,,,0.0,,,,,,,
Scenario1,0,RE1,,PWRWND001,,2019,,,,,,,,,,0.0,,,,,,,
Scenario1,0,RE1,,PWRWND001,,2020,,,,,,,,,,0.0,,,,,,,
Scenario1,0,RE1,,PWRWND001,,2021,,,,,,,,,,0.0,,,,,,,
Scenario1,0,RE1,,PWRWND001,,2022,,,,,,,,,,0.0,,,,,,,
Scenario1,0,RE1,,PWRWND001,,2023,,,,,,,,,,0.0,,,,,,,
Scenario1,0,RE1,,PWRWND001,,2024,,,,,,,,,,0.0,,,,,,,
Scenario1,0,RE1,,PWRWND001,,2025,,,,,,,,,,0.0,,,,,,,
Scenario1,0,RE1,,PWRWND001,,2026,,,,,,,,,,0.0,,,,,,,
Scenario1,0,RE1,,PWRWND001,,2027,,,,,,,,,,0.0,,,,,,,
Scenario1,0,RE1,,PWRWND001,,2028,,,,,,,,,,0.0,,,,,,,
Scenario1,0,RE1,,PWRWND001,,2029,,,,,,,,,,0.0,,,,,,,
Scenario1,0,RE1,,PWRWND001,,2030,,,,,,,,,,0.0,,,,,,,
Scenario1,0,RE1,,PWRWND001,,2031,,,,,,,,,,0.0,,,,,,,
Scenario1,0,RE1,,PWRWND001,,2032,,,,,,,,,,0.0,,,,,,,
Scenario1,0,RE1,,PWRWND001,,2033,,,,,,,,,,0.0,,,,,,,
Scenario1,0,RE1,,PWRWND001,,2034,,,,,,,,,,0.0,,,,,,,
Scenario1,0,RE1,,PWRWND001,,2035,,,,,,,,,,0.0,,,,,,,
Scenario1,0,RE1,,PWRWND001,,2036,,,,,,,,,,0.0,,,,,,,
Scenario1,0,RE1,,PWRWND001,,2037,,,,,,,,,,0.0,,,,,,,
Scenario1,0,RE1,,PWRWND001,,2038,,,,,,,,,,0.0,,,,,,,
Scenario1,0,RE1,,PWRWND001,,2039,,,,,,,,,,0.0,,,,,,,
Scenario1,0,RE1,,PWRWND001,,2040,,,,,,,,,,0.0,,,,,,,
Scenario1,0,RE1,,PWRWND001,,2041,,,,,,,,,,0.0,,,,,,,
Scenario1,0,RE1,,PWRWND001,,2042,,,,,,,,,,0.0,,,,,,,
Scenario1,0,RE1,,PWRWND001,,2043,,,,,,,,,,0.0,,,,,,,
Scenario1,0,RE1,,PWRWND001,,2044,,,,,,,,,,0.0,,,,,,,
Scenario1,0,RE1,,PWRWND001,,2045,,,,,,,,,,0.0,,,,,,,
Scenario1,0,RE1,,PWRWND001,,2046,,,,,,,,,,0.0,,,,,,,
Scenario1,0,RE1,,PWRWND001,,2047,,,,,,,,,,0.0,,,,,,,
Scenario1,0,RE1,,PWRWND001,,2048,,,,,,,,,,0.0,,,,,,,
Scenario1,0,RE1,,PWRWND001,,2049,,,,,,,,,,0.0,,,,,,,
Scenario1,0,RE1,,PWRWND001,,2050,,,,,,,,,,0.0,,,,,,,
Scenario1,0,RE1,,PWRWND002,,2019,,,,,,,,,,0.0,,,,,,,
Scenario1,0,RE1,,PWRWND002,,2020,,,,,,,,,,0.0,,,,,,,
Scenario1,0,RE1,,PWRWND002,,2021,,,,,,,,,,0.0,,,,,,,
Scenario1,0,RE1,,PWRWND002,,2022,,,,,,,,,,0.0,,,,,,,
Scenario1,0,RE1,,PWRWND002,,2023,,,,,,,,,,0.0,,,,,,,
Scenario1,0,RE1,,PWRWND002,,2024,,,,,,,,,,0.0,,,,,,,
Scenario1,0,RE1,,PWRWND002,,2025,,,,,,,,,,0.2360542056074764,,,,,,,
Scenario1,0,RE1,,PWRWND002,,2026,,,,,,,,,,0.0,,,,,,,
Scenario1,0,RE1,,PWRWND002,,2027,,,,,,,,,,0.0,,,,,,,
Scenario1,0,RE1,,PWRWND002,,2028,,,,,,,,,,0.0,,,,,,,
Scenario1,0,RE1,,PWRWND002,,2029,,,,,,,,,,0.0,,,,,,,
Scenario1,0,RE1,,PWRWND002,,2030,,,,,,,,,,0.0,,,,,,,
Scenario1,0,RE1,,PWRWND002,,2031,,,,,,,,,,0.0,,,,,,,
Scenario1,0,RE1,,PWRWND002,,2032,,,,,,,,,,0.0,,,,,,,
Scenario1,0,RE1,,PWRWND002,,2033,,,,,,,,,,0.0,,,,,,,
Scenario1,0,RE1,,PWRWND002,,2034,,,,,,,,,,0.0,,,,,,,
Scenario1,0,RE1,,PWRWND002,,2035,,,,,,,,,,0.0,,,,,,,
Scenario1,0,RE1,,PWRWND002,,2036,,,,,,,,,,0.0,,,,,,,
Scenario1,0,RE1,,PWRWND002,,2037,,,,,,,,,,0.0,,,,,,,
Scenario1,0,RE1,,PWRWND002,,2038,,,,,,,,,,0.0,,,,,,,
Scenario1,0,RE1,,PWRWND002,,2039,,,,,,,,,,0.0,,,,,,,
Scenario1,0,RE1,,PWRWND002,,2040,,,,,,,,,,0.0,,,,,,,
Scenario1,0,RE1,,PWRWND002,,2041,,,,,,,,,,0.0,,,,,,,
Scenario1,0,RE1,,PWRWND002,,2042,,,,,,,,,,0.0,,,,,,,
Scenario1,0,RE1,,PWRWND002,,2043,,,,,,,,,,0.0,,,,,,,
Scenario1,0,RE1,,PWRWND002,,2044,,,,,,,,,,0.0,,,,,,,
Scenario1,0,RE1,,PWRWND002,,2045,,,,,,,,,,0.1510595262063664,,,,,,,
Scenario1,0,RE1,,PWRWND002,,2046,,,,,,,,,,0.0,,,,,,,
Scenario1,0,RE1,,PWRWND002,,2047,,,,,,,,,,0.0,,,,,,,
Scenario1,0,RE1,,PWRWND002,,2048,,,,,,,,,,0.0,,,,,,,
Scenario1,0,RE1,,PWRWND002,,2049,,,,,,,,,,0.0,,,,,,,
Scenario1,0,RE1,,PWRWND002,,2050,,,,,,,,,,0.0,,,,,,,
Scenario1,0,RE1,,PWRWND003,,2019,,,,,,,,,,0.0,,,,,,,
Scenario1,0,RE1,,PWRWND003,,2020,,,,,,,,,,0.0,,,,,,,
Scenario1,0,RE1,,PWRWND003,,2021,,,,,,,,,,0.0,,,,,,,
Scenario1,0,RE1,,PWRWND003,,2022,,,,,,,,,,0.0,,,,,,,
Scenario1,0,RE1,,PWRWND003,,2023,,,,,,,,,,0.0,,,,,,,
Scenario1,0,RE1,,PWRWND003,,2024,,,,,,,,,,0.0,,,,,,,
Scenario1,0,RE1,,PWRWND003,,2025,,,,,,,,,,0.2360542056074764,,,,,,,
Scenario1,0,RE1,,PWRWND003,,2026,,,,,,,,,,0.0,,,,,,,
Scenario1,0,RE1,,PWRWND003,,2027,,,,,,,,,,0.0,,,,,,,
Scenario1,0,RE1,,PWRWND003,,2028,,,,,,,,,,0.0,,,,,,,
Scenario1,0,RE1,,PWRWND003,,2029,,,,,,,,,,0.0,,,,,,,
Scenario1,0,RE1,,PWRWND003,,2030,,,,,,,,,,0.0,,,,,,,
Scenario1,0,RE1,,PWRWND003,,2031,,,,,,,,,,0.0,,,,,,,
Scenario1,0,RE1,,PWRWND003,,2032,,,,,,,,,,0.0,,,,,,,
Scenario1,0,RE1,,PWRWND003,,2033,,,,,,,,,,0.0,,,,,,,
Scenario1,0,RE1,,PWRWND003,,2034,,,,,,,,,,0.0,,,,,,,
Scenario1,0,RE1,,PWRWND003,,2035,,,,,,,,,,0.0,,,,,,,
Scenario1,0,RE1,,PWRWND003,,2036,,,,,,,,,,0.0,,,,,,,
Scenario1,0,RE1,,PWRWND003,,2037,,,,,,,,,,0.0,,,,,,,
Scenario1,0,RE1,,PWRWND003,,2038,,,,,,,,,,0.0774702809575465,,,,,,,
Scenario1,0,RE1,,PWRWND003,,2039,,,,,,,,,,0.105336882153576,,,,,,,
Scenario1,0,RE1,,PWRWND003,,2040,,,,,,,,,,0.0,,,,,,,
Scenario1,0,RE1,,PWRWND003,,2041,,,,,,,,,,0.1602205360433056,,,,,,,
Scenario1,0,RE1,,PWRWND003,,2042,,,,,,,,,,0.0297389483186641,,,,,,,
Scenario1,0,RE1,,PWRWND003,,2043,,,,,,,,,,0.034616587677725,,,,,,,
Scenario1,0,RE1,,PWRWND003,,2044,,,,,,,,,,0.0365838862559244,,,,,,,
Scenario1,0,RE1,,PWRWND003,,2045,,,,,,,,,,0.274718660583779,,,,,,,
Scenario1,0,RE1,,PWRWND003,,2046,,,,,,,,,,0.0408625592417065,,,,,,,
Scenario1,0,RE1,,PWRWND003,,2047,,,,,,,,,,0.0431862559241705,,,,,,,
Scenario1,0,RE1,,PWRWND003,,2048,,,,,,,,,,0.0456417061611373,,,,,,,
Scenario1,0,RE1,,PWRWND003,,2049,,,,,,,,,,0.0482369668246447,,,,,,,
Scenario1,0,RE1,,PWRWND003,,2050,,,,,,,,,,0.0509791469194317,,,,,,,
Scenario1,0,RE1,,PWRWND004,,2019,,,,,,,,,,0.0,,,,,,,
Scenario1,0,RE1,,PWRWND004,,2020,,,,,,,,,,0.0,,,,,,,
Scenario1,0,RE1,,PWRWND004,,2021,,,,,,,,,,0.0,,,,,,,
Scenario1,0,RE1,,PWRWND004,,2022,,,,,,,,,,0.0,,,,,,,
Scenario1,0,RE1,,PWRWND004,,2023,,,,,,,,,,0.0,,,,,,,
Scenario1,0,RE1,,PWRWND004,,2024,,,,,,,,,,0.0,,,,,,,
Scenario1,0,RE1,,PWRWND004,,2025,,,,,,,,,,0.2360542056074764,,,,,,,
Scenario1,0,RE1,,PWRWND004,,2026,,,,,,,,,,0.0,,,,,,,
Scenario1,0,RE1,,PWRWND004,,2027,,,,,,,,,,0.0,,,,,,,
Scenario1,0,RE1,,PWRWND004,,2028,,,,,,,,,,0.0,,,,,,,
Scenario1,0,RE1,,PWRWND004,,2029,,,,,,,,,,0.0,,,,,,,
Scenario1,0,RE1,,PWRWND004,,2030,,,,,,,,,,0.0,,,,,,,
Scenario1,0,RE1,,PWRWND004,,2031,,,,,,,,,,0.0,,,,,,,
Scenario1,0,RE1,,PWRWND004,,2032,,,,,,,,,,0.0,,,,,,,
Scenario1,0,RE1,,PWRWND004,,2033,,,,,,,,,,0.0,,,,,,,
Scenario1,0,RE1,,PWRWND004,,2034,,,,,,,,,,0.1533788132604482,,,,,,,
Scenario1,0,RE1,,PWRWND004,,2035,,,,,,,,,,0.0219900943396227,,,,,,,
Scenario1,0,RE1,,PWRWND004,,2036,,,,,,,,,,0.0,,,,,,,
Scenario1,0,RE1,,PWRWND004,,2037,,,,,,,,,,0.0497062706787085,,,,,,,
Scenario1,0,RE1,,PWRWND004,,2038,,,,,,,,,,0.0263587677725118,,,,,,,
Scenario1,0,RE1,,PWRWND004,,2039,,,,,,,,,,0.0279568720379151,,,,,,,
Scenario1,0,RE1,,PWRWND004,,2040,,,,,,,,,,0.0296303317535542,,,,,,,
Scenario1,0,RE1,,PWRWND004,,2041,,,,,,,,,,0.0340065493116674,,,,,,,
Scenario1,0,RE1,,PWRWND004,,2042,,,,,,,,,,0.0297389483186641,,,,,,,
Scenario1,0,RE1,,PWRWND004,,2043,,,,,,,,,,0.034616587677725,,,,,,,
Scenario1,0,RE1,,PWRWND004,,2044,,,,,,,,,,0.0365838862559244,,,,,,,
Scenario1,0,RE1,,PWRWND004,,2045,,,,,,,,,,0.274718660583779,,,,,,,
Scenario1,0,RE1,,PWRWND004,,2046,,,,,,,,,,0.0408625592417065,,,,,,,
Scenario1,0,RE1,,PWRWND004,,2047,,,,,,,,,,0.0431862559241705,,,,,,,
Scenario1,0,RE1,,PWRWND004,,2048,,,,,,,,,,0.0456417061611373,,,,,,,
Scenario1,0,RE1,,PWRWND004,,2049,,,,,,,,,,0.0482369668246447,,,,,,,
Scenario1,0,RE1,,PWRWND004,,2050,,,,,,,,,,0.0509791469194317,,,,,,,
Scenario1,0,RE1,,PWRWND005,,2019,,,,,,,,,,0.0,,,,,,,
Scenario1,0,RE1,,PWRWND005,,2020,,,,,,,,,,0.0,,,,,,,
Scenario1,0,RE1,,PWRWND005,,2021,,,,,,,,,,0.0,,,,,,,
Scenario1,0,RE1,,PWRWND005,,2022,,,,,,,,,,0.0,,,,,,,
Scenario1,0,RE1,,PWRWND005,,2023,,,,,,,,,,0.0,,,,,,,
Scenario1,0,RE1,,PWRWND005,,2024,,,,,,,,,,0.0,,,,,,,
Scenario1,0,RE1,,PWRWND005,,2025,,,,,,,,,,0.2360542056074764,,,,,,,
Scenario1,0,RE1,,PWRWND005,,2026,,,,,,,,,,0.0,,,,,,,
Scenario1,0,RE1,,PWRWND005,,2027,,,,,,,,,,0.0,,,,,,,
Scenario1,0,RE1,,PWRWND005,,2028,,,,,,,,,,0.0,,,,,,,
Scenario1,0,RE1,,PWRWND005,,2029,,,,,,,,,,0.0,,,,,,,
Scenario1,0,RE1,,PWRWND005,,2030,,,,,,,,,,0.0,,,,,,,
Scenario1,0,RE1,,PWRWND005,,2031,,,,,,,,,,0.0,,,,,,,
Scenario1,0,RE1,,PWRWND005,,2032,,,,,,,,,,0.0,,,,,,,
Scenario1,0,RE1,,PWRWND005,,2033,,,,,,,,,,0.0,,,,,,,
Scenario1,0,RE1,,PWRWND005,,2034,,,,,,,,,,0.0,,,,,,,
Scenario1,0,RE1,,PWRWND005,,2035,,,,,,,,,,0.0,,,,,,,
Scenario1,0,RE1,,PWRWND005,,2036,,,,,,,,,,0.0,,,,,,,
Scenario1,0,RE1,,PWRWND005,,2037,,,,,,,,,,0.0,,,,,,,
Scenario1,0,RE1,,PWRWND005,,2038,,,,,,,,,,0.0,,,,,,,
Scenario1,0,RE1,,PWRWND005,,2039,,,,,,,,,,0.0,,,,,,,
Scenario1,0,RE1,,PWRWND005,,2040,,,,,,,,,,0.0,,,,,,,
Scenario1,0,RE1,,PWRWND005,,2041,,,,,,,,,,0.0,,,,,,,
Scenario1,0,RE1,,PWRWND005,,2042,,,,,,,,,,0.0,,,,,,,
Scenario1,0,RE1,,PWRWND005,,2043,,,,,,,,,,0.0,,,,,,,
Scenario1,0,RE1,,PWRWND005,,2044,,,,,,,,,,0.0,,,,,,,
Scenario1,0,RE1,,PWRWND005,,2045,,,,,,,,,,0.0,,,,,,,
Scenario1,0,RE1,,PWRWND005,,2046,,,,,,,,,,0.0,,,,,,,
Scenario1,0,RE1,,PWRWND005,,2047,,,,,,,,,,0.0,,,,,,,
Scenario1,0,RE1,,PWRWND005,,2048,,,,,,,,,,0.0,,,,,,,
Scenario1,0,RE1,,PWRWND005,,2049,,,,,,,,,,0.0,,,,,,,
Scenario1,0,RE1,,PWRWND005,,2050,,,,,,,,,,0.0,,,,,,,
Scenario1,0,RE1,,PWRWND006,,2019,,,,,,,,,,0.0,,,,,,,
Scenario1,0,RE1,,PWRWND006,,2020,,,,,,,,,,0.0,,,,,,,
Scenario1,0,RE1,,PWRWND006,,2021,,,,,,,,,,0.0,,,,,,,
Scenario1,0,RE1,,PWRWND006,,2022,,,,,,,,,,0.0,,,,,,,
Scenario1,0,RE1,,PWRWND006,,2023,,,,,,,,,,0.0,,,,,,,
Scenario1,0,RE1,,PWRWND006,,2024,,,,,,,,,,0.0,,,,,,,
Scenario1,0,RE1,,PWRWND006,,2025,,,,,,,,,,0.2360542056074764,,,,,,,
Scenario1,0,RE1,,PWRWND006,,2026,,,,,,,,,,0.0,,,,,,,
Scenario1,0,RE1,,PWRWND006,,2027,,,,,,,,,,0.0,,,,,,,
Scenario1,0,RE1,,PWRWND006,,2028,,,,,,,,,,0.0,,,,,,,
Scenario1,0,RE1,,PWRWND006,,2029,,,,,,,,,,0.0,,,,,,,
Scenario1,0,RE1,,PWRWND006,,2030,,,,,,,,,,0.0,,,,,,,
Scenario1,0,RE1,,PWRWND006,,2031,,,,,,,,,,0.0,,,,,,,
Scenario1,0,RE1,,PWRWND006,,2032,,,,,,,,,,0.0,,,,,,,
Scenario1,0,RE1,,PWRWND006,,2033,,,,,,,,,,0.0,,,,,,,
Scenario1,0,RE1,,PWRWND006,,2034,,,,,,,,,,0.0,,,,,,,
Scenario1,0,RE1,,PWRWND006,,2035,,,,,,,,,,0.0,,,,,,,
Scenario1,0,RE1,,PWRWND006,,2036,,,,,,,,,,0.0,,,,,,,
Scenario1,0,RE1,,PWRWND006,,2037,,,,,,,,,,0.0,,,,,,,
Scenario1,0,RE1,,PWRWND006,,2038,,,,,,,,,,0.0,,,,,,,
Scenario1,0,RE1,,PWRWND006,,2039,,,,,,,,,,0.0,,,,,,,
Scenario1,0,RE1,,PWRWND006,,2040,,,,,,,,,,0.0,,,,,,,
Scenario1,0,RE1,,PWRWND006,,2041,,,,,,,,,,0.1585698031469282,,,,,,,
Scenario1,0,RE1,,PWRWND006,,2042,,,,,,,,,,0.0,,,,,,,
Scenario1,0,RE1,,PWRWND006,,2043,,,,,,,,,,0.0,,,,,,,
Scenario1,0,RE1,,PWRWND006,,2044,,,,,,,,,,0.0,,,,,,,
Scenario1,0,RE1,,PWRWND006,,2045,,,,,,,,,,0.5601159788435928,,,,,,,
Scenario1,0,RE1,,PWRWND006,,2046,,,,,,,,,,0.0408625592417064,,,,,,,
Scenario1,0,RE1,,PWRWND006,,2047,,,,,,,,,,0.0431862559241706,,,,,,,
Scenario1,0,RE1,,PWRWND006,,2048,,,,,,,,,,0.0456417061611373,,,,,,,
Scenario1,0,RE1,,PWRWND006,,2049,,,,,,,,,,0.0482369668246447,,,,,,,
Scenario1,0,RE1,,PWRWND006,,2050,,,,,,,,,,0.0509791469194317,,,,,,,
Scenario1,0,RE1,,PWRWND007,,2019,,,,,,,,,,0.0,,,,,,,
Scenario1,0,RE1,,PWRWND007,,2020,,,,,,,,,,0.0,,,,,,,
Scenario1,0,RE1,,PWRWND007,,2021,,,,,,,,,,0.0,,,,,,,
Scenario1,0,RE1,,PWRWND007,,2022,,,,,,,,,,0.0,,,,,,,
Scenario1,0,RE1,,PWRWND007,,2023,,,,,,,,,,0.0,,,,,,,
Scenario1,0,RE1,,PWRWND007,,2024,,,,,,,,,,0.0,,,,,,,
Scenario1,0,RE1,,PWRWND007,,2025,,,,,,,,,,0.2360542056074764,,,,,,,
Scenario1,0,RE1,,PWRWND007,,2026,,,,,,,,,,0.0,,,,,,,
Scenario1,0,RE1,,PWRWND007,,2027,,,,,,,,,,0.0,,,,,,,
Scenario1,0,RE1,,PWRWND007,,2028,,,,,,,,,,0.0,,,,,,,
Scenario1,0,RE1,,PWRWND007,,2029,,,,,,,,,,0.0,,,,,,,
Scenario1,0,RE1,,PWRWND007,,2030,,,,,,,,,,0.0,,,,,,,
Scenario1,0,RE1,,PWRWND007,,2031,,,,,,,,,,0.0,,,,,,,
Scenario1,0,RE1,,PWRWND007,,2032,,,,,,,,,,0.0,,,,,,,
Scenario1,0,RE1,,PWRWND007,,2033,,,,,,,,,,0.0,,,,,,,
Scenario1,0,RE1,,PWRWND007,,2034,,,,,,,,,,0.0,,,,,,,
Scenario1,0,RE1,,PWRWND007,,2035,,,,,,,,,,0.0,,,,,,,
Scenario1,0,RE1,,PWRWND007,,2036,,,,,,,,,,0.0,,,,,,,
Scenario1,0,RE1,,PWRWND007,,2037,,,,,,,,,,0.0,,,,,,,
Scenario1,0,RE1,,PWRWND007,,2038,,,,,,,,,,0.0,,,,,,,
Scenario1,0,RE1,,PWRWND007,,2039,,,,,,,,,,0.0,,,,,,,
Scenario1,0,RE1,,PWRWND007,,2040,,,,,,,,,,0.0,,,,,,,
Scenario1,0,RE1,,PWRWND007,,2041,,,,,,,,,,0.0,,,,,,,
Scenario1,0,RE1,,PWRWND007,,2042,,,,,,,,,,0.0,,,,,,,
Scenario1,0,RE1,,PWRWND007,,2043,,,,,,,,,,0.0,,,,,,,
Scenario1,0,RE1,,PWRWND007,,2044,,,,,,,,,,0.0,,,,,,,
Scenario1,0,RE1,,PWRWND007,,2045,,,,,,,,,,0.0,,,,,,,
Scenario1,0,RE1,,PWRWND007,,2046,,,,,,,,,,0.0,,,,,,,
Scenario1,0,RE1,,PWRWND007,,2047,,,,,,,,,,0.0,,,,,,,
Scenario1,0,RE1,,PWRWND007,,2048,,,,,,,,,,0.0,,,,,,,
Scenario1,0,RE1,,PWRWND007,,2049,,,,,,,,,,0.0,,,,,,,
Scenario1,0,RE1,,PWRWND007,,2050,,,,,,,,,,0.0,,,,,,,
Scenario1,0,RE1,,PWRWND008,,2019,,,,,,,,,,0.0,,,,,,,
Scenario1,0,RE1,,PWRWND008,,2020,,,,,,,,,,0.0,,,,,,,
Scenario1,0,RE1,,PWRWND008,,2021,,,,,,,,,,0.0,,,,,,,
Scenario1,0,RE1,,PWRWND008,,2022,,,,,,,,,,0.0,,,,,,,
Scenario1,0,RE1,,PWRWND008,,2023,,,,,,,,,,0.0,,,,,,,
Scenario1,0,RE1,,PWRWND008,,2024,,,,,,,,,,0.0,,,,,,,
Scenario1,0,RE1,,PWRWND008,,2025,,,,,,,,,,0.2360542056074764,,,,,,,
Scenario1,0,RE1,,PWRWND008,,2026,,,,,,,,,,0.0,,,,,,,
Scenario1,0,RE1,,PWRWND008,,2027,,,,,,,,,,0.0,,,,,,,
Scenario1,0,RE1,,PWRWND008,,2028,,,,,,,,,,0.0,,,,,,,
Scenario1,0,RE1,,PWRWND008,,2029,,,,,,,,,,0.0,,,,,,,
Scenario1,0,RE1,,PWRWND008,,2030,,,,,,,,,,0.0,,,,,,,
Scenario1,0,RE1,,PWRWND008,,2031,,,,,,,,,,0.0,,,,,,,
Scenario1,0,RE1,,PWRWND008,,2032,,,,,,,,,,0.0,,,,,,,
Scenario1,0,RE1,,PWRWND008,,2033,,,,,,,,,,0.0,,,,,,,
Scenario1,0,RE1,,PWRWND008,,2034,,,,,,,,,,0.0,,,,,,,
Scenario1,0,RE1,,PWRWND008,,2035,,,,,,,,,,0.0,,,,,,,
Scenario1,0,RE1,,PWRWND008,,2036,,,,,,,,,,0.0,,,,,,,
Scenario1,0,RE1,,PWRWND008,,2037,,,,,,,,,,0.0,,,,,,,
Scenario1,0,RE1,,PWRWND008,,2038,,,,,,,,,,0.0,,,,,,,
Scenario1,0,RE1,,PWRWND008,,2039,,,,,,,,,,0.0,,,,,,,
Scenario1,0,RE1,,PWRWND008,,2040,,,,,,,,,,0.0,,,,,,,
Scenario1,0,RE1,,PWRWND008,,2041,,,,,,,,,,0.0,,,,,,,
Scenario1,0,RE1,,PWRWND008,,2042,,,,,,,,,,0.0,,,,,,,
Scenario1,0,RE1,,PWRWND008,,2043,,,,,,,,,,0.0,,,,,,,
Scenario1,0,RE1,,PWRWND008,,2044,,,,,,,,,,0.0,,,,,,,
Scenario1,0,RE1,,PWRWND008,,2045,,,,,,,,,,0.0,,,,,,,
Scenario1,0,RE1,,PWRWND008,,2046,,,,,,,,,,0.0,,,,,,,
Scenario1,0,RE1,,PWRWND008,,2047,,,,,,,,,,0.0,,,,,,,
Scenario1,0,RE1,,PWRWND008,,2048,,,,,,,,,,0.0,,,,,,,
Scenario1,0,RE1,,PWRWND008,,2049,,,,,,,,,,0.0,,,,,,,
Scenario1,0,RE1,,PWRWND008,,2050,,,,,,,,,,0.0,,,,,,,
Scenario1,0,RE1,,PWRWND009,,2019,,,,,,,,,,0.0,,,,,,,
Scenario1,0,RE1,,PWRWND009,,2020,,,,,,,,,,0.0,,,,,,,
Scenario1,0,RE1,,PWRWND009,,2021,,,,,,,,,,0.0,,,,,,,
Scenario1,0,RE1,,PWRWND009,,2022,,,,,,,,,,0.0,,,,,,,
Scenario1,0,RE1,,PWRWND009,,2023,,,,,,,,,,0.0,,,,,,,
Scenario1,0,RE1,,PWRWND009,,2024,,,,,,,,,,0.0,,,,,,,
Scenario1,0,RE1,,PWRWND009,,2025,,,,,,,,,,0.2360542056074764,,,,,,,
Scenario1,0,RE1,,PWRWND009,,2026,,,,,,,,,,0.0,,,,,,,
Scenario1,0,RE1,,PWRWND009,,2027,,,,,,,,,,0.0,,,,,,,
Scenario1,0,RE1,,PWRWND009,,2028,,,,,,,,,,0.0,,,,,,,
Scenario1,0,RE1,,PWRWND009,,2029,,,,,,,,,,0.0,,,,,,,
Scenario1,0,RE1,,PWRWND009,,2030,,,,,,,,,,0.0,,,,,,,
Scenario1,0,RE1,,PWRWND009,,2031,,,,,,,,,,0.0,,,,,,,
Scenario1,0,RE1,,PWRWND009,,2032,,,,,,,,,,0.0,,,,,,,
Scenario1,0,RE1,,PWRWND009,,2033,,,,,,,,,,0.0,,,,,,,
Scenario1,0,RE1,,PWRWND009,,2034,,,,,,,,,,0.0,,,,,,,
Scenario1,0,RE1,,PWRWND009,,2035,,,,,,,,,,0.0,,,,,,,
Scenario1,0,RE1,,PWRWND009,,2036,,,,,,,,,,0.0,,,,,,,
Scenario1,0,RE1,,PWRWND009,,2037,,,,,,,,,,0.0,,,,,,,
Scenario1,0,RE1,,PWRWND009,,2038,,,,,,,,,,0.0,,,,,,,
Scenario1,0,RE1,,PWRWND009,,2039,,,,,,,,,,0.0,,,,,,,
Scenario1,0,RE1,,PWRWND009,,2040,,,,,,,,,,0.0,,,,,,,
Scenario1,0,RE1,,PWRWND009,,2041,,,,,,,,,,0.0,,,,,,,
Scenario1,0,RE1,,PWRWND009,,2042,,,,,,,,,,0.0,,,,,,,
Scenario1,0,RE1,,PWRWND009,,2043,,,,,,,,,,0.0,,,,,,,
Scenario1,0,RE1,,PWRWND009,,2044,,,,,,,,,,0.0,,,,,,,
Scenario1,0,RE1,,PWRWND009,,2045,,,,,,,,,,0.0,,,,,,,
Scenario1,0,RE1,,PWRWND009,,2046,,,,,,,,,,0.0,,,,,,,
Scenario1,0,RE1,,PWRWND009,,2047,,,,,,,,,,0.0,,,,,,,
Scenario1,0,RE1,,PWRWND009,,2048,,,,,,,,,,0.0,,,,,,,
Scenario1,0,RE1,,PWRWND009,,2049,,,,,,,,,,0.0,,,,,,,
Scenario1,0,RE1,,PWRWND009,,2050,,,,,,,,,,0.0,,,,,,,
Scenario1,0,RE1,,PWRWND010,,2019,,,,,,,,,,0.0,,,,,,,
Scenario1,0,RE1,,PWRWND010,,2020,,,,,,,,,,0.0,,,,,,,
Scenario1,0,RE1,,PWRWND010,,2021,,,,,,,,,,0.0,,,,,,,
Scenario1,0,RE1,,PWRWND010,,2022,,,,,,,,,,0.0,,,,,,,
Scenario1,0,RE1,,PWRWND010,,2023,,,,,,,,,,0.0,,,,,,,
Scenario1,0,RE1,,PWRWND010,,2024,,,,,,,,,,0.0,,,,,,,
Scenario1,0,RE1,,PWRWND010,,2025,,,,,,,,,,0.2360542056074764,,,,,,,
Scenario1,0,RE1,,PWRWND010,,2026,,,,,,,,,,0.0,,,,,,,
Scenario1,0,RE1,,PWRWND010,,2027,,,,,,,,,,0.0,,,,,,,
Scenario1,0,RE1,,PWRWND010,,2028,,,,,,,,,,0.0,,,,,,,
Scenario1,0,RE1,,PWRWND010,,2029,,,,,,,,,,0.0,,,,,,,
Scenario1,0,RE1,,PWRWND010,,2030,,,,,,,,,,0.0,,,,,,,
Scenario1,0,RE1,,PWRWND010,,2031,,,,,,,,,,0.0,,,,,,,
Scenario1,0,RE1,,PWRWND010,,2032,,,,,,,,,,0.0,,,,,,,
Scenario1,0,RE1,,PWRWND010,,2033,,,,,,,,,,0.0,,,,,,,
Scenario1,0,RE1,,PWRWND010,,2034,,,,,,,,,,0.0,,,,,,,
Scenario1,0,RE1,,PWRWND010,,2035,,,,,,,,,,0.0,,,,,,,
Scenario1,0,RE1,,PWRWND010,,2036,,,,,,,,,,0.0,,,,,,,
Scenario1,0,RE1,,PWRWND010,,2037,,,,,,,,,,0.0,,,,,,,
Scenario1,0,RE1,,PWRWND010,,2038,,,,,,,,,,0.0,,,,,,,
Scenario1,0,RE1,,PWRWND010,,2039,,,,,,,,,,0.0,,,,,,,
Scenario1,0,RE1,,PWRWND010,,2040,,,,,,,,,,0.0,,,,,,,
Scenario1,0,RE1,,PWRWND010,,2041,,,,,,,,,,0.0,,,,,,,
Scenario1,0,RE1,,PWRWND010,,2042,,,,,,,,,,0.0,,,,,,,
Scenario1,0,RE1,,PWRWND010,,2043,,,,,,,,,,0.0,,,,,,,
Scenario1,0,RE1,,PWRWND010,,2044,,,,,,,,,,0.0,,,,,,,
Scenario1,0,RE1,,PWRWND010,,2045,,,,,,,,,,0.225282656805088,,,,,,,
Scenario1,0,RE1,,PWRWND010,,2046,,,,,,,,,,0.0,,,,,,,
Scenario1,0,RE1,,PWRWND010,,2047,,,,,,,,,,0.0,,,,,,,
Scenario1,0,RE1,,PWRWND010,,2048,,,,,,,,,,0.0,,,,,,,
Scenario1,0,RE1,,PWRWND010,,2049,,,,,,,,,,0.0,,,,,,,
Scenario1,0,RE1,,PWRWND010,,2050,,,,,,,,,,0.0,,,,,,,
Scenario1,0,RE1,,PWRWND011,,2019,,,,,,,,,,0.0025,,,,,,,
Scenario1,0,RE1,,PWRWND011,,2020,,,,,,,,,,0.0,,,,,,,
Scenario1,0,RE1,,PWRWND011,,2021,,,,,,,,,,0.0999999999999999,,,,,,,
Scenario1,0,RE1,,PWRWND011,,2022,,,,,,,,,,0.0,,,,,,,
Scenario1,0,RE1,,PWRWND011,,2023,,,,,,,,,,0.0,,,,,,,
Scenario1,0,RE1,,PWRWND011,,2024,,,,,,,,,,0.0,,,,,,,
Scenario1,0,RE1,,PWRWND011,,2025,,,,,,,,,,0.0219999999999999,,,,,,,
Scenario1,0,RE1,,PWRWND011,,2026,,,,,,,,,,0.05,,,,,,,
Scenario1,0,RE1,,PWRWND011,,2027,,,,,,,,,,0.0,,,,,,,
Scenario1,0,RE1,,PWRWND011,,2028,,,,,,,,,,0.0,,,,,,,
Scenario1,0,RE1,,PWRWND011,,2029,,,,,,,,,,0.0,,,,,,,
Scenario1,0,RE1,,PWRWND011,,2030,,,,,,,,,,0.0,,,,,,,
Scenario1,0,RE1,,PWRWND011,,2031,,,,,,,,,,0.0,,,,,,,
Scenario1,0,RE1,,PWRWND011,,2032,,,,,,,,,,0.0,,,,,,,
Scenario1,0,RE1,,PWRWND011,,2033,,,,,,,,,,0.0,,,,,,,
Scenario1,0,RE1,,PWRWND011,,2034,,,,,,,,,,0.0,,,,,,,
Scenario1,0,RE1,,PWRWND011,,2035,,,,,,,,,,0.0,,,,,,,
Scenario1,0,RE1,,PWRWND011,,2036,,,,,,,,,,0.0,,,,,,,
Scenario1,0,RE1,,PWRWND011,,2037,,,,,,,,,,0.0,,,,,,,
Scenario1,0,RE1,,PWRWND011,,2038,,,,,,,,,,0.0,,,,,,,
Scenario1,0,RE1,,PWRWND011,,2039,,,,,,,,,,0.0,,,,,,,
Scenario1,0,RE1,,PWRWND011,,2040,,,,,,,,,,0.0,,,,,,,
Scenario1,0,RE1,,PWRWND011,,2041,,,,,,,,,,0.0,,,,,,,
Scenario1,0,RE1,,PWRWND011,,2042,,,,,,,,,,0.0,,,,,,,
Scenario1,0,RE1,,PWRWND011,,2043,,,,,,,,,,0.0,,,,,,,
Scenario1,0,RE1,,PWRWND011,,2044,,,,,,,,,,0.0,,,,,,,
Scenario1,0,RE1,,PWRWND011,,2045,,,,,,,,,,0.0,,,,,,,
Scenario1,0,RE1,,PWRWND011,,2046,,,,,,,,,,0.0,,,,,,,
Scenario1,0,RE1,,PWRWND011,,2047,,,,,,,,,,0.0,,,,,,,
Scenario1,0,RE1,,PWRWND011,,2048,,,,,,,,,,0.0,,,,,,,
Scenario1,0,RE1,,PWRWND011,,2049,,,,,,,,,,0.0,,,,,,,
Scenario1,0,RE1,,PWRWND011,,2050,,,,,,,,,,0.0,,,,,,,
Scenario1,0,RE1,,DEMCOMELC,,2019,,,,,,,,,,1.1747365095775535,,,,,,,
Scenario1,0,RE1,,DEMCOMELC,,2020,,,,,,,,,,0.0,,,,,,,
Scenario1,0,RE1,,DEMCOMELC,,2021,,,,,,,,,,0.0,,,,,,,
Scenario1,0,RE1,,DEMCOMELC,,2022,,,,,,,,,,0.0,,,,,,,
Scenario1,0,RE1,,DEMCOMELC,,2023,,,,,,,,,,0.0,,,,,,,
Scenario1,0,RE1,,DEMCOMELC,,2024,,,,,,,,,,0.0,,,,,,,
Scenario1,0,RE1,,DEMCOMELC,,2025,,,,,,,,,,0.0,,,,,,,
Scenario1,0,RE1,,DEMCOMELC,,2026,,,,,,,,,,0.0,,,,,,,
Scenario1,0,RE1,,DEMCOMELC,,2027,,,,,,,,,,0.0,,,,,,,
Scenario1,0,RE1,,DEMCOMELC,,2028,,,,,,,,,,0.0,,,,,,,
Scenario1,0,RE1,,DEMCOMELC,,2029,,,,,,,,,,0.0,,,,,,,
Scenario1,0,RE1,,DEMCOMELC,,2030,,,,,,,,,,0.0,,,,,,,
Scenario1,0,RE1,,DEMCOMELC,,2031,,,,,,,,,,0.0,,,,,,,
Scenario1,0,RE1,,DEMCOMELC,,2032,,,,,,,,,,0.0,,,,,,,
Scenario1,0,RE1,,DEMCOMELC,,2033,,,,,,,,,,0.0,,,,,,,
Scenario1,0,RE1,,DEMCOMELC,,2034,,,,,,,,,,0.0,,,,,,,
Scenario1,0,RE1,,DEMCOMELC,,2035,,,,,,,,,,0.0,,,,,,,
Scenario1,0,RE1,,DEMCOMELC,,2036,,,,,,,,,,0.0,,,,,,,
Scenario1,0,RE1,,DEMCOMELC,,2037,,,,,,,,,,0.0,,,,,,,
Scenario1,0,RE1,,DEMCOMELC,,2038,,,,,,,,,,0.0,,,,,,,
Scenario1,0,RE1,,DEMCOMELC,,2039,,,,,,,,,,0.0,,,,,,,
Scenario1,0,RE1,,DEMCOMELC,,2040,,,,,,,,,,0.0,,,,,,,
Scenario1,0,RE1,,DEMCOMELC,,2041,,,,,,,,,,0.0,,,,,,,
Scenario1,0,RE1,,DEMCOMELC,,2042,,,,,,,,,,0.0,,,,,,,
Scenario1,0,RE1,,DEMCOMELC,,2043,,,,,,,,,,0.0,,,,,,,
Scenario1,0,RE1,,DEMCOMELC,,2044,,,,,,,,,,0.0,,,,,,,
Scenario1,0,RE1,,DEMCOMELC,,2045,,,,,,,,,,0.0,,,,,,,
Scenario1,0,RE1,,DEMCOMELC,,2046,,,,,,,,,,0.0,,,,,,,
Scenario1,0,RE1,,DEMCOMELC,,2047,,,,,,,,,,0.0,,,,,,,
Scenario1,0,RE1,,DEMCOMELC,,2048,,,,,,,,,,0.0,,,,,,,
Scenario1,0,RE1,,DEMCOMELC,,2049,,,,,,,,,,0.0,,,,,,,
Scenario1,0,RE1,,DEMCOMELC,,2050,,,,,,,,,,999997.8252634904,,,,,,,
Scenario1,0,RE1,,DEMINDELC,,2019,,,,,,,,,,4.047028373682548,,,,,,,
Scenario1,0,RE1,,DEMINDELC,,2020,,,,,,,,,,0.0,,,,,,,
Scenario1,0,RE1,,DEMINDELC,,2021,,,,,,,,,,0.0,,,,,,,
Scenario1,0,RE1,,DEMINDELC,,2022,,,,,,,,,,0.0,,,,,,,
Scenario1,0,RE1,,DEMINDELC,,2023,,,,,,,,,,0.0,,,,,,,
Scenario1,0,RE1,,DEMINDELC,,2024,,,,,,,,,,0.0,,,,,,,
Scenario1,0,RE1,,DEMINDELC,,2025,,,,,,,,,,0.0,,,,,,,
Scenario1,0,RE1,,DEMINDELC,,2026,,,,,,,,,,0.0,,,,,,,
Scenario1,0,RE1,,DEMINDELC,,2027,,,,,,,,,,0.0,,,,,,,
Scenario1,0,RE1,,DEMINDELC,,2028,,,,,,,,,,0.0,,,,,,,
Scenario1,0,RE1,,DEMINDELC,,2029,,,,,,,,,,0.0,,,,,,,
Scenario1,0,RE1,,DEMINDELC,,2030,,,,,,,,,,0.0,,,,,,,
Scenario1,0,RE1,,DEMINDELC,,2031,,,,,,,,,,0.0,,,,,,,
Scenario1,0,RE1,,DEMINDELC,,2032,,,,,,,,,,0.0,,,,,,,
Scenario1,0,RE1,,DEMINDELC,,2033,,,,,,,,,,0.0,,,,,,,
Scenario1,0,RE1,,DEMINDELC,,2034,,,,,,,,,,0.0,,,,,,,
Scenario1,0,RE1,,DEMINDELC,,2035,,,,,,,,,,0.0,,,,,,,
Scenario1,0,RE1,,DEMINDELC,,2036,,,,,,,,,,0.0,,,,,,,
Scenario1,0,RE1,,DEMINDELC,,2037,,,,,,,,,,0.0,,,,,,,
Scenario1,0,RE1,,DEMINDELC,,2038,,,,,,,,,,0.0,,,,,,,
Scenario1,0,RE1,,DEMINDELC,,2039,,,,,,,,,,0.0,,,,,,,
Scenario1,0,RE1,,DEMINDELC,,2040,,,,,,,,,,0.0,,,,,,,
Scenario1,0,RE1,,DEMINDELC,,2041,,,,,,,,,,0.0,,,,,,,
Scenario1,0,RE1,,DEMINDELC,,2042,,,,,,,,,,0.0,,,,,,,
Scenario1,0,RE1,,DEMINDELC,,2043,,,,,,,,,,0.0,,,,,,,
Scenario1,0,RE1,,DEMINDELC,,2044,,,,,,,,,,0.0,,,,,,,
Scenario1,0,RE1,,DEMINDELC,,2045,,,,,,,,,,0.0,,,,,,,
Scenario1,0,RE1,,DEMINDELC,,2046,,,,,,,,,,0.0,,,,,,,
Scenario1,0,RE1,,DEMINDELC,,2047,,,,,,,,,,0.0,,,,,,,
Scenario1,0,RE1,,DEMINDELC,,2048,,,,,,,,,,0.0,,,,,,,
Scenario1,0,RE1,,DEMINDELC,,2049,,,,,,,,,,0.0,,,,,,,
Scenario1,0,RE1,,DEMINDELC,,2050,,,,,,,,,,999994.9529716264,,,,,,,
Scenario1,0,RE1,,DEMRESELC,,2019,,,,,,,,,,2.588292625140001,,,,,,,
Scenario1,0,RE1,,DEMRESELC,,2020,,,,,,,,,,0.0,,,,,,,
Scenario1,0,RE1,,DEMRESELC,,2021,,,,,,,,,,0.0,,,,,,,
Scenario1,0,RE1,,DEMRESELC,,2022,,,,,,,,,,0.0,,,,,,,
Scenario1,0,RE1,,DEMRESELC,,2023,,,,,,,,,,0.0,,,,,,,
Scenario1,0,RE1,,DEMRESELC,,2024,,,,,,,,,,0.0,,,,,,,
Scenario1,0,RE1,,DEMRESELC,,2025,,,,,,,,,,0.0,,,,,,,
Scenario1,0,RE1,,DEMRESELC,,2026,,,,,,,,,,0.0,,,,,,,
Scenario1,0,RE1,,DEMRESELC,,2027,,,,,,,,,,0.0,,,,,,,
Scenario1,0,RE1,,DEMRESELC,,2028,,,,,,,,,,0.0,,,,,,,
Scenario1,0,RE1,,DEMRESELC,,2029,,,,,,,,,,0.0,,,,,,,
Scenario1,0,RE1,,DEMRESELC,,2030,,,,,,,,,,0.0,,,,,,,
Scenario1,0,RE1,,DEMRESELC,,2031,,,,,,,,,,0.0,,,,,,,
Scenario1,0,RE1,,DEMRESELC,,2032,,,,,,,,,,0.0,,,,,,,
Scenario1,0,RE1,,DEMRESELC,,2033,,,,,,,,,,0.0,,,,,,,
Scenario1,0,RE1,,DEMRESELC,,2034,,,,,,,,,,0.0,,,,,,,
Scenario1,0,RE1,,DEMRESELC,,2035,,,,,,,,,,0.0,,,,,,,
Scenario1,0,RE1,,DEMRESELC,,2036,,,,,,,,,,0.0,,,,,,,
Scenario1,0,RE1,,DEMRESELC,,2037,,,,,,,,,,0.0,,,,,,,
Scenario1,0,RE1,,DEMRESELC,,2038,,,,,,,,,,0.0,,,,,,,
Scenario1,0,RE1,,DEMRESELC,,2039,,,,,,,,,,0.0,,,,,,,
Scenario1,0,RE1,,DEMRESELC,,2040,,,,,,,,,,0.0,,,,,,,
Scenario1,0,RE1,,DEMRESELC,,2041,,,,,,,,,,0.0,,,,,,,
Scenario1,0,RE1,,DEMRESELC,,2042,,,,,,,,,,0.0,,,,,,,
Scenario1,0,RE1,,DEMRESELC,,2043,,,,,,,,,,0.0,,,,,,,
Scenario1,0,RE1,,DEMRESELC,,2044,,,,,,,,,,0.0,,,,,,,
Scenario1,0,RE1,,DEMRESELC,,2045,,,,,,,,,,0.0,,,,,,,
Scenario1,0,RE1,,DEMRESELC,,2046,,,,,,,,,,0.0,,,,,,,
Scenario1,0,RE1,,DEMRESELC,,2047,,,,,,,,,,0.0,,,,,,,
Scenario1,0,RE1,,DEMRESELC,,2048,,,,,,,,,,0.0,,,,,,,
Scenario1,0,RE1,,DEMRESELC,,2049,,,,,,,,,,0.0,,,,,,,
Scenario1,0,RE1,,DEMRESELC,,2050,,,,,,,,,,999996.4117073748,,,,,,,
Scenario1,0,RE1,,EXPELC,,2019,,,,,,,,,,0.0,,,,,,,
Scenario1,0,RE1,,EXPELC,,2020,,,,,,,,,,0.0,,,,,,,
Scenario1,0,RE1,,EXPELC,,2021,,,,,,,,,,0.0,,,,,,,
Scenario1,0,RE1,,EXPELC,,2022,,,,,,,,,,0.0,,,,,,,
Scenario1,0,RE1,,EXPELC,,2023,,,,,,,,,,0.0,,,,,,,
Scenario1,0,RE1,,EXPELC,,2024,,,,,,,,,,0.0,,,,,,,
Scenario1,0,RE1,,EXPELC,,2025,,,,,,,,,,0.0,,,,,,,
Scenario1,0,RE1,,EXPELC,,2026,,,,,,,,,,0.0,,,,,,,
Scenario1,0,RE1,,EXPELC,,2027,,,,,,,,,,0.0,,,,,,,
Scenario1,0,RE1,,EXPELC,,2028,,,,,,,,,,0.0,,,,,,,
Scenario1,0,RE1,,EXPELC,,2029,,,,,,,,,,0.0,,,,,,,
Scenario1,0,RE1,,EXPELC,,2030,,,,,,,,,,0.0,,,,,,,
Scenario1,0,RE1,,EXPELC,,2031,,,,,,,,,,0.0,,,,,,,
Scenario1,0,RE1,,EXPELC,,2032,,,,,,,,,,0.0,,,,,,,
Scenario1,0,RE1,,EXPELC,,2033,,,,,,,,,,0.0,,,,,,,
Scenario1,0,RE1,,EXPELC,,2034,,,,,,,,,,0.0,,,,,,,
Scenario1,0,RE1,,EXPELC,,2035,,,,,,,,,,0.0,,,,,,,
Scenario1,0,RE1,,EXPELC,,2036,,,,,,,,,,0.0,,,,,,,
Scenario1,0,RE1,,EXPELC,,2037,,,,,,,,,,0.0,,,,,,,
Scenario1,0,RE1,,EXPELC,,2038,,,,,,,,,,0.0,,,,,,,
Scenario1,0,RE1,,EXPELC,,2039,,,,,,,,,,0.0,,,,,,,
Scenario1,0,RE1,,EXPELC,,2040,,,,,,,,,,0.0,,,,,,,
Scenario1,0,RE1,,EXPELC,,2041,,,,,,,,,,0.0,,,,,,,
Scenario1,0,RE1,,EXPELC,,2042,,,,,,,,,,0.0,,,,,,,
Scenario1,0,RE1,,EXPELC,,2043,,,,,,,,,,0.0,,,,,,,
Scenario1,0,RE1,,EXPELC,,2044,,,,,,,,,,0.0,,,,,,,
Scenario1,0,RE1,,EXPELC,,2045,,,,,,,,,,0.0,,,,,,,
Scenario1,0,RE1,,EXPELC,,2046,,,,,,,,,,0.0,,,,,,,
Scenario1,0,RE1,,EXPELC,,2047,,,,,,,,,,0.0,,,,,,,
Scenario1,0,RE1,,EXPELC,,2048,,,,,,,,,,0.0,,,,,,,
Scenario1,0,RE1,,EXPELC,,2049,,,,,,,,,,0.0,,,,,,,
Scenario1,0,RE1,,EXPELC,,2050,,,,,,,,,,999999.0,,,,,,,
Scenario1,0,RE1,,IMPBIO,,2019,,,,,,,,,,999999.0,,,,,,,
Scenario1,0,RE1,,IMPBIO,,2020,,,,,,,,,,999999.0,,,,,,,
Scenario1,0,RE1,,IMPBIO,,2021,,,,,,,,,,999999.0,,,,,,,
Scenario1,0,RE1,,IMPBIO,,2022,,,,,,,,,,999999.0,,,,,,,
Scenario1,0,RE1,,IMPBIO,,2023,,,,,,,,,,999999.0,,,,,,,
Scenario1,0,RE1,,IMPBIO,,2024,,,,,,,,,,999999.0,,,,,,,
Scenario1,0,RE1,,IMPBIO,,2025,,,,,,,,,,999999.0,,,,,,,
Scenario1,0,RE1,,IMPBIO,,2026,,,,,,,,,,999999.0,,,,,,,
Scenario1,0,RE1,,IMPBIO,,2027,,,,,,,,,,999999.0,,,,,,,
Scenario1,0,RE1,,IMPBIO,,2028,,,,,,,,,,999999.0,,,,,,,
Scenario1,0,RE1,,IMPBIO,,2029,,,,,,,,,,999999.0,,,,,,,
Scenario1,0,RE1,,IMPBIO,,2030,,,,,,,,,,999999.0,,,,,,,
Scenario1,0,RE1,,IMPBIO,,2031,,,,,,,,,,999999.0,,,,,,,
Scenario1,0,RE1,,IMPBIO,,2032,,,,,,,,,,999999.0,,,,,,,
Scenario1,0,RE1,,IMPBIO,,2033,,,,,,,,,,999999.0,,,,,,,
Scenario1,0,RE1,,IMPBIO,,2034,,,,,,,,,,999999.0,,,,,,,
Scenario1,0,RE1,,IMPBIO,,2035,,,,,,,,,,999999.0,,,,,,,
Scenario1,0,RE1,,IMPBIO,,2036,,,,,,,,,,999999.0,,,,,,,
Scenario1,0,RE1,,IMPBIO,,2037,,,,,,,,,,999999.0,,,,,,,
Scenario1,0,RE1,,IMPBIO,,2038,,,,,,,,,,999999.0,,,,,,,
Scenario1,0,RE1,,IMPBIO,,2039,,,,,,,,,,999999.0,,,,,,,
Scenario1,0,RE1,,IMPBIO,,2040,,,,,,,,,,999999.0,,,,,,,
Scenario1,0,RE1,,IMPBIO,,2041,,,,,,,,,,999999.0,,,,,,,
Scenario1,0,RE1,,IMPBIO,,2042,,,,,,,,,,999999.0,,,,,,,
Scenario1,0,RE1,,IMPBIO,,2043,,,,,,,,,,999999.0,,,,,,,
Scenario1,0,RE1,,IMPBIO,,2044,,,,,,,,,,999999.0,,,,,,,
Scenario1,0,RE1,,IMPBIO,,2045,,,,,,,,,,999999.0,,,,,,,
Scenario1,0,RE1,,IMPBIO,,2046,,,,,,,,,,999999.0,,,,,,,
Scenario1,0,RE1,,IMPBIO,,2047,,,,,,,,,,999999.0,,,,,,,
Scenario1,0,RE1,,IMPBIO,,2048,,,,,,,,,,999999.0,,,,,,,
Scenario1,0,RE1,,IMPBIO,,2049,,,,,,,,,,999999.0,,,,,,,
Scenario1,0,RE1,,IMPBIO,,2050,,,,,,,,,,999999.0,,,,,,,
Scenario1,0,RE1,,IMPCOA,,2019,,,,,,,,,,999999.0,,,,,,,
Scenario1,0,RE1,,IMPCOA,,2020,,,,,,,,,,999999.0,,,,,,,
Scenario1,0,RE1,,IMPCOA,,2021,,,,,,,,,,999999.0,,,,,,,
Scenario1,0,RE1,,IMPCOA,,2022,,,,,,,,,,999999.0,,,,,,,
Scenario1,0,RE1,,IMPCOA,,2023,,,,,,,,,,999999.0,,,,,,,
Scenario1,0,RE1,,IMPCOA,,2024,,,,,,,,,,999999.0,,,,,,,
Scenario1,0,RE1,,IMPCOA,,2025,,,,,,,,,,999999.0,,,,,,,
Scenario1,0,RE1,,IMPCOA,,2026,,,,,,,,,,999999.0,,,,,,,
Scenario1,0,RE1,,IMPCOA,,2027,,,,,,,,,,999999.0,,,,,,,
Scenario1,0,RE1,,IMPCOA,,2028,,,,,,,,,,999999.0,,,,,,,
Scenario1,0,RE1,,IMPCOA,,2029,,,,,,,,,,999999.0,,,,,,,
Scenario1,0,RE1,,IMPCOA,,2030,,,,,,,,,,999999.0,,,,,,,
Scenario1,0,RE1,,IMPCOA,,2031,,,,,,,,,,999999.0,,,,,,,
Scenario1,0,RE1,,IMPCOA,,2032,,,,,,,,,,999999.0,,,,,,,
Scenario1,0,RE1,,IMPCOA,,2033,,,,,,,,,,999999.0,,,,,,,
Scenario1,0,RE1,,IMPCOA,,2034,,,,,,,,,,999999.0,,,,,,,
Scenario1,0,RE1,,IMPCOA,,2035,,,,,,,,,,999999.0,,,,,,,
Scenario1,0,RE1,,IMPCOA,,2036,,,,,,,,,,999999.0,,,,,,,
Scenario1,0,RE1,,IMPCOA,,2037,,,,,,,,,,999999.0,,,,,,,
Scenario1,0,RE1,,IMPCOA,,2038,,,,,,,,,,999999.0,,,,,,,
Scenario1,0,RE1,,IMPCOA,,2039,,,,,,,,,,999999.0,,,,,,,
Scenario1,0,RE1,,IMPCOA,,2040,,,,,,,,,,999999.0,,,,,,,
Scenario1,0,RE1,,IMPCOA,,2041,,,,,,,,,,999999.0,,,,,,,
Scenario1,0,RE1,,IMPCOA,,2042,,,,,,,,,,999999.0,,,,,,,
Scenario1,0,RE1,,IMPCOA,,2043,,,,,,,,,,999999.0,,,,,,,
Scenario1,0,RE1,,IMPCOA,,2044,,,,,,,,,,999999.0,,,,,,,
Scenario1,0,RE1,,IMPCOA,,2045,,,,,,,,,,999999.0,,,,,,,
Scenario1,0,RE1,,IMPCOA,,2046,,,,,,,,,,999999.0,,,,,,,
Scenario1,0,RE1,,IMPCOA,,2047,,,,,,,,,,999999.0,,,,,,,
Scenario1,0,RE1,,IMPCOA,,2048,,,,,,,,,,999999.0,,,,,,,
Scenario1,0,RE1,,IMPCOA,,2049,,,,,,,,,,999999.0,,,,,,,
Scenario1,0,RE1,,IMPCOA,,2050,,,,,,,,,,999999.0,,,,,,,
Scenario1,0,RE1,,IMPELC001,,2019,,,,,,,,,,0.0,,,,,,,
Scenario1,0,RE1,,IMPELC001,,2020,,,,,,,,,,0.0,,,,,,,
Scenario1,0,RE1,,IMPELC001,,2021,,,,,,,,,,0.0,,,,,,,
Scenario1,0,RE1,,IMPELC001,,2022,,,,,,,,,,0.2,,,,,,,
Scenario1,0,RE1,,IMPELC001,,2023,,,,,,,,,,0.0,,,,,,,
Scenario1,0,RE1,,IMPELC001,,2024,,,,,,,,,,0.0,,,,,,,
Scenario1,0,RE1,,IMPELC001,,2025,,,,,,,,,,0.0,,,,,,,
Scenario1,0,RE1,,IMPELC001,,2026,,,,,,,,,,0.2,,,,,,,
Scenario1,0,RE1,,IMPELC001,,2027,,,,,,,,,,0.0,,,,,,,
Scenario1,0,RE1,,IMPELC001,,2028,,,,,,,,,,0.0,,,,,,,
Scenario1,0,RE1,,IMPELC001,,2029,,,,,,,,,,0.0,,,,,,,
Scenario1,0,RE1,,IMPELC001,,2030,,,,,,,,,,0.0,,,,,,,
Scenario1,0,RE1,,IMPELC001,,2031,,,,,,,,,,0.0,,,,,,,
Scenario1,0,RE1,,IMPELC001,,2032,,,,,,,,,,0.0,,,,,,,
Scenario1,0,RE1,,IMPELC001,,2033,,,,,,,,,,0.0,,,,,,,
Scenario1,0,RE1,,IMPELC001,,2034,,,,,,,,,,0.0,,,,,,,
Scenario1,0,RE1,,IMPELC001,,2035,,,,,,,,,,0.0,,,,,,,
Scenario1,0,RE1,,IMPELC001,,2036,,,,,,,,,,0.0,,,,,,,
Scenario1,0,RE1,,IMPELC001,,2037,,,,,,,,,,0.0,,,,,,,
Scenario1,0,RE1,,IMPELC001,,2038,,,,,,,,,,0.0,,,,,,,
Scenario1,0,RE1,,IMPELC001,,2039,,,,,,,,,,0.0,,,,,,,
Scenario1,0,RE1,,IMPELC001,,2040,,,,,,,,,,0.0,,,,,,,
Scenario1,0,RE1,,IMPELC001,,2041,,,,,,,,,,0.0,,,,,,,
Scenario1,0,RE1,,IMPELC001,,2042,,,,,,,,,,0.0,,,,,,,
Scenario1,0,RE1,,IMPELC001,,2043,,,,,,,,,,0.0,,,,,,,
Scenario1,0,RE1,,IMPELC001,,2044,,,,,,,,,,0.0,,,,,,,
Scenario1,0,RE1,,IMPELC001,,2045,,,,,,,,,,0.0,,,,,,,
Scenario1,0,RE1,,IMPELC001,,2046,,,,,,,,,,0.0,,,,,,,
Scenario1,0,RE1,,IMPELC001,,2047,,,,,,,,,,0.2,,,,,,,
Scenario1,0,RE1,,IMPELC001,,2048,,,,,,,,,,0.0,,,,,,,
Scenario1,0,RE1,,IMPELC001,,2049,,,,,,,,,,0.0,,,,,,,
Scenario1,0,RE1,,IMPELC001,,2050,,,,,,,,,,0.0,,,,,,,
Scenario1,0,RE1,,IMPELC002,,2019,,,,,,,,,,0.0,,,,,,,
Scenario1,0,RE1,,IMPELC002,,2020,,,,,,,,,,0.0,,,,,,,
Scenario1,0,RE1,,IMPELC002,,2021,,,,,,,,,,0.0,,,,,,,
Scenario1,0,RE1,,IMPELC002,,2022,,,,,,,,,,0.0,,,,,,,
Scenario1,0,RE1,,IMPELC002,,2023,,,,,,,,,,0.0,,,,,,,
Scenario1,0,RE1,,IMPELC002,,2024,,,,,,,,,,0.0,,,,,,,
Scenario1,0,RE1,,IMPELC002,,2025,,,,,,,,,,0.0,,,,,,,
Scenario1,0,RE1,,IMPELC002,,2026,,,,,,,,,,0.0,,,,,,,
Scenario1,0,RE1,,IMPELC002,,2027,,,,,,,,,,0.0,,,,,,,
Scenario1,0,RE1,,IMPELC002,,2028,,,,,,,,,,0.0,,,,,,,
Scenario1,0,RE1,,IMPELC002,,2029,,,,,,,,,,0.0,,,,,,,
Scenario1,0,RE1,,IMPELC002,,2030,,,,,,,,,,0.0,,,,,,,
Scenario1,0,RE1,,IMPELC002,,2031,,,,,,,,,,0.0,,,,,,,
Scenario1,0,RE1,,IMPELC002,,2032,,,,,,,,,,0.0,,,,,,,
Scenario1,0,RE1,,IMPELC002,,2033,,,,,,,,,,0.0,,,,,,,
Scenario1,0,RE1,,IMPELC002,,2034,,,,,,,,,,0.0,,,,,,,
Scenario1,0,RE1,,IMPELC002,,2035,,,,,,,,,,0.0,,,,,,,
Scenario1,0,RE1,,IMPELC002,,2036,,,,,,,,,,0.0,,,,,,,
Scenario1,0,RE1,,IMPELC002,,2037,,,,,,,,,,0.0,,,,,,,
Scenario1,0,RE1,,IMPELC002,,2038,,,,,,,,,,0.0,,,,,,,
Scenario1,0,RE1,,IMPELC002,,2039,,,,,,,,,,0.0,,,,,,,
Scenario1,0,RE1,,IMPELC002,,2040,,,,,,,,,,0.0,,,,,,,
Scenario1,0,RE1,,IMPELC002,,2041,,,,,,,,,,0.0,,,,,,,
Scenario1,0,RE1,,IMPELC002,,2042,,,,,,,,,,0.0,,,,,,,
Scenario1,0,RE1,,IMPELC002,,2043,,,,,,,,,,0.0,,,,,,,
Scenario1,0,RE1,,IMPELC002,,2044,,,,,,,,,,0.0,,,,,,,
Scenario1,0,RE1,,IMPELC002,,2045,,,,,,,,,,0.0,,,,,,,
Scenario1,0,RE1,,IMPELC002,,2046,,,,,,,,,,0.0,,,,,,,
Scenario1,0,RE1,,IMPELC002,,2047,,,,,,,,,,0.0,,,,,,,
Scenario1,0,RE1,,IMPELC002,,2048,,,,,,,,,,0.0,,,,,,,
Scenario1,0,RE1,,IMPELC002,,2049,,,,,,,,,,0.0,,,,,,,
Scenario1,0,RE1,,IMPELC002,,2050,,,,,,,,,,0.0,,,,,,,
Scenario1,0,RE1,,IMPHFOMOM,,2019,,,,,,,,,,999999.0,,,,,,,
Scenario1,0,RE1,,IMPHFOMOM,,2020,,,,,,,,,,999999.0,,,,,,,
Scenario1,0,RE1,,IMPHFOMOM,,2021,,,,,,,,,,999999.0,,,,,,,
Scenario1,0,RE1,,IMPHFOMOM,,2022,,,,,,,,,,999999.0,,,,,,,
Scenario1,0,RE1,,IMPHFOMOM,,2023,,,,,,,,,,999999.0,,,,,,,
Scenario1,0,RE1,,IMPHFOMOM,,2024,,,,,,,,,,999999.0,,,,,,,
Scenario1,0,RE1,,IMPHFOMOM,,2025,,,,,,,,,,999999.0,,,,,,,
Scenario1,0,RE1,,IMPHFOMOM,,2026,,,,,,,,,,999999.0,,,,,,,
Scenario1,0,RE1,,IMPHFOMOM,,2027,,,,,,,,,,999999.0,,,,,,,
Scenario1,0,RE1,,IMPHFOMOM,,2028,,,,,,,,,,999999.0,,,,,,,
Scenario1,0,RE1,,IMPHFOMOM,,2029,,,,,,,,,,999999.0,,,,,,,
Scenario1,0,RE1,,IMPHFOMOM,,2030,,,,,,,,,,999999.0,,,,,,,
Scenario1,0,RE1,,IMPHFOMOM,,2031,,,,,,,,,,999999.0,,,,,,,
Scenario1,0,RE1,,IMPHFOMOM,,2032,,,,,,,,,,999999.0,,,,,,,
Scenario1,0,RE1,,IMPHFOMOM,,2033,,,,,,,,,,999999.0,,,,,,,
Scenario1,0,RE1,,IMPHFOMOM,,2034,,,,,,,,,,999999.0,,,,,,,
Scenario1,0,RE1,,IMPHFOMOM,,2035,,,,,,,,,,999999.0,,,,,,,
Scenario1,0,RE1,,IMPHFOMOM,,2036,,,,,,,,,,999999.0,,,,,,,
Scenario1,0,RE1,,IMPHFOMOM,,2037,,,,,,,,,,999999.0,,,,,,,
Scenario1,0,RE1,,IMPHFOMOM,,2038,,,,,,,,,,999999.0,,,,,,,
Scenario1,0,RE1,,IMPHFOMOM,,2039,,,,,,,,,,999999.0,,,,,,,
Scenario1,0,RE1,,IMPHFOMOM,,2040,,,,,,,,,,999999.0,,,,,,,
Scenario1,0,RE1,,IMPHFOMOM,,2041,,,,,,,,,,999999.0,,,,,,,
Scenario1,0,RE1,,IMPHFOMOM,,2042,,,,,,,,,,999999.0,,,,,,,
Scenario1,0,RE1,,IMPHFOMOM,,2043,,,,,,,,,,999999.0,,,,,,,
Scenario1,0,RE1,,IMPHFOMOM,,2044,,,,,,,,,,999999.0,,,,,,,
Scenario1,0,RE1,,IMPHFOMOM,,2045,,,,,,,,,,999999.0,,,,,,,
Scenario1,0,RE1,,IMPHFOMOM,,2046,,,,,,,,,,999999.0,,,,,,,
Scenario1,0,RE1,,IMPHFOMOM,,2047,,,,,,,,,,999999.0,,,,,,,
Scenario1,0,RE1,,IMPHFOMOM,,2048,,,,,,,,,,999999.0,,,,,,,
Scenario1,0,RE1,,IMPHFOMOM,,2049,,,,,,,,,,999999.0,,,,,,,
Scenario1,0,RE1,,IMPHFOMOM,,2050,,,,,,,,,,999999.0,,,,,,,
Scenario1,0,RE1,,IMPHFONAI,,2019,,,,,,,,,,999999.0,,,,,,,
Scenario1,0,RE1,,IMPHFONAI,,2020,,,,,,,,,,999999.0,,,,,,,
Scenario1,0,RE1,,IMPHFONAI,,2021,,,,,,,,,,999999.0,,,,,,,
Scenario1,0,RE1,,IMPHFONAI,,2022,,,,,,,,,,999999.0,,,,,,,
Scenario1,0,RE1,,IMPHFONAI,,2023,,,,,,,,,,999999.0,,,,,,,
Scenario1,0,RE1,,IMPHFONAI,,2024,,,,,,,,,,999999.0,,,,,,,
Scenario1,0,RE1,,IMPHFONAI,,2025,,,,,,,,,,999999.0,,,,,,,
Scenario1,0,RE1,,IMPHFONAI,,2026,,,,,,,,,,999999.0,,,,,,,
Scenario1,0,RE1,,IMPHFONAI,,2027,,,,,,,,,,999999.0,,,,,,,
Scenario1,0,RE1,,IMPHFONAI,,2028,,,,,,,,,,999999.0,,,,,,,
Scenario1,0,RE1,,IMPHFONAI,,2029,,,,,,,,,,999999.0,,,,,,,
Scenario1,0,RE1,,IMPHFONAI,,2030,,,,,,,,,,999999.0,,,,,,,
Scenario1,0,RE1,,IMPHFONAI,,2031,,,,,,,,,,999999.0,,,,,,,
Scenario1,0,RE1,,IMPHFONAI,,2032,,,,,,,,,,999999.0,,,,,,,
Scenario1,0,RE1,,IMPHFONAI,,2033,,,,,,,,,,999999.0,,,,,,,
Scenario1,0,RE1,,IMPHFONAI,,2034,,,,,,,,,,999999.0,,,,,,,
Scenario1,0,RE1,,IMPHFONAI,,2035,,,,,,,,,,999999.0,,,,,,,
Scenario1,0,RE1,,IMPHFONAI,,2036,,,,,,,,,,999999.0,,,,,,,
Scenario1,0,RE1,,IMPHFONAI,,2037,,,,,,,,,,999999.0,,,,,,,
Scenario1,0,RE1,,IMPHFONAI,,2038,,,,,,,,,,999999.0,,,,,,,
Scenario1,0,RE1,,IMPHFONAI,,2039,,,,,,,,,,999999.0,,,,,,,
Scenario1,0,RE1,,IMPHFONAI,,2040,,,,,,,,,,999999.0,,,,,,,
Scenario1,0,RE1,,IMPHFONAI,,2041,,,,,,,,,,999999.0,,,,,,,
Scenario1,0,RE1,,IMPHFONAI,,2042,,,,,,,,,,999999.0,,,,,,,
Scenario1,0,RE1,,IMPHFONAI,,2043,,,,,,,,,,999999.0,,,,,,,
Scenario1,0,RE1,,IMPHFONAI,,2044,,,,,,,,,,999999.0,,,,,,,
Scenario1,0,RE1,,IMPHFONAI,,2045,,,,,,,,,,999999.0,,,,,,,
Scenario1,0,RE1,,IMPHFONAI,,2046,,,,,,,,,,999999.0,,,,,,,
Scenario1,0,RE1,,IMPHFONAI,,2047,,,,,,,,,,999999.0,,,,,,,
Scenario1,0,RE1,,IMPHFONAI,,2048,,,,,,,,,,999999.0,,,,,,,
Scenario1,0,RE1,,IMPHFONAI,,2049,,,,,,,,,,999999.0,,,,,,,
Scenario1,0,RE1,,IMPHFONAI,,2050,,,,,,,,,,999999.0,,,,,,,
Scenario1,0,RE1,,IMPLFOELD,,2019,,,,,,,,,,999999.0,,,,,,,
Scenario1,0,RE1,,IMPLFOELD,,2020,,,,,,,,,,999999.0,,,,,,,
Scenario1,0,RE1,,IMPLFOELD,,2021,,,,,,,,,,999999.0,,,,,,,
Scenario1,0,RE1,,IMPLFOELD,,2022,,,,,,,,,,999999.0,,,,,,,
Scenario1,0,RE1,,IMPLFOELD,,2023,,,,,,,,,,999999.0,,,,,,,
Scenario1,0,RE1,,IMPLFOELD,,2024,,,,,,,,,,999999.0,,,,,,,
Scenario1,0,RE1,,IMPLFOELD,,2025,,,,,,,,,,999999.0,,,,,,,
Scenario1,0,RE1,,IMPLFOELD,,2026,,,,,,,,,,999999.0,,,,,,,
Scenario1,0,RE1,,IMPLFOELD,,2027,,,,,,,,,,999999.0,,,,,,,
Scenario1,0,RE1,,IMPLFOELD,,2028,,,,,,,,,,999999.0,,,,,,,
Scenario1,0,RE1,,IMPLFOELD,,2029,,,,,,,,,,999999.0,,,,,,,
Scenario1,0,RE1,,IMPLFOELD,,2030,,,,,,,,,,999999.0,,,,,,,
Scenario1,0,RE1,,IMPLFOELD,,2031,,,,,,,,,,999999.0,,,,,,,
Scenario1,0,RE1,,IMPLFOELD,,2032,,,,,,,,,,999999.0,,,,,,,
Scenario1,0,RE1,,IMPLFOELD,,2033,,,,,,,,,,999999.0,,,,,,,
Scenario1,0,RE1,,IMPLFOELD,,2034,,,,,,,,,,999999.0,,,,,,,
Scenario1,0,RE1,,IMPLFOELD,,2035,,,,,,,,,,999999.0,,,,,,,
Scenario1,0,RE1,,IMPLFOELD,,2036,,,,,,,,,,999999.0,,,,,,,
Scenario1,0,RE1,,IMPLFOELD,,2037,,,,,,,,,,999999.0,,,,,,,
Scenario1,0,RE1,,IMPLFOELD,,2038,,,,,,,,,,999999.0,,,,,,,
Scenario1,0,RE1,,IMPLFOELD,,2039,,,,,,,,,,999999.0,,,,,,,
Scenario1,0,RE1,,IMPLFOELD,,2040,,,,,,,,,,999999.0,,,,,,,
Scenario1,0,RE1,,IMPLFOELD,,2041,,,,,,,,,,999999.0,,,,,,,
Scenario1,0,RE1,,IMPLFOELD,,2042,,,,,,,,,,999999.0,,,,,,,
Scenario1,0,RE1,,IMPLFOELD,,2043,,,,,,,,,,999999.0,,,,,,,
Scenario1,0,RE1,,IMPLFOELD,,2044,,,,,,,,,,999999.0,,,,,,,
Scenario1,0,RE1,,IMPLFOELD,,2045,,,,,,,,,,999999.0,,,,,,,
Scenario1,0,RE1,,IMPLFOELD,,2046,,,,,,,,,,999999.0,,,,,,,
Scenario1,0,RE1,,IMPLFOELD,,2047,,,,,,,,,,999999.0,,,,,,,
Scenario1,0,RE1,,IMPLFOELD,,2048,,,,,,,,,,999999.0,,,,,,,
Scenario1,0,RE1,,IMPLFOELD,,2049,,,,,,,,,,999999.0,,,,,,,
Scenario1,0,RE1,,IMPLFOELD,,2050,,,,,,,,,,999999.0,,,,,,,
Scenario1,0,RE1,,IMPURN,,2019,,,,,,,,,,999999.0,,,,,,,
Scenario1,0,RE1,,IMPURN,,2020,,,,,,,,,,999999.0,,,,,,,
Scenario1,0,RE1,,IMPURN,,2021,,,,,,,,,,999999.0,,,,,,,
Scenario1,0,RE1,,IMPURN,,2022,,,,,,,,,,999999.0,,,,,,,
Scenario1,0,RE1,,IMPURN,,2023,,,,,,,,,,999999.0,,,,,,,
Scenario1,0,RE1,,IMPURN,,2024,,,,,,,,,,999999.0,,,,,,,
Scenario1,0,RE1,,IMPURN,,2025,,,,,,,,,,999999.0,,,,,,,
Scenario1,0,RE1,,IMPURN,,2026,,,,,,,,,,999999.0,,,,,,,
Scenario1,0,RE1,,IMPURN,,2027,,,,,,,,,,999999.0,,,,,,,
Scenario1,0,RE1,,IMPURN,,2028,,,,,,,,,,999999.0,,,,,,,
Scenario1,0,RE1,,IMPURN,,2029,,,,,,,,,,999999.0,,,,,,,
Scenario1,0,RE1,,IMPURN,,2030,,,,,,,,,,999999.0,,,,,,,
Scenario1,0,RE1,,IMPURN,,2031,,,,,,,,,,999999.0,,,,,,,
Scenario1,0,RE1,,IMPURN,,2032,,,,,,,,,,999999.0,,,,,,,
Scenario1,0,RE1,,IMPURN,,2033,,,,,,,,,,999999.0,,,,,,,
Scenario1,0,RE1,,IMPURN,,2034,,,,,,,,,,999999.0,,,,,,,
Scenario1,0,RE1,,IMPURN,,2035,,,,,,,,,,999999.0,,,,,,,
Scenario1,0,RE1,,IMPURN,,2036,,,,,,,,,,999999.0,,,,,,,
Scenario1,0,RE1,,IMPURN,,2037,,,,,,,,,,999999.0,,,,,,,
Scenario1,0,RE1,,IMPURN,,2038,,,,,,,,,,999999.0,,,,,,,
Scenario1,0,RE1,,IMPURN,,2039,,,,,,,,,,999999.0,,,,,,,
Scenario1,0,RE1,,IMPURN,,2040,,,,,,,,,,999999.0,,,,,,,
Scenario1,0,RE1,,IMPURN,,2041,,,,,,,,,,999999.0,,,,,,,
Scenario1,0,RE1,,IMPURN,,2042,,,,,,,,,,999999.0,,,,,,,
Scenario1,0,RE1,,IMPURN,,2043,,,,,,,,,,999999.0,,,,,,,
Scenario1,0,RE1,,IMPURN,,2044,,,,,,,,,,999999.0,,,,,,,
Scenario1,0,RE1,,IMPURN,,2045,,,,,,,,,,999999.0,,,,,,,
Scenario1,0,RE1,,IMPURN,,2046,,,,,,,,,,999999.0,,,,,,,
Scenario1,0,RE1,,IMPURN,,2047,,,,,,,,,,999999.0,,,,,,,
Scenario1,0,RE1,,IMPURN,,2048,,,,,,,,,,999999.0,,,,,,,
Scenario1,0,RE1,,IMPURN,,2049,,,,,,,,,,999999.0,,,,,,,
Scenario1,0,RE1,,IMPURN,,2050,,,,,,,,,,999999.0,,,,,,,
Scenario1,0,RE1,,MINBIO,,2019,,,,,,,,,,999999.0,,,,,,,
Scenario1,0,RE1,,MINBIO,,2020,,,,,,,,,,999999.0,,,,,,,
Scenario1,0,RE1,,MINBIO,,2021,,,,,,,,,,999999.0,,,,,,,
Scenario1,0,RE1,,MINBIO,,2022,,,,,,,,,,999999.0,,,,,,,
Scenario1,0,RE1,,MINBIO,,2023,,,,,,,,,,999999.0,,,,,,,
Scenario1,0,RE1,,MINBIO,,2024,,,,,,,,,,999999.0,,,,,,,
Scenario1,0,RE1,,MINBIO,,2025,,,,,,,,,,999999.0,,,,,,,
Scenario1,0,RE1,,MINBIO,,2026,,,,,,,,,,999999.0,,,,,,,
Scenario1,0,RE1,,MINBIO,,2027,,,,,,,,,,999999.0,,,,,,,
Scenario1,0,RE1,,MINBIO,,2028,,,,,,,,,,999999.0,,,,,,,
Scenario1,0,RE1,,MINBIO,,2029,,,,,,,,,,999999.0,,,,,,,
Scenario1,0,RE1,,MINBIO,,2030,,,,,,,,,,999999.0,,,,,,,
Scenario1,0,RE1,,MINBIO,,2031,,,,,,,,,,999999.0,,,,,,,
Scenario1,0,RE1,,MINBIO,,2032,,,,,,,,,,999999.0,,,,,,,
Scenario1,0,RE1,,MINBIO,,2033,,,,,,,,,,999999.0,,,,,,,
Scenario1,0,RE1,,MINBIO,,2034,,,,,,,,,,999999.0,,,,,,,
Scenario1,0,RE1,,MINBIO,,2035,,,,,,,,,,999999.0,,,,,,,
Scenario1,0,RE1,,MINBIO,,2036,,,,,,,,,,999999.0,,,,,,,
Scenario1,0,RE1,,MINBIO,,2037,,,,,,,,,,999999.0,,,,,,,
Scenario1,0,RE1,,MINBIO,,2038,,,,,,,,,,999999.0,,,,,,,
Scenario1,0,RE1,,MINBIO,,2039,,,,,,,,,,999999.0,,,,,,,
Scenario1,0,RE1,,MINBIO,,2040,,,,,,,,,,999999.0,,,,,,,
Scenario1,0,RE1,,MINBIO,,2041,,,,,,,,,,999999.0,,,,,,,
Scenario1,0,RE1,,MINBIO,,2042,,,,,,,,,,999999.0,,,,,,,
Scenario1,0,RE1,,MINBIO,,2043,,,,,,,,,,999999.0,,,,,,,
Scenario1,0,RE1,,MINBIO,,2044,,,,,,,,,,999999.0,,,,,,,
Scenario1,0,RE1,,MINBIO,,2045,,,,,,,,,,999999.0,,,,,,,
Scenario1,0,RE1,,MINBIO,,2046,,,,,,,,,,999999.0,,,,,,,
Scenario1,0,RE1,,MINBIO,,2047,,,,,,,,,,999999.0,,,,,,,
Scenario1,0,RE1,,MINBIO,,2048,,,,,,,,,,999999.0,,,,,,,
Scenario1,0,RE1,,MINBIO,,2049,,,,,,,,,,999999.0,,,,,,,
Scenario1,0,RE1,,MINBIO,,2050,,,,,,,,,,999999.0,,,,,,,
Scenario1,0,RE1,,MINCOA,,2019,,,,,,,,,,999999.0,,,,,,,
Scenario1,0,RE1,,MINCOA,,2020,,,,,,,,,,999999.0,,,,,,,
Scenario1,0,RE1,,MINCOA,,2021,,,,,,,,,,999999.0,,,,,,,
Scenario1,0,RE1,,MINCOA,,2022,,,,,,,,,,999999.0,,,,,,,
Scenario1,0,RE1,,MINCOA,,2023,,,,,,,,,,999999.0,,,,,,,
Scenario1,0,RE1,,MINCOA,,2024,,,,,,,,,,999999.0,,,,,,,
Scenario1,0,RE1,,MINCOA,,2025,,,,,,,,,,999999.0,,,,,,,
Scenario1,0,RE1,,MINCOA,,2026,,,,,,,,,,999999.0,,,,,,,
Scenario1,0,RE1,,MINCOA,,2027,,,,,,,,,,999999.0,,,,,,,
Scenario1,0,RE1,,MINCOA,,2028,,,,,,,,,,999999.0,,,,,,,
Scenario1,0,RE1,,MINCOA,,2029,,,,,,,,,,999999.0,,,,,,,
Scenario1,0,RE1,,MINCOA,,2030,,,,,,,,,,999999.0,,,,,,,
Scenario1,0,RE1,,MINCOA,,2031,,,,,,,,,,999999.0,,,,,,,
Scenario1,0,RE1,,MINCOA,,2032,,,,,,,,,,999999.0,,,,,,,
Scenario1,0,RE1,,MINCOA,,2033,,,,,,,,,,999999.0,,,,,,,
Scenario1,0,RE1,,MINCOA,,2034,,,,,,,,,,999999.0,,,,,,,
Scenario1,0,RE1,,MINCOA,,2035,,,,,,,,,,999999.0,,,,,,,
Scenario1,0,RE1,,MINCOA,,2036,,,,,,,,,,999999.0,,,,,,,
Scenario1,0,RE1,,MINCOA,,2037,,,,,,,,,,999999.0,,,,,,,
Scenario1,0,RE1,,MINCOA,,2038,,,,,,,,,,999999.0,,,,,,,
Scenario1,0,RE1,,MINCOA,,2039,,,,,,,,,,999999.0,,,,,,,
Scenario1,0,RE1,,MINCOA,,2040,,,,,,,,,,999999.0,,,,,,,
Scenario1,0,RE1,,MINCOA,,2041,,,,,,,,,,999999.0,,,,,,,
Scenario1,0,RE1,,MINCOA,,2042,,,,,,,,,,999999.0,,,,,,,
Scenario1,0,RE1,,MINCOA,,2043,,,,,,,,,,999999.0,,,,,,,
Scenario1,0,RE1,,MINCOA,,2044,,,,,,,,,,999999.0,,,,,,,
Scenario1,0,RE1,,MINCOA,,2045,,,,,,,,,,999999.0,,,,,,,
Scenario1,0,RE1,,MINCOA,,2046,,,,,,,,,,999999.0,,,,,,,
Scenario1,0,RE1,,MINCOA,,2047,,,,,,,,,,999999.0,,,,,,,
Scenario1,0,RE1,,MINCOA,,2048,,,,,,,,,,999999.0,,,,,,,
Scenario1,0,RE1,,MINCOA,,2049,,,,,,,,,,999999.0,,,,,,,
Scenario1,0,RE1,,MINCOA,,2050,,,,,,,,,,999999.0,,,,,,,
Scenario1,0,RE1,,MINGEO,,2019,,,,,,,,,,999999.0,,,,,,,
Scenario1,0,RE1,,MINGEO,,2020,,,,,,,,,,999999.0,,,,,,,
Scenario1,0,RE1,,MINGEO,,2021,,,,,,,,,,999999.0,,,,,,,
Scenario1,0,RE1,,MINGEO,,2022,,,,,,,,,,999999.0,,,,,,,
Scenario1,0,RE1,,MINGEO,,2023,,,,,,,,,,999999.0,,,,,,,
Scenario1,0,RE1,,MINGEO,,2024,,,,,,,,,,999999.0,,,,,,,
Scenario1,0,RE1,,MINGEO,,2025,,,,,,,,,,999999.0,,,,,,,
Scenario1,0,RE1,,MINGEO,,2026,,,,,,,,,,999999.0,,,,,,,
Scenario1,0,RE1,,MINGEO,,2027,,,,,,,,,,999999.0,,,,,,,
Scenario1,0,RE1,,MINGEO,,2028,,,,,,,,,,999999.0,,,,,,,
Scenario1,0,RE1,,MINGEO,,2029,,,,,,,,,,999999.0,,,,,,,
Scenario1,0,RE1,,MINGEO,,2030,,,,,,,,,,999999.0,,,,,,,
Scenario1,0,RE1,,MINGEO,,2031,,,,,,,,,,999999.0,,,,,,,
Scenario1,0,RE1,,MINGEO,,2032,,,,,,,,,,999999.0,,,,,,,
Scenario1,0,RE1,,MINGEO,,2033,,,,,,,,,,999999.0,,,,,,,
Scenario1,0,RE1,,MINGEO,,2034,,,,,,,,,,999999.0,,,,,,,
Scenario1,0,RE1,,MINGEO,,2035,,,,,,,,,,999999.0,,,,,,,
Scenario1,0,RE1,,MINGEO,,2036,,,,,,,,,,999999.0,,,,,,,
Scenario1,0,RE1,,MINGEO,,2037,,,,,,,,,,999999.0,,,,,,,
Scenario1,0,RE1,,MINGEO,,2038,,,,,,,,,,999999.0,,,,,,,
Scenario1,0,RE1,,MINGEO,,2039,,,,,,,,,,999999.0,,,,,,,
Scenario1,0,RE1,,MINGEO,,2040,,,,,,,,,,999999.0,,,,,,,
Scenario1,0,RE1,,MINGEO,,2041,,,,,,,,,,999999.0,,,,,,,
Scenario1,0,RE1,,MINGEO,,2042,,,,,,,,,,999999.0,,,,,,,
Scenario1,0,RE1,,MINGEO,,2043,,,,,,,,,,999999.0,,,,,,,
Scenario1,0,RE1,,MINGEO,,2044,,,,,,,,,,999999.0,,,,,,,
Scenario1,0,RE1,,MINGEO,,2045,,,,,,,,,,999999.0,,,,,,,
Scenario1,0,RE1,,MINGEO,,2046,,,,,,,,,,999999.0,,,,,,,
Scenario1,0,RE1,,MINGEO,,2047,,,,,,,,,,999999.0,,,,,,,
Scenario1,0,RE1,,MINGEO,,2048,,,,,,,,,,999999.0,,,,,,,
Scenario1,0,RE1,,MINGEO,,2049,,,,,,,,,,999999.0,,,,,,,
Scenario1,0,RE1,,MINGEO,,2050,,,,,,,,,,999999.0,,,,,,,
Scenario1,0,RE1,,MINHYD,,2019,,,,,,,,,,999999.0,,,,,,,
Scenario1,0,RE1,,MINHYD,,2020,,,,,,,,,,999999.0,,,,,,,
Scenario1,0,RE1,,MINHYD,,2021,,,,,,,,,,999999.0,,,,,,,
Scenario1,0,RE1,,MINHYD,,2022,,,,,,,,,,999999.0,,,,,,,
Scenario1,0,RE1,,MINHYD,,2023,,,,,,,,,,999999.0,,,,,,,
Scenario1,0,RE1,,MINHYD,,2024,,,,,,,,,,999999.0,,,,,,,
Scenario1,0,RE1,,MINHYD,,2025,,,,,,,,,,999999.0,,,,,,,
Scenario1,0,RE1,,MINHYD,,2026,,,,,,,,,,999999.0,,,,,,,
Scenario1,0,RE1,,MINHYD,,2027,,,,,,,,,,999999.0,,,,,,,
Scenario1,0,RE1,,MINHYD,,2028,,,,,,,,,,999999.0,,,,,,,
Scenario1,0,RE1,,MINHYD,,2029,,,,,,,,,,999999.0,,,,,,,
Scenario1,0,RE1,,MINHYD,,2030,,,,,,,,,,999999.0,,,,,,,
Scenario1,0,RE1,,MINHYD,,2031,,,,,,,,,,999999.0,,,,,,,
Scenario1,0,RE1,,MINHYD,,2032,,,,,,,,,,999999.0,,,,,,,
Scenario1,0,RE1,,MINHYD,,2033,,,,,,,,,,999999.0,,,,,,,
Scenario1,0,RE1,,MINHYD,,2034,,,,,,,,,,999999.0,,,,,,,
Scenario1,0,RE1,,MINHYD,,2035,,,,,,,,,,999999.0,,,,,,,
Scenario1,0,RE1,,MINHYD,,2036,,,,,,,,,,999999.0,,,,,,,
Scenario1,0,RE1,,MINHYD,,2037,,,,,,,,,,999999.0,,,,,,,
Scenario1,0,RE1,,MINHYD,,2038,,,,,,,,,,999999.0,,,,,,,
Scenario1,0,RE1,,MINHYD,,2039,,,,,,,,,,999999.0,,,,,,,
Scenario1,0,RE1,,MINHYD,,2040,,,,,,,,,,999999.0,,,,,,,
Scenario1,0,RE1,,MINHYD,,2041,,,,,,,,,,999999.0,,,,,,,
Scenario1,0,RE1,,MINHYD,,2042,,,,,,,,,,999999.0,,,,,,,
Scenario1,0,RE1,,MINHYD,,2043,,,,,,,,,,999999.0,,,,,,,
Scenario1,0,RE1,,MINHYD,,2044,,,,,,,,,,999999.0,,,,,,,
Scenario1,0,RE1,,MINHYD,,2045,,,,,,,,,,999999.0,,,,,,,
Scenario1,0,RE1,,MINHYD,,2046,,,,,,,,,,999999.0,,,,,,,
Scenario1,0,RE1,,MINHYD,,2047,,,,,,,,,,999999.0,,,,,,,
Scenario1,0,RE1,,MINHYD,,2048,,,,,,,,,,999999.0,,,,,,,
Scenario1,0,RE1,,MINHYD,,2049,,,,,,,,,,999999.0,,,,,,,
Scenario1,0,RE1,,MINHYD,,2050,,,,,,,,,,999999.0,,,,,,,
Scenario1,0,RE1,,MINSOL,,2019,,,,,,,,,,999999.0,,,,,,,
Scenario1,0,RE1,,MINSOL,,2020,,,,,,,,,,999999.0,,,,,,,
Scenario1,0,RE1,,MINSOL,,2021,,,,,,,,,,999999.0,,,,,,,
Scenario1,0,RE1,,MINSOL,,2022,,,,,,,,,,999999.0,,,,,,,
Scenario1,0,RE1,,MINSOL,,2023,,,,,,,,,,999999.0,,,,,,,
Scenario1,0,RE1,,MINSOL,,2024,,,,,,,,,,999999.0,,,,,,,
Scenario1,0,RE1,,MINSOL,,2025,,,,,,,,,,999999.0,,,,,,,
Scenario1,0,RE1,,MINSOL,,2026,,,,,,,,,,999999.0,,,,,,,
Scenario1,0,RE1,,MINSOL,,2027,,,,,,,,,,999999.0,,,,,,,
Scenario1,0,RE1,,MINSOL,,2028,,,,,,,,,,999999.0,,,,,,,
Scenario1,0,RE1,,MINSOL,,2029,,,,,,,,,,999999.0,,,,,,,
Scenario1,0,RE1,,MINSOL,,2030,,,,,,,,,,999999.0,,,,,,,
Scenario1,0,RE1,,MINSOL,,2031,,,,,,,,,,999999.0,,,,,,,
Scenario1,0,RE1,,MINSOL,,2032,,,,,,,,,,999999.0,,,,,,,
Scenario1,0,RE1,,MINSOL,,2033,,,,,,,,,,999999.0,,,,,,,
Scenario1,0,RE1,,MINSOL,,2034,,,,,,,,,,999999.0,,,,,,,
Scenario1,0,RE1,,MINSOL,,2035,,,,,,,,,,999999.0,,,,,,,
Scenario1,0,RE1,,MINSOL,,2036,,,,,,,,,,999999.0,,,,,,,
Scenario1,0,RE1,,MINSOL,,2037,,,,,,,,,,999999.0,,,,,,,
Scenario1,0,RE1,,MINSOL,,2038,,,,,,,,,,999999.0,,,,,,,
Scenario1,0,RE1,,MINSOL,,2039,,,,,,,,,,999999.0,,,,,,,
Scenario1,0,RE1,,MINSOL,,2040,,,,,,,,,,999999.0,,,,,,,
Scenario1,0,RE1,,MINSOL,,2041,,,,,,,,,,999999.0,,,,,,,
Scenario1,0,RE1,,MINSOL,,2042,,,,,,,,,,999999.0,,,,,,,
Scenario1,0,RE1,,MINSOL,,2043,,,,,,,,,,999999.0,,,,,,,
Scenario1,0,RE1,,MINSOL,,2044,,,,,,,,,,999999.0,,,,,,,
Scenario1,0,RE1,,MINSOL,,2045,,,,,,,,,,999999.0,,,,,,,
Scenario1,0,RE1,,MINSOL,,2046,,,,,,,,,,999999.0,,,,,,,
Scenario1,0,RE1,,MINSOL,,2047,,,,,,,,,,999999.0,,,,,,,
Scenario1,0,RE1,,MINSOL,,2048,,,,,,,,,,999999.0,,,,,,,
Scenario1,0,RE1,,MINSOL,,2049,,,,,,,,,,999999.0,,,,,,,
Scenario1,0,RE1,,MINSOL,,2050,,,,,,,,,,999999.0,,,,,,,
Scenario1,0,RE1,,MINWND,,2019,,,,,,,,,,999999.0,,,,,,,
Scenario1,0,RE1,,MINWND,,2020,,,,,,,,,,999999.0,,,,,,,
Scenario1,0,RE1,,MINWND,,2021,,,,,,,,,,999999.0,,,,,,,
Scenario1,0,RE1,,MINWND,,2022,,,,,,,,,,999999.0,,,,,,,
Scenario1,0,RE1,,MINWND,,2023,,,,,,,,,,999999.0,,,,,,,
Scenario1,0,RE1,,MINWND,,2024,,,,,,,,,,999999.0,,,,,,,
Scenario1,0,RE1,,MINWND,,2025,,,,,,,,,,999999.0,,,,,,,
Scenario1,0,RE1,,MINWND,,2026,,,,,,,,,,999999.0,,,,,,,
Scenario1,0,RE1,,MINWND,,2027,,,,,,,,,,999999.0,,,,,,,
Scenario1,0,RE1,,MINWND,,2028,,,,,,,,,,999999.0,,,,,,,
Scenario1,0,RE1,,MINWND,,2029,,,,,,,,,,999999.0,,,,,,,
Scenario1,0,RE1,,MINWND,,2030,,,,,,,,,,999999.0,,,,,,,
Scenario1,0,RE1,,MINWND,,2031,,,,,,,,,,999999.0,,,,,,,
Scenario1,0,RE1,,MINWND,,2032,,,,,,,,,,999999.0,,,,,,,
Scenario1,0,RE1,,MINWND,,2033,,,,,,,,,,999999.0,,,,,,,
Scenario1,0,RE1,,MINWND,,2034,,,,,,,,,,999999.0,,,,,,,
Scenario1,0,RE1,,MINWND,,2035,,,,,,,,,,999999.0,,,,,,,
Scenario1,0,RE1,,MINWND,,2036,,,,,,,,,,999999.0,,,,,,,
Scenario1,0,RE1,,MINWND,,2037,,,,,,,,,,999999.0,,,,,,,
Scenario1,0,RE1,,MINWND,,2038,,,,,,,,,,999999.0,,,,,,,
Scenario1,0,RE1,,MINWND,,2039,,,,,,,,,,999999.0,,,,,,,
Scenario1,0,RE1,,MINWND,,2040,,,,,,,,,,999999.0,,,,,,,
Scenario1,0,RE1,,MINWND,,2041,,,,,,,,,,999999.0,,,,,,,
Scenario1,0,RE1,,MINWND,,2042,,,,,,,,,,999999.0,,,,,,,
Scenario1,0,RE1,,MINWND,,2043,,,,,,,,,,999999.0,,,,,,,
Scenario1,0,RE1,,MINWND,,2044,,,,,,,,,,999999.0,,,,,,,
Scenario1,0,RE1,,MINWND,,2045,,,,,,,,,,999999.0,,,,,,,
Scenario1,0,RE1,,MINWND,,2046,,,,,,,,,,999999.0,,,,,,,
Scenario1,0,RE1,,MINWND,,2047,,,,,,,,,,999999.0,,,,,,,
Scenario1,0,RE1,,MINWND,,2048,,,,,,,,,,999999.0,,,,,,,
Scenario1,0,RE1,,MINWND,,2049,,,,,,,,,,999999.0,,,,,,,
Scenario1,0,RE1,,MINWND,,2050,,,,,,,,,,999999.0,,,,,,,
Scenario1,0,RE1,,BACKSTOP,,2019,,,,,,,,,,,0.2720575216660607,,,,,,
Scenario1,0,RE1,,BACKSTOP,,2020,,,,,,,,,,,0.3150523019568896,,,,,,
Scenario1,0,RE1,,BACKSTOP,,2021,,,,,,,,,,,0.415805029605986,,,,,,
Scenario1,0,RE1,,BACKSTOP,,2022,,,,,,,,,,,0.2168423914208421,,,,,,
Scenario1,0,RE1,,BACKSTOP,,2023,,,,,,,,,,,0.2543346621471697,,,,,,
Scenario1,0,RE1,,BACKSTOP,,2024,,,,,,,,,,,0.2993776794079498,,,,,,
Scenario1,0,RE1,,BACKSTOP,,2025,,,,,,,,,,,0.0633167517518046,,,,,,
Scenario1,0,RE1,,BACKSTOP,,2026,,,,,,,,,,,0.0,,,,,,
Scenario1,0,RE1,,BACKSTOP,,2027,,,,,,,,,,,0.0,,,,,,
Scenario1,0,RE1,,BACKSTOP,,2028,,,,,,,,,,,0.0,,,,,,
Scenario1,0,RE1,,BACKSTOP,,2029,,,,,,,,,,,0.0,,,,,,
Scenario1,0,RE1,,BACKSTOP,,2030,,,,,,,,,,,0.0,,,,,,
Scenario1,0,RE1,,BACKSTOP,,2031,,,,,,,,,,,0.0,,,,,,
Scenario1,0,RE1,,BACKSTOP,,2032,,,,,,,,,,,0.0,,,,,,
Scenario1,0,RE1,,BACKSTOP,,2033,,,,,,,,,,,0.0,,,,,,
Scenario1,0,RE1,,BACKSTOP,,2034,,,,,,,,,,,0.0,,,,,,
Scenario1,0,RE1,,BACKSTOP,,2035,,,,,,,,,,,0.0,,,,,,
Scenario1,0,RE1,,BACKSTOP,,2036,,,,,,,,,,,0.0,,,,,,
Scenario1,0,RE1,,BACKSTOP,,2037,,,,,,,,,,,0.0,,,,,,
Scenario1,0,RE1,,BACKSTOP,,2038,,,,,,,,,,,0.0,,,,,,
Scenario1,0,RE1,,BACKSTOP,,2039,,,,,,,,,,,0.0,,,,,,
Scenario1,0,RE1,,BACKSTOP,,2040,,,,,,,,,,,0.0,,,,,,
Scenario1,0,RE1,,BACKSTOP,,2041,,,,,,,,,,,0.0,,,,,,
Scenario1,0,RE1,,BACKSTOP,,2042,,,,,,,,,,,0.0,,,,,,
Scenario1,0,RE1,,BACKSTOP,,2043,,,,,,,,,,,0.0,,,,,,
Scenario1,0,RE1,,BACKSTOP,,2044,,,,,,,,,,,0.0,,,,,,
Scenario1,0,RE1,,BACKSTOP,,2045,,,,,,,,,,,0.0,,,,,,
Scenario1,0,RE1,,BACKSTOP,,2046,,,,,,,,,,,0.0,,,,,,
Scenario1,0,RE1,,BACKSTOP,,2047,,,,,,,,,,,0.0,,,,,,
Scenario1,0,RE1,,BACKSTOP,,2048,,,,,,,,,,,0.0,,,,,,
Scenario1,0,RE1,,BACKSTOP,,2049,,,,,,,,,,,0.0,,,,,,
Scenario1,0,RE1,,BACKSTOP,,2050,,,,,,,,,,,0.0,,,,,,
Scenario1,0,RE1,,BESS_TECH,,2019,,,,,,,,,,,0.0,,,,,,
Scenario1,0,RE1,,BESS_TECH,,2020,,,,,,,,,,,0.0,,,,,,
Scenario1,0,RE1,,BESS_TECH,,2021,,,,,,,,,,,0.0,,,,,,
Scenario1,0,RE1,,BESS_TECH,,2022,,,,,,,,,,,0.0,,,,,,
Scenario1,0,RE1,,BESS_TECH,,2023,,,,,,,,,,,0.0,,,,,,
Scenario1,0,RE1,,BESS_TECH,,2024,,,,,,,,,,,0.1,,,,,,
Scenario1,0,RE1,,BESS_TECH,,2025,,,,,,,,,,,0.25,,,,,,
Scenario1,0,RE1,,BESS_TECH,,2026,,,,,,,,,,,0.3500900821168913,,,,,,
Scenario1,0,RE1,,BESS_TECH,,2027,,,,,,,,,,,0.631043178115227,,,,,,
Scenario1,0,RE1,,BESS_TECH,,2028,,,,,,,,,,,0.8700718237210257,,,,,,
Scenario1,0,RE1,,BESS_TECH,,2029,,,,,,,,,,,1.2793002696974094,,,,,,
Scenario1,0,RE1,,BESS_TECH,,2030,,,,,,,,,,,1.629343300729668,,,,,,
Scenario1,0,RE1,,BESS_TECH,,2031,,,,,,,,,,,2.059454034542991,,,,,,
Scenario1,0,RE1,,BESS_TECH,,2032,,,,,,,,,,,2.3472906982064363,,,,,,
Scenario1,0,RE1,,BESS_TECH,,2033,,,,,,,,,,,2.630017429333085,,,,,,
Scenario1,0,RE1,,BESS_TECH,,2034,,,,,,,,,,,2.532758701884528,,,,,,
Scenario1,0,RE1,,BESS_TECH,,2035,,,,,,,,,,,2.710447198971759,,,,,,
Scenario1,0,RE1,,BESS_TECH,,2036,,,,,,,,,,,2.8738733124159577,,,,,,
Scenario1,0,RE1,,BESS_TECH,,2037,,,,,,,,,,,3.0542751101057344,,,,,,
Scenario1,0,RE1,,BESS_TECH,,2038,,,,,,,,,,,3.1124508940309266,,,,,,
Scenario1,0,RE1,,BESS_TECH,,2039,,,,,,,,,,,3.3447860954253,,,,,,
Scenario1,0,RE1,,BESS_TECH,,2040,,,,,,,,,,,3.540840265166852,,,,,,
Scenario1,0,RE1,,BESS_TECH,,2041,,,,,,,,,,,3.8360494138700942,,,,,,
Scenario1,0,RE1,,BESS_TECH,,2042,,,,,,,,,,,4.06378586464036,,,,,,
Scenario1,0,RE1,,BESS_TECH,,2043,,,,,,,,,,,4.308133288065708,,,,,,
Scenario1,0,RE1,,BESS_TECH,,2044,,,,,,,,,,,4.565686163558018,,,,,,
Scenario1,0,RE1,,BESS_TECH,,2045,,,,,,,,,,,4.622565795892079,,,,,,
Scenario1,0,RE1,,BESS_TECH,,2046,,,,,,,,,,,4.895008999341638,,,,,,
Scenario1,0,RE1,,BESS_TECH,,2047,,,,,,,,,,,5.20721139481985,,,,,,
Scenario1,0,RE1,,BESS_TECH,,2048,,,,,,,,,,,5.537565982004426,,,,,,
Scenario1,0,RE1,,BESS_TECH,,2049,,,,,,,,,,,5.887207854506464,,,,,,
Scenario1,0,RE1,,BESS_TECH,,2050,,,,,,,,,,,6.264617263115158,,,,,,
Scenario1,0,RE1,,DEMCOMELC,,2019,,,,,,,,,,,1.1747365095775535,,,,,,
Scenario1,0,RE1,,DEMCOMELC,,2020,,,,,,,,,,,1.1747365095775535,,,,,,
Scenario1,0,RE1,,DEMCOMELC,,2021,,,,,,,,,,,1.1747365095775535,,,,,,
Scenario1,0,RE1,,DEMCOMELC,,2022,,,,,,,,,,,1.1747365095775535,,,,,,
Scenario1,0,RE1,,DEMCOMELC,,2023,,,,,,,,,,,1.1747365095775535,,,,,,
Scenario1,0,RE1,,DEMCOMELC,,2024,,,,,,,,,,,1.1747365095775535,,,,,,
Scenario1,0,RE1,,DEMCOMELC,,2025,,,,,,,,,,,1.1747365095775535,,,,,,
Scenario1,0,RE1,,DEMCOMELC,,2026,,,,,,,,,,,1.1747365095775535,,,,,,
Scenario1,0,RE1,,DEMCOMELC,,2027,,,,,,,,,,,1.1747365095775535,,,,,,
Scenario1,0,RE1,,DEMCOMELC,,2028,,,,,,,,,,,1.1747365095775535,,,,,,
Scenario1,0,RE1,,DEMCOMELC,,2029,,,,,,,,,,,1.1747365095775535,,,,,,
Scenario1,0,RE1,,DEMCOMELC,,2030,,,,,,,,,,,1.1747365095775535,,,,,,
Scenario1,0,RE1,,DEMCOMELC,,2031,,,,,,,,,,,1.1747365095775535,,,,,,
Scenario1,0,RE1,,DEMCOMELC,,2032,,,,,,,,,,,1.1747365095775535,,,,,,
Scenario1,0,RE1,,DEMCOMELC,,2033,,,,,,,,,,,1.1747365095775535,,,,,,
Scenario1,0,RE1,,DEMCOMELC,,2034,,,,,,,,,,,1.1747365095775535,,,,,,
Scenario1,0,RE1,,DEMCOMELC,,2035,,,,,,,,,,,1.1747365095775535,,,,,,
Scenario1,0,RE1,,DEMCOMELC,,2036,,,,,,,,,,,1.1747365095775535,,,,,,
Scenario1,0,RE1,,DEMCOMELC,,2037,,,,,,,,,,,1.1747365095775535,,,,,,
Scenario1,0,RE1,,DEMCOMELC,,2038,,,,,,,,,,,1.1747365095775535,,,,,,
Scenario1,0,RE1,,DEMCOMELC,,2039,,,,,,,,,,,1.1747365095775535,,,,,,
Scenario1,0,RE1,,DEMCOMELC,,2040,,,,,,,,,,,1.1747365095775535,,,,,,
Scenario1,0,RE1,,DEMCOMELC,,2041,,,,,,,,,,,1.1747365095775535,,,,,,
Scenario1,0,RE1,,DEMCOMELC,,2042,,,,,,,,,,,1.1747365095775535,,,,,,
Scenario1,0,RE1,,DEMCOMELC,,2043,,,,,,,,,,,1.1747365095775535,,,,,,
Scenario1,0,RE1,,DEMCOMELC,,2044,,,,,,,,,,,1.1747365095775535,,,,,,
Scenario1,0,RE1,,DEMCOMELC,,2045,,,,,,,,,,,1.1747365095775535,,,,,,
Scenario1,0,RE1,,DEMCOMELC,,2046,,,,,,,,,,,1.1747365095775535,,,,,,
Scenario1,0,RE1,,DEMCOMELC,,2047,,,,,,,,,,,1.1747365095775535,,,,,,
Scenario1,0,RE1,,DEMCOMELC,,2048,,,,,,,,,,,1.1747365095775535,,,,,,
Scenario1,0,RE1,,DEMCOMELC,,2049,,,,,,,,,,,1.1747365095775535,,,,,,
Scenario1,0,RE1,,DEMCOMELC,,2050,,,,,,,,,,,999999.0,,,,,,
Scenario1,0,RE1,,DEMINDELC,,2019,,,,,,,,,,,4.047028373682548,,,,,,
Scenario1,0,RE1,,DEMINDELC,,2020,,,,,,,,,,,4.047028373682548,,,,,,
Scenario1,0,RE1,,DEMINDELC,,2021,,,,,,,,,,,4.047028373682548,,,,,,
Scenario1,0,RE1,,DEMINDELC,,2022,,,,,,,,,,,4.047028373682548,,,,,,
Scenario1,0,RE1,,DEMINDELC,,2023,,,,,,,,,,,4.047028373682548,,,,,,
Scenario1,0,RE1,,DEMINDELC,,2024,,,,,,,,,,,4.047028373682548,,,,,,
Scenario1,0,RE1,,DEMINDELC,,2025,,,,,,,,,,,4.047028373682548,,,,,,
Scenario1,0,RE1,,DEMINDELC,,2026,,,,,,,,,,,4.047028373682548,,,,,,
Scenario1,0,RE1,,DEMINDELC,,2027,,,,,,,,,,,4.047028373682548,,,,,,
Scenario1,0,RE1,,DEMINDELC,,2028,,,,,,,,,,,4.047028373682548,,,,,,
Scenario1,0,RE1,,DEMINDELC,,2029,,,,,,,,,,,4.047028373682548,,,,,,
Scenario1,0,RE1,,DEMINDELC,,2030,,,,,,,,,,,4.047028373682548,,,,,,
Scenario1,0,RE1,,DEMINDELC,,2031,,,,,,,,,,,4.047028373682548,,,,,,
Scenario1,0,RE1,,DEMINDELC,,2032,,,,,,,,,,,4.047028373682548,,,,,,
Scenario1,0,RE1,,DEMINDELC,,2033,,,,,,,,,,,4.047028373682548,,,,,,
Scenario1,0,RE1,,DEMINDELC,,2034,,,,,,,,,,,4.047028373682548,,,,,,
Scenario1,0,RE1,,DEMINDELC,,2035,,,,,,,,,,,4.047028373682548,,,,,,
Scenario1,0,RE1,,DEMINDELC,,2036,,,,,,,,,,,4.047028373682548,,,,,,
Scenario1,0,RE1,,DEMINDELC,,2037,,,,,,,,,,,4.047028373682548,,,,,,
Scenario1,0,RE1,,DEMINDELC,,2038,,,,,,,,,,,4.047028373682548,,,,,,
Scenario1,0,RE1,,DEMINDELC,,2039,,,,,,,,,,,4.047028373682548,,,,,,
Scenario1,0,RE1,,DEMINDELC,,2040,,,,,,,,,,,4.047028373682548,,,,,,
Scenario1,0,RE1,,DEMINDELC,,2041,,,,,,,,,,,4.047028373682548,,,,,,
Scenario1,0,RE1,,DEMINDELC,,2042,,,,,,,,,,,4.047028373682548,,,,,,
Scenario1,0,RE1,,DEMINDELC,,2043,,,,,,,,,,,4.047028373682548,,,,,,
Scenario1,0,RE1,,DEMINDELC,,2044,,,,,,,,,,,4.047028373682548,,,,,,
Scenario1,0,RE1,,DEMINDELC,,2045,,,,,,,,,,,4.047028373682548,,,,,,
Scenario1,0,RE1,,DEMINDELC,,2046,,,,,,,,,,,4.047028373682548,,,,,,
Scenario1,0,RE1,,DEMINDELC,,2047,,,,,,,,,,,4.047028373682548,,,,,,
Scenario1,0,RE1,,DEMINDELC,,2048,,,,,,,,,,,4.047028373682548,,,,,,
Scenario1,0,RE1,,DEMINDELC,,2049,,,,,,,,,,,4.047028373682548,,,,,,
Scenario1,0,RE1,,DEMINDELC,,2050,,,,,,,,,,,999999.0,,,,,,
Scenario1,0,RE1,,DEMRESELC,,2019,,,,,,,,,,,2.588292625140001,,,,,,
Scenario1,0,RE1,,DEMRESELC,,2020,,,,,,,,,,,2.588292625140001,,,,,,
Scenario1,0,RE1,,DEMRESELC,,2021,,,,,,,,,,,2.588292625140001,,,,,,
Scenario1,0,RE1,,DEMRESELC,,2022,,,,,,,,,,,2.588292625140001,,,,,,
Scenario1,0,RE1,,DEMRESELC,,2023,,,,,,,,,,,2.588292625140001,,,,,,
Scenario1,0,RE1,,DEMRESELC,,2024,,,,,,,,,,,2.588292625140001,,,,,,
Scenario1,0,RE1,,DEMRESELC,,2025,,,,,,,,,,,2.588292625140001,,,,,,
Scenario1,0,RE1,,DEMRESELC,,2026,,,,,,,,,,,2.588292625140001,,,,,,
Scenario1,0,RE1,,DEMRESELC,,2027,,,,,,,,,,,2.588292625140001,,,,,,
Scenario1,0,RE1,,DEMRESELC,,2028,,,,,,,,,,,2.588292625140001,,,,,,
Scenario1,0,RE1,,DEMRESELC,,2029,,,,,,,,,,,2.588292625140001,,,,,,
Scenario1,0,RE1,,DEMRESELC,,2030,,,,,,,,,,,2.588292625140001,,,,,,
Scenario1,0,RE1,,DEMRESELC,,2031,,,,,,,,,,,2.588292625140001,,,,,,
Scenario1,0,RE1,,DEMRESELC,,2032,,,,,,,,,,,2.588292625140001,,,,,,
Scenario1,0,RE1,,DEMRESELC,,2033,,,,,,,,,,,2.588292625140001,,,,,,
Scenario1,0,RE1,,DEMRESELC,,2034,,,,,,,,,,,2.588292625140001,,,,,,
Scenario1,0,RE1,,DEMRESELC,,2035,,,,,,,,,,,2.588292625140001,,,,,,
Scenario1,0,RE1,,DEMRESELC,,2036,,,,,,,,,,,2.588292625140001,,,,,,
Scenario1,0,RE1,,DEMRESELC,,2037,,,,,,,,,,,2.588292625140001,,,,,,
Scenario1,0,RE1,,DEMRESELC,,2038,,,,,,,,,,,2.588292625140001,,,,,,
Scenario1,0,RE1,,DEMRESELC,,2039,,,,,,,,,,,2.588292625140001,,,,,,
Scenario1,0,RE1,,DEMRESELC,,2040,,,,,,,,,,,2.588292625140001,,,,,,
Scenario1,0,RE1,,DEMRESELC,,2041,,,,,,,,,,,2.588292625140001,,,,,,
Scenario1,0,RE1,,DEMRESELC,,2042,,,,,,,,,,,2.588292625140001,,,,,,
Scenario1,0,RE1,,DEMRESELC,,2043,,,,,,,,,,,2.588292625140001,,,,,,
Scenario1,0,RE1,,DEMRESELC,,2044,,,,,,,,,,,2.588292625140001,,,,,,
Scenario1,0,RE1,,DEMRESELC,,2045,,,,,,,,,,,2.588292625140001,,,,,,
Scenario1,0,RE1,,DEMRESELC,,2046,,,,,,,,,,,2.588292625140001,,,,,,
Scenario1,0,RE1,,DEMRESELC,,2047,,,,,,,,,,,2.588292625140001,,,,,,
Scenario1,0,RE1,,DEMRESELC,,2048,,,,,,,,,,,2.588292625140001,,,,,,
Scenario1,0,RE1,,DEMRESELC,,2049,,,,,,,,,,,2.588292625140001,,,,,,
Scenario1,0,RE1,,DEMRESELC,,2050,,,,,,,,,,,999999.0,,,,,,
Scenario1,0,RE1,,EXPELC,,2019,,,,,,,,,,,0.0,,,,,,
Scenario1,0,RE1,,EXPELC,,2020,,,,,,,,,,,0.0,,,,,,
Scenario1,0,RE1,,EXPELC,,2021,,,,,,,,,,,0.0,,,,,,
Scenario1,0,RE1,,EXPELC,,2022,,,,,,,,,,,0.0,,,,,,
Scenario1,0,RE1,,EXPELC,,2023,,,,,,,,,,,0.0,,,,,,
Scenario1,0,RE1,,EXPELC,,2024,,,,,,,,,,,0.0,,,,,,
Scenario1,0,RE1,,EXPELC,,2025,,,,,,,,,,,0.0,,,,,,
Scenario1,0,RE1,,EXPELC,,2026,,,,,,,,,,,0.0,,,,,,
Scenario1,0,RE1,,EXPELC,,2027,,,,,,,,,,,0.0,,,,,,
Scenario1,0,RE1,,EXPELC,,2028,,,,,,,,,,,0.0,,,,,,
Scenario1,0,RE1,,EXPELC,,2029,,,,,,,,,,,0.0,,,,,,
Scenario1,0,RE1,,EXPELC,,2030,,,,,,,,,,,0.0,,,,,,
Scenario1,0,RE1,,EXPELC,,2031,,,,,,,,,,,0.0,,,,,,
Scenario1,0,RE1,,EXPELC,,2032,,,,,,,,,,,0.0,,,,,,
Scenario1,0,RE1,,EXPELC,,2033,,,,,,,,,,,0.0,,,,,,
Scenario1,0,RE1,,EXPELC,,2034,,,,,,,,,,,0.0,,,,,,
Scenario1,0,RE1,,EXPELC,,2035,,,,,,,,,,,0.0,,,,,,
Scenario1,0,RE1,,EXPELC,,2036,,,,,,,,,,,0.0,,,,,,
Scenario1,0,RE1,,EXPELC,,2037,,,,,,,,,,,0.0,,,,,,
Scenario1,0,RE1,,EXPELC,,2038,,,,,,,,,,,0.0,,,,,,
Scenario1,0,RE1,,EXPELC,,2039,,,,,,,,,,,0.0,,,,,,
Scenario1,0,RE1,,EXPELC,,2040,,,,,,,,,,,0.0,,,,,,
Scenario1,0,RE1,,EXPELC,,2041,,,,,,,,,,,0.0,,,,,,
Scenario1,0,RE1,,EXPELC,,2042,,,,,,,,,,,0.0,,,,,,
Scenario1,0,RE1,,EXPELC,,2043,,,,,,,,,,,0.0,,,,,,
Scenario1,0,RE1,,EXPELC,,2044,,,,,,,,,,,0.0,,,,,,
Scenario1,0,RE1,,EXPELC,,2045,,,,,,,,,,,0.0,,,,,,
Scenario1,0,RE1,,EXPELC,,2046,,,,,,,,,,,0.0,,,,,,
Scenario1,0,RE1,,EXPELC,,2047,,,,,,,,,,,0.0,,,,,,
Scenario1,0,RE1,,EXPELC,,2048,,,,,,,,,,,0.0,,,,,,
Scenario1,0,RE1,,EXPELC,,2049,,,,,,,,,,,0.0,,,,,,
Scenario1,0,RE1,,EXPELC,,2050,,,,,,,,,,,999999.0,,,,,,
Scenario1,0,RE1,,IMPBIO,,2019,,,,,,,,,,,999999.0,,,,,,
Scenario1,0,RE1,,IMPBIO,,2020,,,,,,,,,,,999999.0,,,,,,
Scenario1,0,RE1,,IMPBIO,,2021,,,,,,,,,,,999999.0,,,,,,
Scenario1,0,RE1,,IMPBIO,,2022,,,,,,,,,,,999999.0,,,,,,
Scenario1,0,RE1,,IMPBIO,,2023,,,,,,,,,,,999999.0,,,,,,
Scenario1,0,RE1,,IMPBIO,,2024,,,,,,,,,,,999999.0,,,,,,
Scenario1,0,RE1,,IMPBIO,,2025,,,,,,,,,,,999999.0,,,,,,
Scenario1,0,RE1,,IMPBIO,,2026,,,,,,,,,,,999999.0,,,,,,
Scenario1,0,RE1,,IMPBIO,,2027,,,,,,,,,,,999999.0,,,,,,
Scenario1,0,RE1,,IMPBIO,,2028,,,,,,,,,,,999999.0,,,,,,
Scenario1,0,RE1,,IMPBIO,,2029,,,,,,,,,,,999999.0,,,,,,
Scenario1,0,RE1,,IMPBIO,,2030,,,,,,,,,,,999999.0,,,,,,
Scenario1,0,RE1,,IMPBIO,,2031,,,,,,,,,,,999999.0,,,,,,
Scenario1,0,RE1,,IMPBIO,,2032,,,,,,,,,,,999999.0,,,,,,
Scenario1,0,RE1,,IMPBIO,,2033,,,,,,,,,,,999999.0,,,,,,
Scenario1,0,RE1,,IMPBIO,,2034,,,,,,,,,,,999999.0,,,,,,
Scenario1,0,RE1,,IMPBIO,,2035,,,,,,,,,,,999999.0,,,,,,
Scenario1,0,RE1,,IMPBIO,,2036,,,,,,,,,,,999999.0,,,,,,
Scenario1,0,RE1,,IMPBIO,,2037,,,,,,,,,,,999999.0,,,,,,
Scenario1,0,RE1,,IMPBIO,,2038,,,,,,,,,,,999999.0,,,,,,
Scenario1,0,RE1,,IMPBIO,,2039,,,,,,,,,,,999999.0,,,,,,
Scenario1,0,RE1,,IMPBIO,,2040,,,,,,,,,,,999999.0,,,,,,
Scenario1,0,RE1,,IMPBIO,,2041,,,,,,,,,,,999999.0,,,,,,
Scenario1,0,RE1,,IMPBIO,,2042,,,,,,,,,,,999999.0,,,,,,
Scenario1,0,RE1,,IMPBIO,,2043,,,,,,,,,,,999999.0,,,,,,
Scenario1,0,RE1,,IMPBIO,,2044,,,,,,,,,,,999999.0,,,,,,
Scenario1,0,RE1,,IMPBIO,,2045,,,,,,,,,,,999999.0,,,,,,
Scenario1,0,RE1,,IMPBIO,,2046,,,,,,,,,,,999999.0,,,,,,
Scenario1,0,RE1,,IMPBIO,,2047,,,,,,,,,,,999999.0,,,,,,
Scenario1,0,RE1,,IMPBIO,,2048,,,,,,,,,,,999999.0,,,,,,
Scenario1,0,RE1,,IMPBIO,,2049,,,,,,,,,,,999999.0,,,,,,
Scenario1,0,RE1,,IMPBIO,,2050,,,,,,,,,,,999999.0,,,,,,
Scenario1,0,RE1,,IMPCOA,,2019,,,,,,,,,,,999999.0,,,,,,
Scenario1,0,RE1,,IMPCOA,,2020,,,,,,,,,,,999999.0,,,,,,
Scenario1,0,RE1,,IMPCOA,,2021,,,,,,,,,,,999999.0,,,,,,
Scenario1,0,RE1,,IMPCOA,,2022,,,,,,,,,,,999999.0,,,,,,
Scenario1,0,RE1,,IMPCOA,,2023,,,,,,,,,,,999999.0,,,,,,
Scenario1,0,RE1,,IMPCOA,,2024,,,,,,,,,,,999999.0,,,,,,
Scenario1,0,RE1,,IMPCOA,,2025,,,,,,,,,,,999999.0,,,,,,
Scenario1,0,RE1,,IMPCOA,,2026,,,,,,,,,,,999999.0,,,,,,
Scenario1,0,RE1,,IMPCOA,,2027,,,,,,,,,,,999999.0,,,,,,
Scenario1,0,RE1,,IMPCOA,,2028,,,,,,,,,,,999999.0,,,,,,
Scenario1,0,RE1,,IMPCOA,,2029,,,,,,,,,,,999999.0,,,,,,
Scenario1,0,RE1,,IMPCOA,,2030,,,,,,,,,,,999999.0,,,,,,
Scenario1,0,RE1,,IMPCOA,,2031,,,,,,,,,,,999999.0,,,,,,
Scenario1,0,RE1,,IMPCOA,,2032,,,,,,,,,,,999999.0,,,,,,
Scenario1,0,RE1,,IMPCOA,,2033,,,,,,,,,,,999999.0,,,,,,
Scenario1,0,RE1,,IMPCOA,,2034,,,,,,,,,,,999999.0,,,,,,
Scenario1,0,RE1,,IMPCOA,,2035,,,,,,,,,,,999999.0,,,,,,
Scenario1,0,RE1,,IMPCOA,,2036,,,,,,,,,,,999999.0,,,,,,
Scenario1,0,RE1,,IMPCOA,,2037,,,,,,,,,,,999999.0,,,,,,
Scenario1,0,RE1,,IMPCOA,,2038,,,,,,,,,,,999999.0,,,,,,
Scenario1,0,RE1,,IMPCOA,,2039,,,,,,,,,,,999999.0,,,,,,
Scenario1,0,RE1,,IMPCOA,,2040,,,,,,,,,,,999999.0,,,,,,
Scenario1,0,RE1,,IMPCOA,,2041,,,,,,,,,,,999999.0,,,,,,
Scenario1,0,RE1,,IMPCOA,,2042,,,,,,,,,,,999999.0,,,,,,
Scenario1,0,RE1,,IMPCOA,,2043,,,,,,,,,,,999999.0,,,,,,
Scenario1,0,RE1,,IMPCOA,,2044,,,,,,,,,,,999999.0,,,,,,
Scenario1,0,RE1,,IMPCOA,,2045,,,,,,,,,,,999999.0,,,,,,
Scenario1,0,RE1,,IMPCOA,,2046,,,,,,,,,,,999999.0,,,,,,
Scenario1,0,RE1,,IMPCOA,,2047,,,,,,,,,,,999999.0,,,,,,
Scenario1,0,RE1,,IMPCOA,,2048,,,,,,,,,,,999999.0,,,,,,
Scenario1,0,RE1,,IMPCOA,,2049,,,,,,,,,,,999999.0,,,,,,
Scenario1,0,RE1,,IMPCOA,,2050,,,,,,,,,,,999999.0,,,,,,
Scenario1,0,RE1,,IMPELC001,,2019,,,,,,,,,,,0.0,,,,,,
Scenario1,0,RE1,,IMPELC001,,2020,,,,,,,,,,,0.0,,,,,,
Scenario1,0,RE1,,IMPELC001,,2021,,,,,,,,,,,0.0,,,,,,
Scenario1,0,RE1,,IMPELC001,,2022,,,,,,,,,,,0.2,,,,,,
Scenario1,0,RE1,,IMPELC001,,2023,,,,,,,,,,,0.2,,,,,,
Scenario1,0,RE1,,IMPELC001,,2024,,,,,,,,,,,0.2,,,,,,
Scenario1,0,RE1,,IMPELC001,,2025,,,,,,,,,,,0.2,,,,,,
Scenario1,0,RE1,,IMPELC001,,2026,,,,,,,,,,,0.4,,,,,,
Scenario1,0,RE1,,IMPELC001,,2027,,,,,,,,,,,0.4,,,,,,
Scenario1,0,RE1,,IMPELC001,,2028,,,,,,,,,,,0.4,,,,,,
Scenario1,0,RE1,,IMPELC001,,2029,,,,,,,,,,,0.4,,,,,,
Scenario1,0,RE1,,IMPELC001,,2030,,,,,,,,,,,0.4,,,,,,
Scenario1,0,RE1,,IMPELC001,,2031,,,,,,,,,,,0.4,,,,,,
Scenario1,0,RE1,,IMPELC001,,2032,,,,,,,,,,,0.4,,,,,,
Scenario1,0,RE1,,IMPELC001,,2033,,,,,,,,,,,0.4,,,,,,
Scenario1,0,RE1,,IMPELC001,,2034,,,,,,,,,,,0.4,,,,,,
Scenario1,0,RE1,,IMPELC001,,2035,,,,,,,,,,,0.4,,,,,,
Scenario1,0,RE1,,IMPELC001,,2036,,,,,,,,,,,0.4,,,,,,
Scenario1,0,RE1,,IMPELC001,,2037,,,,,,,,,,,0.4,,,,,,
Scenario1,0,RE1,,IMPELC001,,2038,,,,,,,,,,,0.4,,,,,,
Scenario1,0,RE1,,IMPELC001,,2039,,,,,,,,,,,0.4,,,,,,
Scenario1,0,RE1,,IMPELC001,,2040,,,,,,,,,,,0.4,,,,,,
Scenario1,0,RE1,,IMPELC001,,2041,,,,,,,,,,,0.4,,,,,,
Scenario1,0,RE1,,IMPELC001,,2042,,,,,,,,,,,0.4,,,,,,
Scenario1,0,RE1,,IMPELC001,,2043,,,,,,,,,,,0.4,,,,,,
Scenario1,0,RE1,,IMPELC001,,2044,,,,,,,,,,,0.4,,,,,,
Scenario1,0,RE1,,IMPELC001,,2045,,,,,,,,,,,0.4,,,,,,
Scenario1,0,RE1,,IMPELC001,,2046,,,,,,,,,,,0.4,,,,,,
Scenario1,0,RE1,,IMPELC001,,2047,,,,,,,,,,,0.4,,,,,,
Scenario1,0,RE1,,IMPELC001,,2048,,,,,,,,,,,0.4,,,,,,
Scenario1,0,RE1,,IMPELC001,,2049,,,,,,,,,,,0.4,,,,,,
Scenario1,0,RE1,,IMPELC001,,2050,,,,,,,,,,,0.4,,,,,,
Scenario1,0,RE1,,IMPELC002,,2019,,,,,,,,,,,0.05,,,,,,
Scenario1,0,RE1,,IMPELC002,,2020,,,,,,,,,,,0.05,,,,,,
Scenario1,0,RE1,,IMPELC002,,2021,,,,,,,,,,,0.05,,,,,,
Scenario1,0,RE1,,IMPELC002,,2022,,,,,,,,,,,0.05,,,,,,
Scenario1,0,RE1,,IMPELC002,,2023,,,,,,,,,,,0.05,,,,,,
Scenario1,0,RE1,,IMPELC002,,2024,,,,,,,,,,,0.05,,,,,,
Scenario1,0,RE1,,IMPELC002,,2025,,,,,,,,,,,0.05,,,,,,
Scenario1,0,RE1,,IMPELC002,,2026,,,,,,,,,,,0.0,,,,,,
Scenario1,0,RE1,,IMPELC002,,2027,,,,,,,,,,,0.0,,,,,,
Scenario1,0,RE1,,IMPELC002,,2028,,,,,,,,,,,0.0,,,,,,
Scenario1,0,RE1,,IMPELC002,,2029,,,,,,,,,,,0.0,,,,,,
Scenario1,0,RE1,,IMPELC002,,2030,,,,,,,,,,,0.0,,,,,,
Scenario1,0,RE1,,IMPELC002,,2031,,,,,,,,,,,0.0,,,,,,
Scenario1,0,RE1,,IMPELC002,,2032,,,,,,,,,,,0.0,,,,,,
Scenario1,0,RE1,,IMPELC002,,2033,,,,,,,,,,,0.0,,,,,,
Scenario1,0,RE1,,IMPELC002,,2034,,,,,,,,,,,0.0,,,,,,
Scenario1,0,RE1,,IMPELC002,,2035,,,,,,,,,,,0.0,,,,,,
Scenario1,0,RE1,,IMPELC002,,2036,,,,,,,,,,,0.0,,,,,,
Scenario1,0,RE1,,IMPELC002,,2037,,,,,,,,,,,0.0,,,,,,
Scenario1,0,RE1,,IMPELC002,,2038,,,,,,,,,,,0.0,,,,,,
Scenario1,0,RE1,,IMPELC002,,2039,,,,,,,,,,,0.0,,,,,,
Scenario1,0,RE1,,IMPELC002,,2040,,,,,,,,,,,0.0,,,,,,
Scenario1,0,RE1,,IMPELC002,,2041,,,,,,,,,,,0.0,,,,,,
Scenario1,0,RE1,,IMPELC002,,2042,,,,,,,,,,,0.0,,,,,,
Scenario1,0,RE1,,IMPELC002,,2043,,,,,,,,,,,0.0,,,,,,
Scenario1,0,RE1,,IMPELC002,,2044,,,,,,,,,,,0.0,,,,,,
Scenario1,0,RE1,,IMPELC002,,2045,,,,,,,,,,,0.0,,,,,,
Scenario1,0,RE1,,IMPELC002,,2046,,,,,,,,,,,0.0,,,,,,
Scenario1,0,RE1,,IMPELC002,,2047,,,,,,,,,,,0.0,,,,,,
Scenario1,0,RE1,,IMPELC002,,2048,,,,,,,,,,,0.0,,,,,,
Scenario1,0,RE1,,IMPELC002,,2049,,,,,,,,,,,0.0,,,,,,
Scenario1,0,RE1,,IMPELC002,,2050,,,,,,,,,,,0.0,,,,,,
Scenario1,0,RE1,,IMPHFOMOM,,2019,,,,,,,,,,,999999.0,,,,,,
Scenario1,0,RE1,,IMPHFOMOM,,2020,,,,,,,,,,,999999.0,,,,,,
Scenario1,0,RE1,,IMPHFOMOM,,2021,,,,,,,,,,,999999.0,,,,,,
Scenario1,0,RE1,,IMPHFOMOM,,2022,,,,,,,,,,,999999.0,,,,,,
Scenario1,0,RE1,,IMPHFOMOM,,2023,,,,,,,,,,,999999.0,,,,,,
Scenario1,0,RE1,,IMPHFOMOM,,2024,,,,,,,,,,,999999.0,,,,,,
Scenario1,0,RE1,,IMPHFOMOM,,2025,,,,,,,,,,,999999.0,,,,,,
Scenario1,0,RE1,,IMPHFOMOM,,2026,,,,,,,,,,,999999.0,,,,,,
Scenario1,0,RE1,,IMPHFOMOM,,2027,,,,,,,,,,,999999.0,,,,,,
Scenario1,0,RE1,,IMPHFOMOM,,2028,,,,,,,,,,,999999.0,,,,,,
Scenario1,0,RE1,,IMPHFOMOM,,2029,,,,,,,,,,,999999.0,,,,,,
Scenario1,0,RE1,,IMPHFOMOM,,2030,,,,,,,,,,,999999.0,,,,,,
Scenario1,0,RE1,,IMPHFOMOM,,2031,,,,,,,,,,,999999.0,,,,,,
Scenario1,0,RE1,,IMPHFOMOM,,2032,,,,,,,,,,,999999.0,,,,,,
Scenario1,0,RE1,,IMPHFOMOM,,2033,,,,,,,,,,,999999.0,,,,,,
Scenario1,0,RE1,,IMPHFOMOM,,2034,,,,,,,,,,,999999.0,,,,,,
Scenario1,0,RE1,,IMPHFOMOM,,2035,,,,,,,,,,,999999.0,,,,,,
Scenario1,0,RE1,,IMPHFOMOM,,2036,,,,,,,,,,,999999.0,,,,,,
Scenario1,0,RE1,,IMPHFOMOM,,2037,,,,,,,,,,,999999.0,,,,,,
Scenario1,0,RE1,,IMPHFOMOM,,2038,,,,,,,,,,,999999.0,,,,,,
Scenario1,0,RE1,,IMPHFOMOM,,2039,,,,,,,,,,,999999.0,,,,,,
Scenario1,0,RE1,,IMPHFOMOM,,2040,,,,,,,,,,,999999.0,,,,,,
Scenario1,0,RE1,,IMPHFOMOM,,2041,,,,,,,,,,,999999.0,,,,,,
Scenario1,0,RE1,,IMPHFOMOM,,2042,,,,,,,,,,,999999.0,,,,,,
Scenario1,0,RE1,,IMPHFOMOM,,2043,,,,,,,,,,,999999.0,,,,,,
Scenario1,0,RE1,,IMPHFOMOM,,2044,,,,,,,,,,,999999.0,,,,,,
Scenario1,0,RE1,,IMPHFOMOM,,2045,,,,,,,,,,,999999.0,,,,,,
Scenario1,0,RE1,,IMPHFOMOM,,2046,,,,,,,,,,,999999.0,,,,,,
Scenario1,0,RE1,,IMPHFOMOM,,2047,,,,,,,,,,,999999.0,,,,,,
Scenario1,0,RE1,,IMPHFOMOM,,2048,,,,,,,,,,,999999.0,,,,,,
Scenario1,0,RE1,,IMPHFOMOM,,2049,,,,,,,,,,,999999.0,,,,,,
Scenario1,0,RE1,,IMPHFOMOM,,2050,,,,,,,,,,,999999.0,,,,,,
Scenario1,0,RE1,,IMPHFONAI,,2019,,,,,,,,,,,999999.0,,,,,,
Scenario1,0,RE1,,IMPHFONAI,,2020,,,,,,,,,,,999999.0,,,,,,
Scenario1,0,RE1,,IMPHFONAI,,2021,,,,,,,,,,,999999.0,,,,,,
Scenario1,0,RE1,,IMPHFONAI,,2022,,,,,,,,,,,999999.0,,,,,,
Scenario1,0,RE1,,IMPHFONAI,,2023,,,,,,,,,,,999999.0,,,,,,
Scenario1,0,RE1,,IMPHFONAI,,2024,,,,,,,,,,,999999.0,,,,,,
Scenario1,0,RE1,,IMPHFONAI,,2025,,,,,,,,,,,999999.0,,,,,,
Scenario1,0,RE1,,IMPHFONAI,,2026,,,,,,,,,,,999999.0,,,,,,
Scenario1,0,RE1,,IMPHFONAI,,2027,,,,,,,,,,,999999.0,,,,,,
Scenario1,0,RE1,,IMPHFONAI,,2028,,,,,,,,,,,999999.0,,,,,,
Scenario1,0,RE1,,IMPHFONAI,,2029,,,,,,,,,,,999999.0,,,,,,
Scenario1,0,RE1,,IMPHFONAI,,2030,,,,,,,,,,,999999.0,,,,,,
Scenario1,0,RE1,,IMPHFONAI,,2031,,,,,,,,,,,999999.0,,,,,,
Scenario1,0,RE1,,IMPHFONAI,,2032,,,,,,,,,,,999999.0,,,,,,
Scenario1,0,RE1,,IMPHFONAI,,2033,,,,,,,,,,,999999.0,,,,,,
Scenario1,0,RE1,,IMPHFONAI,,2034,,,,,,,,,,,999999.0,,,,,,
Scenario1,0,RE1,,IMPHFONAI,,2035,,,,,,,,,,,999999.0,,,,,,
Scenario1,0,RE1,,IMPHFONAI,,2036,,,,,,,,,,,999999.0,,,,,,
Scenario1,0,RE1,,IMPHFONAI,,2037,,,,,,,,,,,999999.0,,,,,,
Scenario1,0,RE1,,IMPHFONAI,,2038,,,,,,,,,,,999999.0,,,,,,
Scenario1,0,RE1,,IMPHFONAI,,2039,,,,,,,,,,,999999.0,,,,,,
Scenario1,0,RE1,,IMPHFONAI,,2040,,,,,,,,,,,999999.0,,,,,,
Scenario1,0,RE1,,IMPHFONAI,,2041,,,,,,,,,,,999999.0,,,,,,
Scenario1,0,RE1,,IMPHFONAI,,2042,,,,,,,,,,,999999.0,,,,,,
Scenario1,0,RE1,,IMPHFONAI,,2043,,,,,,,,,,,999999.0,,,,,,
Scenario1,0,RE1,,IMPHFONAI,,2044,,,,,,,,,,,999999.0,,,,,,
Scenario1,0,RE1,,IMPHFONAI,,2045,,,,,,,,,,,999999.0,,,,,,
Scenario1,0,RE1,,IMPHFONAI,,2046,,,,,,,,,,,999999.0,,,,,,
Scenario1,0,RE1,,IMPHFONAI,,2047,,,,,,,,,,,999999.0,,,,,,
Scenario1,0,RE1,,IMPHFONAI,,2048,,,,,,,,,,,999999.0,,,,,,
Scenario1,0,RE1,,IMPHFONAI,,2049,,,,,,,,,,,999999.0,,,,,,
Scenario1,0,RE1,,IMPHFONAI,,2050,,,,,,,,,,,999999.0,,,,,,
Scenario1,0,RE1,,IMPLFOELD,,2019,,,,,,,,,,,999999.0,,,,,,
Scenario1,0,RE1,,IMPLFOELD,,2020,,,,,,,,,,,999999.0,,,,,,
Scenario1,0,RE1,,IMPLFOELD,,2021,,,,,,,,,,,999999.0,,,,,,
Scenario1,0,RE1,,IMPLFOELD,,2022,,,,,,,,,,,999999.0,,,,,,
Scenario1,0,RE1,,IMPLFOELD,,2023,,,,,,,,,,,999999.0,,,,,,
Scenario1,0,RE1,,IMPLFOELD,,2024,,,,,,,,,,,999999.0,,,,,,
Scenario1,0,RE1,,IMPLFOELD,,2025,,,,,,,,,,,999999.0,,,,,,
Scenario1,0,RE1,,IMPLFOELD,,2026,,,,,,,,,,,999999.0,,,,,,
Scenario1,0,RE1,,IMPLFOELD,,2027,,,,,,,,,,,999999.0,,,,,,
Scenario1,0,RE1,,IMPLFOELD,,2028,,,,,,,,,,,999999.0,,,,,,
Scenario1,0,RE1,,IMPLFOELD,,2029,,,,,,,,,,,999999.0,,,,,,
Scenario1,0,RE1,,IMPLFOELD,,2030,,,,,,,,,,,999999.0,,,,,,
Scenario1,0,RE1,,IMPLFOELD,,2031,,,,,,,,,,,999999.0,,,,,,
Scenario1,0,RE1,,IMPLFOELD,,2032,,,,,,,,,,,999999.0,,,,,,
Scenario1,0,RE1,,IMPLFOELD,,2033,,,,,,,,,,,999999.0,,,,,,
Scenario1,0,RE1,,IMPLFOELD,,2034,,,,,,,,,,,999999.0,,,,,,
Scenario1,0,RE1,,IMPLFOELD,,2035,,,,,,,,,,,999999.0,,,,,,
Scenario1,0,RE1,,IMPLFOELD,,2036,,,,,,,,,,,999999.0,,,,,,
Scenario1,0,RE1,,IMPLFOELD,,2037,,,,,,,,,,,999999.0,,,,,,
Scenario1,0,RE1,,IMPLFOELD,,2038,,,,,,,,,,,999999.0,,,,,,
Scenario1,0,RE1,,IMPLFOELD,,2039,,,,,,,,,,,999999.0,,,,,,
Scenario1,0,RE1,,IMPLFOELD,,2040,,,,,,,,,,,999999.0,,,,,,
Scenario1,0,RE1,,IMPLFOELD,,2041,,,,,,,,,,,999999.0,,,,,,
Scenario1,0,RE1,,IMPLFOELD,,2042,,,,,,,,,,,999999.0,,,,,,
Scenario1,0,RE1,,IMPLFOELD,,2043,,,,,,,,,,,999999.0,,,,,,
Scenario1,0,RE1,,IMPLFOELD,,2044,,,,,,,,,,,999999.0,,,,,,
Scenario1,0,RE1,,IMPLFOELD,,2045,,,,,,,,,,,999999.0,,,,,,
Scenario1,0,RE1,,IMPLFOELD,,2046,,,,,,,,,,,999999.0,,,,,,
Scenario1,0,RE1,,IMPLFOELD,,2047,,,,,,,,,,,999999.0,,,,,,
Scenario1,0,RE1,,IMPLFOELD,,2048,,,,,,,,,,,999999.0,,,,,,
Scenario1,0,RE1,,IMPLFOELD,,2049,,,,,,,,,,,999999.0,,,,,,
Scenario1,0,RE1,,IMPLFOELD,,2050,,,,,,,,,,,999999.0,,,,,,
Scenario1,0,RE1,,IMPNGS,,2019,,,,,,,,,,,0.0,,,,,,
Scenario1,0,RE1,,IMPNGS,,2020,,,,,,,,,,,0.0,,,,,,
Scenario1,0,RE1,,IMPNGS,,2021,,,,,,,,,,,0.0,,,,,,
Scenario1,0,RE1,,IMPNGS,,2022,,,,,,,,,,,0.0,,,,,,
Scenario1,0,RE1,,IMPNGS,,2023,,,,,,,,,,,0.0,,,,,,
Scenario1,0,RE1,,IMPNGS,,2024,,,,,,,,,,,0.0,,,,,,
Scenario1,0,RE1,,IMPNGS,,2025,,,,,,,,,,,0.0,,,,,,
Scenario1,0,RE1,,IMPNGS,,2026,,,,,,,,,,,0.0,,,,,,
Scenario1,0,RE1,,IMPNGS,,2027,,,,,,,,,,,0.0,,,,,,
Scenario1,0,RE1,,IMPNGS,,2028,,,,,,,,,,,0.0,,,,,,
Scenario1,0,RE1,,IMPNGS,,2029,,,,,,,,,,,0.0,,,,,,
Scenario1,0,RE1,,IMPNGS,,2030,,,,,,,,,,,0.0,,,,,,
Scenario1,0,RE1,,IMPNGS,,2031,,,,,,,,,,,0.0,,,,,,
Scenario1,0,RE1,,IMPNGS,,2032,,,,,,,,,,,0.0,,,,,,
Scenario1,0,RE1,,IMPNGS,,2033,,,,,,,,,,,0.0,,,,,,
Scenario1,0,RE1,,IMPNGS,,2034,,,,,,,,,,,0.0,,,,,,
Scenario1,0,RE1,,IMPNGS,,2035,,,,,,,,,,,0.0,,,,,,
Scenario1,0,RE1,,IMPNGS,,2036,,,,,,,,,,,0.0,,,,,,
Scenario1,0,RE1,,IMPNGS,,2037,,,,,,,,,,,0.0,,,,,,
Scenario1,0,RE1,,IMPNGS,,2038,,,,,,,,,,,0.0,,,,,,
Scenario1,0,RE1,,IMPNGS,,2039,,,,,,,,,,,0.0,,,,,,
Scenario1,0,RE1,,IMPNGS,,2040,,,,,,,,,,,0.0,,,,,,
Scenario1,0,RE1,,IMPNGS,,2041,,,,,,,,,,,0.0,,,,,,
Scenario1,0,RE1,,IMPNGS,,2042,,,,,,,,,,,0.0,,,,,,
Scenario1,0,RE1,,IMPNGS,,2043,,,,,,,,,,,0.0,,,,,,
Scenario1,0,RE1,,IMPNGS,,2044,,,,,,,,,,,0.0,,,,,,
Scenario1,0,RE1,,IMPNGS,,2045,,,,,,,,,,,0.0,,,,,,
Scenario1,0,RE1,,IMPNGS,,2046,,,,,,,,,,,0.0,,,,,,
Scenario1,0,RE1,,IMPNGS,,2047,,,,,,,,,,,0.0,,,,,,
Scenario1,0,RE1,,IMPNGS,,2048,,,,,,,,,,,0.0,,,,,,
Scenario1,0,RE1,,IMPNGS,,2049,,,,,,,,,,,0.0,,,,,,
Scenario1,0,RE1,,IMPNGS,,2050,,,,,,,,,,,0.0,,,,,,
Scenario1,0,RE1,,IMPURN,,2019,,,,,,,,,,,999999.0,,,,,,
Scenario1,0,RE1,,IMPURN,,2020,,,,,,,,,,,999999.0,,,,,,
Scenario1,0,RE1,,IMPURN,,2021,,,,,,,,,,,999999.0,,,,,,
Scenario1,0,RE1,,IMPURN,,2022,,,,,,,,,,,999999.0,,,,,,
Scenario1,0,RE1,,IMPURN,,2023,,,,,,,,,,,999999.0,,,,,,
Scenario1,0,RE1,,IMPURN,,2024,,,,,,,,,,,999999.0,,,,,,
Scenario1,0,RE1,,IMPURN,,2025,,,,,,,,,,,999999.0,,,,,,
Scenario1,0,RE1,,IMPURN,,2026,,,,,,,,,,,999999.0,,,,,,
Scenario1,0,RE1,,IMPURN,,2027,,,,,,,,,,,999999.0,,,,,,
Scenario1,0,RE1,,IMPURN,,2028,,,,,,,,,,,999999.0,,,,,,
Scenario1,0,RE1,,IMPURN,,2029,,,,,,,,,,,999999.0,,,,,,
Scenario1,0,RE1,,IMPURN,,2030,,,,,,,,,,,999999.0,,,,,,
Scenario1,0,RE1,,IMPURN,,2031,,,,,,,,,,,999999.0,,,,,,
Scenario1,0,RE1,,IMPURN,,2032,,,,,,,,,,,999999.0,,,,,,
Scenario1,0,RE1,,IMPURN,,2033,,,,,,,,,,,999999.0,,,,,,
Scenario1,0,RE1,,IMPURN,,2034,,,,,,,,,,,999999.0,,,,,,
Scenario1,0,RE1,,IMPURN,,2035,,,,,,,,,,,999999.0,,,,,,
Scenario1,0,RE1,,IMPURN,,2036,,,,,,,,,,,999999.0,,,,,,
Scenario1,0,RE1,,IMPURN,,2037,,,,,,,,,,,999999.0,,,,,,
Scenario1,0,RE1,,IMPURN,,2038,,,,,,,,,,,999999.0,,,,,,
Scenario1,0,RE1,,IMPURN,,2039,,,,,,,,,,,999999.0,,,,,,
Scenario1,0,RE1,,IMPURN,,2040,,,,,,,,,,,999999.0,,,,,,
Scenario1,0,RE1,,IMPURN,,2041,,,,,,,,,,,999999.0,,,,,,
Scenario1,0,RE1,,IMPURN,,2042,,,,,,,,,,,999999.0,,,,,,
Scenario1,0,RE1,,IMPURN,,2043,,,,,,,,,,,999999.0,,,,,,
Scenario1,0,RE1,,IMPURN,,2044,,,,,,,,,,,999999.0,,,,,,
Scenario1,0,RE1,,IMPURN,,2045,,,,,,,,,,,999999.0,,,,,,
Scenario1,0,RE1,,IMPURN,,2046,,,,,,,,,,,999999.0,,,,,,
Scenario1,0,RE1,,IMPURN,,2047,,,,,,,,,,,999999.0,,,,,,
Scenario1,0,RE1,,IMPURN,,2048,,,,,,,,,,,999999.0,,,,,,
Scenario1,0,RE1,,IMPURN,,2049,,,,,,,,,,,999999.0,,,,,,
Scenario1,0,RE1,,IMPURN,,2050,,,,,,,,,,,999999.0,,,,,,
Scenario1,0,RE1,,MINBIO,,2019,,,,,,,,,,,999999.0,,,,,,
Scenario1,0,RE1,,MINBIO,,2020,,,,,,,,,,,999999.0,,,,,,
Scenario1,0,RE1,,MINBIO,,2021,,,,,,,,,,,999999.0,,,,,,
Scenario1,0,RE1,,MINBIO,,2022,,,,,,,,,,,999999.0,,,,,,
Scenario1,0,RE1,,MINBIO,,2023,,,,,,,,,,,999999.0,,,,,,
Scenario1,0,RE1,,MINBIO,,2024,,,,,,,,,,,999999.0,,,,,,
Scenario1,0,RE1,,MINBIO,,2025,,,,,,,,,,,999999.0,,,,,,
Scenario1,0,RE1,,MINBIO,,2026,,,,,,,,,,,999999.0,,,,,,
Scenario1,0,RE1,,MINBIO,,2027,,,,,,,,,,,999999.0,,,,,,
Scenario1,0,RE1,,MINBIO,,2028,,,,,,,,,,,999999.0,,,,,,
Scenario1,0,RE1,,MINBIO,,2029,,,,,,,,,,,999999.0,,,,,,
Scenario1,0,RE1,,MINBIO,,2030,,,,,,,,,,,999999.0,,,,,,
Scenario1,0,RE1,,MINBIO,,2031,,,,,,,,,,,999999.0,,,,,,
Scenario1,0,RE1,,MINBIO,,2032,,,,,,,,,,,999999.0,,,,,,
Scenario1,0,RE1,,MINBIO,,2033,,,,,,,,,,,999999.0,,,,,,
Scenario1,0,RE1,,MINBIO,,2034,,,,,,,,,,,999999.0,,,,,,
Scenario1,0,RE1,,MINBIO,,2035,,,,,,,,,,,999999.0,,,,,,
Scenario1,0,RE1,,MINBIO,,2036,,,,,,,,,,,999999.0,,,,,,
Scenario1,0,RE1,,MINBIO,,2037,,,,,,,,,,,999999.0,,,,,,
Scenario1,0,RE1,,MINBIO,,2038,,,,,,,,,,,999999.0,,,,,,
Scenario1,0,RE1,,MINBIO,,2039,,,,,,,,,,,999999.0,,,,,,
Scenario1,0,RE1,,MINBIO,,2040,,,,,,,,,,,999999.0,,,,,,
Scenario1,0,RE1,,MINBIO,,2041,,,,,,,,,,,999999.0,,,,,,
Scenario1,0,RE1,,MINBIO,,2042,,,,,,,,,,,999999.0,,,,,,
Scenario1,0,RE1,,MINBIO,,2043,,,,,,,,,,,999999.0,,,,,,
Scenario1,0,RE1,,MINBIO,,2044,,,,,,,,,,,999999.0,,,,,,
Scenario1,0,RE1,,MINBIO,,2045,,,,,,,,,,,999999.0,,,,,,
Scenario1,0,RE1,,MINBIO,,2046,,,,,,,,,,,999999.0,,,,,,
Scenario1,0,RE1,,MINBIO,,2047,,,,,,,,,,,999999.0,,,,,,
Scenario1,0,RE1,,MINBIO,,2048,,,,,,,,,,,999999.0,,,,,,
Scenario1,0,RE1,,MINBIO,,2049,,,,,,,,,,,999999.0,,,,,,
Scenario1,0,RE1,,MINBIO,,2050,,,,,,,,,,,999999.0,,,,,,
Scenario1,0,RE1,,MINCOA,,2019,,,,,,,,,,,999999.0,,,,,,
Scenario1,0,RE1,,MINCOA,,2020,,,,,,,,,,,999999.0,,,,,,
Scenario1,0,RE1,,MINCOA,,2021,,,,,,,,,,,999999.0,,,,,,
Scenario1,0,RE1,,MINCOA,,2022,,,,,,,,,,,999999.0,,,,,,
Scenario1,0,RE1,,MINCOA,,2023,,,,,,,,,,,999999.0,,,,,,
Scenario1,0,RE1,,MINCOA,,2024,,,,,,,,,,,999999.0,,,,,,
Scenario1,0,RE1,,MINCOA,,2025,,,,,,,,,,,999999.0,,,,,,
Scenario1,0,RE1,,MINCOA,,2026,,,,,,,,,,,999999.0,,,,,,
Scenario1,0,RE1,,MINCOA,,2027,,,,,,,,,,,999999.0,,,,,,
Scenario1,0,RE1,,MINCOA,,2028,,,,,,,,,,,999999.0,,,,,,
Scenario1,0,RE1,,MINCOA,,2029,,,,,,,,,,,999999.0,,,,,,
Scenario1,0,RE1,,MINCOA,,2030,,,,,,,,,,,999999.0,,,,,,
Scenario1,0,RE1,,MINCOA,,2031,,,,,,,,,,,999999.0,,,,,,
Scenario1,0,RE1,,MINCOA,,2032,,,,,,,,,,,999999.0,,,,,,
Scenario1,0,RE1,,MINCOA,,2033,,,,,,,,,,,999999.0,,,,,,
Scenario1,0,RE1,,MINCOA,,2034,,,,,,,,,,,999999.0,,,,,,
Scenario1,0,RE1,,MINCOA,,2035,,,,,,,,,,,999999.0,,,,,,
Scenario1,0,RE1,,MINCOA,,2036,,,,,,,,,,,999999.0,,,,,,
Scenario1,0,RE1,,MINCOA,,2037,,,,,,,,,,,999999.0,,,,,,
Scenario1,0,RE1,,MINCOA,,2038,,,,,,,,,,,999999.0,,,,,,
Scenario1,0,RE1,,MINCOA,,2039,,,,,,,,,,,999999.0,,,,,,
Scenario1,0,RE1,,MINCOA,,2040,,,,,,,,,,,999999.0,,,,,,
Scenario1,0,RE1,,MINCOA,,2041,,,,,,,,,,,999999.0,,,,,,
Scenario1,0,RE1,,MINCOA,,2042,,,,,,,,,,,999999.0,,,,,,
Scenario1,0,RE1,,MINCOA,,2043,,,,,,,,,,,999999.0,,,,,,
Scenario1,0,RE1,,MINCOA,,2044,,,,,,,,,,,999999.0,,,,,,
Scenario1,0,RE1,,MINCOA,,2045,,,,,,,,,,,999999.0,,,,,,
Scenario1,0,RE1,,MINCOA,,2046,,,,,,,,,,,999999.0,,,,,,
Scenario1,0,RE1,,MINCOA,,2047,,,,,,,,,,,999999.0,,,,,,
Scenario1,0,RE1,,MINCOA,,2048,,,,,,,,,,,999999.0,,,,,,
Scenario1,0,RE1,,MINCOA,,2049,,,,,,,,,,,999999.0,,,,,,
Scenario1,0,RE1,,MINCOA,,2050,,,,,,,,,,,999999.0,,,,,,
Scenario1,0,RE1,,MINGEO,,2019,,,,,,,,,,,999999.0,,,,,,
Scenario1,0,RE1,,MINGEO,,2020,,,,,,,,,,,999999.0,,,,,,
Scenario1,0,RE1,,MINGEO,,2021,,,,,,,,,,,999999.0,,,,,,
Scenario1,0,RE1,,MINGEO,,2022,,,,,,,,,,,999999.0,,,,,,
Scenario1,0,RE1,,MINGEO,,2023,,,,,,,,,,,999999.0,,,,,,
Scenario1,0,RE1,,MINGEO,,2024,,,,,,,,,,,999999.0,,,,,,
Scenario1,0,RE1,,MINGEO,,2025,,,,,,,,,,,999999.0,,,,,,
Scenario1,0,RE1,,MINGEO,,2026,,,,,,,,,,,999999.0,,,,,,
Scenario1,0,RE1,,MINGEO,,2027,,,,,,,,,,,999999.0,,,,,,
Scenario1,0,RE1,,MINGEO,,2028,,,,,,,,,,,999999.0,,,,,,
Scenario1,0,RE1,,MINGEO,,2029,,,,,,,,,,,999999.0,,,,,,
Scenario1,0,RE1,,MINGEO,,2030,,,,,,,,,,,999999.0,,,,,,
Scenario1,0,RE1,,MINGEO,,2031,,,,,,,,,,,999999.0,,,,,,
Scenario1,0,RE1,,MINGEO,,2032,,,,,,,,,,,999999.0,,,,,,
Scenario1,0,RE1,,MINGEO,,2033,,,,,,,,,,,999999.0,,,,,,
Scenario1,0,RE1,,MINGEO,,2034,,,,,,,,,,,999999.0,,,,,,
Scenario1,0,RE1,,MINGEO,,2035,,,,,,,,,,,999999.0,,,,,,
Scenario1,0,RE1,,MINGEO,,2036,,,,,,,,,,,999999.0,,,,,,
Scenario1,0,RE1,,MINGEO,,2037,,,,,,,,,,,999999.0,,,,,,
Scenario1,0,RE1,,MINGEO,,2038,,,,,,,,,,,999999.0,,,,,,
Scenario1,0,RE1,,MINGEO,,2039,,,,,,,,,,,999999.0,,,,,,
Scenario1,0,RE1,,MINGEO,,2040,,,,,,,,,,,999999.0,,,,,,
Scenario1,0,RE1,,MINGEO,,2041,,,,,,,,,,,999999.0,,,,,,
Scenario1,0,RE1,,MINGEO,,2042,,,,,,,,,,,999999.0,,,,,,
Scenario1,0,RE1,,MINGEO,,2043,,,,,,,,,,,999999.0,,,,,,
Scenario1,0,RE1,,MINGEO,,2044,,,,,,,,,,,999999.0,,,,,,
Scenario1,0,RE1,,MINGEO,,2045,,,,,,,,,,,999999.0,,,,,,
Scenario1,0,RE1,,MINGEO,,2046,,,,,,,,,,,999999.0,,,,,,
Scenario1,0,RE1,,MINGEO,,2047,,,,,,,,,,,999999.0,,,,,,
Scenario1,0,RE1,,MINGEO,,2048,,,,,,,,,,,999999.0,,,,,,
Scenario1,0,RE1,,MINGEO,,2049,,,,,,,,,,,999999.0,,,,,,
Scenario1,0,RE1,,MINGEO,,2050,,,,,,,,,,,999999.0,,,,,,
Scenario1,0,RE1,,MINHYD,,2019,,,,,,,,,,,999999.0,,,,,,
Scenario1,0,RE1,,MINHYD,,2020,,,,,,,,,,,999999.0,,,,,,
Scenario1,0,RE1,,MINHYD,,2021,,,,,,,,,,,999999.0,,,,,,
Scenario1,0,RE1,,MINHYD,,2022,,,,,,,,,,,999999.0,,,,,,
Scenario1,0,RE1,,MINHYD,,2023,,,,,,,,,,,999999.0,,,,,,
Scenario1,0,RE1,,MINHYD,,2024,,,,,,,,,,,999999.0,,,,,,
Scenario1,0,RE1,,MINHYD,,2025,,,,,,,,,,,999999.0,,,,,,
Scenario1,0,RE1,,MINHYD,,2026,,,,,,,,,,,999999.0,,,,,,
Scenario1,0,RE1,,MINHYD,,2027,,,,,,,,,,,999999.0,,,,,,
Scenario1,0,RE1,,MINHYD,,2028,,,,,,,,,,,999999.0,,,,,,
Scenario1,0,RE1,,MINHYD,,2029,,,,,,,,,,,999999.0,,,,,,
Scenario1,0,RE1,,MINHYD,,2030,,,,,,,,,,,999999.0,,,,,,
Scenario1,0,RE1,,MINHYD,,2031,,,,,,,,,,,999999.0,,,,,,
Scenario1,0,RE1,,MINHYD,,2032,,,,,,,,,,,999999.0,,,,,,
Scenario1,0,RE1,,MINHYD,,2033,,,,,,,,,,,999999.0,,,,,,
Scenario1,0,RE1,,MINHYD,,2034,,,,,,,,,,,999999.0,,,,,,
Scenario1,0,RE1,,MINHYD,,2035,,,,,,,,,,,999999.0,,,,,,
Scenario1,0,RE1,,MINHYD,,2036,,,,,,,,,,,999999.0,,,,,,
Scenario1,0,RE1,,MINHYD,,2037,,,,,,,,,,,999999.0,,,,,,
Scenario1,0,RE1,,MINHYD,,2038,,,,,,,,,,,999999.0,,,,,,
Scenario1,0,RE1,,MINHYD,,2039,,,,,,,,,,,999999.0,,,,,,
Scenario1,0,RE1,,MINHYD,,2040,,,,,,,,,,,999999.0,,,,,,
Scenario1,0,RE1,,MINHYD,,2041,,,,,,,,,,,999999.0,,,,,,
Scenario1,0,RE1,,MINHYD,,2042,,,,,,,,,,,999999.0,,,,,,
Scenario1,0,RE1,,MINHYD,,2043,,,,,,,,,,,999999.0,,,,,,
Scenario1,0,RE1,,MINHYD,,2044,,,,,,,,,,,999999.0,,,,,,
Scenario1,0,RE1,,MINHYD,,2045,,,,,,,,,,,999999.0,,,,,,
Scenario1,0,RE1,,MINHYD,,2046,,,,,,,,,,,999999.0,,,,,,
Scenario1,0,RE1,,MINHYD,,2047,,,,,,,,,,,999999.0,,,,,,
Scenario1,0,RE1,,MINHYD,,2048,,,,,,,,,,,999999.0,,,,,,
Scenario1,0,RE1,,MINHYD,,2049,,,,,,,,,,,999999.0,,,,,,
Scenario1,0,RE1,,MINHYD,,2050,,,,,,,,,,,999999.0,,,,,,
Scenario1,0,RE1,,MINSOL,,2019,,,,,,,,,,,999999.0,,,,,,
Scenario1,0,RE1,,MINSOL,,2020,,,,,,,,,,,999999.0,,,,,,
Scenario1,0,RE1,,MINSOL,,2021,,,,,,,,,,,999999.0,,,,,,
Scenario1,0,RE1,,MINSOL,,2022,,,,,,,,,,,999999.0,,,,,,
Scenario1,0,RE1,,MINSOL,,2023,,,,,,,,,,,999999.0,,,,,,
Scenario1,0,RE1,,MINSOL,,2024,,,,,,,,,,,999999.0,,,,,,
Scenario1,0,RE1,,MINSOL,,2025,,,,,,,,,,,999999.0,,,,,,
Scenario1,0,RE1,,MINSOL,,2026,,,,,,,,,,,999999.0,,,,,,
Scenario1,0,RE1,,MINSOL,,2027,,,,,,,,,,,999999.0,,,,,,
Scenario1,0,RE1,,MINSOL,,2028,,,,,,,,,,,999999.0,,,,,,
Scenario1,0,RE1,,MINSOL,,2029,,,,,,,,,,,999999.0,,,,,,
Scenario1,0,RE1,,MINSOL,,2030,,,,,,,,,,,999999.0,,,,,,
Scenario1,0,RE1,,MINSOL,,2031,,,,,,,,,,,999999.0,,,,,,
Scenario1,0,RE1,,MINSOL,,2032,,,,,,,,,,,999999.0,,,,,,
Scenario1,0,RE1,,MINSOL,,2033,,,,,,,,,,,999999.0,,,,,,
Scenario1,0,RE1,,MINSOL,,2034,,,,,,,,,,,999999.0,,,,,,
Scenario1,0,RE1,,MINSOL,,2035,,,,,,,,,,,999999.0,,,,,,
Scenario1,0,RE1,,MINSOL,,2036,,,,,,,,,,,999999.0,,,,,,
Scenario1,0,RE1,,MINSOL,,2037,,,,,,,,,,,999999.0,,,,,,
Scenario1,0,RE1,,MINSOL,,2038,,,,,,,,,,,999999.0,,,,,,
Scenario1,0,RE1,,MINSOL,,2039,,,,,,,,,,,999999.0,,,,,,
Scenario1,0,RE1,,MINSOL,,2040,,,,,,,,,,,999999.0,,,,,,
Scenario1,0,RE1,,MINSOL,,2041,,,,,,,,,,,999999.0,,,,,,
Scenario1,0,RE1,,MINSOL,,2042,,,,,,,,,,,999999.0,,,,,,
Scenario1,0,RE1,,MINSOL,,2043,,,,,,,,,,,999999.0,,,,,,
Scenario1,0,RE1,,MINSOL,,2044,,,,,,,,,,,999999.0,,,,,,
Scenario1,0,RE1,,MINSOL,,2045,,,,,,,,,,,999999.0,,,,,,
Scenario1,0,RE1,,MINSOL,,2046,,,,,,,,,,,999999.0,,,,,,
Scenario1,0,RE1,,MINSOL,,2047,,,,,,,,,,,999999.0,,,,,,
Scenario1,0,RE1,,MINSOL,,2048,,,,,,,,,,,999999.0,,,,,,
Scenario1,0,RE1,,MINSOL,,2049,,,,,,,,,,,999999.0,,,,,,
Scenario1,0,RE1,,MINSOL,,2050,,,,,,,,,,,999999.0,,,,,,
Scenario1,0,RE1,,MINWND,,2019,,,,,,,,,,,999999.0,,,,,,
Scenario1,0,RE1,,MINWND,,2020,,,,,,,,,,,999999.0,,,,,,
Scenario1,0,RE1,,MINWND,,2021,,,,,,,,,,,999999.0,,,,,,
Scenario1,0,RE1,,MINWND,,2022,,,,,,,,,,,999999.0,,,,,,
Scenario1,0,RE1,,MINWND,,2023,,,,,,,,,,,999999.0,,,,,,
Scenario1,0,RE1,,MINWND,,2024,,,,,,,,,,,999999.0,,,,,,
Scenario1,0,RE1,,MINWND,,2025,,,,,,,,,,,999999.0,,,,,,
Scenario1,0,RE1,,MINWND,,2026,,,,,,,,,,,999999.0,,,,,,
Scenario1,0,RE1,,MINWND,,2027,,,,,,,,,,,999999.0,,,,,,
Scenario1,0,RE1,,MINWND,,2028,,,,,,,,,,,999999.0,,,,,,
Scenario1,0,RE1,,MINWND,,2029,,,,,,,,,,,999999.0,,,,,,
Scenario1,0,RE1,,MINWND,,2030,,,,,,,,,,,999999.0,,,,,,
Scenario1,0,RE1,,MINWND,,2031,,,,,,,,,,,999999.0,,,,,,
Scenario1,0,RE1,,MINWND,,2032,,,,,,,,,,,999999.0,,,,,,
Scenario1,0,RE1,,MINWND,,2033,,,,,,,,,,,999999.0,,,,,,
Scenario1,0,RE1,,MINWND,,2034,,,,,,,,,,,999999.0,,,,,,
Scenario1,0,RE1,,MINWND,,2035,,,,,,,,,,,999999.0,,,,,,
Scenario1,0,RE1,,MINWND,,2036,,,,,,,,,,,999999.0,,,,,,
Scenario1,0,RE1,,MINWND,,2037,,,,,,,,,,,999999.0,,,,,,
Scenario1,0,RE1,,MINWND,,2038,,,,,,,,,,,999999.0,,,,,,
Scenario1,0,RE1,,MINWND,,2039,,,,,,,,,,,999999.0,,,,,,
Scenario1,0,RE1,,MINWND,,2040,,,,,,,,,,,999999.0,,,,,,
Scenario1,0,RE1,,MINWND,,2041,,,,,,,,,,,999999.0,,,,,,
Scenario1,0,RE1,,MINWND,,2042,,,,,,,,,,,999999.0,,,,,,
Scenario1,0,RE1,,MINWND,,2043,,,,,,,,,,,999999.0,,,,,,
Scenario1,0,RE1,,MINWND,,2044,,,,,,,,,,,999999.0,,,,,,
Scenario1,0,RE1,,MINWND,,2045,,,,,,,,,,,999999.0,,,,,,
Scenario1,0,RE1,,MINWND,,2046,,,,,,,,,,,999999.0,,,,,,
Scenario1,0,RE1,,MINWND,,2047,,,,,,,,,,,999999.0,,,,,,
Scenario1,0,RE1,,MINWND,,2048,,,,,,,,,,,999999.0,,,,,,
Scenario1,0,RE1,,MINWND,,2049,,,,,,,,,,,999999.0,,,,,,
Scenario1,0,RE1,,MINWND,,2050,,,,,,,,,,,999999.0,,,,,,
Scenario1,0,RE1,,PWRBIO001,,2019,,,,,,,,,,,0.002,,,,,,
Scenario1,0,RE1,,PWRBIO001,,2020,,,,,,,,,,,0.002,,,,,,
Scenario1,0,RE1,,PWRBIO001,,2021,,,,,,,,,,,0.002,,,,,,
Scenario1,0,RE1,,PWRBIO001,,2022,,,,,,,,,,,0.002,,,,,,
Scenario1,0,RE1,,PWRBIO001,,2023,,,,,,,,,,,0.0034,,,,,,
Scenario1,0,RE1,,PWRBIO001,,2024,,,,,,,,,,,0.0034,,,,,,
Scenario1,0,RE1,,PWRBIO001,,2025,,,,,,,,,,,0.0034,,,,,,
Scenario1,0,RE1,,PWRBIO001,,2026,,,,,,,,,,,0.0134,,,,,,
Scenario1,0,RE1,,PWRBIO001,,2027,,,,,,,,,,,0.0134,,,,,,
Scenario1,0,RE1,,PWRBIO001,,2028,,,,,,,,,,,0.0214,,,,,,
Scenario1,0,RE1,,PWRBIO001,,2029,,,,,,,,,,,0.0214,,,,,,
Scenario1,0,RE1,,PWRBIO001,,2030,,,,,,,,,,,0.0696,,,,,,
Scenario1,0,RE1,,PWRBIO001,,2031,,,,,,,,,,,0.0896,,,,,,
Scenario1,0,RE1,,PWRBIO001,,2032,,,,,,,,,,,0.1004,,,,,,
Scenario1,0,RE1,,PWRBIO001,,2033,,,,,,,,,,,0.1034,,,,,,
Scenario1,0,RE1,,PWRBIO001,,2034,,,,,,,,,,,0.1094,,,,,,
Scenario1,0,RE1,,PWRBIO001,,2035,,,,,,,,,,,0.1097,,,,,,
Scenario1,0,RE1,,PWRBIO001,,2036,,,,,,,,,,,0.1097,,,,,,
Scenario1,0,RE1,,PWRBIO001,,2037,,,,,,,,,,,0.1097,,,,,,
Scenario1,0,RE1,,PWRBIO001,,2038,,,,,,,,,,,0.1097,,,,,,
Scenario1,0,RE1,,PWRBIO001,,2039,,,,,,,,,,,0.1097,,,,,,
Scenario1,0,RE1,,PWRBIO001,,2040,,,,,,,,,,,0.1097,,,,,,
Scenario1,0,RE1,,PWRBIO001,,2041,,,,,,,,,,,0.1097,,,,,,
Scenario1,0,RE1,,PWRBIO001,,2042,,,,,,,,,,,0.1097,,,,,,
Scenario1,0,RE1,,PWRBIO001,,2043,,,,,,,,,,,0.1077,,,,,,
Scenario1,0,RE1,,PWRBIO001,,2044,,,,,,,,,,,0.1077,,,,,,
Scenario1,0,RE1,,PWRBIO001,,2045,,,,,,,,,,,0.1077,,,,,,
Scenario1,0,RE1,,PWRBIO001,,2046,,,,,,,,,,,0.1077,,,,,,
Scenario1,0,RE1,,PWRBIO001,,2047,,,,,,,,,,,0.1077,,,,,,
Scenario1,0,RE1,,PWRBIO001,,2048,,,,,,,,,,,0.1077,,,,,,
Scenario1,0,RE1,,PWRBIO001,,2049,,,,,,,,,,,0.1077,,,,,,
Scenario1,0,RE1,,PWRBIO001,,2050,,,,,,,,,,,0.1077,,,,,,
Scenario1,0,RE1,,PWRCOA001,,2019,,,,,,,,,,,0.0,,,,,,
Scenario1,0,RE1,,PWRCOA001,,2020,,,,,,,,,,,0.0,,,,,,
Scenario1,0,RE1,,PWRCOA001,,2021,,,,,,,,,,,0.0,,,,,,
Scenario1,0,RE1,,PWRCOA001,,2022,,,,,,,,,,,0.0,,,,,,
Scenario1,0,RE1,,PWRCOA001,,2023,,,,,,,,,,,0.0,,,,,,
Scenario1,0,RE1,,PWRCOA001,,2024,,,,,,,,,,,0.0,,,,,,
Scenario1,0,RE1,,PWRCOA001,,2025,,,,,,,,,,,0.0,,,,,,
Scenario1,0,RE1,,PWRCOA001,,2026,,,,,,,,,,,0.0,,,,,,
Scenario1,0,RE1,,PWRCOA001,,2027,,,,,,,,,,,0.0,,,,,,
Scenario1,0,RE1,,PWRCOA001,,2028,,,,,,,,,,,0.0,,,,,,
Scenario1,0,RE1,,PWRCOA001,,2029,,,,,,,,,,,0.0,,,,,,
Scenario1,0,RE1,,PWRCOA001,,2030,,,,,,,,,,,0.0,,,,,,
Scenario1,0,RE1,,PWRCOA001,,2031,,,,,,,,,,,0.0,,,,,,
Scenario1,0,RE1,,PWRCOA001,,2032,,,,,,,,,,,0.0,,,,,,
Scenario1,0,RE1,,PWRCOA001,,2033,,,,,,,,,,,0.0,,,,,,
Scenario1,0,RE1,,PWRCOA001,,2034,,,,,,,,,,,0.0,,,,,,
Scenario1,0,RE1,,PWRCOA001,,2035,,,,,,,,,,,0.0,,,,,,
Scenario1,0,RE1,,PWRCOA001,,2036,,,,,,,,,,,0.0,,,,,,
Scenario1,0,RE1,,PWRCOA001,,2037,,,,,,,,,,,0.0,,,,,,
Scenario1,0,RE1,,PWRCOA001,,2038,,,,,,,,,,,0.0,,,,,,
Scenario1,0,RE1,,PWRCOA001,,2039,,,,,,,,,,,0.0,,,,,,
Scenario1,0,RE1,,PWRCOA001,,2040,,,,,,,,,,,0.0,,,,,,
Scenario1,0,RE1,,PWRCOA001,,2041,,,,,,,,,,,0.0,,,,,,
Scenario1,0,RE1,,PWRCOA001,,2042,,,,,,,,,,,0.0,,,,,,
Scenario1,0,RE1,,PWRCOA001,,2043,,,,,,,,,,,0.0,,,,,,
Scenario1,0,RE1,,PWRCOA001,,2044,,,,,,,,,,,0.0,,,,,,
Scenario1,0,RE1,,PWRCOA001,,2045,,,,,,,,,,,0.0,,,,,,
Scenario1,0,RE1,,PWRCOA001,,2046,,,,,,,,,,,0.0,,,,,,
Scenario1,0,RE1,,PWRCOA001,,2047,,,,,,,,,,,0.0,,,,,,
Scenario1,0,RE1,,PWRCOA001,,2048,,,,,,,,,,,0.0,,,,,,
Scenario1,0,RE1,,PWRCOA001,,2049,,,,,,,,,,,0.0,,,,,,
Scenario1,0,RE1,,PWRCOA001,,2050,,,,,,,,,,,0.0,,,,,,
Scenario1,0,RE1,,PWRDIST,,2019,,,,,,,,,,,1.8817910121806023,,,,,,
Scenario1,0,RE1,,PWRDIST,,2020,,,,,,,,,,,1.9146940576415683,,,,,,
Scenario1,0,RE1,,PWRDIST,,2021,,,,,,,,,,,1.9994509050568685,,,,,,
Scenario1,0,RE1,,PWRDIST,,2022,,,,,,,,,,,2.0639926013065417,,,,,,
Scenario1,0,RE1,,PWRDIST,,2023,,,,,,,,,,,2.124474417447986,,,,,,
Scenario1,0,RE1,,PWRDIST,,2024,,,,,,,,,,,2.194913097697316,,,,,,
Scenario1,0,RE1,,PWRDIST,,2025,,,,,,,,,,,2.2716920004011807,,,,,,
Scenario1,0,RE1,,PWRDIST,,2026,,,,,,,,,,,2.352131200952372,,,,,,
Scenario1,0,RE1,,PWRDIST,,2027,,,,,,,,,,,2.485132902331576,,,,,,
Scenario1,0,RE1,,PWRDIST,,2028,,,,,,,,,,,2.625914946963481,,,,,,
Scenario1,0,RE1,,PWRDIST,,2029,,,,,,,,,,,2.7869308802160857,,,,,,
Scenario1,0,RE1,,PWRDIST,,2030,,,,,,,,,,,2.9597251911073603,,,,,,
Scenario1,0,RE1,,PWRDIST,,2031,,,,,,,,,,,3.121109771886856,,,,,,
Scenario1,0,RE1,,PWRDIST,,2032,,,,,,,,,,,3.300244599363127,,,,,,
Scenario1,0,RE1,,PWRDIST,,2033,,,,,,,,,,,3.4818494067605776,,,,,,
Scenario1,0,RE1,,PWRDIST,,2034,,,,,,,,,,,3.6750914874870975,,,,,,
Scenario1,0,RE1,,PWRDIST,,2035,,,,,,,,,,,3.878430643091625,,,,,,
Scenario1,0,RE1,,PWRDIST,,2036,,,,,,,,,,,4.084637216086406,,,,,,
Scenario1,0,RE1,,PWRDIST,,2037,,,,,,,,,,,4.316735998759048,,,,,,
Scenario1,0,RE1,,PWRDIST,,2038,,,,,,,,,,,4.558587286443082,,,,,,
Scenario1,0,RE1,,PWRDIST,,2039,,,,,,,,,,,4.814331703645129,,,,,,
Scenario1,0,RE1,,PWRDIST,,2040,,,,,,,,,,,5.085630149991976,,,,,,
Scenario1,0,RE1,,PWRDIST,,2041,,,,,,,,,,,5.371556232011997,,,,,,
Scenario1,0,RE1,,PWRDIST,,2042,,,,,,,,,,,5.667636118836462,,,,,,
Scenario1,0,RE1,,PWRDIST,,2043,,,,,,,,,,,5.983494243970183,,,,,,
Scenario1,0,RE1,,PWRDIST,,2044,,,,,,,,,,,6.316280007096462,,,,,,
Scenario1,0,RE1,,PWRDIST,,2045,,,,,,,,,,,6.66829864353315,,,,,,
Scenario1,0,RE1,,PWRDIST,,2046,,,,,,,,,,,7.039941469973341,,,,,,
Scenario1,0,RE1,,PWRDIST,,2047,,,,,,,,,,,7.431518821633091,,,,,,
Scenario1,0,RE1,,PWRDIST,,2048,,,,,,,,,,,7.845719948062895,,,,,,
Scenario1,0,RE1,,PWRDIST,,2049,,,,,,,,,,,8.283017826280734,,,,,,
Scenario1,0,RE1,,PWRDIST,,2050,,,,,,,,,,,8.743768523913342,,,,,,
Scenario1,0,RE1,,PWRGEO001,,2019,,,,,,,,,,,0.7911,,,,,,
Scenario1,0,RE1,,PWRGEO001,,2020,,,,,,,,,,,0.7911,,,,,,
Scenario1,0,RE1,,PWRGEO001,,2021,,,,,,,,,,,0.7911,,,,,,
Scenario1,0,RE1,,PWRGEO001,,2022,,,,,,,,,,,0.8744,,,,,,
Scenario1,0,RE1,,PWRGEO001,,2023,,,,,,,,,,,0.8744,,,,,,
Scenario1,0,RE1,,PWRGEO001,,2024,,,,,,,,,,,0.8443999999999999,,,,,,
Scenario1,0,RE1,,PWRGEO001,,2025,,,,,,,,,,,0.9064,,,,,,
Scenario1,0,RE1,,PWRGEO001,,2026,,,,,,,,,,,0.9064,,,,,,
Scenario1,0,RE1,,PWRGEO001,,2027,,,,,,,,,,,0.8618000000000001,,,,,,
Scenario1,0,RE1,,PWRGEO001,,2028,,,,,,,,,,,0.8618000000000001,,,,,,
Scenario1,0,RE1,,PWRGEO001,,2029,,,,,,,,,,,0.7608000000000001,,,,,,
Scenario1,0,RE1,,PWRGEO001,,2030,,,,,,,,,,,0.7608000000000001,,,,,,
Scenario1,0,RE1,,PWRGEO001,,2031,,,,,,,,,,,0.7333000000000001,,,,,,
Scenario1,0,RE1,,PWRGEO001,,2032,,,,,,,,,,,0.7333000000000001,,,,,,
Scenario1,0,RE1,,PWRGEO001,,2033,,,,,,,,,,,0.7333000000000001,,,,,,
Scenario1,0,RE1,,PWRGEO001,,2034,,,,,,,,,,,0.7398777688057918,,,,,,
Scenario1,0,RE1,,PWRGEO001,,2035,,,,,,,,,,,0.9014679526296452,,,,,,
Scenario1,0,RE1,,PWRGEO001,,2036,,,,,,,,,,,1.1116708202367271,,,,,,
Scenario1,0,RE1,,PWRGEO001,,2037,,,,,,,,,,,1.274684939759147,,,,,,
Scenario1,0,RE1,,PWRGEO001,,2038,,,,,,,,,,,1.2986999999999995,,,,,,
Scenario1,0,RE1,,PWRGEO001,,2039,,,,,,,,,,,1.2811,,,,,,
Scenario1,0,RE1,,PWRGEO001,,2040,,,,,,,,,,,1.1411,,,,,,
Scenario1,0,RE1,,PWRGEO001,,2041,,,,,,,,,,,0.9721,,,,,,
Scenario1,0,RE1,,PWRGEO001,,2042,,,,,,,,,,,0.9721,,,,,,
Scenario1,0,RE1,,PWRGEO001,,2043,,,,,,,,,,,0.9083,,,,,,
Scenario1,0,RE1,,PWRGEO001,,2044,,,,,,,,,,,0.9083,,,,,,
Scenario1,0,RE1,,PWRGEO001,,2045,,,,,,,,,,,0.7503,,,,,,
Scenario1,0,RE1,,PWRGEO001,,2046,,,,,,,,,,,0.7503,,,,,,
Scenario1,0,RE1,,PWRGEO001,,2047,,,,,,,,,,,0.667,,,,,,
Scenario1,0,RE1,,PWRGEO001,,2048,,,,,,,,,,,0.667,,,,,,
Scenario1,0,RE1,,PWRGEO001,,2049,,,,,,,,,,,0.667,,,,,,
Scenario1,0,RE1,,PWRGEO001,,2050,,,,,,,,,,,0.6470000000000001,,,,,,
Scenario1,0,RE1,,PWRGEO002,,2019,,,,,,,,,,,0.0,,,,,,
Scenario1,0,RE1,,PWRGEO002,,2020,,,,,,,,,,,0.0,,,,,,
Scenario1,0,RE1,,PWRGEO002,,2021,,,,,,,,,,,0.0,,,,,,
Scenario1,0,RE1,,PWRGEO002,,2022,,,,,,,,,,,0.0,,,,,,
Scenario1,0,RE1,,PWRGEO002,,2023,,,,,,,,,,,0.035,,,,,,
Scenario1,0,RE1,,PWRGEO002,,2024,,,,,,,,,,,0.035,,,,,,
Scenario1,0,RE1,,PWRGEO002,,2025,,,,,,,,,,,0.07,,,,,,
Scenario1,0,RE1,,PWRGEO002,,2026,,,,,,,,,,,0.07,,,,,,
Scenario1,0,RE1,,PWRGEO002,,2027,,,,,,,,,,,0.07,,,,,,
Scenario1,0,RE1,,PWRGEO002,,2028,,,,,,,,,,,0.07,,,,,,
Scenario1,0,RE1,,PWRGEO002,,2029,,,,,,,,,,,0.07,,,,,,
Scenario1,0,RE1,,PWRGEO002,,2030,,,,,,,,,,,0.07,,,,,,
Scenario1,0,RE1,,PWRGEO002,,2031,,,,,,,,,,,0.07,,,,,,
Scenario1,0,RE1,,PWRGEO002,,2032,,,,,,,,,,,0.07,,,,,,
Scenario1,0,RE1,,PWRGEO002,,2033,,,,,,,,,,,0.07,,,,,,
Scenario1,0,RE1,,PWRGEO002,,2034,,,,,,,,,,,0.07,,,,,,
Scenario1,0,RE1,,PWRGEO002,,2035,,,,,,,,,,,0.07,,,,,,
Scenario1,0,RE1,,PWRGEO002,,2036,,,,,,,,,,,0.07,,,,,,
Scenario1,0,RE1,,PWRGEO002,,2037,,,,,,,,,,,0.07,,,,,,
Scenario1,0,RE1,,PWRGEO002,,2038,,,,,,,,,,,0.205,,,,,,
Scenario1,0,RE1,,PWRGEO002,,2039,,,,,,,,,,,0.265,,,,,,
Scenario1,0,RE1,,PWRGEO002,,2040,,,,,,,,,,,0.4425050766432542,,,,,,
Scenario1,0,RE1,,PWRGEO002,,2041,,,,,,,,,,,0.4650000000000001,,,,,,
Scenario1,0,RE1,,PWRGEO002,,2042,,,,,,,,,,,0.4650000000000001,,,,,,
Scenario1,0,RE1,,PWRGEO002,,2043,,,,,,,,,,,0.4650000000000001,,,,,,
Scenario1,0,RE1,,PWRGEO002,,2044,,,,,,,,,,,0.4650000000000001,,,,,,
Scenario1,0,RE1,,PWRGEO002,,2045,,,,,,,,,,,0.4650000000000001,,,,,,
Scenario1,0,RE1,,PWRGEO002,,2046,,,,,,,,,,,0.4650000000000001,,,,,,
Scenario1,0,RE1,,PWRGEO002,,2047,,,,,,,,,,,0.4650000000000001,,,,,,
Scenario1,0,RE1,,PWRGEO002,,2048,,,,,,,,,,,0.43,,,,,,
Scenario1,0,RE1,,PWRGEO002,,2049,,,,,,,,,,,0.43,,,,,,
Scenario1,0,RE1,,PWRGEO002,,2050,,,,,,,,,,,0.395,,,,,,
Scenario1,0,RE1,,PWRGEO003,,2019,,,,,,,,,,,0.0,,,,,,
Scenario1,0,RE1,,PWRGEO003,,2020,,,,,,,,,,,0.0,,,,,,
Scenario1,0,RE1,,PWRGEO003,,2021,,,,,,,,,,,0.0,,,,,,
Scenario1,0,RE1,,PWRGEO003,,2022,,,,,,,,,,,0.0,,,,,,
Scenario1,0,RE1,,PWRGEO003,,2023,,,,,,,,,,,0.0,,,,,,
Scenario1,0,RE1,,PWRGEO003,,2024,,,,,,,,,,,0.0,,,,,,
Scenario1,0,RE1,,PWRGEO003,,2025,,,,,,,,,,,0.0,,,,,,
Scenario1,0,RE1,,PWRGEO003,,2026,,,,,,,,,,,0.0,,,,,,
Scenario1,0,RE1,,PWRGEO003,,2027,,,,,,,,,,,0.0,,,,,,
Scenario1,0,RE1,,PWRGEO003,,2028,,,,,,,,,,,0.0,,,,,,
Scenario1,0,RE1,,PWRGEO003,,2029,,,,,,,,,,,0.0,,,,,,
Scenario1,0,RE1,,PWRGEO003,,2030,,,,,,,,,,,0.0,,,,,,
Scenario1,0,RE1,,PWRGEO003,,2031,,,,,,,,,,,0.0,,,,,,
Scenario1,0,RE1,,PWRGEO003,,2032,,,,,,,,,,,0.0,,,,,,
Scenario1,0,RE1,,PWRGEO003,,2033,,,,,,,,,,,0.0,,,,,,
Scenario1,0,RE1,,PWRGEO003,,2034,,,,,,,,,,,0.0,,,,,,
Scenario1,0,RE1,,PWRGEO003,,2035,,,,,,,,,,,0.0,,,,,,
Scenario1,0,RE1,,PWRGEO003,,2036,,,,,,,,,,,0.0,,,,,,
Scenario1,0,RE1,,PWRGEO003,,2037,,,,,,,,,,,0.0,,,,,,
Scenario1,0,RE1,,PWRGEO003,,2038,,,,,,,,,,,0.033,,,,,,
Scenario1,0,RE1,,PWRGEO003,,2039,,,,,,,,,,,0.033,,,,,,
Scenario1,0,RE1,,PWRGEO003,,2040,,,,,,,,,,,0.1,,,,,,
Scenario1,0,RE1,,PWRGEO003,,2041,,,,,,,,,,,0.1,,,,,,
Scenario1,0,RE1,,PWRGEO003,,2042,,,,,,,,,,,0.1,,,,,,
Scenario1,0,RE1,,PWRGEO003,,2043,,,,,,,,,,,0.1,,,,,,
Scenario1,0,RE1,,PWRGEO003,,2044,,,,,,,,,,,0.1,,,,,,
Scenario1,0,RE1,,PWRGEO003,,2045,,,,,,,,,,,0.1,,,,,,
Scenario1,0,RE1,,PWRGEO003,,2046,,,,,,,,,,,0.1,,,,,,
Scenario1,0,RE1,,PWRGEO003,,2047,,,,,,,,,,,0.1,,,,,,
Scenario1,0,RE1,,PWRGEO003,,2048,,,,,,,,,,,0.1,,,,,,
Scenario1,0,RE1,,PWRGEO003,,2049,,,,,,,,,,,0.1,,,,,,
Scenario1,0,RE1,,PWRGEO003,,2050,,,,,,,,,,,0.1,,,,,,
Scenario1,0,RE1,,PWRGEO004,,2019,,,,,,,,,,,0.0,,,,,,
Scenario1,0,RE1,,PWRGEO004,,2020,,,,,,,,,,,0.0,,,,,,
Scenario1,0,RE1,,PWRGEO004,,2021,,,,,,,,,,,0.0,,,,,,
Scenario1,0,RE1,,PWRGEO004,,2022,,,,,,,,,,,0.0,,,,,,
Scenario1,0,RE1,,PWRGEO004,,2023,,,,,,,,,,,0.0,,,,,,
Scenario1,0,RE1,,PWRGEO004,,2024,,,,,,,,,,,0.0,,,,,,
Scenario1,0,RE1,,PWRGEO004,,2025,,,,,,,,,,,0.0,,,,,,
Scenario1,0,RE1,,PWRGEO004,,2026,,,,,,,,,,,0.0,,,,,,
Scenario1,0,RE1,,PWRGEO004,,2027,,,,,,,,,,,0.0,,,,,,
Scenario1,0,RE1,,PWRGEO004,,2028,,,,,,,,,,,0.0,,,,,,
Scenario1,0,RE1,,PWRGEO004,,2029,,,,,,,,,,,0.0,,,,,,
Scenario1,0,RE1,,PWRGEO004,,2030,,,,,,,,,,,0.0,,,,,,
Scenario1,0,RE1,,PWRGEO004,,2031,,,,,,,,,,,0.0,,,,,,
Scenario1,0,RE1,,PWRGEO004,,2032,,,,,,,,,,,0.0,,,,,,
Scenario1,0,RE1,,PWRGEO004,,2033,,,,,,,,,,,0.0,,,,,,
Scenario1,0,RE1,,PWRGEO004,,2034,,,,,,,,,,,0.0,,,,,,
Scenario1,0,RE1,,PWRGEO004,,2035,,,,,,,,,,,0.0,,,,,,
Scenario1,0,RE1,,PWRGEO004,,2036,,,,,,,,,,,0.0,,,,,,
Scenario1,0,RE1,,PWRGEO004,,2037,,,,,,,,,,,0.0,,,,,,
Scenario1,0,RE1,,PWRGEO004,,2038,,,,,,,,,,,0.1,,,,,,
Scenario1,0,RE1,,PWRGEO004,,2039,,,,,,,,,,,0.2,,,,,,
Scenario1,0,RE1,,PWRGEO004,,2040,,,,,,,,,,,0.3,,,,,,
Scenario1,0,RE1,,PWRGEO004,,2041,,,,,,,,,,,0.3,,,,,,
Scenario1,0,RE1,,PWRGEO004,,2042,,,,,,,,,,,0.3,,,,,,
Scenario1,0,RE1,,PWRGEO004,,2043,,,,,,,,,,,0.3,,,,,,
Scenario1,0,RE1,,PWRGEO004,,2044,,,,,,,,,,,0.3,,,,,,
Scenario1,0,RE1,,PWRGEO004,,2045,,,,,,,,,,,0.3,,,,,,
Scenario1,0,RE1,,PWRGEO004,,2046,,,,,,,,,,,0.3,,,,,,
Scenario1,0,RE1,,PWRGEO004,,2047,,,,,,,,,,,0.3,,,,,,
Scenario1,0,RE1,,PWRGEO004,,2048,,,,,,,,,,,0.3,,,,,,
Scenario1,0,RE1,,PWRGEO004,,2049,,,,,,,,,,,0.3,,,,,,
Scenario1,0,RE1,,PWRGEO004,,2050,,,,,,,,,,,0.3,,,,,,
Scenario1,0,RE1,,PWRGEO005,,2019,,,,,,,,,,,0.0,,,,,,
Scenario1,0,RE1,,PWRGEO005,,2020,,,,,,,,,,,0.0,,,,,,
Scenario1,0,RE1,,PWRGEO005,,2021,,,,,,,,,,,0.0,,,,,,
Scenario1,0,RE1,,PWRGEO005,,2022,,,,,,,,,,,0.0,,,,,,
Scenario1,0,RE1,,PWRGEO005,,2023,,,,,,,,,,,0.0,,,,,,
Scenario1,0,RE1,,PWRGEO005,,2024,,,,,,,,,,,0.0,,,,,,
Scenario1,0,RE1,,PWRGEO005,,2025,,,,,,,,,,,0.0,,,,,,
Scenario1,0,RE1,,PWRGEO005,,2026,,,,,,,,,,,0.0,,,,,,
Scenario1,0,RE1,,PWRGEO005,,2027,,,,,,,,,,,0.0,,,,,,
Scenario1,0,RE1,,PWRGEO005,,2028,,,,,,,,,,,0.0,,,,,,
Scenario1,0,RE1,,PWRGEO005,,2029,,,,,,,,,,,0.0,,,,,,
Scenario1,0,RE1,,PWRGEO005,,2030,,,,,,,,,,,0.0,,,,,,
Scenario1,0,RE1,,PWRGEO005,,2031,,,,,,,,,,,0.0,,,,,,
Scenario1,0,RE1,,PWRGEO005,,2032,,,,,,,,,,,0.0,,,,,,
Scenario1,0,RE1,,PWRGEO005,,2033,,,,,,,,,,,0.0,,,,,,
Scenario1,0,RE1,,PWRGEO005,,2034,,,,,,,,,,,0.0,,,,,,
Scenario1,0,RE1,,PWRGEO005,,2035,,,,,,,,,,,0.0,,,,,,
Scenario1,0,RE1,,PWRGEO005,,2036,,,,,,,,,,,0.0,,,,,,
Scenario1,0,RE1,,PWRGEO005,,2037,,,,,,,,,,,0.0,,,,,,
Scenario1,0,RE1,,PWRGEO005,,2038,,,,,,,,,,,0.0,,,,,,
Scenario1,0,RE1,,PWRGEO005,,2039,,,,,,,,,,,0.0044533354967649,,,,,,
Scenario1,0,RE1,,PWRGEO005,,2040,,,,,,,,,,,0.0044533354967649,,,,,,
Scenario1,0,RE1,,PWRGEO005,,2041,,,,,,,,,,,0.07,,,,,,
Scenario1,0,RE1,,PWRGEO005,,2042,,,,,,,,,,,0.07,,,,,,
Scenario1,0,RE1,,PWRGEO005,,2043,,,,,,,,,,,0.07,,,,,,
Scenario1,0,RE1,,PWRGEO005,,2044,,,,,,,,,,,0.07,,,,,,
Scenario1,0,RE1,,PWRGEO005,,2045,,,,,,,,,,,0.07,,,,,,
Scenario1,0,RE1,,PWRGEO005,,2046,,,,,,,,,,,0.07,,,,,,
Scenario1,0,RE1,,PWRGEO005,,2047,,,,,,,,,,,0.07,,,,,,
Scenario1,0,RE1,,PWRGEO005,,2048,,,,,,,,,,,0.07,,,,,,
Scenario1,0,RE1,,PWRGEO005,,2049,,,,,,,,,,,0.07,,,,,,
Scenario1,0,RE1,,PWRGEO005,,2050,,,,,,,,,,,0.07,,,,,,
Scenario1,0,RE1,,PWRGEO006,,2019,,,,,,,,,,,0.0,,,,,,
Scenario1,0,RE1,,PWRGEO006,,2020,,,,,,,,,,,0.0,,,,,,
Scenario1,0,RE1,,PWRGEO006,,2021,,,,,,,,,,,0.0,,,,,,
Scenario1,0,RE1,,PWRGEO006,,2022,,,,,,,,,,,0.0,,,,,,
Scenario1,0,RE1,,PWRGEO006,,2023,,,,,,,,,,,0.0,,,,,,
Scenario1,0,RE1,,PWRGEO006,,2024,,,,,,,,,,,0.0,,,,,,
Scenario1,0,RE1,,PWRGEO006,,2025,,,,,,,,,,,0.0,,,,,,
Scenario1,0,RE1,,PWRGEO006,,2026,,,,,,,,,,,0.0,,,,,,
Scenario1,0,RE1,,PWRGEO006,,2027,,,,,,,,,,,0.0,,,,,,
Scenario1,0,RE1,,PWRGEO006,,2028,,,,,,,,,,,0.0,,,,,,
Scenario1,0,RE1,,PWRGEO006,,2029,,,,,,,,,,,0.0,,,,,,
Scenario1,0,RE1,,PWRGEO006,,2030,,,,,,,,,,,0.0,,,,,,
Scenario1,0,RE1,,PWRGEO006,,2031,,,,,,,,,,,0.0,,,,,,
Scenario1,0,RE1,,PWRGEO006,,2032,,,,,,,,,,,0.0,,,,,,
Scenario1,0,RE1,,PWRGEO006,,2033,,,,,,,,,,,0.0,,,,,,
Scenario1,0,RE1,,PWRGEO006,,2034,,,,,,,,,,,0.0,,,,,,
Scenario1,0,RE1,,PWRGEO006,,2035,,,,,,,,,,,0.0,,,,,,
Scenario1,0,RE1,,PWRGEO006,,2036,,,,,,,,,,,0.0,,,,,,
Scenario1,0,RE1,,PWRGEO006,,2037,,,,,,,,,,,0.0,,,,,,
Scenario1,0,RE1,,PWRGEO006,,2038,,,,,,,,,,,0.0,,,,,,
Scenario1,0,RE1,,PWRGEO006,,2039,,,,,,,,,,,0.0,,,,,,
Scenario1,0,RE1,,PWRGEO006,,2040,,,,,,,,,,,0.0,,,,,,
Scenario1,0,RE1,,PWRGEO006,,2041,,,,,,,,,,,0.207894695261275,,,,,,
Scenario1,0,RE1,,PWRGEO006,,2042,,,,,,,,,,,0.4820354921807077,,,,,,
Scenario1,0,RE1,,PWRGEO006,,2043,,,,,,,,,,,0.7693869786182301,,,,,,
Scenario1,0,RE1,,PWRGEO006,,2044,,,,,,,,,,,1.003760451613636,,,,,,
Scenario1,0,RE1,,PWRGEO006,,2045,,,,,,,,,,,1.6451466832648425,,,,,,
Scenario1,0,RE1,,PWRGEO006,,2046,,,,,,,,,,,1.9191853822865483,,,,,,
Scenario1,0,RE1,,PWRGEO006,,2047,,,,,,,,,,,2.267056247030152,,,,,,
Scenario1,0,RE1,,PWRGEO006,,2048,,,,,,,,,,,2.5818390743639945,,,,,,
Scenario1,0,RE1,,PWRGEO006,,2049,,,,,,,,,,,2.876558645351218,,,,,,
Scenario1,0,RE1,,PWRGEO006,,2050,,,,,,,,,,,3.23527597365094,,,,,,
Scenario1,0,RE1,,PWRGEO007,,2019,,,,,,,,,,,0.0,,,,,,
Scenario1,0,RE1,,PWRGEO007,,2020,,,,,,,,,,,0.0,,,,,,
Scenario1,0,RE1,,PWRGEO007,,2021,,,,,,,,,,,0.0,,,,,,
Scenario1,0,RE1,,PWRGEO007,,2022,,,,,,,,,,,0.0,,,,,,
Scenario1,0,RE1,,PWRGEO007,,2023,,,,,,,,,,,0.0,,,,,,
Scenario1,0,RE1,,PWRGEO007,,2024,,,,,,,,,,,0.0,,,,,,
Scenario1,0,RE1,,PWRGEO007,,2025,,,,,,,,,,,0.0,,,,,,
Scenario1,0,RE1,,PWRGEO007,,2026,,,,,,,,,,,0.0,,,,,,
Scenario1,0,RE1,,PWRGEO007,,2027,,,,,,,,,,,0.0,,,,,,
Scenario1,0,RE1,,PWRGEO007,,2028,,,,,,,,,,,0.0,,,,,,
Scenario1,0,RE1,,PWRGEO007,,2029,,,,,,,,,,,0.0,,,,,,
Scenario1,0,RE1,,PWRGEO007,,2030,,,,,,,,,,,0.0,,,,,,
Scenario1,0,RE1,,PWRGEO007,,2031,,,,,,,,,,,0.0,,,,,,
Scenario1,0,RE1,,PWRGEO007,,2032,,,,,,,,,,,0.0,,,,,,
Scenario1,0,RE1,,PWRGEO007,,2033,,,,,,,,,,,0.0,,,,,,
Scenario1,0,RE1,,PWRGEO007,,2034,,,,,,,,,,,0.0,,,,,,
Scenario1,0,RE1,,PWRGEO007,,2035,,,,,,,,,,,0.0,,,,,,
Scenario1,0,RE1,,PWRGEO007,,2036,,,,,,,,,,,0.0,,,,,,
Scenario1,0,RE1,,PWRGEO007,,2037,,,,,,,,,,,0.0,,,,,,
Scenario1,0,RE1,,PWRGEO007,,2038,,,,,,,,,,,0.0,,,,,,
Scenario1,0,RE1,,PWRGEO007,,2039,,,,,,,,,,,0.0,,,,,,
Scenario1,0,RE1,,PWRGEO007,,2040,,,,,,,,,,,0.0,,,,,,
Scenario1,0,RE1,,PWRGEO007,,2041,,,,,,,,,,,0.0,,,,,,
Scenario1,0,RE1,,PWRGEO007,,2042,,,,,,,,,,,0.0,,,,,,
Scenario1,0,RE1,,PWRGEO007,,2043,,,,,,,,,,,0.0,,,,,,
Scenario1,0,RE1,,PWRGEO007,,2044,,,,,,,,,,,0.0,,,,,,
Scenario1,0,RE1,,PWRGEO007,,2045,,,,,,,,,,,0.0,,,,,,
Scenario1,0,RE1,,PWRGEO007,,2046,,,,,,,,,,,0.0,,,,,,
Scenario1,0,RE1,,PWRGEO007,,2047,,,,,,,,,,,0.0,,,,,,
Scenario1,0,RE1,,PWRGEO007,,2048,,,,,,,,,,,0.0,,,,,,
Scenario1,0,RE1,,PWRGEO007,,2049,,,,,,,,,,,0.0,,,,,,
Scenario1,0,RE1,,PWRGEO007,,2050,,,,,,,,,,,0.0,,,,,,
Scenario1,0,RE1,,PWRHFO001,,2019,,,,,,,,,,,0.6404,,,,,,
Scenario1,0,RE1,,PWRHFO001,,2020,,,,,,,,,,,0.6404,,,,,,
Scenario1,0,RE1,,PWRHFO001,,2021,,,,,,,,,,,0.6404,,,,,,
Scenario1,0,RE1,,PWRHFO001,,2022,,,,,,,,,,,0.6404,,,,,,
Scenario1,0,RE1,,PWRHFO001,,2023,,,,,,,,,,,0.6404,,,,,,
Scenario1,0,RE1,,PWRHFO001,,2024,,,,,,,,,,,0.6404,,,,,,
Scenario1,0,RE1,,PWRHFO001,,2025,,,,,,,,,,,0.5804,,,,,,
Scenario1,0,RE1,,PWRHFO001,,2026,,,,,,,,,,,0.5064,,,,,,
Scenario1,0,RE1,,PWRHFO001,,2027,,,,,,,,,,,0.5064,,,,,,
Scenario1,0,RE1,,PWRHFO001,,2028,,,,,,,,,,,0.5064,,,,,,
Scenario1,0,RE1,,PWRHFO001,,2029,,,,,,,,,,,0.5064,,,,,,
Scenario1,0,RE1,,PWRHFO001,,2030,,,,,,,,,,,0.4178,,,,,,
Scenario1,0,RE1,,PWRHFO001,,2031,,,,,,,,,,,0.3028,,,,,,
Scenario1,0,RE1,,PWRHFO001,,2032,,,,,,,,,,,0.3028,,,,,,
Scenario1,0,RE1,,PWRHFO001,,2033,,,,,,,,,,,0.3028,,,,,,
Scenario1,0,RE1,,PWRHFO001,,2034,,,,,,,,,,,0.1355,,,,,,
Scenario1,0,RE1,,PWRHFO001,,2035,,,,,,,,,,,0.083,,,,,,
Scenario1,0,RE1,,PWRHFO001,,2036,,,,,,,,,,,0.0,,,,,,
Scenario1,0,RE1,,PWRHFO001,,2037,,,,,,,,,,,0.0,,,,,,
Scenario1,0,RE1,,PWRHFO001,,2038,,,,,,,,,,,0.0,,,,,,
Scenario1,0,RE1,,PWRHFO001,,2039,,,,,,,,,,,0.0,,,,,,
Scenario1,0,RE1,,PWRHFO001,,2040,,,,,,,,,,,0.0,,,,,,
Scenario1,0,RE1,,PWRHFO001,,2041,,,,,,,,,,,0.0,,,,,,
Scenario1,0,RE1,,PWRHFO001,,2042,,,,,,,,,,,0.0,,,,,,
Scenario1,0,RE1,,PWRHFO001,,2043,,,,,,,,,,,0.0,,,,,,
Scenario1,0,RE1,,PWRHFO001,,2044,,,,,,,,,,,0.0,,,,,,
Scenario1,0,RE1,,PWRHFO001,,2045,,,,,,,,,,,0.0,,,,,,
Scenario1,0,RE1,,PWRHFO001,,2046,,,,,,,,,,,0.0,,,,,,
Scenario1,0,RE1,,PWRHFO001,,2047,,,,,,,,,,,0.0,,,,,,
Scenario1,0,RE1,,PWRHFO001,,2048,,,,,,,,,,,0.0,,,,,,
Scenario1,0,RE1,,PWRHFO001,,2049,,,,,,,,,,,0.0,,,,,,
Scenario1,0,RE1,,PWRHFO001,,2050,,,,,,,,,,,0.0,,,,,,
Scenario1,0,RE1,,PWRHYD001,,2019,,,,,,,,,,,0.1,,,,,,
Scenario1,0,RE1,,PWRHYD001,,2020,,,,,,,,,,,0.1,,,,,,
Scenario1,0,RE1,,PWRHYD001,,2021,,,,,,,,,,,0.1,,,,,,
Scenario1,0,RE1,,PWRHYD001,,2022,,,,,,,,,,,0.1,,,,,,
Scenario1,0,RE1,,PWRHYD001,,2023,,,,,,,,,,,0.1,,,,,,
Scenario1,0,RE1,,PWRHYD001,,2024,,,,,,,,,,,0.1,,,,,,
Scenario1,0,RE1,,PWRHYD001,,2025,,,,,,,,,,,0.1,,,,,,
Scenario1,0,RE1,,PWRHYD001,,2026,,,,,,,,,,,0.1,,,,,,
Scenario1,0,RE1,,PWRHYD001,,2027,,,,,,,,,,,0.1,,,,,,
Scenario1,0,RE1,,PWRHYD001,,2028,,,,,,,,,,,0.1,,,,,,
Scenario1,0,RE1,,PWRHYD001,,2029,,,,,,,,,,,0.1,,,,,,
Scenario1,0,RE1,,PWRHYD001,,2030,,,,,,,,,,,0.1,,,,,,
Scenario1,0,RE1,,PWRHYD001,,2031,,,,,,,,,,,0.1,,,,,,
Scenario1,0,RE1,,PWRHYD001,,2032,,,,,,,,,,,0.1,,,,,,
Scenario1,0,RE1,,PWRHYD001,,2033,,,,,,,,,,,0.1,,,,,,
Scenario1,0,RE1,,PWRHYD001,,2034,,,,,,,,,,,0.1,,,,,,
Scenario1,0,RE1,,PWRHYD001,,2035,,,,,,,,,,,0.1,,,,,,
Scenario1,0,RE1,,PWRHYD001,,2036,,,,,,,,,,,0.1,,,,,,
Scenario1,0,RE1,,PWRHYD001,,2037,,,,,,,,,,,0.1,,,,,,
Scenario1,0,RE1,,PWRHYD001,,2038,,,,,,,,,,,0.1,,,,,,
Scenario1,0,RE1,,PWRHYD001,,2039,,,,,,,,,,,0.1,,,,,,
Scenario1,0,RE1,,PWRHYD001,,2040,,,,,,,,,,,0.1,,,,,,
Scenario1,0,RE1,,PWRHYD001,,2041,,,,,,,,,,,0.1,,,,,,
Scenario1,0,RE1,,PWRHYD001,,2042,,,,,,,,,,,0.02,,,,,,
Scenario1,0,RE1,,PWRHYD001,,2043,,,,,,,,,,,0.02,,,,,,
Scenario1,0,RE1,,PWRHYD001,,2044,,,,,,,,,,,0.02,,,,,,
Scenario1,0,RE1,,PWRHYD001,,2045,,,,,,,,,,,0.02,,,,,,
Scenario1,0,RE1,,PWRHYD001,,2046,,,,,,,,,,,0.02,,,,,,
Scenario1,0,RE1,,PWRHYD001,,2047,,,,,,,,,,,0.02,,,,,,
Scenario1,0,RE1,,PWRHYD001,,2048,,,,,,,,,,,0.02,,,,,,
Scenario1,0,RE1,,PWRHYD001,,2049,,,,,,,,,,,0.02,,,,,,
Scenario1,0,RE1,,PWRHYD001,,2050,,,,,,,,,,,0.02,,,,,,
Scenario1,0,RE1,,PWRHYD002,,2019,,,,,,,,,,,0.58,,,,,,
Scenario1,0,RE1,,PWRHYD002,,2020,,,,,,,,,,,0.58,,,,,,
Scenario1,0,RE1,,PWRHYD002,,2021,,,,,,,,,,,0.58,,,,,,
Scenario1,0,RE1,,PWRHYD002,,2022,,,,,,,,,,,0.58,,,,,,
Scenario1,0,RE1,,PWRHYD002,,2023,,,,,,,,,,,0.58,,,,,,
Scenario1,0,RE1,,PWRHYD002,,2024,,,,,,,,,,,0.58,,,,,,
Scenario1,0,RE1,,PWRHYD002,,2025,,,,,,,,,,,0.58,,,,,,
Scenario1,0,RE1,,PWRHYD002,,2026,,,,,,,,,,,0.58,,,,,,
Scenario1,0,RE1,,PWRHYD002,,2027,,,,,,,,,,,0.58,,,,,,
Scenario1,0,RE1,,PWRHYD002,,2028,,,,,,,,,,,0.58,,,,,,
Scenario1,0,RE1,,PWRHYD002,,2029,,,,,,,,,,,0.58,,,,,,
Scenario1,0,RE1,,PWRHYD002,,2030,,,,,,,,,,,0.58,,,,,,
Scenario1,0,RE1,,PWRHYD002,,2031,,,,,,,,,,,0.58,,,,,,
Scenario1,0,RE1,,PWRHYD002,,2032,,,,,,,,,,,0.58,,,,,,
Scenario1,0,RE1,,PWRHYD002,,2033,,,,,,,,,,,0.58,,,,,,
Scenario1,0,RE1,,PWRHYD002,,2034,,,,,,,,,,,0.58,,,,,,
Scenario1,0,RE1,,PWRHYD002,,2035,,,,,,,,,,,0.58,,,,,,
Scenario1,0,RE1,,PWRHYD002,,2036,,,,,,,,,,,0.58,,,,,,
Scenario1,0,RE1,,PWRHYD002,,2037,,,,,,,,,,,0.58,,,,,,
Scenario1,0,RE1,,PWRHYD002,,2038,,,,,,,,,,,0.58,,,,,,
Scenario1,0,RE1,,PWRHYD002,,2039,,,,,,,,,,,0.58,,,,,,
Scenario1,0,RE1,,PWRHYD002,,2040,,,,,,,,,,,0.58,,,,,,
Scenario1,0,RE1,,PWRHYD002,,2041,,,,,,,,,,,0.58,,,,,,
Scenario1,0,RE1,,PWRHYD002,,2042,,,,,,,,,,,0.58,,,,,,
Scenario1,0,RE1,,PWRHYD002,,2043,,,,,,,,,,,0.58,,,,,,
Scenario1,0,RE1,,PWRHYD002,,2044,,,,,,,,,,,0.58,,,,,,
Scenario1,0,RE1,,PWRHYD002,,2045,,,,,,,,,,,0.58,,,,,,
Scenario1,0,RE1,,PWRHYD002,,2046,,,,,,,,,,,0.58,,,,,,
Scenario1,0,RE1,,PWRHYD002,,2047,,,,,,,,,,,0.58,,,,,,
Scenario1,0,RE1,,PWRHYD002,,2048,,,,,,,,,,,0.58,,,,,,
Scenario1,0,RE1,,PWRHYD002,,2049,,,,,,,,,,,0.58,,,,,,
Scenario1,0,RE1,,PWRHYD002,,2050,,,,,,,,,,,0.58,,,,,,
Scenario1,0,RE1,,PWRHYD003,,2019,,,,,,,,,,,0.105,,,,,,
Scenario1,0,RE1,,PWRHYD003,,2020,,,,,,,,,,,0.105,,,,,,
Scenario1,0,RE1,,PWRHYD003,,2021,,,,,,,,,,,0.105,,,,,,
Scenario1,0,RE1,,PWRHYD003,,2022,,,,,,,,,,,0.105,,,,,,
Scenario1,0,RE1,,PWRHYD003,,2023,,,,,,,,,,,0.105,,,,,,
Scenario1,0,RE1,,PWRHYD003,,2024,,,,,,,,,,,0.105,,,,,,
Scenario1,0,RE1,,PWRHYD003,,2025,,,,,,,,,,,0.105,,,,,,
Scenario1,0,RE1,,PWRHYD003,,2026,,,,,,,,,,,0.105,,,,,,
Scenario1,0,RE1,,PWRHYD003,,2027,,,,,,,,,,,0.105,,,,,,
Scenario1,0,RE1,,PWRHYD003,,2028,,,,,,,,,,,0.105,,,,,,
Scenario1,0,RE1,,PWRHYD003,,2029,,,,,,,,,,,0.105,,,,,,
Scenario1,0,RE1,,PWRHYD003,,2030,,,,,,,,,,,0.105,,,,,,
Scenario1,0,RE1,,PWRHYD003,,2031,,,,,,,,,,,0.105,,,,,,
Scenario1,0,RE1,,PWRHYD003,,2032,,,,,,,,,,,0.105,,,,,,
Scenario1,0,RE1,,PWRHYD003,,2033,,,,,,,,,,,0.105,,,,,,
Scenario1,0,RE1,,PWRHYD003,,2034,,,,,,,,,,,0.105,,,,,,
Scenario1,0,RE1,,PWRHYD003,,2035,,,,,,,,,,,0.105,,,,,,
Scenario1,0,RE1,,PWRHYD003,,2036,,,,,,,,,,,0.105,,,,,,
Scenario1,0,RE1,,PWRHYD003,,2037,,,,,,,,,,,0.105,,,,,,
Scenario1,0,RE1,,PWRHYD003,,2038,,,,,,,,,,,0.105,,,,,,
Scenario1,0,RE1,,PWRHYD003,,2039,,,,,,,,,,,0.105,,,,,,
Scenario1,0,RE1,,PWRHYD003,,2040,,,,,,,,,,,0.105,,,,,,
Scenario1,0,RE1,,PWRHYD003,,2041,,,,,,,,,,,0.105,,,,,,
Scenario1,0,RE1,,PWRHYD003,,2042,,,,,,,,,,,0.105,,,,,,
Scenario1,0,RE1,,PWRHYD003,,2043,,,,,,,,,,,0.105,,,,,,
Scenario1,0,RE1,,PWRHYD003,,2044,,,,,,,,,,,0.105,,,,,,
Scenario1,0,RE1,,PWRHYD003,,2045,,,,,,,,,,,0.105,,,,,,
Scenario1,0,RE1,,PWRHYD003,,2046,,,,,,,,,,,0.105,,,,,,
Scenario1,0,RE1,,PWRHYD003,,2047,,,,,,,,,,,0.105,,,,,,
Scenario1,0,RE1,,PWRHYD003,,2048,,,,,,,,,,,0.105,,,,,,
Scenario1,0,RE1,,PWRHYD003,,2049,,,,,,,,,,,0.105,,,,,,
Scenario1,0,RE1,,PWRHYD003,,2050,,,,,,,,,,,0.105,,,,,,
Scenario1,0,RE1,,PWRHYD004,,2019,,,,,,,,,,,0.0,,,,,,
Scenario1,0,RE1,,PWRHYD004,,2020,,,,,,,,,,,0.0,,,,,,
Scenario1,0,RE1,,PWRHYD004,,2021,,,,,,,,,,,0.0,,,,,,
Scenario1,0,RE1,,PWRHYD004,,2022,,,,,,,,,,,0.0,,,,,,
Scenario1,0,RE1,,PWRHYD004,,2023,,,,,,,,,,,0.0,,,,,,
Scenario1,0,RE1,,PWRHYD004,,2024,,,,,,,,,,,0.0,,,,,,
Scenario1,0,RE1,,PWRHYD004,,2025,,,,,,,,,,,0.0,,,,,,
Scenario1,0,RE1,,PWRHYD004,,2026,,,,,,,,,,,0.0,,,,,,
Scenario1,0,RE1,,PWRHYD004,,2027,,,,,,,,,,,0.0,,,,,,
Scenario1,0,RE1,,PWRHYD004,,2028,,,,,,,,,,,0.0,,,,,,
Scenario1,0,RE1,,PWRHYD004,,2029,,,,,,,,,,,0.0,,,,,,
Scenario1,0,RE1,,PWRHYD004,,2030,,,,,,,,,,,0.0,,,,,,
Scenario1,0,RE1,,PWRHYD004,,2031,,,,,,,,,,,0.0,,,,,,
Scenario1,0,RE1,,PWRHYD004,,2032,,,,,,,,,,,0.0,,,,,,
Scenario1,0,RE1,,PWRHYD004,,2033,,,,,,,,,,,0.0,,,,,,
Scenario1,0,RE1,,PWRHYD004,,2034,,,,,,,,,,,0.0,,,,,,
Scenario1,0,RE1,,PWRHYD004,,2035,,,,,,,,,,,0.0,,,,,,
Scenario1,0,RE1,,PWRHYD004,,2036,,,,,,,,,,,0.0,,,,,,
Scenario1,0,RE1,,PWRHYD004,,2037,,,,,,,,,,,0.0,,,,,,
Scenario1,0,RE1,,PWRHYD004,,2038,,,,,,,,,,,0.0,,,,,,
Scenario1,0,RE1,,PWRHYD004,,2039,,,,,,,,,,,0.0,,,,,,
Scenario1,0,RE1,,PWRHYD004,,2040,,,,,,,,,,,0.0,,,,,,
Scenario1,0,RE1,,PWRHYD004,,2041,,,,,,,,,,,0.0,,,,,,
Scenario1,0,RE1,,PWRHYD004,,2042,,,,,,,,,,,0.0,,,,,,
Scenario1,0,RE1,,PWRHYD004,,2043,,,,,,,,,,,0.0,,,,,,
Scenario1,0,RE1,,PWRHYD004,,2044,,,,,,,,,,,0.0,,,,,,
Scenario1,0,RE1,,PWRHYD004,,2045,,,,,,,,,,,0.0,,,,,,
Scenario1,0,RE1,,PWRHYD004,,2046,,,,,,,,,,,0.0,,,,,,
Scenario1,0,RE1,,PWRHYD004,,2047,,,,,,,,,,,0.0,,,,,,
Scenario1,0,RE1,,PWRHYD004,,2048,,,,,,,,,,,0.0,,,,,,
Scenario1,0,RE1,,PWRHYD004,,2049,,,,,,,,,,,0.0,,,,,,
Scenario1,0,RE1,,PWRHYD004,,2050,,,,,,,,,,,0.0,,,,,,
Scenario1,0,RE1,,PWRHYD005,,2019,,,,,,,,,,,0.0195,,,,,,
Scenario1,0,RE1,,PWRHYD005,,2020,,,,,,,,,,,0.0195,,,,,,
Scenario1,0,RE1,,PWRHYD005,,2021,,,,,,,,,,,0.0195,,,,,,
Scenario1,0,RE1,,PWRHYD005,,2022,,,,,,,,,,,0.0195,,,,,,
Scenario1,0,RE1,,PWRHYD005,,2023,,,,,,,,,,,0.0268,,,,,,
Scenario1,0,RE1,,PWRHYD005,,2024,,,,,,,,,,,0.0293,,,,,,
Scenario1,0,RE1,,PWRHYD005,,2025,,,,,,,,,,,0.0295999999999999,,,,,,
Scenario1,0,RE1,,PWRHYD005,,2026,,,,,,,,,,,0.0388,,,,,,
Scenario1,0,RE1,,PWRHYD005,,2027,,,,,,,,,,,0.0484,,,,,,
Scenario1,0,RE1,,PWRHYD005,,2028,,,,,,,,,,,0.0499,,,,,,
Scenario1,0,RE1,,PWRHYD005,,2029,,,,,,,,,,,0.0555,,,,,,
Scenario1,0,RE1,,PWRHYD005,,2030,,,,,,,,,,,0.0901999999999999,,,,,,
Scenario1,0,RE1,,PWRHYD005,,2031,,,,,,,,,,,0.1162,,,,,,
Scenario1,0,RE1,,PWRHYD005,,2032,,,,,,,,,,,0.1321999999999999,,,,,,
Scenario1,0,RE1,,PWRHYD005,,2033,,,,,,,,,,,0.1619,,,,,,
Scenario1,0,RE1,,PWRHYD005,,2034,,,,,,,,,,,0.1842,,,,,,
Scenario1,0,RE1,,PWRHYD005,,2035,,,,,,,,,,,0.213,,,,,,
Scenario1,0,RE1,,PWRHYD005,,2036,,,,,,,,,,,0.2376,,,,,,
Scenario1,0,RE1,,PWRHYD005,,2037,,,,,,,,,,,0.2376,,,,,,
Scenario1,0,RE1,,PWRHYD005,,2038,,,,,,,,,,,0.2376,,,,,,
Scenario1,0,RE1,,PWRHYD005,,2039,,,,,,,,,,,0.2376,,,,,,
Scenario1,0,RE1,,PWRHYD005,,2040,,,,,,,,,,,0.2376,,,,,,
Scenario1,0,RE1,,PWRHYD005,,2041,,,,,,,,,,,0.2376,,,,,,
Scenario1,0,RE1,,PWRHYD005,,2042,,,,,,,,,,,0.2376,,,,,,
Scenario1,0,RE1,,PWRHYD005,,2043,,,,,,,,,,,0.2376,,,,,,
Scenario1,0,RE1,,PWRHYD005,,2044,,,,,,,,,,,0.2376,,,,,,
Scenario1,0,RE1,,PWRHYD005,,2045,,,,,,,,,,,0.2376,,,,,,
Scenario1,0,RE1,,PWRHYD005,,2046,,,,,,,,,,,0.2376,,,,,,
Scenario1,0,RE1,,PWRHYD005,,2047,,,,,,,,,,,0.2376,,,,,,
Scenario1,0,RE1,,PWRHYD005,,2048,,,,,,,,,,,0.2376,,,,,,
Scenario1,0,RE1,,PWRHYD005,,2049,,,,,,,,,,,0.2376,,,,,,
Scenario1,0,RE1,,PWRHYD005,,2050,,,,,,,,,,,0.2376,,,,,,
Scenario1,0,RE1,,PWRLFO001,,2019,,,,,,,,,,,0.028,,,,,,
Scenario1,0,RE1,,PWRLFO001,,2020,,,,,,,,,,,0.028,,,,,,
Scenario1,0,RE1,,PWRLFO001,,2021,,,,,,,,,,,0.028,,,,,,
Scenario1,0,RE1,,PWRLFO001,,2022,,,,,,,,,,,0.028,,,,,,
Scenario1,0,RE1,,PWRLFO001,,2023,,,,,,,,,,,0.028,,,,,,
Scenario1,0,RE1,,PWRLFO001,,2024,,,,,,,,,,,0.028,,,,,,
Scenario1,0,RE1,,PWRLFO001,,2025,,,,,,,,,,,0.0,,,,,,
Scenario1,0,RE1,,PWRLFO001,,2026,,,,,,,,,,,0.0,,,,,,
Scenario1,0,RE1,,PWRLFO001,,2027,,,,,,,,,,,0.0,,,,,,
Scenario1,0,RE1,,PWRLFO001,,2028,,,,,,,,,,,0.0,,,,,,
Scenario1,0,RE1,,PWRLFO001,,2029,,,,,,,,,,,0.0,,,,,,
Scenario1,0,RE1,,PWRLFO001,,2030,,,,,,,,,,,0.0,,,,,,
Scenario1,0,RE1,,PWRLFO001,,2031,,,,,,,,,,,0.0,,,,,,
Scenario1,0,RE1,,PWRLFO001,,2032,,,,,,,,,,,0.0,,,,,,
Scenario1,0,RE1,,PWRLFO001,,2033,,,,,,,,,,,0.0,,,,,,
Scenario1,0,RE1,,PWRLFO001,,2034,,,,,,,,,,,0.0,,,,,,
Scenario1,0,RE1,,PWRLFO001,,2035,,,,,,,,,,,0.0,,,,,,
Scenario1,0,RE1,,PWRLFO001,,2036,,,,,,,,,,,0.0,,,,,,
Scenario1,0,RE1,,PWRLFO001,,2037,,,,,,,,,,,0.0,,,,,,
Scenario1,0,RE1,,PWRLFO001,,2038,,,,,,,,,,,0.0,,,,,,
Scenario1,0,RE1,,PWRLFO001,,2039,,,,,,,,,,,0.0,,,,,,
Scenario1,0,RE1,,PWRLFO001,,2040,,,,,,,,,,,0.0,,,,,,
Scenario1,0,RE1,,PWRLFO001,,2041,,,,,,,,,,,0.0,,,,,,
Scenario1,0,RE1,,PWRLFO001,,2042,,,,,,,,,,,0.0,,,,,,
Scenario1,0,RE1,,PWRLFO001,,2043,,,,,,,,,,,0.0,,,,,,
Scenario1,0,RE1,,PWRLFO001,,2044,,,,,,,,,,,0.0,,,,,,
Scenario1,0,RE1,,PWRLFO001,,2045,,,,,,,,,,,0.0,,,,,,
Scenario1,0,RE1,,PWRLFO001,,2046,,,,,,,,,,,0.0,,,,,,
Scenario1,0,RE1,,PWRLFO001,,2047,,,,,,,,,,,0.0,,,,,,
Scenario1,0,RE1,,PWRLFO001,,2048,,,,,,,,,,,0.0,,,,,,
Scenario1,0,RE1,,PWRLFO001,,2049,,,,,,,,,,,0.0,,,,,,
Scenario1,0,RE1,,PWRLFO001,,2050,,,,,,,,,,,0.0,,,,,,
Scenario1,0,RE1,,PWRNGS001,,2019,,,,,,,,,,,0.0,,,,,,
Scenario1,0,RE1,,PWRNGS001,,2020,,,,,,,,,,,0.0,,,,,,
Scenario1,0,RE1,,PWRNGS001,,2021,,,,,,,,,,,0.0,,,,,,
Scenario1,0,RE1,,PWRNGS001,,2022,,,,,,,,,,,0.0,,,,,,
Scenario1,0,RE1,,PWRNGS001,,2023,,,,,,,,,,,0.0,,,,,,
Scenario1,0,RE1,,PWRNGS001,,2024,,,,,,,,,,,0.0,,,,,,
Scenario1,0,RE1,,PWRNGS001,,2025,,,,,,,,,,,0.0,,,,,,
Scenario1,0,RE1,,PWRNGS001,,2026,,,,,,,,,,,0.0,,,,,,
Scenario1,0,RE1,,PWRNGS001,,2027,,,,,,,,,,,0.0,,,,,,
Scenario1,0,RE1,,PWRNGS001,,2028,,,,,,,,,,,0.0,,,,,,
Scenario1,0,RE1,,PWRNGS001,,2029,,,,,,,,,,,0.0,,,,,,
Scenario1,0,RE1,,PWRNGS001,,2030,,,,,,,,,,,0.0,,,,,,
Scenario1,0,RE1,,PWRNGS001,,2031,,,,,,,,,,,0.0,,,,,,
Scenario1,0,RE1,,PWRNGS001,,2032,,,,,,,,,,,0.0,,,,,,
Scenario1,0,RE1,,PWRNGS001,,2033,,,,,,,,,,,0.0,,,,,,
Scenario1,0,RE1,,PWRNGS001,,2034,,,,,,,,,,,0.0,,,,,,
Scenario1,0,RE1,,PWRNGS001,,2035,,,,,,,,,,,0.0,,,,,,
Scenario1,0,RE1,,PWRNGS001,,2036,,,,,,,,,,,0.0,,,,,,
Scenario1,0,RE1,,PWRNGS001,,2037,,,,,,,,,,,0.0,,,,,,
Scenario1,0,RE1,,PWRNGS001,,2038,,,,,,,,,,,0.0,,,,,,
Scenario1,0,RE1,,PWRNGS001,,2039,,,,,,,,,,,0.0,,,,,,
Scenario1,0,RE1,,PWRNGS001,,2040,,,,,,,,,,,0.0,,,,,,
Scenario1,0,RE1,,PWRNGS001,,2041,,,,,,,,,,,0.0,,,,,,
Scenario1,0,RE1,,PWRNGS001,,2042,,,,,,,,,,,0.0,,,,,,
Scenario1,0,RE1,,PWRNGS001,,2043,,,,,,,,,,,0.0,,,,,,
Scenario1,0,RE1,,PWRNGS001,,2044,,,,,,,,,,,0.0,,,,,,
Scenario1,0,RE1,,PWRNGS001,,2045,,,,,,,,,,,0.0,,,,,,
Scenario1,0,RE1,,PWRNGS001,,2046,,,,,,,,,,,0.0,,,,,,
Scenario1,0,RE1,,PWRNGS001,,2047,,,,,,,,,,,0.0,,,,,,
Scenario1,0,RE1,,PWRNGS001,,2048,,,,,,,,,,,0.0,,,,,,
Scenario1,0,RE1,,PWRNGS001,,2049,,,,,,,,,,,0.0,,,,,,
Scenario1,0,RE1,,PWRNGS001,,2050,,,,,,,,,,,0.0,,,,,,
Scenario1,0,RE1,,PWRPHS001,,2019,,,,,,,,,,,0.0,,,,,,
Scenario1,0,RE1,,PWRPHS001,,2020,,,,,,,,,,,0.0,,,,,,
Scenario1,0,RE1,,PWRPHS001,,2021,,,,,,,,,,,0.0,,,,,,
Scenario1,0,RE1,,PWRPHS001,,2022,,,,,,,,,,,0.0,,,,,,
Scenario1,0,RE1,,PWRPHS001,,2023,,,,,,,,,,,0.0,,,,,,
Scenario1,0,RE1,,PWRPHS001,,2024,,,,,,,,,,,0.0,,,,,,
Scenario1,0,RE1,,PWRPHS001,,2025,,,,,,,,,,,0.0,,,,,,
Scenario1,0,RE1,,PWRPHS001,,2026,,,,,,,,,,,0.0,,,,,,
Scenario1,0,RE1,,PWRPHS001,,2027,,,,,,,,,,,0.0,,,,,,
Scenario1,0,RE1,,PWRPHS001,,2028,,,,,,,,,,,0.0,,,,,,
Scenario1,0,RE1,,PWRPHS001,,2029,,,,,,,,,,,0.0,,,,,,
Scenario1,0,RE1,,PWRPHS001,,2030,,,,,,,,,,,0.0,,,,,,
Scenario1,0,RE1,,PWRPHS001,,2031,,,,,,,,,,,0.0,,,,,,
Scenario1,0,RE1,,PWRPHS001,,2032,,,,,,,,,,,0.0,,,,,,
Scenario1,0,RE1,,PWRPHS001,,2033,,,,,,,,,,,0.0,,,,,,
Scenario1,0,RE1,,PWRPHS001,,2034,,,,,,,,,,,0.3,,,,,,
Scenario1,0,RE1,,PWRPHS001,,2035,,,,,,,,,,,0.3,,,,,,
Scenario1,0,RE1,,PWRPHS001,,2036,,,,,,,,,,,0.3,,,,,,
Scenario1,0,RE1,,PWRPHS001,,2037,,,,,,,,,,,0.3,,,,,,
Scenario1,0,RE1,,PWRPHS001,,2038,,,,,,,,,,,0.3,,,,,,
Scenario1,0,RE1,,PWRPHS001,,2039,,,,,,,,,,,0.3,,,,,,
Scenario1,0,RE1,,PWRPHS001,,2040,,,,,,,,,,,0.3,,,,,,
Scenario1,0,RE1,,PWRPHS001,,2041,,,,,,,,,,,0.3,,,,,,
Scenario1,0,RE1,,PWRPHS001,,2042,,,,,,,,,,,0.3,,,,,,
Scenario1,0,RE1,,PWRPHS001,,2043,,,,,,,,,,,0.3,,,,,,
Scenario1,0,RE1,,PWRPHS001,,2044,,,,,,,,,,,0.3,,,,,,
Scenario1,0,RE1,,PWRPHS001,,2045,,,,,,,,,,,0.3,,,,,,
Scenario1,0,RE1,,PWRPHS001,,2046,,,,,,,,,,,0.3,,,,,,
Scenario1,0,RE1,,PWRPHS001,,2047,,,,,,,,,,,0.3,,,,,,
Scenario1,0,RE1,,PWRPHS001,,2048,,,,,,,,,,,0.3,,,,,,
Scenario1,0,RE1,,PWRPHS001,,2049,,,,,,,,,,,0.3,,,,,,
Scenario1,0,RE1,,PWRPHS001,,2050,,,,,,,,,,,0.3,,,,,,
Scenario1,0,RE1,,PWRPHS002,,2019,,,,,,,,,,,0.0,,,,,,
Scenario1,0,RE1,,PWRPHS002,,2020,,,,,,,,,,,0.0,,,,,,
Scenario1,0,RE1,,PWRPHS002,,2021,,,,,,,,,,,0.0,,,,,,
Scenario1,0,RE1,,PWRPHS002,,2022,,,,,,,,,,,0.0,,,,,,
Scenario1,0,RE1,,PWRPHS002,,2023,,,,,,,,,,,0.0,,,,,,
Scenario1,0,RE1,,PWRPHS002,,2024,,,,,,,,,,,0.0,,,,,,
Scenario1,0,RE1,,PWRPHS002,,2025,,,,,,,,,,,0.0,,,,,,
Scenario1,0,RE1,,PWRPHS002,,2026,,,,,,,,,,,0.0,,,,,,
Scenario1,0,RE1,,PWRPHS002,,2027,,,,,,,,,,,0.0,,,,,,
Scenario1,0,RE1,,PWRPHS002,,2028,,,,,,,,,,,0.0,,,,,,
Scenario1,0,RE1,,PWRPHS002,,2029,,,,,,,,,,,0.0,,,,,,
Scenario1,0,RE1,,PWRPHS002,,2030,,,,,,,,,,,0.0,,,,,,
Scenario1,0,RE1,,PWRPHS002,,2031,,,,,,,,,,,0.0,,,,,,
Scenario1,0,RE1,,PWRPHS002,,2032,,,,,,,,,,,0.0,,,,,,
Scenario1,0,RE1,,PWRPHS002,,2033,,,,,,,,,,,0.0,,,,,,
Scenario1,0,RE1,,PWRPHS002,,2034,,,,,,,,,,,0.3,,,,,,
Scenario1,0,RE1,,PWRPHS002,,2035,,,,,,,,,,,0.3,,,,,,
Scenario1,0,RE1,,PWRPHS002,,2036,,,,,,,,,,,0.3,,,,,,
Scenario1,0,RE1,,PWRPHS002,,2037,,,,,,,,,,,0.3,,,,,,
Scenario1,0,RE1,,PWRPHS002,,2038,,,,,,,,,,,0.3,,,,,,
Scenario1,0,RE1,,PWRPHS002,,2039,,,,,,,,,,,0.3,,,,,,
Scenario1,0,RE1,,PWRPHS002,,2040,,,,,,,,,,,0.3,,,,,,
Scenario1,0,RE1,,PWRPHS002,,2041,,,,,,,,,,,0.3,,,,,,
Scenario1,0,RE1,,PWRPHS002,,2042,,,,,,,,,,,0.3,,,,,,
Scenario1,0,RE1,,PWRPHS002,,2043,,,,,,,,,,,0.3,,,,,,
Scenario1,0,RE1,,PWRPHS002,,2044,,,,,,,,,,,0.3,,,,,,
Scenario1,0,RE1,,PWRPHS002,,2045,,,,,,,,,,,0.3,,,,,,
Scenario1,0,RE1,,PWRPHS002,,2046,,,,,,,,,,,0.3,,,,,,
Scenario1,0,RE1,,PWRPHS002,,2047,,,,,,,,,,,0.3,,,,,,
Scenario1,0,RE1,,PWRPHS002,,2048,,,,,,,,,,,0.3,,,,,,
Scenario1,0,RE1,,PWRPHS002,,2049,,,,,,,,,,,0.3,,,,,,
Scenario1,0,RE1,,PWRPHS002,,2050,,,,,,,,,,,0.3,,,,,,
Scenario1,0,RE1,,PWRSOL001,,2019,,,,,,,,,,,0.05025,,,,,,
Scenario1,0,RE1,,PWRSOL001,,2020,,,,,,,,,,,0.05025,,,,,,
Scenario1,0,RE1,,PWRSOL001,,2021,,,,,,,,,,,0.08,,,,,,
Scenario1,0,RE1,,PWRSOL001,,2022,,,,,,,,,,,0.12,,,,,,
Scenario1,0,RE1,,PWRSOL001,,2023,,,,,,,,,,,0.1615,,,,,,
Scenario1,0,RE1,,PWRSOL001,,2024,,,,,,,,,,,0.2014999999999999,,,,,,
Scenario1,0,RE1,,PWRSOL001,,2025,,,,,,,,,,,0.2014999999999999,,,,,,
Scenario1,0,RE1,,PWRSOL001,,2026,,,,,,,,,,,0.2415,,,,,,
Scenario1,0,RE1,,PWRSOL001,,2027,,,,,,,,,,,0.2415,,,,,,
Scenario1,0,RE1,,PWRSOL001,,2028,,,,,,,,,,,0.2415,,,,,,
Scenario1,0,RE1,,PWRSOL001,,2029,,,,,,,,,,,0.2415,,,,,,
Scenario1,0,RE1,,PWRSOL001,,2030,,,,,,,,,,,0.2415,,,,,,
Scenario1,0,RE1,,PWRSOL001,,2031,,,,,,,,,,,0.2415,,,,,,
Scenario1,0,RE1,,PWRSOL001,,2032,,,,,,,,,,,0.2415,,,,,,
Scenario1,0,RE1,,PWRSOL001,,2033,,,,,,,,,,,0.2415,,,,,,
Scenario1,0,RE1,,PWRSOL001,,2034,,,,,,,,,,,0.2415,,,,,,
Scenario1,0,RE1,,PWRSOL001,,2035,,,,,,,,,,,0.2415,,,,,,
Scenario1,0,RE1,,PWRSOL001,,2036,,,,,,,,,,,0.2415,,,,,,
Scenario1,0,RE1,,PWRSOL001,,2037,,,,,,,,,,,0.2415,,,,,,
Scenario1,0,RE1,,PWRSOL001,,2038,,,,,,,,,,,0.2414999999999999,,,,,,
Scenario1,0,RE1,,PWRSOL001,,2039,,,,,,,,,,,0.2414999999999999,,,,,,
Scenario1,0,RE1,,PWRSOL001,,2040,,,,,,,,,,,0.2414999999999999,,,,,,
Scenario1,0,RE1,,PWRSOL001,,2041,,,,,,,,,,,0.2414999999999999,,,,,,
Scenario1,0,RE1,,PWRSOL001,,2042,,,,,,,,,,,0.2414999999999999,,,,,,
Scenario1,0,RE1,,PWRSOL001,,2043,,,,,,,,,,,0.2414999999999999,,,,,,
Scenario1,0,RE1,,PWRSOL001,,2044,,,,,,,,,,,0.2414999999999999,,,,,,
Scenario1,0,RE1,,PWRSOL001,,2045,,,,,,,,,,,0.2414999999999999,,,,,,
Scenario1,0,RE1,,PWRSOL001,,2046,,,,,,,,,,,0.2117499999999999,,,,,,
Scenario1,0,RE1,,PWRSOL001,,2047,,,,,,,,,,,0.1717499999999999,,,,,,
Scenario1,0,RE1,,PWRSOL001,,2048,,,,,,,,,,,0.1302499999999999,,,,,,
Scenario1,0,RE1,,PWRSOL001,,2049,,,,,,,,,,,0.0902499999999999,,,,,,
Scenario1,0,RE1,,PWRSOL001,,2050,,,,,,,,,,,0.0902499999999999,,,,,,
Scenario1,0,RE1,,PWRSOL002,,2019,,,,,,,,,,,0.0,,,,,,
Scenario1,0,RE1,,PWRSOL002,,2020,,,,,,,,,,,0.0,,,,,,
Scenario1,0,RE1,,PWRSOL002,,2021,,,,,,,,,,,0.0,,,,,,
Scenario1,0,RE1,,PWRSOL002,,2022,,,,,,,,,,,0.0,,,,,,
Scenario1,0,RE1,,PWRSOL002,,2023,,,,,,,,,,,0.0,,,,,,
Scenario1,0,RE1,,PWRSOL002,,2024,,,,,,,,,,,0.0,,,,,,
Scenario1,0,RE1,,PWRSOL002,,2025,,,,,,,,,,,0.0,,,,,,
Scenario1,0,RE1,,PWRSOL002,,2026,,,,,,,,,,,0.0,,,,,,
Scenario1,0,RE1,,PWRSOL002,,2027,,,,,,,,,,,0.0,,,,,,
Scenario1,0,RE1,,PWRSOL002,,2028,,,,,,,,,,,0.0,,,,,,
Scenario1,0,RE1,,PWRSOL002,,2029,,,,,,,,,,,0.0,,,,,,
Scenario1,0,RE1,,PWRSOL002,,2030,,,,,,,,,,,0.0,,,,,,
Scenario1,0,RE1,,PWRSOL002,,2031,,,,,,,,,,,0.0,,,,,,
Scenario1,0,RE1,,PWRSOL002,,2032,,,,,,,,,,,0.0,,,,,,
Scenario1,0,RE1,,PWRSOL002,,2033,,,,,,,,,,,0.0,,,,,,
Scenario1,0,RE1,,PWRSOL002,,2034,,,,,,,,,,,0.0,,,,,,
Scenario1,0,RE1,,PWRSOL002,,2035,,,,,,,,,,,0.0,,,,,,
Scenario1,0,RE1,,PWRSOL002,,2036,,,,,,,,,,,0.0,,,,,,
Scenario1,0,RE1,,PWRSOL002,,2037,,,,,,,,,,,0.0,,,,,,
Scenario1,0,RE1,,PWRSOL002,,2038,,,,,,,,,,,0.0,,,,,,
Scenario1,0,RE1,,PWRSOL002,,2039,,,,,,,,,,,0.0,,,,,,
Scenario1,0,RE1,,PWRSOL002,,2040,,,,,,,,,,,0.0,,,,,,
Scenario1,0,RE1,,PWRSOL002,,2041,,,,,,,,,,,0.0,,,,,,
Scenario1,0,RE1,,PWRSOL002,,2042,,,,,,,,,,,0.0,,,,,,
Scenario1,0,RE1,,PWRSOL002,,2043,,,,,,,,,,,0.0,,,,,,
Scenario1,0,RE1,,PWRSOL002,,2044,,,,,,,,,,,0.0,,,,,,
Scenario1,0,RE1,,PWRSOL002,,2045,,,,,,,,,,,0.0,,,,,,
Scenario1,0,RE1,,PWRSOL002,,2046,,,,,,,,,,,0.0,,,,,,
Scenario1,0,RE1,,PWRSOL002,,2047,,,,,,,,,,,0.0,,,,,,
Scenario1,0,RE1,,PWRSOL002,,2048,,,,,,,,,,,0.0,,,,,,
Scenario1,0,RE1,,PWRSOL002,,2049,,,,,,,,,,,0.0,,,,,,
Scenario1,0,RE1,,PWRSOL002,,2050,,,,,,,,,,,0.0,,,,,,
Scenario1,0,RE1,,PWRTRN,,2019,,,,,,,,,,,1.967166017332848,,,,,,
Scenario1,0,RE1,,PWRTRN,,2020,,,,,,,,,,,2.001561841565512,,,,,,
Scenario1,0,RE1,,PWRTRN,,2021,,,,,,,,,,,2.090164023684788,,,,,,
Scenario1,0,RE1,,PWRTRN,,2022,,,,,,,,,,,2.157633913136673,,,,,,
Scenario1,0,RE1,,PWRTRN,,2023,,,,,,,,,,,2.220859729717736,,,,,,
Scenario1,0,RE1,,PWRTRN,,2024,,,,,,,,,,,2.2944941435263595,,,,,,
Scenario1,0,RE1,,PWRTRN,,2025,,,,,,,,,,,2.374756429438825,,,,,,
Scenario1,0,RE1,,PWRTRN,,2026,,,,,,,,,,,2.458845077307518,,,,,,
Scenario1,0,RE1,,PWRTRN,,2027,,,,,,,,,,,2.5978809349065197,,,,,,
Scenario1,0,RE1,,PWRTRN,,2028,,,,,,,,,,,2.745050122269999,,,,,,
Scenario1,0,RE1,,PWRTRN,,2029,,,,,,,,,,,2.913371189855829,,,,,,
Scenario1,0,RE1,,PWRTRN,,2030,,,,,,,,,,,3.094005008475184,,,,,,
Scenario1,0,RE1,,PWRTRN,,2031,,,,,,,,,,,3.262711448763178,,,,,,
Scenario1,0,RE1,,PWRTRN,,2032,,,,,,,,,,,3.449973446961245,,,,,,
Scenario1,0,RE1,,PWRTRN,,2033,,,,,,,,,,,3.639817485637234,,,,,,
Scenario1,0,RE1,,PWRTRN,,2034,,,,,,,,,,,3.84182676927357,,,,,,
Scenario1,0,RE1,,PWRTRN,,2035,,,,,,,,,,,4.0543912221321605,,,,,,
Scenario1,0,RE1,,PWRTRN,,2036,,,,,,,,,,,4.269953184284345,,,,,,
Scenario1,0,RE1,,PWRTRN,,2037,,,,,,,,,,,4.512582060170445,,,,,,
Scenario1,0,RE1,,PWRTRN,,2038,,,,,,,,,,,4.765405902616646,,,,,,
Scenario1,0,RE1,,PWRTRN,,2039,,,,,,,,,,,5.032753192186004,,,,,,
Scenario1,0,RE1,,PWRTRN,,2040,,,,,,,,,,,5.31636018188582,,,,,,
Scenario1,0,RE1,,PWRTRN,,2041,,,,,,,,,,,5.615258448684923,,,,,,
Scenario1,0,RE1,,PWRTRN,,2042,,,,,,,,,,,5.924771188413613,,,,,,
Scenario1,0,RE1,,PWRTRN,,2043,,,,,,,,,,,6.254959485647275,,,,,,
Scenario1,0,RE1,,PWRTRN,,2044,,,,,,,,,,,6.602843411139935,,,,,,
Scenario1,0,RE1,,PWRTRN,,2045,,,,,,,,,,,6.970832786465763,,,,,,
Scenario1,0,RE1,,PWRTRN,,2046,,,,,,,,,,,7.359336681970875,,,,,,
Scenario1,0,RE1,,PWRTRN,,2047,,,,,,,,,,,7.768679512474485,,,,,,
Scenario1,0,RE1,,PWRTRN,,2048,,,,,,,,,,,8.201672536130978,,,,,,
Scenario1,0,RE1,,PWRTRN,,2049,,,,,,,,,,,8.658810188459892,,,,,,
Scenario1,0,RE1,,PWRTRN,,2050,,,,,,,,,,,9.140464691525551,,,,,,
Scenario1,0,RE1,,PWRURN001,,2019,,,,,,,,,,,0.0,,,,,,
Scenario1,0,RE1,,PWRURN001,,2020,,,,,,,,,,,0.0,,,,,,
Scenario1,0,RE1,,PWRURN001,,2021,,,,,,,,,,,0.0,,,,,,
Scenario1,0,RE1,,PWRURN001,,2022,,,,,,,,,,,0.0,,,,,,
Scenario1,0,RE1,,PWRURN001,,2023,,,,,,,,,,,0.0,,,,,,
Scenario1,0,RE1,,PWRURN001,,2024,,,,,,,,,,,0.0,,,,,,
Scenario1,0,RE1,,PWRURN001,,2025,,,,,,,,,,,0.0,,,,,,
Scenario1,0,RE1,,PWRURN001,,2026,,,,,,,,,,,0.0,,,,,,
Scenario1,0,RE1,,PWRURN001,,2027,,,,,,,,,,,0.0,,,,,,
Scenario1,0,RE1,,PWRURN001,,2028,,,,,,,,,,,0.0,,,,,,
Scenario1,0,RE1,,PWRURN001,,2029,,,,,,,,,,,0.0,,,,,,
Scenario1,0,RE1,,PWRURN001,,2030,,,,,,,,,,,0.0,,,,,,
Scenario1,0,RE1,,PWRURN001,,2031,,,,,,,,,,,0.0,,,,,,
Scenario1,0,RE1,,PWRURN001,,2032,,,,,,,,,,,0.0,,,,,,
Scenario1,0,RE1,,PWRURN001,,2033,,,,,,,,,,,0.0,,,,,,
Scenario1,0,RE1,,PWRURN001,,2034,,,,,,,,,,,0.0,,,,,,
Scenario1,0,RE1,,PWRURN001,,2035,,,,,,,,,,,0.0,,,,,,
Scenario1,0,RE1,,PWRURN001,,2036,,,,,,,,,,,0.0,,,,,,
Scenario1,0,RE1,,PWRURN001,,2037,,,,,,,,,,,0.0,,,,,,
Scenario1,0,RE1,,PWRURN001,,2038,,,,,,,,,,,0.0,,,,,,
Scenario1,0,RE1,,PWRURN001,,2039,,,,,,,,,,,0.0,,,,,,
Scenario1,0,RE1,,PWRURN001,,2040,,,,,,,,,,,0.0,,,,,,
Scenario1,0,RE1,,PWRURN001,,2041,,,,,,,,,,,0.0,,,,,,
Scenario1,0,RE1,,PWRURN001,,2042,,,,,,,,,,,0.0,,,,,,
Scenario1,0,RE1,,PWRURN001,,2043,,,,,,,,,,,0.0,,,,,,
Scenario1,0,RE1,,PWRURN001,,2044,,,,,,,,,,,0.0,,,,,,
Scenario1,0,RE1,,PWRURN001,,2045,,,,,,,,,,,0.0,,,,,,
Scenario1,0,RE1,,PWRURN001,,2046,,,,,,,,,,,0.0,,,,,,
Scenario1,0,RE1,,PWRURN001,,2047,,,,,,,,,,,0.0,,,,,,
Scenario1,0,RE1,,PWRURN001,,2048,,,,,,,,,,,0.0,,,,,,
Scenario1,0,RE1,,PWRURN001,,2049,,,,,,,,,,,0.0,,,,,,
Scenario1,0,RE1,,PWRURN001,,2050,,,,,,,,,,,0.0,,,,,,
Scenario1,0,RE1,,PWRWND001,,2019,,,,,,,,,,,0.0,,,,,,
Scenario1,0,RE1,,PWRWND001,,2020,,,,,,,,,,,0.0,,,,,,
Scenario1,0,RE1,,PWRWND001,,2021,,,,,,,,,,,0.0,,,,,,
Scenario1,0,RE1,,PWRWND001,,2022,,,,,,,,,,,0.0,,,,,,
Scenario1,0,RE1,,PWRWND001,,2023,,,,,,,,,,,0.0,,,,,,
Scenario1,0,RE1,,PWRWND001,,2024,,,,,,,,,,,0.0,,,,,,
Scenario1,0,RE1,,PWRWND001,,2025,,,,,,,,,,,0.0,,,,,,
Scenario1,0,RE1,,PWRWND001,,2026,,,,,,,,,,,0.0,,,,,,
Scenario1,0,RE1,,PWRWND001,,2027,,,,,,,,,,,0.0,,,,,,
Scenario1,0,RE1,,PWRWND001,,2028,,,,,,,,,,,0.0,,,,,,
Scenario1,0,RE1,,PWRWND001,,2029,,,,,,,,,,,0.0,,,,,,
Scenario1,0,RE1,,PWRWND001,,2030,,,,,,,,,,,0.0,,,,,,
Scenario1,0,RE1,,PWRWND001,,2031,,,,,,,,,,,0.0,,,,,,
Scenario1,0,RE1,,PWRWND001,,2032,,,,,,,,,,,0.0,,,,,,
Scenario1,0,RE1,,PWRWND001,,2033,,,,,,,,,,,0.0,,,,,,
Scenario1,0,RE1,,PWRWND001,,2034,,,,,,,,,,,0.0,,,,,,
Scenario1,0,RE1,,PWRWND001,,2035,,,,,,,,,,,0.0,,,,,,
Scenario1,0,RE1,,PWRWND001,,2036,,,,,,,,,,,0.0,,,,,,
Scenario1,0,RE1,,PWRWND001,,2037,,,,,,,,,,,0.0,,,,,,
Scenario1,0,RE1,,PWRWND001,,2038,,,,,,,,,,,0.0,,,,,,
Scenario1,0,RE1,,PWRWND001,,2039,,,,,,,,,,,0.0,,,,,,
Scenario1,0,RE1,,PWRWND001,,2040,,,,,,,,,,,0.0,,,,,,
Scenario1,0,RE1,,PWRWND001,,2041,,,,,,,,,,,0.0,,,,,,
Scenario1,0,RE1,,PWRWND001,,2042,,,,,,,,,,,0.0,,,,,,
Scenario1,0,RE1,,PWRWND001,,2043,,,,,,,,,,,0.0,,,,,,
Scenario1,0,RE1,,PWRWND001,,2044,,,,,,,,,,,0.0,,,,,,
Scenario1,0,RE1,,PWRWND001,,2045,,,,,,,,,,,0.0,,,,,,
Scenario1,0,RE1,,PWRWND001,,2046,,,,,,,,,,,0.0,,,,,,
Scenario1,0,RE1,,PWRWND001,,2047,,,,,,,,,,,0.0,,,,,,
Scenario1,0,RE1,,PWRWND001,,2048,,,,,,,,,,,0.0,,,,,,
Scenario1,0,RE1,,PWRWND001,,2049,,,,,,,,,,,0.0,,,,,,
Scenario1,0,RE1,,PWRWND001,,2050,,,,,,,,,,,0.0,,,,,,
Scenario1,0,RE1,,PWRWND002,,2019,,,,,,,,,,,0.0,,,,,,
Scenario1,0,RE1,,PWRWND002,,2020,,,,,,,,,,,0.0,,,,,,
Scenario1,0,RE1,,PWRWND002,,2021,,,,,,,,,,,0.0,,,,,,
Scenario1,0,RE1,,PWRWND002,,2022,,,,,,,,,,,0.0,,,,,,
Scenario1,0,RE1,,PWRWND002,,2023,,,,,,,,,,,0.0,,,,,,
Scenario1,0,RE1,,PWRWND002,,2024,,,,,,,,,,,0.0,,,,,,
Scenario1,0,RE1,,PWRWND002,,2025,,,,,,,,,,,0.2360542056074764,,,,,,
Scenario1,0,RE1,,PWRWND002,,2026,,,,,,,,,,,0.2360542056074764,,,,,,
Scenario1,0,RE1,,PWRWND002,,2027,,,,,,,,,,,0.2360542056074764,,,,,,
Scenario1,0,RE1,,PWRWND002,,2028,,,,,,,,,,,0.2360542056074764,,,,,,
Scenario1,0,RE1,,PWRWND002,,2029,,,,,,,,,,,0.2360542056074764,,,,,,
Scenario1,0,RE1,,PWRWND002,,2030,,,,,,,,,,,0.2360542056074764,,,,,,
Scenario1,0,RE1,,PWRWND002,,2031,,,,,,,,,,,0.2360542056074764,,,,,,
Scenario1,0,RE1,,PWRWND002,,2032,,,,,,,,,,,0.2360542056074764,,,,,,
Scenario1,0,RE1,,PWRWND002,,2033,,,,,,,,,,,0.2360542056074764,,,,,,
Scenario1,0,RE1,,PWRWND002,,2034,,,,,,,,,,,0.2360542056074764,,,,,,
Scenario1,0,RE1,,PWRWND002,,2035,,,,,,,,,,,0.2360542056074764,,,,,,
Scenario1,0,RE1,,PWRWND002,,2036,,,,,,,,,,,0.2360542056074764,,,,,,
Scenario1,0,RE1,,PWRWND002,,2037,,,,,,,,,,,0.2360542056074764,,,,,,
Scenario1,0,RE1,,PWRWND002,,2038,,,,,,,,,,,0.2360542056074764,,,,,,
Scenario1,0,RE1,,PWRWND002,,2039,,,,,,,,,,,0.2360542056074764,,,,,,
Scenario1,0,RE1,,PWRWND002,,2040,,,,,,,,,,,0.2360542056074764,,,,,,
Scenario1,0,RE1,,PWRWND002,,2041,,,,,,,,,,,0.2360542056074764,,,,,,
Scenario1,0,RE1,,PWRWND002,,2042,,,,,,,,,,,0.2360542056074764,,,,,,
Scenario1,0,RE1,,PWRWND002,,2043,,,,,,,,,,,0.2360542056074764,,,,,,
Scenario1,0,RE1,,PWRWND002,,2044,,,,,,,,,,,0.2360542056074764,,,,,,
Scenario1,0,RE1,,PWRWND002,,2045,,,,,,,,,,,0.1510595262063664,,,,,,
Scenario1,0,RE1,,PWRWND002,,2046,,,,,,,,,,,0.1510595262063664,,,,,,
Scenario1,0,RE1,,PWRWND002,,2047,,,,,,,,,,,0.1510595262063664,,,,,,
Scenario1,0,RE1,,PWRWND002,,2048,,,,,,,,,,,0.1510595262063664,,,,,,
Scenario1,0,RE1,,PWRWND002,,2049,,,,,,,,,,,0.1510595262063664,,,,,,
Scenario1,0,RE1,,PWRWND002,,2050,,,,,,,,,,,0.1510595262063664,,,,,,
Scenario1,0,RE1,,PWRWND003,,2019,,,,,,,,,,,0.0,,,,,,
Scenario1,0,RE1,,PWRWND003,,2020,,,,,,,,,,,0.0,,,,,,
Scenario1,0,RE1,,PWRWND003,,2021,,,,,,,,,,,0.0,,,,,,
Scenario1,0,RE1,,PWRWND003,,2022,,,,,,,,,,,0.0,,,,,,
Scenario1,0,RE1,,PWRWND003,,2023,,,,,,,,,,,0.0,,,,,,
Scenario1,0,RE1,,PWRWND003,,2024,,,,,,,,,,,0.0,,,,,,
Scenario1,0,RE1,,PWRWND003,,2025,,,,,,,,,,,0.2360542056074764,,,,,,
Scenario1,0,RE1,,PWRWND003,,2026,,,,,,,,,,,0.2360542056074764,,,,,,
Scenario1,0,RE1,,PWRWND003,,2027,,,,,,,,,,,0.2360542056074764,,,,,,
Scenario1,0,RE1,,PWRWND003,,2028,,,,,,,,,,,0.2360542056074764,,,,,,
Scenario1,0,RE1,,PWRWND003,,2029,,,,,,,,,,,0.2360542056074764,,,,,,
Scenario1,0,RE1,,PWRWND003,,2030,,,,,,,,,,,0.2360542056074764,,,,,,
Scenario1,0,RE1,,PWRWND003,,2031,,,,,,,,,,,0.2360542056074764,,,,,,
Scenario1,0,RE1,,PWRWND003,,2032,,,,,,,,,,,0.2360542056074764,,,,,,
Scenario1,0,RE1,,PWRWND003,,2033,,,,,,,,,,,0.2360542056074764,,,,,,
Scenario1,0,RE1,,PWRWND003,,2034,,,,,,,,,,,0.2360542056074764,,,,,,
Scenario1,0,RE1,,PWRWND003,,2035,,,,,,,,,,,0.2360542056074764,,,,,,
Scenario1,0,RE1,,PWRWND003,,2036,,,,,,,,,,,0.2360542056074764,,,,,,
Scenario1,0,RE1,,PWRWND003,,2037,,,,,,,,,,,0.2360542056074764,,,,,,
Scenario1,0,RE1,,PWRWND003,,2038,,,,,,,,,,,0.3135244865650229,,,,,,
Scenario1,0,RE1,,PWRWND003,,2039,,,,,,,,,,,0.418861368718599,,,,,,
Scenario1,0,RE1,,PWRWND003,,2040,,,,,,,,,,,0.418861368718599,,,,,,
Scenario1,0,RE1,,PWRWND003,,2041,,,,,,,,,,,0.5790819047619047,,,,,,
Scenario1,0,RE1,,PWRWND003,,2042,,,,,,,,,,,0.6088208530805689,,,,,,
Scenario1,0,RE1,,PWRWND003,,2043,,,,,,,,,,,0.6434374407582939,,,,,,
Scenario1,0,RE1,,PWRWND003,,2044,,,,,,,,,,,0.6800213270142184,,,,,,
Scenario1,0,RE1,,PWRWND003,,2045,,,,,,,,,,,0.718685781990521,,,,,,
Scenario1,0,RE1,,PWRWND003,,2046,,,,,,,,,,,0.7595483412322276,,,,,,
Scenario1,0,RE1,,PWRWND003,,2047,,,,,,,,,,,0.8027345971563982,,,,,,
Scenario1,0,RE1,,PWRWND003,,2048,,,,,,,,,,,0.8483763033175356,,,,,,
Scenario1,0,RE1,,PWRWND003,,2049,,,,,,,,,,,0.8966132701421803,,,,,,
Scenario1,0,RE1,,PWRWND003,,2050,,,,,,,,,,,0.947592417061612,,,,,,
Scenario1,0,RE1,,PWRWND004,,2019,,,,,,,,,,,0.0,,,,,,
Scenario1,0,RE1,,PWRWND004,,2020,,,,,,,,,,,0.0,,,,,,
Scenario1,0,RE1,,PWRWND004,,2021,,,,,,,,,,,0.0,,,,,,
Scenario1,0,RE1,,PWRWND004,,2022,,,,,,,,,,,0.0,,,,,,
Scenario1,0,RE1,,PWRWND004,,2023,,,,,,,,,,,0.0,,,,,,
Scenario1,0,RE1,,PWRWND004,,2024,,,,,,,,,,,0.0,,,,,,
Scenario1,0,RE1,,PWRWND004,,2025,,,,,,,,,,,0.2360542056074764,,,,,,
Scenario1,0,RE1,,PWRWND004,,2026,,,,,,,,,,,0.2360542056074764,,,,,,
Scenario1,0,RE1,,PWRWND004,,2027,,,,,,,,,,,0.2360542056074764,,,,,,
Scenario1,0,RE1,,PWRWND004,,2028,,,,,,,,,,,0.2360542056074764,,,,,,
Scenario1,0,RE1,,PWRWND004,,2029,,,,,,,,,,,0.2360542056074764,,,,,,
Scenario1,0,RE1,,PWRWND004,,2030,,,,,,,,,,,0.2360542056074764,,,,,,
Scenario1,0,RE1,,PWRWND004,,2031,,,,,,,,,,,0.2360542056074764,,,,,,
Scenario1,0,RE1,,PWRWND004,,2032,,,,,,,,,,,0.2360542056074764,,,,,,
Scenario1,0,RE1,,PWRWND004,,2033,,,,,,,,,,,0.2360542056074764,,,,,,
Scenario1,0,RE1,,PWRWND004,,2034,,,,,,,,,,,0.3894330188679246,,,,,,
Scenario1,0,RE1,,PWRWND004,,2035,,,,,,,,,,,0.4114231132075474,,,,,,
Scenario1,0,RE1,,PWRWND004,,2036,,,,,,,,,,,0.4114231132075474,,,,,,
Scenario1,0,RE1,,PWRWND004,,2037,,,,,,,,,,,0.4611293838862559,,,,,,
Scenario1,0,RE1,,PWRWND004,,2038,,,,,,,,,,,0.4874881516587678,,,,,,
Scenario1,0,RE1,,PWRWND004,,2039,,,,,,,,,,,0.515445023696683,,,,,,
Scenario1,0,RE1,,PWRWND004,,2040,,,,,,,,,,,0.5450753554502372,,,,,,
Scenario1,0,RE1,,PWRWND004,,2041,,,,,,,,,,,0.5790819047619047,,,,,,
Scenario1,0,RE1,,PWRWND004,,2042,,,,,,,,,,,0.6088208530805689,,,,,,
Scenario1,0,RE1,,PWRWND004,,2043,,,,,,,,,,,0.6434374407582939,,,,,,
Scenario1,0,RE1,,PWRWND004,,2044,,,,,,,,,,,0.6800213270142184,,,,,,
Scenario1,0,RE1,,PWRWND004,,2045,,,,,,,,,,,0.718685781990521,,,,,,
Scenario1,0,RE1,,PWRWND004,,2046,,,,,,,,,,,0.7595483412322276,,,,,,
Scenario1,0,RE1,,PWRWND004,,2047,,,,,,,,,,,0.8027345971563982,,,,,,
Scenario1,0,RE1,,PWRWND004,,2048,,,,,,,,,,,0.8483763033175356,,,,,,
Scenario1,0,RE1,,PWRWND004,,2049,,,,,,,,,,,0.8966132701421803,,,,,,
Scenario1,0,RE1,,PWRWND004,,2050,,,,,,,,,,,0.947592417061612,,,,,,
Scenario1,0,RE1,,PWRWND005,,2019,,,,,,,,,,,0.0,,,,,,
Scenario1,0,RE1,,PWRWND005,,2020,,,,,,,,,,,0.0,,,,,,
Scenario1,0,RE1,,PWRWND005,,2021,,,,,,,,,,,0.0,,,,,,
Scenario1,0,RE1,,PWRWND005,,2022,,,,,,,,,,,0.0,,,,,,
Scenario1,0,RE1,,PWRWND005,,2023,,,,,,,,,,,0.0,,,,,,
Scenario1,0,RE1,,PWRWND005,,2024,,,,,,,,,,,0.0,,,,,,
Scenario1,0,RE1,,PWRWND005,,2025,,,,,,,,,,,0.2360542056074764,,,,,,
Scenario1,0,RE1,,PWRWND005,,2026,,,,,,,,,,,0.2360542056074764,,,,,,
Scenario1,0,RE1,,PWRWND005,,2027,,,,,,,,,,,0.2360542056074764,,,,,,
Scenario1,0,RE1,,PWRWND005,,2028,,,,,,,,,,,0.2360542056074764,,,,,,
Scenario1,0,RE1,,PWRWND005,,2029,,,,,,,,,,,0.2360542056074764,,,,,,
Scenario1,0,RE1,,PWRWND005,,2030,,,,,,,,,,,0.2360542056074764,,,,,,
Scenario1,0,RE1,,PWRWND005,,2031,,,,,,,,,,,0.2360542056074764,,,,,,
Scenario1,0,RE1,,PWRWND005,,2032,,,,,,,,,,,0.2360542056074764,,,,,,
Scenario1,0,RE1,,PWRWND005,,2033,,,,,,,,,,,0.2360542056074764,,,,,,
Scenario1,0,RE1,,PWRWND005,,2034,,,,,,,,,,,0.2360542056074764,,,,,,
Scenario1,0,RE1,,PWRWND005,,2035,,,,,,,,,,,0.2360542056074764,,,,,,
Scenario1,0,RE1,,PWRWND005,,2036,,,,,,,,,,,0.2360542056074764,,,,,,
Scenario1,0,RE1,,PWRWND005,,2037,,,,,,,,,,,0.2360542056074764,,,,,,
Scenario1,0,RE1,,PWRWND005,,2038,,,,,,,,,,,0.2360542056074764,,,,,,
Scenario1,0,RE1,,PWRWND005,,2039,,,,,,,,,,,0.2360542056074764,,,,,,
Scenario1,0,RE1,,PWRWND005,,2040,,,,,,,,,,,0.2360542056074764,,,,,,
Scenario1,0,RE1,,PWRWND005,,2041,,,,,,,,,,,0.2360542056074764,,,,,,
Scenario1,0,RE1,,PWRWND005,,2042,,,,,,,,,,,0.2360542056074764,,,,,,
Scenario1,0,RE1,,PWRWND005,,2043,,,,,,,,,,,0.2360542056074764,,,,,,
Scenario1,0,RE1,,PWRWND005,,2044,,,,,,,,,,,0.2360542056074764,,,,,,
Scenario1,0,RE1,,PWRWND005,,2045,,,,,,,,,,,0.0,,,,,,
Scenario1,0,RE1,,PWRWND005,,2046,,,,,,,,,,,0.0,,,,,,
Scenario1,0,RE1,,PWRWND005,,2047,,,,,,,,,,,0.0,,,,,,
Scenario1,0,RE1,,PWRWND005,,2048,,,,,,,,,,,0.0,,,,,,
Scenario1,0,RE1,,PWRWND005,,2049,,,,,,,,,,,0.0,,,,,,
Scenario1,0,RE1,,PWRWND005,,2050,,,,,,,,,,,0.0,,,,,,
Scenario1,0,RE1,,PWRWND006,,2019,,,,,,,,,,,0.0,,,,,,
Scenario1,0,RE1,,PWRWND006,,2020,,,,,,,,,,,0.0,,,,,,
Scenario1,0,RE1,,PWRWND006,,2021,,,,,,,,,,,0.0,,,,,,
Scenario1,0,RE1,,PWRWND006,,2022,,,,,,,,,,,0.0,,,,,,
Scenario1,0,RE1,,PWRWND006,,2023,,,,,,,,,,,0.0,,,,,,
Scenario1,0,RE1,,PWRWND006,,2024,,,,,,,,,,,0.0,,,,,,
Scenario1,0,RE1,,PWRWND006,,2025,,,,,,,,,,,0.2360542056074764,,,,,,
Scenario1,0,RE1,,PWRWND006,,2026,,,,,,,,,,,0.2360542056074764,,,,,,
Scenario1,0,RE1,,PWRWND006,,2027,,,,,,,,,,,0.2360542056074764,,,,,,
Scenario1,0,RE1,,PWRWND006,,2028,,,,,,,,,,,0.2360542056074764,,,,,,
Scenario1,0,RE1,,PWRWND006,,2029,,,,,,,,,,,0.2360542056074764,,,,,,
Scenario1,0,RE1,,PWRWND006,,2030,,,,,,,,,,,0.2360542056074764,,,,,,
Scenario1,0,RE1,,PWRWND006,,2031,,,,,,,,,,,0.2360542056074764,,,,,,
Scenario1,0,RE1,,PWRWND006,,2032,,,,,,,,,,,0.2360542056074764,,,,,,
Scenario1,0,RE1,,PWRWND006,,2033,,,,,,,,,,,0.2360542056074764,,,,,,
Scenario1,0,RE1,,PWRWND006,,2034,,,,,,,,,,,0.2360542056074764,,,,,,
Scenario1,0,RE1,,PWRWND006,,2035,,,,,,,,,,,0.2360542056074764,,,,,,
Scenario1,0,RE1,,PWRWND006,,2036,,,,,,,,,,,0.2360542056074764,,,,,,
Scenario1,0,RE1,,PWRWND006,,2037,,,,,,,,,,,0.2360542056074764,,,,,,
Scenario1,0,RE1,,PWRWND006,,2038,,,,,,,,,,,0.2360542056074764,,,,,,
Scenario1,0,RE1,,PWRWND006,,2039,,,,,,,,,,,0.2360542056074764,,,,,,
Scenario1,0,RE1,,PWRWND006,,2040,,,,,,,,,,,0.2360542056074764,,,,,,
Scenario1,0,RE1,,PWRWND006,,2041,,,,,,,,,,,0.3946240087544046,,,,,,
Scenario1,0,RE1,,PWRWND006,,2042,,,,,,,,,,,0.3946240087544046,,,,,,
Scenario1,0,RE1,,PWRWND006,,2043,,,,,,,,,,,0.3946240087544046,,,,,,
Scenario1,0,RE1,,PWRWND006,,2044,,,,,,,,,,,0.3946240087544046,,,,,,
Scenario1,0,RE1,,PWRWND006,,2045,,,,,,,,,,,0.718685781990521,,,,,,
Scenario1,0,RE1,,PWRWND006,,2046,,,,,,,,,,,0.7595483412322276,,,,,,
Scenario1,0,RE1,,PWRWND006,,2047,,,,,,,,,,,0.8027345971563982,,,,,,
Scenario1,0,RE1,,PWRWND006,,2048,,,,,,,,,,,0.8483763033175356,,,,,,
Scenario1,0,RE1,,PWRWND006,,2049,,,,,,,,,,,0.8966132701421803,,,,,,
Scenario1,0,RE1,,PWRWND006,,2050,,,,,,,,,,,0.947592417061612,,,,,,
Scenario1,0,RE1,,PWRWND007,,2019,,,,,,,,,,,0.0,,,,,,
Scenario1,0,RE1,,PWRWND007,,2020,,,,,,,,,,,0.0,,,,,,
Scenario1,0,RE1,,PWRWND007,,2021,,,,,,,,,,,0.0,,,,,,
Scenario1,0,RE1,,PWRWND007,,2022,,,,,,,,,,,0.0,,,,,,
Scenario1,0,RE1,,PWRWND007,,2023,,,,,,,,,,,0.0,,,,,,
Scenario1,0,RE1,,PWRWND007,,2024,,,,,,,,,,,0.0,,,,,,
Scenario1,0,RE1,,PWRWND007,,2025,,,,,,,,,,,0.2360542056074764,,,,,,
Scenario1,0,RE1,,PWRWND007,,2026,,,,,,,,,,,0.2360542056074764,,,,,,
Scenario1,0,RE1,,PWRWND007,,2027,,,,,,,,,,,0.2360542056074764,,,,,,
Scenario1,0,RE1,,PWRWND007,,2028,,,,,,,,,,,0.2360542056074764,,,,,,
Scenario1,0,RE1,,PWRWND007,,2029,,,,,,,,,,,0.2360542056074764,,,,,,
Scenario1,0,RE1,,PWRWND007,,2030,,,,,,,,,,,0.2360542056074764,,,,,,
Scenario1,0,RE1,,PWRWND007,,2031,,,,,,,,,,,0.2360542056074764,,,,,,
Scenario1,0,RE1,,PWRWND007,,2032,,,,,,,,,,,0.2360542056074764,,,,,,
Scenario1,0,RE1,,PWRWND007,,2033,,,,,,,,,,,0.2360542056074764,,,,,,
Scenario1,0,RE1,,PWRWND007,,2034,,,,,,,,,,,0.2360542056074764,,,,,,
Scenario1,0,RE1,,PWRWND007,,2035,,,,,,,,,,,0.2360542056074764,,,,,,
Scenario1,0,RE1,,PWRWND007,,2036,,,,,,,,,,,0.2360542056074764,,,,,,
Scenario1,0,RE1,,PWRWND007,,2037,,,,,,,,,,,0.2360542056074764,,,,,,
Scenario1,0,RE1,,PWRWND007,,2038,,,,,,,,,,,0.2360542056074764,,,,,,
Scenario1,0,RE1,,PWRWND007,,2039,,,,,,,,,,,0.2360542056074764,,,,,,
Scenario1,0,RE1,,PWRWND007,,2040,,,,,,,,,,,0.2360542056074764,,,,,,
Scenario1,0,RE1,,PWRWND007,,2041,,,,,,,,,,,0.2360542056074764,,,,,,
Scenario1,0,RE1,,PWRWND007,,2042,,,,,,,,,,,0.2360542056074764,,,,,,
Scenario1,0,RE1,,PWRWND007,,2043,,,,,,,,,,,0.2360542056074764,,,,,,
Scenario1,0,RE1,,PWRWND007,,2044,,,,,,,,,,,0.2360542056074764,,,,,,
Scenario1,0,RE1,,PWRWND007,,2045,,,,,,,,,,,0.0,,,,,,
Scenario1,0,RE1,,PWRWND007,,2046,,,,,,,,,,,0.0,,,,,,
Scenario1,0,RE1,,PWRWND007,,2047,,,,,,,,,,,0.0,,,,,,
Scenario1,0,RE1,,PWRWND007,,2048,,,,,,,,,,,0.0,,,,,,
Scenario1,0,RE1,,PWRWND007,,2049,,,,,,,,,,,0.0,,,,,,
Scenario1,0,RE1,,PWRWND007,,2050,,,,,,,,,,,0.0,,,,,,
Scenario1,0,RE1,,PWRWND008,,2019,,,,,,,,,,,0.0,,,,,,
Scenario1,0,RE1,,PWRWND008,,2020,,,,,,,,,,,0.0,,,,,,
Scenario1,0,RE1,,PWRWND008,,2021,,,,,,,,,,,0.0,,,,,,
Scenario1,0,RE1,,PWRWND008,,2022,,,,,,,,,,,0.0,,,,,,
Scenario1,0,RE1,,PWRWND008,,2023,,,,,,,,,,,0.0,,,,,,
Scenario1,0,RE1,,PWRWND008,,2024,,,,,,,,,,,0.0,,,,,,
Scenario1,0,RE1,,PWRWND008,,2025,,,,,,,,,,,0.2360542056074764,,,,,,
Scenario1,0,RE1,,PWRWND008,,2026,,,,,,,,,,,0.2360542056074764,,,,,,
Scenario1,0,RE1,,PWRWND008,,2027,,,,,,,,,,,0.2360542056074764,,,,,,
Scenario1,0,RE1,,PWRWND008,,2028,,,,,,,,,,,0.2360542056074764,,,,,,
Scenario1,0,RE1,,PWRWND008,,2029,,,,,,,,,,,0.2360542056074764,,,,,,
Scenario1,0,RE1,,PWRWND008,,2030,,,,,,,,,,,0.2360542056074764,,,,,,
Scenario1,0,RE1,,PWRWND008,,2031,,,,,,,,,,,0.2360542056074764,,,,,,
Scenario1,0,RE1,,PWRWND008,,2032,,,,,,,,,,,0.2360542056074764,,,,,,
Scenario1,0,RE1,,PWRWND008,,2033,,,,,,,,,,,0.2360542056074764,,,,,,
Scenario1,0,RE1,,PWRWND008,,2034,,,,,,,,,,,0.2360542056074764,,,,,,
Scenario1,0,RE1,,PWRWND008,,2035,,,,,,,,,,,0.2360542056074764,,,,,,
Scenario1,0,RE1,,PWRWND008,,2036,,,,,,,,,,,0.2360542056074764,,,,,,
Scenario1,0,RE1,,PWRWND008,,2037,,,,,,,,,,,0.2360542056074764,,,,,,
Scenario1,0,RE1,,PWRWND008,,2038,,,,,,,,,,,0.2360542056074764,,,,,,
Scenario1,0,RE1,,PWRWND008,,2039,,,,,,,,,,,0.2360542056074764,,,,,,
Scenario1,0,RE1,,PWRWND008,,2040,,,,,,,,,,,0.2360542056074764,,,,,,
Scenario1,0,RE1,,PWRWND008,,2041,,,,,,,,,,,0.2360542056074764,,,,,,
Scenario1,0,RE1,,PWRWND008,,2042,,,,,,,,,,,0.2360542056074764,,,,,,
Scenario1,0,RE1,,PWRWND008,,2043,,,,,,,,,,,0.2360542056074764,,,,,,
Scenario1,0,RE1,,PWRWND008,,2044,,,,,,,,,,,0.2360542056074764,,,,,,
Scenario1,0,RE1,,PWRWND008,,2045,,,,,,,,,,,0.0,,,,,,
Scenario1,0,RE1,,PWRWND008,,2046,,,,,,,,,,,0.0,,,,,,
Scenario1,0,RE1,,PWRWND008,,2047,,,,,,,,,,,0.0,,,,,,
Scenario1,0,RE1,,PWRWND008,,2048,,,,,,,,,,,0.0,,,,,,
Scenario1,0,RE1,,PWRWND008,,2049,,,,,,,,,,,0.0,,,,,,
Scenario1,0,RE1,,PWRWND008,,2050,,,,,,,,,,,0.0,,,,,,
Scenario1,0,RE1,,PWRWND009,,2019,,,,,,,,,,,0.0,,,,,,
Scenario1,0,RE1,,PWRWND009,,2020,,,,,,,,,,,0.0,,,,,,
Scenario1,0,RE1,,PWRWND009,,2021,,,,,,,,,,,0.0,,,,,,
Scenario1,0,RE1,,PWRWND009,,2022,,,,,,,,,,,0.0,,,,,,
Scenario1,0,RE1,,PWRWND009,,2023,,,,,,,,,,,0.0,,,,,,
Scenario1,0,RE1,,PWRWND009,,2024,,,,,,,,,,,0.0,,,,,,
Scenario1,0,RE1,,PWRWND009,,2025,,,,,,,,,,,0.2360542056074764,,,,,,
Scenario1,0,RE1,,PWRWND009,,2026,,,,,,,,,,,0.2360542056074764,,,,,,
Scenario1,0,RE1,,PWRWND009,,2027,,,,,,,,,,,0.2360542056074764,,,,,,
Scenario1,0,RE1,,PWRWND009,,2028,,,,,,,,,,,0.2360542056074764,,,,,,
Scenario1,0,RE1,,PWRWND009,,2029,,,,,,,,,,,0.2360542056074764,,,,,,
Scenario1,0,RE1,,PWRWND009,,2030,,,,,,,,,,,0.2360542056074764,,,,,,
Scenario1,0,RE1,,PWRWND009,,2031,,,,,,,,,,,0.2360542056074764,,,,,,
Scenario1,0,RE1,,PWRWND009,,2032,,,,,,,,,,,0.2360542056074764,,,,,,
Scenario1,0,RE1,,PWRWND009,,2033,,,,,,,,,,,0.2360542056074764,,,,,,
Scenario1,0,RE1,,PWRWND009,,2034,,,,,,,,,,,0.2360542056074764,,,,,,
Scenario1,0,RE1,,PWRWND009,,2035,,,,,,,,,,,0.2360542056074764,,,,,,
Scenario1,0,RE1,,PWRWND009,,2036,,,,,,,,,,,0.2360542056074764,,,,,,
Scenario1,0,RE1,,PWRWND009,,2037,,,,,,,,,,,0.2360542056074764,,,,,,
Scenario1,0,RE1,,PWRWND009,,2038,,,,,,,,,,,0.2360542056074764,,,,,,
Scenario1,0,RE1,,PWRWND009,,2039,,,,,,,,,,,0.2360542056074764,,,,,,
Scenario1,0,RE1,,PWRWND009,,2040,,,,,,,,,,,0.2360542056074764,,,,,,
Scenario1,0,RE1,,PWRWND009,,2041,,,,,,,,,,,0.2360542056074764,,,,,,
Scenario1,0,RE1,,PWRWND009,,2042,,,,,,,,,,,0.2360542056074764,,,,,,
Scenario1,0,RE1,,PWRWND009,,2043,,,,,,,,,,,0.2360542056074764,,,,,,
Scenario1,0,RE1,,PWRWND009,,2044,,,,,,,,,,,0.2360542056074764,,,,,,
Scenario1,0,RE1,,PWRWND009,,2045,,,,,,,,,,,0.0,,,,,,
Scenario1,0,RE1,,PWRWND009,,2046,,,,,,,,,,,0.0,,,,,,
Scenario1,0,RE1,,PWRWND009,,2047,,,,,,,,,,,0.0,,,,,,
Scenario1,0,RE1,,PWRWND009,,2048,,,,,,,,,,,0.0,,,,,,
Scenario1,0,RE1,,PWRWND009,,2049,,,,,,,,,,,0.0,,,,,,
Scenario1,0,RE1,,PWRWND009,,2050,,,,,,,,,,,0.0,,,,,,
Scenario1,0,RE1,,PWRWND010,,2019,,,,,,,,,,,0.0,,,,,,
Scenario1,0,RE1,,PWRWND010,,2020,,,,,,,,,,,0.0,,,,,,
Scenario1,0,RE1,,PWRWND010,,2021,,,,,,,,,,,0.0,,,,,,
Scenario1,0,RE1,,PWRWND010,,2022,,,,,,,,,,,0.0,,,,,,
Scenario1,0,RE1,,PWRWND010,,2023,,,,,,,,,,,0.0,,,,,,
Scenario1,0,RE1,,PWRWND010,,2024,,,,,,,,,,,0.0,,,,,,
Scenario1,0,RE1,,PWRWND010,,2025,,,,,,,,,,,0.2360542056074764,,,,,,
Scenario1,0,RE1,,PWRWND010,,2026,,,,,,,,,,,0.2360542056074764,,,,,,
Scenario1,0,RE1,,PWRWND010,,2027,,,,,,,,,,,0.2360542056074764,,,,,,
Scenario1,0,RE1,,PWRWND010,,2028,,,,,,,,,,,0.2360542056074764,,,,,,
Scenario1,0,RE1,,PWRWND010,,2029,,,,,,,,,,,0.2360542056074764,,,,,,
Scenario1,0,RE1,,PWRWND010,,2030,,,,,,,,,,,0.2360542056074764,,,,,,
Scenario1,0,RE1,,PWRWND010,,2031,,,,,,,,,,,0.2360542056074764,,,,,,
Scenario1,0,RE1,,PWRWND010,,2032,,,,,,,,,,,0.2360542056074764,,,,,,
Scenario1,0,RE1,,PWRWND010,,2033,,,,,,,,,,,0.2360542056074764,,,,,,
Scenario1,0,RE1,,PWRWND010,,2034,,,,,,,,,,,0.2360542056074764,,,,,,
Scenario1,0,RE1,,PWRWND010,,2035,,,,,,,,,,,0.2360542056074764,,,,,,
Scenario1,0,RE1,,PWRWND010,,2036,,,,,,,,,,,0.2360542056074764,,,,,,
Scenario1,0,RE1,,PWRWND010,,2037,,,,,,,,,,,0.2360542056074764,,,,,,
Scenario1,0,RE1,,PWRWND010,,2038,,,,,,,,,,,0.2360542056074764,,,,,,
Scenario1,0,RE1,,PWRWND010,,2039,,,,,,,,,,,0.2360542056074764,,,,,,
Scenario1,0,RE1,,PWRWND010,,2040,,,,,,,,,,,0.2360542056074764,,,,,,
Scenario1,0,RE1,,PWRWND010,,2041,,,,,,,,,,,0.2360542056074764,,,,,,
Scenario1,0,RE1,,PWRWND010,,2042,,,,,,,,,,,0.2360542056074764,,,,,,
Scenario1,0,RE1,,PWRWND010,,2043,,,,,,,,,,,0.2360542056074764,,,,,,
Scenario1,0,RE1,,PWRWND010,,2044,,,,,,,,,,,0.2360542056074764,,,,,,
Scenario1,0,RE1,,PWRWND010,,2045,,,,,,,,,,,0.225282656805088,,,,,,
Scenario1,0,RE1,,PWRWND010,,2046,,,,,,,,,,,0.225282656805088,,,,,,
Scenario1,0,RE1,,PWRWND010,,2047,,,,,,,,,,,0.225282656805088,,,,,,
Scenario1,0,RE1,,PWRWND010,,2048,,,,,,,,,,,0.225282656805088,,,,,,
Scenario1,0,RE1,,PWRWND010,,2049,,,,,,,,,,,0.225282656805088,,,,,,
Scenario1,0,RE1,,PWRWND010,,2050,,,,,,,,,,,0.225282656805088,,,,,,
Scenario1,0,RE1,,PWRWND011,,2019,,,,,,,,,,,0.328,,,,,,
Scenario1,0,RE1,,PWRWND011,,2020,,,,,,,,,,,0.328,,,,,,
Scenario1,0,RE1,,PWRWND011,,2021,,,,,,,,,,,0.428,,,,,,
Scenario1,0,RE1,,PWRWND011,,2022,,,,,,,,,,,0.428,,,,,,
Scenario1,0,RE1,,PWRWND011,,2023,,,,,,,,,,,0.428,,,,,,
Scenario1,0,RE1,,PWRWND011,,2024,,,,,,,,,,,0.428,,,,,,
Scenario1,0,RE1,,PWRWND011,,2025,,,,,,,,,,,0.4499999999999999,,,,,,
Scenario1,0,RE1,,PWRWND011,,2026,,,,,,,,,,,0.4999999999999999,,,,,,
Scenario1,0,RE1,,PWRWND011,,2027,,,,,,,,,,,0.4999999999999999,,,,,,
Scenario1,0,RE1,,PWRWND011,,2028,,,,,,,,,,,0.4948999999999999,,,,,,
Scenario1,0,RE1,,PWRWND011,,2029,,,,,,,,,,,0.4948999999999999,,,,,,
Scenario1,0,RE1,,PWRWND011,,2030,,,,,,,,,,,0.4948999999999999,,,,,,
Scenario1,0,RE1,,PWRWND011,,2031,,,,,,,,,,,0.4948999999999999,,,,,,
Scenario1,0,RE1,,PWRWND011,,2032,,,,,,,,,,,0.4948999999999999,,,,,,
Scenario1,0,RE1,,PWRWND011,,2033,,,,,,,,,,,0.4948999999999999,,,,,,
Scenario1,0,RE1,,PWRWND011,,2034,,,,,,,,,,,0.4948999999999999,,,,,,
Scenario1,0,RE1,,PWRWND011,,2035,,,,,,,,,,,0.4745,,,,,,
Scenario1,0,RE1,,PWRWND011,,2036,,,,,,,,,,,0.4745,,,,,,
Scenario1,0,RE1,,PWRWND011,,2037,,,,,,,,,,,0.4745,,,,,,
Scenario1,0,RE1,,PWRWND011,,2038,,,,,,,,,,,0.1745,,,,,,
Scenario1,0,RE1,,PWRWND011,,2039,,,,,,,,,,,0.172,,,,,,
Scenario1,0,RE1,,PWRWND011,,2040,,,,,,,,,,,0.172,,,,,,
Scenario1,0,RE1,,PWRWND011,,2041,,,,,,,,,,,0.072,,,,,,
Scenario1,0,RE1,,PWRWND011,,2042,,,,,,,,,,,0.072,,,,,,
Scenario1,0,RE1,,PWRWND011,,2043,,,,,,,,,,,0.072,,,,,,
Scenario1,0,RE1,,PWRWND011,,2044,,,,,,,,,,,0.072,,,,,,
Scenario1,0,RE1,,PWRWND011,,2045,,,,,,,,,,,0.05,,,,,,
Scenario1,0,RE1,,PWRWND011,,2046,,,,,,,,,,,0.0,,,,,,
Scenario1,0,RE1,,PWRWND011,,2047,,,,,,,,,,,0.0,,,,,,
Scenario1,0,RE1,,PWRWND011,,2048,,,,,,,,,,,0.0,,,,,,
Scenario1,0,RE1,,PWRWND011,,2049,,,,,,,,,,,0.0,,,,,,
Scenario1,0,RE1,,PWRWND011,,2050,,,,,,,,,,,0.0,,,,,,
Scenario1,0,RE1,,BACKSTOP,,2019,,,,,,,,,,,,,,,,27205.4801090844,
Scenario1,0,RE1,,BACKSTOP,,2020,,,,,,,,,,,,,,,,31504.915143387003,
Scenario1,0,RE1,,BACKSTOP,,2021,,,,,,,,,,,,,,,,41580.087155569,
Scenario1,0,RE1,,BACKSTOP,,2022,,,,,,,,,,,,,,,,21684.022299692795,
Scenario1,0,RE1,,BACKSTOP,,2023,,,,,,,,,,,,,,,,25433.211880054823,
Scenario1,0,RE1,,BACKSTOP,,2024,,,,,,,,,,,,,,,,29937.468563115577,
Scenario1,0,RE1,,BACKSTOP,,2025,,,,,,,,,,,,,,,,6331.611858428708,
Scenario1,0,RE1,,BACKSTOP,,2026,,,,,,,,,,,,,,,,0.0,
Scenario1,0,RE1,,BACKSTOP,,2027,,,,,,,,,,,,,,,,0.0,
Scenario1,0,RE1,,BACKSTOP,,2028,,,,,,,,,,,,,,,,0.0,
Scenario1,0,RE1,,BACKSTOP,,2029,,,,,,,,,,,,,,,,0.0,
Scenario1,0,RE1,,BACKSTOP,,2030,,,,,,,,,,,,,,,,0.0,
Scenario1,0,RE1,,BACKSTOP,,2031,,,,,,,,,,,,,,,,0.0,
Scenario1,0,RE1,,BACKSTOP,,2032,,,,,,,,,,,,,,,,0.0,
Scenario1,0,RE1,,BACKSTOP,,2033,,,,,,,,,,,,,,,,0.0,
Scenario1,0,RE1,,BACKSTOP,,2034,,,,,,,,,,,,,,,,0.0,
Scenario1,0,RE1,,BACKSTOP,,2035,,,,,,,,,,,,,,,,0.0,
Scenario1,0,RE1,,BACKSTOP,,2036,,,,,,,,,,,,,,,,0.0,
Scenario1,0,RE1,,BACKSTOP,,2037,,,,,,,,,,,,,,,,0.0,
Scenario1,0,RE1,,BACKSTOP,,2038,,,,,,,,,,,,,,,,0.0,
Scenario1,0,RE1,,BACKSTOP,,2039,,,,,,,,,,,,,,,,0.0,
Scenario1,0,RE1,,BACKSTOP,,2040,,,,,,,,,,,,,,,,0.0,
Scenario1,0,RE1,,BACKSTOP,,2041,,,,,,,,,,,,,,,,0.0,
Scenario1,0,RE1,,BACKSTOP,,2042,,,,,,,,,,,,,,,,0.0,
Scenario1,0,RE1,,BACKSTOP,,2043,,,,,,,,,,,,,,,,0.0,
Scenario1,0,RE1,,BACKSTOP,,2044,,,,,,,,,,,,,,,,0.0,
Scenario1,0,RE1,,BACKSTOP,,2045,,,,,,,,,,,,,,,,0.0,
Scenario1,0,RE1,,BACKSTOP,,2046,,,,,,,,,,,,,,,,0.0,
Scenario1,0,RE1,,BACKSTOP,,2047,,,,,,,,,,,,,,,,0.0,
Scenario1,0,RE1,,BACKSTOP,,2048,,,,,,,,,,,,,,,,0.0,
Scenario1,0,RE1,,BACKSTOP,,2049,,,,,,,,,,,,,,,,0.0,
Scenario1,0,RE1,,BACKSTOP,,2050,,,,,,,,,,,,,,,,0.0,
Scenario1,0,RE1,,BESS_TECH,,2019,,,,,,,,,,,,,,,,0.0,
Scenario1,0,RE1,,BESS_TECH,,2020,,,,,,,,,,,,,,,,0.0,
Scenario1,0,RE1,,BESS_TECH,,2021,,,,,,,,,,,,,,,,0.0,
Scenario1,0,RE1,,BESS_TECH,,2022,,,,,,,,,,,,,,,,0.0,
Scenario1,0,RE1,,BESS_TECH,,2023,,,,,,,,,,,,,,,,0.0,
Scenario1,0,RE1,,BESS_TECH,,2024,,,,,,,,,,,,,,,,80.0,
Scenario1,0,RE1,,BESS_TECH,,2025,,,,,,,,,,,,,,,,120.0,
Scenario1,0,RE1,,BESS_TECH,,2026,,,,,,,,,,,,,,,,80.07206569351308,
Scenario1,0,RE1,,BESS_TECH,,2027,,,,,,,,,,,,,,,,224.7624767986686,
Scenario1,0,RE1,,BESS_TECH,,2028,,,,,,,,,,,,,,,,191.22291648463883,
Scenario1,0,RE1,,BESS_TECH,,2029,,,,,,,,,,,,,,,,327.38275678110693,
Scenario1,0,RE1,,BESS_TECH,,2030,,,,,,,,,,,,,,,,280.0344248258069,
Scenario1,0,RE1,,BESS_TECH,,2031,,,,,,,,,,,,,,,,344.0885870506582,
Scenario1,0,RE1,,BESS_TECH,,2032,,,,,,,,,,,,,,,,230.2693309307564,
Scenario1,0,RE1,,BESS_TECH,,2033,,,,,,,,,,,,,,,,226.18138490131903,
Scenario1,0,RE1,,BESS_TECH,,2034,,,,,,,,,,,,,,,,2.193018041154504,
Scenario1,0,RE1,,BESS_TECH,,2035,,,,,,,,,,,,,,,,262.1507976697845,
Scenario1,0,RE1,,BESS_TECH,,2036,,,,,,,,,,,,,,,,210.81295644887228,
Scenario1,0,RE1,,BESS_TECH,,2037,,,,,,,,,,,,,,,,369.0839149504897,
Scenario1,0,RE1,,BESS_TECH,,2038,,,,,,,,,,,,,,,,237.76354362479267,
Scenario1,0,RE1,,BESS_TECH,,2039,,,,,,,,,,,,,,,,513.2509178966056,
Scenario1,0,RE1,,BESS_TECH,,2040,,,,,,,,,,,,,,,,436.8777606190482,
Scenario1,0,RE1,,BESS_TECH,,2041,,,,,,,,,,,,,,,,580.255906013252,
Scenario1,0,RE1,,BESS_TECH,,2042,,,,,,,,,,,,,,,,412.4584915469686,
Scenario1,0,RE1,,BESS_TECH,,2043,,,,,,,,,,,,,,,,421.6593236415978,
Scenario1,0,RE1,,BESS_TECH,,2044,,,,,,,,,,,,,,,,208.23531843500228,
Scenario1,0,RE1,,BESS_TECH,,2045,,,,,,,,,,,,,,,,307.6545035370348,
Scenario1,0,RE1,,BESS_TECH,,2046,,,,,,,,,,,,,,,,428.76751920851854,
Scenario1,0,RE1,,BESS_TECH,,2047,,,,,,,,,,,,,,,,618.8458313330592,
Scenario1,0,RE1,,BESS_TECH,,2048,,,,,,,,,,,,,,,,502.0472133724537,
Scenario1,0,RE1,,BESS_TECH,,2049,,,,,,,,,,,,,,,,792.9644158982352,
Scenario1,0,RE1,,BESS_TECH,,2050,,,,,,,,,,,,,,,,738.8052875060046,
Scenario1,0,RE1,,DEMCOMELC,,2019,,,,,,,,,,,,,,,,0.0,
Scenario1,0,RE1,,DEMCOMELC,,2020,,,,,,,,,,,,,,,,0.0,
Scenario1,0,RE1,,DEMCOMELC,,2021,,,,,,,,,,,,,,,,0.0,
Scenario1,0,RE1,,DEMCOMELC,,2022,,,,,,,,,,,,,,,,0.0,
Scenario1,0,RE1,,DEMCOMELC,,2023,,,,,,,,,,,,,,,,0.0,
Scenario1,0,RE1,,DEMCOMELC,,2024,,,,,,,,,,,,,,,,0.0,
Scenario1,0,RE1,,DEMCOMELC,,2025,,,,,,,,,,,,,,,,0.0,
Scenario1,0,RE1,,DEMCOMELC,,2026,,,,,,,,,,,,,,,,0.0,
Scenario1,0,RE1,,DEMCOMELC,,2027,,,,,,,,,,,,,,,,0.0,
Scenario1,0,RE1,,DEMCOMELC,,2028,,,,,,,,,,,,,,,,0.0,
Scenario1,0,RE1,,DEMCOMELC,,2029,,,,,,,,,,,,,,,,0.0,
Scenario1,0,RE1,,DEMCOMELC,,2030,,,,,,,,,,,,,,,,0.0,
Scenario1,0,RE1,,DEMCOMELC,,2031,,,,,,,,,,,,,,,,0.0,
Scenario1,0,RE1,,DEMCOMELC,,2032,,,,,,,,,,,,,,,,0.0,
Scenario1,0,RE1,,DEMCOMELC,,2033,,,,,,,,,,,,,,,,0.0,
Scenario1,0,RE1,,DEMCOMELC,,2034,,,,,,,,,,,,,,,,0.0,
Scenario1,0,RE1,,DEMCOMELC,,2035,,,,,,,,,,,,,,,,0.0,
Scenario1,0,RE1,,DEMCOMELC,,2036,,,,,,,,,,,,,,,,0.0,
Scenario1,0,RE1,,DEMCOMELC,,2037,,,,,,,,,,,,,,,,0.0,
Scenario1,0,RE1,,DEMCOMELC,,2038,,,,,,,,,,,,,,,,0.0,
Scenario1,0,RE1,,DEMCOMELC,,2039,,,,,,,,,,,,,,,,0.0,
Scenario1,0,RE1,,DEMCOMELC,,2040,,,,,,,,,,,,,,,,0.0,
Scenario1,0,RE1,,DEMCOMELC,,2041,,,,,,,,,,,,,,,,0.0,
Scenario1,0,RE1,,DEMCOMELC,,2042,,,,,,,,,,,,,,,,0.0,
Scenario1,0,RE1,,DEMCOMELC,,2043,,,,,,,,,,,,,,,,0.0,
Scenario1,0,RE1,,DEMCOMELC,,2044,,,,,,,,,,,,,,,,0.0,
Scenario1,0,RE1,,DEMCOMELC,,2045,,,,,,,,,,,,,,,,0.0,
Scenario1,0,RE1,,DEMCOMELC,,2046,,,,,,,,,,,,,,,,0.0,
Scenario1,0,RE1,,DEMCOMELC,,2047,,,,,,,,,,,,,,,,0.0,
Scenario1,0,RE1,,DEMCOMELC,,2048,,,,,,,,,,,,,,,,0.0,
Scenario1,0,RE1,,DEMCOMELC,,2049,,,,,,,,,,,,,,,,0.0,
Scenario1,0,RE1,,DEMCOMELC,,2050,,,,,,,,,,,,,,,,0.0,
Scenario1,0,RE1,,DEMINDELC,,2019,,,,,,,,,,,,,,,,0.0,
Scenario1,0,RE1,,DEMINDELC,,2020,,,,,,,,,,,,,,,,0.0,
Scenario1,0,RE1,,DEMINDELC,,2021,,,,,,,,,,,,,,,,0.0,
Scenario1,0,RE1,,DEMINDELC,,2022,,,,,,,,,,,,,,,,0.0,
Scenario1,0,RE1,,DEMINDELC,,2023,,,,,,,,,,,,,,,,0.0,
Scenario1,0,RE1,,DEMINDELC,,2024,,,,,,,,,,,,,,,,0.0,
Scenario1,0,RE1,,DEMINDELC,,2025,,,,,,,,,,,,,,,,0.0,
Scenario1,0,RE1,,DEMINDELC,,2026,,,,,,,,,,,,,,,,0.0,
Scenario1,0,RE1,,DEMINDELC,,2027,,,,,,,,,,,,,,,,0.0,
Scenario1,0,RE1,,DEMINDELC,,2028,,,,,,,,,,,,,,,,0.0,
Scenario1,0,RE1,,DEMINDELC,,2029,,,,,,,,,,,,,,,,0.0,
Scenario1,0,RE1,,DEMINDELC,,2030,,,,,,,,,,,,,,,,0.0,
Scenario1,0,RE1,,DEMINDELC,,2031,,,,,,,,,,,,,,,,0.0,
Scenario1,0,RE1,,DEMINDELC,,2032,,,,,,,,,,,,,,,,0.0,
Scenario1,0,RE1,,DEMINDELC,,2033,,,,,,,,,,,,,,,,0.0,
Scenario1,0,RE1,,DEMINDELC,,2034,,,,,,,,,,,,,,,,0.0,
Scenario1,0,RE1,,DEMINDELC,,2035,,,,,,,,,,,,,,,,0.0,
Scenario1,0,RE1,,DEMINDELC,,2036,,,,,,,,,,,,,,,,0.0,
Scenario1,0,RE1,,DEMINDELC,,2037,,,,,,,,,,,,,,,,0.0,
Scenario1,0,RE1,,DEMINDELC,,2038,,,,,,,,,,,,,,,,0.0,
Scenario1,0,RE1,,DEMINDELC,,2039,,,,,,,,,,,,,,,,0.0,
Scenario1,0,RE1,,DEMINDELC,,2040,,,,,,,,,,,,,,,,0.0,
Scenario1,0,RE1,,DEMINDELC,,2041,,,,,,,,,,,,,,,,0.0,
Scenario1,0,RE1,,DEMINDELC,,2042,,,,,,,,,,,,,,,,0.0,
Scenario1,0,RE1,,DEMINDELC,,2043,,,,,,,,,,,,,,,,0.0,
Scenario1,0,RE1,,DEMINDELC,,2044,,,,,,,,,,,,,,,,0.0,
Scenario1,0,RE1,,DEMINDELC,,2045,,,,,,,,,,,,,,,,0.0,
Scenario1,0,RE1,,DEMINDELC,,2046,,,,,,,,,,,,,,,,0.0,
Scenario1,0,RE1,,DEMINDELC,,2047,,,,,,,,,,,,,,,,0.0,
Scenario1,0,RE1,,DEMINDELC,,2048,,,,,,,,,,,,,,,,0.0,
Scenario1,0,RE1,,DEMINDELC,,2049,,,,,,,,,,,,,,,,0.0,
Scenario1,0,RE1,,DEMINDELC,,2050,,,,,,,,,,,,,,,,0.0,
Scenario1,0,RE1,,DEMRESELC,,2019,,,,,,,,,,,,,,,,0.0,
Scenario1,0,RE1,,DEMRESELC,,2020,,,,,,,,,,,,,,,,0.0,
Scenario1,0,RE1,,DEMRESELC,,2021,,,,,,,,,,,,,,,,0.0,
Scenario1,0,RE1,,DEMRESELC,,2022,,,,,,,,,,,,,,,,0.0,
Scenario1,0,RE1,,DEMRESELC,,2023,,,,,,,,,,,,,,,,0.0,
Scenario1,0,RE1,,DEMRESELC,,2024,,,,,,,,,,,,,,,,0.0,
Scenario1,0,RE1,,DEMRESELC,,2025,,,,,,,,,,,,,,,,0.0,
Scenario1,0,RE1,,DEMRESELC,,2026,,,,,,,,,,,,,,,,0.0,
Scenario1,0,RE1,,DEMRESELC,,2027,,,,,,,,,,,,,,,,0.0,
Scenario1,0,RE1,,DEMRESELC,,2028,,,,,,,,,,,,,,,,0.0,
Scenario1,0,RE1,,DEMRESELC,,2029,,,,,,,,,,,,,,,,0.0,
Scenario1,0,RE1,,DEMRESELC,,2030,,,,,,,,,,,,,,,,0.0,
Scenario1,0,RE1,,DEMRESELC,,2031,,,,,,,,,,,,,,,,0.0,
Scenario1,0,RE1,,DEMRESELC,,2032,,,,,,,,,,,,,,,,0.0,
Scenario1,0,RE1,,DEMRESELC,,2033,,,,,,,,,,,,,,,,0.0,
Scenario1,0,RE1,,DEMRESELC,,2034,,,,,,,,,,,,,,,,0.0,
Scenario1,0,RE1,,DEMRESELC,,2035,,,,,,,,,,,,,,,,0.0,
Scenario1,0,RE1,,DEMRESELC,,2036,,,,,,,,,,,,,,,,0.0,
Scenario1,0,RE1,,DEMRESELC,,2037,,,,,,,,,,,,,,,,0.0,
Scenario1,0,RE1,,DEMRESELC,,2038,,,,,,,,,,,,,,,,0.0,
Scenario1,0,RE1,,DEMRESELC,,2039,,,,,,,,,,,,,,,,0.0,
Scenario1,0,RE1,,DEMRESELC,,2040,,,,,,,,,,,,,,,,0.0,
Scenario1,0,RE1,,DEMRESELC,,2041,,,,,,,,,,,,,,,,0.0,
Scenario1,0,RE1,,DEMRESELC,,2042,,,,,,,,,,,,,,,,0.0,
Scenario1,0,RE1,,DEMRESELC,,2043,,,,,,,,,,,,,,,,0.0,
Scenario1,0,RE1,,DEMRESELC,,2044,,,,,,,,,,,,,,,,0.0,
Scenario1,0,RE1,,DEMRESELC,,2045,,,,,,,,,,,,,,,,0.0,
Scenario1,0,RE1,,DEMRESELC,,2046,,,,,,,,,,,,,,,,0.0,
Scenario1,0,RE1,,DEMRESELC,,2047,,,,,,,,,,,,,,,,0.0,
Scenario1,0,RE1,,DEMRESELC,,2048,,,,,,,,,,,,,,,,0.0,
Scenario1,0,RE1,,DEMRESELC,,2049,,,,,,,,,,,,,,,,0.0,
Scenario1,0,RE1,,DEMRESELC,,2050,,,,,,,,,,,,,,,,0.0,
Scenario1,0,RE1,,EXPELC,,2019,,,,,,,,,,,,,,,,0.0,
Scenario1,0,RE1,,EXPELC,,2020,,,,,,,,,,,,,,,,0.0,
Scenario1,0,RE1,,EXPELC,,2021,,,,,,,,,,,,,,,,0.0,
Scenario1,0,RE1,,EXPELC,,2022,,,,,,,,,,,,,,,,0.0,
Scenario1,0,RE1,,EXPELC,,2023,,,,,,,,,,,,,,,,0.0,
Scenario1,0,RE1,,EXPELC,,2024,,,,,,,,,,,,,,,,0.0,
Scenario1,0,RE1,,EXPELC,,2025,,,,,,,,,,,,,,,,0.0,
Scenario1,0,RE1,,EXPELC,,2026,,,,,,,,,,,,,,,,0.0,
Scenario1,0,RE1,,EXPELC,,2027,,,,,,,,,,,,,,,,0.0,
Scenario1,0,RE1,,EXPELC,,2028,,,,,,,,,,,,,,,,0.0,
Scenario1,0,RE1,,EXPELC,,2029,,,,,,,,,,,,,,,,0.0,
Scenario1,0,RE1,,EXPELC,,2030,,,,,,,,,,,,,,,,0.0,
Scenario1,0,RE1,,EXPELC,,2031,,,,,,,,,,,,,,,,0.0,
Scenario1,0,RE1,,EXPELC,,2032,,,,,,,,,,,,,,,,0.0,
Scenario1,0,RE1,,EXPELC,,2033,,,,,,,,,,,,,,,,0.0,
Scenario1,0,RE1,,EXPELC,,2034,,,,,,,,,,,,,,,,0.0,
Scenario1,0,RE1,,EXPELC,,2035,,,,,,,,,,,,,,,,0.0,
Scenario1,0,RE1,,EXPELC,,2036,,,,,,,,,,,,,,,,0.0,
Scenario1,0,RE1,,EXPELC,,2037,,,,,,,,,,,,,,,,0.0,
Scenario1,0,RE1,,EXPELC,,2038,,,,,,,,,,,,,,,,0.0,
Scenario1,0,RE1,,EXPELC,,2039,,,,,,,,,,,,,,,,0.0,
Scenario1,0,RE1,,EXPELC,,2040,,,,,,,,,,,,,,,,0.0,
Scenario1,0,RE1,,EXPELC,,2041,,,,,,,,,,,,,,,,0.0,
Scenario1,0,RE1,,EXPELC,,2042,,,,,,,,,,,,,,,,0.0,
Scenario1,0,RE1,,EXPELC,,2043,,,,,,,,,,,,,,,,0.0,
Scenario1,0,RE1,,EXPELC,,2044,,,,,,,,,,,,,,,,0.0,
Scenario1,0,RE1,,EXPELC,,2045,,,,,,,,,,,,,,,,0.0,
Scenario1,0,RE1,,EXPELC,,2046,,,,,,,,,,,,,,,,0.0,
Scenario1,0,RE1,,EXPELC,,2047,,,,,,,,,,,,,,,,0.0,
Scenario1,0,RE1,,EXPELC,,2048,,,,,,,,,,,,,,,,0.0,
Scenario1,0,RE1,,EXPELC,,2049,,,,,,,,,,,,,,,,0.0,
Scenario1,0,RE1,,EXPELC,,2050,,,,,,,,,,,,,,,,0.0,
Scenario1,0,RE1,,IMPBIO,,2019,,,,,,,,,,,,,,,,0.0,
Scenario1,0,RE1,,IMPBIO,,2020,,,,,,,,,,,,,,,,0.0,
Scenario1,0,RE1,,IMPBIO,,2021,,,,,,,,,,,,,,,,0.0,
Scenario1,0,RE1,,IMPBIO,,2022,,,,,,,,,,,,,,,,0.0,
Scenario1,0,RE1,,IMPBIO,,2023,,,,,,,,,,,,,,,,0.0,
Scenario1,0,RE1,,IMPBIO,,2024,,,,,,,,,,,,,,,,0.0,
Scenario1,0,RE1,,IMPBIO,,2025,,,,,,,,,,,,,,,,0.0,
Scenario1,0,RE1,,IMPBIO,,2026,,,,,,,,,,,,,,,,0.0,
Scenario1,0,RE1,,IMPBIO,,2027,,,,,,,,,,,,,,,,0.0,
Scenario1,0,RE1,,IMPBIO,,2028,,,,,,,,,,,,,,,,0.0,
Scenario1,0,RE1,,IMPBIO,,2029,,,,,,,,,,,,,,,,0.0,
Scenario1,0,RE1,,IMPBIO,,2030,,,,,,,,,,,,,,,,0.0,
Scenario1,0,RE1,,IMPBIO,,2031,,,,,,,,,,,,,,,,0.0,
Scenario1,0,RE1,,IMPBIO,,2032,,,,,,,,,,,,,,,,0.0,
Scenario1,0,RE1,,IMPBIO,,2033,,,,,,,,,,,,,,,,0.0,
Scenario1,0,RE1,,IMPBIO,,2034,,,,,,,,,,,,,,,,0.0,
Scenario1,0,RE1,,IMPBIO,,2035,,,,,,,,,,,,,,,,0.0,
Scenario1,0,RE1,,IMPBIO,,2036,,,,,,,,,,,,,,,,0.0,
Scenario1,0,RE1,,IMPBIO,,2037,,,,,,,,,,,,,,,,0.0,
Scenario1,0,RE1,,IMPBIO,,2038,,,,,,,,,,,,,,,,0.0,
Scenario1,0,RE1,,IMPBIO,,2039,,,,,,,,,,,,,,,,0.0,
Scenario1,0,RE1,,IMPBIO,,2040,,,,,,,,,,,,,,,,0.0,
Scenario1,0,RE1,,IMPBIO,,2041,,,,,,,,,,,,,,,,0.0,
Scenario1,0,RE1,,IMPBIO,,2042,,,,,,,,,,,,,,,,0.0,
Scenario1,0,RE1,,IMPBIO,,2043,,,,,,,,,,,,,,,,0.0,
Scenario1,0,RE1,,IMPBIO,,2044,,,,,,,,,,,,,,,,0.0,
Scenario1,0,RE1,,IMPBIO,,2045,,,,,,,,,,,,,,,,0.0,
Scenario1,0,RE1,,IMPBIO,,2046,,,,,,,,,,,,,,,,0.0,
Scenario1,0,RE1,,IMPBIO,,2047,,,,,,,,,,,,,,,,0.0,
Scenario1,0,RE1,,IMPBIO,,2048,,,,,,,,,,,,,,,,0.0,
Scenario1,0,RE1,,IMPBIO,,2049,,,,,,,,,,,,,,,,0.0,
Scenario1,0,RE1,,IMPBIO,,2050,,,,,,,,,,,,,,,,0.0,
Scenario1,0,RE1,,IMPCOA,,2019,,,,,,,,,,,,,,,,0.0,
Scenario1,0,RE1,,IMPCOA,,2020,,,,,,,,,,,,,,,,0.0,
Scenario1,0,RE1,,IMPCOA,,2021,,,,,,,,,,,,,,,,0.0,
Scenario1,0,RE1,,IMPCOA,,2022,,,,,,,,,,,,,,,,0.0,
Scenario1,0,RE1,,IMPCOA,,2023,,,,,,,,,,,,,,,,0.0,
Scenario1,0,RE1,,IMPCOA,,2024,,,,,,,,,,,,,,,,0.0,
Scenario1,0,RE1,,IMPCOA,,2025,,,,,,,,,,,,,,,,0.0,
Scenario1,0,RE1,,IMPCOA,,2026,,,,,,,,,,,,,,,,0.0,
Scenario1,0,RE1,,IMPCOA,,2027,,,,,,,,,,,,,,,,0.0,
Scenario1,0,RE1,,IMPCOA,,2028,,,,,,,,,,,,,,,,0.0,
Scenario1,0,RE1,,IMPCOA,,2029,,,,,,,,,,,,,,,,0.0,
Scenario1,0,RE1,,IMPCOA,,2030,,,,,,,,,,,,,,,,0.0,
Scenario1,0,RE1,,IMPCOA,,2031,,,,,,,,,,,,,,,,0.0,
Scenario1,0,RE1,,IMPCOA,,2032,,,,,,,,,,,,,,,,0.0,
Scenario1,0,RE1,,IMPCOA,,2033,,,,,,,,,,,,,,,,0.0,
Scenario1,0,RE1,,IMPCOA,,2034,,,,,,,,,,,,,,,,0.0,
Scenario1,0,RE1,,IMPCOA,,2035,,,,,,,,,,,,,,,,0.0,
Scenario1,0,RE1,,IMPCOA,,2036,,,,,,,,,,,,,,,,0.0,
Scenario1,0,RE1,,IMPCOA,,2037,,,,,,,,,,,,,,,,0.0,
Scenario1,0,RE1,,IMPCOA,,2038,,,,,,,,,,,,,,,,0.0,
Scenario1,0,RE1,,IMPCOA,,2039,,,,,,,,,,,,,,,,0.0,
Scenario1,0,RE1,,IMPCOA,,2040,,,,,,,,,,,,,,,,0.0,
Scenario1,0,RE1,,IMPCOA,,2041,,,,,,,,,,,,,,,,0.0,
Scenario1,0,RE1,,IMPCOA,,2042,,,,,,,,,,,,,,,,0.0,
Scenario1,0,RE1,,IMPCOA,,2043,,,,,,,,,,,,,,,,0.0,
Scenario1,0,RE1,,IMPCOA,,2044,,,,,,,,,,,,,,,,0.0,
Scenario1,0,RE1,,IMPCOA,,2045,,,,,,,,,,,,,,,,0.0,
Scenario1,0,RE1,,IMPCOA,,2046,,,,,,,,,,,,,,,,0.0,
Scenario1,0,RE1,,IMPCOA,,2047,,,,,,,,,,,,,,,,0.0,
Scenario1,0,RE1,,IMPCOA,,2048,,,,,,,,,,,,,,,,0.0,
Scenario1,0,RE1,,IMPCOA,,2049,,,,,,,,,,,,,,,,0.0,
Scenario1,0,RE1,,IMPCOA,,2050,,,,,,,,,,,,,,,,0.0,
Scenario1,0,RE1,,IMPELC001,,2019,,,,,,,,,,,,,,,,0.0,
Scenario1,0,RE1,,IMPELC001,,2020,,,,,,,,,,,,,,,,0.0,
Scenario1,0,RE1,,IMPELC001,,2021,,,,,,,,,,,,,,,,0.0,
Scenario1,0,RE1,,IMPELC001,,2022,,,,,,,,,,,,,,,,0.0,
Scenario1,0,RE1,,IMPELC001,,2023,,,,,,,,,,,,,,,,0.0,
Scenario1,0,RE1,,IMPELC001,,2024,,,,,,,,,,,,,,,,0.0,
Scenario1,0,RE1,,IMPELC001,,2025,,,,,,,,,,,,,,,,0.0,
Scenario1,0,RE1,,IMPELC001,,2026,,,,,,,,,,,,,,,,0.0,
Scenario1,0,RE1,,IMPELC001,,2027,,,,,,,,,,,,,,,,0.0,
Scenario1,0,RE1,,IMPELC001,,2028,,,,,,,,,,,,,,,,0.0,
Scenario1,0,RE1,,IMPELC001,,2029,,,,,,,,,,,,,,,,0.0,
Scenario1,0,RE1,,IMPELC001,,2030,,,,,,,,,,,,,,,,0.0,
Scenario1,0,RE1,,IMPELC001,,2031,,,,,,,,,,,,,,,,0.0,
Scenario1,0,RE1,,IMPELC001,,2032,,,,,,,,,,,,,,,,0.0,
Scenario1,0,RE1,,IMPELC001,,2033,,,,,,,,,,,,,,,,0.0,
Scenario1,0,RE1,,IMPELC001,,2034,,,,,,,,,,,,,,,,0.0,
Scenario1,0,RE1,,IMPELC001,,2035,,,,,,,,,,,,,,,,0.0,
Scenario1,0,RE1,,IMPELC001,,2036,,,,,,,,,,,,,,,,0.0,
Scenario1,0,RE1,,IMPELC001,,2037,,,,,,,,,,,,,,,,0.0,
Scenario1,0,RE1,,IMPELC001,,2038,,,,,,,,,,,,,,,,0.0,
Scenario1,0,RE1,,IMPELC001,,2039,,,,,,,,,,,,,,,,0.0,
Scenario1,0,RE1,,IMPELC001,,2040,,,,,,,,,,,,,,,,0.0,
Scenario1,0,RE1,,IMPELC001,,2041,,,,,,,,,,,,,,,,0.0,
Scenario1,0,RE1,,IMPELC001,,2042,,,,,,,,,,,,,,,,0.0,
Scenario1,0,RE1,,IMPELC001,,2043,,,,,,,,,,,,,,,,0.0,
Scenario1,0,RE1,,IMPELC001,,2044,,,,,,,,,,,,,,,,0.0,
Scenario1,0,RE1,,IMPELC001,,2045,,,,,,,,,,,,,,,,0.0,
Scenario1,0,RE1,,IMPELC001,,2046,,,,,,,,,,,,,,,,0.0,
Scenario1,0,RE1,,IMPELC001,,2047,,,,,,,,,,,,,,,,0.0,
Scenario1,0,RE1,,IMPELC001,,2048,,,,,,,,,,,,,,,,0.0,
Scenario1,0,RE1,,IMPELC001,,2049,,,,,,,,,,,,,,,,0.0,
Scenario1,0,RE1,,IMPELC001,,2050,,,,,,,,,,,,,,,,0.0,
Scenario1,0,RE1,,IMPELC002,,2019,,,,,,,,,,,,,,,,0.0,
Scenario1,0,RE1,,IMPELC002,,2020,,,,,,,,,,,,,,,,0.0,
Scenario1,0,RE1,,IMPELC002,,2021,,,,,,,,,,,,,,,,0.0,
Scenario1,0,RE1,,IMPELC002,,2022,,,,,,,,,,,,,,,,0.0,
Scenario1,0,RE1,,IMPELC002,,2023,,,,,,,,,,,,,,,,0.0,
Scenario1,0,RE1,,IMPELC002,,2024,,,,,,,,,,,,,,,,0.0,
Scenario1,0,RE1,,IMPELC002,,2025,,,,,,,,,,,,,,,,0.0,
Scenario1,0,RE1,,IMPELC002,,2026,,,,,,,,,,,,,,,,0.0,
Scenario1,0,RE1,,IMPELC002,,2027,,,,,,,,,,,,,,,,0.0,
Scenario1,0,RE1,,IMPELC002,,2028,,,,,,,,,,,,,,,,0.0,
Scenario1,0,RE1,,IMPELC002,,2029,,,,,,,,,,,,,,,,0.0,
Scenario1,0,RE1,,IMPELC002,,2030,,,,,,,,,,,,,,,,0.0,
Scenario1,0,RE1,,IMPELC002,,2031,,,,,,,,,,,,,,,,0.0,
Scenario1,0,RE1,,IMPELC002,,2032,,,,,,,,,,,,,,,,0.0,
Scenario1,0,RE1,,IMPELC002,,2033,,,,,,,,,,,,,,,,0.0,
Scenario1,0,RE1,,IMPELC002,,2034,,,,,,,,,,,,,,,,0.0,
Scenario1,0,RE1,,IMPELC002,,2035,,,,,,,,,,,,,,,,0.0,
Scenario1,0,RE1,,IMPELC002,,2036,,,,,,,,,,,,,,,,0.0,
Scenario1,0,RE1,,IMPELC002,,2037,,,,,,,,,,,,,,,,0.0,
Scenario1,0,RE1,,IMPELC002,,2038,,,,,,,,,,,,,,,,0.0,
Scenario1,0,RE1,,IMPELC002,,2039,,,,,,,,,,,,,,,,0.0,
Scenario1,0,RE1,,IMPELC002,,2040,,,,,,,,,,,,,,,,0.0,
Scenario1,0,RE1,,IMPELC002,,2041,,,,,,,,,,,,,,,,0.0,
Scenario1,0,RE1,,IMPELC002,,2042,,,,,,,,,,,,,,,,0.0,
Scenario1,0,RE1,,IMPELC002,,2043,,,,,,,,,,,,,,,,0.0,
Scenario1,0,RE1,,IMPELC002,,2044,,,,,,,,,,,,,,,,0.0,
Scenario1,0,RE1,,IMPELC002,,2045,,,,,,,,,,,,,,,,0.0,
Scenario1,0,RE1,,IMPELC002,,2046,,,,,,,,,,,,,,,,0.0,
Scenario1,0,RE1,,IMPELC002,,2047,,,,,,,,,,,,,,,,0.0,
Scenario1,0,RE1,,IMPELC002,,2048,,,,,,,,,,,,,,,,0.0,
Scenario1,0,RE1,,IMPELC002,,2049,,,,,,,,,,,,,,,,0.0,
Scenario1,0,RE1,,IMPELC002,,2050,,,,,,,,,,,,,,,,0.0,
Scenario1,0,RE1,,IMPHFOMOM,,2019,,,,,,,,,,,,,,,,0.0,
Scenario1,0,RE1,,IMPHFOMOM,,2020,,,,,,,,,,,,,,,,0.0,
Scenario1,0,RE1,,IMPHFOMOM,,2021,,,,,,,,,,,,,,,,0.0,
Scenario1,0,RE1,,IMPHFOMOM,,2022,,,,,,,,,,,,,,,,0.0,
Scenario1,0,RE1,,IMPHFOMOM,,2023,,,,,,,,,,,,,,,,0.0,
Scenario1,0,RE1,,IMPHFOMOM,,2024,,,,,,,,,,,,,,,,0.0,
Scenario1,0,RE1,,IMPHFOMOM,,2025,,,,,,,,,,,,,,,,0.0,
Scenario1,0,RE1,,IMPHFOMOM,,2026,,,,,,,,,,,,,,,,0.0,
Scenario1,0,RE1,,IMPHFOMOM,,2027,,,,,,,,,,,,,,,,0.0,
Scenario1,0,RE1,,IMPHFOMOM,,2028,,,,,,,,,,,,,,,,0.0,
Scenario1,0,RE1,,IMPHFOMOM,,2029,,,,,,,,,,,,,,,,0.0,
Scenario1,0,RE1,,IMPHFOMOM,,2030,,,,,,,,,,,,,,,,0.0,
Scenario1,0,RE1,,IMPHFOMOM,,2031,,,,,,,,,,,,,,,,0.0,
Scenario1,0,RE1,,IMPHFOMOM,,2032,,,,,,,,,,,,,,,,0.0,
Scenario1,0,RE1,,IMPHFOMOM,,2033,,,,,,,,,,,,,,,,0.0,
Scenario1,0,RE1,,IMPHFOMOM,,2034,,,,,,,,,,,,,,,,0.0,
Scenario1,0,RE1,,IMPHFOMOM,,2035,,,,,,,,,,,,,,,,0.0,
Scenario1,0,RE1,,IMPHFOMOM,,2036,,,,,,,,,,,,,,,,0.0,
Scenario1,0,RE1,,IMPHFOMOM,,2037,,,,,,,,,,,,,,,,0.0,
Scenario1,0,RE1,,IMPHFOMOM,,2038,,,,,,,,,,,,,,,,0.0,
Scenario1,0,RE1,,IMPHFOMOM,,2039,,,,,,,,,,,,,,,,0.0,
Scenario1,0,RE1,,IMPHFOMOM,,2040,,,,,,,,,,,,,,,,0.0,
Scenario1,0,RE1,,IMPHFOMOM,,2041,,,,,,,,,,,,,,,,0.0,
Scenario1,0,RE1,,IMPHFOMOM,,2042,,,,,,,,,,,,,,,,0.0,
Scenario1,0,RE1,,IMPHFOMOM,,2043,,,,,,,,,,,,,,,,0.0,
Scenario1,0,RE1,,IMPHFOMOM,,2044,,,,,,,,,,,,,,,,0.0,
Scenario1,0,RE1,,IMPHFOMOM,,2045,,,,,,,,,,,,,,,,0.0,
Scenario1,0,RE1,,IMPHFOMOM,,2046,,,,,,,,,,,,,,,,0.0,
Scenario1,0,RE1,,IMPHFOMOM,,2047,,,,,,,,,,,,,,,,0.0,
Scenario1,0,RE1,,IMPHFOMOM,,2048,,,,,,,,,,,,,,,,0.0,
Scenario1,0,RE1,,IMPHFOMOM,,2049,,,,,,,,,,,,,,,,0.0,
Scenario1,0,RE1,,IMPHFOMOM,,2050,,,,,,,,,,,,,,,,0.0,
Scenario1,0,RE1,,IMPHFONAI,,2019,,,,,,,,,,,,,,,,0.0,
Scenario1,0,RE1,,IMPHFONAI,,2020,,,,,,,,,,,,,,,,0.0,
Scenario1,0,RE1,,IMPHFONAI,,2021,,,,,,,,,,,,,,,,0.0,
Scenario1,0,RE1,,IMPHFONAI,,2022,,,,,,,,,,,,,,,,0.0,
Scenario1,0,RE1,,IMPHFONAI,,2023,,,,,,,,,,,,,,,,0.0,
Scenario1,0,RE1,,IMPHFONAI,,2024,,,,,,,,,,,,,,,,0.0,
Scenario1,0,RE1,,IMPHFONAI,,2025,,,,,,,,,,,,,,,,0.0,
Scenario1,0,RE1,,IMPHFONAI,,2026,,,,,,,,,,,,,,,,0.0,
Scenario1,0,RE1,,IMPHFONAI,,2027,,,,,,,,,,,,,,,,0.0,
Scenario1,0,RE1,,IMPHFONAI,,2028,,,,,,,,,,,,,,,,0.0,
Scenario1,0,RE1,,IMPHFONAI,,2029,,,,,,,,,,,,,,,,0.0,
Scenario1,0,RE1,,IMPHFONAI,,2030,,,,,,,,,,,,,,,,0.0,
Scenario1,0,RE1,,IMPHFONAI,,2031,,,,,,,,,,,,,,,,0.0,
Scenario1,0,RE1,,IMPHFONAI,,2032,,,,,,,,,,,,,,,,0.0,
Scenario1,0,RE1,,IMPHFONAI,,2033,,,,,,,,,,,,,,,,0.0,
Scenario1,0,RE1,,IMPHFONAI,,2034,,,,,,,,,,,,,,,,0.0,
Scenario1,0,RE1,,IMPHFONAI,,2035,,,,,,,,,,,,,,,,0.0,
Scenario1,0,RE1,,IMPHFONAI,,2036,,,,,,,,,,,,,,,,0.0,
Scenario1,0,RE1,,IMPHFONAI,,2037,,,,,,,,,,,,,,,,0.0,
Scenario1,0,RE1,,IMPHFONAI,,2038,,,,,,,,,,,,,,,,0.0,
Scenario1,0,RE1,,IMPHFONAI,,2039,,,,,,,,,,,,,,,,0.0,
Scenario1,0,RE1,,IMPHFONAI,,2040,,,,,,,,,,,,,,,,0.0,
Scenario1,0,RE1,,IMPHFONAI,,2041,,,,,,,,,,,,,,,,0.0,
Scenario1,0,RE1,,IMPHFONAI,,2042,,,,,,,,,,,,,,,,0.0,
Scenario1,0,RE1,,IMPHFONAI,,2043,,,,,,,,,,,,,,,,0.0,
Scenario1,0,RE1,,IMPHFONAI,,2044,,,,,,,,,,,,,,,,0.0,
Scenario1,0,RE1,,IMPHFONAI,,2045,,,,,,,,,,,,,,,,0.0,
Scenario1,0,RE1,,IMPHFONAI,,2046,,,,,,,,,,,,,,,,0.0,
Scenario1,0,RE1,,IMPHFONAI,,2047,,,,,,,,,,,,,,,,0.0,
Scenario1,0,RE1,,IMPHFONAI,,2048,,,,,,,,,,,,,,,,0.0,
Scenario1,0,RE1,,IMPHFONAI,,2049,,,,,,,,,,,,,,,,0.0,
Scenario1,0,RE1,,IMPHFONAI,,2050,,,,,,,,,,,,,,,,0.0,
Scenario1,0,RE1,,IMPLFOELD,,2019,,,,,,,,,,,,,,,,0.0,
Scenario1,0,RE1,,IMPLFOELD,,2020,,,,,,,,,,,,,,,,0.0,
Scenario1,0,RE1,,IMPLFOELD,,2021,,,,,,,,,,,,,,,,0.0,
Scenario1,0,RE1,,IMPLFOELD,,2022,,,,,,,,,,,,,,,,0.0,
Scenario1,0,RE1,,IMPLFOELD,,2023,,,,,,,,,,,,,,,,0.0,
Scenario1,0,RE1,,IMPLFOELD,,2024,,,,,,,,,,,,,,,,0.0,
Scenario1,0,RE1,,IMPLFOELD,,2025,,,,,,,,,,,,,,,,0.0,
Scenario1,0,RE1,,IMPLFOELD,,2026,,,,,,,,,,,,,,,,0.0,
Scenario1,0,RE1,,IMPLFOELD,,2027,,,,,,,,,,,,,,,,0.0,
Scenario1,0,RE1,,IMPLFOELD,,2028,,,,,,,,,,,,,,,,0.0,
Scenario1,0,RE1,,IMPLFOELD,,2029,,,,,,,,,,,,,,,,0.0,
Scenario1,0,RE1,,IMPLFOELD,,2030,,,,,,,,,,,,,,,,0.0,
Scenario1,0,RE1,,IMPLFOELD,,2031,,,,,,,,,,,,,,,,0.0,
Scenario1,0,RE1,,IMPLFOELD,,2032,,,,,,,,,,,,,,,,0.0,
Scenario1,0,RE1,,IMPLFOELD,,2033,,,,,,,,,,,,,,,,0.0,
Scenario1,0,RE1,,IMPLFOELD,,2034,,,,,,,,,,,,,,,,0.0,
Scenario1,0,RE1,,IMPLFOELD,,2035,,,,,,,,,,,,,,,,0.0,
Scenario1,0,RE1,,IMPLFOELD,,2036,,,,,,,,,,,,,,,,0.0,
Scenario1,0,RE1,,IMPLFOELD,,2037,,,,,,,,,,,,,,,,0.0,
Scenario1,0,RE1,,IMPLFOELD,,2038,,,,,,,,,,,,,,,,0.0,
Scenario1,0,RE1,,IMPLFOELD,,2039,,,,,,,,,,,,,,,,0.0,
Scenario1,0,RE1,,IMPLFOELD,,2040,,,,,,,,,,,,,,,,0.0,
Scenario1,0,RE1,,IMPLFOELD,,2041,,,,,,,,,,,,,,,,0.0,
Scenario1,0,RE1,,IMPLFOELD,,2042,,,,,,,,,,,,,,,,0.0,
Scenario1,0,RE1,,IMPLFOELD,,2043,,,,,,,,,,,,,,,,0.0,
Scenario1,0,RE1,,IMPLFOELD,,2044,,,,,,,,,,,,,,,,0.0,
Scenario1,0,RE1,,IMPLFOELD,,2045,,,,,,,,,,,,,,,,0.0,
Scenario1,0,RE1,,IMPLFOELD,,2046,,,,,,,,,,,,,,,,0.0,
Scenario1,0,RE1,,IMPLFOELD,,2047,,,,,,,,,,,,,,,,0.0,
Scenario1,0,RE1,,IMPLFOELD,,2048,,,,,,,,,,,,,,,,0.0,
Scenario1,0,RE1,,IMPLFOELD,,2049,,,,,,,,,,,,,,,,0.0,
Scenario1,0,RE1,,IMPLFOELD,,2050,,,,,,,,,,,,,,,,0.0,
Scenario1,0,RE1,,IMPNGS,,2019,,,,,,,,,,,,,,,,0.0,
Scenario1,0,RE1,,IMPNGS,,2020,,,,,,,,,,,,,,,,0.0,
Scenario1,0,RE1,,IMPNGS,,2021,,,,,,,,,,,,,,,,0.0,
Scenario1,0,RE1,,IMPNGS,,2022,,,,,,,,,,,,,,,,0.0,
Scenario1,0,RE1,,IMPNGS,,2023,,,,,,,,,,,,,,,,0.0,
Scenario1,0,RE1,,IMPNGS,,2024,,,,,,,,,,,,,,,,0.0,
Scenario1,0,RE1,,IMPNGS,,2025,,,,,,,,,,,,,,,,0.0,
Scenario1,0,RE1,,IMPNGS,,2026,,,,,,,,,,,,,,,,0.0,
Scenario1,0,RE1,,IMPNGS,,2027,,,,,,,,,,,,,,,,0.0,
Scenario1,0,RE1,,IMPNGS,,2028,,,,,,,,,,,,,,,,0.0,
Scenario1,0,RE1,,IMPNGS,,2029,,,,,,,,,,,,,,,,0.0,
Scenario1,0,RE1,,IMPNGS,,2030,,,,,,,,,,,,,,,,0.0,
Scenario1,0,RE1,,IMPNGS,,2031,,,,,,,,,,,,,,,,0.0,
Scenario1,0,RE1,,IMPNGS,,2032,,,,,,,,,,,,,,,,0.0,
Scenario1,0,RE1,,IMPNGS,,2033,,,,,,,,,,,,,,,,0.0,
Scenario1,0,RE1,,IMPNGS,,2034,,,,,,,,,,,,,,,,0.0,
Scenario1,0,RE1,,IMPNGS,,2035,,,,,,,,,,,,,,,,0.0,
Scenario1,0,RE1,,IMPNGS,,2036,,,,,,,,,,,,,,,,0.0,
Scenario1,0,RE1,,IMPNGS,,2037,,,,,,,,,,,,,,,,0.0,
Scenario1,0,RE1,,IMPNGS,,2038,,,,,,,,,,,,,,,,0.0,
Scenario1,0,RE1,,IMPNGS,,2039,,,,,,,,,,,,,,,,0.0,
Scenario1,0,RE1,,IMPNGS,,2040,,,,,,,,,,,,,,,,0.0,
Scenario1,0,RE1,,IMPNGS,,2041,,,,,,,,,,,,,,,,0.0,
Scenario1,0,RE1,,IMPNGS,,2042,,,,,,,,,,,,,,,,0.0,
Scenario1,0,RE1,,IMPNGS,,2043,,,,,,,,,,,,,,,,0.0,
Scenario1,0,RE1,,IMPNGS,,2044,,,,,,,,,,,,,,,,0.0,
Scenario1,0,RE1,,IMPNGS,,2045,,,,,,,,,,,,,,,,0.0,
Scenario1,0,RE1,,IMPNGS,,2046,,,,,,,,,,,,,,,,0.0,
Scenario1,0,RE1,,IMPNGS,,2047,,,,,,,,,,,,,,,,0.0,
Scenario1,0,RE1,,IMPNGS,,2048,,,,,,,,,,,,,,,,0.0,
Scenario1,0,RE1,,IMPNGS,,2049,,,,,,,,,,,,,,,,0.0,
Scenario1,0,RE1,,IMPNGS,,2050,,,,,,,,,,,,,,,,0.0,
Scenario1,0,RE1,,IMPURN,,2019,,,,,,,,,,,,,,,,0.0,
Scenario1,0,RE1,,IMPURN,,2020,,,,,,,,,,,,,,,,0.0,
Scenario1,0,RE1,,IMPURN,,2021,,,,,,,,,,,,,,,,0.0,
Scenario1,0,RE1,,IMPURN,,2022,,,,,,,,,,,,,,,,0.0,
Scenario1,0,RE1,,IMPURN,,2023,,,,,,,,,,,,,,,,0.0,
Scenario1,0,RE1,,IMPURN,,2024,,,,,,,,,,,,,,,,0.0,
Scenario1,0,RE1,,IMPURN,,2025,,,,,,,,,,,,,,,,0.0,
Scenario1,0,RE1,,IMPURN,,2026,,,,,,,,,,,,,,,,0.0,
Scenario1,0,RE1,,IMPURN,,2027,,,,,,,,,,,,,,,,0.0,
Scenario1,0,RE1,,IMPURN,,2028,,,,,,,,,,,,,,,,0.0,
Scenario1,0,RE1,,IMPURN,,2029,,,,,,,,,,,,,,,,0.0,
Scenario1,0,RE1,,IMPURN,,2030,,,,,,,,,,,,,,,,0.0,
Scenario1,0,RE1,,IMPURN,,2031,,,,,,,,,,,,,,,,0.0,
Scenario1,0,RE1,,IMPURN,,2032,,,,,,,,,,,,,,,,0.0,
Scenario1,0,RE1,,IMPURN,,2033,,,,,,,,,,,,,,,,0.0,
Scenario1,0,RE1,,IMPURN,,2034,,,,,,,,,,,,,,,,0.0,
Scenario1,0,RE1,,IMPURN,,2035,,,,,,,,,,,,,,,,0.0,
Scenario1,0,RE1,,IMPURN,,2036,,,,,,,,,,,,,,,,0.0,
Scenario1,0,RE1,,IMPURN,,2037,,,,,,,,,,,,,,,,0.0,
Scenario1,0,RE1,,IMPURN,,2038,,,,,,,,,,,,,,,,0.0,
Scenario1,0,RE1,,IMPURN,,2039,,,,,,,,,,,,,,,,0.0,
Scenario1,0,RE1,,IMPURN,,2040,,,,,,,,,,,,,,,,0.0,
Scenario1,0,RE1,,IMPURN,,2041,,,,,,,,,,,,,,,,0.0,
Scenario1,0,RE1,,IMPURN,,2042,,,,,,,,,,,,,,,,0.0,
Scenario1,0,RE1,,IMPURN,,2043,,,,,,,,,,,,,,,,0.0,
Scenario1,0,RE1,,IMPURN,,2044,,,,,,,,,,,,,,,,0.0,
Scenario1,0,RE1,,IMPURN,,2045,,,,,,,,,,,,,,,,0.0,
Scenario1,0,RE1,,IMPURN,,2046,,,,,,,,,,,,,,,,0.0,
Scenario1,0,RE1,,IMPURN,,2047,,,,,,,,,,,,,,,,0.0,
Scenario1,0,RE1,,IMPURN,,2048,,,,,,,,,,,,,,,,0.0,
Scenario1,0,RE1,,IMPURN,,2049,,,,,,,,,,,,,,,,0.0,
Scenario1,0,RE1,,IMPURN,,2050,,,,,,,,,,,,,,,,0.0,
Scenario1,0,RE1,,MINBIO,,2019,,,,,,,,,,,,,,,,0.0,
Scenario1,0,RE1,,MINBIO,,2020,,,,,,,,,,,,,,,,0.0,
Scenario1,0,RE1,,MINBIO,,2021,,,,,,,,,,,,,,,,0.0,
Scenario1,0,RE1,,MINBIO,,2022,,,,,,,,,,,,,,,,0.0,
Scenario1,0,RE1,,MINBIO,,2023,,,,,,,,,,,,,,,,0.0,
Scenario1,0,RE1,,MINBIO,,2024,,,,,,,,,,,,,,,,0.0,
Scenario1,0,RE1,,MINBIO,,2025,,,,,,,,,,,,,,,,0.0,
Scenario1,0,RE1,,MINBIO,,2026,,,,,,,,,,,,,,,,0.0,
Scenario1,0,RE1,,MINBIO,,2027,,,,,,,,,,,,,,,,0.0,
Scenario1,0,RE1,,MINBIO,,2028,,,,,,,,,,,,,,,,0.0,
Scenario1,0,RE1,,MINBIO,,2029,,,,,,,,,,,,,,,,0.0,
Scenario1,0,RE1,,MINBIO,,2030,,,,,,,,,,,,,,,,0.0,
Scenario1,0,RE1,,MINBIO,,2031,,,,,,,,,,,,,,,,0.0,
Scenario1,0,RE1,,MINBIO,,2032,,,,,,,,,,,,,,,,0.0,
Scenario1,0,RE1,,MINBIO,,2033,,,,,,,,,,,,,,,,0.0,
Scenario1,0,RE1,,MINBIO,,2034,,,,,,,,,,,,,,,,0.0,
Scenario1,0,RE1,,MINBIO,,2035,,,,,,,,,,,,,,,,0.0,
Scenario1,0,RE1,,MINBIO,,2036,,,,,,,,,,,,,,,,0.0,
Scenario1,0,RE1,,MINBIO,,2037,,,,,,,,,,,,,,,,0.0,
Scenario1,0,RE1,,MINBIO,,2038,,,,,,,,,,,,,,,,0.0,
Scenario1,0,RE1,,MINBIO,,2039,,,,,,,,,,,,,,,,0.0,
Scenario1,0,RE1,,MINBIO,,2040,,,,,,,,,,,,,,,,0.0,
Scenario1,0,RE1,,MINBIO,,2041,,,,,,,,,,,,,,,,0.0,
Scenario1,0,RE1,,MINBIO,,2042,,,,,,,,,,,,,,,,0.0,
Scenario1,0,RE1,,MINBIO,,2043,,,,,,,,,,,,,,,,0.0,
Scenario1,0,RE1,,MINBIO,,2044,,,,,,,,,,,,,,,,0.0,
Scenario1,0,RE1,,MINBIO,,2045,,,,,,,,,,,,,,,,0.0,
Scenario1,0,RE1,,MINBIO,,2046,,,,,,,,,,,,,,,,0.0,
Scenario1,0,RE1,,MINBIO,,2047,,,,,,,,,,,,,,,,0.0,
Scenario1,0,RE1,,MINBIO,,2048,,,,,,,,,,,,,,,,0.0,
Scenario1,0,RE1,,MINBIO,,2049,,,,,,,,,,,,,,,,0.0,
Scenario1,0,RE1,,MINBIO,,2050,,,,,,,,,,,,,,,,0.0,
Scenario1,0,RE1,,MINCOA,,2019,,,,,,,,,,,,,,,,0.0,
Scenario1,0,RE1,,MINCOA,,2020,,,,,,,,,,,,,,,,0.0,
Scenario1,0,RE1,,MINCOA,,2021,,,,,,,,,,,,,,,,0.0,
Scenario1,0,RE1,,MINCOA,,2022,,,,,,,,,,,,,,,,0.0,
Scenario1,0,RE1,,MINCOA,,2023,,,,,,,,,,,,,,,,0.0,
Scenario1,0,RE1,,MINCOA,,2024,,,,,,,,,,,,,,,,0.0,
Scenario1,0,RE1,,MINCOA,,2025,,,,,,,,,,,,,,,,0.0,
Scenario1,0,RE1,,MINCOA,,2026,,,,,,,,,,,,,,,,0.0,
Scenario1,0,RE1,,MINCOA,,2027,,,,,,,,,,,,,,,,0.0,
Scenario1,0,RE1,,MINCOA,,2028,,,,,,,,,,,,,,,,0.0,
Scenario1,0,RE1,,MINCOA,,2029,,,,,,,,,,,,,,,,0.0,
Scenario1,0,RE1,,MINCOA,,2030,,,,,,,,,,,,,,,,0.0,
Scenario1,0,RE1,,MINCOA,,2031,,,,,,,,,,,,,,,,0.0,
Scenario1,0,RE1,,MINCOA,,2032,,,,,,,,,,,,,,,,0.0,
Scenario1,0,RE1,,MINCOA,,2033,,,,,,,,,,,,,,,,0.0,
Scenario1,0,RE1,,MINCOA,,2034,,,,,,,,,,,,,,,,0.0,
Scenario1,0,RE1,,MINCOA,,2035,,,,,,,,,,,,,,,,0.0,
Scenario1,0,RE1,,MINCOA,,2036,,,,,,,,,,,,,,,,0.0,
Scenario1,0,RE1,,MINCOA,,2037,,,,,,,,,,,,,,,,0.0,
Scenario1,0,RE1,,MINCOA,,2038,,,,,,,,,,,,,,,,0.0,
Scenario1,0,RE1,,MINCOA,,2039,,,,,,,,,,,,,,,,0.0,
Scenario1,0,RE1,,MINCOA,,2040,,,,,,,,,,,,,,,,0.0,
Scenario1,0,RE1,,MINCOA,,2041,,,,,,,,,,,,,,,,0.0,
Scenario1,0,RE1,,MINCOA,,2042,,,,,,,,,,,,,,,,0.0,
Scenario1,0,RE1,,MINCOA,,2043,,,,,,,,,,,,,,,,0.0,
Scenario1,0,RE1,,MINCOA,,2044,,,,,,,,,,,,,,,,0.0,
Scenario1,0,RE1,,MINCOA,,2045,,,,,,,,,,,,,,,,0.0,
Scenario1,0,RE1,,MINCOA,,2046,,,,,,,,,,,,,,,,0.0,
Scenario1,0,RE1,,MINCOA,,2047,,,,,,,,,,,,,,,,0.0,
Scenario1,0,RE1,,MINCOA,,2048,,,,,,,,,,,,,,,,0.0,
Scenario1,0,RE1,,MINCOA,,2049,,,,,,,,,,,,,,,,0.0,
Scenario1,0,RE1,,MINCOA,,2050,,,,,,,,,,,,,,,,0.0,
Scenario1,0,RE1,,MINGEO,,2019,,,,,,,,,,,,,,,,0.0,
Scenario1,0,RE1,,MINGEO,,2020,,,,,,,,,,,,,,,,0.0,
Scenario1,0,RE1,,MINGEO,,2021,,,,,,,,,,,,,,,,0.0,
Scenario1,0,RE1,,MINGEO,,2022,,,,,,,,,,,,,,,,0.0,
Scenario1,0,RE1,,MINGEO,,2023,,,,,,,,,,,,,,,,0.0,
Scenario1,0,RE1,,MINGEO,,2024,,,,,,,,,,,,,,,,0.0,
Scenario1,0,RE1,,MINGEO,,2025,,,,,,,,,,,,,,,,0.0,
Scenario1,0,RE1,,MINGEO,,2026,,,,,,,,,,,,,,,,0.0,
Scenario1,0,RE1,,MINGEO,,2027,,,,,,,,,,,,,,,,0.0,
Scenario1,0,RE1,,MINGEO,,2028,,,,,,,,,,,,,,,,0.0,
Scenario1,0,RE1,,MINGEO,,2029,,,,,,,,,,,,,,,,0.0,
Scenario1,0,RE1,,MINGEO,,2030,,,,,,,,,,,,,,,,0.0,
Scenario1,0,RE1,,MINGEO,,2031,,,,,,,,,,,,,,,,0.0,
Scenario1,0,RE1,,MINGEO,,2032,,,,,,,,,,,,,,,,0.0,
Scenario1,0,RE1,,MINGEO,,2033,,,,,,,,,,,,,,,,0.0,
Scenario1,0,RE1,,MINGEO,,2034,,,,,,,,,,,,,,,,0.0,
Scenario1,0,RE1,,MINGEO,,2035,,,,,,,,,,,,,,,,0.0,
Scenario1,0,RE1,,MINGEO,,2036,,,,,,,,,,,,,,,,0.0,
Scenario1,0,RE1,,MINGEO,,2037,,,,,,,,,,,,,,,,0.0,
Scenario1,0,RE1,,MINGEO,,2038,,,,,,,,,,,,,,,,0.0,
Scenario1,0,RE1,,MINGEO,,2039,,,,,,,,,,,,,,,,0.0,
Scenario1,0,RE1,,MINGEO,,2040,,,,,,,,,,,,,,,,0.0,
Scenario1,0,RE1,,MINGEO,,2041,,,,,,,,,,,,,,,,0.0,
Scenario1,0,RE1,,MINGEO,,2042,,,,,,,,,,,,,,,,0.0,
Scenario1,0,RE1,,MINGEO,,2043,,,,,,,,,,,,,,,,0.0,
Scenario1,0,RE1,,MINGEO,,2044,,,,,,,,,,,,,,,,0.0,
Scenario1,0,RE1,,MINGEO,,2045,,,,,,,,,,,,,,,,0.0,
Scenario1,0,RE1,,MINGEO,,2046,,,,,,,,,,,,,,,,0.0,
Scenario1,0,RE1,,MINGEO,,2047,,,,,,,,,,,,,,,,0.0,
Scenario1,0,RE1,,MINGEO,,2048,,,,,,,,,,,,,,,,0.0,
Scenario1,0,RE1,,MINGEO,,2049,,,,,,,,,,,,,,,,0.0,
Scenario1,0,RE1,,MINGEO,,2050,,,,,,,,,,,,,,,,0.0,
Scenario1,0,RE1,,MINHYD,,2019,,,,,,,,,,,,,,,,0.0,
Scenario1,0,RE1,,MINHYD,,2020,,,,,,,,,,,,,,,,0.0,
Scenario1,0,RE1,,MINHYD,,2021,,,,,,,,,,,,,,,,0.0,
Scenario1,0,RE1,,MINHYD,,2022,,,,,,,,,,,,,,,,0.0,
Scenario1,0,RE1,,MINHYD,,2023,,,,,,,,,,,,,,,,0.0,
Scenario1,0,RE1,,MINHYD,,2024,,,,,,,,,,,,,,,,0.0,
Scenario1,0,RE1,,MINHYD,,2025,,,,,,,,,,,,,,,,0.0,
Scenario1,0,RE1,,MINHYD,,2026,,,,,,,,,,,,,,,,0.0,
Scenario1,0,RE1,,MINHYD,,2027,,,,,,,,,,,,,,,,0.0,
Scenario1,0,RE1,,MINHYD,,2028,,,,,,,,,,,,,,,,0.0,
Scenario1,0,RE1,,MINHYD,,2029,,,,,,,,,,,,,,,,0.0,
Scenario1,0,RE1,,MINHYD,,2030,,,,,,,,,,,,,,,,0.0,
Scenario1,0,RE1,,MINHYD,,2031,,,,,,,,,,,,,,,,0.0,
Scenario1,0,RE1,,MINHYD,,2032,,,,,,,,,,,,,,,,0.0,
Scenario1,0,RE1,,MINHYD,,2033,,,,,,,,,,,,,,,,0.0,
Scenario1,0,RE1,,MINHYD,,2034,,,,,,,,,,,,,,,,0.0,
Scenario1,0,RE1,,MINHYD,,2035,,,,,,,,,,,,,,,,0.0,
Scenario1,0,RE1,,MINHYD,,2036,,,,,,,,,,,,,,,,0.0,
Scenario1,0,RE1,,MINHYD,,2037,,,,,,,,,,,,,,,,0.0,
Scenario1,0,RE1,,MINHYD,,2038,,,,,,,,,,,,,,,,0.0,
Scenario1,0,RE1,,MINHYD,,2039,,,,,,,,,,,,,,,,0.0,
Scenario1,0,RE1,,MINHYD,,2040,,,,,,,,,,,,,,,,0.0,
Scenario1,0,RE1,,MINHYD,,2041,,,,,,,,,,,,,,,,0.0,
Scenario1,0,RE1,,MINHYD,,2042,,,,,,,,,,,,,,,,0.0,
Scenario1,0,RE1,,MINHYD,,2043,,,,,,,,,,,,,,,,0.0,
Scenario1,0,RE1,,MINHYD,,2044,,,,,,,,,,,,,,,,0.0,
Scenario1,0,RE1,,MINHYD,,2045,,,,,,,,,,,,,,,,0.0,
Scenario1,0,RE1,,MINHYD,,2046,,,,,,,,,,,,,,,,0.0,
Scenario1,0,RE1,,MINHYD,,2047,,,,,,,,,,,,,,,,0.0,
Scenario1,0,RE1,,MINHYD,,2048,,,,,,,,,,,,,,,,0.0,
Scenario1,0,RE1,,MINHYD,,2049,,,,,,,,,,,,,,,,0.0,
Scenario1,0,RE1,,MINHYD,,2050,,,,,,,,,,,,,,,,0.0,
Scenario1,0,RE1,,MINSOL,,2019,,,,,,,,,,,,,,,,0.0,
Scenario1,0,RE1,,MINSOL,,2020,,,,,,,,,,,,,,,,0.0,
Scenario1,0,RE1,,MINSOL,,2021,,,,,,,,,,,,,,,,0.0,
Scenario1,0,RE1,,MINSOL,,2022,,,,,,,,,,,,,,,,0.0,
Scenario1,0,RE1,,MINSOL,,2023,,,,,,,,,,,,,,,,0.0,
Scenario1,0,RE1,,MINSOL,,2024,,,,,,,,,,,,,,,,0.0,
Scenario1,0,RE1,,MINSOL,,2025,,,,,,,,,,,,,,,,0.0,
Scenario1,0,RE1,,MINSOL,,2026,,,,,,,,,,,,,,,,0.0,
Scenario1,0,RE1,,MINSOL,,2027,,,,,,,,,,,,,,,,0.0,
Scenario1,0,RE1,,MINSOL,,2028,,,,,,,,,,,,,,,,0.0,
Scenario1,0,RE1,,MINSOL,,2029,,,,,,,,,,,,,,,,0.0,
Scenario1,0,RE1,,MINSOL,,2030,,,,,,,,,,,,,,,,0.0,
Scenario1,0,RE1,,MINSOL,,2031,,,,,,,,,,,,,,,,0.0,
Scenario1,0,RE1,,MINSOL,,2032,,,,,,,,,,,,,,,,0.0,
Scenario1,0,RE1,,MINSOL,,2033,,,,,,,,,,,,,,,,0.0,
Scenario1,0,RE1,,MINSOL,,2034,,,,,,,,,,,,,,,,0.0,
Scenario1,0,RE1,,MINSOL,,2035,,,,,,,,,,,,,,,,0.0,
Scenario1,0,RE1,,MINSOL,,2036,,,,,,,,,,,,,,,,0.0,
Scenario1,0,RE1,,MINSOL,,2037,,,,,,,,,,,,,,,,0.0,
Scenario1,0,RE1,,MINSOL,,2038,,,,,,,,,,,,,,,,0.0,
Scenario1,0,RE1,,MINSOL,,2039,,,,,,,,,,,,,,,,0.0,
Scenario1,0,RE1,,MINSOL,,2040,,,,,,,,,,,,,,,,0.0,
Scenario1,0,RE1,,MINSOL,,2041,,,,,,,,,,,,,,,,0.0,
Scenario1,0,RE1,,MINSOL,,2042,,,,,,,,,,,,,,,,0.0,
Scenario1,0,RE1,,MINSOL,,2043,,,,,,,,,,,,,,,,0.0,
Scenario1,0,RE1,,MINSOL,,2044,,,,,,,,,,,,,,,,0.0,
Scenario1,0,RE1,,MINSOL,,2045,,,,,,,,,,,,,,,,0.0,
Scenario1,0,RE1,,MINSOL,,2046,,,,,,,,,,,,,,,,0.0,
Scenario1,0,RE1,,MINSOL,,2047,,,,,,,,,,,,,,,,0.0,
Scenario1,0,RE1,,MINSOL,,2048,,,,,,,,,,,,,,,,0.0,
Scenario1,0,RE1,,MINSOL,,2049,,,,,,,,,,,,,,,,0.0,
Scenario1,0,RE1,,MINSOL,,2050,,,,,,,,,,,,,,,,0.0,
Scenario1,0,RE1,,MINWND,,2019,,,,,,,,,,,,,,,,0.0,
Scenario1,0,RE1,,MINWND,,2020,,,,,,,,,,,,,,,,0.0,
Scenario1,0,RE1,,MINWND,,2021,,,,,,,,,,,,,,,,0.0,
Scenario1,0,RE1,,MINWND,,2022,,,,,,,,,,,,,,,,0.0,
Scenario1,0,RE1,,MINWND,,2023,,,,,,,,,,,,,,,,0.0,
Scenario1,0,RE1,,MINWND,,2024,,,,,,,,,,,,,,,,0.0,
Scenario1,0,RE1,,MINWND,,2025,,,,,,,,,,,,,,,,0.0,
Scenario1,0,RE1,,MINWND,,2026,,,,,,,,,,,,,,,,0.0,
Scenario1,0,RE1,,MINWND,,2027,,,,,,,,,,,,,,,,0.0,
Scenario1,0,RE1,,MINWND,,2028,,,,,,,,,,,,,,,,0.0,
Scenario1,0,RE1,,MINWND,,2029,,,,,,,,,,,,,,,,0.0,
Scenario1,0,RE1,,MINWND,,2030,,,,,,,,,,,,,,,,0.0,
Scenario1,0,RE1,,MINWND,,2031,,,,,,,,,,,,,,,,0.0,
Scenario1,0,RE1,,MINWND,,2032,,,,,,,,,,,,,,,,0.0,
Scenario1,0,RE1,,MINWND,,2033,,,,,,,,,,,,,,,,0.0,
Scenario1,0,RE1,,MINWND,,2034,,,,,,,,,,,,,,,,0.0,
Scenario1,0,RE1,,MINWND,,2035,,,,,,,,,,,,,,,,0.0,
Scenario1,0,RE1,,MINWND,,2036,,,,,,,,,,,,,,,,0.0,
Scenario1,0,RE1,,MINWND,,2037,,,,,,,,,,,,,,,,0.0,
Scenario1,0,RE1,,MINWND,,2038,,,,,,,,,,,,,,,,0.0,
Scenario1,0,RE1,,MINWND,,2039,,,,,,,,,,,,,,,,0.0,
Scenario1,0,RE1,,MINWND,,2040,,,,,,,,,,,,,,,,0.0,
Scenario1,0,RE1,,MINWND,,2041,,,,,,,,,,,,,,,,0.0,
Scenario1,0,RE1,,MINWND,,2042,,,,,,,,,,,,,,,,0.0,
Scenario1,0,RE1,,MINWND,,2043,,,,,,,,,,,,,,,,0.0,
Scenario1,0,RE1,,MINWND,,2044,,,,,,,,,,,,,,,,0.0,
Scenario1,0,RE1,,MINWND,,2045,,,,,,,,,,,,,,,,0.0,
Scenario1,0,RE1,,MINWND,,2046,,,,,,,,,,,,,,,,0.0,
Scenario1,0,RE1,,MINWND,,2047,,,,,,,,,,,,,,,,0.0,
Scenario1,0,RE1,,MINWND,,2048,,,,,,,,,,,,,,,,0.0,
Scenario1,0,RE1,,MINWND,,2049,,,,,,,,,,,,,,,,0.0,
Scenario1,0,RE1,,MINWND,,2050,,,,,,,,,,,,,,,,0.0,
Scenario1,0,RE1,,PWRBIO001,,2019,,,,,,,,,,,,,,,,0.0,
Scenario1,0,RE1,,PWRBIO001,,2020,,,,,,,,,,,,,,,,0.0,
Scenario1,0,RE1,,PWRBIO001,,2021,,,,,,,,,,,,,,,,0.0,
Scenario1,0,RE1,,PWRBIO001,,2022,,,,,,,,,,,,,,,,0.0,
Scenario1,0,RE1,,PWRBIO001,,2023,,,,,,,,,,,,,,,,3.5,
Scenario1,0,RE1,,PWRBIO001,,2024,,,,,,,,,,,,,,,,0.0,
Scenario1,0,RE1,,PWRBIO001,,2025,,,,,,,,,,,,,,,,0.0,
Scenario1,0,RE1,,PWRBIO001,,2026,,,,,,,,,,,,,,,,25.0,
Scenario1,0,RE1,,PWRBIO001,,2027,,,,,,,,,,,,,,,,0.0,
Scenario1,0,RE1,,PWRBIO001,,2028,,,,,,,,,,,,,,,,20.000000000000004,
Scenario1,0,RE1,,PWRBIO001,,2029,,,,,,,,,,,,,,,,0.0,
Scenario1,0,RE1,,PWRBIO001,,2030,,,,,,,,,,,,,,,,120.5,
Scenario1,0,RE1,,PWRBIO001,,2031,,,,,,,,,,,,,,,,50.00000000000001,
Scenario1,0,RE1,,PWRBIO001,,2032,,,,,,,,,,,,,,,,27.00000000000001,
Scenario1,0,RE1,,PWRBIO001,,2033,,,,,,,,,,,,,,,,7.500000000000007,
Scenario1,0,RE1,,PWRBIO001,,2034,,,,,,,,,,,,,,,,14.99999999999998,
Scenario1,0,RE1,,PWRBIO001,,2035,,,,,,,,,,,,,,,,0.7500000000000215,
Scenario1,0,RE1,,PWRBIO001,,2036,,,,,,,,,,,,,,,,0.0,
Scenario1,0,RE1,,PWRBIO001,,2037,,,,,,,,,,,,,,,,0.0,
Scenario1,0,RE1,,PWRBIO001,,2038,,,,,,,,,,,,,,,,0.0,
Scenario1,0,RE1,,PWRBIO001,,2039,,,,,,,,,,,,,,,,0.0,
Scenario1,0,RE1,,PWRBIO001,,2040,,,,,,,,,,,,,,,,0.0,
Scenario1,0,RE1,,PWRBIO001,,2041,,,,,,,,,,,,,,,,0.0,
Scenario1,0,RE1,,PWRBIO001,,2042,,,,,,,,,,,,,,,,0.0,
Scenario1,0,RE1,,PWRBIO001,,2043,,,,,,,,,,,,,,,,0.0,
Scenario1,0,RE1,,PWRBIO001,,2044,,,,,,,,,,,,,,,,0.0,
Scenario1,0,RE1,,PWRBIO001,,2045,,,,,,,,,,,,,,,,0.0,
Scenario1,0,RE1,,PWRBIO001,,2046,,,,,,,,,,,,,,,,0.0,
Scenario1,0,RE1,,PWRBIO001,,2047,,,,,,,,,,,,,,,,0.0,
Scenario1,0,RE1,,PWRBIO001,,2048,,,,,,,,,,,,,,,,0.0,
Scenario1,0,RE1,,PWRBIO001,,2049,,,,,,,,,,,,,,,,0.0,
Scenario1,0,RE1,,PWRBIO001,,2050,,,,,,,,,,,,,,,,0.0,
Scenario1,0,RE1,,PWRCOA001,,2019,,,,,,,,,,,,,,,,0.0,
Scenario1,0,RE1,,PWRCOA001,,2020,,,,,,,,,,,,,,,,0.0,
Scenario1,0,RE1,,PWRCOA001,,2021,,,,,,,,,,,,,,,,0.0,
Scenario1,0,RE1,,PWRCOA001,,2022,,,,,,,,,,,,,,,,0.0,
Scenario1,0,RE1,,PWRCOA001,,2023,,,,,,,,,,,,,,,,0.0,
Scenario1,0,RE1,,PWRCOA001,,2024,,,,,,,,,,,,,,,,0.0,
Scenario1,0,RE1,,PWRCOA001,,2025,,,,,,,,,,,,,,,,0.0,
Scenario1,0,RE1,,PWRCOA001,,2026,,,,,,,,,,,,,,,,0.0,
Scenario1,0,RE1,,PWRCOA001,,2027,,,,,,,,,,,,,,,,0.0,
Scenario1,0,RE1,,PWRCOA001,,2028,,,,,,,,,,,,,,,,0.0,
Scenario1,0,RE1,,PWRCOA001,,2029,,,,,,,,,,,,,,,,0.0,
Scenario1,0,RE1,,PWRCOA001,,2030,,,,,,,,,,,,,,,,0.0,
Scenario1,0,RE1,,PWRCOA001,,2031,,,,,,,,,,,,,,,,0.0,
Scenario1,0,RE1,,PWRCOA001,,2032,,,,,,,,,,,,,,,,0.0,
Scenario1,0,RE1,,PWRCOA001,,2033,,,,,,,,,,,,,,,,0.0,
Scenario1,0,RE1,,PWRCOA001,,2034,,,,,,,,,,,,,,,,0.0,
Scenario1,0,RE1,,PWRCOA001,,2035,,,,,,,,,,,,,,,,0.0,
Scenario1,0,RE1,,PWRCOA001,,2036,,,,,,,,,,,,,,,,0.0,
Scenario1,0,RE1,,PWRCOA001,,2037,,,,,,,,,,,,,,,,0.0,
Scenario1,0,RE1,,PWRCOA001,,2038,,,,,,,,,,,,,,,,0.0,
Scenario1,0,RE1,,PWRCOA001,,2039,,,,,,,,,,,,,,,,0.0,
Scenario1,0,RE1,,PWRCOA001,,2040,,,,,,,,,,,,,,,,0.0,
Scenario1,0,RE1,,PWRCOA001,,2041,,,,,,,,,,,,,,,,0.0,
Scenario1,0,RE1,,PWRCOA001,,2042,,,,,,,,,,,,,,,,0.0,
Scenario1,0,RE1,,PWRCOA001,,2043,,,,,,,,,,,,,,,,0.0,
Scenario1,0,RE1,,PWRCOA001,,2044,,,,,,,,,,,,,,,,0.0,
Scenario1,0,RE1,,PWRCOA001,,2045,,,,,,,,,,,,,,,,0.0,
Scenario1,0,RE1,,PWRCOA001,,2046,,,,,,,,,,,,,,,,0.0,
Scenario1,0,RE1,,PWRCOA001,,2047,,,,,,,,,,,,,,,,0.0,
Scenario1,0,RE1,,PWRCOA001,,2048,,,,,,,,,,,,,,,,0.0,
Scenario1,0,RE1,,PWRCOA001,,2049,,,,,,,,,,,,,,,,0.0,
Scenario1,0,RE1,,PWRCOA001,,2050,,,,,,,,,,,,,,,,0.0,
Scenario1,0,RE1,,PWRDIST,,2019,,,,,,,,,,,,,,,,760.0851124758678,
Scenario1,0,RE1,,PWRDIST,,2020,,,,,,,,,,,,,,,,82.32341974333639,
Scenario1,0,RE1,,PWRDIST,,2021,,,,,,,,,,,,,,,,212.06163223308056,
Scenario1,0,RE1,,PWRDIST,,2022,,,,,,,,,,,,,,,,161.48332401668293,
Scenario1,0,RE1,,PWRDIST,,2023,,,,,,,,,,,,,,,,151.32550398589396,
Scenario1,0,RE1,,PWRDIST,,2024,,,,,,,,,,,,,,,,176.2375779838225,
Scenario1,0,RE1,,PWRDIST,,2025,,,,,,,,,,,,,,,,192.10081456507024,
Scenario1,0,RE1,,PWRDIST,,2026,,,,,,,,,,,,,,,,201.25887977907968,
Scenario1,0,RE1,,PWRDIST,,2027,,,,,,,,,,,,,,,,332.7702568507689,
Scenario1,0,RE1,,PWRDIST,,2028,,,,,,,,,,,,,,,,352.23667566902634,
Scenario1,0,RE1,,PWRDIST,,2029,,,,,,,,,,,,,,,,402.86186499801744,
Scenario1,0,RE1,,PWRDIST,,2030,,,,,,,,,,,,,,,,432.3313658499691,
Scenario1,0,RE1,,PWRDIST,,2031,,,,,,,,,,,,,,,,403.784221110298,
Scenario1,0,RE1,,PWRDIST,,2032,,,,,,,,,,,,,,,,448.19533834563,
Scenario1,0,RE1,,PWRDIST,,2033,,,,,,,,,,,,,,,,454.3752281084218,
Scenario1,0,RE1,,PWRDIST,,2034,,,,,,,,,,,,,,,,483.4916859777526,
Scenario1,0,RE1,,PWRDIST,,2035,,,,,,,,,,,,,,,,508.75456732252815,
Scenario1,0,RE1,,PWRDIST,,2036,,,,,,,,,,,,,,,,515.9288456329427,
Scenario1,0,RE1,,PWRDIST,,2037,,,,,,,,,,,,,,,,580.7111542469513,
Scenario1,0,RE1,,PWRDIST,,2038,,,,,,,,,,,,,,,,605.111921785453,
Scenario1,0,RE1,,PWRDIST,,2039,,,,,,,,,,,,,,,,639.8725318395218,
Scenario1,0,RE1,,PWRDIST,,2040,,,,,,,,,,,,,,,,678.7887127598108,
Scenario1,0,RE1,,PWRDIST,,2041,,,,,,,,,,,,,,,,715.3870572140922,
Scenario1,0,RE1,,PWRDIST,,2042,,,,,,,,,,,,,,,,740.791876834813,
Scenario1,0,RE1,,PWRDIST,,2043,,,,,,,,,,,,,,,,790.2770290845702,
Scenario1,0,RE1,,PWRDIST,,2044,,,,,,,,,,,,,,,,832.6299793419499,
Scenario1,0,RE1,,PWRDIST,,2045,,,,,,,,,,,,,,,,880.7506283645932,
Scenario1,0,RE1,,PWRDIST,,2046,,,,,,,,,,,,,,,,929.8503517533557,
Scenario1,0,RE1,,PWRDIST,,2047,,,,,,,,,,,,,,,,979.7265338526946,
Scenario1,0,RE1,,PWRDIST,,2048,,,,,,,,,,,,,,,,1036.331218327368,
Scenario1,0,RE1,,PWRDIST,,2049,,,,,,,,,,,,,,,,1094.119291301034,
Scenario1,0,RE1,,PWRDIST,,2050,,,,,,,,,,,,,,,,1152.7982454767878,
Scenario1,0,RE1,,PWRGEO001,,2019,,,,,,,,,,,,,,,,0.0,
Scenario1,0,RE1,,PWRGEO001,,2020,,,,,,,,,,,,,,,,0.0,
Scenario1,0,RE1,,PWRGEO001,,2021,,,,,,,,,,,,,,,,0.0,
Scenario1,0,RE1,,PWRGEO001,,2022,,,,,,,,,,,,,,,,277.32402599999966,
Scenario1,0,RE1,,PWRGEO001,,2023,,,,,,,,,,,,,,,,0.0,
Scenario1,0,RE1,,PWRGEO001,,2024,,,,,,,,,,,,,,,,0.0,
Scenario1,0,RE1,,PWRGEO001,,2025,,,,,,,,,,,,,,,,206.41164000000035,
Scenario1,0,RE1,,PWRGEO001,,2026,,,,,,,,,,,,,,,,0.0,
Scenario1,0,RE1,,PWRGEO001,,2027,,,,,,,,,,,,,,,,0.0,
Scenario1,0,RE1,,PWRGEO001,,2028,,,,,,,,,,,,,,,,0.0,
Scenario1,0,RE1,,PWRGEO001,,2029,,,,,,,,,,,,,,,,0.0,
Scenario1,0,RE1,,PWRGEO001,,2030,,,,,,,,,,,,,,,,0.0,
Scenario1,0,RE1,,PWRGEO001,,2031,,,,,,,,,,,,,,,,0.0,
Scenario1,0,RE1,,PWRGEO001,,2032,,,,,,,,,,,,,,,,0.0,
Scenario1,0,RE1,,PWRGEO001,,2033,,,,,,,,,,,,,,,,0.0,
Scenario1,0,RE1,,PWRGEO001,,2034,,,,,,,,,,,,,,,,21.89883946361821,
Scenario1,0,RE1,,PWRGEO001,,2035,,,,,,,,,,,,,,,,537.969271790049,
Scenario1,0,RE1,,PWRGEO001,,2036,,,,,,,,,,,,,,,,699.8115908948492,
Scenario1,0,RE1,,PWRGEO001,,2037,,,,,,,,,,,,,,,,542.7098669964321,
Scenario1,0,RE1,,PWRGEO001,,2038,,,,,,,,,,,,,,,,211.78853085505096,
Scenario1,0,RE1,,PWRGEO001,,2039,,,,,,,,,,,,,,,,0.0,
Scenario1,0,RE1,,PWRGEO001,,2040,,,,,,,,,,,,,,,,0.0,
Scenario1,0,RE1,,PWRGEO001,,2041,,,,,,,,,,,,,,,,0.0,
Scenario1,0,RE1,,PWRGEO001,,2042,,,,,,,,,,,,,,,,0.0,
Scenario1,0,RE1,,PWRGEO001,,2043,,,,,,,,,,,,,,,,0.0,
Scenario1,0,RE1,,PWRGEO001,,2044,,,,,,,,,,,,,,,,0.0,
Scenario1,0,RE1,,PWRGEO001,,2045,,,,,,,,,,,,,,,,0.0,
Scenario1,0,RE1,,PWRGEO001,,2046,,,,,,,,,,,,,,,,0.0,
Scenario1,0,RE1,,PWRGEO001,,2047,,,,,,,,,,,,,,,,0.0,
Scenario1,0,RE1,,PWRGEO001,,2048,,,,,,,,,,,,,,,,0.0,
Scenario1,0,RE1,,PWRGEO001,,2049,,,,,,,,,,,,,,,,0.0,
Scenario1,0,RE1,,PWRGEO001,,2050,,,,,,,,,,,,,,,,139.82724000000047,
Scenario1,0,RE1,,PWRGEO002,,2019,,,,,,,,,,,,,,,,0.0,
Scenario1,0,RE1,,PWRGEO002,,2020,,,,,,,,,,,,,,,,0.0,
Scenario1,0,RE1,,PWRGEO002,,2021,,,,,,,,,,,,,,,,0.0,
Scenario1,0,RE1,,PWRGEO002,,2022,,,,,,,,,,,,,,,,0.0,
Scenario1,0,RE1,,PWRGEO002,,2023,,,,,,,,,,,,,,,,121.67995000000002,
Scenario1,0,RE1,,PWRGEO002,,2024,,,,,,,,,,,,,,,,0.0,
Scenario1,0,RE1,,PWRGEO002,,2025,,,,,,,,,,,,,,,,121.67995000000002,
Scenario1,0,RE1,,PWRGEO002,,2026,,,,,,,,,,,,,,,,0.0,
Scenario1,0,RE1,,PWRGEO002,,2027,,,,,,,,,,,,,,,,0.0,
Scenario1,0,RE1,,PWRGEO002,,2028,,,,,,,,,,,,,,,,0.0,
Scenario1,0,RE1,,PWRGEO002,,2029,,,,,,,,,,,,,,,,0.0,
Scenario1,0,RE1,,PWRGEO002,,2030,,,,,,,,,,,,,,,,0.0,
Scenario1,0,RE1,,PWRGEO002,,2031,,,,,,,,,,,,,,,,0.0,
Scenario1,0,RE1,,PWRGEO002,,2032,,,,,,,,,,,,,,,,0.0,
Scenario1,0,RE1,,PWRGEO002,,2033,,,,,,,,,,,,,,,,0.0,
Scenario1,0,RE1,,PWRGEO002,,2034,,,,,,,,,,,,,,,,0.0,
Scenario1,0,RE1,,PWRGEO002,,2035,,,,,,,,,,,,,,,,0.0,
Scenario1,0,RE1,,PWRGEO002,,2036,,,,,,,,,,,,,,,,0.0,
Scenario1,0,RE1,,PWRGEO002,,2037,,,,,,,,,,,,,,,,0.0,
Scenario1,0,RE1,,PWRGEO002,,2038,,,,,,,,,,,,,,,,469.33695,
Scenario1,0,RE1,,PWRGEO002,,2039,,,,,,,,,,,,,,,,208.5942000000001,
Scenario1,0,RE1,,PWRGEO002,,2040,,,,,,,,,,,,,,,,617.1088243056381,
Scenario1,0,RE1,,PWRGEO002,,2041,,,,,,,,,,,,,,,,78.20517569436184,
Scenario1,0,RE1,,PWRGEO002,,2042,,,,,,,,,,,,,,,,0.0,
Scenario1,0,RE1,,PWRGEO002,,2043,,,,,,,,,,,,,,,,0.0,
Scenario1,0,RE1,,PWRGEO002,,2044,,,,,,,,,,,,,,,,0.0,
Scenario1,0,RE1,,PWRGEO002,,2045,,,,,,,,,,,,,,,,0.0,
Scenario1,0,RE1,,PWRGEO002,,2046,,,,,,,,,,,,,,,,0.0,
Scenario1,0,RE1,,PWRGEO002,,2047,,,,,,,,,,,,,,,,0.0,
Scenario1,0,RE1,,PWRGEO002,,2048,,,,,,,,,,,,,,,,0.0,
Scenario1,0,RE1,,PWRGEO002,,2049,,,,,,,,,,,,,,,,0.0,
Scenario1,0,RE1,,PWRGEO002,,2050,,,,,,,,,,,,,,,,0.0,
Scenario1,0,RE1,,PWRGEO003,,2019,,,,,,,,,,,,,,,,0.0,
Scenario1,0,RE1,,PWRGEO003,,2020,,,,,,,,,,,,,,,,0.0,
Scenario1,0,RE1,,PWRGEO003,,2021,,,,,,,,,,,,,,,,0.0,
Scenario1,0,RE1,,PWRGEO003,,2022,,,,,,,,,,,,,,,,0.0,
Scenario1,0,RE1,,PWRGEO003,,2023,,,,,,,,,,,,,,,,0.0,
Scenario1,0,RE1,,PWRGEO003,,2024,,,,,,,,,,,,,,,,0.0,
Scenario1,0,RE1,,PWRGEO003,,2025,,,,,,,,,,,,,,,,0.0,
Scenario1,0,RE1,,PWRGEO003,,2026,,,,,,,,,,,,,,,,0.0,
Scenario1,0,RE1,,PWRGEO003,,2027,,,,,,,,,,,,,,,,0.0,
Scenario1,0,RE1,,PWRGEO003,,2028,,,,,,,,,,,,,,,,0.0,
Scenario1,0,RE1,,PWRGEO003,,2029,,,,,,,,,,,,,,,,0.0,
Scenario1,0,RE1,,PWRGEO003,,2030,,,,,,,,,,,,,,,,0.0,
Scenario1,0,RE1,,PWRGEO003,,2031,,,,,,,,,,,,,,,,0.0,
Scenario1,0,RE1,,PWRGEO003,,2032,,,,,,,,,,,,,,,,0.0,
Scenario1,0,RE1,,PWRGEO003,,2033,,,,,,,,,,,,,,,,0.0,
Scenario1,0,RE1,,PWRGEO003,,2034,,,,,,,,,,,,,,,,0.0,
Scenario1,0,RE1,,PWRGEO003,,2035,,,,,,,,,,,,,,,,0.0,
Scenario1,0,RE1,,PWRGEO003,,2036,,,,,,,,,,,,,,,,0.0,
Scenario1,0,RE1,,PWRGEO003,,2037,,,,,,,,,,,,,,,,0.0,
Scenario1,0,RE1,,PWRGEO003,,2038,,,,,,,,,,,,,,,,113.49789,
Scenario1,0,RE1,,PWRGEO003,,2039,,,,,,,,,,,,,,,,0.0,
Scenario1,0,RE1,,PWRGEO003,,2040,,,,,,,,,,,,,,,,230.43511,
Scenario1,0,RE1,,PWRGEO003,,2041,,,,,,,,,,,,,,,,0.0,
Scenario1,0,RE1,,PWRGEO003,,2042,,,,,,,,,,,,,,,,0.0,
Scenario1,0,RE1,,PWRGEO003,,2043,,,,,,,,,,,,,,,,0.0,
Scenario1,0,RE1,,PWRGEO003,,2044,,,,,,,,,,,,,,,,0.0,
Scenario1,0,RE1,,PWRGEO003,,2045,,,,,,,,,,,,,,,,0.0,
Scenario1,0,RE1,,PWRGEO003,,2046,,,,,,,,,,,,,,,,0.0,
Scenario1,0,RE1,,PWRGEO003,,2047,,,,,,,,,,,,,,,,0.0,
Scenario1,0,RE1,,PWRGEO003,,2048,,,,,,,,,,,,,,,,0.0,
Scenario1,0,RE1,,PWRGEO003,,2049,,,,,,,,,,,,,,,,0.0,
Scenario1,0,RE1,,PWRGEO003,,2050,,,,,,,,,,,,,,,,0.0,
Scenario1,0,RE1,,PWRGEO004,,2019,,,,,,,,,,,,,,,,0.0,
Scenario1,0,RE1,,PWRGEO004,,2020,,,,,,,,,,,,,,,,0.0,
Scenario1,0,RE1,,PWRGEO004,,2021,,,,,,,,,,,,,,,,0.0,
Scenario1,0,RE1,,PWRGEO004,,2022,,,,,,,,,,,,,,,,0.0,
Scenario1,0,RE1,,PWRGEO004,,2023,,,,,,,,,,,,,,,,0.0,
Scenario1,0,RE1,,PWRGEO004,,2024,,,,,,,,,,,,,,,,0.0,
Scenario1,0,RE1,,PWRGEO004,,2025,,,,,,,,,,,,,,,,0.0,
Scenario1,0,RE1,,PWRGEO004,,2026,,,,,,,,,,,,,,,,0.0,
Scenario1,0,RE1,,PWRGEO004,,2027,,,,,,,,,,,,,,,,0.0,
Scenario1,0,RE1,,PWRGEO004,,2028,,,,,,,,,,,,,,,,0.0,
Scenario1,0,RE1,,PWRGEO004,,2029,,,,,,,,,,,,,,,,0.0,
Scenario1,0,RE1,,PWRGEO004,,2030,,,,,,,,,,,,,,,,0.0,
Scenario1,0,RE1,,PWRGEO004,,2031,,,,,,,,,,,,,,,,0.0,
Scenario1,0,RE1,,PWRGEO004,,2032,,,,,,,,,,,,,,,,0.0,
Scenario1,0,RE1,,PWRGEO004,,2033,,,,,,,,,,,,,,,,0.0,
Scenario1,0,RE1,,PWRGEO004,,2034,,,,,,,,,,,,,,,,0.0,
Scenario1,0,RE1,,PWRGEO004,,2035,,,,,,,,,,,,,,,,0.0,
Scenario1,0,RE1,,PWRGEO004,,2036,,,,,,,,,,,,,,,,0.0,
Scenario1,0,RE1,,PWRGEO004,,2037,,,,,,,,,,,,,,,,0.0,
Scenario1,0,RE1,,PWRGEO004,,2038,,,,,,,,,,,,,,,,343.90000000000003,
Scenario1,0,RE1,,PWRGEO004,,2039,,,,,,,,,,,,,,,,343.90000000000003,
Scenario1,0,RE1,,PWRGEO004,,2040,,,,,,,,,,,,,,,,343.8999999999999,
Scenario1,0,RE1,,PWRGEO004,,2041,,,,,,,,,,,,,,,,0.0,
Scenario1,0,RE1,,PWRGEO004,,2042,,,,,,,,,,,,,,,,0.0,
Scenario1,0,RE1,,PWRGEO004,,2043,,,,,,,,,,,,,,,,0.0,
Scenario1,0,RE1,,PWRGEO004,,2044,,,,,,,,,,,,,,,,0.0,
Scenario1,0,RE1,,PWRGEO004,,2045,,,,,,,,,,,,,,,,0.0,
Scenario1,0,RE1,,PWRGEO004,,2046,,,,,,,,,,,,,,,,0.0,
Scenario1,0,RE1,,PWRGEO004,,2047,,,,,,,,,,,,,,,,0.0,
Scenario1,0,RE1,,PWRGEO004,,2048,,,,,,,,,,,,,,,,0.0,
Scenario1,0,RE1,,PWRGEO004,,2049,,,,,,,,,,,,,,,,0.0,
Scenario1,0,RE1,,PWRGEO004,,2050,,,,,,,,,,,,,,,,0.0,
Scenario1,0,RE1,,PWRGEO005,,2019,,,,,,,,,,,,,,,,0.0,
Scenario1,0,RE1,,PWRGEO005,,2020,,,,,,,,,,,,,,,,0.0,
Scenario1,0,RE1,,PWRGEO005,,2021,,,,,,,,,,,,,,,,0.0,
Scenario1,0,RE1,,PWRGEO005,,2022,,,,,,,,,,,,,,,,0.0,
Scenario1,0,RE1,,PWRGEO005,,2023,,,,,,,,,,,,,,,,0.0,
Scenario1,0,RE1,,PWRGEO005,,2024,,,,,,,,,,,,,,,,0.0,
Scenario1,0,RE1,,PWRGEO005,,2025,,,,,,,,,,,,,,,,0.0,
Scenario1,0,RE1,,PWRGEO005,,2026,,,,,,,,,,,,,,,,0.0,
Scenario1,0,RE1,,PWRGEO005,,2027,,,,,,,,,,,,,,,,0.0,
Scenario1,0,RE1,,PWRGEO005,,2028,,,,,,,,,,,,,,,,0.0,
Scenario1,0,RE1,,PWRGEO005,,2029,,,,,,,,,,,,,,,,0.0,
Scenario1,0,RE1,,PWRGEO005,,2030,,,,,,,,,,,,,,,,0.0,
Scenario1,0,RE1,,PWRGEO005,,2031,,,,,,,,,,,,,,,,0.0,
Scenario1,0,RE1,,PWRGEO005,,2032,,,,,,,,,,,,,,,,0.0,
Scenario1,0,RE1,,PWRGEO005,,2033,,,,,,,,,,,,,,,,0.0,
Scenario1,0,RE1,,PWRGEO005,,2034,,,,,,,,,,,,,,,,0.0,
Scenario1,0,RE1,,PWRGEO005,,2035,,,,,,,,,,,,,,,,0.0,
Scenario1,0,RE1,,PWRGEO005,,2036,,,,,,,,,,,,,,,,0.0,
Scenario1,0,RE1,,PWRGEO005,,2037,,,,,,,,,,,,,,,,0.0,
Scenario1,0,RE1,,PWRGEO005,,2038,,,,,,,,,,,,,,,,0.0,
Scenario1,0,RE1,,PWRGEO005,,2039,,,,,,,,,,,,,,,,16.00974111086985,
Scenario1,0,RE1,,PWRGEO005,,2040,,,,,,,,,,,,,,,,0.0,
Scenario1,0,RE1,,PWRGEO005,,2041,,,,,,,,,,,,,,,,235.64025888913017,
Scenario1,0,RE1,,PWRGEO005,,2042,,,,,,,,,,,,,,,,0.0,
Scenario1,0,RE1,,PWRGEO005,,2043,,,,,,,,,,,,,,,,0.0,
Scenario1,0,RE1,,PWRGEO005,,2044,,,,,,,,,,,,,,,,0.0,
Scenario1,0,RE1,,PWRGEO005,,2045,,,,,,,,,,,,,,,,0.0,
Scenario1,0,RE1,,PWRGEO005,,2046,,,,,,,,,,,,,,,,0.0,
Scenario1,0,RE1,,PWRGEO005,,2047,,,,,,,,,,,,,,,,0.0,
Scenario1,0,RE1,,PWRGEO005,,2048,,,,,,,,,,,,,,,,0.0,
Scenario1,0,RE1,,PWRGEO005,,2049,,,,,,,,,,,,,,,,0.0,
Scenario1,0,RE1,,PWRGEO005,,2050,,,,,,,,,,,,,,,,0.0,
Scenario1,0,RE1,,PWRGEO006,,2019,,,,,,,,,,,,,,,,0.0,
Scenario1,0,RE1,,PWRGEO006,,2020,,,,,,,,,,,,,,,,0.0,
Scenario1,0,RE1,,PWRGEO006,,2021,,,,,,,,,,,,,,,,0.0,
Scenario1,0,RE1,,PWRGEO006,,2022,,,,,,,,,,,,,,,,0.0,
Scenario1,0,RE1,,PWRGEO006,,2023,,,,,,,,,,,,,,,,0.0,
Scenario1,0,RE1,,PWRGEO006,,2024,,,,,,,,,,,,,,,,0.0,
Scenario1,0,RE1,,PWRGEO006,,2025,,,,,,,,,,,,,,,,0.0,
Scenario1,0,RE1,,PWRGEO006,,2026,,,,,,,,,,,,,,,,0.0,
Scenario1,0,RE1,,PWRGEO006,,2027,,,,,,,,,,,,,,,,0.0,
Scenario1,0,RE1,,PWRGEO006,,2028,,,,,,,,,,,,,,,,0.0,
Scenario1,0,RE1,,PWRGEO006,,2029,,,,,,,,,,,,,,,,0.0,
Scenario1,0,RE1,,PWRGEO006,,2030,,,,,,,,,,,,,,,,0.0,
Scenario1,0,RE1,,PWRGEO006,,2031,,,,,,,,,,,,,,,,0.0,
Scenario1,0,RE1,,PWRGEO006,,2032,,,,,,,,,,,,,,,,0.0,
Scenario1,0,RE1,,PWRGEO006,,2033,,,,,,,,,,,,,,,,0.0,
Scenario1,0,RE1,,PWRGEO006,,2034,,,,,,,,,,,,,,,,0.0,
Scenario1,0,RE1,,PWRGEO006,,2035,,,,,,,,,,,,,,,,0.0,
Scenario1,0,RE1,,PWRGEO006,,2036,,,,,,,,,,,,,,,,0.0,
Scenario1,0,RE1,,PWRGEO006,,2037,,,,,,,,,,,,,,,,0.0,
Scenario1,0,RE1,,PWRGEO006,,2038,,,,,,,,,,,,,,,,0.0,
Scenario1,0,RE1,,PWRGEO006,,2039,,,,,,,,,,,,,,,,0.0,
Scenario1,0,RE1,,PWRGEO006,,2040,,,,,,,,,,,,,,,,0.0,
Scenario1,0,RE1,,PWRGEO006,,2041,,,,,,,,,,,,,,,,790.2929735131635,
Scenario1,0,RE1,,PWRGEO006,,2042,,,,,,,,,,,,,,,,1042.1215668175007,
Scenario1,0,RE1,,PWRGEO006,,2043,,,,,,,,,,,,,,,,1092.3408140584618,
Scenario1,0,RE1,,PWRGEO006,,2044,,,,,,,,,,,,,,,,890.9496639794656,
Scenario1,0,RE1,,PWRGEO006,,2045,,,,,,,,,,,,,,,,2438.1720348612125,
Scenario1,0,RE1,,PWRGEO006,,2046,,,,,,,,,,,,,,,,1041.7334508481028,
Scenario1,0,RE1,,PWRGEO006,,2047,,,,,,,,,,,,,,,,1322.399783944982,
Scenario1,0,RE1,,PWRGEO006,,2048,,,,,,,,,,,,,,,,1196.6185876551438,
Scenario1,0,RE1,,PWRGEO006,,2049,,,,,,,,,,,,,,,,1120.3499243465417,
Scenario1,0,RE1,,PWRGEO006,,2050,,,,,,,,,,,,,,,,1363.631638971846,
Scenario1,0,RE1,,PWRGEO007,,2019,,,,,,,,,,,,,,,,0.0,
Scenario1,0,RE1,,PWRGEO007,,2020,,,,,,,,,,,,,,,,0.0,
Scenario1,0,RE1,,PWRGEO007,,2021,,,,,,,,,,,,,,,,0.0,
Scenario1,0,RE1,,PWRGEO007,,2022,,,,,,,,,,,,,,,,0.0,
Scenario1,0,RE1,,PWRGEO007,,2023,,,,,,,,,,,,,,,,0.0,
Scenario1,0,RE1,,PWRGEO007,,2024,,,,,,,,,,,,,,,,0.0,
Scenario1,0,RE1,,PWRGEO007,,2025,,,,,,,,,,,,,,,,0.0,
Scenario1,0,RE1,,PWRGEO007,,2026,,,,,,,,,,,,,,,,0.0,
Scenario1,0,RE1,,PWRGEO007,,2027,,,,,,,,,,,,,,,,0.0,
Scenario1,0,RE1,,PWRGEO007,,2028,,,,,,,,,,,,,,,,0.0,
Scenario1,0,RE1,,PWRGEO007,,2029,,,,,,,,,,,,,,,,0.0,
Scenario1,0,RE1,,PWRGEO007,,2030,,,,,,,,,,,,,,,,0.0,
Scenario1,0,RE1,,PWRGEO007,,2031,,,,,,,,,,,,,,,,0.0,
Scenario1,0,RE1,,PWRGEO007,,2032,,,,,,,,,,,,,,,,0.0,
Scenario1,0,RE1,,PWRGEO007,,2033,,,,,,,,,,,,,,,,0.0,
Scenario1,0,RE1,,PWRGEO007,,2034,,,,,,,,,,,,,,,,0.0,
Scenario1,0,RE1,,PWRGEO007,,2035,,,,,,,,,,,,,,,,0.0,
Scenario1,0,RE1,,PWRGEO007,,2036,,,,,,,,,,,,,,,,0.0,
Scenario1,0,RE1,,PWRGEO007,,2037,,,,,,,,,,,,,,,,0.0,
Scenario1,0,RE1,,PWRGEO007,,2038,,,,,,,,,,,,,,,,0.0,
Scenario1,0,RE1,,PWRGEO007,,2039,,,,,,,,,,,,,,,,0.0,
Scenario1,0,RE1,,PWRGEO007,,2040,,,,,,,,,,,,,,,,0.0,
Scenario1,0,RE1,,PWRGEO007,,2041,,,,,,,,,,,,,,,,0.0,
Scenario1,0,RE1,,PWRGEO007,,2042,,,,,,,,,,,,,,,,0.0,
Scenario1,0,RE1,,PWRGEO007,,2043,,,,,,,,,,,,,,,,0.0,
Scenario1,0,RE1,,PWRGEO007,,2044,,,,,,,,,,,,,,,,0.0,
Scenario1,0,RE1,,PWRGEO007,,2045,,,,,,,,,,,,,,,,0.0,
Scenario1,0,RE1,,PWRGEO007,,2046,,,,,,,,,,,,,,,,0.0,
Scenario1,0,RE1,,PWRGEO007,,2047,,,,,,,,,,,,,,,,0.0,
Scenario1,0,RE1,,PWRGEO007,,2048,,,,,,,,,,,,,,,,0.0,
Scenario1,0,RE1,,PWRGEO007,,2049,,,,,,,,,,,,,,,,0.0,
Scenario1,0,RE1,,PWRGEO007,,2050,,,,,,,,,,,,,,,,0.0,
Scenario1,0,RE1,,PWRHFO001,,2019,,,,,,,,,,,,,,,,0.0,
Scenario1,0,RE1,,PWRHFO001,,2020,,,,,,,,,,,,,,,,0.0,
Scenario1,0,RE1,,PWRHFO001,,2021,,,,,,,,,,,,,,,,0.0,
Scenario1,0,RE1,,PWRHFO001,,2022,,,,,,,,,,,,,,,,0.0,
Scenario1,0,RE1,,PWRHFO001,,2023,,,,,,,,,,,,,,,,0.0,
Scenario1,0,RE1,,PWRHFO001,,2024,,,,,,,,,,,,,,,,0.0,
Scenario1,0,RE1,,PWRHFO001,,2025,,,,,,,,,,,,,,,,0.0,
Scenario1,0,RE1,,PWRHFO001,,2026,,,,,,,,,,,,,,,,0.0,
Scenario1,0,RE1,,PWRHFO001,,2027,,,,,,,,,,,,,,,,0.0,
Scenario1,0,RE1,,PWRHFO001,,2028,,,,,,,,,,,,,,,,0.0,
Scenario1,0,RE1,,PWRHFO001,,2029,,,,,,,,,,,,,,,,0.0,
Scenario1,0,RE1,,PWRHFO001,,2030,,,,,,,,,,,,,,,,0.0,
Scenario1,0,RE1,,PWRHFO001,,2031,,,,,,,,,,,,,,,,0.0,
Scenario1,0,RE1,,PWRHFO001,,2032,,,,,,,,,,,,,,,,0.0,
Scenario1,0,RE1,,PWRHFO001,,2033,,,,,,,,,,,,,,,,0.0,
Scenario1,0,RE1,,PWRHFO001,,2034,,,,,,,,,,,,,,,,0.0,
Scenario1,0,RE1,,PWRHFO001,,2035,,,,,,,,,,,,,,,,0.0,
Scenario1,0,RE1,,PWRHFO001,,2036,,,,,,,,,,,,,,,,0.0,
Scenario1,0,RE1,,PWRHFO001,,2037,,,,,,,,,,,,,,,,0.0,
Scenario1,0,RE1,,PWRHFO001,,2038,,,,,,,,,,,,,,,,0.0,
Scenario1,0,RE1,,PWRHFO001,,2039,,,,,,,,,,,,,,,,0.0,
Scenario1,0,RE1,,PWRHFO001,,2040,,,,,,,,,,,,,,,,0.0,
Scenario1,0,RE1,,PWRHFO001,,2041,,,,,,,,,,,,,,,,0.0,
Scenario1,0,RE1,,PWRHFO001,,2042,,,,,,,,,,,,,,,,0.0,
Scenario1,0,RE1,,PWRHFO001,,2043,,,,,,,,,,,,,,,,0.0,
Scenario1,0,RE1,,PWRHFO001,,2044,,,,,,,,,,,,,,,,0.0,
Scenario1,0,RE1,,PWRHFO001,,2045,,,,,,,,,,,,,,,,0.0,
Scenario1,0,RE1,,PWRHFO001,,2046,,,,,,,,,,,,,,,,0.0,
Scenario1,0,RE1,,PWRHFO001,,2047,,,,,,,,,,,,,,,,0.0,
Scenario1,0,RE1,,PWRHFO001,,2048,,,,,,,,,,,,,,,,0.0,
Scenario1,0,RE1,,PWRHFO001,,2049,,,,,,,,,,,,,,,,0.0,
Scenario1,0,RE1,,PWRHFO001,,2050,,,,,,,,,,,,,,,,0.0,
Scenario1,0,RE1,,PWRHYD001,,2019,,,,,,,,,,,,,,,,0.0,
Scenario1,0,RE1,,PWRHYD001,,2020,,,,,,,,,,,,,,,,0.0,
Scenario1,0,RE1,,PWRHYD001,,2021,,,,,,,,,,,,,,,,0.0,
Scenario1,0,RE1,,PWRHYD001,,2022,,,,,,,,,,,,,,,,0.0,
Scenario1,0,RE1,,PWRHYD001,,2023,,,,,,,,,,,,,,,,0.0,
Scenario1,0,RE1,,PWRHYD001,,2024,,,,,,,,,,,,,,,,0.0,
Scenario1,0,RE1,,PWRHYD001,,2025,,,,,,,,,,,,,,,,0.0,
Scenario1,0,RE1,,PWRHYD001,,2026,,,,,,,,,,,,,,,,0.0,
Scenario1,0,RE1,,PWRHYD001,,2027,,,,,,,,,,,,,,,,0.0,
Scenario1,0,RE1,,PWRHYD001,,2028,,,,,,,,,,,,,,,,0.0,
Scenario1,0,RE1,,PWRHYD001,,2029,,,,,,,,,,,,,,,,0.0,
Scenario1,0,RE1,,PWRHYD001,,2030,,,,,,,,,,,,,,,,0.0,
Scenario1,0,RE1,,PWRHYD001,,2031,,,,,,,,,,,,,,,,0.0,
Scenario1,0,RE1,,PWRHYD001,,2032,,,,,,,,,,,,,,,,0.0,
Scenario1,0,RE1,,PWRHYD001,,2033,,,,,,,,,,,,,,,,0.0,
Scenario1,0,RE1,,PWRHYD001,,2034,,,,,,,,,,,,,,,,0.0,
Scenario1,0,RE1,,PWRHYD001,,2035,,,,,,,,,,,,,,,,0.0,
Scenario1,0,RE1,,PWRHYD001,,2036,,,,,,,,,,,,,,,,0.0,
Scenario1,0,RE1,,PWRHYD001,,2037,,,,,,,,,,,,,,,,0.0,
Scenario1,0,RE1,,PWRHYD001,,2038,,,,,,,,,,,,,,,,0.0,
Scenario1,0,RE1,,PWRHYD001,,2039,,,,,,,,,,,,,,,,0.0,
Scenario1,0,RE1,,PWRHYD001,,2040,,,,,,,,,,,,,,,,0.0,
Scenario1,0,RE1,,PWRHYD001,,2041,,,,,,,,,,,,,,,,0.0,
Scenario1,0,RE1,,PWRHYD001,,2042,,,,,,,,,,,,,,,,0.0,
Scenario1,0,RE1,,PWRHYD001,,2043,,,,,,,,,,,,,,,,0.0,
Scenario1,0,RE1,,PWRHYD001,,2044,,,,,,,,,,,,,,,,0.0,
Scenario1,0,RE1,,PWRHYD001,,2045,,,,,,,,,,,,,,,,0.0,
Scenario1,0,RE1,,PWRHYD001,,2046,,,,,,,,,,,,,,,,0.0,
Scenario1,0,RE1,,PWRHYD001,,2047,,,,,,,,,,,,,,,,0.0,
Scenario1,0,RE1,,PWRHYD001,,2048,,,,,,,,,,,,,,,,0.0,
Scenario1,0,RE1,,PWRHYD001,,2049,,,,,,,,,,,,,,,,0.0,
Scenario1,0,RE1,,PWRHYD001,,2050,,,,,,,,,,,,,,,,0.0,
Scenario1,0,RE1,,PWRHYD002,,2019,,,,,,,,,,,,,,,,0.0,
Scenario1,0,RE1,,PWRHYD002,,2020,,,,,,,,,,,,,,,,0.0,
Scenario1,0,RE1,,PWRHYD002,,2021,,,,,,,,,,,,,,,,0.0,
Scenario1,0,RE1,,PWRHYD002,,2022,,,,,,,,,,,,,,,,0.0,
Scenario1,0,RE1,,PWRHYD002,,2023,,,,,,,,,,,,,,,,0.0,
Scenario1,0,RE1,,PWRHYD002,,2024,,,,,,,,,,,,,,,,0.0,
Scenario1,0,RE1,,PWRHYD002,,2025,,,,,,,,,,,,,,,,0.0,
Scenario1,0,RE1,,PWRHYD002,,2026,,,,,,,,,,,,,,,,0.0,
Scenario1,0,RE1,,PWRHYD002,,2027,,,,,,,,,,,,,,,,0.0,
Scenario1,0,RE1,,PWRHYD002,,2028,,,,,,,,,,,,,,,,0.0,
Scenario1,0,RE1,,PWRHYD002,,2029,,,,,,,,,,,,,,,,0.0,
Scenario1,0,RE1,,PWRHYD002,,2030,,,,,,,,,,,,,,,,0.0,
Scenario1,0,RE1,,PWRHYD002,,2031,,,,,,,,,,,,,,,,0.0,
Scenario1,0,RE1,,PWRHYD002,,2032,,,,,,,,,,,,,,,,0.0,
Scenario1,0,RE1,,PWRHYD002,,2033,,,,,,,,,,,,,,,,0.0,
Scenario1,0,RE1,,PWRHYD002,,2034,,,,,,,,,,,,,,,,0.0,
Scenario1,0,RE1,,PWRHYD002,,2035,,,,,,,,,,,,,,,,0.0,
Scenario1,0,RE1,,PWRHYD002,,2036,,,,,,,,,,,,,,,,0.0,
Scenario1,0,RE1,,PWRHYD002,,2037,,,,,,,,,,,,,,,,0.0,
Scenario1,0,RE1,,PWRHYD002,,2038,,,,,,,,,,,,,,,,0.0,
Scenario1,0,RE1,,PWRHYD002,,2039,,,,,,,,,,,,,,,,0.0,
Scenario1,0,RE1,,PWRHYD002,,2040,,,,,,,,,,,,,,,,0.0,
Scenario1,0,RE1,,PWRHYD002,,2041,,,,,,,,,,,,,,,,0.0,
Scenario1,0,RE1,,PWRHYD002,,2042,,,,,,,,,,,,,,,,0.0,
Scenario1,0,RE1,,PWRHYD002,,2043,,,,,,,,,,,,,,,,0.0,
Scenario1,0,RE1,,PWRHYD002,,2044,,,,,,,,,,,,,,,,0.0,
Scenario1,0,RE1,,PWRHYD002,,2045,,,,,,,,,,,,,,,,0.0,
Scenario1,0,RE1,,PWRHYD002,,2046,,,,,,,,,,,,,,,,0.0,
Scenario1,0,RE1,,PWRHYD002,,2047,,,,,,,,,,,,,,,,0.0,
Scenario1,0,RE1,,PWRHYD002,,2048,,,,,,,,,,,,,,,,0.0,
Scenario1,0,RE1,,PWRHYD002,,2049,,,,,,,,,,,,,,,,0.0,
Scenario1,0,RE1,,PWRHYD002,,2050,,,,,,,,,,,,,,,,0.0,
Scenario1,0,RE1,,PWRHYD003,,2019,,,,,,,,,,,,,,,,0.0,
Scenario1,0,RE1,,PWRHYD003,,2020,,,,,,,,,,,,,,,,0.0,
Scenario1,0,RE1,,PWRHYD003,,2021,,,,,,,,,,,,,,,,0.0,
Scenario1,0,RE1,,PWRHYD003,,2022,,,,,,,,,,,,,,,,0.0,
Scenario1,0,RE1,,PWRHYD003,,2023,,,,,,,,,,,,,,,,0.0,
Scenario1,0,RE1,,PWRHYD003,,2024,,,,,,,,,,,,,,,,0.0,
Scenario1,0,RE1,,PWRHYD003,,2025,,,,,,,,,,,,,,,,0.0,
Scenario1,0,RE1,,PWRHYD003,,2026,,,,,,,,,,,,,,,,0.0,
Scenario1,0,RE1,,PWRHYD003,,2027,,,,,,,,,,,,,,,,0.0,
Scenario1,0,RE1,,PWRHYD003,,2028,,,,,,,,,,,,,,,,0.0,
Scenario1,0,RE1,,PWRHYD003,,2029,,,,,,,,,,,,,,,,0.0,
Scenario1,0,RE1,,PWRHYD003,,2030,,,,,,,,,,,,,,,,0.0,
Scenario1,0,RE1,,PWRHYD003,,2031,,,,,,,,,,,,,,,,0.0,
Scenario1,0,RE1,,PWRHYD003,,2032,,,,,,,,,,,,,,,,0.0,
Scenario1,0,RE1,,PWRHYD003,,2033,,,,,,,,,,,,,,,,0.0,
Scenario1,0,RE1,,PWRHYD003,,2034,,,,,,,,,,,,,,,,0.0,
Scenario1,0,RE1,,PWRHYD003,,2035,,,,,,,,,,,,,,,,0.0,
Scenario1,0,RE1,,PWRHYD003,,2036,,,,,,,,,,,,,,,,0.0,
Scenario1,0,RE1,,PWRHYD003,,2037,,,,,,,,,,,,,,,,0.0,
Scenario1,0,RE1,,PWRHYD003,,2038,,,,,,,,,,,,,,,,0.0,
Scenario1,0,RE1,,PWRHYD003,,2039,,,,,,,,,,,,,,,,0.0,
Scenario1,0,RE1,,PWRHYD003,,2040,,,,,,,,,,,,,,,,0.0,
Scenario1,0,RE1,,PWRHYD003,,2041,,,,,,,,,,,,,,,,0.0,
Scenario1,0,RE1,,PWRHYD003,,2042,,,,,,,,,,,,,,,,0.0,
Scenario1,0,RE1,,PWRHYD003,,2043,,,,,,,,,,,,,,,,0.0,
Scenario1,0,RE1,,PWRHYD003,,2044,,,,,,,,,,,,,,,,0.0,
Scenario1,0,RE1,,PWRHYD003,,2045,,,,,,,,,,,,,,,,0.0,
Scenario1,0,RE1,,PWRHYD003,,2046,,,,,,,,,,,,,,,,0.0,
Scenario1,0,RE1,,PWRHYD003,,2047,,,,,,,,,,,,,,,,0.0,
Scenario1,0,RE1,,PWRHYD003,,2048,,,,,,,,,,,,,,,,0.0,
Scenario1,0,RE1,,PWRHYD003,,2049,,,,,,,,,,,,,,,,0.0,
Scenario1,0,RE1,,PWRHYD003,,2050,,,,,,,,,,,,,,,,0.0,
Scenario1,0,RE1,,PWRHYD004,,2019,,,,,,,,,,,,,,,,0.0,
Scenario1,0,RE1,,PWRHYD004,,2020,,,,,,,,,,,,,,,,0.0,
Scenario1,0,RE1,,PWRHYD004,,2021,,,,,,,,,,,,,,,,0.0,
Scenario1,0,RE1,,PWRHYD004,,2022,,,,,,,,,,,,,,,,0.0,
Scenario1,0,RE1,,PWRHYD004,,2023,,,,,,,,,,,,,,,,0.0,
Scenario1,0,RE1,,PWRHYD004,,2024,,,,,,,,,,,,,,,,0.0,
Scenario1,0,RE1,,PWRHYD004,,2025,,,,,,,,,,,,,,,,0.0,
Scenario1,0,RE1,,PWRHYD004,,2026,,,,,,,,,,,,,,,,0.0,
Scenario1,0,RE1,,PWRHYD004,,2027,,,,,,,,,,,,,,,,0.0,
Scenario1,0,RE1,,PWRHYD004,,2028,,,,,,,,,,,,,,,,0.0,
Scenario1,0,RE1,,PWRHYD004,,2029,,,,,,,,,,,,,,,,0.0,
Scenario1,0,RE1,,PWRHYD004,,2030,,,,,,,,,,,,,,,,0.0,
Scenario1,0,RE1,,PWRHYD004,,2031,,,,,,,,,,,,,,,,0.0,
Scenario1,0,RE1,,PWRHYD004,,2032,,,,,,,,,,,,,,,,0.0,
Scenario1,0,RE1,,PWRHYD004,,2033,,,,,,,,,,,,,,,,0.0,
Scenario1,0,RE1,,PWRHYD004,,2034,,,,,,,,,,,,,,,,0.0,
Scenario1,0,RE1,,PWRHYD004,,2035,,,,,,,,,,,,,,,,0.0,
Scenario1,0,RE1,,PWRHYD004,,2036,,,,,,,,,,,,,,,,0.0,
Scenario1,0,RE1,,PWRHYD004,,2037,,,,,,,,,,,,,,,,0.0,
Scenario1,0,RE1,,PWRHYD004,,2038,,,,,,,,,,,,,,,,0.0,
Scenario1,0,RE1,,PWRHYD004,,2039,,,,,,,,,,,,,,,,0.0,
Scenario1,0,RE1,,PWRHYD004,,2040,,,,,,,,,,,,,,,,0.0,
Scenario1,0,RE1,,PWRHYD004,,2041,,,,,,,,,,,,,,,,0.0,
Scenario1,0,RE1,,PWRHYD004,,2042,,,,,,,,,,,,,,,,0.0,
Scenario1,0,RE1,,PWRHYD004,,2043,,,,,,,,,,,,,,,,0.0,
Scenario1,0,RE1,,PWRHYD004,,2044,,,,,,,,,,,,,,,,0.0,
Scenario1,0,RE1,,PWRHYD004,,2045,,,,,,,,,,,,,,,,0.0,
Scenario1,0,RE1,,PWRHYD004,,2046,,,,,,,,,,,,,,,,0.0,
Scenario1,0,RE1,,PWRHYD004,,2047,,,,,,,,,,,,,,,,0.0,
Scenario1,0,RE1,,PWRHYD004,,2048,,,,,,,,,,,,,,,,0.0,
Scenario1,0,RE1,,PWRHYD004,,2049,,,,,,,,,,,,,,,,0.0,
Scenario1,0,RE1,,PWRHYD004,,2050,,,,,,,,,,,,,,,,0.0,
Scenario1,0,RE1,,PWRHYD005,,2019,,,,,,,,,,,,,,,,0.0,
Scenario1,0,RE1,,PWRHYD005,,2020,,,,,,,,,,,,,,,,0.0,
Scenario1,0,RE1,,PWRHYD005,,2021,,,,,,,,,,,,,,,,0.0,
Scenario1,0,RE1,,PWRHYD005,,2022,,,,,,,,,,,,,,,,0.0,
Scenario1,0,RE1,,PWRHYD005,,2023,,,,,,,,,,,,,,,,25.435098000000004,
Scenario1,0,RE1,,PWRHYD005,,2024,,,,,,,,,,,,,,,,8.71065,
Scenario1,0,RE1,,PWRHYD005,,2025,,,,,,,,,,,,,,,,1.0452779999999997,
Scenario1,0,RE1,,PWRHYD005,,2026,,,,,,,,,,,,,,,,32.055192000000005,
Scenario1,0,RE1,,PWRHYD005,,2027,,,,,,,,,,,,,,,,33.44889599999998,
Scenario1,0,RE1,,PWRHYD005,,2028,,,,,,,,,,,,,,,,5.226390000000005,
Scenario1,0,RE1,,PWRHYD005,,2029,,,,,,,,,,,,,,,,19.51185600000001,
Scenario1,0,RE1,,PWRHYD005,,2030,,,,,,,,,,,,,,,,120.903822,
Scenario1,0,RE1,,PWRHYD005,,2031,,,,,,,,,,,,,,,,90.59076000000002,
Scenario1,0,RE1,,PWRHYD005,,2032,,,,,,,,,,,,,,,,55.74815999999998,
Scenario1,0,RE1,,PWRHYD005,,2033,,,,,,,,,,,,,,,,103.48252200000002,
Scenario1,0,RE1,,PWRHYD005,,2034,,,,,,,,,,,,,,,,77.69899800000003,
Scenario1,0,RE1,,PWRHYD005,,2035,,,,,,,,,,,,,,,,100.346688,
Scenario1,0,RE1,,PWRHYD005,,2036,,,,,,,,,,,,,,,,85.71279599999994,
Scenario1,0,RE1,,PWRHYD005,,2037,,,,,,,,,,,,,,,,0.0,
Scenario1,0,RE1,,PWRHYD005,,2038,,,,,,,,,,,,,,,,0.0,
Scenario1,0,RE1,,PWRHYD005,,2039,,,,,,,,,,,,,,,,0.0,
Scenario1,0,RE1,,PWRHYD005,,2040,,,,,,,,,,,,,,,,0.0,
Scenario1,0,RE1,,PWRHYD005,,2041,,,,,,,,,,,,,,,,0.0,
Scenario1,0,RE1,,PWRHYD005,,2042,,,,,,,,,,,,,,,,0.0,
Scenario1,0,RE1,,PWRHYD005,,2043,,,,,,,,,,,,,,,,0.0,
Scenario1,0,RE1,,PWRHYD005,,2044,,,,,,,,,,,,,,,,0.0,
Scenario1,0,RE1,,PWRHYD005,,2045,,,,,,,,,,,,,,,,0.0,
Scenario1,0,RE1,,PWRHYD005,,2046,,,,,,,,,,,,,,,,0.0,
Scenario1,0,RE1,,PWRHYD005,,2047,,,,,,,,,,,,,,,,0.0,
Scenario1,0,RE1,,PWRHYD005,,2048,,,,,,,,,,,,,,,,0.0,
Scenario1,0,RE1,,PWRHYD005,,2049,,,,,,,,,,,,,,,,0.0,
Scenario1,0,RE1,,PWRHYD005,,2050,,,,,,,,,,,,,,,,0.0,
Scenario1,0,RE1,,PWRLFO001,,2019,,,,,,,,,,,,,,,,0.0,
Scenario1,0,RE1,,PWRLFO001,,2020,,,,,,,,,,,,,,,,0.0,
Scenario1,0,RE1,,PWRLFO001,,2021,,,,,,,,,,,,,,,,0.0,
Scenario1,0,RE1,,PWRLFO001,,2022,,,,,,,,,,,,,,,,0.0,
Scenario1,0,RE1,,PWRLFO001,,2023,,,,,,,,,,,,,,,,0.0,
Scenario1,0,RE1,,PWRLFO001,,2024,,,,,,,,,,,,,,,,0.0,
Scenario1,0,RE1,,PWRLFO001,,2025,,,,,,,,,,,,,,,,0.0,
Scenario1,0,RE1,,PWRLFO001,,2026,,,,,,,,,,,,,,,,0.0,
Scenario1,0,RE1,,PWRLFO001,,2027,,,,,,,,,,,,,,,,0.0,
Scenario1,0,RE1,,PWRLFO001,,2028,,,,,,,,,,,,,,,,0.0,
Scenario1,0,RE1,,PWRLFO001,,2029,,,,,,,,,,,,,,,,0.0,
Scenario1,0,RE1,,PWRLFO001,,2030,,,,,,,,,,,,,,,,0.0,
Scenario1,0,RE1,,PWRLFO001,,2031,,,,,,,,,,,,,,,,0.0,
Scenario1,0,RE1,,PWRLFO001,,2032,,,,,,,,,,,,,,,,0.0,
Scenario1,0,RE1,,PWRLFO001,,2033,,,,,,,,,,,,,,,,0.0,
Scenario1,0,RE1,,PWRLFO001,,2034,,,,,,,,,,,,,,,,0.0,
Scenario1,0,RE1,,PWRLFO001,,2035,,,,,,,,,,,,,,,,0.0,
Scenario1,0,RE1,,PWRLFO001,,2036,,,,,,,,,,,,,,,,0.0,
Scenario1,0,RE1,,PWRLFO001,,2037,,,,,,,,,,,,,,,,0.0,
Scenario1,0,RE1,,PWRLFO001,,2038,,,,,,,,,,,,,,,,0.0,
Scenario1,0,RE1,,PWRLFO001,,2039,,,,,,,,,,,,,,,,0.0,
Scenario1,0,RE1,,PWRLFO001,,2040,,,,,,,,,,,,,,,,0.0,
Scenario1,0,RE1,,PWRLFO001,,2041,,,,,,,,,,,,,,,,0.0,
Scenario1,0,RE1,,PWRLFO001,,2042,,,,,,,,,,,,,,,,0.0,
Scenario1,0,RE1,,PWRLFO001,,2043,,,,,,,,,,,,,,,,0.0,
Scenario1,0,RE1,,PWRLFO001,,2044,,,,,,,,,,,,,,,,0.0,
Scenario1,0,RE1,,PWRLFO001,,2045,,,,,,,,,,,,,,,,0.0,
Scenario1,0,RE1,,PWRLFO001,,2046,,,,,,,,,,,,,,,,0.0,
Scenario1,0,RE1,,PWRLFO001,,2047,,,,,,,,,,,,,,,,0.0,
Scenario1,0,RE1,,PWRLFO001,,2048,,,,,,,,,,,,,,,,0.0,
Scenario1,0,RE1,,PWRLFO001,,2049,,,,,,,,,,,,,,,,0.0,
Scenario1,0,RE1,,PWRLFO001,,2050,,,,,,,,,,,,,,,,0.0,
Scenario1,0,RE1,,PWRNGS001,,2019,,,,,,,,,,,,,,,,0.0,
Scenario1,0,RE1,,PWRNGS001,,2020,,,,,,,,,,,,,,,,0.0,
Scenario1,0,RE1,,PWRNGS001,,2021,,,,,,,,,,,,,,,,0.0,
Scenario1,0,RE1,,PWRNGS001,,2022,,,,,,,,,,,,,,,,0.0,
Scenario1,0,RE1,,PWRNGS001,,2023,,,,,,,,,,,,,,,,0.0,
Scenario1,0,RE1,,PWRNGS001,,2024,,,,,,,,,,,,,,,,0.0,
Scenario1,0,RE1,,PWRNGS001,,2025,,,,,,,,,,,,,,,,0.0,
Scenario1,0,RE1,,PWRNGS001,,2026,,,,,,,,,,,,,,,,0.0,
Scenario1,0,RE1,,PWRNGS001,,2027,,,,,,,,,,,,,,,,0.0,
Scenario1,0,RE1,,PWRNGS001,,2028,,,,,,,,,,,,,,,,0.0,
Scenario1,0,RE1,,PWRNGS001,,2029,,,,,,,,,,,,,,,,0.0,
Scenario1,0,RE1,,PWRNGS001,,2030,,,,,,,,,,,,,,,,0.0,
Scenario1,0,RE1,,PWRNGS001,,2031,,,,,,,,,,,,,,,,0.0,
Scenario1,0,RE1,,PWRNGS001,,2032,,,,,,,,,,,,,,,,0.0,
Scenario1,0,RE1,,PWRNGS001,,2033,,,,,,,,,,,,,,,,0.0,
Scenario1,0,RE1,,PWRNGS001,,2034,,,,,,,,,,,,,,,,0.0,
Scenario1,0,RE1,,PWRNGS001,,2035,,,,,,,,,,,,,,,,0.0,
Scenario1,0,RE1,,PWRNGS001,,2036,,,,,,,,,,,,,,,,0.0,
Scenario1,0,RE1,,PWRNGS001,,2037,,,,,,,,,,,,,,,,0.0,
Scenario1,0,RE1,,PWRNGS001,,2038,,,,,,,,,,,,,,,,0.0,
Scenario1,0,RE1,,PWRNGS001,,2039,,,,,,,,,,,,,,,,0.0,
Scenario1,0,RE1,,PWRNGS001,,2040,,,,,,,,,,,,,,,,0.0,
Scenario1,0,RE1,,PWRNGS001,,2041,,,,,,,,,,,,,,,,0.0,
Scenario1,0,RE1,,PWRNGS001,,2042,,,,,,,,,,,,,,,,0.0,
Scenario1,0,RE1,,PWRNGS001,,2043,,,,,,,,,,,,,,,,0.0,
Scenario1,0,RE1,,PWRNGS001,,2044,,,,,,,,,,,,,,,,0.0,
Scenario1,0,RE1,,PWRNGS001,,2045,,,,,,,,,,,,,,,,0.0,
Scenario1,0,RE1,,PWRNGS001,,2046,,,,,,,,,,,,,,,,0.0,
Scenario1,0,RE1,,PWRNGS001,,2047,,,,,,,,,,,,,,,,0.0,
Scenario1,0,RE1,,PWRNGS001,,2048,,,,,,,,,,,,,,,,0.0,
Scenario1,0,RE1,,PWRNGS001,,2049,,,,,,,,,,,,,,,,0.0,
Scenario1,0,RE1,,PWRNGS001,,2050,,,,,,,,,,,,,,,,0.0,
Scenario1,0,RE1,,PWRPHS001,,2019,,,,,,,,,,,,,,,,0.0,
Scenario1,0,RE1,,PWRPHS001,,2020,,,,,,,,,,,,,,,,0.0,
Scenario1,0,RE1,,PWRPHS001,,2021,,,,,,,,,,,,,,,,0.0,
Scenario1,0,RE1,,PWRPHS001,,2022,,,,,,,,,,,,,,,,0.0,
Scenario1,0,RE1,,PWRPHS001,,2023,,,,,,,,,,,,,,,,0.0,
Scenario1,0,RE1,,PWRPHS001,,2024,,,,,,,,,,,,,,,,0.0,
Scenario1,0,RE1,,PWRPHS001,,2025,,,,,,,,,,,,,,,,0.0,
Scenario1,0,RE1,,PWRPHS001,,2026,,,,,,,,,,,,,,,,0.0,
Scenario1,0,RE1,,PWRPHS001,,2027,,,,,,,,,,,,,,,,0.0,
Scenario1,0,RE1,,PWRPHS001,,2028,,,,,,,,,,,,,,,,0.0,
Scenario1,0,RE1,,PWRPHS001,,2029,,,,,,,,,,,,,,,,0.0,
Scenario1,0,RE1,,PWRPHS001,,2030,,,,,,,,,,,,,,,,0.0,
Scenario1,0,RE1,,PWRPHS001,,2031,,,,,,,,,,,,,,,,0.0,
Scenario1,0,RE1,,PWRPHS001,,2032,,,,,,,,,,,,,,,,0.0,
Scenario1,0,RE1,,PWRPHS001,,2033,,,,,,,,,,,,,,,,0.0,
Scenario1,0,RE1,,PWRPHS001,,2034,,,,,,,,,,,,,,,,341.409,
Scenario1,0,RE1,,PWRPHS001,,2035,,,,,,,,,,,,,,,,0.0,
Scenario1,0,RE1,,PWRPHS001,,2036,,,,,,,,,,,,,,,,0.0,
Scenario1,0,RE1,,PWRPHS001,,2037,,,,,,,,,,,,,,,,0.0,
Scenario1,0,RE1,,PWRPHS001,,2038,,,,,,,,,,,,,,,,0.0,
Scenario1,0,RE1,,PWRPHS001,,2039,,,,,,,,,,,,,,,,0.0,
Scenario1,0,RE1,,PWRPHS001,,2040,,,,,,,,,,,,,,,,0.0,
Scenario1,0,RE1,,PWRPHS001,,2041,,,,,,,,,,,,,,,,0.0,
Scenario1,0,RE1,,PWRPHS001,,2042,,,,,,,,,,,,,,,,0.0,
Scenario1,0,RE1,,PWRPHS001,,2043,,,,,,,,,,,,,,,,0.0,
Scenario1,0,RE1,,PWRPHS001,,2044,,,,,,,,,,,,,,,,0.0,
Scenario1,0,RE1,,PWRPHS001,,2045,,,,,,,,,,,,,,,,0.0,
Scenario1,0,RE1,,PWRPHS001,,2046,,,,,,,,,,,,,,,,0.0,
Scenario1,0,RE1,,PWRPHS001,,2047,,,,,,,,,,,,,,,,0.0,
Scenario1,0,RE1,,PWRPHS001,,2048,,,,,,,,,,,,,,,,0.0,
Scenario1,0,RE1,,PWRPHS001,,2049,,,,,,,,,,,,,,,,0.0,
Scenario1,0,RE1,,PWRPHS001,,2050,,,,,,,,,,,,,,,,0.0,
Scenario1,0,RE1,,PWRPHS002,,2019,,,,,,,,,,,,,,,,0.0,
Scenario1,0,RE1,,PWRPHS002,,2020,,,,,,,,,,,,,,,,0.0,
Scenario1,0,RE1,,PWRPHS002,,2021,,,,,,,,,,,,,,,,0.0,
Scenario1,0,RE1,,PWRPHS002,,2022,,,,,,,,,,,,,,,,0.0,
Scenario1,0,RE1,,PWRPHS002,,2023,,,,,,,,,,,,,,,,0.0,
Scenario1,0,RE1,,PWRPHS002,,2024,,,,,,,,,,,,,,,,0.0,
Scenario1,0,RE1,,PWRPHS002,,2025,,,,,,,,,,,,,,,,0.0,
Scenario1,0,RE1,,PWRPHS002,,2026,,,,,,,,,,,,,,,,0.0,
Scenario1,0,RE1,,PWRPHS002,,2027,,,,,,,,,,,,,,,,0.0,
Scenario1,0,RE1,,PWRPHS002,,2028,,,,,,,,,,,,,,,,0.0,
Scenario1,0,RE1,,PWRPHS002,,2029,,,,,,,,,,,,,,,,0.0,
Scenario1,0,RE1,,PWRPHS002,,2030,,,,,,,,,,,,,,,,0.0,
Scenario1,0,RE1,,PWRPHS002,,2031,,,,,,,,,,,,,,,,0.0,
Scenario1,0,RE1,,PWRPHS002,,2032,,,,,,,,,,,,,,,,0.0,
Scenario1,0,RE1,,PWRPHS002,,2033,,,,,,,,,,,,,,,,0.0,
Scenario1,0,RE1,,PWRPHS002,,2034,,,,,,,,,,,,,,,,341.409,
Scenario1,0,RE1,,PWRPHS002,,2035,,,,,,,,,,,,,,,,0.0,
Scenario1,0,RE1,,PWRPHS002,,2036,,,,,,,,,,,,,,,,0.0,
Scenario1,0,RE1,,PWRPHS002,,2037,,,,,,,,,,,,,,,,0.0,
Scenario1,0,RE1,,PWRPHS002,,2038,,,,,,,,,,,,,,,,0.0,
Scenario1,0,RE1,,PWRPHS002,,2039,,,,,,,,,,,,,,,,0.0,
Scenario1,0,RE1,,PWRPHS002,,2040,,,,,,,,,,,,,,,,0.0,
Scenario1,0,RE1,,PWRPHS002,,2041,,,,,,,,,,,,,,,,0.0,
Scenario1,0,RE1,,PWRPHS002,,2042,,,,,,,,,,,,,,,,0.0,
Scenario1,0,RE1,,PWRPHS002,,2043,,,,,,,,,,,,,,,,0.0,
Scenario1,0,RE1,,PWRPHS002,,2044,,,,,,,,,,,,,,,,0.0,
Scenario1,0,RE1,,PWRPHS002,,2045,,,,,,,,,,,,,,,,0.0,
Scenario1,0,RE1,,PWRPHS002,,2046,,,,,,,,,,,,,,,,0.0,
Scenario1,0,RE1,,PWRPHS002,,2047,,,,,,,,,,,,,,,,0.0,
Scenario1,0,RE1,,PWRPHS002,,2048,,,,,,,,,,,,,,,,0.0,
Scenario1,0,RE1,,PWRPHS002,,2049,,,,,,,,,,,,,,,,0.0,
Scenario1,0,RE1,,PWRPHS002,,2050,,,,,,,,,,,,,,,,0.0,
Scenario1,0,RE1,,PWRSOL001,,2019,,,,,,,,,,,,,,,,0.0,
Scenario1,0,RE1,,PWRSOL001,,2020,,,,,,,,,,,,,,,,0.0,
Scenario1,0,RE1,,PWRSOL001,,2021,,,,,,,,,,,,,,,,34.9503,
Scenario1,0,RE1,,PWRSOL001,,2022,,,,,,,,,,,,,,,,46.032,
Scenario1,0,RE1,,PWRSOL001,,2023,,,,,,,,,,,,,,,,46.78294999999999,
Scenario1,0,RE1,,PWRSOL001,,2024,,,,,,,,,,,,,,,,44.16799999999999,
Scenario1,0,RE1,,PWRSOL001,,2025,,,,,,,,,,,,,,,,0.0,
Scenario1,0,RE1,,PWRSOL001,,2026,,,,,,,,,,,,,,,,43.264,
Scenario1,0,RE1,,PWRSOL001,,2027,,,,,,,,,,,,,,,,0.0,
Scenario1,0,RE1,,PWRSOL001,,2028,,,,,,,,,,,,,,,,0.0,
Scenario1,0,RE1,,PWRSOL001,,2029,,,,,,,,,,,,,,,,0.0,
Scenario1,0,RE1,,PWRSOL001,,2030,,,,,,,,,,,,,,,,0.0,
Scenario1,0,RE1,,PWRSOL001,,2031,,,,,,,,,,,,,,,,0.0,
Scenario1,0,RE1,,PWRSOL001,,2032,,,,,,,,,,,,,,,,0.0,
Scenario1,0,RE1,,PWRSOL001,,2033,,,,,,,,,,,,,,,,0.0,
Scenario1,0,RE1,,PWRSOL001,,2034,,,,,,,,,,,,,,,,0.0,
Scenario1,0,RE1,,PWRSOL001,,2035,,,,,,,,,,,,,,,,0.0,
Scenario1,0,RE1,,PWRSOL001,,2036,,,,,,,,,,,,,,,,0.0,
Scenario1,0,RE1,,PWRSOL001,,2037,,,,,,,,,,,,,,,,0.0,
Scenario1,0,RE1,,PWRSOL001,,2038,,,,,,,,,,,,,,,,54.35039999999997,
Scenario1,0,RE1,,PWRSOL001,,2039,,,,,,,,,,,,,,,,0.0,
Scenario1,0,RE1,,PWRSOL001,,2040,,,,,,,,,,,,,,,,0.0,
Scenario1,0,RE1,,PWRSOL001,,2041,,,,,,,,,,,,,,,,0.0,
Scenario1,0,RE1,,PWRSOL001,,2042,,,,,,,,,,,,,,,,0.0,
Scenario1,0,RE1,,PWRSOL001,,2043,,,,,,,,,,,,,,,,0.0,
Scenario1,0,RE1,,PWRSOL001,,2044,,,,,,,,,,,,,,,,0.0,
Scenario1,0,RE1,,PWRSOL001,,2045,,,,,,,,,,,,,,,,0.0,
Scenario1,0,RE1,,PWRSOL001,,2046,,,,,,,,,,,,,,,,0.0,
Scenario1,0,RE1,,PWRSOL001,,2047,,,,,,,,,,,,,,,,0.0,
Scenario1,0,RE1,,PWRSOL001,,2048,,,,,,,,,,,,,,,,0.0,
Scenario1,0,RE1,,PWRSOL001,,2049,,,,,,,,,,,,,,,,0.0,
Scenario1,0,RE1,,PWRSOL001,,2050,,,,,,,,,,,,,,,,0.0,
Scenario1,0,RE1,,PWRSOL002,,2019,,,,,,,,,,,,,,,,0.0,
Scenario1,0,RE1,,PWRSOL002,,2020,,,,,,,,,,,,,,,,0.0,
Scenario1,0,RE1,,PWRSOL002,,2021,,,,,,,,,,,,,,,,0.0,
Scenario1,0,RE1,,PWRSOL002,,2022,,,,,,,,,,,,,,,,0.0,
Scenario1,0,RE1,,PWRSOL002,,2023,,,,,,,,,,,,,,,,0.0,
Scenario1,0,RE1,,PWRSOL002,,2024,,,,,,,,,,,,,,,,0.0,
Scenario1,0,RE1,,PWRSOL002,,2025,,,,,,,,,,,,,,,,0.0,
Scenario1,0,RE1,,PWRSOL002,,2026,,,,,,,,,,,,,,,,0.0,
Scenario1,0,RE1,,PWRSOL002,,2027,,,,,,,,,,,,,,,,0.0,
Scenario1,0,RE1,,PWRSOL002,,2028,,,,,,,,,,,,,,,,0.0,
Scenario1,0,RE1,,PWRSOL002,,2029,,,,,,,,,,,,,,,,0.0,
Scenario1,0,RE1,,PWRSOL002,,2030,,,,,,,,,,,,,,,,0.0,
Scenario1,0,RE1,,PWRSOL002,,2031,,,,,,,,,,,,,,,,0.0,
Scenario1,0,RE1,,PWRSOL002,,2032,,,,,,,,,,,,,,,,0.0,
Scenario1,0,RE1,,PWRSOL002,,2033,,,,,,,,,,,,,,,,0.0,
Scenario1,0,RE1,,PWRSOL002,,2034,,,,,,,,,,,,,,,,0.0,
Scenario1,0,RE1,,PWRSOL002,,2035,,,,,,,,,,,,,,,,0.0,
Scenario1,0,RE1,,PWRSOL002,,2036,,,,,,,,,,,,,,,,0.0,
Scenario1,0,RE1,,PWRSOL002,,2037,,,,,,,,,,,,,,,,0.0,
Scenario1,0,RE1,,PWRSOL002,,2038,,,,,,,,,,,,,,,,0.0,
Scenario1,0,RE1,,PWRSOL002,,2039,,,,,,,,,,,,,,,,0.0,
Scenario1,0,RE1,,PWRSOL002,,2040,,,,,,,,,,,,,,,,0.0,
Scenario1,0,RE1,,PWRSOL002,,2041,,,,,,,,,,,,,,,,0.0,
Scenario1,0,RE1,,PWRSOL002,,2042,,,,,,,,,,,,,,,,0.0,
Scenario1,0,RE1,,PWRSOL002,,2043,,,,,,,,,,,,,,,,0.0,
Scenario1,0,RE1,,PWRSOL002,,2044,,,,,,,,,,,,,,,,0.0,
Scenario1,0,RE1,,PWRSOL002,,2045,,,,,,,,,,,,,,,,0.0,
Scenario1,0,RE1,,PWRSOL002,,2046,,,,,,,,,,,,,,,,0.0,
Scenario1,0,RE1,,PWRSOL002,,2047,,,,,,,,,,,,,,,,0.0,
Scenario1,0,RE1,,PWRSOL002,,2048,,,,,,,,,,,,,,,,0.0,
Scenario1,0,RE1,,PWRSOL002,,2049,,,,,,,,,,,,,,,,0.0,
Scenario1,0,RE1,,PWRSOL002,,2050,,,,,,,,,,,,,,,,0.0,
Scenario1,0,RE1,,PWRTRN,,2019,,,,,,,,,,,,,,,,142.04559632648957,
Scenario1,0,RE1,,PWRTRN,,2020,,,,,,,,,,,,,,,,12.554475844922225,
Scenario1,0,RE1,,PWRTRN,,2021,,,,,,,,,,,,,,,,32.339796473535884,
Scenario1,0,RE1,,PWRTRN,,2022,,,,,,,,,,,,,,,,24.6265096499382,
Scenario1,0,RE1,,PWRTRN,,2023,,,,,,,,,,,,,,,,23.07742305208778,
Scenario1,0,RE1,,PWRTRN,,2024,,,,,,,,,,,,,,,,26.876561040147603,
Scenario1,0,RE1,,PWRTRN,,2025,,,,,,,,,,,,,,,,29.29573435804992,
Scenario1,0,RE1,,PWRTRN,,2026,,,,,,,,,,,,,,,,30.69235647207289,
Scenario1,0,RE1,,PWRTRN,,2027,,,,,,,,,,,,,,,,50.7480880236355,
Scenario1,0,RE1,,PWRTRN,,2028,,,,,,,,,,,,,,,,53.7167533876701,
Scenario1,0,RE1,,PWRTRN,,2029,,,,,,,,,,,,,,,,61.43718966882795,
Scenario1,0,RE1,,PWRTRN,,2030,,,,,,,,,,,,,,,,65.93134379606434,
Scenario1,0,RE1,,PWRTRN,,2031,,,,,,,,,,,,,,,,61.57785070511808,
Scenario1,0,RE1,,PWRTRN,,2032,,,,,,,,,,,,,,,,68.35062934229437,
Scenario1,0,RE1,,PWRTRN,,2033,,,,,,,,,,,,,,,,69.29307411673598,
Scenario1,0,RE1,,PWRTRN,,2034,,,,,,,,,,,,,,,,73.73338852726266,
Scenario1,0,RE1,,PWRTRN,,2035,,,,,,,,,,,,,,,,77.58602529338573,
Scenario1,0,RE1,,PWRTRN,,2036,,,,,,,,,,,,,,,,78.68011618554758,
Scenario1,0,RE1,,PWRTRN,,2037,,,,,,,,,,,,,,,,88.55953969842648,
Scenario1,0,RE1,,PWRTRN,,2038,,,,,,,,,,,,,,,,92.2807024928632,
Scenario1,0,RE1,,PWRTRN,,2039,,,,,,,,,,,,,,,,97.58176069281544,
Scenario1,0,RE1,,PWRTRN,,2040,,,,,,,,,,,,,,,,103.51655124043305,
Scenario1,0,RE1,,PWRTRN,,2041,,,,,,,,,,,,,,,,109.09786738167249,
Scenario1,0,RE1,,PWRTRN,,2042,,,,,,,,,,,,,,,,112.9721500009722,
Scenario1,0,RE1,,PWRTRN,,2043,,,,,,,,,,,,,,,,120.51872849028656,
Scenario1,0,RE1,,PWRTRN,,2044,,,,,,,,,,,,,,,,126.97763280482098,
Scenario1,0,RE1,,PWRTRN,,2045,,,,,,,,,,,,,,,,134.31612199392765,
Scenario1,0,RE1,,PWRTRN,,2046,,,,,,,,,,,,,,,,141.8039218593657,
Scenario1,0,RE1,,PWRTRN,,2047,,,,,,,,,,,,,,,,149.4101331338173,
Scenario1,0,RE1,,PWRTRN,,2048,,,,,,,,,,,,,,,,158.04245363462024,
Scenario1,0,RE1,,PWRTRN,,2049,,,,,,,,,,,,,,,,166.8552431000534,
Scenario1,0,RE1,,PWRTRN,,2050,,,,,,,,,,,,,,,,175.8038936189656,
Scenario1,0,RE1,,PWRURN001,,2019,,,,,,,,,,,,,,,,0.0,
Scenario1,0,RE1,,PWRURN001,,2020,,,,,,,,,,,,,,,,0.0,
Scenario1,0,RE1,,PWRURN001,,2021,,,,,,,,,,,,,,,,0.0,
Scenario1,0,RE1,,PWRURN001,,2022,,,,,,,,,,,,,,,,0.0,
Scenario1,0,RE1,,PWRURN001,,2023,,,,,,,,,,,,,,,,0.0,
Scenario1,0,RE1,,PWRURN001,,2024,,,,,,,,,,,,,,,,0.0,
Scenario1,0,RE1,,PWRURN001,,2025,,,,,,,,,,,,,,,,0.0,
Scenario1,0,RE1,,PWRURN001,,2026,,,,,,,,,,,,,,,,0.0,
Scenario1,0,RE1,,PWRURN001,,2027,,,,,,,,,,,,,,,,0.0,
Scenario1,0,RE1,,PWRURN001,,2028,,,,,,,,,,,,,,,,0.0,
Scenario1,0,RE1,,PWRURN001,,2029,,,,,,,,,,,,,,,,0.0,
Scenario1,0,RE1,,PWRURN001,,2030,,,,,,,,,,,,,,,,0.0,
Scenario1,0,RE1,,PWRURN001,,2031,,,,,,,,,,,,,,,,0.0,
Scenario1,0,RE1,,PWRURN001,,2032,,,,,,,,,,,,,,,,0.0,
Scenario1,0,RE1,,PWRURN001,,2033,,,,,,,,,,,,,,,,0.0,
Scenario1,0,RE1,,PWRURN001,,2034,,,,,,,,,,,,,,,,0.0,
Scenario1,0,RE1,,PWRURN001,,2035,,,,,,,,,,,,,,,,0.0,
Scenario1,0,RE1,,PWRURN001,,2036,,,,,,,,,,,,,,,,0.0,
Scenario1,0,RE1,,PWRURN001,,2037,,,,,,,,,,,,,,,,0.0,
Scenario1,0,RE1,,PWRURN001,,2038,,,,,,,,,,,,,,,,0.0,
Scenario1,0,RE1,,PWRURN001,,2039,,,,,,,,,,,,,,,,0.0,
Scenario1,0,RE1,,PWRURN001,,2040,,,,,,,,,,,,,,,,0.0,
Scenario1,0,RE1,,PWRURN001,,2041,,,,,,,,,,,,,,,,0.0,
Scenario1,0,RE1,,PWRURN001,,2042,,,,,,,,,,,,,,,,0.0,
Scenario1,0,RE1,,PWRURN001,,2043,,,,,,,,,,,,,,,,0.0,
Scenario1,0,RE1,,PWRURN001,,2044,,,,,,,,,,,,,,,,0.0,
Scenario1,0,RE1,,PWRURN001,,2045,,,,,,,,,,,,,,,,0.0,
Scenario1,0,RE1,,PWRURN001,,2046,,,,,,,,,,,,,,,,0.0,
Scenario1,0,RE1,,PWRURN001,,2047,,,,,,,,,,,,,,,,0.0,
Scenario1,0,RE1,,PWRURN001,,2048,,,,,,,,,,,,,,,,0.0,
Scenario1,0,RE1,,PWRURN001,,2049,,,,,,,,,,,,,,,,0.0,
Scenario1,0,RE1,,PWRURN001,,2050,,,,,,,,,,,,,,,,0.0,
Scenario1,0,RE1,,PWRWND001,,2019,,,,,,,,,,,,,,,,0.0,
Scenario1,0,RE1,,PWRWND001,,2020,,,,,,,,,,,,,,,,0.0,
Scenario1,0,RE1,,PWRWND001,,2021,,,,,,,,,,,,,,,,0.0,
Scenario1,0,RE1,,PWRWND001,,2022,,,,,,,,,,,,,,,,0.0,
Scenario1,0,RE1,,PWRWND001,,2023,,,,,,,,,,,,,,,,0.0,
Scenario1,0,RE1,,PWRWND001,,2024,,,,,,,,,,,,,,,,0.0,
Scenario1,0,RE1,,PWRWND001,,2025,,,,,,,,,,,,,,,,0.0,
Scenario1,0,RE1,,PWRWND001,,2026,,,,,,,,,,,,,,,,0.0,
Scenario1,0,RE1,,PWRWND001,,2027,,,,,,,,,,,,,,,,0.0,
Scenario1,0,RE1,,PWRWND001,,2028,,,,,,,,,,,,,,,,0.0,
Scenario1,0,RE1,,PWRWND001,,2029,,,,,,,,,,,,,,,,0.0,
Scenario1,0,RE1,,PWRWND001,,2030,,,,,,,,,,,,,,,,0.0,
Scenario1,0,RE1,,PWRWND001,,2031,,,,,,,,,,,,,,,,0.0,
Scenario1,0,RE1,,PWRWND001,,2032,,,,,,,,,,,,,,,,0.0,
Scenario1,0,RE1,,PWRWND001,,2033,,,,,,,,,,,,,,,,0.0,
Scenario1,0,RE1,,PWRWND001,,2034,,,,,,,,,,,,,,,,0.0,
Scenario1,0,RE1,,PWRWND001,,2035,,,,,,,,,,,,,,,,0.0,
Scenario1,0,RE1,,PWRWND001,,2036,,,,,,,,,,,,,,,,0.0,
Scenario1,0,RE1,,PWRWND001,,2037,,,,,,,,,,,,,,,,0.0,
Scenario1,0,RE1,,PWRWND001,,2038,,,,,,,,,,,,,,,,0.0,
Scenario1,0,RE1,,PWRWND001,,2039,,,,,,,,,,,,,,,,0.0,
Scenario1,0,RE1,,PWRWND001,,2040,,,,,,,,,,,,,,,,0.0,
Scenario1,0,RE1,,PWRWND001,,2041,,,,,,,,,,,,,,,,0.0,
Scenario1,0,RE1,,PWRWND001,,2042,,,,,,,,,,,,,,,,0.0,
Scenario1,0,RE1,,PWRWND001,,2043,,,,,,,,,,,,,,,,0.0,
Scenario1,0,RE1,,PWRWND001,,2044,,,,,,,,,,,,,,,,0.0,
Scenario1,0,RE1,,PWRWND001,,2045,,,,,,,,,,,,,,,,0.0,
Scenario1,0,RE1,,PWRWND001,,2046,,,,,,,,,,,,,,,,0.0,
Scenario1,0,RE1,,PWRWND001,,2047,,,,,,,,,,,,,,,,0.0,
Scenario1,0,RE1,,PWRWND001,,2048,,,,,,,,,,,,,,,,0.0,
Scenario1,0,RE1,,PWRWND001,,2049,,,,,,,,,,,,,,,,0.0,
Scenario1,0,RE1,,PWRWND001,,2050,,,,,,,,,,,,,,,,0.0,
Scenario1,0,RE1,,PWRWND002,,2019,,,,,,,,,,,,,,,,0.0,
Scenario1,0,RE1,,PWRWND002,,2020,,,,,,,,,,,,,,,,0.0,
Scenario1,0,RE1,,PWRWND002,,2021,,,,,,,,,,,,,,,,0.0,
Scenario1,0,RE1,,PWRWND002,,2022,,,,,,,,,,,,,,,,0.0,
Scenario1,0,RE1,,PWRWND002,,2023,,,,,,,,,,,,,,,,0.0,
Scenario1,0,RE1,,PWRWND002,,2024,,,,,,,,,,,,,,,,0.0,
Scenario1,0,RE1,,PWRWND002,,2025,,,,,,,,,,,,,,,,404.59690841121454,
Scenario1,0,RE1,,PWRWND002,,2026,,,,,,,,,,,,,,,,0.0,
Scenario1,0,RE1,,PWRWND002,,2027,,,,,,,,,,,,,,,,0.0,
Scenario1,0,RE1,,PWRWND002,,2028,,,,,,,,,,,,,,,,0.0,
Scenario1,0,RE1,,PWRWND002,,2029,,,,,,,,,,,,,,,,0.0,
Scenario1,0,RE1,,PWRWND002,,2030,,,,,,,,,,,,,,,,0.0,
Scenario1,0,RE1,,PWRWND002,,2031,,,,,,,,,,,,,,,,0.0,
Scenario1,0,RE1,,PWRWND002,,2032,,,,,,,,,,,,,,,,0.0,
Scenario1,0,RE1,,PWRWND002,,2033,,,,,,,,,,,,,,,,0.0,
Scenario1,0,RE1,,PWRWND002,,2034,,,,,,,,,,,,,,,,0.0,
Scenario1,0,RE1,,PWRWND002,,2035,,,,,,,,,,,,,,,,0.0,
Scenario1,0,RE1,,PWRWND002,,2036,,,,,,,,,,,,,,,,0.0,
Scenario1,0,RE1,,PWRWND002,,2037,,,,,,,,,,,,,,,,0.0,
Scenario1,0,RE1,,PWRWND002,,2038,,,,,,,,,,,,,,,,0.0,
Scenario1,0,RE1,,PWRWND002,,2039,,,,,,,,,,,,,,,,0.0,
Scenario1,0,RE1,,PWRWND002,,2040,,,,,,,,,,,,,,,,0.0,
Scenario1,0,RE1,,PWRWND002,,2041,,,,,,,,,,,,,,,,0.0,
Scenario1,0,RE1,,PWRWND002,,2042,,,,,,,,,,,,,,,,0.0,
Scenario1,0,RE1,,PWRWND002,,2043,,,,,,,,,,,,,,,,0.0,
Scenario1,0,RE1,,PWRWND002,,2044,,,,,,,,,,,,,,,,0.0,
Scenario1,0,RE1,,PWRWND002,,2045,,,,,,,,,,,,,,,,258.91602791771214,
Scenario1,0,RE1,,PWRWND002,,2046,,,,,,,,,,,,,,,,0.0,
Scenario1,0,RE1,,PWRWND002,,2047,,,,,,,,,,,,,,,,0.0,
Scenario1,0,RE1,,PWRWND002,,2048,,,,,,,,,,,,,,,,0.0,
Scenario1,0,RE1,,PWRWND002,,2049,,,,,,,,,,,,,,,,0.0,
Scenario1,0,RE1,,PWRWND002,,2050,,,,,,,,,,,,,,,,0.0,
Scenario1,0,RE1,,PWRWND003,,2019,,,,,,,,,,,,,,,,0.0,
Scenario1,0,RE1,,PWRWND003,,2020,,,,,,,,,,,,,,,,0.0,
Scenario1,0,RE1,,PWRWND003,,2021,,,,,,,,,,,,,,,,0.0,
Scenario1,0,RE1,,PWRWND003,,2022,,,,,,,,,,,,,,,,0.0,
Scenario1,0,RE1,,PWRWND003,,2023,,,,,,,,,,,,,,,,0.0,
Scenario1,0,RE1,,PWRWND003,,2024,,,,,,,,,,,,,,,,0.0,
Scenario1,0,RE1,,PWRWND003,,2025,,,,,,,,,,,,,,,,376.7189067289716,
Scenario1,0,RE1,,PWRWND003,,2026,,,,,,,,,,,,,,,,0.0,
Scenario1,0,RE1,,PWRWND003,,2027,,,,,,,,,,,,,,,,0.0,
Scenario1,0,RE1,,PWRWND003,,2028,,,,,,,,,,,,,,,,0.0,
Scenario1,0,RE1,,PWRWND003,,2029,,,,,,,,,,,,,,,,0.0,
Scenario1,0,RE1,,PWRWND003,,2030,,,,,,,,,,,,,,,,0.0,
Scenario1,0,RE1,,PWRWND003,,2031,,,,,,,,,,,,,,,,0.0,
Scenario1,0,RE1,,PWRWND003,,2032,,,,,,,,,,,,,,,,0.0,
Scenario1,0,RE1,,PWRWND003,,2033,,,,,,,,,,,,,,,,0.0,
Scenario1,0,RE1,,PWRWND003,,2034,,,,,,,,,,,,,,,,0.0,
Scenario1,0,RE1,,PWRWND003,,2035,,,,,,,,,,,,,,,,0.0,
Scenario1,0,RE1,,PWRWND003,,2036,,,,,,,,,,,,,,,,0.0,
Scenario1,0,RE1,,PWRWND003,,2037,,,,,,,,,,,,,,,,0.0,
Scenario1,0,RE1,,PWRWND003,,2038,,,,,,,,,,,,,,,,123.6348213801486,
Scenario1,0,RE1,,PWRWND003,,2039,,,,,,,,,,,,,,,,168.10713022889203,
Scenario1,0,RE1,,PWRWND003,,2040,,,,,,,,,,,,,,,,0.0,
Scenario1,0,RE1,,PWRWND003,,2041,,,,,,,,,,,,,,,,255.69595347151156,
Scenario1,0,RE1,,PWRWND003,,2042,,,,,,,,,,,,,,,,47.46038762175619,
Scenario1,0,RE1,,PWRWND003,,2043,,,,,,,,,,,,,,,,55.24461227488136,
Scenario1,0,RE1,,PWRWND003,,2044,,,,,,,,,,,,,,,,58.38422407582985,
Scenario1,0,RE1,,PWRWND003,,2045,,,,,,,,,,,,,,,,438.423510425653,
Scenario1,0,RE1,,PWRWND003,,2046,,,,,,,,,,,,,,,,65.2125582938395,
Scenario1,0,RE1,,PWRWND003,,2047,,,,,,,,,,,,,,,,68.92094582938384,
Scenario1,0,RE1,,PWRWND003,,2048,,,,,,,,,,,,,,,,72.83959886255916,
Scenario1,0,RE1,,PWRWND003,,2049,,,,,,,,,,,,,,,,76.98137535545054,
Scenario1,0,RE1,,PWRWND003,,2050,,,,,,,,,,,,,,,,81.35762056872112,
Scenario1,0,RE1,,PWRWND004,,2019,,,,,,,,,,,,,,,,0.0,
Scenario1,0,RE1,,PWRWND004,,2020,,,,,,,,,,,,,,,,0.0,
Scenario1,0,RE1,,PWRWND004,,2021,,,,,,,,,,,,,,,,0.0,
Scenario1,0,RE1,,PWRWND004,,2022,,,,,,,,,,,,,,,,0.0,
Scenario1,0,RE1,,PWRWND004,,2023,,,,,,,,,,,,,,,,0.0,
Scenario1,0,RE1,,PWRWND004,,2024,,,,,,,,,,,,,,,,0.0,
Scenario1,0,RE1,,PWRWND004,,2025,,,,,,,,,,,,,,,,367.4891872897192,
Scenario1,0,RE1,,PWRWND004,,2026,,,,,,,,,,,,,,,,0.0,
Scenario1,0,RE1,,PWRWND004,,2027,,,,,,,,,,,,,,,,0.0,
Scenario1,0,RE1,,PWRWND004,,2028,,,,,,,,,,,,,,,,0.0,
Scenario1,0,RE1,,PWRWND004,,2029,,,,,,,,,,,,,,,,0.0,
Scenario1,0,RE1,,PWRWND004,,2030,,,,,,,,,,,,,,,,0.0,
Scenario1,0,RE1,,PWRWND004,,2031,,,,,,,,,,,,,,,,0.0,
Scenario1,0,RE1,,PWRWND004,,2032,,,,,,,,,,,,,,,,0.0,
Scenario1,0,RE1,,PWRWND004,,2033,,,,,,,,,,,,,,,,0.0,
Scenario1,0,RE1,,PWRWND004,,2034,,,,,,,,,,,,,,,,238.78013648386585,
Scenario1,0,RE1,,PWRWND004,,2035,,,,,,,,,,,,,,,,34.23417886792467,
Scenario1,0,RE1,,PWRWND004,,2036,,,,,,,,,,,,,,,,0.0,
Scenario1,0,RE1,,PWRWND004,,2037,,,,,,,,,,,,,,,,77.38272219261353,
Scenario1,0,RE1,,PWRWND004,,2038,,,,,,,,,,,,,,,,41.03532966824647,
Scenario1,0,RE1,,PWRWND004,,2039,,,,,,,,,,,,,,,,43.52325838862637,
Scenario1,0,RE1,,PWRWND004,,2040,,,,,,,,,,,,,,,,46.12850047393322,
Scenario1,0,RE1,,PWRWND004,,2041,,,,,,,,,,,,,,,,52.94139596840391,
Scenario1,0,RE1,,PWRWND004,,2042,,,,,,,,,,,,,,,,46.297594742496415,
Scenario1,0,RE1,,PWRWND004,,2043,,,,,,,,,,,,,,,,53.89110369668235,
Scenario1,0,RE1,,PWRWND004,,2044,,,,,,,,,,,,,,,,56.9537941232232,
Scenario1,0,RE1,,PWRWND004,,2045,,,,,,,,,,,,,,,,427.6820107968272,
Scenario1,0,RE1,,PWRWND004,,2046,,,,,,,,,,,,,,,,63.614832227488776,
Scenario1,0,RE1,,PWRWND004,,2047,,,,,,,,,,,,,,,,67.23236322274876,
Scenario1,0,RE1,,PWRWND004,,2048,,,,,,,,,,,,,,,,71.05500815165868,
Scenario1,0,RE1,,PWRWND004,,2049,,,,,,,,,,,,,,,,75.09530995260693,
Scenario1,0,RE1,,PWRWND004,,2050,,,,,,,,,,,,,,,,79.36433592417131,
Scenario1,0,RE1,,PWRWND005,,2019,,,,,,,,,,,,,,,,0.0,
Scenario1,0,RE1,,PWRWND005,,2020,,,,,,,,,,,,,,,,0.0,
Scenario1,0,RE1,,PWRWND005,,2021,,,,,,,,,,,,,,,,0.0,
Scenario1,0,RE1,,PWRWND005,,2022,,,,,,,,,,,,,,,,0.0,
Scenario1,0,RE1,,PWRWND005,,2023,,,,,,,,,,,,,,,,0.0,
Scenario1,0,RE1,,PWRWND005,,2024,,,,,,,,,,,,,,,,0.0,
Scenario1,0,RE1,,PWRWND005,,2025,,,,,,,,,,,,,,,,385.0516201869155,
Scenario1,0,RE1,,PWRWND005,,2026,,,,,,,,,,,,,,,,0.0,
Scenario1,0,RE1,,PWRWND005,,2027,,,,,,,,,,,,,,,,0.0,
Scenario1,0,RE1,,PWRWND005,,2028,,,,,,,,,,,,,,,,0.0,
Scenario1,0,RE1,,PWRWND005,,2029,,,,,,,,,,,,,,,,0.0,
Scenario1,0,RE1,,PWRWND005,,2030,,,,,,,,,,,,,,,,0.0,
Scenario1,0,RE1,,PWRWND005,,2031,,,,,,,,,,,,,,,,0.0,
Scenario1,0,RE1,,PWRWND005,,2032,,,,,,,,,,,,,,,,0.0,
Scenario1,0,RE1,,PWRWND005,,2033,,,,,,,,,,,,,,,,0.0,
Scenario1,0,RE1,,PWRWND005,,2034,,,,,,,,,,,,,,,,0.0,
Scenario1,0,RE1,,PWRWND005,,2035,,,,,,,,,,,,,,,,0.0,
Scenario1,0,RE1,,PWRWND005,,2036,,,,,,,,,,,,,,,,0.0,
Scenario1,0,RE1,,PWRWND005,,2037,,,,,,,,,,,,,,,,0.0,
Scenario1,0,RE1,,PWRWND005,,2038,,,,,,,,,,,,,,,,0.0,
Scenario1,0,RE1,,PWRWND005,,2039,,,,,,,,,,,,,,,,0.0,
Scenario1,0,RE1,,PWRWND005,,2040,,,,,,,,,,,,,,,,0.0,
Scenario1,0,RE1,,PWRWND005,,2041,,,,,,,,,,,,,,,,0.0,
Scenario1,0,RE1,,PWRWND005,,2042,,,,,,,,,,,,,,,,0.0,
Scenario1,0,RE1,,PWRWND005,,2043,,,,,,,,,,,,,,,,0.0,
Scenario1,0,RE1,,PWRWND005,,2044,,,,,,,,,,,,,,,,0.0,
Scenario1,0,RE1,,PWRWND005,,2045,,,,,,,,,,,,,,,,0.0,
Scenario1,0,RE1,,PWRWND005,,2046,,,,,,,,,,,,,,,,0.0,
Scenario1,0,RE1,,PWRWND005,,2047,,,,,,,,,,,,,,,,0.0,
Scenario1,0,RE1,,PWRWND005,,2048,,,,,,,,,,,,,,,,0.0,
Scenario1,0,RE1,,PWRWND005,,2049,,,,,,,,,,,,,,,,0.0,
Scenario1,0,RE1,,PWRWND005,,2050,,,,,,,,,,,,,,,,0.0,
Scenario1,0,RE1,,PWRWND006,,2019,,,,,,,,,,,,,,,,0.0,
Scenario1,0,RE1,,PWRWND006,,2020,,,,,,,,,,,,,,,,0.0,
Scenario1,0,RE1,,PWRWND006,,2021,,,,,,,,,,,,,,,,0.0,
Scenario1,0,RE1,,PWRWND006,,2022,,,,,,,,,,,,,,,,0.0,
Scenario1,0,RE1,,PWRWND006,,2023,,,,,,,,,,,,,,,,0.0,
Scenario1,0,RE1,,PWRWND006,,2024,,,,,,,,,,,,,,,,0.0,
Scenario1,0,RE1,,PWRWND006,,2025,,,,,,,,,,,,,,,,361.2573562616819,
Scenario1,0,RE1,,PWRWND006,,2026,,,,,,,,,,,,,,,,0.0,
Scenario1,0,RE1,,PWRWND006,,2027,,,,,,,,,,,,,,,,0.0,
Scenario1,0,RE1,,PWRWND006,,2028,,,,,,,,,,,,,,,,0.0,
Scenario1,0,RE1,,PWRWND006,,2029,,,,,,,,,,,,,,,,0.0,
Scenario1,0,RE1,,PWRWND006,,2030,,,,,,,,,,,,,,,,0.0,
Scenario1,0,RE1,,PWRWND006,,2031,,,,,,,,,,,,,,,,0.0,
Scenario1,0,RE1,,PWRWND006,,2032,,,,,,,,,,,,,,,,0.0,
Scenario1,0,RE1,,PWRWND006,,2033,,,,,,,,,,,,,,,,0.0,
Scenario1,0,RE1,,PWRWND006,,2034,,,,,,,,,,,,,,,,0.0,
Scenario1,0,RE1,,PWRWND006,,2035,,,,,,,,,,,,,,,,0.0,
Scenario1,0,RE1,,PWRWND006,,2036,,,,,,,,,,,,,,,,0.0,
Scenario1,0,RE1,,PWRWND006,,2037,,,,,,,,,,,,,,,,0.0,
Scenario1,0,RE1,,PWRWND006,,2038,,,,,,,,,,,,,,,,0.0,
Scenario1,0,RE1,,PWRWND006,,2039,,,,,,,,,,,,,,,,0.0,
Scenario1,0,RE1,,PWRWND006,,2040,,,,,,,,,,,,,,,,0.0,
Scenario1,0,RE1,,PWRWND006,,2041,,,,,,,,,,,,,,,,242.67522673605905,
Scenario1,0,RE1,,PWRWND006,,2042,,,,,,,,,,,,,,,,0.0,
Scenario1,0,RE1,,PWRWND006,,2043,,,,,,,,,,,,,,,,0.0,
Scenario1,0,RE1,,PWRWND006,,2044,,,,,,,,,,,,,,,,0.0,
Scenario1,0,RE1,,PWRWND006,,2045,,,,,,,,,,,,,,,,857.2014940222344,
Scenario1,0,RE1,,PWRWND006,,2046,,,,,,,,,,,,,,,,62.53606066350756,
Scenario1,0,RE1,,PWRWND006,,2047,,,,,,,,,,,,,,,,66.09224606635082,
Scenario1,0,RE1,,PWRWND006,,2048,,,,,,,,,,,,,,,,69.85006710900466,
Scenario1,0,RE1,,PWRWND006,,2049,,,,,,,,,,,,,,,,73.8218540284363,
Scenario1,0,RE1,,PWRWND006,,2050,,,,,,,,,,,,,,,,78.01848644549833,
Scenario1,0,RE1,,PWRWND007,,2019,,,,,,,,,,,,,,,,0.0,
Scenario1,0,RE1,,PWRWND007,,2020,,,,,,,,,,,,,,,,0.0,
Scenario1,0,RE1,,PWRWND007,,2021,,,,,,,,,,,,,,,,0.0,
Scenario1,0,RE1,,PWRWND007,,2022,,,,,,,,,,,,,,,,0.0,
Scenario1,0,RE1,,PWRWND007,,2023,,,,,,,,,,,,,,,,0.0,
Scenario1,0,RE1,,PWRWND007,,2024,,,,,,,,,,,,,,,,0.0,
Scenario1,0,RE1,,PWRWND007,,2025,,,,,,,,,,,,,,,,415.3845856074762,
Scenario1,0,RE1,,PWRWND007,,2026,,,,,,,,,,,,,,,,0.0,
Scenario1,0,RE1,,PWRWND007,,2027,,,,,,,,,,,,,,,,0.0,
Scenario1,0,RE1,,PWRWND007,,2028,,,,,,,,,,,,,,,,0.0,
Scenario1,0,RE1,,PWRWND007,,2029,,,,,,,,,,,,,,,,0.0,
Scenario1,0,RE1,,PWRWND007,,2030,,,,,,,,,,,,,,,,0.0,
Scenario1,0,RE1,,PWRWND007,,2031,,,,,,,,,,,,,,,,0.0,
Scenario1,0,RE1,,PWRWND007,,2032,,,,,,,,,,,,,,,,0.0,
Scenario1,0,RE1,,PWRWND007,,2033,,,,,,,,,,,,,,,,0.0,
Scenario1,0,RE1,,PWRWND007,,2034,,,,,,,,,,,,,,,,0.0,
Scenario1,0,RE1,,PWRWND007,,2035,,,,,,,,,,,,,,,,0.0,
Scenario1,0,RE1,,PWRWND007,,2036,,,,,,,,,,,,,,,,0.0,
Scenario1,0,RE1,,PWRWND007,,2037,,,,,,,,,,,,,,,,0.0,
Scenario1,0,RE1,,PWRWND007,,2038,,,,,,,,,,,,,,,,0.0,
Scenario1,0,RE1,,PWRWND007,,2039,,,,,,,,,,,,,,,,0.0,
Scenario1,0,RE1,,PWRWND007,,2040,,,,,,,,,,,,,,,,0.0,
Scenario1,0,RE1,,PWRWND007,,2041,,,,,,,,,,,,,,,,0.0,
Scenario1,0,RE1,,PWRWND007,,2042,,,,,,,,,,,,,,,,0.0,
Scenario1,0,RE1,,PWRWND007,,2043,,,,,,,,,,,,,,,,0.0,
Scenario1,0,RE1,,PWRWND007,,2044,,,,,,,,,,,,,,,,0.0,
Scenario1,0,RE1,,PWRWND007,,2045,,,,,,,,,,,,,,,,0.0,
Scenario1,0,RE1,,PWRWND007,,2046,,,,,,,,,,,,,,,,0.0,
Scenario1,0,RE1,,PWRWND007,,2047,,,,,,,,,,,,,,,,0.0,
Scenario1,0,RE1,,PWRWND007,,2048,,,,,,,,,,,,,,,,0.0,
Scenario1,0,RE1,,PWRWND007,,2049,,,,,,,,,,,,,,,,0.0,
Scenario1,0,RE1,,PWRWND007,,2050,,,,,,,,,,,,,,,,0.0,
Scenario1,0,RE1,,PWRWND008,,2019,,,,,,,,,,,,,,,,0.0,
Scenario1,0,RE1,,PWRWND008,,2020,,,,,,,,,,,,,,,,0.0,
Scenario1,0,RE1,,PWRWND008,,2021,,,,,,,,,,,,,,,,0.0,
Scenario1,0,RE1,,PWRWND008,,2022,,,,,,,,,,,,,,,,0.0,
Scenario1,0,RE1,,PWRWND008,,2023,,,,,,,,,,,,,,,,0.0,
Scenario1,0,RE1,,PWRWND008,,2024,,,,,,,,,,,,,,,,0.0,
Scenario1,0,RE1,,PWRWND008,,2025,,,,,,,,,,,,,,,,446.1896594392519,
Scenario1,0,RE1,,PWRWND008,,2026,,,,,,,,,,,,,,,,0.0,
Scenario1,0,RE1,,PWRWND008,,2027,,,,,,,,,,,,,,,,0.0,
Scenario1,0,RE1,,PWRWND008,,2028,,,,,,,,,,,,,,,,0.0,
Scenario1,0,RE1,,PWRWND008,,2029,,,,,,,,,,,,,,,,0.0,
Scenario1,0,RE1,,PWRWND008,,2030,,,,,,,,,,,,,,,,0.0,
Scenario1,0,RE1,,PWRWND008,,2031,,,,,,,,,,,,,,,,0.0,
Scenario1,0,RE1,,PWRWND008,,2032,,,,,,,,,,,,,,,,0.0,
Scenario1,0,RE1,,PWRWND008,,2033,,,,,,,,,,,,,,,,0.0,
Scenario1,0,RE1,,PWRWND008,,2034,,,,,,,,,,,,,,,,0.0,
Scenario1,0,RE1,,PWRWND008,,2035,,,,,,,,,,,,,,,,0.0,
Scenario1,0,RE1,,PWRWND008,,2036,,,,,,,,,,,,,,,,0.0,
Scenario1,0,RE1,,PWRWND008,,2037,,,,,,,,,,,,,,,,0.0,
Scenario1,0,RE1,,PWRWND008,,2038,,,,,,,,,,,,,,,,0.0,
Scenario1,0,RE1,,PWRWND008,,2039,,,,,,,,,,,,,,,,0.0,
Scenario1,0,RE1,,PWRWND008,,2040,,,,,,,,,,,,,,,,0.0,
Scenario1,0,RE1,,PWRWND008,,2041,,,,,,,,,,,,,,,,0.0,
Scenario1,0,RE1,,PWRWND008,,2042,,,,,,,,,,,,,,,,0.0,
Scenario1,0,RE1,,PWRWND008,,2043,,,,,,,,,,,,,,,,0.0,
Scenario1,0,RE1,,PWRWND008,,2044,,,,,,,,,,,,,,,,0.0,
Scenario1,0,RE1,,PWRWND008,,2045,,,,,,,,,,,,,,,,0.0,
Scenario1,0,RE1,,PWRWND008,,2046,,,,,,,,,,,,,,,,0.0,
Scenario1,0,RE1,,PWRWND008,,2047,,,,,,,,,,,,,,,,0.0,
Scenario1,0,RE1,,PWRWND008,,2048,,,,,,,,,,,,,,,,0.0,
Scenario1,0,RE1,,PWRWND008,,2049,,,,,,,,,,,,,,,,0.0,
Scenario1,0,RE1,,PWRWND008,,2050,,,,,,,,,,,,,,,,0.0,
Scenario1,0,RE1,,PWRWND009,,2019,,,,,,,,,,,,,,,,0.0,
Scenario1,0,RE1,,PWRWND009,,2020,,,,,,,,,,,,,,,,0.0,
Scenario1,0,RE1,,PWRWND009,,2021,,,,,,,,,,,,,,,,0.0,
Scenario1,0,RE1,,PWRWND009,,2022,,,,,,,,,,,,,,,,0.0,
Scenario1,0,RE1,,PWRWND009,,2023,,,,,,,,,,,,,,,,0.0,
Scenario1,0,RE1,,PWRWND009,,2024,,,,,,,,,,,,,,,,0.0,
Scenario1,0,RE1,,PWRWND009,,2025,,,,,,,,,,,,,,,,394.70623719626127,
Scenario1,0,RE1,,PWRWND009,,2026,,,,,,,,,,,,,,,,0.0,
Scenario1,0,RE1,,PWRWND009,,2027,,,,,,,,,,,,,,,,0.0,
Scenario1,0,RE1,,PWRWND009,,2028,,,,,,,,,,,,,,,,0.0,
Scenario1,0,RE1,,PWRWND009,,2029,,,,,,,,,,,,,,,,0.0,
Scenario1,0,RE1,,PWRWND009,,2030,,,,,,,,,,,,,,,,0.0,
Scenario1,0,RE1,,PWRWND009,,2031,,,,,,,,,,,,,,,,0.0,
Scenario1,0,RE1,,PWRWND009,,2032,,,,,,,,,,,,,,,,0.0,
Scenario1,0,RE1,,PWRWND009,,2033,,,,,,,,,,,,,,,,0.0,
Scenario1,0,RE1,,PWRWND009,,2034,,,,,,,,,,,,,,,,0.0,
Scenario1,0,RE1,,PWRWND009,,2035,,,,,,,,,,,,,,,,0.0,
Scenario1,0,RE1,,PWRWND009,,2036,,,,,,,,,,,,,,,,0.0,
Scenario1,0,RE1,,PWRWND009,,2037,,,,,,,,,,,,,,,,0.0,
Scenario1,0,RE1,,PWRWND009,,2038,,,,,,,,,,,,,,,,0.0,
Scenario1,0,RE1,,PWRWND009,,2039,,,,,,,,,,,,,,,,0.0,
Scenario1,0,RE1,,PWRWND009,,2040,,,,,,,,,,,,,,,,0.0,
Scenario1,0,RE1,,PWRWND009,,2041,,,,,,,,,,,,,,,,0.0,
Scenario1,0,RE1,,PWRWND009,,2042,,,,,,,,,,,,,,,,0.0,
Scenario1,0,RE1,,PWRWND009,,2043,,,,,,,,,,,,,,,,0.0,
Scenario1,0,RE1,,PWRWND009,,2044,,,,,,,,,,,,,,,,0.0,
Scenario1,0,RE1,,PWRWND009,,2045,,,,,,,,,,,,,,,,0.0,
Scenario1,0,RE1,,PWRWND009,,2046,,,,,,,,,,,,,,,,0.0,
Scenario1,0,RE1,,PWRWND009,,2047,,,,,,,,,,,,,,,,0.0,
Scenario1,0,RE1,,PWRWND009,,2048,,,,,,,,,,,,,,,,0.0,
Scenario1,0,RE1,,PWRWND009,,2049,,,,,,,,,,,,,,,,0.0,
Scenario1,0,RE1,,PWRWND009,,2050,,,,,,,,,,,,,,,,0.0,
Scenario1,0,RE1,,PWRWND010,,2019,,,,,,,,,,,,,,,,0.0,
Scenario1,0,RE1,,PWRWND010,,2020,,,,,,,,,,,,,,,,0.0,
Scenario1,0,RE1,,PWRWND010,,2021,,,,,,,,,,,,,,,,0.0,
Scenario1,0,RE1,,PWRWND010,,2022,,,,,,,,,,,,,,,,0.0,
Scenario1,0,RE1,,PWRWND010,,2023,,,,,,,,,,,,,,,,0.0,
Scenario1,0,RE1,,PWRWND010,,2024,,,,,,,,,,,,,,,,0.0,
Scenario1,0,RE1,,PWRWND010,,2025,,,,,,,,,,,,,,,,388.2383519626164,
Scenario1,0,RE1,,PWRWND010,,2026,,,,,,,,,,,,,,,,0.0,
Scenario1,0,RE1,,PWRWND010,,2027,,,,,,,,,,,,,,,,0.0,
Scenario1,0,RE1,,PWRWND010,,2028,,,,,,,,,,,,,,,,0.0,
Scenario1,0,RE1,,PWRWND010,,2029,,,,,,,,,,,,,,,,0.0,
Scenario1,0,RE1,,PWRWND010,,2030,,,,,,,,,,,,,,,,0.0,
Scenario1,0,RE1,,PWRWND010,,2031,,,,,,,,,,,,,,,,0.0,
Scenario1,0,RE1,,PWRWND010,,2032,,,,,,,,,,,,,,,,0.0,
Scenario1,0,RE1,,PWRWND010,,2033,,,,,,,,,,,,,,,,0.0,
Scenario1,0,RE1,,PWRWND010,,2034,,,,,,,,,,,,,,,,0.0,
Scenario1,0,RE1,,PWRWND010,,2035,,,,,,,,,,,,,,,,0.0,
Scenario1,0,RE1,,PWRWND010,,2036,,,,,,,,,,,,,,,,0.0,
Scenario1,0,RE1,,PWRWND010,,2037,,,,,,,,,,,,,,,,0.0,
Scenario1,0,RE1,,PWRWND010,,2038,,,,,,,,,,,,,,,,0.0,
Scenario1,0,RE1,,PWRWND010,,2039,,,,,,,,,,,,,,,,0.0,
Scenario1,0,RE1,,PWRWND010,,2040,,,,,,,,,,,,,,,,0.0,
Scenario1,0,RE1,,PWRWND010,,2041,,,,,,,,,,,,,,,,0.0,
Scenario1,0,RE1,,PWRWND010,,2042,,,,,,,,,,,,,,,,0.0,
Scenario1,0,RE1,,PWRWND010,,2043,,,,,,,,,,,,,,,,0.0,
Scenario1,0,RE1,,PWRWND010,,2044,,,,,,,,,,,,,,,,0.0,
Scenario1,0,RE1,,PWRWND010,,2045,,,,,,,,,,,,,,,,370.5223856473284,
Scenario1,0,RE1,,PWRWND010,,2046,,,,,,,,,,,,,,,,0.0,
Scenario1,0,RE1,,PWRWND010,,2047,,,,,,,,,,,,,,,,0.0,
Scenario1,0,RE1,,PWRWND010,,2048,,,,,,,,,,,,,,,,0.0,
Scenario1,0,RE1,,PWRWND010,,2049,,,,,,,,,,,,,,,,0.0,
Scenario1,0,RE1,,PWRWND010,,2050,,,,,,,,,,,,,,,,0.0,
Scenario1,0,RE1,,PWRWND011,,2019,,,,,,,,,,,,,,,,4.527125000000029,
Scenario1,0,RE1,,PWRWND011,,2020,,,,,,,,,,,,,,,,0.0,
Scenario1,0,RE1,,PWRWND011,,2021,,,,,,,,,,,,,,,,179.87999999999997,
Scenario1,0,RE1,,PWRWND011,,2022,,,,,,,,,,,,,,,,0.0,
Scenario1,0,RE1,,PWRWND011,,2023,,,,,,,,,,,,,,,,0.0,
Scenario1,0,RE1,,PWRWND011,,2024,,,,,,,,,,,,,,,,0.0,
Scenario1,0,RE1,,PWRWND011,,2025,,,,,,,,,,,,,,,,39.04889999999999,
Scenario1,0,RE1,,PWRWND011,,2026,,,,,,,,,,,,,,,,88.7475,
Scenario1,0,RE1,,PWRWND011,,2027,,,,,,,,,,,,,,,,0.0,
Scenario1,0,RE1,,PWRWND011,,2028,,,,,,,,,,,,,,,,0.0,
Scenario1,0,RE1,,PWRWND011,,2029,,,,,,,,,,,,,,,,0.0,
Scenario1,0,RE1,,PWRWND011,,2030,,,,,,,,,,,,,,,,0.0,
Scenario1,0,RE1,,PWRWND011,,2031,,,,,,,,,,,,,,,,0.0,
Scenario1,0,RE1,,PWRWND011,,2032,,,,,,,,,,,,,,,,0.0,
Scenario1,0,RE1,,PWRWND011,,2033,,,,,,,,,,,,,,,,0.0,
Scenario1,0,RE1,,PWRWND011,,2034,,,,,,,,,,,,,,,,0.0,
Scenario1,0,RE1,,PWRWND011,,2035,,,,,,,,,,,,,,,,0.0,
Scenario1,0,RE1,,PWRWND011,,2036,,,,,,,,,,,,,,,,0.0,
Scenario1,0,RE1,,PWRWND011,,2037,,,,,,,,,,,,,,,,0.0,
Scenario1,0,RE1,,PWRWND011,,2038,,,,,,,,,,,,,,,,0.0,
Scenario1,0,RE1,,PWRWND011,,2039,,,,,,,,,,,,,,,,0.0,
Scenario1,0,RE1,,PWRWND011,,2040,,,,,,,,,,,,,,,,0.0,
Scenario1,0,RE1,,PWRWND011,,2041,,,,,,,,,,,,,,,,0.0,
Scenario1,0,RE1,,PWRWND011,,2042,,,,,,,,,,,,,,,,0.0,
Scenario1,0,RE1,,PWRWND011,,2043,,,,,,,,,,,,,,,,0.0,
Scenario1,0,RE1,,PWRWND011,,2044,,,,,,,,,,,,,,,,0.0,
Scenario1,0,RE1,,PWRWND011,,2045,,,,,,,,,,,,,,,,0.0,
Scenario1,0,RE1,,PWRWND011,,2046,,,,,,,,,,,,,,,,0.0,
Scenario1,0,RE1,,PWRWND011,,2047,,,,,,,,,,,,,,,,0.0,
Scenario1,0,RE1,,PWRWND011,,2048,,,,,,,,,,,,,,,,0.0,
Scenario1,0,RE1,,PWRWND011,,2049,,,,,,,,,,,,,,,,0.0,
Scenario1,0,RE1,,PWRWND011,,2050,,,,,,,,,,,,,,,,0.0,
Scenario1,0,RE1,,BACKSTOP,CO2,2019,,,,,,,,,,,,0.0,,,,,
Scenario1,0,RE1,,BACKSTOP,CO2,2020,,,,,,,,,,,,0.0,,,,,
Scenario1,0,RE1,,BACKSTOP,CO2,2021,,,,,,,,,,,,0.0,,,,,
Scenario1,0,RE1,,BACKSTOP,CO2,2022,,,,,,,,,,,,0.0,,,,,
Scenario1,0,RE1,,BACKSTOP,CO2,2023,,,,,,,,,,,,0.0,,,,,
Scenario1,0,RE1,,BACKSTOP,CO2,2024,,,,,,,,,,,,0.0,,,,,
Scenario1,0,RE1,,BACKSTOP,CO2,2025,,,,,,,,,,,,0.0,,,,,
Scenario1,0,RE1,,BACKSTOP,CO2,2026,,,,,,,,,,,,0.0,,,,,
Scenario1,0,RE1,,BACKSTOP,CO2,2027,,,,,,,,,,,,0.0,,,,,
Scenario1,0,RE1,,BACKSTOP,CO2,2028,,,,,,,,,,,,0.0,,,,,
Scenario1,0,RE1,,BACKSTOP,CO2,2029,,,,,,,,,,,,0.0,,,,,
Scenario1,0,RE1,,BACKSTOP,CO2,2030,,,,,,,,,,,,0.0,,,,,
Scenario1,0,RE1,,BACKSTOP,CO2,2031,,,,,,,,,,,,0.0,,,,,
Scenario1,0,RE1,,BACKSTOP,CO2,2032,,,,,,,,,,,,0.0,,,,,
Scenario1,0,RE1,,BACKSTOP,CO2,2033,,,,,,,,,,,,0.0,,,,,
Scenario1,0,RE1,,BACKSTOP,CO2,2034,,,,,,,,,,,,0.0,,,,,
Scenario1,0,RE1,,BACKSTOP,CO2,2035,,,,,,,,,,,,0.0,,,,,
Scenario1,0,RE1,,BACKSTOP,CO2,2036,,,,,,,,,,,,0.0,,,,,
Scenario1,0,RE1,,BACKSTOP,CO2,2037,,,,,,,,,,,,0.0,,,,,
Scenario1,0,RE1,,BACKSTOP,CO2,2038,,,,,,,,,,,,0.0,,,,,
Scenario1,0,RE1,,BACKSTOP,CO2,2039,,,,,,,,,,,,0.0,,,,,
Scenario1,0,RE1,,BACKSTOP,CO2,2040,,,,,,,,,,,,0.0,,,,,
Scenario1,0,RE1,,BACKSTOP,CO2,2041,,,,,,,,,,,,0.0,,,,,
Scenario1,0,RE1,,BACKSTOP,CO2,2042,,,,,,,,,,,,0.0,,,,,
Scenario1,0,RE1,,BACKSTOP,CO2,2043,,,,,,,,,,,,0.0,,,,,
Scenario1,0,RE1,,BACKSTOP,CO2,2044,,,,,,,,,,,,0.0,,,,,
Scenario1,0,RE1,,BACKSTOP,CO2,2045,,,,,,,,,,,,0.0,,,,,
Scenario1,0,RE1,,BACKSTOP,CO2,2046,,,,,,,,,,,,0.0,,,,,
Scenario1,0,RE1,,BACKSTOP,CO2,2047,,,,,,,,,,,,0.0,,,,,
Scenario1,0,RE1,,BACKSTOP,CO2,2048,,,,,,,,,,,,0.0,,,,,
Scenario1,0,RE1,,BACKSTOP,CO2,2049,,,,,,,,,,,,0.0,,,,,
Scenario1,0,RE1,,BACKSTOP,CO2,2050,,,,,,,,,,,,0.0,,,,,
Scenario1,0,RE1,,BESS_TECH,CO2,2019,,,,,,,,,,,,0.0,,,,,
Scenario1,0,RE1,,BESS_TECH,CO2,2020,,,,,,,,,,,,0.0,,,,,
Scenario1,0,RE1,,BESS_TECH,CO2,2021,,,,,,,,,,,,0.0,,,,,
Scenario1,0,RE1,,BESS_TECH,CO2,2022,,,,,,,,,,,,0.0,,,,,
Scenario1,0,RE1,,BESS_TECH,CO2,2023,,,,,,,,,,,,0.0,,,,,
Scenario1,0,RE1,,BESS_TECH,CO2,2024,,,,,,,,,,,,0.0,,,,,
Scenario1,0,RE1,,BESS_TECH,CO2,2025,,,,,,,,,,,,0.0,,,,,
Scenario1,0,RE1,,BESS_TECH,CO2,2026,,,,,,,,,,,,0.0,,,,,
Scenario1,0,RE1,,BESS_TECH,CO2,2027,,,,,,,,,,,,0.0,,,,,
Scenario1,0,RE1,,BESS_TECH,CO2,2028,,,,,,,,,,,,0.0,,,,,
Scenario1,0,RE1,,BESS_TECH,CO2,2029,,,,,,,,,,,,0.0,,,,,
Scenario1,0,RE1,,BESS_TECH,CO2,2030,,,,,,,,,,,,0.0,,,,,
Scenario1,0,RE1,,BESS_TECH,CO2,2031,,,,,,,,,,,,0.0,,,,,
Scenario1,0,RE1,,BESS_TECH,CO2,2032,,,,,,,,,,,,0.0,,,,,
Scenario1,0,RE1,,BESS_TECH,CO2,2033,,,,,,,,,,,,0.0,,,,,
Scenario1,0,RE1,,BESS_TECH,CO2,2034,,,,,,,,,,,,0.0,,,,,
Scenario1,0,RE1,,BESS_TECH,CO2,2035,,,,,,,,,,,,0.0,,,,,
Scenario1,0,RE1,,BESS_TECH,CO2,2036,,,,,,,,,,,,0.0,,,,,
Scenario1,0,RE1,,BESS_TECH,CO2,2037,,,,,,,,,,,,0.0,,,,,
Scenario1,0,RE1,,BESS_TECH,CO2,2038,,,,,,,,,,,,0.0,,,,,
Scenario1,0,RE1,,BESS_TECH,CO2,2039,,,,,,,,,,,,0.0,,,,,
Scenario1,0,RE1,,BESS_TECH,CO2,2040,,,,,,,,,,,,0.0,,,,,
Scenario1,0,RE1,,BESS_TECH,CO2,2041,,,,,,,,,,,,0.0,,,,,
Scenario1,0,RE1,,BESS_TECH,CO2,2042,,,,,,,,,,,,0.0,,,,,
Scenario1,0,RE1,,BESS_TECH,CO2,2043,,,,,,,,,,,,0.0,,,,,
Scenario1,0,RE1,,BESS_TECH,CO2,2044,,,,,,,,,,,,0.0,,,,,
Scenario1,0,RE1,,BESS_TECH,CO2,2045,,,,,,,,,,,,0.0,,,,,
Scenario1,0,RE1,,BESS_TECH,CO2,2046,,,,,,,,,,,,0.0,,,,,
Scenario1,0,RE1,,BESS_TECH,CO2,2047,,,,,,,,,,,,0.0,,,,,
Scenario1,0,RE1,,BESS_TECH,CO2,2048,,,,,,,,,,,,0.0,,,,,
Scenario1,0,RE1,,BESS_TECH,CO2,2049,,,,,,,,,,,,0.0,,,,,
Scenario1,0,RE1,,BESS_TECH,CO2,2050,,,,,,,,,,,,0.0,,,,,
Scenario1,0,RE1,,DEMCOMELC,CO2,2019,,,,,,,,,,,,0.0,,,,,
Scenario1,0,RE1,,DEMCOMELC,CO2,2020,,,,,,,,,,,,0.0,,,,,
Scenario1,0,RE1,,DEMCOMELC,CO2,2021,,,,,,,,,,,,0.0,,,,,
Scenario1,0,RE1,,DEMCOMELC,CO2,2022,,,,,,,,,,,,0.0,,,,,
Scenario1,0,RE1,,DEMCOMELC,CO2,2023,,,,,,,,,,,,0.0,,,,,
Scenario1,0,RE1,,DEMCOMELC,CO2,2024,,,,,,,,,,,,0.0,,,,,
Scenario1,0,RE1,,DEMCOMELC,CO2,2025,,,,,,,,,,,,0.0,,,,,
Scenario1,0,RE1,,DEMCOMELC,CO2,2026,,,,,,,,,,,,0.0,,,,,
Scenario1,0,RE1,,DEMCOMELC,CO2,2027,,,,,,,,,,,,0.0,,,,,
Scenario1,0,RE1,,DEMCOMELC,CO2,2028,,,,,,,,,,,,0.0,,,,,
Scenario1,0,RE1,,DEMCOMELC,CO2,2029,,,,,,,,,,,,0.0,,,,,
Scenario1,0,RE1,,DEMCOMELC,CO2,2030,,,,,,,,,,,,0.0,,,,,
Scenario1,0,RE1,,DEMCOMELC,CO2,2031,,,,,,,,,,,,0.0,,,,,
Scenario1,0,RE1,,DEMCOMELC,CO2,2032,,,,,,,,,,,,0.0,,,,,
Scenario1,0,RE1,,DEMCOMELC,CO2,2033,,,,,,,,,,,,0.0,,,,,
Scenario1,0,RE1,,DEMCOMELC,CO2,2034,,,,,,,,,,,,0.0,,,,,
Scenario1,0,RE1,,DEMCOMELC,CO2,2035,,,,,,,,,,,,0.0,,,,,
Scenario1,0,RE1,,DEMCOMELC,CO2,2036,,,,,,,,,,,,0.0,,,,,
Scenario1,0,RE1,,DEMCOMELC,CO2,2037,,,,,,,,,,,,0.0,,,,,
Scenario1,0,RE1,,DEMCOMELC,CO2,2038,,,,,,,,,,,,0.0,,,,,
Scenario1,0,RE1,,DEMCOMELC,CO2,2039,,,,,,,,,,,,0.0,,,,,
Scenario1,0,RE1,,DEMCOMELC,CO2,2040,,,,,,,,,,,,0.0,,,,,
Scenario1,0,RE1,,DEMCOMELC,CO2,2041,,,,,,,,,,,,0.0,,,,,
Scenario1,0,RE1,,DEMCOMELC,CO2,2042,,,,,,,,,,,,0.0,,,,,
Scenario1,0,RE1,,DEMCOMELC,CO2,2043,,,,,,,,,,,,0.0,,,,,
Scenario1,0,RE1,,DEMCOMELC,CO2,2044,,,,,,,,,,,,0.0,,,,,
Scenario1,0,RE1,,DEMCOMELC,CO2,2045,,,,,,,,,,,,0.0,,,,,
Scenario1,0,RE1,,DEMCOMELC,CO2,2046,,,,,,,,,,,,0.0,,,,,
Scenario1,0,RE1,,DEMCOMELC,CO2,2047,,,,,,,,,,,,0.0,,,,,
Scenario1,0,RE1,,DEMCOMELC,CO2,2048,,,,,,,,,,,,0.0,,,,,
Scenario1,0,RE1,,DEMCOMELC,CO2,2049,,,,,,,,,,,,0.0,,,,,
Scenario1,0,RE1,,DEMCOMELC,CO2,2050,,,,,,,,,,,,0.0,,,,,
Scenario1,0,RE1,,DEMINDELC,CO2,2019,,,,,,,,,,,,0.0,,,,,
Scenario1,0,RE1,,DEMINDELC,CO2,2020,,,,,,,,,,,,0.0,,,,,
Scenario1,0,RE1,,DEMINDELC,CO2,2021,,,,,,,,,,,,0.0,,,,,
Scenario1,0,RE1,,DEMINDELC,CO2,2022,,,,,,,,,,,,0.0,,,,,
Scenario1,0,RE1,,DEMINDELC,CO2,2023,,,,,,,,,,,,0.0,,,,,
Scenario1,0,RE1,,DEMINDELC,CO2,2024,,,,,,,,,,,,0.0,,,,,
Scenario1,0,RE1,,DEMINDELC,CO2,2025,,,,,,,,,,,,0.0,,,,,
Scenario1,0,RE1,,DEMINDELC,CO2,2026,,,,,,,,,,,,0.0,,,,,
Scenario1,0,RE1,,DEMINDELC,CO2,2027,,,,,,,,,,,,0.0,,,,,
Scenario1,0,RE1,,DEMINDELC,CO2,2028,,,,,,,,,,,,0.0,,,,,
Scenario1,0,RE1,,DEMINDELC,CO2,2029,,,,,,,,,,,,0.0,,,,,
Scenario1,0,RE1,,DEMINDELC,CO2,2030,,,,,,,,,,,,0.0,,,,,
Scenario1,0,RE1,,DEMINDELC,CO2,2031,,,,,,,,,,,,0.0,,,,,
Scenario1,0,RE1,,DEMINDELC,CO2,2032,,,,,,,,,,,,0.0,,,,,
Scenario1,0,RE1,,DEMINDELC,CO2,2033,,,,,,,,,,,,0.0,,,,,
Scenario1,0,RE1,,DEMINDELC,CO2,2034,,,,,,,,,,,,0.0,,,,,
Scenario1,0,RE1,,DEMINDELC,CO2,2035,,,,,,,,,,,,0.0,,,,,
Scenario1,0,RE1,,DEMINDELC,CO2,2036,,,,,,,,,,,,0.0,,,,,
Scenario1,0,RE1,,DEMINDELC,CO2,2037,,,,,,,,,,,,0.0,,,,,
Scenario1,0,RE1,,DEMINDELC,CO2,2038,,,,,,,,,,,,0.0,,,,,
Scenario1,0,RE1,,DEMINDELC,CO2,2039,,,,,,,,,,,,0.0,,,,,
Scenario1,0,RE1,,DEMINDELC,CO2,2040,,,,,,,,,,,,0.0,,,,,
Scenario1,0,RE1,,DEMINDELC,CO2,2041,,,,,,,,,,,,0.0,,,,,
Scenario1,0,RE1,,DEMINDELC,CO2,2042,,,,,,,,,,,,0.0,,,,,
Scenario1,0,RE1,,DEMINDELC,CO2,2043,,,,,,,,,,,,0.0,,,,,
Scenario1,0,RE1,,DEMINDELC,CO2,2044,,,,,,,,,,,,0.0,,,,,
Scenario1,0,RE1,,DEMINDELC,CO2,2045,,,,,,,,,,,,0.0,,,,,
Scenario1,0,RE1,,DEMINDELC,CO2,2046,,,,,,,,,,,,0.0,,,,,
Scenario1,0,RE1,,DEMINDELC,CO2,2047,,,,,,,,,,,,0.0,,,,,
Scenario1,0,RE1,,DEMINDELC,CO2,2048,,,,,,,,,,,,0.0,,,,,
Scenario1,0,RE1,,DEMINDELC,CO2,2049,,,,,,,,,,,,0.0,,,,,
Scenario1,0,RE1,,DEMINDELC,CO2,2050,,,,,,,,,,,,0.0,,,,,
Scenario1,0,RE1,,DEMRESELC,CO2,2019,,,,,,,,,,,,0.0,,,,,
Scenario1,0,RE1,,DEMRESELC,CO2,2020,,,,,,,,,,,,0.0,,,,,
Scenario1,0,RE1,,DEMRESELC,CO2,2021,,,,,,,,,,,,0.0,,,,,
Scenario1,0,RE1,,DEMRESELC,CO2,2022,,,,,,,,,,,,0.0,,,,,
Scenario1,0,RE1,,DEMRESELC,CO2,2023,,,,,,,,,,,,0.0,,,,,
Scenario1,0,RE1,,DEMRESELC,CO2,2024,,,,,,,,,,,,0.0,,,,,
Scenario1,0,RE1,,DEMRESELC,CO2,2025,,,,,,,,,,,,0.0,,,,,
Scenario1,0,RE1,,DEMRESELC,CO2,2026,,,,,,,,,,,,0.0,,,,,
Scenario1,0,RE1,,DEMRESELC,CO2,2027,,,,,,,,,,,,0.0,,,,,
Scenario1,0,RE1,,DEMRESELC,CO2,2028,,,,,,,,,,,,0.0,,,,,
Scenario1,0,RE1,,DEMRESELC,CO2,2029,,,,,,,,,,,,0.0,,,,,
Scenario1,0,RE1,,DEMRESELC,CO2,2030,,,,,,,,,,,,0.0,,,,,
Scenario1,0,RE1,,DEMRESELC,CO2,2031,,,,,,,,,,,,0.0,,,,,
Scenario1,0,RE1,,DEMRESELC,CO2,2032,,,,,,,,,,,,0.0,,,,,
Scenario1,0,RE1,,DEMRESELC,CO2,2033,,,,,,,,,,,,0.0,,,,,
Scenario1,0,RE1,,DEMRESELC,CO2,2034,,,,,,,,,,,,0.0,,,,,
Scenario1,0,RE1,,DEMRESELC,CO2,2035,,,,,,,,,,,,0.0,,,,,
Scenario1,0,RE1,,DEMRESELC,CO2,2036,,,,,,,,,,,,0.0,,,,,
Scenario1,0,RE1,,DEMRESELC,CO2,2037,,,,,,,,,,,,0.0,,,,,
Scenario1,0,RE1,,DEMRESELC,CO2,2038,,,,,,,,,,,,0.0,,,,,
Scenario1,0,RE1,,DEMRESELC,CO2,2039,,,,,,,,,,,,0.0,,,,,
Scenario1,0,RE1,,DEMRESELC,CO2,2040,,,,,,,,,,,,0.0,,,,,
Scenario1,0,RE1,,DEMRESELC,CO2,2041,,,,,,,,,,,,0.0,,,,,
Scenario1,0,RE1,,DEMRESELC,CO2,2042,,,,,,,,,,,,0.0,,,,,
Scenario1,0,RE1,,DEMRESELC,CO2,2043,,,,,,,,,,,,0.0,,,,,
Scenario1,0,RE1,,DEMRESELC,CO2,2044,,,,,,,,,,,,0.0,,,,,
Scenario1,0,RE1,,DEMRESELC,CO2,2045,,,,,,,,,,,,0.0,,,,,
Scenario1,0,RE1,,DEMRESELC,CO2,2046,,,,,,,,,,,,0.0,,,,,
Scenario1,0,RE1,,DEMRESELC,CO2,2047,,,,,,,,,,,,0.0,,,,,
Scenario1,0,RE1,,DEMRESELC,CO2,2048,,,,,,,,,,,,0.0,,,,,
Scenario1,0,RE1,,DEMRESELC,CO2,2049,,,,,,,,,,,,0.0,,,,,
Scenario1,0,RE1,,DEMRESELC,CO2,2050,,,,,,,,,,,,0.0,,,,,
Scenario1,0,RE1,,EXPELC,CO2,2019,,,,,,,,,,,,0.0,,,,,
Scenario1,0,RE1,,EXPELC,CO2,2020,,,,,,,,,,,,0.0,,,,,
Scenario1,0,RE1,,EXPELC,CO2,2021,,,,,,,,,,,,0.0,,,,,
Scenario1,0,RE1,,EXPELC,CO2,2022,,,,,,,,,,,,0.0,,,,,
Scenario1,0,RE1,,EXPELC,CO2,2023,,,,,,,,,,,,0.0,,,,,
Scenario1,0,RE1,,EXPELC,CO2,2024,,,,,,,,,,,,0.0,,,,,
Scenario1,0,RE1,,EXPELC,CO2,2025,,,,,,,,,,,,0.0,,,,,
Scenario1,0,RE1,,EXPELC,CO2,2026,,,,,,,,,,,,0.0,,,,,
Scenario1,0,RE1,,EXPELC,CO2,2027,,,,,,,,,,,,0.0,,,,,
Scenario1,0,RE1,,EXPELC,CO2,2028,,,,,,,,,,,,0.0,,,,,
Scenario1,0,RE1,,EXPELC,CO2,2029,,,,,,,,,,,,0.0,,,,,
Scenario1,0,RE1,,EXPELC,CO2,2030,,,,,,,,,,,,0.0,,,,,
Scenario1,0,RE1,,EXPELC,CO2,2031,,,,,,,,,,,,0.0,,,,,
Scenario1,0,RE1,,EXPELC,CO2,2032,,,,,,,,,,,,0.0,,,,,
Scenario1,0,RE1,,EXPELC,CO2,2033,,,,,,,,,,,,0.0,,,,,
Scenario1,0,RE1,,EXPELC,CO2,2034,,,,,,,,,,,,0.0,,,,,
Scenario1,0,RE1,,EXPELC,CO2,2035,,,,,,,,,,,,0.0,,,,,
Scenario1,0,RE1,,EXPELC,CO2,2036,,,,,,,,,,,,0.0,,,,,
Scenario1,0,RE1,,EXPELC,CO2,2037,,,,,,,,,,,,0.0,,,,,
Scenario1,0,RE1,,EXPELC,CO2,2038,,,,,,,,,,,,0.0,,,,,
Scenario1,0,RE1,,EXPELC,CO2,2039,,,,,,,,,,,,0.0,,,,,
Scenario1,0,RE1,,EXPELC,CO2,2040,,,,,,,,,,,,0.0,,,,,
Scenario1,0,RE1,,EXPELC,CO2,2041,,,,,,,,,,,,0.0,,,,,
Scenario1,0,RE1,,EXPELC,CO2,2042,,,,,,,,,,,,0.0,,,,,
Scenario1,0,RE1,,EXPELC,CO2,2043,,,,,,,,,,,,0.0,,,,,
Scenario1,0,RE1,,EXPELC,CO2,2044,,,,,,,,,,,,0.0,,,,,
Scenario1,0,RE1,,EXPELC,CO2,2045,,,,,,,,,,,,0.0,,,,,
Scenario1,0,RE1,,EXPELC,CO2,2046,,,,,,,,,,,,0.0,,,,,
Scenario1,0,RE1,,EXPELC,CO2,2047,,,,,,,,,,,,0.0,,,,,
Scenario1,0,RE1,,EXPELC,CO2,2048,,,,,,,,,,,,0.0,,,,,
Scenario1,0,RE1,,EXPELC,CO2,2049,,,,,,,,,,,,0.0,,,,,
Scenario1,0,RE1,,EXPELC,CO2,2050,,,,,,,,,,,,0.0,,,,,
Scenario1,0,RE1,,IMPBIO,CO2,2019,,,,,,,,,,,,0.0,,,,,
Scenario1,0,RE1,,IMPBIO,CO2,2020,,,,,,,,,,,,0.0,,,,,
Scenario1,0,RE1,,IMPBIO,CO2,2021,,,,,,,,,,,,0.0,,,,,
Scenario1,0,RE1,,IMPBIO,CO2,2022,,,,,,,,,,,,0.0,,,,,
Scenario1,0,RE1,,IMPBIO,CO2,2023,,,,,,,,,,,,0.0,,,,,
Scenario1,0,RE1,,IMPBIO,CO2,2024,,,,,,,,,,,,0.0,,,,,
Scenario1,0,RE1,,IMPBIO,CO2,2025,,,,,,,,,,,,0.0,,,,,
Scenario1,0,RE1,,IMPBIO,CO2,2026,,,,,,,,,,,,0.0,,,,,
Scenario1,0,RE1,,IMPBIO,CO2,2027,,,,,,,,,,,,0.0,,,,,
Scenario1,0,RE1,,IMPBIO,CO2,2028,,,,,,,,,,,,0.0,,,,,
Scenario1,0,RE1,,IMPBIO,CO2,2029,,,,,,,,,,,,0.0,,,,,
Scenario1,0,RE1,,IMPBIO,CO2,2030,,,,,,,,,,,,0.0,,,,,
Scenario1,0,RE1,,IMPBIO,CO2,2031,,,,,,,,,,,,0.0,,,,,
Scenario1,0,RE1,,IMPBIO,CO2,2032,,,,,,,,,,,,0.0,,,,,
Scenario1,0,RE1,,IMPBIO,CO2,2033,,,,,,,,,,,,0.0,,,,,
Scenario1,0,RE1,,IMPBIO,CO2,2034,,,,,,,,,,,,0.0,,,,,
Scenario1,0,RE1,,IMPBIO,CO2,2035,,,,,,,,,,,,0.0,,,,,
Scenario1,0,RE1,,IMPBIO,CO2,2036,,,,,,,,,,,,0.0,,,,,
Scenario1,0,RE1,,IMPBIO,CO2,2037,,,,,,,,,,,,0.0,,,,,
Scenario1,0,RE1,,IMPBIO,CO2,2038,,,,,,,,,,,,0.0,,,,,
Scenario1,0,RE1,,IMPBIO,CO2,2039,,,,,,,,,,,,0.0,,,,,
Scenario1,0,RE1,,IMPBIO,CO2,2040,,,,,,,,,,,,0.0,,,,,
Scenario1,0,RE1,,IMPBIO,CO2,2041,,,,,,,,,,,,0.0,,,,,
Scenario1,0,RE1,,IMPBIO,CO2,2042,,,,,,,,,,,,0.0,,,,,
Scenario1,0,RE1,,IMPBIO,CO2,2043,,,,,,,,,,,,0.0,,,,,
Scenario1,0,RE1,,IMPBIO,CO2,2044,,,,,,,,,,,,0.0,,,,,
Scenario1,0,RE1,,IMPBIO,CO2,2045,,,,,,,,,,,,0.0,,,,,
Scenario1,0,RE1,,IMPBIO,CO2,2046,,,,,,,,,,,,0.0,,,,,
Scenario1,0,RE1,,IMPBIO,CO2,2047,,,,,,,,,,,,0.0,,,,,
Scenario1,0,RE1,,IMPBIO,CO2,2048,,,,,,,,,,,,0.0,,,,,
Scenario1,0,RE1,,IMPBIO,CO2,2049,,,,,,,,,,,,0.0,,,,,
Scenario1,0,RE1,,IMPBIO,CO2,2050,,,,,,,,,,,,0.0,,,,,
Scenario1,0,RE1,,IMPCOA,CO2,2019,,,,,,,,,,,,0.0,,,,,
Scenario1,0,RE1,,IMPCOA,CO2,2020,,,,,,,,,,,,0.0,,,,,
Scenario1,0,RE1,,IMPCOA,CO2,2021,,,,,,,,,,,,0.0,,,,,
Scenario1,0,RE1,,IMPCOA,CO2,2022,,,,,,,,,,,,0.0,,,,,
Scenario1,0,RE1,,IMPCOA,CO2,2023,,,,,,,,,,,,0.0,,,,,
Scenario1,0,RE1,,IMPCOA,CO2,2024,,,,,,,,,,,,0.0,,,,,
Scenario1,0,RE1,,IMPCOA,CO2,2025,,,,,,,,,,,,0.0,,,,,
Scenario1,0,RE1,,IMPCOA,CO2,2026,,,,,,,,,,,,0.0,,,,,
Scenario1,0,RE1,,IMPCOA,CO2,2027,,,,,,,,,,,,0.0,,,,,
Scenario1,0,RE1,,IMPCOA,CO2,2028,,,,,,,,,,,,0.0,,,,,
Scenario1,0,RE1,,IMPCOA,CO2,2029,,,,,,,,,,,,0.0,,,,,
Scenario1,0,RE1,,IMPCOA,CO2,2030,,,,,,,,,,,,0.0,,,,,
Scenario1,0,RE1,,IMPCOA,CO2,2031,,,,,,,,,,,,0.0,,,,,
Scenario1,0,RE1,,IMPCOA,CO2,2032,,,,,,,,,,,,0.0,,,,,
Scenario1,0,RE1,,IMPCOA,CO2,2033,,,,,,,,,,,,0.0,,,,,
Scenario1,0,RE1,,IMPCOA,CO2,2034,,,,,,,,,,,,0.0,,,,,
Scenario1,0,RE1,,IMPCOA,CO2,2035,,,,,,,,,,,,0.0,,,,,
Scenario1,0,RE1,,IMPCOA,CO2,2036,,,,,,,,,,,,0.0,,,,,
Scenario1,0,RE1,,IMPCOA,CO2,2037,,,,,,,,,,,,0.0,,,,,
Scenario1,0,RE1,,IMPCOA,CO2,2038,,,,,,,,,,,,0.0,,,,,
Scenario1,0,RE1,,IMPCOA,CO2,2039,,,,,,,,,,,,0.0,,,,,
Scenario1,0,RE1,,IMPCOA,CO2,2040,,,,,,,,,,,,0.0,,,,,
Scenario1,0,RE1,,IMPCOA,CO2,2041,,,,,,,,,,,,0.0,,,,,
Scenario1,0,RE1,,IMPCOA,CO2,2042,,,,,,,,,,,,0.0,,,,,
Scenario1,0,RE1,,IMPCOA,CO2,2043,,,,,,,,,,,,0.0,,,,,
Scenario1,0,RE1,,IMPCOA,CO2,2044,,,,,,,,,,,,0.0,,,,,
Scenario1,0,RE1,,IMPCOA,CO2,2045,,,,,,,,,,,,0.0,,,,,
Scenario1,0,RE1,,IMPCOA,CO2,2046,,,,,,,,,,,,0.0,,,,,
Scenario1,0,RE1,,IMPCOA,CO2,2047,,,,,,,,,,,,0.0,,,,,
Scenario1,0,RE1,,IMPCOA,CO2,2048,,,,,,,,,,,,0.0,,,,,
Scenario1,0,RE1,,IMPCOA,CO2,2049,,,,,,,,,,,,0.0,,,,,
Scenario1,0,RE1,,IMPCOA,CO2,2050,,,,,,,,,,,,0.0,,,,,
Scenario1,0,RE1,,IMPELC001,CO2,2019,,,,,,,,,,,,0.0,,,,,
Scenario1,0,RE1,,IMPELC001,CO2,2020,,,,,,,,,,,,0.0,,,,,
Scenario1,0,RE1,,IMPELC001,CO2,2021,,,,,,,,,,,,0.0,,,,,
Scenario1,0,RE1,,IMPELC001,CO2,2022,,,,,,,,,,,,0.0,,,,,
Scenario1,0,RE1,,IMPELC001,CO2,2023,,,,,,,,,,,,0.0,,,,,
Scenario1,0,RE1,,IMPELC001,CO2,2024,,,,,,,,,,,,0.0,,,,,
Scenario1,0,RE1,,IMPELC001,CO2,2025,,,,,,,,,,,,0.0,,,,,
Scenario1,0,RE1,,IMPELC001,CO2,2026,,,,,,,,,,,,0.0,,,,,
Scenario1,0,RE1,,IMPELC001,CO2,2027,,,,,,,,,,,,0.0,,,,,
Scenario1,0,RE1,,IMPELC001,CO2,2028,,,,,,,,,,,,0.0,,,,,
Scenario1,0,RE1,,IMPELC001,CO2,2029,,,,,,,,,,,,0.0,,,,,
Scenario1,0,RE1,,IMPELC001,CO2,2030,,,,,,,,,,,,0.0,,,,,
Scenario1,0,RE1,,IMPELC001,CO2,2031,,,,,,,,,,,,0.0,,,,,
Scenario1,0,RE1,,IMPELC001,CO2,2032,,,,,,,,,,,,0.0,,,,,
Scenario1,0,RE1,,IMPELC001,CO2,2033,,,,,,,,,,,,0.0,,,,,
Scenario1,0,RE1,,IMPELC001,CO2,2034,,,,,,,,,,,,0.0,,,,,
Scenario1,0,RE1,,IMPELC001,CO2,2035,,,,,,,,,,,,0.0,,,,,
Scenario1,0,RE1,,IMPELC001,CO2,2036,,,,,,,,,,,,0.0,,,,,
Scenario1,0,RE1,,IMPELC001,CO2,2037,,,,,,,,,,,,0.0,,,,,
Scenario1,0,RE1,,IMPELC001,CO2,2038,,,,,,,,,,,,0.0,,,,,
Scenario1,0,RE1,,IMPELC001,CO2,2039,,,,,,,,,,,,0.0,,,,,
Scenario1,0,RE1,,IMPELC001,CO2,2040,,,,,,,,,,,,0.0,,,,,
Scenario1,0,RE1,,IMPELC001,CO2,2041,,,,,,,,,,,,0.0,,,,,
Scenario1,0,RE1,,IMPELC001,CO2,2042,,,,,,,,,,,,0.0,,,,,
Scenario1,0,RE1,,IMPELC001,CO2,2043,,,,,,,,,,,,0.0,,,,,
Scenario1,0,RE1,,IMPELC001,CO2,2044,,,,,,,,,,,,0.0,,,,,
Scenario1,0,RE1,,IMPELC001,CO2,2045,,,,,,,,,,,,0.0,,,,,
Scenario1,0,RE1,,IMPELC001,CO2,2046,,,,,,,,,,,,0.0,,,,,
Scenario1,0,RE1,,IMPELC001,CO2,2047,,,,,,,,,,,,0.0,,,,,
Scenario1,0,RE1,,IMPELC001,CO2,2048,,,,,,,,,,,,0.0,,,,,
Scenario1,0,RE1,,IMPELC001,CO2,2049,,,,,,,,,,,,0.0,,,,,
Scenario1,0,RE1,,IMPELC001,CO2,2050,,,,,,,,,,,,0.0,,,,,
Scenario1,0,RE1,,IMPELC002,CO2,2019,,,,,,,,,,,,0.0,,,,,
Scenario1,0,RE1,,IMPELC002,CO2,2020,,,,,,,,,,,,0.0,,,,,
Scenario1,0,RE1,,IMPELC002,CO2,2021,,,,,,,,,,,,0.0,,,,,
Scenario1,0,RE1,,IMPELC002,CO2,2022,,,,,,,,,,,,0.0,,,,,
Scenario1,0,RE1,,IMPELC002,CO2,2023,,,,,,,,,,,,0.0,,,,,
Scenario1,0,RE1,,IMPELC002,CO2,2024,,,,,,,,,,,,0.0,,,,,
Scenario1,0,RE1,,IMPELC002,CO2,2025,,,,,,,,,,,,0.0,,,,,
Scenario1,0,RE1,,IMPELC002,CO2,2026,,,,,,,,,,,,0.0,,,,,
Scenario1,0,RE1,,IMPELC002,CO2,2027,,,,,,,,,,,,0.0,,,,,
Scenario1,0,RE1,,IMPELC002,CO2,2028,,,,,,,,,,,,0.0,,,,,
Scenario1,0,RE1,,IMPELC002,CO2,2029,,,,,,,,,,,,0.0,,,,,
Scenario1,0,RE1,,IMPELC002,CO2,2030,,,,,,,,,,,,0.0,,,,,
Scenario1,0,RE1,,IMPELC002,CO2,2031,,,,,,,,,,,,0.0,,,,,
Scenario1,0,RE1,,IMPELC002,CO2,2032,,,,,,,,,,,,0.0,,,,,
Scenario1,0,RE1,,IMPELC002,CO2,2033,,,,,,,,,,,,0.0,,,,,
Scenario1,0,RE1,,IMPELC002,CO2,2034,,,,,,,,,,,,0.0,,,,,
Scenario1,0,RE1,,IMPELC002,CO2,2035,,,,,,,,,,,,0.0,,,,,
Scenario1,0,RE1,,IMPELC002,CO2,2036,,,,,,,,,,,,0.0,,,,,
Scenario1,0,RE1,,IMPELC002,CO2,2037,,,,,,,,,,,,0.0,,,,,
Scenario1,0,RE1,,IMPELC002,CO2,2038,,,,,,,,,,,,0.0,,,,,
Scenario1,0,RE1,,IMPELC002,CO2,2039,,,,,,,,,,,,0.0,,,,,
Scenario1,0,RE1,,IMPELC002,CO2,2040,,,,,,,,,,,,0.0,,,,,
Scenario1,0,RE1,,IMPELC002,CO2,2041,,,,,,,,,,,,0.0,,,,,
Scenario1,0,RE1,,IMPELC002,CO2,2042,,,,,,,,,,,,0.0,,,,,
Scenario1,0,RE1,,IMPELC002,CO2,2043,,,,,,,,,,,,0.0,,,,,
Scenario1,0,RE1,,IMPELC002,CO2,2044,,,,,,,,,,,,0.0,,,,,
Scenario1,0,RE1,,IMPELC002,CO2,2045,,,,,,,,,,,,0.0,,,,,
Scenario1,0,RE1,,IMPELC002,CO2,2046,,,,,,,,,,,,0.0,,,,,
Scenario1,0,RE1,,IMPELC002,CO2,2047,,,,,,,,,,,,0.0,,,,,
Scenario1,0,RE1,,IMPELC002,CO2,2048,,,,,,,,,,,,0.0,,,,,
Scenario1,0,RE1,,IMPELC002,CO2,2049,,,,,,,,,,,,0.0,,,,,
Scenario1,0,RE1,,IMPELC002,CO2,2050,,,,,,,,,,,,0.0,,,,,
Scenario1,0,RE1,,IMPHFOMOM,CO2,2019,,,,,,,,,,,,0.0,,,,,
Scenario1,0,RE1,,IMPHFOMOM,CO2,2020,,,,,,,,,,,,0.0,,,,,
Scenario1,0,RE1,,IMPHFOMOM,CO2,2021,,,,,,,,,,,,0.0,,,,,
Scenario1,0,RE1,,IMPHFOMOM,CO2,2022,,,,,,,,,,,,0.0,,,,,
Scenario1,0,RE1,,IMPHFOMOM,CO2,2023,,,,,,,,,,,,0.0,,,,,
Scenario1,0,RE1,,IMPHFOMOM,CO2,2024,,,,,,,,,,,,0.0,,,,,
Scenario1,0,RE1,,IMPHFOMOM,CO2,2025,,,,,,,,,,,,0.0,,,,,
Scenario1,0,RE1,,IMPHFOMOM,CO2,2026,,,,,,,,,,,,0.0,,,,,
Scenario1,0,RE1,,IMPHFOMOM,CO2,2027,,,,,,,,,,,,0.0,,,,,
Scenario1,0,RE1,,IMPHFOMOM,CO2,2028,,,,,,,,,,,,0.0,,,,,
Scenario1,0,RE1,,IMPHFOMOM,CO2,2029,,,,,,,,,,,,0.0,,,,,
Scenario1,0,RE1,,IMPHFOMOM,CO2,2030,,,,,,,,,,,,0.0,,,,,
Scenario1,0,RE1,,IMPHFOMOM,CO2,2031,,,,,,,,,,,,0.0,,,,,
Scenario1,0,RE1,,IMPHFOMOM,CO2,2032,,,,,,,,,,,,0.0,,,,,
Scenario1,0,RE1,,IMPHFOMOM,CO2,2033,,,,,,,,,,,,0.0,,,,,
Scenario1,0,RE1,,IMPHFOMOM,CO2,2034,,,,,,,,,,,,0.0,,,,,
Scenario1,0,RE1,,IMPHFOMOM,CO2,2035,,,,,,,,,,,,0.0,,,,,
Scenario1,0,RE1,,IMPHFOMOM,CO2,2036,,,,,,,,,,,,0.0,,,,,
Scenario1,0,RE1,,IMPHFOMOM,CO2,2037,,,,,,,,,,,,0.0,,,,,
Scenario1,0,RE1,,IMPHFOMOM,CO2,2038,,,,,,,,,,,,0.0,,,,,
Scenario1,0,RE1,,IMPHFOMOM,CO2,2039,,,,,,,,,,,,0.0,,,,,
Scenario1,0,RE1,,IMPHFOMOM,CO2,2040,,,,,,,,,,,,0.0,,,,,
Scenario1,0,RE1,,IMPHFOMOM,CO2,2041,,,,,,,,,,,,0.0,,,,,
Scenario1,0,RE1,,IMPHFOMOM,CO2,2042,,,,,,,,,,,,0.0,,,,,
Scenario1,0,RE1,,IMPHFOMOM,CO2,2043,,,,,,,,,,,,0.0,,,,,
Scenario1,0,RE1,,IMPHFOMOM,CO2,2044,,,,,,,,,,,,0.0,,,,,
Scenario1,0,RE1,,IMPHFOMOM,CO2,2045,,,,,,,,,,,,0.0,,,,,
Scenario1,0,RE1,,IMPHFOMOM,CO2,2046,,,,,,,,,,,,0.0,,,,,
Scenario1,0,RE1,,IMPHFOMOM,CO2,2047,,,,,,,,,,,,0.0,,,,,
Scenario1,0,RE1,,IMPHFOMOM,CO2,2048,,,,,,,,,,,,0.0,,,,,
Scenario1,0,RE1,,IMPHFOMOM,CO2,2049,,,,,,,,,,,,0.0,,,,,
Scenario1,0,RE1,,IMPHFOMOM,CO2,2050,,,,,,,,,,,,0.0,,,,,
Scenario1,0,RE1,,IMPHFONAI,CO2,2019,,,,,,,,,,,,0.0,,,,,
Scenario1,0,RE1,,IMPHFONAI,CO2,2020,,,,,,,,,,,,0.0,,,,,
Scenario1,0,RE1,,IMPHFONAI,CO2,2021,,,,,,,,,,,,0.0,,,,,
Scenario1,0,RE1,,IMPHFONAI,CO2,2022,,,,,,,,,,,,0.0,,,,,
Scenario1,0,RE1,,IMPHFONAI,CO2,2023,,,,,,,,,,,,0.0,,,,,
Scenario1,0,RE1,,IMPHFONAI,CO2,2024,,,,,,,,,,,,0.0,,,,,
Scenario1,0,RE1,,IMPHFONAI,CO2,2025,,,,,,,,,,,,0.0,,,,,
Scenario1,0,RE1,,IMPHFONAI,CO2,2026,,,,,,,,,,,,0.0,,,,,
Scenario1,0,RE1,,IMPHFONAI,CO2,2027,,,,,,,,,,,,0.0,,,,,
Scenario1,0,RE1,,IMPHFONAI,CO2,2028,,,,,,,,,,,,0.0,,,,,
Scenario1,0,RE1,,IMPHFONAI,CO2,2029,,,,,,,,,,,,0.0,,,,,
Scenario1,0,RE1,,IMPHFONAI,CO2,2030,,,,,,,,,,,,0.0,,,,,
Scenario1,0,RE1,,IMPHFONAI,CO2,2031,,,,,,,,,,,,0.0,,,,,
Scenario1,0,RE1,,IMPHFONAI,CO2,2032,,,,,,,,,,,,0.0,,,,,
Scenario1,0,RE1,,IMPHFONAI,CO2,2033,,,,,,,,,,,,0.0,,,,,
Scenario1,0,RE1,,IMPHFONAI,CO2,2034,,,,,,,,,,,,0.0,,,,,
Scenario1,0,RE1,,IMPHFONAI,CO2,2035,,,,,,,,,,,,0.0,,,,,
Scenario1,0,RE1,,IMPHFONAI,CO2,2036,,,,,,,,,,,,0.0,,,,,
Scenario1,0,RE1,,IMPHFONAI,CO2,2037,,,,,,,,,,,,0.0,,,,,
Scenario1,0,RE1,,IMPHFONAI,CO2,2038,,,,,,,,,,,,0.0,,,,,
Scenario1,0,RE1,,IMPHFONAI,CO2,2039,,,,,,,,,,,,0.0,,,,,
Scenario1,0,RE1,,IMPHFONAI,CO2,2040,,,,,,,,,,,,0.0,,,,,
Scenario1,0,RE1,,IMPHFONAI,CO2,2041,,,,,,,,,,,,0.0,,,,,
Scenario1,0,RE1,,IMPHFONAI,CO2,2042,,,,,,,,,,,,0.0,,,,,
Scenario1,0,RE1,,IMPHFONAI,CO2,2043,,,,,,,,,,,,0.0,,,,,
Scenario1,0,RE1,,IMPHFONAI,CO2,2044,,,,,,,,,,,,0.0,,,,,
Scenario1,0,RE1,,IMPHFONAI,CO2,2045,,,,,,,,,,,,0.0,,,,,
Scenario1,0,RE1,,IMPHFONAI,CO2,2046,,,,,,,,,,,,0.0,,,,,
Scenario1,0,RE1,,IMPHFONAI,CO2,2047,,,,,,,,,,,,0.0,,,,,
Scenario1,0,RE1,,IMPHFONAI,CO2,2048,,,,,,,,,,,,0.0,,,,,
Scenario1,0,RE1,,IMPHFONAI,CO2,2049,,,,,,,,,,,,0.0,,,,,
Scenario1,0,RE1,,IMPHFONAI,CO2,2050,,,,,,,,,,,,0.0,,,,,
Scenario1,0,RE1,,IMPLFOELD,CO2,2019,,,,,,,,,,,,0.0,,,,,
Scenario1,0,RE1,,IMPLFOELD,CO2,2020,,,,,,,,,,,,0.0,,,,,
Scenario1,0,RE1,,IMPLFOELD,CO2,2021,,,,,,,,,,,,0.0,,,,,
Scenario1,0,RE1,,IMPLFOELD,CO2,2022,,,,,,,,,,,,0.0,,,,,
Scenario1,0,RE1,,IMPLFOELD,CO2,2023,,,,,,,,,,,,0.0,,,,,
Scenario1,0,RE1,,IMPLFOELD,CO2,2024,,,,,,,,,,,,0.0,,,,,
Scenario1,0,RE1,,IMPLFOELD,CO2,2025,,,,,,,,,,,,0.0,,,,,
Scenario1,0,RE1,,IMPLFOELD,CO2,2026,,,,,,,,,,,,0.0,,,,,
Scenario1,0,RE1,,IMPLFOELD,CO2,2027,,,,,,,,,,,,0.0,,,,,
Scenario1,0,RE1,,IMPLFOELD,CO2,2028,,,,,,,,,,,,0.0,,,,,
Scenario1,0,RE1,,IMPLFOELD,CO2,2029,,,,,,,,,,,,0.0,,,,,
Scenario1,0,RE1,,IMPLFOELD,CO2,2030,,,,,,,,,,,,0.0,,,,,
Scenario1,0,RE1,,IMPLFOELD,CO2,2031,,,,,,,,,,,,0.0,,,,,
Scenario1,0,RE1,,IMPLFOELD,CO2,2032,,,,,,,,,,,,0.0,,,,,
Scenario1,0,RE1,,IMPLFOELD,CO2,2033,,,,,,,,,,,,0.0,,,,,
Scenario1,0,RE1,,IMPLFOELD,CO2,2034,,,,,,,,,,,,0.0,,,,,
Scenario1,0,RE1,,IMPLFOELD,CO2,2035,,,,,,,,,,,,0.0,,,,,
Scenario1,0,RE1,,IMPLFOELD,CO2,2036,,,,,,,,,,,,0.0,,,,,
Scenario1,0,RE1,,IMPLFOELD,CO2,2037,,,,,,,,,,,,0.0,,,,,
Scenario1,0,RE1,,IMPLFOELD,CO2,2038,,,,,,,,,,,,0.0,,,,,
Scenario1,0,RE1,,IMPLFOELD,CO2,2039,,,,,,,,,,,,0.0,,,,,
Scenario1,0,RE1,,IMPLFOELD,CO2,2040,,,,,,,,,,,,0.0,,,,,
Scenario1,0,RE1,,IMPLFOELD,CO2,2041,,,,,,,,,,,,0.0,,,,,
Scenario1,0,RE1,,IMPLFOELD,CO2,2042,,,,,,,,,,,,0.0,,,,,
Scenario1,0,RE1,,IMPLFOELD,CO2,2043,,,,,,,,,,,,0.0,,,,,
Scenario1,0,RE1,,IMPLFOELD,CO2,2044,,,,,,,,,,,,0.0,,,,,
Scenario1,0,RE1,,IMPLFOELD,CO2,2045,,,,,,,,,,,,0.0,,,,,
Scenario1,0,RE1,,IMPLFOELD,CO2,2046,,,,,,,,,,,,0.0,,,,,
Scenario1,0,RE1,,IMPLFOELD,CO2,2047,,,,,,,,,,,,0.0,,,,,
Scenario1,0,RE1,,IMPLFOELD,CO2,2048,,,,,,,,,,,,0.0,,,,,
Scenario1,0,RE1,,IMPLFOELD,CO2,2049,,,,,,,,,,,,0.0,,,,,
Scenario1,0,RE1,,IMPLFOELD,CO2,2050,,,,,,,,,,,,0.0,,,,,
Scenario1,0,RE1,,IMPNGS,CO2,2019,,,,,,,,,,,,0.0,,,,,
Scenario1,0,RE1,,IMPNGS,CO2,2020,,,,,,,,,,,,0.0,,,,,
Scenario1,0,RE1,,IMPNGS,CO2,2021,,,,,,,,,,,,0.0,,,,,
Scenario1,0,RE1,,IMPNGS,CO2,2022,,,,,,,,,,,,0.0,,,,,
Scenario1,0,RE1,,IMPNGS,CO2,2023,,,,,,,,,,,,0.0,,,,,
Scenario1,0,RE1,,IMPNGS,CO2,2024,,,,,,,,,,,,0.0,,,,,
Scenario1,0,RE1,,IMPNGS,CO2,2025,,,,,,,,,,,,0.0,,,,,
Scenario1,0,RE1,,IMPNGS,CO2,2026,,,,,,,,,,,,0.0,,,,,
Scenario1,0,RE1,,IMPNGS,CO2,2027,,,,,,,,,,,,0.0,,,,,
Scenario1,0,RE1,,IMPNGS,CO2,2028,,,,,,,,,,,,0.0,,,,,
Scenario1,0,RE1,,IMPNGS,CO2,2029,,,,,,,,,,,,0.0,,,,,
Scenario1,0,RE1,,IMPNGS,CO2,2030,,,,,,,,,,,,0.0,,,,,
Scenario1,0,RE1,,IMPNGS,CO2,2031,,,,,,,,,,,,0.0,,,,,
Scenario1,0,RE1,,IMPNGS,CO2,2032,,,,,,,,,,,,0.0,,,,,
Scenario1,0,RE1,,IMPNGS,CO2,2033,,,,,,,,,,,,0.0,,,,,
Scenario1,0,RE1,,IMPNGS,CO2,2034,,,,,,,,,,,,0.0,,,,,
Scenario1,0,RE1,,IMPNGS,CO2,2035,,,,,,,,,,,,0.0,,,,,
Scenario1,0,RE1,,IMPNGS,CO2,2036,,,,,,,,,,,,0.0,,,,,
Scenario1,0,RE1,,IMPNGS,CO2,2037,,,,,,,,,,,,0.0,,,,,
Scenario1,0,RE1,,IMPNGS,CO2,2038,,,,,,,,,,,,0.0,,,,,
Scenario1,0,RE1,,IMPNGS,CO2,2039,,,,,,,,,,,,0.0,,,,,
Scenario1,0,RE1,,IMPNGS,CO2,2040,,,,,,,,,,,,0.0,,,,,
Scenario1,0,RE1,,IMPNGS,CO2,2041,,,,,,,,,,,,0.0,,,,,
Scenario1,0,RE1,,IMPNGS,CO2,2042,,,,,,,,,,,,0.0,,,,,
Scenario1,0,RE1,,IMPNGS,CO2,2043,,,,,,,,,,,,0.0,,,,,
Scenario1,0,RE1,,IMPNGS,CO2,2044,,,,,,,,,,,,0.0,,,,,
Scenario1,0,RE1,,IMPNGS,CO2,2045,,,,,,,,,,,,0.0,,,,,
Scenario1,0,RE1,,IMPNGS,CO2,2046,,,,,,,,,,,,0.0,,,,,
Scenario1,0,RE1,,IMPNGS,CO2,2047,,,,,,,,,,,,0.0,,,,,
Scenario1,0,RE1,,IMPNGS,CO2,2048,,,,,,,,,,,,0.0,,,,,
Scenario1,0,RE1,,IMPNGS,CO2,2049,,,,,,,,,,,,0.0,,,,,
Scenario1,0,RE1,,IMPNGS,CO2,2050,,,,,,,,,,,,0.0,,,,,
Scenario1,0,RE1,,IMPURN,CO2,2019,,,,,,,,,,,,0.0,,,,,
Scenario1,0,RE1,,IMPURN,CO2,2020,,,,,,,,,,,,0.0,,,,,
Scenario1,0,RE1,,IMPURN,CO2,2021,,,,,,,,,,,,0.0,,,,,
Scenario1,0,RE1,,IMPURN,CO2,2022,,,,,,,,,,,,0.0,,,,,
Scenario1,0,RE1,,IMPURN,CO2,2023,,,,,,,,,,,,0.0,,,,,
Scenario1,0,RE1,,IMPURN,CO2,2024,,,,,,,,,,,,0.0,,,,,
Scenario1,0,RE1,,IMPURN,CO2,2025,,,,,,,,,,,,0.0,,,,,
Scenario1,0,RE1,,IMPURN,CO2,2026,,,,,,,,,,,,0.0,,,,,
Scenario1,0,RE1,,IMPURN,CO2,2027,,,,,,,,,,,,0.0,,,,,
Scenario1,0,RE1,,IMPURN,CO2,2028,,,,,,,,,,,,0.0,,,,,
Scenario1,0,RE1,,IMPURN,CO2,2029,,,,,,,,,,,,0.0,,,,,
Scenario1,0,RE1,,IMPURN,CO2,2030,,,,,,,,,,,,0.0,,,,,
Scenario1,0,RE1,,IMPURN,CO2,2031,,,,,,,,,,,,0.0,,,,,
Scenario1,0,RE1,,IMPURN,CO2,2032,,,,,,,,,,,,0.0,,,,,
Scenario1,0,RE1,,IMPURN,CO2,2033,,,,,,,,,,,,0.0,,,,,
Scenario1,0,RE1,,IMPURN,CO2,2034,,,,,,,,,,,,0.0,,,,,
Scenario1,0,RE1,,IMPURN,CO2,2035,,,,,,,,,,,,0.0,,,,,
Scenario1,0,RE1,,IMPURN,CO2,2036,,,,,,,,,,,,0.0,,,,,
Scenario1,0,RE1,,IMPURN,CO2,2037,,,,,,,,,,,,0.0,,,,,
Scenario1,0,RE1,,IMPURN,CO2,2038,,,,,,,,,,,,0.0,,,,,
Scenario1,0,RE1,,IMPURN,CO2,2039,,,,,,,,,,,,0.0,,,,,
Scenario1,0,RE1,,IMPURN,CO2,2040,,,,,,,,,,,,0.0,,,,,
Scenario1,0,RE1,,IMPURN,CO2,2041,,,,,,,,,,,,0.0,,,,,
Scenario1,0,RE1,,IMPURN,CO2,2042,,,,,,,,,,,,0.0,,,,,
Scenario1,0,RE1,,IMPURN,CO2,2043,,,,,,,,,,,,0.0,,,,,
Scenario1,0,RE1,,IMPURN,CO2,2044,,,,,,,,,,,,0.0,,,,,
Scenario1,0,RE1,,IMPURN,CO2,2045,,,,,,,,,,,,0.0,,,,,
Scenario1,0,RE1,,IMPURN,CO2,2046,,,,,,,,,,,,0.0,,,,,
Scenario1,0,RE1,,IMPURN,CO2,2047,,,,,,,,,,,,0.0,,,,,
Scenario1,0,RE1,,IMPURN,CO2,2048,,,,,,,,,,,,0.0,,,,,
Scenario1,0,RE1,,IMPURN,CO2,2049,,,,,,,,,,,,0.0,,,,,
Scenario1,0,RE1,,IMPURN,CO2,2050,,,,,,,,,,,,0.0,,,,,
Scenario1,0,RE1,,MINBIO,CO2,2019,,,,,,,,,,,,0.0,,,,,
Scenario1,0,RE1,,MINBIO,CO2,2020,,,,,,,,,,,,0.0,,,,,
Scenario1,0,RE1,,MINBIO,CO2,2021,,,,,,,,,,,,0.0,,,,,
Scenario1,0,RE1,,MINBIO,CO2,2022,,,,,,,,,,,,0.0,,,,,
Scenario1,0,RE1,,MINBIO,CO2,2023,,,,,,,,,,,,0.0,,,,,
Scenario1,0,RE1,,MINBIO,CO2,2024,,,,,,,,,,,,0.0,,,,,
Scenario1,0,RE1,,MINBIO,CO2,2025,,,,,,,,,,,,0.0,,,,,
Scenario1,0,RE1,,MINBIO,CO2,2026,,,,,,,,,,,,0.0,,,,,
Scenario1,0,RE1,,MINBIO,CO2,2027,,,,,,,,,,,,0.0,,,,,
Scenario1,0,RE1,,MINBIO,CO2,2028,,,,,,,,,,,,0.0,,,,,
Scenario1,0,RE1,,MINBIO,CO2,2029,,,,,,,,,,,,0.0,,,,,
Scenario1,0,RE1,,MINBIO,CO2,2030,,,,,,,,,,,,0.0,,,,,
Scenario1,0,RE1,,MINBIO,CO2,2031,,,,,,,,,,,,0.0,,,,,
Scenario1,0,RE1,,MINBIO,CO2,2032,,,,,,,,,,,,0.0,,,,,
Scenario1,0,RE1,,MINBIO,CO2,2033,,,,,,,,,,,,0.0,,,,,
Scenario1,0,RE1,,MINBIO,CO2,2034,,,,,,,,,,,,0.0,,,,,
Scenario1,0,RE1,,MINBIO,CO2,2035,,,,,,,,,,,,0.0,,,,,
Scenario1,0,RE1,,MINBIO,CO2,2036,,,,,,,,,,,,0.0,,,,,
Scenario1,0,RE1,,MINBIO,CO2,2037,,,,,,,,,,,,0.0,,,,,
Scenario1,0,RE1,,MINBIO,CO2,2038,,,,,,,,,,,,0.0,,,,,
Scenario1,0,RE1,,MINBIO,CO2,2039,,,,,,,,,,,,0.0,,,,,
Scenario1,0,RE1,,MINBIO,CO2,2040,,,,,,,,,,,,0.0,,,,,
Scenario1,0,RE1,,MINBIO,CO2,2041,,,,,,,,,,,,0.0,,,,,
Scenario1,0,RE1,,MINBIO,CO2,2042,,,,,,,,,,,,0.0,,,,,
Scenario1,0,RE1,,MINBIO,CO2,2043,,,,,,,,,,,,0.0,,,,,
Scenario1,0,RE1,,MINBIO,CO2,2044,,,,,,,,,,,,0.0,,,,,
Scenario1,0,RE1,,MINBIO,CO2,2045,,,,,,,,,,,,0.0,,,,,
Scenario1,0,RE1,,MINBIO,CO2,2046,,,,,,,,,,,,0.0,,,,,
Scenario1,0,RE1,,MINBIO,CO2,2047,,,,,,,,,,,,0.0,,,,,
Scenario1,0,RE1,,MINBIO,CO2,2048,,,,,,,,,,,,0.0,,,,,
Scenario1,0,RE1,,MINBIO,CO2,2049,,,,,,,,,,,,0.0,,,,,
Scenario1,0,RE1,,MINBIO,CO2,2050,,,,,,,,,,,,0.0,,,,,
Scenario1,0,RE1,,MINCOA,CO2,2019,,,,,,,,,,,,0.0,,,,,
Scenario1,0,RE1,,MINCOA,CO2,2020,,,,,,,,,,,,0.0,,,,,
Scenario1,0,RE1,,MINCOA,CO2,2021,,,,,,,,,,,,0.0,,,,,
Scenario1,0,RE1,,MINCOA,CO2,2022,,,,,,,,,,,,0.0,,,,,
Scenario1,0,RE1,,MINCOA,CO2,2023,,,,,,,,,,,,0.0,,,,,
Scenario1,0,RE1,,MINCOA,CO2,2024,,,,,,,,,,,,0.0,,,,,
Scenario1,0,RE1,,MINCOA,CO2,2025,,,,,,,,,,,,0.0,,,,,
Scenario1,0,RE1,,MINCOA,CO2,2026,,,,,,,,,,,,0.0,,,,,
Scenario1,0,RE1,,MINCOA,CO2,2027,,,,,,,,,,,,0.0,,,,,
Scenario1,0,RE1,,MINCOA,CO2,2028,,,,,,,,,,,,0.0,,,,,
Scenario1,0,RE1,,MINCOA,CO2,2029,,,,,,,,,,,,0.0,,,,,
Scenario1,0,RE1,,MINCOA,CO2,2030,,,,,,,,,,,,0.0,,,,,
Scenario1,0,RE1,,MINCOA,CO2,2031,,,,,,,,,,,,0.0,,,,,
Scenario1,0,RE1,,MINCOA,CO2,2032,,,,,,,,,,,,0.0,,,,,
Scenario1,0,RE1,,MINCOA,CO2,2033,,,,,,,,,,,,0.0,,,,,
Scenario1,0,RE1,,MINCOA,CO2,2034,,,,,,,,,,,,0.0,,,,,
Scenario1,0,RE1,,MINCOA,CO2,2035,,,,,,,,,,,,0.0,,,,,
Scenario1,0,RE1,,MINCOA,CO2,2036,,,,,,,,,,,,0.0,,,,,
Scenario1,0,RE1,,MINCOA,CO2,2037,,,,,,,,,,,,0.0,,,,,
Scenario1,0,RE1,,MINCOA,CO2,2038,,,,,,,,,,,,0.0,,,,,
Scenario1,0,RE1,,MINCOA,CO2,2039,,,,,,,,,,,,0.0,,,,,
Scenario1,0,RE1,,MINCOA,CO2,2040,,,,,,,,,,,,0.0,,,,,
Scenario1,0,RE1,,MINCOA,CO2,2041,,,,,,,,,,,,0.0,,,,,
Scenario1,0,RE1,,MINCOA,CO2,2042,,,,,,,,,,,,0.0,,,,,
Scenario1,0,RE1,,MINCOA,CO2,2043,,,,,,,,,,,,0.0,,,,,
Scenario1,0,RE1,,MINCOA,CO2,2044,,,,,,,,,,,,0.0,,,,,
Scenario1,0,RE1,,MINCOA,CO2,2045,,,,,,,,,,,,0.0,,,,,
Scenario1,0,RE1,,MINCOA,CO2,2046,,,,,,,,,,,,0.0,,,,,
Scenario1,0,RE1,,MINCOA,CO2,2047,,,,,,,,,,,,0.0,,,,,
Scenario1,0,RE1,,MINCOA,CO2,2048,,,,,,,,,,,,0.0,,,,,
Scenario1,0,RE1,,MINCOA,CO2,2049,,,,,,,,,,,,0.0,,,,,
Scenario1,0,RE1,,MINCOA,CO2,2050,,,,,,,,,,,,0.0,,,,,
Scenario1,0,RE1,,MINGEO,CO2,2019,,,,,,,,,,,,0.0,,,,,
Scenario1,0,RE1,,MINGEO,CO2,2020,,,,,,,,,,,,0.0,,,,,
Scenario1,0,RE1,,MINGEO,CO2,2021,,,,,,,,,,,,0.0,,,,,
Scenario1,0,RE1,,MINGEO,CO2,2022,,,,,,,,,,,,0.0,,,,,
Scenario1,0,RE1,,MINGEO,CO2,2023,,,,,,,,,,,,0.0,,,,,
Scenario1,0,RE1,,MINGEO,CO2,2024,,,,,,,,,,,,0.0,,,,,
Scenario1,0,RE1,,MINGEO,CO2,2025,,,,,,,,,,,,0.0,,,,,
Scenario1,0,RE1,,MINGEO,CO2,2026,,,,,,,,,,,,0.0,,,,,
Scenario1,0,RE1,,MINGEO,CO2,2027,,,,,,,,,,,,0.0,,,,,
Scenario1,0,RE1,,MINGEO,CO2,2028,,,,,,,,,,,,0.0,,,,,
Scenario1,0,RE1,,MINGEO,CO2,2029,,,,,,,,,,,,0.0,,,,,
Scenario1,0,RE1,,MINGEO,CO2,2030,,,,,,,,,,,,0.0,,,,,
Scenario1,0,RE1,,MINGEO,CO2,2031,,,,,,,,,,,,0.0,,,,,
Scenario1,0,RE1,,MINGEO,CO2,2032,,,,,,,,,,,,0.0,,,,,
Scenario1,0,RE1,,MINGEO,CO2,2033,,,,,,,,,,,,0.0,,,,,
Scenario1,0,RE1,,MINGEO,CO2,2034,,,,,,,,,,,,0.0,,,,,
Scenario1,0,RE1,,MINGEO,CO2,2035,,,,,,,,,,,,0.0,,,,,
Scenario1,0,RE1,,MINGEO,CO2,2036,,,,,,,,,,,,0.0,,,,,
Scenario1,0,RE1,,MINGEO,CO2,2037,,,,,,,,,,,,0.0,,,,,
Scenario1,0,RE1,,MINGEO,CO2,2038,,,,,,,,,,,,0.0,,,,,
Scenario1,0,RE1,,MINGEO,CO2,2039,,,,,,,,,,,,0.0,,,,,
Scenario1,0,RE1,,MINGEO,CO2,2040,,,,,,,,,,,,0.0,,,,,
Scenario1,0,RE1,,MINGEO,CO2,2041,,,,,,,,,,,,0.0,,,,,
Scenario1,0,RE1,,MINGEO,CO2,2042,,,,,,,,,,,,0.0,,,,,
Scenario1,0,RE1,,MINGEO,CO2,2043,,,,,,,,,,,,0.0,,,,,
Scenario1,0,RE1,,MINGEO,CO2,2044,,,,,,,,,,,,0.0,,,,,
Scenario1,0,RE1,,MINGEO,CO2,2045,,,,,,,,,,,,0.0,,,,,
Scenario1,0,RE1,,MINGEO,CO2,2046,,,,,,,,,,,,0.0,,,,,
Scenario1,0,RE1,,MINGEO,CO2,2047,,,,,,,,,,,,0.0,,,,,
Scenario1,0,RE1,,MINGEO,CO2,2048,,,,,,,,,,,,0.0,,,,,
Scenario1,0,RE1,,MINGEO,CO2,2049,,,,,,,,,,,,0.0,,,,,
Scenario1,0,RE1,,MINGEO,CO2,2050,,,,,,,,,,,,0.0,,,,,
Scenario1,0,RE1,,MINHYD,CO2,2019,,,,,,,,,,,,0.0,,,,,
Scenario1,0,RE1,,MINHYD,CO2,2020,,,,,,,,,,,,0.0,,,,,
Scenario1,0,RE1,,MINHYD,CO2,2021,,,,,,,,,,,,0.0,,,,,
Scenario1,0,RE1,,MINHYD,CO2,2022,,,,,,,,,,,,0.0,,,,,
Scenario1,0,RE1,,MINHYD,CO2,2023,,,,,,,,,,,,0.0,,,,,
Scenario1,0,RE1,,MINHYD,CO2,2024,,,,,,,,,,,,0.0,,,,,
Scenario1,0,RE1,,MINHYD,CO2,2025,,,,,,,,,,,,0.0,,,,,
Scenario1,0,RE1,,MINHYD,CO2,2026,,,,,,,,,,,,0.0,,,,,
Scenario1,0,RE1,,MINHYD,CO2,2027,,,,,,,,,,,,0.0,,,,,
Scenario1,0,RE1,,MINHYD,CO2,2028,,,,,,,,,,,,0.0,,,,,
Scenario1,0,RE1,,MINHYD,CO2,2029,,,,,,,,,,,,0.0,,,,,
Scenario1,0,RE1,,MINHYD,CO2,2030,,,,,,,,,,,,0.0,,,,,
Scenario1,0,RE1,,MINHYD,CO2,2031,,,,,,,,,,,,0.0,,,,,
Scenario1,0,RE1,,MINHYD,CO2,2032,,,,,,,,,,,,0.0,,,,,
Scenario1,0,RE1,,MINHYD,CO2,2033,,,,,,,,,,,,0.0,,,,,
Scenario1,0,RE1,,MINHYD,CO2,2034,,,,,,,,,,,,0.0,,,,,
Scenario1,0,RE1,,MINHYD,CO2,2035,,,,,,,,,,,,0.0,,,,,
Scenario1,0,RE1,,MINHYD,CO2,2036,,,,,,,,,,,,0.0,,,,,
Scenario1,0,RE1,,MINHYD,CO2,2037,,,,,,,,,,,,0.0,,,,,
Scenario1,0,RE1,,MINHYD,CO2,2038,,,,,,,,,,,,0.0,,,,,
Scenario1,0,RE1,,MINHYD,CO2,2039,,,,,,,,,,,,0.0,,,,,
Scenario1,0,RE1,,MINHYD,CO2,2040,,,,,,,,,,,,0.0,,,,,
Scenario1,0,RE1,,MINHYD,CO2,2041,,,,,,,,,,,,0.0,,,,,
Scenario1,0,RE1,,MINHYD,CO2,2042,,,,,,,,,,,,0.0,,,,,
Scenario1,0,RE1,,MINHYD,CO2,2043,,,,,,,,,,,,0.0,,,,,
Scenario1,0,RE1,,MINHYD,CO2,2044,,,,,,,,,,,,0.0,,,,,
Scenario1,0,RE1,,MINHYD,CO2,2045,,,,,,,,,,,,0.0,,,,,
Scenario1,0,RE1,,MINHYD,CO2,2046,,,,,,,,,,,,0.0,,,,,
Scenario1,0,RE1,,MINHYD,CO2,2047,,,,,,,,,,,,0.0,,,,,
Scenario1,0,RE1,,MINHYD,CO2,2048,,,,,,,,,,,,0.0,,,,,
Scenario1,0,RE1,,MINHYD,CO2,2049,,,,,,,,,,,,0.0,,,,,
Scenario1,0,RE1,,MINHYD,CO2,2050,,,,,,,,,,,,0.0,,,,,
Scenario1,0,RE1,,MINSOL,CO2,2019,,,,,,,,,,,,0.0,,,,,
Scenario1,0,RE1,,MINSOL,CO2,2020,,,,,,,,,,,,0.0,,,,,
Scenario1,0,RE1,,MINSOL,CO2,2021,,,,,,,,,,,,0.0,,,,,
Scenario1,0,RE1,,MINSOL,CO2,2022,,,,,,,,,,,,0.0,,,,,
Scenario1,0,RE1,,MINSOL,CO2,2023,,,,,,,,,,,,0.0,,,,,
Scenario1,0,RE1,,MINSOL,CO2,2024,,,,,,,,,,,,0.0,,,,,
Scenario1,0,RE1,,MINSOL,CO2,2025,,,,,,,,,,,,0.0,,,,,
Scenario1,0,RE1,,MINSOL,CO2,2026,,,,,,,,,,,,0.0,,,,,
Scenario1,0,RE1,,MINSOL,CO2,2027,,,,,,,,,,,,0.0,,,,,
Scenario1,0,RE1,,MINSOL,CO2,2028,,,,,,,,,,,,0.0,,,,,
Scenario1,0,RE1,,MINSOL,CO2,2029,,,,,,,,,,,,0.0,,,,,
Scenario1,0,RE1,,MINSOL,CO2,2030,,,,,,,,,,,,0.0,,,,,
Scenario1,0,RE1,,MINSOL,CO2,2031,,,,,,,,,,,,0.0,,,,,
Scenario1,0,RE1,,MINSOL,CO2,2032,,,,,,,,,,,,0.0,,,,,
Scenario1,0,RE1,,MINSOL,CO2,2033,,,,,,,,,,,,0.0,,,,,
Scenario1,0,RE1,,MINSOL,CO2,2034,,,,,,,,,,,,0.0,,,,,
Scenario1,0,RE1,,MINSOL,CO2,2035,,,,,,,,,,,,0.0,,,,,
Scenario1,0,RE1,,MINSOL,CO2,2036,,,,,,,,,,,,0.0,,,,,
Scenario1,0,RE1,,MINSOL,CO2,2037,,,,,,,,,,,,0.0,,,,,
Scenario1,0,RE1,,MINSOL,CO2,2038,,,,,,,,,,,,0.0,,,,,
Scenario1,0,RE1,,MINSOL,CO2,2039,,,,,,,,,,,,0.0,,,,,
Scenario1,0,RE1,,MINSOL,CO2,2040,,,,,,,,,,,,0.0,,,,,
Scenario1,0,RE1,,MINSOL,CO2,2041,,,,,,,,,,,,0.0,,,,,
Scenario1,0,RE1,,MINSOL,CO2,2042,,,,,,,,,,,,0.0,,,,,
Scenario1,0,RE1,,MINSOL,CO2,2043,,,,,,,,,,,,0.0,,,,,
Scenario1,0,RE1,,MINSOL,CO2,2044,,,,,,,,,,,,0.0,,,,,
Scenario1,0,RE1,,MINSOL,CO2,2045,,,,,,,,,,,,0.0,,,,,
Scenario1,0,RE1,,MINSOL,CO2,2046,,,,,,,,,,,,0.0,,,,,
Scenario1,0,RE1,,MINSOL,CO2,2047,,,,,,,,,,,,0.0,,,,,
Scenario1,0,RE1,,MINSOL,CO2,2048,,,,,,,,,,,,0.0,,,,,
Scenario1,0,RE1,,MINSOL,CO2,2049,,,,,,,,,,,,0.0,,,,,
Scenario1,0,RE1,,MINSOL,CO2,2050,,,,,,,,,,,,0.0,,,,,
Scenario1,0,RE1,,MINWND,CO2,2019,,,,,,,,,,,,0.0,,,,,
Scenario1,0,RE1,,MINWND,CO2,2020,,,,,,,,,,,,0.0,,,,,
Scenario1,0,RE1,,MINWND,CO2,2021,,,,,,,,,,,,0.0,,,,,
Scenario1,0,RE1,,MINWND,CO2,2022,,,,,,,,,,,,0.0,,,,,
Scenario1,0,RE1,,MINWND,CO2,2023,,,,,,,,,,,,0.0,,,,,
Scenario1,0,RE1,,MINWND,CO2,2024,,,,,,,,,,,,0.0,,,,,
Scenario1,0,RE1,,MINWND,CO2,2025,,,,,,,,,,,,0.0,,,,,
Scenario1,0,RE1,,MINWND,CO2,2026,,,,,,,,,,,,0.0,,,,,
Scenario1,0,RE1,,MINWND,CO2,2027,,,,,,,,,,,,0.0,,,,,
Scenario1,0,RE1,,MINWND,CO2,2028,,,,,,,,,,,,0.0,,,,,
Scenario1,0,RE1,,MINWND,CO2,2029,,,,,,,,,,,,0.0,,,,,
Scenario1,0,RE1,,MINWND,CO2,2030,,,,,,,,,,,,0.0,,,,,
Scenario1,0,RE1,,MINWND,CO2,2031,,,,,,,,,,,,0.0,,,,,
Scenario1,0,RE1,,MINWND,CO2,2032,,,,,,,,,,,,0.0,,,,,
Scenario1,0,RE1,,MINWND,CO2,2033,,,,,,,,,,,,0.0,,,,,
Scenario1,0,RE1,,MINWND,CO2,2034,,,,,,,,,,,,0.0,,,,,
Scenario1,0,RE1,,MINWND,CO2,2035,,,,,,,,,,,,0.0,,,,,
Scenario1,0,RE1,,MINWND,CO2,2036,,,,,,,,,,,,0.0,,,,,
Scenario1,0,RE1,,MINWND,CO2,2037,,,,,,,,,,,,0.0,,,,,
Scenario1,0,RE1,,MINWND,CO2,2038,,,,,,,,,,,,0.0,,,,,
Scenario1,0,RE1,,MINWND,CO2,2039,,,,,,,,,,,,0.0,,,,,
Scenario1,0,RE1,,MINWND,CO2,2040,,,,,,,,,,,,0.0,,,,,
Scenario1,0,RE1,,MINWND,CO2,2041,,,,,,,,,,,,0.0,,,,,
Scenario1,0,RE1,,MINWND,CO2,2042,,,,,,,,,,,,0.0,,,,,
Scenario1,0,RE1,,MINWND,CO2,2043,,,,,,,,,,,,0.0,,,,,
Scenario1,0,RE1,,MINWND,CO2,2044,,,,,,,,,,,,0.0,,,,,
Scenario1,0,RE1,,MINWND,CO2,2045,,,,,,,,,,,,0.0,,,,,
Scenario1,0,RE1,,MINWND,CO2,2046,,,,,,,,,,,,0.0,,,,,
Scenario1,0,RE1,,MINWND,CO2,2047,,,,,,,,,,,,0.0,,,,,
Scenario1,0,RE1,,MINWND,CO2,2048,,,,,,,,,,,,0.0,,,,,
Scenario1,0,RE1,,MINWND,CO2,2049,,,,,,,,,,,,0.0,,,,,
Scenario1,0,RE1,,MINWND,CO2,2050,,,,,,,,,,,,0.0,,,,,
Scenario1,0,RE1,,PWRBIO001,CO2,2019,,,,,,,,,,,,0.0052339290048,,,,,
Scenario1,0,RE1,,PWRBIO001,CO2,2020,,,,,,,,,,,,0.0052339290048,,,,,
Scenario1,0,RE1,,PWRBIO001,CO2,2021,,,,,,,,,,,,0.0052339290048,,,,,
Scenario1,0,RE1,,PWRBIO001,CO2,2022,,,,,,,,,,,,0.0052339290048,,,,,
Scenario1,0,RE1,,PWRBIO001,CO2,2023,,,,,,,,,,,,0.00889767930816,,,,,
Scenario1,0,RE1,,PWRBIO001,CO2,2024,,,,,,,,,,,,0.00889767930816,,,,,
Scenario1,0,RE1,,PWRBIO001,CO2,2025,,,,,,,,,,,,0.0,,,,,
Scenario1,0,RE1,,PWRBIO001,CO2,2026,,,,,,,,,,,,0.0,,,,,
Scenario1,0,RE1,,PWRBIO001,CO2,2027,,,,,,,,,,,,0.0,,,,,
Scenario1,0,RE1,,PWRBIO001,CO2,2028,,,,,,,,,,,,0.0,,,,,
Scenario1,0,RE1,,PWRBIO001,CO2,2029,,,,,,,,,,,,0.0,,,,,
Scenario1,0,RE1,,PWRBIO001,CO2,2030,,,,,,,,,,,,0.0,,,,,
Scenario1,0,RE1,,PWRBIO001,CO2,2031,,,,,,,,,,,,0.0288752534142783,,,,,
Scenario1,0,RE1,,PWRBIO001,CO2,2032,,,,,,,,,,,,0.0624140013599999,,,,,
Scenario1,0,RE1,,PWRBIO001,CO2,2033,,,,,,,,,,,,0.1305067239887898,,,,,
Scenario1,0,RE1,,PWRBIO001,CO2,2034,,,,,,,,,,,,0.2160248444236799,,,,,
Scenario1,0,RE1,,PWRBIO001,CO2,2035,,,,,,,,,,,,0.2135933817228808,,,,,
Scenario1,0,RE1,,PWRBIO001,CO2,2036,,,,,,,,,,,,0.1368936502473779,,,,,
Scenario1,0,RE1,,PWRBIO001,CO2,2037,,,,,,,,,,,,0.1422878160998838,,,,,
Scenario1,0,RE1,,PWRBIO001,CO2,2038,,,,,,,,,,,,0.1772220115608404,,,,,
Scenario1,0,RE1,,PWRBIO001,CO2,2039,,,,,,,,,,,,0.14618217654576,,,,,
Scenario1,0,RE1,,PWRBIO001,CO2,2040,,,,,,,,,,,,0.1602974899196635,,,,,
Scenario1,0,RE1,,PWRBIO001,CO2,2041,,,,,,,,,,,,0.1237869389792117,,,,,
Scenario1,0,RE1,,PWRBIO001,CO2,2042,,,,,,,,,,,,0.0843683540750803,,,,,
Scenario1,0,RE1,,PWRBIO001,CO2,2043,,,,,,,,,,,,0.078385621331423,,,,,
Scenario1,0,RE1,,PWRBIO001,CO2,2044,,,,,,,,,,,,0.0780966224361214,,,,,
Scenario1,0,RE1,,PWRBIO001,CO2,2045,,,,,,,,,,,,0.2818470769084801,,,,,
Scenario1,0,RE1,,PWRBIO001,CO2,2046,,,,,,,,,,,,0.28184707690848,,,,,
Scenario1,0,RE1,,PWRBIO001,CO2,2047,,,,,,,,,,,,0.28184707690848,,,,,
Scenario1,0,RE1,,PWRBIO001,CO2,2048,,,,,,,,,,,,0.2712583948899709,,,,,
Scenario1,0,RE1,,PWRBIO001,CO2,2049,,,,,,,,,,,,0.1964292609888482,,,,,
Scenario1,0,RE1,,PWRBIO001,CO2,2050,,,,,,,,,,,,0.1381279895545824,,,,,
Scenario1,0,RE1,,PWRCOA001,CO2,2019,,,,,,,,,,,,0.0,,,,,
Scenario1,0,RE1,,PWRCOA001,CO2,2020,,,,,,,,,,,,0.0,,,,,
Scenario1,0,RE1,,PWRCOA001,CO2,2021,,,,,,,,,,,,0.0,,,,,
Scenario1,0,RE1,,PWRCOA001,CO2,2022,,,,,,,,,,,,0.0,,,,,
Scenario1,0,RE1,,PWRCOA001,CO2,2023,,,,,,,,,,,,0.0,,,,,
Scenario1,0,RE1,,PWRCOA001,CO2,2024,,,,,,,,,,,,0.0,,,,,
Scenario1,0,RE1,,PWRCOA001,CO2,2025,,,,,,,,,,,,0.0,,,,,
Scenario1,0,RE1,,PWRCOA001,CO2,2026,,,,,,,,,,,,0.0,,,,,
Scenario1,0,RE1,,PWRCOA001,CO2,2027,,,,,,,,,,,,0.0,,,,,
Scenario1,0,RE1,,PWRCOA001,CO2,2028,,,,,,,,,,,,0.0,,,,,
Scenario1,0,RE1,,PWRCOA001,CO2,2029,,,,,,,,,,,,0.0,,,,,
Scenario1,0,RE1,,PWRCOA001,CO2,2030,,,,,,,,,,,,0.0,,,,,
Scenario1,0,RE1,,PWRCOA001,CO2,2031,,,,,,,,,,,,0.0,,,,,
Scenario1,0,RE1,,PWRCOA001,CO2,2032,,,,,,,,,,,,0.0,,,,,
Scenario1,0,RE1,,PWRCOA001,CO2,2033,,,,,,,,,,,,0.0,,,,,
Scenario1,0,RE1,,PWRCOA001,CO2,2034,,,,,,,,,,,,0.0,,,,,
Scenario1,0,RE1,,PWRCOA001,CO2,2035,,,,,,,,,,,,0.0,,,,,
Scenario1,0,RE1,,PWRCOA001,CO2,2036,,,,,,,,,,,,0.0,,,,,
Scenario1,0,RE1,,PWRCOA001,CO2,2037,,,,,,,,,,,,0.0,,,,,
Scenario1,0,RE1,,PWRCOA001,CO2,2038,,,,,,,,,,,,0.0,,,,,
Scenario1,0,RE1,,PWRCOA001,CO2,2039,,,,,,,,,,,,0.0,,,,,
Scenario1,0,RE1,,PWRCOA001,CO2,2040,,,,,,,,,,,,0.0,,,,,
Scenario1,0,RE1,,PWRCOA001,CO2,2041,,,,,,,,,,,,0.0,,,,,
Scenario1,0,RE1,,PWRCOA001,CO2,2042,,,,,,,,,,,,0.0,,,,,
Scenario1,0,RE1,,PWRCOA001,CO2,2043,,,,,,,,,,,,0.0,,,,,
Scenario1,0,RE1,,PWRCOA001,CO2,2044,,,,,,,,,,,,0.0,,,,,
Scenario1,0,RE1,,PWRCOA001,CO2,2045,,,,,,,,,,,,0.0,,,,,
Scenario1,0,RE1,,PWRCOA001,CO2,2046,,,,,,,,,,,,0.0,,,,,
Scenario1,0,RE1,,PWRCOA001,CO2,2047,,,,,,,,,,,,0.0,,,,,
Scenario1,0,RE1,,PWRCOA001,CO2,2048,,,,,,,,,,,,0.0,,,,,
Scenario1,0,RE1,,PWRCOA001,CO2,2049,,,,,,,,,,,,0.0,,,,,
Scenario1,0,RE1,,PWRCOA001,CO2,2050,,,,,,,,,,,,0.0,,,,,
Scenario1,0,RE1,,PWRDIST,CO2,2019,,,,,,,,,,,,0.0,,,,,
Scenario1,0,RE1,,PWRDIST,CO2,2020,,,,,,,,,,,,0.0,,,,,
Scenario1,0,RE1,,PWRDIST,CO2,2021,,,,,,,,,,,,0.0,,,,,
Scenario1,0,RE1,,PWRDIST,CO2,2022,,,,,,,,,,,,0.0,,,,,
Scenario1,0,RE1,,PWRDIST,CO2,2023,,,,,,,,,,,,0.0,,,,,
Scenario1,0,RE1,,PWRDIST,CO2,2024,,,,,,,,,,,,0.0,,,,,
Scenario1,0,RE1,,PWRDIST,CO2,2025,,,,,,,,,,,,0.0,,,,,
Scenario1,0,RE1,,PWRDIST,CO2,2026,,,,,,,,,,,,0.0,,,,,
Scenario1,0,RE1,,PWRDIST,CO2,2027,,,,,,,,,,,,0.0,,,,,
Scenario1,0,RE1,,PWRDIST,CO2,2028,,,,,,,,,,,,0.0,,,,,
Scenario1,0,RE1,,PWRDIST,CO2,2029,,,,,,,,,,,,0.0,,,,,
Scenario1,0,RE1,,PWRDIST,CO2,2030,,,,,,,,,,,,0.0,,,,,
Scenario1,0,RE1,,PWRDIST,CO2,2031,,,,,,,,,,,,0.0,,,,,
Scenario1,0,RE1,,PWRDIST,CO2,2032,,,,,,,,,,,,0.0,,,,,
Scenario1,0,RE1,,PWRDIST,CO2,2033,,,,,,,,,,,,0.0,,,,,
Scenario1,0,RE1,,PWRDIST,CO2,2034,,,,,,,,,,,,0.0,,,,,
Scenario1,0,RE1,,PWRDIST,CO2,2035,,,,,,,,,,,,0.0,,,,,
Scenario1,0,RE1,,PWRDIST,CO2,2036,,,,,,,,,,,,0.0,,,,,
Scenario1,0,RE1,,PWRDIST,CO2,2037,,,,,,,,,,,,0.0,,,,,
Scenario1,0,RE1,,PWRDIST,CO2,2038,,,,,,,,,,,,0.0,,,,,
Scenario1,0,RE1,,PWRDIST,CO2,2039,,,,,,,,,,,,0.0,,,,,
Scenario1,0,RE1,,PWRDIST,CO2,2040,,,,,,,,,,,,0.0,,,,,
Scenario1,0,RE1,,PWRDIST,CO2,2041,,,,,,,,,,,,0.0,,,,,
Scenario1,0,RE1,,PWRDIST,CO2,2042,,,,,,,,,,,,0.0,,,,,
Scenario1,0,RE1,,PWRDIST,CO2,2043,,,,,,,,,,,,0.0,,,,,
Scenario1,0,RE1,,PWRDIST,CO2,2044,,,,,,,,,,,,0.0,,,,,
Scenario1,0,RE1,,PWRDIST,CO2,2045,,,,,,,,,,,,0.0,,,,,
Scenario1,0,RE1,,PWRDIST,CO2,2046,,,,,,,,,,,,0.0,,,,,
Scenario1,0,RE1,,PWRDIST,CO2,2047,,,,,,,,,,,,0.0,,,,,
Scenario1,0,RE1,,PWRDIST,CO2,2048,,,,,,,,,,,,0.0,,,,,
Scenario1,0,RE1,,PWRDIST,CO2,2049,,,,,,,,,,,,0.0,,,,,
Scenario1,0,RE1,,PWRDIST,CO2,2050,,,,,,,,,,,,0.0,,,,,
Scenario1,0,RE1,,PWRGEO001,CO2,2019,,,,,,,,,,,,0.0,,,,,
Scenario1,0,RE1,,PWRGEO001,CO2,2020,,,,,,,,,,,,0.0,,,,,
Scenario1,0,RE1,,PWRGEO001,CO2,2021,,,,,,,,,,,,0.0,,,,,
Scenario1,0,RE1,,PWRGEO001,CO2,2022,,,,,,,,,,,,0.0,,,,,
Scenario1,0,RE1,,PWRGEO001,CO2,2023,,,,,,,,,,,,0.0,,,,,
Scenario1,0,RE1,,PWRGEO001,CO2,2024,,,,,,,,,,,,0.0,,,,,
Scenario1,0,RE1,,PWRGEO001,CO2,2025,,,,,,,,,,,,0.0,,,,,
Scenario1,0,RE1,,PWRGEO001,CO2,2026,,,,,,,,,,,,0.0,,,,,
Scenario1,0,RE1,,PWRGEO001,CO2,2027,,,,,,,,,,,,0.0,,,,,
Scenario1,0,RE1,,PWRGEO001,CO2,2028,,,,,,,,,,,,0.0,,,,,
Scenario1,0,RE1,,PWRGEO001,CO2,2029,,,,,,,,,,,,0.0,,,,,
Scenario1,0,RE1,,PWRGEO001,CO2,2030,,,,,,,,,,,,0.0,,,,,
Scenario1,0,RE1,,PWRGEO001,CO2,2031,,,,,,,,,,,,0.0,,,,,
Scenario1,0,RE1,,PWRGEO001,CO2,2032,,,,,,,,,,,,0.0,,,,,
Scenario1,0,RE1,,PWRGEO001,CO2,2033,,,,,,,,,,,,0.0,,,,,
Scenario1,0,RE1,,PWRGEO001,CO2,2034,,,,,,,,,,,,0.0,,,,,
Scenario1,0,RE1,,PWRGEO001,CO2,2035,,,,,,,,,,,,0.0,,,,,
Scenario1,0,RE1,,PWRGEO001,CO2,2036,,,,,,,,,,,,0.0,,,,,
Scenario1,0,RE1,,PWRGEO001,CO2,2037,,,,,,,,,,,,0.0,,,,,
Scenario1,0,RE1,,PWRGEO001,CO2,2038,,,,,,,,,,,,0.0,,,,,
Scenario1,0,RE1,,PWRGEO001,CO2,2039,,,,,,,,,,,,0.0,,,,,
Scenario1,0,RE1,,PWRGEO001,CO2,2040,,,,,,,,,,,,0.0,,,,,
Scenario1,0,RE1,,PWRGEO001,CO2,2041,,,,,,,,,,,,0.0,,,,,
Scenario1,0,RE1,,PWRGEO001,CO2,2042,,,,,,,,,,,,0.0,,,,,
Scenario1,0,RE1,,PWRGEO001,CO2,2043,,,,,,,,,,,,0.0,,,,,
Scenario1,0,RE1,,PWRGEO001,CO2,2044,,,,,,,,,,,,0.0,,,,,
Scenario1,0,RE1,,PWRGEO001,CO2,2045,,,,,,,,,,,,0.0,,,,,
Scenario1,0,RE1,,PWRGEO001,CO2,2046,,,,,,,,,,,,0.0,,,,,
Scenario1,0,RE1,,PWRGEO001,CO2,2047,,,,,,,,,,,,0.0,,,,,
Scenario1,0,RE1,,PWRGEO001,CO2,2048,,,,,,,,,,,,0.0,,,,,
Scenario1,0,RE1,,PWRGEO001,CO2,2049,,,,,,,,,,,,0.0,,,,,
Scenario1,0,RE1,,PWRGEO001,CO2,2050,,,,,,,,,,,,0.0,,,,,
Scenario1,0,RE1,,PWRGEO002,CO2,2019,,,,,,,,,,,,0.0,,,,,
Scenario1,0,RE1,,PWRGEO002,CO2,2020,,,,,,,,,,,,0.0,,,,,
Scenario1,0,RE1,,PWRGEO002,CO2,2021,,,,,,,,,,,,0.0,,,,,
Scenario1,0,RE1,,PWRGEO002,CO2,2022,,,,,,,,,,,,0.0,,,,,
Scenario1,0,RE1,,PWRGEO002,CO2,2023,,,,,,,,,,,,0.0,,,,,
Scenario1,0,RE1,,PWRGEO002,CO2,2024,,,,,,,,,,,,0.0,,,,,
Scenario1,0,RE1,,PWRGEO002,CO2,2025,,,,,,,,,,,,0.0,,,,,
Scenario1,0,RE1,,PWRGEO002,CO2,2026,,,,,,,,,,,,0.0,,,,,
Scenario1,0,RE1,,PWRGEO002,CO2,2027,,,,,,,,,,,,0.0,,,,,
Scenario1,0,RE1,,PWRGEO002,CO2,2028,,,,,,,,,,,,0.0,,,,,
Scenario1,0,RE1,,PWRGEO002,CO2,2029,,,,,,,,,,,,0.0,,,,,
Scenario1,0,RE1,,PWRGEO002,CO2,2030,,,,,,,,,,,,0.0,,,,,
Scenario1,0,RE1,,PWRGEO002,CO2,2031,,,,,,,,,,,,0.0,,,,,
Scenario1,0,RE1,,PWRGEO002,CO2,2032,,,,,,,,,,,,0.0,,,,,
Scenario1,0,RE1,,PWRGEO002,CO2,2033,,,,,,,,,,,,0.0,,,,,
Scenario1,0,RE1,,PWRGEO002,CO2,2034,,,,,,,,,,,,0.0,,,,,
Scenario1,0,RE1,,PWRGEO002,CO2,2035,,,,,,,,,,,,0.0,,,,,
Scenario1,0,RE1,,PWRGEO002,CO2,2036,,,,,,,,,,,,0.0,,,,,
Scenario1,0,RE1,,PWRGEO002,CO2,2037,,,,,,,,,,,,0.0,,,,,
Scenario1,0,RE1,,PWRGEO002,CO2,2038,,,,,,,,,,,,0.0,,,,,
Scenario1,0,RE1,,PWRGEO002,CO2,2039,,,,,,,,,,,,0.0,,,,,
Scenario1,0,RE1,,PWRGEO002,CO2,2040,,,,,,,,,,,,0.0,,,,,
Scenario1,0,RE1,,PWRGEO002,CO2,2041,,,,,,,,,,,,0.0,,,,,
Scenario1,0,RE1,,PWRGEO002,CO2,2042,,,,,,,,,,,,0.0,,,,,
Scenario1,0,RE1,,PWRGEO002,CO2,2043,,,,,,,,,,,,0.0,,,,,
Scenario1,0,RE1,,PWRGEO002,CO2,2044,,,,,,,,,,,,0.0,,,,,
Scenario1,0,RE1,,PWRGEO002,CO2,2045,,,,,,,,,,,,0.0,,,,,
Scenario1,0,RE1,,PWRGEO002,CO2,2046,,,,,,,,,,,,0.0,,,,,
Scenario1,0,RE1,,PWRGEO002,CO2,2047,,,,,,,,,,,,0.0,,,,,
Scenario1,0,RE1,,PWRGEO002,CO2,2048,,,,,,,,,,,,0.0,,,,,
Scenario1,0,RE1,,PWRGEO002,CO2,2049,,,,,,,,,,,,0.0,,,,,
Scenario1,0,RE1,,PWRGEO002,CO2,2050,,,,,,,,,,,,0.0,,,,,
Scenario1,0,RE1,,PWRGEO003,CO2,2019,,,,,,,,,,,,0.0,,,,,
Scenario1,0,RE1,,PWRGEO003,CO2,2020,,,,,,,,,,,,0.0,,,,,
Scenario1,0,RE1,,PWRGEO003,CO2,2021,,,,,,,,,,,,0.0,,,,,
Scenario1,0,RE1,,PWRGEO003,CO2,2022,,,,,,,,,,,,0.0,,,,,
Scenario1,0,RE1,,PWRGEO003,CO2,2023,,,,,,,,,,,,0.0,,,,,
Scenario1,0,RE1,,PWRGEO003,CO2,2024,,,,,,,,,,,,0.0,,,,,
Scenario1,0,RE1,,PWRGEO003,CO2,2025,,,,,,,,,,,,0.0,,,,,
Scenario1,0,RE1,,PWRGEO003,CO2,2026,,,,,,,,,,,,0.0,,,,,
Scenario1,0,RE1,,PWRGEO003,CO2,2027,,,,,,,,,,,,0.0,,,,,
Scenario1,0,RE1,,PWRGEO003,CO2,2028,,,,,,,,,,,,0.0,,,,,
Scenario1,0,RE1,,PWRGEO003,CO2,2029,,,,,,,,,,,,0.0,,,,,
Scenario1,0,RE1,,PWRGEO003,CO2,2030,,,,,,,,,,,,0.0,,,,,
Scenario1,0,RE1,,PWRGEO003,CO2,2031,,,,,,,,,,,,0.0,,,,,
Scenario1,0,RE1,,PWRGEO003,CO2,2032,,,,,,,,,,,,0.0,,,,,
Scenario1,0,RE1,,PWRGEO003,CO2,2033,,,,,,,,,,,,0.0,,,,,
Scenario1,0,RE1,,PWRGEO003,CO2,2034,,,,,,,,,,,,0.0,,,,,
Scenario1,0,RE1,,PWRGEO003,CO2,2035,,,,,,,,,,,,0.0,,,,,
Scenario1,0,RE1,,PWRGEO003,CO2,2036,,,,,,,,,,,,0.0,,,,,
Scenario1,0,RE1,,PWRGEO003,CO2,2037,,,,,,,,,,,,0.0,,,,,
Scenario1,0,RE1,,PWRGEO003,CO2,2038,,,,,,,,,,,,0.0,,,,,
Scenario1,0,RE1,,PWRGEO003,CO2,2039,,,,,,,,,,,,0.0,,,,,
Scenario1,0,RE1,,PWRGEO003,CO2,2040,,,,,,,,,,,,0.0,,,,,
Scenario1,0,RE1,,PWRGEO003,CO2,2041,,,,,,,,,,,,0.0,,,,,
Scenario1,0,RE1,,PWRGEO003,CO2,2042,,,,,,,,,,,,0.0,,,,,
Scenario1,0,RE1,,PWRGEO003,CO2,2043,,,,,,,,,,,,0.0,,,,,
Scenario1,0,RE1,,PWRGEO003,CO2,2044,,,,,,,,,,,,0.0,,,,,
Scenario1,0,RE1,,PWRGEO003,CO2,2045,,,,,,,,,,,,0.0,,,,,
Scenario1,0,RE1,,PWRGEO003,CO2,2046,,,,,,,,,,,,0.0,,,,,
Scenario1,0,RE1,,PWRGEO003,CO2,2047,,,,,,,,,,,,0.0,,,,,
Scenario1,0,RE1,,PWRGEO003,CO2,2048,,,,,,,,,,,,0.0,,,,,
Scenario1,0,RE1,,PWRGEO003,CO2,2049,,,,,,,,,,,,0.0,,,,,
Scenario1,0,RE1,,PWRGEO003,CO2,2050,,,,,,,,,,,,0.0,,,,,
Scenario1,0,RE1,,PWRGEO004,CO2,2019,,,,,,,,,,,,0.0,,,,,
Scenario1,0,RE1,,PWRGEO004,CO2,2020,,,,,,,,,,,,0.0,,,,,
Scenario1,0,RE1,,PWRGEO004,CO2,2021,,,,,,,,,,,,0.0,,,,,
Scenario1,0,RE1,,PWRGEO004,CO2,2022,,,,,,,,,,,,0.0,,,,,
Scenario1,0,RE1,,PWRGEO004,CO2,2023,,,,,,,,,,,,0.0,,,,,
Scenario1,0,RE1,,PWRGEO004,CO2,2024,,,,,,,,,,,,0.0,,,,,
Scenario1,0,RE1,,PWRGEO004,CO2,2025,,,,,,,,,,,,0.0,,,,,
Scenario1,0,RE1,,PWRGEO004,CO2,2026,,,,,,,,,,,,0.0,,,,,
Scenario1,0,RE1,,PWRGEO004,CO2,2027,,,,,,,,,,,,0.0,,,,,
Scenario1,0,RE1,,PWRGEO004,CO2,2028,,,,,,,,,,,,0.0,,,,,
Scenario1,0,RE1,,PWRGEO004,CO2,2029,,,,,,,,,,,,0.0,,,,,
Scenario1,0,RE1,,PWRGEO004,CO2,2030,,,,,,,,,,,,0.0,,,,,
Scenario1,0,RE1,,PWRGEO004,CO2,2031,,,,,,,,,,,,0.0,,,,,
Scenario1,0,RE1,,PWRGEO004,CO2,2032,,,,,,,,,,,,0.0,,,,,
Scenario1,0,RE1,,PWRGEO004,CO2,2033,,,,,,,,,,,,0.0,,,,,
Scenario1,0,RE1,,PWRGEO004,CO2,2034,,,,,,,,,,,,0.0,,,,,
Scenario1,0,RE1,,PWRGEO004,CO2,2035,,,,,,,,,,,,0.0,,,,,
Scenario1,0,RE1,,PWRGEO004,CO2,2036,,,,,,,,,,,,0.0,,,,,
Scenario1,0,RE1,,PWRGEO004,CO2,2037,,,,,,,,,,,,0.0,,,,,
Scenario1,0,RE1,,PWRGEO004,CO2,2038,,,,,,,,,,,,0.0,,,,,
Scenario1,0,RE1,,PWRGEO004,CO2,2039,,,,,,,,,,,,0.0,,,,,
Scenario1,0,RE1,,PWRGEO004,CO2,2040,,,,,,,,,,,,0.0,,,,,
Scenario1,0,RE1,,PWRGEO004,CO2,2041,,,,,,,,,,,,0.0,,,,,
Scenario1,0,RE1,,PWRGEO004,CO2,2042,,,,,,,,,,,,0.0,,,,,
Scenario1,0,RE1,,PWRGEO004,CO2,2043,,,,,,,,,,,,0.0,,,,,
Scenario1,0,RE1,,PWRGEO004,CO2,2044,,,,,,,,,,,,0.0,,,,,
Scenario1,0,RE1,,PWRGEO004,CO2,2045,,,,,,,,,,,,0.0,,,,,
Scenario1,0,RE1,,PWRGEO004,CO2,2046,,,,,,,,,,,,0.0,,,,,
Scenario1,0,RE1,,PWRGEO004,CO2,2047,,,,,,,,,,,,0.0,,,,,
Scenario1,0,RE1,,PWRGEO004,CO2,2048,,,,,,,,,,,,0.0,,,,,
Scenario1,0,RE1,,PWRGEO004,CO2,2049,,,,,,,,,,,,0.0,,,,,
Scenario1,0,RE1,,PWRGEO004,CO2,2050,,,,,,,,,,,,0.0,,,,,
Scenario1,0,RE1,,PWRGEO005,CO2,2019,,,,,,,,,,,,0.0,,,,,
Scenario1,0,RE1,,PWRGEO005,CO2,2020,,,,,,,,,,,,0.0,,,,,
Scenario1,0,RE1,,PWRGEO005,CO2,2021,,,,,,,,,,,,0.0,,,,,
Scenario1,0,RE1,,PWRGEO005,CO2,2022,,,,,,,,,,,,0.0,,,,,
Scenario1,0,RE1,,PWRGEO005,CO2,2023,,,,,,,,,,,,0.0,,,,,
Scenario1,0,RE1,,PWRGEO005,CO2,2024,,,,,,,,,,,,0.0,,,,,
Scenario1,0,RE1,,PWRGEO005,CO2,2025,,,,,,,,,,,,0.0,,,,,
Scenario1,0,RE1,,PWRGEO005,CO2,2026,,,,,,,,,,,,0.0,,,,,
Scenario1,0,RE1,,PWRGEO005,CO2,2027,,,,,,,,,,,,0.0,,,,,
Scenario1,0,RE1,,PWRGEO005,CO2,2028,,,,,,,,,,,,0.0,,,,,
Scenario1,0,RE1,,PWRGEO005,CO2,2029,,,,,,,,,,,,0.0,,,,,
Scenario1,0,RE1,,PWRGEO005,CO2,2030,,,,,,,,,,,,0.0,,,,,
Scenario1,0,RE1,,PWRGEO005,CO2,2031,,,,,,,,,,,,0.0,,,,,
Scenario1,0,RE1,,PWRGEO005,CO2,2032,,,,,,,,,,,,0.0,,,,,
Scenario1,0,RE1,,PWRGEO005,CO2,2033,,,,,,,,,,,,0.0,,,,,
Scenario1,0,RE1,,PWRGEO005,CO2,2034,,,,,,,,,,,,0.0,,,,,
Scenario1,0,RE1,,PWRGEO005,CO2,2035,,,,,,,,,,,,0.0,,,,,
Scenario1,0,RE1,,PWRGEO005,CO2,2036,,,,,,,,,,,,0.0,,,,,
Scenario1,0,RE1,,PWRGEO005,CO2,2037,,,,,,,,,,,,0.0,,,,,
Scenario1,0,RE1,,PWRGEO005,CO2,2038,,,,,,,,,,,,0.0,,,,,
Scenario1,0,RE1,,PWRGEO005,CO2,2039,,,,,,,,,,,,0.0,,,,,
Scenario1,0,RE1,,PWRGEO005,CO2,2040,,,,,,,,,,,,0.0,,,,,
Scenario1,0,RE1,,PWRGEO005,CO2,2041,,,,,,,,,,,,0.0,,,,,
Scenario1,0,RE1,,PWRGEO005,CO2,2042,,,,,,,,,,,,0.0,,,,,
Scenario1,0,RE1,,PWRGEO005,CO2,2043,,,,,,,,,,,,0.0,,,,,
Scenario1,0,RE1,,PWRGEO005,CO2,2044,,,,,,,,,,,,0.0,,,,,
Scenario1,0,RE1,,PWRGEO005,CO2,2045,,,,,,,,,,,,0.0,,,,,
Scenario1,0,RE1,,PWRGEO005,CO2,2046,,,,,,,,,,,,0.0,,,,,
Scenario1,0,RE1,,PWRGEO005,CO2,2047,,,,,,,,,,,,0.0,,,,,
Scenario1,0,RE1,,PWRGEO005,CO2,2048,,,,,,,,,,,,0.0,,,,,
Scenario1,0,RE1,,PWRGEO005,CO2,2049,,,,,,,,,,,,0.0,,,,,
Scenario1,0,RE1,,PWRGEO005,CO2,2050,,,,,,,,,,,,0.0,,,,,
Scenario1,0,RE1,,PWRGEO006,CO2,2019,,,,,,,,,,,,0.0,,,,,
Scenario1,0,RE1,,PWRGEO006,CO2,2020,,,,,,,,,,,,0.0,,,,,
Scenario1,0,RE1,,PWRGEO006,CO2,2021,,,,,,,,,,,,0.0,,,,,
Scenario1,0,RE1,,PWRGEO006,CO2,2022,,,,,,,,,,,,0.0,,,,,
Scenario1,0,RE1,,PWRGEO006,CO2,2023,,,,,,,,,,,,0.0,,,,,
Scenario1,0,RE1,,PWRGEO006,CO2,2024,,,,,,,,,,,,0.0,,,,,
Scenario1,0,RE1,,PWRGEO006,CO2,2025,,,,,,,,,,,,0.0,,,,,
Scenario1,0,RE1,,PWRGEO006,CO2,2026,,,,,,,,,,,,0.0,,,,,
Scenario1,0,RE1,,PWRGEO006,CO2,2027,,,,,,,,,,,,0.0,,,,,
Scenario1,0,RE1,,PWRGEO006,CO2,2028,,,,,,,,,,,,0.0,,,,,
Scenario1,0,RE1,,PWRGEO006,CO2,2029,,,,,,,,,,,,0.0,,,,,
Scenario1,0,RE1,,PWRGEO006,CO2,2030,,,,,,,,,,,,0.0,,,,,
Scenario1,0,RE1,,PWRGEO006,CO2,2031,,,,,,,,,,,,0.0,,,,,
Scenario1,0,RE1,,PWRGEO006,CO2,2032,,,,,,,,,,,,0.0,,,,,
Scenario1,0,RE1,,PWRGEO006,CO2,2033,,,,,,,,,,,,0.0,,,,,
Scenario1,0,RE1,,PWRGEO006,CO2,2034,,,,,,,,,,,,0.0,,,,,
Scenario1,0,RE1,,PWRGEO006,CO2,2035,,,,,,,,,,,,0.0,,,,,
Scenario1,0,RE1,,PWRGEO006,CO2,2036,,,,,,,,,,,,0.0,,,,,
Scenario1,0,RE1,,PWRGEO006,CO2,2037,,,,,,,,,,,,0.0,,,,,
Scenario1,0,RE1,,PWRGEO006,CO2,2038,,,,,,,,,,,,0.0,,,,,
Scenario1,0,RE1,,PWRGEO006,CO2,2039,,,,,,,,,,,,0.0,,,,,
Scenario1,0,RE1,,PWRGEO006,CO2,2040,,,,,,,,,,,,0.0,,,,,
Scenario1,0,RE1,,PWRGEO006,CO2,2041,,,,,,,,,,,,0.0,,,,,
Scenario1,0,RE1,,PWRGEO006,CO2,2042,,,,,,,,,,,,0.0,,,,,
Scenario1,0,RE1,,PWRGEO006,CO2,2043,,,,,,,,,,,,0.0,,,,,
Scenario1,0,RE1,,PWRGEO006,CO2,2044,,,,,,,,,,,,0.0,,,,,
Scenario1,0,RE1,,PWRGEO006,CO2,2045,,,,,,,,,,,,0.0,,,,,
Scenario1,0,RE1,,PWRGEO006,CO2,2046,,,,,,,,,,,,0.0,,,,,
Scenario1,0,RE1,,PWRGEO006,CO2,2047,,,,,,,,,,,,0.0,,,,,
Scenario1,0,RE1,,PWRGEO006,CO2,2048,,,,,,,,,,,,0.0,,,,,
Scenario1,0,RE1,,PWRGEO006,CO2,2049,,,,,,,,,,,,0.0,,,,,
Scenario1,0,RE1,,PWRGEO006,CO2,2050,,,,,,,,,,,,0.0,,,,,
Scenario1,0,RE1,,PWRGEO007,CO2,2019,,,,,,,,,,,,0.0,,,,,
Scenario1,0,RE1,,PWRGEO007,CO2,2020,,,,,,,,,,,,0.0,,,,,
Scenario1,0,RE1,,PWRGEO007,CO2,2021,,,,,,,,,,,,0.0,,,,,
Scenario1,0,RE1,,PWRGEO007,CO2,2022,,,,,,,,,,,,0.0,,,,,
Scenario1,0,RE1,,PWRGEO007,CO2,2023,,,,,,,,,,,,0.0,,,,,
Scenario1,0,RE1,,PWRGEO007,CO2,2024,,,,,,,,,,,,0.0,,,,,
Scenario1,0,RE1,,PWRGEO007,CO2,2025,,,,,,,,,,,,0.0,,,,,
Scenario1,0,RE1,,PWRGEO007,CO2,2026,,,,,,,,,,,,0.0,,,,,
Scenario1,0,RE1,,PWRGEO007,CO2,2027,,,,,,,,,,,,0.0,,,,,
Scenario1,0,RE1,,PWRGEO007,CO2,2028,,,,,,,,,,,,0.0,,,,,
Scenario1,0,RE1,,PWRGEO007,CO2,2029,,,,,,,,,,,,0.0,,,,,
Scenario1,0,RE1,,PWRGEO007,CO2,2030,,,,,,,,,,,,0.0,,,,,
Scenario1,0,RE1,,PWRGEO007,CO2,2031,,,,,,,,,,,,0.0,,,,,
Scenario1,0,RE1,,PWRGEO007,CO2,2032,,,,,,,,,,,,0.0,,,,,
Scenario1,0,RE1,,PWRGEO007,CO2,2033,,,,,,,,,,,,0.0,,,,,
Scenario1,0,RE1,,PWRGEO007,CO2,2034,,,,,,,,,,,,0.0,,,,,
Scenario1,0,RE1,,PWRGEO007,CO2,2035,,,,,,,,,,,,0.0,,,,,
Scenario1,0,RE1,,PWRGEO007,CO2,2036,,,,,,,,,,,,0.0,,,,,
Scenario1,0,RE1,,PWRGEO007,CO2,2037,,,,,,,,,,,,0.0,,,,,
Scenario1,0,RE1,,PWRGEO007,CO2,2038,,,,,,,,,,,,0.0,,,,,
Scenario1,0,RE1,,PWRGEO007,CO2,2039,,,,,,,,,,,,0.0,,,,,
Scenario1,0,RE1,,PWRGEO007,CO2,2040,,,,,,,,,,,,0.0,,,,,
Scenario1,0,RE1,,PWRGEO007,CO2,2041,,,,,,,,,,,,0.0,,,,,
Scenario1,0,RE1,,PWRGEO007,CO2,2042,,,,,,,,,,,,0.0,,,,,
Scenario1,0,RE1,,PWRGEO007,CO2,2043,,,,,,,,,,,,0.0,,,,,
Scenario1,0,RE1,,PWRGEO007,CO2,2044,,,,,,,,,,,,0.0,,,,,
Scenario1,0,RE1,,PWRGEO007,CO2,2045,,,,,,,,,,,,0.0,,,,,
Scenario1,0,RE1,,PWRGEO007,CO2,2046,,,,,,,,,,,,0.0,,,,,
Scenario1,0,RE1,,PWRGEO007,CO2,2047,,,,,,,,,,,,0.0,,,,,
Scenario1,0,RE1,,PWRGEO007,CO2,2048,,,,,,,,,,,,0.0,,,,,
Scenario1,0,RE1,,PWRGEO007,CO2,2049,,,,,,,,,,,,0.0,,,,,
Scenario1,0,RE1,,PWRGEO007,CO2,2050,,,,,,,,,,,,0.0,,,,,
Scenario1,0,RE1,,PWRHFO001,CO2,2019,,,,,,,,,,,,0.9328105061709008,,,,,
Scenario1,0,RE1,,PWRHFO001,CO2,2020,,,,,,,,,,,,1.091947985239186,,,,,
Scenario1,0,RE1,,PWRHFO001,CO2,2021,,,,,,,,,,,,1.1317149808569982,,,,,
Scenario1,0,RE1,,PWRHFO001,CO2,2022,,,,,,,,,,,,0.3203144132800393,,,,,
Scenario1,0,RE1,,PWRHFO001,CO2,2023,,,,,,,,,,,,0.3370666413182312,,,,,
Scenario1,0,RE1,,PWRHFO001,CO2,2024,,,,,,,,,,,,0.5267823557629218,,,,,
Scenario1,0,RE1,,PWRHFO001,CO2,2025,,,,,,,,,,,,0.0,,,,,
Scenario1,0,RE1,,PWRHFO001,CO2,2026,,,,,,,,,,,,0.0,,,,,
Scenario1,0,RE1,,PWRHFO001,CO2,2027,,,,,,,,,,,,0.0,,,,,
Scenario1,0,RE1,,PWRHFO001,CO2,2028,,,,,,,,,,,,0.0,,,,,
Scenario1,0,RE1,,PWRHFO001,CO2,2029,,,,,,,,,,,,0.0,,,,,
Scenario1,0,RE1,,PWRHFO001,CO2,2030,,,,,,,,,,,,0.0,,,,,
Scenario1,0,RE1,,PWRHFO001,CO2,2031,,,,,,,,,,,,0.010628640478033,,,,,
Scenario1,0,RE1,,PWRHFO001,CO2,2032,,,,,,,,,,,,0.0279647415523167,,,,,
Scenario1,0,RE1,,PWRHFO001,CO2,2033,,,,,,,,,,,,0.0771855025410582,,,,,
Scenario1,0,RE1,,PWRHFO001,CO2,2034,,,,,,,,,,,,0.0800811213566872,,,,,
Scenario1,0,RE1,,PWRHFO001,CO2,2035,,,,,,,,,,,,0.0567932076287999,,,,,
Scenario1,0,RE1,,PWRHFO001,CO2,2036,,,,,,,,,,,,0.0,,,,,
Scenario1,0,RE1,,PWRHFO001,CO2,2037,,,,,,,,,,,,0.0,,,,,
Scenario1,0,RE1,,PWRHFO001,CO2,2038,,,,,,,,,,,,0.0,,,,,
Scenario1,0,RE1,,PWRHFO001,CO2,2039,,,,,,,,,,,,0.0,,,,,
Scenario1,0,RE1,,PWRHFO001,CO2,2040,,,,,,,,,,,,0.0,,,,,
Scenario1,0,RE1,,PWRHFO001,CO2,2041,,,,,,,,,,,,0.0,,,,,
Scenario1,0,RE1,,PWRHFO001,CO2,2042,,,,,,,,,,,,0.0,,,,,
Scenario1,0,RE1,,PWRHFO001,CO2,2043,,,,,,,,,,,,0.0,,,,,
Scenario1,0,RE1,,PWRHFO001,CO2,2044,,,,,,,,,,,,0.0,,,,,
Scenario1,0,RE1,,PWRHFO001,CO2,2045,,,,,,,,,,,,0.0,,,,,
Scenario1,0,RE1,,PWRHFO001,CO2,2046,,,,,,,,,,,,0.0,,,,,
Scenario1,0,RE1,,PWRHFO001,CO2,2047,,,,,,,,,,,,0.0,,,,,
Scenario1,0,RE1,,PWRHFO001,CO2,2048,,,,,,,,,,,,0.0,,,,,
Scenario1,0,RE1,,PWRHFO001,CO2,2049,,,,,,,,,,,,0.0,,,,,
Scenario1,0,RE1,,PWRHFO001,CO2,2050,,,,,,,,,,,,0.0,,,,,
Scenario1,0,RE1,,PWRHYD001,CO2,2019,,,,,,,,,,,,0.0,,,,,
Scenario1,0,RE1,,PWRHYD001,CO2,2020,,,,,,,,,,,,0.0,,,,,
Scenario1,0,RE1,,PWRHYD001,CO2,2021,,,,,,,,,,,,0.0,,,,,
Scenario1,0,RE1,,PWRHYD001,CO2,2022,,,,,,,,,,,,0.0,,,,,
Scenario1,0,RE1,,PWRHYD001,CO2,2023,,,,,,,,,,,,0.0,,,,,
Scenario1,0,RE1,,PWRHYD001,CO2,2024,,,,,,,,,,,,0.0,,,,,
Scenario1,0,RE1,,PWRHYD001,CO2,2025,,,,,,,,,,,,0.0,,,,,
Scenario1,0,RE1,,PWRHYD001,CO2,2026,,,,,,,,,,,,0.0,,,,,
Scenario1,0,RE1,,PWRHYD001,CO2,2027,,,,,,,,,,,,0.0,,,,,
Scenario1,0,RE1,,PWRHYD001,CO2,2028,,,,,,,,,,,,0.0,,,,,
Scenario1,0,RE1,,PWRHYD001,CO2,2029,,,,,,,,,,,,0.0,,,,,
Scenario1,0,RE1,,PWRHYD001,CO2,2030,,,,,,,,,,,,0.0,,,,,
Scenario1,0,RE1,,PWRHYD001,CO2,2031,,,,,,,,,,,,0.0,,,,,
Scenario1,0,RE1,,PWRHYD001,CO2,2032,,,,,,,,,,,,0.0,,,,,
Scenario1,0,RE1,,PWRHYD001,CO2,2033,,,,,,,,,,,,0.0,,,,,
Scenario1,0,RE1,,PWRHYD001,CO2,2034,,,,,,,,,,,,0.0,,,,,
Scenario1,0,RE1,,PWRHYD001,CO2,2035,,,,,,,,,,,,0.0,,,,,
Scenario1,0,RE1,,PWRHYD001,CO2,2036,,,,,,,,,,,,0.0,,,,,
Scenario1,0,RE1,,PWRHYD001,CO2,2037,,,,,,,,,,,,0.0,,,,,
Scenario1,0,RE1,,PWRHYD001,CO2,2038,,,,,,,,,,,,0.0,,,,,
Scenario1,0,RE1,,PWRHYD001,CO2,2039,,,,,,,,,,,,0.0,,,,,
Scenario1,0,RE1,,PWRHYD001,CO2,2040,,,,,,,,,,,,0.0,,,,,
Scenario1,0,RE1,,PWRHYD001,CO2,2041,,,,,,,,,,,,0.0,,,,,
Scenario1,0,RE1,,PWRHYD001,CO2,2042,,,,,,,,,,,,0.0,,,,,
Scenario1,0,RE1,,PWRHYD001,CO2,2043,,,,,,,,,,,,0.0,,,,,
Scenario1,0,RE1,,PWRHYD001,CO2,2044,,,,,,,,,,,,0.0,,,,,
Scenario1,0,RE1,,PWRHYD001,CO2,2045,,,,,,,,,,,,0.0,,,,,
Scenario1,0,RE1,,PWRHYD001,CO2,2046,,,,,,,,,,,,0.0,,,,,
Scenario1,0,RE1,,PWRHYD001,CO2,2047,,,,,,,,,,,,0.0,,,,,
Scenario1,0,RE1,,PWRHYD001,CO2,2048,,,,,,,,,,,,0.0,,,,,
Scenario1,0,RE1,,PWRHYD001,CO2,2049,,,,,,,,,,,,0.0,,,,,
Scenario1,0,RE1,,PWRHYD001,CO2,2050,,,,,,,,,,,,0.0,,,,,
Scenario1,0,RE1,,PWRHYD002,CO2,2019,,,,,,,,,,,,0.0,,,,,
Scenario1,0,RE1,,PWRHYD002,CO2,2020,,,,,,,,,,,,0.0,,,,,
Scenario1,0,RE1,,PWRHYD002,CO2,2021,,,,,,,,,,,,0.0,,,,,
Scenario1,0,RE1,,PWRHYD002,CO2,2022,,,,,,,,,,,,0.0,,,,,
Scenario1,0,RE1,,PWRHYD002,CO2,2023,,,,,,,,,,,,0.0,,,,,
Scenario1,0,RE1,,PWRHYD002,CO2,2024,,,,,,,,,,,,0.0,,,,,
Scenario1,0,RE1,,PWRHYD002,CO2,2025,,,,,,,,,,,,0.0,,,,,
Scenario1,0,RE1,,PWRHYD002,CO2,2026,,,,,,,,,,,,0.0,,,,,
Scenario1,0,RE1,,PWRHYD002,CO2,2027,,,,,,,,,,,,0.0,,,,,
Scenario1,0,RE1,,PWRHYD002,CO2,2028,,,,,,,,,,,,0.0,,,,,
Scenario1,0,RE1,,PWRHYD002,CO2,2029,,,,,,,,,,,,0.0,,,,,
Scenario1,0,RE1,,PWRHYD002,CO2,2030,,,,,,,,,,,,0.0,,,,,
Scenario1,0,RE1,,PWRHYD002,CO2,2031,,,,,,,,,,,,0.0,,,,,
Scenario1,0,RE1,,PWRHYD002,CO2,2032,,,,,,,,,,,,0.0,,,,,
Scenario1,0,RE1,,PWRHYD002,CO2,2033,,,,,,,,,,,,0.0,,,,,
Scenario1,0,RE1,,PWRHYD002,CO2,2034,,,,,,,,,,,,0.0,,,,,
Scenario1,0,RE1,,PWRHYD002,CO2,2035,,,,,,,,,,,,0.0,,,,,
Scenario1,0,RE1,,PWRHYD002,CO2,2036,,,,,,,,,,,,0.0,,,,,
Scenario1,0,RE1,,PWRHYD002,CO2,2037,,,,,,,,,,,,0.0,,,,,
Scenario1,0,RE1,,PWRHYD002,CO2,2038,,,,,,,,,,,,0.0,,,,,
Scenario1,0,RE1,,PWRHYD002,CO2,2039,,,,,,,,,,,,0.0,,,,,
Scenario1,0,RE1,,PWRHYD002,CO2,2040,,,,,,,,,,,,0.0,,,,,
Scenario1,0,RE1,,PWRHYD002,CO2,2041,,,,,,,,,,,,0.0,,,,,
Scenario1,0,RE1,,PWRHYD002,CO2,2042,,,,,,,,,,,,0.0,,,,,
Scenario1,0,RE1,,PWRHYD002,CO2,2043,,,,,,,,,,,,0.0,,,,,
Scenario1,0,RE1,,PWRHYD002,CO2,2044,,,,,,,,,,,,0.0,,,,,
Scenario1,0,RE1,,PWRHYD002,CO2,2045,,,,,,,,,,,,0.0,,,,,
Scenario1,0,RE1,,PWRHYD002,CO2,2046,,,,,,,,,,,,0.0,,,,,
Scenario1,0,RE1,,PWRHYD002,CO2,2047,,,,,,,,,,,,0.0,,,,,
Scenario1,0,RE1,,PWRHYD002,CO2,2048,,,,,,,,,,,,0.0,,,,,
Scenario1,0,RE1,,PWRHYD002,CO2,2049,,,,,,,,,,,,0.0,,,,,
Scenario1,0,RE1,,PWRHYD002,CO2,2050,,,,,,,,,,,,0.0,,,,,
Scenario1,0,RE1,,PWRHYD003,CO2,2019,,,,,,,,,,,,0.0,,,,,
Scenario1,0,RE1,,PWRHYD003,CO2,2020,,,,,,,,,,,,0.0,,,,,
Scenario1,0,RE1,,PWRHYD003,CO2,2021,,,,,,,,,,,,0.0,,,,,
Scenario1,0,RE1,,PWRHYD003,CO2,2022,,,,,,,,,,,,0.0,,,,,
Scenario1,0,RE1,,PWRHYD003,CO2,2023,,,,,,,,,,,,0.0,,,,,
Scenario1,0,RE1,,PWRHYD003,CO2,2024,,,,,,,,,,,,0.0,,,,,
Scenario1,0,RE1,,PWRHYD003,CO2,2025,,,,,,,,,,,,0.0,,,,,
Scenario1,0,RE1,,PWRHYD003,CO2,2026,,,,,,,,,,,,0.0,,,,,
Scenario1,0,RE1,,PWRHYD003,CO2,2027,,,,,,,,,,,,0.0,,,,,
Scenario1,0,RE1,,PWRHYD003,CO2,2028,,,,,,,,,,,,0.0,,,,,
Scenario1,0,RE1,,PWRHYD003,CO2,2029,,,,,,,,,,,,0.0,,,,,
Scenario1,0,RE1,,PWRHYD003,CO2,2030,,,,,,,,,,,,0.0,,,,,
Scenario1,0,RE1,,PWRHYD003,CO2,2031,,,,,,,,,,,,0.0,,,,,
Scenario1,0,RE1,,PWRHYD003,CO2,2032,,,,,,,,,,,,0.0,,,,,
Scenario1,0,RE1,,PWRHYD003,CO2,2033,,,,,,,,,,,,0.0,,,,,
Scenario1,0,RE1,,PWRHYD003,CO2,2034,,,,,,,,,,,,0.0,,,,,
Scenario1,0,RE1,,PWRHYD003,CO2,2035,,,,,,,,,,,,0.0,,,,,
Scenario1,0,RE1,,PWRHYD003,CO2,2036,,,,,,,,,,,,0.0,,,,,
Scenario1,0,RE1,,PWRHYD003,CO2,2037,,,,,,,,,,,,0.0,,,,,
Scenario1,0,RE1,,PWRHYD003,CO2,2038,,,,,,,,,,,,0.0,,,,,
Scenario1,0,RE1,,PWRHYD003,CO2,2039,,,,,,,,,,,,0.0,,,,,
Scenario1,0,RE1,,PWRHYD003,CO2,2040,,,,,,,,,,,,0.0,,,,,
Scenario1,0,RE1,,PWRHYD003,CO2,2041,,,,,,,,,,,,0.0,,,,,
Scenario1,0,RE1,,PWRHYD003,CO2,2042,,,,,,,,,,,,0.0,,,,,
Scenario1,0,RE1,,PWRHYD003,CO2,2043,,,,,,,,,,,,0.0,,,,,
Scenario1,0,RE1,,PWRHYD003,CO2,2044,,,,,,,,,,,,0.0,,,,,
Scenario1,0,RE1,,PWRHYD003,CO2,2045,,,,,,,,,,,,0.0,,,,,
Scenario1,0,RE1,,PWRHYD003,CO2,2046,,,,,,,,,,,,0.0,,,,,
Scenario1,0,RE1,,PWRHYD003,CO2,2047,,,,,,,,,,,,0.0,,,,,
Scenario1,0,RE1,,PWRHYD003,CO2,2048,,,,,,,,,,,,0.0,,,,,
Scenario1,0,RE1,,PWRHYD003,CO2,2049,,,,,,,,,,,,0.0,,,,,
Scenario1,0,RE1,,PWRHYD003,CO2,2050,,,,,,,,,,,,0.0,,,,,
Scenario1,0,RE1,,PWRHYD004,CO2,2019,,,,,,,,,,,,0.0,,,,,
Scenario1,0,RE1,,PWRHYD004,CO2,2020,,,,,,,,,,,,0.0,,,,,
Scenario1,0,RE1,,PWRHYD004,CO2,2021,,,,,,,,,,,,0.0,,,,,
Scenario1,0,RE1,,PWRHYD004,CO2,2022,,,,,,,,,,,,0.0,,,,,
Scenario1,0,RE1,,PWRHYD004,CO2,2023,,,,,,,,,,,,0.0,,,,,
Scenario1,0,RE1,,PWRHYD004,CO2,2024,,,,,,,,,,,,0.0,,,,,
Scenario1,0,RE1,,PWRHYD004,CO2,2025,,,,,,,,,,,,0.0,,,,,
Scenario1,0,RE1,,PWRHYD004,CO2,2026,,,,,,,,,,,,0.0,,,,,
Scenario1,0,RE1,,PWRHYD004,CO2,2027,,,,,,,,,,,,0.0,,,,,
Scenario1,0,RE1,,PWRHYD004,CO2,2028,,,,,,,,,,,,0.0,,,,,
Scenario1,0,RE1,,PWRHYD004,CO2,2029,,,,,,,,,,,,0.0,,,,,
Scenario1,0,RE1,,PWRHYD004,CO2,2030,,,,,,,,,,,,0.0,,,,,
Scenario1,0,RE1,,PWRHYD004,CO2,2031,,,,,,,,,,,,0.0,,,,,
Scenario1,0,RE1,,PWRHYD004,CO2,2032,,,,,,,,,,,,0.0,,,,,
Scenario1,0,RE1,,PWRHYD004,CO2,2033,,,,,,,,,,,,0.0,,,,,
Scenario1,0,RE1,,PWRHYD004,CO2,2034,,,,,,,,,,,,0.0,,,,,
Scenario1,0,RE1,,PWRHYD004,CO2,2035,,,,,,,,,,,,0.0,,,,,
Scenario1,0,RE1,,PWRHYD004,CO2,2036,,,,,,,,,,,,0.0,,,,,
Scenario1,0,RE1,,PWRHYD004,CO2,2037,,,,,,,,,,,,0.0,,,,,
Scenario1,0,RE1,,PWRHYD004,CO2,2038,,,,,,,,,,,,0.0,,,,,
Scenario1,0,RE1,,PWRHYD004,CO2,2039,,,,,,,,,,,,0.0,,,,,
Scenario1,0,RE1,,PWRHYD004,CO2,2040,,,,,,,,,,,,0.0,,,,,
Scenario1,0,RE1,,PWRHYD004,CO2,2041,,,,,,,,,,,,0.0,,,,,
Scenario1,0,RE1,,PWRHYD004,CO2,2042,,,,,,,,,,,,0.0,,,,,
Scenario1,0,RE1,,PWRHYD004,CO2,2043,,,,,,,,,,,,0.0,,,,,
Scenario1,0,RE1,,PWRHYD004,CO2,2044,,,,,,,,,,,,0.0,,,,,
Scenario1,0,RE1,,PWRHYD004,CO2,2045,,,,,,,,,,,,0.0,,,,,
Scenario1,0,RE1,,PWRHYD004,CO2,2046,,,,,,,,,,,,0.0,,,,,
Scenario1,0,RE1,,PWRHYD004,CO2,2047,,,,,,,,,,,,0.0,,,,,
Scenario1,0,RE1,,PWRHYD004,CO2,2048,,,,,,,,,,,,0.0,,,,,
Scenario1,0,RE1,,PWRHYD004,CO2,2049,,,,,,,,,,,,0.0,,,,,
Scenario1,0,RE1,,PWRHYD004,CO2,2050,,,,,,,,,,,,0.0,,,,,
Scenario1,0,RE1,,PWRHYD005,CO2,2019,,,,,,,,,,,,0.0,,,,,
Scenario1,0,RE1,,PWRHYD005,CO2,2020,,,,,,,,,,,,0.0,,,,,
Scenario1,0,RE1,,PWRHYD005,CO2,2021,,,,,,,,,,,,0.0,,,,,
Scenario1,0,RE1,,PWRHYD005,CO2,2022,,,,,,,,,,,,0.0,,,,,
Scenario1,0,RE1,,PWRHYD005,CO2,2023,,,,,,,,,,,,0.0,,,,,
Scenario1,0,RE1,,PWRHYD005,CO2,2024,,,,,,,,,,,,0.0,,,,,
Scenario1,0,RE1,,PWRHYD005,CO2,2025,,,,,,,,,,,,0.0,,,,,
Scenario1,0,RE1,,PWRHYD005,CO2,2026,,,,,,,,,,,,0.0,,,,,
Scenario1,0,RE1,,PWRHYD005,CO2,2027,,,,,,,,,,,,0.0,,,,,
Scenario1,0,RE1,,PWRHYD005,CO2,2028,,,,,,,,,,,,0.0,,,,,
Scenario1,0,RE1,,PWRHYD005,CO2,2029,,,,,,,,,,,,0.0,,,,,
Scenario1,0,RE1,,PWRHYD005,CO2,2030,,,,,,,,,,,,0.0,,,,,
Scenario1,0,RE1,,PWRHYD005,CO2,2031,,,,,,,,,,,,0.0,,,,,
Scenario1,0,RE1,,PWRHYD005,CO2,2032,,,,,,,,,,,,0.0,,,,,
Scenario1,0,RE1,,PWRHYD005,CO2,2033,,,,,,,,,,,,0.0,,,,,
Scenario1,0,RE1,,PWRHYD005,CO2,2034,,,,,,,,,,,,0.0,,,,,
Scenario1,0,RE1,,PWRHYD005,CO2,2035,,,,,,,,,,,,0.0,,,,,
Scenario1,0,RE1,,PWRHYD005,CO2,2036,,,,,,,,,,,,0.0,,,,,
Scenario1,0,RE1,,PWRHYD005,CO2,2037,,,,,,,,,,,,0.0,,,,,
Scenario1,0,RE1,,PWRHYD005,CO2,2038,,,,,,,,,,,,0.0,,,,,
Scenario1,0,RE1,,PWRHYD005,CO2,2039,,,,,,,,,,,,0.0,,,,,
Scenario1,0,RE1,,PWRHYD005,CO2,2040,,,,,,,,,,,,0.0,,,,,
Scenario1,0,RE1,,PWRHYD005,CO2,2041,,,,,,,,,,,,0.0,,,,,
Scenario1,0,RE1,,PWRHYD005,CO2,2042,,,,,,,,,,,,0.0,,,,,
Scenario1,0,RE1,,PWRHYD005,CO2,2043,,,,,,,,,,,,0.0,,,,,
Scenario1,0,RE1,,PWRHYD005,CO2,2044,,,,,,,,,,,,0.0,,,,,
Scenario1,0,RE1,,PWRHYD005,CO2,2045,,,,,,,,,,,,0.0,,,,,
Scenario1,0,RE1,,PWRHYD005,CO2,2046,,,,,,,,,,,,0.0,,,,,
Scenario1,0,RE1,,PWRHYD005,CO2,2047,,,,,,,,,,,,0.0,,,,,
Scenario1,0,RE1,,PWRHYD005,CO2,2048,,,,,,,,,,,,0.0,,,,,
Scenario1,0,RE1,,PWRHYD005,CO2,2049,,,,,,,,,,,,0.0,,,,,
Scenario1,0,RE1,,PWRHYD005,CO2,2050,,,,,,,,,,,,0.0,,,,,
Scenario1,0,RE1,,PWRLFO001,CO2,2019,,,,,,,,,,,,0.0,,,,,
Scenario1,0,RE1,,PWRLFO001,CO2,2020,,,,,,,,,,,,0.0,,,,,
Scenario1,0,RE1,,PWRLFO001,CO2,2021,,,,,,,,,,,,0.0,,,,,
Scenario1,0,RE1,,PWRLFO001,CO2,2022,,,,,,,,,,,,0.0,,,,,
Scenario1,0,RE1,,PWRLFO001,CO2,2023,,,,,,,,,,,,0.0,,,,,
Scenario1,0,RE1,,PWRLFO001,CO2,2024,,,,,,,,,,,,0.0,,,,,
Scenario1,0,RE1,,PWRLFO001,CO2,2025,,,,,,,,,,,,0.0,,,,,
Scenario1,0,RE1,,PWRLFO001,CO2,2026,,,,,,,,,,,,0.0,,,,,
Scenario1,0,RE1,,PWRLFO001,CO2,2027,,,,,,,,,,,,0.0,,,,,
Scenario1,0,RE1,,PWRLFO001,CO2,2028,,,,,,,,,,,,0.0,,,,,
Scenario1,0,RE1,,PWRLFO001,CO2,2029,,,,,,,,,,,,0.0,,,,,
Scenario1,0,RE1,,PWRLFO001,CO2,2030,,,,,,,,,,,,0.0,,,,,
Scenario1,0,RE1,,PWRLFO001,CO2,2031,,,,,,,,,,,,0.0,,,,,
Scenario1,0,RE1,,PWRLFO001,CO2,2032,,,,,,,,,,,,0.0,,,,,
Scenario1,0,RE1,,PWRLFO001,CO2,2033,,,,,,,,,,,,0.0,,,,,
Scenario1,0,RE1,,PWRLFO001,CO2,2034,,,,,,,,,,,,0.0,,,,,
Scenario1,0,RE1,,PWRLFO001,CO2,2035,,,,,,,,,,,,0.0,,,,,
Scenario1,0,RE1,,PWRLFO001,CO2,2036,,,,,,,,,,,,0.0,,,,,
Scenario1,0,RE1,,PWRLFO001,CO2,2037,,,,,,,,,,,,0.0,,,,,
Scenario1,0,RE1,,PWRLFO001,CO2,2038,,,,,,,,,,,,0.0,,,,,
Scenario1,0,RE1,,PWRLFO001,CO2,2039,,,,,,,,,,,,0.0,,,,,
Scenario1,0,RE1,,PWRLFO001,CO2,2040,,,,,,,,,,,,0.0,,,,,
Scenario1,0,RE1,,PWRLFO001,CO2,2041,,,,,,,,,,,,0.0,,,,,
Scenario1,0,RE1,,PWRLFO001,CO2,2042,,,,,,,,,,,,0.0,,,,,
Scenario1,0,RE1,,PWRLFO001,CO2,2043,,,,,,,,,,,,0.0,,,,,
Scenario1,0,RE1,,PWRLFO001,CO2,2044,,,,,,,,,,,,0.0,,,,,
Scenario1,0,RE1,,PWRLFO001,CO2,2045,,,,,,,,,,,,0.0,,,,,
Scenario1,0,RE1,,PWRLFO001,CO2,2046,,,,,,,,,,,,0.0,,,,,
Scenario1,0,RE1,,PWRLFO001,CO2,2047,,,,,,,,,,,,0.0,,,,,
Scenario1,0,RE1,,PWRLFO001,CO2,2048,,,,,,,,,,,,0.0,,,,,
Scenario1,0,RE1,,PWRLFO001,CO2,2049,,,,,,,,,,,,0.0,,,,,
Scenario1,0,RE1,,PWRLFO001,CO2,2050,,,,,,,,,,,,0.0,,,,,
Scenario1,0,RE1,,PWRNGS001,CO2,2019,,,,,,,,,,,,0.0,,,,,
Scenario1,0,RE1,,PWRNGS001,CO2,2020,,,,,,,,,,,,0.0,,,,,
Scenario1,0,RE1,,PWRNGS001,CO2,2021,,,,,,,,,,,,0.0,,,,,
Scenario1,0,RE1,,PWRNGS001,CO2,2022,,,,,,,,,,,,0.0,,,,,
Scenario1,0,RE1,,PWRNGS001,CO2,2023,,,,,,,,,,,,0.0,,,,,
Scenario1,0,RE1,,PWRNGS001,CO2,2024,,,,,,,,,,,,0.0,,,,,
Scenario1,0,RE1,,PWRNGS001,CO2,2025,,,,,,,,,,,,0.0,,,,,
Scenario1,0,RE1,,PWRNGS001,CO2,2026,,,,,,,,,,,,0.0,,,,,
Scenario1,0,RE1,,PWRNGS001,CO2,2027,,,,,,,,,,,,0.0,,,,,
Scenario1,0,RE1,,PWRNGS001,CO2,2028,,,,,,,,,,,,0.0,,,,,
Scenario1,0,RE1,,PWRNGS001,CO2,2029,,,,,,,,,,,,0.0,,,,,
Scenario1,0,RE1,,PWRNGS001,CO2,2030,,,,,,,,,,,,0.0,,,,,
Scenario1,0,RE1,,PWRNGS001,CO2,2031,,,,,,,,,,,,0.0,,,,,
Scenario1,0,RE1,,PWRNGS001,CO2,2032,,,,,,,,,,,,0.0,,,,,
Scenario1,0,RE1,,PWRNGS001,CO2,2033,,,,,,,,,,,,0.0,,,,,
Scenario1,0,RE1,,PWRNGS001,CO2,2034,,,,,,,,,,,,0.0,,,,,
Scenario1,0,RE1,,PWRNGS001,CO2,2035,,,,,,,,,,,,0.0,,,,,
Scenario1,0,RE1,,PWRNGS001,CO2,2036,,,,,,,,,,,,0.0,,,,,
Scenario1,0,RE1,,PWRNGS001,CO2,2037,,,,,,,,,,,,0.0,,,,,
Scenario1,0,RE1,,PWRNGS001,CO2,2038,,,,,,,,,,,,0.0,,,,,
Scenario1,0,RE1,,PWRNGS001,CO2,2039,,,,,,,,,,,,0.0,,,,,
Scenario1,0,RE1,,PWRNGS001,CO2,2040,,,,,,,,,,,,0.0,,,,,
Scenario1,0,RE1,,PWRNGS001,CO2,2041,,,,,,,,,,,,0.0,,,,,
Scenario1,0,RE1,,PWRNGS001,CO2,2042,,,,,,,,,,,,0.0,,,,,
Scenario1,0,RE1,,PWRNGS001,CO2,2043,,,,,,,,,,,,0.0,,,,,
Scenario1,0,RE1,,PWRNGS001,CO2,2044,,,,,,,,,,,,0.0,,,,,
Scenario1,0,RE1,,PWRNGS001,CO2,2045,,,,,,,,,,,,0.0,,,,,
Scenario1,0,RE1,,PWRNGS001,CO2,2046,,,,,,,,,,,,0.0,,,,,
Scenario1,0,RE1,,PWRNGS001,CO2,2047,,,,,,,,,,,,0.0,,,,,
Scenario1,0,RE1,,PWRNGS001,CO2,2048,,,,,,,,,,,,0.0,,,,,
Scenario1,0,RE1,,PWRNGS001,CO2,2049,,,,,,,,,,,,0.0,,,,,
Scenario1,0,RE1,,PWRNGS001,CO2,2050,,,,,,,,,,,,0.0,,,,,
Scenario1,0,RE1,,PWRPHS001,CO2,2019,,,,,,,,,,,,0.0,,,,,
Scenario1,0,RE1,,PWRPHS001,CO2,2020,,,,,,,,,,,,0.0,,,,,
Scenario1,0,RE1,,PWRPHS001,CO2,2021,,,,,,,,,,,,0.0,,,,,
Scenario1,0,RE1,,PWRPHS001,CO2,2022,,,,,,,,,,,,0.0,,,,,
Scenario1,0,RE1,,PWRPHS001,CO2,2023,,,,,,,,,,,,0.0,,,,,
Scenario1,0,RE1,,PWRPHS001,CO2,2024,,,,,,,,,,,,0.0,,,,,
Scenario1,0,RE1,,PWRPHS001,CO2,2025,,,,,,,,,,,,0.0,,,,,
Scenario1,0,RE1,,PWRPHS001,CO2,2026,,,,,,,,,,,,0.0,,,,,
Scenario1,0,RE1,,PWRPHS001,CO2,2027,,,,,,,,,,,,0.0,,,,,
Scenario1,0,RE1,,PWRPHS001,CO2,2028,,,,,,,,,,,,0.0,,,,,
Scenario1,0,RE1,,PWRPHS001,CO2,2029,,,,,,,,,,,,0.0,,,,,
Scenario1,0,RE1,,PWRPHS001,CO2,2030,,,,,,,,,,,,0.0,,,,,
Scenario1,0,RE1,,PWRPHS001,CO2,2031,,,,,,,,,,,,0.0,,,,,
Scenario1,0,RE1,,PWRPHS001,CO2,2032,,,,,,,,,,,,0.0,,,,,
Scenario1,0,RE1,,PWRPHS001,CO2,2033,,,,,,,,,,,,0.0,,,,,
Scenario1,0,RE1,,PWRPHS001,CO2,2034,,,,,,,,,,,,0.0,,,,,
Scenario1,0,RE1,,PWRPHS001,CO2,2035,,,,,,,,,,,,0.0,,,,,
Scenario1,0,RE1,,PWRPHS001,CO2,2036,,,,,,,,,,,,0.0,,,,,
Scenario1,0,RE1,,PWRPHS001,CO2,2037,,,,,,,,,,,,0.0,,,,,
Scenario1,0,RE1,,PWRPHS001,CO2,2038,,,,,,,,,,,,0.0,,,,,
Scenario1,0,RE1,,PWRPHS001,CO2,2039,,,,,,,,,,,,0.0,,,,,
Scenario1,0,RE1,,PWRPHS001,CO2,2040,,,,,,,,,,,,0.0,,,,,
Scenario1,0,RE1,,PWRPHS001,CO2,2041,,,,,,,,,,,,0.0,,,,,
Scenario1,0,RE1,,PWRPHS001,CO2,2042,,,,,,,,,,,,0.0,,,,,
Scenario1,0,RE1,,PWRPHS001,CO2,2043,,,,,,,,,,,,0.0,,,,,
Scenario1,0,RE1,,PWRPHS001,CO2,2044,,,,,,,,,,,,0.0,,,,,
Scenario1,0,RE1,,PWRPHS001,CO2,2045,,,,,,,,,,,,0.0,,,,,
Scenario1,0,RE1,,PWRPHS001,CO2,2046,,,,,,,,,,,,0.0,,,,,
Scenario1,0,RE1,,PWRPHS001,CO2,2047,,,,,,,,,,,,0.0,,,,,
Scenario1,0,RE1,,PWRPHS001,CO2,2048,,,,,,,,,,,,0.0,,,,,
Scenario1,0,RE1,,PWRPHS001,CO2,2049,,,,,,,,,,,,0.0,,,,,
Scenario1,0,RE1,,PWRPHS001,CO2,2050,,,,,,,,,,,,0.0,,,,,
Scenario1,0,RE1,,PWRPHS002,CO2,2019,,,,,,,,,,,,0.0,,,,,
Scenario1,0,RE1,,PWRPHS002,CO2,2020,,,,,,,,,,,,0.0,,,,,
Scenario1,0,RE1,,PWRPHS002,CO2,2021,,,,,,,,,,,,0.0,,,,,
Scenario1,0,RE1,,PWRPHS002,CO2,2022,,,,,,,,,,,,0.0,,,,,
Scenario1,0,RE1,,PWRPHS002,CO2,2023,,,,,,,,,,,,0.0,,,,,
Scenario1,0,RE1,,PWRPHS002,CO2,2024,,,,,,,,,,,,0.0,,,,,
Scenario1,0,RE1,,PWRPHS002,CO2,2025,,,,,,,,,,,,0.0,,,,,
Scenario1,0,RE1,,PWRPHS002,CO2,2026,,,,,,,,,,,,0.0,,,,,
Scenario1,0,RE1,,PWRPHS002,CO2,2027,,,,,,,,,,,,0.0,,,,,
Scenario1,0,RE1,,PWRPHS002,CO2,2028,,,,,,,,,,,,0.0,,,,,
Scenario1,0,RE1,,PWRPHS002,CO2,2029,,,,,,,,,,,,0.0,,,,,
Scenario1,0,RE1,,PWRPHS002,CO2,2030,,,,,,,,,,,,0.0,,,,,
Scenario1,0,RE1,,PWRPHS002,CO2,2031,,,,,,,,,,,,0.0,,,,,
Scenario1,0,RE1,,PWRPHS002,CO2,2032,,,,,,,,,,,,0.0,,,,,
Scenario1,0,RE1,,PWRPHS002,CO2,2033,,,,,,,,,,,,0.0,,,,,
Scenario1,0,RE1,,PWRPHS002,CO2,2034,,,,,,,,,,,,0.0,,,,,
Scenario1,0,RE1,,PWRPHS002,CO2,2035,,,,,,,,,,,,0.0,,,,,
Scenario1,0,RE1,,PWRPHS002,CO2,2036,,,,,,,,,,,,0.0,,,,,
Scenario1,0,RE1,,PWRPHS002,CO2,2037,,,,,,,,,,,,0.0,,,,,
Scenario1,0,RE1,,PWRPHS002,CO2,2038,,,,,,,,,,,,0.0,,,,,
Scenario1,0,RE1,,PWRPHS002,CO2,2039,,,,,,,,,,,,0.0,,,,,
Scenario1,0,RE1,,PWRPHS002,CO2,2040,,,,,,,,,,,,0.0,,,,,
Scenario1,0,RE1,,PWRPHS002,CO2,2041,,,,,,,,,,,,0.0,,,,,
Scenario1,0,RE1,,PWRPHS002,CO2,2042,,,,,,,,,,,,0.0,,,,,
Scenario1,0,RE1,,PWRPHS002,CO2,2043,,,,,,,,,,,,0.0,,,,,
Scenario1,0,RE1,,PWRPHS002,CO2,2044,,,,,,,,,,,,0.0,,,,,
Scenario1,0,RE1,,PWRPHS002,CO2,2045,,,,,,,,,,,,0.0,,,,,
Scenario1,0,RE1,,PWRPHS002,CO2,2046,,,,,,,,,,,,0.0,,,,,
Scenario1,0,RE1,,PWRPHS002,CO2,2047,,,,,,,,,,,,0.0,,,,,
Scenario1,0,RE1,,PWRPHS002,CO2,2048,,,,,,,,,,,,0.0,,,,,
Scenario1,0,RE1,,PWRPHS002,CO2,2049,,,,,,,,,,,,0.0,,,,,
Scenario1,0,RE1,,PWRPHS002,CO2,2050,,,,,,,,,,,,0.0,,,,,
Scenario1,0,RE1,,PWRSOL001,CO2,2019,,,,,,,,,,,,0.0,,,,,
Scenario1,0,RE1,,PWRSOL001,CO2,2020,,,,,,,,,,,,0.0,,,,,
Scenario1,0,RE1,,PWRSOL001,CO2,2021,,,,,,,,,,,,0.0,,,,,
Scenario1,0,RE1,,PWRSOL001,CO2,2022,,,,,,,,,,,,0.0,,,,,
Scenario1,0,RE1,,PWRSOL001,CO2,2023,,,,,,,,,,,,0.0,,,,,
Scenario1,0,RE1,,PWRSOL001,CO2,2024,,,,,,,,,,,,0.0,,,,,
Scenario1,0,RE1,,PWRSOL001,CO2,2025,,,,,,,,,,,,0.0,,,,,
Scenario1,0,RE1,,PWRSOL001,CO2,2026,,,,,,,,,,,,0.0,,,,,
Scenario1,0,RE1,,PWRSOL001,CO2,2027,,,,,,,,,,,,0.0,,,,,
Scenario1,0,RE1,,PWRSOL001,CO2,2028,,,,,,,,,,,,0.0,,,,,
Scenario1,0,RE1,,PWRSOL001,CO2,2029,,,,,,,,,,,,0.0,,,,,
Scenario1,0,RE1,,PWRSOL001,CO2,2030,,,,,,,,,,,,0.0,,,,,
Scenario1,0,RE1,,PWRSOL001,CO2,2031,,,,,,,,,,,,0.0,,,,,
Scenario1,0,RE1,,PWRSOL001,CO2,2032,,,,,,,,,,,,0.0,,,,,
Scenario1,0,RE1,,PWRSOL001,CO2,2033,,,,,,,,,,,,0.0,,,,,
Scenario1,0,RE1,,PWRSOL001,CO2,2034,,,,,,,,,,,,0.0,,,,,
Scenario1,0,RE1,,PWRSOL001,CO2,2035,,,,,,,,,,,,0.0,,,,,
Scenario1,0,RE1,,PWRSOL001,CO2,2036,,,,,,,,,,,,0.0,,,,,
Scenario1,0,RE1,,PWRSOL001,CO2,2037,,,,,,,,,,,,0.0,,,,,
Scenario1,0,RE1,,PWRSOL001,CO2,2038,,,,,,,,,,,,0.0,,,,,
Scenario1,0,RE1,,PWRSOL001,CO2,2039,,,,,,,,,,,,0.0,,,,,
Scenario1,0,RE1,,PWRSOL001,CO2,2040,,,,,,,,,,,,0.0,,,,,
Scenario1,0,RE1,,PWRSOL001,CO2,2041,,,,,,,,,,,,0.0,,,,,
Scenario1,0,RE1,,PWRSOL001,CO2,2042,,,,,,,,,,,,0.0,,,,,
Scenario1,0,RE1,,PWRSOL001,CO2,2043,,,,,,,,,,,,0.0,,,,,
Scenario1,0,RE1,,PWRSOL001,CO2,2044,,,,,,,,,,,,0.0,,,,,
Scenario1,0,RE1,,PWRSOL001,CO2,2045,,,,,,,,,,,,0.0,,,,,
Scenario1,0,RE1,,PWRSOL001,CO2,2046,,,,,,,,,,,,0.0,,,,,
Scenario1,0,RE1,,PWRSOL001,CO2,2047,,,,,,,,,,,,0.0,,,,,
Scenario1,0,RE1,,PWRSOL001,CO2,2048,,,,,,,,,,,,0.0,,,,,
Scenario1,0,RE1,,PWRSOL001,CO2,2049,,,,,,,,,,,,0.0,,,,,
Scenario1,0,RE1,,PWRSOL001,CO2,2050,,,,,,,,,,,,0.0,,,,,
Scenario1,0,RE1,,PWRSOL002,CO2,2019,,,,,,,,,,,,0.0,,,,,
Scenario1,0,RE1,,PWRSOL002,CO2,2020,,,,,,,,,,,,0.0,,,,,
Scenario1,0,RE1,,PWRSOL002,CO2,2021,,,,,,,,,,,,0.0,,,,,
Scenario1,0,RE1,,PWRSOL002,CO2,2022,,,,,,,,,,,,0.0,,,,,
Scenario1,0,RE1,,PWRSOL002,CO2,2023,,,,,,,,,,,,0.0,,,,,
Scenario1,0,RE1,,PWRSOL002,CO2,2024,,,,,,,,,,,,0.0,,,,,
Scenario1,0,RE1,,PWRSOL002,CO2,2025,,,,,,,,,,,,0.0,,,,,
Scenario1,0,RE1,,PWRSOL002,CO2,2026,,,,,,,,,,,,0.0,,,,,
Scenario1,0,RE1,,PWRSOL002,CO2,2027,,,,,,,,,,,,0.0,,,,,
Scenario1,0,RE1,,PWRSOL002,CO2,2028,,,,,,,,,,,,0.0,,,,,
Scenario1,0,RE1,,PWRSOL002,CO2,2029,,,,,,,,,,,,0.0,,,,,
Scenario1,0,RE1,,PWRSOL002,CO2,2030,,,,,,,,,,,,0.0,,,,,
Scenario1,0,RE1,,PWRSOL002,CO2,2031,,,,,,,,,,,,0.0,,,,,
Scenario1,0,RE1,,PWRSOL002,CO2,2032,,,,,,,,,,,,0.0,,,,,
Scenario1,0,RE1,,PWRSOL002,CO2,2033,,,,,,,,,,,,0.0,,,,,
Scenario1,0,RE1,,PWRSOL002,CO2,2034,,,,,,,,,,,,0.0,,,,,
Scenario1,0,RE1,,PWRSOL002,CO2,2035,,,,,,,,,,,,0.0,,,,,
Scenario1,0,RE1,,PWRSOL002,CO2,2036,,,,,,,,,,,,0.0,,,,,
Scenario1,0,RE1,,PWRSOL002,CO2,2037,,,,,,,,,,,,0.0,,,,,
Scenario1,0,RE1,,PWRSOL002,CO2,2038,,,,,,,,,,,,0.0,,,,,
Scenario1,0,RE1,,PWRSOL002,CO2,2039,,,,,,,,,,,,0.0,,,,,
Scenario1,0,RE1,,PWRSOL002,CO2,2040,,,,,,,,,,,,0.0,,,,,
Scenario1,0,RE1,,PWRSOL002,CO2,2041,,,,,,,,,,,,0.0,,,,,
Scenario1,0,RE1,,PWRSOL002,CO2,2042,,,,,,,,,,,,0.0,,,,,
Scenario1,0,RE1,,PWRSOL002,CO2,2043,,,,,,,,,,,,0.0,,,,,
Scenario1,0,RE1,,PWRSOL002,CO2,2044,,,,,,,,,,,,0.0,,,,,
Scenario1,0,RE1,,PWRSOL002,CO2,2045,,,,,,,,,,,,0.0,,,,,
Scenario1,0,RE1,,PWRSOL002,CO2,2046,,,,,,,,,,,,0.0,,,,,
Scenario1,0,RE1,,PWRSOL002,CO2,2047,,,,,,,,,,,,0.0,,,,,
Scenario1,0,RE1,,PWRSOL002,CO2,2048,,,,,,,,,,,,0.0,,,,,
Scenario1,0,RE1,,PWRSOL002,CO2,2049,,,,,,,,,,,,0.0,,,,,
Scenario1,0,RE1,,PWRSOL002,CO2,2050,,,,,,,,,,,,0.0,,,,,
Scenario1,0,RE1,,PWRTRN,CO2,2019,,,,,,,,,,,,0.0,,,,,
Scenario1,0,RE1,,PWRTRN,CO2,2020,,,,,,,,,,,,0.0,,,,,
Scenario1,0,RE1,,PWRTRN,CO2,2021,,,,,,,,,,,,0.0,,,,,
Scenario1,0,RE1,,PWRTRN,CO2,2022,,,,,,,,,,,,0.0,,,,,
Scenario1,0,RE1,,PWRTRN,CO2,2023,,,,,,,,,,,,0.0,,,,,
Scenario1,0,RE1,,PWRTRN,CO2,2024,,,,,,,,,,,,0.0,,,,,
Scenario1,0,RE1,,PWRTRN,CO2,2025,,,,,,,,,,,,0.0,,,,,
Scenario1,0,RE1,,PWRTRN,CO2,2026,,,,,,,,,,,,0.0,,,,,
Scenario1,0,RE1,,PWRTRN,CO2,2027,,,,,,,,,,,,0.0,,,,,
Scenario1,0,RE1,,PWRTRN,CO2,2028,,,,,,,,,,,,0.0,,,,,
Scenario1,0,RE1,,PWRTRN,CO2,2029,,,,,,,,,,,,0.0,,,,,
Scenario1,0,RE1,,PWRTRN,CO2,2030,,,,,,,,,,,,0.0,,,,,
Scenario1,0,RE1,,PWRTRN,CO2,2031,,,,,,,,,,,,0.0,,,,,
Scenario1,0,RE1,,PWRTRN,CO2,2032,,,,,,,,,,,,0.0,,,,,
Scenario1,0,RE1,,PWRTRN,CO2,2033,,,,,,,,,,,,0.0,,,,,
Scenario1,0,RE1,,PWRTRN,CO2,2034,,,,,,,,,,,,0.0,,,,,
Scenario1,0,RE1,,PWRTRN,CO2,2035,,,,,,,,,,,,0.0,,,,,
Scenario1,0,RE1,,PWRTRN,CO2,2036,,,,,,,,,,,,0.0,,,,,
Scenario1,0,RE1,,PWRTRN,CO2,2037,,,,,,,,,,,,0.0,,,,,
Scenario1,0,RE1,,PWRTRN,CO2,2038,,,,,,,,,,,,0.0,,,,,
Scenario1,0,RE1,,PWRTRN,CO2,2039,,,,,,,,,,,,0.0,,,,,
Scenario1,0,RE1,,PWRTRN,CO2,2040,,,,,,,,,,,,0.0,,,,,
Scenario1,0,RE1,,PWRTRN,CO2,2041,,,,,,,,,,,,0.0,,,,,
Scenario1,0,RE1,,PWRTRN,CO2,2042,,,,,,,,,,,,0.0,,,,,
Scenario1,0,RE1,,PWRTRN,CO2,2043,,,,,,,,,,,,0.0,,,,,
Scenario1,0,RE1,,PWRTRN,CO2,2044,,,,,,,,,,,,0.0,,,,,
Scenario1,0,RE1,,PWRTRN,CO2,2045,,,,,,,,,,,,0.0,,,,,
Scenario1,0,RE1,,PWRTRN,CO2,2046,,,,,,,,,,,,0.0,,,,,
Scenario1,0,RE1,,PWRTRN,CO2,2047,,,,,,,,,,,,0.0,,,,,
Scenario1,0,RE1,,PWRTRN,CO2,2048,,,,,,,,,,,,0.0,,,,,
Scenario1,0,RE1,,PWRTRN,CO2,2049,,,,,,,,,,,,0.0,,,,,
Scenario1,0,RE1,,PWRTRN,CO2,2050,,,,,,,,,,,,0.0,,,,,
Scenario1,0,RE1,,PWRURN001,CO2,2019,,,,,,,,,,,,0.0,,,,,
Scenario1,0,RE1,,PWRURN001,CO2,2020,,,,,,,,,,,,0.0,,,,,
Scenario1,0,RE1,,PWRURN001,CO2,2021,,,,,,,,,,,,0.0,,,,,
Scenario1,0,RE1,,PWRURN001,CO2,2022,,,,,,,,,,,,0.0,,,,,
Scenario1,0,RE1,,PWRURN001,CO2,2023,,,,,,,,,,,,0.0,,,,,
Scenario1,0,RE1,,PWRURN001,CO2,2024,,,,,,,,,,,,0.0,,,,,
Scenario1,0,RE1,,PWRURN001,CO2,2025,,,,,,,,,,,,0.0,,,,,
Scenario1,0,RE1,,PWRURN001,CO2,2026,,,,,,,,,,,,0.0,,,,,
Scenario1,0,RE1,,PWRURN001,CO2,2027,,,,,,,,,,,,0.0,,,,,
Scenario1,0,RE1,,PWRURN001,CO2,2028,,,,,,,,,,,,0.0,,,,,
Scenario1,0,RE1,,PWRURN001,CO2,2029,,,,,,,,,,,,0.0,,,,,
Scenario1,0,RE1,,PWRURN001,CO2,2030,,,,,,,,,,,,0.0,,,,,
Scenario1,0,RE1,,PWRURN001,CO2,2031,,,,,,,,,,,,0.0,,,,,
Scenario1,0,RE1,,PWRURN001,CO2,2032,,,,,,,,,,,,0.0,,,,,
Scenario1,0,RE1,,PWRURN001,CO2,2033,,,,,,,,,,,,0.0,,,,,
Scenario1,0,RE1,,PWRURN001,CO2,2034,,,,,,,,,,,,0.0,,,,,
Scenario1,0,RE1,,PWRURN001,CO2,2035,,,,,,,,,,,,0.0,,,,,
Scenario1,0,RE1,,PWRURN001,CO2,2036,,,,,,,,,,,,0.0,,,,,
Scenario1,0,RE1,,PWRURN001,CO2,2037,,,,,,,,,,,,0.0,,,,,
Scenario1,0,RE1,,PWRURN001,CO2,2038,,,,,,,,,,,,0.0,,,,,
Scenario1,0,RE1,,PWRURN001,CO2,2039,,,,,,,,,,,,0.0,,,,,
Scenario1,0,RE1,,PWRURN001,CO2,2040,,,,,,,,,,,,0.0,,,,,
Scenario1,0,RE1,,PWRURN001,CO2,2041,,,,,,,,,,,,0.0,,,,,
Scenario1,0,RE1,,PWRURN001,CO2,2042,,,,,,,,,,,,0.0,,,,,
Scenario1,0,RE1,,PWRURN001,CO2,2043,,,,,,,,,,,,0.0,,,,,
Scenario1,0,RE1,,PWRURN001,CO2,2044,,,,,,,,,,,,0.0,,,,,
Scenario1,0,RE1,,PWRURN001,CO2,2045,,,,,,,,,,,,0.0,,,,,
Scenario1,0,RE1,,PWRURN001,CO2,2046,,,,,,,,,,,,0.0,,,,,
Scenario1,0,RE1,,PWRURN001,CO2,2047,,,,,,,,,,,,0.0,,,,,
Scenario1,0,RE1,,PWRURN001,CO2,2048,,,,,,,,,,,,0.0,,,,,
Scenario1,0,RE1,,PWRURN001,CO2,2049,,,,,,,,,,,,0.0,,,,,
Scenario1,0,RE1,,PWRURN001,CO2,2050,,,,,,,,,,,,0.0,,,,,
Scenario1,0,RE1,,PWRWND001,CO2,2019,,,,,,,,,,,,0.0,,,,,
Scenario1,0,RE1,,PWRWND001,CO2,2020,,,,,,,,,,,,0.0,,,,,
Scenario1,0,RE1,,PWRWND001,CO2,2021,,,,,,,,,,,,0.0,,,,,
Scenario1,0,RE1,,PWRWND001,CO2,2022,,,,,,,,,,,,0.0,,,,,
Scenario1,0,RE1,,PWRWND001,CO2,2023,,,,,,,,,,,,0.0,,,,,
Scenario1,0,RE1,,PWRWND001,CO2,2024,,,,,,,,,,,,0.0,,,,,
Scenario1,0,RE1,,PWRWND001,CO2,2025,,,,,,,,,,,,0.0,,,,,
Scenario1,0,RE1,,PWRWND001,CO2,2026,,,,,,,,,,,,0.0,,,,,
Scenario1,0,RE1,,PWRWND001,CO2,2027,,,,,,,,,,,,0.0,,,,,
Scenario1,0,RE1,,PWRWND001,CO2,2028,,,,,,,,,,,,0.0,,,,,
Scenario1,0,RE1,,PWRWND001,CO2,2029,,,,,,,,,,,,0.0,,,,,
Scenario1,0,RE1,,PWRWND001,CO2,2030,,,,,,,,,,,,0.0,,,,,
Scenario1,0,RE1,,PWRWND001,CO2,2031,,,,,,,,,,,,0.0,,,,,
Scenario1,0,RE1,,PWRWND001,CO2,2032,,,,,,,,,,,,0.0,,,,,
Scenario1,0,RE1,,PWRWND001,CO2,2033,,,,,,,,,,,,0.0,,,,,
Scenario1,0,RE1,,PWRWND001,CO2,2034,,,,,,,,,,,,0.0,,,,,
Scenario1,0,RE1,,PWRWND001,CO2,2035,,,,,,,,,,,,0.0,,,,,
Scenario1,0,RE1,,PWRWND001,CO2,2036,,,,,,,,,,,,0.0,,,,,
Scenario1,0,RE1,,PWRWND001,CO2,2037,,,,,,,,,,,,0.0,,,,,
Scenario1,0,RE1,,PWRWND001,CO2,2038,,,,,,,,,,,,0.0,,,,,
Scenario1,0,RE1,,PWRWND001,CO2,2039,,,,,,,,,,,,0.0,,,,,
Scenario1,0,RE1,,PWRWND001,CO2,2040,,,,,,,,,,,,0.0,,,,,
Scenario1,0,RE1,,PWRWND001,CO2,2041,,,,,,,,,,,,0.0,,,,,
Scenario1,0,RE1,,PWRWND001,CO2,2042,,,,,,,,,,,,0.0,,,,,
Scenario1,0,RE1,,PWRWND001,CO2,2043,,,,,,,,,,,,0.0,,,,,
Scenario1,0,RE1,,PWRWND001,CO2,2044,,,,,,,,,,,,0.0,,,,,
Scenario1,0,RE1,,PWRWND001,CO2,2045,,,,,,,,,,,,0.0,,,,,
Scenario1,0,RE1,,PWRWND001,CO2,2046,,,,,,,,,,,,0.0,,,,,
Scenario1,0,RE1,,PWRWND001,CO2,2047,,,,,,,,,,,,0.0,,,,,
Scenario1,0,RE1,,PWRWND001,CO2,2048,,,,,,,,,,,,0.0,,,,,
Scenario1,0,RE1,,PWRWND001,CO2,2049,,,,,,,,,,,,0.0,,,,,
Scenario1,0,RE1,,PWRWND001,CO2,2050,,,,,,,,,,,,0.0,,,,,
Scenario1,0,RE1,,PWRWND002,CO2,2019,,,,,,,,,,,,0.0,,,,,
Scenario1,0,RE1,,PWRWND002,CO2,2020,,,,,,,,,,,,0.0,,,,,
Scenario1,0,RE1,,PWRWND002,CO2,2021,,,,,,,,,,,,0.0,,,,,
Scenario1,0,RE1,,PWRWND002,CO2,2022,,,,,,,,,,,,0.0,,,,,
Scenario1,0,RE1,,PWRWND002,CO2,2023,,,,,,,,,,,,0.0,,,,,
Scenario1,0,RE1,,PWRWND002,CO2,2024,,,,,,,,,,,,0.0,,,,,
Scenario1,0,RE1,,PWRWND002,CO2,2025,,,,,,,,,,,,0.0,,,,,
Scenario1,0,RE1,,PWRWND002,CO2,2026,,,,,,,,,,,,0.0,,,,,
Scenario1,0,RE1,,PWRWND002,CO2,2027,,,,,,,,,,,,0.0,,,,,
Scenario1,0,RE1,,PWRWND002,CO2,2028,,,,,,,,,,,,0.0,,,,,
Scenario1,0,RE1,,PWRWND002,CO2,2029,,,,,,,,,,,,0.0,,,,,
Scenario1,0,RE1,,PWRWND002,CO2,2030,,,,,,,,,,,,0.0,,,,,
Scenario1,0,RE1,,PWRWND002,CO2,2031,,,,,,,,,,,,0.0,,,,,
Scenario1,0,RE1,,PWRWND002,CO2,2032,,,,,,,,,,,,0.0,,,,,
Scenario1,0,RE1,,PWRWND002,CO2,2033,,,,,,,,,,,,0.0,,,,,
Scenario1,0,RE1,,PWRWND002,CO2,2034,,,,,,,,,,,,0.0,,,,,
Scenario1,0,RE1,,PWRWND002,CO2,2035,,,,,,,,,,,,0.0,,,,,
Scenario1,0,RE1,,PWRWND002,CO2,2036,,,,,,,,,,,,0.0,,,,,
Scenario1,0,RE1,,PWRWND002,CO2,2037,,,,,,,,,,,,0.0,,,,,
Scenario1,0,RE1,,PWRWND002,CO2,2038,,,,,,,,,,,,0.0,,,,,
Scenario1,0,RE1,,PWRWND002,CO2,2039,,,,,,,,,,,,0.0,,,,,
Scenario1,0,RE1,,PWRWND002,CO2,2040,,,,,,,,,,,,0.0,,,,,
Scenario1,0,RE1,,PWRWND002,CO2,2041,,,,,,,,,,,,0.0,,,,,
Scenario1,0,RE1,,PWRWND002,CO2,2042,,,,,,,,,,,,0.0,,,,,
Scenario1,0,RE1,,PWRWND002,CO2,2043,,,,,,,,,,,,0.0,,,,,
Scenario1,0,RE1,,PWRWND002,CO2,2044,,,,,,,,,,,,0.0,,,,,
Scenario1,0,RE1,,PWRWND002,CO2,2045,,,,,,,,,,,,0.0,,,,,
Scenario1,0,RE1,,PWRWND002,CO2,2046,,,,,,,,,,,,0.0,,,,,
Scenario1,0,RE1,,PWRWND002,CO2,2047,,,,,,,,,,,,0.0,,,,,
Scenario1,0,RE1,,PWRWND002,CO2,2048,,,,,,,,,,,,0.0,,,,,
Scenario1,0,RE1,,PWRWND002,CO2,2049,,,,,,,,,,,,0.0,,,,,
Scenario1,0,RE1,,PWRWND002,CO2,2050,,,,,,,,,,,,0.0,,,,,
Scenario1,0,RE1,,PWRWND003,CO2,2019,,,,,,,,,,,,0.0,,,,,
Scenario1,0,RE1,,PWRWND003,CO2,2020,,,,,,,,,,,,0.0,,,,,
Scenario1,0,RE1,,PWRWND003,CO2,2021,,,,,,,,,,,,0.0,,,,,
Scenario1,0,RE1,,PWRWND003,CO2,2022,,,,,,,,,,,,0.0,,,,,
Scenario1,0,RE1,,PWRWND003,CO2,2023,,,,,,,,,,,,0.0,,,,,
Scenario1,0,RE1,,PWRWND003,CO2,2024,,,,,,,,,,,,0.0,,,,,
Scenario1,0,RE1,,PWRWND003,CO2,2025,,,,,,,,,,,,0.0,,,,,
Scenario1,0,RE1,,PWRWND003,CO2,2026,,,,,,,,,,,,0.0,,,,,
Scenario1,0,RE1,,PWRWND003,CO2,2027,,,,,,,,,,,,0.0,,,,,
Scenario1,0,RE1,,PWRWND003,CO2,2028,,,,,,,,,,,,0.0,,,,,
Scenario1,0,RE1,,PWRWND003,CO2,2029,,,,,,,,,,,,0.0,,,,,
Scenario1,0,RE1,,PWRWND003,CO2,2030,,,,,,,,,,,,0.0,,,,,
Scenario1,0,RE1,,PWRWND003,CO2,2031,,,,,,,,,,,,0.0,,,,,
Scenario1,0,RE1,,PWRWND003,CO2,2032,,,,,,,,,,,,0.0,,,,,
Scenario1,0,RE1,,PWRWND003,CO2,2033,,,,,,,,,,,,0.0,,,,,
Scenario1,0,RE1,,PWRWND003,CO2,2034,,,,,,,,,,,,0.0,,,,,
Scenario1,0,RE1,,PWRWND003,CO2,2035,,,,,,,,,,,,0.0,,,,,
Scenario1,0,RE1,,PWRWND003,CO2,2036,,,,,,,,,,,,0.0,,,,,
Scenario1,0,RE1,,PWRWND003,CO2,2037,,,,,,,,,,,,0.0,,,,,
Scenario1,0,RE1,,PWRWND003,CO2,2038,,,,,,,,,,,,0.0,,,,,
Scenario1,0,RE1,,PWRWND003,CO2,2039,,,,,,,,,,,,0.0,,,,,
Scenario1,0,RE1,,PWRWND003,CO2,2040,,,,,,,,,,,,0.0,,,,,
Scenario1,0,RE1,,PWRWND003,CO2,2041,,,,,,,,,,,,0.0,,,,,
Scenario1,0,RE1,,PWRWND003,CO2,2042,,,,,,,,,,,,0.0,,,,,
Scenario1,0,RE1,,PWRWND003,CO2,2043,,,,,,,,,,,,0.0,,,,,
Scenario1,0,RE1,,PWRWND003,CO2,2044,,,,,,,,,,,,0.0,,,,,
Scenario1,0,RE1,,PWRWND003,CO2,2045,,,,,,,,,,,,0.0,,,,,
Scenario1,0,RE1,,PWRWND003,CO2,2046,,,,,,,,,,,,0.0,,,,,
Scenario1,0,RE1,,PWRWND003,CO2,2047,,,,,,,,,,,,0.0,,,,,
Scenario1,0,RE1,,PWRWND003,CO2,2048,,,,,,,,,,,,0.0,,,,,
Scenario1,0,RE1,,PWRWND003,CO2,2049,,,,,,,,,,,,0.0,,,,,
Scenario1,0,RE1,,PWRWND003,CO2,2050,,,,,,,,,,,,0.0,,,,,
Scenario1,0,RE1,,PWRWND004,CO2,2019,,,,,,,,,,,,0.0,,,,,
Scenario1,0,RE1,,PWRWND004,CO2,2020,,,,,,,,,,,,0.0,,,,,
Scenario1,0,RE1,,PWRWND004,CO2,2021,,,,,,,,,,,,0.0,,,,,
Scenario1,0,RE1,,PWRWND004,CO2,2022,,,,,,,,,,,,0.0,,,,,
Scenario1,0,RE1,,PWRWND004,CO2,2023,,,,,,,,,,,,0.0,,,,,
Scenario1,0,RE1,,PWRWND004,CO2,2024,,,,,,,,,,,,0.0,,,,,
Scenario1,0,RE1,,PWRWND004,CO2,2025,,,,,,,,,,,,0.0,,,,,
Scenario1,0,RE1,,PWRWND004,CO2,2026,,,,,,,,,,,,0.0,,,,,
Scenario1,0,RE1,,PWRWND004,CO2,2027,,,,,,,,,,,,0.0,,,,,
Scenario1,0,RE1,,PWRWND004,CO2,2028,,,,,,,,,,,,0.0,,,,,
Scenario1,0,RE1,,PWRWND004,CO2,2029,,,,,,,,,,,,0.0,,,,,
Scenario1,0,RE1,,PWRWND004,CO2,2030,,,,,,,,,,,,0.0,,,,,
Scenario1,0,RE1,,PWRWND004,CO2,2031,,,,,,,,,,,,0.0,,,,,
Scenario1,0,RE1,,PWRWND004,CO2,2032,,,,,,,,,,,,0.0,,,,,
Scenario1,0,RE1,,PWRWND004,CO2,2033,,,,,,,,,,,,0.0,,,,,
Scenario1,0,RE1,,PWRWND004,CO2,2034,,,,,,,,,,,,0.0,,,,,
Scenario1,0,RE1,,PWRWND004,CO2,2035,,,,,,,,,,,,0.0,,,,,
Scenario1,0,RE1,,PWRWND004,CO2,2036,,,,,,,,,,,,0.0,,,,,
Scenario1,0,RE1,,PWRWND004,CO2,2037,,,,,,,,,,,,0.0,,,,,
Scenario1,0,RE1,,PWRWND004,CO2,2038,,,,,,,,,,,,0.0,,,,,
Scenario1,0,RE1,,PWRWND004,CO2,2039,,,,,,,,,,,,0.0,,,,,
Scenario1,0,RE1,,PWRWND004,CO2,2040,,,,,,,,,,,,0.0,,,,,
Scenario1,0,RE1,,PWRWND004,CO2,2041,,,,,,,,,,,,0.0,,,,,
Scenario1,0,RE1,,PWRWND004,CO2,2042,,,,,,,,,,,,0.0,,,,,
Scenario1,0,RE1,,PWRWND004,CO2,2043,,,,,,,,,,,,0.0,,,,,
Scenario1,0,RE1,,PWRWND004,CO2,2044,,,,,,,,,,,,0.0,,,,,
Scenario1,0,RE1,,PWRWND004,CO2,2045,,,,,,,,,,,,0.0,,,,,
Scenario1,0,RE1,,PWRWND004,CO2,2046,,,,,,,,,,,,0.0,,,,,
Scenario1,0,RE1,,PWRWND004,CO2,2047,,,,,,,,,,,,0.0,,,,,
Scenario1,0,RE1,,PWRWND004,CO2,2048,,,,,,,,,,,,0.0,,,,,
Scenario1,0,RE1,,PWRWND004,CO2,2049,,,,,,,,,,,,0.0,,,,,
Scenario1,0,RE1,,PWRWND004,CO2,2050,,,,,,,,,,,,0.0,,,,,
Scenario1,0,RE1,,PWRWND005,CO2,2019,,,,,,,,,,,,0.0,,,,,
Scenario1,0,RE1,,PWRWND005,CO2,2020,,,,,,,,,,,,0.0,,,,,
Scenario1,0,RE1,,PWRWND005,CO2,2021,,,,,,,,,,,,0.0,,,,,
Scenario1,0,RE1,,PWRWND005,CO2,2022,,,,,,,,,,,,0.0,,,,,
Scenario1,0,RE1,,PWRWND005,CO2,2023,,,,,,,,,,,,0.0,,,,,
Scenario1,0,RE1,,PWRWND005,CO2,2024,,,,,,,,,,,,0.0,,,,,
Scenario1,0,RE1,,PWRWND005,CO2,2025,,,,,,,,,,,,0.0,,,,,
Scenario1,0,RE1,,PWRWND005,CO2,2026,,,,,,,,,,,,0.0,,,,,
Scenario1,0,RE1,,PWRWND005,CO2,2027,,,,,,,,,,,,0.0,,,,,
Scenario1,0,RE1,,PWRWND005,CO2,2028,,,,,,,,,,,,0.0,,,,,
Scenario1,0,RE1,,PWRWND005,CO2,2029,,,,,,,,,,,,0.0,,,,,
Scenario1,0,RE1,,PWRWND005,CO2,2030,,,,,,,,,,,,0.0,,,,,
Scenario1,0,RE1,,PWRWND005,CO2,2031,,,,,,,,,,,,0.0,,,,,
Scenario1,0,RE1,,PWRWND005,CO2,2032,,,,,,,,,,,,0.0,,,,,
Scenario1,0,RE1,,PWRWND005,CO2,2033,,,,,,,,,,,,0.0,,,,,
Scenario1,0,RE1,,PWRWND005,CO2,2034,,,,,,,,,,,,0.0,,,,,
Scenario1,0,RE1,,PWRWND005,CO2,2035,,,,,,,,,,,,0.0,,,,,
Scenario1,0,RE1,,PWRWND005,CO2,2036,,,,,,,,,,,,0.0,,,,,
Scenario1,0,RE1,,PWRWND005,CO2,2037,,,,,,,,,,,,0.0,,,,,
Scenario1,0,RE1,,PWRWND005,CO2,2038,,,,,,,,,,,,0.0,,,,,
Scenario1,0,RE1,,PWRWND005,CO2,2039,,,,,,,,,,,,0.0,,,,,
Scenario1,0,RE1,,PWRWND005,CO2,2040,,,,,,,,,,,,0.0,,,,,
Scenario1,0,RE1,,PWRWND005,CO2,2041,,,,,,,,,,,,0.0,,,,,
Scenario1,0,RE1,,PWRWND005,CO2,2042,,,,,,,,,,,,0.0,,,,,
Scenario1,0,RE1,,PWRWND005,CO2,2043,,,,,,,,,,,,0.0,,,,,
Scenario1,0,RE1,,PWRWND005,CO2,2044,,,,,,,,,,,,0.0,,,,,
Scenario1,0,RE1,,PWRWND005,CO2,2045,,,,,,,,,,,,0.0,,,,,
Scenario1,0,RE1,,PWRWND005,CO2,2046,,,,,,,,,,,,0.0,,,,,
Scenario1,0,RE1,,PWRWND005,CO2,2047,,,,,,,,,,,,0.0,,,,,
Scenario1,0,RE1,,PWRWND005,CO2,2048,,,,,,,,,,,,0.0,,,,,
Scenario1,0,RE1,,PWRWND005,CO2,2049,,,,,,,,,,,,0.0,,,,,
Scenario1,0,RE1,,PWRWND005,CO2,2050,,,,,,,,,,,,0.0,,,,,
Scenario1,0,RE1,,PWRWND006,CO2,2019,,,,,,,,,,,,0.0,,,,,
Scenario1,0,RE1,,PWRWND006,CO2,2020,,,,,,,,,,,,0.0,,,,,
Scenario1,0,RE1,,PWRWND006,CO2,2021,,,,,,,,,,,,0.0,,,,,
Scenario1,0,RE1,,PWRWND006,CO2,2022,,,,,,,,,,,,0.0,,,,,
Scenario1,0,RE1,,PWRWND006,CO2,2023,,,,,,,,,,,,0.0,,,,,
Scenario1,0,RE1,,PWRWND006,CO2,2024,,,,,,,,,,,,0.0,,,,,
Scenario1,0,RE1,,PWRWND006,CO2,2025,,,,,,,,,,,,0.0,,,,,
Scenario1,0,RE1,,PWRWND006,CO2,2026,,,,,,,,,,,,0.0,,,,,
Scenario1,0,RE1,,PWRWND006,CO2,2027,,,,,,,,,,,,0.0,,,,,
Scenario1,0,RE1,,PWRWND006,CO2,2028,,,,,,,,,,,,0.0,,,,,
Scenario1,0,RE1,,PWRWND006,CO2,2029,,,,,,,,,,,,0.0,,,,,
Scenario1,0,RE1,,PWRWND006,CO2,2030,,,,,,,,,,,,0.0,,,,,
Scenario1,0,RE1,,PWRWND006,CO2,2031,,,,,,,,,,,,0.0,,,,,
Scenario1,0,RE1,,PWRWND006,CO2,2032,,,,,,,,,,,,0.0,,,,,
Scenario1,0,RE1,,PWRWND006,CO2,2033,,,,,,,,,,,,0.0,,,,,
Scenario1,0,RE1,,PWRWND006,CO2,2034,,,,,,,,,,,,0.0,,,,,
Scenario1,0,RE1,,PWRWND006,CO2,2035,,,,,,,,,,,,0.0,,,,,
Scenario1,0,RE1,,PWRWND006,CO2,2036,,,,,,,,,,,,0.0,,,,,
Scenario1,0,RE1,,PWRWND006,CO2,2037,,,,,,,,,,,,0.0,,,,,
Scenario1,0,RE1,,PWRWND006,CO2,2038,,,,,,,,,,,,0.0,,,,,
Scenario1,0,RE1,,PWRWND006,CO2,2039,,,,,,,,,,,,0.0,,,,,
Scenario1,0,RE1,,PWRWND006,CO2,2040,,,,,,,,,,,,0.0,,,,,
Scenario1,0,RE1,,PWRWND006,CO2,2041,,,,,,,,,,,,0.0,,,,,
Scenario1,0,RE1,,PWRWND006,CO2,2042,,,,,,,,,,,,0.0,,,,,
Scenario1,0,RE1,,PWRWND006,CO2,2043,,,,,,,,,,,,0.0,,,,,
Scenario1,0,RE1,,PWRWND006,CO2,2044,,,,,,,,,,,,0.0,,,,,
Scenario1,0,RE1,,PWRWND006,CO2,2045,,,,,,,,,,,,0.0,,,,,
Scenario1,0,RE1,,PWRWND006,CO2,2046,,,,,,,,,,,,0.0,,,,,
Scenario1,0,RE1,,PWRWND006,CO2,2047,,,,,,,,,,,,0.0,,,,,
Scenario1,0,RE1,,PWRWND006,CO2,2048,,,,,,,,,,,,0.0,,,,,
Scenario1,0,RE1,,PWRWND006,CO2,2049,,,,,,,,,,,,0.0,,,,,
Scenario1,0,RE1,,PWRWND006,CO2,2050,,,,,,,,,,,,0.0,,,,,
Scenario1,0,RE1,,PWRWND007,CO2,2019,,,,,,,,,,,,0.0,,,,,
Scenario1,0,RE1,,PWRWND007,CO2,2020,,,,,,,,,,,,0.0,,,,,
Scenario1,0,RE1,,PWRWND007,CO2,2021,,,,,,,,,,,,0.0,,,,,
Scenario1,0,RE1,,PWRWND007,CO2,2022,,,,,,,,,,,,0.0,,,,,
Scenario1,0,RE1,,PWRWND007,CO2,2023,,,,,,,,,,,,0.0,,,,,
Scenario1,0,RE1,,PWRWND007,CO2,2024,,,,,,,,,,,,0.0,,,,,
Scenario1,0,RE1,,PWRWND007,CO2,2025,,,,,,,,,,,,0.0,,,,,
Scenario1,0,RE1,,PWRWND007,CO2,2026,,,,,,,,,,,,0.0,,,,,
Scenario1,0,RE1,,PWRWND007,CO2,2027,,,,,,,,,,,,0.0,,,,,
Scenario1,0,RE1,,PWRWND007,CO2,2028,,,,,,,,,,,,0.0,,,,,
Scenario1,0,RE1,,PWRWND007,CO2,2029,,,,,,,,,,,,0.0,,,,,
Scenario1,0,RE1,,PWRWND007,CO2,2030,,,,,,,,,,,,0.0,,,,,
Scenario1,0,RE1,,PWRWND007,CO2,2031,,,,,,,,,,,,0.0,,,,,
Scenario1,0,RE1,,PWRWND007,CO2,2032,,,,,,,,,,,,0.0,,,,,
Scenario1,0,RE1,,PWRWND007,CO2,2033,,,,,,,,,,,,0.0,,,,,
Scenario1,0,RE1,,PWRWND007,CO2,2034,,,,,,,,,,,,0.0,,,,,
Scenario1,0,RE1,,PWRWND007,CO2,2035,,,,,,,,,,,,0.0,,,,,
Scenario1,0,RE1,,PWRWND007,CO2,2036,,,,,,,,,,,,0.0,,,,,
Scenario1,0,RE1,,PWRWND007,CO2,2037,,,,,,,,,,,,0.0,,,,,
Scenario1,0,RE1,,PWRWND007,CO2,2038,,,,,,,,,,,,0.0,,,,,
Scenario1,0,RE1,,PWRWND007,CO2,2039,,,,,,,,,,,,0.0,,,,,
Scenario1,0,RE1,,PWRWND007,CO2,2040,,,,,,,,,,,,0.0,,,,,
Scenario1,0,RE1,,PWRWND007,CO2,2041,,,,,,,,,,,,0.0,,,,,
Scenario1,0,RE1,,PWRWND007,CO2,2042,,,,,,,,,,,,0.0,,,,,
Scenario1,0,RE1,,PWRWND007,CO2,2043,,,,,,,,,,,,0.0,,,,,
Scenario1,0,RE1,,PWRWND007,CO2,2044,,,,,,,,,,,,0.0,,,,,
Scenario1,0,RE1,,PWRWND007,CO2,2045,,,,,,,,,,,,0.0,,,,,
Scenario1,0,RE1,,PWRWND007,CO2,2046,,,,,,,,,,,,0.0,,,,,
Scenario1,0,RE1,,PWRWND007,CO2,2047,,,,,,,,,,,,0.0,,,,,
Scenario1,0,RE1,,PWRWND007,CO2,2048,,,,,,,,,,,,0.0,,,,,
Scenario1,0,RE1,,PWRWND007,CO2,2049,,,,,,,,,,,,0.0,,,,,
Scenario1,0,RE1,,PWRWND007,CO2,2050,,,,,,,,,,,,0.0,,,,,
Scenario1,0,RE1,,PWRWND008,CO2,2019,,,,,,,,,,,,0.0,,,,,
Scenario1,0,RE1,,PWRWND008,CO2,2020,,,,,,,,,,,,0.0,,,,,
Scenario1,0,RE1,,PWRWND008,CO2,2021,,,,,,,,,,,,0.0,,,,,
Scenario1,0,RE1,,PWRWND008,CO2,2022,,,,,,,,,,,,0.0,,,,,
Scenario1,0,RE1,,PWRWND008,CO2,2023,,,,,,,,,,,,0.0,,,,,
Scenario1,0,RE1,,PWRWND008,CO2,2024,,,,,,,,,,,,0.0,,,,,
Scenario1,0,RE1,,PWRWND008,CO2,2025,,,,,,,,,,,,0.0,,,,,
Scenario1,0,RE1,,PWRWND008,CO2,2026,,,,,,,,,,,,0.0,,,,,
Scenario1,0,RE1,,PWRWND008,CO2,2027,,,,,,,,,,,,0.0,,,,,
Scenario1,0,RE1,,PWRWND008,CO2,2028,,,,,,,,,,,,0.0,,,,,
Scenario1,0,RE1,,PWRWND008,CO2,2029,,,,,,,,,,,,0.0,,,,,
Scenario1,0,RE1,,PWRWND008,CO2,2030,,,,,,,,,,,,0.0,,,,,
Scenario1,0,RE1,,PWRWND008,CO2,2031,,,,,,,,,,,,0.0,,,,,
Scenario1,0,RE1,,PWRWND008,CO2,2032,,,,,,,,,,,,0.0,,,,,
Scenario1,0,RE1,,PWRWND008,CO2,2033,,,,,,,,,,,,0.0,,,,,
Scenario1,0,RE1,,PWRWND008,CO2,2034,,,,,,,,,,,,0.0,,,,,
Scenario1,0,RE1,,PWRWND008,CO2,2035,,,,,,,,,,,,0.0,,,,,
Scenario1,0,RE1,,PWRWND008,CO2,2036,,,,,,,,,,,,0.0,,,,,
Scenario1,0,RE1,,PWRWND008,CO2,2037,,,,,,,,,,,,0.0,,,,,
Scenario1,0,RE1,,PWRWND008,CO2,2038,,,,,,,,,,,,0.0,,,,,
Scenario1,0,RE1,,PWRWND008,CO2,2039,,,,,,,,,,,,0.0,,,,,
Scenario1,0,RE1,,PWRWND008,CO2,2040,,,,,,,,,,,,0.0,,,,,
Scenario1,0,RE1,,PWRWND008,CO2,2041,,,,,,,,,,,,0.0,,,,,
Scenario1,0,RE1,,PWRWND008,CO2,2042,,,,,,,,,,,,0.0,,,,,
Scenario1,0,RE1,,PWRWND008,CO2,2043,,,,,,,,,,,,0.0,,,,,
Scenario1,0,RE1,,PWRWND008,CO2,2044,,,,,,,,,,,,0.0,,,,,
Scenario1,0,RE1,,PWRWND008,CO2,2045,,,,,,,,,,,,0.0,,,,,
Scenario1,0,RE1,,PWRWND008,CO2,2046,,,,,,,,,,,,0.0,,,,,
Scenario1,0,RE1,,PWRWND008,CO2,2047,,,,,,,,,,,,0.0,,,,,
Scenario1,0,RE1,,PWRWND008,CO2,2048,,,,,,,,,,,,0.0,,,,,
Scenario1,0,RE1,,PWRWND008,CO2,2049,,,,,,,,,,,,0.0,,,,,
Scenario1,0,RE1,,PWRWND008,CO2,2050,,,,,,,,,,,,0.0,,,,,
Scenario1,0,RE1,,PWRWND009,CO2,2019,,,,,,,,,,,,0.0,,,,,
Scenario1,0,RE1,,PWRWND009,CO2,2020,,,,,,,,,,,,0.0,,,,,
Scenario1,0,RE1,,PWRWND009,CO2,2021,,,,,,,,,,,,0.0,,,,,
Scenario1,0,RE1,,PWRWND009,CO2,2022,,,,,,,,,,,,0.0,,,,,
Scenario1,0,RE1,,PWRWND009,CO2,2023,,,,,,,,,,,,0.0,,,,,
Scenario1,0,RE1,,PWRWND009,CO2,2024,,,,,,,,,,,,0.0,,,,,
Scenario1,0,RE1,,PWRWND009,CO2,2025,,,,,,,,,,,,0.0,,,,,
Scenario1,0,RE1,,PWRWND009,CO2,2026,,,,,,,,,,,,0.0,,,,,
Scenario1,0,RE1,,PWRWND009,CO2,2027,,,,,,,,,,,,0.0,,,,,
Scenario1,0,RE1,,PWRWND009,CO2,2028,,,,,,,,,,,,0.0,,,,,
Scenario1,0,RE1,,PWRWND009,CO2,2029,,,,,,,,,,,,0.0,,,,,
Scenario1,0,RE1,,PWRWND009,CO2,2030,,,,,,,,,,,,0.0,,,,,
Scenario1,0,RE1,,PWRWND009,CO2,2031,,,,,,,,,,,,0.0,,,,,
Scenario1,0,RE1,,PWRWND009,CO2,2032,,,,,,,,,,,,0.0,,,,,
Scenario1,0,RE1,,PWRWND009,CO2,2033,,,,,,,,,,,,0.0,,,,,
Scenario1,0,RE1,,PWRWND009,CO2,2034,,,,,,,,,,,,0.0,,,,,
Scenario1,0,RE1,,PWRWND009,CO2,2035,,,,,,,,,,,,0.0,,,,,
Scenario1,0,RE1,,PWRWND009,CO2,2036,,,,,,,,,,,,0.0,,,,,
Scenario1,0,RE1,,PWRWND009,CO2,2037,,,,,,,,,,,,0.0,,,,,
Scenario1,0,RE1,,PWRWND009,CO2,2038,,,,,,,,,,,,0.0,,,,,
Scenario1,0,RE1,,PWRWND009,CO2,2039,,,,,,,,,,,,0.0,,,,,
Scenario1,0,RE1,,PWRWND009,CO2,2040,,,,,,,,,,,,0.0,,,,,
Scenario1,0,RE1,,PWRWND009,CO2,2041,,,,,,,,,,,,0.0,,,,,
Scenario1,0,RE1,,PWRWND009,CO2,2042,,,,,,,,,,,,0.0,,,,,
Scenario1,0,RE1,,PWRWND009,CO2,2043,,,,,,,,,,,,0.0,,,,,
Scenario1,0,RE1,,PWRWND009,CO2,2044,,,,,,,,,,,,0.0,,,,,
Scenario1,0,RE1,,PWRWND009,CO2,2045,,,,,,,,,,,,0.0,,,,,
Scenario1,0,RE1,,PWRWND009,CO2,2046,,,,,,,,,,,,0.0,,,,,
Scenario1,0,RE1,,PWRWND009,CO2,2047,,,,,,,,,,,,0.0,,,,,
Scenario1,0,RE1,,PWRWND009,CO2,2048,,,,,,,,,,,,0.0,,,,,
Scenario1,0,RE1,,PWRWND009,CO2,2049,,,,,,,,,,,,0.0,,,,,
Scenario1,0,RE1,,PWRWND009,CO2,2050,,,,,,,,,,,,0.0,,,,,
Scenario1,0,RE1,,PWRWND010,CO2,2019,,,,,,,,,,,,0.0,,,,,
Scenario1,0,RE1,,PWRWND010,CO2,2020,,,,,,,,,,,,0.0,,,,,
Scenario1,0,RE1,,PWRWND010,CO2,2021,,,,,,,,,,,,0.0,,,,,
Scenario1,0,RE1,,PWRWND010,CO2,2022,,,,,,,,,,,,0.0,,,,,
Scenario1,0,RE1,,PWRWND010,CO2,2023,,,,,,,,,,,,0.0,,,,,
Scenario1,0,RE1,,PWRWND010,CO2,2024,,,,,,,,,,,,0.0,,,,,
Scenario1,0,RE1,,PWRWND010,CO2,2025,,,,,,,,,,,,0.0,,,,,
Scenario1,0,RE1,,PWRWND010,CO2,2026,,,,,,,,,,,,0.0,,,,,
Scenario1,0,RE1,,PWRWND010,CO2,2027,,,,,,,,,,,,0.0,,,,,
Scenario1,0,RE1,,PWRWND010,CO2,2028,,,,,,,,,,,,0.0,,,,,
Scenario1,0,RE1,,PWRWND010,CO2,2029,,,,,,,,,,,,0.0,,,,,
Scenario1,0,RE1,,PWRWND010,CO2,2030,,,,,,,,,,,,0.0,,,,,
Scenario1,0,RE1,,PWRWND010,CO2,2031,,,,,,,,,,,,0.0,,,,,
Scenario1,0,RE1,,PWRWND010,CO2,2032,,,,,,,,,,,,0.0,,,,,
Scenario1,0,RE1,,PWRWND010,CO2,2033,,,,,,,,,,,,0.0,,,,,
Scenario1,0,RE1,,PWRWND010,CO2,2034,,,,,,,,,,,,0.0,,,,,
Scenario1,0,RE1,,PWRWND010,CO2,2035,,,,,,,,,,,,0.0,,,,,
Scenario1,0,RE1,,PWRWND010,CO2,2036,,,,,,,,,,,,0.0,,,,,
Scenario1,0,RE1,,PWRWND010,CO2,2037,,,,,,,,,,,,0.0,,,,,
Scenario1,0,RE1,,PWRWND010,CO2,2038,,,,,,,,,,,,0.0,,,,,
Scenario1,0,RE1,,PWRWND010,CO2,2039,,,,,,,,,,,,0.0,,,,,
Scenario1,0,RE1,,PWRWND010,CO2,2040,,,,,,,,,,,,0.0,,,,,
Scenario1,0,RE1,,PWRWND010,CO2,2041,,,,,,,,,,,,0.0,,,,,
Scenario1,0,RE1,,PWRWND010,CO2,2042,,,,,,,,,,,,0.0,,,,,
Scenario1,0,RE1,,PWRWND010,CO2,2043,,,,,,,,,,,,0.0,,,,,
Scenario1,0,RE1,,PWRWND010,CO2,2044,,,,,,,,,,,,0.0,,,,,
Scenario1,0,RE1,,PWRWND010,CO2,2045,,,,,,,,,,,,0.0,,,,,
Scenario1,0,RE1,,PWRWND010,CO2,2046,,,,,,,,,,,,0.0,,,,,
Scenario1,0,RE1,,PWRWND010,CO2,2047,,,,,,,,,,,,0.0,,,,,
Scenario1,0,RE1,,PWRWND010,CO2,2048,,,,,,,,,,,,0.0,,,,,
Scenario1,0,RE1,,PWRWND010,CO2,2049,,,,,,,,,,,,0.0,,,,,
Scenario1,0,RE1,,PWRWND010,CO2,2050,,,,,,,,,,,,0.0,,,,,
Scenario1,0,RE1,,PWRWND011,CO2,2019,,,,,,,,,,,,0.0,,,,,
Scenario1,0,RE1,,PWRWND011,CO2,2020,,,,,,,,,,,,0.0,,,,,
Scenario1,0,RE1,,PWRWND011,CO2,2021,,,,,,,,,,,,0.0,,,,,
Scenario1,0,RE1,,PWRWND011,CO2,2022,,,,,,,,,,,,0.0,,,,,
Scenario1,0,RE1,,PWRWND011,CO2,2023,,,,,,,,,,,,0.0,,,,,
Scenario1,0,RE1,,PWRWND011,CO2,2024,,,,,,,,,,,,0.0,,,,,
Scenario1,0,RE1,,PWRWND011,CO2,2025,,,,,,,,,,,,0.0,,,,,
Scenario1,0,RE1,,PWRWND011,CO2,2026,,,,,,,,,,,,0.0,,,,,
Scenario1,0,RE1,,PWRWND011,CO2,2027,,,,,,,,,,,,0.0,,,,,
Scenario1,0,RE1,,PWRWND011,CO2,2028,,,,,,,,,,,,0.0,,,,,
Scenario1,0,RE1,,PWRWND011,CO2,2029,,,,,,,,,,,,0.0,,,,,
Scenario1,0,RE1,,PWRWND011,CO2,2030,,,,,,,,,,,,0.0,,,,,
Scenario1,0,RE1,,PWRWND011,CO2,2031,,,,,,,,,,,,0.0,,,,,
Scenario1,0,RE1,,PWRWND011,CO2,2032,,,,,,,,,,,,0.0,,,,,
Scenario1,0,RE1,,PWRWND011,CO2,2033,,,,,,,,,,,,0.0,,,,,
Scenario1,0,RE1,,PWRWND011,CO2,2034,,,,,,,,,,,,0.0,,,,,
Scenario1,0,RE1,,PWRWND011,CO2,2035,,,,,,,,,,,,0.0,,,,,
Scenario1,0,RE1,,PWRWND011,CO2,2036,,,,,,,,,,,,0.0,,,,,
Scenario1,0,RE1,,PWRWND011,CO2,2037,,,,,,,,,,,,0.0,,,,,
Scenario1,0,RE1,,PWRWND011,CO2,2038,,,,,,,,,,,,0.0,,,,,
Scenario1,0,RE1,,PWRWND011,CO2,2039,,,,,,,,,,,,0.0,,,,,
Scenario1,0,RE1,,PWRWND011,CO2,2040,,,,,,,,,,,,0.0,,,,,
Scenario1,0,RE1,,PWRWND011,CO2,2041,,,,,,,,,,,,0.0,,,,,
Scenario1,0,RE1,,PWRWND011,CO2,2042,,,,,,,,,,,,0.0,,,,,
Scenario1,0,RE1,,PWRWND011,CO2,2043,,,,,,,,,,,,0.0,,,,,
Scenario1,0,RE1,,PWRWND011,CO2,2044,,,,,,,,,,,,0.0,,,,,
Scenario1,0,RE1,,PWRWND011,CO2,2045,,,,,,,,,,,,0.0,,,,,
Scenario1,0,RE1,,PWRWND011,CO2,2046,,,,,,,,,,,,0.0,,,,,
Scenario1,0,RE1,,PWRWND011,CO2,2047,,,,,,,,,,,,0.0,,,,,
Scenario1,0,RE1,,PWRWND011,CO2,2048,,,,,,,,,,,,0.0,,,,,
Scenario1,0,RE1,,PWRWND011,CO2,2049,,,,,,,,,,,,0.0,,,,,
Scenario1,0,RE1,,PWRWND011,CO2,2050,,,,,,,,,,,,0.0,,,,,
Scenario1,0,RE1,,BACKSTOP,,2019,,,,,,,,,,,,,0.0,,,,
Scenario1,0,RE1,,BACKSTOP,,2020,,,,,,,,,,,,,0.0,,,,
Scenario1,0,RE1,,BACKSTOP,,2021,,,,,,,,,,,,,0.0,,,,
Scenario1,0,RE1,,BACKSTOP,,2022,,,,,,,,,,,,,0.0,,,,
Scenario1,0,RE1,,BACKSTOP,,2023,,,,,,,,,,,,,0.0,,,,
Scenario1,0,RE1,,BACKSTOP,,2024,,,,,,,,,,,,,0.0,,,,
Scenario1,0,RE1,,BACKSTOP,,2025,,,,,,,,,,,,,0.0,,,,
Scenario1,0,RE1,,BACKSTOP,,2026,,,,,,,,,,,,,0.0,,,,
Scenario1,0,RE1,,BACKSTOP,,2027,,,,,,,,,,,,,0.0,,,,
Scenario1,0,RE1,,BACKSTOP,,2028,,,,,,,,,,,,,0.0,,,,
Scenario1,0,RE1,,BACKSTOP,,2029,,,,,,,,,,,,,0.0,,,,
Scenario1,0,RE1,,BACKSTOP,,2030,,,,,,,,,,,,,0.0,,,,
Scenario1,0,RE1,,BACKSTOP,,2031,,,,,,,,,,,,,0.0,,,,
Scenario1,0,RE1,,BACKSTOP,,2032,,,,,,,,,,,,,0.0,,,,
Scenario1,0,RE1,,BACKSTOP,,2033,,,,,,,,,,,,,0.0,,,,
Scenario1,0,RE1,,BACKSTOP,,2034,,,,,,,,,,,,,0.0,,,,
Scenario1,0,RE1,,BACKSTOP,,2035,,,,,,,,,,,,,0.0,,,,
Scenario1,0,RE1,,BACKSTOP,,2036,,,,,,,,,,,,,0.0,,,,
Scenario1,0,RE1,,BACKSTOP,,2037,,,,,,,,,,,,,0.0,,,,
Scenario1,0,RE1,,BACKSTOP,,2038,,,,,,,,,,,,,0.0,,,,
Scenario1,0,RE1,,BACKSTOP,,2039,,,,,,,,,,,,,0.0,,,,
Scenario1,0,RE1,,BACKSTOP,,2040,,,,,,,,,,,,,0.0,,,,
Scenario1,0,RE1,,BACKSTOP,,2041,,,,,,,,,,,,,0.0,,,,
Scenario1,0,RE1,,BACKSTOP,,2042,,,,,,,,,,,,,0.0,,,,
Scenario1,0,RE1,,BACKSTOP,,2043,,,,,,,,,,,,,0.0,,,,
Scenario1,0,RE1,,BACKSTOP,,2044,,,,,,,,,,,,,0.0,,,,
Scenario1,0,RE1,,BACKSTOP,,2045,,,,,,,,,,,,,0.0,,,,
Scenario1,0,RE1,,BACKSTOP,,2046,,,,,,,,,,,,,0.0,,,,
Scenario1,0,RE1,,BACKSTOP,,2047,,,,,,,,,,,,,0.0,,,,
Scenario1,0,RE1,,BACKSTOP,,2048,,,,,,,,,,,,,0.0,,,,
Scenario1,0,RE1,,BACKSTOP,,2049,,,,,,,,,,,,,0.0,,,,
Scenario1,0,RE1,,BACKSTOP,,2050,,,,,,,,,,,,,0.0,,,,
Scenario1,0,RE1,,BESS_TECH,,2019,,,,,,,,,,,,,0.0,,,,
Scenario1,0,RE1,,BESS_TECH,,2020,,,,,,,,,,,,,0.0,,,,
Scenario1,0,RE1,,BESS_TECH,,2021,,,,,,,,,,,,,0.0,,,,
Scenario1,0,RE1,,BESS_TECH,,2022,,,,,,,,,,,,,0.0,,,,
Scenario1,0,RE1,,BESS_TECH,,2023,,,,,,,,,,,,,0.0,,,,
Scenario1,0,RE1,,BESS_TECH,,2024,,,,,,,,,,,,,0.000315296928,,,,
Scenario1,0,RE1,,BESS_TECH,,2025,,,,,,,,,,,,,0.0006717966204739,,,,
Scenario1,0,RE1,,BESS_TECH,,2026,,,,,,,,,,,,,0.0008808881077409,,,,
Scenario1,0,RE1,,BESS_TECH,,2027,,,,,,,,,,,,,0.0012641109533977,,,,
Scenario1,0,RE1,,BESS_TECH,,2028,,,,,,,,,,,,,0.0014768501576473,,,,
Scenario1,0,RE1,,BESS_TECH,,2029,,,,,,,,,,,,,0.0014371904604913,,,,
Scenario1,0,RE1,,BESS_TECH,,2030,,,,,,,,,,,,,0.0014049933869749,,,,
Scenario1,0,RE1,,BESS_TECH,,2031,,,,,,,,,,,,,0.0011070717442093,,,,
Scenario1,0,RE1,,BESS_TECH,,2032,,,,,,,,,,,,,0.0009230300920317,,,,
Scenario1,0,RE1,,BESS_TECH,,2033,,,,,,,,,,,,,0.000837781951435,,,,
Scenario1,0,RE1,,BESS_TECH,,2034,,,,,,,,,,,,,0.0008502475727485,,,,
Scenario1,0,RE1,,BESS_TECH,,2035,,,,,,,,,,,,,0.000920503520566,,,,
Scenario1,0,RE1,,BESS_TECH,,2036,,,,,,,,,,,,,0.0009841037423724,,,,
Scenario1,0,RE1,,BESS_TECH,,2037,,,,,,,,,,,,,0.0010443536628523,,,,
Scenario1,0,RE1,,BESS_TECH,,2038,,,,,,,,,,,,,0.0011142318849406,,,,
Scenario1,0,RE1,,BESS_TECH,,2039,,,,,,,,,,,,,0.0011912829321938,,,,
Scenario1,0,RE1,,BESS_TECH,,2040,,,,,,,,,,,,,0.0012625496667951,,,,
Scenario1,0,RE1,,BESS_TECH,,2041,,,,,,,,,,,,,0.0014325166150082,,,,
Scenario1,0,RE1,,BESS_TECH,,2042,,,,,,,,,,,,,0.0015113805309991,,,,
Scenario1,0,RE1,,BESS_TECH,,2043,,,,,,,,,,,,,0.0015919196805793,,,,
Scenario1,0,RE1,,BESS_TECH,,2044,,,,,,,,,,,,,0.0016715576098307,,,,
Scenario1,0,RE1,,BESS_TECH,,2045,,,,,,,,,,,,,0.0016027992006715,,,,
Scenario1,0,RE1,,BESS_TECH,,2046,,,,,,,,,,,,,0.0016894346626347,,,,
Scenario1,0,RE1,,BESS_TECH,,2047,,,,,,,,,,,,,0.0018504790196964,,,,
Scenario1,0,RE1,,BESS_TECH,,2048,,,,,,,,,,,,,0.0020127802608228,,,,
Scenario1,0,RE1,,BESS_TECH,,2049,,,,,,,,,,,,,0.002136429973063,,,,
Scenario1,0,RE1,,BESS_TECH,,2050,,,,,,,,,,,,,0.0022667235430115,,,,
Scenario1,0,RE1,,DEMCOMELC,,2019,,,,,,,,,,,,,0.0006259099999999,,,,
Scenario1,0,RE1,,DEMCOMELC,,2020,,,,,,,,,,,,,0.00063686,,,,
Scenario1,0,RE1,,DEMCOMELC,,2021,,,,,,,,,,,,,0.00066578,,,,
Scenario1,0,RE1,,DEMCOMELC,,2022,,,,,,,,,,,,,0.00068802,,,,
Scenario1,0,RE1,,DEMCOMELC,,2023,,,,,,,,,,,,,0.0007090299999999,,,,
Scenario1,0,RE1,,DEMCOMELC,,2024,,,,,,,,,,,,,0.00073334,,,,
Scenario1,0,RE1,,DEMCOMELC,,2025,,,,,,,,,,,,,0.0007598199999999,,,,
Scenario1,0,RE1,,DEMCOMELC,,2026,,,,,,,,,,,,,0.0007876699999999,,,,
Scenario1,0,RE1,,DEMCOMELC,,2027,,,,,,,,,,,,,0.00083311,,,,
Scenario1,0,RE1,,DEMCOMELC,,2028,,,,,,,,,,,,,0.00088136,,,,
Scenario1,0,RE1,,DEMCOMELC,,2029,,,,,,,,,,,,,0.00093642,,,,
Scenario1,0,RE1,,DEMCOMELC,,2030,,,,,,,,,,,,,0.00099556,,,,
Scenario1,0,RE1,,DEMCOMELC,,2031,,,,,,,,,,,,,0.00105109,,,,
Scenario1,0,RE1,,DEMCOMELC,,2032,,,,,,,,,,,,,0.00111262,,,,
Scenario1,0,RE1,,DEMCOMELC,,2033,,,,,,,,,,,,,0.0011751199999999,,,,
Scenario1,0,RE1,,DEMCOMELC,,2034,,,,,,,,,,,,,0.00124181,,,,
Scenario1,0,RE1,,DEMCOMELC,,2035,,,,,,,,,,,,,0.00131193,,,,
Scenario1,0,RE1,,DEMCOMELC,,2036,,,,,,,,,,,,,0.00138332,,,,
Scenario1,0,RE1,,DEMCOMELC,,2037,,,,,,,,,,,,,0.0014634999999999,,,,
Scenario1,0,RE1,,DEMCOMELC,,2038,,,,,,,,,,,,,0.00154715,,,,
Scenario1,0,RE1,,DEMCOMELC,,2039,,,,,,,,,,,,,0.0016358799999999,,,,
Scenario1,0,RE1,,DEMCOMELC,,2040,,,,,,,,,,,,,0.00172992,,,,
Scenario1,0,RE1,,DEMCOMELC,,2041,,,,,,,,,,,,,0.0018291299999999,,,,
Scenario1,0,RE1,,DEMCOMELC,,2042,,,,,,,,,,,,,0.00193223,,,,
Scenario1,0,RE1,,DEMCOMELC,,2043,,,,,,,,,,,,,0.00204209,,,,
Scenario1,0,RE1,,DEMCOMELC,,2044,,,,,,,,,,,,,0.0021582,,,,
Scenario1,0,RE1,,DEMCOMELC,,2045,,,,,,,,,,,,,0.00228091,,,,
Scenario1,0,RE1,,DEMCOMELC,,2046,,,,,,,,,,,,,0.0024105899999999,,,,
Scenario1,0,RE1,,DEMCOMELC,,2047,,,,,,,,,,,,,0.00254765,,,,
Scenario1,0,RE1,,DEMCOMELC,,2048,,,,,,,,,,,,,0.00269251,,,,
Scenario1,0,RE1,,DEMCOMELC,,2049,,,,,,,,,,,,,0.0028456,,,,
Scenario1,0,RE1,,DEMCOMELC,,2050,,,,,,,,,,,,,0.00300739,,,,
Scenario1,0,RE1,,DEMINDELC,,2019,,,,,,,,,,,,,0.00215631,,,,
Scenario1,0,RE1,,DEMINDELC,,2020,,,,,,,,,,,,,0.00219401,,,,
Scenario1,0,RE1,,DEMINDELC,,2021,,,,,,,,,,,,,0.00229364,,,,
Scenario1,0,RE1,,DEMINDELC,,2022,,,,,,,,,,,,,0.0023702699999999,,,,
Scenario1,0,RE1,,DEMINDELC,,2023,,,,,,,,,,,,,0.00244266,,,,
Scenario1,0,RE1,,DEMINDELC,,2024,,,,,,,,,,,,,0.0025264,,,,
Scenario1,0,RE1,,DEMINDELC,,2025,,,,,,,,,,,,,0.0026176299999999,,,,
Scenario1,0,RE1,,DEMINDELC,,2026,,,,,,,,,,,,,0.00271356,,,,
Scenario1,0,RE1,,DEMINDELC,,2027,,,,,,,,,,,,,0.0028701199999999,,,,
Scenario1,0,RE1,,DEMINDELC,,2028,,,,,,,,,,,,,0.00303634,,,,
Scenario1,0,RE1,,DEMINDELC,,2029,,,,,,,,,,,,,0.00322602,,,,
Scenario1,0,RE1,,DEMINDELC,,2030,,,,,,,,,,,,,0.0034297499999999,,,,
Scenario1,0,RE1,,DEMINDELC,,2031,,,,,,,,,,,,,0.00362108,,,,
Scenario1,0,RE1,,DEMINDELC,,2032,,,,,,,,,,,,,0.00383305,,,,
Scenario1,0,RE1,,DEMINDELC,,2033,,,,,,,,,,,,,0.00404834,,,,
Scenario1,0,RE1,,DEMINDELC,,2034,,,,,,,,,,,,,0.0042781,,,,
Scenario1,0,RE1,,DEMINDELC,,2035,,,,,,,,,,,,,0.00451967,,,,
Scenario1,0,RE1,,DEMINDELC,,2036,,,,,,,,,,,,,0.00476561,,,,
Scenario1,0,RE1,,DEMINDELC,,2037,,,,,,,,,,,,,0.00504182,,,,
Scenario1,0,RE1,,DEMINDELC,,2038,,,,,,,,,,,,,0.00533002,,,,
Scenario1,0,RE1,,DEMINDELC,,2039,,,,,,,,,,,,,0.00563569,,,,
Scenario1,0,RE1,,DEMINDELC,,2040,,,,,,,,,,,,,0.0059596499999999,,,,
Scenario1,0,RE1,,DEMINDELC,,2041,,,,,,,,,,,,,0.00630147,,,,
Scenario1,0,RE1,,DEMINDELC,,2042,,,,,,,,,,,,,0.0066566199999999,,,,
Scenario1,0,RE1,,DEMINDELC,,2043,,,,,,,,,,,,,0.0070351099999999,,,,
Scenario1,0,RE1,,DEMINDELC,,2044,,,,,,,,,,,,,0.0074350999999999,,,,
Scenario1,0,RE1,,DEMINDELC,,2045,,,,,,,,,,,,,0.00785785,,,,
Scenario1,0,RE1,,DEMINDELC,,2046,,,,,,,,,,,,,0.0083046299999999,,,,
Scenario1,0,RE1,,DEMINDELC,,2047,,,,,,,,,,,,,0.00877681,,,,
Scenario1,0,RE1,,DEMINDELC,,2048,,,,,,,,,,,,,0.00927584,,,,
Scenario1,0,RE1,,DEMINDELC,,2049,,,,,,,,,,,,,0.0098032399999999,,,,
Scenario1,0,RE1,,DEMINDELC,,2050,,,,,,,,,,,,,0.01036063,,,,
Scenario1,0,RE1,,DEMRESELC,,2019,,,,,,,,,,,,,0.0013790699999999,,,,
Scenario1,0,RE1,,DEMRESELC,,2020,,,,,,,,,,,,,0.0014031799999999,,,,
Scenario1,0,RE1,,DEMRESELC,,2021,,,,,,,,,,,,,0.0014669,,,,
Scenario1,0,RE1,,DEMRESELC,,2022,,,,,,,,,,,,,0.0015159099999999,,,,
Scenario1,0,RE1,,DEMRESELC,,2023,,,,,,,,,,,,,0.00156221,,,,
Scenario1,0,RE1,,DEMRESELC,,2024,,,,,,,,,,,,,0.00161577,,,,
Scenario1,0,RE1,,DEMRESELC,,2025,,,,,,,,,,,,,0.0016741099999999,,,,
Scenario1,0,RE1,,DEMRESELC,,2026,,,,,,,,,,,,,0.00173547,,,,
Scenario1,0,RE1,,DEMRESELC,,2027,,,,,,,,,,,,,0.0018356,,,,
Scenario1,0,RE1,,DEMRESELC,,2028,,,,,,,,,,,,,0.0019418999999999,,,,
Scenario1,0,RE1,,DEMRESELC,,2029,,,,,,,,,,,,,0.00206321,,,,
Scenario1,0,RE1,,DEMRESELC,,2030,,,,,,,,,,,,,0.0021935099999999,,,,
Scenario1,0,RE1,,DEMRESELC,,2031,,,,,,,,,,,,,0.0023158699999999,,,,
Scenario1,0,RE1,,DEMRESELC,,2032,,,,,,,,,,,,,0.00245144,,,,
Scenario1,0,RE1,,DEMRESELC,,2033,,,,,,,,,,,,,0.00258913,,,,
Scenario1,0,RE1,,DEMRESELC,,2034,,,,,,,,,,,,,0.0027360699999999,,,,
Scenario1,0,RE1,,DEMRESELC,,2035,,,,,,,,,,,,,0.0028905699999999,,,,
Scenario1,0,RE1,,DEMRESELC,,2036,,,,,,,,,,,,,0.00304786,,,,
Scenario1,0,RE1,,DEMRESELC,,2037,,,,,,,,,,,,,0.0032245099999999,,,,
Scenario1,0,RE1,,DEMRESELC,,2038,,,,,,,,,,,,,0.0034088299999999,,,,
Scenario1,0,RE1,,DEMRESELC,,2039,,,,,,,,,,,,,0.00360432,,,,
Scenario1,0,RE1,,DEMRESELC,,2040,,,,,,,,,,,,,0.00381152,,,,
Scenario1,0,RE1,,DEMRESELC,,2041,,,,,,,,,,,,,0.00403012,,,,
Scenario1,0,RE1,,DEMRESELC,,2042,,,,,,,,,,,,,0.00425727,,,,
Scenario1,0,RE1,,DEMRESELC,,2043,,,,,,,,,,,,,0.00449933,,,,
Scenario1,0,RE1,,DEMRESELC,,2044,,,,,,,,,,,,,0.0047551499999999,,,,
Scenario1,0,RE1,,DEMRESELC,,2045,,,,,,,,,,,,,0.00502551,,,,
Scenario1,0,RE1,,DEMRESELC,,2046,,,,,,,,,,,,,0.00531125,,,,
Scenario1,0,RE1,,DEMRESELC,,2047,,,,,,,,,,,,,0.0056132399999999,,,,
Scenario1,0,RE1,,DEMRESELC,,2048,,,,,,,,,,,,,0.0059323899999999,,,,
Scenario1,0,RE1,,DEMRESELC,,2049,,,,,,,,,,,,,0.0062697,,,,
Scenario1,0,RE1,,DEMRESELC,,2050,,,,,,,,,,,,,0.0066261799999999,,,,
Scenario1,0,RE1,,EXPELC,,2019,,,,,,,,,,,,,0.0,,,,
Scenario1,0,RE1,,EXPELC,,2020,,,,,,,,,,,,,0.0,,,,
Scenario1,0,RE1,,EXPELC,,2021,,,,,,,,,,,,,0.0,,,,
Scenario1,0,RE1,,EXPELC,,2022,,,,,,,,,,,,,0.0,,,,
Scenario1,0,RE1,,EXPELC,,2023,,,,,,,,,,,,,0.0,,,,
Scenario1,0,RE1,,EXPELC,,2024,,,,,,,,,,,,,0.0,,,,
Scenario1,0,RE1,,EXPELC,,2025,,,,,,,,,,,,,0.0,,,,
Scenario1,0,RE1,,EXPELC,,2026,,,,,,,,,,,,,0.0,,,,
Scenario1,0,RE1,,EXPELC,,2027,,,,,,,,,,,,,0.0,,,,
Scenario1,0,RE1,,EXPELC,,2028,,,,,,,,,,,,,0.0,,,,
Scenario1,0,RE1,,EXPELC,,2029,,,,,,,,,,,,,0.0,,,,
Scenario1,0,RE1,,EXPELC,,2030,,,,,,,,,,,,,0.0,,,,
Scenario1,0,RE1,,EXPELC,,2031,,,,,,,,,,,,,0.0,,,,
Scenario1,0,RE1,,EXPELC,,2032,,,,,,,,,,,,,0.0,,,,
Scenario1,0,RE1,,EXPELC,,2033,,,,,,,,,,,,,0.0,,,,
Scenario1,0,RE1,,EXPELC,,2034,,,,,,,,,,,,,0.0,,,,
Scenario1,0,RE1,,EXPELC,,2035,,,,,,,,,,,,,0.0,,,,
Scenario1,0,RE1,,EXPELC,,2036,,,,,,,,,,,,,0.0,,,,
Scenario1,0,RE1,,EXPELC,,2037,,,,,,,,,,,,,0.0,,,,
Scenario1,0,RE1,,EXPELC,,2038,,,,,,,,,,,,,0.0,,,,
Scenario1,0,RE1,,EXPELC,,2039,,,,,,,,,,,,,0.0,,,,
Scenario1,0,RE1,,EXPELC,,2040,,,,,,,,,,,,,0.0,,,,
Scenario1,0,RE1,,EXPELC,,2041,,,,,,,,,,,,,0.0,,,,
Scenario1,0,RE1,,EXPELC,,2042,,,,,,,,,,,,,0.0,,,,
Scenario1,0,RE1,,EXPELC,,2043,,,,,,,,,,,,,0.0,,,,
Scenario1,0,RE1,,EXPELC,,2044,,,,,,,,,,,,,0.0,,,,
Scenario1,0,RE1,,EXPELC,,2045,,,,,,,,,,,,,0.0,,,,
Scenario1,0,RE1,,EXPELC,,2046,,,,,,,,,,,,,0.0,,,,
Scenario1,0,RE1,,EXPELC,,2047,,,,,,,,,,,,,0.0,,,,
Scenario1,0,RE1,,EXPELC,,2048,,,,,,,,,,,,,0.0,,,,
Scenario1,0,RE1,,EXPELC,,2049,,,,,,,,,,,,,0.0,,,,
Scenario1,0,RE1,,EXPELC,,2050,,,,,,,,,,,,,0.0,,,,
Scenario1,0,RE1,,IMPBIO,,2019,,,,,,,,,,,,,0.0,,,,
Scenario1,0,RE1,,IMPBIO,,2020,,,,,,,,,,,,,0.0,,,,
Scenario1,0,RE1,,IMPBIO,,2021,,,,,,,,,,,,,0.0,,,,
Scenario1,0,RE1,,IMPBIO,,2022,,,,,,,,,,,,,0.0,,,,
Scenario1,0,RE1,,IMPBIO,,2023,,,,,,,,,,,,,0.0,,,,
Scenario1,0,RE1,,IMPBIO,,2024,,,,,,,,,,,,,0.0,,,,
Scenario1,0,RE1,,IMPBIO,,2025,,,,,,,,,,,,,0.0,,,,
Scenario1,0,RE1,,IMPBIO,,2026,,,,,,,,,,,,,0.0,,,,
Scenario1,0,RE1,,IMPBIO,,2027,,,,,,,,,,,,,0.0,,,,
Scenario1,0,RE1,,IMPBIO,,2028,,,,,,,,,,,,,0.0,,,,
Scenario1,0,RE1,,IMPBIO,,2029,,,,,,,,,,,,,0.0,,,,
Scenario1,0,RE1,,IMPBIO,,2030,,,,,,,,,,,,,0.0,,,,
Scenario1,0,RE1,,IMPBIO,,2031,,,,,,,,,,,,,0.0,,,,
Scenario1,0,RE1,,IMPBIO,,2032,,,,,,,,,,,,,0.0,,,,
Scenario1,0,RE1,,IMPBIO,,2033,,,,,,,,,,,,,0.0,,,,
Scenario1,0,RE1,,IMPBIO,,2034,,,,,,,,,,,,,0.0,,,,
Scenario1,0,RE1,,IMPBIO,,2035,,,,,,,,,,,,,0.0,,,,
Scenario1,0,RE1,,IMPBIO,,2036,,,,,,,,,,,,,0.0,,,,
Scenario1,0,RE1,,IMPBIO,,2037,,,,,,,,,,,,,0.0,,,,
Scenario1,0,RE1,,IMPBIO,,2038,,,,,,,,,,,,,0.0,,,,
Scenario1,0,RE1,,IMPBIO,,2039,,,,,,,,,,,,,0.0,,,,
Scenario1,0,RE1,,IMPBIO,,2040,,,,,,,,,,,,,0.0,,,,
Scenario1,0,RE1,,IMPBIO,,2041,,,,,,,,,,,,,0.0,,,,
Scenario1,0,RE1,,IMPBIO,,2042,,,,,,,,,,,,,0.0,,,,
Scenario1,0,RE1,,IMPBIO,,2043,,,,,,,,,,,,,0.0,,,,
Scenario1,0,RE1,,IMPBIO,,2044,,,,,,,,,,,,,0.0,,,,
Scenario1,0,RE1,,IMPBIO,,2045,,,,,,,,,,,,,0.0,,,,
Scenario1,0,RE1,,IMPBIO,,2046,,,,,,,,,,,,,0.0,,,,
Scenario1,0,RE1,,IMPBIO,,2047,,,,,,,,,,,,,0.0,,,,
Scenario1,0,RE1,,IMPBIO,,2048,,,,,,,,,,,,,0.0,,,,
Scenario1,0,RE1,,IMPBIO,,2049,,,,,,,,,,,,,0.0,,,,
Scenario1,0,RE1,,IMPBIO,,2050,,,,,,,,,,,,,0.0,,,,
Scenario1,0,RE1,,IMPCOA,,2019,,,,,,,,,,,,,0.0,,,,
Scenario1,0,RE1,,IMPCOA,,2020,,,,,,,,,,,,,0.0,,,,
Scenario1,0,RE1,,IMPCOA,,2021,,,,,,,,,,,,,0.0,,,,
Scenario1,0,RE1,,IMPCOA,,2022,,,,,,,,,,,,,0.0,,,,
Scenario1,0,RE1,,IMPCOA,,2023,,,,,,,,,,,,,0.0,,,,
Scenario1,0,RE1,,IMPCOA,,2024,,,,,,,,,,,,,0.0,,,,
Scenario1,0,RE1,,IMPCOA,,2025,,,,,,,,,,,,,0.0,,,,
Scenario1,0,RE1,,IMPCOA,,2026,,,,,,,,,,,,,0.0,,,,
Scenario1,0,RE1,,IMPCOA,,2027,,,,,,,,,,,,,0.0,,,,
Scenario1,0,RE1,,IMPCOA,,2028,,,,,,,,,,,,,0.0,,,,
Scenario1,0,RE1,,IMPCOA,,2029,,,,,,,,,,,,,0.0,,,,
Scenario1,0,RE1,,IMPCOA,,2030,,,,,,,,,,,,,0.0,,,,
Scenario1,0,RE1,,IMPCOA,,2031,,,,,,,,,,,,,0.0,,,,
Scenario1,0,RE1,,IMPCOA,,2032,,,,,,,,,,,,,0.0,,,,
Scenario1,0,RE1,,IMPCOA,,2033,,,,,,,,,,,,,0.0,,,,
Scenario1,0,RE1,,IMPCOA,,2034,,,,,,,,,,,,,0.0,,,,
Scenario1,0,RE1,,IMPCOA,,2035,,,,,,,,,,,,,0.0,,,,
Scenario1,0,RE1,,IMPCOA,,2036,,,,,,,,,,,,,0.0,,,,
Scenario1,0,RE1,,IMPCOA,,2037,,,,,,,,,,,,,0.0,,,,
Scenario1,0,RE1,,IMPCOA,,2038,,,,,,,,,,,,,0.0,,,,
Scenario1,0,RE1,,IMPCOA,,2039,,,,,,,,,,,,,0.0,,,,
Scenario1,0,RE1,,IMPCOA,,2040,,,,,,,,,,,,,0.0,,,,
Scenario1,0,RE1,,IMPCOA,,2041,,,,,,,,,,,,,0.0,,,,
Scenario1,0,RE1,,IMPCOA,,2042,,,,,,,,,,,,,0.0,,,,
Scenario1,0,RE1,,IMPCOA,,2043,,,,,,,,,,,,,0.0,,,,
Scenario1,0,RE1,,IMPCOA,,2044,,,,,,,,,,,,,0.0,,,,
Scenario1,0,RE1,,IMPCOA,,2045,,,,,,,,,,,,,0.0,,,,
Scenario1,0,RE1,,IMPCOA,,2046,,,,,,,,,,,,,0.0,,,,
Scenario1,0,RE1,,IMPCOA,,2047,,,,,,,,,,,,,0.0,,,,
Scenario1,0,RE1,,IMPCOA,,2048,,,,,,,,,,,,,0.0,,,,
Scenario1,0,RE1,,IMPCOA,,2049,,,,,,,,,,,,,0.0,,,,
Scenario1,0,RE1,,IMPCOA,,2050,,,,,,,,,,,,,0.0,,,,
Scenario1,0,RE1,,IMPELC001,,2019,,,,,,,,,,,,,0.0,,,,
Scenario1,0,RE1,,IMPELC001,,2020,,,,,,,,,,,,,0.0,,,,
Scenario1,0,RE1,,IMPELC001,,2021,,,,,,,,,,,,,0.0,,,,
Scenario1,0,RE1,,IMPELC001,,2022,,,,,,,,,,,,,56.42820454082161,,,,
Scenario1,0,RE1,,IMPELC001,,2023,,,,,,,,,,,,,56.37383382308187,,,,
Scenario1,0,RE1,,IMPELC001,,2024,,,,,,,,,,,,,64.54930586921769,,,,
Scenario1,0,RE1,,IMPELC001,,2025,,,,,,,,,,,,,0.0,,,,
Scenario1,0,RE1,,IMPELC001,,2026,,,,,,,,,,,,,0.0,,,,
Scenario1,0,RE1,,IMPELC001,,2027,,,,,,,,,,,,,0.0,,,,
Scenario1,0,RE1,,IMPELC001,,2028,,,,,,,,,,,,,0.0,,,,
Scenario1,0,RE1,,IMPELC001,,2029,,,,,,,,,,,,,0.0,,,,
Scenario1,0,RE1,,IMPELC001,,2030,,,,,,,,,,,,,0.0,,,,
Scenario1,0,RE1,,IMPELC001,,2031,,,,,,,,,,,,,1.9360076544,,,,
Scenario1,0,RE1,,IMPELC001,,2032,,,,,,,,,,,,,8.975434558828164,,,,
Scenario1,0,RE1,,IMPELC001,,2033,,,,,,,,,,,,,22.093518905030766,,,,
Scenario1,0,RE1,,IMPELC001,,2034,,,,,,,,,,,,,36.90190186936784,,,,
Scenario1,0,RE1,,IMPELC001,,2035,,,,,,,,,,,,,39.0352622613983,,,,
Scenario1,0,RE1,,IMPELC001,,2036,,,,,,,,,,,,,35.21469867500531,,,,
Scenario1,0,RE1,,IMPELC001,,2037,,,,,,,,,,,,,34.76283185153846,,,,
Scenario1,0,RE1,,IMPELC001,,2038,,,,,,,,,,,,,37.31813304960786,,,,
Scenario1,0,RE1,,IMPELC001,,2039,,,,,,,,,,,,,35.87441312935824,,,,
Scenario1,0,RE1,,IMPELC001,,2040,,,,,,,,,,,,,36.26429596317385,,,,
Scenario1,0,RE1,,IMPELC001,,2041,,,,,,,,,,,,,32.03652585793663,,,,
Scenario1,0,RE1,,IMPELC001,,2042,,,,,,,,,,,,,30.293712056798974,,,,
Scenario1,0,RE1,,IMPELC001,,2043,,,,,,,,,,,,,30.73840408584195,,,,
Scenario1,0,RE1,,IMPELC001,,2044,,,,,,,,,,,,,31.205511577292526,,,,
Scenario1,0,RE1,,IMPELC001,,2045,,,,,,,,,,,,,48.02696389344485,,,,
Scenario1,0,RE1,,IMPELC001,,2046,,,,,,,,,,,,,47.30454798331279,,,,
Scenario1,0,RE1,,IMPELC001,,2047,,,,,,,,,,,,,45.04548666665632,,,,
Scenario1,0,RE1,,IMPELC001,,2048,,,,,,,,,,,,,43.01955958162144,,,,
Scenario1,0,RE1,,IMPELC001,,2049,,,,,,,,,,,,,42.981293097734486,,,,
Scenario1,0,RE1,,IMPELC001,,2050,,,,,,,,,,,,,42.81460065762561,,,,
Scenario1,0,RE1,,IMPELC002,,2019,,,,,,,,,,,,,0.0,,,,
Scenario1,0,RE1,,IMPELC002,,2020,,,,,,,,,,,,,0.0,,,,
Scenario1,0,RE1,,IMPELC002,,2021,,,,,,,,,,,,,0.0,,,,
Scenario1,0,RE1,,IMPELC002,,2022,,,,,,,,,,,,,0.0,,,,
Scenario1,0,RE1,,IMPELC002,,2023,,,,,,,,,,,,,0.0,,,,
Scenario1,0,RE1,,IMPELC002,,2024,,,,,,,,,,,,,0.0,,,,
Scenario1,0,RE1,,IMPELC002,,2025,,,,,,,,,,,,,0.0,,,,
Scenario1,0,RE1,,IMPELC002,,2026,,,,,,,,,,,,,0.0,,,,
Scenario1,0,RE1,,IMPELC002,,2027,,,,,,,,,,,,,0.0,,,,
Scenario1,0,RE1,,IMPELC002,,2028,,,,,,,,,,,,,0.0,,,,
Scenario1,0,RE1,,IMPELC002,,2029,,,,,,,,,,,,,0.0,,,,
Scenario1,0,RE1,,IMPELC002,,2030,,,,,,,,,,,,,0.0,,,,
Scenario1,0,RE1,,IMPELC002,,2031,,,,,,,,,,,,,0.0,,,,
Scenario1,0,RE1,,IMPELC002,,2032,,,,,,,,,,,,,0.0,,,,
Scenario1,0,RE1,,IMPELC002,,2033,,,,,,,,,,,,,0.0,,,,
Scenario1,0,RE1,,IMPELC002,,2034,,,,,,,,,,,,,0.0,,,,
Scenario1,0,RE1,,IMPELC002,,2035,,,,,,,,,,,,,0.0,,,,
Scenario1,0,RE1,,IMPELC002,,2036,,,,,,,,,,,,,0.0,,,,
Scenario1,0,RE1,,IMPELC002,,2037,,,,,,,,,,,,,0.0,,,,
Scenario1,0,RE1,,IMPELC002,,2038,,,,,,,,,,,,,0.0,,,,
Scenario1,0,RE1,,IMPELC002,,2039,,,,,,,,,,,,,0.0,,,,
Scenario1,0,RE1,,IMPELC002,,2040,,,,,,,,,,,,,0.0,,,,
Scenario1,0,RE1,,IMPELC002,,2041,,,,,,,,,,,,,0.0,,,,
Scenario1,0,RE1,,IMPELC002,,2042,,,,,,,,,,,,,0.0,,,,
Scenario1,0,RE1,,IMPELC002,,2043,,,,,,,,,,,,,0.0,,,,
Scenario1,0,RE1,,IMPELC002,,2044,,,,,,,,,,,,,0.0,,,,
Scenario1,0,RE1,,IMPELC002,,2045,,,,,,,,,,,,,0.0,,,,
Scenario1,0,RE1,,IMPELC002,,2046,,,,,,,,,,,,,0.0,,,,
Scenario1,0,RE1,,IMPELC002,,2047,,,,,,,,,,,,,0.0,,,,
Scenario1,0,RE1,,IMPELC002,,2048,,,,,,,,,,,,,0.0,,,,
Scenario1,0,RE1,,IMPELC002,,2049,,,,,,,,,,,,,0.0,,,,
Scenario1,0,RE1,,IMPELC002,,2050,,,,,,,,,,,,,0.0,,,,
Scenario1,0,RE1,,IMPHFOMOM,,2019,,,,,,,,,,,,,0.0,,,,
Scenario1,0,RE1,,IMPHFOMOM,,2020,,,,,,,,,,,,,0.0,,,,
Scenario1,0,RE1,,IMPHFOMOM,,2021,,,,,,,,,,,,,0.0,,,,
Scenario1,0,RE1,,IMPHFOMOM,,2022,,,,,,,,,,,,,0.0,,,,
Scenario1,0,RE1,,IMPHFOMOM,,2023,,,,,,,,,,,,,0.0,,,,
Scenario1,0,RE1,,IMPHFOMOM,,2024,,,,,,,,,,,,,0.0,,,,
Scenario1,0,RE1,,IMPHFOMOM,,2025,,,,,,,,,,,,,0.0,,,,
Scenario1,0,RE1,,IMPHFOMOM,,2026,,,,,,,,,,,,,0.0,,,,
Scenario1,0,RE1,,IMPHFOMOM,,2027,,,,,,,,,,,,,0.0,,,,
Scenario1,0,RE1,,IMPHFOMOM,,2028,,,,,,,,,,,,,0.0,,,,
Scenario1,0,RE1,,IMPHFOMOM,,2029,,,,,,,,,,,,,0.0,,,,
Scenario1,0,RE1,,IMPHFOMOM,,2030,,,,,,,,,,,,,0.0,,,,
Scenario1,0,RE1,,IMPHFOMOM,,2031,,,,,,,,,,,,,0.0,,,,
Scenario1,0,RE1,,IMPHFOMOM,,2032,,,,,,,,,,,,,0.0,,,,
Scenario1,0,RE1,,IMPHFOMOM,,2033,,,,,,,,,,,,,0.0,,,,
Scenario1,0,RE1,,IMPHFOMOM,,2034,,,,,,,,,,,,,0.0,,,,
Scenario1,0,RE1,,IMPHFOMOM,,2035,,,,,,,,,,,,,0.0,,,,
Scenario1,0,RE1,,IMPHFOMOM,,2036,,,,,,,,,,,,,0.0,,,,
Scenario1,0,RE1,,IMPHFOMOM,,2037,,,,,,,,,,,,,0.0,,,,
Scenario1,0,RE1,,IMPHFOMOM,,2038,,,,,,,,,,,,,0.0,,,,
Scenario1,0,RE1,,IMPHFOMOM,,2039,,,,,,,,,,,,,0.0,,,,
Scenario1,0,RE1,,IMPHFOMOM,,2040,,,,,,,,,,,,,0.0,,,,
Scenario1,0,RE1,,IMPHFOMOM,,2041,,,,,,,,,,,,,0.0,,,,
Scenario1,0,RE1,,IMPHFOMOM,,2042,,,,,,,,,,,,,0.0,,,,
Scenario1,0,RE1,,IMPHFOMOM,,2043,,,,,,,,,,,,,0.0,,,,
Scenario1,0,RE1,,IMPHFOMOM,,2044,,,,,,,,,,,,,0.0,,,,
Scenario1,0,RE1,,IMPHFOMOM,,2045,,,,,,,,,,,,,0.0,,,,
Scenario1,0,RE1,,IMPHFOMOM,,2046,,,,,,,,,,,,,0.0,,,,
Scenario1,0,RE1,,IMPHFOMOM,,2047,,,,,,,,,,,,,0.0,,,,
Scenario1,0,RE1,,IMPHFOMOM,,2048,,,,,,,,,,,,,0.0,,,,
Scenario1,0,RE1,,IMPHFOMOM,,2049,,,,,,,,,,,,,0.0,,,,
Scenario1,0,RE1,,IMPHFOMOM,,2050,,,,,,,,,,,,,0.0,,,,
Scenario1,0,RE1,,IMPHFONAI,,2019,,,,,,,,,,,,,86.34601962880382,,,,
Scenario1,0,RE1,,IMPHFONAI,,2020,,,,,,,,,,,,,101.07665119910372,,,,
Scenario1,0,RE1,,IMPHFONAI,,2021,,,,,,,,,,,,,114.15508283346036,,,,
Scenario1,0,RE1,,IMPHFONAI,,2022,,,,,,,,,,,,,41.640873726405104,,,,
Scenario1,0,RE1,,IMPHFONAI,,2023,,,,,,,,,,,,,42.76334477708576,,,,
Scenario1,0,RE1,,IMPHFONAI,,2024,,,,,,,,,,,,,63.820647708659735,,,,
Scenario1,0,RE1,,IMPHFONAI,,2025,,,,,,,,,,,,,0.0,,,,
Scenario1,0,RE1,,IMPHFONAI,,2026,,,,,,,,,,,,,0.0,,,,
Scenario1,0,RE1,,IMPHFONAI,,2027,,,,,,,,,,,,,0.0,,,,
Scenario1,0,RE1,,IMPHFONAI,,2028,,,,,,,,,,,,,0.0,,,,
Scenario1,0,RE1,,IMPHFONAI,,2029,,,,,,,,,,,,,0.0,,,,
Scenario1,0,RE1,,IMPHFONAI,,2030,,,,,,,,,,,,,0.0,,,,
Scenario1,0,RE1,,IMPHFONAI,,2031,,,,,,,,,,,,,1.2370401980454149,,,,
Scenario1,0,RE1,,IMPHFONAI,,2032,,,,,,,,,,,,,3.258551246012368,,,,
Scenario1,0,RE1,,IMPHFONAI,,2033,,,,,,,,,,,,,9.204068093587136,,,,
Scenario1,0,RE1,,IMPHFONAI,,2034,,,,,,,,,,,,,9.778282263249531,,,,
Scenario1,0,RE1,,IMPHFONAI,,2035,,,,,,,,,,,,,7.097069527142399,,,,
Scenario1,0,RE1,,IMPHFONAI,,2036,,,,,,,,,,,,,0.0,,,,
Scenario1,0,RE1,,IMPHFONAI,,2037,,,,,,,,,,,,,0.0,,,,
Scenario1,0,RE1,,IMPHFONAI,,2038,,,,,,,,,,,,,0.0,,,,
Scenario1,0,RE1,,IMPHFONAI,,2039,,,,,,,,,,,,,0.0,,,,
Scenario1,0,RE1,,IMPHFONAI,,2040,,,,,,,,,,,,,0.0,,,,
Scenario1,0,RE1,,IMPHFONAI,,2041,,,,,,,,,,,,,0.0,,,,
Scenario1,0,RE1,,IMPHFONAI,,2042,,,,,,,,,,,,,0.0,,,,
Scenario1,0,RE1,,IMPHFONAI,,2043,,,,,,,,,,,,,0.0,,,,
Scenario1,0,RE1,,IMPHFONAI,,2044,,,,,,,,,,,,,0.0,,,,
Scenario1,0,RE1,,IMPHFONAI,,2045,,,,,,,,,,,,,0.0,,,,
Scenario1,0,RE1,,IMPHFONAI,,2046,,,,,,,,,,,,,0.0,,,,
Scenario1,0,RE1,,IMPHFONAI,,2047,,,,,,,,,,,,,0.0,,,,
Scenario1,0,RE1,,IMPHFONAI,,2048,,,,,,,,,,,,,0.0,,,,
Scenario1,0,RE1,,IMPHFONAI,,2049,,,,,,,,,,,,,0.0,,,,
Scenario1,0,RE1,,IMPHFONAI,,2050,,,,,,,,,,,,,0.0,,,,
Scenario1,0,RE1,,IMPLFOELD,,2019,,,,,,,,,,,,,0.0,,,,
Scenario1,0,RE1,,IMPLFOELD,,2020,,,,,,,,,,,,,0.0,,,,
Scenario1,0,RE1,,IMPLFOELD,,2021,,,,,,,,,,,,,0.0,,,,
Scenario1,0,RE1,,IMPLFOELD,,2022,,,,,,,,,,,,,0.0,,,,
Scenario1,0,RE1,,IMPLFOELD,,2023,,,,,,,,,,,,,0.0,,,,
Scenario1,0,RE1,,IMPLFOELD,,2024,,,,,,,,,,,,,0.0,,,,
Scenario1,0,RE1,,IMPLFOELD,,2025,,,,,,,,,,,,,0.0,,,,
Scenario1,0,RE1,,IMPLFOELD,,2026,,,,,,,,,,,,,0.0,,,,
Scenario1,0,RE1,,IMPLFOELD,,2027,,,,,,,,,,,,,0.0,,,,
Scenario1,0,RE1,,IMPLFOELD,,2028,,,,,,,,,,,,,0.0,,,,
Scenario1,0,RE1,,IMPLFOELD,,2029,,,,,,,,,,,,,0.0,,,,
Scenario1,0,RE1,,IMPLFOELD,,2030,,,,,,,,,,,,,0.0,,,,
Scenario1,0,RE1,,IMPLFOELD,,2031,,,,,,,,,,,,,0.0,,,,
Scenario1,0,RE1,,IMPLFOELD,,2032,,,,,,,,,,,,,0.0,,,,
Scenario1,0,RE1,,IMPLFOELD,,2033,,,,,,,,,,,,,0.0,,,,
Scenario1,0,RE1,,IMPLFOELD,,2034,,,,,,,,,,,,,0.0,,,,
Scenario1,0,RE1,,IMPLFOELD,,2035,,,,,,,,,,,,,0.0,,,,
Scenario1,0,RE1,,IMPLFOELD,,2036,,,,,,,,,,,,,0.0,,,,
Scenario1,0,RE1,,IMPLFOELD,,2037,,,,,,,,,,,,,0.0,,,,
Scenario1,0,RE1,,IMPLFOELD,,2038,,,,,,,,,,,,,0.0,,,,
Scenario1,0,RE1,,IMPLFOELD,,2039,,,,,,,,,,,,,0.0,,,,
Scenario1,0,RE1,,IMPLFOELD,,2040,,,,,,,,,,,,,0.0,,,,
Scenario1,0,RE1,,IMPLFOELD,,2041,,,,,,,,,,,,,0.0,,,,
Scenario1,0,RE1,,IMPLFOELD,,2042,,,,,,,,,,,,,0.0,,,,
Scenario1,0,RE1,,IMPLFOELD,,2043,,,,,,,,,,,,,0.0,,,,
Scenario1,0,RE1,,IMPLFOELD,,2044,,,,,,,,,,,,,0.0,,,,
Scenario1,0,RE1,,IMPLFOELD,,2045,,,,,,,,,,,,,0.0,,,,
Scenario1,0,RE1,,IMPLFOELD,,2046,,,,,,,,,,,,,0.0,,,,
Scenario1,0,RE1,,IMPLFOELD,,2047,,,,,,,,,,,,,0.0,,,,
Scenario1,0,RE1,,IMPLFOELD,,2048,,,,,,,,,,,,,0.0,,,,
Scenario1,0,RE1,,IMPLFOELD,,2049,,,,,,,,,,,,,0.0,,,,
Scenario1,0,RE1,,IMPLFOELD,,2050,,,,,,,,,,,,,0.0,,,,
Scenario1,0,RE1,,IMPNGS,,2019,,,,,,,,,,,,,0.0,,,,
Scenario1,0,RE1,,IMPNGS,,2020,,,,,,,,,,,,,0.0,,,,
Scenario1,0,RE1,,IMPNGS,,2021,,,,,,,,,,,,,0.0,,,,
Scenario1,0,RE1,,IMPNGS,,2022,,,,,,,,,,,,,0.0,,,,
Scenario1,0,RE1,,IMPNGS,,2023,,,,,,,,,,,,,0.0,,,,
Scenario1,0,RE1,,IMPNGS,,2024,,,,,,,,,,,,,0.0,,,,
Scenario1,0,RE1,,IMPNGS,,2025,,,,,,,,,,,,,0.0,,,,
Scenario1,0,RE1,,IMPNGS,,2026,,,,,,,,,,,,,0.0,,,,
Scenario1,0,RE1,,IMPNGS,,2027,,,,,,,,,,,,,0.0,,,,
Scenario1,0,RE1,,IMPNGS,,2028,,,,,,,,,,,,,0.0,,,,
Scenario1,0,RE1,,IMPNGS,,2029,,,,,,,,,,,,,0.0,,,,
Scenario1,0,RE1,,IMPNGS,,2030,,,,,,,,,,,,,0.0,,,,
Scenario1,0,RE1,,IMPNGS,,2031,,,,,,,,,,,,,0.0,,,,
Scenario1,0,RE1,,IMPNGS,,2032,,,,,,,,,,,,,0.0,,,,
Scenario1,0,RE1,,IMPNGS,,2033,,,,,,,,,,,,,0.0,,,,
Scenario1,0,RE1,,IMPNGS,,2034,,,,,,,,,,,,,0.0,,,,
Scenario1,0,RE1,,IMPNGS,,2035,,,,,,,,,,,,,0.0,,,,
Scenario1,0,RE1,,IMPNGS,,2036,,,,,,,,,,,,,0.0,,,,
Scenario1,0,RE1,,IMPNGS,,2037,,,,,,,,,,,,,0.0,,,,
Scenario1,0,RE1,,IMPNGS,,2038,,,,,,,,,,,,,0.0,,,,
Scenario1,0,RE1,,IMPNGS,,2039,,,,,,,,,,,,,0.0,,,,
Scenario1,0,RE1,,IMPNGS,,2040,,,,,,,,,,,,,0.0,,,,
Scenario1,0,RE1,,IMPNGS,,2041,,,,,,,,,,,,,0.0,,,,
Scenario1,0,RE1,,IMPNGS,,2042,,,,,,,,,,,,,0.0,,,,
Scenario1,0,RE1,,IMPNGS,,2043,,,,,,,,,,,,,0.0,,,,
Scenario1,0,RE1,,IMPNGS,,2044,,,,,,,,,,,,,0.0,,,,
Scenario1,0,RE1,,IMPNGS,,2045,,,,,,,,,,,,,0.0,,,,
Scenario1,0,RE1,,IMPNGS,,2046,,,,,,,,,,,,,0.0,,,,
Scenario1,0,RE1,,IMPNGS,,2047,,,,,,,,,,,,,0.0,,,,
Scenario1,0,RE1,,IMPNGS,,2048,,,,,,,,,,,,,0.0,,,,
Scenario1,0,RE1,,IMPNGS,,2049,,,,,,,,,,,,,0.0,,,,
Scenario1,0,RE1,,IMPNGS,,2050,,,,,,,,,,,,,0.0,,,,
Scenario1,0,RE1,,IMPURN,,2019,,,,,,,,,,,,,0.0,,,,
Scenario1,0,RE1,,IMPURN,,2020,,,,,,,,,,,,,0.0,,,,
Scenario1,0,RE1,,IMPURN,,2021,,,,,,,,,,,,,0.0,,,,
Scenario1,0,RE1,,IMPURN,,2022,,,,,,,,,,,,,0.0,,,,
Scenario1,0,RE1,,IMPURN,,2023,,,,,,,,,,,,,0.0,,,,
Scenario1,0,RE1,,IMPURN,,2024,,,,,,,,,,,,,0.0,,,,
Scenario1,0,RE1,,IMPURN,,2025,,,,,,,,,,,,,0.0,,,,
Scenario1,0,RE1,,IMPURN,,2026,,,,,,,,,,,,,0.0,,,,
Scenario1,0,RE1,,IMPURN,,2027,,,,,,,,,,,,,0.0,,,,
Scenario1,0,RE1,,IMPURN,,2028,,,,,,,,,,,,,0.0,,,,
Scenario1,0,RE1,,IMPURN,,2029,,,,,,,,,,,,,0.0,,,,
Scenario1,0,RE1,,IMPURN,,2030,,,,,,,,,,,,,0.0,,,,
Scenario1,0,RE1,,IMPURN,,2031,,,,,,,,,,,,,0.0,,,,
Scenario1,0,RE1,,IMPURN,,2032,,,,,,,,,,,,,0.0,,,,
Scenario1,0,RE1,,IMPURN,,2033,,,,,,,,,,,,,0.0,,,,
Scenario1,0,RE1,,IMPURN,,2034,,,,,,,,,,,,,0.0,,,,
Scenario1,0,RE1,,IMPURN,,2035,,,,,,,,,,,,,0.0,,,,
Scenario1,0,RE1,,IMPURN,,2036,,,,,,,,,,,,,0.0,,,,
Scenario1,0,RE1,,IMPURN,,2037,,,,,,,,,,,,,0.0,,,,
Scenario1,0,RE1,,IMPURN,,2038,,,,,,,,,,,,,0.0,,,,
Scenario1,0,RE1,,IMPURN,,2039,,,,,,,,,,,,,0.0,,,,
Scenario1,0,RE1,,IMPURN,,2040,,,,,,,,,,,,,0.0,,,,
Scenario1,0,RE1,,IMPURN,,2041,,,,,,,,,,,,,0.0,,,,
Scenario1,0,RE1,,IMPURN,,2042,,,,,,,,,,,,,0.0,,,,
Scenario1,0,RE1,,IMPURN,,2043,,,,,,,,,,,,,0.0,,,,
Scenario1,0,RE1,,IMPURN,,2044,,,,,,,,,,,,,0.0,,,,
Scenario1,0,RE1,,IMPURN,,2045,,,,,,,,,,,,,0.0,,,,
Scenario1,0,RE1,,IMPURN,,2046,,,,,,,,,,,,,0.0,,,,
Scenario1,0,RE1,,IMPURN,,2047,,,,,,,,,,,,,0.0,,,,
Scenario1,0,RE1,,IMPURN,,2048,,,,,,,,,,,,,0.0,,,,
Scenario1,0,RE1,,IMPURN,,2049,,,,,,,,,,,,,0.0,,,,
Scenario1,0,RE1,,IMPURN,,2050,,,,,,,,,,,,,0.0,,,,
Scenario1,0,RE1,,MINBIO,,2019,,,,,,,,,,,,,0.1442798742528,,,,
Scenario1,0,RE1,,MINBIO,,2020,,,,,,,,,,,,,0.1442798742528,,,,
Scenario1,0,RE1,,MINBIO,,2021,,,,,,,,,,,,,0.1442798742528,,,,
Scenario1,0,RE1,,MINBIO,,2022,,,,,,,,,,,,,0.1442798742528,,,,
Scenario1,0,RE1,,MINBIO,,2023,,,,,,,,,,,,,0.2452757862297599,,,,
Scenario1,0,RE1,,MINBIO,,2024,,,,,,,,,,,,,0.2452757862297599,,,,
Scenario1,0,RE1,,MINBIO,,2025,,,,,,,,,,,,,0.0,,,,
Scenario1,0,RE1,,MINBIO,,2026,,,,,,,,,,,,,0.0,,,,
Scenario1,0,RE1,,MINBIO,,2027,,,,,,,,,,,,,0.0,,,,
Scenario1,0,RE1,,MINBIO,,2028,,,,,,,,,,,,,0.0,,,,
Scenario1,0,RE1,,MINBIO,,2029,,,,,,,,,,,,,0.0,,,,
Scenario1,0,RE1,,MINBIO,,2030,,,,,,,,,,,,,0.0,,,,
Scenario1,0,RE1,,MINBIO,,2031,,,,,,,,,,,,,0.7959828892996257,,,,
Scenario1,0,RE1,,MINBIO,,2032,,,,,,,,,,,,,1.7205209049600003,,,,
Scenario1,0,RE1,,MINBIO,,2033,,,,,,,,,,,,,3.5975829456186905,,,,
Scenario1,0,RE1,,MINBIO,,2034,,,,,,,,,,,,,5.954998120980479,,,,
Scenario1,0,RE1,,MINBIO,,2035,,,,,,,,,,,,,5.88797177568616,,,,
Scenario1,0,RE1,,MINBIO,,2036,,,,,,,,,,,,,3.773646647783143,,,,
Scenario1,0,RE1,,MINBIO,,2037,,,,,,,,,,,,,3.92234365345222,,,,
Scenario1,0,RE1,,MINBIO,,2038,,,,,,,,,,,,,4.885348945195215,,,,
Scenario1,0,RE1,,MINBIO,,2039,,,,,,,,,,,,,4.02969662574336,,,,
Scenario1,0,RE1,,MINBIO,,2040,,,,,,,,,,,,,4.418803095616748,,,,
Scenario1,0,RE1,,MINBIO,,2041,,,,,,,,,,,,,3.4123435708968244,,,,
Scenario1,0,RE1,,MINBIO,,2042,,,,,,,,,,,,,2.325720411129926,,,,
Scenario1,0,RE1,,MINBIO,,2043,,,,,,,,,,,,,2.160798814533687,,,,
Scenario1,0,RE1,,MINBIO,,2044,,,,,,,,,,,,,2.152832194383684,,,,
Scenario1,0,RE1,,MINBIO,,2045,,,,,,,,,,,,,7.76947122851328,,,,
Scenario1,0,RE1,,MINBIO,,2046,,,,,,,,,,,,,7.76947122851328,,,,
Scenario1,0,RE1,,MINBIO,,2047,,,,,,,,,,,,,7.76947122851328,,,,
Scenario1,0,RE1,,MINBIO,,2048,,,,,,,,,,,,,7.47758081335245,,,,
Scenario1,0,RE1,,MINBIO,,2049,,,,,,,,,,,,,5.41482107400584,,,,
Scenario1,0,RE1,,MINBIO,,2050,,,,,,,,,,,,,3.8076727722998167,,,,
Scenario1,0,RE1,,MINCOA,,2019,,,,,,,,,,,,,0.0,,,,
Scenario1,0,RE1,,MINCOA,,2020,,,,,,,,,,,,,0.0,,,,
Scenario1,0,RE1,,MINCOA,,2021,,,,,,,,,,,,,0.0,,,,
Scenario1,0,RE1,,MINCOA,,2022,,,,,,,,,,,,,0.0,,,,
Scenario1,0,RE1,,MINCOA,,2023,,,,,,,,,,,,,0.0,,,,
Scenario1,0,RE1,,MINCOA,,2024,,,,,,,,,,,,,0.0,,,,
Scenario1,0,RE1,,MINCOA,,2025,,,,,,,,,,,,,0.0,,,,
Scenario1,0,RE1,,MINCOA,,2026,,,,,,,,,,,,,0.0,,,,
Scenario1,0,RE1,,MINCOA,,2027,,,,,,,,,,,,,0.0,,,,
Scenario1,0,RE1,,MINCOA,,2028,,,,,,,,,,,,,0.0,,,,
Scenario1,0,RE1,,MINCOA,,2029,,,,,,,,,,,,,0.0,,,,
Scenario1,0,RE1,,MINCOA,,2030,,,,,,,,,,,,,0.0,,,,
Scenario1,0,RE1,,MINCOA,,2031,,,,,,,,,,,,,0.0,,,,
Scenario1,0,RE1,,MINCOA,,2032,,,,,,,,,,,,,0.0,,,,
Scenario1,0,RE1,,MINCOA,,2033,,,,,,,,,,,,,0.0,,,,
Scenario1,0,RE1,,MINCOA,,2034,,,,,,,,,,,,,0.0,,,,
Scenario1,0,RE1,,MINCOA,,2035,,,,,,,,,,,,,0.0,,,,
Scenario1,0,RE1,,MINCOA,,2036,,,,,,,,,,,,,0.0,,,,
Scenario1,0,RE1,,MINCOA,,2037,,,,,,,,,,,,,0.0,,,,
Scenario1,0,RE1,,MINCOA,,2038,,,,,,,,,,,,,0.0,,,,
Scenario1,0,RE1,,MINCOA,,2039,,,,,,,,,,,,,0.0,,,,
Scenario1,0,RE1,,MINCOA,,2040,,,,,,,,,,,,,0.0,,,,
Scenario1,0,RE1,,MINCOA,,2041,,,,,,,,,,,,,0.0,,,,
Scenario1,0,RE1,,MINCOA,,2042,,,,,,,,,,,,,0.0,,,,
Scenario1,0,RE1,,MINCOA,,2043,,,,,,,,,,,,,0.0,,,,
Scenario1,0,RE1,,MINCOA,,2044,,,,,,,,,,,,,0.0,,,,
Scenario1,0,RE1,,MINCOA,,2045,,,,,,,,,,,,,0.0,,,,
Scenario1,0,RE1,,MINCOA,,2046,,,,,,,,,,,,,0.0,,,,
Scenario1,0,RE1,,MINCOA,,2047,,,,,,,,,,,,,0.0,,,,
Scenario1,0,RE1,,MINCOA,,2048,,,,,,,,,,,,,0.0,,,,
Scenario1,0,RE1,,MINCOA,,2049,,,,,,,,,,,,,0.0,,,,
Scenario1,0,RE1,,MINCOA,,2050,,,,,,,,,,,,,0.0,,,,
Scenario1,0,RE1,,MINGEO,,2019,,,,,,,,,,,,,0.0070043704371113,,,,
Scenario1,0,RE1,,MINGEO,,2020,,,,,,,,,,,,,0.0070043704371113,,,,
Scenario1,0,RE1,,MINGEO,,2021,,,,,,,,,,,,,0.0070043704371113,,,,
Scenario1,0,RE1,,MINGEO,,2022,,,,,,,,,,,,,0.0077419055874227,,,,
Scenario1,0,RE1,,MINGEO,,2023,,,,,,,,,,,,,0.008051794306041,,,,
Scenario1,0,RE1,,MINGEO,,2024,,,,,,,,,,,,,0.0077861754043681,,,,
Scenario1,0,RE1,,MINGEO,,2025,,,,,,,,,,,,,0.0007688203202559,,,,
Scenario1,0,RE1,,MINGEO,,2026,,,,,,,,,,,,,0.000939572519192,,,,
Scenario1,0,RE1,,MINGEO,,2027,,,,,,,,,,,,,0.0015762319029316,,,,
Scenario1,0,RE1,,MINGEO,,2028,,,,,,,,,,,,,0.0022932373754816,,,,
Scenario1,0,RE1,,MINGEO,,2029,,,,,,,,,,,,,0.0031728521575378,,,,
Scenario1,0,RE1,,MINGEO,,2030,,,,,,,,,,,,,0.0041578712876897,,,,
Scenario1,0,RE1,,MINGEO,,2031,,,,,,,,,,,,,0.0049208880978266,,,,
Scenario1,0,RE1,,MINGEO,,2032,,,,,,,,,,,,,0.0060516944640489,,,,
Scenario1,0,RE1,,MINGEO,,2033,,,,,,,,,,,,,0.0071123887904582,,,,
Scenario1,0,RE1,,MINGEO,,2034,,,,,,,,,,,,,0.0071706281146466,,,,
Scenario1,0,RE1,,MINGEO,,2035,,,,,,,,,,,,,0.0086013416862598,,,,
Scenario1,0,RE1,,MINGEO,,2036,,,,,,,,,,,,,0.0104466989030962,,,,
Scenario1,0,RE1,,MINGEO,,2037,,,,,,,,,,,,,0.0119057912264919,,,,
Scenario1,0,RE1,,MINGEO,,2038,,,,,,,,,,,,,0.0144912818789281,,,,
Scenario1,0,RE1,,MINGEO,,2039,,,,,,,,,,,,,0.0157915159349826,,,,
Scenario1,0,RE1,,MINGEO,,2040,,,,,,,,,,,,,0.0176021963964656,,,,
Scenario1,0,RE1,,MINGEO,,2041,,,,,,,,,,,,,0.0183191384370269,,,,
Scenario1,0,RE1,,MINGEO,,2042,,,,,,,,,,,,,0.0207796504754577,,,,
Scenario1,0,RE1,,MINGEO,,2043,,,,,,,,,,,,,0.0227546363868592,,,,
Scenario1,0,RE1,,MINGEO,,2044,,,,,,,,,,,,,0.0248225138981408,,,,
Scenario1,0,RE1,,MINGEO,,2045,,,,,,,,,,,,,0.0294876530029524,,,,
Scenario1,0,RE1,,MINGEO,,2046,,,,,,,,,,,,,0.0319139816112852,,,,
Scenario1,0,RE1,,MINGEO,,2047,,,,,,,,,,,,,0.0342564823615457,,,,
Scenario1,0,RE1,,MINGEO,,2048,,,,,,,,,,,,,0.0367336692716564,,,,
Scenario1,0,RE1,,MINGEO,,2049,,,,,,,,,,,,,0.0393431055632264,,,,
Scenario1,0,RE1,,MINGEO,,2050,,,,,,,,,,,,,0.0420322076686253,,,,
Scenario1,0,RE1,,MINHYD,,2019,,,,,,,,,,,,,0.0013119691865242,,,,
Scenario1,0,RE1,,MINHYD,,2020,,,,,,,,,,,,,0.0013119691865242,,,,
Scenario1,0,RE1,,MINHYD,,2021,,,,,,,,,,,,,0.0013119691865242,,,,
Scenario1,0,RE1,,MINHYD,,2022,,,,,,,,,,,,,0.0013119691865242,,,,
Scenario1,0,RE1,,MINHYD,,2023,,,,,,,,,,,,,0.0013216735779649,,,,
Scenario1,0,RE1,,MINHYD,,2024,,,,,,,,,,,,,0.0013249969996912,,,,
Scenario1,0,RE1,,MINHYD,,2025,,,,,,,,,,,,,0.0007726385774999,,,,
Scenario1,0,RE1,,MINHYD,,2026,,,,,,,,,,,,,0.0007369026989778,,,,
Scenario1,0,RE1,,MINHYD,,2027,,,,,,,,,,,,,0.0007390647204686,,,,
Scenario1,0,RE1,,MINHYD,,2028,,,,,,,,,,,,,0.0007936424899113,,,,
Scenario1,0,RE1,,MINHYD,,2029,,,,,,,,,,,,,0.0009240385061117,,,,
Scenario1,0,RE1,,MINHYD,,2030,,,,,,,,,,,,,0.0010770742803079,,,,
Scenario1,0,RE1,,MINHYD,,2031,,,,,,,,,,,,,0.0013149766047271,,,,
Scenario1,0,RE1,,MINHYD,,2032,,,,,,,,,,,,,0.0014617890379457,,,,
Scenario1,0,RE1,,MINHYD,,2033,,,,,,,,,,,,,0.0015012712880541,,,,
Scenario1,0,RE1,,MINHYD,,2034,,,,,,,,,,,,,0.0015309162098527,,,,
Scenario1,0,RE1,,MINHYD,,2035,,,,,,,,,,,,,0.0015692020281397,,,,
Scenario1,0,RE1,,MINHYD,,2036,,,,,,,,,,,,,0.0016019044979264,,,,
Scenario1,0,RE1,,MINHYD,,2037,,,,,,,,,,,,,0.0016019044979264,,,,
Scenario1,0,RE1,,MINHYD,,2038,,,,,,,,,,,,,0.0016019044979264,,,,
Scenario1,0,RE1,,MINHYD,,2039,,,,,,,,,,,,,0.0016019044979264,,,,
Scenario1,0,RE1,,MINHYD,,2040,,,,,,,,,,,,,0.0016019044979264,,,,
Scenario1,0,RE1,,MINHYD,,2041,,,,,,,,,,,,,0.0016019044979264,,,,
Scenario1,0,RE1,,MINHYD,,2042,,,,,,,,,,,,,0.0014411313531991,,,,
Scenario1,0,RE1,,MINHYD,,2043,,,,,,,,,,,,,0.0014411313531991,,,,
Scenario1,0,RE1,,MINHYD,,2044,,,,,,,,,,,,,0.0014411313531991,,,,
Scenario1,0,RE1,,MINHYD,,2045,,,,,,,,,,,,,0.0014411313531991,,,,
Scenario1,0,RE1,,MINHYD,,2046,,,,,,,,,,,,,0.0014411313531991,,,,
Scenario1,0,RE1,,MINHYD,,2047,,,,,,,,,,,,,0.0014411313531991,,,,
Scenario1,0,RE1,,MINHYD,,2048,,,,,,,,,,,,,0.0014411313531991,,,,
Scenario1,0,RE1,,MINHYD,,2049,,,,,,,,,,,,,0.0014411313531991,,,,
Scenario1,0,RE1,,MINHYD,,2050,,,,,,,,,,,,,0.0014411313531991,,,,
Scenario1,0,RE1,,MINSOL,,2019,,,,,,,,,,,,,3.4427953991592e-05,,,,
Scenario1,0,RE1,,MINSOL,,2020,,,,,,,,,,,,,3.4427953991592e-05,,,,
Scenario1,0,RE1,,MINSOL,,2021,,,,,,,,,,,,,5.481067302143999e-05,,,,
Scenario1,0,RE1,,MINSOL,,2022,,,,,,,,,,,,,8.221600953215999e-05,,,,
Scenario1,0,RE1,,MINSOL,,2023,,,,,,,,,,,,,0.000110649046162,,,,
Scenario1,0,RE1,,MINSOL,,2024,,,,,,,,,,,,,0.0001380543826727,,,,
Scenario1,0,RE1,,MINSOL,,2025,,,,,,,,,,,,,0.0001380543826727,,,,
Scenario1,0,RE1,,MINSOL,,2026,,,,,,,,,,,,,0.0001654597191834,,,,
Scenario1,0,RE1,,MINSOL,,2027,,,,,,,,,,,,,0.0001654597191834,,,,
Scenario1,0,RE1,,MINSOL,,2028,,,,,,,,,,,,,0.0001654597191834,,,,
Scenario1,0,RE1,,MINSOL,,2029,,,,,,,,,,,,,0.0001654597191834,,,,
Scenario1,0,RE1,,MINSOL,,2030,,,,,,,,,,,,,0.0001654597191834,,,,
Scenario1,0,RE1,,MINSOL,,2031,,,,,,,,,,,,,0.0001654597191834,,,,
Scenario1,0,RE1,,MINSOL,,2032,,,,,,,,,,,,,0.0001654597191834,,,,
Scenario1,0,RE1,,MINSOL,,2033,,,,,,,,,,,,,0.0001654597191834,,,,
Scenario1,0,RE1,,MINSOL,,2034,,,,,,,,,,,,,0.0001654597191834,,,,
Scenario1,0,RE1,,MINSOL,,2035,,,,,,,,,,,,,0.0001654597191834,,,,
Scenario1,0,RE1,,MINSOL,,2036,,,,,,,,,,,,,0.0001654597191834,,,,
Scenario1,0,RE1,,MINSOL,,2037,,,,,,,,,,,,,0.0001654597191834,,,,
Scenario1,0,RE1,,MINSOL,,2038,,,,,,,,,,,,,0.0001654597191834,,,,
Scenario1,0,RE1,,MINSOL,,2039,,,,,,,,,,,,,0.0001654597191834,,,,
Scenario1,0,RE1,,MINSOL,,2040,,,,,,,,,,,,,0.0001654597191834,,,,
Scenario1,0,RE1,,MINSOL,,2041,,,,,,,,,,,,,0.0001654597191834,,,,
Scenario1,0,RE1,,MINSOL,,2042,,,,,,,,,,,,,0.0001654597191834,,,,
Scenario1,0,RE1,,MINSOL,,2043,,,,,,,,,,,,,0.0001654597191834,,,,
Scenario1,0,RE1,,MINSOL,,2044,,,,,,,,,,,,,0.0001654597191834,,,,
Scenario1,0,RE1,,MINSOL,,2045,,,,,,,,,,,,,0.0001654597191834,,,,
Scenario1,0,RE1,,MINSOL,,2046,,,,,,,,,,,,,0.0001450770001536,,,,
Scenario1,0,RE1,,MINSOL,,2047,,,,,,,,,,,,,0.0001176716636429,,,,
Scenario1,0,RE1,,MINSOL,,2048,,,,,,,,,,,,,8.923862701303196e-05,,,,
Scenario1,0,RE1,,MINSOL,,2049,,,,,,,,,,,,,6.1833290502312e-05,,,,
Scenario1,0,RE1,,MINSOL,,2050,,,,,,,,,,,,,6.183329050231201e-05,,,,
Scenario1,0,RE1,,MINWND,,2019,,,,,,,,,,,,,0.0005688196557465,,,,
Scenario1,0,RE1,,MINWND,,2020,,,,,,,,,,,,,0.0005688196557465,,,,
Scenario1,0,RE1,,MINWND,,2021,,,,,,,,,,,,,0.0007422402824985,,,,
Scenario1,0,RE1,,MINWND,,2022,,,,,,,,,,,,,0.0007422402824985,,,,
Scenario1,0,RE1,,MINWND,,2023,,,,,,,,,,,,,0.0007422402824985,,,,
Scenario1,0,RE1,,MINWND,,2024,,,,,,,,,,,,,0.0007422402824985,,,,
Scenario1,0,RE1,,MINWND,,2025,,,,,,,,,,,,,0.0044214021644586,,,,
Scenario1,0,RE1,,MINWND,,2026,,,,,,,,,,,,,0.0045081124778346,,,,
Scenario1,0,RE1,,MINWND,,2027,,,,,,,,,,,,,0.0045081124778346,,,,
Scenario1,0,RE1,,MINWND,,2028,,,,,,,,,,,,,0.0044992680258702,,,,
Scenario1,0,RE1,,MINWND,,2029,,,,,,,,,,,,,0.0044992680258702,,,,
Scenario1,0,RE1,,MINWND,,2030,,,,,,,,,,,,,0.0044992680258702,,,,
Scenario1,0,RE1,,MINWND,,2031,,,,,,,,,,,,,0.0044992680258702,,,,
Scenario1,0,RE1,,MINWND,,2032,,,,,,,,,,,,,0.0044992680258702,,,,
Scenario1,0,RE1,,MINWND,,2033,,,,,,,,,,,,,0.0044992680258702,,,,
Scenario1,0,RE1,,MINWND,,2034,,,,,,,,,,,,,0.0048159756205483,,,,
Scenario1,0,RE1,,MINWND,,2035,,,,,,,,,,,,,0.0048260045395849,,,,
Scenario1,0,RE1,,MINWND,,2036,,,,,,,,,,,,,0.0048260045395849,,,,
Scenario1,0,RE1,,MINWND,,2037,,,,,,,,,,,,,0.004928641618934,,,,
Scenario1,0,RE1,,MINWND,,2038,,,,,,,,,,,,,0.0046129221617707,,,,
Scenario1,0,RE1,,MINWND,,2039,,,,,,,,,,,,,0.0048704263441321,,,,
Scenario1,0,RE1,,MINWND,,2040,,,,,,,,,,,,,0.0049316091822288,,,,
Scenario1,0,RE1,,MINWND,,2041,,,,,,,,,,,,,0.0054343556222904,,,,
Scenario1,0,RE1,,MINWND,,2042,,,,,,,,,,,,,0.0055533882000122,,,,
Scenario1,0,RE1,,MINWND,,2043,,,,,,,,,,,,,0.0056919439289862,,,,
Scenario1,0,RE1,,MINWND,,2044,,,,,,,,,,,,,0.0058383739317375,,,,
Scenario1,0,RE1,,MINWND,,2045,,,,,,,,,,,,,0.0049435523586363,,,,
Scenario1,0,RE1,,MINWND,,2046,,,,,,,,,,,,,0.0050965431363402,,,,
Scenario1,0,RE1,,MINWND,,2047,,,,,,,,,,,,,0.0053498751071414,,,,
Scenario1,0,RE1,,MINWND,,2048,,,,,,,,,,,,,0.005617610828266,,,,
Scenario1,0,RE1,,MINWND,,2049,,,,,,,,,,,,,0.0059005704321876,,,,
Scenario1,0,RE1,,MINWND,,2050,,,,,,,,,,,,,0.0061996157530308,,,,
Scenario1,0,RE1,,PWRBIO001,,2019,,,,,,,,,,,,,3.1529692800000005e-06,,,,
Scenario1,0,RE1,,PWRBIO001,,2020,,,,,,,,,,,,,3.1529692800000005e-06,,,,
Scenario1,0,RE1,,PWRBIO001,,2021,,,,,,,,,,,,,3.15296928e-06,,,,
Scenario1,0,RE1,,PWRBIO001,,2022,,,,,,,,,,,,,3.1529692800000005e-06,,,,
Scenario1,0,RE1,,PWRBIO001,,2023,,,,,,,,,,,,,5.3600477760000026e-06,,,,
Scenario1,0,RE1,,PWRBIO001,,2024,,,,,,,,,,,,,5.360047776000002e-06,,,,
Scenario1,0,RE1,,PWRBIO001,,2025,,,,,,,,,,,,,0.0,,,,
Scenario1,0,RE1,,PWRBIO001,,2026,,,,,,,,,,,,,0.0,,,,
Scenario1,0,RE1,,PWRBIO001,,2027,,,,,,,,,,,,,0.0,,,,
Scenario1,0,RE1,,PWRBIO001,,2028,,,,,,,,,,,,,0.0,,,,
Scenario1,0,RE1,,PWRBIO001,,2029,,,,,,,,,,,,,0.0,,,,
Scenario1,0,RE1,,PWRBIO001,,2030,,,,,,,,,,,,,0.0,,,,
Scenario1,0,RE1,,PWRBIO001,,2031,,,,,,,,,,,,,1.7394730972456856e-05,,,,
Scenario1,0,RE1,,PWRBIO001,,2032,,,,,,,,,,,,,3.7598796e-05,,,,
Scenario1,0,RE1,,PWRBIO001,,2033,,,,,,,,,,,,,7.861850842698184e-05,,,,
Scenario1,0,RE1,,PWRBIO001,,2034,,,,,,,,,,,,,0.000130135448448,,,,
Scenario1,0,RE1,,PWRBIO001,,2035,,,,,,,,,,,,,0.0001286707118812,,,,
Scenario1,0,RE1,,PWRBIO001,,2036,,,,,,,,,,,,,8.246605436589038e-05,,,,
Scenario1,0,RE1,,PWRBIO001,,2037,,,,,,,,,,,,,8.571555186739992e-05,,,,
Scenario1,0,RE1,,PWRBIO001,,2038,,,,,,,,,,,,,0.0001067602479282,,,,
Scenario1,0,RE1,,PWRBIO001,,2039,,,,,,,,,,,,,8.806155213600002e-05,,,,
Scenario1,0,RE1,,PWRBIO001,,2040,,,,,,,,,,,,,9.656475296365276e-05,,,,
Scenario1,0,RE1,,PWRBIO001,,2041,,,,,,,,,,,,,7.457044516819983e-05,,,,
Scenario1,0,RE1,,PWRBIO001,,2042,,,,,,,,,,,,,5.082430968378335e-05,,,,
Scenario1,0,RE1,,PWRBIO001,,2043,,,,,,,,,,,,,4.722025381411028e-05,,,,
Scenario1,0,RE1,,PWRBIO001,,2044,,,,,,,,,,,,,4.704615809404904e-05,,,,
Scenario1,0,RE1,,PWRBIO001,,2045,,,,,,,,,,,,,0.000169787395728,,,,
Scenario1,0,RE1,,PWRBIO001,,2046,,,,,,,,,,,,,0.000169787395728,,,,
Scenario1,0,RE1,,PWRBIO001,,2047,,,,,,,,,,,,,0.000169787395728,,,,
Scenario1,0,RE1,,PWRBIO001,,2048,,,,,,,,,,,,,0.0001634086716204,,,,
Scenario1,0,RE1,,PWRBIO001,,2049,,,,,,,,,,,,,0.0001183308801137,,,,
Scenario1,0,RE1,,PWRBIO001,,2050,,,,,,,,,,,,,8.320963226179667e-05,,,,
Scenario1,0,RE1,,PWRCOA001,,2019,,,,,,,,,,,,,0.0,,,,
Scenario1,0,RE1,,PWRCOA001,,2020,,,,,,,,,,,,,0.0,,,,
Scenario1,0,RE1,,PWRCOA001,,2021,,,,,,,,,,,,,0.0,,,,
Scenario1,0,RE1,,PWRCOA001,,2022,,,,,,,,,,,,,0.0,,,,
Scenario1,0,RE1,,PWRCOA001,,2023,,,,,,,,,,,,,0.0,,,,
Scenario1,0,RE1,,PWRCOA001,,2024,,,,,,,,,,,,,0.0,,,,
Scenario1,0,RE1,,PWRCOA001,,2025,,,,,,,,,,,,,0.0,,,,
Scenario1,0,RE1,,PWRCOA001,,2026,,,,,,,,,,,,,0.0,,,,
Scenario1,0,RE1,,PWRCOA001,,2027,,,,,,,,,,,,,0.0,,,,
Scenario1,0,RE1,,PWRCOA001,,2028,,,,,,,,,,,,,0.0,,,,
Scenario1,0,RE1,,PWRCOA001,,2029,,,,,,,,,,,,,0.0,,,,
Scenario1,0,RE1,,PWRCOA001,,2030,,,,,,,,,,,,,0.0,,,,
Scenario1,0,RE1,,PWRCOA001,,2031,,,,,,,,,,,,,0.0,,,,
Scenario1,0,RE1,,PWRCOA001,,2032,,,,,,,,,,,,,0.0,,,,
Scenario1,0,RE1,,PWRCOA001,,2033,,,,,,,,,,,,,0.0,,,,
Scenario1,0,RE1,,PWRCOA001,,2034,,,,,,,,,,,,,0.0,,,,
Scenario1,0,RE1,,PWRCOA001,,2035,,,,,,,,,,,,,0.0,,,,
Scenario1,0,RE1,,PWRCOA001,,2036,,,,,,,,,,,,,0.0,,,,
Scenario1,0,RE1,,PWRCOA001,,2037,,,,,,,,,,,,,0.0,,,,
Scenario1,0,RE1,,PWRCOA001,,2038,,,,,,,,,,,,,0.0,,,,
Scenario1,0,RE1,,PWRCOA001,,2039,,,,,,,,,,,,,0.0,,,,
Scenario1,0,RE1,,PWRCOA001,,2040,,,,,,,,,,,,,0.0,,,,
Scenario1,0,RE1,,PWRCOA001,,2041,,,,,,,,,,,,,0.0,,,,
Scenario1,0,RE1,,PWRCOA001,,2042,,,,,,,,,,,,,0.0,,,,
Scenario1,0,RE1,,PWRCOA001,,2043,,,,,,,,,,,,,0.0,,,,
Scenario1,0,RE1,,PWRCOA001,,2044,,,,,,,,,,,,,0.0,,,,
Scenario1,0,RE1,,PWRCOA001,,2045,,,,,,,,,,,,,0.0,,,,
Scenario1,0,RE1,,PWRCOA001,,2046,,,,,,,,,,,,,0.0,,,,
Scenario1,0,RE1,,PWRCOA001,,2047,,,,,,,,,,,,,0.0,,,,
Scenario1,0,RE1,,PWRCOA001,,2048,,,,,,,,,,,,,0.0,,,,
Scenario1,0,RE1,,PWRCOA001,,2049,,,,,,,,,,,,,0.0,,,,
Scenario1,0,RE1,,PWRCOA001,,2050,,,,,,,,,,,,,0.0,,,,
Scenario1,0,RE1,,PWRDIST,,2019,,,,,,,,,,,,,0.0045583196407054,,,,
Scenario1,0,RE1,,PWRDIST,,2020,,,,,,,,,,,,,0.0046380216891225,,,,
Scenario1,0,RE1,,PWRDIST,,2021,,,,,,,,,,,,,0.0048433307801728,,,,
Scenario1,0,RE1,,PWRDIST,,2022,,,,,,,,,,,,,0.0049996720953109,,,,
Scenario1,0,RE1,,PWRDIST,,2023,,,,,,,,,,,,,0.0051461790393013,,,,
Scenario1,0,RE1,,PWRDIST,,2024,,,,,,,,,,,,,0.0053168047982551,,,,
Scenario1,0,RE1,,PWRDIST,,2025,,,,,,,,,,,,,0.0055027886710239,,,,
Scenario1,0,RE1,,PWRDIST,,2026,,,,,,,,,,,,,0.0056976389946686,,,,
Scenario1,0,RE1,,PWRDIST,,2027,,,,,,,,,,,,,0.0060198130637974,,,,
Scenario1,0,RE1,,PWRDIST,,2028,,,,,,,,,,,,,0.0063608336951802,,,,
Scenario1,0,RE1,,PWRDIST,,2029,,,,,,,,,,,,,0.0067508674907829,,,,
Scenario1,0,RE1,,PWRDIST,,2030,,,,,,,,,,,,,0.0071694324090121,,,,
Scenario1,0,RE1,,PWRDIST,,2031,,,,,,,,,,,,,0.0075603591907389,,,,
Scenario1,0,RE1,,PWRDIST,,2032,,,,,,,,,,,,,0.0079942829352642,,,,
Scenario1,0,RE1,,PWRDIST,,2033,,,,,,,,,,,,,0.0084341897873259,,,,
Scenario1,0,RE1,,PWRDIST,,2034,,,,,,,,,,,,,0.0089022859607504,,,,
Scenario1,0,RE1,,PWRDIST,,2035,,,,,,,,,,,,,0.0093948405859543,,,,
Scenario1,0,RE1,,PWRDIST,,2036,,,,,,,,,,,,,0.0098943410435718,,,,
Scenario1,0,RE1,,PWRDIST,,2037,,,,,,,,,,,,,0.0104565609887157,,,,
Scenario1,0,RE1,,PWRDIST,,2038,,,,,,,,,,,,,0.0110424047235641,,,,
Scenario1,0,RE1,,PWRDIST,,2039,,,,,,,,,,,,,0.0116619022088784,,,,
Scenario1,0,RE1,,PWRDIST,,2040,,,,,,,,,,,,,0.0123190766923736,,,,
Scenario1,0,RE1,,PWRDIST,,2041,,,,,,,,,,,,,0.0130116841429488,,,,
Scenario1,0,RE1,,PWRDIST,,2042,,,,,,,,,,,,,0.0137288874639307,,,,
Scenario1,0,RE1,,PWRDIST,,2043,,,,,,,,,,,,,0.0144940002135155,,,,
Scenario1,0,RE1,,PWRDIST,,2044,,,,,,,,,,,,,0.0153001172957986,,,,
Scenario1,0,RE1,,PWRDIST,,2045,,,,,,,,,,,,,0.0161528227524499,,,,
Scenario1,0,RE1,,PWRDIST,,2046,,,,,,,,,,,,,0.0170530644818046,,,,
Scenario1,0,RE1,,PWRDIST,,2047,,,,,,,,,,,,,0.0180015942183016,,,,
Scenario1,0,RE1,,PWRDIST,,2048,,,,,,,,,,,,,0.0190049262129737,,,,
Scenario1,0,RE1,,PWRDIST,,2049,,,,,,,,,,,,,0.0200642061724467,,,,
Scenario1,0,RE1,,PWRDIST,,2050,,,,,,,,,,,,,0.0211802966101694,,,,
Scenario1,0,RE1,,PWRGEO001,,2019,,,,,,,,,,,,,4.716747769098538,,,,
Scenario1,0,RE1,,PWRGEO001,,2020,,,,,,,,,,,,,4.71674776909854,,,,
Scenario1,0,RE1,,PWRGEO001,,2021,,,,,,,,,,,,,4.716747769098542,,,,
Scenario1,0,RE1,,PWRGEO001,,2022,,,,,,,,,,,,,5.213404435974926,,,,
Scenario1,0,RE1,,PWRGEO001,,2023,,,,,,,,,,,,,5.213404435974926,,,,
Scenario1,0,RE1,,PWRGEO001,,2024,,,,,,,,,,,,,5.034536488720503,,,,
Scenario1,0,RE1,,PWRGEO001,,2025,,,,,,,,,,,,,0.3893356012612337,,,,
Scenario1,0,RE1,,PWRGEO001,,2026,,,,,,,,,,,,,0.5375205047327264,,,,
Scenario1,0,RE1,,PWRGEO001,,2027,,,,,,,,,,,,,0.9736412738294178,,,,
Scenario1,0,RE1,,PWRGEO001,,2028,,,,,,,,,,,,,1.431808754960524,,,,
Scenario1,0,RE1,,PWRGEO001,,2029,,,,,,,,,,,,,1.9501943487354647,,,,
Scenario1,0,RE1,,PWRGEO001,,2030,,,,,,,,,,,,,2.540308619013657,,,,
Scenario1,0,RE1,,PWRGEO001,,2031,,,,,,,,,,,,,3.017651538605872,,,,
Scenario1,0,RE1,,PWRGEO001,,2032,,,,,,,,,,,,,3.6879719689057215,,,,
Scenario1,0,RE1,,PWRGEO001,,2033,,,,,,,,,,,,,4.372128857388383,,,,
Scenario1,0,RE1,,PWRGEO001,,2034,,,,,,,,,,,,,4.41134725751525,,,,
Scenario1,0,RE1,,PWRGEO001,,2035,,,,,,,,,,,,,5.374790740083045,,,,
Scenario1,0,RE1,,PWRGEO001,,2036,,,,,,,,,,,,,6.619756165759068,,,,
Scenario1,0,RE1,,PWRGEO001,,2037,,,,,,,,,,,,,7.600009285693906,,,,
Scenario1,0,RE1,,PWRGEO001,,2038,,,,,,,,,,,,,7.7431934366429855,,,,
Scenario1,0,RE1,,PWRGEO001,,2039,,,,,,,,,,,,,7.638257574253721,,,,
Scenario1,0,RE1,,PWRGEO001,,2040,,,,,,,,,,,,,6.803540487066523,,,,
Scenario1,0,RE1,,PWRGEO001,,2041,,,,,,,,,,,,,5.6874313853554685,,,,
Scenario1,0,RE1,,PWRGEO001,,2042,,,,,,,,,,,,,5.708155485129013,,,,
Scenario1,0,RE1,,PWRGEO001,,2043,,,,,,,,,,,,,5.300175165398344,,,,
Scenario1,0,RE1,,PWRGEO001,,2044,,,,,,,,,,,,,5.310571318129584,,,,
Scenario1,0,RE1,,PWRGEO001,,2045,,,,,,,,,,,,,4.473487360832546,,,,
Scenario1,0,RE1,,PWRGEO001,,2046,,,,,,,,,,,,,4.473487360832544,,,,
Scenario1,0,RE1,,PWRGEO001,,2047,,,,,,,,,,,,,3.976830693956159,,,,
Scenario1,0,RE1,,PWRGEO001,,2048,,,,,,,,,,,,,3.97683069395616,,,,
Scenario1,0,RE1,,PWRGEO001,,2049,,,,,,,,,,,,,3.976830693956161,,,,
Scenario1,0,RE1,,PWRGEO001,,2050,,,,,,,,,,,,,3.8575853957865576,,,,
Scenario1,0,RE1,,PWRGEO002,,2019,,,,,,,,,,,,,0.0,,,,
Scenario1,0,RE1,,PWRGEO002,,2020,,,,,,,,,,,,,0.0,,,,
Scenario1,0,RE1,,PWRGEO002,,2021,,,,,,,,,,,,,0.0,,,,
Scenario1,0,RE1,,PWRGEO002,,2022,,,,,,,,,,,,,0.0,,,,
Scenario1,0,RE1,,PWRGEO002,,2023,,,,,,,,,,,,,0.2086792717968,,,,
Scenario1,0,RE1,,PWRGEO002,,2024,,,,,,,,,,,,,0.2086792717968,,,,
Scenario1,0,RE1,,PWRGEO002,,2025,,,,,,,,,,,,,0.1283885201232462,,,,
Scenario1,0,RE1,,PWRGEO002,,2026,,,,,,,,,,,,,0.0951882624,,,,
Scenario1,0,RE1,,PWRGEO002,,2027,,,,,,,,,,,,,0.0877943510404128,,,,
Scenario1,0,RE1,,PWRGEO002,,2028,,,,,,,,,,,,,0.1124588379563833,,,,
Scenario1,0,RE1,,PWRGEO002,,2029,,,,,,,,,,,,,0.1864064307513115,,,,
Scenario1,0,RE1,,PWRGEO002,,2030,,,,,,,,,,,,,0.2596047060299414,,,,
Scenario1,0,RE1,,PWRGEO002,,2031,,,,,,,,,,,,,0.2960778201999553,,,,
Scenario1,0,RE1,,PWRGEO002,,2032,,,,,,,,,,,,,0.3872431583999999,,,,
Scenario1,0,RE1,,PWRGEO002,,2033,,,,,,,,,,,,,0.4173585435936001,,,,
Scenario1,0,RE1,,PWRGEO002,,2034,,,,,,,,,,,,,0.4173585435936001,,,,
Scenario1,0,RE1,,PWRGEO002,,2035,,,,,,,,,,,,,0.4173585435936001,,,,
Scenario1,0,RE1,,PWRGEO002,,2036,,,,,,,,,,,,,0.4150579104,,,,
Scenario1,0,RE1,,PWRGEO002,,2037,,,,,,,,,,,,,0.4173585435936001,,,,
Scenario1,0,RE1,,PWRGEO002,,2038,,,,,,,,,,,,,1.2222643062384,,,,
Scenario1,0,RE1,,PWRGEO002,,2039,,,,,,,,,,,,,1.5800002007472007,,,,
Scenario1,0,RE1,,PWRGEO002,,2040,,,,,,,,,,,,,2.6383324902943275,,,,
Scenario1,0,RE1,,PWRGEO002,,2041,,,,,,,,,,,,,2.7724531824432,,,,
Scenario1,0,RE1,,PWRGEO002,,2042,,,,,,,,,,,,,2.7571704048000005,,,,
Scenario1,0,RE1,,PWRGEO002,,2043,,,,,,,,,,,,,2.772453182443201,,,,
Scenario1,0,RE1,,PWRGEO002,,2044,,,,,,,,,,,,,2.7571704048000005,,,,
Scenario1,0,RE1,,PWRGEO002,,2045,,,,,,,,,,,,,2.7724531824432006,,,,
Scenario1,0,RE1,,PWRGEO002,,2046,,,,,,,,,,,,,2.7724531824432006,,,,
Scenario1,0,RE1,,PWRGEO002,,2047,,,,,,,,,,,,,2.7724531824432,,,,
Scenario1,0,RE1,,PWRGEO002,,2048,,,,,,,,,,,,,2.563773910646401,,,,
Scenario1,0,RE1,,PWRGEO002,,2049,,,,,,,,,,,,,2.5637739106463986,,,,
Scenario1,0,RE1,,PWRGEO002,,2050,,,,,,,,,,,,,2.3550946388496,,,,
Scenario1,0,RE1,,PWRGEO003,,2019,,,,,,,,,,,,,0.0,,,,
Scenario1,0,RE1,,PWRGEO003,,2020,,,,,,,,,,,,,0.0,,,,
Scenario1,0,RE1,,PWRGEO003,,2021,,,,,,,,,,,,,0.0,,,,
Scenario1,0,RE1,,PWRGEO003,,2022,,,,,,,,,,,,,0.0,,,,
Scenario1,0,RE1,,PWRGEO003,,2023,,,,,,,,,,,,,0.0,,,,
Scenario1,0,RE1,,PWRGEO003,,2024,,,,,,,,,,,,,0.0,,,,
Scenario1,0,RE1,,PWRGEO003,,2025,,,,,,,,,,,,,0.0,,,,
Scenario1,0,RE1,,PWRGEO003,,2026,,,,,,,,,,,,,0.0,,,,
Scenario1,0,RE1,,PWRGEO003,,2027,,,,,,,,,,,,,0.0,,,,
Scenario1,0,RE1,,PWRGEO003,,2028,,,,,,,,,,,,,0.0,,,,
Scenario1,0,RE1,,PWRGEO003,,2029,,,,,,,,,,,,,0.0,,,,
Scenario1,0,RE1,,PWRGEO003,,2030,,,,,,,,,,,,,0.0,,,,
Scenario1,0,RE1,,PWRGEO003,,2031,,,,,,,,,,,,,0.0,,,,
Scenario1,0,RE1,,PWRGEO003,,2032,,,,,,,,,,,,,0.0,,,,
Scenario1,0,RE1,,PWRGEO003,,2033,,,,,,,,,,,,,0.0,,,,
Scenario1,0,RE1,,PWRGEO003,,2034,,,,,,,,,,,,,0.0,,,,
Scenario1,0,RE1,,PWRGEO003,,2035,,,,,,,,,,,,,0.0,,,,
Scenario1,0,RE1,,PWRGEO003,,2036,,,,,,,,,,,,,0.0,,,,
Scenario1,0,RE1,,PWRGEO003,,2037,,,,,,,,,,,,,0.0,,,,
Scenario1,0,RE1,,PWRGEO003,,2038,,,,,,,,,,,,,0.1967547419798399,,,,
Scenario1,0,RE1,,PWRGEO003,,2039,,,,,,,,,,,,,0.19675474197984,,,,
Scenario1,0,RE1,,PWRGEO003,,2040,,,,,,,,,,,,,0.5962264908480001,,,,
Scenario1,0,RE1,,PWRGEO003,,2041,,,,,,,,,,,,,0.5248221119999998,,,,
Scenario1,0,RE1,,PWRGEO003,,2042,,,,,,,,,,,,,0.5134691519999999,,,,
Scenario1,0,RE1,,PWRGEO003,,2043,,,,,,,,,,,,,0.524822112,,,,
Scenario1,0,RE1,,PWRGEO003,,2044,,,,,,,,,,,,,0.524822112,,,,
Scenario1,0,RE1,,PWRGEO003,,2045,,,,,,,,,,,,,0.5962264908480001,,,,
Scenario1,0,RE1,,PWRGEO003,,2046,,,,,,,,,,,,,0.596226490848,,,,
Scenario1,0,RE1,,PWRGEO003,,2047,,,,,,,,,,,,,0.596226490848,,,,
Scenario1,0,RE1,,PWRGEO003,,2048,,,,,,,,,,,,,0.596226490848,,,,
Scenario1,0,RE1,,PWRGEO003,,2049,,,,,,,,,,,,,0.596226490848,,,,
Scenario1,0,RE1,,PWRGEO003,,2050,,,,,,,,,,,,,0.5962264908480002,,,,
Scenario1,0,RE1,,PWRGEO004,,2019,,,,,,,,,,,,,0.0,,,,
Scenario1,0,RE1,,PWRGEO004,,2020,,,,,,,,,,,,,0.0,,,,
Scenario1,0,RE1,,PWRGEO004,,2021,,,,,,,,,,,,,0.0,,,,
Scenario1,0,RE1,,PWRGEO004,,2022,,,,,,,,,,,,,0.0,,,,
Scenario1,0,RE1,,PWRGEO004,,2023,,,,,,,,,,,,,0.0,,,,
Scenario1,0,RE1,,PWRGEO004,,2024,,,,,,,,,,,,,0.0,,,,
Scenario1,0,RE1,,PWRGEO004,,2025,,,,,,,,,,,,,0.0,,,,
Scenario1,0,RE1,,PWRGEO004,,2026,,,,,,,,,,,,,0.0,,,,
Scenario1,0,RE1,,PWRGEO004,,2027,,,,,,,,,,,,,0.0,,,,
Scenario1,0,RE1,,PWRGEO004,,2028,,,,,,,,,,,,,0.0,,,,
Scenario1,0,RE1,,PWRGEO004,,2029,,,,,,,,,,,,,0.0,,,,
Scenario1,0,RE1,,PWRGEO004,,2030,,,,,,,,,,,,,0.0,,,,
Scenario1,0,RE1,,PWRGEO004,,2031,,,,,,,,,,,,,0.0,,,,
Scenario1,0,RE1,,PWRGEO004,,2032,,,,,,,,,,,,,0.0,,,,
Scenario1,0,RE1,,PWRGEO004,,2033,,,,,,,,,,,,,0.0,,,,
Scenario1,0,RE1,,PWRGEO004,,2034,,,,,,,,,,,,,0.0,,,,
Scenario1,0,RE1,,PWRGEO004,,2035,,,,,,,,,,,,,0.0,,,,
Scenario1,0,RE1,,PWRGEO004,,2036,,,,,,,,,,,,,0.0,,,,
Scenario1,0,RE1,,PWRGEO004,,2037,,,,,,,,,,,,,0.0,,,,
Scenario1,0,RE1,,PWRGEO004,,2038,,,,,,,,,,,,,0.5962264908480002,,,,
Scenario1,0,RE1,,PWRGEO004,,2039,,,,,,,,,,,,,1.1924529816960003,,,,
Scenario1,0,RE1,,PWRGEO004,,2040,,,,,,,,,,,,,1.7886794725440005,,,,
Scenario1,0,RE1,,PWRGEO004,,2041,,,,,,,,,,,,,1.7788196160000007,,,,
Scenario1,0,RE1,,PWRGEO004,,2042,,,,,,,,,,,,,1.7886794725440005,,,,
Scenario1,0,RE1,,PWRGEO004,,2043,,,,,,,,,,,,,1.778819616,,,,
Scenario1,0,RE1,,PWRGEO004,,2044,,,,,,,,,,,,,1.778819616,,,,
Scenario1,0,RE1,,PWRGEO004,,2045,,,,,,,,,,,,,1.788679472544001,,,,
Scenario1,0,RE1,,PWRGEO004,,2046,,,,,,,,,,,,,1.788679472544,,,,
Scenario1,0,RE1,,PWRGEO004,,2047,,,,,,,,,,,,,1.7886794725440005,,,,
Scenario1,0,RE1,,PWRGEO004,,2048,,,,,,,,,,,,,1.7886794725440005,,,,
Scenario1,0,RE1,,PWRGEO004,,2049,,,,,,,,,,,,,1.7886794725440005,,,,
Scenario1,0,RE1,,PWRGEO004,,2050,,,,,,,,,,,,,1.788679472544,,,,
Scenario1,0,RE1,,PWRGEO005,,2019,,,,,,,,,,,,,0.0,,,,
Scenario1,0,RE1,,PWRGEO005,,2020,,,,,,,,,,,,,0.0,,,,
Scenario1,0,RE1,,PWRGEO005,,2021,,,,,,,,,,,,,0.0,,,,
Scenario1,0,RE1,,PWRGEO005,,2022,,,,,,,,,,,,,0.0,,,,
Scenario1,0,RE1,,PWRGEO005,,2023,,,,,,,,,,,,,0.0,,,,
Scenario1,0,RE1,,PWRGEO005,,2024,,,,,,,,,,,,,0.0,,,,
Scenario1,0,RE1,,PWRGEO005,,2025,,,,,,,,,,,,,0.0,,,,
Scenario1,0,RE1,,PWRGEO005,,2026,,,,,,,,,,,,,0.0,,,,
Scenario1,0,RE1,,PWRGEO005,,2027,,,,,,,,,,,,,0.0,,,,
Scenario1,0,RE1,,PWRGEO005,,2028,,,,,,,,,,,,,0.0,,,,
Scenario1,0,RE1,,PWRGEO005,,2029,,,,,,,,,,,,,0.0,,,,
Scenario1,0,RE1,,PWRGEO005,,2030,,,,,,,,,,,,,0.0,,,,
Scenario1,0,RE1,,PWRGEO005,,2031,,,,,,,,,,,,,0.0,,,,
Scenario1,0,RE1,,PWRGEO005,,2032,,,,,,,,,,,,,0.0,,,,
Scenario1,0,RE1,,PWRGEO005,,2033,,,,,,,,,,,,,0.0,,,,
Scenario1,0,RE1,,PWRGEO005,,2034,,,,,,,,,,,,,0.0,,,,
Scenario1,0,RE1,,PWRGEO005,,2035,,,,,,,,,,,,,0.0,,,,
Scenario1,0,RE1,,PWRGEO005,,2036,,,,,,,,,,,,,0.0,,,,
Scenario1,0,RE1,,PWRGEO005,,2037,,,,,,,,,,,,,0.0,,,,
Scenario1,0,RE1,,PWRGEO005,,2038,,,,,,,,,,,,,0.0,,,,
Scenario1,0,RE1,,PWRGEO005,,2039,,,,,,,,,,,,,0.0265519659580497,,,,
Scenario1,0,RE1,,PWRGEO005,,2040,,,,,,,,,,,,,0.0265519659580497,,,,
Scenario1,0,RE1,,PWRGEO005,,2041,,,,,,,,,,,,,0.3330706176000002,,,,
Scenario1,0,RE1,,PWRGEO005,,2042,,,,,,,,,,,,,0.3673754784000001,,,,
Scenario1,0,RE1,,PWRGEO005,,2043,,,,,,,,,,,,,0.3594284064000002,,,,
Scenario1,0,RE1,,PWRGEO005,,2044,,,,,,,,,,,,,0.3594284064000001,,,,
Scenario1,0,RE1,,PWRGEO005,,2045,,,,,,,,,,,,,0.4173585435936002,,,,
Scenario1,0,RE1,,PWRGEO005,,2046,,,,,,,,,,,,,0.4173585435936,,,,
Scenario1,0,RE1,,PWRGEO005,,2047,,,,,,,,,,,,,0.4173585435936,,,,
Scenario1,0,RE1,,PWRGEO005,,2048,,,,,,,,,,,,,0.4173585435936002,,,,
Scenario1,0,RE1,,PWRGEO005,,2049,,,,,,,,,,,,,0.4173585435936001,,,,
Scenario1,0,RE1,,PWRGEO005,,2050,,,,,,,,,,,,,0.4173585435936,,,,
Scenario1,0,RE1,,PWRGEO006,,2019,,,,,,,,,,,,,0.0,,,,
Scenario1,0,RE1,,PWRGEO006,,2020,,,,,,,,,,,,,0.0,,,,
Scenario1,0,RE1,,PWRGEO006,,2021,,,,,,,,,,,,,0.0,,,,
Scenario1,0,RE1,,PWRGEO006,,2022,,,,,,,,,,,,,0.0,,,,
Scenario1,0,RE1,,PWRGEO006,,2023,,,,,,,,,,,,,0.0,,,,
Scenario1,0,RE1,,PWRGEO006,,2024,,,,,,,,,,,,,0.0,,,,
Scenario1,0,RE1,,PWRGEO006,,2025,,,,,,,,,,,,,0.0,,,,
Scenario1,0,RE1,,PWRGEO006,,2026,,,,,,,,,,,,,0.0,,,,
Scenario1,0,RE1,,PWRGEO006,,2027,,,,,,,,,,,,,0.0,,,,
Scenario1,0,RE1,,PWRGEO006,,2028,,,,,,,,,,,,,0.0,,,,
Scenario1,0,RE1,,PWRGEO006,,2029,,,,,,,,,,,,,0.0,,,,
Scenario1,0,RE1,,PWRGEO006,,2030,,,,,,,,,,,,,0.0,,,,
Scenario1,0,RE1,,PWRGEO006,,2031,,,,,,,,,,,,,0.0,,,,
Scenario1,0,RE1,,PWRGEO006,,2032,,,,,,,,,,,,,0.0,,,,
Scenario1,0,RE1,,PWRGEO006,,2033,,,,,,,,,,,,,0.0,,,,
Scenario1,0,RE1,,PWRGEO006,,2034,,,,,,,,,,,,,0.0,,,,
Scenario1,0,RE1,,PWRGEO006,,2035,,,,,,,,,,,,,0.0,,,,
Scenario1,0,RE1,,PWRGEO006,,2036,,,,,,,,,,,,,0.0,,,,
Scenario1,0,RE1,,PWRGEO006,,2037,,,,,,,,,,,,,0.0,,,,
Scenario1,0,RE1,,PWRGEO006,,2038,,,,,,,,,,,,,0.0,,,,
Scenario1,0,RE1,,PWRGEO006,,2039,,,,,,,,,,,,,0.0,,,,
Scenario1,0,RE1,,PWRGEO006,,2040,,,,,,,,,,,,,0.0,,,,
Scenario1,0,RE1,,PWRGEO006,,2041,,,,,,,,,,,,,1.2395232462154435,,,,
Scenario1,0,RE1,,PWRGEO006,,2042,,,,,,,,,,,,,2.858180630330859,,,,
Scenario1,0,RE1,,PWRGEO006,,2043,,,,,,,,,,,,,4.587288983656925,,,,
Scenario1,0,RE1,,PWRGEO006,,2044,,,,,,,,,,,,,5.984685717176021,,,,
Scenario1,0,RE1,,PWRGEO006,,2045,,,,,,,,,,,,,9.808800338932231,,,,
Scenario1,0,RE1,,PWRGEO006,,2046,,,,,,,,,,,,,11.44269165767486,,,,
Scenario1,0,RE1,,PWRGEO006,,2047,,,,,,,,,,,,,13.516789907218245,,,,
Scenario1,0,RE1,,PWRGEO006,,2048,,,,,,,,,,,,,15.39360851242293,,,,
Scenario1,0,RE1,,PWRGEO006,,2049,,,,,,,,,,,,,17.15080466836233,,,,
Scenario1,0,RE1,,PWRGEO006,,2050,,,,,,,,,,,,,19.28957240694747,,,,
Scenario1,0,RE1,,PWRGEO007,,2019,,,,,,,,,,,,,0.0,,,,
Scenario1,0,RE1,,PWRGEO007,,2020,,,,,,,,,,,,,0.0,,,,
Scenario1,0,RE1,,PWRGEO007,,2021,,,,,,,,,,,,,0.0,,,,
Scenario1,0,RE1,,PWRGEO007,,2022,,,,,,,,,,,,,0.0,,,,
Scenario1,0,RE1,,PWRGEO007,,2023,,,,,,,,,,,,,0.0,,,,
Scenario1,0,RE1,,PWRGEO007,,2024,,,,,,,,,,,,,0.0,,,,
Scenario1,0,RE1,,PWRGEO007,,2025,,,,,,,,,,,,,0.0,,,,
Scenario1,0,RE1,,PWRGEO007,,2026,,,,,,,,,,,,,0.0,,,,
Scenario1,0,RE1,,PWRGEO007,,2027,,,,,,,,,,,,,0.0,,,,
Scenario1,0,RE1,,PWRGEO007,,2028,,,,,,,,,,,,,0.0,,,,
Scenario1,0,RE1,,PWRGEO007,,2029,,,,,,,,,,,,,0.0,,,,
Scenario1,0,RE1,,PWRGEO007,,2030,,,,,,,,,,,,,0.0,,,,
Scenario1,0,RE1,,PWRGEO007,,2031,,,,,,,,,,,,,0.0,,,,
Scenario1,0,RE1,,PWRGEO007,,2032,,,,,,,,,,,,,0.0,,,,
Scenario1,0,RE1,,PWRGEO007,,2033,,,,,,,,,,,,,0.0,,,,
Scenario1,0,RE1,,PWRGEO007,,2034,,,,,,,,,,,,,0.0,,,,
Scenario1,0,RE1,,PWRGEO007,,2035,,,,,,,,,,,,,0.0,,,,
Scenario1,0,RE1,,PWRGEO007,,2036,,,,,,,,,,,,,0.0,,,,
Scenario1,0,RE1,,PWRGEO007,,2037,,,,,,,,,,,,,0.0,,,,
Scenario1,0,RE1,,PWRGEO007,,2038,,,,,,,,,,,,,0.0,,,,
Scenario1,0,RE1,,PWRGEO007,,2039,,,,,,,,,,,,,0.0,,,,
Scenario1,0,RE1,,PWRGEO007,,2040,,,,,,,,,,,,,0.0,,,,
Scenario1,0,RE1,,PWRGEO007,,2041,,,,,,,,,,,,,0.0,,,,
Scenario1,0,RE1,,PWRGEO007,,2042,,,,,,,,,,,,,0.0,,,,
Scenario1,0,RE1,,PWRGEO007,,2043,,,,,,,,,,,,,0.0,,,,
Scenario1,0,RE1,,PWRGEO007,,2044,,,,,,,,,,,,,0.0,,,,
Scenario1,0,RE1,,PWRGEO007,,2045,,,,,,,,,,,,,0.0,,,,
Scenario1,0,RE1,,PWRGEO007,,2046,,,,,,,,,,,,,0.0,,,,
Scenario1,0,RE1,,PWRGEO007,,2047,,,,,,,,,,,,,0.0,,,,
Scenario1,0,RE1,,PWRGEO007,,2048,,,,,,,,,,,,,0.0,,,,
Scenario1,0,RE1,,PWRGEO007,,2049,,,,,,,,,,,,,0.0,,,,
Scenario1,0,RE1,,PWRGEO007,,2050,,,,,,,,,,,,,0.0,,,,
Scenario1,0,RE1,,PWRHFO001,,2019,,,,,,,,,,,,,11.916532120717266,,,,
Scenario1,0,RE1,,PWRHFO001,,2020,,,,,,,,,,,,,13.949492586301645,,,,
Scenario1,0,RE1,,PWRHFO001,,2021,,,,,,,,,,,,,14.457510750215055,,,,
Scenario1,0,RE1,,PWRHFO001,,2022,,,,,,,,,,,,,4.091974703682178,,,,
Scenario1,0,RE1,,PWRHFO001,,2023,,,,,,,,,,,,,4.305982224170075,,,,
Scenario1,0,RE1,,PWRHFO001,,2024,,,,,,,,,,,,,6.7295756443012005,,,,
Scenario1,0,RE1,,PWRHFO001,,2025,,,,,,,,,,,,,0.0,,,,
Scenario1,0,RE1,,PWRHFO001,,2026,,,,,,,,,,,,,0.0,,,,
Scenario1,0,RE1,,PWRHFO001,,2027,,,,,,,,,,,,,0.0,,,,
Scenario1,0,RE1,,PWRHFO001,,2028,,,,,,,,,,,,,0.0,,,,
Scenario1,0,RE1,,PWRHFO001,,2029,,,,,,,,,,,,,0.0,,,,
Scenario1,0,RE1,,PWRHFO001,,2030,,,,,,,,,,,,,0.0,,,,
Scenario1,0,RE1,,PWRHFO001,,2031,,,,,,,,,,,,,0.1357794909235633,,,,
Scenario1,0,RE1,,PWRHFO001,,2032,,,,,,,,,,,,,0.357245913024361,,,,
Scenario1,0,RE1,,PWRHFO001,,2033,,,,,,,,,,,,,0.9860346921475502,,,,
Scenario1,0,RE1,,PWRHFO001,,2034,,,,,,,,,,,,,1.023025843509513,,,,
Scenario1,0,RE1,,PWRHFO001,,2035,,,,,,,,,,,,,0.7255257937919999,,,,
Scenario1,0,RE1,,PWRHFO001,,2036,,,,,,,,,,,,,0.0,,,,
Scenario1,0,RE1,,PWRHFO001,,2037,,,,,,,,,,,,,0.0,,,,
Scenario1,0,RE1,,PWRHFO001,,2038,,,,,,,,,,,,,0.0,,,,
Scenario1,0,RE1,,PWRHFO001,,2039,,,,,,,,,,,,,0.0,,,,
Scenario1,0,RE1,,PWRHFO001,,2040,,,,,,,,,,,,,0.0,,,,
Scenario1,0,RE1,,PWRHFO001,,2041,,,,,,,,,,,,,0.0,,,,
Scenario1,0,RE1,,PWRHFO001,,2042,,,,,,,,,,,,,0.0,,,,
Scenario1,0,RE1,,PWRHFO001,,2043,,,,,,,,,,,,,0.0,,,,
Scenario1,0,RE1,,PWRHFO001,,2044,,,,,,,,,,,,,0.0,,,,
Scenario1,0,RE1,,PWRHFO001,,2045,,,,,,,,,,,,,0.0,,,,
Scenario1,0,RE1,,PWRHFO001,,2046,,,,,,,,,,,,,0.0,,,,
Scenario1,0,RE1,,PWRHFO001,,2047,,,,,,,,,,,,,0.0,,,,
Scenario1,0,RE1,,PWRHFO001,,2048,,,,,,,,,,,,,0.0,,,,
Scenario1,0,RE1,,PWRHFO001,,2049,,,,,,,,,,,,,0.0,,,,
Scenario1,0,RE1,,PWRHFO001,,2050,,,,,,,,,,,,,0.0,,,,
Scenario1,0,RE1,,PWRHYD001,,2019,,,,,,,,,,,,,0.2793433389637739,,,,
Scenario1,0,RE1,,PWRHYD001,,2020,,,,,,,,,,,,,0.279343338963774,,,,
Scenario1,0,RE1,,PWRHYD001,,2021,,,,,,,,,,,,,0.2793433389637741,,,,
Scenario1,0,RE1,,PWRHYD001,,2022,,,,,,,,,,,,,0.2793433389637741,,,,
Scenario1,0,RE1,,PWRHYD001,,2023,,,,,,,,,,,,,0.279343338963774,,,,
Scenario1,0,RE1,,PWRHYD001,,2024,,,,,,,,,,,,,0.2793433389637743,,,,
Scenario1,0,RE1,,PWRHYD001,,2025,,,,,,,,,,,,,0.1404614280753969,,,,
Scenario1,0,RE1,,PWRHYD001,,2026,,,,,,,,,,,,,0.15109109805744,,,,
Scenario1,0,RE1,,PWRHYD001,,2027,,,,,,,,,,,,,0.1613132297305883,,,,
Scenario1,0,RE1,,PWRHYD001,,2028,,,,,,,,,,,,,0.1690747897999883,,,,
Scenario1,0,RE1,,PWRHYD001,,2029,,,,,,,,,,,,,0.1854290706167519,,,,
Scenario1,0,RE1,,PWRHYD001,,2030,,,,,,,,,,,,,0.1983902152439519,,,,
Scenario1,0,RE1,,PWRHYD001,,2031,,,,,,,,,,,,,0.2282536603427039,,,,
Scenario1,0,RE1,,PWRHYD001,,2032,,,,,,,,,,,,,0.2793433389637739,,,,
Scenario1,0,RE1,,PWRHYD001,,2033,,,,,,,,,,,,,0.2793433389637741,,,,
Scenario1,0,RE1,,PWRHYD001,,2034,,,,,,,,,,,,,0.2793433389637741,,,,
Scenario1,0,RE1,,PWRHYD001,,2035,,,,,,,,,,,,,0.2793433389637741,,,,
Scenario1,0,RE1,,PWRHYD001,,2036,,,,,,,,,,,,,0.279343338963774,,,,
Scenario1,0,RE1,,PWRHYD001,,2037,,,,,,,,,,,,,0.2793433389637741,,,,
Scenario1,0,RE1,,PWRHYD001,,2038,,,,,,,,,,,,,0.279343338963774,,,,
Scenario1,0,RE1,,PWRHYD001,,2039,,,,,,,,,,,,,0.2793433389637741,,,,
Scenario1,0,RE1,,PWRHYD001,,2040,,,,,,,,,,,,,0.279343338963774,,,,
Scenario1,0,RE1,,PWRHYD001,,2041,,,,,,,,,,,,,0.2793433389637741,,,,
Scenario1,0,RE1,,PWRHYD001,,2042,,,,,,,,,,,,,0.0558686677927546,,,,
Scenario1,0,RE1,,PWRHYD001,,2043,,,,,,,,,,,,,0.0558686677927546,,,,
Scenario1,0,RE1,,PWRHYD001,,2044,,,,,,,,,,,,,0.0558686677927547,,,,
Scenario1,0,RE1,,PWRHYD001,,2045,,,,,,,,,,,,,0.0558686677927546,,,,
Scenario1,0,RE1,,PWRHYD001,,2046,,,,,,,,,,,,,0.0558686677927546,,,,
Scenario1,0,RE1,,PWRHYD001,,2047,,,,,,,,,,,,,0.0558686677927547,,,,
Scenario1,0,RE1,,PWRHYD001,,2048,,,,,,,,,,,,,0.0558686677927546,,,,
Scenario1,0,RE1,,PWRHYD001,,2049,,,,,,,,,,,,,0.0558686677927547,,,,
Scenario1,0,RE1,,PWRHYD001,,2050,,,,,,,,,,,,,0.0558686677927546,,,,
Scenario1,0,RE1,,PWRHYD002,,2019,,,,,,,,,,,,,1.2651929855752762,,,,
Scenario1,0,RE1,,PWRHYD002,,2020,,,,,,,,,,,,,1.265192985575276,,,,
Scenario1,0,RE1,,PWRHYD002,,2021,,,,,,,,,,,,,1.265192985575276,,,,
Scenario1,0,RE1,,PWRHYD002,,2022,,,,,,,,,,,,,1.2651929855752762,,,,
Scenario1,0,RE1,,PWRHYD002,,2023,,,,,,,,,,,,,1.2651929855752757,,,,
Scenario1,0,RE1,,PWRHYD002,,2024,,,,,,,,,,,,,1.2651929855752764,,,,
Scenario1,0,RE1,,PWRHYD002,,2025,,,,,,,,,,,,,0.7297261777030004,,,,
Scenario1,0,RE1,,PWRHYD002,,2026,,,,,,,,,,,,,0.6995515246624645,,,,
Scenario1,0,RE1,,PWRHYD002,,2027,,,,,,,,,,,,,0.6963813865294746,,,,
Scenario1,0,RE1,,PWRHYD002,,2028,,,,,,,,,,,,,0.7424582546405208,,,,
Scenario1,0,RE1,,PWRHYD002,,2029,,,,,,,,,,,,,0.857517938232341,,,,
Scenario1,0,RE1,,PWRHYD002,,2030,,,,,,,,,,,,,0.98353410982086,,,,
Scenario1,0,RE1,,PWRHYD002,,2031,,,,,,,,,,,,,1.1730476841386483,,,,
Scenario1,0,RE1,,PWRHYD002,,2032,,,,,,,,,,,,,1.2651929855752757,,,,
Scenario1,0,RE1,,PWRHYD002,,2033,,,,,,,,,,,,,1.2651929855752762,,,,
Scenario1,0,RE1,,PWRHYD002,,2034,,,,,,,,,,,,,1.2651929855752762,,,,
Scenario1,0,RE1,,PWRHYD002,,2035,,,,,,,,,,,,,1.2651929855752762,,,,
Scenario1,0,RE1,,PWRHYD002,,2036,,,,,,,,,,,,,1.2651929855752762,,,,
Scenario1,0,RE1,,PWRHYD002,,2037,,,,,,,,,,,,,1.2651929855752762,,,,
Scenario1,0,RE1,,PWRHYD002,,2038,,,,,,,,,,,,,1.2651929855752766,,,,
Scenario1,0,RE1,,PWRHYD002,,2039,,,,,,,,,,,,,1.2651929855752762,,,,
Scenario1,0,RE1,,PWRHYD002,,2040,,,,,,,,,,,,,1.2651929855752766,,,,
Scenario1,0,RE1,,PWRHYD002,,2041,,,,,,,,,,,,,1.2651929855752762,,,,
Scenario1,0,RE1,,PWRHYD002,,2042,,,,,,,,,,,,,1.2651929855752762,,,,
Scenario1,0,RE1,,PWRHYD002,,2043,,,,,,,,,,,,,1.265192985575276,,,,
Scenario1,0,RE1,,PWRHYD002,,2044,,,,,,,,,,,,,1.2651929855752764,,,,
Scenario1,0,RE1,,PWRHYD002,,2045,,,,,,,,,,,,,1.2651929855752762,,,,
Scenario1,0,RE1,,PWRHYD002,,2046,,,,,,,,,,,,,1.265192985575276,,,,
Scenario1,0,RE1,,PWRHYD002,,2047,,,,,,,,,,,,,1.2651929855752762,,,,
Scenario1,0,RE1,,PWRHYD002,,2048,,,,,,,,,,,,,1.2651929855752762,,,,
Scenario1,0,RE1,,PWRHYD002,,2049,,,,,,,,,,,,,1.265192985575276,,,,
Scenario1,0,RE1,,PWRHYD002,,2050,,,,,,,,,,,,,1.2651929855752764,,,,
Scenario1,0,RE1,,PWRHYD003,,2019,,,,,,,,,,,,,0.2430683063730699,,,,
Scenario1,0,RE1,,PWRHYD003,,2020,,,,,,,,,,,,,0.2430683063730699,,,,
Scenario1,0,RE1,,PWRHYD003,,2021,,,,,,,,,,,,,0.2430683063730699,,,,
Scenario1,0,RE1,,PWRHYD003,,2022,,,,,,,,,,,,,0.24306830637307,,,,
Scenario1,0,RE1,,PWRHYD003,,2023,,,,,,,,,,,,,0.24306830637307,,,,
Scenario1,0,RE1,,PWRHYD003,,2024,,,,,,,,,,,,,0.2430683063730699,,,,
Scenario1,0,RE1,,PWRHYD003,,2025,,,,,,,,,,,,,0.1631136524637214,,,,
Scenario1,0,RE1,,PWRHYD003,,2026,,,,,,,,,,,,,0.1376308084067617,,,,
Scenario1,0,RE1,,PWRHYD003,,2027,,,,,,,,,,,,,0.1245579714657935,,,,
Scenario1,0,RE1,,PWRHYD003,,2028,,,,,,,,,,,,,0.1384603315207751,,,,
Scenario1,0,RE1,,PWRHYD003,,2029,,,,,,,,,,,,,0.1719797618884463,,,,
Scenario1,0,RE1,,PWRHYD003,,2030,,,,,,,,,,,,,0.1893715224175203,,,,
Scenario1,0,RE1,,PWRHYD003,,2031,,,,,,,,,,,,,0.2218347448621415,,,,
Scenario1,0,RE1,,PWRHYD003,,2032,,,,,,,,,,,,,0.2430683063730699,,,,
Scenario1,0,RE1,,PWRHYD003,,2033,,,,,,,,,,,,,0.24306830637307,,,,
Scenario1,0,RE1,,PWRHYD003,,2034,,,,,,,,,,,,,0.24306830637307,,,,
Scenario1,0,RE1,,PWRHYD003,,2035,,,,,,,,,,,,,0.24306830637307,,,,
Scenario1,0,RE1,,PWRHYD003,,2036,,,,,,,,,,,,,0.2430683063730699,,,,
Scenario1,0,RE1,,PWRHYD003,,2037,,,,,,,,,,,,,0.24306830637307,,,,
Scenario1,0,RE1,,PWRHYD003,,2038,,,,,,,,,,,,,0.24306830637307,,,,
Scenario1,0,RE1,,PWRHYD003,,2039,,,,,,,,,,,,,0.24306830637307,,,,
Scenario1,0,RE1,,PWRHYD003,,2040,,,,,,,,,,,,,0.2430683063730699,,,,
Scenario1,0,RE1,,PWRHYD003,,2041,,,,,,,,,,,,,0.24306830637307,,,,
Scenario1,0,RE1,,PWRHYD003,,2042,,,,,,,,,,,,,0.2430683063730699,,,,
Scenario1,0,RE1,,PWRHYD003,,2043,,,,,,,,,,,,,0.2430683063730699,,,,
Scenario1,0,RE1,,PWRHYD003,,2044,,,,,,,,,,,,,0.2430683063730699,,,,
Scenario1,0,RE1,,PWRHYD003,,2045,,,,,,,,,,,,,0.2430683063730699,,,,
Scenario1,0,RE1,,PWRHYD003,,2046,,,,,,,,,,,,,0.24306830637307,,,,
Scenario1,0,RE1,,PWRHYD003,,2047,,,,,,,,,,,,,0.24306830637307,,,,
Scenario1,0,RE1,,PWRHYD003,,2048,,,,,,,,,,,,,0.24306830637307,,,,
Scenario1,0,RE1,,PWRHYD003,,2049,,,,,,,,,,,,,0.2430683063730699,,,,
Scenario1,0,RE1,,PWRHYD003,,2050,,,,,,,,,,,,,0.2430683063730699,,,,
Scenario1,0,RE1,,PWRHYD004,,2019,,,,,,,,,,,,,0.0,,,,
Scenario1,0,RE1,,PWRHYD004,,2020,,,,,,,,,,,,,0.0,,,,
Scenario1,0,RE1,,PWRHYD004,,2021,,,,,,,,,,,,,0.0,,,,
Scenario1,0,RE1,,PWRHYD004,,2022,,,,,,,,,,,,,0.0,,,,
Scenario1,0,RE1,,PWRHYD004,,2023,,,,,,,,,,,,,0.0,,,,
Scenario1,0,RE1,,PWRHYD004,,2024,,,,,,,,,,,,,0.0,,,,
Scenario1,0,RE1,,PWRHYD004,,2025,,,,,,,,,,,,,0.0,,,,
Scenario1,0,RE1,,PWRHYD004,,2026,,,,,,,,,,,,,0.0,,,,
Scenario1,0,RE1,,PWRHYD004,,2027,,,,,,,,,,,,,0.0,,,,
Scenario1,0,RE1,,PWRHYD004,,2028,,,,,,,,,,,,,0.0,,,,
Scenario1,0,RE1,,PWRHYD004,,2029,,,,,,,,,,,,,0.0,,,,
Scenario1,0,RE1,,PWRHYD004,,2030,,,,,,,,,,,,,0.0,,,,
Scenario1,0,RE1,,PWRHYD004,,2031,,,,,,,,,,,,,0.0,,,,
Scenario1,0,RE1,,PWRHYD004,,2032,,,,,,,,,,,,,0.0,,,,
Scenario1,0,RE1,,PWRHYD004,,2033,,,,,,,,,,,,,0.0,,,,
Scenario1,0,RE1,,PWRHYD004,,2034,,,,,,,,,,,,,0.0,,,,
Scenario1,0,RE1,,PWRHYD004,,2035,,,,,,,,,,,,,0.0,,,,
Scenario1,0,RE1,,PWRHYD004,,2036,,,,,,,,,,,,,0.0,,,,
Scenario1,0,RE1,,PWRHYD004,,2037,,,,,,,,,,,,,0.0,,,,
Scenario1,0,RE1,,PWRHYD004,,2038,,,,,,,,,,,,,0.0,,,,
Scenario1,0,RE1,,PWRHYD004,,2039,,,,,,,,,,,,,0.0,,,,
Scenario1,0,RE1,,PWRHYD004,,2040,,,,,,,,,,,,,0.0,,,,
Scenario1,0,RE1,,PWRHYD004,,2041,,,,,,,,,,,,,0.0,,,,
Scenario1,0,RE1,,PWRHYD004,,2042,,,,,,,,,,,,,0.0,,,,
Scenario1,0,RE1,,PWRHYD004,,2043,,,,,,,,,,,,,0.0,,,,
Scenario1,0,RE1,,PWRHYD004,,2044,,,,,,,,,,,,,0.0,,,,
Scenario1,0,RE1,,PWRHYD004,,2045,,,,,,,,,,,,,0.0,,,,
Scenario1,0,RE1,,PWRHYD004,,2046,,,,,,,,,,,,,0.0,,,,
Scenario1,0,RE1,,PWRHYD004,,2047,,,,,,,,,,,,,0.0,,,,
Scenario1,0,RE1,,PWRHYD004,,2048,,,,,,,,,,,,,0.0,,,,
Scenario1,0,RE1,,PWRHYD004,,2049,,,,,,,,,,,,,0.0,,,,
Scenario1,0,RE1,,PWRHYD004,,2050,,,,,,,,,,,,,0.0,,,,
Scenario1,0,RE1,,PWRHYD005,,2019,,,,,,,,,,,,,0.0360325383565286,,,,
Scenario1,0,RE1,,PWRHYD005,,2020,,,,,,,,,,,,,0.0360325383565286,,,,
Scenario1,0,RE1,,PWRHYD005,,2021,,,,,,,,,,,,,0.0360325383565286,,,,
Scenario1,0,RE1,,PWRHYD005,,2022,,,,,,,,,,,,,0.0360325383565286,,,,
Scenario1,0,RE1,,PWRHYD005,,2023,,,,,,,,,,,,,0.049521642459229,,,,
Scenario1,0,RE1,,PWRHYD005,,2024,,,,,,,,,,,,,0.054141198658784,,,,
Scenario1,0,RE1,,PWRHYD005,,2025,,,,,,,,,,,,,0.0406663644828775,,,,
Scenario1,0,RE1,,PWRHYD005,,2026,,,,,,,,,,,,,0.0360213204525851,,,,
Scenario1,0,RE1,,PWRHYD005,,2027,,,,,,,,,,,,,0.045047373725547,,,,
Scenario1,0,RE1,,PWRHYD005,,2028,,,,,,,,,,,,,0.053169685015475,,,,
Scenario1,0,RE1,,PWRHYD005,,2029,,,,,,,,,,,,,0.0694867527577332,,,,
Scenario1,0,RE1,,PWRHYD005,,2030,,,,,,,,,,,,,0.1258374021457164,,,,
Scenario1,0,RE1,,PWRHYD005,,2031,,,,,,,,,,,,,0.2046813912272105,,,,
Scenario1,0,RE1,,PWRHYD005,,2032,,,,,,,,,,,,,0.2442821318324657,,,,
Scenario1,0,RE1,,PWRHYD005,,2033,,,,,,,,,,,,,0.2991624594831785,,,,
Scenario1,0,RE1,,PWRHYD005,,2034,,,,,,,,,,,,,0.3403689007832088,,,,
Scenario1,0,RE1,,PWRHYD005,,2035,,,,,,,,,,,,,0.3935861882020817,,,,
Scenario1,0,RE1,,PWRHYD005,,2036,,,,,,,,,,,,,0.4390426212057025,,,,
Scenario1,0,RE1,,PWRHYD005,,2037,,,,,,,,,,,,,0.4390426212057025,,,,
Scenario1,0,RE1,,PWRHYD005,,2038,,,,,,,,,,,,,0.4390426212057023,,,,
Scenario1,0,RE1,,PWRHYD005,,2039,,,,,,,,,,,,,0.4390426212057025,,,,
Scenario1,0,RE1,,PWRHYD005,,2040,,,,,,,,,,,,,0.4390426212057022,,,,
Scenario1,0,RE1,,PWRHYD005,,2041,,,,,,,,,,,,,0.4390426212057025,,,,
Scenario1,0,RE1,,PWRHYD005,,2042,,,,,,,,,,,,,0.4390426212057024,,,,
Scenario1,0,RE1,,PWRHYD005,,2043,,,,,,,,,,,,,0.4390426212057023,,,,
Scenario1,0,RE1,,PWRHYD005,,2044,,,,,,,,,,,,,0.4390426212057022,,,,
Scenario1,0,RE1,,PWRHYD005,,2045,,,,,,,,,,,,,0.4390426212057025,,,,
Scenario1,0,RE1,,PWRHYD005,,2046,,,,,,,,,,,,,0.4390426212057023,,,,
Scenario1,0,RE1,,PWRHYD005,,2047,,,,,,,,,,,,,0.4390426212057026,,,,
Scenario1,0,RE1,,PWRHYD005,,2048,,,,,,,,,,,,,0.4390426212057026,,,,
Scenario1,0,RE1,,PWRHYD005,,2049,,,,,,,,,,,,,0.4390426212057025,,,,
Scenario1,0,RE1,,PWRHYD005,,2050,,,,,,,,,,,,,0.4390426212057025,,,,
Scenario1,0,RE1,,PWRLFO001,,2019,,,,,,,,,,,,,0.0,,,,
Scenario1,0,RE1,,PWRLFO001,,2020,,,,,,,,,,,,,0.0,,,,
Scenario1,0,RE1,,PWRLFO001,,2021,,,,,,,,,,,,,0.0,,,,
Scenario1,0,RE1,,PWRLFO001,,2022,,,,,,,,,,,,,0.0,,,,
Scenario1,0,RE1,,PWRLFO001,,2023,,,,,,,,,,,,,0.0,,,,
Scenario1,0,RE1,,PWRLFO001,,2024,,,,,,,,,,,,,0.0,,,,
Scenario1,0,RE1,,PWRLFO001,,2025,,,,,,,,,,,,,0.0,,,,
Scenario1,0,RE1,,PWRLFO001,,2026,,,,,,,,,,,,,0.0,,,,
Scenario1,0,RE1,,PWRLFO001,,2027,,,,,,,,,,,,,0.0,,,,
Scenario1,0,RE1,,PWRLFO001,,2028,,,,,,,,,,,,,0.0,,,,
Scenario1,0,RE1,,PWRLFO001,,2029,,,,,,,,,,,,,0.0,,,,
Scenario1,0,RE1,,PWRLFO001,,2030,,,,,,,,,,,,,0.0,,,,
Scenario1,0,RE1,,PWRLFO001,,2031,,,,,,,,,,,,,0.0,,,,
Scenario1,0,RE1,,PWRLFO001,,2032,,,,,,,,,,,,,0.0,,,,
Scenario1,0,RE1,,PWRLFO001,,2033,,,,,,,,,,,,,0.0,,,,
Scenario1,0,RE1,,PWRLFO001,,2034,,,,,,,,,,,,,0.0,,,,
Scenario1,0,RE1,,PWRLFO001,,2035,,,,,,,,,,,,,0.0,,,,
Scenario1,0,RE1,,PWRLFO001,,2036,,,,,,,,,,,,,0.0,,,,
Scenario1,0,RE1,,PWRLFO001,,2037,,,,,,,,,,,,,0.0,,,,
Scenario1,0,RE1,,PWRLFO001,,2038,,,,,,,,,,,,,0.0,,,,
Scenario1,0,RE1,,PWRLFO001,,2039,,,,,,,,,,,,,0.0,,,,
Scenario1,0,RE1,,PWRLFO001,,2040,,,,,,,,,,,,,0.0,,,,
Scenario1,0,RE1,,PWRLFO001,,2041,,,,,,,,,,,,,0.0,,,,
Scenario1,0,RE1,,PWRLFO001,,2042,,,,,,,,,,,,,0.0,,,,
Scenario1,0,RE1,,PWRLFO001,,2043,,,,,,,,,,,,,0.0,,,,
Scenario1,0,RE1,,PWRLFO001,,2044,,,,,,,,,,,,,0.0,,,,
Scenario1,0,RE1,,PWRLFO001,,2045,,,,,,,,,,,,,0.0,,,,
Scenario1,0,RE1,,PWRLFO001,,2046,,,,,,,,,,,,,0.0,,,,
Scenario1,0,RE1,,PWRLFO001,,2047,,,,,,,,,,,,,0.0,,,,
Scenario1,0,RE1,,PWRLFO001,,2048,,,,,,,,,,,,,0.0,,,,
Scenario1,0,RE1,,PWRLFO001,,2049,,,,,,,,,,,,,0.0,,,,
Scenario1,0,RE1,,PWRLFO001,,2050,,,,,,,,,,,,,0.0,,,,
Scenario1,0,RE1,,PWRNGS001,,2019,,,,,,,,,,,,,0.0,,,,
Scenario1,0,RE1,,PWRNGS001,,2020,,,,,,,,,,,,,0.0,,,,
Scenario1,0,RE1,,PWRNGS001,,2021,,,,,,,,,,,,,0.0,,,,
Scenario1,0,RE1,,PWRNGS001,,2022,,,,,,,,,,,,,0.0,,,,
Scenario1,0,RE1,,PWRNGS001,,2023,,,,,,,,,,,,,0.0,,,,
Scenario1,0,RE1,,PWRNGS001,,2024,,,,,,,,,,,,,0.0,,,,
Scenario1,0,RE1,,PWRNGS001,,2025,,,,,,,,,,,,,0.0,,,,
Scenario1,0,RE1,,PWRNGS001,,2026,,,,,,,,,,,,,0.0,,,,
Scenario1,0,RE1,,PWRNGS001,,2027,,,,,,,,,,,,,0.0,,,,
Scenario1,0,RE1,,PWRNGS001,,2028,,,,,,,,,,,,,0.0,,,,
Scenario1,0,RE1,,PWRNGS001,,2029,,,,,,,,,,,,,0.0,,,,
Scenario1,0,RE1,,PWRNGS001,,2030,,,,,,,,,,,,,0.0,,,,
Scenario1,0,RE1,,PWRNGS001,,2031,,,,,,,,,,,,,0.0,,,,
Scenario1,0,RE1,,PWRNGS001,,2032,,,,,,,,,,,,,0.0,,,,
Scenario1,0,RE1,,PWRNGS001,,2033,,,,,,,,,,,,,0.0,,,,
Scenario1,0,RE1,,PWRNGS001,,2034,,,,,,,,,,,,,0.0,,,,
Scenario1,0,RE1,,PWRNGS001,,2035,,,,,,,,,,,,,0.0,,,,
Scenario1,0,RE1,,PWRNGS001,,2036,,,,,,,,,,,,,0.0,,,,
Scenario1,0,RE1,,PWRNGS001,,2037,,,,,,,,,,,,,0.0,,,,
Scenario1,0,RE1,,PWRNGS001,,2038,,,,,,,,,,,,,0.0,,,,
Scenario1,0,RE1,,PWRNGS001,,2039,,,,,,,,,,,,,0.0,,,,
Scenario1,0,RE1,,PWRNGS001,,2040,,,,,,,,,,,,,0.0,,,,
Scenario1,0,RE1,,PWRNGS001,,2041,,,,,,,,,,,,,0.0,,,,
Scenario1,0,RE1,,PWRNGS001,,2042,,,,,,,,,,,,,0.0,,,,
Scenario1,0,RE1,,PWRNGS001,,2043,,,,,,,,,,,,,0.0,,,,
Scenario1,0,RE1,,PWRNGS001,,2044,,,,,,,,,,,,,0.0,,,,
Scenario1,0,RE1,,PWRNGS001,,2045,,,,,,,,,,,,,0.0,,,,
Scenario1,0,RE1,,PWRNGS001,,2046,,,,,,,,,,,,,0.0,,,,
Scenario1,0,RE1,,PWRNGS001,,2047,,,,,,,,,,,,,0.0,,,,
Scenario1,0,RE1,,PWRNGS001,,2048,,,,,,,,,,,,,0.0,,,,
Scenario1,0,RE1,,PWRNGS001,,2049,,,,,,,,,,,,,0.0,,,,
Scenario1,0,RE1,,PWRNGS001,,2050,,,,,,,,,,,,,0.0,,,,
Scenario1,0,RE1,,PWRPHS001,,2019,,,,,,,,,,,,,0.0,,,,
Scenario1,0,RE1,,PWRPHS001,,2020,,,,,,,,,,,,,0.0,,,,
Scenario1,0,RE1,,PWRPHS001,,2021,,,,,,,,,,,,,0.0,,,,
Scenario1,0,RE1,,PWRPHS001,,2022,,,,,,,,,,,,,0.0,,,,
Scenario1,0,RE1,,PWRPHS001,,2023,,,,,,,,,,,,,0.0,,,,
Scenario1,0,RE1,,PWRPHS001,,2024,,,,,,,,,,,,,0.0,,,,
Scenario1,0,RE1,,PWRPHS001,,2025,,,,,,,,,,,,,0.0,,,,
Scenario1,0,RE1,,PWRPHS001,,2026,,,,,,,,,,,,,0.0,,,,
Scenario1,0,RE1,,PWRPHS001,,2027,,,,,,,,,,,,,0.0,,,,
Scenario1,0,RE1,,PWRPHS001,,2028,,,,,,,,,,,,,0.0,,,,
Scenario1,0,RE1,,PWRPHS001,,2029,,,,,,,,,,,,,0.0,,,,
Scenario1,0,RE1,,PWRPHS001,,2030,,,,,,,,,,,,,0.0,,,,
Scenario1,0,RE1,,PWRPHS001,,2031,,,,,,,,,,,,,0.0,,,,
Scenario1,0,RE1,,PWRPHS001,,2032,,,,,,,,,,,,,0.0,,,,
Scenario1,0,RE1,,PWRPHS001,,2033,,,,,,,,,,,,,0.0,,,,
Scenario1,0,RE1,,PWRPHS001,,2034,,,,,,,,,,,,,0.0,,,,
Scenario1,0,RE1,,PWRPHS001,,2035,,,,,,,,,,,,,0.0,,,,
Scenario1,0,RE1,,PWRPHS001,,2036,,,,,,,,,,,,,0.0,,,,
Scenario1,0,RE1,,PWRPHS001,,2037,,,,,,,,,,,,,0.0,,,,
Scenario1,0,RE1,,PWRPHS001,,2038,,,,,,,,,,,,,0.0,,,,
Scenario1,0,RE1,,PWRPHS001,,2039,,,,,,,,,,,,,0.0,,,,
Scenario1,0,RE1,,PWRPHS001,,2040,,,,,,,,,,,,,0.0,,,,
Scenario1,0,RE1,,PWRPHS001,,2041,,,,,,,,,,,,,0.0,,,,
Scenario1,0,RE1,,PWRPHS001,,2042,,,,,,,,,,,,,0.0,,,,
Scenario1,0,RE1,,PWRPHS001,,2043,,,,,,,,,,,,,0.0,,,,
Scenario1,0,RE1,,PWRPHS001,,2044,,,,,,,,,,,,,0.0,,,,
Scenario1,0,RE1,,PWRPHS001,,2045,,,,,,,,,,,,,0.0,,,,
Scenario1,0,RE1,,PWRPHS001,,2046,,,,,,,,,,,,,0.0,,,,
Scenario1,0,RE1,,PWRPHS001,,2047,,,,,,,,,,,,,0.0,,,,
Scenario1,0,RE1,,PWRPHS001,,2048,,,,,,,,,,,,,0.0,,,,
Scenario1,0,RE1,,PWRPHS001,,2049,,,,,,,,,,,,,0.0,,,,
Scenario1,0,RE1,,PWRPHS001,,2050,,,,,,,,,,,,,0.0,,,,
Scenario1,0,RE1,,PWRPHS002,,2019,,,,,,,,,,,,,0.0,,,,
Scenario1,0,RE1,,PWRPHS002,,2020,,,,,,,,,,,,,0.0,,,,
Scenario1,0,RE1,,PWRPHS002,,2021,,,,,,,,,,,,,0.0,,,,
Scenario1,0,RE1,,PWRPHS002,,2022,,,,,,,,,,,,,0.0,,,,
Scenario1,0,RE1,,PWRPHS002,,2023,,,,,,,,,,,,,0.0,,,,
Scenario1,0,RE1,,PWRPHS002,,2024,,,,,,,,,,,,,0.0,,,,
Scenario1,0,RE1,,PWRPHS002,,2025,,,,,,,,,,,,,0.0,,,,
Scenario1,0,RE1,,PWRPHS002,,2026,,,,,,,,,,,,,0.0,,,,
Scenario1,0,RE1,,PWRPHS002,,2027,,,,,,,,,,,,,0.0,,,,
Scenario1,0,RE1,,PWRPHS002,,2028,,,,,,,,,,,,,0.0,,,,
Scenario1,0,RE1,,PWRPHS002,,2029,,,,,,,,,,,,,0.0,,,,
Scenario1,0,RE1,,PWRPHS002,,2030,,,,,,,,,,,,,0.0,,,,
Scenario1,0,RE1,,PWRPHS002,,2031,,,,,,,,,,,,,0.0,,,,
Scenario1,0,RE1,,PWRPHS002,,2032,,,,,,,,,,,,,0.0,,,,
Scenario1,0,RE1,,PWRPHS002,,2033,,,,,,,,,,,,,0.0,,,,
Scenario1,0,RE1,,PWRPHS002,,2034,,,,,,,,,,,,,0.0,,,,
Scenario1,0,RE1,,PWRPHS002,,2035,,,,,,,,,,,,,0.0,,,,
Scenario1,0,RE1,,PWRPHS002,,2036,,,,,,,,,,,,,0.0,,,,
Scenario1,0,RE1,,PWRPHS002,,2037,,,,,,,,,,,,,0.0,,,,
Scenario1,0,RE1,,PWRPHS002,,2038,,,,,,,,,,,,,0.0,,,,
Scenario1,0,RE1,,PWRPHS002,,2039,,,,,,,,,,,,,0.0,,,,
Scenario1,0,RE1,,PWRPHS002,,2040,,,,,,,,,,,,,0.0,,,,
Scenario1,0,RE1,,PWRPHS002,,2041,,,,,,,,,,,,,0.0,,,,
Scenario1,0,RE1,,PWRPHS002,,2042,,,,,,,,,,,,,0.0,,,,
Scenario1,0,RE1,,PWRPHS002,,2043,,,,,,,,,,,,,0.0,,,,
Scenario1,0,RE1,,PWRPHS002,,2044,,,,,,,,,,,,,0.0,,,,
Scenario1,0,RE1,,PWRPHS002,,2045,,,,,,,,,,,,,0.0,,,,
Scenario1,0,RE1,,PWRPHS002,,2046,,,,,,,,,,,,,0.0,,,,
Scenario1,0,RE1,,PWRPHS002,,2047,,,,,,,,,,,,,0.0,,,,
Scenario1,0,RE1,,PWRPHS002,,2048,,,,,,,,,,,,,0.0,,,,
Scenario1,0,RE1,,PWRPHS002,,2049,,,,,,,,,,,,,0.0,,,,
Scenario1,0,RE1,,PWRPHS002,,2050,,,,,,,,,,,,,0.0,,,,
Scenario1,0,RE1,,PWRSOL001,,2019,,,,,,,,,,,,,3.4427953991592e-05,,,,
Scenario1,0,RE1,,PWRSOL001,,2020,,,,,,,,,,,,,3.4427953991592e-05,,,,
Scenario1,0,RE1,,PWRSOL001,,2021,,,,,,,,,,,,,5.481067302144e-05,,,,
Scenario1,0,RE1,,PWRSOL001,,2022,,,,,,,,,,,,,8.221600953216e-05,,,,
Scenario1,0,RE1,,PWRSOL001,,2023,,,,,,,,,,,,,0.000110649046162,,,,
Scenario1,0,RE1,,PWRSOL001,,2024,,,,,,,,,,,,,0.0001380543826727,,,,
Scenario1,0,RE1,,PWRSOL001,,2025,,,,,,,,,,,,,0.0001380543826727,,,,
Scenario1,0,RE1,,PWRSOL001,,2026,,,,,,,,,,,,,0.0001654597191834,,,,
Scenario1,0,RE1,,PWRSOL001,,2027,,,,,,,,,,,,,0.0001654597191834,,,,
Scenario1,0,RE1,,PWRSOL001,,2028,,,,,,,,,,,,,0.0001654597191834,,,,
Scenario1,0,RE1,,PWRSOL001,,2029,,,,,,,,,,,,,0.0001654597191834,,,,
Scenario1,0,RE1,,PWRSOL001,,2030,,,,,,,,,,,,,0.0001654597191834,,,,
Scenario1,0,RE1,,PWRSOL001,,2031,,,,,,,,,,,,,0.0001654597191834,,,,
Scenario1,0,RE1,,PWRSOL001,,2032,,,,,,,,,,,,,0.0001654597191834,,,,
Scenario1,0,RE1,,PWRSOL001,,2033,,,,,,,,,,,,,0.0001654597191834,,,,
Scenario1,0,RE1,,PWRSOL001,,2034,,,,,,,,,,,,,0.0001654597191834,,,,
Scenario1,0,RE1,,PWRSOL001,,2035,,,,,,,,,,,,,0.0001654597191834,,,,
Scenario1,0,RE1,,PWRSOL001,,2036,,,,,,,,,,,,,0.0001654597191834,,,,
Scenario1,0,RE1,,PWRSOL001,,2037,,,,,,,,,,,,,0.0001654597191834,,,,
Scenario1,0,RE1,,PWRSOL001,,2038,,,,,,,,,,,,,0.0001654597191834,,,,
Scenario1,0,RE1,,PWRSOL001,,2039,,,,,,,,,,,,,0.0001654597191834,,,,
Scenario1,0,RE1,,PWRSOL001,,2040,,,,,,,,,,,,,0.0001654597191834,,,,
Scenario1,0,RE1,,PWRSOL001,,2041,,,,,,,,,,,,,0.0001654597191834,,,,
Scenario1,0,RE1,,PWRSOL001,,2042,,,,,,,,,,,,,0.0001654597191834,,,,
Scenario1,0,RE1,,PWRSOL001,,2043,,,,,,,,,,,,,0.0001654597191834,,,,
Scenario1,0,RE1,,PWRSOL001,,2044,,,,,,,,,,,,,0.0001654597191834,,,,
Scenario1,0,RE1,,PWRSOL001,,2045,,,,,,,,,,,,,0.0001654597191834,,,,
Scenario1,0,RE1,,PWRSOL001,,2046,,,,,,,,,,,,,0.0001450770001536,,,,
Scenario1,0,RE1,,PWRSOL001,,2047,,,,,,,,,,,,,0.0001176716636429,,,,
Scenario1,0,RE1,,PWRSOL001,,2048,,,,,,,,,,,,,8.923862701303199e-05,,,,
Scenario1,0,RE1,,PWRSOL001,,2049,,,,,,,,,,,,,6.183329050231201e-05,,,,
Scenario1,0,RE1,,PWRSOL001,,2050,,,,,,,,,,,,,6.1833290502312e-05,,,,
Scenario1,0,RE1,,PWRSOL002,,2019,,,,,,,,,,,,,0.0,,,,
Scenario1,0,RE1,,PWRSOL002,,2020,,,,,,,,,,,,,0.0,,,,
Scenario1,0,RE1,,PWRSOL002,,2021,,,,,,,,,,,,,0.0,,,,
Scenario1,0,RE1,,PWRSOL002,,2022,,,,,,,,,,,,,0.0,,,,
Scenario1,0,RE1,,PWRSOL002,,2023,,,,,,,,,,,,,0.0,,,,
Scenario1,0,RE1,,PWRSOL002,,2024,,,,,,,,,,,,,0.0,,,,
Scenario1,0,RE1,,PWRSOL002,,2025,,,,,,,,,,,,,0.0,,,,
Scenario1,0,RE1,,PWRSOL002,,2026,,,,,,,,,,,,,0.0,,,,
Scenario1,0,RE1,,PWRSOL002,,2027,,,,,,,,,,,,,0.0,,,,
Scenario1,0,RE1,,PWRSOL002,,2028,,,,,,,,,,,,,0.0,,,,
Scenario1,0,RE1,,PWRSOL002,,2029,,,,,,,,,,,,,0.0,,,,
Scenario1,0,RE1,,PWRSOL002,,2030,,,,,,,,,,,,,0.0,,,,
Scenario1,0,RE1,,PWRSOL002,,2031,,,,,,,,,,,,,0.0,,,,
Scenario1,0,RE1,,PWRSOL002,,2032,,,,,,,,,,,,,0.0,,,,
Scenario1,0,RE1,,PWRSOL002,,2033,,,,,,,,,,,,,0.0,,,,
Scenario1,0,RE1,,PWRSOL002,,2034,,,,,,,,,,,,,0.0,,,,
Scenario1,0,RE1,,PWRSOL002,,2035,,,,,,,,,,,,,0.0,,,,
Scenario1,0,RE1,,PWRSOL002,,2036,,,,,,,,,,,,,0.0,,,,
Scenario1,0,RE1,,PWRSOL002,,2037,,,,,,,,,,,,,0.0,,,,
Scenario1,0,RE1,,PWRSOL002,,2038,,,,,,,,,,,,,0.0,,,,
Scenario1,0,RE1,,PWRSOL002,,2039,,,,,,,,,,,,,0.0,,,,
Scenario1,0,RE1,,PWRSOL002,,2040,,,,,,,,,,,,,0.0,,,,
Scenario1,0,RE1,,PWRSOL002,,2041,,,,,,,,,,,,,0.0,,,,
Scenario1,0,RE1,,PWRSOL002,,2042,,,,,,,,,,,,,0.0,,,,
Scenario1,0,RE1,,PWRSOL002,,2043,,,,,,,,,,,,,0.0,,,,
Scenario1,0,RE1,,PWRSOL002,,2044,,,,,,,,,,,,,0.0,,,,
Scenario1,0,RE1,,PWRSOL002,,2045,,,,,,,,,,,,,0.0,,,,
Scenario1,0,RE1,,PWRSOL002,,2046,,,,,,,,,,,,,0.0,,,,
Scenario1,0,RE1,,PWRSOL002,,2047,,,,,,,,,,,,,0.0,,,,
Scenario1,0,RE1,,PWRSOL002,,2048,,,,,,,,,,,,,0.0,,,,
Scenario1,0,RE1,,PWRSOL002,,2049,,,,,,,,,,,,,0.0,,,,
Scenario1,0,RE1,,PWRSOL002,,2050,,,,,,,,,,,,,0.0,,,,
Scenario1,0,RE1,,PWRTRN,,2019,,,,,,,,,,,,,0.0047651261140554,,,,
Scenario1,0,RE1,,PWRTRN,,2020,,,,,,,,,,,,,0.0048484441659236,,,,
Scenario1,0,RE1,,PWRTRN,,2021,,,,,,,,,,,,,0.0050630679282593,,,,
Scenario1,0,RE1,,PWRTRN,,2022,,,,,,,,,,,,,0.00522650229491,,,,
Scenario1,0,RE1,,PWRTRN,,2023,,,,,,,,,,,,,0.0053796561146783,,,,
Scenario1,0,RE1,,PWRTRN,,2024,,,,,,,,,,,,,0.0055580229962943,,,,
Scenario1,0,RE1,,PWRTRN,,2025,,,,,,,,,,,,,0.0057524447742253,,,,
Scenario1,0,RE1,,PWRTRN,,2026,,,,,,,,,,,,,0.0059561352651773,,,,
Scenario1,0,RE1,,PWRTRN,,2027,,,,,,,,,,,,,0.0062929260545655,,,,
Scenario1,0,RE1,,PWRTRN,,2028,,,,,,,,,,,,,0.0066494184561783,,,,
Scenario1,0,RE1,,PWRTRN,,2029,,,,,,,,,,,,,0.0070571477010065,,,,
Scenario1,0,RE1,,PWRTRN,,2030,,,,,,,,,,,,,0.0074947024973992,,,,
Scenario1,0,RE1,,PWRTRN,,2031,,,,,,,,,,,,,0.0079033652422527,,,,
Scenario1,0,RE1,,PWRTRN,,2032,,,,,,,,,,,,,0.008356975679766,,,,
Scenario1,0,RE1,,PWRTRN,,2033,,,,,,,,,,,,,0.0088168406725129,,,,
Scenario1,0,RE1,,PWRTRN,,2034,,,,,,,,,,,,,0.0093061739083739,,,,
Scenario1,0,RE1,,PWRTRN,,2035,,,,,,,,,,,,,0.0098210752518861,,,,
Scenario1,0,RE1,,PWRTRN,,2036,,,,,,,,,,,,,0.0103432375533888,,,,
Scenario1,0,RE1,,PWRTRN,,2037,,,,,,,,,,,,,0.0109309648638048,,,,
Scenario1,0,RE1,,PWRTRN,,2038,,,,,,,,,,,,,0.0115433877520009,,,,
Scenario1,0,RE1,,PWRTRN,,2039,,,,,,,,,,,,,0.0121909912281814,,,,
Scenario1,0,RE1,,PWRTRN,,2040,,,,,,,,,,,,,0.0128779810708484,,,,
Scenario1,0,RE1,,PWRTRN,,2041,,,,,,,,,,,,,0.0136020114394196,,,,
Scenario1,0,RE1,,PWRTRN,,2042,,,,,,,,,,,,,0.0143517535688174,,,,
Scenario1,0,RE1,,PWRTRN,,2043,,,,,,,,,,,,,0.0151515787304155,,,,
Scenario1,0,RE1,,PWRTRN,,2044,,,,,,,,,,,,,0.015994268550908,,,,
Scenario1,0,RE1,,PWRTRN,,2045,,,,,,,,,,,,,0.0168856604144364,,,,
Scenario1,0,RE1,,PWRTRN,,2046,,,,,,,,,,,,,0.0178267452245501,,,,
Scenario1,0,RE1,,PWRTRN,,2047,,,,,,,,,,,,,0.018818308821139,,,,
Scenario1,0,RE1,,PWRTRN,,2048,,,,,,,,,,,,,0.0198671610003907,,,,
Scenario1,0,RE1,,PWRTRN,,2049,,,,,,,,,,,,,0.0209744994485121,,,,
Scenario1,0,RE1,,PWRTRN,,2050,,,,,,,,,,,,,0.0221412258103381,,,,
Scenario1,0,RE1,,PWRURN001,,2019,,,,,,,,,,,,,0.0,,,,
Scenario1,0,RE1,,PWRURN001,,2020,,,,,,,,,,,,,0.0,,,,
Scenario1,0,RE1,,PWRURN001,,2021,,,,,,,,,,,,,0.0,,,,
Scenario1,0,RE1,,PWRURN001,,2022,,,,,,,,,,,,,0.0,,,,
Scenario1,0,RE1,,PWRURN001,,2023,,,,,,,,,,,,,0.0,,,,
Scenario1,0,RE1,,PWRURN001,,2024,,,,,,,,,,,,,0.0,,,,
Scenario1,0,RE1,,PWRURN001,,2025,,,,,,,,,,,,,0.0,,,,
Scenario1,0,RE1,,PWRURN001,,2026,,,,,,,,,,,,,0.0,,,,
Scenario1,0,RE1,,PWRURN001,,2027,,,,,,,,,,,,,0.0,,,,
Scenario1,0,RE1,,PWRURN001,,2028,,,,,,,,,,,,,0.0,,,,
Scenario1,0,RE1,,PWRURN001,,2029,,,,,,,,,,,,,0.0,,,,
Scenario1,0,RE1,,PWRURN001,,2030,,,,,,,,,,,,,0.0,,,,
Scenario1,0,RE1,,PWRURN001,,2031,,,,,,,,,,,,,0.0,,,,
Scenario1,0,RE1,,PWRURN001,,2032,,,,,,,,,,,,,0.0,,,,
Scenario1,0,RE1,,PWRURN001,,2033,,,,,,,,,,,,,0.0,,,,
Scenario1,0,RE1,,PWRURN001,,2034,,,,,,,,,,,,,0.0,,,,
Scenario1,0,RE1,,PWRURN001,,2035,,,,,,,,,,,,,0.0,,,,
Scenario1,0,RE1,,PWRURN001,,2036,,,,,,,,,,,,,0.0,,,,
Scenario1,0,RE1,,PWRURN001,,2037,,,,,,,,,,,,,0.0,,,,
Scenario1,0,RE1,,PWRURN001,,2038,,,,,,,,,,,,,0.0,,,,
Scenario1,0,RE1,,PWRURN001,,2039,,,,,,,,,,,,,0.0,,,,
Scenario1,0,RE1,,PWRURN001,,2040,,,,,,,,,,,,,0.0,,,,
Scenario1,0,RE1,,PWRURN001,,2041,,,,,,,,,,,,,0.0,,,,
Scenario1,0,RE1,,PWRURN001,,2042,,,,,,,,,,,,,0.0,,,,
Scenario1,0,RE1,,PWRURN001,,2043,,,,,,,,,,,,,0.0,,,,
Scenario1,0,RE1,,PWRURN001,,2044,,,,,,,,,,,,,0.0,,,,
Scenario1,0,RE1,,PWRURN001,,2045,,,,,,,,,,,,,0.0,,,,
Scenario1,0,RE1,,PWRURN001,,2046,,,,,,,,,,,,,0.0,,,,
Scenario1,0,RE1,,PWRURN001,,2047,,,,,,,,,,,,,0.0,,,,
Scenario1,0,RE1,,PWRURN001,,2048,,,,,,,,,,,,,0.0,,,,
Scenario1,0,RE1,,PWRURN001,,2049,,,,,,,,,,,,,0.0,,,,
Scenario1,0,RE1,,PWRURN001,,2050,,,,,,,,,,,,,0.0,,,,
Scenario1,0,RE1,,PWRWND001,,2019,,,,,,,,,,,,,0.0,,,,
Scenario1,0,RE1,,PWRWND001,,2020,,,,,,,,,,,,,0.0,,,,
Scenario1,0,RE1,,PWRWND001,,2021,,,,,,,,,,,,,0.0,,,,
Scenario1,0,RE1,,PWRWND001,,2022,,,,,,,,,,,,,0.0,,,,
Scenario1,0,RE1,,PWRWND001,,2023,,,,,,,,,,,,,0.0,,,,
Scenario1,0,RE1,,PWRWND001,,2024,,,,,,,,,,,,,0.0,,,,
Scenario1,0,RE1,,PWRWND001,,2025,,,,,,,,,,,,,0.0,,,,
Scenario1,0,RE1,,PWRWND001,,2026,,,,,,,,,,,,,0.0,,,,
Scenario1,0,RE1,,PWRWND001,,2027,,,,,,,,,,,,,0.0,,,,
Scenario1,0,RE1,,PWRWND001,,2028,,,,,,,,,,,,,0.0,,,,
Scenario1,0,RE1,,PWRWND001,,2029,,,,,,,,,,,,,0.0,,,,
Scenario1,0,RE1,,PWRWND001,,2030,,,,,,,,,,,,,0.0,,,,
Scenario1,0,RE1,,PWRWND001,,2031,,,,,,,,,,,,,0.0,,,,
Scenario1,0,RE1,,PWRWND001,,2032,,,,,,,,,,,,,0.0,,,,
Scenario1,0,RE1,,PWRWND001,,2033,,,,,,,,,,,,,0.0,,,,
Scenario1,0,RE1,,PWRWND001,,2034,,,,,,,,,,,,,0.0,,,,
Scenario1,0,RE1,,PWRWND001,,2035,,,,,,,,,,,,,0.0,,,,
Scenario1,0,RE1,,PWRWND001,,2036,,,,,,,,,,,,,0.0,,,,
Scenario1,0,RE1,,PWRWND001,,2037,,,,,,,,,,,,,0.0,,,,
Scenario1,0,RE1,,PWRWND001,,2038,,,,,,,,,,,,,0.0,,,,
Scenario1,0,RE1,,PWRWND001,,2039,,,,,,,,,,,,,0.0,,,,
Scenario1,0,RE1,,PWRWND001,,2040,,,,,,,,,,,,,0.0,,,,
Scenario1,0,RE1,,PWRWND001,,2041,,,,,,,,,,,,,0.0,,,,
Scenario1,0,RE1,,PWRWND001,,2042,,,,,,,,,,,,,0.0,,,,
Scenario1,0,RE1,,PWRWND001,,2043,,,,,,,,,,,,,0.0,,,,
Scenario1,0,RE1,,PWRWND001,,2044,,,,,,,,,,,,,0.0,,,,
Scenario1,0,RE1,,PWRWND001,,2045,,,,,,,,,,,,,0.0,,,,
Scenario1,0,RE1,,PWRWND001,,2046,,,,,,,,,,,,,0.0,,,,
Scenario1,0,RE1,,PWRWND001,,2047,,,,,,,,,,,,,0.0,,,,
Scenario1,0,RE1,,PWRWND001,,2048,,,,,,,,,,,,,0.0,,,,
Scenario1,0,RE1,,PWRWND001,,2049,,,,,,,,,,,,,0.0,,,,
Scenario1,0,RE1,,PWRWND001,,2050,,,,,,,,,,,,,0.0,,,,
Scenario1,0,RE1,,PWRWND002,,2019,,,,,,,,,,,,,0.0,,,,
Scenario1,0,RE1,,PWRWND002,,2020,,,,,,,,,,,,,0.0,,,,
Scenario1,0,RE1,,PWRWND002,,2021,,,,,,,,,,,,,0.0,,,,
Scenario1,0,RE1,,PWRWND002,,2022,,,,,,,,,,,,,0.0,,,,
Scenario1,0,RE1,,PWRWND002,,2023,,,,,,,,,,,,,0.0,,,,
Scenario1,0,RE1,,PWRWND002,,2024,,,,,,,,,,,,,0.0,,,,
Scenario1,0,RE1,,PWRWND002,,2025,,,,,,,,,,,,,0.0004096798084518,,,,
Scenario1,0,RE1,,PWRWND002,,2026,,,,,,,,,,,,,0.0004096798084518,,,,
Scenario1,0,RE1,,PWRWND002,,2027,,,,,,,,,,,,,0.0004096798084518,,,,
Scenario1,0,RE1,,PWRWND002,,2028,,,,,,,,,,,,,0.0004096798084518,,,,
Scenario1,0,RE1,,PWRWND002,,2029,,,,,,,,,,,,,0.0004096798084518,,,,
Scenario1,0,RE1,,PWRWND002,,2030,,,,,,,,,,,,,0.0004096798084518,,,,
Scenario1,0,RE1,,PWRWND002,,2031,,,,,,,,,,,,,0.0004096798084518,,,,
Scenario1,0,RE1,,PWRWND002,,2032,,,,,,,,,,,,,0.0004096798084518,,,,
Scenario1,0,RE1,,PWRWND002,,2033,,,,,,,,,,,,,0.0004096798084518,,,,
Scenario1,0,RE1,,PWRWND002,,2034,,,,,,,,,,,,,0.0004096798084518,,,,
Scenario1,0,RE1,,PWRWND002,,2035,,,,,,,,,,,,,0.0004096798084518,,,,
Scenario1,0,RE1,,PWRWND002,,2036,,,,,,,,,,,,,0.0004096798084518,,,,
Scenario1,0,RE1,,PWRWND002,,2037,,,,,,,,,,,,,0.0004096798084518,,,,
Scenario1,0,RE1,,PWRWND002,,2038,,,,,,,,,,,,,0.0004096798084518,,,,
Scenario1,0,RE1,,PWRWND002,,2039,,,,,,,,,,,,,0.0004096798084518,,,,
Scenario1,0,RE1,,PWRWND002,,2040,,,,,,,,,,,,,0.0004096798084518,,,,
Scenario1,0,RE1,,PWRWND002,,2041,,,,,,,,,,,,,0.0004096798084518,,,,
Scenario1,0,RE1,,PWRWND002,,2042,,,,,,,,,,,,,0.0004096798084518,,,,
Scenario1,0,RE1,,PWRWND002,,2043,,,,,,,,,,,,,0.0004096798084518,,,,
Scenario1,0,RE1,,PWRWND002,,2044,,,,,,,,,,,,,0.0004096798084518,,,,
Scenario1,0,RE1,,PWRWND002,,2045,,,,,,,,,,,,,0.000262168757391,,,,
Scenario1,0,RE1,,PWRWND002,,2046,,,,,,,,,,,,,0.000262168757391,,,,
Scenario1,0,RE1,,PWRWND002,,2047,,,,,,,,,,,,,0.000262168757391,,,,
Scenario1,0,RE1,,PWRWND002,,2048,,,,,,,,,,,,,0.000262168757391,,,,
Scenario1,0,RE1,,PWRWND002,,2049,,,,,,,,,,,,,0.000262168757391,,,,
Scenario1,0,RE1,,PWRWND002,,2050,,,,,,,,,,,,,0.000262168757391,,,,
Scenario1,0,RE1,,PWRWND003,,2019,,,,,,,,,,,,,0.0,,,,
Scenario1,0,RE1,,PWRWND003,,2020,,,,,,,,,,,,,0.0,,,,
Scenario1,0,RE1,,PWRWND003,,2021,,,,,,,,,,,,,0.0,,,,
Scenario1,0,RE1,,PWRWND003,,2022,,,,,,,,,,,,,0.0,,,,
Scenario1,0,RE1,,PWRWND003,,2023,,,,,,,,,,,,,0.0,,,,
Scenario1,0,RE1,,PWRWND003,,2024,,,,,,,,,,,,,0.0,,,,
Scenario1,0,RE1,,PWRWND003,,2025,,,,,,,,,,,,,0.0004574046168952,,,,
Scenario1,0,RE1,,PWRWND003,,2026,,,,,,,,,,,,,0.0004574046168952,,,,
Scenario1,0,RE1,,PWRWND003,,2027,,,,,,,,,,,,,0.0004574046168952,,,,
Scenario1,0,RE1,,PWRWND003,,2028,,,,,,,,,,,,,0.0004574046168952,,,,
Scenario1,0,RE1,,PWRWND003,,2029,,,,,,,,,,,,,0.0004574046168952,,,,
Scenario1,0,RE1,,PWRWND003,,2030,,,,,,,,,,,,,0.0004574046168952,,,,
Scenario1,0,RE1,,PWRWND003,,2031,,,,,,,,,,,,,0.0004574046168952,,,,
Scenario1,0,RE1,,PWRWND003,,2032,,,,,,,,,,,,,0.0004574046168952,,,,
Scenario1,0,RE1,,PWRWND003,,2033,,,,,,,,,,,,,0.0004574046168952,,,,
Scenario1,0,RE1,,PWRWND003,,2034,,,,,,,,,,,,,0.0004574046168952,,,,
Scenario1,0,RE1,,PWRWND003,,2035,,,,,,,,,,,,,0.0004574046168952,,,,
Scenario1,0,RE1,,PWRWND003,,2036,,,,,,,,,,,,,0.0004574046168952,,,,
Scenario1,0,RE1,,PWRWND003,,2037,,,,,,,,,,,,,0.0004574046168952,,,,
Scenario1,0,RE1,,PWRWND003,,2038,,,,,,,,,,,,,0.000607519562278,,,,
Scenario1,0,RE1,,PWRWND003,,2039,,,,,,,,,,,,,0.0008116319020789,,,,
Scenario1,0,RE1,,PWRWND003,,2040,,,,,,,,,,,,,0.0008116319020789,,,,
Scenario1,0,RE1,,PWRWND003,,2041,,,,,,,,,,,,,0.0011220928520079,,,,
Scenario1,0,RE1,,PWRWND003,,2042,,,,,,,,,,,,,0.0011797183123447,,,,
Scenario1,0,RE1,,PWRWND003,,2043,,,,,,,,,,,,,0.0012467952237016,,,,
Scenario1,0,RE1,,PWRWND003,,2044,,,,,,,,,,,,,0.001317684189371,,,,
Scenario1,0,RE1,,PWRWND003,,2045,,,,,,,,,,,,,0.0013926046940508,,,,
Scenario1,0,RE1,,PWRWND003,,2046,,,,,,,,,,,,,0.0014717844875529,,,,
Scenario1,0,RE1,,PWRWND003,,2047,,,,,,,,,,,,,0.0015554669315716,,,,
Scenario1,0,RE1,,PWRWND003,,2048,,,,,,,,,,,,,0.0016439073262994,,,,
Scenario1,0,RE1,,PWRWND003,,2049,,,,,,,,,,,,,0.001737376583811,,,,
Scenario1,0,RE1,,PWRWND003,,2050,,,,,,,,,,,,,0.0018361593913713,,,,
Scenario1,0,RE1,,PWRWND004,,2019,,,,,,,,,,,,,0.0,,,,
Scenario1,0,RE1,,PWRWND004,,2020,,,,,,,,,,,,,0.0,,,,
Scenario1,0,RE1,,PWRWND004,,2021,,,,,,,,,,,,,0.0,,,,
Scenario1,0,RE1,,PWRWND004,,2022,,,,,,,,,,,,,0.0,,,,
Scenario1,0,RE1,,PWRWND004,,2023,,,,,,,,,,,,,0.0,,,,
Scenario1,0,RE1,,PWRWND004,,2024,,,,,,,,,,,,,0.0,,,,
Scenario1,0,RE1,,PWRWND004,,2025,,,,,,,,,,,,,0.0004874216854491,,,,
Scenario1,0,RE1,,PWRWND004,,2026,,,,,,,,,,,,,0.0004874216854491,,,,
Scenario1,0,RE1,,PWRWND004,,2027,,,,,,,,,,,,,0.0004874216854491,,,,
Scenario1,0,RE1,,PWRWND004,,2028,,,,,,,,,,,,,0.0004874216854491,,,,
Scenario1,0,RE1,,PWRWND004,,2029,,,,,,,,,,,,,0.0004874216854491,,,,
Scenario1,0,RE1,,PWRWND004,,2030,,,,,,,,,,,,,0.0004874216854491,,,,
Scenario1,0,RE1,,PWRWND004,,2031,,,,,,,,,,,,,0.0004874216854491,,,,
Scenario1,0,RE1,,PWRWND004,,2032,,,,,,,,,,,,,0.0004874216854491,,,,
Scenario1,0,RE1,,PWRWND004,,2033,,,,,,,,,,,,,0.0004874216854491,,,,
Scenario1,0,RE1,,PWRWND004,,2034,,,,,,,,,,,,,0.0008041292801272,,,,
Scenario1,0,RE1,,PWRWND004,,2035,,,,,,,,,,,,,0.0008495360070212,,,,
Scenario1,0,RE1,,PWRWND004,,2036,,,,,,,,,,,,,0.0008495360070212,,,,
Scenario1,0,RE1,,PWRWND004,,2037,,,,,,,,,,,,,0.0009521730863703,,,,
Scenario1,0,RE1,,PWRWND004,,2038,,,,,,,,,,,,,0.0010066005640802,,,,
Scenario1,0,RE1,,PWRWND004,,2039,,,,,,,,,,,,,0.0010643279223094,,,,
Scenario1,0,RE1,,PWRWND004,,2040,,,,,,,,,,,,,0.0011255107604061,,,,
Scenario1,0,RE1,,PWRWND004,,2041,,,,,,,,,,,,,0.0011957299269706,,,,
Scenario1,0,RE1,,PWRWND004,,2042,,,,,,,,,,,,,0.0012571370443556,,,,
Scenario1,0,RE1,,PWRWND004,,2043,,,,,,,,,,,,,0.0013286158619728,,,,
Scenario1,0,RE1,,PWRWND004,,2044,,,,,,,,,,,,,0.0014041568990547,,,,
Scenario1,0,RE1,,PWRWND004,,2045,,,,,,,,,,,,,0.0014839940439301,,,,
Scenario1,0,RE1,,PWRWND004,,2046,,,,,,,,,,,,,0.0015683699924378,,,,
Scenario1,0,RE1,,PWRWND004,,2047,,,,,,,,,,,,,0.001657544076825,,,,
Scenario1,0,RE1,,PWRWND004,,2048,,,,,,,,,,,,,0.0017517883512982,,,,
Scenario1,0,RE1,,PWRWND004,,2049,,,,,,,,,,,,,0.0018513915064723,,,,
Scenario1,0,RE1,,PWRWND004,,2050,,,,,,,,,,,,,0.0019566569121459,,,,
Scenario1,0,RE1,,PWRWND005,,2019,,,,,,,,,,,,,0.0,,,,
Scenario1,0,RE1,,PWRWND005,,2020,,,,,,,,,,,,,0.0,,,,
Scenario1,0,RE1,,PWRWND005,,2021,,,,,,,,,,,,,0.0,,,,
Scenario1,0,RE1,,PWRWND005,,2022,,,,,,,,,,,,,0.0,,,,
Scenario1,0,RE1,,PWRWND005,,2023,,,,,,,,,,,,,0.0,,,,
Scenario1,0,RE1,,PWRWND005,,2024,,,,,,,,,,,,,0.0,,,,
Scenario1,0,RE1,,PWRWND005,,2025,,,,,,,,,,,,,0.0003576643982143,,,,
Scenario1,0,RE1,,PWRWND005,,2026,,,,,,,,,,,,,0.0003576643982143,,,,
Scenario1,0,RE1,,PWRWND005,,2027,,,,,,,,,,,,,0.0003576643982143,,,,
Scenario1,0,RE1,,PWRWND005,,2028,,,,,,,,,,,,,0.0003576643982143,,,,
Scenario1,0,RE1,,PWRWND005,,2029,,,,,,,,,,,,,0.0003576643982143,,,,
Scenario1,0,RE1,,PWRWND005,,2030,,,,,,,,,,,,,0.0003576643982143,,,,
Scenario1,0,RE1,,PWRWND005,,2031,,,,,,,,,,,,,0.0003576643982143,,,,
Scenario1,0,RE1,,PWRWND005,,2032,,,,,,,,,,,,,0.0003576643982143,,,,
Scenario1,0,RE1,,PWRWND005,,2033,,,,,,,,,,,,,0.0003576643982143,,,,
Scenario1,0,RE1,,PWRWND005,,2034,,,,,,,,,,,,,0.0003576643982143,,,,
Scenario1,0,RE1,,PWRWND005,,2035,,,,,,,,,,,,,0.0003576643982143,,,,
Scenario1,0,RE1,,PWRWND005,,2036,,,,,,,,,,,,,0.0003576643982143,,,,
Scenario1,0,RE1,,PWRWND005,,2037,,,,,,,,,,,,,0.0003576643982143,,,,
Scenario1,0,RE1,,PWRWND005,,2038,,,,,,,,,,,,,0.0003576643982143,,,,
Scenario1,0,RE1,,PWRWND005,,2039,,,,,,,,,,,,,0.0003576643982143,,,,
Scenario1,0,RE1,,PWRWND005,,2040,,,,,,,,,,,,,0.0003576643982143,,,,
Scenario1,0,RE1,,PWRWND005,,2041,,,,,,,,,,,,,0.0003576643982143,,,,
Scenario1,0,RE1,,PWRWND005,,2042,,,,,,,,,,,,,0.0003576643982143,,,,
Scenario1,0,RE1,,PWRWND005,,2043,,,,,,,,,,,,,0.0003576643982143,,,,
Scenario1,0,RE1,,PWRWND005,,2044,,,,,,,,,,,,,0.0003576643982143,,,,
Scenario1,0,RE1,,PWRWND005,,2045,,,,,,,,,,,,,0.0,,,,
Scenario1,0,RE1,,PWRWND005,,2046,,,,,,,,,,,,,0.0,,,,
Scenario1,0,RE1,,PWRWND005,,2047,,,,,,,,,,,,,0.0,,,,
Scenario1,0,RE1,,PWRWND005,,2048,,,,,,,,,,,,,0.0,,,,
Scenario1,0,RE1,,PWRWND005,,2049,,,,,,,,,,,,,0.0,,,,
Scenario1,0,RE1,,PWRWND005,,2050,,,,,,,,,,,,,0.0,,,,
Scenario1,0,RE1,,PWRWND006,,2019,,,,,,,,,,,,,0.0,,,,
Scenario1,0,RE1,,PWRWND006,,2020,,,,,,,,,,,,,0.0,,,,
Scenario1,0,RE1,,PWRWND006,,2021,,,,,,,,,,,,,0.0,,,,
Scenario1,0,RE1,,PWRWND006,,2022,,,,,,,,,,,,,0.0,,,,
Scenario1,0,RE1,,PWRWND006,,2023,,,,,,,,,,,,,0.0,,,,
Scenario1,0,RE1,,PWRWND006,,2024,,,,,,,,,,,,,0.0,,,,
Scenario1,0,RE1,,PWRWND006,,2025,,,,,,,,,,,,,0.000439875284833,,,,
Scenario1,0,RE1,,PWRWND006,,2026,,,,,,,,,,,,,0.000439875284833,,,,
Scenario1,0,RE1,,PWRWND006,,2027,,,,,,,,,,,,,0.000439875284833,,,,
Scenario1,0,RE1,,PWRWND006,,2028,,,,,,,,,,,,,0.000439875284833,,,,
Scenario1,0,RE1,,PWRWND006,,2029,,,,,,,,,,,,,0.000439875284833,,,,
Scenario1,0,RE1,,PWRWND006,,2030,,,,,,,,,,,,,0.000439875284833,,,,
Scenario1,0,RE1,,PWRWND006,,2031,,,,,,,,,,,,,0.000439875284833,,,,
Scenario1,0,RE1,,PWRWND006,,2032,,,,,,,,,,,,,0.000439875284833,,,,
Scenario1,0,RE1,,PWRWND006,,2033,,,,,,,,,,,,,0.000439875284833,,,,
Scenario1,0,RE1,,PWRWND006,,2034,,,,,,,,,,,,,0.000439875284833,,,,
Scenario1,0,RE1,,PWRWND006,,2035,,,,,,,,,,,,,0.000439875284833,,,,
Scenario1,0,RE1,,PWRWND006,,2036,,,,,,,,,,,,,0.000439875284833,,,,
Scenario1,0,RE1,,PWRWND006,,2037,,,,,,,,,,,,,0.000439875284833,,,,
Scenario1,0,RE1,,PWRWND006,,2038,,,,,,,,,,,,,0.000439875284833,,,,
Scenario1,0,RE1,,PWRWND006,,2039,,,,,,,,,,,,,0.000439875284833,,,,
Scenario1,0,RE1,,PWRWND006,,2040,,,,,,,,,,,,,0.000439875284833,,,,
Scenario1,0,RE1,,PWRWND006,,2041,,,,,,,,,,,,,0.0007353622351531,,,,
Scenario1,0,RE1,,PWRWND006,,2042,,,,,,,,,,,,,0.0007353622351531,,,,
Scenario1,0,RE1,,PWRWND006,,2043,,,,,,,,,,,,,0.0007353622351531,,,,
Scenario1,0,RE1,,PWRWND006,,2044,,,,,,,,,,,,,0.0007353622351531,,,,
Scenario1,0,RE1,,PWRWND006,,2045,,,,,,,,,,,,,0.0013392352499927,,,,
Scenario1,0,RE1,,PWRWND006,,2046,,,,,,,,,,,,,0.0014153805990628,,,,
Scenario1,0,RE1,,PWRWND006,,2047,,,,,,,,,,,,,0.001495856041458,,,,
Scenario1,0,RE1,,PWRWND006,,2048,,,,,,,,,,,,,0.0015809070933816,,,,
Scenario1,0,RE1,,PWRWND006,,2049,,,,,,,,,,,,,0.0016707942846175,,,,
Scenario1,0,RE1,,PWRWND006,,2050,,,,,,,,,,,,,0.0017657913922268,,,,
Scenario1,0,RE1,,PWRWND007,,2019,,,,,,,,,,,,,0.0,,,,
Scenario1,0,RE1,,PWRWND007,,2020,,,,,,,,,,,,,0.0,,,,
Scenario1,0,RE1,,PWRWND007,,2021,,,,,,,,,,,,,0.0,,,,
Scenario1,0,RE1,,PWRWND007,,2022,,,,,,,,,,,,,0.0,,,,
Scenario1,0,RE1,,PWRWND007,,2023,,,,,,,,,,,,,0.0,,,,
Scenario1,0,RE1,,PWRWND007,,2024,,,,,,,,,,,,,0.0,,,,
Scenario1,0,RE1,,PWRWND007,,2025,,,,,,,,,,,,,0.0003626626759533,,,,
Scenario1,0,RE1,,PWRWND007,,2026,,,,,,,,,,,,,0.0003626626759533,,,,
Scenario1,0,RE1,,PWRWND007,,2027,,,,,,,,,,,,,0.0003626626759533,,,,
Scenario1,0,RE1,,PWRWND007,,2028,,,,,,,,,,,,,0.0003626626759533,,,,
Scenario1,0,RE1,,PWRWND007,,2029,,,,,,,,,,,,,0.0003626626759533,,,,
Scenario1,0,RE1,,PWRWND007,,2030,,,,,,,,,,,,,0.0003626626759533,,,,
Scenario1,0,RE1,,PWRWND007,,2031,,,,,,,,,,,,,0.0003626626759533,,,,
Scenario1,0,RE1,,PWRWND007,,2032,,,,,,,,,,,,,0.0003626626759533,,,,
Scenario1,0,RE1,,PWRWND007,,2033,,,,,,,,,,,,,0.0003626626759533,,,,
Scenario1,0,RE1,,PWRWND007,,2034,,,,,,,,,,,,,0.0003626626759533,,,,
Scenario1,0,RE1,,PWRWND007,,2035,,,,,,,,,,,,,0.0003626626759533,,,,
Scenario1,0,RE1,,PWRWND007,,2036,,,,,,,,,,,,,0.0003626626759533,,,,
Scenario1,0,RE1,,PWRWND007,,2037,,,,,,,,,,,,,0.0003626626759533,,,,
Scenario1,0,RE1,,PWRWND007,,2038,,,,,,,,,,,,,0.0003626626759533,,,,
Scenario1,0,RE1,,PWRWND007,,2039,,,,,,,,,,,,,0.0003626626759533,,,,
Scenario1,0,RE1,,PWRWND007,,2040,,,,,,,,,,,,,0.0003626626759533,,,,
Scenario1,0,RE1,,PWRWND007,,2041,,,,,,,,,,,,,0.0003626626759533,,,,
Scenario1,0,RE1,,PWRWND007,,2042,,,,,,,,,,,,,0.0003626626759533,,,,
Scenario1,0,RE1,,PWRWND007,,2043,,,,,,,,,,,,,0.0003626626759533,,,,
Scenario1,0,RE1,,PWRWND007,,2044,,,,,,,,,,,,,0.0003626626759533,,,,
Scenario1,0,RE1,,PWRWND007,,2045,,,,,,,,,,,,,0.0,,,,
Scenario1,0,RE1,,PWRWND007,,2046,,,,,,,,,,,,,0.0,,,,
Scenario1,0,RE1,,PWRWND007,,2047,,,,,,,,,,,,,0.0,,,,
Scenario1,0,RE1,,PWRWND007,,2048,,,,,,,,,,,,,0.0,,,,
Scenario1,0,RE1,,PWRWND007,,2049,,,,,,,,,,,,,0.0,,,,
Scenario1,0,RE1,,PWRWND007,,2050,,,,,,,,,,,,,0.0,,,,
Scenario1,0,RE1,,PWRWND008,,2019,,,,,,,,,,,,,0.0,,,,
Scenario1,0,RE1,,PWRWND008,,2020,,,,,,,,,,,,,0.0,,,,
Scenario1,0,RE1,,PWRWND008,,2021,,,,,,,,,,,,,0.0,,,,
Scenario1,0,RE1,,PWRWND008,,2022,,,,,,,,,,,,,0.0,,,,
Scenario1,0,RE1,,PWRWND008,,2023,,,,,,,,,,,,,0.0,,,,
Scenario1,0,RE1,,PWRWND008,,2024,,,,,,,,,,,,,0.0,,,,
Scenario1,0,RE1,,PWRWND008,,2025,,,,,,,,,,,,,0.0003562214580994,,,,
Scenario1,0,RE1,,PWRWND008,,2026,,,,,,,,,,,,,0.0003562214580994,,,,
Scenario1,0,RE1,,PWRWND008,,2027,,,,,,,,,,,,,0.0003562214580994,,,,
Scenario1,0,RE1,,PWRWND008,,2028,,,,,,,,,,,,,0.0003562214580994,,,,
Scenario1,0,RE1,,PWRWND008,,2029,,,,,,,,,,,,,0.0003562214580994,,,,
Scenario1,0,RE1,,PWRWND008,,2030,,,,,,,,,,,,,0.0003562214580994,,,,
Scenario1,0,RE1,,PWRWND008,,2031,,,,,,,,,,,,,0.0003562214580994,,,,
Scenario1,0,RE1,,PWRWND008,,2032,,,,,,,,,,,,,0.0003562214580994,,,,
Scenario1,0,RE1,,PWRWND008,,2033,,,,,,,,,,,,,0.0003562214580994,,,,
Scenario1,0,RE1,,PWRWND008,,2034,,,,,,,,,,,,,0.0003562214580994,,,,
Scenario1,0,RE1,,PWRWND008,,2035,,,,,,,,,,,,,0.0003562214580994,,,,
Scenario1,0,RE1,,PWRWND008,,2036,,,,,,,,,,,,,0.0003562214580994,,,,
Scenario1,0,RE1,,PWRWND008,,2037,,,,,,,,,,,,,0.0003562214580994,,,,
Scenario1,0,RE1,,PWRWND008,,2038,,,,,,,,,,,,,0.0003562214580994,,,,
Scenario1,0,RE1,,PWRWND008,,2039,,,,,,,,,,,,,0.0003562214580994,,,,
Scenario1,0,RE1,,PWRWND008,,2040,,,,,,,,,,,,,0.0003562214580994,,,,
Scenario1,0,RE1,,PWRWND008,,2041,,,,,,,,,,,,,0.0003562214580994,,,,
Scenario1,0,RE1,,PWRWND008,,2042,,,,,,,,,,,,,0.0003562214580994,,,,
Scenario1,0,RE1,,PWRWND008,,2043,,,,,,,,,,,,,0.0003562214580994,,,,
Scenario1,0,RE1,,PWRWND008,,2044,,,,,,,,,,,,,0.0003562214580994,,,,
Scenario1,0,RE1,,PWRWND008,,2045,,,,,,,,,,,,,0.0,,,,
Scenario1,0,RE1,,PWRWND008,,2046,,,,,,,,,,,,,0.0,,,,
Scenario1,0,RE1,,PWRWND008,,2047,,,,,,,,,,,,,0.0,,,,
Scenario1,0,RE1,,PWRWND008,,2048,,,,,,,,,,,,,0.0,,,,
Scenario1,0,RE1,,PWRWND008,,2049,,,,,,,,,,,,,0.0,,,,
Scenario1,0,RE1,,PWRWND008,,2050,,,,,,,,,,,,,0.0,,,,
Scenario1,0,RE1,,PWRWND009,,2019,,,,,,,,,,,,,0.0,,,,
Scenario1,0,RE1,,PWRWND009,,2020,,,,,,,,,,,,,0.0,,,,
Scenario1,0,RE1,,PWRWND009,,2021,,,,,,,,,,,,,0.0,,,,
Scenario1,0,RE1,,PWRWND009,,2022,,,,,,,,,,,,,0.0,,,,
Scenario1,0,RE1,,PWRWND009,,2023,,,,,,,,,,,,,0.0,,,,
Scenario1,0,RE1,,PWRWND009,,2024,,,,,,,,,,,,,0.0,,,,
Scenario1,0,RE1,,PWRWND009,,2025,,,,,,,,,,,,,0.0003731264893175,,,,
Scenario1,0,RE1,,PWRWND009,,2026,,,,,,,,,,,,,0.0003731264893175,,,,
Scenario1,0,RE1,,PWRWND009,,2027,,,,,,,,,,,,,0.0003731264893175,,,,
Scenario1,0,RE1,,PWRWND009,,2028,,,,,,,,,,,,,0.0003731264893175,,,,
Scenario1,0,RE1,,PWRWND009,,2029,,,,,,,,,,,,,0.0003731264893175,,,,
Scenario1,0,RE1,,PWRWND009,,2030,,,,,,,,,,,,,0.0003731264893175,,,,
Scenario1,0,RE1,,PWRWND009,,2031,,,,,,,,,,,,,0.0003731264893175,,,,
Scenario1,0,RE1,,PWRWND009,,2032,,,,,,,,,,,,,0.0003731264893175,,,,
Scenario1,0,RE1,,PWRWND009,,2033,,,,,,,,,,,,,0.0003731264893175,,,,
Scenario1,0,RE1,,PWRWND009,,2034,,,,,,,,,,,,,0.0003731264893175,,,,
Scenario1,0,RE1,,PWRWND009,,2035,,,,,,,,,,,,,0.0003731264893175,,,,
Scenario1,0,RE1,,PWRWND009,,2036,,,,,,,,,,,,,0.0003731264893175,,,,
Scenario1,0,RE1,,PWRWND009,,2037,,,,,,,,,,,,,0.0003731264893175,,,,
Scenario1,0,RE1,,PWRWND009,,2038,,,,,,,,,,,,,0.0003731264893175,,,,
Scenario1,0,RE1,,PWRWND009,,2039,,,,,,,,,,,,,0.0003731264893175,,,,
Scenario1,0,RE1,,PWRWND009,,2040,,,,,,,,,,,,,0.0003731264893175,,,,
Scenario1,0,RE1,,PWRWND009,,2041,,,,,,,,,,,,,0.0003731264893175,,,,
Scenario1,0,RE1,,PWRWND009,,2042,,,,,,,,,,,,,0.0003731264893175,,,,
Scenario1,0,RE1,,PWRWND009,,2043,,,,,,,,,,,,,0.0003731264893175,,,,
Scenario1,0,RE1,,PWRWND009,,2044,,,,,,,,,,,,,0.0003731264893175,,,,
Scenario1,0,RE1,,PWRWND009,,2045,,,,,,,,,,,,,0.0,,,,
Scenario1,0,RE1,,PWRWND009,,2046,,,,,,,,,,,,,0.0,,,,
Scenario1,0,RE1,,PWRWND009,,2047,,,,,,,,,,,,,0.0,,,,
Scenario1,0,RE1,,PWRWND009,,2048,,,,,,,,,,,,,0.0,,,,
Scenario1,0,RE1,,PWRWND009,,2049,,,,,,,,,,,,,0.0,,,,
Scenario1,0,RE1,,PWRWND009,,2050,,,,,,,,,,,,,0.0,,,,
Scenario1,0,RE1,,PWRWND010,,2019,,,,,,,,,,,,,0.0,,,,
Scenario1,0,RE1,,PWRWND010,,2020,,,,,,,,,,,,,0.0,,,,
Scenario1,0,RE1,,PWRWND010,,2021,,,,,,,,,,,,,0.0,,,,
Scenario1,0,RE1,,PWRWND010,,2022,,,,,,,,,,,,,0.0,,,,
Scenario1,0,RE1,,PWRWND010,,2023,,,,,,,,,,,,,0.0,,,,
Scenario1,0,RE1,,PWRWND010,,2024,,,,,,,,,,,,,0.0,,,,
Scenario1,0,RE1,,PWRWND010,,2025,,,,,,,,,,,,,0.0003969529268606,,,,
Scenario1,0,RE1,,PWRWND010,,2026,,,,,,,,,,,,,0.0003969529268606,,,,
Scenario1,0,RE1,,PWRWND010,,2027,,,,,,,,,,,,,0.0003969529268606,,,,
Scenario1,0,RE1,,PWRWND010,,2028,,,,,,,,,,,,,0.0003969529268606,,,,
Scenario1,0,RE1,,PWRWND010,,2029,,,,,,,,,,,,,0.0003969529268606,,,,
Scenario1,0,RE1,,PWRWND010,,2030,,,,,,,,,,,,,0.0003969529268606,,,,
Scenario1,0,RE1,,PWRWND010,,2031,,,,,,,,,,,,,0.0003969529268606,,,,
Scenario1,0,RE1,,PWRWND010,,2032,,,,,,,,,,,,,0.0003969529268606,,,,
Scenario1,0,RE1,,PWRWND010,,2033,,,,,,,,,,,,,0.0003969529268606,,,,
Scenario1,0,RE1,,PWRWND010,,2034,,,,,,,,,,,,,0.0003969529268606,,,,
Scenario1,0,RE1,,PWRWND010,,2035,,,,,,,,,,,,,0.0003969529268606,,,,
Scenario1,0,RE1,,PWRWND010,,2036,,,,,,,,,,,,,0.0003969529268606,,,,
Scenario1,0,RE1,,PWRWND010,,2037,,,,,,,,,,,,,0.0003969529268606,,,,
Scenario1,0,RE1,,PWRWND010,,2038,,,,,,,,,,,,,0.0003969529268606,,,,
Scenario1,0,RE1,,PWRWND010,,2039,,,,,,,,,,,,,0.0003969529268606,,,,
Scenario1,0,RE1,,PWRWND010,,2040,,,,,,,,,,,,,0.0003969529268606,,,,
Scenario1,0,RE1,,PWRWND010,,2041,,,,,,,,,,,,,0.0003969529268606,,,,
Scenario1,0,RE1,,PWRWND010,,2042,,,,,,,,,,,,,0.0003969529268606,,,,
Scenario1,0,RE1,,PWRWND010,,2043,,,,,,,,,,,,,0.0003969529268606,,,,
Scenario1,0,RE1,,PWRWND010,,2044,,,,,,,,,,,,,0.0003969529268606,,,,
Scenario1,0,RE1,,PWRWND010,,2045,,,,,,,,,,,,,0.0003788392998955,,,,
Scenario1,0,RE1,,PWRWND010,,2046,,,,,,,,,,,,,0.0003788392998955,,,,
Scenario1,0,RE1,,PWRWND010,,2047,,,,,,,,,,,,,0.0003788392998955,,,,
Scenario1,0,RE1,,PWRWND010,,2048,,,,,,,,,,,,,0.0003788392998955,,,,
Scenario1,0,RE1,,PWRWND010,,2049,,,,,,,,,,,,,0.0003788392998955,,,,
Scenario1,0,RE1,,PWRWND010,,2050,,,,,,,,,,,,,0.0003788392998955,,,,
Scenario1,0,RE1,,PWRWND011,,2019,,,,,,,,,,,,,0.0005688196557465,,,,
Scenario1,0,RE1,,PWRWND011,,2020,,,,,,,,,,,,,0.0005688196557465,,,,
Scenario1,0,RE1,,PWRWND011,,2021,,,,,,,,,,,,,0.0007422402824985,,,,
Scenario1,0,RE1,,PWRWND011,,2022,,,,,,,,,,,,,0.0007422402824985,,,,
Scenario1,0,RE1,,PWRWND011,,2023,,,,,,,,,,,,,0.0007422402824985,,,,
Scenario1,0,RE1,,PWRWND011,,2024,,,,,,,,,,,,,0.0007422402824985,,,,
Scenario1,0,RE1,,PWRWND011,,2025,,,,,,,,,,,,,0.0007803928203839,,,,
Scenario1,0,RE1,,PWRWND011,,2026,,,,,,,,,,,,,0.0008671031337599,,,,
Scenario1,0,RE1,,PWRWND011,,2027,,,,,,,,,,,,,0.00086710313376,,,,
Scenario1,0,RE1,,PWRWND011,,2028,,,,,,,,,,,,,0.0008582586817956,,,,
Scenario1,0,RE1,,PWRWND011,,2029,,,,,,,,,,,,,0.0008582586817956,,,,
Scenario1,0,RE1,,PWRWND011,,2030,,,,,,,,,,,,,0.0008582586817956,,,,
Scenario1,0,RE1,,PWRWND011,,2031,,,,,,,,,,,,,0.0008582586817956,,,,
Scenario1,0,RE1,,PWRWND011,,2032,,,,,,,,,,,,,0.0008582586817956,,,,
Scenario1,0,RE1,,PWRWND011,,2033,,,,,,,,,,,,,0.0008582586817956,,,,
Scenario1,0,RE1,,PWRWND011,,2034,,,,,,,,,,,,,0.0008582586817956,,,,
Scenario1,0,RE1,,PWRWND011,,2035,,,,,,,,,,,,,0.0008228808739382,,,,
Scenario1,0,RE1,,PWRWND011,,2036,,,,,,,,,,,,,0.0008228808739382,,,,
Scenario1,0,RE1,,PWRWND011,,2037,,,,,,,,,,,,,0.0008228808739382,,,,
Scenario1,0,RE1,,PWRWND011,,2038,,,,,,,,,,,,,0.0003026189936822,,,,
Scenario1,0,RE1,,PWRWND011,,2039,,,,,,,,,,,,,0.0002982834780134,,,,
Scenario1,0,RE1,,PWRWND011,,2040,,,,,,,,,,,,,0.0002982834780134,,,,
Scenario1,0,RE1,,PWRWND011,,2041,,,,,,,,,,,,,0.0001248628512614,,,,
Scenario1,0,RE1,,PWRWND011,,2042,,,,,,,,,,,,,0.0001248628512614,,,,
Scenario1,0,RE1,,PWRWND011,,2043,,,,,,,,,,,,,0.0001248628512614,,,,
Scenario1,0,RE1,,PWRWND011,,2044,,,,,,,,,,,,,0.0001248628512614,,,,
Scenario1,0,RE1,,PWRWND011,,2045,,,,,,,,,,,,,8.671031337599997e-05,,,,
Scenario1,0,RE1,,PWRWND011,,2046,,,,,,,,,,,,,0.0,,,,
Scenario1,0,RE1,,PWRWND011,,2047,,,,,,,,,,,,,0.0,,,,
Scenario1,0,RE1,,PWRWND011,,2048,,,,,,,,,,,,,0.0,,,,
Scenario1,0,RE1,,PWRWND011,,2049,,,,,,,,,,,,,0.0,,,,
Scenario1,0,RE1,,PWRWND011,,2050,,,,,,,,,,,,,0.0,,,,
Scenario1,0,RE1,,BACKSTOP,,2019,,,,,,,,,,,,,,,,,271.7854641443946
Scenario1,0,RE1,,BACKSTOP,,2020,,,,,,,,,,,,,,,,,314.7372496549327
Scenario1,0,RE1,,BACKSTOP,,2021,,,,,,,,,,,,,,,,,415.38922457638006
Scenario1,0,RE1,,BACKSTOP,,2022,,,,,,,,,,,,,,,,,216.6255490294213
Scenario1,0,RE1,,BACKSTOP,,2023,,,,,,,,,,,,,,,,,254.0803274850225
Scenario1,0,RE1,,BACKSTOP,,2024,,,,,,,,,,,,,,,,,299.0783017285419
Scenario1,0,RE1,,BACKSTOP,,2025,,,,,,,,,,,,,,,,,63.25343500005279
Scenario1,0,RE1,,BACKSTOP,,2026,,,,,,,,,,,,,,,,,0.0
Scenario1,0,RE1,,BACKSTOP,,2027,,,,,,,,,,,,,,,,,0.0
Scenario1,0,RE1,,BACKSTOP,,2028,,,,,,,,,,,,,,,,,0.0
Scenario1,0,RE1,,BACKSTOP,,2029,,,,,,,,,,,,,,,,,0.0
Scenario1,0,RE1,,BACKSTOP,,2030,,,,,,,,,,,,,,,,,0.0
Scenario1,0,RE1,,BACKSTOP,,2031,,,,,,,,,,,,,,,,,0.0
Scenario1,0,RE1,,BACKSTOP,,2032,,,,,,,,,,,,,,,,,0.0
Scenario1,0,RE1,,BACKSTOP,,2033,,,,,,,,,,,,,,,,,0.0
Scenario1,0,RE1,,BACKSTOP,,2034,,,,,,,,,,,,,,,,,0.0
Scenario1,0,RE1,,BACKSTOP,,2035,,,,,,,,,,,,,,,,,0.0
Scenario1,0,RE1,,BACKSTOP,,2036,,,,,,,,,,,,,,,,,0.0
Scenario1,0,RE1,,BACKSTOP,,2037,,,,,,,,,,,,,,,,,0.0
Scenario1,0,RE1,,BACKSTOP,,2038,,,,,,,,,,,,,,,,,0.0
Scenario1,0,RE1,,BACKSTOP,,2039,,,,,,,,,,,,,,,,,0.0
Scenario1,0,RE1,,BACKSTOP,,2040,,,,,,,,,,,,,,,,,0.0
Scenario1,0,RE1,,BACKSTOP,,2041,,,,,,,,,,,,,,,,,0.0
Scenario1,0,RE1,,BACKSTOP,,2042,,,,,,,,,,,,,,,,,0.0
Scenario1,0,RE1,,BACKSTOP,,2043,,,,,,,,,,,,,,,,,0.0
Scenario1,0,RE1,,BACKSTOP,,2044,,,,,,,,,,,,,,,,,0.0
Scenario1,0,RE1,,BACKSTOP,,2045,,,,,,,,,,,,,,,,,0.0
Scenario1,0,RE1,,BACKSTOP,,2046,,,,,,,,,,,,,,,,,0.0
Scenario1,0,RE1,,BACKSTOP,,2047,,,,,,,,,,,,,,,,,0.0
Scenario1,0,RE1,,BACKSTOP,,2048,,,,,,,,,,,,,,,,,0.0
Scenario1,0,RE1,,BACKSTOP,,2049,,,,,,,,,,,,,,,,,0.0
Scenario1,0,RE1,,BACKSTOP,,2050,,,,,,,,,,,,,,,,,0.0
Scenario1,0,RE1,,BESS_TECH,,2019,,,,,,,,,,,,,,,,,0.0
Scenario1,0,RE1,,BESS_TECH,,2020,,,,,,,,,,,,,,,,,0.0
Scenario1,0,RE1,,BESS_TECH,,2021,,,,,,,,,,,,,,,,,0.0
Scenario1,0,RE1,,BESS_TECH,,2022,,,,,,,,,,,,,,,,,0.0
Scenario1,0,RE1,,BESS_TECH,,2023,,,,,,,,,,,,,,,,,0.0
Scenario1,0,RE1,,BESS_TECH,,2024,,,,,,,,,,,,,,,,,3.3100000000000005
Scenario1,0,RE1,,BESS_TECH,,2025,,,,,,,,,,,,,,,,,8.075
Scenario1,0,RE1,,BESS_TECH,,2026,,,,,,,,,,,,,,,,,11.062846594893768
Scenario1,0,RE1,,BESS_TECH,,2027,,,,,,,,,,,,,,,,,19.49923420376052
Scenario1,0,RE1,,BESS_TECH,,2028,,,,,,,,,,,,,,,,,26.276169076374973
Scenario1,0,RE1,,BESS_TECH,,2029,,,,,,,,,,,,,,,,,37.739357956073576
Scenario1,0,RE1,,BESS_TECH,,2030,,,,,,,,,,,,,,,,,47.0880213910874
Scenario1,0,RE1,,BESS_TECH,,2031,,,,,,,,,,,,,,,,,58.07660377411233
Scenario1,0,RE1,,BESS_TECH,,2032,,,,,,,,,,,,,,,,,64.78522327049764
Scenario1,0,RE1,,BESS_TECH,,2033,,,,,,,,,,,,,,,,,70.74746884905998
Scenario1,0,RE1,,BESS_TECH,,2034,,,,,,,,,,,,,,,,,66.61155385956309
Scenario1,0,RE1,,BESS_TECH,,2035,,,,,,,,,,,,,,,,,69.6584930135742
Scenario1,0,RE1,,BESS_TECH,,2036,,,,,,,,,,,,,,,,,72.42160747288214
Scenario1,0,RE1,,BESS_TECH,,2037,,,,,,,,,,,,,,,,,75.13516770860107
Scenario1,0,RE1,,BESS_TECH,,2038,,,,,,,,,,,,,,,,,74.69882145674224
Scenario1,0,RE1,,BESS_TECH,,2039,,,,,,,,,,,,,,,,,78.60247324249455
Scenario1,0,RE1,,BESS_TECH,,2040,,,,,,,,,,,,,,,,,81.4393260988376
Scenario1,0,RE1,,BESS_TECH,,2041,,,,,,,,,,,,,,,,,86.31111181207712
Scenario1,0,RE1,,BESS_TECH,,2042,,,,,,,,,,,,,,,,,89.40328902208789
Scenario1,0,RE1,,BESS_TECH,,2043,,,,,,,,,,,,,,,,,92.62486569341272
Scenario1,0,RE1,,BESS_TECH,,2044,,,,,,,,,,,,,,,,,95.87940943471835
Scenario1,0,RE1,,BESS_TECH,,2045,,,,,,,,,,,,,,,,,94.76259881578764
Scenario1,0,RE1,,BESS_TECH,,2046,,,,,,,,,,,,,,,,,97.90017998683275
Scenario1,0,RE1,,BESS_TECH,,2047,,,,,,,,,,,,,,,,,102.06134333846906
Scenario1,0,RE1,,BESS_TECH,,2048,,,,,,,,,,,,,,,,,105.76751025628454
Scenario1,0,RE1,,BESS_TECH,,2049,,,,,,,,,,,,,,,,,110.09078687927084
Scenario1,0,RE1,,BESS_TECH,,2050,,,,,,,,,,,,,,,,,114.6424959150074
Scenario1,0,RE1,,DEMCOMELC,,2019,,,,,,,,,,,,,,,,,0.0
Scenario1,0,RE1,,DEMCOMELC,,2020,,,,,,,,,,,,,,,,,0.0
Scenario1,0,RE1,,DEMCOMELC,,2021,,,,,,,,,,,,,,,,,0.0
Scenario1,0,RE1,,DEMCOMELC,,2022,,,,,,,,,,,,,,,,,0.0
Scenario1,0,RE1,,DEMCOMELC,,2023,,,,,,,,,,,,,,,,,0.0
Scenario1,0,RE1,,DEMCOMELC,,2024,,,,,,,,,,,,,,,,,0.0
Scenario1,0,RE1,,DEMCOMELC,,2025,,,,,,,,,,,,,,,,,0.0
Scenario1,0,RE1,,DEMCOMELC,,2026,,,,,,,,,,,,,,,,,0.0
Scenario1,0,RE1,,DEMCOMELC,,2027,,,,,,,,,,,,,,,,,0.0
Scenario1,0,RE1,,DEMCOMELC,,2028,,,,,,,,,,,,,,,,,0.0
Scenario1,0,RE1,,DEMCOMELC,,2029,,,,,,,,,,,,,,,,,0.0
Scenario1,0,RE1,,DEMCOMELC,,2030,,,,,,,,,,,,,,,,,0.0
Scenario1,0,RE1,,DEMCOMELC,,2031,,,,,,,,,,,,,,,,,0.0
Scenario1,0,RE1,,DEMCOMELC,,2032,,,,,,,,,,,,,,,,,0.0
Scenario1,0,RE1,,DEMCOMELC,,2033,,,,,,,,,,,,,,,,,0.0
Scenario1,0,RE1,,DEMCOMELC,,2034,,,,,,,,,,,,,,,,,0.0
Scenario1,0,RE1,,DEMCOMELC,,2035,,,,,,,,,,,,,,,,,0.0
Scenario1,0,RE1,,DEMCOMELC,,2036,,,,,,,,,,,,,,,,,0.0
Scenario1,0,RE1,,DEMCOMELC,,2037,,,,,,,,,,,,,,,,,0.0
Scenario1,0,RE1,,DEMCOMELC,,2038,,,,,,,,,,,,,,,,,0.0
Scenario1,0,RE1,,DEMCOMELC,,2039,,,,,,,,,,,,,,,,,0.0
Scenario1,0,RE1,,DEMCOMELC,,2040,,,,,,,,,,,,,,,,,0.0
Scenario1,0,RE1,,DEMCOMELC,,2041,,,,,,,,,,,,,,,,,0.0
Scenario1,0,RE1,,DEMCOMELC,,2042,,,,,,,,,,,,,,,,,0.0
Scenario1,0,RE1,,DEMCOMELC,,2043,,,,,,,,,,,,,,,,,0.0
Scenario1,0,RE1,,DEMCOMELC,,2044,,,,,,,,,,,,,,,,,0.0
Scenario1,0,RE1,,DEMCOMELC,,2045,,,,,,,,,,,,,,,,,0.0
Scenario1,0,RE1,,DEMCOMELC,,2046,,,,,,,,,,,,,,,,,0.0
Scenario1,0,RE1,,DEMCOMELC,,2047,,,,,,,,,,,,,,,,,0.0
Scenario1,0,RE1,,DEMCOMELC,,2048,,,,,,,,,,,,,,,,,0.0
Scenario1,0,RE1,,DEMCOMELC,,2049,,,,,,,,,,,,,,,,,0.0
Scenario1,0,RE1,,DEMCOMELC,,2050,,,,,,,,,,,,,,,,,0.0
Scenario1,0,RE1,,DEMINDELC,,2019,,,,,,,,,,,,,,,,,0.0
Scenario1,0,RE1,,DEMINDELC,,2020,,,,,,,,,,,,,,,,,0.0
Scenario1,0,RE1,,DEMINDELC,,2021,,,,,,,,,,,,,,,,,0.0
Scenario1,0,RE1,,DEMINDELC,,2022,,,,,,,,,,,,,,,,,0.0
Scenario1,0,RE1,,DEMINDELC,,2023,,,,,,,,,,,,,,,,,0.0
Scenario1,0,RE1,,DEMINDELC,,2024,,,,,,,,,,,,,,,,,0.0
Scenario1,0,RE1,,DEMINDELC,,2025,,,,,,,,,,,,,,,,,0.0
Scenario1,0,RE1,,DEMINDELC,,2026,,,,,,,,,,,,,,,,,0.0
Scenario1,0,RE1,,DEMINDELC,,2027,,,,,,,,,,,,,,,,,0.0
Scenario1,0,RE1,,DEMINDELC,,2028,,,,,,,,,,,,,,,,,0.0
Scenario1,0,RE1,,DEMINDELC,,2029,,,,,,,,,,,,,,,,,0.0
Scenario1,0,RE1,,DEMINDELC,,2030,,,,,,,,,,,,,,,,,0.0
Scenario1,0,RE1,,DEMINDELC,,2031,,,,,,,,,,,,,,,,,0.0
Scenario1,0,RE1,,DEMINDELC,,2032,,,,,,,,,,,,,,,,,0.0
Scenario1,0,RE1,,DEMINDELC,,2033,,,,,,,,,,,,,,,,,0.0
Scenario1,0,RE1,,DEMINDELC,,2034,,,,,,,,,,,,,,,,,0.0
Scenario1,0,RE1,,DEMINDELC,,2035,,,,,,,,,,,,,,,,,0.0
Scenario1,0,RE1,,DEMINDELC,,2036,,,,,,,,,,,,,,,,,0.0
Scenario1,0,RE1,,DEMINDELC,,2037,,,,,,,,,,,,,,,,,0.0
Scenario1,0,RE1,,DEMINDELC,,2038,,,,,,,,,,,,,,,,,0.0
Scenario1,0,RE1,,DEMINDELC,,2039,,,,,,,,,,,,,,,,,0.0
Scenario1,0,RE1,,DEMINDELC,,2040,,,,,,,,,,,,,,,,,0.0
Scenario1,0,RE1,,DEMINDELC,,2041,,,,,,,,,,,,,,,,,0.0
Scenario1,0,RE1,,DEMINDELC,,2042,,,,,,,,,,,,,,,,,0.0
Scenario1,0,RE1,,DEMINDELC,,2043,,,,,,,,,,,,,,,,,0.0
Scenario1,0,RE1,,DEMINDELC,,2044,,,,,,,,,,,,,,,,,0.0
Scenario1,0,RE1,,DEMINDELC,,2045,,,,,,,,,,,,,,,,,0.0
Scenario1,0,RE1,,DEMINDELC,,2046,,,,,,,,,,,,,,,,,0.0
Scenario1,0,RE1,,DEMINDELC,,2047,,,,,,,,,,,,,,,,,0.0
Scenario1,0,RE1,,DEMINDELC,,2048,,,,,,,,,,,,,,,,,0.0
Scenario1,0,RE1,,DEMINDELC,,2049,,,,,,,,,,,,,,,,,0.0
Scenario1,0,RE1,,DEMINDELC,,2050,,,,,,,,,,,,,,,,,0.0
Scenario1,0,RE1,,DEMRESELC,,2019,,,,,,,,,,,,,,,,,0.0
Scenario1,0,RE1,,DEMRESELC,,2020,,,,,,,,,,,,,,,,,0.0
Scenario1,0,RE1,,DEMRESELC,,2021,,,,,,,,,,,,,,,,,0.0
Scenario1,0,RE1,,DEMRESELC,,2022,,,,,,,,,,,,,,,,,0.0
Scenario1,0,RE1,,DEMRESELC,,2023,,,,,,,,,,,,,,,,,0.0
Scenario1,0,RE1,,DEMRESELC,,2024,,,,,,,,,,,,,,,,,0.0
Scenario1,0,RE1,,DEMRESELC,,2025,,,,,,,,,,,,,,,,,0.0
Scenario1,0,RE1,,DEMRESELC,,2026,,,,,,,,,,,,,,,,,0.0
Scenario1,0,RE1,,DEMRESELC,,2027,,,,,,,,,,,,,,,,,0.0
Scenario1,0,RE1,,DEMRESELC,,2028,,,,,,,,,,,,,,,,,0.0
Scenario1,0,RE1,,DEMRESELC,,2029,,,,,,,,,,,,,,,,,0.0
Scenario1,0,RE1,,DEMRESELC,,2030,,,,,,,,,,,,,,,,,0.0
Scenario1,0,RE1,,DEMRESELC,,2031,,,,,,,,,,,,,,,,,0.0
Scenario1,0,RE1,,DEMRESELC,,2032,,,,,,,,,,,,,,,,,0.0
Scenario1,0,RE1,,DEMRESELC,,2033,,,,,,,,,,,,,,,,,0.0
Scenario1,0,RE1,,DEMRESELC,,2034,,,,,,,,,,,,,,,,,0.0
Scenario1,0,RE1,,DEMRESELC,,2035,,,,,,,,,,,,,,,,,0.0
Scenario1,0,RE1,,DEMRESELC,,2036,,,,,,,,,,,,,,,,,0.0
Scenario1,0,RE1,,DEMRESELC,,2037,,,,,,,,,,,,,,,,,0.0
Scenario1,0,RE1,,DEMRESELC,,2038,,,,,,,,,,,,,,,,,0.0
Scenario1,0,RE1,,DEMRESELC,,2039,,,,,,,,,,,,,,,,,0.0
Scenario1,0,RE1,,DEMRESELC,,2040,,,,,,,,,,,,,,,,,0.0
Scenario1,0,RE1,,DEMRESELC,,2041,,,,,,,,,,,,,,,,,0.0
Scenario1,0,RE1,,DEMRESELC,,2042,,,,,,,,,,,,,,,,,0.0
Scenario1,0,RE1,,DEMRESELC,,2043,,,,,,,,,,,,,,,,,0.0
Scenario1,0,RE1,,DEMRESELC,,2044,,,,,,,,,,,,,,,,,0.0
Scenario1,0,RE1,,DEMRESELC,,2045,,,,,,,,,,,,,,,,,0.0
Scenario1,0,RE1,,DEMRESELC,,2046,,,,,,,,,,,,,,,,,0.0
Scenario1,0,RE1,,DEMRESELC,,2047,,,,,,,,,,,,,,,,,0.0
Scenario1,0,RE1,,DEMRESELC,,2048,,,,,,,,,,,,,,,,,0.0
Scenario1,0,RE1,,DEMRESELC,,2049,,,,,,,,,,,,,,,,,0.0
Scenario1,0,RE1,,DEMRESELC,,2050,,,,,,,,,,,,,,,,,0.0
Scenario1,0,RE1,,EXPELC,,2019,,,,,,,,,,,,,,,,,0.0
Scenario1,0,RE1,,EXPELC,,2020,,,,,,,,,,,,,,,,,0.0
Scenario1,0,RE1,,EXPELC,,2021,,,,,,,,,,,,,,,,,0.0
Scenario1,0,RE1,,EXPELC,,2022,,,,,,,,,,,,,,,,,0.0
Scenario1,0,RE1,,EXPELC,,2023,,,,,,,,,,,,,,,,,0.0
Scenario1,0,RE1,,EXPELC,,2024,,,,,,,,,,,,,,,,,0.0
Scenario1,0,RE1,,EXPELC,,2025,,,,,,,,,,,,,,,,,0.0
Scenario1,0,RE1,,EXPELC,,2026,,,,,,,,,,,,,,,,,0.0
Scenario1,0,RE1,,EXPELC,,2027,,,,,,,,,,,,,,,,,0.0
Scenario1,0,RE1,,EXPELC,,2028,,,,,,,,,,,,,,,,,0.0
Scenario1,0,RE1,,EXPELC,,2029,,,,,,,,,,,,,,,,,0.0
Scenario1,0,RE1,,EXPELC,,2030,,,,,,,,,,,,,,,,,0.0
Scenario1,0,RE1,,EXPELC,,2031,,,,,,,,,,,,,,,,,0.0
Scenario1,0,RE1,,EXPELC,,2032,,,,,,,,,,,,,,,,,0.0
Scenario1,0,RE1,,EXPELC,,2033,,,,,,,,,,,,,,,,,0.0
Scenario1,0,RE1,,EXPELC,,2034,,,,,,,,,,,,,,,,,0.0
Scenario1,0,RE1,,EXPELC,,2035,,,,,,,,,,,,,,,,,0.0
Scenario1,0,RE1,,EXPELC,,2036,,,,,,,,,,,,,,,,,0.0
Scenario1,0,RE1,,EXPELC,,2037,,,,,,,,,,,,,,,,,0.0
Scenario1,0,RE1,,EXPELC,,2038,,,,,,,,,,,,,,,,,0.0
Scenario1,0,RE1,,EXPELC,,2039,,,,,,,,,,,,,,,,,0.0
Scenario1,0,RE1,,EXPELC,,2040,,,,,,,,,,,,,,,,,0.0
Scenario1,0,RE1,,EXPELC,,2041,,,,,,,,,,,,,,,,,0.0
Scenario1,0,RE1,,EXPELC,,2042,,,,,,,,,,,,,,,,,0.0
Scenario1,0,RE1,,EXPELC,,2043,,,,,,,,,,,,,,,,,0.0
Scenario1,0,RE1,,EXPELC,,2044,,,,,,,,,,,,,,,,,0.0
Scenario1,0,RE1,,EXPELC,,2045,,,,,,,,,,,,,,,,,0.0
Scenario1,0,RE1,,EXPELC,,2046,,,,,,,,,,,,,,,,,0.0
Scenario1,0,RE1,,EXPELC,,2047,,,,,,,,,,,,,,,,,0.0
Scenario1,0,RE1,,EXPELC,,2048,,,,,,,,,,,,,,,,,0.0
Scenario1,0,RE1,,EXPELC,,2049,,,,,,,,,,,,,,,,,0.0
Scenario1,0,RE1,,EXPELC,,2050,,,,,,,,,,,,,,,,,0.0
Scenario1,0,RE1,,IMPBIO,,2019,,,,,,,,,,,,,,,,,0.0
Scenario1,0,RE1,,IMPBIO,,2020,,,,,,,,,,,,,,,,,0.0
Scenario1,0,RE1,,IMPBIO,,2021,,,,,,,,,,,,,,,,,0.0
Scenario1,0,RE1,,IMPBIO,,2022,,,,,,,,,,,,,,,,,0.0
Scenario1,0,RE1,,IMPBIO,,2023,,,,,,,,,,,,,,,,,0.0
Scenario1,0,RE1,,IMPBIO,,2024,,,,,,,,,,,,,,,,,0.0
Scenario1,0,RE1,,IMPBIO,,2025,,,,,,,,,,,,,,,,,0.0
Scenario1,0,RE1,,IMPBIO,,2026,,,,,,,,,,,,,,,,,0.0
Scenario1,0,RE1,,IMPBIO,,2027,,,,,,,,,,,,,,,,,0.0
Scenario1,0,RE1,,IMPBIO,,2028,,,,,,,,,,,,,,,,,0.0
Scenario1,0,RE1,,IMPBIO,,2029,,,,,,,,,,,,,,,,,0.0
Scenario1,0,RE1,,IMPBIO,,2030,,,,,,,,,,,,,,,,,0.0
Scenario1,0,RE1,,IMPBIO,,2031,,,,,,,,,,,,,,,,,0.0
Scenario1,0,RE1,,IMPBIO,,2032,,,,,,,,,,,,,,,,,0.0
Scenario1,0,RE1,,IMPBIO,,2033,,,,,,,,,,,,,,,,,0.0
Scenario1,0,RE1,,IMPBIO,,2034,,,,,,,,,,,,,,,,,0.0
Scenario1,0,RE1,,IMPBIO,,2035,,,,,,,,,,,,,,,,,0.0
Scenario1,0,RE1,,IMPBIO,,2036,,,,,,,,,,,,,,,,,0.0
Scenario1,0,RE1,,IMPBIO,,2037,,,,,,,,,,,,,,,,,0.0
Scenario1,0,RE1,,IMPBIO,,2038,,,,,,,,,,,,,,,,,0.0
Scenario1,0,RE1,,IMPBIO,,2039,,,,,,,,,,,,,,,,,0.0
Scenario1,0,RE1,,IMPBIO,,2040,,,,,,,,,,,,,,,,,0.0
Scenario1,0,RE1,,IMPBIO,,2041,,,,,,,,,,,,,,,,,0.0
Scenario1,0,RE1,,IMPBIO,,2042,,,,,,,,,,,,,,,,,0.0
Scenario1,0,RE1,,IMPBIO,,2043,,,,,,,,,,,,,,,,,0.0
Scenario1,0,RE1,,IMPBIO,,2044,,,,,,,,,,,,,,,,,0.0
Scenario1,0,RE1,,IMPBIO,,2045,,,,,,,,,,,,,,,,,0.0
Scenario1,0,RE1,,IMPBIO,,2046,,,,,,,,,,,,,,,,,0.0
Scenario1,0,RE1,,IMPBIO,,2047,,,,,,,,,,,,,,,,,0.0
Scenario1,0,RE1,,IMPBIO,,2048,,,,,,,,,,,,,,,,,0.0
Scenario1,0,RE1,,IMPBIO,,2049,,,,,,,,,,,,,,,,,0.0
Scenario1,0,RE1,,IMPBIO,,2050,,,,,,,,,,,,,,,,,0.0
Scenario1,0,RE1,,IMPCOA,,2019,,,,,,,,,,,,,,,,,0.0
Scenario1,0,RE1,,IMPCOA,,2020,,,,,,,,,,,,,,,,,0.0
Scenario1,0,RE1,,IMPCOA,,2021,,,,,,,,,,,,,,,,,0.0
Scenario1,0,RE1,,IMPCOA,,2022,,,,,,,,,,,,,,,,,0.0
Scenario1,0,RE1,,IMPCOA,,2023,,,,,,,,,,,,,,,,,0.0
Scenario1,0,RE1,,IMPCOA,,2024,,,,,,,,,,,,,,,,,0.0
Scenario1,0,RE1,,IMPCOA,,2025,,,,,,,,,,,,,,,,,0.0
Scenario1,0,RE1,,IMPCOA,,2026,,,,,,,,,,,,,,,,,0.0
Scenario1,0,RE1,,IMPCOA,,2027,,,,,,,,,,,,,,,,,0.0
Scenario1,0,RE1,,IMPCOA,,2028,,,,,,,,,,,,,,,,,0.0
Scenario1,0,RE1,,IMPCOA,,2029,,,,,,,,,,,,,,,,,0.0
Scenario1,0,RE1,,IMPCOA,,2030,,,,,,,,,,,,,,,,,0.0
Scenario1,0,RE1,,IMPCOA,,2031,,,,,,,,,,,,,,,,,0.0
Scenario1,0,RE1,,IMPCOA,,2032,,,,,,,,,,,,,,,,,0.0
Scenario1,0,RE1,,IMPCOA,,2033,,,,,,,,,,,,,,,,,0.0
Scenario1,0,RE1,,IMPCOA,,2034,,,,,,,,,,,,,,,,,0.0
Scenario1,0,RE1,,IMPCOA,,2035,,,,,,,,,,,,,,,,,0.0
Scenario1,0,RE1,,IMPCOA,,2036,,,,,,,,,,,,,,,,,0.0
Scenario1,0,RE1,,IMPCOA,,2037,,,,,,,,,,,,,,,,,0.0
Scenario1,0,RE1,,IMPCOA,,2038,,,,,,,,,,,,,,,,,0.0
Scenario1,0,RE1,,IMPCOA,,2039,,,,,,,,,,,,,,,,,0.0
Scenario1,0,RE1,,IMPCOA,,2040,,,,,,,,,,,,,,,,,0.0
Scenario1,0,RE1,,IMPCOA,,2041,,,,,,,,,,,,,,,,,0.0
Scenario1,0,RE1,,IMPCOA,,2042,,,,,,,,,,,,,,,,,0.0
Scenario1,0,RE1,,IMPCOA,,2043,,,,,,,,,,,,,,,,,0.0
Scenario1,0,RE1,,IMPCOA,,2044,,,,,,,,,,,,,,,,,0.0
Scenario1,0,RE1,,IMPCOA,,2045,,,,,,,,,,,,,,,,,0.0
Scenario1,0,RE1,,IMPCOA,,2046,,,,,,,,,,,,,,,,,0.0
Scenario1,0,RE1,,IMPCOA,,2047,,,,,,,,,,,,,,,,,0.0
Scenario1,0,RE1,,IMPCOA,,2048,,,,,,,,,,,,,,,,,0.0
Scenario1,0,RE1,,IMPCOA,,2049,,,,,,,,,,,,,,,,,0.0
Scenario1,0,RE1,,IMPCOA,,2050,,,,,,,,,,,,,,,,,0.0
Scenario1,0,RE1,,IMPELC001,,2019,,,,,,,,,,,,,,,,,0.0
Scenario1,0,RE1,,IMPELC001,,2020,,,,,,,,,,,,,,,,,0.0
Scenario1,0,RE1,,IMPELC001,,2021,,,,,,,,,,,,,,,,,0.0
Scenario1,0,RE1,,IMPELC001,,2022,,,,,,,,,,,,,,,,,0.0
Scenario1,0,RE1,,IMPELC001,,2023,,,,,,,,,,,,,,,,,0.0
Scenario1,0,RE1,,IMPELC001,,2024,,,,,,,,,,,,,,,,,0.0
Scenario1,0,RE1,,IMPELC001,,2025,,,,,,,,,,,,,,,,,0.0
Scenario1,0,RE1,,IMPELC001,,2026,,,,,,,,,,,,,,,,,0.0
Scenario1,0,RE1,,IMPELC001,,2027,,,,,,,,,,,,,,,,,0.0
Scenario1,0,RE1,,IMPELC001,,2028,,,,,,,,,,,,,,,,,0.0
Scenario1,0,RE1,,IMPELC001,,2029,,,,,,,,,,,,,,,,,0.0
Scenario1,0,RE1,,IMPELC001,,2030,,,,,,,,,,,,,,,,,0.0
Scenario1,0,RE1,,IMPELC001,,2031,,,,,,,,,,,,,,,,,0.0
Scenario1,0,RE1,,IMPELC001,,2032,,,,,,,,,,,,,,,,,0.0
Scenario1,0,RE1,,IMPELC001,,2033,,,,,,,,,,,,,,,,,0.0
Scenario1,0,RE1,,IMPELC001,,2034,,,,,,,,,,,,,,,,,0.0
Scenario1,0,RE1,,IMPELC001,,2035,,,,,,,,,,,,,,,,,0.0
Scenario1,0,RE1,,IMPELC001,,2036,,,,,,,,,,,,,,,,,0.0
Scenario1,0,RE1,,IMPELC001,,2037,,,,,,,,,,,,,,,,,0.0
Scenario1,0,RE1,,IMPELC001,,2038,,,,,,,,,,,,,,,,,0.0
Scenario1,0,RE1,,IMPELC001,,2039,,,,,,,,,,,,,,,,,0.0
Scenario1,0,RE1,,IMPELC001,,2040,,,,,,,,,,,,,,,,,0.0
Scenario1,0,RE1,,IMPELC001,,2041,,,,,,,,,,,,,,,,,0.0
Scenario1,0,RE1,,IMPELC001,,2042,,,,,,,,,,,,,,,,,0.0
Scenario1,0,RE1,,IMPELC001,,2043,,,,,,,,,,,,,,,,,0.0
Scenario1,0,RE1,,IMPELC001,,2044,,,,,,,,,,,,,,,,,0.0
Scenario1,0,RE1,,IMPELC001,,2045,,,,,,,,,,,,,,,,,0.0
Scenario1,0,RE1,,IMPELC001,,2046,,,,,,,,,,,,,,,,,0.0
Scenario1,0,RE1,,IMPELC001,,2047,,,,,,,,,,,,,,,,,0.0
Scenario1,0,RE1,,IMPELC001,,2048,,,,,,,,,,,,,,,,,0.0
Scenario1,0,RE1,,IMPELC001,,2049,,,,,,,,,,,,,,,,,0.0
Scenario1,0,RE1,,IMPELC001,,2050,,,,,,,,,,,,,,,,,0.0
Scenario1,0,RE1,,IMPELC002,,2019,,,,,,,,,,,,,,,,,0.0
Scenario1,0,RE1,,IMPELC002,,2020,,,,,,,,,,,,,,,,,0.0
Scenario1,0,RE1,,IMPELC002,,2021,,,,,,,,,,,,,,,,,0.0
Scenario1,0,RE1,,IMPELC002,,2022,,,,,,,,,,,,,,,,,0.0
Scenario1,0,RE1,,IMPELC002,,2023,,,,,,,,,,,,,,,,,0.0
Scenario1,0,RE1,,IMPELC002,,2024,,,,,,,,,,,,,,,,,0.0
Scenario1,0,RE1,,IMPELC002,,2025,,,,,,,,,,,,,,,,,0.0
Scenario1,0,RE1,,IMPELC002,,2026,,,,,,,,,,,,,,,,,0.0
Scenario1,0,RE1,,IMPELC002,,2027,,,,,,,,,,,,,,,,,0.0
Scenario1,0,RE1,,IMPELC002,,2028,,,,,,,,,,,,,,,,,0.0
Scenario1,0,RE1,,IMPELC002,,2029,,,,,,,,,,,,,,,,,0.0
Scenario1,0,RE1,,IMPELC002,,2030,,,,,,,,,,,,,,,,,0.0
Scenario1,0,RE1,,IMPELC002,,2031,,,,,,,,,,,,,,,,,0.0
Scenario1,0,RE1,,IMPELC002,,2032,,,,,,,,,,,,,,,,,0.0
Scenario1,0,RE1,,IMPELC002,,2033,,,,,,,,,,,,,,,,,0.0
Scenario1,0,RE1,,IMPELC002,,2034,,,,,,,,,,,,,,,,,0.0
Scenario1,0,RE1,,IMPELC002,,2035,,,,,,,,,,,,,,,,,0.0
Scenario1,0,RE1,,IMPELC002,,2036,,,,,,,,,,,,,,,,,0.0
Scenario1,0,RE1,,IMPELC002,,2037,,,,,,,,,,,,,,,,,0.0
Scenario1,0,RE1,,IMPELC002,,2038,,,,,,,,,,,,,,,,,0.0
Scenario1,0,RE1,,IMPELC002,,2039,,,,,,,,,,,,,,,,,0.0
Scenario1,0,RE1,,IMPELC002,,2040,,,,,,,,,,,,,,,,,0.0
Scenario1,0,RE1,,IMPELC002,,2041,,,,,,,,,,,,,,,,,0.0
Scenario1,0,RE1,,IMPELC002,,2042,,,,,,,,,,,,,,,,,0.0
Scenario1,0,RE1,,IMPELC002,,2043,,,,,,,,,,,,,,,,,0.0
Scenario1,0,RE1,,IMPELC002,,2044,,,,,,,,,,,,,,,,,0.0
Scenario1,0,RE1,,IMPELC002,,2045,,,,,,,,,,,,,,,,,0.0
Scenario1,0,RE1,,IMPELC002,,2046,,,,,,,,,,,,,,,,,0.0
Scenario1,0,RE1,,IMPELC002,,2047,,,,,,,,,,,,,,,,,0.0
Scenario1,0,RE1,,IMPELC002,,2048,,,,,,,,,,,,,,,,,0.0
Scenario1,0,RE1,,IMPELC002,,2049,,,,,,,,,,,,,,,,,0.0
Scenario1,0,RE1,,IMPELC002,,2050,,,,,,,,,,,,,,,,,0.0
Scenario1,0,RE1,,IMPHFOMOM,,2019,,,,,,,,,,,,,,,,,0.0
Scenario1,0,RE1,,IMPHFOMOM,,2020,,,,,,,,,,,,,,,,,0.0
Scenario1,0,RE1,,IMPHFOMOM,,2021,,,,,,,,,,,,,,,,,0.0
Scenario1,0,RE1,,IMPHFOMOM,,2022,,,,,,,,,,,,,,,,,0.0
Scenario1,0,RE1,,IMPHFOMOM,,2023,,,,,,,,,,,,,,,,,0.0
Scenario1,0,RE1,,IMPHFOMOM,,2024,,,,,,,,,,,,,,,,,0.0
Scenario1,0,RE1,,IMPHFOMOM,,2025,,,,,,,,,,,,,,,,,0.0
Scenario1,0,RE1,,IMPHFOMOM,,2026,,,,,,,,,,,,,,,,,0.0
Scenario1,0,RE1,,IMPHFOMOM,,2027,,,,,,,,,,,,,,,,,0.0
Scenario1,0,RE1,,IMPHFOMOM,,2028,,,,,,,,,,,,,,,,,0.0
Scenario1,0,RE1,,IMPHFOMOM,,2029,,,,,,,,,,,,,,,,,0.0
Scenario1,0,RE1,,IMPHFOMOM,,2030,,,,,,,,,,,,,,,,,0.0
Scenario1,0,RE1,,IMPHFOMOM,,2031,,,,,,,,,,,,,,,,,0.0
Scenario1,0,RE1,,IMPHFOMOM,,2032,,,,,,,,,,,,,,,,,0.0
Scenario1,0,RE1,,IMPHFOMOM,,2033,,,,,,,,,,,,,,,,,0.0
Scenario1,0,RE1,,IMPHFOMOM,,2034,,,,,,,,,,,,,,,,,0.0
Scenario1,0,RE1,,IMPHFOMOM,,2035,,,,,,,,,,,,,,,,,0.0
Scenario1,0,RE1,,IMPHFOMOM,,2036,,,,,,,,,,,,,,,,,0.0
Scenario1,0,RE1,,IMPHFOMOM,,2037,,,,,,,,,,,,,,,,,0.0
Scenario1,0,RE1,,IMPHFOMOM,,2038,,,,,,,,,,,,,,,,,0.0
Scenario1,0,RE1,,IMPHFOMOM,,2039,,,,,,,,,,,,,,,,,0.0
Scenario1,0,RE1,,IMPHFOMOM,,2040,,,,,,,,,,,,,,,,,0.0
Scenario1,0,RE1,,IMPHFOMOM,,2041,,,,,,,,,,,,,,,,,0.0
Scenario1,0,RE1,,IMPHFOMOM,,2042,,,,,,,,,,,,,,,,,0.0
Scenario1,0,RE1,,IMPHFOMOM,,2043,,,,,,,,,,,,,,,,,0.0
Scenario1,0,RE1,,IMPHFOMOM,,2044,,,,,,,,,,,,,,,,,0.0
Scenario1,0,RE1,,IMPHFOMOM,,2045,,,,,,,,,,,,,,,,,0.0
Scenario1,0,RE1,,IMPHFOMOM,,2046,,,,,,,,,,,,,,,,,0.0
Scenario1,0,RE1,,IMPHFOMOM,,2047,,,,,,,,,,,,,,,,,0.0
Scenario1,0,RE1,,IMPHFOMOM,,2048,,,,,,,,,,,,,,,,,0.0
Scenario1,0,RE1,,IMPHFOMOM,,2049,,,,,,,,,,,,,,,,,0.0
Scenario1,0,RE1,,IMPHFOMOM,,2050,,,,,,,,,,,,,,,,,0.0
Scenario1,0,RE1,,IMPHFONAI,,2019,,,,,,,,,,,,,,,,,0.0
Scenario1,0,RE1,,IMPHFONAI,,2020,,,,,,,,,,,,,,,,,0.0
Scenario1,0,RE1,,IMPHFONAI,,2021,,,,,,,,,,,,,,,,,0.0
Scenario1,0,RE1,,IMPHFONAI,,2022,,,,,,,,,,,,,,,,,0.0
Scenario1,0,RE1,,IMPHFONAI,,2023,,,,,,,,,,,,,,,,,0.0
Scenario1,0,RE1,,IMPHFONAI,,2024,,,,,,,,,,,,,,,,,0.0
Scenario1,0,RE1,,IMPHFONAI,,2025,,,,,,,,,,,,,,,,,0.0
Scenario1,0,RE1,,IMPHFONAI,,2026,,,,,,,,,,,,,,,,,0.0
Scenario1,0,RE1,,IMPHFONAI,,2027,,,,,,,,,,,,,,,,,0.0
Scenario1,0,RE1,,IMPHFONAI,,2028,,,,,,,,,,,,,,,,,0.0
Scenario1,0,RE1,,IMPHFONAI,,2029,,,,,,,,,,,,,,,,,0.0
Scenario1,0,RE1,,IMPHFONAI,,2030,,,,,,,,,,,,,,,,,0.0
Scenario1,0,RE1,,IMPHFONAI,,2031,,,,,,,,,,,,,,,,,0.0
Scenario1,0,RE1,,IMPHFONAI,,2032,,,,,,,,,,,,,,,,,0.0
Scenario1,0,RE1,,IMPHFONAI,,2033,,,,,,,,,,,,,,,,,0.0
Scenario1,0,RE1,,IMPHFONAI,,2034,,,,,,,,,,,,,,,,,0.0
Scenario1,0,RE1,,IMPHFONAI,,2035,,,,,,,,,,,,,,,,,0.0
Scenario1,0,RE1,,IMPHFONAI,,2036,,,,,,,,,,,,,,,,,0.0
Scenario1,0,RE1,,IMPHFONAI,,2037,,,,,,,,,,,,,,,,,0.0
Scenario1,0,RE1,,IMPHFONAI,,2038,,,,,,,,,,,,,,,,,0.0
Scenario1,0,RE1,,IMPHFONAI,,2039,,,,,,,,,,,,,,,,,0.0
Scenario1,0,RE1,,IMPHFONAI,,2040,,,,,,,,,,,,,,,,,0.0
Scenario1,0,RE1,,IMPHFONAI,,2041,,,,,,,,,,,,,,,,,0.0
Scenario1,0,RE1,,IMPHFONAI,,2042,,,,,,,,,,,,,,,,,0.0
Scenario1,0,RE1,,IMPHFONAI,,2043,,,,,,,,,,,,,,,,,0.0
Scenario1,0,RE1,,IMPHFONAI,,2044,,,,,,,,,,,,,,,,,0.0
Scenario1,0,RE1,,IMPHFONAI,,2045,,,,,,,,,,,,,,,,,0.0
Scenario1,0,RE1,,IMPHFONAI,,2046,,,,,,,,,,,,,,,,,0.0
Scenario1,0,RE1,,IMPHFONAI,,2047,,,,,,,,,,,,,,,,,0.0
Scenario1,0,RE1,,IMPHFONAI,,2048,,,,,,,,,,,,,,,,,0.0
Scenario1,0,RE1,,IMPHFONAI,,2049,,,,,,,,,,,,,,,,,0.0
Scenario1,0,RE1,,IMPHFONAI,,2050,,,,,,,,,,,,,,,,,0.0
Scenario1,0,RE1,,IMPLFOELD,,2019,,,,,,,,,,,,,,,,,0.0
Scenario1,0,RE1,,IMPLFOELD,,2020,,,,,,,,,,,,,,,,,0.0
Scenario1,0,RE1,,IMPLFOELD,,2021,,,,,,,,,,,,,,,,,0.0
Scenario1,0,RE1,,IMPLFOELD,,2022,,,,,,,,,,,,,,,,,0.0
Scenario1,0,RE1,,IMPLFOELD,,2023,,,,,,,,,,,,,,,,,0.0
Scenario1,0,RE1,,IMPLFOELD,,2024,,,,,,,,,,,,,,,,,0.0
Scenario1,0,RE1,,IMPLFOELD,,2025,,,,,,,,,,,,,,,,,0.0
Scenario1,0,RE1,,IMPLFOELD,,2026,,,,,,,,,,,,,,,,,0.0
Scenario1,0,RE1,,IMPLFOELD,,2027,,,,,,,,,,,,,,,,,0.0
Scenario1,0,RE1,,IMPLFOELD,,2028,,,,,,,,,,,,,,,,,0.0
Scenario1,0,RE1,,IMPLFOELD,,2029,,,,,,,,,,,,,,,,,0.0
Scenario1,0,RE1,,IMPLFOELD,,2030,,,,,,,,,,,,,,,,,0.0
Scenario1,0,RE1,,IMPLFOELD,,2031,,,,,,,,,,,,,,,,,0.0
Scenario1,0,RE1,,IMPLFOELD,,2032,,,,,,,,,,,,,,,,,0.0
Scenario1,0,RE1,,IMPLFOELD,,2033,,,,,,,,,,,,,,,,,0.0
Scenario1,0,RE1,,IMPLFOELD,,2034,,,,,,,,,,,,,,,,,0.0
Scenario1,0,RE1,,IMPLFOELD,,2035,,,,,,,,,,,,,,,,,0.0
Scenario1,0,RE1,,IMPLFOELD,,2036,,,,,,,,,,,,,,,,,0.0
Scenario1,0,RE1,,IMPLFOELD,,2037,,,,,,,,,,,,,,,,,0.0
Scenario1,0,RE1,,IMPLFOELD,,2038,,,,,,,,,,,,,,,,,0.0
Scenario1,0,RE1,,IMPLFOELD,,2039,,,,,,,,,,,,,,,,,0.0
Scenario1,0,RE1,,IMPLFOELD,,2040,,,,,,,,,,,,,,,,,0.0
Scenario1,0,RE1,,IMPLFOELD,,2041,,,,,,,,,,,,,,,,,0.0
Scenario1,0,RE1,,IMPLFOELD,,2042,,,,,,,,,,,,,,,,,0.0
Scenario1,0,RE1,,IMPLFOELD,,2043,,,,,,,,,,,,,,,,,0.0
Scenario1,0,RE1,,IMPLFOELD,,2044,,,,,,,,,,,,,,,,,0.0
Scenario1,0,RE1,,IMPLFOELD,,2045,,,,,,,,,,,,,,,,,0.0
Scenario1,0,RE1,,IMPLFOELD,,2046,,,,,,,,,,,,,,,,,0.0
Scenario1,0,RE1,,IMPLFOELD,,2047,,,,,,,,,,,,,,,,,0.0
Scenario1,0,RE1,,IMPLFOELD,,2048,,,,,,,,,,,,,,,,,0.0
Scenario1,0,RE1,,IMPLFOELD,,2049,,,,,,,,,,,,,,,,,0.0
Scenario1,0,RE1,,IMPLFOELD,,2050,,,,,,,,,,,,,,,,,0.0
Scenario1,0,RE1,,IMPNGS,,2019,,,,,,,,,,,,,,,,,0.0
Scenario1,0,RE1,,IMPNGS,,2020,,,,,,,,,,,,,,,,,0.0
Scenario1,0,RE1,,IMPNGS,,2021,,,,,,,,,,,,,,,,,0.0
Scenario1,0,RE1,,IMPNGS,,2022,,,,,,,,,,,,,,,,,0.0
Scenario1,0,RE1,,IMPNGS,,2023,,,,,,,,,,,,,,,,,0.0
Scenario1,0,RE1,,IMPNGS,,2024,,,,,,,,,,,,,,,,,0.0
Scenario1,0,RE1,,IMPNGS,,2025,,,,,,,,,,,,,,,,,0.0
Scenario1,0,RE1,,IMPNGS,,2026,,,,,,,,,,,,,,,,,0.0
Scenario1,0,RE1,,IMPNGS,,2027,,,,,,,,,,,,,,,,,0.0
Scenario1,0,RE1,,IMPNGS,,2028,,,,,,,,,,,,,,,,,0.0
Scenario1,0,RE1,,IMPNGS,,2029,,,,,,,,,,,,,,,,,0.0
Scenario1,0,RE1,,IMPNGS,,2030,,,,,,,,,,,,,,,,,0.0
Scenario1,0,RE1,,IMPNGS,,2031,,,,,,,,,,,,,,,,,0.0
Scenario1,0,RE1,,IMPNGS,,2032,,,,,,,,,,,,,,,,,0.0
Scenario1,0,RE1,,IMPNGS,,2033,,,,,,,,,,,,,,,,,0.0
Scenario1,0,RE1,,IMPNGS,,2034,,,,,,,,,,,,,,,,,0.0
Scenario1,0,RE1,,IMPNGS,,2035,,,,,,,,,,,,,,,,,0.0
Scenario1,0,RE1,,IMPNGS,,2036,,,,,,,,,,,,,,,,,0.0
Scenario1,0,RE1,,IMPNGS,,2037,,,,,,,,,,,,,,,,,0.0
Scenario1,0,RE1,,IMPNGS,,2038,,,,,,,,,,,,,,,,,0.0
Scenario1,0,RE1,,IMPNGS,,2039,,,,,,,,,,,,,,,,,0.0
Scenario1,0,RE1,,IMPNGS,,2040,,,,,,,,,,,,,,,,,0.0
Scenario1,0,RE1,,IMPNGS,,2041,,,,,,,,,,,,,,,,,0.0
Scenario1,0,RE1,,IMPNGS,,2042,,,,,,,,,,,,,,,,,0.0
Scenario1,0,RE1,,IMPNGS,,2043,,,,,,,,,,,,,,,,,0.0
Scenario1,0,RE1,,IMPNGS,,2044,,,,,,,,,,,,,,,,,0.0
Scenario1,0,RE1,,IMPNGS,,2045,,,,,,,,,,,,,,,,,0.0
Scenario1,0,RE1,,IMPNGS,,2046,,,,,,,,,,,,,,,,,0.0
Scenario1,0,RE1,,IMPNGS,,2047,,,,,,,,,,,,,,,,,0.0
Scenario1,0,RE1,,IMPNGS,,2048,,,,,,,,,,,,,,,,,0.0
Scenario1,0,RE1,,IMPNGS,,2049,,,,,,,,,,,,,,,,,0.0
Scenario1,0,RE1,,IMPNGS,,2050,,,,,,,,,,,,,,,,,0.0
Scenario1,0,RE1,,IMPURN,,2019,,,,,,,,,,,,,,,,,0.0
Scenario1,0,RE1,,IMPURN,,2020,,,,,,,,,,,,,,,,,0.0
Scenario1,0,RE1,,IMPURN,,2021,,,,,,,,,,,,,,,,,0.0
Scenario1,0,RE1,,IMPURN,,2022,,,,,,,,,,,,,,,,,0.0
Scenario1,0,RE1,,IMPURN,,2023,,,,,,,,,,,,,,,,,0.0
Scenario1,0,RE1,,IMPURN,,2024,,,,,,,,,,,,,,,,,0.0
Scenario1,0,RE1,,IMPURN,,2025,,,,,,,,,,,,,,,,,0.0
Scenario1,0,RE1,,IMPURN,,2026,,,,,,,,,,,,,,,,,0.0
Scenario1,0,RE1,,IMPURN,,2027,,,,,,,,,,,,,,,,,0.0
Scenario1,0,RE1,,IMPURN,,2028,,,,,,,,,,,,,,,,,0.0
Scenario1,0,RE1,,IMPURN,,2029,,,,,,,,,,,,,,,,,0.0
Scenario1,0,RE1,,IMPURN,,2030,,,,,,,,,,,,,,,,,0.0
Scenario1,0,RE1,,IMPURN,,2031,,,,,,,,,,,,,,,,,0.0
Scenario1,0,RE1,,IMPURN,,2032,,,,,,,,,,,,,,,,,0.0
Scenario1,0,RE1,,IMPURN,,2033,,,,,,,,,,,,,,,,,0.0
Scenario1,0,RE1,,IMPURN,,2034,,,,,,,,,,,,,,,,,0.0
Scenario1,0,RE1,,IMPURN,,2035,,,,,,,,,,,,,,,,,0.0
Scenario1,0,RE1,,IMPURN,,2036,,,,,,,,,,,,,,,,,0.0
Scenario1,0,RE1,,IMPURN,,2037,,,,,,,,,,,,,,,,,0.0
Scenario1,0,RE1,,IMPURN,,2038,,,,,,,,,,,,,,,,,0.0
Scenario1,0,RE1,,IMPURN,,2039,,,,,,,,,,,,,,,,,0.0
Scenario1,0,RE1,,IMPURN,,2040,,,,,,,,,,,,,,,,,0.0
Scenario1,0,RE1,,IMPURN,,2041,,,,,,,,,,,,,,,,,0.0
Scenario1,0,RE1,,IMPURN,,2042,,,,,,,,,,,,,,,,,0.0
Scenario1,0,RE1,,IMPURN,,2043,,,,,,,,,,,,,,,,,0.0
Scenario1,0,RE1,,IMPURN,,2044,,,,,,,,,,,,,,,,,0.0
Scenario1,0,RE1,,IMPURN,,2045,,,,,,,,,,,,,,,,,0.0
Scenario1,0,RE1,,IMPURN,,2046,,,,,,,,,,,,,,,,,0.0
Scenario1,0,RE1,,IMPURN,,2047,,,,,,,,,,,,,,,,,0.0
Scenario1,0,RE1,,IMPURN,,2048,,,,,,,,,,,,,,,,,0.0
Scenario1,0,RE1,,IMPURN,,2049,,,,,,,,,,,,,,,,,0.0
Scenario1,0,RE1,,IMPURN,,2050,,,,,,,,,,,,,,,,,0.0
Scenario1,0,RE1,,MINBIO,,2019,,,,,,,,,,,,,,,,,0.0
Scenario1,0,RE1,,MINBIO,,2020,,,,,,,,,,,,,,,,,0.0
Scenario1,0,RE1,,MINBIO,,2021,,,,,,,,,,,,,,,,,0.0
Scenario1,0,RE1,,MINBIO,,2022,,,,,,,,,,,,,,,,,0.0
Scenario1,0,RE1,,MINBIO,,2023,,,,,,,,,,,,,,,,,0.0
Scenario1,0,RE1,,MINBIO,,2024,,,,,,,,,,,,,,,,,0.0
Scenario1,0,RE1,,MINBIO,,2025,,,,,,,,,,,,,,,,,0.0
Scenario1,0,RE1,,MINBIO,,2026,,,,,,,,,,,,,,,,,0.0
Scenario1,0,RE1,,MINBIO,,2027,,,,,,,,,,,,,,,,,0.0
Scenario1,0,RE1,,MINBIO,,2028,,,,,,,,,,,,,,,,,0.0
Scenario1,0,RE1,,MINBIO,,2029,,,,,,,,,,,,,,,,,0.0
Scenario1,0,RE1,,MINBIO,,2030,,,,,,,,,,,,,,,,,0.0
Scenario1,0,RE1,,MINBIO,,2031,,,,,,,,,,,,,,,,,0.0
Scenario1,0,RE1,,MINBIO,,2032,,,,,,,,,,,,,,,,,0.0
Scenario1,0,RE1,,MINBIO,,2033,,,,,,,,,,,,,,,,,0.0
Scenario1,0,RE1,,MINBIO,,2034,,,,,,,,,,,,,,,,,0.0
Scenario1,0,RE1,,MINBIO,,2035,,,,,,,,,,,,,,,,,0.0
Scenario1,0,RE1,,MINBIO,,2036,,,,,,,,,,,,,,,,,0.0
Scenario1,0,RE1,,MINBIO,,2037,,,,,,,,,,,,,,,,,0.0
Scenario1,0,RE1,,MINBIO,,2038,,,,,,,,,,,,,,,,,0.0
Scenario1,0,RE1,,MINBIO,,2039,,,,,,,,,,,,,,,,,0.0
Scenario1,0,RE1,,MINBIO,,2040,,,,,,,,,,,,,,,,,0.0
Scenario1,0,RE1,,MINBIO,,2041,,,,,,,,,,,,,,,,,0.0
Scenario1,0,RE1,,MINBIO,,2042,,,,,,,,,,,,,,,,,0.0
Scenario1,0,RE1,,MINBIO,,2043,,,,,,,,,,,,,,,,,0.0
Scenario1,0,RE1,,MINBIO,,2044,,,,,,,,,,,,,,,,,0.0
Scenario1,0,RE1,,MINBIO,,2045,,,,,,,,,,,,,,,,,0.0
Scenario1,0,RE1,,MINBIO,,2046,,,,,,,,,,,,,,,,,0.0
Scenario1,0,RE1,,MINBIO,,2047,,,,,,,,,,,,,,,,,0.0
Scenario1,0,RE1,,MINBIO,,2048,,,,,,,,,,,,,,,,,0.0
Scenario1,0,RE1,,MINBIO,,2049,,,,,,,,,,,,,,,,,0.0
Scenario1,0,RE1,,MINBIO,,2050,,,,,,,,,,,,,,,,,0.0
Scenario1,0,RE1,,MINCOA,,2019,,,,,,,,,,,,,,,,,0.0
Scenario1,0,RE1,,MINCOA,,2020,,,,,,,,,,,,,,,,,0.0
Scenario1,0,RE1,,MINCOA,,2021,,,,,,,,,,,,,,,,,0.0
Scenario1,0,RE1,,MINCOA,,2022,,,,,,,,,,,,,,,,,0.0
Scenario1,0,RE1,,MINCOA,,2023,,,,,,,,,,,,,,,,,0.0
Scenario1,0,RE1,,MINCOA,,2024,,,,,,,,,,,,,,,,,0.0
Scenario1,0,RE1,,MINCOA,,2025,,,,,,,,,,,,,,,,,0.0
Scenario1,0,RE1,,MINCOA,,2026,,,,,,,,,,,,,,,,,0.0
Scenario1,0,RE1,,MINCOA,,2027,,,,,,,,,,,,,,,,,0.0
Scenario1,0,RE1,,MINCOA,,2028,,,,,,,,,,,,,,,,,0.0
Scenario1,0,RE1,,MINCOA,,2029,,,,,,,,,,,,,,,,,0.0
Scenario1,0,RE1,,MINCOA,,2030,,,,,,,,,,,,,,,,,0.0
Scenario1,0,RE1,,MINCOA,,2031,,,,,,,,,,,,,,,,,0.0
Scenario1,0,RE1,,MINCOA,,2032,,,,,,,,,,,,,,,,,0.0
Scenario1,0,RE1,,MINCOA,,2033,,,,,,,,,,,,,,,,,0.0
Scenario1,0,RE1,,MINCOA,,2034,,,,,,,,,,,,,,,,,0.0
Scenario1,0,RE1,,MINCOA,,2035,,,,,,,,,,,,,,,,,0.0
Scenario1,0,RE1,,MINCOA,,2036,,,,,,,,,,,,,,,,,0.0
Scenario1,0,RE1,,MINCOA,,2037,,,,,,,,,,,,,,,,,0.0
Scenario1,0,RE1,,MINCOA,,2038,,,,,,,,,,,,,,,,,0.0
Scenario1,0,RE1,,MINCOA,,2039,,,,,,,,,,,,,,,,,0.0
Scenario1,0,RE1,,MINCOA,,2040,,,,,,,,,,,,,,,,,0.0
Scenario1,0,RE1,,MINCOA,,2041,,,,,,,,,,,,,,,,,0.0
Scenario1,0,RE1,,MINCOA,,2042,,,,,,,,,,,,,,,,,0.0
Scenario1,0,RE1,,MINCOA,,2043,,,,,,,,,,,,,,,,,0.0
Scenario1,0,RE1,,MINCOA,,2044,,,,,,,,,,,,,,,,,0.0
Scenario1,0,RE1,,MINCOA,,2045,,,,,,,,,,,,,,,,,0.0
Scenario1,0,RE1,,MINCOA,,2046,,,,,,,,,,,,,,,,,0.0
Scenario1,0,RE1,,MINCOA,,2047,,,,,,,,,,,,,,,,,0.0
Scenario1,0,RE1,,MINCOA,,2048,,,,,,,,,,,,,,,,,0.0
Scenario1,0,RE1,,MINCOA,,2049,,,,,,,,,,,,,,,,,0.0
Scenario1,0,RE1,,MINCOA,,2050,,,,,,,,,,,,,,,,,0.0
Scenario1,0,RE1,,MINGEO,,2019,,,,,,,,,,,,,,,,,0.0
Scenario1,0,RE1,,MINGEO,,2020,,,,,,,,,,,,,,,,,0.0
Scenario1,0,RE1,,MINGEO,,2021,,,,,,,,,,,,,,,,,0.0
Scenario1,0,RE1,,MINGEO,,2022,,,,,,,,,,,,,,,,,0.0
Scenario1,0,RE1,,MINGEO,,2023,,,,,,,,,,,,,,,,,0.0
Scenario1,0,RE1,,MINGEO,,2024,,,,,,,,,,,,,,,,,0.0
Scenario1,0,RE1,,MINGEO,,2025,,,,,,,,,,,,,,,,,0.0
Scenario1,0,RE1,,MINGEO,,2026,,,,,,,,,,,,,,,,,0.0
Scenario1,0,RE1,,MINGEO,,2027,,,,,,,,,,,,,,,,,0.0
Scenario1,0,RE1,,MINGEO,,2028,,,,,,,,,,,,,,,,,0.0
Scenario1,0,RE1,,MINGEO,,2029,,,,,,,,,,,,,,,,,0.0
Scenario1,0,RE1,,MINGEO,,2030,,,,,,,,,,,,,,,,,0.0
Scenario1,0,RE1,,MINGEO,,2031,,,,,,,,,,,,,,,,,0.0
Scenario1,0,RE1,,MINGEO,,2032,,,,,,,,,,,,,,,,,0.0
Scenario1,0,RE1,,MINGEO,,2033,,,,,,,,,,,,,,,,,0.0
Scenario1,0,RE1,,MINGEO,,2034,,,,,,,,,,,,,,,,,0.0
Scenario1,0,RE1,,MINGEO,,2035,,,,,,,,,,,,,,,,,0.0
Scenario1,0,RE1,,MINGEO,,2036,,,,,,,,,,,,,,,,,0.0
Scenario1,0,RE1,,MINGEO,,2037,,,,,,,,,,,,,,,,,0.0
Scenario1,0,RE1,,MINGEO,,2038,,,,,,,,,,,,,,,,,0.0
Scenario1,0,RE1,,MINGEO,,2039,,,,,,,,,,,,,,,,,0.0
Scenario1,0,RE1,,MINGEO,,2040,,,,,,,,,,,,,,,,,0.0
Scenario1,0,RE1,,MINGEO,,2041,,,,,,,,,,,,,,,,,0.0
Scenario1,0,RE1,,MINGEO,,2042,,,,,,,,,,,,,,,,,0.0
Scenario1,0,RE1,,MINGEO,,2043,,,,,,,,,,,,,,,,,0.0
Scenario1,0,RE1,,MINGEO,,2044,,,,,,,,,,,,,,,,,0.0
Scenario1,0,RE1,,MINGEO,,2045,,,,,,,,,,,,,,,,,0.0
Scenario1,0,RE1,,MINGEO,,2046,,,,,,,,,,,,,,,,,0.0
Scenario1,0,RE1,,MINGEO,,2047,,,,,,,,,,,,,,,,,0.0
Scenario1,0,RE1,,MINGEO,,2048,,,,,,,,,,,,,,,,,0.0
Scenario1,0,RE1,,MINGEO,,2049,,,,,,,,,,,,,,,,,0.0
Scenario1,0,RE1,,MINGEO,,2050,,,,,,,,,,,,,,,,,0.0
Scenario1,0,RE1,,MINHYD,,2019,,,,,,,,,,,,,,,,,0.0
Scenario1,0,RE1,,MINHYD,,2020,,,,,,,,,,,,,,,,,0.0
Scenario1,0,RE1,,MINHYD,,2021,,,,,,,,,,,,,,,,,0.0
Scenario1,0,RE1,,MINHYD,,2022,,,,,,,,,,,,,,,,,0.0
Scenario1,0,RE1,,MINHYD,,2023,,,,,,,,,,,,,,,,,0.0
Scenario1,0,RE1,,MINHYD,,2024,,,,,,,,,,,,,,,,,0.0
Scenario1,0,RE1,,MINHYD,,2025,,,,,,,,,,,,,,,,,0.0
Scenario1,0,RE1,,MINHYD,,2026,,,,,,,,,,,,,,,,,0.0
Scenario1,0,RE1,,MINHYD,,2027,,,,,,,,,,,,,,,,,0.0
Scenario1,0,RE1,,MINHYD,,2028,,,,,,,,,,,,,,,,,0.0
Scenario1,0,RE1,,MINHYD,,2029,,,,,,,,,,,,,,,,,0.0
Scenario1,0,RE1,,MINHYD,,2030,,,,,,,,,,,,,,,,,0.0
Scenario1,0,RE1,,MINHYD,,2031,,,,,,,,,,,,,,,,,0.0
Scenario1,0,RE1,,MINHYD,,2032,,,,,,,,,,,,,,,,,0.0
Scenario1,0,RE1,,MINHYD,,2033,,,,,,,,,,,,,,,,,0.0
Scenario1,0,RE1,,MINHYD,,2034,,,,,,,,,,,,,,,,,0.0
Scenario1,0,RE1,,MINHYD,,2035,,,,,,,,,,,,,,,,,0.0
Scenario1,0,RE1,,MINHYD,,2036,,,,,,,,,,,,,,,,,0.0
Scenario1,0,RE1,,MINHYD,,2037,,,,,,,,,,,,,,,,,0.0
Scenario1,0,RE1,,MINHYD,,2038,,,,,,,,,,,,,,,,,0.0
Scenario1,0,RE1,,MINHYD,,2039,,,,,,,,,,,,,,,,,0.0
Scenario1,0,RE1,,MINHYD,,2040,,,,,,,,,,,,,,,,,0.0
Scenario1,0,RE1,,MINHYD,,2041,,,,,,,,,,,,,,,,,0.0
Scenario1,0,RE1,,MINHYD,,2042,,,,,,,,,,,,,,,,,0.0
Scenario1,0,RE1,,MINHYD,,2043,,,,,,,,,,,,,,,,,0.0
Scenario1,0,RE1,,MINHYD,,2044,,,,,,,,,,,,,,,,,0.0
Scenario1,0,RE1,,MINHYD,,2045,,,,,,,,,,,,,,,,,0.0
Scenario1,0,RE1,,MINHYD,,2046,,,,,,,,,,,,,,,,,0.0
Scenario1,0,RE1,,MINHYD,,2047,,,,,,,,,,,,,,,,,0.0
Scenario1,0,RE1,,MINHYD,,2048,,,,,,,,,,,,,,,,,0.0
Scenario1,0,RE1,,MINHYD,,2049,,,,,,,,,,,,,,,,,0.0
Scenario1,0,RE1,,MINHYD,,2050,,,,,,,,,,,,,,,,,0.0
Scenario1,0,RE1,,MINSOL,,2019,,,,,,,,,,,,,,,,,0.0
Scenario1,0,RE1,,MINSOL,,2020,,,,,,,,,,,,,,,,,0.0
Scenario1,0,RE1,,MINSOL,,2021,,,,,,,,,,,,,,,,,0.0
Scenario1,0,RE1,,MINSOL,,2022,,,,,,,,,,,,,,,,,0.0
Scenario1,0,RE1,,MINSOL,,2023,,,,,,,,,,,,,,,,,0.0
Scenario1,0,RE1,,MINSOL,,2024,,,,,,,,,,,,,,,,,0.0
Scenario1,0,RE1,,MINSOL,,2025,,,,,,,,,,,,,,,,,0.0
Scenario1,0,RE1,,MINSOL,,2026,,,,,,,,,,,,,,,,,0.0
Scenario1,0,RE1,,MINSOL,,2027,,,,,,,,,,,,,,,,,0.0
Scenario1,0,RE1,,MINSOL,,2028,,,,,,,,,,,,,,,,,0.0
Scenario1,0,RE1,,MINSOL,,2029,,,,,,,,,,,,,,,,,0.0
Scenario1,0,RE1,,MINSOL,,2030,,,,,,,,,,,,,,,,,0.0
Scenario1,0,RE1,,MINSOL,,2031,,,,,,,,,,,,,,,,,0.0
Scenario1,0,RE1,,MINSOL,,2032,,,,,,,,,,,,,,,,,0.0
Scenario1,0,RE1,,MINSOL,,2033,,,,,,,,,,,,,,,,,0.0
Scenario1,0,RE1,,MINSOL,,2034,,,,,,,,,,,,,,,,,0.0
Scenario1,0,RE1,,MINSOL,,2035,,,,,,,,,,,,,,,,,0.0
Scenario1,0,RE1,,MINSOL,,2036,,,,,,,,,,,,,,,,,0.0
Scenario1,0,RE1,,MINSOL,,2037,,,,,,,,,,,,,,,,,0.0
Scenario1,0,RE1,,MINSOL,,2038,,,,,,,,,,,,,,,,,0.0
Scenario1,0,RE1,,MINSOL,,2039,,,,,,,,,,,,,,,,,0.0
Scenario1,0,RE1,,MINSOL,,2040,,,,,,,,,,,,,,,,,0.0
Scenario1,0,RE1,,MINSOL,,2041,,,,,,,,,,,,,,,,,0.0
Scenario1,0,RE1,,MINSOL,,2042,,,,,,,,,,,,,,,,,0.0
Scenario1,0,RE1,,MINSOL,,2043,,,,,,,,,,,,,,,,,0.0
Scenario1,0,RE1,,MINSOL,,2044,,,,,,,,,,,,,,,,,0.0
Scenario1,0,RE1,,MINSOL,,2045,,,,,,,,,,,,,,,,,0.0
Scenario1,0,RE1,,MINSOL,,2046,,,,,,,,,,,,,,,,,0.0
Scenario1,0,RE1,,MINSOL,,2047,,,,,,,,,,,,,,,,,0.0
Scenario1,0,RE1,,MINSOL,,2048,,,,,,,,,,,,,,,,,0.0
Scenario1,0,RE1,,MINSOL,,2049,,,,,,,,,,,,,,,,,0.0
Scenario1,0,RE1,,MINSOL,,2050,,,,,,,,,,,,,,,,,0.0
Scenario1,0,RE1,,MINWND,,2019,,,,,,,,,,,,,,,,,0.0
Scenario1,0,RE1,,MINWND,,2020,,,,,,,,,,,,,,,,,0.0
Scenario1,0,RE1,,MINWND,,2021,,,,,,,,,,,,,,,,,0.0
Scenario1,0,RE1,,MINWND,,2022,,,,,,,,,,,,,,,,,0.0
Scenario1,0,RE1,,MINWND,,2023,,,,,,,,,,,,,,,,,0.0
Scenario1,0,RE1,,MINWND,,2024,,,,,,,,,,,,,,,,,0.0
Scenario1,0,RE1,,MINWND,,2025,,,,,,,,,,,,,,,,,0.0
Scenario1,0,RE1,,MINWND,,2026,,,,,,,,,,,,,,,,,0.0
Scenario1,0,RE1,,MINWND,,2027,,,,,,,,,,,,,,,,,0.0
Scenario1,0,RE1,,MINWND,,2028,,,,,,,,,,,,,,,,,0.0
Scenario1,0,RE1,,MINWND,,2029,,,,,,,,,,,,,,,,,0.0
Scenario1,0,RE1,,MINWND,,2030,,,,,,,,,,,,,,,,,0.0
Scenario1,0,RE1,,MINWND,,2031,,,,,,,,,,,,,,,,,0.0
Scenario1,0,RE1,,MINWND,,2032,,,,,,,,,,,,,,,,,0.0
Scenario1,0,RE1,,MINWND,,2033,,,,,,,,,,,,,,,,,0.0
Scenario1,0,RE1,,MINWND,,2034,,,,,,,,,,,,,,,,,0.0
Scenario1,0,RE1,,MINWND,,2035,,,,,,,,,,,,,,,,,0.0
Scenario1,0,RE1,,MINWND,,2036,,,,,,,,,,,,,,,,,0.0
Scenario1,0,RE1,,MINWND,,2037,,,,,,,,,,,,,,,,,0.0
Scenario1,0,RE1,,MINWND,,2038,,,,,,,,,,,,,,,,,0.0
Scenario1,0,RE1,,MINWND,,2039,,,,,,,,,,,,,,,,,0.0
Scenario1,0,RE1,,MINWND,,2040,,,,,,,,,,,,,,,,,0.0
Scenario1,0,RE1,,MINWND,,2041,,,,,,,,,,,,,,,,,0.0
Scenario1,0,RE1,,MINWND,,2042,,,,,,,,,,,,,,,,,0.0
Scenario1,0,RE1,,MINWND,,2043,,,,,,,,,,,,,,,,,0.0
Scenario1,0,RE1,,MINWND,,2044,,,,,,,,,,,,,,,,,0.0
Scenario1,0,RE1,,MINWND,,2045,,,,,,,,,,,,,,,,,0.0
Scenario1,0,RE1,,MINWND,,2046,,,,,,,,,,,,,,,,,0.0
Scenario1,0,RE1,,MINWND,,2047,,,,,,,,,,,,,,,,,0.0
Scenario1,0,RE1,,MINWND,,2048,,,,,,,,,,,,,,,,,0.0
Scenario1,0,RE1,,MINWND,,2049,,,,,,,,,,,,,,,,,0.0
Scenario1,0,RE1,,MINWND,,2050,,,,,,,,,,,,,,,,,0.0
Scenario1,0,RE1,,PWRBIO001,,2019,,,,,,,,,,,,,,,,,0.15
Scenario1,0,RE1,,PWRBIO001,,2020,,,,,,,,,,,,,,,,,0.15
Scenario1,0,RE1,,PWRBIO001,,2021,,,,,,,,,,,,,,,,,0.15
Scenario1,0,RE1,,PWRBIO001,,2022,,,,,,,,,,,,,,,,,0.15
Scenario1,0,RE1,,PWRBIO001,,2023,,,,,,,,,,,,,,,,,0.255
Scenario1,0,RE1,,PWRBIO001,,2024,,,,,,,,,,,,,,,,,0.255
Scenario1,0,RE1,,PWRBIO001,,2025,,,,,,,,,,,,,,,,,0.255
Scenario1,0,RE1,,PWRBIO001,,2026,,,,,,,,,,,,,,,,,1.005
Scenario1,0,RE1,,PWRBIO001,,2027,,,,,,,,,,,,,,,,,1.005
Scenario1,0,RE1,,PWRBIO001,,2028,,,,,,,,,,,,,,,,,1.605
Scenario1,0,RE1,,PWRBIO001,,2029,,,,,,,,,,,,,,,,,1.605
Scenario1,0,RE1,,PWRBIO001,,2030,,,,,,,,,,,,,,,,,5.22
Scenario1,0,RE1,,PWRBIO001,,2031,,,,,,,,,,,,,,,,,6.720000000000001
Scenario1,0,RE1,,PWRBIO001,,2032,,,,,,,,,,,,,,,,,7.529999999999999
Scenario1,0,RE1,,PWRBIO001,,2033,,,,,,,,,,,,,,,,,7.755000000000001
Scenario1,0,RE1,,PWRBIO001,,2034,,,,,,,,,,,,,,,,,8.205
Scenario1,0,RE1,,PWRBIO001,,2035,,,,,,,,,,,,,,,,,8.227500000000001
Scenario1,0,RE1,,PWRBIO001,,2036,,,,,,,,,,,,,,,,,8.227500000000001
Scenario1,0,RE1,,PWRBIO001,,2037,,,,,,,,,,,,,,,,,8.227500000000001
Scenario1,0,RE1,,PWRBIO001,,2038,,,,,,,,,,,,,,,,,8.227500000000001
Scenario1,0,RE1,,PWRBIO001,,2039,,,,,,,,,,,,,,,,,8.227500000000001
Scenario1,0,RE1,,PWRBIO001,,2040,,,,,,,,,,,,,,,,,8.227500000000001
Scenario1,0,RE1,,PWRBIO001,,2041,,,,,,,,,,,,,,,,,8.227500000000001
Scenario1,0,RE1,,PWRBIO001,,2042,,,,,,,,,,,,,,,,,8.227500000000001
Scenario1,0,RE1,,PWRBIO001,,2043,,,,,,,,,,,,,,,,,8.0775
Scenario1,0,RE1,,PWRBIO001,,2044,,,,,,,,,,,,,,,,,8.0775
Scenario1,0,RE1,,PWRBIO001,,2045,,,,,,,,,,,,,,,,,8.0775
Scenario1,0,RE1,,PWRBIO001,,2046,,,,,,,,,,,,,,,,,8.0775
Scenario1,0,RE1,,PWRBIO001,,2047,,,,,,,,,,,,,,,,,8.0775
Scenario1,0,RE1,,PWRBIO001,,2048,,,,,,,,,,,,,,,,,8.0775
Scenario1,0,RE1,,PWRBIO001,,2049,,,,,,,,,,,,,,,,,8.0775
Scenario1,0,RE1,,PWRBIO001,,2050,,,,,,,,,,,,,,,,,8.0775
Scenario1,0,RE1,,PWRCOA001,,2019,,,,,,,,,,,,,,,,,0.0
Scenario1,0,RE1,,PWRCOA001,,2020,,,,,,,,,,,,,,,,,0.0
Scenario1,0,RE1,,PWRCOA001,,2021,,,,,,,,,,,,,,,,,0.0
Scenario1,0,RE1,,PWRCOA001,,2022,,,,,,,,,,,,,,,,,0.0
Scenario1,0,RE1,,PWRCOA001,,2023,,,,,,,,,,,,,,,,,0.0
Scenario1,0,RE1,,PWRCOA001,,2024,,,,,,,,,,,,,,,,,0.0
Scenario1,0,RE1,,PWRCOA001,,2025,,,,,,,,,,,,,,,,,0.0
Scenario1,0,RE1,,PWRCOA001,,2026,,,,,,,,,,,,,,,,,0.0
Scenario1,0,RE1,,PWRCOA001,,2027,,,,,,,,,,,,,,,,,0.0
Scenario1,0,RE1,,PWRCOA001,,2028,,,,,,,,,,,,,,,,,0.0
Scenario1,0,RE1,,PWRCOA001,,2029,,,,,,,,,,,,,,,,,0.0
Scenario1,0,RE1,,PWRCOA001,,2030,,,,,,,,,,,,,,,,,0.0
Scenario1,0,RE1,,PWRCOA001,,2031,,,,,,,,,,,,,,,,,0.0
Scenario1,0,RE1,,PWRCOA001,,2032,,,,,,,,,,,,,,,,,0.0
Scenario1,0,RE1,,PWRCOA001,,2033,,,,,,,,,,,,,,,,,0.0
Scenario1,0,RE1,,PWRCOA001,,2034,,,,,,,,,,,,,,,,,0.0
Scenario1,0,RE1,,PWRCOA001,,2035,,,,,,,,,,,,,,,,,0.0
Scenario1,0,RE1,,PWRCOA001,,2036,,,,,,,,,,,,,,,,,0.0
Scenario1,0,RE1,,PWRCOA001,,2037,,,,,,,,,,,,,,,,,0.0
Scenario1,0,RE1,,PWRCOA001,,2038,,,,,,,,,,,,,,,,,0.0
Scenario1,0,RE1,,PWRCOA001,,2039,,,,,,,,,,,,,,,,,0.0
Scenario1,0,RE1,,PWRCOA001,,2040,,,,,,,,,,,,,,,,,0.0
Scenario1,0,RE1,,PWRCOA001,,2041,,,,,,,,,,,,,,,,,0.0
Scenario1,0,RE1,,PWRCOA001,,2042,,,,,,,,,,,,,,,,,0.0
Scenario1,0,RE1,,PWRCOA001,,2043,,,,,,,,,,,,,,,,,0.0
Scenario1,0,RE1,,PWRCOA001,,2044,,,,,,,,,,,,,,,,,0.0
Scenario1,0,RE1,,PWRCOA001,,2045,,,,,,,,,,,,,,,,,0.0
Scenario1,0,RE1,,PWRCOA001,,2046,,,,,,,,,,,,,,,,,0.0
Scenario1,0,RE1,,PWRCOA001,,2047,,,,,,,,,,,,,,,,,0.0
Scenario1,0,RE1,,PWRCOA001,,2048,,,,,,,,,,,,,,,,,0.0
Scenario1,0,RE1,,PWRCOA001,,2049,,,,,,,,,,,,,,,,,0.0
Scenario1,0,RE1,,PWRCOA001,,2050,,,,,,,,,,,,,,,,,0.0
Scenario1,0,RE1,,PWRDIST,,2019,,,,,,,,,,,,,,,,,0.0
Scenario1,0,RE1,,PWRDIST,,2020,,,,,,,,,,,,,,,,,0.0
Scenario1,0,RE1,,PWRDIST,,2021,,,,,,,,,,,,,,,,,0.0
Scenario1,0,RE1,,PWRDIST,,2022,,,,,,,,,,,,,,,,,0.0
Scenario1,0,RE1,,PWRDIST,,2023,,,,,,,,,,,,,,,,,0.0
Scenario1,0,RE1,,PWRDIST,,2024,,,,,,,,,,,,,,,,,0.0
Scenario1,0,RE1,,PWRDIST,,2025,,,,,,,,,,,,,,,,,0.0
Scenario1,0,RE1,,PWRDIST,,2026,,,,,,,,,,,,,,,,,0.0
Scenario1,0,RE1,,PWRDIST,,2027,,,,,,,,,,,,,,,,,0.0
Scenario1,0,RE1,,PWRDIST,,2028,,,,,,,,,,,,,,,,,0.0
Scenario1,0,RE1,,PWRDIST,,2029,,,,,,,,,,,,,,,,,0.0
Scenario1,0,RE1,,PWRDIST,,2030,,,,,,,,,,,,,,,,,0.0
Scenario1,0,RE1,,PWRDIST,,2031,,,,,,,,,,,,,,,,,0.0
Scenario1,0,RE1,,PWRDIST,,2032,,,,,,,,,,,,,,,,,0.0
Scenario1,0,RE1,,PWRDIST,,2033,,,,,,,,,,,,,,,,,0.0
Scenario1,0,RE1,,PWRDIST,,2034,,,,,,,,,,,,,,,,,0.0
Scenario1,0,RE1,,PWRDIST,,2035,,,,,,,,,,,,,,,,,0.0
Scenario1,0,RE1,,PWRDIST,,2036,,,,,,,,,,,,,,,,,0.0
Scenario1,0,RE1,,PWRDIST,,2037,,,,,,,,,,,,,,,,,0.0
Scenario1,0,RE1,,PWRDIST,,2038,,,,,,,,,,,,,,,,,0.0
Scenario1,0,RE1,,PWRDIST,,2039,,,,,,,,,,,,,,,,,0.0
Scenario1,0,RE1,,PWRDIST,,2040,,,,,,,,,,,,,,,,,0.0
Scenario1,0,RE1,,PWRDIST,,2041,,,,,,,,,,,,,,,,,0.0
Scenario1,0,RE1,,PWRDIST,,2042,,,,,,,,,,,,,,,,,0.0
Scenario1,0,RE1,,PWRDIST,,2043,,,,,,,,,,,,,,,,,0.0
Scenario1,0,RE1,,PWRDIST,,2044,,,,,,,,,,,,,,,,,0.0
Scenario1,0,RE1,,PWRDIST,,2045,,,,,,,,,,,,,,,,,0.0
Scenario1,0,RE1,,PWRDIST,,2046,,,,,,,,,,,,,,,,,0.0
Scenario1,0,RE1,,PWRDIST,,2047,,,,,,,,,,,,,,,,,0.0
Scenario1,0,RE1,,PWRDIST,,2048,,,,,,,,,,,,,,,,,0.0
Scenario1,0,RE1,,PWRDIST,,2049,,,,,,,,,,,,,,,,,0.0
Scenario1,0,RE1,,PWRDIST,,2050,,,,,,,,,,,,,,,,,0.0
Scenario1,0,RE1,,PWRGEO001,,2019,,,,,,,,,,,,,,,,,118.665
Scenario1,0,RE1,,PWRGEO001,,2020,,,,,,,,,,,,,,,,,118.665
Scenario1,0,RE1,,PWRGEO001,,2021,,,,,,,,,,,,,,,,,118.665
Scenario1,0,RE1,,PWRGEO001,,2022,,,,,,,,,,,,,,,,,131.16
Scenario1,0,RE1,,PWRGEO001,,2023,,,,,,,,,,,,,,,,,131.16
Scenario1,0,RE1,,PWRGEO001,,2024,,,,,,,,,,,,,,,,,126.66
Scenario1,0,RE1,,PWRGEO001,,2025,,,,,,,,,,,,,,,,,135.96
Scenario1,0,RE1,,PWRGEO001,,2026,,,,,,,,,,,,,,,,,135.96
Scenario1,0,RE1,,PWRGEO001,,2027,,,,,,,,,,,,,,,,,129.26999999999998
Scenario1,0,RE1,,PWRGEO001,,2028,,,,,,,,,,,,,,,,,129.26999999999998
Scenario1,0,RE1,,PWRGEO001,,2029,,,,,,,,,,,,,,,,,114.12
Scenario1,0,RE1,,PWRGEO001,,2030,,,,,,,,,,,,,,,,,114.12
Scenario1,0,RE1,,PWRGEO001,,2031,,,,,,,,,,,,,,,,,109.995
Scenario1,0,RE1,,PWRGEO001,,2032,,,,,,,,,,,,,,,,,109.995
Scenario1,0,RE1,,PWRGEO001,,2033,,,,,,,,,,,,,,,,,109.995
Scenario1,0,RE1,,PWRGEO001,,2034,,,,,,,,,,,,,,,,,110.98166532086876
Scenario1,0,RE1,,PWRGEO001,,2035,,,,,,,,,,,,,,,,,135.22019289444677
Scenario1,0,RE1,,PWRGEO001,,2036,,,,,,,,,,,,,,,,,166.75062303550908
Scenario1,0,RE1,,PWRGEO001,,2037,,,,,,,,,,,,,,,,,191.2027409638721
Scenario1,0,RE1,,PWRGEO001,,2038,,,,,,,,,,,,,,,,,194.805
Scenario1,0,RE1,,PWRGEO001,,2039,,,,,,,,,,,,,,,,,192.165
Scenario1,0,RE1,,PWRGEO001,,2040,,,,,,,,,,,,,,,,,171.165
Scenario1,0,RE1,,PWRGEO001,,2041,,,,,,,,,,,,,,,,,145.81499999999997
Scenario1,0,RE1,,PWRGEO001,,2042,,,,,,,,,,,,,,,,,145.81499999999997
Scenario1,0,RE1,,PWRGEO001,,2043,,,,,,,,,,,,,,,,,136.24499999999998
Scenario1,0,RE1,,PWRGEO001,,2044,,,,,,,,,,,,,,,,,136.24499999999998
Scenario1,0,RE1,,PWRGEO001,,2045,,,,,,,,,,,,,,,,,112.54499999999996
Scenario1,0,RE1,,PWRGEO001,,2046,,,,,,,,,,,,,,,,,112.54499999999996
Scenario1,0,RE1,,PWRGEO001,,2047,,,,,,,,,,,,,,,,,100.04999999999998
Scenario1,0,RE1,,PWRGEO001,,2048,,,,,,,,,,,,,,,,,100.04999999999998
Scenario1,0,RE1,,PWRGEO001,,2049,,,,,,,,,,,,,,,,,100.04999999999998
Scenario1,0,RE1,,PWRGEO001,,2050,,,,,,,,,,,,,,,,,97.05
Scenario1,0,RE1,,PWRGEO002,,2019,,,,,,,,,,,,,,,,,0.0
Scenario1,0,RE1,,PWRGEO002,,2020,,,,,,,,,,,,,,,,,0.0
Scenario1,0,RE1,,PWRGEO002,,2021,,,,,,,,,,,,,,,,,0.0
Scenario1,0,RE1,,PWRGEO002,,2022,,,,,,,,,,,,,,,,,0.0
Scenario1,0,RE1,,PWRGEO002,,2023,,,,,,,,,,,,,,,,,5.250000000000001
Scenario1,0,RE1,,PWRGEO002,,2024,,,,,,,,,,,,,,,,,5.250000000000001
Scenario1,0,RE1,,PWRGEO002,,2025,,,,,,,,,,,,,,,,,10.500000000000002
Scenario1,0,RE1,,PWRGEO002,,2026,,,,,,,,,,,,,,,,,10.500000000000002
Scenario1,0,RE1,,PWRGEO002,,2027,,,,,,,,,,,,,,,,,10.500000000000002
Scenario1,0,RE1,,PWRGEO002,,2028,,,,,,,,,,,,,,,,,10.500000000000002
Scenario1,0,RE1,,PWRGEO002,,2029,,,,,,,,,,,,,,,,,10.500000000000002
Scenario1,0,RE1,,PWRGEO002,,2030,,,,,,,,,,,,,,,,,10.500000000000002
Scenario1,0,RE1,,PWRGEO002,,2031,,,,,,,,,,,,,,,,,10.500000000000002
Scenario1,0,RE1,,PWRGEO002,,2032,,,,,,,,,,,,,,,,,10.500000000000002
Scenario1,0,RE1,,PWRGEO002,,2033,,,,,,,,,,,,,,,,,10.500000000000002
Scenario1,0,RE1,,PWRGEO002,,2034,,,,,,,,,,,,,,,,,10.500000000000002
Scenario1,0,RE1,,PWRGEO002,,2035,,,,,,,,,,,,,,,,,10.500000000000002
Scenario1,0,RE1,,PWRGEO002,,2036,,,,,,,,,,,,,,,,,10.500000000000002
Scenario1,0,RE1,,PWRGEO002,,2037,,,,,,,,,,,,,,,,,10.500000000000002
Scenario1,0,RE1,,PWRGEO002,,2038,,,,,,,,,,,,,,,,,30.75
Scenario1,0,RE1,,PWRGEO002,,2039,,,,,,,,,,,,,,,,,39.75
Scenario1,0,RE1,,PWRGEO002,,2040,,,,,,,,,,,,,,,,,66.37576149648812
Scenario1,0,RE1,,PWRGEO002,,2041,,,,,,,,,,,,,,,,,69.75
Scenario1,0,RE1,,PWRGEO002,,2042,,,,,,,,,,,,,,,,,69.75
Scenario1,0,RE1,,PWRGEO002,,2043,,,,,,,,,,,,,,,,,69.75
Scenario1,0,RE1,,PWRGEO002,,2044,,,,,,,,,,,,,,,,,69.75
Scenario1,0,RE1,,PWRGEO002,,2045,,,,,,,,,,,,,,,,,69.75
Scenario1,0,RE1,,PWRGEO002,,2046,,,,,,,,,,,,,,,,,69.75
Scenario1,0,RE1,,PWRGEO002,,2047,,,,,,,,,,,,,,,,,69.75
Scenario1,0,RE1,,PWRGEO002,,2048,,,,,,,,,,,,,,,,,64.5
Scenario1,0,RE1,,PWRGEO002,,2049,,,,,,,,,,,,,,,,,64.5
Scenario1,0,RE1,,PWRGEO002,,2050,,,,,,,,,,,,,,,,,59.25
Scenario1,0,RE1,,PWRGEO003,,2019,,,,,,,,,,,,,,,,,0.0
Scenario1,0,RE1,,PWRGEO003,,2020,,,,,,,,,,,,,,,,,0.0
Scenario1,0,RE1,,PWRGEO003,,2021,,,,,,,,,,,,,,,,,0.0
Scenario1,0,RE1,,PWRGEO003,,2022,,,,,,,,,,,,,,,,,0.0
Scenario1,0,RE1,,PWRGEO003,,2023,,,,,,,,,,,,,,,,,0.0
Scenario1,0,RE1,,PWRGEO003,,2024,,,,,,,,,,,,,,,,,0.0
Scenario1,0,RE1,,PWRGEO003,,2025,,,,,,,,,,,,,,,,,0.0
Scenario1,0,RE1,,PWRGEO003,,2026,,,,,,,,,,,,,,,,,0.0
Scenario1,0,RE1,,PWRGEO003,,2027,,,,,,,,,,,,,,,,,0.0
Scenario1,0,RE1,,PWRGEO003,,2028,,,,,,,,,,,,,,,,,0.0
Scenario1,0,RE1,,PWRGEO003,,2029,,,,,,,,,,,,,,,,,0.0
Scenario1,0,RE1,,PWRGEO003,,2030,,,,,,,,,,,,,,,,,0.0
Scenario1,0,RE1,,PWRGEO003,,2031,,,,,,,,,,,,,,,,,0.0
Scenario1,0,RE1,,PWRGEO003,,2032,,,,,,,,,,,,,,,,,0.0
Scenario1,0,RE1,,PWRGEO003,,2033,,,,,,,,,,,,,,,,,0.0
Scenario1,0,RE1,,PWRGEO003,,2034,,,,,,,,,,,,,,,,,0.0
Scenario1,0,RE1,,PWRGEO003,,2035,,,,,,,,,,,,,,,,,0.0
Scenario1,0,RE1,,PWRGEO003,,2036,,,,,,,,,,,,,,,,,0.0
Scenario1,0,RE1,,PWRGEO003,,2037,,,,,,,,,,,,,,,,,0.0
Scenario1,0,RE1,,PWRGEO003,,2038,,,,,,,,,,,,,,,,,4.95
Scenario1,0,RE1,,PWRGEO003,,2039,,,,,,,,,,,,,,,,,4.95
Scenario1,0,RE1,,PWRGEO003,,2040,,,,,,,,,,,,,,,,,15.0
Scenario1,0,RE1,,PWRGEO003,,2041,,,,,,,,,,,,,,,,,15.0
Scenario1,0,RE1,,PWRGEO003,,2042,,,,,,,,,,,,,,,,,15.0
Scenario1,0,RE1,,PWRGEO003,,2043,,,,,,,,,,,,,,,,,15.0
Scenario1,0,RE1,,PWRGEO003,,2044,,,,,,,,,,,,,,,,,15.0
Scenario1,0,RE1,,PWRGEO003,,2045,,,,,,,,,,,,,,,,,15.0
Scenario1,0,RE1,,PWRGEO003,,2046,,,,,,,,,,,,,,,,,15.0
Scenario1,0,RE1,,PWRGEO003,,2047,,,,,,,,,,,,,,,,,15.0
Scenario1,0,RE1,,PWRGEO003,,2048,,,,,,,,,,,,,,,,,15.0
Scenario1,0,RE1,,PWRGEO003,,2049,,,,,,,,,,,,,,,,,15.0
Scenario1,0,RE1,,PWRGEO003,,2050,,,,,,,,,,,,,,,,,15.0
Scenario1,0,RE1,,PWRGEO004,,2019,,,,,,,,,,,,,,,,,0.0
Scenario1,0,RE1,,PWRGEO004,,2020,,,,,,,,,,,,,,,,,0.0
Scenario1,0,RE1,,PWRGEO004,,2021,,,,,,,,,,,,,,,,,0.0
Scenario1,0,RE1,,PWRGEO004,,2022,,,,,,,,,,,,,,,,,0.0
Scenario1,0,RE1,,PWRGEO004,,2023,,,,,,,,,,,,,,,,,0.0
Scenario1,0,RE1,,PWRGEO004,,2024,,,,,,,,,,,,,,,,,0.0
Scenario1,0,RE1,,PWRGEO004,,2025,,,,,,,,,,,,,,,,,0.0
Scenario1,0,RE1,,PWRGEO004,,2026,,,,,,,,,,,,,,,,,0.0
Scenario1,0,RE1,,PWRGEO004,,2027,,,,,,,,,,,,,,,,,0.0
Scenario1,0,RE1,,PWRGEO004,,2028,,,,,,,,,,,,,,,,,0.0
Scenario1,0,RE1,,PWRGEO004,,2029,,,,,,,,,,,,,,,,,0.0
Scenario1,0,RE1,,PWRGEO004,,2030,,,,,,,,,,,,,,,,,0.0
Scenario1,0,RE1,,PWRGEO004,,2031,,,,,,,,,,,,,,,,,0.0
Scenario1,0,RE1,,PWRGEO004,,2032,,,,,,,,,,,,,,,,,0.0
Scenario1,0,RE1,,PWRGEO004,,2033,,,,,,,,,,,,,,,,,0.0
Scenario1,0,RE1,,PWRGEO004,,2034,,,,,,,,,,,,,,,,,0.0
Scenario1,0,RE1,,PWRGEO004,,2035,,,,,,,,,,,,,,,,,0.0
Scenario1,0,RE1,,PWRGEO004,,2036,,,,,,,,,,,,,,,,,0.0
Scenario1,0,RE1,,PWRGEO004,,2037,,,,,,,,,,,,,,,,,0.0
Scenario1,0,RE1,,PWRGEO004,,2038,,,,,,,,,,,,,,,,,15.0
Scenario1,0,RE1,,PWRGEO004,,2039,,,,,,,,,,,,,,,,,30.0
Scenario1,0,RE1,,PWRGEO004,,2040,,,,,,,,,,,,,,,,,45.0
Scenario1,0,RE1,,PWRGEO004,,2041,,,,,,,,,,,,,,,,,45.0
Scenario1,0,RE1,,PWRGEO004,,2042,,,,,,,,,,,,,,,,,45.0
Scenario1,0,RE1,,PWRGEO004,,2043,,,,,,,,,,,,,,,,,45.0
Scenario1,0,RE1,,PWRGEO004,,2044,,,,,,,,,,,,,,,,,45.0
Scenario1,0,RE1,,PWRGEO004,,2045,,,,,,,,,,,,,,,,,45.0
Scenario1,0,RE1,,PWRGEO004,,2046,,,,,,,,,,,,,,,,,45.0
Scenario1,0,RE1,,PWRGEO004,,2047,,,,,,,,,,,,,,,,,45.0
Scenario1,0,RE1,,PWRGEO004,,2048,,,,,,,,,,,,,,,,,45.0
Scenario1,0,RE1,,PWRGEO004,,2049,,,,,,,,,,,,,,,,,45.0
Scenario1,0,RE1,,PWRGEO004,,2050,,,,,,,,,,,,,,,,,45.0
Scenario1,0,RE1,,PWRGEO005,,2019,,,,,,,,,,,,,,,,,0.0
Scenario1,0,RE1,,PWRGEO005,,2020,,,,,,,,,,,,,,,,,0.0
Scenario1,0,RE1,,PWRGEO005,,2021,,,,,,,,,,,,,,,,,0.0
Scenario1,0,RE1,,PWRGEO005,,2022,,,,,,,,,,,,,,,,,0.0
Scenario1,0,RE1,,PWRGEO005,,2023,,,,,,,,,,,,,,,,,0.0
Scenario1,0,RE1,,PWRGEO005,,2024,,,,,,,,,,,,,,,,,0.0
Scenario1,0,RE1,,PWRGEO005,,2025,,,,,,,,,,,,,,,,,0.0
Scenario1,0,RE1,,PWRGEO005,,2026,,,,,,,,,,,,,,,,,0.0
Scenario1,0,RE1,,PWRGEO005,,2027,,,,,,,,,,,,,,,,,0.0
Scenario1,0,RE1,,PWRGEO005,,2028,,,,,,,,,,,,,,,,,0.0
Scenario1,0,RE1,,PWRGEO005,,2029,,,,,,,,,,,,,,,,,0.0
Scenario1,0,RE1,,PWRGEO005,,2030,,,,,,,,,,,,,,,,,0.0
Scenario1,0,RE1,,PWRGEO005,,2031,,,,,,,,,,,,,,,,,0.0
Scenario1,0,RE1,,PWRGEO005,,2032,,,,,,,,,,,,,,,,,0.0
Scenario1,0,RE1,,PWRGEO005,,2033,,,,,,,,,,,,,,,,,0.0
Scenario1,0,RE1,,PWRGEO005,,2034,,,,,,,,,,,,,,,,,0.0
Scenario1,0,RE1,,PWRGEO005,,2035,,,,,,,,,,,,,,,,,0.0
Scenario1,0,RE1,,PWRGEO005,,2036,,,,,,,,,,,,,,,,,0.0
Scenario1,0,RE1,,PWRGEO005,,2037,,,,,,,,,,,,,,,,,0.0
Scenario1,0,RE1,,PWRGEO005,,2038,,,,,,,,,,,,,,,,,0.0
Scenario1,0,RE1,,PWRGEO005,,2039,,,,,,,,,,,,,,,,,0.6680003245147365
Scenario1,0,RE1,,PWRGEO005,,2040,,,,,,,,,,,,,,,,,0.6680003245147365
Scenario1,0,RE1,,PWRGEO005,,2041,,,,,,,,,,,,,,,,,10.5
Scenario1,0,RE1,,PWRGEO005,,2042,,,,,,,,,,,,,,,,,10.5
Scenario1,0,RE1,,PWRGEO005,,2043,,,,,,,,,,,,,,,,,10.5
Scenario1,0,RE1,,PWRGEO005,,2044,,,,,,,,,,,,,,,,,10.5
Scenario1,0,RE1,,PWRGEO005,,2045,,,,,,,,,,,,,,,,,10.5
Scenario1,0,RE1,,PWRGEO005,,2046,,,,,,,,,,,,,,,,,10.5
Scenario1,0,RE1,,PWRGEO005,,2047,,,,,,,,,,,,,,,,,10.5
Scenario1,0,RE1,,PWRGEO005,,2048,,,,,,,,,,,,,,,,,10.5
Scenario1,0,RE1,,PWRGEO005,,2049,,,,,,,,,,,,,,,,,10.5
Scenario1,0,RE1,,PWRGEO005,,2050,,,,,,,,,,,,,,,,,10.5
Scenario1,0,RE1,,PWRGEO006,,2019,,,,,,,,,,,,,,,,,0.0
Scenario1,0,RE1,,PWRGEO006,,2020,,,,,,,,,,,,,,,,,0.0
Scenario1,0,RE1,,PWRGEO006,,2021,,,,,,,,,,,,,,,,,0.0
Scenario1,0,RE1,,PWRGEO006,,2022,,,,,,,,,,,,,,,,,0.0
Scenario1,0,RE1,,PWRGEO006,,2023,,,,,,,,,,,,,,,,,0.0
Scenario1,0,RE1,,PWRGEO006,,2024,,,,,,,,,,,,,,,,,0.0
Scenario1,0,RE1,,PWRGEO006,,2025,,,,,,,,,,,,,,,,,0.0
Scenario1,0,RE1,,PWRGEO006,,2026,,,,,,,,,,,,,,,,,0.0
Scenario1,0,RE1,,PWRGEO006,,2027,,,,,,,,,,,,,,,,,0.0
Scenario1,0,RE1,,PWRGEO006,,2028,,,,,,,,,,,,,,,,,0.0
Scenario1,0,RE1,,PWRGEO006,,2029,,,,,,,,,,,,,,,,,0.0
Scenario1,0,RE1,,PWRGEO006,,2030,,,,,,,,,,,,,,,,,0.0
Scenario1,0,RE1,,PWRGEO006,,2031,,,,,,,,,,,,,,,,,0.0
Scenario1,0,RE1,,PWRGEO006,,2032,,,,,,,,,,,,,,,,,0.0
Scenario1,0,RE1,,PWRGEO006,,2033,,,,,,,,,,,,,,,,,0.0
Scenario1,0,RE1,,PWRGEO006,,2034,,,,,,,,,,,,,,,,,0.0
Scenario1,0,RE1,,PWRGEO006,,2035,,,,,,,,,,,,,,,,,0.0
Scenario1,0,RE1,,PWRGEO006,,2036,,,,,,,,,,,,,,,,,0.0
Scenario1,0,RE1,,PWRGEO006,,2037,,,,,,,,,,,,,,,,,0.0
Scenario1,0,RE1,,PWRGEO006,,2038,,,,,,,,,,,,,,,,,0.0
Scenario1,0,RE1,,PWRGEO006,,2039,,,,,,,,,,,,,,,,,0.0
Scenario1,0,RE1,,PWRGEO006,,2040,,,,,,,,,,,,,,,,,0.0
Scenario1,0,RE1,,PWRGEO006,,2041,,,,,,,,,,,,,,,,,31.184204289191253
Scenario1,0,RE1,,PWRGEO006,,2042,,,,,,,,,,,,,,,,,72.30532382710616
Scenario1,0,RE1,,PWRGEO006,,2043,,,,,,,,,,,,,,,,,115.40804679273452
Scenario1,0,RE1,,PWRGEO006,,2044,,,,,,,,,,,,,,,,,150.56406774204538
Scenario1,0,RE1,,PWRGEO006,,2045,,,,,,,,,,,,,,,,,246.77200248972636
Scenario1,0,RE1,,PWRGEO006,,2046,,,,,,,,,,,,,,,,,287.87780734298224
Scenario1,0,RE1,,PWRGEO006,,2047,,,,,,,,,,,,,,,,,340.0584370545228
Scenario1,0,RE1,,PWRGEO006,,2048,,,,,,,,,,,,,,,,,387.2758611545992
Scenario1,0,RE1,,PWRGEO006,,2049,,,,,,,,,,,,,,,,,431.4837968026827
Scenario1,0,RE1,,PWRGEO006,,2050,,,,,,,,,,,,,,,,,485.291396047641
Scenario1,0,RE1,,PWRGEO007,,2019,,,,,,,,,,,,,,,,,0.0
Scenario1,0,RE1,,PWRGEO007,,2020,,,,,,,,,,,,,,,,,0.0
Scenario1,0,RE1,,PWRGEO007,,2021,,,,,,,,,,,,,,,,,0.0
Scenario1,0,RE1,,PWRGEO007,,2022,,,,,,,,,,,,,,,,,0.0
Scenario1,0,RE1,,PWRGEO007,,2023,,,,,,,,,,,,,,,,,0.0
Scenario1,0,RE1,,PWRGEO007,,2024,,,,,,,,,,,,,,,,,0.0
Scenario1,0,RE1,,PWRGEO007,,2025,,,,,,,,,,,,,,,,,0.0
Scenario1,0,RE1,,PWRGEO007,,2026,,,,,,,,,,,,,,,,,0.0
Scenario1,0,RE1,,PWRGEO007,,2027,,,,,,,,,,,,,,,,,0.0
Scenario1,0,RE1,,PWRGEO007,,2028,,,,,,,,,,,,,,,,,0.0
Scenario1,0,RE1,,PWRGEO007,,2029,,,,,,,,,,,,,,,,,0.0
Scenario1,0,RE1,,PWRGEO007,,2030,,,,,,,,,,,,,,,,,0.0
Scenario1,0,RE1,,PWRGEO007,,2031,,,,,,,,,,,,,,,,,0.0
Scenario1,0,RE1,,PWRGEO007,,2032,,,,,,,,,,,,,,,,,0.0
Scenario1,0,RE1,,PWRGEO007,,2033,,,,,,,,,,,,,,,,,0.0
Scenario1,0,RE1,,PWRGEO007,,2034,,,,,,,,,,,,,,,,,0.0
Scenario1,0,RE1,,PWRGEO007,,2035,,,,,,,,,,,,,,,,,0.0
Scenario1,0,RE1,,PWRGEO007,,2036,,,,,,,,,,,,,,,,,0.0
Scenario1,0,RE1,,PWRGEO007,,2037,,,,,,,,,,,,,,,,,0.0
Scenario1,0,RE1,,PWRGEO007,,2038,,,,,,,,,,,,,,,,,0.0
Scenario1,0,RE1,,PWRGEO007,,2039,,,,,,,,,,,,,,,,,0.0
Scenario1,0,RE1,,PWRGEO007,,2040,,,,,,,,,,,,,,,,,0.0
Scenario1,0,RE1,,PWRGEO007,,2041,,,,,,,,,,,,,,,,,0.0
Scenario1,0,RE1,,PWRGEO007,,2042,,,,,,,,,,,,,,,,,0.0
Scenario1,0,RE1,,PWRGEO007,,2043,,,,,,,,,,,,,,,,,0.0
Scenario1,0,RE1,,PWRGEO007,,2044,,,,,,,,,,,,,,,,,0.0
Scenario1,0,RE1,,PWRGEO007,,2045,,,,,,,,,,,,,,,,,0.0
Scenario1,0,RE1,,PWRGEO007,,2046,,,,,,,,,,,,,,,,,0.0
Scenario1,0,RE1,,PWRGEO007,,2047,,,,,,,,,,,,,,,,,0.0
Scenario1,0,RE1,,PWRGEO007,,2048,,,,,,,,,,,,,,,,,0.0
Scenario1,0,RE1,,PWRGEO007,,2049,,,,,,,,,,,,,,,,,0.0
Scenario1,0,RE1,,PWRGEO007,,2050,,,,,,,,,,,,,,,,,0.0
Scenario1,0,RE1,,PWRHFO001,,2019,,,,,,,,,,,,,,,,,20.1726
Scenario1,0,RE1,,PWRHFO001,,2020,,,,,,,,,,,,,,,,,20.1726
Scenario1,0,RE1,,PWRHFO001,,2021,,,,,,,,,,,,,,,,,20.1726
Scenario1,0,RE1,,PWRHFO001,,2022,,,,,,,,,,,,,,,,,20.1726
Scenario1,0,RE1,,PWRHFO001,,2023,,,,,,,,,,,,,,,,,20.1726
Scenario1,0,RE1,,PWRHFO001,,2024,,,,,,,,,,,,,,,,,20.1726
Scenario1,0,RE1,,PWRHFO001,,2025,,,,,,,,,,,,,,,,,18.2826
Scenario1,0,RE1,,PWRHFO001,,2026,,,,,,,,,,,,,,,,,15.9516
Scenario1,0,RE1,,PWRHFO001,,2027,,,,,,,,,,,,,,,,,15.9516
Scenario1,0,RE1,,PWRHFO001,,2028,,,,,,,,,,,,,,,,,15.9516
Scenario1,0,RE1,,PWRHFO001,,2029,,,,,,,,,,,,,,,,,15.9516
Scenario1,0,RE1,,PWRHFO001,,2030,,,,,,,,,,,,,,,,,13.1607
Scenario1,0,RE1,,PWRHFO001,,2031,,,,,,,,,,,,,,,,,9.5382
Scenario1,0,RE1,,PWRHFO001,,2032,,,,,,,,,,,,,,,,,9.5382
Scenario1,0,RE1,,PWRHFO001,,2033,,,,,,,,,,,,,,,,,9.5382
Scenario1,0,RE1,,PWRHFO001,,2034,,,,,,,,,,,,,,,,,4.26825
Scenario1,0,RE1,,PWRHFO001,,2035,,,,,,,,,,,,,,,,,2.6145
Scenario1,0,RE1,,PWRHFO001,,2036,,,,,,,,,,,,,,,,,0.0
Scenario1,0,RE1,,PWRHFO001,,2037,,,,,,,,,,,,,,,,,0.0
Scenario1,0,RE1,,PWRHFO001,,2038,,,,,,,,,,,,,,,,,0.0
Scenario1,0,RE1,,PWRHFO001,,2039,,,,,,,,,,,,,,,,,0.0
Scenario1,0,RE1,,PWRHFO001,,2040,,,,,,,,,,,,,,,,,0.0
Scenario1,0,RE1,,PWRHFO001,,2041,,,,,,,,,,,,,,,,,0.0
Scenario1,0,RE1,,PWRHFO001,,2042,,,,,,,,,,,,,,,,,0.0
Scenario1,0,RE1,,PWRHFO001,,2043,,,,,,,,,,,,,,,,,0.0
Scenario1,0,RE1,,PWRHFO001,,2044,,,,,,,,,,,,,,,,,0.0
Scenario1,0,RE1,,PWRHFO001,,2045,,,,,,,,,,,,,,,,,0.0
Scenario1,0,RE1,,PWRHFO001,,2046,,,,,,,,,,,,,,,,,0.0
Scenario1,0,RE1,,PWRHFO001,,2047,,,,,,,,,,,,,,,,,0.0
Scenario1,0,RE1,,PWRHFO001,,2048,,,,,,,,,,,,,,,,,0.0
Scenario1,0,RE1,,PWRHFO001,,2049,,,,,,,,,,,,,,,,,0.0
Scenario1,0,RE1,,PWRHFO001,,2050,,,,,,,,,,,,,,,,,0.0
Scenario1,0,RE1,,PWRHYD001,,2019,,,,,,,,,,,,,,,,,2.5
Scenario1,0,RE1,,PWRHYD001,,2020,,,,,,,,,,,,,,,,,2.5
Scenario1,0,RE1,,PWRHYD001,,2021,,,,,,,,,,,,,,,,,2.5
Scenario1,0,RE1,,PWRHYD001,,2022,,,,,,,,,,,,,,,,,2.5
Scenario1,0,RE1,,PWRHYD001,,2023,,,,,,,,,,,,,,,,,2.5
Scenario1,0,RE1,,PWRHYD001,,2024,,,,,,,,,,,,,,,,,2.5
Scenario1,0,RE1,,PWRHYD001,,2025,,,,,,,,,,,,,,,,,2.5
Scenario1,0,RE1,,PWRHYD001,,2026,,,,,,,,,,,,,,,,,2.5
Scenario1,0,RE1,,PWRHYD001,,2027,,,,,,,,,,,,,,,,,2.5
Scenario1,0,RE1,,PWRHYD001,,2028,,,,,,,,,,,,,,,,,2.5
Scenario1,0,RE1,,PWRHYD001,,2029,,,,,,,,,,,,,,,,,2.5
Scenario1,0,RE1,,PWRHYD001,,2030,,,,,,,,,,,,,,,,,2.5
Scenario1,0,RE1,,PWRHYD001,,2031,,,,,,,,,,,,,,,,,2.5
Scenario1,0,RE1,,PWRHYD001,,2032,,,,,,,,,,,,,,,,,2.5
Scenario1,0,RE1,,PWRHYD001,,2033,,,,,,,,,,,,,,,,,2.5
Scenario1,0,RE1,,PWRHYD001,,2034,,,,,,,,,,,,,,,,,2.5
Scenario1,0,RE1,,PWRHYD001,,2035,,,,,,,,,,,,,,,,,2.5
Scenario1,0,RE1,,PWRHYD001,,2036,,,,,,,,,,,,,,,,,2.5
Scenario1,0,RE1,,PWRHYD001,,2037,,,,,,,,,,,,,,,,,2.5
Scenario1,0,RE1,,PWRHYD001,,2038,,,,,,,,,,,,,,,,,2.5
Scenario1,0,RE1,,PWRHYD001,,2039,,,,,,,,,,,,,,,,,2.5
Scenario1,0,RE1,,PWRHYD001,,2040,,,,,,,,,,,,,,,,,2.5
Scenario1,0,RE1,,PWRHYD001,,2041,,,,,,,,,,,,,,,,,2.5
Scenario1,0,RE1,,PWRHYD001,,2042,,,,,,,,,,,,,,,,,0.5
Scenario1,0,RE1,,PWRHYD001,,2043,,,,,,,,,,,,,,,,,0.5
Scenario1,0,RE1,,PWRHYD001,,2044,,,,,,,,,,,,,,,,,0.5
Scenario1,0,RE1,,PWRHYD001,,2045,,,,,,,,,,,,,,,,,0.5
Scenario1,0,RE1,,PWRHYD001,,2046,,,,,,,,,,,,,,,,,0.5
Scenario1,0,RE1,,PWRHYD001,,2047,,,,,,,,,,,,,,,,,0.5
Scenario1,0,RE1,,PWRHYD001,,2048,,,,,,,,,,,,,,,,,0.5
Scenario1,0,RE1,,PWRHYD001,,2049,,,,,,,,,,,,,,,,,0.5
Scenario1,0,RE1,,PWRHYD001,,2050,,,,,,,,,,,,,,,,,0.5
Scenario1,0,RE1,,PWRHYD002,,2019,,,,,,,,,,,,,,,,,14.5
Scenario1,0,RE1,,PWRHYD002,,2020,,,,,,,,,,,,,,,,,14.5
Scenario1,0,RE1,,PWRHYD002,,2021,,,,,,,,,,,,,,,,,14.5
Scenario1,0,RE1,,PWRHYD002,,2022,,,,,,,,,,,,,,,,,14.5
Scenario1,0,RE1,,PWRHYD002,,2023,,,,,,,,,,,,,,,,,14.5
Scenario1,0,RE1,,PWRHYD002,,2024,,,,,,,,,,,,,,,,,14.5
Scenario1,0,RE1,,PWRHYD002,,2025,,,,,,,,,,,,,,,,,14.5
Scenario1,0,RE1,,PWRHYD002,,2026,,,,,,,,,,,,,,,,,14.5
Scenario1,0,RE1,,PWRHYD002,,2027,,,,,,,,,,,,,,,,,14.5
Scenario1,0,RE1,,PWRHYD002,,2028,,,,,,,,,,,,,,,,,14.5
Scenario1,0,RE1,,PWRHYD002,,2029,,,,,,,,,,,,,,,,,14.5
Scenario1,0,RE1,,PWRHYD002,,2030,,,,,,,,,,,,,,,,,14.5
Scenario1,0,RE1,,PWRHYD002,,2031,,,,,,,,,,,,,,,,,14.5
Scenario1,0,RE1,,PWRHYD002,,2032,,,,,,,,,,,,,,,,,14.5
Scenario1,0,RE1,,PWRHYD002,,2033,,,,,,,,,,,,,,,,,14.5
Scenario1,0,RE1,,PWRHYD002,,2034,,,,,,,,,,,,,,,,,14.5
Scenario1,0,RE1,,PWRHYD002,,2035,,,,,,,,,,,,,,,,,14.5
Scenario1,0,RE1,,PWRHYD002,,2036,,,,,,,,,,,,,,,,,14.5
Scenario1,0,RE1,,PWRHYD002,,2037,,,,,,,,,,,,,,,,,14.5
Scenario1,0,RE1,,PWRHYD002,,2038,,,,,,,,,,,,,,,,,14.5
Scenario1,0,RE1,,PWRHYD002,,2039,,,,,,,,,,,,,,,,,14.5
Scenario1,0,RE1,,PWRHYD002,,2040,,,,,,,,,,,,,,,,,14.5
Scenario1,0,RE1,,PWRHYD002,,2041,,,,,,,,,,,,,,,,,14.5
Scenario1,0,RE1,,PWRHYD002,,2042,,,,,,,,,,,,,,,,,14.5
Scenario1,0,RE1,,PWRHYD002,,2043,,,,,,,,,,,,,,,,,14.5
Scenario1,0,RE1,,PWRHYD002,,2044,,,,,,,,,,,,,,,,,14.5
Scenario1,0,RE1,,PWRHYD002,,2045,,,,,,,,,,,,,,,,,14.5
Scenario1,0,RE1,,PWRHYD002,,2046,,,,,,,,,,,,,,,,,14.5
Scenario1,0,RE1,,PWRHYD002,,2047,,,,,,,,,,,,,,,,,14.5
Scenario1,0,RE1,,PWRHYD002,,2048,,,,,,,,,,,,,,,,,14.5
Scenario1,0,RE1,,PWRHYD002,,2049,,,,,,,,,,,,,,,,,14.5
Scenario1,0,RE1,,PWRHYD002,,2050,,,,,,,,,,,,,,,,,14.5
Scenario1,0,RE1,,PWRHYD003,,2019,,,,,,,,,,,,,,,,,2.625
Scenario1,0,RE1,,PWRHYD003,,2020,,,,,,,,,,,,,,,,,2.625
Scenario1,0,RE1,,PWRHYD003,,2021,,,,,,,,,,,,,,,,,2.625
Scenario1,0,RE1,,PWRHYD003,,2022,,,,,,,,,,,,,,,,,2.625
Scenario1,0,RE1,,PWRHYD003,,2023,,,,,,,,,,,,,,,,,2.625
Scenario1,0,RE1,,PWRHYD003,,2024,,,,,,,,,,,,,,,,,2.625
Scenario1,0,RE1,,PWRHYD003,,2025,,,,,,,,,,,,,,,,,2.625
Scenario1,0,RE1,,PWRHYD003,,2026,,,,,,,,,,,,,,,,,2.625
Scenario1,0,RE1,,PWRHYD003,,2027,,,,,,,,,,,,,,,,,2.625
Scenario1,0,RE1,,PWRHYD003,,2028,,,,,,,,,,,,,,,,,2.625
Scenario1,0,RE1,,PWRHYD003,,2029,,,,,,,,,,,,,,,,,2.625
Scenario1,0,RE1,,PWRHYD003,,2030,,,,,,,,,,,,,,,,,2.625
Scenario1,0,RE1,,PWRHYD003,,2031,,,,,,,,,,,,,,,,,2.625
Scenario1,0,RE1,,PWRHYD003,,2032,,,,,,,,,,,,,,,,,2.625
Scenario1,0,RE1,,PWRHYD003,,2033,,,,,,,,,,,,,,,,,2.625
Scenario1,0,RE1,,PWRHYD003,,2034,,,,,,,,,,,,,,,,,2.625
Scenario1,0,RE1,,PWRHYD003,,2035,,,,,,,,,,,,,,,,,2.625
Scenario1,0,RE1,,PWRHYD003,,2036,,,,,,,,,,,,,,,,,2.625
Scenario1,0,RE1,,PWRHYD003,,2037,,,,,,,,,,,,,,,,,2.625
Scenario1,0,RE1,,PWRHYD003,,2038,,,,,,,,,,,,,,,,,2.625
Scenario1,0,RE1,,PWRHYD003,,2039,,,,,,,,,,,,,,,,,2.625
Scenario1,0,RE1,,PWRHYD003,,2040,,,,,,,,,,,,,,,,,2.625
Scenario1,0,RE1,,PWRHYD003,,2041,,,,,,,,,,,,,,,,,2.625
Scenario1,0,RE1,,PWRHYD003,,2042,,,,,,,,,,,,,,,,,2.625
Scenario1,0,RE1,,PWRHYD003,,2043,,,,,,,,,,,,,,,,,2.625
Scenario1,0,RE1,,PWRHYD003,,2044,,,,,,,,,,,,,,,,,2.625
Scenario1,0,RE1,,PWRHYD003,,2045,,,,,,,,,,,,,,,,,2.625
Scenario1,0,RE1,,PWRHYD003,,2046,,,,,,,,,,,,,,,,,2.625
Scenario1,0,RE1,,PWRHYD003,,2047,,,,,,,,,,,,,,,,,2.625
Scenario1,0,RE1,,PWRHYD003,,2048,,,,,,,,,,,,,,,,,2.625
Scenario1,0,RE1,,PWRHYD003,,2049,,,,,,,,,,,,,,,,,2.625
Scenario1,0,RE1,,PWRHYD003,,2050,,,,,,,,,,,,,,,,,2.625
Scenario1,0,RE1,,PWRHYD004,,2019,,,,,,,,,,,,,,,,,0.0
Scenario1,0,RE1,,PWRHYD004,,2020,,,,,,,,,,,,,,,,,0.0
Scenario1,0,RE1,,PWRHYD004,,2021,,,,,,,,,,,,,,,,,0.0
Scenario1,0,RE1,,PWRHYD004,,2022,,,,,,,,,,,,,,,,,0.0
Scenario1,0,RE1,,PWRHYD004,,2023,,,,,,,,,,,,,,,,,0.0
Scenario1,0,RE1,,PWRHYD004,,2024,,,,,,,,,,,,,,,,,0.0
Scenario1,0,RE1,,PWRHYD004,,2025,,,,,,,,,,,,,,,,,0.0
Scenario1,0,RE1,,PWRHYD004,,2026,,,,,,,,,,,,,,,,,0.0
Scenario1,0,RE1,,PWRHYD004,,2027,,,,,,,,,,,,,,,,,0.0
Scenario1,0,RE1,,PWRHYD004,,2028,,,,,,,,,,,,,,,,,0.0
Scenario1,0,RE1,,PWRHYD004,,2029,,,,,,,,,,,,,,,,,0.0
Scenario1,0,RE1,,PWRHYD004,,2030,,,,,,,,,,,,,,,,,0.0
Scenario1,0,RE1,,PWRHYD004,,2031,,,,,,,,,,,,,,,,,0.0
Scenario1,0,RE1,,PWRHYD004,,2032,,,,,,,,,,,,,,,,,0.0
Scenario1,0,RE1,,PWRHYD004,,2033,,,,,,,,,,,,,,,,,0.0
Scenario1,0,RE1,,PWRHYD004,,2034,,,,,,,,,,,,,,,,,0.0
Scenario1,0,RE1,,PWRHYD004,,2035,,,,,,,,,,,,,,,,,0.0
Scenario1,0,RE1,,PWRHYD004,,2036,,,,,,,,,,,,,,,,,0.0
Scenario1,0,RE1,,PWRHYD004,,2037,,,,,,,,,,,,,,,,,0.0
Scenario1,0,RE1,,PWRHYD004,,2038,,,,,,,,,,,,,,,,,0.0
Scenario1,0,RE1,,PWRHYD004,,2039,,,,,,,,,,,,,,,,,0.0
Scenario1,0,RE1,,PWRHYD004,,2040,,,,,,,,,,,,,,,,,0.0
Scenario1,0,RE1,,PWRHYD004,,2041,,,,,,,,,,,,,,,,,0.0
Scenario1,0,RE1,,PWRHYD004,,2042,,,,,,,,,,,,,,,,,0.0
Scenario1,0,RE1,,PWRHYD004,,2043,,,,,,,,,,,,,,,,,0.0
Scenario1,0,RE1,,PWRHYD004,,2044,,,,,,,,,,,,,,,,,0.0
Scenario1,0,RE1,,PWRHYD004,,2045,,,,,,,,,,,,,,,,,0.0
Scenario1,0,RE1,,PWRHYD004,,2046,,,,,,,,,,,,,,,,,0.0
Scenario1,0,RE1,,PWRHYD004,,2047,,,,,,,,,,,,,,,,,0.0
Scenario1,0,RE1,,PWRHYD004,,2048,,,,,,,,,,,,,,,,,0.0
Scenario1,0,RE1,,PWRHYD004,,2049,,,,,,,,,,,,,,,,,0.0
Scenario1,0,RE1,,PWRHYD004,,2050,,,,,,,,,,,,,,,,,0.0
Scenario1,0,RE1,,PWRHYD005,,2019,,,,,,,,,,,,,,,,,0.4875
Scenario1,0,RE1,,PWRHYD005,,2020,,,,,,,,,,,,,,,,,0.4875
Scenario1,0,RE1,,PWRHYD005,,2021,,,,,,,,,,,,,,,,,0.4875
Scenario1,0,RE1,,PWRHYD005,,2022,,,,,,,,,,,,,,,,,0.4875
Scenario1,0,RE1,,PWRHYD005,,2023,,,,,,,,,,,,,,,,,0.6699999999999999
Scenario1,0,RE1,,PWRHYD005,,2024,,,,,,,,,,,,,,,,,0.7324999999999999
Scenario1,0,RE1,,PWRHYD005,,2025,,,,,,,,,,,,,,,,,0.74
Scenario1,0,RE1,,PWRHYD005,,2026,,,,,,,,,,,,,,,,,0.97
Scenario1,0,RE1,,PWRHYD005,,2027,,,,,,,,,,,,,,,,,1.2099999999999995
Scenario1,0,RE1,,PWRHYD005,,2028,,,,,,,,,,,,,,,,,1.2475
Scenario1,0,RE1,,PWRHYD005,,2029,,,,,,,,,,,,,,,,,1.3875000000000002
Scenario1,0,RE1,,PWRHYD005,,2030,,,,,,,,,,,,,,,,,2.255
Scenario1,0,RE1,,PWRHYD005,,2031,,,,,,,,,,,,,,,,,2.905
Scenario1,0,RE1,,PWRHYD005,,2032,,,,,,,,,,,,,,,,,3.305
Scenario1,0,RE1,,PWRHYD005,,2033,,,,,,,,,,,,,,,,,4.047499999999999
Scenario1,0,RE1,,PWRHYD005,,2034,,,,,,,,,,,,,,,,,4.605
Scenario1,0,RE1,,PWRHYD005,,2035,,,,,,,,,,,,,,,,,5.325
Scenario1,0,RE1,,PWRHYD005,,2036,,,,,,,,,,,,,,,,,5.94
Scenario1,0,RE1,,PWRHYD005,,2037,,,,,,,,,,,,,,,,,5.94
Scenario1,0,RE1,,PWRHYD005,,2038,,,,,,,,,,,,,,,,,5.94
Scenario1,0,RE1,,PWRHYD005,,2039,,,,,,,,,,,,,,,,,5.94
Scenario1,0,RE1,,PWRHYD005,,2040,,,,,,,,,,,,,,,,,5.94
Scenario1,0,RE1,,PWRHYD005,,2041,,,,,,,,,,,,,,,,,5.94
Scenario1,0,RE1,,PWRHYD005,,2042,,,,,,,,,,,,,,,,,5.94
Scenario1,0,RE1,,PWRHYD005,,2043,,,,,,,,,,,,,,,,,5.94
Scenario1,0,RE1,,PWRHYD005,,2044,,,,,,,,,,,,,,,,,5.94
Scenario1,0,RE1,,PWRHYD005,,2045,,,,,,,,,,,,,,,,,5.94
Scenario1,0,RE1,,PWRHYD005,,2046,,,,,,,,,,,,,,,,,5.94
Scenario1,0,RE1,,PWRHYD005,,2047,,,,,,,,,,,,,,,,,5.94
Scenario1,0,RE1,,PWRHYD005,,2048,,,,,,,,,,,,,,,,,5.94
Scenario1,0,RE1,,PWRHYD005,,2049,,,,,,,,,,,,,,,,,5.94
Scenario1,0,RE1,,PWRHYD005,,2050,,,,,,,,,,,,,,,,,5.94
Scenario1,0,RE1,,PWRLFO001,,2019,,,,,,,,,,,,,,,,,0.5852
Scenario1,0,RE1,,PWRLFO001,,2020,,,,,,,,,,,,,,,,,0.5852
Scenario1,0,RE1,,PWRLFO001,,2021,,,,,,,,,,,,,,,,,0.5852
Scenario1,0,RE1,,PWRLFO001,,2022,,,,,,,,,,,,,,,,,0.5852
Scenario1,0,RE1,,PWRLFO001,,2023,,,,,,,,,,,,,,,,,0.5852
Scenario1,0,RE1,,PWRLFO001,,2024,,,,,,,,,,,,,,,,,0.5852
Scenario1,0,RE1,,PWRLFO001,,2025,,,,,,,,,,,,,,,,,0.0
Scenario1,0,RE1,,PWRLFO001,,2026,,,,,,,,,,,,,,,,,0.0
Scenario1,0,RE1,,PWRLFO001,,2027,,,,,,,,,,,,,,,,,0.0
Scenario1,0,RE1,,PWRLFO001,,2028,,,,,,,,,,,,,,,,,0.0
Scenario1,0,RE1,,PWRLFO001,,2029,,,,,,,,,,,,,,,,,0.0
Scenario1,0,RE1,,PWRLFO001,,2030,,,,,,,,,,,,,,,,,0.0
Scenario1,0,RE1,,PWRLFO001,,2031,,,,,,,,,,,,,,,,,0.0
Scenario1,0,RE1,,PWRLFO001,,2032,,,,,,,,,,,,,,,,,0.0
Scenario1,0,RE1,,PWRLFO001,,2033,,,,,,,,,,,,,,,,,0.0
Scenario1,0,RE1,,PWRLFO001,,2034,,,,,,,,,,,,,,,,,0.0
Scenario1,0,RE1,,PWRLFO001,,2035,,,,,,,,,,,,,,,,,0.0
Scenario1,0,RE1,,PWRLFO001,,2036,,,,,,,,,,,,,,,,,0.0
Scenario1,0,RE1,,PWRLFO001,,2037,,,,,,,,,,,,,,,,,0.0
Scenario1,0,RE1,,PWRLFO001,,2038,,,,,,,,,,,,,,,,,0.0
Scenario1,0,RE1,,PWRLFO001,,2039,,,,,,,,,,,,,,,,,0.0
Scenario1,0,RE1,,PWRLFO001,,2040,,,,,,,,,,,,,,,,,0.0
Scenario1,0,RE1,,PWRLFO001,,2041,,,,,,,,,,,,,,,,,0.0
Scenario1,0,RE1,,PWRLFO001,,2042,,,,,,,,,,,,,,,,,0.0
Scenario1,0,RE1,,PWRLFO001,,2043,,,,,,,,,,,,,,,,,0.0
Scenario1,0,RE1,,PWRLFO001,,2044,,,,,,,,,,,,,,,,,0.0
Scenario1,0,RE1,,PWRLFO001,,2045,,,,,,,,,,,,,,,,,0.0
Scenario1,0,RE1,,PWRLFO001,,2046,,,,,,,,,,,,,,,,,0.0
Scenario1,0,RE1,,PWRLFO001,,2047,,,,,,,,,,,,,,,,,0.0
Scenario1,0,RE1,,PWRLFO001,,2048,,,,,,,,,,,,,,,,,0.0
Scenario1,0,RE1,,PWRLFO001,,2049,,,,,,,,,,,,,,,,,0.0
Scenario1,0,RE1,,PWRLFO001,,2050,,,,,,,,,,,,,,,,,0.0
Scenario1,0,RE1,,PWRNGS001,,2019,,,,,,,,,,,,,,,,,0.0
Scenario1,0,RE1,,PWRNGS001,,2020,,,,,,,,,,,,,,,,,0.0
Scenario1,0,RE1,,PWRNGS001,,2021,,,,,,,,,,,,,,,,,0.0
Scenario1,0,RE1,,PWRNGS001,,2022,,,,,,,,,,,,,,,,,0.0
Scenario1,0,RE1,,PWRNGS001,,2023,,,,,,,,,,,,,,,,,0.0
Scenario1,0,RE1,,PWRNGS001,,2024,,,,,,,,,,,,,,,,,0.0
Scenario1,0,RE1,,PWRNGS001,,2025,,,,,,,,,,,,,,,,,0.0
Scenario1,0,RE1,,PWRNGS001,,2026,,,,,,,,,,,,,,,,,0.0
Scenario1,0,RE1,,PWRNGS001,,2027,,,,,,,,,,,,,,,,,0.0
Scenario1,0,RE1,,PWRNGS001,,2028,,,,,,,,,,,,,,,,,0.0
Scenario1,0,RE1,,PWRNGS001,,2029,,,,,,,,,,,,,,,,,0.0
Scenario1,0,RE1,,PWRNGS001,,2030,,,,,,,,,,,,,,,,,0.0
Scenario1,0,RE1,,PWRNGS001,,2031,,,,,,,,,,,,,,,,,0.0
Scenario1,0,RE1,,PWRNGS001,,2032,,,,,,,,,,,,,,,,,0.0
Scenario1,0,RE1,,PWRNGS001,,2033,,,,,,,,,,,,,,,,,0.0
Scenario1,0,RE1,,PWRNGS001,,2034,,,,,,,,,,,,,,,,,0.0
Scenario1,0,RE1,,PWRNGS001,,2035,,,,,,,,,,,,,,,,,0.0
Scenario1,0,RE1,,PWRNGS001,,2036,,,,,,,,,,,,,,,,,0.0
Scenario1,0,RE1,,PWRNGS001,,2037,,,,,,,,,,,,,,,,,0.0
Scenario1,0,RE1,,PWRNGS001,,2038,,,,,,,,,,,,,,,,,0.0
Scenario1,0,RE1,,PWRNGS001,,2039,,,,,,,,,,,,,,,,,0.0
Scenario1,0,RE1,,PWRNGS001,,2040,,,,,,,,,,,,,,,,,0.0
Scenario1,0,RE1,,PWRNGS001,,2041,,,,,,,,,,,,,,,,,0.0
Scenario1,0,RE1,,PWRNGS001,,2042,,,,,,,,,,,,,,,,,0.0
Scenario1,0,RE1,,PWRNGS001,,2043,,,,,,,,,,,,,,,,,0.0
Scenario1,0,RE1,,PWRNGS001,,2044,,,,,,,,,,,,,,,,,0.0
Scenario1,0,RE1,,PWRNGS001,,2045,,,,,,,,,,,,,,,,,0.0
Scenario1,0,RE1,,PWRNGS001,,2046,,,,,,,,,,,,,,,,,0.0
Scenario1,0,RE1,,PWRNGS001,,2047,,,,,,,,,,,,,,,,,0.0
Scenario1,0,RE1,,PWRNGS001,,2048,,,,,,,,,,,,,,,,,0.0
Scenario1,0,RE1,,PWRNGS001,,2049,,,,,,,,,,,,,,,,,0.0
Scenario1,0,RE1,,PWRNGS001,,2050,,,,,,,,,,,,,,,,,0.0
Scenario1,0,RE1,,PWRPHS001,,2019,,,,,,,,,,,,,,,,,0.0
Scenario1,0,RE1,,PWRPHS001,,2020,,,,,,,,,,,,,,,,,0.0
Scenario1,0,RE1,,PWRPHS001,,2021,,,,,,,,,,,,,,,,,0.0
Scenario1,0,RE1,,PWRPHS001,,2022,,,,,,,,,,,,,,,,,0.0
Scenario1,0,RE1,,PWRPHS001,,2023,,,,,,,,,,,,,,,,,0.0
Scenario1,0,RE1,,PWRPHS001,,2024,,,,,,,,,,,,,,,,,0.0
Scenario1,0,RE1,,PWRPHS001,,2025,,,,,,,,,,,,,,,,,0.0
Scenario1,0,RE1,,PWRPHS001,,2026,,,,,,,,,,,,,,,,,0.0
Scenario1,0,RE1,,PWRPHS001,,2027,,,,,,,,,,,,,,,,,0.0
Scenario1,0,RE1,,PWRPHS001,,2028,,,,,,,,,,,,,,,,,0.0
Scenario1,0,RE1,,PWRPHS001,,2029,,,,,,,,,,,,,,,,,0.0
Scenario1,0,RE1,,PWRPHS001,,2030,,,,,,,,,,,,,,,,,0.0
Scenario1,0,RE1,,PWRPHS001,,2031,,,,,,,,,,,,,,,,,0.0
Scenario1,0,RE1,,PWRPHS001,,2032,,,,,,,,,,,,,,,,,0.0
Scenario1,0,RE1,,PWRPHS001,,2033,,,,,,,,,,,,,,,,,0.0
Scenario1,0,RE1,,PWRPHS001,,2034,,,,,,,,,,,,,,,,,4.457999999999999
Scenario1,0,RE1,,PWRPHS001,,2035,,,,,,,,,,,,,,,,,4.457999999999999
Scenario1,0,RE1,,PWRPHS001,,2036,,,,,,,,,,,,,,,,,4.457999999999999
Scenario1,0,RE1,,PWRPHS001,,2037,,,,,,,,,,,,,,,,,4.457999999999999
Scenario1,0,RE1,,PWRPHS001,,2038,,,,,,,,,,,,,,,,,4.457999999999999
Scenario1,0,RE1,,PWRPHS001,,2039,,,,,,,,,,,,,,,,,4.457999999999999
Scenario1,0,RE1,,PWRPHS001,,2040,,,,,,,,,,,,,,,,,4.457999999999999
Scenario1,0,RE1,,PWRPHS001,,2041,,,,,,,,,,,,,,,,,4.457999999999999
Scenario1,0,RE1,,PWRPHS001,,2042,,,,,,,,,,,,,,,,,4.457999999999999
Scenario1,0,RE1,,PWRPHS001,,2043,,,,,,,,,,,,,,,,,4.457999999999999
Scenario1,0,RE1,,PWRPHS001,,2044,,,,,,,,,,,,,,,,,4.457999999999999
Scenario1,0,RE1,,PWRPHS001,,2045,,,,,,,,,,,,,,,,,4.457999999999999
Scenario1,0,RE1,,PWRPHS001,,2046,,,,,,,,,,,,,,,,,4.457999999999999
Scenario1,0,RE1,,PWRPHS001,,2047,,,,,,,,,,,,,,,,,4.457999999999999
Scenario1,0,RE1,,PWRPHS001,,2048,,,,,,,,,,,,,,,,,4.457999999999999
Scenario1,0,RE1,,PWRPHS001,,2049,,,,,,,,,,,,,,,,,4.457999999999999
Scenario1,0,RE1,,PWRPHS001,,2050,,,,,,,,,,,,,,,,,4.457999999999999
Scenario1,0,RE1,,PWRPHS002,,2019,,,,,,,,,,,,,,,,,0.0
Scenario1,0,RE1,,PWRPHS002,,2020,,,,,,,,,,,,,,,,,0.0
Scenario1,0,RE1,,PWRPHS002,,2021,,,,,,,,,,,,,,,,,0.0
Scenario1,0,RE1,,PWRPHS002,,2022,,,,,,,,,,,,,,,,,0.0
Scenario1,0,RE1,,PWRPHS002,,2023,,,,,,,,,,,,,,,,,0.0
Scenario1,0,RE1,,PWRPHS002,,2024,,,,,,,,,,,,,,,,,0.0
Scenario1,0,RE1,,PWRPHS002,,2025,,,,,,,,,,,,,,,,,0.0
Scenario1,0,RE1,,PWRPHS002,,2026,,,,,,,,,,,,,,,,,0.0
Scenario1,0,RE1,,PWRPHS002,,2027,,,,,,,,,,,,,,,,,0.0
Scenario1,0,RE1,,PWRPHS002,,2028,,,,,,,,,,,,,,,,,0.0
Scenario1,0,RE1,,PWRPHS002,,2029,,,,,,,,,,,,,,,,,0.0
Scenario1,0,RE1,,PWRPHS002,,2030,,,,,,,,,,,,,,,,,0.0
Scenario1,0,RE1,,PWRPHS002,,2031,,,,,,,,,,,,,,,,,0.0
Scenario1,0,RE1,,PWRPHS002,,2032,,,,,,,,,,,,,,,,,0.0
Scenario1,0,RE1,,PWRPHS002,,2033,,,,,,,,,,,,,,,,,0.0
Scenario1,0,RE1,,PWRPHS002,,2034,,,,,,,,,,,,,,,,,4.457999999999999
Scenario1,0,RE1,,PWRPHS002,,2035,,,,,,,,,,,,,,,,,4.457999999999999
Scenario1,0,RE1,,PWRPHS002,,2036,,,,,,,,,,,,,,,,,4.457999999999999
Scenario1,0,RE1,,PWRPHS002,,2037,,,,,,,,,,,,,,,,,4.457999999999999
Scenario1,0,RE1,,PWRPHS002,,2038,,,,,,,,,,,,,,,,,4.457999999999999
Scenario1,0,RE1,,PWRPHS002,,2039,,,,,,,,,,,,,,,,,4.457999999999999
Scenario1,0,RE1,,PWRPHS002,,2040,,,,,,,,,,,,,,,,,4.457999999999999
Scenario1,0,RE1,,PWRPHS002,,2041,,,,,,,,,,,,,,,,,4.457999999999999
Scenario1,0,RE1,,PWRPHS002,,2042,,,,,,,,,,,,,,,,,4.457999999999999
Scenario1,0,RE1,,PWRPHS002,,2043,,,,,,,,,,,,,,,,,4.457999999999999
Scenario1,0,RE1,,PWRPHS002,,2044,,,,,,,,,,,,,,,,,4.457999999999999
Scenario1,0,RE1,,PWRPHS002,,2045,,,,,,,,,,,,,,,,,4.457999999999999
Scenario1,0,RE1,,PWRPHS002,,2046,,,,,,,,,,,,,,,,,4.457999999999999
Scenario1,0,RE1,,PWRPHS002,,2047,,,,,,,,,,,,,,,,,4.457999999999999
Scenario1,0,RE1,,PWRPHS002,,2048,,,,,,,,,,,,,,,,,4.457999999999999
Scenario1,0,RE1,,PWRPHS002,,2049,,,,,,,,,,,,,,,,,4.457999999999999
Scenario1,0,RE1,,PWRPHS002,,2050,,,,,,,,,,,,,,,,,4.457999999999999
Scenario1,0,RE1,,PWRSOL001,,2019,,,,,,,,,,,,,,,,,1.3266
Scenario1,0,RE1,,PWRSOL001,,2020,,,,,,,,,,,,,,,,,1.291425
Scenario1,0,RE1,,PWRSOL001,,2021,,,,,,,,,,,,,,,,,2.0024
Scenario1,0,RE1,,PWRSOL001,,2022,,,,,,,,,,,,,,,,,2.9244000000000003
Scenario1,0,RE1,,PWRSOL001,,2023,,,,,,,,,,,,,,,,,3.832395
Scenario1,0,RE1,,PWRSOL001,,2024,,,,,,,,,,,,,,,,,4.65465
Scenario1,0,RE1,,PWRSOL001,,2025,,,,,,,,,,,,,,,,,4.531734999999999
Scenario1,0,RE1,,PWRSOL001,,2026,,,,,,,,,,,,,,,,,5.28885
Scenario1,0,RE1,,PWRSOL001,,2027,,,,,,,,,,,,,,,,,5.14878
Scenario1,0,RE1,,PWRSOL001,,2028,,,,,,,,,,,,,,,,,5.01354
Scenario1,0,RE1,,PWRSOL001,,2029,,,,,,,,,,,,,,,,,4.88313
Scenario1,0,RE1,,PWRSOL001,,2030,,,,,,,,,,,,,,,,,4.75272
Scenario1,0,RE1,,PWRSOL001,,2031,,,,,,,,,,,,,,,,,4.629555000000001
Scenario1,0,RE1,,PWRSOL001,,2032,,,,,,,,,,,,,,,,,4.50639
Scenario1,0,RE1,,PWRSOL001,,2033,,,,,,,,,,,,,,,,,4.3880550000000005
Scenario1,0,RE1,,PWRSOL001,,2034,,,,,,,,,,,,,,,,,4.2721350000000005
Scenario1,0,RE1,,PWRSOL001,,2035,,,,,,,,,,,,,,,,,4.1586300000000005
Scenario1,0,RE1,,PWRSOL001,,2036,,,,,,,,,,,,,,,,,4.049954999999999
Scenario1,0,RE1,,PWRSOL001,,2037,,,,,,,,,,,,,,,,,3.943695
Scenario1,0,RE1,,PWRSOL001,,2038,,,,,,,,,,,,,,,,,3.83985
Scenario1,0,RE1,,PWRSOL001,,2039,,,,,,,,,,,,,,,,,3.73842
Scenario1,0,RE1,,PWRSOL001,,2040,,,,,,,,,,,,,,,,,3.639405
Scenario1,0,RE1,,PWRSOL001,,2041,,,,,,,,,,,,,,,,,3.639405
Scenario1,0,RE1,,PWRSOL001,,2042,,,,,,,,,,,,,,,,,3.639405
Scenario1,0,RE1,,PWRSOL001,,2043,,,,,,,,,,,,,,,,,3.639405
Scenario1,0,RE1,,PWRSOL001,,2044,,,,,,,,,,,,,,,,,3.639405
Scenario1,0,RE1,,PWRSOL001,,2045,,,,,,,,,,,,,,,,,3.639405
Scenario1,0,RE1,,PWRSOL001,,2046,,,,,,,,,,,,,,,,,3.1910725
Scenario1,0,RE1,,PWRSOL001,,2047,,,,,,,,,,,,,,,,,2.5882724999999995
Scenario1,0,RE1,,PWRSOL001,,2048,,,,,,,,,,,,,,,,,1.9628675
Scenario1,0,RE1,,PWRSOL001,,2049,,,,,,,,,,,,,,,,,1.3600674999999998
Scenario1,0,RE1,,PWRSOL001,,2050,,,,,,,,,,,,,,,,,1.3600674999999998
Scenario1,0,RE1,,PWRSOL002,,2019,,,,,,,,,,,,,,,,,0.0
Scenario1,0,RE1,,PWRSOL002,,2020,,,,,,,,,,,,,,,,,0.0
Scenario1,0,RE1,,PWRSOL002,,2021,,,,,,,,,,,,,,,,,0.0
Scenario1,0,RE1,,PWRSOL002,,2022,,,,,,,,,,,,,,,,,0.0
Scenario1,0,RE1,,PWRSOL002,,2023,,,,,,,,,,,,,,,,,0.0
Scenario1,0,RE1,,PWRSOL002,,2024,,,,,,,,,,,,,,,,,0.0
Scenario1,0,RE1,,PWRSOL002,,2025,,,,,,,,,,,,,,,,,0.0
Scenario1,0,RE1,,PWRSOL002,,2026,,,,,,,,,,,,,,,,,0.0
Scenario1,0,RE1,,PWRSOL002,,2027,,,,,,,,,,,,,,,,,0.0
Scenario1,0,RE1,,PWRSOL002,,2028,,,,,,,,,,,,,,,,,0.0
Scenario1,0,RE1,,PWRSOL002,,2029,,,,,,,,,,,,,,,,,0.0
Scenario1,0,RE1,,PWRSOL002,,2030,,,,,,,,,,,,,,,,,0.0
Scenario1,0,RE1,,PWRSOL002,,2031,,,,,,,,,,,,,,,,,0.0
Scenario1,0,RE1,,PWRSOL002,,2032,,,,,,,,,,,,,,,,,0.0
Scenario1,0,RE1,,PWRSOL002,,2033,,,,,,,,,,,,,,,,,0.0
Scenario1,0,RE1,,PWRSOL002,,2034,,,,,,,,,,,,,,,,,0.0
Scenario1,0,RE1,,PWRSOL002,,2035,,,,,,,,,,,,,,,,,0.0
Scenario1,0,RE1,,PWRSOL002,,2036,,,,,,,,,,,,,,,,,0.0
Scenario1,0,RE1,,PWRSOL002,,2037,,,,,,,,,,,,,,,,,0.0
Scenario1,0,RE1,,PWRSOL002,,2038,,,,,,,,,,,,,,,,,0.0
Scenario1,0,RE1,,PWRSOL002,,2039,,,,,,,,,,,,,,,,,0.0
Scenario1,0,RE1,,PWRSOL002,,2040,,,,,,,,,,,,,,,,,0.0
Scenario1,0,RE1,,PWRSOL002,,2041,,,,,,,,,,,,,,,,,0.0
Scenario1,0,RE1,,PWRSOL002,,2042,,,,,,,,,,,,,,,,,0.0
Scenario1,0,RE1,,PWRSOL002,,2043,,,,,,,,,,,,,,,,,0.0
Scenario1,0,RE1,,PWRSOL002,,2044,,,,,,,,,,,,,,,,,0.0
Scenario1,0,RE1,,PWRSOL002,,2045,,,,,,,,,,,,,,,,,0.0
Scenario1,0,RE1,,PWRSOL002,,2046,,,,,,,,,,,,,,,,,0.0
Scenario1,0,RE1,,PWRSOL002,,2047,,,,,,,,,,,,,,,,,0.0
Scenario1,0,RE1,,PWRSOL002,,2048,,,,,,,,,,,,,,,,,0.0
Scenario1,0,RE1,,PWRSOL002,,2049,,,,,,,,,,,,,,,,,0.0
Scenario1,0,RE1,,PWRSOL002,,2050,,,,,,,,,,,,,,,,,0.0
Scenario1,0,RE1,,PWRTRN,,2019,,,,,,,,,,,,,,,,,0.0
Scenario1,0,RE1,,PWRTRN,,2020,,,,,,,,,,,,,,,,,0.0
Scenario1,0,RE1,,PWRTRN,,2021,,,,,,,,,,,,,,,,,0.0
Scenario1,0,RE1,,PWRTRN,,2022,,,,,,,,,,,,,,,,,0.0
Scenario1,0,RE1,,PWRTRN,,2023,,,,,,,,,,,,,,,,,0.0
Scenario1,0,RE1,,PWRTRN,,2024,,,,,,,,,,,,,,,,,0.0
Scenario1,0,RE1,,PWRTRN,,2025,,,,,,,,,,,,,,,,,0.0
Scenario1,0,RE1,,PWRTRN,,2026,,,,,,,,,,,,,,,,,0.0
Scenario1,0,RE1,,PWRTRN,,2027,,,,,,,,,,,,,,,,,0.0
Scenario1,0,RE1,,PWRTRN,,2028,,,,,,,,,,,,,,,,,0.0
Scenario1,0,RE1,,PWRTRN,,2029,,,,,,,,,,,,,,,,,0.0
Scenario1,0,RE1,,PWRTRN,,2030,,,,,,,,,,,,,,,,,0.0
Scenario1,0,RE1,,PWRTRN,,2031,,,,,,,,,,,,,,,,,0.0
Scenario1,0,RE1,,PWRTRN,,2032,,,,,,,,,,,,,,,,,0.0
Scenario1,0,RE1,,PWRTRN,,2033,,,,,,,,,,,,,,,,,0.0
Scenario1,0,RE1,,PWRTRN,,2034,,,,,,,,,,,,,,,,,0.0
Scenario1,0,RE1,,PWRTRN,,2035,,,,,,,,,,,,,,,,,0.0
Scenario1,0,RE1,,PWRTRN,,2036,,,,,,,,,,,,,,,,,0.0
Scenario1,0,RE1,,PWRTRN,,2037,,,,,,,,,,,,,,,,,0.0
Scenario1,0,RE1,,PWRTRN,,2038,,,,,,,,,,,,,,,,,0.0
Scenario1,0,RE1,,PWRTRN,,2039,,,,,,,,,,,,,,,,,0.0
Scenario1,0,RE1,,PWRTRN,,2040,,,,,,,,,,,,,,,,,0.0
Scenario1,0,RE1,,PWRTRN,,2041,,,,,,,,,,,,,,,,,0.0
Scenario1,0,RE1,,PWRTRN,,2042,,,,,,,,,,,,,,,,,0.0
Scenario1,0,RE1,,PWRTRN,,2043,,,,,,,,,,,,,,,,,0.0
Scenario1,0,RE1,,PWRTRN,,2044,,,,,,,,,,,,,,,,,0.0
Scenario1,0,RE1,,PWRTRN,,2045,,,,,,,,,,,,,,,,,0.0
Scenario1,0,RE1,,PWRTRN,,2046,,,,,,,,,,,,,,,,,0.0
Scenario1,0,RE1,,PWRTRN,,2047,,,,,,,,,,,,,,,,,0.0
Scenario1,0,RE1,,PWRTRN,,2048,,,,,,,,,,,,,,,,,0.0
Scenario1,0,RE1,,PWRTRN,,2049,,,,,,,,,,,,,,,,,0.0
Scenario1,0,RE1,,PWRTRN,,2050,,,,,,,,,,,,,,,,,0.0
Scenario1,0,RE1,,PWRURN001,,2019,,,,,,,,,,,,,,,,,0.0
Scenario1,0,RE1,,PWRURN001,,2020,,,,,,,,,,,,,,,,,0.0
Scenario1,0,RE1,,PWRURN001,,2021,,,,,,,,,,,,,,,,,0.0
Scenario1,0,RE1,,PWRURN001,,2022,,,,,,,,,,,,,,,,,0.0
Scenario1,0,RE1,,PWRURN001,,2023,,,,,,,,,,,,,,,,,0.0
Scenario1,0,RE1,,PWRURN001,,2024,,,,,,,,,,,,,,,,,0.0
Scenario1,0,RE1,,PWRURN001,,2025,,,,,,,,,,,,,,,,,0.0
Scenario1,0,RE1,,PWRURN001,,2026,,,,,,,,,,,,,,,,,0.0
Scenario1,0,RE1,,PWRURN001,,2027,,,,,,,,,,,,,,,,,0.0
Scenario1,0,RE1,,PWRURN001,,2028,,,,,,,,,,,,,,,,,0.0
Scenario1,0,RE1,,PWRURN001,,2029,,,,,,,,,,,,,,,,,0.0
Scenario1,0,RE1,,PWRURN001,,2030,,,,,,,,,,,,,,,,,0.0
Scenario1,0,RE1,,PWRURN001,,2031,,,,,,,,,,,,,,,,,0.0
Scenario1,0,RE1,,PWRURN001,,2032,,,,,,,,,,,,,,,,,0.0
Scenario1,0,RE1,,PWRURN001,,2033,,,,,,,,,,,,,,,,,0.0
Scenario1,0,RE1,,PWRURN001,,2034,,,,,,,,,,,,,,,,,0.0
Scenario1,0,RE1,,PWRURN001,,2035,,,,,,,,,,,,,,,,,0.0
Scenario1,0,RE1,,PWRURN001,,2036,,,,,,,,,,,,,,,,,0.0
Scenario1,0,RE1,,PWRURN001,,2037,,,,,,,,,,,,,,,,,0.0
Scenario1,0,RE1,,PWRURN001,,2038,,,,,,,,,,,,,,,,,0.0
Scenario1,0,RE1,,PWRURN001,,2039,,,,,,,,,,,,,,,,,0.0
Scenario1,0,RE1,,PWRURN001,,2040,,,,,,,,,,,,,,,,,0.0
Scenario1,0,RE1,,PWRURN001,,2041,,,,,,,,,,,,,,,,,0.0
Scenario1,0,RE1,,PWRURN001,,2042,,,,,,,,,,,,,,,,,0.0
Scenario1,0,RE1,,PWRURN001,,2043,,,,,,,,,,,,,,,,,0.0
Scenario1,0,RE1,,PWRURN001,,2044,,,,,,,,,,,,,,,,,0.0
Scenario1,0,RE1,,PWRURN001,,2045,,,,,,,,,,,,,,,,,0.0
Scenario1,0,RE1,,PWRURN001,,2046,,,,,,,,,,,,,,,,,0.0
Scenario1,0,RE1,,PWRURN001,,2047,,,,,,,,,,,,,,,,,0.0
Scenario1,0,RE1,,PWRURN001,,2048,,,,,,,,,,,,,,,,,0.0
Scenario1,0,RE1,,PWRURN001,,2049,,,,,,,,,,,,,,,,,0.0
Scenario1,0,RE1,,PWRURN001,,2050,,,,,,,,,,,,,,,,,0.0
Scenario1,0,RE1,,PWRWND001,,2019,,,,,,,,,,,,,,,,,0.0
Scenario1,0,RE1,,PWRWND001,,2020,,,,,,,,,,,,,,,,,0.0
Scenario1,0,RE1,,PWRWND001,,2021,,,,,,,,,,,,,,,,,0.0
Scenario1,0,RE1,,PWRWND001,,2022,,,,,,,,,,,,,,,,,0.0
Scenario1,0,RE1,,PWRWND001,,2023,,,,,,,,,,,,,,,,,0.0
Scenario1,0,RE1,,PWRWND001,,2024,,,,,,,,,,,,,,,,,0.0
Scenario1,0,RE1,,PWRWND001,,2025,,,,,,,,,,,,,,,,,0.0
Scenario1,0,RE1,,PWRWND001,,2026,,,,,,,,,,,,,,,,,0.0
Scenario1,0,RE1,,PWRWND001,,2027,,,,,,,,,,,,,,,,,0.0
Scenario1,0,RE1,,PWRWND001,,2028,,,,,,,,,,,,,,,,,0.0
Scenario1,0,RE1,,PWRWND001,,2029,,,,,,,,,,,,,,,,,0.0
Scenario1,0,RE1,,PWRWND001,,2030,,,,,,,,,,,,,,,,,0.0
Scenario1,0,RE1,,PWRWND001,,2031,,,,,,,,,,,,,,,,,0.0
Scenario1,0,RE1,,PWRWND001,,2032,,,,,,,,,,,,,,,,,0.0
Scenario1,0,RE1,,PWRWND001,,2033,,,,,,,,,,,,,,,,,0.0
Scenario1,0,RE1,,PWRWND001,,2034,,,,,,,,,,,,,,,,,0.0
Scenario1,0,RE1,,PWRWND001,,2035,,,,,,,,,,,,,,,,,0.0
Scenario1,0,RE1,,PWRWND001,,2036,,,,,,,,,,,,,,,,,0.0
Scenario1,0,RE1,,PWRWND001,,2037,,,,,,,,,,,,,,,,,0.0
Scenario1,0,RE1,,PWRWND001,,2038,,,,,,,,,,,,,,,,,0.0
Scenario1,0,RE1,,PWRWND001,,2039,,,,,,,,,,,,,,,,,0.0
Scenario1,0,RE1,,PWRWND001,,2040,,,,,,,,,,,,,,,,,0.0
Scenario1,0,RE1,,PWRWND001,,2041,,,,,,,,,,,,,,,,,0.0
Scenario1,0,RE1,,PWRWND001,,2042,,,,,,,,,,,,,,,,,0.0
Scenario1,0,RE1,,PWRWND001,,2043,,,,,,,,,,,,,,,,,0.0
Scenario1,0,RE1,,PWRWND001,,2044,,,,,,,,,,,,,,,,,0.0
Scenario1,0,RE1,,PWRWND001,,2045,,,,,,,,,,,,,,,,,0.0
Scenario1,0,RE1,,PWRWND001,,2046,,,,,,,,,,,,,,,,,0.0
Scenario1,0,RE1,,PWRWND001,,2047,,,,,,,,,,,,,,,,,0.0
Scenario1,0,RE1,,PWRWND001,,2048,,,,,,,,,,,,,,,,,0.0
Scenario1,0,RE1,,PWRWND001,,2049,,,,,,,,,,,,,,,,,0.0
Scenario1,0,RE1,,PWRWND001,,2050,,,,,,,,,,,,,,,,,0.0
Scenario1,0,RE1,,PWRWND002,,2019,,,,,,,,,,,,,,,,,0.0
Scenario1,0,RE1,,PWRWND002,,2020,,,,,,,,,,,,,,,,,0.0
Scenario1,0,RE1,,PWRWND002,,2021,,,,,,,,,,,,,,,,,0.0
Scenario1,0,RE1,,PWRWND002,,2022,,,,,,,,,,,,,,,,,0.0
Scenario1,0,RE1,,PWRWND002,,2023,,,,,,,,,,,,,,,,,0.0
Scenario1,0,RE1,,PWRWND002,,2024,,,,,,,,,,,,,,,,,0.0
Scenario1,0,RE1,,PWRWND002,,2025,,,,,,,,,,,,,,,,,17.607283196261665
Scenario1,0,RE1,,PWRWND002,,2026,,,,,,,,,,,,,,,,,17.548269644859797
Scenario1,0,RE1,,PWRWND002,,2027,,,,,,,,,,,,,,,,,17.491616635514
Scenario1,0,RE1,,PWRWND002,,2028,,,,,,,,,,,,,,,,,17.43260308411213
Scenario1,0,RE1,,PWRWND002,,2029,,,,,,,,,,,,,,,,,17.373589532710263
Scenario1,0,RE1,,PWRWND002,,2030,,,,,,,,,,,,,,,,,17.31693652336447
Scenario1,0,RE1,,PWRWND002,,2031,,,,,,,,,,,,,,,,,17.2579229719626
Scenario1,0,RE1,,PWRWND002,,2032,,,,,,,,,,,,,,,,,17.201269962616806
Scenario1,0,RE1,,PWRWND002,,2033,,,,,,,,,,,,,,,,,17.144616953271008
Scenario1,0,RE1,,PWRWND002,,2034,,,,,,,,,,,,,,,,,17.08560340186914
Scenario1,0,RE1,,PWRWND002,,2035,,,,,,,,,,,,,,,,,17.028950392523345
Scenario1,0,RE1,,PWRWND002,,2036,,,,,,,,,,,,,,,,,16.972297383177555
Scenario1,0,RE1,,PWRWND002,,2037,,,,,,,,,,,,,,,,,16.915644373831757
Scenario1,0,RE1,,PWRWND002,,2038,,,,,,,,,,,,,,,,,16.858991364485963
Scenario1,0,RE1,,PWRWND002,,2039,,,,,,,,,,,,,,,,,16.804698897196243
Scenario1,0,RE1,,PWRWND002,,2040,,,,,,,,,,,,,,,,,16.748045887850452
Scenario1,0,RE1,,PWRWND002,,2041,,,,,,,,,,,,,,,,,16.748045887850452
Scenario1,0,RE1,,PWRWND002,,2042,,,,,,,,,,,,,,,,,16.748045887850452
Scenario1,0,RE1,,PWRWND002,,2043,,,,,,,,,,,,,,,,,16.748045887850452
Scenario1,0,RE1,,PWRWND002,,2044,,,,,,,,,,,,,,,,,16.748045887850452
Scenario1,0,RE1,,PWRWND002,,2045,,,,,,,,,,,,,,,,,10.717673384341705
Scenario1,0,RE1,,PWRWND002,,2046,,,,,,,,,,,,,,,,,10.717673384341705
Scenario1,0,RE1,,PWRWND002,,2047,,,,,,,,,,,,,,,,,10.717673384341705
Scenario1,0,RE1,,PWRWND002,,2048,,,,,,,,,,,,,,,,,10.717673384341705
Scenario1,0,RE1,,PWRWND002,,2049,,,,,,,,,,,,,,,,,10.717673384341705
Scenario1,0,RE1,,PWRWND002,,2050,,,,,,,,,,,,,,,,,10.717673384341705
Scenario1,0,RE1,,PWRWND003,,2019,,,,,,,,,,,,,,,,,0.0
Scenario1,0,RE1,,PWRWND003,,2020,,,,,,,,,,,,,,,,,0.0
Scenario1,0,RE1,,PWRWND003,,2021,,,,,,,,,,,,,,,,,0.0
Scenario1,0,RE1,,PWRWND003,,2022,,,,,,,,,,,,,,,,,0.0
Scenario1,0,RE1,,PWRWND003,,2023,,,,,,,,,,,,,,,,,0.0
Scenario1,0,RE1,,PWRWND003,,2024,,,,,,,,,,,,,,,,,0.0
Scenario1,0,RE1,,PWRWND003,,2025,,,,,,,,,,,,,,,,,17.607283196261665
Scenario1,0,RE1,,PWRWND003,,2026,,,,,,,,,,,,,,,,,17.548269644859797
Scenario1,0,RE1,,PWRWND003,,2027,,,,,,,,,,,,,,,,,17.491616635514
Scenario1,0,RE1,,PWRWND003,,2028,,,,,,,,,,,,,,,,,17.43260308411213
Scenario1,0,RE1,,PWRWND003,,2029,,,,,,,,,,,,,,,,,17.373589532710263
Scenario1,0,RE1,,PWRWND003,,2030,,,,,,,,,,,,,,,,,17.31693652336447
Scenario1,0,RE1,,PWRWND003,,2031,,,,,,,,,,,,,,,,,17.2579229719626
Scenario1,0,RE1,,PWRWND003,,2032,,,,,,,,,,,,,,,,,17.201269962616806
Scenario1,0,RE1,,PWRWND003,,2033,,,,,,,,,,,,,,,,,17.144616953271008
Scenario1,0,RE1,,PWRWND003,,2034,,,,,,,,,,,,,,,,,17.08560340186914
Scenario1,0,RE1,,PWRWND003,,2035,,,,,,,,,,,,,,,,,17.028950392523345
Scenario1,0,RE1,,PWRWND003,,2036,,,,,,,,,,,,,,,,,16.972297383177555
Scenario1,0,RE1,,PWRWND003,,2037,,,,,,,,,,,,,,,,,16.915644373831757
Scenario1,0,RE1,,PWRWND003,,2038,,,,,,,,,,,,,,,,,22.39191883047394
Scenario1,0,RE1,,PWRWND003,,2039,,,,,,,,,,,,,,,,,29.818740839077066
Scenario1,0,RE1,,PWRWND003,,2040,,,,,,,,,,,,,,,,,29.718214110584604
Scenario1,0,RE1,,PWRWND003,,2041,,,,,,,,,,,,,,,,,41.08586114285714
Scenario1,0,RE1,,PWRWND003,,2042,,,,,,,,,,,,,,,,,43.195839526066365
Scenario1,0,RE1,,PWRWND003,,2043,,,,,,,,,,,,,,,,,45.65188642180095
Scenario1,0,RE1,,PWRWND003,,2044,,,,,,,,,,,,,,,,,48.2475131516588
Scenario1,0,RE1,,PWRWND003,,2045,,,,,,,,,,,,,,,,,50.99075623222747
Scenario1,0,RE1,,PWRWND003,,2046,,,,,,,,,,,,,,,,,53.88995481042655
Scenario1,0,RE1,,PWRWND003,,2047,,,,,,,,,,,,,,,,,56.954019668246445
Scenario1,0,RE1,,PWRWND003,,2048,,,,,,,,,,,,,,,,,60.19229872037914
Scenario1,0,RE1,,PWRWND003,,2049,,,,,,,,,,,,,,,,,63.61471151658769
Scenario1,0,RE1,,PWRWND003,,2050,,,,,,,,,,,,,,,,,67.23168199052137
Scenario1,0,RE1,,PWRWND004,,2019,,,,,,,,,,,,,,,,,0.0
Scenario1,0,RE1,,PWRWND004,,2020,,,,,,,,,,,,,,,,,0.0
Scenario1,0,RE1,,PWRWND004,,2021,,,,,,,,,,,,,,,,,0.0
Scenario1,0,RE1,,PWRWND004,,2022,,,,,,,,,,,,,,,,,0.0
Scenario1,0,RE1,,PWRWND004,,2023,,,,,,,,,,,,,,,,,0.0
Scenario1,0,RE1,,PWRWND004,,2024,,,,,,,,,,,,,,,,,0.0
Scenario1,0,RE1,,PWRWND004,,2025,,,,,,,,,,,,,,,,,17.607283196261665
Scenario1,0,RE1,,PWRWND004,,2026,,,,,,,,,,,,,,,,,17.548269644859797
Scenario1,0,RE1,,PWRWND004,,2027,,,,,,,,,,,,,,,,,17.491616635514
Scenario1,0,RE1,,PWRWND004,,2028,,,,,,,,,,,,,,,,,17.43260308411213
Scenario1,0,RE1,,PWRWND004,,2029,,,,,,,,,,,,,,,,,17.373589532710263
Scenario1,0,RE1,,PWRWND004,,2030,,,,,,,,,,,,,,,,,17.31693652336447
Scenario1,0,RE1,,PWRWND004,,2031,,,,,,,,,,,,,,,,,17.2579229719626
Scenario1,0,RE1,,PWRWND004,,2032,,,,,,,,,,,,,,,,,17.201269962616806
Scenario1,0,RE1,,PWRWND004,,2033,,,,,,,,,,,,,,,,,17.144616953271008
Scenario1,0,RE1,,PWRWND004,,2034,,,,,,,,,,,,,,,,,28.187161905660385
Scenario1,0,RE1,,PWRWND004,,2035,,,,,,,,,,,,,,,,,29.68006338679247
Scenario1,0,RE1,,PWRWND004,,2036,,,,,,,,,,,,,,,,,29.58132183962266
Scenario1,0,RE1,,PWRWND004,,2037,,,,,,,,,,,,,,,,,33.0445316492891
Scenario1,0,RE1,,PWRWND004,,2038,,,,,,,,,,,,,,,,,34.8164037914692
Scenario1,0,RE1,,PWRWND004,,2039,,,,,,,,,,,,,,,,,36.69453123696687
Scenario1,0,RE1,,PWRWND004,,2040,,,,,,,,,,,,,,,,,38.673096469194334
Scenario1,0,RE1,,PWRWND004,,2041,,,,,,,,,,,,,,,,,41.08586114285714
Scenario1,0,RE1,,PWRWND004,,2042,,,,,,,,,,,,,,,,,43.195839526066365
Scenario1,0,RE1,,PWRWND004,,2043,,,,,,,,,,,,,,,,,45.65188642180096
Scenario1,0,RE1,,PWRWND004,,2044,,,,,,,,,,,,,,,,,48.2475131516588
Scenario1,0,RE1,,PWRWND004,,2045,,,,,,,,,,,,,,,,,50.99075623222747
Scenario1,0,RE1,,PWRWND004,,2046,,,,,,,,,,,,,,,,,53.88995481042655
Scenario1,0,RE1,,PWRWND004,,2047,,,,,,,,,,,,,,,,,56.95401966824645
Scenario1,0,RE1,,PWRWND004,,2048,,,,,,,,,,,,,,,,,60.19229872037915
Scenario1,0,RE1,,PWRWND004,,2049,,,,,,,,,,,,,,,,,63.6147115165877
Scenario1,0,RE1,,PWRWND004,,2050,,,,,,,,,,,,,,,,,67.23168199052138
Scenario1,0,RE1,,PWRWND005,,2019,,,,,,,,,,,,,,,,,0.0
Scenario1,0,RE1,,PWRWND005,,2020,,,,,,,,,,,,,,,,,0.0
Scenario1,0,RE1,,PWRWND005,,2021,,,,,,,,,,,,,,,,,0.0
Scenario1,0,RE1,,PWRWND005,,2022,,,,,,,,,,,,,,,,,0.0
Scenario1,0,RE1,,PWRWND005,,2023,,,,,,,,,,,,,,,,,0.0
Scenario1,0,RE1,,PWRWND005,,2024,,,,,,,,,,,,,,,,,0.0
Scenario1,0,RE1,,PWRWND005,,2025,,,,,,,,,,,,,,,,,17.607283196261665
Scenario1,0,RE1,,PWRWND005,,2026,,,,,,,,,,,,,,,,,17.548269644859797
Scenario1,0,RE1,,PWRWND005,,2027,,,,,,,,,,,,,,,,,17.491616635514
Scenario1,0,RE1,,PWRWND005,,2028,,,,,,,,,,,,,,,,,17.43260308411213
Scenario1,0,RE1,,PWRWND005,,2029,,,,,,,,,,,,,,,,,17.373589532710263
Scenario1,0,RE1,,PWRWND005,,2030,,,,,,,,,,,,,,,,,17.31693652336447
Scenario1,0,RE1,,PWRWND005,,2031,,,,,,,,,,,,,,,,,17.2579229719626
Scenario1,0,RE1,,PWRWND005,,2032,,,,,,,,,,,,,,,,,17.201269962616806
Scenario1,0,RE1,,PWRWND005,,2033,,,,,,,,,,,,,,,,,17.144616953271008
Scenario1,0,RE1,,PWRWND005,,2034,,,,,,,,,,,,,,,,,17.08560340186914
Scenario1,0,RE1,,PWRWND005,,2035,,,,,,,,,,,,,,,,,17.028950392523345
Scenario1,0,RE1,,PWRWND005,,2036,,,,,,,,,,,,,,,,,16.972297383177555
Scenario1,0,RE1,,PWRWND005,,2037,,,,,,,,,,,,,,,,,16.915644373831757
Scenario1,0,RE1,,PWRWND005,,2038,,,,,,,,,,,,,,,,,16.858991364485963
Scenario1,0,RE1,,PWRWND005,,2039,,,,,,,,,,,,,,,,,16.804698897196243
Scenario1,0,RE1,,PWRWND005,,2040,,,,,,,,,,,,,,,,,16.748045887850452
Scenario1,0,RE1,,PWRWND005,,2041,,,,,,,,,,,,,,,,,16.748045887850452
Scenario1,0,RE1,,PWRWND005,,2042,,,,,,,,,,,,,,,,,16.748045887850452
Scenario1,0,RE1,,PWRWND005,,2043,,,,,,,,,,,,,,,,,16.748045887850452
Scenario1,0,RE1,,PWRWND005,,2044,,,,,,,,,,,,,,,,,16.748045887850452
Scenario1,0,RE1,,PWRWND005,,2045,,,,,,,,,,,,,,,,,0.0
Scenario1,0,RE1,,PWRWND005,,2046,,,,,,,,,,,,,,,,,0.0
Scenario1,0,RE1,,PWRWND005,,2047,,,,,,,,,,,,,,,,,0.0
Scenario1,0,RE1,,PWRWND005,,2048,,,,,,,,,,,,,,,,,0.0
Scenario1,0,RE1,,PWRWND005,,2049,,,,,,,,,,,,,,,,,0.0
Scenario1,0,RE1,,PWRWND005,,2050,,,,,,,,,,,,,,,,,0.0
Scenario1,0,RE1,,PWRWND006,,2019,,,,,,,,,,,,,,,,,0.0
Scenario1,0,RE1,,PWRWND006,,2020,,,,,,,,,,,,,,,,,0.0
Scenario1,0,RE1,,PWRWND006,,2021,,,,,,,,,,,,,,,,,0.0
Scenario1,0,RE1,,PWRWND006,,2022,,,,,,,,,,,,,,,,,0.0
Scenario1,0,RE1,,PWRWND006,,2023,,,,,,,,,,,,,,,,,0.0
Scenario1,0,RE1,,PWRWND006,,2024,,,,,,,,,,,,,,,,,0.0
Scenario1,0,RE1,,PWRWND006,,2025,,,,,,,,,,,,,,,,,17.607283196261665
Scenario1,0,RE1,,PWRWND006,,2026,,,,,,,,,,,,,,,,,17.548269644859797
Scenario1,0,RE1,,PWRWND006,,2027,,,,,,,,,,,,,,,,,17.491616635514
Scenario1,0,RE1,,PWRWND006,,2028,,,,,,,,,,,,,,,,,17.43260308411213
Scenario1,0,RE1,,PWRWND006,,2029,,,,,,,,,,,,,,,,,17.373589532710263
Scenario1,0,RE1,,PWRWND006,,2030,,,,,,,,,,,,,,,,,17.31693652336447
Scenario1,0,RE1,,PWRWND006,,2031,,,,,,,,,,,,,,,,,17.2579229719626
Scenario1,0,RE1,,PWRWND006,,2032,,,,,,,,,,,,,,,,,17.201269962616806
Scenario1,0,RE1,,PWRWND006,,2033,,,,,,,,,,,,,,,,,17.144616953271008
Scenario1,0,RE1,,PWRWND006,,2034,,,,,,,,,,,,,,,,,17.08560340186914
Scenario1,0,RE1,,PWRWND006,,2035,,,,,,,,,,,,,,,,,17.028950392523345
Scenario1,0,RE1,,PWRWND006,,2036,,,,,,,,,,,,,,,,,16.972297383177555
Scenario1,0,RE1,,PWRWND006,,2037,,,,,,,,,,,,,,,,,16.915644373831757
Scenario1,0,RE1,,PWRWND006,,2038,,,,,,,,,,,,,,,,,16.858991364485963
Scenario1,0,RE1,,PWRWND006,,2039,,,,,,,,,,,,,,,,,16.804698897196243
Scenario1,0,RE1,,PWRWND006,,2040,,,,,,,,,,,,,,,,,16.748045887850452
Scenario1,0,RE1,,PWRWND006,,2041,,,,,,,,,,,,,,,,,27.998573421125013
Scenario1,0,RE1,,PWRWND006,,2042,,,,,,,,,,,,,,,,,27.998573421125013
Scenario1,0,RE1,,PWRWND006,,2043,,,,,,,,,,,,,,,,,27.998573421125013
Scenario1,0,RE1,,PWRWND006,,2044,,,,,,,,,,,,,,,,,27.998573421125013
Scenario1,0,RE1,,PWRWND006,,2045,,,,,,,,,,,,,,,,,50.99075623222747
Scenario1,0,RE1,,PWRWND006,,2046,,,,,,,,,,,,,,,,,53.88995481042655
Scenario1,0,RE1,,PWRWND006,,2047,,,,,,,,,,,,,,,,,56.95401966824646
Scenario1,0,RE1,,PWRWND006,,2048,,,,,,,,,,,,,,,,,60.19229872037916
Scenario1,0,RE1,,PWRWND006,,2049,,,,,,,,,,,,,,,,,63.6147115165877
Scenario1,0,RE1,,PWRWND006,,2050,,,,,,,,,,,,,,,,,67.23168199052138
Scenario1,0,RE1,,PWRWND007,,2019,,,,,,,,,,,,,,,,,0.0
Scenario1,0,RE1,,PWRWND007,,2020,,,,,,,,,,,,,,,,,0.0
Scenario1,0,RE1,,PWRWND007,,2021,,,,,,,,,,,,,,,,,0.0
Scenario1,0,RE1,,PWRWND007,,2022,,,,,,,,,,,,,,,,,0.0
Scenario1,0,RE1,,PWRWND007,,2023,,,,,,,,,,,,,,,,,0.0
Scenario1,0,RE1,,PWRWND007,,2024,,,,,,,,,,,,,,,,,0.0
Scenario1,0,RE1,,PWRWND007,,2025,,,,,,,,,,,,,,,,,17.607283196261665
Scenario1,0,RE1,,PWRWND007,,2026,,,,,,,,,,,,,,,,,17.548269644859797
Scenario1,0,RE1,,PWRWND007,,2027,,,,,,,,,,,,,,,,,17.491616635514
Scenario1,0,RE1,,PWRWND007,,2028,,,,,,,,,,,,,,,,,17.43260308411213
Scenario1,0,RE1,,PWRWND007,,2029,,,,,,,,,,,,,,,,,17.373589532710263
Scenario1,0,RE1,,PWRWND007,,2030,,,,,,,,,,,,,,,,,17.31693652336447
Scenario1,0,RE1,,PWRWND007,,2031,,,,,,,,,,,,,,,,,17.2579229719626
Scenario1,0,RE1,,PWRWND007,,2032,,,,,,,,,,,,,,,,,17.201269962616806
Scenario1,0,RE1,,PWRWND007,,2033,,,,,,,,,,,,,,,,,17.144616953271008
Scenario1,0,RE1,,PWRWND007,,2034,,,,,,,,,,,,,,,,,17.08560340186914
Scenario1,0,RE1,,PWRWND007,,2035,,,,,,,,,,,,,,,,,17.028950392523345
Scenario1,0,RE1,,PWRWND007,,2036,,,,,,,,,,,,,,,,,16.972297383177555
Scenario1,0,RE1,,PWRWND007,,2037,,,,,,,,,,,,,,,,,16.915644373831757
Scenario1,0,RE1,,PWRWND007,,2038,,,,,,,,,,,,,,,,,16.858991364485963
Scenario1,0,RE1,,PWRWND007,,2039,,,,,,,,,,,,,,,,,16.804698897196243
Scenario1,0,RE1,,PWRWND007,,2040,,,,,,,,,,,,,,,,,16.748045887850452
Scenario1,0,RE1,,PWRWND007,,2041,,,,,,,,,,,,,,,,,16.748045887850452
Scenario1,0,RE1,,PWRWND007,,2042,,,,,,,,,,,,,,,,,16.748045887850452
Scenario1,0,RE1,,PWRWND007,,2043,,,,,,,,,,,,,,,,,16.748045887850452
Scenario1,0,RE1,,PWRWND007,,2044,,,,,,,,,,,,,,,,,16.748045887850452
Scenario1,0,RE1,,PWRWND007,,2045,,,,,,,,,,,,,,,,,0.0
Scenario1,0,RE1,,PWRWND007,,2046,,,,,,,,,,,,,,,,,0.0
Scenario1,0,RE1,,PWRWND007,,2047,,,,,,,,,,,,,,,,,0.0
Scenario1,0,RE1,,PWRWND007,,2048,,,,,,,,,,,,,,,,,0.0
Scenario1,0,RE1,,PWRWND007,,2049,,,,,,,,,,,,,,,,,0.0
Scenario1,0,RE1,,PWRWND007,,2050,,,,,,,,,,,,,,,,,0.0
Scenario1,0,RE1,,PWRWND008,,2019,,,,,,,,,,,,,,,,,0.0
Scenario1,0,RE1,,PWRWND008,,2020,,,,,,,,,,,,,,,,,0.0
Scenario1,0,RE1,,PWRWND008,,2021,,,,,,,,,,,,,,,,,0.0
Scenario1,0,RE1,,PWRWND008,,2022,,,,,,,,,,,,,,,,,0.0
Scenario1,0,RE1,,PWRWND008,,2023,,,,,,,,,,,,,,,,,0.0
Scenario1,0,RE1,,PWRWND008,,2024,,,,,,,,,,,,,,,,,0.0
Scenario1,0,RE1,,PWRWND008,,2025,,,,,,,,,,,,,,,,,17.607283196261665
Scenario1,0,RE1,,PWRWND008,,2026,,,,,,,,,,,,,,,,,17.548269644859797
Scenario1,0,RE1,,PWRWND008,,2027,,,,,,,,,,,,,,,,,17.491616635514
Scenario1,0,RE1,,PWRWND008,,2028,,,,,,,,,,,,,,,,,17.43260308411213
Scenario1,0,RE1,,PWRWND008,,2029,,,,,,,,,,,,,,,,,17.373589532710263
Scenario1,0,RE1,,PWRWND008,,2030,,,,,,,,,,,,,,,,,17.31693652336447
Scenario1,0,RE1,,PWRWND008,,2031,,,,,,,,,,,,,,,,,17.2579229719626
Scenario1,0,RE1,,PWRWND008,,2032,,,,,,,,,,,,,,,,,17.201269962616806
Scenario1,0,RE1,,PWRWND008,,2033,,,,,,,,,,,,,,,,,17.144616953271008
Scenario1,0,RE1,,PWRWND008,,2034,,,,,,,,,,,,,,,,,17.08560340186914
Scenario1,0,RE1,,PWRWND008,,2035,,,,,,,,,,,,,,,,,17.028950392523345
Scenario1,0,RE1,,PWRWND008,,2036,,,,,,,,,,,,,,,,,16.972297383177555
Scenario1,0,RE1,,PWRWND008,,2037,,,,,,,,,,,,,,,,,16.915644373831757
Scenario1,0,RE1,,PWRWND008,,2038,,,,,,,,,,,,,,,,,16.858991364485963
Scenario1,0,RE1,,PWRWND008,,2039,,,,,,,,,,,,,,,,,16.804698897196243
Scenario1,0,RE1,,PWRWND008,,2040,,,,,,,,,,,,,,,,,16.748045887850452
Scenario1,0,RE1,,PWRWND008,,2041,,,,,,,,,,,,,,,,,16.748045887850452
Scenario1,0,RE1,,PWRWND008,,2042,,,,,,,,,,,,,,,,,16.748045887850452
Scenario1,0,RE1,,PWRWND008,,2043,,,,,,,,,,,,,,,,,16.748045887850452
Scenario1,0,RE1,,PWRWND008,,2044,,,,,,,,,,,,,,,,,16.748045887850452
Scenario1,0,RE1,,PWRWND008,,2045,,,,,,,,,,,,,,,,,0.0
Scenario1,0,RE1,,PWRWND008,,2046,,,,,,,,,,,,,,,,,0.0
Scenario1,0,RE1,,PWRWND008,,2047,,,,,,,,,,,,,,,,,0.0
Scenario1,0,RE1,,PWRWND008,,2048,,,,,,,,,,,,,,,,,0.0
Scenario1,0,RE1,,PWRWND008,,2049,,,,,,,,,,,,,,,,,0.0
Scenario1,0,RE1,,PWRWND008,,2050,,,,,,,,,,,,,,,,,0.0
Scenario1,0,RE1,,PWRWND009,,2019,,,,,,,,,,,,,,,,,0.0
Scenario1,0,RE1,,PWRWND009,,2020,,,,,,,,,,,,,,,,,0.0
Scenario1,0,RE1,,PWRWND009,,2021,,,,,,,,,,,,,,,,,0.0
Scenario1,0,RE1,,PWRWND009,,2022,,,,,,,,,,,,,,,,,0.0
Scenario1,0,RE1,,PWRWND009,,2023,,,,,,,,,,,,,,,,,0.0
Scenario1,0,RE1,,PWRWND009,,2024,,,,,,,,,,,,,,,,,0.0
Scenario1,0,RE1,,PWRWND009,,2025,,,,,,,,,,,,,,,,,17.607283196261665
Scenario1,0,RE1,,PWRWND009,,2026,,,,,,,,,,,,,,,,,17.548269644859797
Scenario1,0,RE1,,PWRWND009,,2027,,,,,,,,,,,,,,,,,17.491616635514
Scenario1,0,RE1,,PWRWND009,,2028,,,,,,,,,,,,,,,,,17.43260308411213
Scenario1,0,RE1,,PWRWND009,,2029,,,,,,,,,,,,,,,,,17.373589532710263
Scenario1,0,RE1,,PWRWND009,,2030,,,,,,,,,,,,,,,,,17.31693652336447
Scenario1,0,RE1,,PWRWND009,,2031,,,,,,,,,,,,,,,,,17.2579229719626
Scenario1,0,RE1,,PWRWND009,,2032,,,,,,,,,,,,,,,,,17.201269962616806
Scenario1,0,RE1,,PWRWND009,,2033,,,,,,,,,,,,,,,,,17.144616953271008
Scenario1,0,RE1,,PWRWND009,,2034,,,,,,,,,,,,,,,,,17.08560340186914
Scenario1,0,RE1,,PWRWND009,,2035,,,,,,,,,,,,,,,,,17.028950392523345
Scenario1,0,RE1,,PWRWND009,,2036,,,,,,,,,,,,,,,,,16.972297383177555
Scenario1,0,RE1,,PWRWND009,,2037,,,,,,,,,,,,,,,,,16.915644373831757
Scenario1,0,RE1,,PWRWND009,,2038,,,,,,,,,,,,,,,,,16.858991364485963
Scenario1,0,RE1,,PWRWND009,,2039,,,,,,,,,,,,,,,,,16.804698897196243
Scenario1,0,RE1,,PWRWND009,,2040,,,,,,,,,,,,,,,,,16.748045887850452
Scenario1,0,RE1,,PWRWND009,,2041,,,,,,,,,,,,,,,,,16.748045887850452
Scenario1,0,RE1,,PWRWND009,,2042,,,,,,,,,,,,,,,,,16.748045887850452
Scenario1,0,RE1,,PWRWND009,,2043,,,,,,,,,,,,,,,,,16.748045887850452
Scenario1,0,RE1,,PWRWND009,,2044,,,,,,,,,,,,,,,,,16.748045887850452
Scenario1,0,RE1,,PWRWND009,,2045,,,,,,,,,,,,,,,,,0.0
Scenario1,0,RE1,,PWRWND009,,2046,,,,,,,,,,,,,,,,,0.0
Scenario1,0,RE1,,PWRWND009,,2047,,,,,,,,,,,,,,,,,0.0
Scenario1,0,RE1,,PWRWND009,,2048,,,,,,,,,,,,,,,,,0.0
Scenario1,0,RE1,,PWRWND009,,2049,,,,,,,,,,,,,,,,,0.0
Scenario1,0,RE1,,PWRWND009,,2050,,,,,,,,,,,,,,,,,0.0
Scenario1,0,RE1,,PWRWND010,,2019,,,,,,,,,,,,,,,,,0.0
Scenario1,0,RE1,,PWRWND010,,2020,,,,,,,,,,,,,,,,,0.0
Scenario1,0,RE1,,PWRWND010,,2021,,,,,,,,,,,,,,,,,0.0
Scenario1,0,RE1,,PWRWND010,,2022,,,,,,,,,,,,,,,,,0.0
Scenario1,0,RE1,,PWRWND010,,2023,,,,,,,,,,,,,,,,,0.0
Scenario1,0,RE1,,PWRWND010,,2024,,,,,,,,,,,,,,,,,0.0
Scenario1,0,RE1,,PWRWND010,,2025,,,,,,,,,,,,,,,,,17.607283196261665
Scenario1,0,RE1,,PWRWND010,,2026,,,,,,,,,,,,,,,,,17.548269644859797
Scenario1,0,RE1,,PWRWND010,,2027,,,,,,,,,,,,,,,,,17.491616635514
Scenario1,0,RE1,,PWRWND010,,2028,,,,,,,,,,,,,,,,,17.43260308411213
Scenario1,0,RE1,,PWRWND010,,2029,,,,,,,,,,,,,,,,,17.373589532710263
Scenario1,0,RE1,,PWRWND010,,2030,,,,,,,,,,,,,,,,,17.31693652336447
Scenario1,0,RE1,,PWRWND010,,2031,,,,,,,,,,,,,,,,,17.2579229719626
Scenario1,0,RE1,,PWRWND010,,2032,,,,,,,,,,,,,,,,,17.201269962616806
Scenario1,0,RE1,,PWRWND010,,2033,,,,,,,,,,,,,,,,,17.144616953271008
Scenario1,0,RE1,,PWRWND010,,2034,,,,,,,,,,,,,,,,,17.08560340186914
Scenario1,0,RE1,,PWRWND010,,2035,,,,,,,,,,,,,,,,,17.028950392523345
Scenario1,0,RE1,,PWRWND010,,2036,,,,,,,,,,,,,,,,,16.972297383177555
Scenario1,0,RE1,,PWRWND010,,2037,,,,,,,,,,,,,,,,,16.915644373831757
Scenario1,0,RE1,,PWRWND010,,2038,,,,,,,,,,,,,,,,,16.858991364485963
Scenario1,0,RE1,,PWRWND010,,2039,,,,,,,,,,,,,,,,,16.804698897196243
Scenario1,0,RE1,,PWRWND010,,2040,,,,,,,,,,,,,,,,,16.748045887850452
Scenario1,0,RE1,,PWRWND010,,2041,,,,,,,,,,,,,,,,,16.748045887850452
Scenario1,0,RE1,,PWRWND010,,2042,,,,,,,,,,,,,,,,,16.748045887850452
Scenario1,0,RE1,,PWRWND010,,2043,,,,,,,,,,,,,,,,,16.748045887850452
Scenario1,0,RE1,,PWRWND010,,2044,,,,,,,,,,,,,,,,,16.748045887850452
Scenario1,0,RE1,,PWRWND010,,2045,,,,,,,,,,,,,,,,,15.983804500321
Scenario1,0,RE1,,PWRWND010,,2046,,,,,,,,,,,,,,,,,15.983804500321
Scenario1,0,RE1,,PWRWND010,,2047,,,,,,,,,,,,,,,,,15.983804500321
Scenario1,0,RE1,,PWRWND010,,2048,,,,,,,,,,,,,,,,,15.983804500321
Scenario1,0,RE1,,PWRWND010,,2049,,,,,,,,,,,,,,,,,15.983804500321
Scenario1,0,RE1,,PWRWND010,,2050,,,,,,,,,,,,,,,,,15.983804500321
Scenario1,0,RE1,,PWRWND011,,2019,,,,,,,,,,,,,,,,,24.960800000000003
Scenario1,0,RE1,,PWRWND011,,2020,,,,,,,,,,,,,,,,,24.8788
Scenario1,0,RE1,,PWRWND011,,2021,,,,,,,,,,,,,,,,,32.352520000000005
Scenario1,0,RE1,,PWRWND011,,2022,,,,,,,,,,,,,,,,,32.24552
Scenario1,0,RE1,,PWRWND011,,2023,,,,,,,,,,,,,,,,,32.13852
Scenario1,0,RE1,,PWRWND011,,2024,,,,,,,,,,,,,,,,,32.03152
Scenario1,0,RE1,,PWRWND011,,2025,,,,,,,,,,,,,,,,,33.5655
Scenario1,0,RE1,,PWRWND011,,2026,,,,,,,,,,,,,,,,,37.17
Scenario1,0,RE1,,PWRWND011,,2027,,,,,,,,,,,,,,,,,37.05
Scenario1,0,RE1,,PWRWND011,,2028,,,,,,,,,,,,,,,,,36.548365
Scenario1,0,RE1,,PWRWND011,,2029,,,,,,,,,,,,,,,,,36.42464
Scenario1,0,RE1,,PWRWND011,,2030,,,,,,,,,,,,,,,,,36.305864
Scenario1,0,RE1,,PWRWND011,,2031,,,,,,,,,,,,,,,,,36.18213900000001
Scenario1,0,RE1,,PWRWND011,,2032,,,,,,,,,,,,,,,,,36.063363
Scenario1,0,RE1,,PWRWND011,,2033,,,,,,,,,,,,,,,,,35.944587
Scenario1,0,RE1,,PWRWND011,,2034,,,,,,,,,,,,,,,,,35.820862000000005
Scenario1,0,RE1,,PWRWND011,,2035,,,,,,,,,,,,,,,,,34.23043
Scenario1,0,RE1,,PWRWND011,,2036,,,,,,,,,,,,,,,,,34.116550000000004
Scenario1,0,RE1,,PWRWND011,,2037,,,,,,,,,,,,,,,,,34.00267
Scenario1,0,RE1,,PWRWND011,,2038,,,,,,,,,,,,,,,,,12.46279
Scenario1,0,RE1,,PWRWND011,,2039,,,,,,,,,,,,,,,,,12.24468
Scenario1,0,RE1,,PWRWND011,,2040,,,,,,,,,,,,,,,,,12.203399999999998
Scenario1,0,RE1,,PWRWND011,,2041,,,,,,,,,,,,,,,,,5.1084
Scenario1,0,RE1,,PWRWND011,,2042,,,,,,,,,,,,,,,,,5.1084
Scenario1,0,RE1,,PWRWND011,,2043,,,,,,,,,,,,,,,,,5.1084
Scenario1,0,RE1,,PWRWND011,,2044,,,,,,,,,,,,,,,,,5.1084
Scenario1,0,RE1,,PWRWND011,,2045,,,,,,,,,,,,,,,,,3.5475000000000003
Scenario1,0,RE1,,PWRWND011,,2046,,,,,,,,,,,,,,,,,0.0
Scenario1,0,RE1,,PWRWND011,,2047,,,,,,,,,,,,,,,,,0.0
Scenario1,0,RE1,,PWRWND011,,2048,,,,,,,,,,,,,,,,,0.0
Scenario1,0,RE1,,PWRWND011,,2049,,,,,,,,,,,,,,,,,0.0
Scenario1,0,RE1,,PWRWND011,,2050,,,,,,,,,,,,,,,,,0.0
Scenario1,0,RE1,,BACKSTOP,,2019,,,,,,,,,,,,,,0.0,,,
Scenario1,0,RE1,,BACKSTOP,,2020,,,,,,,,,,,,,,0.0,,,
Scenario1,0,RE1,,BACKSTOP,,2021,,,,,,,,,,,,,,0.0,,,
Scenario1,0,RE1,,BACKSTOP,,2022,,,,,,,,,,,,,,0.0,,,
Scenario1,0,RE1,,BACKSTOP,,2023,,,,,,,,,,,,,,0.0,,,
Scenario1,0,RE1,,BACKSTOP,,2024,,,,,,,,,,,,,,0.0,,,
Scenario1,0,RE1,,BACKSTOP,,2025,,,,,,,,,,,,,,0.0,,,
Scenario1,0,RE1,,BACKSTOP,,2026,,,,,,,,,,,,,,0.0,,,
Scenario1,0,RE1,,BACKSTOP,,2027,,,,,,,,,,,,,,0.0,,,
Scenario1,0,RE1,,BACKSTOP,,2028,,,,,,,,,,,,,,0.0,,,
Scenario1,0,RE1,,BACKSTOP,,2029,,,,,,,,,,,,,,0.0,,,
Scenario1,0,RE1,,BACKSTOP,,2030,,,,,,,,,,,,,,0.0,,,
Scenario1,0,RE1,,BACKSTOP,,2031,,,,,,,,,,,,,,0.0,,,
Scenario1,0,RE1,,BACKSTOP,,2032,,,,,,,,,,,,,,0.0,,,
Scenario1,0,RE1,,BACKSTOP,,2033,,,,,,,,,,,,,,0.0,,,
Scenario1,0,RE1,,BACKSTOP,,2034,,,,,,,,,,,,,,0.0,,,
Scenario1,0,RE1,,BACKSTOP,,2035,,,,,,,,,,,,,,0.0,,,
Scenario1,0,RE1,,BACKSTOP,,2036,,,,,,,,,,,,,,0.0,,,
Scenario1,0,RE1,,BACKSTOP,,2037,,,,,,,,,,,,,,0.0,,,
Scenario1,0,RE1,,BACKSTOP,,2038,,,,,,,,,,,,,,0.0,,,
Scenario1,0,RE1,,BACKSTOP,,2039,,,,,,,,,,,,,,0.0,,,
Scenario1,0,RE1,,BACKSTOP,,2040,,,,,,,,,,,,,,0.0,,,
Scenario1,0,RE1,,BACKSTOP,,2041,,,,,,,,,,,,,,0.0,,,
Scenario1,0,RE1,,BACKSTOP,,2042,,,,,,,,,,,,,,0.0,,,
Scenario1,0,RE1,,BACKSTOP,,2043,,,,,,,,,,,,,,0.0,,,
Scenario1,0,RE1,,BACKSTOP,,2044,,,,,,,,,,,,,,0.0,,,
Scenario1,0,RE1,,BACKSTOP,,2045,,,,,,,,,,,,,,0.0,,,
Scenario1,0,RE1,,BACKSTOP,,2046,,,,,,,,,,,,,,0.0,,,
Scenario1,0,RE1,,BACKSTOP,,2047,,,,,,,,,,,,,,0.0,,,
Scenario1,0,RE1,,BACKSTOP,,2048,,,,,,,,,,,,,,0.0,,,
Scenario1,0,RE1,,BACKSTOP,,2049,,,,,,,,,,,,,,0.0,,,
Scenario1,0,RE1,,BACKSTOP,,2050,,,,,,,,,,,,,,0.0,,,
Scenario1,0,RE1,,BESS_TECH,,2019,,,,,,,,,,,,,,0.0,,,
Scenario1,0,RE1,,BESS_TECH,,2020,,,,,,,,,,,,,,0.0,,,
Scenario1,0,RE1,,BESS_TECH,,2021,,,,,,,,,,,,,,0.0,,,
Scenario1,0,RE1,,BESS_TECH,,2022,,,,,,,,,,,,,,0.0,,,
Scenario1,0,RE1,,BESS_TECH,,2023,,,,,,,,,,,,,,0.0,,,
Scenario1,0,RE1,,BESS_TECH,,2024,,,,,,,,,,,,,,3.15296928,,,
Scenario1,0,RE1,,BESS_TECH,,2025,,,,,,,,,,,,,,6.717966204739158,,,
Scenario1,0,RE1,,BESS_TECH,,2026,,,,,,,,,,,,,,8.808881077409685,,,
Scenario1,0,RE1,,BESS_TECH,,2027,,,,,,,,,,,,,,12.64110953397794,,,
Scenario1,0,RE1,,BESS_TECH,,2028,,,,,,,,,,,,,,14.768501576473676,,,
Scenario1,0,RE1,,BESS_TECH,,2029,,,,,,,,,,,,,,14.371904604913484,,,
Scenario1,0,RE1,,BESS_TECH,,2030,,,,,,,,,,,,,,14.049933869749776,,,
Scenario1,0,RE1,,BESS_TECH,,2031,,,,,,,,,,,,,,11.070717442093889,,,
Scenario1,0,RE1,,BESS_TECH,,2032,,,,,,,,,,,,,,9.230300920317667,,,
Scenario1,0,RE1,,BESS_TECH,,2033,,,,,,,,,,,,,,8.377819514350671,,,
Scenario1,0,RE1,,BESS_TECH,,2034,,,,,,,,,,,,,,8.50247572748548,,,
Scenario1,0,RE1,,BESS_TECH,,2035,,,,,,,,,,,,,,9.205035205660192,,,
Scenario1,0,RE1,,BESS_TECH,,2036,,,,,,,,,,,,,,9.841037423724478,,,
Scenario1,0,RE1,,BESS_TECH,,2037,,,,,,,,,,,,,,10.44353662852314,,,
Scenario1,0,RE1,,BESS_TECH,,2038,,,,,,,,,,,,,,11.142318849406331,,,
Scenario1,0,RE1,,BESS_TECH,,2039,,,,,,,,,,,,,,11.912829321938236,,,
Scenario1,0,RE1,,BESS_TECH,,2040,,,,,,,,,,,,,,12.625496667951415,,,
Scenario1,0,RE1,,BESS_TECH,,2041,,,,,,,,,,,,,,14.325166150082836,,,
Scenario1,0,RE1,,BESS_TECH,,2042,,,,,,,,,,,,,,15.113805309991232,,,
Scenario1,0,RE1,,BESS_TECH,,2043,,,,,,,,,,,,,,15.919196805793298,,,
Scenario1,0,RE1,,BESS_TECH,,2044,,,,,,,,,,,,,,16.71557609830733,,,
Scenario1,0,RE1,,BESS_TECH,,2045,,,,,,,,,,,,,,16.027992006715063,,,
Scenario1,0,RE1,,BESS_TECH,,2046,,,,,,,,,,,,,,16.894346626347094,,,
Scenario1,0,RE1,,BESS_TECH,,2047,,,,,,,,,,,,,,18.504790196964688,,,
Scenario1,0,RE1,,BESS_TECH,,2048,,,,,,,,,,,,,,20.127802608228304,,,
Scenario1,0,RE1,,BESS_TECH,,2049,,,,,,,,,,,,,,21.36429973063036,,,
Scenario1,0,RE1,,BESS_TECH,,2050,,,,,,,,,,,,,,22.667235430115365,,,
Scenario1,0,RE1,,DEMCOMELC,,2019,,,,,,,,,,,,,,6.2591,,,
Scenario1,0,RE1,,DEMCOMELC,,2020,,,,,,,,,,,,,,6.3686,,,
Scenario1,0,RE1,,DEMCOMELC,,2021,,,,,,,,,,,,,,6.657800000000003,,,
Scenario1,0,RE1,,DEMCOMELC,,2022,,,,,,,,,,,,,,6.880199999999999,,,
Scenario1,0,RE1,,DEMCOMELC,,2023,,,,,,,,,,,,,,7.0903,,,
Scenario1,0,RE1,,DEMCOMELC,,2024,,,,,,,,,,,,,,7.3334,,,
Scenario1,0,RE1,,DEMCOMELC,,2025,,,,,,,,,,,,,,7.598200000000002,,,
Scenario1,0,RE1,,DEMCOMELC,,2026,,,,,,,,,,,,,,7.876700000000002,,,
Scenario1,0,RE1,,DEMCOMELC,,2027,,,,,,,,,,,,,,8.3311,,,
Scenario1,0,RE1,,DEMCOMELC,,2028,,,,,,,,,,,,,,8.813600000000003,,,
Scenario1,0,RE1,,DEMCOMELC,,2029,,,,,,,,,,,,,,9.3642,,,
Scenario1,0,RE1,,DEMCOMELC,,2030,,,,,,,,,,,,,,9.9556,,,
Scenario1,0,RE1,,DEMCOMELC,,2031,,,,,,,,,,,,,,10.5109,,,
Scenario1,0,RE1,,DEMCOMELC,,2032,,,,,,,,,,,,,,11.126199999999995,,,
Scenario1,0,RE1,,DEMCOMELC,,2033,,,,,,,,,,,,,,11.7512,,,
Scenario1,0,RE1,,DEMCOMELC,,2034,,,,,,,,,,,,,,12.4181,,,
Scenario1,0,RE1,,DEMCOMELC,,2035,,,,,,,,,,,,,,13.119299999999996,,,
Scenario1,0,RE1,,DEMCOMELC,,2036,,,,,,,,,,,,,,13.833199999999996,,,
Scenario1,0,RE1,,DEMCOMELC,,2037,,,,,,,,,,,,,,14.634999999999998,,,
Scenario1,0,RE1,,DEMCOMELC,,2038,,,,,,,,,,,,,,15.4715,,,
Scenario1,0,RE1,,DEMCOMELC,,2039,,,,,,,,,,,,,,16.358799999999995,,,
Scenario1,0,RE1,,DEMCOMELC,,2040,,,,,,,,,,,,,,17.299200000000003,,,
Scenario1,0,RE1,,DEMCOMELC,,2041,,,,,,,,,,,,,,18.291300000000003,,,
Scenario1,0,RE1,,DEMCOMELC,,2042,,,,,,,,,,,,,,19.3223,,,
Scenario1,0,RE1,,DEMCOMELC,,2043,,,,,,,,,,,,,,20.4209,,,
Scenario1,0,RE1,,DEMCOMELC,,2044,,,,,,,,,,,,,,21.582,,,
Scenario1,0,RE1,,DEMCOMELC,,2045,,,,,,,,,,,,,,22.8091,,,
Scenario1,0,RE1,,DEMCOMELC,,2046,,,,,,,,,,,,,,24.1059,,,
Scenario1,0,RE1,,DEMCOMELC,,2047,,,,,,,,,,,,,,25.4765,,,
Scenario1,0,RE1,,DEMCOMELC,,2048,,,,,,,,,,,,,,26.9251,,,
Scenario1,0,RE1,,DEMCOMELC,,2049,,,,,,,,,,,,,,28.456,,,
Scenario1,0,RE1,,DEMCOMELC,,2050,,,,,,,,,,,,,,30.0739,,,
Scenario1,0,RE1,,DEMINDELC,,2019,,,,,,,,,,,,,,21.56310000000001,,,
Scenario1,0,RE1,,DEMINDELC,,2020,,,,,,,,,,,,,,21.940100000000005,,,
Scenario1,0,RE1,,DEMINDELC,,2021,,,,,,,,,,,,,,22.936400000000003,,,
Scenario1,0,RE1,,DEMINDELC,,2022,,,,,,,,,,,,,,23.7027,,,
Scenario1,0,RE1,,DEMINDELC,,2023,,,,,,,,,,,,,,24.426599999999997,,,
Scenario1,0,RE1,,DEMINDELC,,2024,,,,,,,,,,,,,,25.264,,,
Scenario1,0,RE1,,DEMINDELC,,2025,,,,,,,,,,,,,,26.1763,,,
Scenario1,0,RE1,,DEMINDELC,,2026,,,,,,,,,,,,,,27.135600000000007,,,
Scenario1,0,RE1,,DEMINDELC,,2027,,,,,,,,,,,,,,28.7012,,,
Scenario1,0,RE1,,DEMINDELC,,2028,,,,,,,,,,,,,,30.363399999999995,,,
Scenario1,0,RE1,,DEMINDELC,,2029,,,,,,,,,,,,,,32.2602,,,
Scenario1,0,RE1,,DEMINDELC,,2030,,,,,,,,,,,,,,34.29749999999999,,,
Scenario1,0,RE1,,DEMINDELC,,2031,,,,,,,,,,,,,,36.21079999999999,,,
Scenario1,0,RE1,,DEMINDELC,,2032,,,,,,,,,,,,,,38.33050000000001,,,
Scenario1,0,RE1,,DEMINDELC,,2033,,,,,,,,,,,,,,40.48340000000001,,,
Scenario1,0,RE1,,DEMINDELC,,2034,,,,,,,,,,,,,,42.78099999999999,,,
Scenario1,0,RE1,,DEMINDELC,,2035,,,,,,,,,,,,,,45.1967,,,
Scenario1,0,RE1,,DEMINDELC,,2036,,,,,,,,,,,,,,47.65609999999999,,,
Scenario1,0,RE1,,DEMINDELC,,2037,,,,,,,,,,,,,,50.41819999999998,,,
Scenario1,0,RE1,,DEMINDELC,,2038,,,,,,,,,,,,,,53.3002,,,
Scenario1,0,RE1,,DEMINDELC,,2039,,,,,,,,,,,,,,56.3569,,,
Scenario1,0,RE1,,DEMINDELC,,2040,,,,,,,,,,,,,,59.59650000000001,,,
Scenario1,0,RE1,,DEMINDELC,,2041,,,,,,,,,,,,,,63.014700000000026,,,
Scenario1,0,RE1,,DEMINDELC,,2042,,,,,,,,,,,,,,66.56620000000001,,,
Scenario1,0,RE1,,DEMINDELC,,2043,,,,,,,,,,,,,,70.35110000000002,,,
Scenario1,0,RE1,,DEMINDELC,,2044,,,,,,,,,,,,,,74.35099999999998,,,
Scenario1,0,RE1,,DEMINDELC,,2045,,,,,,,,,,,,,,78.57849999999998,,,
Scenario1,0,RE1,,DEMINDELC,,2046,,,,,,,,,,,,,,83.04629999999997,,,
Scenario1,0,RE1,,DEMINDELC,,2047,,,,,,,,,,,,,,87.76809999999999,,,
Scenario1,0,RE1,,DEMINDELC,,2048,,,,,,,,,,,,,,92.7584,,,
Scenario1,0,RE1,,DEMINDELC,,2049,,,,,,,,,,,,,,98.03239999999998,,,
Scenario1,0,RE1,,DEMINDELC,,2050,,,,,,,,,,,,,,103.6063,,,
Scenario1,0,RE1,,DEMRESELC,,2019,,,,,,,,,,,,,,13.7907,,,
Scenario1,0,RE1,,DEMRESELC,,2020,,,,,,,,,,,,,,14.031799999999995,,,
Scenario1,0,RE1,,DEMRESELC,,2021,,,,,,,,,,,,,,14.669,,,
Scenario1,0,RE1,,DEMRESELC,,2022,,,,,,,,,,,,,,15.1591,,,
Scenario1,0,RE1,,DEMRESELC,,2023,,,,,,,,,,,,,,15.622100000000003,,,
Scenario1,0,RE1,,DEMRESELC,,2024,,,,,,,,,,,,,,16.157700000000002,,,
Scenario1,0,RE1,,DEMRESELC,,2025,,,,,,,,,,,,,,16.741099999999996,,,
Scenario1,0,RE1,,DEMRESELC,,2026,,,,,,,,,,,,,,17.3547,,,
Scenario1,0,RE1,,DEMRESELC,,2027,,,,,,,,,,,,,,18.356,,,
Scenario1,0,RE1,,DEMRESELC,,2028,,,,,,,,,,,,,,19.419,,,
Scenario1,0,RE1,,DEMRESELC,,2029,,,,,,,,,,,,,,20.6321,,,
Scenario1,0,RE1,,DEMRESELC,,2030,,,,,,,,,,,,,,21.93510000000001,,,
Scenario1,0,RE1,,DEMRESELC,,2031,,,,,,,,,,,,,,23.158700000000007,,,
Scenario1,0,RE1,,DEMRESELC,,2032,,,,,,,,,,,,,,24.514399999999995,,,
Scenario1,0,RE1,,DEMRESELC,,2033,,,,,,,,,,,,,,25.8913,,,
Scenario1,0,RE1,,DEMRESELC,,2034,,,,,,,,,,,,,,27.36069999999999,,,
Scenario1,0,RE1,,DEMRESELC,,2035,,,,,,,,,,,,,,28.9057,,,
Scenario1,0,RE1,,DEMRESELC,,2036,,,,,,,,,,,,,,30.478600000000004,,,
Scenario1,0,RE1,,DEMRESELC,,2037,,,,,,,,,,,,,,32.2451,,,
Scenario1,0,RE1,,DEMRESELC,,2038,,,,,,,,,,,,,,34.0883,,,
Scenario1,0,RE1,,DEMRESELC,,2039,,,,,,,,,,,,,,36.0432,,,
Scenario1,0,RE1,,DEMRESELC,,2040,,,,,,,,,,,,,,38.11520000000001,,,
Scenario1,0,RE1,,DEMRESELC,,2041,,,,,,,,,,,,,,40.3012,,,
Scenario1,0,RE1,,DEMRESELC,,2042,,,,,,,,,,,,,,42.572700000000005,,,
Scenario1,0,RE1,,DEMRESELC,,2043,,,,,,,,,,,,,,44.993300000000005,,,
Scenario1,0,RE1,,DEMRESELC,,2044,,,,,,,,,,,,,,47.5515,,,
Scenario1,0,RE1,,DEMRESELC,,2045,,,,,,,,,,,,,,50.25509999999999,,,
Scenario1,0,RE1,,DEMRESELC,,2046,,,,,,,,,,,,,,53.11249999999999,,,
Scenario1,0,RE1,,DEMRESELC,,2047,,,,,,,,,,,,,,56.1324,,,
Scenario1,0,RE1,,DEMRESELC,,2048,,,,,,,,,,,,,,59.32390000000002,,,
Scenario1,0,RE1,,DEMRESELC,,2049,,,,,,,,,,,,,,62.697,,,
Scenario1,0,RE1,,DEMRESELC,,2050,,,,,,,,,,,,,,66.26180000000002,,,
Scenario1,0,RE1,,EXPELC,,2019,,,,,,,,,,,,,,0.0,,,
Scenario1,0,RE1,,EXPELC,,2020,,,,,,,,,,,,,,0.0,,,
Scenario1,0,RE1,,EXPELC,,2021,,,,,,,,,,,,,,0.0,,,
Scenario1,0,RE1,,EXPELC,,2022,,,,,,,,,,,,,,0.0,,,
Scenario1,0,RE1,,EXPELC,,2023,,,,,,,,,,,,,,0.0,,,
Scenario1,0,RE1,,EXPELC,,2024,,,,,,,,,,,,,,0.0,,,
Scenario1,0,RE1,,EXPELC,,2025,,,,,,,,,,,,,,0.0,,,
Scenario1,0,RE1,,EXPELC,,2026,,,,,,,,,,,,,,0.0,,,
Scenario1,0,RE1,,EXPELC,,2027,,,,,,,,,,,,,,0.0,,,
Scenario1,0,RE1,,EXPELC,,2028,,,,,,,,,,,,,,0.0,,,
Scenario1,0,RE1,,EXPELC,,2029,,,,,,,,,,,,,,0.0,,,
Scenario1,0,RE1,,EXPELC,,2030,,,,,,,,,,,,,,0.0,,,
Scenario1,0,RE1,,EXPELC,,2031,,,,,,,,,,,,,,0.0,,,
Scenario1,0,RE1,,EXPELC,,2032,,,,,,,,,,,,,,0.0,,,
Scenario1,0,RE1,,EXPELC,,2033,,,,,,,,,,,,,,0.0,,,
Scenario1,0,RE1,,EXPELC,,2034,,,,,,,,,,,,,,0.0,,,
Scenario1,0,RE1,,EXPELC,,2035,,,,,,,,,,,,,,0.0,,,
Scenario1,0,RE1,,EXPELC,,2036,,,,,,,,,,,,,,0.0,,,
Scenario1,0,RE1,,EXPELC,,2037,,,,,,,,,,,,,,0.0,,,
Scenario1,0,RE1,,EXPELC,,2038,,,,,,,,,,,,,,0.0,,,
Scenario1,0,RE1,,EXPELC,,2039,,,,,,,,,,,,,,0.0,,,
Scenario1,0,RE1,,EXPELC,,2040,,,,,,,,,,,,,,0.0,,,
Scenario1,0,RE1,,EXPELC,,2041,,,,,,,,,,,,,,0.0,,,
Scenario1,0,RE1,,EXPELC,,2042,,,,,,,,,,,,,,0.0,,,
Scenario1,0,RE1,,EXPELC,,2043,,,,,,,,,,,,,,0.0,,,
Scenario1,0,RE1,,EXPELC,,2044,,,,,,,,,,,,,,0.0,,,
Scenario1,0,RE1,,EXPELC,,2045,,,,,,,,,,,,,,0.0,,,
Scenario1,0,RE1,,EXPELC,,2046,,,,,,,,,,,,,,0.0,,,
Scenario1,0,RE1,,EXPELC,,2047,,,,,,,,,,,,,,0.0,,,
Scenario1,0,RE1,,EXPELC,,2048,,,,,,,,,,,,,,0.0,,,
Scenario1,0,RE1,,EXPELC,,2049,,,,,,,,,,,,,,0.0,,,
Scenario1,0,RE1,,EXPELC,,2050,,,,,,,,,,,,,,0.0,,,
Scenario1,0,RE1,,IMPBIO,,2019,,,,,,,,,,,,,,0.0,,,
Scenario1,0,RE1,,IMPBIO,,2020,,,,,,,,,,,,,,0.0,,,
Scenario1,0,RE1,,IMPBIO,,2021,,,,,,,,,,,,,,0.0,,,
Scenario1,0,RE1,,IMPBIO,,2022,,,,,,,,,,,,,,0.0,,,
Scenario1,0,RE1,,IMPBIO,,2023,,,,,,,,,,,,,,0.0,,,
Scenario1,0,RE1,,IMPBIO,,2024,,,,,,,,,,,,,,0.0,,,
Scenario1,0,RE1,,IMPBIO,,2025,,,,,,,,,,,,,,0.0,,,
Scenario1,0,RE1,,IMPBIO,,2026,,,,,,,,,,,,,,0.0,,,
Scenario1,0,RE1,,IMPBIO,,2027,,,,,,,,,,,,,,0.0,,,
Scenario1,0,RE1,,IMPBIO,,2028,,,,,,,,,,,,,,0.0,,,
Scenario1,0,RE1,,IMPBIO,,2029,,,,,,,,,,,,,,0.0,,,
Scenario1,0,RE1,,IMPBIO,,2030,,,,,,,,,,,,,,0.0,,,
Scenario1,0,RE1,,IMPBIO,,2031,,,,,,,,,,,,,,0.0,,,
Scenario1,0,RE1,,IMPBIO,,2032,,,,,,,,,,,,,,0.0,,,
Scenario1,0,RE1,,IMPBIO,,2033,,,,,,,,,,,,,,0.0,,,
Scenario1,0,RE1,,IMPBIO,,2034,,,,,,,,,,,,,,0.0,,,
Scenario1,0,RE1,,IMPBIO,,2035,,,,,,,,,,,,,,0.0,,,
Scenario1,0,RE1,,IMPBIO,,2036,,,,,,,,,,,,,,0.0,,,
Scenario1,0,RE1,,IMPBIO,,2037,,,,,,,,,,,,,,0.0,,,
Scenario1,0,RE1,,IMPBIO,,2038,,,,,,,,,,,,,,0.0,,,
Scenario1,0,RE1,,IMPBIO,,2039,,,,,,,,,,,,,,0.0,,,
Scenario1,0,RE1,,IMPBIO,,2040,,,,,,,,,,,,,,0.0,,,
Scenario1,0,RE1,,IMPBIO,,2041,,,,,,,,,,,,,,0.0,,,
Scenario1,0,RE1,,IMPBIO,,2042,,,,,,,,,,,,,,0.0,,,
Scenario1,0,RE1,,IMPBIO,,2043,,,,,,,,,,,,,,0.0,,,
Scenario1,0,RE1,,IMPBIO,,2044,,,,,,,,,,,,,,0.0,,,
Scenario1,0,RE1,,IMPBIO,,2045,,,,,,,,,,,,,,0.0,,,
Scenario1,0,RE1,,IMPBIO,,2046,,,,,,,,,,,,,,0.0,,,
Scenario1,0,RE1,,IMPBIO,,2047,,,,,,,,,,,,,,0.0,,,
Scenario1,0,RE1,,IMPBIO,,2048,,,,,,,,,,,,,,0.0,,,
Scenario1,0,RE1,,IMPBIO,,2049,,,,,,,,,,,,,,0.0,,,
Scenario1,0,RE1,,IMPBIO,,2050,,,,,,,,,,,,,,0.0,,,
Scenario1,0,RE1,,IMPCOA,,2019,,,,,,,,,,,,,,0.0,,,
Scenario1,0,RE1,,IMPCOA,,2020,,,,,,,,,,,,,,0.0,,,
Scenario1,0,RE1,,IMPCOA,,2021,,,,,,,,,,,,,,0.0,,,
Scenario1,0,RE1,,IMPCOA,,2022,,,,,,,,,,,,,,0.0,,,
Scenario1,0,RE1,,IMPCOA,,2023,,,,,,,,,,,,,,0.0,,,
Scenario1,0,RE1,,IMPCOA,,2024,,,,,,,,,,,,,,0.0,,,
Scenario1,0,RE1,,IMPCOA,,2025,,,,,,,,,,,,,,0.0,,,
Scenario1,0,RE1,,IMPCOA,,2026,,,,,,,,,,,,,,0.0,,,
Scenario1,0,RE1,,IMPCOA,,2027,,,,,,,,,,,,,,0.0,,,
Scenario1,0,RE1,,IMPCOA,,2028,,,,,,,,,,,,,,0.0,,,
Scenario1,0,RE1,,IMPCOA,,2029,,,,,,,,,,,,,,0.0,,,
Scenario1,0,RE1,,IMPCOA,,2030,,,,,,,,,,,,,,0.0,,,
Scenario1,0,RE1,,IMPCOA,,2031,,,,,,,,,,,,,,0.0,,,
Scenario1,0,RE1,,IMPCOA,,2032,,,,,,,,,,,,,,0.0,,,
Scenario1,0,RE1,,IMPCOA,,2033,,,,,,,,,,,,,,0.0,,,
Scenario1,0,RE1,,IMPCOA,,2034,,,,,,,,,,,,,,0.0,,,
Scenario1,0,RE1,,IMPCOA,,2035,,,,,,,,,,,,,,0.0,,,
Scenario1,0,RE1,,IMPCOA,,2036,,,,,,,,,,,,,,0.0,,,
Scenario1,0,RE1,,IMPCOA,,2037,,,,,,,,,,,,,,0.0,,,
Scenario1,0,RE1,,IMPCOA,,2038,,,,,,,,,,,,,,0.0,,,
Scenario1,0,RE1,,IMPCOA,,2039,,,,,,,,,,,,,,0.0,,,
Scenario1,0,RE1,,IMPCOA,,2040,,,,,,,,,,,,,,0.0,,,
Scenario1,0,RE1,,IMPCOA,,2041,,,,,,,,,,,,,,0.0,,,
Scenario1,0,RE1,,IMPCOA,,2042,,,,,,,,,,,,,,0.0,,,
Scenario1,0,RE1,,IMPCOA,,2043,,,,,,,,,,,,,,0.0,,,
Scenario1,0,RE1,,IMPCOA,,2044,,,,,,,,,,,,,,0.0,,,
Scenario1,0,RE1,,IMPCOA,,2045,,,,,,,,,,,,,,0.0,,,
Scenario1,0,RE1,,IMPCOA,,2046,,,,,,,,,,,,,,0.0,,,
Scenario1,0,RE1,,IMPCOA,,2047,,,,,,,,,,,,,,0.0,,,
Scenario1,0,RE1,,IMPCOA,,2048,,,,,,,,,,,,,,0.0,,,
Scenario1,0,RE1,,IMPCOA,,2049,,,,,,,,,,,,,,0.0,,,
Scenario1,0,RE1,,IMPCOA,,2050,,,,,,,,,,,,,,0.0,,,
Scenario1,0,RE1,,IMPELC001,,2019,,,,,,,,,,,,,,0.0,,,
Scenario1,0,RE1,,IMPELC001,,2020,,,,,,,,,,,,,,0.0,,,
Scenario1,0,RE1,,IMPELC001,,2021,,,,,,,,,,,,,,0.0,,,
Scenario1,0,RE1,,IMPELC001,,2022,,,,,,,,,,,,,,3.125177477892203,,,
Scenario1,0,RE1,,IMPELC001,,2023,,,,,,,,,,,,,,3.1221662507245167,,,
Scenario1,0,RE1,,IMPELC001,,2024,,,,,,,,,,,,,,3.57495048012947,,,
Scenario1,0,RE1,,IMPELC001,,2025,,,,,,,,,,,,,,0.0,,,
Scenario1,0,RE1,,IMPELC001,,2026,,,,,,,,,,,,,,0.0,,,
Scenario1,0,RE1,,IMPELC001,,2027,,,,,,,,,,,,,,0.0,,,
Scenario1,0,RE1,,IMPELC001,,2028,,,,,,,,,,,,,,0.0,,,
Scenario1,0,RE1,,IMPELC001,,2029,,,,,,,,,,,,,,0.0,,,
Scenario1,0,RE1,,IMPELC001,,2030,,,,,,,,,,,,,,0.0,,,
Scenario1,0,RE1,,IMPELC001,,2031,,,,,,,,,,,,,,0.1072224,,,
Scenario1,0,RE1,,IMPELC001,,2032,,,,,,,,,,,,,,0.4970887549195926,,,
Scenario1,0,RE1,,IMPELC001,,2033,,,,,,,,,,,,,,1.2236109273942604,,,
Scenario1,0,RE1,,IMPELC001,,2034,,,,,,,,,,,,,,2.043747334369065,,,
Scenario1,0,RE1,,IMPELC001,,2035,,,,,,,,,,,,,,2.1618997707907783,,,
Scenario1,0,RE1,,IMPELC001,,2036,,,,,,,,,,,,,,1.9503045345040595,,,
Scenario1,0,RE1,,IMPELC001,,2037,,,,,,,,,,,,,,1.9252786803023072,,,
Scenario1,0,RE1,,IMPELC001,,2038,,,,,,,,,,,,,,2.066799570758078,,,
Scenario1,0,RE1,,IMPELC001,,2039,,,,,,,,,,,,,,1.986841666446513,,,
Scenario1,0,RE1,,IMPELC001,,2040,,,,,,,,,,,,,,2.0084346457229647,,,
Scenario1,0,RE1,,IMPELC001,,2041,,,,,,,,,,,,,,1.7742869881444745,,,
Scenario1,0,RE1,,IMPELC001,,2042,,,,,,,,,,,,,,1.6777642920247549,,,
Scenario1,0,RE1,,IMPELC001,,2043,,,,,,,,,,,,,,1.702392782778132,,,
Scenario1,0,RE1,,IMPELC001,,2044,,,,,,,,,,,,,,1.7282627147370693,,,
Scenario1,0,RE1,,IMPELC001,,2045,,,,,,,,,,,,,,2.6598894491274283,,,
Scenario1,0,RE1,,IMPELC001,,2046,,,,,,,,,,,,,,2.619879706652237,,,
Scenario1,0,RE1,,IMPELC001,,2047,,,,,,,,,,,,,,2.4947655442321848,,,
Scenario1,0,RE1,,IMPELC001,,2048,,,,,,,,,,,,,,2.382563113736233,,,
Scenario1,0,RE1,,IMPELC001,,2049,,,,,,,,,,,,,,2.380443791411967,,,
Scenario1,0,RE1,,IMPELC001,,2050,,,,,,,,,,,,,,2.3712118219774925,,,
Scenario1,0,RE1,,IMPELC002,,2019,,,,,,,,,,,,,,0.0,,,
Scenario1,0,RE1,,IMPELC002,,2020,,,,,,,,,,,,,,0.0,,,
Scenario1,0,RE1,,IMPELC002,,2021,,,,,,,,,,,,,,0.0,,,
Scenario1,0,RE1,,IMPELC002,,2022,,,,,,,,,,,,,,0.0,,,
Scenario1,0,RE1,,IMPELC002,,2023,,,,,,,,,,,,,,0.0,,,
Scenario1,0,RE1,,IMPELC002,,2024,,,,,,,,,,,,,,0.0,,,
Scenario1,0,RE1,,IMPELC002,,2025,,,,,,,,,,,,,,0.0,,,
Scenario1,0,RE1,,IMPELC002,,2026,,,,,,,,,,,,,,0.0,,,
Scenario1,0,RE1,,IMPELC002,,2027,,,,,,,,,,,,,,0.0,,,
Scenario1,0,RE1,,IMPELC002,,2028,,,,,,,,,,,,,,0.0,,,
Scenario1,0,RE1,,IMPELC002,,2029,,,,,,,,,,,,,,0.0,,,
Scenario1,0,RE1,,IMPELC002,,2030,,,,,,,,,,,,,,0.0,,,
Scenario1,0,RE1,,IMPELC002,,2031,,,,,,,,,,,,,,0.0,,,
Scenario1,0,RE1,,IMPELC002,,2032,,,,,,,,,,,,,,0.0,,,
Scenario1,0,RE1,,IMPELC002,,2033,,,,,,,,,,,,,,0.0,,,
Scenario1,0,RE1,,IMPELC002,,2034,,,,,,,,,,,,,,0.0,,,
Scenario1,0,RE1,,IMPELC002,,2035,,,,,,,,,,,,,,0.0,,,
Scenario1,0,RE1,,IMPELC002,,2036,,,,,,,,,,,,,,0.0,,,
Scenario1,0,RE1,,IMPELC002,,2037,,,,,,,,,,,,,,0.0,,,
Scenario1,0,RE1,,IMPELC002,,2038,,,,,,,,,,,,,,0.0,,,
Scenario1,0,RE1,,IMPELC002,,2039,,,,,,,,,,,,,,0.0,,,
Scenario1,0,RE1,,IMPELC002,,2040,,,,,,,,,,,,,,0.0,,,
Scenario1,0,RE1,,IMPELC002,,2041,,,,,,,,,,,,,,0.0,,,
Scenario1,0,RE1,,IMPELC002,,2042,,,,,,,,,,,,,,0.0,,,
Scenario1,0,RE1,,IMPELC002,,2043,,,,,,,,,,,,,,0.0,,,
Scenario1,0,RE1,,IMPELC002,,2044,,,,,,,,,,,,,,0.0,,,
Scenario1,0,RE1,,IMPELC002,,2045,,,,,,,,,,,,,,0.0,,,
Scenario1,0,RE1,,IMPELC002,,2046,,,,,,,,,,,,,,0.0,,,
Scenario1,0,RE1,,IMPELC002,,2047,,,,,,,,,,,,,,0.0,,,
Scenario1,0,RE1,,IMPELC002,,2048,,,,,,,,,,,,,,0.0,,,
Scenario1,0,RE1,,IMPELC002,,2049,,,,,,,,,,,,,,0.0,,,
Scenario1,0,RE1,,IMPELC002,,2050,,,,,,,,,,,,,,0.0,,,
Scenario1,0,RE1,,IMPHFOMOM,,2019,,,,,,,,,,,,,,0.0,,,
Scenario1,0,RE1,,IMPHFOMOM,,2020,,,,,,,,,,,,,,0.0,,,
Scenario1,0,RE1,,IMPHFOMOM,,2021,,,,,,,,,,,,,,0.0,,,
Scenario1,0,RE1,,IMPHFOMOM,,2022,,,,,,,,,,,,,,0.0,,,
Scenario1,0,RE1,,IMPHFOMOM,,2023,,,,,,,,,,,,,,0.0,,,
Scenario1,0,RE1,,IMPHFOMOM,,2024,,,,,,,,,,,,,,0.0,,,
Scenario1,0,RE1,,IMPHFOMOM,,2025,,,,,,,,,,,,,,0.0,,,
Scenario1,0,RE1,,IMPHFOMOM,,2026,,,,,,,,,,,,,,0.0,,,
Scenario1,0,RE1,,IMPHFOMOM,,2027,,,,,,,,,,,,,,0.0,,,
Scenario1,0,RE1,,IMPHFOMOM,,2028,,,,,,,,,,,,,,0.0,,,
Scenario1,0,RE1,,IMPHFOMOM,,2029,,,,,,,,,,,,,,0.0,,,
Scenario1,0,RE1,,IMPHFOMOM,,2030,,,,,,,,,,,,,,0.0,,,
Scenario1,0,RE1,,IMPHFOMOM,,2031,,,,,,,,,,,,,,0.0,,,
Scenario1,0,RE1,,IMPHFOMOM,,2032,,,,,,,,,,,,,,0.0,,,
Scenario1,0,RE1,,IMPHFOMOM,,2033,,,,,,,,,,,,,,0.0,,,
Scenario1,0,RE1,,IMPHFOMOM,,2034,,,,,,,,,,,,,,0.0,,,
Scenario1,0,RE1,,IMPHFOMOM,,2035,,,,,,,,,,,,,,0.0,,,
Scenario1,0,RE1,,IMPHFOMOM,,2036,,,,,,,,,,,,,,0.0,,,
Scenario1,0,RE1,,IMPHFOMOM,,2037,,,,,,,,,,,,,,0.0,,,
Scenario1,0,RE1,,IMPHFOMOM,,2038,,,,,,,,,,,,,,0.0,,,
Scenario1,0,RE1,,IMPHFOMOM,,2039,,,,,,,,,,,,,,0.0,,,
Scenario1,0,RE1,,IMPHFOMOM,,2040,,,,,,,,,,,,,,0.0,,,
Scenario1,0,RE1,,IMPHFOMOM,,2041,,,,,,,,,,,,,,0.0,,,
Scenario1,0,RE1,,IMPHFOMOM,,2042,,,,,,,,,,,,,,0.0,,,
Scenario1,0,RE1,,IMPHFOMOM,,2043,,,,,,,,,,,,,,0.0,,,
Scenario1,0,RE1,,IMPHFOMOM,,2044,,,,,,,,,,,,,,0.0,,,
Scenario1,0,RE1,,IMPHFOMOM,,2045,,,,,,,,,,,,,,0.0,,,
Scenario1,0,RE1,,IMPHFOMOM,,2046,,,,,,,,,,,,,,0.0,,,
Scenario1,0,RE1,,IMPHFOMOM,,2047,,,,,,,,,,,,,,0.0,,,
Scenario1,0,RE1,,IMPHFOMOM,,2048,,,,,,,,,,,,,,0.0,,,
Scenario1,0,RE1,,IMPHFOMOM,,2049,,,,,,,,,,,,,,0.0,,,
Scenario1,0,RE1,,IMPHFOMOM,,2050,,,,,,,,,,,,,,0.0,,,
Scenario1,0,RE1,,IMPHFONAI,,2019,,,,,,,,,,,,,,12.697944063059383,,,
Scenario1,0,RE1,,IMPHFONAI,,2020,,,,,,,,,,,,,,14.864213411632894,,,
Scenario1,0,RE1,,IMPHFONAI,,2021,,,,,,,,,,,,,,15.405544242032436,,,
Scenario1,0,RE1,,IMPHFONAI,,2022,,,,,,,,,,,,,,4.360300913759698,,,
Scenario1,0,RE1,,IMPHFONAI,,2023,,,,,,,,,,,,,,4.588341714279588,,,
Scenario1,0,RE1,,IMPHFONAI,,2024,,,,,,,,,,,,,,7.170859293107834,,,
Scenario1,0,RE1,,IMPHFONAI,,2025,,,,,,,,,,,,,,0.0,,,
Scenario1,0,RE1,,IMPHFONAI,,2026,,,,,,,,,,,,,,0.0,,,
Scenario1,0,RE1,,IMPHFONAI,,2027,,,,,,,,,,,,,,0.0,,,
Scenario1,0,RE1,,IMPHFONAI,,2028,,,,,,,,,,,,,,0.0,,,
Scenario1,0,RE1,,IMPHFONAI,,2029,,,,,,,,,,,,,,0.0,,,
Scenario1,0,RE1,,IMPHFONAI,,2030,,,,,,,,,,,,,,0.0,,,
Scenario1,0,RE1,,IMPHFONAI,,2031,,,,,,,,,,,,,,0.1446830640988789,,,
Scenario1,0,RE1,,IMPHFONAI,,2032,,,,,,,,,,,,,,0.3806718745341552,,,
Scenario1,0,RE1,,IMPHFONAI,,2033,,,,,,,,,,,,,,1.05069270474739,,,
Scenario1,0,RE1,,IMPHFONAI,,2034,,,,,,,,,,,,,,1.090109505378989,,,
Scenario1,0,RE1,,IMPHFONAI,,2035,,,,,,,,,,,,,,0.77310125568,,,
Scenario1,0,RE1,,IMPHFONAI,,2036,,,,,,,,,,,,,,0.0,,,
Scenario1,0,RE1,,IMPHFONAI,,2037,,,,,,,,,,,,,,0.0,,,
Scenario1,0,RE1,,IMPHFONAI,,2038,,,,,,,,,,,,,,0.0,,,
Scenario1,0,RE1,,IMPHFONAI,,2039,,,,,,,,,,,,,,0.0,,,
Scenario1,0,RE1,,IMPHFONAI,,2040,,,,,,,,,,,,,,0.0,,,
Scenario1,0,RE1,,IMPHFONAI,,2041,,,,,,,,,,,,,,0.0,,,
Scenario1,0,RE1,,IMPHFONAI,,2042,,,,,,,,,,,,,,0.0,,,
Scenario1,0,RE1,,IMPHFONAI,,2043,,,,,,,,,,,,,,0.0,,,
Scenario1,0,RE1,,IMPHFONAI,,2044,,,,,,,,,,,,,,0.0,,,
Scenario1,0,RE1,,IMPHFONAI,,2045,,,,,,,,,,,,,,0.0,,,
Scenario1,0,RE1,,IMPHFONAI,,2046,,,,,,,,,,,,,,0.0,,,
Scenario1,0,RE1,,IMPHFONAI,,2047,,,,,,,,,,,,,,0.0,,,
Scenario1,0,RE1,,IMPHFONAI,,2048,,,,,,,,,,,,,,0.0,,,
Scenario1,0,RE1,,IMPHFONAI,,2049,,,,,,,,,,,,,,0.0,,,
Scenario1,0,RE1,,IMPHFONAI,,2050,,,,,,,,,,,,,,0.0,,,
Scenario1,0,RE1,,IMPLFOELD,,2019,,,,,,,,,,,,,,0.0,,,
Scenario1,0,RE1,,IMPLFOELD,,2020,,,,,,,,,,,,,,0.0,,,
Scenario1,0,RE1,,IMPLFOELD,,2021,,,,,,,,,,,,,,0.0,,,
Scenario1,0,RE1,,IMPLFOELD,,2022,,,,,,,,,,,,,,0.0,,,
Scenario1,0,RE1,,IMPLFOELD,,2023,,,,,,,,,,,,,,0.0,,,
Scenario1,0,RE1,,IMPLFOELD,,2024,,,,,,,,,,,,,,0.0,,,
Scenario1,0,RE1,,IMPLFOELD,,2025,,,,,,,,,,,,,,0.0,,,
Scenario1,0,RE1,,IMPLFOELD,,2026,,,,,,,,,,,,,,0.0,,,
Scenario1,0,RE1,,IMPLFOELD,,2027,,,,,,,,,,,,,,0.0,,,
Scenario1,0,RE1,,IMPLFOELD,,2028,,,,,,,,,,,,,,0.0,,,
Scenario1,0,RE1,,IMPLFOELD,,2029,,,,,,,,,,,,,,0.0,,,
Scenario1,0,RE1,,IMPLFOELD,,2030,,,,,,,,,,,,,,0.0,,,
Scenario1,0,RE1,,IMPLFOELD,,2031,,,,,,,,,,,,,,0.0,,,
Scenario1,0,RE1,,IMPLFOELD,,2032,,,,,,,,,,,,,,0.0,,,
Scenario1,0,RE1,,IMPLFOELD,,2033,,,,,,,,,,,,,,0.0,,,
Scenario1,0,RE1,,IMPLFOELD,,2034,,,,,,,,,,,,,,0.0,,,
Scenario1,0,RE1,,IMPLFOELD,,2035,,,,,,,,,,,,,,0.0,,,
Scenario1,0,RE1,,IMPLFOELD,,2036,,,,,,,,,,,,,,0.0,,,
Scenario1,0,RE1,,IMPLFOELD,,2037,,,,,,,,,,,,,,0.0,,,
Scenario1,0,RE1,,IMPLFOELD,,2038,,,,,,,,,,,,,,0.0,,,
Scenario1,0,RE1,,IMPLFOELD,,2039,,,,,,,,,,,,,,0.0,,,
Scenario1,0,RE1,,IMPLFOELD,,2040,,,,,,,,,,,,,,0.0,,,
Scenario1,0,RE1,,IMPLFOELD,,2041,,,,,,,,,,,,,,0.0,,,
Scenario1,0,RE1,,IMPLFOELD,,2042,,,,,,,,,,,,,,0.0,,,
Scenario1,0,RE1,,IMPLFOELD,,2043,,,,,,,,,,,,,,0.0,,,
Scenario1,0,RE1,,IMPLFOELD,,2044,,,,,,,,,,,,,,0.0,,,
Scenario1,0,RE1,,IMPLFOELD,,2045,,,,,,,,,,,,,,0.0,,,
Scenario1,0,RE1,,IMPLFOELD,,2046,,,,,,,,,,,,,,0.0,,,
Scenario1,0,RE1,,IMPLFOELD,,2047,,,,,,,,,,,,,,0.0,,,
Scenario1,0,RE1,,IMPLFOELD,,2048,,,,,,,,,,,,,,0.0,,,
Scenario1,0,RE1,,IMPLFOELD,,2049,,,,,,,,,,,,,,0.0,,,
Scenario1,0,RE1,,IMPLFOELD,,2050,,,,,,,,,,,,,,0.0,,,
Scenario1,0,RE1,,IMPNGS,,2019,,,,,,,,,,,,,,0.0,,,
Scenario1,0,RE1,,IMPNGS,,2020,,,,,,,,,,,,,,0.0,,,
Scenario1,0,RE1,,IMPNGS,,2021,,,,,,,,,,,,,,0.0,,,
Scenario1,0,RE1,,IMPNGS,,2022,,,,,,,,,,,,,,0.0,,,
Scenario1,0,RE1,,IMPNGS,,2023,,,,,,,,,,,,,,0.0,,,
Scenario1,0,RE1,,IMPNGS,,2024,,,,,,,,,,,,,,0.0,,,
Scenario1,0,RE1,,IMPNGS,,2025,,,,,,,,,,,,,,0.0,,,
Scenario1,0,RE1,,IMPNGS,,2026,,,,,,,,,,,,,,0.0,,,
Scenario1,0,RE1,,IMPNGS,,2027,,,,,,,,,,,,,,0.0,,,
Scenario1,0,RE1,,IMPNGS,,2028,,,,,,,,,,,,,,0.0,,,
Scenario1,0,RE1,,IMPNGS,,2029,,,,,,,,,,,,,,0.0,,,
Scenario1,0,RE1,,IMPNGS,,2030,,,,,,,,,,,,,,0.0,,,
Scenario1,0,RE1,,IMPNGS,,2031,,,,,,,,,,,,,,0.0,,,
Scenario1,0,RE1,,IMPNGS,,2032,,,,,,,,,,,,,,0.0,,,
Scenario1,0,RE1,,IMPNGS,,2033,,,,,,,,,,,,,,0.0,,,
Scenario1,0,RE1,,IMPNGS,,2034,,,,,,,,,,,,,,0.0,,,
Scenario1,0,RE1,,IMPNGS,,2035,,,,,,,,,,,,,,0.0,,,
Scenario1,0,RE1,,IMPNGS,,2036,,,,,,,,,,,,,,0.0,,,
Scenario1,0,RE1,,IMPNGS,,2037,,,,,,,,,,,,,,0.0,,,
Scenario1,0,RE1,,IMPNGS,,2038,,,,,,,,,,,,,,0.0,,,
Scenario1,0,RE1,,IMPNGS,,2039,,,,,,,,,,,,,,0.0,,,
Scenario1,0,RE1,,IMPNGS,,2040,,,,,,,,,,,,,,0.0,,,
Scenario1,0,RE1,,IMPNGS,,2041,,,,,,,,,,,,,,0.0,,,
Scenario1,0,RE1,,IMPNGS,,2042,,,,,,,,,,,,,,0.0,,,
Scenario1,0,RE1,,IMPNGS,,2043,,,,,,,,,,,,,,0.0,,,
Scenario1,0,RE1,,IMPNGS,,2044,,,,,,,,,,,,,,0.0,,,
Scenario1,0,RE1,,IMPNGS,,2045,,,,,,,,,,,,,,0.0,,,
Scenario1,0,RE1,,IMPNGS,,2046,,,,,,,,,,,,,,0.0,,,
Scenario1,0,RE1,,IMPNGS,,2047,,,,,,,,,,,,,,0.0,,,
Scenario1,0,RE1,,IMPNGS,,2048,,,,,,,,,,,,,,0.0,,,
Scenario1,0,RE1,,IMPNGS,,2049,,,,,,,,,,,,,,0.0,,,
Scenario1,0,RE1,,IMPNGS,,2050,,,,,,,,,,,,,,0.0,,,
Scenario1,0,RE1,,IMPURN,,2019,,,,,,,,,,,,,,0.0,,,
Scenario1,0,RE1,,IMPURN,,2020,,,,,,,,,,,,,,0.0,,,
Scenario1,0,RE1,,IMPURN,,2021,,,,,,,,,,,,,,0.0,,,
Scenario1,0,RE1,,IMPURN,,2022,,,,,,,,,,,,,,0.0,,,
Scenario1,0,RE1,,IMPURN,,2023,,,,,,,,,,,,,,0.0,,,
Scenario1,0,RE1,,IMPURN,,2024,,,,,,,,,,,,,,0.0,,,
Scenario1,0,RE1,,IMPURN,,2025,,,,,,,,,,,,,,0.0,,,
Scenario1,0,RE1,,IMPURN,,2026,,,,,,,,,,,,,,0.0,,,
Scenario1,0,RE1,,IMPURN,,2027,,,,,,,,,,,,,,0.0,,,
Scenario1,0,RE1,,IMPURN,,2028,,,,,,,,,,,,,,0.0,,,
Scenario1,0,RE1,,IMPURN,,2029,,,,,,,,,,,,,,0.0,,,
Scenario1,0,RE1,,IMPURN,,2030,,,,,,,,,,,,,,0.0,,,
Scenario1,0,RE1,,IMPURN,,2031,,,,,,,,,,,,,,0.0,,,
Scenario1,0,RE1,,IMPURN,,2032,,,,,,,,,,,,,,0.0,,,
Scenario1,0,RE1,,IMPURN,,2033,,,,,,,,,,,,,,0.0,,,
Scenario1,0,RE1,,IMPURN,,2034,,,,,,,,,,,,,,0.0,,,
Scenario1,0,RE1,,IMPURN,,2035,,,,,,,,,,,,,,0.0,,,
Scenario1,0,RE1,,IMPURN,,2036,,,,,,,,,,,,,,0.0,,,
Scenario1,0,RE1,,IMPURN,,2037,,,,,,,,,,,,,,0.0,,,
Scenario1,0,RE1,,IMPURN,,2038,,,,,,,,,,,,,,0.0,,,
Scenario1,0,RE1,,IMPURN,,2039,,,,,,,,,,,,,,0.0,,,
Scenario1,0,RE1,,IMPURN,,2040,,,,,,,,,,,,,,0.0,,,
Scenario1,0,RE1,,IMPURN,,2041,,,,,,,,,,,,,,0.0,,,
Scenario1,0,RE1,,IMPURN,,2042,,,,,,,,,,,,,,0.0,,,
Scenario1,0,RE1,,IMPURN,,2043,,,,,,,,,,,,,,0.0,,,
Scenario1,0,RE1,,IMPURN,,2044,,,,,,,,,,,,,,0.0,,,
Scenario1,0,RE1,,IMPURN,,2045,,,,,,,,,,,,,,0.0,,,
Scenario1,0,RE1,,IMPURN,,2046,,,,,,,,,,,,,,0.0,,,
Scenario1,0,RE1,,IMPURN,,2047,,,,,,,,,,,,,,0.0,,,
Scenario1,0,RE1,,IMPURN,,2048,,,,,,,,,,,,,,0.0,,,
Scenario1,0,RE1,,IMPURN,,2049,,,,,,,,,,,,,,0.0,,,
Scenario1,0,RE1,,IMPURN,,2050,,,,,,,,,,,,,,0.0,,,
Scenario1,0,RE1,,MINBIO,,2019,,,,,,,,,,,,,,0.090174921408,,,
Scenario1,0,RE1,,MINBIO,,2020,,,,,,,,,,,,,,0.090174921408,,,
Scenario1,0,RE1,,MINBIO,,2021,,,,,,,,,,,,,,0.090174921408,,,
Scenario1,0,RE1,,MINBIO,,2022,,,,,,,,,,,,,,0.090174921408,,,
Scenario1,0,RE1,,MINBIO,,2023,,,,,,,,,,,,,,0.1532973663935999,,,
Scenario1,0,RE1,,MINBIO,,2024,,,,,,,,,,,,,,0.1532973663935999,,,
Scenario1,0,RE1,,MINBIO,,2025,,,,,,,,,,,,,,0.0,,,
Scenario1,0,RE1,,MINBIO,,2026,,,,,,,,,,,,,,0.0,,,
Scenario1,0,RE1,,MINBIO,,2027,,,,,,,,,,,,,,0.0,,,
Scenario1,0,RE1,,MINBIO,,2028,,,,,,,,,,,,,,0.0,,,
Scenario1,0,RE1,,MINBIO,,2029,,,,,,,,,,,,,,0.0,,,
Scenario1,0,RE1,,MINBIO,,2030,,,,,,,,,,,,,,0.0,,,
Scenario1,0,RE1,,MINBIO,,2031,,,,,,,,,,,,,,0.4974893058122661,,,
Scenario1,0,RE1,,MINBIO,,2032,,,,,,,,,,,,,,1.0753255656000005,,,
Scenario1,0,RE1,,MINBIO,,2033,,,,,,,,,,,,,,2.2484893410116813,,,
Scenario1,0,RE1,,MINBIO,,2034,,,,,,,,,,,,,,3.721873825612801,,,
Scenario1,0,RE1,,MINBIO,,2035,,,,,,,,,,,,,,3.67998235980385,,,
Scenario1,0,RE1,,MINBIO,,2036,,,,,,,,,,,,,,2.358529154864464,,,
Scenario1,0,RE1,,MINBIO,,2037,,,,,,,,,,,,,,2.451464783407637,,,
Scenario1,0,RE1,,MINBIO,,2038,,,,,,,,,,,,,,3.053343090747009,,,
Scenario1,0,RE1,,MINBIO,,2039,,,,,,,,,,,,,,2.5185603910896,,,
Scenario1,0,RE1,,MINBIO,,2040,,,,,,,,,,,,,,2.7617519347604675,,,
Scenario1,0,RE1,,MINBIO,,2041,,,,,,,,,,,,,,2.132714731810515,,,
Scenario1,0,RE1,,MINBIO,,2042,,,,,,,,,,,,,,1.453575256956204,,,
Scenario1,0,RE1,,MINBIO,,2043,,,,,,,,,,,,,,1.3504992590835547,,,
Scenario1,0,RE1,,MINBIO,,2044,,,,,,,,,,,,,,1.345520121489803,,,
Scenario1,0,RE1,,MINBIO,,2045,,,,,,,,,,,,,,4.855919517820799,,,
Scenario1,0,RE1,,MINBIO,,2046,,,,,,,,,,,,,,4.855919517820799,,,
Scenario1,0,RE1,,MINBIO,,2047,,,,,,,,,,,,,,4.855919517820799,,,
Scenario1,0,RE1,,MINBIO,,2048,,,,,,,,,,,,,,4.673488008345281,,,
Scenario1,0,RE1,,MINBIO,,2049,,,,,,,,,,,,,,3.38426317125365,,,
Scenario1,0,RE1,,MINBIO,,2050,,,,,,,,,,,,,,2.3797954826873853,,,
Scenario1,0,RE1,,MINCOA,,2019,,,,,,,,,,,,,,0.0,,,
Scenario1,0,RE1,,MINCOA,,2020,,,,,,,,,,,,,,0.0,,,
Scenario1,0,RE1,,MINCOA,,2021,,,,,,,,,,,,,,0.0,,,
Scenario1,0,RE1,,MINCOA,,2022,,,,,,,,,,,,,,0.0,,,
Scenario1,0,RE1,,MINCOA,,2023,,,,,,,,,,,,,,0.0,,,
Scenario1,0,RE1,,MINCOA,,2024,,,,,,,,,,,,,,0.0,,,
Scenario1,0,RE1,,MINCOA,,2025,,,,,,,,,,,,,,0.0,,,
Scenario1,0,RE1,,MINCOA,,2026,,,,,,,,,,,,,,0.0,,,
Scenario1,0,RE1,,MINCOA,,2027,,,,,,,,,,,,,,0.0,,,
Scenario1,0,RE1,,MINCOA,,2028,,,,,,,,,,,,,,0.0,,,
Scenario1,0,RE1,,MINCOA,,2029,,,,,,,,,,,,,,0.0,,,
Scenario1,0,RE1,,MINCOA,,2030,,,,,,,,,,,,,,0.0,,,
Scenario1,0,RE1,,MINCOA,,2031,,,,,,,,,,,,,,0.0,,,
Scenario1,0,RE1,,MINCOA,,2032,,,,,,,,,,,,,,0.0,,,
Scenario1,0,RE1,,MINCOA,,2033,,,,,,,,,,,,,,0.0,,,
Scenario1,0,RE1,,MINCOA,,2034,,,,,,,,,,,,,,0.0,,,
Scenario1,0,RE1,,MINCOA,,2035,,,,,,,,,,,,,,0.0,,,
Scenario1,0,RE1,,MINCOA,,2036,,,,,,,,,,,,,,0.0,,,
Scenario1,0,RE1,,MINCOA,,2037,,,,,,,,,,,,,,0.0,,,
Scenario1,0,RE1,,MINCOA,,2038,,,,,,,,,,,,,,0.0,,,
Scenario1,0,RE1,,MINCOA,,2039,,,,,,,,,,,,,,0.0,,,
Scenario1,0,RE1,,MINCOA,,2040,,,,,,,,,,,,,,0.0,,,
Scenario1,0,RE1,,MINCOA,,2041,,,,,,,,,,,,,,0.0,,,
Scenario1,0,RE1,,MINCOA,,2042,,,,,,,,,,,,,,0.0,,,
Scenario1,0,RE1,,MINCOA,,2043,,,,,,,,,,,,,,0.0,,,
Scenario1,0,RE1,,MINCOA,,2044,,,,,,,,,,,,,,0.0,,,
Scenario1,0,RE1,,MINCOA,,2045,,,,,,,,,,,,,,0.0,,,
Scenario1,0,RE1,,MINCOA,,2046,,,,,,,,,,,,,,0.0,,,
Scenario1,0,RE1,,MINCOA,,2047,,,,,,,,,,,,,,0.0,,,
Scenario1,0,RE1,,MINCOA,,2048,,,,,,,,,,,,,,0.0,,,
Scenario1,0,RE1,,MINCOA,,2049,,,,,,,,,,,,,,0.0,,,
Scenario1,0,RE1,,MINCOA,,2050,,,,,,,,,,,,,,0.0,,,
Scenario1,0,RE1,,MINGEO,,2019,,,,,,,,,,,,,,70.04370437111331,,,
Scenario1,0,RE1,,MINGEO,,2020,,,,,,,,,,,,,,70.04370437111331,,,
Scenario1,0,RE1,,MINGEO,,2021,,,,,,,,,,,,,,70.04370437111335,,,
Scenario1,0,RE1,,MINGEO,,2022,,,,,,,,,,,,,,77.41905587422764,,,
Scenario1,0,RE1,,MINGEO,,2023,,,,,,,,,,,,,,80.51794306041012,,,
Scenario1,0,RE1,,MINGEO,,2024,,,,,,,,,,,,,,77.86175404368194,,,
Scenario1,0,RE1,,MINGEO,,2025,,,,,,,,,,,,,,7.688203202559526,,,
Scenario1,0,RE1,,MINGEO,,2026,,,,,,,,,,,,,,9.395725191920986,,,
Scenario1,0,RE1,,MINGEO,,2027,,,,,,,,,,,,,,15.762319029316986,,,
Scenario1,0,RE1,,MINGEO,,2028,,,,,,,,,,,,,,22.93237375481608,,,
Scenario1,0,RE1,,MINGEO,,2029,,,,,,,,,,,,,,31.728521575378632,,,
Scenario1,0,RE1,,MINGEO,,2030,,,,,,,,,,,,,,41.57871287689744,,,
Scenario1,0,RE1,,MINGEO,,2031,,,,,,,,,,,,,,49.208880978266535,,,
Scenario1,0,RE1,,MINGEO,,2032,,,,,,,,,,,,,,60.51694464048998,,,
Scenario1,0,RE1,,MINGEO,,2033,,,,,,,,,,,,,,71.12388790458243,,,
Scenario1,0,RE1,,MINGEO,,2034,,,,,,,,,,,,,,71.70628114646642,,,
Scenario1,0,RE1,,MINGEO,,2035,,,,,,,,,,,,,,86.01341686259815,,,
Scenario1,0,RE1,,MINGEO,,2036,,,,,,,,,,,,,,104.46698903096215,,,
Scenario1,0,RE1,,MINGEO,,2037,,,,,,,,,,,,,,119.05791226491944,,,
Scenario1,0,RE1,,MINGEO,,2038,,,,,,,,,,,,,,144.912818789282,,,
Scenario1,0,RE1,,MINGEO,,2039,,,,,,,,,,,,,,157.91515934982695,,,
Scenario1,0,RE1,,MINGEO,,2040,,,,,,,,,,,,,,176.0219639646568,,,
Scenario1,0,RE1,,MINGEO,,2041,,,,,,,,,,,,,,183.19138437026956,,,
Scenario1,0,RE1,,MINGEO,,2042,,,,,,,,,,,,,,207.79650475457748,,,
Scenario1,0,RE1,,MINGEO,,2043,,,,,,,,,,,,,,227.54636386859227,,,
Scenario1,0,RE1,,MINGEO,,2044,,,,,,,,,,,,,,248.2251389814083,,,
Scenario1,0,RE1,,MINGEO,,2045,,,,,,,,,,,,,,294.8765300295246,,,
Scenario1,0,RE1,,MINGEO,,2046,,,,,,,,,,,,,,319.1398161128527,,,
Scenario1,0,RE1,,MINGEO,,2047,,,,,,,,,,,,,,342.5648236154577,,,
Scenario1,0,RE1,,MINGEO,,2048,,,,,,,,,,,,,,367.3366927165647,,,
Scenario1,0,RE1,,MINGEO,,2049,,,,,,,,,,,,,,393.4310556322649,,,
Scenario1,0,RE1,,MINGEO,,2050,,,,,,,,,,,,,,420.32207668625296,,,
Scenario1,0,RE1,,MINHYD,,2019,,,,,,,,,,,,,,13.119691865242071,,,
Scenario1,0,RE1,,MINHYD,,2020,,,,,,,,,,,,,,13.119691865242077,,,
Scenario1,0,RE1,,MINHYD,,2021,,,,,,,,,,,,,,13.119691865242077,,,
Scenario1,0,RE1,,MINHYD,,2022,,,,,,,,,,,,,,13.119691865242077,,,
Scenario1,0,RE1,,MINHYD,,2023,,,,,,,,,,,,,,13.216735779649994,,,
Scenario1,0,RE1,,MINHYD,,2024,,,,,,,,,,,,,,13.249969996912975,,,
Scenario1,0,RE1,,MINHYD,,2025,,,,,,,,,,,,,,7.726385774999974,,,
Scenario1,0,RE1,,MINHYD,,2026,,,,,,,,,,,,,,7.36902698977879,,,
Scenario1,0,RE1,,MINHYD,,2027,,,,,,,,,,,,,,7.390647204686356,,,
Scenario1,0,RE1,,MINHYD,,2028,,,,,,,,,,,,,,7.936424899113376,,,
Scenario1,0,RE1,,MINHYD,,2029,,,,,,,,,,,,,,9.240385061117069,,,
Scenario1,0,RE1,,MINHYD,,2030,,,,,,,,,,,,,,10.770742803079486,,,
Scenario1,0,RE1,,MINHYD,,2031,,,,,,,,,,,,,,13.14976604727125,,,
Scenario1,0,RE1,,MINHYD,,2032,,,,,,,,,,,,,,14.617890379457444,,,
Scenario1,0,RE1,,MINHYD,,2033,,,,,,,,,,,,,,15.012712880541716,,,
Scenario1,0,RE1,,MINHYD,,2034,,,,,,,,,,,,,,15.309162098527551,,,
Scenario1,0,RE1,,MINHYD,,2035,,,,,,,,,,,,,,15.692020281397133,,,
Scenario1,0,RE1,,MINHYD,,2036,,,,,,,,,,,,,,16.01904497926491,,,
Scenario1,0,RE1,,MINHYD,,2037,,,,,,,,,,,,,,16.019044979264912,,,
Scenario1,0,RE1,,MINHYD,,2038,,,,,,,,,,,,,,16.01904497926491,,,
Scenario1,0,RE1,,MINHYD,,2039,,,,,,,,,,,,,,16.019044979264912,,,
Scenario1,0,RE1,,MINHYD,,2040,,,,,,,,,,,,,,16.01904497926491,,,
Scenario1,0,RE1,,MINHYD,,2041,,,,,,,,,,,,,,16.01904497926491,,,
Scenario1,0,RE1,,MINHYD,,2042,,,,,,,,,,,,,,14.411313531991391,,,
Scenario1,0,RE1,,MINHYD,,2043,,,,,,,,,,,,,,14.411313531991391,,,
Scenario1,0,RE1,,MINHYD,,2044,,,,,,,,,,,,,,14.411313531991391,,,
Scenario1,0,RE1,,MINHYD,,2045,,,,,,,,,,,,,,14.41131353199139,,,
Scenario1,0,RE1,,MINHYD,,2046,,,,,,,,,,,,,,14.41131353199139,,,
Scenario1,0,RE1,,MINHYD,,2047,,,,,,,,,,,,,,14.411313531991391,,,
Scenario1,0,RE1,,MINHYD,,2048,,,,,,,,,,,,,,14.411313531991397,,,
Scenario1,0,RE1,,MINHYD,,2049,,,,,,,,,,,,,,14.41131353199139,,,
Scenario1,0,RE1,,MINHYD,,2050,,,,,,,,,,,,,,14.411313531991391,,,
Scenario1,0,RE1,,MINSOL,,2019,,,,,,,,,,,,,,0.34427953991592,,,
Scenario1,0,RE1,,MINSOL,,2020,,,,,,,,,,,,,,0.34427953991592,,,
Scenario1,0,RE1,,MINSOL,,2021,,,,,,,,,,,,,,0.5481067302144,,,
Scenario1,0,RE1,,MINSOL,,2022,,,,,,,,,,,,,,0.8221600953215998,,,
Scenario1,0,RE1,,MINSOL,,2023,,,,,,,,,,,,,,1.1064904616203195,,,
Scenario1,0,RE1,,MINSOL,,2024,,,,,,,,,,,,,,1.3805438267275196,,,
Scenario1,0,RE1,,MINSOL,,2025,,,,,,,,,,,,,,1.38054382672752,,,
Scenario1,0,RE1,,MINSOL,,2026,,,,,,,,,,,,,,1.6545971918347204,,,
Scenario1,0,RE1,,MINSOL,,2027,,,,,,,,,,,,,,1.6545971918347198,,,
Scenario1,0,RE1,,MINSOL,,2028,,,,,,,,,,,,,,1.65459719183472,,,
Scenario1,0,RE1,,MINSOL,,2029,,,,,,,,,,,,,,1.65459719183472,,,
Scenario1,0,RE1,,MINSOL,,2030,,,,,,,,,,,,,,1.65459719183472,,,
Scenario1,0,RE1,,MINSOL,,2031,,,,,,,,,,,,,,1.6545971918347198,,,
Scenario1,0,RE1,,MINSOL,,2032,,,,,,,,,,,,,,1.65459719183472,,,
Scenario1,0,RE1,,MINSOL,,2033,,,,,,,,,,,,,,1.65459719183472,,,
Scenario1,0,RE1,,MINSOL,,2034,,,,,,,,,,,,,,1.65459719183472,,,
Scenario1,0,RE1,,MINSOL,,2035,,,,,,,,,,,,,,1.65459719183472,,,
Scenario1,0,RE1,,MINSOL,,2036,,,,,,,,,,,,,,1.65459719183472,,,
Scenario1,0,RE1,,MINSOL,,2037,,,,,,,,,,,,,,1.65459719183472,,,
Scenario1,0,RE1,,MINSOL,,2038,,,,,,,,,,,,,,1.6545971918347198,,,
Scenario1,0,RE1,,MINSOL,,2039,,,,,,,,,,,,,,1.6545971918347198,,,
Scenario1,0,RE1,,MINSOL,,2040,,,,,,,,,,,,,,1.6545971918347195,,,
Scenario1,0,RE1,,MINSOL,,2041,,,,,,,,,,,,,,1.6545971918347198,,,
Scenario1,0,RE1,,MINSOL,,2042,,,,,,,,,,,,,,1.6545971918347195,,,
Scenario1,0,RE1,,MINSOL,,2043,,,,,,,,,,,,,,1.6545971918347195,,,
Scenario1,0,RE1,,MINSOL,,2044,,,,,,,,,,,,,,1.6545971918347195,,,
Scenario1,0,RE1,,MINSOL,,2045,,,,,,,,,,,,,,1.6545971918347195,,,
Scenario1,0,RE1,,MINSOL,,2046,,,,,,,,,,,,,,1.4507700015362397,,,
Scenario1,0,RE1,,MINSOL,,2047,,,,,,,,,,,,,,1.17671663642904,,,
Scenario1,0,RE1,,MINSOL,,2048,,,,,,,,,,,,,,0.8923862701303198,,,
Scenario1,0,RE1,,MINSOL,,2049,,,,,,,,,,,,,,0.6183329050231199,,,
Scenario1,0,RE1,,MINSOL,,2050,,,,,,,,,,,,,,0.6183329050231199,,,
Scenario1,0,RE1,,MINWND,,2019,,,,,,,,,,,,,,5.6881965574656,,,
Scenario1,0,RE1,,MINWND,,2020,,,,,,,,,,,,,,5.6881965574656,,,
Scenario1,0,RE1,,MINWND,,2021,,,,,,,,,,,,,,7.422402824985599,,,
Scenario1,0,RE1,,MINWND,,2022,,,,,,,,,,,,,,7.422402824985599,,,
Scenario1,0,RE1,,MINWND,,2023,,,,,,,,,,,,,,7.422402824985599,,,
Scenario1,0,RE1,,MINWND,,2024,,,,,,,,,,,,,,7.422402824985599,,,
Scenario1,0,RE1,,MINWND,,2025,,,,,,,,,,,,,,44.21402164458623,,,
Scenario1,0,RE1,,MINWND,,2026,,,,,,,,,,,,,,45.08112477834622,,,
Scenario1,0,RE1,,MINWND,,2027,,,,,,,,,,,,,,45.08112477834622,,,
Scenario1,0,RE1,,MINWND,,2028,,,,,,,,,,,,,,44.99268025870271,,,
Scenario1,0,RE1,,MINWND,,2029,,,,,,,,,,,,,,44.99268025870271,,,
Scenario1,0,RE1,,MINWND,,2030,,,,,,,,,,,,,,44.99268025870271,,,
Scenario1,0,RE1,,MINWND,,2031,,,,,,,,,,,,,,44.99268025870271,,,
Scenario1,0,RE1,,MINWND,,2032,,,,,,,,,,,,,,44.99268025870271,,,
Scenario1,0,RE1,,MINWND,,2033,,,,,,,,,,,,,,44.99268025870271,,,
Scenario1,0,RE1,,MINWND,,2034,,,,,,,,,,,,,,48.15975620548383,,,
Scenario1,0,RE1,,MINWND,,2035,,,,,,,,,,,,,,48.26004539585001,,,
Scenario1,0,RE1,,MINWND,,2036,,,,,,,,,,,,,,48.26004539585,,,
Scenario1,0,RE1,,MINWND,,2037,,,,,,,,,,,,,,49.286416189340336,,,
Scenario1,0,RE1,,MINWND,,2038,,,,,,,,,,,,,,46.12922161770798,,,
Scenario1,0,RE1,,MINWND,,2039,,,,,,,,,,,,,,48.704263441321096,,,
Scenario1,0,RE1,,MINWND,,2040,,,,,,,,,,,,,,49.316091822288406,,,
Scenario1,0,RE1,,MINWND,,2041,,,,,,,,,,,,,,54.34355622290418,,,
Scenario1,0,RE1,,MINWND,,2042,,,,,,,,,,,,,,55.533882000122325,,,
Scenario1,0,RE1,,MINWND,,2043,,,,,,,,,,,,,,56.9194392898624,,,
Scenario1,0,RE1,,MINWND,,2044,,,,,,,,,,,,,,58.38373931737593,,,
Scenario1,0,RE1,,MINWND,,2045,,,,,,,,,,,,,,49.43552358636309,,,
Scenario1,0,RE1,,MINWND,,2046,,,,,,,,,,,,,,50.96543136340256,,,
Scenario1,0,RE1,,MINWND,,2047,,,,,,,,,,,,,,53.4987510714144,,,
Scenario1,0,RE1,,MINWND,,2048,,,,,,,,,,,,,,56.17610828266044,,,
Scenario1,0,RE1,,MINWND,,2049,,,,,,,,,,,,,,59.00570432187607,,,
Scenario1,0,RE1,,MINWND,,2050,,,,,,,,,,,,,,61.99615753030864,,,
Scenario1,0,RE1,,PWRBIO001,,2019,,,,,,,,,,,,,,0.0315296928,,,
Scenario1,0,RE1,,PWRBIO001,,2020,,,,,,,,,,,,,,0.0315296928,,,
Scenario1,0,RE1,,PWRBIO001,,2021,,,,,,,,,,,,,,0.0315296928,,,
Scenario1,0,RE1,,PWRBIO001,,2022,,,,,,,,,,,,,,0.0315296928,,,
Scenario1,0,RE1,,PWRBIO001,,2023,,,,,,,,,,,,,,0.0536004777599999,,,
Scenario1,0,RE1,,PWRBIO001,,2024,,,,,,,,,,,,,,0.05360047776,,,
Scenario1,0,RE1,,PWRBIO001,,2025,,,,,,,,,,,,,,0.0,,,
Scenario1,0,RE1,,PWRBIO001,,2026,,,,,,,,,,,,,,0.0,,,
Scenario1,0,RE1,,PWRBIO001,,2027,,,,,,,,,,,,,,0.0,,,
Scenario1,0,RE1,,PWRBIO001,,2028,,,,,,,,,,,,,,0.0,,,
Scenario1,0,RE1,,PWRBIO001,,2029,,,,,,,,,,,,,,0.0,,,
Scenario1,0,RE1,,PWRBIO001,,2030,,,,,,,,,,,,,,0.0,,,
Scenario1,0,RE1,,PWRBIO001,,2031,,,,,,,,,,,,,,0.1739473097245685,,,
Scenario1,0,RE1,,PWRBIO001,,2032,,,,,,,,,,,,,,0.37598796,,,
Scenario1,0,RE1,,PWRBIO001,,2033,,,,,,,,,,,,,,0.7861850842698184,,,
Scenario1,0,RE1,,PWRBIO001,,2034,,,,,,,,,,,,,,1.3013544844799996,,,
Scenario1,0,RE1,,PWRBIO001,,2035,,,,,,,,,,,,,,1.2867071188125352,,,
Scenario1,0,RE1,,PWRBIO001,,2036,,,,,,,,,,,,,,0.8246605436589036,,,
Scenario1,0,RE1,,PWRBIO001,,2037,,,,,,,,,,,,,,0.8571555186739992,,,
Scenario1,0,RE1,,PWRBIO001,,2038,,,,,,,,,,,,,,1.0676024792821714,,,
Scenario1,0,RE1,,PWRBIO001,,2039,,,,,,,,,,,,,,0.8806155213600001,,,
Scenario1,0,RE1,,PWRBIO001,,2040,,,,,,,,,,,,,,0.9656475296365272,,,
Scenario1,0,RE1,,PWRBIO001,,2041,,,,,,,,,,,,,,0.7457044516819982,,,
Scenario1,0,RE1,,PWRBIO001,,2042,,,,,,,,,,,,,,0.5082430968378334,,,
Scenario1,0,RE1,,PWRBIO001,,2043,,,,,,,,,,,,,,0.4722025381411029,,,
Scenario1,0,RE1,,PWRBIO001,,2044,,,,,,,,,,,,,,0.4704615809404903,,,
Scenario1,0,RE1,,PWRBIO001,,2045,,,,,,,,,,,,,,1.69787395728,,,
Scenario1,0,RE1,,PWRBIO001,,2046,,,,,,,,,,,,,,1.6978739572800003,,,
Scenario1,0,RE1,,PWRBIO001,,2047,,,,,,,,,,,,,,1.6978739572799997,,,
Scenario1,0,RE1,,PWRBIO001,,2048,,,,,,,,,,,,,,1.634086716204644,,,
Scenario1,0,RE1,,PWRBIO001,,2049,,,,,,,,,,,,,,1.1833088011376396,,,
Scenario1,0,RE1,,PWRBIO001,,2050,,,,,,,,,,,,,,0.8320963226179665,,,
Scenario1,0,RE1,,PWRCOA001,,2019,,,,,,,,,,,,,,0.0,,,
Scenario1,0,RE1,,PWRCOA001,,2020,,,,,,,,,,,,,,0.0,,,
Scenario1,0,RE1,,PWRCOA001,,2021,,,,,,,,,,,,,,0.0,,,
Scenario1,0,RE1,,PWRCOA001,,2022,,,,,,,,,,,,,,0.0,,,
Scenario1,0,RE1,,PWRCOA001,,2023,,,,,,,,,,,,,,0.0,,,
Scenario1,0,RE1,,PWRCOA001,,2024,,,,,,,,,,,,,,0.0,,,
Scenario1,0,RE1,,PWRCOA001,,2025,,,,,,,,,,,,,,0.0,,,
Scenario1,0,RE1,,PWRCOA001,,2026,,,,,,,,,,,,,,0.0,,,
Scenario1,0,RE1,,PWRCOA001,,2027,,,,,,,,,,,,,,0.0,,,
Scenario1,0,RE1,,PWRCOA001,,2028,,,,,,,,,,,,,,0.0,,,
Scenario1,0,RE1,,PWRCOA001,,2029,,,,,,,,,,,,,,0.0,,,
Scenario1,0,RE1,,PWRCOA001,,2030,,,,,,,,,,,,,,0.0,,,
Scenario1,0,RE1,,PWRCOA001,,2031,,,,,,,,,,,,,,0.0,,,
Scenario1,0,RE1,,PWRCOA001,,2032,,,,,,,,,,,,,,0.0,,,
Scenario1,0,RE1,,PWRCOA001,,2033,,,,,,,,,,,,,,0.0,,,
Scenario1,0,RE1,,PWRCOA001,,2034,,,,,,,,,,,,,,0.0,,,
Scenario1,0,RE1,,PWRCOA001,,2035,,,,,,,,,,,,,,0.0,,,
Scenario1,0,RE1,,PWRCOA001,,2036,,,,,,,,,,,,,,0.0,,,
Scenario1,0,RE1,,PWRCOA001,,2037,,,,,,,,,,,,,,0.0,,,
Scenario1,0,RE1,,PWRCOA001,,2038,,,,,,,,,,,,,,0.0,,,
Scenario1,0,RE1,,PWRCOA001,,2039,,,,,,,,,,,,,,0.0,,,
Scenario1,0,RE1,,PWRCOA001,,2040,,,,,,,,,,,,,,0.0,,,
Scenario1,0,RE1,,PWRCOA001,,2041,,,,,,,,,,,,,,0.0,,,
Scenario1,0,RE1,,PWRCOA001,,2042,,,,,,,,,,,,,,0.0,,,
Scenario1,0,RE1,,PWRCOA001,,2043,,,,,,,,,,,,,,0.0,,,
Scenario1,0,RE1,,PWRCOA001,,2044,,,,,,,,,,,,,,0.0,,,
Scenario1,0,RE1,,PWRCOA001,,2045,,,,,,,,,,,,,,0.0,,,
Scenario1,0,RE1,,PWRCOA001,,2046,,,,,,,,,,,,,,0.0,,,
Scenario1,0,RE1,,PWRCOA001,,2047,,,,,,,,,,,,,,0.0,,,
Scenario1,0,RE1,,PWRCOA001,,2048,,,,,,,,,,,,,,0.0,,,
Scenario1,0,RE1,,PWRCOA001,,2049,,,,,,,,,,,,,,0.0,,,
Scenario1,0,RE1,,PWRCOA001,,2050,,,,,,,,,,,,,,0.0,,,
Scenario1,0,RE1,,PWRDIST,,2019,,,,,,,,,,,,,,45.58319640705445,,,
Scenario1,0,RE1,,PWRDIST,,2020,,,,,,,,,,,,,,46.38021689122576,,,
Scenario1,0,RE1,,PWRDIST,,2021,,,,,,,,,,,,,,48.43330780172884,,,
Scenario1,0,RE1,,PWRDIST,,2022,,,,,,,,,,,,,,49.99672095310965,,,
Scenario1,0,RE1,,PWRDIST,,2023,,,,,,,,,,,,,,51.46179039301309,,,
Scenario1,0,RE1,,PWRDIST,,2024,,,,,,,,,,,,,,53.1680479825518,,,
Scenario1,0,RE1,,PWRDIST,,2025,,,,,,,,,,,,,,55.02788671023964,,,
Scenario1,0,RE1,,PWRDIST,,2026,,,,,,,,,,,,,,56.976389946686986,,,
Scenario1,0,RE1,,PWRDIST,,2027,,,,,,,,,,,,,,60.19813063797414,,,
Scenario1,0,RE1,,PWRDIST,,2028,,,,,,,,,,,,,,63.60833695180198,,,
Scenario1,0,RE1,,PWRDIST,,2029,,,,,,,,,,,,,,67.50867490782912,,,
Scenario1,0,RE1,,PWRDIST,,2030,,,,,,,,,,,,,,71.69432409012131,,,
Scenario1,0,RE1,,PWRDIST,,2031,,,,,,,,,,,,,,75.60359190738937,,,
Scenario1,0,RE1,,PWRDIST,,2032,,,,,,,,,,,,,,79.94282935264238,,,
Scenario1,0,RE1,,PWRDIST,,2033,,,,,,,,,,,,,,84.3418978732592,,,
Scenario1,0,RE1,,PWRDIST,,2034,,,,,,,,,,,,,,89.02285960750487,,,
Scenario1,0,RE1,,PWRDIST,,2035,,,,,,,,,,,,,,93.94840585954331,,,
Scenario1,0,RE1,,PWRDIST,,2036,,,,,,,,,,,,,,98.94341043571814,,,
Scenario1,0,RE1,,PWRDIST,,2037,,,,,,,,,,,,,,104.56560988715746,,,
Scenario1,0,RE1,,PWRDIST,,2038,,,,,,,,,,,,,,110.42404723564142,,,
Scenario1,0,RE1,,PWRDIST,,2039,,,,,,,,,,,,,,116.61902208878402,,,
Scenario1,0,RE1,,PWRDIST,,2040,,,,,,,,,,,,,,123.19076692373608,,,
Scenario1,0,RE1,,PWRDIST,,2041,,,,,,,,,,,,,,130.11684142948852,,,
Scenario1,0,RE1,,PWRDIST,,2042,,,,,,,,,,,,,,137.2888746393075,,,
Scenario1,0,RE1,,PWRDIST,,2043,,,,,,,,,,,,,,144.94000213515534,,,
Scenario1,0,RE1,,PWRDIST,,2044,,,,,,,,,,,,,,153.00117295798674,,,
Scenario1,0,RE1,,PWRDIST,,2045,,,,,,,,,,,,,,161.52822752449936,,,
Scenario1,0,RE1,,PWRDIST,,2046,,,,,,,,,,,,,,170.5306448180464,,,
Scenario1,0,RE1,,PWRDIST,,2047,,,,,,,,,,,,,,180.01594218301625,,,
Scenario1,0,RE1,,PWRDIST,,2048,,,,,,,,,,,,,,190.04926212973777,,,
Scenario1,0,RE1,,PWRDIST,,2049,,,,,,,,,,,,,,200.6420617244671,,,
Scenario1,0,RE1,,PWRDIST,,2050,,,,,,,,,,,,,,211.8029661016949,,,
Scenario1,0,RE1,,PWRGEO001,,2019,,,,,,,,,,,,,,23.583738845492693,,,
Scenario1,0,RE1,,PWRGEO001,,2020,,,,,,,,,,,,,,23.583738845492704,,,
Scenario1,0,RE1,,PWRGEO001,,2021,,,,,,,,,,,,,,23.583738845492704,,,
Scenario1,0,RE1,,PWRGEO001,,2022,,,,,,,,,,,,,,26.067022179874616,,,
Scenario1,0,RE1,,PWRGEO001,,2023,,,,,,,,,,,,,,26.06702217987463,,,
Scenario1,0,RE1,,PWRGEO001,,2024,,,,,,,,,,,,,,25.17268244360251,,,
Scenario1,0,RE1,,PWRGEO001,,2025,,,,,,,,,,,,,,1.9466780063061684,,,
Scenario1,0,RE1,,PWRGEO001,,2026,,,,,,,,,,,,,,2.687602523663632,,,
Scenario1,0,RE1,,PWRGEO001,,2027,,,,,,,,,,,,,,4.86820636914709,,,
Scenario1,0,RE1,,PWRGEO001,,2028,,,,,,,,,,,,,,7.159043774802623,,,
Scenario1,0,RE1,,PWRGEO001,,2029,,,,,,,,,,,,,,9.750971743677326,,,
Scenario1,0,RE1,,PWRGEO001,,2030,,,,,,,,,,,,,,12.70154309506828,,,
Scenario1,0,RE1,,PWRGEO001,,2031,,,,,,,,,,,,,,15.08825769302936,,,
Scenario1,0,RE1,,PWRGEO001,,2032,,,,,,,,,,,,,,18.439859844528613,,,
Scenario1,0,RE1,,PWRGEO001,,2033,,,,,,,,,,,,,,21.86064428694192,,,
Scenario1,0,RE1,,PWRGEO001,,2034,,,,,,,,,,,,,,22.056736287576243,,,
Scenario1,0,RE1,,PWRGEO001,,2035,,,,,,,,,,,,,,26.873953700415218,,,
Scenario1,0,RE1,,PWRGEO001,,2036,,,,,,,,,,,,,,33.09878082879533,,,
Scenario1,0,RE1,,PWRGEO001,,2037,,,,,,,,,,,,,,38.00004642846955,,,
Scenario1,0,RE1,,PWRGEO001,,2038,,,,,,,,,,,,,,38.71596718321493,,,
Scenario1,0,RE1,,PWRGEO001,,2039,,,,,,,,,,,,,,38.19128787126862,,,
Scenario1,0,RE1,,PWRGEO001,,2040,,,,,,,,,,,,,,34.01770243533261,,,
Scenario1,0,RE1,,PWRGEO001,,2041,,,,,,,,,,,,,,28.437156926777337,,,
Scenario1,0,RE1,,PWRGEO001,,2042,,,,,,,,,,,,,,28.54077742564508,,,
Scenario1,0,RE1,,PWRGEO001,,2043,,,,,,,,,,,,,,26.500875826991717,,,
Scenario1,0,RE1,,PWRGEO001,,2044,,,,,,,,,,,,,,26.552856590647924,,,
Scenario1,0,RE1,,PWRGEO001,,2045,,,,,,,,,,,,,,22.36743680416272,,,
Scenario1,0,RE1,,PWRGEO001,,2046,,,,,,,,,,,,,,22.367436804162725,,,
Scenario1,0,RE1,,PWRGEO001,,2047,,,,,,,,,,,,,,19.8841534697808,,,
Scenario1,0,RE1,,PWRGEO001,,2048,,,,,,,,,,,,,,19.8841534697808,,,
Scenario1,0,RE1,,PWRGEO001,,2049,,,,,,,,,,,,,,19.8841534697808,,,
Scenario1,0,RE1,,PWRGEO001,,2050,,,,,,,,,,,,,,19.287926978932784,,,
Scenario1,0,RE1,,PWRGEO002,,2019,,,,,,,,,,,,,,0.0,,,
Scenario1,0,RE1,,PWRGEO002,,2020,,,,,,,,,,,,,,0.0,,,
Scenario1,0,RE1,,PWRGEO002,,2021,,,,,,,,,,,,,,0.0,,,
Scenario1,0,RE1,,PWRGEO002,,2022,,,,,,,,,,,,,,0.0,,,
Scenario1,0,RE1,,PWRGEO002,,2023,,,,,,,,,,,,,,1.0433963589839998,,,
Scenario1,0,RE1,,PWRGEO002,,2024,,,,,,,,,,,,,,1.0433963589839998,,,
Scenario1,0,RE1,,PWRGEO002,,2025,,,,,,,,,,,,,,0.6419426006162309,,,
Scenario1,0,RE1,,PWRGEO002,,2026,,,,,,,,,,,,,,0.475941312,,,
Scenario1,0,RE1,,PWRGEO002,,2027,,,,,,,,,,,,,,0.4389717552020639,,,
Scenario1,0,RE1,,PWRGEO002,,2028,,,,,,,,,,,,,,0.5622941897819167,,,
Scenario1,0,RE1,,PWRGEO002,,2029,,,,,,,,,,,,,,0.9320321537565576,,,
Scenario1,0,RE1,,PWRGEO002,,2030,,,,,,,,,,,,,,1.2980235301497072,,,
Scenario1,0,RE1,,PWRGEO002,,2031,,,,,,,,,,,,,,1.4803891009997765,,,
Scenario1,0,RE1,,PWRGEO002,,2032,,,,,,,,,,,,,,1.936215792,,,
Scenario1,0,RE1,,PWRGEO002,,2033,,,,,,,,,,,,,,2.086792717968,,,
Scenario1,0,RE1,,PWRGEO002,,2034,,,,,,,,,,,,,,2.086792717968,,,
Scenario1,0,RE1,,PWRGEO002,,2035,,,,,,,,,,,,,,2.086792717968,,,
Scenario1,0,RE1,,PWRGEO002,,2036,,,,,,,,,,,,,,2.0752895520000005,,,
Scenario1,0,RE1,,PWRGEO002,,2037,,,,,,,,,,,,,,2.086792717968,,,
Scenario1,0,RE1,,PWRGEO002,,2038,,,,,,,,,,,,,,6.111321531192,,,
Scenario1,0,RE1,,PWRGEO002,,2039,,,,,,,,,,,,,,7.900001003736,,,
Scenario1,0,RE1,,PWRGEO002,,2040,,,,,,,,,,,,,,13.191662451471633,,,
Scenario1,0,RE1,,PWRGEO002,,2041,,,,,,,,,,,,,,13.862265912216,,,
Scenario1,0,RE1,,PWRGEO002,,2042,,,,,,,,,,,,,,13.785852023999997,,,
Scenario1,0,RE1,,PWRGEO002,,2043,,,,,,,,,,,,,,13.862265912216,,,
Scenario1,0,RE1,,PWRGEO002,,2044,,,,,,,,,,,,,,13.785852024,,,
Scenario1,0,RE1,,PWRGEO002,,2045,,,,,,,,,,,,,,13.862265912216,,,
Scenario1,0,RE1,,PWRGEO002,,2046,,,,,,,,,,,,,,13.862265912216005,,,
Scenario1,0,RE1,,PWRGEO002,,2047,,,,,,,,,,,,,,13.862265912215998,,,
Scenario1,0,RE1,,PWRGEO002,,2048,,,,,,,,,,,,,,12.818869553232004,,,
Scenario1,0,RE1,,PWRGEO002,,2049,,,,,,,,,,,,,,12.818869553232,,,
Scenario1,0,RE1,,PWRGEO002,,2050,,,,,,,,,,,,,,11.775473194248006,,,
Scenario1,0,RE1,,PWRGEO003,,2019,,,,,,,,,,,,,,0.0,,,
Scenario1,0,RE1,,PWRGEO003,,2020,,,,,,,,,,,,,,0.0,,,
Scenario1,0,RE1,,PWRGEO003,,2021,,,,,,,,,,,,,,0.0,,,
Scenario1,0,RE1,,PWRGEO003,,2022,,,,,,,,,,,,,,0.0,,,
Scenario1,0,RE1,,PWRGEO003,,2023,,,,,,,,,,,,,,0.0,,,
Scenario1,0,RE1,,PWRGEO003,,2024,,,,,,,,,,,,,,0.0,,,
Scenario1,0,RE1,,PWRGEO003,,2025,,,,,,,,,,,,,,0.0,,,
Scenario1,0,RE1,,PWRGEO003,,2026,,,,,,,,,,,,,,0.0,,,
Scenario1,0,RE1,,PWRGEO003,,2027,,,,,,,,,,,,,,0.0,,,
Scenario1,0,RE1,,PWRGEO003,,2028,,,,,,,,,,,,,,0.0,,,
Scenario1,0,RE1,,PWRGEO003,,2029,,,,,,,,,,,,,,0.0,,,
Scenario1,0,RE1,,PWRGEO003,,2030,,,,,,,,,,,,,,0.0,,,
Scenario1,0,RE1,,PWRGEO003,,2031,,,,,,,,,,,,,,0.0,,,
Scenario1,0,RE1,,PWRGEO003,,2032,,,,,,,,,,,,,,0.0,,,
Scenario1,0,RE1,,PWRGEO003,,2033,,,,,,,,,,,,,,0.0,,,
Scenario1,0,RE1,,PWRGEO003,,2034,,,,,,,,,,,,,,0.0,,,
Scenario1,0,RE1,,PWRGEO003,,2035,,,,,,,,,,,,,,0.0,,,
Scenario1,0,RE1,,PWRGEO003,,2036,,,,,,,,,,,,,,0.0,,,
Scenario1,0,RE1,,PWRGEO003,,2037,,,,,,,,,,,,,,0.0,,,
Scenario1,0,RE1,,PWRGEO003,,2038,,,,,,,,,,,,,,0.9837737098991998,,,
Scenario1,0,RE1,,PWRGEO003,,2039,,,,,,,,,,,,,,0.9837737098992,,,
Scenario1,0,RE1,,PWRGEO003,,2040,,,,,,,,,,,,,,2.9811324542400004,,,
Scenario1,0,RE1,,PWRGEO003,,2041,,,,,,,,,,,,,,2.6241105600000005,,,
Scenario1,0,RE1,,PWRGEO003,,2042,,,,,,,,,,,,,,2.5673457600000003,,,
Scenario1,0,RE1,,PWRGEO003,,2043,,,,,,,,,,,,,,2.62411056,,,
Scenario1,0,RE1,,PWRGEO003,,2044,,,,,,,,,,,,,,2.6241105600000005,,,
Scenario1,0,RE1,,PWRGEO003,,2045,,,,,,,,,,,,,,2.9811324542400013,,,
Scenario1,0,RE1,,PWRGEO003,,2046,,,,,,,,,,,,,,2.9811324542400017,,,
Scenario1,0,RE1,,PWRGEO003,,2047,,,,,,,,,,,,,,2.9811324542400004,,,
Scenario1,0,RE1,,PWRGEO003,,2048,,,,,,,,,,,,,,2.9811324542400004,,,
Scenario1,0,RE1,,PWRGEO003,,2049,,,,,,,,,,,,,,2.9811324542400004,,,
Scenario1,0,RE1,,PWRGEO003,,2050,,,,,,,,,,,,,,2.98113245424,,,
Scenario1,0,RE1,,PWRGEO004,,2019,,,,,,,,,,,,,,0.0,,,
Scenario1,0,RE1,,PWRGEO004,,2020,,,,,,,,,,,,,,0.0,,,
Scenario1,0,RE1,,PWRGEO004,,2021,,,,,,,,,,,,,,0.0,,,
Scenario1,0,RE1,,PWRGEO004,,2022,,,,,,,,,,,,,,0.0,,,
Scenario1,0,RE1,,PWRGEO004,,2023,,,,,,,,,,,,,,0.0,,,
Scenario1,0,RE1,,PWRGEO004,,2024,,,,,,,,,,,,,,0.0,,,
Scenario1,0,RE1,,PWRGEO004,,2025,,,,,,,,,,,,,,0.0,,,
Scenario1,0,RE1,,PWRGEO004,,2026,,,,,,,,,,,,,,0.0,,,
Scenario1,0,RE1,,PWRGEO004,,2027,,,,,,,,,,,,,,0.0,,,
Scenario1,0,RE1,,PWRGEO004,,2028,,,,,,,,,,,,,,0.0,,,
Scenario1,0,RE1,,PWRGEO004,,2029,,,,,,,,,,,,,,0.0,,,
Scenario1,0,RE1,,PWRGEO004,,2030,,,,,,,,,,,,,,0.0,,,
Scenario1,0,RE1,,PWRGEO004,,2031,,,,,,,,,,,,,,0.0,,,
Scenario1,0,RE1,,PWRGEO004,,2032,,,,,,,,,,,,,,0.0,,,
Scenario1,0,RE1,,PWRGEO004,,2033,,,,,,,,,,,,,,0.0,,,
Scenario1,0,RE1,,PWRGEO004,,2034,,,,,,,,,,,,,,0.0,,,
Scenario1,0,RE1,,PWRGEO004,,2035,,,,,,,,,,,,,,0.0,,,
Scenario1,0,RE1,,PWRGEO004,,2036,,,,,,,,,,,,,,0.0,,,
Scenario1,0,RE1,,PWRGEO004,,2037,,,,,,,,,,,,,,0.0,,,
Scenario1,0,RE1,,PWRGEO004,,2038,,,,,,,,,,,,,,2.981132454240001,,,
Scenario1,0,RE1,,PWRGEO004,,2039,,,,,,,,,,,,,,5.96226490848,,,
Scenario1,0,RE1,,PWRGEO004,,2040,,,,,,,,,,,,,,8.94339736272,,,
Scenario1,0,RE1,,PWRGEO004,,2041,,,,,,,,,,,,,,8.894098080000003,,,
Scenario1,0,RE1,,PWRGEO004,,2042,,,,,,,,,,,,,,8.943397362720003,,,
Scenario1,0,RE1,,PWRGEO004,,2043,,,,,,,,,,,,,,8.894098080000001,,,
Scenario1,0,RE1,,PWRGEO004,,2044,,,,,,,,,,,,,,8.894098080000001,,,
Scenario1,0,RE1,,PWRGEO004,,2045,,,,,,,,,,,,,,8.943397362720006,,,
Scenario1,0,RE1,,PWRGEO004,,2046,,,,,,,,,,,,,,8.943397362719997,,,
Scenario1,0,RE1,,PWRGEO004,,2047,,,,,,,,,,,,,,8.94339736272,,,
Scenario1,0,RE1,,PWRGEO004,,2048,,,,,,,,,,,,,,8.943397362720006,,,
Scenario1,0,RE1,,PWRGEO004,,2049,,,,,,,,,,,,,,8.94339736272,,,
Scenario1,0,RE1,,PWRGEO004,,2050,,,,,,,,,,,,,,8.943397362719999,,,
Scenario1,0,RE1,,PWRGEO005,,2019,,,,,,,,,,,,,,0.0,,,
Scenario1,0,RE1,,PWRGEO005,,2020,,,,,,,,,,,,,,0.0,,,
Scenario1,0,RE1,,PWRGEO005,,2021,,,,,,,,,,,,,,0.0,,,
Scenario1,0,RE1,,PWRGEO005,,2022,,,,,,,,,,,,,,0.0,,,
Scenario1,0,RE1,,PWRGEO005,,2023,,,,,,,,,,,,,,0.0,,,
Scenario1,0,RE1,,PWRGEO005,,2024,,,,,,,,,,,,,,0.0,,,
Scenario1,0,RE1,,PWRGEO005,,2025,,,,,,,,,,,,,,0.0,,,
Scenario1,0,RE1,,PWRGEO005,,2026,,,,,,,,,,,,,,0.0,,,
Scenario1,0,RE1,,PWRGEO005,,2027,,,,,,,,,,,,,,0.0,,,
Scenario1,0,RE1,,PWRGEO005,,2028,,,,,,,,,,,,,,0.0,,,
Scenario1,0,RE1,,PWRGEO005,,2029,,,,,,,,,,,,,,0.0,,,
Scenario1,0,RE1,,PWRGEO005,,2030,,,,,,,,,,,,,,0.0,,,
Scenario1,0,RE1,,PWRGEO005,,2031,,,,,,,,,,,,,,0.0,,,
Scenario1,0,RE1,,PWRGEO005,,2032,,,,,,,,,,,,,,0.0,,,
Scenario1,0,RE1,,PWRGEO005,,2033,,,,,,,,,,,,,,0.0,,,
Scenario1,0,RE1,,PWRGEO005,,2034,,,,,,,,,,,,,,0.0,,,
Scenario1,0,RE1,,PWRGEO005,,2035,,,,,,,,,,,,,,0.0,,,
Scenario1,0,RE1,,PWRGEO005,,2036,,,,,,,,,,,,,,0.0,,,
Scenario1,0,RE1,,PWRGEO005,,2037,,,,,,,,,,,,,,0.0,,,
Scenario1,0,RE1,,PWRGEO005,,2038,,,,,,,,,,,,,,0.0,,,
Scenario1,0,RE1,,PWRGEO005,,2039,,,,,,,,,,,,,,0.1327598297902489,,,
Scenario1,0,RE1,,PWRGEO005,,2040,,,,,,,,,,,,,,0.1327598297902488,,,
Scenario1,0,RE1,,PWRGEO005,,2041,,,,,,,,,,,,,,1.6653530880000005,,,
Scenario1,0,RE1,,PWRGEO005,,2042,,,,,,,,,,,,,,1.8368773920000008,,,
Scenario1,0,RE1,,PWRGEO005,,2043,,,,,,,,,,,,,,1.7971420320000004,,,
Scenario1,0,RE1,,PWRGEO005,,2044,,,,,,,,,,,,,,1.7971420320000002,,,
Scenario1,0,RE1,,PWRGEO005,,2045,,,,,,,,,,,,,,2.086792717968001,,,
Scenario1,0,RE1,,PWRGEO005,,2046,,,,,,,,,,,,,,2.0867927179680006,,,
Scenario1,0,RE1,,PWRGEO005,,2047,,,,,,,,,,,,,,2.086792717968,,,
Scenario1,0,RE1,,PWRGEO005,,2048,,,,,,,,,,,,,,2.086792717968001,,,
Scenario1,0,RE1,,PWRGEO005,,2049,,,,,,,,,,,,,,2.0867927179680006,,,
Scenario1,0,RE1,,PWRGEO005,,2050,,,,,,,,,,,,,,2.086792717968,,,
Scenario1,0,RE1,,PWRGEO006,,2019,,,,,,,,,,,,,,0.0,,,
Scenario1,0,RE1,,PWRGEO006,,2020,,,,,,,,,,,,,,0.0,,,
Scenario1,0,RE1,,PWRGEO006,,2021,,,,,,,,,,,,,,0.0,,,
Scenario1,0,RE1,,PWRGEO006,,2022,,,,,,,,,,,,,,0.0,,,
Scenario1,0,RE1,,PWRGEO006,,2023,,,,,,,,,,,,,,0.0,,,
Scenario1,0,RE1,,PWRGEO006,,2024,,,,,,,,,,,,,,0.0,,,
Scenario1,0,RE1,,PWRGEO006,,2025,,,,,,,,,,,,,,0.0,,,
Scenario1,0,RE1,,PWRGEO006,,2026,,,,,,,,,,,,,,0.0,,,
Scenario1,0,RE1,,PWRGEO006,,2027,,,,,,,,,,,,,,0.0,,,
Scenario1,0,RE1,,PWRGEO006,,2028,,,,,,,,,,,,,,0.0,,,
Scenario1,0,RE1,,PWRGEO006,,2029,,,,,,,,,,,,,,0.0,,,
Scenario1,0,RE1,,PWRGEO006,,2030,,,,,,,,,,,,,,0.0,,,
Scenario1,0,RE1,,PWRGEO006,,2031,,,,,,,,,,,,,,0.0,,,
Scenario1,0,RE1,,PWRGEO006,,2032,,,,,,,,,,,,,,0.0,,,
Scenario1,0,RE1,,PWRGEO006,,2033,,,,,,,,,,,,,,0.0,,,
Scenario1,0,RE1,,PWRGEO006,,2034,,,,,,,,,,,,,,0.0,,,
Scenario1,0,RE1,,PWRGEO006,,2035,,,,,,,,,,,,,,0.0,,,
Scenario1,0,RE1,,PWRGEO006,,2036,,,,,,,,,,,,,,0.0,,,
Scenario1,0,RE1,,PWRGEO006,,2037,,,,,,,,,,,,,,0.0,,,
Scenario1,0,RE1,,PWRGEO006,,2038,,,,,,,,,,,,,,0.0,,,
Scenario1,0,RE1,,PWRGEO006,,2039,,,,,,,,,,,,,,0.0,,,
Scenario1,0,RE1,,PWRGEO006,,2040,,,,,,,,,,,,,,0.0,,,
Scenario1,0,RE1,,PWRGEO006,,2041,,,,,,,,,,,,,,6.1976162310772205,,,
Scenario1,0,RE1,,PWRGEO006,,2042,,,,,,,,,,,,,,14.290903151654296,,,
Scenario1,0,RE1,,PWRGEO006,,2043,,,,,,,,,,,,,,22.936444918284632,,,
Scenario1,0,RE1,,PWRGEO006,,2044,,,,,,,,,,,,,,29.9234285858801,,,
Scenario1,0,RE1,,PWRGEO006,,2045,,,,,,,,,,,,,,49.04400169466115,,,
Scenario1,0,RE1,,PWRGEO006,,2046,,,,,,,,,,,,,,57.2134582883743,,,
Scenario1,0,RE1,,PWRGEO006,,2047,,,,,,,,,,,,,,67.58394953609123,,,
Scenario1,0,RE1,,PWRGEO006,,2048,,,,,,,,,,,,,,76.96804256211466,,,
Scenario1,0,RE1,,PWRGEO006,,2049,,,,,,,,,,,,,,85.75402334181172,,,
Scenario1,0,RE1,,PWRGEO006,,2050,,,,,,,,,,,,,,96.44786203473733,,,
Scenario1,0,RE1,,PWRGEO007,,2019,,,,,,,,,,,,,,0.0,,,
Scenario1,0,RE1,,PWRGEO007,,2020,,,,,,,,,,,,,,0.0,,,
Scenario1,0,RE1,,PWRGEO007,,2021,,,,,,,,,,,,,,0.0,,,
Scenario1,0,RE1,,PWRGEO007,,2022,,,,,,,,,,,,,,0.0,,,
Scenario1,0,RE1,,PWRGEO007,,2023,,,,,,,,,,,,,,0.0,,,
Scenario1,0,RE1,,PWRGEO007,,2024,,,,,,,,,,,,,,0.0,,,
Scenario1,0,RE1,,PWRGEO007,,2025,,,,,,,,,,,,,,0.0,,,
Scenario1,0,RE1,,PWRGEO007,,2026,,,,,,,,,,,,,,0.0,,,
Scenario1,0,RE1,,PWRGEO007,,2027,,,,,,,,,,,,,,0.0,,,
Scenario1,0,RE1,,PWRGEO007,,2028,,,,,,,,,,,,,,0.0,,,
Scenario1,0,RE1,,PWRGEO007,,2029,,,,,,,,,,,,,,0.0,,,
Scenario1,0,RE1,,PWRGEO007,,2030,,,,,,,,,,,,,,0.0,,,
Scenario1,0,RE1,,PWRGEO007,,2031,,,,,,,,,,,,,,0.0,,,
Scenario1,0,RE1,,PWRGEO007,,2032,,,,,,,,,,,,,,0.0,,,
Scenario1,0,RE1,,PWRGEO007,,2033,,,,,,,,,,,,,,0.0,,,
Scenario1,0,RE1,,PWRGEO007,,2034,,,,,,,,,,,,,,0.0,,,
Scenario1,0,RE1,,PWRGEO007,,2035,,,,,,,,,,,,,,0.0,,,
Scenario1,0,RE1,,PWRGEO007,,2036,,,,,,,,,,,,,,0.0,,,
Scenario1,0,RE1,,PWRGEO007,,2037,,,,,,,,,,,,,,0.0,,,
Scenario1,0,RE1,,PWRGEO007,,2038,,,,,,,,,,,,,,0.0,,,
Scenario1,0,RE1,,PWRGEO007,,2039,,,,,,,,,,,,,,0.0,,,
Scenario1,0,RE1,,PWRGEO007,,2040,,,,,,,,,,,,,,0.0,,,
Scenario1,0,RE1,,PWRGEO007,,2041,,,,,,,,,,,,,,0.0,,,
Scenario1,0,RE1,,PWRGEO007,,2042,,,,,,,,,,,,,,0.0,,,
Scenario1,0,RE1,,PWRGEO007,,2043,,,,,,,,,,,,,,0.0,,,
Scenario1,0,RE1,,PWRGEO007,,2044,,,,,,,,,,,,,,0.0,,,
Scenario1,0,RE1,,PWRGEO007,,2045,,,,,,,,,,,,,,0.0,,,
Scenario1,0,RE1,,PWRGEO007,,2046,,,,,,,,,,,,,,0.0,,,
Scenario1,0,RE1,,PWRGEO007,,2047,,,,,,,,,,,,,,0.0,,,
Scenario1,0,RE1,,PWRGEO007,,2048,,,,,,,,,,,,,,0.0,,,
Scenario1,0,RE1,,PWRGEO007,,2049,,,,,,,,,,,,,,0.0,,,
Scenario1,0,RE1,,PWRGEO007,,2050,,,,,,,,,,,,,,0.0,,,
Scenario1,0,RE1,,PWRHFO001,,2019,,,,,,,,,,,,,,4.883824639638226,,,
Scenario1,0,RE1,,PWRHFO001,,2020,,,,,,,,,,,,,,5.717005158320345,,,
Scenario1,0,RE1,,PWRHFO001,,2021,,,,,,,,,,,,,,5.925209323858628,,,
Scenario1,0,RE1,,PWRHFO001,,2022,,,,,,,,,,,,,,1.6770388129844989,,,
Scenario1,0,RE1,,PWRHFO001,,2023,,,,,,,,,,,,,,1.7647468131844568,,,
Scenario1,0,RE1,,PWRHFO001,,2024,,,,,,,,,,,,,,2.758022805041476,,,
Scenario1,0,RE1,,PWRHFO001,,2025,,,,,,,,,,,,,,0.0,,,
Scenario1,0,RE1,,PWRHFO001,,2026,,,,,,,,,,,,,,0.0,,,
Scenario1,0,RE1,,PWRHFO001,,2027,,,,,,,,,,,,,,0.0,,,
Scenario1,0,RE1,,PWRHFO001,,2028,,,,,,,,,,,,,,0.0,,,
Scenario1,0,RE1,,PWRHFO001,,2029,,,,,,,,,,,,,,0.0,,,
Scenario1,0,RE1,,PWRHFO001,,2030,,,,,,,,,,,,,,0.0,,,
Scenario1,0,RE1,,PWRHFO001,,2031,,,,,,,,,,,,,,0.0556473323457226,,,
Scenario1,0,RE1,,PWRHFO001,,2032,,,,,,,,,,,,,,0.1464122594362135,,,
Scenario1,0,RE1,,PWRHFO001,,2033,,,,,,,,,,,,,,0.4041125787489961,,,
Scenario1,0,RE1,,PWRHFO001,,2034,,,,,,,,,,,,,,0.4192728866842266,,,
Scenario1,0,RE1,,PWRHFO001,,2035,,,,,,,,,,,,,,0.2973466367999999,,,
Scenario1,0,RE1,,PWRHFO001,,2036,,,,,,,,,,,,,,0.0,,,
Scenario1,0,RE1,,PWRHFO001,,2037,,,,,,,,,,,,,,0.0,,,
Scenario1,0,RE1,,PWRHFO001,,2038,,,,,,,,,,,,,,0.0,,,
Scenario1,0,RE1,,PWRHFO001,,2039,,,,,,,,,,,,,,0.0,,,
Scenario1,0,RE1,,PWRHFO001,,2040,,,,,,,,,,,,,,0.0,,,
Scenario1,0,RE1,,PWRHFO001,,2041,,,,,,,,,,,,,,0.0,,,
Scenario1,0,RE1,,PWRHFO001,,2042,,,,,,,,,,,,,,0.0,,,
Scenario1,0,RE1,,PWRHFO001,,2043,,,,,,,,,,,,,,0.0,,,
Scenario1,0,RE1,,PWRHFO001,,2044,,,,,,,,,,,,,,0.0,,,
Scenario1,0,RE1,,PWRHFO001,,2045,,,,,,,,,,,,,,0.0,,,
Scenario1,0,RE1,,PWRHFO001,,2046,,,,,,,,,,,,,,0.0,,,
Scenario1,0,RE1,,PWRHFO001,,2047,,,,,,,,,,,,,,0.0,,,
Scenario1,0,RE1,,PWRHFO001,,2048,,,,,,,,,,,,,,0.0,,,
Scenario1,0,RE1,,PWRHFO001,,2049,,,,,,,,,,,,,,0.0,,,
Scenario1,0,RE1,,PWRHFO001,,2050,,,,,,,,,,,,,,0.0,,,
Scenario1,0,RE1,,PWRHYD001,,2019,,,,,,,,,,,,,,2.009664309091899,,,
Scenario1,0,RE1,,PWRHYD001,,2020,,,,,,,,,,,,,,2.0096643090918995,,,
Scenario1,0,RE1,,PWRHYD001,,2021,,,,,,,,,,,,,,2.0096643090918995,,,
Scenario1,0,RE1,,PWRHYD001,,2022,,,,,,,,,,,,,,2.0096643090918995,,,
Scenario1,0,RE1,,PWRHYD001,,2023,,,,,,,,,,,,,,2.0096643090918995,,,
Scenario1,0,RE1,,PWRHYD001,,2024,,,,,,,,,,,,,,2.0096643090919004,,,
Scenario1,0,RE1,,PWRHYD001,,2025,,,,,,,,,,,,,,1.010513871046021,,,
Scenario1,0,RE1,,PWRHYD001,,2026,,,,,,,,,,,,,,1.0869863169599998,,,
Scenario1,0,RE1,,PWRHYD001,,2027,,,,,,,,,,,,,,1.160526832594161,,,
Scenario1,0,RE1,,PWRHYD001,,2028,,,,,,,,,,,,,,1.2163653942445205,,,
Scenario1,0,RE1,,PWRHYD001,,2029,,,,,,,,,,,,,,1.334022090768,,,
Scenario1,0,RE1,,PWRHYD001,,2030,,,,,,,,,,,,,,1.4272677355679997,,,
Scenario1,0,RE1,,PWRHYD001,,2031,,,,,,,,,,,,,,1.6421126643360002,,,
Scenario1,0,RE1,,PWRHYD001,,2032,,,,,,,,,,,,,,2.009664309091898,,,
Scenario1,0,RE1,,PWRHYD001,,2033,,,,,,,,,,,,,,2.0096643090919,,,
Scenario1,0,RE1,,PWRHYD001,,2034,,,,,,,,,,,,,,2.0096643090919,,,
Scenario1,0,RE1,,PWRHYD001,,2035,,,,,,,,,,,,,,2.0096643090919,,,
Scenario1,0,RE1,,PWRHYD001,,2036,,,,,,,,,,,,,,2.0096643090918995,,,
Scenario1,0,RE1,,PWRHYD001,,2037,,,,,,,,,,,,,,2.0096643090919,,,
Scenario1,0,RE1,,PWRHYD001,,2038,,,,,,,,,,,,,,2.009664309091898,,,
Scenario1,0,RE1,,PWRHYD001,,2039,,,,,,,,,,,,,,2.0096643090919,,,
Scenario1,0,RE1,,PWRHYD001,,2040,,,,,,,,,,,,,,2.009664309091898,,,
Scenario1,0,RE1,,PWRHYD001,,2041,,,,,,,,,,,,,,2.0096643090919,,,
Scenario1,0,RE1,,PWRHYD001,,2042,,,,,,,,,,,,,,0.4019328618183789,,,
Scenario1,0,RE1,,PWRHYD001,,2043,,,,,,,,,,,,,,0.401932861818379,,,
Scenario1,0,RE1,,PWRHYD001,,2044,,,,,,,,,,,,,,0.4019328618183791,,,
Scenario1,0,RE1,,PWRHYD001,,2045,,,,,,,,,,,,,,0.4019328618183789,,,
Scenario1,0,RE1,,PWRHYD001,,2046,,,,,,,,,,,,,,0.4019328618183788,,,
Scenario1,0,RE1,,PWRHYD001,,2047,,,,,,,,,,,,,,0.401932861818379,,,
Scenario1,0,RE1,,PWRHYD001,,2048,,,,,,,,,,,,,,0.4019328618183791,,,
Scenario1,0,RE1,,PWRHYD001,,2049,,,,,,,,,,,,,,0.401932861818379,,,
Scenario1,0,RE1,,PWRHYD001,,2050,,,,,,,,,,,,,,0.401932861818379,,,
Scenario1,0,RE1,,PWRHYD002,,2019,,,,,,,,,,,,,,9.102107809894068,,,
Scenario1,0,RE1,,PWRHYD002,,2020,,,,,,,,,,,,,,9.102107809894068,,,
Scenario1,0,RE1,,PWRHYD002,,2021,,,,,,,,,,,,,,9.102107809894068,,,
Scenario1,0,RE1,,PWRHYD002,,2022,,,,,,,,,,,,,,9.102107809894072,,,
Scenario1,0,RE1,,PWRHYD002,,2023,,,,,,,,,,,,,,9.102107809894068,,,
Scenario1,0,RE1,,PWRHYD002,,2024,,,,,,,,,,,,,,9.102107809894068,,,
Scenario1,0,RE1,,PWRHYD002,,2025,,,,,,,,,,,,,,5.249828616568349,,,
Scenario1,0,RE1,,PWRHYD002,,2026,,,,,,,,,,,,,,5.032744781744349,,,
Scenario1,0,RE1,,PWRHYD002,,2027,,,,,,,,,,,,,,5.00993803258615,,,
Scenario1,0,RE1,,PWRHYD002,,2028,,,,,,,,,,,,,,5.341426292377848,,,
Scenario1,0,RE1,,PWRHYD002,,2029,,,,,,,,,,,,,,6.1691938002326685,,,
Scenario1,0,RE1,,PWRHYD002,,2030,,,,,,,,,,,,,,7.075784962739995,,,
Scenario1,0,RE1,,PWRHYD002,,2031,,,,,,,,,,,,,,8.439191972220488,,,
Scenario1,0,RE1,,PWRHYD002,,2032,,,,,,,,,,,,,,9.102107809894068,,,
Scenario1,0,RE1,,PWRHYD002,,2033,,,,,,,,,,,,,,9.102107809894068,,,
Scenario1,0,RE1,,PWRHYD002,,2034,,,,,,,,,,,,,,9.102107809894068,,,
Scenario1,0,RE1,,PWRHYD002,,2035,,,,,,,,,,,,,,9.102107809894068,,,
Scenario1,0,RE1,,PWRHYD002,,2036,,,,,,,,,,,,,,9.102107809894068,,,
Scenario1,0,RE1,,PWRHYD002,,2037,,,,,,,,,,,,,,9.102107809894068,,,
Scenario1,0,RE1,,PWRHYD002,,2038,,,,,,,,,,,,,,9.102107809894072,,,
Scenario1,0,RE1,,PWRHYD002,,2039,,,,,,,,,,,,,,9.102107809894068,,,
Scenario1,0,RE1,,PWRHYD002,,2040,,,,,,,,,,,,,,9.10210780989407,,,
Scenario1,0,RE1,,PWRHYD002,,2041,,,,,,,,,,,,,,9.102107809894068,,,
Scenario1,0,RE1,,PWRHYD002,,2042,,,,,,,,,,,,,,9.102107809894068,,,
Scenario1,0,RE1,,PWRHYD002,,2043,,,,,,,,,,,,,,9.102107809894068,,,
Scenario1,0,RE1,,PWRHYD002,,2044,,,,,,,,,,,,,,9.102107809894068,,,
Scenario1,0,RE1,,PWRHYD002,,2045,,,,,,,,,,,,,,9.102107809894068,,,
Scenario1,0,RE1,,PWRHYD002,,2046,,,,,,,,,,,,,,9.102107809894065,,,
Scenario1,0,RE1,,PWRHYD002,,2047,,,,,,,,,,,,,,9.102107809894068,,,
Scenario1,0,RE1,,PWRHYD002,,2048,,,,,,,,,,,,,,9.102107809894072,,,
Scenario1,0,RE1,,PWRHYD002,,2049,,,,,,,,,,,,,,9.102107809894068,,,
Scenario1,0,RE1,,PWRHYD002,,2050,,,,,,,,,,,,,,9.10210780989407,,,
Scenario1,0,RE1,,PWRHYD003,,2019,,,,,,,,,,,,,,1.74869285160482,,,
Scenario1,0,RE1,,PWRHYD003,,2020,,,,,,,,,,,,,,1.7486928516048204,,,
Scenario1,0,RE1,,PWRHYD003,,2021,,,,,,,,,,,,,,1.74869285160482,,,
Scenario1,0,RE1,,PWRHYD003,,2022,,,,,,,,,,,,,,1.7486928516048204,,,
Scenario1,0,RE1,,PWRHYD003,,2023,,,,,,,,,,,,,,1.7486928516048204,,,
Scenario1,0,RE1,,PWRHYD003,,2024,,,,,,,,,,,,,,1.74869285160482,,,
Scenario1,0,RE1,,PWRHYD003,,2025,,,,,,,,,,,,,,1.1734795141274923,,,
Scenario1,0,RE1,,PWRHYD003,,2026,,,,,,,,,,,,,,0.9901497007680704,,,
Scenario1,0,RE1,,PWRHYD003,,2027,,,,,,,,,,,,,,0.8961005141424,,,
Scenario1,0,RE1,,PWRHYD003,,2028,,,,,,,,,,,,,,0.996117492955217,,,
Scenario1,0,RE1,,PWRHYD003,,2029,,,,,,,,,,,,,,1.2372644740176002,,,
Scenario1,0,RE1,,PWRHYD003,,2030,,,,,,,,,,,,,,1.362385053363456,,,
Scenario1,0,RE1,,PWRHYD003,,2031,,,,,,,,,,,,,,1.5959334162744,,,
Scenario1,0,RE1,,PWRHYD003,,2032,,,,,,,,,,,,,,1.7486928516048204,,,
Scenario1,0,RE1,,PWRHYD003,,2033,,,,,,,,,,,,,,1.74869285160482,,,
Scenario1,0,RE1,,PWRHYD003,,2034,,,,,,,,,,,,,,1.74869285160482,,,
Scenario1,0,RE1,,PWRHYD003,,2035,,,,,,,,,,,,,,1.74869285160482,,,
Scenario1,0,RE1,,PWRHYD003,,2036,,,,,,,,,,,,,,1.74869285160482,,,
Scenario1,0,RE1,,PWRHYD003,,2037,,,,,,,,,,,,,,1.74869285160482,,,
Scenario1,0,RE1,,PWRHYD003,,2038,,,,,,,,,,,,,,1.7486928516048208,,,
Scenario1,0,RE1,,PWRHYD003,,2039,,,,,,,,,,,,,,1.74869285160482,,,
Scenario1,0,RE1,,PWRHYD003,,2040,,,,,,,,,,,,,,1.74869285160482,,,
Scenario1,0,RE1,,PWRHYD003,,2041,,,,,,,,,,,,,,1.74869285160482,,,
Scenario1,0,RE1,,PWRHYD003,,2042,,,,,,,,,,,,,,1.74869285160482,,,
Scenario1,0,RE1,,PWRHYD003,,2043,,,,,,,,,,,,,,1.7486928516048206,,,
Scenario1,0,RE1,,PWRHYD003,,2044,,,,,,,,,,,,,,1.74869285160482,,,
Scenario1,0,RE1,,PWRHYD003,,2045,,,,,,,,,,,,,,1.74869285160482,,,
Scenario1,0,RE1,,PWRHYD003,,2046,,,,,,,,,,,,,,1.7486928516048206,,,
Scenario1,0,RE1,,PWRHYD003,,2047,,,,,,,,,,,,,,1.7486928516048204,,,
Scenario1,0,RE1,,PWRHYD003,,2048,,,,,,,,,,,,,,1.7486928516048206,,,
Scenario1,0,RE1,,PWRHYD003,,2049,,,,,,,,,,,,,,1.74869285160482,,,
Scenario1,0,RE1,,PWRHYD003,,2050,,,,,,,,,,,,,,1.74869285160482,,,
Scenario1,0,RE1,,PWRHYD004,,2019,,,,,,,,,,,,,,0.0,,,
Scenario1,0,RE1,,PWRHYD004,,2020,,,,,,,,,,,,,,0.0,,,
Scenario1,0,RE1,,PWRHYD004,,2021,,,,,,,,,,,,,,0.0,,,
Scenario1,0,RE1,,PWRHYD004,,2022,,,,,,,,,,,,,,0.0,,,
Scenario1,0,RE1,,PWRHYD004,,2023,,,,,,,,,,,,,,0.0,,,
Scenario1,0,RE1,,PWRHYD004,,2024,,,,,,,,,,,,,,0.0,,,
Scenario1,0,RE1,,PWRHYD004,,2025,,,,,,,,,,,,,,0.0,,,
Scenario1,0,RE1,,PWRHYD004,,2026,,,,,,,,,,,,,,0.0,,,
Scenario1,0,RE1,,PWRHYD004,,2027,,,,,,,,,,,,,,0.0,,,
Scenario1,0,RE1,,PWRHYD004,,2028,,,,,,,,,,,,,,0.0,,,
Scenario1,0,RE1,,PWRHYD004,,2029,,,,,,,,,,,,,,0.0,,,
Scenario1,0,RE1,,PWRHYD004,,2030,,,,,,,,,,,,,,0.0,,,
Scenario1,0,RE1,,PWRHYD004,,2031,,,,,,,,,,,,,,0.0,,,
Scenario1,0,RE1,,PWRHYD004,,2032,,,,,,,,,,,,,,0.0,,,
Scenario1,0,RE1,,PWRHYD004,,2033,,,,,,,,,,,,,,0.0,,,
Scenario1,0,RE1,,PWRHYD004,,2034,,,,,,,,,,,,,,0.0,,,
Scenario1,0,RE1,,PWRHYD004,,2035,,,,,,,,,,,,,,0.0,,,
Scenario1,0,RE1,,PWRHYD004,,2036,,,,,,,,,,,,,,0.0,,,
Scenario1,0,RE1,,PWRHYD004,,2037,,,,,,,,,,,,,,0.0,,,
Scenario1,0,RE1,,PWRHYD004,,2038,,,,,,,,,,,,,,0.0,,,
Scenario1,0,RE1,,PWRHYD004,,2039,,,,,,,,,,,,,,0.0,,,
Scenario1,0,RE1,,PWRHYD004,,2040,,,,,,,,,,,,,,0.0,,,
Scenario1,0,RE1,,PWRHYD004,,2041,,,,,,,,,,,,,,0.0,,,
Scenario1,0,RE1,,PWRHYD004,,2042,,,,,,,,,,,,,,0.0,,,
Scenario1,0,RE1,,PWRHYD004,,2043,,,,,,,,,,,,,,0.0,,,
Scenario1,0,RE1,,PWRHYD004,,2044,,,,,,,,,,,,,,0.0,,,
Scenario1,0,RE1,,PWRHYD004,,2045,,,,,,,,,,,,,,0.0,,,
Scenario1,0,RE1,,PWRHYD004,,2046,,,,,,,,,,,,,,0.0,,,
Scenario1,0,RE1,,PWRHYD004,,2047,,,,,,,,,,,,,,0.0,,,
Scenario1,0,RE1,,PWRHYD004,,2048,,,,,,,,,,,,,,0.0,,,
Scenario1,0,RE1,,PWRHYD004,,2049,,,,,,,,,,,,,,0.0,,,
Scenario1,0,RE1,,PWRHYD004,,2050,,,,,,,,,,,,,,0.0,,,
Scenario1,0,RE1,,PWRHYD005,,2019,,,,,,,,,,,,,,0.2592268946512849,,,
Scenario1,0,RE1,,PWRHYD005,,2020,,,,,,,,,,,,,,0.259226894651285,,,
Scenario1,0,RE1,,PWRHYD005,,2021,,,,,,,,,,,,,,0.2592268946512849,,,
Scenario1,0,RE1,,PWRHYD005,,2022,,,,,,,,,,,,,,0.2592268946512848,,,
Scenario1,0,RE1,,PWRHYD005,,2023,,,,,,,,,,,,,,0.356270809059202,,,
Scenario1,0,RE1,,PWRHYD005,,2024,,,,,,,,,,,,,,0.3895050263221872,,,
Scenario1,0,RE1,,PWRHYD005,,2025,,,,,,,,,,,,,,0.292563773258112,,,
Scenario1,0,RE1,,PWRHYD005,,2026,,,,,,,,,,,,,,0.259146190306368,,,
Scenario1,0,RE1,,PWRHYD005,,2027,,,,,,,,,,,,,,0.3240818253636479,,,
Scenario1,0,RE1,,PWRHYD005,,2028,,,,,,,,,,,,,,0.3825157195357921,,,
Scenario1,0,RE1,,PWRHYD005,,2029,,,,,,,,,,,,,,0.4999046960988,,,
Scenario1,0,RE1,,PWRHYD005,,2030,,,,,,,,,,,,,,0.905305051408032,,,
Scenario1,0,RE1,,PWRHYD005,,2031,,,,,,,,,,,,,,1.4725279944403633,,,
Scenario1,0,RE1,,PWRHYD005,,2032,,,,,,,,,,,,,,1.7574254088666597,,,
Scenario1,0,RE1,,PWRHYD005,,2033,,,,,,,,,,,,,,2.152247909950925,,,
Scenario1,0,RE1,,PWRHYD005,,2034,,,,,,,,,,,,,,2.4486971279367533,,,
Scenario1,0,RE1,,PWRHYD005,,2035,,,,,,,,,,,,,,2.8315553108063427,,,
Scenario1,0,RE1,,PWRHYD005,,2036,,,,,,,,,,,,,,3.158580008674118,,,
Scenario1,0,RE1,,PWRHYD005,,2037,,,,,,,,,,,,,,3.158580008674118,,,
Scenario1,0,RE1,,PWRHYD005,,2038,,,,,,,,,,,,,,3.1585800086741167,,,
Scenario1,0,RE1,,PWRHYD005,,2039,,,,,,,,,,,,,,3.158580008674118,,,
Scenario1,0,RE1,,PWRHYD005,,2040,,,,,,,,,,,,,,3.1585800086741167,,,
Scenario1,0,RE1,,PWRHYD005,,2041,,,,,,,,,,,,,,3.158580008674118,,,
Scenario1,0,RE1,,PWRHYD005,,2042,,,,,,,,,,,,,,3.1585800086741176,,,
Scenario1,0,RE1,,PWRHYD005,,2043,,,,,,,,,,,,,,3.158580008674117,,,
Scenario1,0,RE1,,PWRHYD005,,2044,,,,,,,,,,,,,,3.158580008674117,,,
Scenario1,0,RE1,,PWRHYD005,,2045,,,,,,,,,,,,,,3.1585800086741176,,,
Scenario1,0,RE1,,PWRHYD005,,2046,,,,,,,,,,,,,,3.1585800086741167,,,
Scenario1,0,RE1,,PWRHYD005,,2047,,,,,,,,,,,,,,3.158580008674118,,,
Scenario1,0,RE1,,PWRHYD005,,2048,,,,,,,,,,,,,,3.15858000867412,,,
Scenario1,0,RE1,,PWRHYD005,,2049,,,,,,,,,,,,,,3.158580008674118,,,
Scenario1,0,RE1,,PWRHYD005,,2050,,,,,,,,,,,,,,3.158580008674118,,,
Scenario1,0,RE1,,PWRLFO001,,2019,,,,,,,,,,,,,,0.0,,,
Scenario1,0,RE1,,PWRLFO001,,2020,,,,,,,,,,,,,,0.0,,,
Scenario1,0,RE1,,PWRLFO001,,2021,,,,,,,,,,,,,,0.0,,,
Scenario1,0,RE1,,PWRLFO001,,2022,,,,,,,,,,,,,,0.0,,,
Scenario1,0,RE1,,PWRLFO001,,2023,,,,,,,,,,,,,,0.0,,,
Scenario1,0,RE1,,PWRLFO001,,2024,,,,,,,,,,,,,,0.0,,,
Scenario1,0,RE1,,PWRLFO001,,2025,,,,,,,,,,,,,,0.0,,,
Scenario1,0,RE1,,PWRLFO001,,2026,,,,,,,,,,,,,,0.0,,,
Scenario1,0,RE1,,PWRLFO001,,2027,,,,,,,,,,,,,,0.0,,,
Scenario1,0,RE1,,PWRLFO001,,2028,,,,,,,,,,,,,,0.0,,,
Scenario1,0,RE1,,PWRLFO001,,2029,,,,,,,,,,,,,,0.0,,,
Scenario1,0,RE1,,PWRLFO001,,2030,,,,,,,,,,,,,,0.0,,,
Scenario1,0,RE1,,PWRLFO001,,2031,,,,,,,,,,,,,,0.0,,,
Scenario1,0,RE1,,PWRLFO001,,2032,,,,,,,,,,,,,,0.0,,,
Scenario1,0,RE1,,PWRLFO001,,2033,,,,,,,,,,,,,,0.0,,,
Scenario1,0,RE1,,PWRLFO001,,2034,,,,,,,,,,,,,,0.0,,,
Scenario1,0,RE1,,PWRLFO001,,2035,,,,,,,,,,,,,,0.0,,,
Scenario1,0,RE1,,PWRLFO001,,2036,,,,,,,,,,,,,,0.0,,,
Scenario1,0,RE1,,PWRLFO001,,2037,,,,,,,,,,,,,,0.0,,,
Scenario1,0,RE1,,PWRLFO001,,2038,,,,,,,,,,,,,,0.0,,,
Scenario1,0,RE1,,PWRLFO001,,2039,,,,,,,,,,,,,,0.0,,,
Scenario1,0,RE1,,PWRLFO001,,2040,,,,,,,,,,,,,,0.0,,,
Scenario1,0,RE1,,PWRLFO001,,2041,,,,,,,,,,,,,,0.0,,,
Scenario1,0,RE1,,PWRLFO001,,2042,,,,,,,,,,,,,,0.0,,,
Scenario1,0,RE1,,PWRLFO001,,2043,,,,,,,,,,,,,,0.0,,,
Scenario1,0,RE1,,PWRLFO001,,2044,,,,,,,,,,,,,,0.0,,,
Scenario1,0,RE1,,PWRLFO001,,2045,,,,,,,,,,,,,,0.0,,,
Scenario1,0,RE1,,PWRLFO001,,2046,,,,,,,,,,,,,,0.0,,,
Scenario1,0,RE1,,PWRLFO001,,2047,,,,,,,,,,,,,,0.0,,,
Scenario1,0,RE1,,PWRLFO001,,2048,,,,,,,,,,,,,,0.0,,,
Scenario1,0,RE1,,PWRLFO001,,2049,,,,,,,,,,,,,,0.0,,,
Scenario1,0,RE1,,PWRLFO001,,2050,,,,,,,,,,,,,,0.0,,,
Scenario1,0,RE1,,PWRNGS001,,2019,,,,,,,,,,,,,,0.0,,,
Scenario1,0,RE1,,PWRNGS001,,2020,,,,,,,,,,,,,,0.0,,,
Scenario1,0,RE1,,PWRNGS001,,2021,,,,,,,,,,,,,,0.0,,,
Scenario1,0,RE1,,PWRNGS001,,2022,,,,,,,,,,,,,,0.0,,,
Scenario1,0,RE1,,PWRNGS001,,2023,,,,,,,,,,,,,,0.0,,,
Scenario1,0,RE1,,PWRNGS001,,2024,,,,,,,,,,,,,,0.0,,,
Scenario1,0,RE1,,PWRNGS001,,2025,,,,,,,,,,,,,,0.0,,,
Scenario1,0,RE1,,PWRNGS001,,2026,,,,,,,,,,,,,,0.0,,,
Scenario1,0,RE1,,PWRNGS001,,2027,,,,,,,,,,,,,,0.0,,,
Scenario1,0,RE1,,PWRNGS001,,2028,,,,,,,,,,,,,,0.0,,,
Scenario1,0,RE1,,PWRNGS001,,2029,,,,,,,,,,,,,,0.0,,,
Scenario1,0,RE1,,PWRNGS001,,2030,,,,,,,,,,,,,,0.0,,,
Scenario1,0,RE1,,PWRNGS001,,2031,,,,,,,,,,,,,,0.0,,,
Scenario1,0,RE1,,PWRNGS001,,2032,,,,,,,,,,,,,,0.0,,,
Scenario1,0,RE1,,PWRNGS001,,2033,,,,,,,,,,,,,,0.0,,,
Scenario1,0,RE1,,PWRNGS001,,2034,,,,,,,,,,,,,,0.0,,,
Scenario1,0,RE1,,PWRNGS001,,2035,,,,,,,,,,,,,,0.0,,,
Scenario1,0,RE1,,PWRNGS001,,2036,,,,,,,,,,,,,,0.0,,,
Scenario1,0,RE1,,PWRNGS001,,2037,,,,,,,,,,,,,,0.0,,,
Scenario1,0,RE1,,PWRNGS001,,2038,,,,,,,,,,,,,,0.0,,,
Scenario1,0,RE1,,PWRNGS001,,2039,,,,,,,,,,,,,,0.0,,,
Scenario1,0,RE1,,PWRNGS001,,2040,,,,,,,,,,,,,,0.0,,,
Scenario1,0,RE1,,PWRNGS001,,2041,,,,,,,,,,,,,,0.0,,,
Scenario1,0,RE1,,PWRNGS001,,2042,,,,,,,,,,,,,,0.0,,,
Scenario1,0,RE1,,PWRNGS001,,2043,,,,,,,,,,,,,,0.0,,,
Scenario1,0,RE1,,PWRNGS001,,2044,,,,,,,,,,,,,,0.0,,,
Scenario1,0,RE1,,PWRNGS001,,2045,,,,,,,,,,,,,,0.0,,,
Scenario1,0,RE1,,PWRNGS001,,2046,,,,,,,,,,,,,,0.0,,,
Scenario1,0,RE1,,PWRNGS001,,2047,,,,,,,,,,,,,,0.0,,,
Scenario1,0,RE1,,PWRNGS001,,2048,,,,,,,,,,,,,,0.0,,,
Scenario1,0,RE1,,PWRNGS001,,2049,,,,,,,,,,,,,,0.0,,,
Scenario1,0,RE1,,PWRNGS001,,2050,,,,,,,,,,,,,,0.0,,,
Scenario1,0,RE1,,PWRPHS001,,2019,,,,,,,,,,,,,,0.0,,,
Scenario1,0,RE1,,PWRPHS001,,2020,,,,,,,,,,,,,,0.0,,,
Scenario1,0,RE1,,PWRPHS001,,2021,,,,,,,,,,,,,,0.0,,,
Scenario1,0,RE1,,PWRPHS001,,2022,,,,,,,,,,,,,,0.0,,,
Scenario1,0,RE1,,PWRPHS001,,2023,,,,,,,,,,,,,,0.0,,,
Scenario1,0,RE1,,PWRPHS001,,2024,,,,,,,,,,,,,,0.0,,,
Scenario1,0,RE1,,PWRPHS001,,2025,,,,,,,,,,,,,,0.0,,,
Scenario1,0,RE1,,PWRPHS001,,2026,,,,,,,,,,,,,,0.0,,,
Scenario1,0,RE1,,PWRPHS001,,2027,,,,,,,,,,,,,,0.0,,,
Scenario1,0,RE1,,PWRPHS001,,2028,,,,,,,,,,,,,,0.0,,,
Scenario1,0,RE1,,PWRPHS001,,2029,,,,,,,,,,,,,,0.0,,,
Scenario1,0,RE1,,PWRPHS001,,2030,,,,,,,,,,,,,,0.0,,,
Scenario1,0,RE1,,PWRPHS001,,2031,,,,,,,,,,,,,,0.0,,,
Scenario1,0,RE1,,PWRPHS001,,2032,,,,,,,,,,,,,,0.0,,,
Scenario1,0,RE1,,PWRPHS001,,2033,,,,,,,,,,,,,,0.0,,,
Scenario1,0,RE1,,PWRPHS001,,2034,,,,,,,,,,,,,,0.0,,,
Scenario1,0,RE1,,PWRPHS001,,2035,,,,,,,,,,,,,,0.0,,,
Scenario1,0,RE1,,PWRPHS001,,2036,,,,,,,,,,,,,,0.0,,,
Scenario1,0,RE1,,PWRPHS001,,2037,,,,,,,,,,,,,,0.0,,,
Scenario1,0,RE1,,PWRPHS001,,2038,,,,,,,,,,,,,,0.0,,,
Scenario1,0,RE1,,PWRPHS001,,2039,,,,,,,,,,,,,,0.0,,,
Scenario1,0,RE1,,PWRPHS001,,2040,,,,,,,,,,,,,,0.0,,,
Scenario1,0,RE1,,PWRPHS001,,2041,,,,,,,,,,,,,,0.0,,,
Scenario1,0,RE1,,PWRPHS001,,2042,,,,,,,,,,,,,,0.0,,,
Scenario1,0,RE1,,PWRPHS001,,2043,,,,,,,,,,,,,,0.0,,,
Scenario1,0,RE1,,PWRPHS001,,2044,,,,,,,,,,,,,,0.0,,,
Scenario1,0,RE1,,PWRPHS001,,2045,,,,,,,,,,,,,,0.0,,,
Scenario1,0,RE1,,PWRPHS001,,2046,,,,,,,,,,,,,,0.0,,,
Scenario1,0,RE1,,PWRPHS001,,2047,,,,,,,,,,,,,,0.0,,,
Scenario1,0,RE1,,PWRPHS001,,2048,,,,,,,,,,,,,,0.0,,,
Scenario1,0,RE1,,PWRPHS001,,2049,,,,,,,,,,,,,,0.0,,,
Scenario1,0,RE1,,PWRPHS001,,2050,,,,,,,,,,,,,,0.0,,,
Scenario1,0,RE1,,PWRPHS002,,2019,,,,,,,,,,,,,,0.0,,,
Scenario1,0,RE1,,PWRPHS002,,2020,,,,,,,,,,,,,,0.0,,,
Scenario1,0,RE1,,PWRPHS002,,2021,,,,,,,,,,,,,,0.0,,,
Scenario1,0,RE1,,PWRPHS002,,2022,,,,,,,,,,,,,,0.0,,,
Scenario1,0,RE1,,PWRPHS002,,2023,,,,,,,,,,,,,,0.0,,,
Scenario1,0,RE1,,PWRPHS002,,2024,,,,,,,,,,,,,,0.0,,,
Scenario1,0,RE1,,PWRPHS002,,2025,,,,,,,,,,,,,,0.0,,,
Scenario1,0,RE1,,PWRPHS002,,2026,,,,,,,,,,,,,,0.0,,,
Scenario1,0,RE1,,PWRPHS002,,2027,,,,,,,,,,,,,,0.0,,,
Scenario1,0,RE1,,PWRPHS002,,2028,,,,,,,,,,,,,,0.0,,,
Scenario1,0,RE1,,PWRPHS002,,2029,,,,,,,,,,,,,,0.0,,,
Scenario1,0,RE1,,PWRPHS002,,2030,,,,,,,,,,,,,,0.0,,,
Scenario1,0,RE1,,PWRPHS002,,2031,,,,,,,,,,,,,,0.0,,,
Scenario1,0,RE1,,PWRPHS002,,2032,,,,,,,,,,,,,,0.0,,,
Scenario1,0,RE1,,PWRPHS002,,2033,,,,,,,,,,,,,,0.0,,,
Scenario1,0,RE1,,PWRPHS002,,2034,,,,,,,,,,,,,,0.0,,,
Scenario1,0,RE1,,PWRPHS002,,2035,,,,,,,,,,,,,,0.0,,,
Scenario1,0,RE1,,PWRPHS002,,2036,,,,,,,,,,,,,,0.0,,,
Scenario1,0,RE1,,PWRPHS002,,2037,,,,,,,,,,,,,,0.0,,,
Scenario1,0,RE1,,PWRPHS002,,2038,,,,,,,,,,,,,,0.0,,,
Scenario1,0,RE1,,PWRPHS002,,2039,,,,,,,,,,,,,,0.0,,,
Scenario1,0,RE1,,PWRPHS002,,2040,,,,,,,,,,,,,,0.0,,,
Scenario1,0,RE1,,PWRPHS002,,2041,,,,,,,,,,,,,,0.0,,,
Scenario1,0,RE1,,PWRPHS002,,2042,,,,,,,,,,,,,,0.0,,,
Scenario1,0,RE1,,PWRPHS002,,2043,,,,,,,,,,,,,,0.0,,,
Scenario1,0,RE1,,PWRPHS002,,2044,,,,,,,,,,,,,,0.0,,,
Scenario1,0,RE1,,PWRPHS002,,2045,,,,,,,,,,,,,,0.0,,,
Scenario1,0,RE1,,PWRPHS002,,2046,,,,,,,,,,,,,,0.0,,,
Scenario1,0,RE1,,PWRPHS002,,2047,,,,,,,,,,,,,,0.0,,,
Scenario1,0,RE1,,PWRPHS002,,2048,,,,,,,,,,,,,,0.0,,,
Scenario1,0,RE1,,PWRPHS002,,2049,,,,,,,,,,,,,,0.0,,,
Scenario1,0,RE1,,PWRPHS002,,2050,,,,,,,,,,,,,,0.0,,,
Scenario1,0,RE1,,PWRSOL001,,2019,,,,,,,,,,,,,,0.34427953991592,,,
Scenario1,0,RE1,,PWRSOL001,,2020,,,,,,,,,,,,,,0.34427953991592,,,
Scenario1,0,RE1,,PWRSOL001,,2021,,,,,,,,,,,,,,0.5481067302144,,,
Scenario1,0,RE1,,PWRSOL001,,2022,,,,,,,,,,,,,,0.8221600953216,,,
Scenario1,0,RE1,,PWRSOL001,,2023,,,,,,,,,,,,,,1.1064904616203195,,,
Scenario1,0,RE1,,PWRSOL001,,2024,,,,,,,,,,,,,,1.38054382672752,,,
Scenario1,0,RE1,,PWRSOL001,,2025,,,,,,,,,,,,,,1.38054382672752,,,
Scenario1,0,RE1,,PWRSOL001,,2026,,,,,,,,,,,,,,1.6545971918347206,,,
Scenario1,0,RE1,,PWRSOL001,,2027,,,,,,,,,,,,,,1.65459719183472,,,
Scenario1,0,RE1,,PWRSOL001,,2028,,,,,,,,,,,,,,1.6545971918347202,,,
Scenario1,0,RE1,,PWRSOL001,,2029,,,,,,,,,,,,,,1.65459719183472,,,
Scenario1,0,RE1,,PWRSOL001,,2030,,,,,,,,,,,,,,1.6545971918347202,,,
Scenario1,0,RE1,,PWRSOL001,,2031,,,,,,,,,,,,,,1.65459719183472,,,
Scenario1,0,RE1,,PWRSOL001,,2032,,,,,,,,,,,,,,1.6545971918347202,,,
Scenario1,0,RE1,,PWRSOL001,,2033,,,,,,,,,,,,,,1.6545971918347202,,,
Scenario1,0,RE1,,PWRSOL001,,2034,,,,,,,,,,,,,,1.6545971918347202,,,
Scenario1,0,RE1,,PWRSOL001,,2035,,,,,,,,,,,,,,1.6545971918347202,,,
Scenario1,0,RE1,,PWRSOL001,,2036,,,,,,,,,,,,,,1.6545971918347202,,,
Scenario1,0,RE1,,PWRSOL001,,2037,,,,,,,,,,,,,,1.6545971918347202,,,
Scenario1,0,RE1,,PWRSOL001,,2038,,,,,,,,,,,,,,1.65459719183472,,,
Scenario1,0,RE1,,PWRSOL001,,2039,,,,,,,,,,,,,,1.65459719183472,,,
Scenario1,0,RE1,,PWRSOL001,,2040,,,,,,,,,,,,,,1.6545971918347198,,,
Scenario1,0,RE1,,PWRSOL001,,2041,,,,,,,,,,,,,,1.65459719183472,,,
Scenario1,0,RE1,,PWRSOL001,,2042,,,,,,,,,,,,,,1.6545971918347195,,,
Scenario1,0,RE1,,PWRSOL001,,2043,,,,,,,,,,,,,,1.6545971918347195,,,
Scenario1,0,RE1,,PWRSOL001,,2044,,,,,,,,,,,,,,1.6545971918347195,,,
Scenario1,0,RE1,,PWRSOL001,,2045,,,,,,,,,,,,,,1.65459719183472,,,
Scenario1,0,RE1,,PWRSOL001,,2046,,,,,,,,,,,,,,1.45077000153624,,,
Scenario1,0,RE1,,PWRSOL001,,2047,,,,,,,,,,,,,,1.1767166364290398,,,
Scenario1,0,RE1,,PWRSOL001,,2048,,,,,,,,,,,,,,0.8923862701303199,,,
Scenario1,0,RE1,,PWRSOL001,,2049,,,,,,,,,,,,,,0.6183329050231199,,,
Scenario1,0,RE1,,PWRSOL001,,2050,,,,,,,,,,,,,,0.61833290502312,,,
Scenario1,0,RE1,,PWRSOL002,,2019,,,,,,,,,,,,,,0.0,,,
Scenario1,0,RE1,,PWRSOL002,,2020,,,,,,,,,,,,,,0.0,,,
Scenario1,0,RE1,,PWRSOL002,,2021,,,,,,,,,,,,,,0.0,,,
Scenario1,0,RE1,,PWRSOL002,,2022,,,,,,,,,,,,,,0.0,,,
Scenario1,0,RE1,,PWRSOL002,,2023,,,,,,,,,,,,,,0.0,,,
Scenario1,0,RE1,,PWRSOL002,,2024,,,,,,,,,,,,,,0.0,,,
Scenario1,0,RE1,,PWRSOL002,,2025,,,,,,,,,,,,,,0.0,,,
Scenario1,0,RE1,,PWRSOL002,,2026,,,,,,,,,,,,,,0.0,,,
Scenario1,0,RE1,,PWRSOL002,,2027,,,,,,,,,,,,,,0.0,,,
Scenario1,0,RE1,,PWRSOL002,,2028,,,,,,,,,,,,,,0.0,,,
Scenario1,0,RE1,,PWRSOL002,,2029,,,,,,,,,,,,,,0.0,,,
Scenario1,0,RE1,,PWRSOL002,,2030,,,,,,,,,,,,,,0.0,,,
Scenario1,0,RE1,,PWRSOL002,,2031,,,,,,,,,,,,,,0.0,,,
Scenario1,0,RE1,,PWRSOL002,,2032,,,,,,,,,,,,,,0.0,,,
Scenario1,0,RE1,,PWRSOL002,,2033,,,,,,,,,,,,,,0.0,,,
Scenario1,0,RE1,,PWRSOL002,,2034,,,,,,,,,,,,,,0.0,,,
Scenario1,0,RE1,,PWRSOL002,,2035,,,,,,,,,,,,,,0.0,,,
Scenario1,0,RE1,,PWRSOL002,,2036,,,,,,,,,,,,,,0.0,,,
Scenario1,0,RE1,,PWRSOL002,,2037,,,,,,,,,,,,,,0.0,,,
Scenario1,0,RE1,,PWRSOL002,,2038,,,,,,,,,,,,,,0.0,,,
Scenario1,0,RE1,,PWRSOL002,,2039,,,,,,,,,,,,,,0.0,,,
Scenario1,0,RE1,,PWRSOL002,,2040,,,,,,,,,,,,,,0.0,,,
Scenario1,0,RE1,,PWRSOL002,,2041,,,,,,,,,,,,,,0.0,,,
Scenario1,0,RE1,,PWRSOL002,,2042,,,,,,,,,,,,,,0.0,,,
Scenario1,0,RE1,,PWRSOL002,,2043,,,,,,,,,,,,,,0.0,,,
Scenario1,0,RE1,,PWRSOL002,,2044,,,,,,,,,,,,,,0.0,,,
Scenario1,0,RE1,,PWRSOL002,,2045,,,,,,,,,,,,,,0.0,,,
Scenario1,0,RE1,,PWRSOL002,,2046,,,,,,,,,,,,,,0.0,,,
Scenario1,0,RE1,,PWRSOL002,,2047,,,,,,,,,,,,,,0.0,,,
Scenario1,0,RE1,,PWRSOL002,,2048,,,,,,,,,,,,,,0.0,,,
Scenario1,0,RE1,,PWRSOL002,,2049,,,,,,,,,,,,,,0.0,,,
Scenario1,0,RE1,,PWRSOL002,,2050,,,,,,,,,,,,,,0.0,,,
Scenario1,0,RE1,,PWRTRN,,2019,,,,,,,,,,,,,,47.65126114055451,,,
Scenario1,0,RE1,,PWRTRN,,2020,,,,,,,,,,,,,,48.48444165923664,,,
Scenario1,0,RE1,,PWRTRN,,2021,,,,,,,,,,,,,,50.6306792825934,,,
Scenario1,0,RE1,,PWRTRN,,2022,,,,,,,,,,,,,,52.26502294910062,,,
Scenario1,0,RE1,,PWRTRN,,2023,,,,,,,,,,,,,,53.79656114678351,,,
Scenario1,0,RE1,,PWRTRN,,2024,,,,,,,,,,,,,,55.58022996294356,,,
Scenario1,0,RE1,,PWRTRN,,2025,,,,,,,,,,,,,,57.52444774225344,,,
Scenario1,0,RE1,,PWRTRN,,2026,,,,,,,,,,,,,,59.56135265177399,,,
Scenario1,0,RE1,,PWRTRN,,2027,,,,,,,,,,,,,,62.92926054565558,,,
Scenario1,0,RE1,,PWRTRN,,2028,,,,,,,,,,,,,,66.4941845617834,,,
Scenario1,0,RE1,,PWRTRN,,2029,,,,,,,,,,,,,,70.57147701006599,,,
Scenario1,0,RE1,,PWRTRN,,2030,,,,,,,,,,,,,,74.94702497399261,,,
Scenario1,0,RE1,,PWRTRN,,2031,,,,,,,,,,,,,,79.03365242252706,,,
Scenario1,0,RE1,,PWRTRN,,2032,,,,,,,,,,,,,,83.56975679766087,,,
Scenario1,0,RE1,,PWRTRN,,2033,,,,,,,,,,,,,,88.16840672512983,,,
Scenario1,0,RE1,,PWRTRN,,2034,,,,,,,,,,,,,,93.06173908373914,,,
Scenario1,0,RE1,,PWRTRN,,2035,,,,,,,,,,,,,,98.21075251886192,,,
Scenario1,0,RE1,,PWRTRN,,2036,,,,,,,,,,,,,,103.43237553388892,,,
Scenario1,0,RE1,,PWRTRN,,2037,,,,,,,,,,,,,,109.30964863804871,,,
Scenario1,0,RE1,,PWRTRN,,2038,,,,,,,,,,,,,,115.43387752000989,,,
Scenario1,0,RE1,,PWRTRN,,2039,,,,,,,,,,,,,,121.9099122818148,,,
Scenario1,0,RE1,,PWRTRN,,2040,,,,,,,,,,,,,,128.77981070848432,,,
Scenario1,0,RE1,,PWRTRN,,2041,,,,,,,,,,,,,,136.0201143941967,,,
Scenario1,0,RE1,,PWRTRN,,2042,,,,,,,,,,,,,,143.5175356881743,,,
Scenario1,0,RE1,,PWRTRN,,2043,,,,,,,,,,,,,,151.5157873041557,,,
Scenario1,0,RE1,,PWRTRN,,2044,,,,,,,,,,,,,,159.94268550908086,,,
Scenario1,0,RE1,,PWRTRN,,2045,,,,,,,,,,,,,,168.85660414436475,,,
Scenario1,0,RE1,,PWRTRN,,2046,,,,,,,,,,,,,,178.2674522455012,,,
Scenario1,0,RE1,,PWRTRN,,2047,,,,,,,,,,,,,,188.18308821139064,,,
Scenario1,0,RE1,,PWRTRN,,2048,,,,,,,,,,,,,,198.6716100039074,,,
Scenario1,0,RE1,,PWRTRN,,2049,,,,,,,,,,,,,,209.74499448512145,,,
Scenario1,0,RE1,,PWRTRN,,2050,,,,,,,,,,,,,,221.41225810338176,,,
Scenario1,0,RE1,,PWRURN001,,2019,,,,,,,,,,,,,,0.0,,,
Scenario1,0,RE1,,PWRURN001,,2020,,,,,,,,,,,,,,0.0,,,
Scenario1,0,RE1,,PWRURN001,,2021,,,,,,,,,,,,,,0.0,,,
Scenario1,0,RE1,,PWRURN001,,2022,,,,,,,,,,,,,,0.0,,,
Scenario1,0,RE1,,PWRURN001,,2023,,,,,,,,,,,,,,0.0,,,
Scenario1,0,RE1,,PWRURN001,,2024,,,,,,,,,,,,,,0.0,,,
Scenario1,0,RE1,,PWRURN001,,2025,,,,,,,,,,,,,,0.0,,,
Scenario1,0,RE1,,PWRURN001,,2026,,,,,,,,,,,,,,0.0,,,
Scenario1,0,RE1,,PWRURN001,,2027,,,,,,,,,,,,,,0.0,,,
Scenario1,0,RE1,,PWRURN001,,2028,,,,,,,,,,,,,,0.0,,,
Scenario1,0,RE1,,PWRURN001,,2029,,,,,,,,,,,,,,0.0,,,
Scenario1,0,RE1,,PWRURN001,,2030,,,,,,,,,,,,,,0.0,,,
Scenario1,0,RE1,,PWRURN001,,2031,,,,,,,,,,,,,,0.0,,,
Scenario1,0,RE1,,PWRURN001,,2032,,,,,,,,,,,,,,0.0,,,
Scenario1,0,RE1,,PWRURN001,,2033,,,,,,,,,,,,,,0.0,,,
Scenario1,0,RE1,,PWRURN001,,2034,,,,,,,,,,,,,,0.0,,,
Scenario1,0,RE1,,PWRURN001,,2035,,,,,,,,,,,,,,0.0,,,
Scenario1,0,RE1,,PWRURN001,,2036,,,,,,,,,,,,,,0.0,,,
Scenario1,0,RE1,,PWRURN001,,2037,,,,,,,,,,,,,,0.0,,,
Scenario1,0,RE1,,PWRURN001,,2038,,,,,,,,,,,,,,0.0,,,
Scenario1,0,RE1,,PWRURN001,,2039,,,,,,,,,,,,,,0.0,,,
Scenario1,0,RE1,,PWRURN001,,2040,,,,,,,,,,,,,,0.0,,,
Scenario1,0,RE1,,PWRURN001,,2041,,,,,,,,,,,,,,0.0,,,
Scenario1,0,RE1,,PWRURN001,,2042,,,,,,,,,,,,,,0.0,,,
Scenario1,0,RE1,,PWRURN001,,2043,,,,,,,,,,,,,,0.0,,,
Scenario1,0,RE1,,PWRURN001,,2044,,,,,,,,,,,,,,0.0,,,
Scenario1,0,RE1,,PWRURN001,,2045,,,,,,,,,,,,,,0.0,,,
Scenario1,0,RE1,,PWRURN001,,2046,,,,,,,,,,,,,,0.0,,,
Scenario1,0,RE1,,PWRURN001,,2047,,,,,,,,,,,,,,0.0,,,
Scenario1,0,RE1,,PWRURN001,,2048,,,,,,,,,,,,,,0.0,,,
Scenario1,0,RE1,,PWRURN001,,2049,,,,,,,,,,,,,,0.0,,,
Scenario1,0,RE1,,PWRURN001,,2050,,,,,,,,,,,,,,0.0,,,
Scenario1,0,RE1,,PWRWND001,,2019,,,,,,,,,,,,,,0.0,,,
Scenario1,0,RE1,,PWRWND001,,2020,,,,,,,,,,,,,,0.0,,,
Scenario1,0,RE1,,PWRWND001,,2021,,,,,,,,,,,,,,0.0,,,
Scenario1,0,RE1,,PWRWND001,,2022,,,,,,,,,,,,,,0.0,,,
Scenario1,0,RE1,,PWRWND001,,2023,,,,,,,,,,,,,,0.0,,,
Scenario1,0,RE1,,PWRWND001,,2024,,,,,,,,,,,,,,0.0,,,
Scenario1,0,RE1,,PWRWND001,,2025,,,,,,,,,,,,,,0.0,,,
Scenario1,0,RE1,,PWRWND001,,2026,,,,,,,,,,,,,,0.0,,,
Scenario1,0,RE1,,PWRWND001,,2027,,,,,,,,,,,,,,0.0,,,
Scenario1,0,RE1,,PWRWND001,,2028,,,,,,,,,,,,,,0.0,,,
Scenario1,0,RE1,,PWRWND001,,2029,,,,,,,,,,,,,,0.0,,,
Scenario1,0,RE1,,PWRWND001,,2030,,,,,,,,,,,,,,0.0,,,
Scenario1,0,RE1,,PWRWND001,,2031,,,,,,,,,,,,,,0.0,,,
Scenario1,0,RE1,,PWRWND001,,2032,,,,,,,,,,,,,,0.0,,,
Scenario1,0,RE1,,PWRWND001,,2033,,,,,,,,,,,,,,0.0,,,
Scenario1,0,RE1,,PWRWND001,,2034,,,,,,,,,,,,,,0.0,,,
Scenario1,0,RE1,,PWRWND001,,2035,,,,,,,,,,,,,,0.0,,,
Scenario1,0,RE1,,PWRWND001,,2036,,,,,,,,,,,,,,0.0,,,
Scenario1,0,RE1,,PWRWND001,,2037,,,,,,,,,,,,,,0.0,,,
Scenario1,0,RE1,,PWRWND001,,2038,,,,,,,,,,,,,,0.0,,,
Scenario1,0,RE1,,PWRWND001,,2039,,,,,,,,,,,,,,0.0,,,
Scenario1,0,RE1,,PWRWND001,,2040,,,,,,,,,,,,,,0.0,,,
Scenario1,0,RE1,,PWRWND001,,2041,,,,,,,,,,,,,,0.0,,,
Scenario1,0,RE1,,PWRWND001,,2042,,,,,,,,,,,,,,0.0,,,
Scenario1,0,RE1,,PWRWND001,,2043,,,,,,,,,,,,,,0.0,,,
Scenario1,0,RE1,,PWRWND001,,2044,,,,,,,,,,,,,,0.0,,,
Scenario1,0,RE1,,PWRWND001,,2045,,,,,,,,,,,,,,0.0,,,
Scenario1,0,RE1,,PWRWND001,,2046,,,,,,,,,,,,,,0.0,,,
Scenario1,0,RE1,,PWRWND001,,2047,,,,,,,,,,,,,,0.0,,,
Scenario1,0,RE1,,PWRWND001,,2048,,,,,,,,,,,,,,0.0,,,
Scenario1,0,RE1,,PWRWND001,,2049,,,,,,,,,,,,,,0.0,,,
Scenario1,0,RE1,,PWRWND001,,2050,,,,,,,,,,,,,,0.0,,,
Scenario1,0,RE1,,PWRWND002,,2019,,,,,,,,,,,,,,0.0,,,
Scenario1,0,RE1,,PWRWND002,,2020,,,,,,,,,,,,,,0.0,,,
Scenario1,0,RE1,,PWRWND002,,2021,,,,,,,,,,,,,,0.0,,,
Scenario1,0,RE1,,PWRWND002,,2022,,,,,,,,,,,,,,0.0,,,
Scenario1,0,RE1,,PWRWND002,,2023,,,,,,,,,,,,,,0.0,,,
Scenario1,0,RE1,,PWRWND002,,2024,,,,,,,,,,,,,,0.0,,,
Scenario1,0,RE1,,PWRWND002,,2025,,,,,,,,,,,,,,4.096798084518597,,,
Scenario1,0,RE1,,PWRWND002,,2026,,,,,,,,,,,,,,4.096798084518598,,,
Scenario1,0,RE1,,PWRWND002,,2027,,,,,,,,,,,,,,4.096798084518599,,,
Scenario1,0,RE1,,PWRWND002,,2028,,,,,,,,,,,,,,4.096798084518599,,,
Scenario1,0,RE1,,PWRWND002,,2029,,,,,,,,,,,,,,4.096798084518599,,,
Scenario1,0,RE1,,PWRWND002,,2030,,,,,,,,,,,,,,4.096798084518599,,,
Scenario1,0,RE1,,PWRWND002,,2031,,,,,,,,,,,,,,4.096798084518599,,,
Scenario1,0,RE1,,PWRWND002,,2032,,,,,,,,,,,,,,4.0967980845186,,,
Scenario1,0,RE1,,PWRWND002,,2033,,,,,,,,,,,,,,4.096798084518599,,,
Scenario1,0,RE1,,PWRWND002,,2034,,,,,,,,,,,,,,4.096798084518599,,,
Scenario1,0,RE1,,PWRWND002,,2035,,,,,,,,,,,,,,4.096798084518599,,,
Scenario1,0,RE1,,PWRWND002,,2036,,,,,,,,,,,,,,4.096798084518597,,,
Scenario1,0,RE1,,PWRWND002,,2037,,,,,,,,,,,,,,4.096798084518599,,,
Scenario1,0,RE1,,PWRWND002,,2038,,,,,,,,,,,,,,4.096798084518599,,,
Scenario1,0,RE1,,PWRWND002,,2039,,,,,,,,,,,,,,4.096798084518599,,,
Scenario1,0,RE1,,PWRWND002,,2040,,,,,,,,,,,,,,4.096798084518598,,,
Scenario1,0,RE1,,PWRWND002,,2041,,,,,,,,,,,,,,4.096798084518599,,,
Scenario1,0,RE1,,PWRWND002,,2042,,,,,,,,,,,,,,4.096798084518597,,,
Scenario1,0,RE1,,PWRWND002,,2043,,,,,,,,,,,,,,4.096798084518598,,,
Scenario1,0,RE1,,PWRWND002,,2044,,,,,,,,,,,,,,4.096798084518598,,,
Scenario1,0,RE1,,PWRWND002,,2045,,,,,,,,,,,,,,2.621687573910898,,,
Scenario1,0,RE1,,PWRWND002,,2046,,,,,,,,,,,,,,2.621687573910899,,,
Scenario1,0,RE1,,PWRWND002,,2047,,,,,,,,,,,,,,2.621687573910898,,,
Scenario1,0,RE1,,PWRWND002,,2048,,,,,,,,,,,,,,2.6216875739109007,,,
Scenario1,0,RE1,,PWRWND002,,2049,,,,,,,,,,,,,,2.6216875739109065,,,
Scenario1,0,RE1,,PWRWND002,,2050,,,,,,,,,,,,,,2.6216875739108985,,,
Scenario1,0,RE1,,PWRWND003,,2019,,,,,,,,,,,,,,0.0,,,
Scenario1,0,RE1,,PWRWND003,,2020,,,,,,,,,,,,,,0.0,,,
Scenario1,0,RE1,,PWRWND003,,2021,,,,,,,,,,,,,,0.0,,,
Scenario1,0,RE1,,PWRWND003,,2022,,,,,,,,,,,,,,0.0,,,
Scenario1,0,RE1,,PWRWND003,,2023,,,,,,,,,,,,,,0.0,,,
Scenario1,0,RE1,,PWRWND003,,2024,,,,,,,,,,,,,,0.0,,,
Scenario1,0,RE1,,PWRWND003,,2025,,,,,,,,,,,,,,4.574046168952128,,,
Scenario1,0,RE1,,PWRWND003,,2026,,,,,,,,,,,,,,4.574046168952129,,,
Scenario1,0,RE1,,PWRWND003,,2027,,,,,,,,,,,,,,4.574046168952129,,,
Scenario1,0,RE1,,PWRWND003,,2028,,,,,,,,,,,,,,4.57404616895213,,,
Scenario1,0,RE1,,PWRWND003,,2029,,,,,,,,,,,,,,4.574046168952129,,,
Scenario1,0,RE1,,PWRWND003,,2030,,,,,,,,,,,,,,4.57404616895213,,,
Scenario1,0,RE1,,PWRWND003,,2031,,,,,,,,,,,,,,4.574046168952129,,,
Scenario1,0,RE1,,PWRWND003,,2032,,,,,,,,,,,,,,4.57404616895213,,,
Scenario1,0,RE1,,PWRWND003,,2033,,,,,,,,,,,,,,4.574046168952128,,,
Scenario1,0,RE1,,PWRWND003,,2034,,,,,,,,,,,,,,4.574046168952128,,,
Scenario1,0,RE1,,PWRWND003,,2035,,,,,,,,,,,,,,4.574046168952128,,,
Scenario1,0,RE1,,PWRWND003,,2036,,,,,,,,,,,,,,4.57404616895213,,,
Scenario1,0,RE1,,PWRWND003,,2037,,,,,,,,,,,,,,4.574046168952128,,,
Scenario1,0,RE1,,PWRWND003,,2038,,,,,,,,,,,,,,6.075195622780321,,,
Scenario1,0,RE1,,PWRWND003,,2039,,,,,,,,,,,,,,8.116319020789657,,,
Scenario1,0,RE1,,PWRWND003,,2040,,,,,,,,,,,,,,8.116319020789659,,,
Scenario1,0,RE1,,PWRWND003,,2041,,,,,,,,,,,,,,11.220928520079708,,,
Scenario1,0,RE1,,PWRWND003,,2042,,,,,,,,,,,,,,11.797183123447564,,,
Scenario1,0,RE1,,PWRWND003,,2043,,,,,,,,,,,,,,12.467952237016284,,,
Scenario1,0,RE1,,PWRWND003,,2044,,,,,,,,,,,,,,13.17684189371042,,,
Scenario1,0,RE1,,PWRWND003,,2045,,,,,,,,,,,,,,13.926046940508275,,,
Scenario1,0,RE1,,PWRWND003,,2046,,,,,,,,,,,,,,14.717844875529632,,,
Scenario1,0,RE1,,PWRWND003,,2047,,,,,,,,,,,,,,15.55466931571695,,,
Scenario1,0,RE1,,PWRWND003,,2048,,,,,,,,,,,,,,16.439073262994803,,,
Scenario1,0,RE1,,PWRWND003,,2049,,,,,,,,,,,,,,17.373765838110476,,,
Scenario1,0,RE1,,PWRWND003,,2050,,,,,,,,,,,,,,18.361593913713676,,,
Scenario1,0,RE1,,PWRWND004,,2019,,,,,,,,,,,,,,0.0,,,
Scenario1,0,RE1,,PWRWND004,,2020,,,,,,,,,,,,,,0.0,,,
Scenario1,0,RE1,,PWRWND004,,2021,,,,,,,,,,,,,,0.0,,,
Scenario1,0,RE1,,PWRWND004,,2022,,,,,,,,,,,,,,0.0,,,
Scenario1,0,RE1,,PWRWND004,,2023,,,,,,,,,,,,,,0.0,,,
Scenario1,0,RE1,,PWRWND004,,2024,,,,,,,,,,,,,,0.0,,,
Scenario1,0,RE1,,PWRWND004,,2025,,,,,,,,,,,,,,4.874216854491412,,,
Scenario1,0,RE1,,PWRWND004,,2026,,,,,,,,,,,,,,4.874216854491415,,,
Scenario1,0,RE1,,PWRWND004,,2027,,,,,,,,,,,,,,4.874216854491413,,,
Scenario1,0,RE1,,PWRWND004,,2028,,,,,,,,,,,,,,4.874216854491415,,,
Scenario1,0,RE1,,PWRWND004,,2029,,,,,,,,,,,,,,4.874216854491414,,,
Scenario1,0,RE1,,PWRWND004,,2030,,,,,,,,,,,,,,4.874216854491415,,,
Scenario1,0,RE1,,PWRWND004,,2031,,,,,,,,,,,,,,4.874216854491414,,,
Scenario1,0,RE1,,PWRWND004,,2032,,,,,,,,,,,,,,4.874216854491416,,,
Scenario1,0,RE1,,PWRWND004,,2033,,,,,,,,,,,,,,4.874216854491415,,,
Scenario1,0,RE1,,PWRWND004,,2034,,,,,,,,,,,,,,8.041292801272556,,,
Scenario1,0,RE1,,PWRWND004,,2035,,,,,,,,,,,,,,8.495360070212799,,,
Scenario1,0,RE1,,PWRWND004,,2036,,,,,,,,,,,,,,8.495360070212792,,,
Scenario1,0,RE1,,PWRWND004,,2037,,,,,,,,,,,,,,9.521730863703125,,,
Scenario1,0,RE1,,PWRWND004,,2038,,,,,,,,,,,,,,10.066005640802592,,,
Scenario1,0,RE1,,PWRWND004,,2039,,,,,,,,,,,,,,10.643279223094364,,,
Scenario1,0,RE1,,PWRWND004,,2040,,,,,,,,,,,,,,11.25510760406167,,,
Scenario1,0,RE1,,PWRWND004,,2041,,,,,,,,,,,,,,11.95729926970668,,,
Scenario1,0,RE1,,PWRWND004,,2042,,,,,,,,,,,,,,12.571370443556974,,,
Scenario1,0,RE1,,PWRWND004,,2043,,,,,,,,,,,,,,13.286158619728331,,,
Scenario1,0,RE1,,PWRWND004,,2044,,,,,,,,,,,,,,14.041568990547743,,,
Scenario1,0,RE1,,PWRWND004,,2045,,,,,,,,,,,,,,14.839940439301325,,,
Scenario1,0,RE1,,PWRWND004,,2046,,,,,,,,,,,,,,15.683699924378136,,,
Scenario1,0,RE1,,PWRWND004,,2047,,,,,,,,,,,,,,16.575440768250253,,,
Scenario1,0,RE1,,PWRWND004,,2048,,,,,,,,,,,,,,17.517883512982756,,,
Scenario1,0,RE1,,PWRWND004,,2049,,,,,,,,,,,,,,18.513915064723854,,,
Scenario1,0,RE1,,PWRWND004,,2050,,,,,,,,,,,,,,19.56656912145978,,,
Scenario1,0,RE1,,PWRWND005,,2019,,,,,,,,,,,,,,0.0,,,
Scenario1,0,RE1,,PWRWND005,,2020,,,,,,,,,,,,,,0.0,,,
Scenario1,0,RE1,,PWRWND005,,2021,,,,,,,,,,,,,,0.0,,,
Scenario1,0,RE1,,PWRWND005,,2022,,,,,,,,,,,,,,0.0,,,
Scenario1,0,RE1,,PWRWND005,,2023,,,,,,,,,,,,,,0.0,,,
Scenario1,0,RE1,,PWRWND005,,2024,,,,,,,,,,,,,,0.0,,,
Scenario1,0,RE1,,PWRWND005,,2025,,,,,,,,,,,,,,3.5766439821435974,,,
Scenario1,0,RE1,,PWRWND005,,2026,,,,,,,,,,,,,,3.576643982143598,,,
Scenario1,0,RE1,,PWRWND005,,2027,,,,,,,,,,,,,,3.576643982143597,,,
Scenario1,0,RE1,,PWRWND005,,2028,,,,,,,,,,,,,,3.5766439821435965,,,
Scenario1,0,RE1,,PWRWND005,,2029,,,,,,,,,,,,,,3.5766439821435965,,,
Scenario1,0,RE1,,PWRWND005,,2030,,,,,,,,,,,,,,3.576643982143597,,,
Scenario1,0,RE1,,PWRWND005,,2031,,,,,,,,,,,,,,3.576643982143597,,,
Scenario1,0,RE1,,PWRWND005,,2032,,,,,,,,,,,,,,3.576643982143597,,,
Scenario1,0,RE1,,PWRWND005,,2033,,,,,,,,,,,,,,3.5766439821435974,,,
Scenario1,0,RE1,,PWRWND005,,2034,,,,,,,,,,,,,,3.5766439821435974,,,
Scenario1,0,RE1,,PWRWND005,,2035,,,,,,,,,,,,,,3.5766439821435974,,,
Scenario1,0,RE1,,PWRWND005,,2036,,,,,,,,,,,,,,3.5766439821435965,,,
Scenario1,0,RE1,,PWRWND005,,2037,,,,,,,,,,,,,,3.5766439821435974,,,
Scenario1,0,RE1,,PWRWND005,,2038,,,,,,,,,,,,,,3.576643982143598,,,
Scenario1,0,RE1,,PWRWND005,,2039,,,,,,,,,,,,,,3.5766439821435974,,,
Scenario1,0,RE1,,PWRWND005,,2040,,,,,,,,,,,,,,3.5766439821435974,,,
Scenario1,0,RE1,,PWRWND005,,2041,,,,,,,,,,,,,,3.5766439821435974,,,
Scenario1,0,RE1,,PWRWND005,,2042,,,,,,,,,,,,,,3.5766439821435974,,,
Scenario1,0,RE1,,PWRWND005,,2043,,,,,,,,,,,,,,3.576643982143597,,,
Scenario1,0,RE1,,PWRWND005,,2044,,,,,,,,,,,,,,3.5766439821435974,,,
Scenario1,0,RE1,,PWRWND005,,2045,,,,,,,,,,,,,,0.0,,,
Scenario1,0,RE1,,PWRWND005,,2046,,,,,,,,,,,,,,0.0,,,
Scenario1,0,RE1,,PWRWND005,,2047,,,,,,,,,,,,,,0.0,,,
Scenario1,0,RE1,,PWRWND005,,2048,,,,,,,,,,,,,,0.0,,,
Scenario1,0,RE1,,PWRWND005,,2049,,,,,,,,,,,,,,0.0,,,
Scenario1,0,RE1,,PWRWND005,,2050,,,,,,,,,,,,,,0.0,,,
Scenario1,0,RE1,,PWRWND006,,2019,,,,,,,,,,,,,,0.0,,,
Scenario1,0,RE1,,PWRWND006,,2020,,,,,,,,,,,,,,0.0,,,
Scenario1,0,RE1,,PWRWND006,,2021,,,,,,,,,,,,,,0.0,,,
Scenario1,0,RE1,,PWRWND006,,2022,,,,,,,,,,,,,,0.0,,,
Scenario1,0,RE1,,PWRWND006,,2023,,,,,,,,,,,,,,0.0,,,
Scenario1,0,RE1,,PWRWND006,,2024,,,,,,,,,,,,,,0.0,,,
Scenario1,0,RE1,,PWRWND006,,2025,,,,,,,,,,,,,,4.398752848330767,,,
Scenario1,0,RE1,,PWRWND006,,2026,,,,,,,,,,,,,,4.398752848330767,,,
Scenario1,0,RE1,,PWRWND006,,2027,,,,,,,,,,,,,,4.398752848330768,,,
Scenario1,0,RE1,,PWRWND006,,2028,,,,,,,,,,,,,,4.398752848330767,,,
Scenario1,0,RE1,,PWRWND006,,2029,,,,,,,,,,,,,,4.398752848330767,,,
Scenario1,0,RE1,,PWRWND006,,2030,,,,,,,,,,,,,,4.398752848330767,,,
Scenario1,0,RE1,,PWRWND006,,2031,,,,,,,,,,,,,,4.398752848330768,,,
Scenario1,0,RE1,,PWRWND006,,2032,,,,,,,,,,,,,,4.398752848330769,,,
Scenario1,0,RE1,,PWRWND006,,2033,,,,,,,,,,,,,,4.398752848330767,,,
Scenario1,0,RE1,,PWRWND006,,2034,,,,,,,,,,,,,,4.398752848330767,,,
Scenario1,0,RE1,,PWRWND006,,2035,,,,,,,,,,,,,,4.398752848330767,,,
Scenario1,0,RE1,,PWRWND006,,2036,,,,,,,,,,,,,,4.398752848330768,,,
Scenario1,0,RE1,,PWRWND006,,2037,,,,,,,,,,,,,,4.398752848330767,,,
Scenario1,0,RE1,,PWRWND006,,2038,,,,,,,,,,,,,,4.398752848330767,,,
Scenario1,0,RE1,,PWRWND006,,2039,,,,,,,,,,,,,,4.398752848330767,,,
Scenario1,0,RE1,,PWRWND006,,2040,,,,,,,,,,,,,,4.398752848330767,,,
Scenario1,0,RE1,,PWRWND006,,2041,,,,,,,,,,,,,,7.353622351531468,,,
Scenario1,0,RE1,,PWRWND006,,2042,,,,,,,,,,,,,,7.3536223515314685,,,
Scenario1,0,RE1,,PWRWND006,,2043,,,,,,,,,,,,,,7.353622351531469,,,
Scenario1,0,RE1,,PWRWND006,,2044,,,,,,,,,,,,,,7.3536223515314685,,,
Scenario1,0,RE1,,PWRWND006,,2045,,,,,,,,,,,,,,13.392352499927256,,,
Scenario1,0,RE1,,PWRWND006,,2046,,,,,,,,,,,,,,14.153805990628582,,,
Scenario1,0,RE1,,PWRWND006,,2047,,,,,,,,,,,,,,14.958560414580989,,,
Scenario1,0,RE1,,PWRWND006,,2048,,,,,,,,,,,,,,15.80907093381666,,,
Scenario1,0,RE1,,PWRWND006,,2049,,,,,,,,,,,,,,16.707942846175516,,,
Scenario1,0,RE1,,PWRWND006,,2050,,,,,,,,,,,,,,17.657913922268985,,,
Scenario1,0,RE1,,PWRWND007,,2019,,,,,,,,,,,,,,0.0,,,
Scenario1,0,RE1,,PWRWND007,,2020,,,,,,,,,,,,,,0.0,,,
Scenario1,0,RE1,,PWRWND007,,2021,,,,,,,,,,,,,,0.0,,,
Scenario1,0,RE1,,PWRWND007,,2022,,,,,,,,,,,,,,0.0,,,
Scenario1,0,RE1,,PWRWND007,,2023,,,,,,,,,,,,,,0.0,,,
Scenario1,0,RE1,,PWRWND007,,2024,,,,,,,,,,,,,,0.0,,,
Scenario1,0,RE1,,PWRWND007,,2025,,,,,,,,,,,,,,3.626626759533178,,,
Scenario1,0,RE1,,PWRWND007,,2026,,,,,,,,,,,,,,3.6266267595331776,,,
Scenario1,0,RE1,,PWRWND007,,2027,,,,,,,,,,,,,,3.6266267595331785,,,
Scenario1,0,RE1,,PWRWND007,,2028,,,,,,,,,,,,,,3.6266267595331785,,,
Scenario1,0,RE1,,PWRWND007,,2029,,,,,,,,,,,,,,3.6266267595331785,,,
Scenario1,0,RE1,,PWRWND007,,2030,,,,,,,,,,,,,,3.626626759533178,,,
Scenario1,0,RE1,,PWRWND007,,2031,,,,,,,,,,,,,,3.626626759533178,,,
Scenario1,0,RE1,,PWRWND007,,2032,,,,,,,,,,,,,,3.626626759533177,,,
Scenario1,0,RE1,,PWRWND007,,2033,,,,,,,,,,,,,,3.6266267595331767,,,
Scenario1,0,RE1,,PWRWND007,,2034,,,,,,,,,,,,,,3.6266267595331767,,,
Scenario1,0,RE1,,PWRWND007,,2035,,,,,,,,,,,,,,3.6266267595331767,,,
Scenario1,0,RE1,,PWRWND007,,2036,,,,,,,,,,,,,,3.6266267595331776,,,
Scenario1,0,RE1,,PWRWND007,,2037,,,,,,,,,,,,,,3.6266267595331767,,,
Scenario1,0,RE1,,PWRWND007,,2038,,,,,,,,,,,,,,3.6266267595331776,,,
Scenario1,0,RE1,,PWRWND007,,2039,,,,,,,,,,,,,,3.6266267595331776,,,
Scenario1,0,RE1,,PWRWND007,,2040,,,,,,,,,,,,,,3.6266267595331776,,,
Scenario1,0,RE1,,PWRWND007,,2041,,,,,,,,,,,,,,3.6266267595331767,,,
Scenario1,0,RE1,,PWRWND007,,2042,,,,,,,,,,,,,,3.6266267595331776,,,
Scenario1,0,RE1,,PWRWND007,,2043,,,,,,,,,,,,,,3.626626759533178,,,
Scenario1,0,RE1,,PWRWND007,,2044,,,,,,,,,,,,,,3.626626759533177,,,
Scenario1,0,RE1,,PWRWND007,,2045,,,,,,,,,,,,,,0.0,,,
Scenario1,0,RE1,,PWRWND007,,2046,,,,,,,,,,,,,,0.0,,,
Scenario1,0,RE1,,PWRWND007,,2047,,,,,,,,,,,,,,0.0,,,
Scenario1,0,RE1,,PWRWND007,,2048,,,,,,,,,,,,,,0.0,,,
Scenario1,0,RE1,,PWRWND007,,2049,,,,,,,,,,,,,,0.0,,,
Scenario1,0,RE1,,PWRWND007,,2050,,,,,,,,,,,,,,0.0,,,
Scenario1,0,RE1,,PWRWND008,,2019,,,,,,,,,,,,,,0.0,,,
Scenario1,0,RE1,,PWRWND008,,2020,,,,,,,,,,,,,,0.0,,,
Scenario1,0,RE1,,PWRWND008,,2021,,,,,,,,,,,,,,0.0,,,
Scenario1,0,RE1,,PWRWND008,,2022,,,,,,,,,,,,,,0.0,,,
Scenario1,0,RE1,,PWRWND008,,2023,,,,,,,,,,,,,,0.0,,,
Scenario1,0,RE1,,PWRWND008,,2024,,,,,,,,,,,,,,0.0,,,
Scenario1,0,RE1,,PWRWND008,,2025,,,,,,,,,,,,,,3.5622145809942145,,,
Scenario1,0,RE1,,PWRWND008,,2026,,,,,,,,,,,,,,3.5622145809942136,,,
Scenario1,0,RE1,,PWRWND008,,2027,,,,,,,,,,,,,,3.5622145809942136,,,
Scenario1,0,RE1,,PWRWND008,,2028,,,,,,,,,,,,,,3.562214580994215,,,
Scenario1,0,RE1,,PWRWND008,,2029,,,,,,,,,,,,,,3.562214580994214,,,
Scenario1,0,RE1,,PWRWND008,,2030,,,,,,,,,,,,,,3.562214580994215,,,
Scenario1,0,RE1,,PWRWND008,,2031,,,,,,,,,,,,,,3.562214580994215,,,
Scenario1,0,RE1,,PWRWND008,,2032,,,,,,,,,,,,,,3.562214580994215,,,
Scenario1,0,RE1,,PWRWND008,,2033,,,,,,,,,,,,,,3.562214580994215,,,
Scenario1,0,RE1,,PWRWND008,,2034,,,,,,,,,,,,,,3.562214580994215,,,
Scenario1,0,RE1,,PWRWND008,,2035,,,,,,,,,,,,,,3.562214580994215,,,
Scenario1,0,RE1,,PWRWND008,,2036,,,,,,,,,,,,,,3.5622145809942136,,,
Scenario1,0,RE1,,PWRWND008,,2037,,,,,,,,,,,,,,3.562214580994215,,,
Scenario1,0,RE1,,PWRWND008,,2038,,,,,,,,,,,,,,3.5622145809942145,,,
Scenario1,0,RE1,,PWRWND008,,2039,,,,,,,,,,,,,,3.562214580994215,,,
Scenario1,0,RE1,,PWRWND008,,2040,,,,,,,,,,,,,,3.5622145809942136,,,
Scenario1,0,RE1,,PWRWND008,,2041,,,,,,,,,,,,,,3.562214580994215,,,
Scenario1,0,RE1,,PWRWND008,,2042,,,,,,,,,,,,,,3.5622145809942136,,,
Scenario1,0,RE1,,PWRWND008,,2043,,,,,,,,,,,,,,3.5622145809942136,,,
Scenario1,0,RE1,,PWRWND008,,2044,,,,,,,,,,,,,,3.562214580994214,,,
Scenario1,0,RE1,,PWRWND008,,2045,,,,,,,,,,,,,,0.0,,,
Scenario1,0,RE1,,PWRWND008,,2046,,,,,,,,,,,,,,0.0,,,
Scenario1,0,RE1,,PWRWND008,,2047,,,,,,,,,,,,,,0.0,,,
Scenario1,0,RE1,,PWRWND008,,2048,,,,,,,,,,,,,,0.0,,,
Scenario1,0,RE1,,PWRWND008,,2049,,,,,,,,,,,,,,0.0,,,
Scenario1,0,RE1,,PWRWND008,,2050,,,,,,,,,,,,,,0.0,,,
Scenario1,0,RE1,,PWRWND009,,2019,,,,,,,,,,,,,,0.0,,,
Scenario1,0,RE1,,PWRWND009,,2020,,,,,,,,,,,,,,0.0,,,
Scenario1,0,RE1,,PWRWND009,,2021,,,,,,,,,,,,,,0.0,,,
Scenario1,0,RE1,,PWRWND009,,2022,,,,,,,,,,,,,,0.0,,,
Scenario1,0,RE1,,PWRWND009,,2023,,,,,,,,,,,,,,0.0,,,
Scenario1,0,RE1,,PWRWND009,,2024,,,,,,,,,,,,,,0.0,,,
Scenario1,0,RE1,,PWRWND009,,2025,,,,,,,,,,,,,,3.731264893175408,,,
Scenario1,0,RE1,,PWRWND009,,2026,,,,,,,,,,,,,,3.7312648931754073,,,
Scenario1,0,RE1,,PWRWND009,,2027,,,,,,,,,,,,,,3.731264893175408,,,
Scenario1,0,RE1,,PWRWND009,,2028,,,,,,,,,,,,,,3.731264893175408,,,
Scenario1,0,RE1,,PWRWND009,,2029,,,,,,,,,,,,,,3.731264893175408,,,
Scenario1,0,RE1,,PWRWND009,,2030,,,,,,,,,,,,,,3.731264893175408,,,
Scenario1,0,RE1,,PWRWND009,,2031,,,,,,,,,,,,,,3.731264893175407,,,
Scenario1,0,RE1,,PWRWND009,,2032,,,,,,,,,,,,,,3.7312648931754073,,,
Scenario1,0,RE1,,PWRWND009,,2033,,,,,,,,,,,,,,3.731264893175408,,,
Scenario1,0,RE1,,PWRWND009,,2034,,,,,,,,,,,,,,3.731264893175408,,,
Scenario1,0,RE1,,PWRWND009,,2035,,,,,,,,,,,,,,3.731264893175408,,,
Scenario1,0,RE1,,PWRWND009,,2036,,,,,,,,,,,,,,3.731264893175407,,,
Scenario1,0,RE1,,PWRWND009,,2037,,,,,,,,,,,,,,3.731264893175408,,,
Scenario1,0,RE1,,PWRWND009,,2038,,,,,,,,,,,,,,3.731264893175408,,,
Scenario1,0,RE1,,PWRWND009,,2039,,,,,,,,,,,,,,3.731264893175408,,,
Scenario1,0,RE1,,PWRWND009,,2040,,,,,,,,,,,,,,3.731264893175408,,,
Scenario1,0,RE1,,PWRWND009,,2041,,,,,,,,,,,,,,3.731264893175408,,,
Scenario1,0,RE1,,PWRWND009,,2042,,,,,,,,,,,,,,3.7312648931754073,,,
Scenario1,0,RE1,,PWRWND009,,2043,,,,,,,,,,,,,,3.7312648931754087,,,
Scenario1,0,RE1,,PWRWND009,,2044,,,,,,,,,,,,,,3.7312648931754073,,,
Scenario1,0,RE1,,PWRWND009,,2045,,,,,,,,,,,,,,0.0,,,
Scenario1,0,RE1,,PWRWND009,,2046,,,,,,,,,,,,,,0.0,,,
Scenario1,0,RE1,,PWRWND009,,2047,,,,,,,,,,,,,,0.0,,,
Scenario1,0,RE1,,PWRWND009,,2048,,,,,,,,,,,,,,0.0,,,
Scenario1,0,RE1,,PWRWND009,,2049,,,,,,,,,,,,,,0.0,,,
Scenario1,0,RE1,,PWRWND009,,2050,,,,,,,,,,,,,,0.0,,,
Scenario1,0,RE1,,PWRWND010,,2019,,,,,,,,,,,,,,0.0,,,
Scenario1,0,RE1,,PWRWND010,,2020,,,,,,,,,,,,,,0.0,,,
Scenario1,0,RE1,,PWRWND010,,2021,,,,,,,,,,,,,,0.0,,,
Scenario1,0,RE1,,PWRWND010,,2022,,,,,,,,,,,,,,0.0,,,
Scenario1,0,RE1,,PWRWND010,,2023,,,,,,,,,,,,,,0.0,,,
Scenario1,0,RE1,,PWRWND010,,2024,,,,,,,,,,,,,,0.0,,,
Scenario1,0,RE1,,PWRWND010,,2025,,,,,,,,,,,,,,3.969529268606917,,,
Scenario1,0,RE1,,PWRWND010,,2026,,,,,,,,,,,,,,3.969529268606916,,,
Scenario1,0,RE1,,PWRWND010,,2027,,,,,,,,,,,,,,3.969529268606916,,,
Scenario1,0,RE1,,PWRWND010,,2028,,,,,,,,,,,,,,3.969529268606917,,,
Scenario1,0,RE1,,PWRWND010,,2029,,,,,,,,,,,,,,3.969529268606917,,,
Scenario1,0,RE1,,PWRWND010,,2030,,,,,,,,,,,,,,3.969529268606916,,,
Scenario1,0,RE1,,PWRWND010,,2031,,,,,,,,,,,,,,3.969529268606917,,,
Scenario1,0,RE1,,PWRWND010,,2032,,,,,,,,,,,,,,3.969529268606917,,,
Scenario1,0,RE1,,PWRWND010,,2033,,,,,,,,,,,,,,3.969529268606916,,,
Scenario1,0,RE1,,PWRWND010,,2034,,,,,,,,,,,,,,3.969529268606916,,,
Scenario1,0,RE1,,PWRWND010,,2035,,,,,,,,,,,,,,3.969529268606916,,,
Scenario1,0,RE1,,PWRWND010,,2036,,,,,,,,,,,,,,3.969529268606917,,,
Scenario1,0,RE1,,PWRWND010,,2037,,,,,,,,,,,,,,3.969529268606916,,,
Scenario1,0,RE1,,PWRWND010,,2038,,,,,,,,,,,,,,3.969529268606917,,,
Scenario1,0,RE1,,PWRWND010,,2039,,,,,,,,,,,,,,3.969529268606916,,,
Scenario1,0,RE1,,PWRWND010,,2040,,,,,,,,,,,,,,3.969529268606917,,,
Scenario1,0,RE1,,PWRWND010,,2041,,,,,,,,,,,,,,3.969529268606916,,,
Scenario1,0,RE1,,PWRWND010,,2042,,,,,,,,,,,,,,3.969529268606917,,,
Scenario1,0,RE1,,PWRWND010,,2043,,,,,,,,,,,,,,3.969529268606917,,,
Scenario1,0,RE1,,PWRWND010,,2044,,,,,,,,,,,,,,3.969529268606917,,,
Scenario1,0,RE1,,PWRWND010,,2045,,,,,,,,,,,,,,3.788392998955325,,,
Scenario1,0,RE1,,PWRWND010,,2046,,,,,,,,,,,,,,3.788392998955324,,,
Scenario1,0,RE1,,PWRWND010,,2047,,,,,,,,,,,,,,3.788392998955324,,,
Scenario1,0,RE1,,PWRWND010,,2048,,,,,,,,,,,,,,3.788392998955325,,,
Scenario1,0,RE1,,PWRWND010,,2049,,,,,,,,,,,,,,3.7883929989553247,,,
Scenario1,0,RE1,,PWRWND010,,2050,,,,,,,,,,,,,,3.7883929989553247,,,
Scenario1,0,RE1,,PWRWND011,,2019,,,,,,,,,,,,,,5.688196557465601,,,
Scenario1,0,RE1,,PWRWND011,,2020,,,,,,,,,,,,,,5.688196557465601,,,
Scenario1,0,RE1,,PWRWND011,,2021,,,,,,,,,,,,,,7.422402824985599,,,
Scenario1,0,RE1,,PWRWND011,,2022,,,,,,,,,,,,,,7.422402824985597,,,
Scenario1,0,RE1,,PWRWND011,,2023,,,,,,,,,,,,,,7.422402824985596,,,
Scenario1,0,RE1,,PWRWND011,,2024,,,,,,,,,,,,,,7.422402824985599,,,
Scenario1,0,RE1,,PWRWND011,,2025,,,,,,,,,,,,,,7.803928203839999,,,
Scenario1,0,RE1,,PWRWND011,,2026,,,,,,,,,,,,,,8.671031337599999,,,
Scenario1,0,RE1,,PWRWND011,,2027,,,,,,,,,,,,,,8.671031337599997,,,
Scenario1,0,RE1,,PWRWND011,,2028,,,,,,,,,,,,,,8.582586817956482,,,
Scenario1,0,RE1,,PWRWND011,,2029,,,,,,,,,,,,,,8.582586817956482,,,
Scenario1,0,RE1,,PWRWND011,,2030,,,,,,,,,,,,,,8.58258681795648,,,
Scenario1,0,RE1,,PWRWND011,,2031,,,,,,,,,,,,,,8.58258681795648,,,
Scenario1,0,RE1,,PWRWND011,,2032,,,,,,,,,,,,,,8.58258681795648,,,
Scenario1,0,RE1,,PWRWND011,,2033,,,,,,,,,,,,,,8.582586817956479,,,
Scenario1,0,RE1,,PWRWND011,,2034,,,,,,,,,,,,,,8.582586817956479,,,
Scenario1,0,RE1,,PWRWND011,,2035,,,,,,,,,,,,,,8.2288087393824,,,
Scenario1,0,RE1,,PWRWND011,,2036,,,,,,,,,,,,,,8.2288087393824,,,
Scenario1,0,RE1,,PWRWND011,,2037,,,,,,,,,,,,,,8.2288087393824,,,
Scenario1,0,RE1,,PWRWND011,,2038,,,,,,,,,,,,,,3.026189936822401,,,
Scenario1,0,RE1,,PWRWND011,,2039,,,,,,,,,,,,,,2.9828347801344,,,
Scenario1,0,RE1,,PWRWND011,,2040,,,,,,,,,,,,,,2.9828347801344,,,
Scenario1,0,RE1,,PWRWND011,,2041,,,,,,,,,,,,,,1.2486285126144008,,,
Scenario1,0,RE1,,PWRWND011,,2042,,,,,,,,,,,,,,1.2486285126143997,,,
Scenario1,0,RE1,,PWRWND011,,2043,,,,,,,,,,,,,,1.2486285126143997,,,
Scenario1,0,RE1,,PWRWND011,,2044,,,,,,,,,,,,,,1.2486285126144,,,
Scenario1,0,RE1,,PWRWND011,,2045,,,,,,,,,,,,,,0.8671031337600001,,,
Scenario1,0,RE1,,PWRWND011,,2046,,,,,,,,,,,,,,0.0,,,
Scenario1,0,RE1,,PWRWND011,,2047,,,,,,,,,,,,,,0.0,,,
Scenario1,0,RE1,,PWRWND011,,2048,,,,,,,,,,,,,,0.0,,,
Scenario1,0,RE1,,PWRWND011,,2049,,,,,,,,,,,,,,0.0,,,
Scenario1,0,RE1,,PWRWND011,,2050,,,,,,,,,,,,,,0.0,,,
Scenario1,0,RE1,,,,2019,,,,,,BESS001,,,,,,,,,0.0,,
Scenario1,0,RE1,,,,2020,,,,,,BESS001,,,,,,,,,0.0,,
Scenario1,0,RE1,,,,2021,,,,,,BESS001,,,,,,,,,0.0,,
Scenario1,0,RE1,,,,2022,,,,,,BESS001,,,,,,,,,0.0,,
Scenario1,0,RE1,,,,2023,,,,,,BESS001,,,,,,,,,0.0,,
Scenario1,0,RE1,,,,2024,,,,,,BESS001,,,,,,,,,0.0,,
Scenario1,0,RE1,,,,2025,,,,,,BESS001,,,,,,,,,0.0,,
Scenario1,0,RE1,,,,2026,,,,,,BESS001,,,,,,,,,0.0,,
Scenario1,0,RE1,,,,2027,,,,,,BESS001,,,,,,,,,0.0,,
Scenario1,0,RE1,,,,2028,,,,,,BESS001,,,,,,,,,0.0,,
Scenario1,0,RE1,,,,2029,,,,,,BESS001,,,,,,,,,0.0,,
Scenario1,0,RE1,,,,2030,,,,,,BESS001,,,,,,,,,0.0,,
Scenario1,0,RE1,,,,2031,,,,,,BESS001,,,,,,,,,0.0,,
Scenario1,0,RE1,,,,2032,,,,,,BESS001,,,,,,,,,0.0,,
Scenario1,0,RE1,,,,2033,,,,,,BESS001,,,,,,,,,0.0,,
Scenario1,0,RE1,,,,2034,,,,,,BESS001,,,,,,,,,0.0,,
Scenario1,0,RE1,,,,2035,,,,,,BESS001,,,,,,,,,0.0,,
Scenario1,0,RE1,,,,2036,,,,,,BESS001,,,,,,,,,0.0,,
Scenario1,0,RE1,,,,2037,,,,,,BESS001,,,,,,,,,0.0,,
Scenario1,0,RE1,,,,2038,,,,,,BESS001,,,,,,,,,0.0,,
Scenario1,0,RE1,,,,2039,,,,,,BESS001,,,,,,,,,0.0,,
Scenario1,0,RE1,,,,2040,,,,,,BESS001,,,,,,,,,0.0,,
Scenario1,0,RE1,,,,2041,,,,,,BESS001,,,,,,,,,0.0,,
Scenario1,0,RE1,,,,2042,,,,,,BESS001,,,,,,,,,0.0,,
Scenario1,0,RE1,,,,2043,,,,,,BESS001,,,,,,,,,0.0,,
Scenario1,0,RE1,,,,2044,,,,,,BESS001,,,,,,,,,0.0,,
Scenario1,0,RE1,,,,2045,,,,,,BESS001,,,,,,,,,0.0,,
Scenario1,0,RE1,,,,2046,,,,,,BESS001,,,,,,,,,0.0,,
Scenario1,0,RE1,,,,2047,,,,,,BESS001,,,,,,,,,0.0,,
Scenario1,0,RE1,,,,2048,,,,,,BESS001,,,,,,,,,0.0,,
Scenario1,0,RE1,,,,2049,,,,,,BESS001,,,,,,,,,0.0,,
Scenario1,0,RE1,,,,2050,,,,,,BESS001,,,,,,,,,0.0,,
Scenario1,0,RE1,,,,2019,,,,,,PHS001,,,,,,,,,0.0,,
Scenario1,0,RE1,,,,2020,,,,,,PHS001,,,,,,,,,0.0,,
Scenario1,0,RE1,,,,2021,,,,,,PHS001,,,,,,,,,0.0,,
Scenario1,0,RE1,,,,2022,,,,,,PHS001,,,,,,,,,0.0,,
Scenario1,0,RE1,,,,2023,,,,,,PHS001,,,,,,,,,0.0,,
Scenario1,0,RE1,,,,2024,,,,,,PHS001,,,,,,,,,0.0,,
Scenario1,0,RE1,,,,2025,,,,,,PHS001,,,,,,,,,0.0,,
Scenario1,0,RE1,,,,2026,,,,,,PHS001,,,,,,,,,0.0,,
Scenario1,0,RE1,,,,2027,,,,,,PHS001,,,,,,,,,0.0,,
Scenario1,0,RE1,,,,2028,,,,,,PHS001,,,,,,,,,0.0,,
Scenario1,0,RE1,,,,2029,,,,,,PHS001,,,,,,,,,0.0,,
Scenario1,0,RE1,,,,2030,,,,,,PHS001,,,,,,,,,0.0,,
Scenario1,0,RE1,,,,2031,,,,,,PHS001,,,,,,,,,0.0,,
Scenario1,0,RE1,,,,2032,,,,,,PHS001,,,,,,,,,0.0,,
Scenario1,0,RE1,,,,2033,,,,,,PHS001,,,,,,,,,0.0,,
Scenario1,0,RE1,,,,2034,,,,,,PHS001,,,,,,,,,0.0,,
Scenario1,0,RE1,,,,2035,,,,,,PHS001,,,,,,,,,0.0,,
Scenario1,0,RE1,,,,2036,,,,,,PHS001,,,,,,,,,0.0,,
Scenario1,0,RE1,,,,2037,,,,,,PHS001,,,,,,,,,0.0,,
Scenario1,0,RE1,,,,2038,,,,,,PHS001,,,,,,,,,0.0,,
Scenario1,0,RE1,,,,2039,,,,,,PHS001,,,,,,,,,0.0,,
Scenario1,0,RE1,,,,2040,,,,,,PHS001,,,,,,,,,0.0,,
Scenario1,0,RE1,,,,2041,,,,,,PHS001,,,,,,,,,0.0,,
Scenario1,0,RE1,,,,2042,,,,,,PHS001,,,,,,,,,0.0,,
Scenario1,0,RE1,,,,2043,,,,,,PHS001,,,,,,,,,0.0,,
Scenario1,0,RE1,,,,2044,,,,,,PHS001,,,,,,,,,0.0,,
Scenario1,0,RE1,,,,2045,,,,,,PHS001,,,,,,,,,0.0,,
Scenario1,0,RE1,,,,2046,,,,,,PHS001,,,,,,,,,0.0,,
Scenario1,0,RE1,,,,2047,,,,,,PHS001,,,,,,,,,0.0,,
Scenario1,0,RE1,,,,2048,,,,,,PHS001,,,,,,,,,0.0,,
Scenario1,0,RE1,,,,2049,,,,,,PHS001,,,,,,,,,0.0,,
Scenario1,0,RE1,,,,2050,,,,,,PHS001,,,,,,,,,0.0,,
Scenario1,0,RE1,,,,2019,,,,,,PHS002,,,,,,,,,0.0,,
Scenario1,0,RE1,,,,2020,,,,,,PHS002,,,,,,,,,0.0,,
Scenario1,0,RE1,,,,2021,,,,,,PHS002,,,,,,,,,0.0,,
Scenario1,0,RE1,,,,2022,,,,,,PHS002,,,,,,,,,0.0,,
Scenario1,0,RE1,,,,2023,,,,,,PHS002,,,,,,,,,0.0,,
Scenario1,0,RE1,,,,2024,,,,,,PHS002,,,,,,,,,0.0,,
Scenario1,0,RE1,,,,2025,,,,,,PHS002,,,,,,,,,0.0,,
Scenario1,0,RE1,,,,2026,,,,,,PHS002,,,,,,,,,0.0,,
Scenario1,0,RE1,,,,2027,,,,,,PHS002,,,,,,,,,0.0,,
Scenario1,0,RE1,,,,2028,,,,,,PHS002,,,,,,,,,0.0,,
Scenario1,0,RE1,,,,2029,,,,,,PHS002,,,,,,,,,0.0,,
Scenario1,0,RE1,,,,2030,,,,,,PHS002,,,,,,,,,0.0,,
Scenario1,0,RE1,,,,2031,,,,,,PHS002,,,,,,,,,0.0,,
Scenario1,0,RE1,,,,2032,,,,,,PHS002,,,,,,,,,0.0,,
Scenario1,0,RE1,,,,2033,,,,,,PHS002,,,,,,,,,0.0,,
Scenario1,0,RE1,,,,2034,,,,,,PHS002,,,,,,,,,0.0,,
Scenario1,0,RE1,,,,2035,,,,,,PHS002,,,,,,,,,0.0,,
Scenario1,0,RE1,,,,2036,,,,,,PHS002,,,,,,,,,0.0,,
Scenario1,0,RE1,,,,2037,,,,,,PHS002,,,,,,,,,0.0,,
Scenario1,0,RE1,,,,2038,,,,,,PHS002,,,,,,,,,0.0,,
Scenario1,0,RE1,,,,2039,,,,,,PHS002,,,,,,,,,0.0,,
Scenario1,0,RE1,,,,2040,,,,,,PHS002,,,,,,,,,0.0,,
Scenario1,0,RE1,,,,2041,,,,,,PHS002,,,,,,,,,0.0,,
Scenario1,0,RE1,,,,2042,,,,,,PHS002,,,,,,,,,0.0,,
Scenario1,0,RE1,,,,2043,,,,,,PHS002,,,,,,,,,0.0,,
Scenario1,0,RE1,,,,2044,,,,,,PHS002,,,,,,,,,0.0,,
Scenario1,0,RE1,,,,2045,,,,,,PHS002,,,,,,,,,0.0,,
Scenario1,0,RE1,,,,2046,,,,,,PHS002,,,,,,,,,0.0,,
Scenario1,0,RE1,,,,2047,,,,,,PHS002,,,,,,,,,0.0,,
Scenario1,0,RE1,,,,2048,,,,,,PHS002,,,,,,,,,0.0,,
Scenario1,0,RE1,,,,2049,,,,,,PHS002,,,,,,,,,0.0,,
Scenario1,0,RE1,,,,2050,,,,,,PHS002,,,,,,,,,0.0,,
