###############
#    Sets     #
###############
#
set YEAR := 2019 2020 2021 2022 2023 2024 2025 2026 2027 2028 2029 2030 2031 2032 2033 2034 2035 2036 2037 2038 2039 2040 2041 2042 2043 2044 2045 2046 2047 2048 2049 2050 ;
set TECHNOLOGY := BACKSTOP BESS_TECH DEMCOMELC DEMINDELC DEMRESELC EXPELC IMPBIO IMPCOA IMPELC001 IMPELC002 IMPHFOMOM IMPHFONAI IMPLFOELD IMPNGS IMPURN MINBIO MINCOA MINGEO MINHYD MINSOL MINWND PWRBIO001 PWRCOA001 PWRDIST PWRGEO001 PWRGEO002 PWRGEO003 PWRGEO004 PWRGEO005 PWRGEO006 PWRGEO007 PWRHFO001 PWRHYD001 PWRHYD002 PWRHYD003 PWRHYD004 PWRHYD005 PWRLFO001 PWRNGS001 PWRPHS001 PWRPHS002 PWRSOL001 PWRSOL002 PWRTRN PWRURN001 PWRWND001 PWRWND002 PWRWND003 PWRWND004 PWRWND005 PWRWND006 PWRWND007 PWRWND008 PWRWND009 PWRWND010 PWRWND011 ;
set TIMESLICE := TS01 TS02 TS03 TS04 TS05 TS06 TS07 TS08 TS09 TS10 TS11 TS12 TS13 TS14 TS15 TS16 TS17 TS18 TS19 TS20 TS21 TS22 TS23 TS24 TS25 TS26 TS27 TS28 TS29 TS30 TS31 TS32 TS33 TS34 TS35 TS36 TS37 TS38 TS39 TS40 TS41 TS42 TS43 TS44 TS45 TS46 TS47 TS48 ;
set COMMODITY := BIO COA COADOM COMELC ELC001 ELC002 ELC003 GEO HFOMOM HFONAI HYD INDELC LFOELD NGS RESELC SOL URN WND ;
set EMISSION := CO2 ;
set MODE_OF_OPERATION := 1 2 ;
set REGION := RE1 ;
set SEASON := 1 2 3 4 ;
set DAYTYPE := 1 2 ;
set DAILYTIMEBRACKET := 1 2 3 4 5 6 ;
set STORAGE := BESS001 PHS001 PHS002 ;
set STORAGEINTRADAY := BESS001 ;
set STORAGEINTRAYEAR := PHS001 PHS002 ;
set UDC := GasMinUsage ;

###############
#    Parameters     #
###############
#
param Conversionls default 0.0 :
1 2 3 4 :=
TS01 1 0 0 0 
TS02 1 0 0 0 
TS03 1 0 0 0 
TS04 1 0 0 0 
TS05 1 0 0 0 
TS06 1 0 0 0 
TS07 1 0 0 0 
TS08 1 0 0 0 
TS09 1 0 0 0 
TS10 1 0 0 0 
TS11 1 0 0 0 
TS12 1 0 0 0 
TS13 0 1 0 0 
TS14 0 1 0 0 
TS15 0 1 0 0 
TS16 0 1 0 0 
TS17 0 1 0 0 
TS18 0 1 0 0 
TS19 0 1 0 0 
TS20 0 1 0 0 
TS21 0 1 0 0 
TS22 0 1 0 0 
TS23 0 1 0 0 
TS24 0 1 0 0 
TS25 0 0 1 0 
TS26 0 0 1 0 
TS27 0 0 1 0 
TS28 0 0 1 0 
TS29 0 0 1 0 
TS30 0 0 1 0 
TS31 0 0 1 0 
TS32 0 0 1 0 
TS33 0 0 1 0 
TS34 0 0 1 0 
TS35 0 0 1 0 
TS36 0 0 1 0 
TS37 0 0 0 1 
TS38 0 0 0 1 
TS39 0 0 0 1 
TS40 0 0 0 1 
TS41 0 0 0 1 
TS42 0 0 0 1 
TS43 0 0 0 1 
TS44 0 0 0 1 
TS45 0 0 0 1 
TS46 0 0 0 1 
TS47 0 0 0 1 
TS48 0 0 0 1 
;

param Conversionld default 0.0 :
1 2 :=
TS01 1 0 
TS02 1 0 
TS03 1 0 
TS04 1 0 
TS05 1 0 
TS06 1 0 
TS07 0 1 
TS08 0 1 
TS09 0 1 
TS10 0 1 
TS11 0 1 
TS12 0 1 
TS13 1 0 
TS14 1 0 
TS15 1 0 
TS16 1 0 
TS17 1 0 
TS18 1 0 
TS19 0 1 
TS20 0 1 
TS21 0 1 
TS22 0 1 
TS23 0 1 
TS24 0 1 
TS25 1 0 
TS26 1 0 
TS27 1 0 
TS28 1 0 
TS29 1 0 
TS30 1 0 
TS31 0 1 
TS32 0 1 
TS33 0 1 
TS34 0 1 
TS35 0 1 
TS36 0 1 
TS37 1 0 
TS38 1 0 
TS39 1 0 
TS40 1 0 
TS41 1 0 
TS42 1 0 
TS43 0 1 
TS44 0 1 
TS45 0 1 
TS46 0 1 
TS47 0 1 
TS48 0 1 
;

param Conversionlh default 0.0 :
1 2 3 4 5 6 :=
TS01 1 0 0 0 0 0 
TS02 0 1 0 0 0 0 
TS03 0 0 1 0 0 0 
TS04 0 0 0 1 0 0 
TS05 0 0 0 0 1 0 
TS06 0 0 0 0 0 1 
TS07 1 0 0 0 0 0 
TS08 0 1 0 0 0 0 
TS09 0 0 1 0 0 0 
TS10 0 0 0 1 0 0 
TS11 0 0 0 0 1 0 
TS12 0 0 0 0 0 1 
TS13 1 0 0 0 0 0 
TS14 0 1 0 0 0 0 
TS15 0 0 1 0 0 0 
TS16 0 0 0 1 0 0 
TS17 0 0 0 0 1 0 
TS18 0 0 0 0 0 1 
TS19 1 0 0 0 0 0 
TS20 0 1 0 0 0 0 
TS21 0 0 1 0 0 0 
TS22 0 0 0 1 0 0 
TS23 0 0 0 0 1 0 
TS24 0 0 0 0 0 1 
TS25 1 0 0 0 0 0 
TS26 0 1 0 0 0 0 
TS27 0 0 1 0 0 0 
TS28 0 0 0 1 0 0 
TS29 0 0 0 0 1 0 
TS30 0 0 0 0 0 1 
TS31 1 0 0 0 0 0 
TS32 0 1 0 0 0 0 
TS33 0 0 1 0 0 0 
TS34 0 0 0 1 0 0 
TS35 0 0 0 0 1 0 
TS36 0 0 0 0 0 1 
TS37 1 0 0 0 0 0 
TS38 0 1 0 0 0 0 
TS39 0 0 1 0 0 0 
TS40 0 0 0 1 0 0 
TS41 0 0 0 0 1 0 
TS42 0 0 0 0 0 1 
TS43 1 0 0 0 0 0 
TS44 0 1 0 0 0 0 
TS45 0 0 1 0 0 0 
TS46 0 0 0 1 0 0 
TS47 0 0 0 0 1 0 
TS48 0 0 0 0 0 1 
;

param DiscountRate default 0.05 :=
RE1 0.1 
;

param DiscountRateIdv default 0.05 :=
[RE1,*,*]:
2019 2020 2021 2022 2023 2024 2025 2026 2027 2028 2029 2030 2031 2032 2033 2034 2035 2036 2037 2038 2039 2040 2041 2042 2043 2044 2045 2046 2047 2048 2049 2050 :=
BACKSTOP 99999 99999 99999 99999 99999 99999 99999 99999 99999 99999 99999 99999 99999 99999 99999 99999 99999 99999 99999 99999 99999 99999 99999 99999 99999 99999 99999 99999 99999 99999 99999 99999 
BESS_TECH 0.058 0.058 0.058 0.058 0.058 0.058 0.0588170377 0.0596340754 0.0604511132 0.0612681509 0.0620851886 0.0629022263 0.063719264 0.0645363018 0.0653533395 0.0661703772 0.0669874149 0.0678044526 0.0686214904 0.0694385281 0.0702555658 0.0710726035 0.0718896412 0.072706679 0.0735237167 0.0743407544 0.0751577921 0.0759748298 0.0767918676 0.0776089053 0.078425943 0.0792429807 
IMPNGS 0.07 0.07 0.07 0.07 0.07 0.07 0.07098608 0.07197216 0.07295824 0.07394432 0.0749304 0.07591648 0.0769025601 0.0778886401 0.0788747201 0.0798608001 0.0808468801 0.0818329601 0.0828190401 0.0838051201 0.0847912001 0.0857772801 0.0867633601 0.0877494401 0.0887355201 0.0897216001 0.0907076802 0.0916937602 0.0926798402 0.0936659202 0.0946520002 0.0956380802 
PWRBIO001 0.095 0.095 0.095 0.095 0.095 0.095 0.0963382514 0.0976765029 0.0990147543 0.1003530058 0.1016912572 0.1030295086 0.1043677601 0.1057060115 0.1070442629 0.1083825144 0.1097207658 0.1110590173 0.1123972687 0.1137355201 0.1150737716 0.116412023 0.1177502745 0.1190885259 0.1204267773 0.1217650288 0.1231032802 0.1244415316 0.1257797831 0.1271180345 0.128456286 0.1297945374 
PWRCOA001 0.129 0.129 0.129 0.129 0.129 0.129 0.1308172046 0.1326344092 0.1344516138 0.1362688183 0.1380860229 0.1399032275 0.1417204321 0.1435376367 0.1453548413 0.1471720458 0.1489892504 0.150806455 0.1526236596 0.1544408642 0.1562580688 0.1580752734 0.1598924779 0.1617096825 0.1635268871 0.1653440917 0.1671612963 0.1689785009 0.1707957054 0.17261291 0.1744301146 0.1762473192 
PWRDIST 0.041 0.041 0.041 0.041 0.041 0.041 0.0415775611 0.0421551223 0.0427326834 0.0433102446 0.0438878057 0.0444653669 0.045042928 0.0456204892 0.0461980503 0.0467756115 0.0473531726 0.0479307338 0.0485082949 0.0490858561 0.0496634172 0.0502409784 0.0508185395 0.0513961006 0.0519736618 0.0525512229 0.0531287841 0.0537063452 0.0542839064 0.0548614675 0.0554390287 0.0560165898 
PWRGEO001 0.095 0.095 0.095 0.095 0.095 0.095 0.0963382514 0.0976765029 0.0990147543 0.1003530058 0.1016912572 0.1030295086 0.1043677601 0.1057060115 0.1070442629 0.1083825144 0.1097207658 0.1110590173 0.1123972687 0.1137355201 0.1150737716 0.116412023 0.1177502745 0.1190885259 0.1204267773 0.1217650288 0.1231032802 0.1244415316 0.1257797831 0.1271180345 0.128456286 0.1297945374 
PWRGEO002 0.095 0.095 0.095 0.095 0.095 0.095 0.0963382514 0.0976765029 0.0990147543 0.1003530058 0.1016912572 0.1030295086 0.1043677601 0.1057060115 0.1070442629 0.1083825144 0.1097207658 0.1110590173 0.1123972687 0.1137355201 0.1150737716 0.116412023 0.1177502745 0.1190885259 0.1204267773 0.1217650288 0.1231032802 0.1244415316 0.1257797831 0.1271180345 0.128456286 0.1297945374 
PWRGEO003 0.095 0.095 0.095 0.095 0.095 0.095 0.0963382514 0.0976765029 0.0990147543 0.1003530058 0.1016912572 0.1030295086 0.1043677601 0.1057060115 0.1070442629 0.1083825144 0.1097207658 0.1110590173 0.1123972687 0.1137355201 0.1150737716 0.116412023 0.1177502745 0.1190885259 0.1204267773 0.1217650288 0.1231032802 0.1244415316 0.1257797831 0.1271180345 0.128456286 0.1297945374 
PWRGEO004 0.095 0.095 0.095 0.095 0.095 0.095 0.0963382514 0.0976765029 0.0990147543 0.1003530058 0.1016912572 0.1030295086 0.1043677601 0.1057060115 0.1070442629 0.1083825144 0.1097207658 0.1110590173 0.1123972687 0.1137355201 0.1150737716 0.116412023 0.1177502745 0.1190885259 0.1204267773 0.1217650288 0.1231032802 0.1244415316 0.1257797831 0.1271180345 0.128456286 0.1297945374 
PWRGEO005 0.095 0.095 0.095 0.095 0.095 0.095 0.0963382514 0.0976765029 0.0990147543 0.1003530058 0.1016912572 0.1030295086 0.1043677601 0.1057060115 0.1070442629 0.1083825144 0.1097207658 0.1110590173 0.1123972687 0.1137355201 0.1150737716 0.116412023 0.1177502745 0.1190885259 0.1204267773 0.1217650288 0.1231032802 0.1244415316 0.1257797831 0.1271180345 0.128456286 0.1297945374 
PWRGEO006 0.095 0.095 0.095 0.095 0.095 0.095 0.0963382514 0.0976765029 0.0990147543 0.1003530058 0.1016912572 0.1030295086 0.1043677601 0.1057060115 0.1070442629 0.1083825144 0.1097207658 0.1110590173 0.1123972687 0.1137355201 0.1150737716 0.116412023 0.1177502745 0.1190885259 0.1204267773 0.1217650288 0.1231032802 0.1244415316 0.1257797831 0.1271180345 0.128456286 0.1297945374 
PWRGEO007 0.095 0.095 0.095 0.095 0.095 0.095 0.0963382514 0.0976765029 0.0990147543 0.1003530058 0.1016912572 0.1030295086 0.1043677601 0.1057060115 0.1070442629 0.1083825144 0.1097207658 0.1110590173 0.1123972687 0.1137355201 0.1150737716 0.116412023 0.1177502745 0.1190885259 0.1204267773 0.1217650288 0.1231032802 0.1244415316 0.1257797831 0.1271180345 0.128456286 0.1297945374 
PWRHFO001 0.116 0.116 0.116 0.116 0.116 0.116 0.1176340754 0.1192681509 0.1209022263 0.1225363018 0.1241703772 0.1258044526 0.1274385281 0.1290726035 0.130706679 0.1323407544 0.1339748298 0.1356089053 0.1372429807 0.1388770562 0.1405111316 0.142145207 0.1437792825 0.1454133579 0.1470474334 0.1486815088 0.1503155843 0.1519496597 0.1535837351 0.1552178106 0.156851886 0.1584859615 
PWRHYD001 0.075 0.075 0.075 0.075 0.075 0.075 0.0760565143 0.0771130286 0.0781695429 0.0792260572 0.0802825715 0.0813390858 0.0823956001 0.0834521143 0.0845086286 0.0855651429 0.0866216572 0.0876781715 0.0887346858 0.0897912001 0.0908477144 0.0919042287 0.092960743 0.0940172573 0.0950737716 0.0961302859 0.0971868002 0.0982433145 0.0992998287 0.100356343 0.1014128573 0.1024693716 
PWRHYD002 0.075 0.075 0.075 0.075 0.075 0.075 0.0760565143 0.0771130286 0.0781695429 0.0792260572 0.0802825715 0.0813390858 0.0823956001 0.0834521143 0.0845086286 0.0855651429 0.0866216572 0.0876781715 0.0887346858 0.0897912001 0.0908477144 0.0919042287 0.092960743 0.0940172573 0.0950737716 0.0961302859 0.0971868002 0.0982433145 0.0992998287 0.100356343 0.1014128573 0.1024693716 
PWRHYD003 0.075 0.075 0.075 0.075 0.075 0.075 0.0760565143 0.0771130286 0.0781695429 0.0792260572 0.0802825715 0.0813390858 0.0823956001 0.0834521143 0.0845086286 0.0855651429 0.0866216572 0.0876781715 0.0887346858 0.0897912001 0.0908477144 0.0919042287 0.092960743 0.0940172573 0.0950737716 0.0961302859 0.0971868002 0.0982433145 0.0992998287 0.100356343 0.1014128573 0.1024693716 
PWRHYD004 0.075 0.075 0.075 0.075 0.075 0.075 0.0760565143 0.0771130286 0.0781695429 0.0792260572 0.0802825715 0.0813390858 0.0823956001 0.0834521143 0.0845086286 0.0855651429 0.0866216572 0.0876781715 0.0887346858 0.0897912001 0.0908477144 0.0919042287 0.092960743 0.0940172573 0.0950737716 0.0961302859 0.0971868002 0.0982433145 0.0992998287 0.100356343 0.1014128573 0.1024693716 
PWRHYD005 0.075 0.075 0.075 0.075 0.075 0.075 0.0760565143 0.0771130286 0.0781695429 0.0792260572 0.0802825715 0.0813390858 0.0823956001 0.0834521143 0.0845086286 0.0855651429 0.0866216572 0.0876781715 0.0887346858 0.0897912001 0.0908477144 0.0919042287 0.092960743 0.0940172573 0.0950737716 0.0961302859 0.0971868002 0.0982433145 0.0992998287 0.100356343 0.1014128573 0.1024693716 
PWRLFO001 0.11 0.11 0.11 0.11 0.11 0.11 0.1115495543 0.1130991086 0.1146486629 0.1161982172 0.1177477715 0.1192973258 0.1208468801 0.1223964344 0.1239459887 0.125495543 0.1270450973 0.1285946516 0.1301442059 0.1316937602 0.1332433145 0.1347928688 0.136342423 0.1378919773 0.1394415316 0.1409910859 0.1425406402 0.1440901945 0.1456397488 0.1471893031 0.1487388574 0.1502884117 
PWRNGS001 0.116 0.116 0.116 0.116 0.116 0.116 0.1176340754 0.1192681509 0.1209022263 0.1225363018 0.1241703772 0.1258044526 0.1274385281 0.1290726035 0.130706679 0.1323407544 0.1339748298 0.1356089053 0.1372429807 0.1388770562 0.1405111316 0.142145207 0.1437792825 0.1454133579 0.1470474334 0.1486815088 0.1503155843 0.1519496597 0.1535837351 0.1552178106 0.156851886 0.1584859615 
PWRPHS001 0.075 0.075 0.075 0.075 0.075 0.075 0.0760565143 0.0771130286 0.0781695429 0.0792260572 0.0802825715 0.0813390858 0.0823956001 0.0834521143 0.0845086286 0.0855651429 0.0866216572 0.0876781715 0.0887346858 0.0897912001 0.0908477144 0.0919042287 0.092960743 0.0940172573 0.0950737716 0.0961302859 0.0971868002 0.0982433145 0.0992998287 0.100356343 0.1014128573 0.1024693716 
PWRPHS002 0.075 0.075 0.075 0.075 0.075 0.075 0.0760565143 0.0771130286 0.0781695429 0.0792260572 0.0802825715 0.0813390858 0.0823956001 0.0834521143 0.0845086286 0.0855651429 0.0866216572 0.0876781715 0.0887346858 0.0897912001 0.0908477144 0.0919042287 0.092960743 0.0940172573 0.0950737716 0.0961302859 0.0971868002 0.0982433145 0.0992998287 0.100356343 0.1014128573 0.1024693716 
PWRSOL001 0.037 0.037 0.037 0.037 0.037 0.037 0.0375212137 0.0380424274 0.0385636412 0.0390848549 0.0396060686 0.0401272823 0.040648496 0.0411697097 0.0416909235 0.0422121372 0.0427333509 0.0432545646 0.0437757783 0.0442969921 0.0448182058 0.0453394195 0.0458606332 0.0463818469 0.0469030606 0.0474242744 0.0479454881 0.0484667018 0.0489879155 0.0495091292 0.050030343 0.0505515567 
PWRSOL002 0.037 0.037 0.037 0.037 0.037 0.037 0.0375212137 0.0380424274 0.0385636412 0.0390848549 0.0396060686 0.0401272823 0.040648496 0.0411697097 0.0416909235 0.0422121372 0.0427333509 0.0432545646 0.0437757783 0.0442969921 0.0448182058 0.0453394195 0.0458606332 0.0463818469 0.0469030606 0.0474242744 0.0479454881 0.0484667018 0.0489879155 0.0495091292 0.050030343 0.0505515567 
PWRTRN 0.046 0.046 0.046 0.046 0.046 0.046 0.0466479954 0.0472959909 0.0479439863 0.0485919817 0.0492399772 0.0498879726 0.050535968 0.0511839635 0.0518319589 0.0524799543 0.0531279498 0.0537759452 0.0544239406 0.0550719361 0.0557199315 0.0563679269 0.0570159224 0.0576639178 0.0583119132 0.0589599087 0.0596079041 0.0602558995 0.060903895 0.0615518904 0.0621998858 0.0628478813 
PWRURN001 0.087 0.087 0.087 0.087 0.087 0.087 0.0882255566 0.0894511132 0.0906766697 0.0919022263 0.0931277829 0.0943533395 0.0955788961 0.0968044526 0.0980300092 0.0992555658 0.1004811224 0.101706679 0.1029322355 0.1041577921 0.1053833487 0.1066089053 0.1078344619 0.1090600184 0.110285575 0.1115111316 0.1127366882 0.1139622448 0.1151878013 0.1164133579 0.1176389145 0.1188644711 
PWRWND001 0.055 0.055 0.055 0.055 0.055 0.055 0.0557747771 0.0565495543 0.0573243314 0.0580991086 0.0588738857 0.0596486629 0.06042344 0.0611982172 0.0619729943 0.0627477715 0.0635225486 0.0642973258 0.0650721029 0.0658468801 0.0666216572 0.0673964344 0.0681712115 0.0689459887 0.0697207658 0.070495543 0.0712703201 0.0720450973 0.0728198744 0.0735946516 0.0743694287 0.0751442059 
PWRWND002 0.055 0.055 0.055 0.055 0.055 0.055 0.0557747771 0.0565495543 0.0573243314 0.0580991086 0.0588738857 0.0596486629 0.06042344 0.0611982172 0.0619729943 0.0627477715 0.0635225486 0.0642973258 0.0650721029 0.0658468801 0.0666216572 0.0673964344 0.0681712115 0.0689459887 0.0697207658 0.070495543 0.0712703201 0.0720450973 0.0728198744 0.0735946516 0.0743694287 0.0751442059 
PWRWND003 0.055 0.055 0.055 0.055 0.055 0.055 0.0557747771 0.0565495543 0.0573243314 0.0580991086 0.0588738857 0.0596486629 0.06042344 0.0611982172 0.0619729943 0.0627477715 0.0635225486 0.0642973258 0.0650721029 0.0658468801 0.0666216572 0.0673964344 0.0681712115 0.0689459887 0.0697207658 0.070495543 0.0712703201 0.0720450973 0.0728198744 0.0735946516 0.0743694287 0.0751442059 
PWRWND004 0.055 0.055 0.055 0.055 0.055 0.055 0.0557747771 0.0565495543 0.0573243314 0.0580991086 0.0588738857 0.0596486629 0.06042344 0.0611982172 0.0619729943 0.0627477715 0.0635225486 0.0642973258 0.0650721029 0.0658468801 0.0666216572 0.0673964344 0.0681712115 0.0689459887 0.0697207658 0.070495543 0.0712703201 0.0720450973 0.0728198744 0.0735946516 0.0743694287 0.0751442059 
PWRWND005 0.055 0.055 0.055 0.055 0.055 0.055 0.0557747771 0.0565495543 0.0573243314 0.0580991086 0.0588738857 0.0596486629 0.06042344 0.0611982172 0.0619729943 0.0627477715 0.0635225486 0.0642973258 0.0650721029 0.0658468801 0.0666216572 0.0673964344 0.0681712115 0.0689459887 0.0697207658 0.070495543 0.0712703201 0.0720450973 0.0728198744 0.0735946516 0.0743694287 0.0751442059 
PWRWND006 0.055 0.055 0.055 0.055 0.055 0.055 0.0557747771 0.0565495543 0.0573243314 0.0580991086 0.0588738857 0.0596486629 0.06042344 0.0611982172 0.0619729943 0.0627477715 0.0635225486 0.0642973258 0.0650721029 0.0658468801 0.0666216572 0.0673964344 0.0681712115 0.0689459887 0.0697207658 0.070495543 0.0712703201 0.0720450973 0.0728198744 0.0735946516 0.0743694287 0.0751442059 
PWRWND007 0.055 0.055 0.055 0.055 0.055 0.055 0.0557747771 0.0565495543 0.0573243314 0.0580991086 0.0588738857 0.0596486629 0.06042344 0.0611982172 0.0619729943 0.0627477715 0.0635225486 0.0642973258 0.0650721029 0.0658468801 0.0666216572 0.0673964344 0.0681712115 0.0689459887 0.0697207658 0.070495543 0.0712703201 0.0720450973 0.0728198744 0.0735946516 0.0743694287 0.0751442059 
PWRWND008 0.055 0.055 0.055 0.055 0.055 0.055 0.0557747771 0.0565495543 0.0573243314 0.0580991086 0.0588738857 0.0596486629 0.06042344 0.0611982172 0.0619729943 0.0627477715 0.0635225486 0.0642973258 0.0650721029 0.0658468801 0.0666216572 0.0673964344 0.0681712115 0.0689459887 0.0697207658 0.070495543 0.0712703201 0.0720450973 0.0728198744 0.0735946516 0.0743694287 0.0751442059 
PWRWND009 0.055 0.055 0.055 0.055 0.055 0.055 0.0557747771 0.0565495543 0.0573243314 0.0580991086 0.0588738857 0.0596486629 0.06042344 0.0611982172 0.0619729943 0.0627477715 0.0635225486 0.0642973258 0.0650721029 0.0658468801 0.0666216572 0.0673964344 0.0681712115 0.0689459887 0.0697207658 0.070495543 0.0712703201 0.0720450973 0.0728198744 0.0735946516 0.0743694287 0.0751442059 
PWRWND010 0.055 0.055 0.055 0.055 0.055 0.055 0.0557747771 0.0565495543 0.0573243314 0.0580991086 0.0588738857 0.0596486629 0.06042344 0.0611982172 0.0619729943 0.0627477715 0.0635225486 0.0642973258 0.0650721029 0.0658468801 0.0666216572 0.0673964344 0.0681712115 0.0689459887 0.0697207658 0.070495543 0.0712703201 0.0720450973 0.0728198744 0.0735946516 0.0743694287 0.0751442059 
PWRWND011 0.055 0.055 0.055 0.055 0.055 0.055 0.0557747771 0.0565495543 0.0573243314 0.0580991086 0.0588738857 0.0596486629 0.06042344 0.0611982172 0.0619729943 0.0627477715 0.0635225486 0.0642973258 0.0650721029 0.0658468801 0.0666216572 0.0673964344 0.0681712115 0.0689459887 0.0697207658 0.070495543 0.0712703201 0.0720450973 0.0728198744 0.0735946516 0.0743694287 0.0751442059 
;

param CapacityToActivityUnit default 1.0 :
BACKSTOP BESS_TECH DEMCOMELC DEMINDELC DEMRESELC EXPELC IMPBIO IMPCOA IMPELC001 IMPELC002 IMPHFOMOM IMPHFONAI IMPLFOELD IMPNGS IMPURN MINBIO MINCOA MINGEO MINHYD MINSOL MINWND PWRBIO001 PWRCOA001 PWRDIST PWRGEO001 PWRGEO002 PWRGEO003 PWRGEO004 PWRGEO005 PWRGEO006 PWRGEO007 PWRHFO001 PWRHYD001 PWRHYD002 PWRHYD003 PWRHYD004 PWRHYD005 PWRLFO001 PWRNGS001 PWRPHS001 PWRPHS002 PWRSOL001 PWRSOL002 PWRTRN PWRURN001 PWRWND001 PWRWND002 PWRWND003 PWRWND004 PWRWND005 PWRWND006 PWRWND007 PWRWND008 PWRWND009 PWRWND010 PWRWND011 :=
RE1 31.536 31.536 31.536 31.536 31.536 31.536 1.0 1.0 31.536 31.536 1.0 1.0 1.0 1.0 1.0 1.0 1.0 1.0 1.0 1.0 1.0 31.536 31.536 31.536 31.536 31.536 31.536 31.536 31.536 31.536 31.536 31.536 31.536 31.536 31.536 31.536 31.536 31.536 31.536 31.536 31.536 31.536 31.536 31.536 31.536 31.536 31.536 31.536 31.536 31.536 31.536 31.536 31.536 31.536 31.536 31.536 
;

param OperationalLife default 1.0 :
BACKSTOP BESS_TECH DEMCOMELC DEMINDELC DEMRESELC EXPELC IMPBIO IMPCOA IMPELC001 IMPELC002 IMPHFOMOM IMPHFONAI IMPLFOELD IMPNGS IMPURN MINBIO MINCOA MINGEO MINHYD MINSOL MINWND PWRBIO001 PWRCOA001 PWRDIST PWRGEO001 PWRGEO002 PWRGEO003 PWRGEO004 PWRGEO005 PWRGEO006 PWRGEO007 PWRHFO001 PWRHYD001 PWRHYD002 PWRHYD003 PWRHYD004 PWRHYD005 PWRLFO001 PWRNGS001 PWRPHS001 PWRPHS002 PWRSOL001 PWRSOL002 PWRTRN PWRURN001 PWRWND001 PWRWND002 PWRWND003 PWRWND004 PWRWND005 PWRWND006 PWRWND007 PWRWND008 PWRWND009 PWRWND010 PWRWND011 :=
RE1 1 10 70 70 70 25 1 1 25 25 1 1 1 1 1 1 1 1 1 1 1 30 25 70 25 25 25 25 25 25 25 20 40 40 40 40 40 24 20 40 40 25 25 50 60 20 20 20 20 20 20 20 20 20 20 20 
;

param TotalTechnologyModelPeriodActivityLowerLimit default 0.0 :
BACKSTOP BESS_TECH DEMCOMELC DEMINDELC DEMRESELC EXPELC IMPBIO IMPCOA IMPELC001 IMPELC002 IMPHFOMOM IMPHFONAI IMPLFOELD IMPNGS IMPURN MINBIO MINCOA MINGEO MINHYD MINSOL MINWND PWRBIO001 PWRCOA001 PWRDIST PWRGEO001 PWRGEO002 PWRGEO003 PWRGEO004 PWRGEO005 PWRGEO006 PWRGEO007 PWRHFO001 PWRHYD001 PWRHYD002 PWRHYD003 PWRHYD004 PWRHYD005 PWRLFO001 PWRNGS001 PWRPHS001 PWRPHS002 PWRSOL001 PWRSOL002 PWRTRN PWRURN001 PWRWND001 PWRWND002 PWRWND003 PWRWND004 PWRWND005 PWRWND006 PWRWND007 PWRWND008 PWRWND009 PWRWND010 PWRWND011 :=
RE1 0 0 0 0 0 0 0 0 0 0 0 0 0 0 0 0 0 0 0 0 0 0 0 0 0 0 0 0 0 0 0 0 0 0 0 0 0 0 0 0 0 0 0 0 0 0 0 0 0 0 0 0 0 0 0 0 
;

param TotalTechnologyModelPeriodActivityUpperLimit default 999999.0 :
BACKSTOP BESS_TECH DEMCOMELC DEMINDELC DEMRESELC EXPELC IMPBIO IMPCOA IMPELC001 IMPELC002 IMPHFOMOM IMPHFONAI IMPLFOELD IMPNGS IMPURN MINBIO MINCOA MINGEO MINHYD MINSOL MINWND PWRBIO001 PWRCOA001 PWRDIST PWRGEO001 PWRGEO002 PWRGEO003 PWRGEO004 PWRGEO005 PWRGEO006 PWRGEO007 PWRHFO001 PWRHYD001 PWRHYD002 PWRHYD003 PWRHYD004 PWRHYD005 PWRLFO001 PWRNGS001 PWRPHS001 PWRPHS002 PWRSOL001 PWRSOL002 PWRTRN PWRURN001 PWRWND001 PWRWND002 PWRWND003 PWRWND004 PWRWND005 PWRWND006 PWRWND007 PWRWND008 PWRWND009 PWRWND010 PWRWND011 :=
RE1 999999 999999 999999 999999 999999 999999 999999 999999 999999 999999 999999 999999 999999 999999 999999 999999 999999 999999 999999 999999 999999 999999 999999 999999 999999 999999 999999 999999 999999 999999 999999 999999 999999 999999 999999 999999 999999 999999 999999 999999 999999 999999 999999 999999 999999 999999 999999 999999 999999 999999 999999 999999 999999 999999 999999 999999 
;

param ModelPeriodEmissionLimit default 999999.0 :
CO2 :=
RE1 3000 
;

param YearSplit default 1.0 :
2019 2020 2021 2022 2023 2024 2025 2026 2027 2028 2029 2030 2031 2032 2033 2034 2035 2036 2037 2038 2039 2040 2041 2042 2043 2044 2045 2046 2047 2048 2049 2050 :=
TS01 0.044 0.044 0.044 0.044 0.044 0.044 0.044 0.044 0.044 0.044 0.044 0.044 0.044 0.044 0.044 0.044 0.044 0.044 0.044 0.044 0.044 0.044 0.044 0.044 0.044 0.044 0.044 0.044 0.044 0.044 0.044 0.044 
TS02 0.022 0.022 0.022 0.022 0.022 0.022 0.022 0.022 0.022 0.022 0.022 0.022 0.022 0.022 0.022 0.022 0.022 0.022 0.022 0.022 0.022 0.022 0.022 0.022 0.022 0.022 0.022 0.022 0.022 0.022 0.022 0.022 
TS03 0.044 0.044 0.044 0.044 0.044 0.044 0.044 0.044 0.044 0.044 0.044 0.044 0.044 0.044 0.044 0.044 0.044 0.044 0.044 0.044 0.044 0.044 0.044 0.044 0.044 0.044 0.044 0.044 0.044 0.044 0.044 0.044 
TS04 0.0294 0.0294 0.0294 0.0294 0.0294 0.0294 0.0294 0.0294 0.0294 0.0294 0.0294 0.0294 0.0294 0.0294 0.0294 0.0294 0.0294 0.0294 0.0294 0.0294 0.0294 0.0294 0.0294 0.0294 0.0294 0.0294 0.0294 0.0294 0.0294 0.0294 0.0294 0.0294 
TS05 0.0147 0.0147 0.0147 0.0147 0.0147 0.0147 0.0147 0.0147 0.0147 0.0147 0.0147 0.0147 0.0147 0.0147 0.0147 0.0147 0.0147 0.0147 0.0147 0.0147 0.0147 0.0147 0.0147 0.0147 0.0147 0.0147 0.0147 0.0147 0.0147 0.0147 0.0147 0.0147 
TS06 0.022 0.022 0.022 0.022 0.022 0.022 0.022 0.022 0.022 0.022 0.022 0.022 0.022 0.022 0.022 0.022 0.022 0.022 0.022 0.022 0.022 0.022 0.022 0.022 0.022 0.022 0.022 0.022 0.022 0.022 0.022 0.022 
TS07 0.0176 0.0176 0.0176 0.0176 0.0176 0.0176 0.0176 0.0176 0.0176 0.0176 0.0176 0.0176 0.0176 0.0176 0.0176 0.0176 0.0176 0.0176 0.0176 0.0176 0.0176 0.0176 0.0176 0.0176 0.0176 0.0176 0.0176 0.0176 0.0176 0.0176 0.0176 0.0176 
TS08 0.0088 0.0088 0.0088 0.0088 0.0088 0.0088 0.0088 0.0088 0.0088 0.0088 0.0088 0.0088 0.0088 0.0088 0.0088 0.0088 0.0088 0.0088 0.0088 0.0088 0.0088 0.0088 0.0088 0.0088 0.0088 0.0088 0.0088 0.0088 0.0088 0.0088 0.0088 0.0088 
TS09 0.0176 0.0176 0.0176 0.0176 0.0176 0.0176 0.0176 0.0176 0.0176 0.0176 0.0176 0.0176 0.0176 0.0176 0.0176 0.0176 0.0176 0.0176 0.0176 0.0176 0.0176 0.0176 0.0176 0.0176 0.0176 0.0176 0.0176 0.0176 0.0176 0.0176 0.0176 0.0176 
TS10 0.0117 0.0117 0.0117 0.0117 0.0117 0.0117 0.0117 0.0117 0.0117 0.0117 0.0117 0.0117 0.0117 0.0117 0.0117 0.0117 0.0117 0.0117 0.0117 0.0117 0.0117 0.0117 0.0117 0.0117 0.0117 0.0117 0.0117 0.0117 0.0117 0.0117 0.0117 0.0117 
TS11 0.0059 0.0059 0.0059 0.0059 0.0059 0.0059 0.0059 0.0059 0.0059 0.0059 0.0059 0.0059 0.0059 0.0059 0.0059 0.0059 0.0059 0.0059 0.0059 0.0059 0.0059 0.0059 0.0059 0.0059 0.0059 0.0059 0.0059 0.0059 0.0059 0.0059 0.0059 0.0059 
TS12 0.0088 0.0088 0.0088 0.0088 0.0088 0.0088 0.0088 0.0088 0.0088 0.0088 0.0088 0.0088 0.0088 0.0088 0.0088 0.0088 0.0088 0.0088 0.0088 0.0088 0.0088 0.0088 0.0088 0.0088 0.0088 0.0088 0.0088 0.0088 0.0088 0.0088 0.0088 0.0088 
TS13 0.0298 0.0298 0.0298 0.0298 0.0298 0.0298 0.0298 0.0298 0.0298 0.0298 0.0298 0.0298 0.0298 0.0298 0.0298 0.0298 0.0298 0.0298 0.0298 0.0298 0.0298 0.0298 0.0298 0.0298 0.0298 0.0298 0.0298 0.0298 0.0298 0.0298 0.0298 0.0298 
TS14 0.0149 0.0149 0.0149 0.0149 0.0149 0.0149 0.0149 0.0149 0.0149 0.0149 0.0149 0.0149 0.0149 0.0149 0.0149 0.0149 0.0149 0.0149 0.0149 0.0149 0.0149 0.0149 0.0149 0.0149 0.0149 0.0149 0.0149 0.0149 0.0149 0.0149 0.0149 0.0149 
TS15 0.0298 0.0298 0.0298 0.0298 0.0298 0.0298 0.0298 0.0298 0.0298 0.0298 0.0298 0.0298 0.0298 0.0298 0.0298 0.0298 0.0298 0.0298 0.0298 0.0298 0.0298 0.0298 0.0298 0.0298 0.0298 0.0298 0.0298 0.0298 0.0298 0.0298 0.0298 0.0298 
TS16 0.0199 0.0199 0.0199 0.0199 0.0199 0.0199 0.0199 0.0199 0.0199 0.0199 0.0199 0.0199 0.0199 0.0199 0.0199 0.0199 0.0199 0.0199 0.0199 0.0199 0.0199 0.0199 0.0199 0.0199 0.0199 0.0199 0.0199 0.0199 0.0199 0.0199 0.0199 0.0199 
TS17 0.01 0.01 0.01 0.01 0.01 0.01 0.01 0.01 0.01 0.01 0.01 0.01 0.01 0.01 0.01 0.01 0.01 0.01 0.01 0.01 0.01 0.01 0.01 0.01 0.01 0.01 0.01 0.01 0.01 0.01 0.01 0.01 
TS18 0.0149 0.0149 0.0149 0.0149 0.0149 0.0149 0.0149 0.0149 0.0149 0.0149 0.0149 0.0149 0.0149 0.0149 0.0149 0.0149 0.0149 0.0149 0.0149 0.0149 0.0149 0.0149 0.0149 0.0149 0.0149 0.0149 0.0149 0.0149 0.0149 0.0149 0.0149 0.0149 
TS19 0.0119 0.0119 0.0119 0.0119 0.0119 0.0119 0.0119 0.0119 0.0119 0.0119 0.0119 0.0119 0.0119 0.0119 0.0119 0.0119 0.0119 0.0119 0.0119 0.0119 0.0119 0.0119 0.0119 0.0119 0.0119 0.0119 0.0119 0.0119 0.0119 0.0119 0.0119 0.0119 
TS20 0.006 0.006 0.006 0.006 0.006 0.006 0.006 0.006 0.006 0.006 0.006 0.006 0.006 0.006 0.006 0.006 0.006 0.006 0.006 0.006 0.006 0.006 0.006 0.006 0.006 0.006 0.006 0.006 0.006 0.006 0.006 0.006 
TS21 0.0119 0.0119 0.0119 0.0119 0.0119 0.0119 0.0119 0.0119 0.0119 0.0119 0.0119 0.0119 0.0119 0.0119 0.0119 0.0119 0.0119 0.0119 0.0119 0.0119 0.0119 0.0119 0.0119 0.0119 0.0119 0.0119 0.0119 0.0119 0.0119 0.0119 0.0119 0.0119 
TS22 0.008 0.008 0.008 0.008 0.008 0.008 0.008 0.008 0.008 0.008 0.008 0.008 0.008 0.008 0.008 0.008 0.008 0.008 0.008 0.008 0.008 0.008 0.008 0.008 0.008 0.008 0.008 0.008 0.008 0.008 0.008 0.008 
TS23 0.004 0.004 0.004 0.004 0.004 0.004 0.004 0.004 0.004 0.004 0.004 0.004 0.004 0.004 0.004 0.004 0.004 0.004 0.004 0.004 0.004 0.004 0.004 0.004 0.004 0.004 0.004 0.004 0.004 0.004 0.004 0.004 
TS24 0.006 0.006 0.006 0.006 0.006 0.006 0.006 0.006 0.006 0.006 0.006 0.006 0.006 0.006 0.006 0.006 0.006 0.006 0.006 0.006 0.006 0.006 0.006 0.006 0.006 0.006 0.006 0.006 0.006 0.006 0.006 0.006 
TS25 0.0597 0.0597 0.0597 0.0597 0.0597 0.0597 0.0597 0.0597 0.0597 0.0597 0.0597 0.0597 0.0597 0.0597 0.0597 0.0597 0.0597 0.0597 0.0597 0.0597 0.0597 0.0597 0.0597 0.0597 0.0597 0.0597 0.0597 0.0597 0.0597 0.0597 0.0597 0.0597 
TS26 0.0298 0.0298 0.0298 0.0298 0.0298 0.0298 0.0298 0.0298 0.0298 0.0298 0.0298 0.0298 0.0298 0.0298 0.0298 0.0298 0.0298 0.0298 0.0298 0.0298 0.0298 0.0298 0.0298 0.0298 0.0298 0.0298 0.0298 0.0298 0.0298 0.0298 0.0298 0.0298 
TS27 0.0597 0.0597 0.0597 0.0597 0.0597 0.0597 0.0597 0.0597 0.0597 0.0597 0.0597 0.0597 0.0597 0.0597 0.0597 0.0597 0.0597 0.0597 0.0597 0.0597 0.0597 0.0597 0.0597 0.0597 0.0597 0.0597 0.0597 0.0597 0.0597 0.0597 0.0597 0.0597 
TS28 0.0398 0.0398 0.0398 0.0398 0.0398 0.0398 0.0398 0.0398 0.0398 0.0398 0.0398 0.0398 0.0398 0.0398 0.0398 0.0398 0.0398 0.0398 0.0398 0.0398 0.0398 0.0398 0.0398 0.0398 0.0398 0.0398 0.0398 0.0398 0.0398 0.0398 0.0398 0.0398 
TS29 0.0199 0.0199 0.0199 0.0199 0.0199 0.0199 0.0199 0.0199 0.0199 0.0199 0.0199 0.0199 0.0199 0.0199 0.0199 0.0199 0.0199 0.0199 0.0199 0.0199 0.0199 0.0199 0.0199 0.0199 0.0199 0.0199 0.0199 0.0199 0.0199 0.0199 0.0199 0.0199 
TS30 0.0298 0.0298 0.0298 0.0298 0.0298 0.0298 0.0298 0.0298 0.0298 0.0298 0.0298 0.0298 0.0298 0.0298 0.0298 0.0298 0.0298 0.0298 0.0298 0.0298 0.0298 0.0298 0.0298 0.0298 0.0298 0.0298 0.0298 0.0298 0.0298 0.0298 0.0298 0.0298 
TS31 0.0239 0.0239 0.0239 0.0239 0.0239 0.0239 0.0239 0.0239 0.0239 0.0239 0.0239 0.0239 0.0239 0.0239 0.0239 0.0239 0.0239 0.0239 0.0239 0.0239 0.0239 0.0239 0.0239 0.0239 0.0239 0.0239 0.0239 0.0239 0.0239 0.0239 0.0239 0.0239 
TS32 0.0119 0.0119 0.0119 0.0119 0.0119 0.0119 0.0119 0.0119 0.0119 0.0119 0.0119 0.0119 0.0119 0.0119 0.0119 0.0119 0.0119 0.0119 0.0119 0.0119 0.0119 0.0119 0.0119 0.0119 0.0119 0.0119 0.0119 0.0119 0.0119 0.0119 0.0119 0.0119 
TS33 0.0239 0.0239 0.0239 0.0239 0.0239 0.0239 0.0239 0.0239 0.0239 0.0239 0.0239 0.0239 0.0239 0.0239 0.0239 0.0239 0.0239 0.0239 0.0239 0.0239 0.0239 0.0239 0.0239 0.0239 0.0239 0.0239 0.0239 0.0239 0.0239 0.0239 0.0239 0.0239 
TS34 0.0159 0.0159 0.0159 0.0159 0.0159 0.0159 0.0159 0.0159 0.0159 0.0159 0.0159 0.0159 0.0159 0.0159 0.0159 0.0159 0.0159 0.0159 0.0159 0.0159 0.0159 0.0159 0.0159 0.0159 0.0159 0.0159 0.0159 0.0159 0.0159 0.0159 0.0159 0.0159 
TS35 0.008 0.008 0.008 0.008 0.008 0.008 0.008 0.008 0.008 0.008 0.008 0.008 0.008 0.008 0.008 0.008 0.008 0.008 0.008 0.008 0.008 0.008 0.008 0.008 0.008 0.008 0.008 0.008 0.008 0.008 0.008 0.008 
TS36 0.0119 0.0119 0.0119 0.0119 0.0119 0.0119 0.0119 0.0119 0.0119 0.0119 0.0119 0.0119 0.0119 0.0119 0.0119 0.0119 0.0119 0.0119 0.0119 0.0119 0.0119 0.0119 0.0119 0.0119 0.0119 0.0119 0.0119 0.0119 0.0119 0.0119 0.0119 0.0119 
TS37 0.045 0.045 0.045 0.045 0.045 0.045 0.045 0.045 0.045 0.045 0.045 0.045 0.045 0.045 0.045 0.045 0.045 0.045 0.045 0.045 0.045 0.045 0.045 0.045 0.045 0.045 0.045 0.045 0.045 0.045 0.045 0.045 
TS38 0.0225 0.0225 0.0225 0.0225 0.0225 0.0225 0.0225 0.0225 0.0225 0.0225 0.0225 0.0225 0.0225 0.0225 0.0225 0.0225 0.0225 0.0225 0.0225 0.0225 0.0225 0.0225 0.0225 0.0225 0.0225 0.0225 0.0225 0.0225 0.0225 0.0225 0.0225 0.0225 
TS39 0.045 0.045 0.045 0.045 0.045 0.045 0.045 0.045 0.045 0.045 0.045 0.045 0.045 0.045 0.045 0.045 0.045 0.045 0.045 0.045 0.045 0.045 0.045 0.045 0.045 0.045 0.045 0.045 0.045 0.045 0.045 0.045 
TS40 0.03 0.03 0.03 0.03 0.03 0.03 0.03 0.03 0.03 0.03 0.03 0.03 0.03 0.03 0.03 0.03 0.03 0.03 0.03 0.03 0.03 0.03 0.03 0.03 0.03 0.03 0.03 0.03 0.03 0.03 0.03 0.03 
TS41 0.015 0.015 0.015 0.015 0.015 0.015 0.015 0.015 0.015 0.015 0.015 0.015 0.015 0.015 0.015 0.015 0.015 0.015 0.015 0.015 0.015 0.015 0.015 0.015 0.015 0.015 0.015 0.015 0.015 0.015 0.015 0.015 
TS42 0.0225 0.0225 0.0225 0.0225 0.0225 0.0225 0.0225 0.0225 0.0225 0.0225 0.0225 0.0225 0.0225 0.0225 0.0225 0.0225 0.0225 0.0225 0.0225 0.0225 0.0225 0.0225 0.0225 0.0225 0.0225 0.0225 0.0225 0.0225 0.0225 0.0225 0.0225 0.0225 
TS43 0.018 0.018 0.018 0.018 0.018 0.018 0.018 0.018 0.018 0.018 0.018 0.018 0.018 0.018 0.018 0.018 0.018 0.018 0.018 0.018 0.018 0.018 0.018 0.018 0.018 0.018 0.018 0.018 0.018 0.018 0.018 0.018 
TS44 0.009 0.009 0.009 0.009 0.009 0.009 0.009 0.009 0.009 0.009 0.009 0.009 0.009 0.009 0.009 0.009 0.009 0.009 0.009 0.009 0.009 0.009 0.009 0.009 0.009 0.009 0.009 0.009 0.009 0.009 0.009 0.009 
TS45 0.018 0.018 0.018 0.018 0.018 0.018 0.018 0.018 0.018 0.018 0.018 0.018 0.018 0.018 0.018 0.018 0.018 0.018 0.018 0.018 0.018 0.018 0.018 0.018 0.018 0.018 0.018 0.018 0.018 0.018 0.018 0.018 
TS46 0.012 0.012 0.012 0.012 0.012 0.012 0.012 0.012 0.012 0.012 0.012 0.012 0.012 0.012 0.012 0.012 0.012 0.012 0.012 0.012 0.012 0.012 0.012 0.012 0.012 0.012 0.012 0.012 0.012 0.012 0.012 0.012 
TS47 0.006 0.006 0.006 0.006 0.006 0.006 0.006 0.006 0.006 0.006 0.006 0.006 0.006 0.006 0.006 0.006 0.006 0.006 0.006 0.006 0.006 0.006 0.006 0.006 0.006 0.006 0.006 0.006 0.006 0.006 0.006 0.006 
TS48 0.009 0.009 0.009 0.009 0.009 0.009 0.009 0.009 0.009 0.009 0.009 0.009 0.009 0.009 0.009 0.009 0.009 0.009 0.009 0.009 0.009 0.009 0.009 0.009 0.009 0.009 0.009 0.009 0.009 0.009 0.009 0.009 
;

param DaySplit default 1.0 :
2019 2020 2021 2022 2023 2024 2025 2026 2027 2028 2029 2030 2031 2032 2033 2034 2035 2036 2037 2038 2039 2040 2041 2042 2043 2044 2045 2046 2047 2048 2049 2050 :=
1 1 1 1 1 1 1 1 1 1 1 1 1 1 1 1 1 1 1 1 1 1 1 1 1 1 1 1 1 1 1 1 1 
2 1 1 1 1 1 1 1 1 1 1 1 1 1 1 1 1 1 1 1 1 1 1 1 1 1 1 1 1 1 1 1 1 
3 1 1 1 1 1 1 1 1 1 1 1 1 1 1 1 1 1 1 1 1 1 1 1 1 1 1 1 1 1 1 1 1 
4 1 1 1 1 1 1 1 1 1 1 1 1 1 1 1 1 1 1 1 1 1 1 1 1 1 1 1 1 1 1 1 1 
5 1 1 1 1 1 1 1 1 1 1 1 1 1 1 1 1 1 1 1 1 1 1 1 1 1 1 1 1 1 1 1 1 
6 1 1 1 1 1 1 1 1 1 1 1 1 1 1 1 1 1 1 1 1 1 1 1 1 1 1 1 1 1 1 1 1 
;

param AvailabilityFactor default 1.0 :=
[RE1,*,*]:
2019 2020 2021 2022 2023 2024 2025 2026 2027 2028 2029 2030 2031 2032 2033 2034 2035 2036 2037 2038 2039 2040 2041 2042 2043 2044 2045 2046 2047 2048 2049 2050 :=
IMPELC001 0.93 0.93 0.93 0.93 0.93 0.93 0.93 0.93 0.93 0.93 0.93 0.93 0.93 0.93 0.93 0.93 0.93 0.93 0.93 0.93 0.93 0.93 0.93 0.93 0.93 0.93 0.93 0.93 0.93 0.93 0.93 0.93 
IMPELC002 0.93 0.93 0.93 0.93 0.93 0.93 0.93 0.93 0.93 0.93 0.93 0.93 0.93 0.93 0.93 0.93 0.93 0.93 0.93 0.93 0.93 0.93 0.93 0.93 0.93 0.93 0.93 0.93 0.93 0.93 0.93 0.93 
PWRCOA001 0.8731 0.8731 0.8731 0.8731 0.8731 0.8731 0.8731 0.8731 0.8731 0.8731 0.8731 0.8731 0.8731 0.8731 0.8731 0.8731 0.8731 0.8731 0.8731 0.8731 0.8731 0.8731 0.8731 0.8731 0.8731 0.8731 0.8731 0.8731 0.8731 0.8731 0.8731 0.8731 
PWRGEO001 0.9455 0.9455 0.9455 0.9455 0.9455 0.9455 0.9455 0.9455 0.9455 0.9455 0.9455 0.9455 0.9455 0.9455 0.9455 0.9455 0.9455 0.9455 0.9455 0.9455 0.9455 0.9455 0.9455 0.9455 0.9455 0.9455 0.9455 0.9455 0.9455 0.9455 0.9455 0.9455 
PWRGEO002 0.9455 0.9455 0.9455 0.9455 0.9455 0.9455 0.9455 0.9455 0.9455 0.9455 0.9455 0.9455 0.9455 0.9455 0.9455 0.9455 0.9455 0.9455 0.9455 0.9455 0.9455 0.9455 0.9455 0.9455 0.9455 0.9455 0.9455 0.9455 0.9455 0.9455 0.9455 0.9455 
PWRGEO003 0.9455 0.9455 0.9455 0.9455 0.9455 0.9455 0.9455 0.9455 0.9455 0.9455 0.9455 0.9455 0.9455 0.9455 0.9455 0.9455 0.9455 0.9455 0.9455 0.9455 0.9455 0.9455 0.9455 0.9455 0.9455 0.9455 0.9455 0.9455 0.9455 0.9455 0.9455 0.9455 
PWRGEO004 0.9455 0.9455 0.9455 0.9455 0.9455 0.9455 0.9455 0.9455 0.9455 0.9455 0.9455 0.9455 0.9455 0.9455 0.9455 0.9455 0.9455 0.9455 0.9455 0.9455 0.9455 0.9455 0.9455 0.9455 0.9455 0.9455 0.9455 0.9455 0.9455 0.9455 0.9455 0.9455 
PWRGEO005 0.9455 0.9455 0.9455 0.9455 0.9455 0.9455 0.9455 0.9455 0.9455 0.9455 0.9455 0.9455 0.9455 0.9455 0.9455 0.9455 0.9455 0.9455 0.9455 0.9455 0.9455 0.9455 0.9455 0.9455 0.9455 0.9455 0.9455 0.9455 0.9455 0.9455 0.9455 0.9455 
PWRGEO006 0.9455 0.9455 0.9455 0.9455 0.9455 0.9455 0.9455 0.9455 0.9455 0.9455 0.9455 0.9455 0.9455 0.9455 0.9455 0.9455 0.9455 0.9455 0.9455 0.9455 0.9455 0.9455 0.9455 0.9455 0.9455 0.9455 0.9455 0.9455 0.9455 0.9455 0.9455 0.9455 
PWRGEO007 0.9455 0.9455 0.9455 0.9455 0.9455 0.9455 0.9455 0.9455 0.9455 0.9455 0.9455 0.9455 0.9455 0.9455 0.9455 0.9455 0.9455 0.9455 0.9455 0.9455 0.9455 0.9455 0.9455 0.9455 0.9455 0.9455 0.9455 0.9455 0.9455 0.9455 0.9455 0.9455 
PWRHFO001 0.8823 0.8823 0.8823 0.8823 0.8823 0.8823 0.8823 0.8823 0.8823 0.8823 0.8823 0.8823 0.8823 0.8823 0.8823 0.8823 0.8823 0.8823 0.8823 0.8823 0.8823 0.8823 0.8823 0.8823 0.8823 0.8823 0.8823 0.8823 0.8823 0.8823 0.8823 0.8823 
PWRHYD001 0.9223 0.9223 0.9223 0.9223 0.9223 0.9223 0.9223 0.9223 0.9223 0.9223 0.9223 0.9223 0.9223 0.9223 0.9223 0.9223 0.9223 0.9223 0.9223 0.9223 0.9223 0.9223 0.9223 0.9223 0.9223 0.9223 0.9223 0.9223 0.9223 0.9223 0.9223 0.9223 
PWRHYD002 0.9223 0.9223 0.9223 0.9223 0.9223 0.9223 0.9223 0.9223 0.9223 0.9223 0.9223 0.9223 0.9223 0.9223 0.9223 0.9223 0.9223 0.9223 0.9223 0.9223 0.9223 0.9223 0.9223 0.9223 0.9223 0.9223 0.9223 0.9223 0.9223 0.9223 0.9223 0.9223 
PWRHYD003 0.9223 0.9223 0.9223 0.9223 0.9223 0.9223 0.9223 0.9223 0.9223 0.9223 0.9223 0.9223 0.9223 0.9223 0.9223 0.9223 0.9223 0.9223 0.9223 0.9223 0.9223 0.9223 0.9223 0.9223 0.9223 0.9223 0.9223 0.9223 0.9223 0.9223 0.9223 0.9223 
PWRHYD004 0.9223 0.9223 0.9223 0.9223 0.9223 0.9223 0.9223 0.9223 0.9223 0.9223 0.9223 0.9223 0.9223 0.9223 0.9223 0.9223 0.9223 0.9223 0.9223 0.9223 0.9223 0.9223 0.9223 0.9223 0.9223 0.9223 0.9223 0.9223 0.9223 0.9223 0.9223 0.9223 
PWRHYD005 0.9223 0.9223 0.9223 0.9223 0.9223 0.9223 0.9223 0.9223 0.9223 0.9223 0.9223 0.9223 0.9223 0.9223 0.9223 0.9223 0.9223 0.9223 0.9223 0.9223 0.9223 0.9223 0.9223 0.9223 0.9223 0.9223 0.9223 0.9223 0.9223 0.9223 0.9223 0.9223 
PWRLFO001 0.8881 0.8881 0.8881 0.8881 0.8881 0.8881 0.8881 0.8881 0.8881 0.8881 0.8881 0.8881 0.8881 0.8881 0.8881 0.8881 0.8881 0.8881 0.8881 0.8881 0.8881 0.8881 0.8881 0.8881 0.8881 0.8881 0.8881 0.8881 0.8881 0.8881 0.8881 0.8881 
PWRNGS001 0.9315 0.9315 0.9315 0.9315 0.9315 0.9315 0.9315 0.9315 0.9315 0.9315 0.9315 0.9315 0.9315 0.9315 0.9315 0.9315 0.9315 0.9315 0.9315 0.9315 0.9315 0.9315 0.9315 0.9315 0.9315 0.9315 0.9315 0.9315 0.9315 0.9315 0.9315 0.9315 
PWRPHS001 0.9235 0.9235 0.9235 0.9235 0.9235 0.9235 0.9235 0.9235 0.9235 0.9235 0.9235 0.9235 0.9235 0.9235 0.9235 0.9235 0.9235 0.9235 0.9235 0.9235 0.9235 0.9235 0.9235 0.9235 0.9235 0.9235 0.9235 0.9235 0.9235 0.9235 0.9235 0.9235 
PWRPHS002 0.9235 0.9235 0.9235 0.9235 0.9235 0.9235 0.9235 0.9235 0.9235 0.9235 0.9235 0.9235 0.9235 0.9235 0.9235 0.9235 0.9235 0.9235 0.9235 0.9235 0.9235 0.9235 0.9235 0.9235 0.9235 0.9235 0.9235 0.9235 0.9235 0.9235 0.9235 0.9235 
PWRURN001 0.9612 0.9612 0.9612 0.9612 0.9612 0.9612 0.9612 0.9612 0.9612 0.9612 0.9612 0.9612 0.9612 0.9612 0.9612 0.9612 0.9612 0.9612 0.9612 0.9612 0.9612 0.9612 0.9612 0.9612 0.9612 0.9612 0.9612 0.9612 0.9612 0.9612 0.9612 0.9612 
;

param CapitalCost default 0.0 :=
[RE1,*,*]:
2019 2020 2021 2022 2023 2024 2025 2026 2027 2028 2029 2030 2031 2032 2033 2034 2035 2036 2037 2038 2039 2040 2041 2042 2043 2044 2045 2046 2047 2048 2049 2050 :=
BACKSTOP 99999.0 99999.0 99999.0 99999.0 99999.0 99999.0 99999.0 99999.0 99999.0 99999.0 99999.0 99999.0 99999.0 99999.0 99999.0 99999.0 99999.0 99999.0 99999.0 99999.0 99999.0 99999.0 99999.0 99999.0 99999.0 99999.0 99999.0 99999.0 99999.0 99999.0 99999.0 99999.0 
BESS_TECH 1483.0 1449.6 1416.9 1385.0 1353.8 1323.3 1293.5 1262.1436084622 1231.4337404613 1201.3703959973 1172.0613289929 1143.3987855254 1115.3827655947 1088.0132692009 1061.290296344 1035.1060931011 1009.5684133951 984.5695033032 960.1093628252 936.1879919614 912.8053907116 890.0693129986 867.7642509769 845.8902046464 824.6626818528 803.7584208276 783.3929294165 763.4584536966 744.0627475908 724.9903032534 706.45662853 688.2462155751 
IMPNGS 20.0 20.0 20.0 20.0 20.0 20.0 19.9619717851 19.9239435703 19.8859153554 19.8478871405 19.8098589256 19.7718307108 19.7338024959 19.695774281 19.6577460662 19.6197178513 19.5816896364 19.5436614216 19.5056332067 19.4676049918 19.4295767769 19.3915485621 19.3535203472 19.3154921323 19.2774639175 19.2394357026 19.2014074877 19.1633792729 19.125351058 19.0873228431 19.0492946282 19.0112664134 
PWRBIO001 2500.0 2500.0 2500.0 2500.0 2500.0 2500.0 2501.0789959332 2502.1579918663 2503.2369877995 2504.3159837326 2505.3949796658 2506.4739755989 2507.5529715321 2508.6319674652 2509.7109633984 2510.7899593316 2511.8689552647 2512.9479511979 2514.026947131 2515.1059430642 2516.1849389973 2517.2639349305 2518.3429308637 2519.4219267968 2520.50092273 2521.5799186631 2522.6589145963 2523.7379105294 2524.8169064626 2525.8959023957 2526.9748983289 2528.0538942621 
PWRCOA001 2479.2 2479.2 2479.2 2479.2 2479.2 2479.2 2479.2 2479.2 2479.2 2479.2 2479.2 2479.2 2479.2 2479.2 2479.2 2479.2 2479.2 2479.2 2479.2 2479.2 2479.2 2479.2 2479.2 2479.2 2479.2 2479.2 2479.2 2479.2 2479.2 2479.2 2479.2 2479.2 
PWRDIST 2502.0 2502.0 2502.0 2502.0 2502.0 2502.0 2502.0 2502.0 2502.0 2502.0 2502.0 2502.0 2502.0 2502.0 2502.0 2502.0 2502.0 2502.0 2502.0 2502.0 2502.0 2502.0 2502.0 2502.0 2502.0 2502.0 2502.0 2502.0 2502.0 2502.0 2502.0 2502.0 
PWRGEO001 3329.22 3329.22 3329.22 3329.22 3329.22 3329.22 3329.22 3329.22 3329.22 3329.22 3329.22 3329.22 3329.22 3329.22 3329.22 3329.22 3329.22 3329.22 3329.22 3329.22 3329.22 3329.22 3329.22 3329.22 3329.22 3329.22 3329.22 3329.22 3329.22 3329.22 3329.22 3329.22 
PWRGEO002 3476.57 3476.57 3476.57 3476.57 3476.57 3476.57 3476.57 3476.57 3476.57 3476.57 3476.57 3476.57 3476.57 3476.57 3476.57 3476.57 3476.57 3476.57 3476.57 3476.57 3476.57 3476.57 3476.57 3476.57 3476.57 3476.57 3476.57 3476.57 3476.57 3476.57 3476.57 3476.57 
PWRGEO003 3439.33 3439.33 3439.33 3439.33 3439.33 3439.33 3439.33 3439.33 3439.33 3439.33 3439.33 3439.33 3439.33 3439.33 3439.33 3439.33 3439.33 3439.33 3439.33 3439.33 3439.33 3439.33 3439.33 3439.33 3439.33 3439.33 3439.33 3439.33 3439.33 3439.33 3439.33 3439.33 
PWRGEO004 3439.0 3439.0 3439.0 3439.0 3439.0 3439.0 3439.0 3439.0 3439.0 3439.0 3439.0 3439.0 3439.0 3439.0 3439.0 3439.0 3439.0 3439.0 3439.0 3439.0 3439.0 3439.0 3439.0 3439.0 3439.0 3439.0 3439.0 3439.0 3439.0 3439.0 3439.0 3439.0 
PWRGEO005 3595.0 3595.0 3595.0 3595.0 3595.0 3595.0 3595.0 3595.0 3595.0 3595.0 3595.0 3595.0 3595.0 3595.0 3595.0 3595.0 3595.0 3595.0 3595.0 3595.0 3595.0 3595.0 3595.0 3595.0 3595.0 3595.0 3595.0 3595.0 3595.0 3595.0 3595.0 3595.0 
PWRGEO006 3801.41 3801.41 3801.41 3801.41 3801.41 3801.41 3820.9287408097 3840.4474816193 3859.966222429 3879.4849632386 3899.0037040483 3918.5224448579 3938.0411856676 3957.5599264772 3977.0786672869 3996.5974080965 4016.1161489062 4035.6348897158 4055.1536305255 4074.6723713351 4094.1911121448 4113.7098529544 4133.2285937641 4152.7473345737 4172.2660753834 4191.784816193 4211.3035570027 4230.8222978123 4250.341038622 4269.8597794316 4289.3785202413 4308.8972610509 
PWRGEO007 3801.41 3801.41 3801.41 3801.41 3801.41 3801.41 3801.41 3801.41 3801.41 3801.41 3801.41 3801.41 3801.41 3801.41 3801.41 3801.41 3801.41 3801.41 3801.41 3801.41 3801.41 3801.41 3801.41 3801.41 3801.41 3801.41 3801.41 3801.41 3801.41 3801.41 3801.41 3801.41 
PWRHFO001 1603.57 1603.57 1603.57 1603.57 1603.57 1603.57 1603.57 1603.57 1603.57 1603.57 1603.57 1603.57 1603.57 1603.57 1603.57 1603.57 1603.57 1603.57 1603.57 1603.57 1603.57 1603.57 1603.57 1603.57 1603.57 1603.57 1603.57 1603.57 1603.57 1603.57 1603.57 1603.57 
PWRHYD001 3430.0 3430.0 3430.0 3430.0 3430.0 3430.0 3435.2009314759 3440.4018629519 3445.6027944278 3450.8037259038 3456.0046573797 3461.2055888557 3466.4065203316 3471.6074518076 3476.8083832835 3482.0093147595 3487.2102462354 3492.4111777113 3497.6121091873 3502.8130406632 3508.0139721392 3513.2149036151 3518.4158350911 3523.616766567 3528.817698043 3534.0186295189 3539.2195609949 3544.4204924708 3549.6214239467 3554.8223554227 3560.0232868986 3565.2242183746 
PWRHYD002 3466.73 3466.73 3466.73 3466.73 3466.73 3466.73 3471.9866254156 3477.2432508313 3482.4998762469 3487.7565016625 3493.0131270781 3498.2697524938 3503.5263779094 3508.783003325 3514.0396287406 3519.2962541563 3524.5528795719 3529.8095049875 3535.0661304032 3540.3227558188 3545.5793812344 3550.83600665 3556.0926320657 3561.3492574813 3566.6058828969 3571.8625083126 3577.1191337282 3582.3757591438 3587.6323845594 3592.8890099751 3598.1456353907 3603.4022608063 
PWRHYD003 3430.48 3430.48 3430.48 3430.48 3430.48 3430.48 3435.6816593031 3440.8833186062 3446.0849779093 3451.2866372124 3456.4882965155 3461.6899558185 3466.8916151216 3472.0932744247 3477.2949337278 3482.4965930309 3487.698252334 3492.8999116371 3498.1015709402 3503.3032302433 3508.5048895464 3513.7065488494 3518.9082081525 3524.1098674556 3529.3115267587 3534.5131860618 3539.7148453649 3544.916504668 3550.1181639711 3555.3198232742 3560.5214825773 3565.7231418803 
PWRHYD004 3223.225 3223.225 3223.225 3223.225 3223.225 3223.225 3228.1123971885 3232.999794377 3237.8871915655 3242.774588754 3247.6619859425 3252.549383131 3257.4367803195 3262.324177508 3267.2115746965 3272.098971885 3276.9863690735 3281.873766262 3286.7611634505 3291.648560639 3296.5359578275 3301.423355016 3306.3107522045 3311.198149393 3316.0855465815 3320.97294377 3325.8603409585 3330.747738147 3335.6351353355 3340.522532524 3345.4099297125 3350.297326901 
PWRHYD005 3484.26 3484.26 3484.26 3484.26 3484.26 3484.26 3489.5432062695 3494.826412539 3500.1096188085 3505.392825078 3510.6760313475 3515.959237617 3521.2424438865 3526.525650156 3531.8088564255 3537.092062695 3542.3752689645 3547.658475234 3552.9416815035 3558.224887773 3563.5080940425 3568.791300312 3574.0745065815 3579.357712851 3584.6409191205 3589.9241253899 3595.2073316594 3600.4905379289 3605.7737441984 3611.0569504679 3616.3401567374 3621.6233630069 
PWRLFO001 1240.74 1240.74 1240.74 1240.74 1240.74 1240.74 1240.74 1240.74 1240.74 1240.74 1240.74 1240.74 1240.74 1240.74 1240.74 1240.74 1240.74 1240.74 1240.74 1240.74 1240.74 1240.74 1240.74 1240.74 1240.74 1240.74 1240.74 1240.74 1240.74 1240.74 1240.74 1240.74 
PWRNGS001 857.14 857.14 857.14 857.14 857.14 857.14 857.562567633 857.9851352661 858.4077028991 858.8302705321 859.2528381652 859.6754057982 860.0979734312 860.5205410643 860.9431086973 861.3656763304 861.7882439634 862.2108115964 862.6333792295 863.0559468625 863.4785144955 863.9010821286 864.3236497616 864.7462173946 865.1687850277 865.5913526607 866.0139202937 866.4364879268 866.8590555598 867.2816231929 867.7041908259 868.1267584589 
PWRPHS001 1129.0 1129.0 1129.0 1129.0 1129.0 1129.0 1128.9209321805 1128.841864361 1128.7627965414 1128.6837287219 1128.6046609024 1128.5255930829 1128.4465252633 1128.3674574438 1128.2883896243 1128.2093218048 1128.1302539852 1128.0511861657 1127.9721183462 1127.8930505267 1127.8139827071 1127.7349148876 1127.6558470681 1127.5767792486 1127.4977114291 1127.4186436095 1127.33957579 1127.2605079705 1127.181440151 1127.1023723314 1127.0233045119 1126.9442366924 
PWRPHS002 1129.0 1129.0 1129.0 1129.0 1129.0 1129.0 1128.9209321805 1128.841864361 1128.7627965414 1128.6837287219 1128.6046609024 1128.5255930829 1128.4465252633 1128.3674574438 1128.2883896243 1128.2093218048 1128.1302539852 1128.0511861657 1127.9721183462 1127.8930505267 1127.8139827071 1127.7349148876 1127.6558470681 1127.5767792486 1127.4977114291 1127.4186436095 1127.33957579 1127.2605079705 1127.181440151 1127.1023723314 1127.0233045119 1126.9442366924 
PWRSOL001 1224.4 1199.3 1174.8 1150.8 1127.3 1104.2 1069.1691982969 1056.7383965938 1044.3075948906 1031.8767931875 1019.4459914844 1007.0151897813 994.5843880782 982.1535863751 969.7227846719 957.2919829688 944.8611812657 932.4303795626 919.9995778595 907.5687761563 895.1379744532 882.7071727501 870.276371047 857.8455693439 845.4147676408 832.9839659376 820.5531642345 808.1223625314 795.6915608283 783.2607591252 770.829957422 758.3991557189 
PWRSOL002 1224.4 1199.3 1174.8 1150.8 1127.3 1104.2 1069.1691982969 1056.7383965938 1044.3075948906 1031.8767931875 1019.4459914844 1007.0151897813 994.5843880782 982.1535863751 969.7227846719 957.2919829688 944.8611812657 932.4303795626 919.9995778595 907.5687761563 895.1379744532 882.7071727501 870.276371047 857.8455693439 845.4147676408 832.9839659376 820.5531642345 808.1223625314 795.6915608283 783.2607591252 770.829957422 758.3991557189 
PWRTRN 365.0 365.0 365.0 365.0 365.0 365.0 365.0 365.0 365.0 365.0 365.0 365.0 365.0 365.0 365.0 365.0 365.0 365.0 365.0 365.0 365.0 365.0 365.0 365.0 365.0 365.0 365.0 365.0 365.0 365.0 365.0 365.0 
PWRURN001 5000.0 5000.0 5000.0 5000.0 5000.0 5000.0 5047.8645998003 5095.7291996007 5143.593799401 5191.4583992014 5239.3229990017 5287.187598802 5335.0521986024 5382.9167984027 5430.7813982031 5478.6459980034 5526.5105978037 5574.3751976041 5622.2397974044 5670.1043972048 5717.9689970051 5765.8335968054 5813.6981966058 5861.5627964061 5909.4273962065 5957.2919960068 6005.1565958071 6053.0211956075 6100.8857954078 6148.7503952082 6196.6149950085 6244.4795948088 
PWRWND001 1583.3 1578.8 1574.4 1570.0 1565.5 1561.1 1577.5801343456 1598.4602686912 1619.3404030368 1640.2205373824 1661.100671728 1681.9808060736 1702.8609404192 1723.7410747648 1744.6212091104 1765.501343456 1786.3814778016 1807.2616121471 1828.1417464927 1849.0218808383 1869.9020151839 1890.7821495295 1911.6622838751 1932.5424182207 1953.4225525663 1974.3026869119 1995.1828212575 2016.0629556031 2036.9430899487 2057.8232242943 2078.7033586399 2099.5834929855 
PWRWND002 1743.2 1738.2 1733.4 1728.6 1723.6 1718.8 1736.9900110929 1759.9800221858 1782.9700332788 1805.9600443717 1828.9500554646 1851.9400665575 1874.9300776504 1897.9200887434 1920.9100998363 1943.9001109292 1966.8901220221 1989.8801331151 2012.870144208 2035.8601553009 2058.8501663938 2081.8401774867 2104.8301885797 2127.8201996726 2150.8102107655 2173.8002218584 2196.7902329513 2219.7802440443 2242.7702551372 2265.7602662301 2288.750277323 2311.7402884159 
PWRWND003 1623.1 1618.5 1614.0 1609.5 1604.9 1600.4 1617.305926898 1638.711853796 1660.117780694 1681.523707592 1702.9296344901 1724.3355613881 1745.7414882861 1767.1474151841 1788.5533420821 1809.9592689801 1831.3651958781 1852.7711227761 1874.1770496742 1895.5829765722 1916.9889034702 1938.3948303682 1959.8007572662 1981.2066841642 2002.6126110622 2024.0185379602 2045.4244648583 2066.8303917563 2088.2363186543 2109.6422455523 2131.0481724503 2152.4540993483 
PWRWND004 1583.4 1578.9 1574.5 1570.1 1565.6 1561.2 1577.6814756531 1598.5629513063 1619.4444269594 1640.3259026125 1661.2073782656 1682.0888539188 1702.9703295719 1723.851805225 1744.7332808781 1765.6147565313 1786.4962321844 1807.3777078375 1828.2591834907 1849.1406591438 1870.0221347969 1890.90361045 1911.7850861032 1932.6665617563 1953.5480374094 1974.4295130625 1995.3109887157 2016.1924643688 2037.0739400219 2057.9554156751 2078.8368913282 2099.7183669813 
PWRWND005 1659.0 1654.3 1649.7 1645.1 1640.4 1635.8 1653.0794084567 1674.9588169134 1696.8382253701 1718.7176338268 1740.5970422835 1762.4764507402 1784.3558591969 1806.2352676535 1828.1146761102 1849.9940845669 1871.8734930236 1893.7529014803 1915.632309937 1937.5117183937 1959.3911268504 1981.2705353071 2003.1499437638 2025.0293522205 2046.9087606772 2068.7881691339 2090.6675775906 2112.5469860473 2134.426394504 2156.3058029606 2178.1852114173 2200.064619874 
PWRWND006 1556.5 1552.1 1547.8 1543.4 1539.0 1534.7 1550.9273704648 1571.4547409295 1591.9821113943 1612.5094818591 1633.0368523238 1653.5642227886 1674.0915932534 1694.6189637181 1715.1463341829 1735.6737046476 1756.2010751124 1776.7284455772 1797.2558160419 1817.7831865067 1838.3105569715 1858.8379274362 1879.365297901 1899.8926683658 1920.4200388305 1940.9474092953 1961.4747797601 1982.0021502248 2002.5295206896 2023.0568911544 2043.5842616191 2064.1116320839 
PWRWND007 1789.7 1784.6 1779.7 1774.7 1769.6 1764.6 1783.3029886349 1806.9059772698 1830.5089659047 1854.1119545396 1877.7149431745 1901.3179318094 1924.9209204443 1948.5239090792 1972.1268977141 1995.729886349 2019.3328749839 2042.9358636188 2066.5388522537 2090.1418408886 2113.7448295235 2137.3478181584 2160.9508067932 2184.5537954281 2208.156784063 2231.7597726979 2255.3627613328 2278.9657499677 2302.5687386026 2326.1717272375 2349.7747158724 2373.3777045073 
PWRWND008 1922.4 1916.9 1911.6 1906.3 1900.8 1895.5 1915.5533949637 1940.9067899275 1966.2601848912 1991.6135798549 2016.9669748187 2042.3203697824 2067.6737647461 2093.0271597099 2118.3805546736 2143.7339496373 2169.0873446011 2194.4407395648 2219.7941345285 2245.1475294923 2270.500924456 2295.8543194197 2321.2077143835 2346.5611093472 2371.9145043109 2397.2678992747 2422.6212942384 2447.9746892021 2473.3280841659 2498.6814791296 2524.0348740933 2549.3882690571 
PWRWND009 1700.6 1695.8 1691.1 1686.3 1681.5 1676.8 1694.5280032371 1716.9560064743 1739.3840097114 1761.8120129486 1784.2400161857 1806.6680194229 1829.09602266 1851.5240258972 1873.9520291343 1896.3800323715 1918.8080356086 1941.2360388458 1963.6640420829 1986.0920453201 2008.5200485572 2030.9480517944 2053.3760550315 2075.8040582687 2098.2320615058 2120.660064743 2143.0880679801 2165.5160712173 2187.9440744544 2210.3720776916 2232.8000809287 2255.2280841659 
PWRWND010 1672.8 1668.0 1663.4 1658.8 1654.0 1649.4 1666.7604849735 1688.8209699469 1710.8814549204 1732.9419398939 1755.0024248674 1777.0629098408 1799.1233948143 1821.1838797878 1843.2443647612 1865.3048497347 1887.3653347082 1909.4258196816 1931.4863046551 1953.5467896286 1975.6072746021 1997.6677595755 2019.728244549 2041.7887295225 2063.8492144959 2085.9096994694 2107.9701844429 2130.0306694163 2152.0911543898 2174.1516393633 2196.2121243368 2218.2726093102 
PWRWND011 1810.85 1804.82 1798.8 1792.81 1786.84 1780.88 1798.7575380335 1822.565076067 1846.3726141004 1870.1801521339 1893.9876901674 1917.7952282009 1941.6027662343 1965.4103042678 1989.2178423013 2013.0253803348 2036.8329183683 2060.6404564017 2084.4479944352 2108.2555324687 2132.0630705022 2155.8706085356 2179.6781465691 2203.4856846026 2227.2932226361 2251.1007606696 2274.908298703 2298.7158367365 2322.52337477 2346.3309128035 2370.1384508369 2393.9459888704 
;

param FixedCost default 0.0 :=
[RE1,*,*]:
2019 2020 2021 2022 2023 2024 2025 2026 2027 2028 2029 2030 2031 2032 2033 2034 2035 2036 2037 2038 2039 2040 2041 2042 2043 2044 2045 2046 2047 2048 2049 2050 :=
BACKSTOP 999.0 999.0 999.0 999.0 999.0 999.0 999.0 999.0 999.0 999.0 999.0 999.0 999.0 999.0 999.0 999.0 999.0 999.0 999.0 999.0 999.0 999.0 999.0 999.0 999.0 999.0 999.0 999.0 999.0 999.0 999.0 999.0 
BESS_TECH 37.1 36.2 35.4 34.6 33.8 33.1 32.3 31.6 30.9 30.2 29.5 28.9 28.2 27.6 26.9 26.3 25.7 25.2 24.6 24.0 23.5 23.0 22.5 22.0 21.5 21.0 20.5 20.0 19.6 19.1 18.7 18.3 
PWRBIO001 75.0 75.0 75.0 75.0 75.0 75.0 75.0 75.0 75.0 75.0 75.0 75.0 75.0 75.0 75.0 75.0 75.0 75.0 75.0 75.0 75.0 75.0 75.0 75.0 75.0 75.0 75.0 75.0 75.0 75.0 75.0 75.0 
PWRCOA001 66.0 66.0 66.0 66.0 66.0 66.0 66.0 66.0 66.0 66.0 66.0 66.0 66.0 66.0 66.0 66.0 66.0 66.0 66.0 66.0 66.0 66.0 66.0 66.0 66.0 66.0 66.0 66.0 66.0 66.0 66.0 66.0 
PWRGEO001 150.0 150.0 150.0 150.0 150.0 150.0 150.0 150.0 150.0 150.0 150.0 150.0 150.0 150.0 150.0 150.0 150.0 150.0 150.0 150.0 150.0 150.0 150.0 150.0 150.0 150.0 150.0 150.0 150.0 150.0 150.0 150.0 
PWRGEO002 150.0 150.0 150.0 150.0 150.0 150.0 150.0 150.0 150.0 150.0 150.0 150.0 150.0 150.0 150.0 150.0 150.0 150.0 150.0 150.0 150.0 150.0 150.0 150.0 150.0 150.0 150.0 150.0 150.0 150.0 150.0 150.0 
PWRGEO003 150.0 150.0 150.0 150.0 150.0 150.0 150.0 150.0 150.0 150.0 150.0 150.0 150.0 150.0 150.0 150.0 150.0 150.0 150.0 150.0 150.0 150.0 150.0 150.0 150.0 150.0 150.0 150.0 150.0 150.0 150.0 150.0 
PWRGEO004 150.0 150.0 150.0 150.0 150.0 150.0 150.0 150.0 150.0 150.0 150.0 150.0 150.0 150.0 150.0 150.0 150.0 150.0 150.0 150.0 150.0 150.0 150.0 150.0 150.0 150.0 150.0 150.0 150.0 150.0 150.0 150.0 
PWRGEO005 150.0 150.0 150.0 150.0 150.0 150.0 150.0 150.0 150.0 150.0 150.0 150.0 150.0 150.0 150.0 150.0 150.0 150.0 150.0 150.0 150.0 150.0 150.0 150.0 150.0 150.0 150.0 150.0 150.0 150.0 150.0 150.0 
PWRGEO006 150.0 150.0 150.0 150.0 150.0 150.0 150.0 150.0 150.0 150.0 150.0 150.0 150.0 150.0 150.0 150.0 150.0 150.0 150.0 150.0 150.0 150.0 150.0 150.0 150.0 150.0 150.0 150.0 150.0 150.0 150.0 150.0 
PWRGEO007 150.0 150.0 150.0 150.0 150.0 150.0 150.0 150.0 150.0 150.0 150.0 150.0 150.0 150.0 150.0 150.0 150.0 150.0 150.0 150.0 150.0 150.0 150.0 150.0 150.0 150.0 150.0 150.0 150.0 150.0 150.0 150.0 
PWRHFO001 31.5 31.5 31.5 31.5 31.5 31.5 31.5 31.5 31.5 31.5 31.5 31.5 31.5 31.5 31.5 31.5 31.5 31.5 31.5 31.5 31.5 31.5 31.5 31.5 31.5 31.5 31.5 31.5 31.5 31.5 31.5 31.5 
PWRHYD001 25.0 25.0 25.0 25.0 25.0 25.0 25.0 25.0 25.0 25.0 25.0 25.0 25.0 25.0 25.0 25.0 25.0 25.0 25.0 25.0 25.0 25.0 25.0 25.0 25.0 25.0 25.0 25.0 25.0 25.0 25.0 25.0 
PWRHYD002 25.0 25.0 25.0 25.0 25.0 25.0 25.0 25.0 25.0 25.0 25.0 25.0 25.0 25.0 25.0 25.0 25.0 25.0 25.0 25.0 25.0 25.0 25.0 25.0 25.0 25.0 25.0 25.0 25.0 25.0 25.0 25.0 
PWRHYD003 25.0 25.0 25.0 25.0 25.0 25.0 25.0 25.0 25.0 25.0 25.0 25.0 25.0 25.0 25.0 25.0 25.0 25.0 25.0 25.0 25.0 25.0 25.0 25.0 25.0 25.0 25.0 25.0 25.0 25.0 25.0 25.0 
PWRHYD004 25.0 25.0 25.0 25.0 25.0 25.0 25.0 25.0 25.0 25.0 25.0 25.0 25.0 25.0 25.0 25.0 25.0 25.0 25.0 25.0 25.0 25.0 25.0 25.0 25.0 25.0 25.0 25.0 25.0 25.0 25.0 25.0 
PWRHYD005 25.0 25.0 25.0 25.0 25.0 25.0 25.0 25.0 25.0 25.0 25.0 25.0 25.0 25.0 25.0 25.0 25.0 25.0 25.0 25.0 25.0 25.0 25.0 25.0 25.0 25.0 25.0 25.0 25.0 25.0 25.0 25.0 
PWRLFO001 20.9 20.9 20.9 20.9 20.9 20.9 20.9 20.9 20.9 20.9 20.9 20.9 20.9 20.9 20.9 20.9 20.9 20.9 20.9 20.9 20.9 20.9 20.9 20.9 20.9 20.9 20.9 20.9 20.9 20.9 20.9 20.9 
PWRNGS001 30.8 30.8 30.8 30.8 30.8 30.8 30.8 30.8 30.8 30.8 30.8 30.8 30.8 30.8 30.8 30.8 30.8 30.8 30.8 30.8 30.8 30.8 30.8 30.8 30.8 30.8 30.8 30.8 30.8 30.8 30.8 30.8 
PWRPHS001 14.86 14.86 14.86 14.86 14.86 14.86 14.86 14.86 14.86 14.86 14.86 14.86 14.86 14.86 14.86 14.86 14.86 14.86 14.86 14.86 14.86 14.86 14.86 14.86 14.86 14.86 14.86 14.86 14.86 14.86 14.86 14.86 
PWRPHS002 14.86 14.86 14.86 14.86 14.86 14.86 14.86 14.86 14.86 14.86 14.86 14.86 14.86 14.86 14.86 14.86 14.86 14.86 14.86 14.86 14.86 14.86 14.86 14.86 14.86 14.86 14.86 14.86 14.86 14.86 14.86 14.86 
PWRSOL001 26.4 25.7 25.03 24.37 23.73 23.1 22.49 21.9 21.32 20.76 20.22 19.68 19.17 18.66 18.17 17.69 17.22 16.77 16.33 15.9 15.48 15.07 15.07 15.07 15.07 15.07 15.07 15.07 15.07 15.07 15.07 15.07 
PWRSOL002 26.4 25.7 25.03 24.37 23.73 23.1 22.49 21.9 21.32 20.76 20.22 19.68 19.17 18.66 18.17 17.69 17.22 16.77 16.33 15.9 15.48 15.07 15.07 15.07 15.07 15.07 15.07 15.07 15.07 15.07 15.07 15.07 
PWRURN001 7.5 7.5 7.5 7.5 7.5 7.5 7.5 7.5 7.5 7.5 7.5 7.5 7.5 7.5 7.5 7.5 7.5 7.5 7.5 7.5 7.5 7.5 7.5 7.5 7.5 7.5 7.5 7.5 7.5 7.5 7.5 7.5 
PWRWND001 76.1 75.85 75.59 75.34 75.09 74.84 74.59 74.34 74.1 73.85 73.6 73.36 73.11 72.87 72.63 72.38 72.14 71.9 71.66 71.42 71.19 70.95 70.95 70.95 70.95 70.95 70.95 70.95 70.95 70.95 70.95 70.95 
PWRWND002 76.1 75.85 75.59 75.34 75.09 74.84 74.59 74.34 74.1 73.85 73.6 73.36 73.11 72.87 72.63 72.38 72.14 71.9 71.66 71.42 71.19 70.95 70.95 70.95 70.95 70.95 70.95 70.95 70.95 70.95 70.95 70.95 
PWRWND003 76.1 75.85 75.59 75.34 75.09 74.84 74.59 74.34 74.1 73.85 73.6 73.36 73.11 72.87 72.63 72.38 72.14 71.9 71.66 71.42 71.19 70.95 70.95 70.95 70.95 70.95 70.95 70.95 70.95 70.95 70.95 70.95 
PWRWND004 76.1 75.85 75.59 75.34 75.09 74.84 74.59 74.34 74.1 73.85 73.6 73.36 73.11 72.87 72.63 72.38 72.14 71.9 71.66 71.42 71.19 70.95 70.95 70.95 70.95 70.95 70.95 70.95 70.95 70.95 70.95 70.95 
PWRWND005 76.1 75.85 75.59 75.34 75.09 74.84 74.59 74.34 74.1 73.85 73.6 73.36 73.11 72.87 72.63 72.38 72.14 71.9 71.66 71.42 71.19 70.95 70.95 70.95 70.95 70.95 70.95 70.95 70.95 70.95 70.95 70.95 
PWRWND006 76.1 75.85 75.59 75.34 75.09 74.84 74.59 74.34 74.1 73.85 73.6 73.36 73.11 72.87 72.63 72.38 72.14 71.9 71.66 71.42 71.19 70.95 70.95 70.95 70.95 70.95 70.95 70.95 70.95 70.95 70.95 70.95 
PWRWND007 76.1 75.85 75.59 75.34 75.09 74.84 74.59 74.34 74.1 73.85 73.6 73.36 73.11 72.87 72.63 72.38 72.14 71.9 71.66 71.42 71.19 70.95 70.95 70.95 70.95 70.95 70.95 70.95 70.95 70.95 70.95 70.95 
PWRWND008 76.1 75.85 75.59 75.34 75.09 74.84 74.59 74.34 74.1 73.85 73.6 73.36 73.11 72.87 72.63 72.38 72.14 71.9 71.66 71.42 71.19 70.95 70.95 70.95 70.95 70.95 70.95 70.95 70.95 70.95 70.95 70.95 
PWRWND009 76.1 75.85 75.59 75.34 75.09 74.84 74.59 74.34 74.1 73.85 73.6 73.36 73.11 72.87 72.63 72.38 72.14 71.9 71.66 71.42 71.19 70.95 70.95 70.95 70.95 70.95 70.95 70.95 70.95 70.95 70.95 70.95 
PWRWND010 76.1 75.85 75.59 75.34 75.09 74.84 74.59 74.34 74.1 73.85 73.6 73.36 73.11 72.87 72.63 72.38 72.14 71.9 71.66 71.42 71.19 70.95 70.95 70.95 70.95 70.95 70.95 70.95 70.95 70.95 70.95 70.95 
PWRWND011 76.1 75.85 75.59 75.34 75.09 74.84 74.59 74.34 74.1 73.85 73.6 73.36 73.11 72.87 72.63 72.38 72.14 71.9 71.66 71.42 71.19 70.95 70.95 70.95 70.95 70.95 70.95 70.95 70.95 70.95 70.95 70.95 
;

param ResidualCapacity default 0.0 :=
[RE1,*,*]:
2019 2020 2021 2022 2023 2024 2025 2026 2027 2028 2029 2030 2031 2032 2033 2034 2035 2036 2037 2038 2039 2040 2041 2042 2043 2044 2045 2046 2047 2048 2049 2050 :=
IMPELC002 0.05 0.05 0.05 0.05 0.05 0.05 0.05 0.0 0.0 0.0 0.0 0.0 0.0 0.0 0.0 0.0 0.0 0.0 0.0 0.0 0.0 0.0 0.0 0.0 0.0 0.0 0.0 0.0 0.0 0.0 0.0 0.0 
PWRBIO001 0.002 0.002 0.002 0.002 0.002 0.002 0.002 0.002 0.002 0.002 0.002 0.002 0.002 0.002 0.002 0.002 0.002 0.002 0.002 0.002 0.002 0.002 0.002 0.002 0.0 0.0 0.0 0.0 0.0 0.0 0.0 0.0 
PWRDIST 1.578 1.578 1.578 1.578 1.578 1.578 1.578 1.578 1.578 1.578 1.578 1.578 1.578 1.578 1.578 1.578 1.578 1.578 1.578 1.578 1.578 1.578 1.578 1.578 1.578 1.578 1.578 1.578 1.578 1.578 1.578 1.578 
PWRGEO001 0.7911 0.7911 0.7911 0.7911 0.7911 0.7611 0.7611 0.7611 0.7165 0.7165 0.6155 0.6155 0.588 0.588 0.588 0.588 0.588 0.588 0.588 0.5484 0.5308 0.3908 0.2218 0.2218 0.158 0.158 0.0 0.0 0.0 0.0 0.0 0.0 
PWRHFO001 0.6404 0.6404 0.6404 0.6404 0.6404 0.6404 0.5804 0.5064 0.5064 0.5064 0.5064 0.4178 0.3028 0.3028 0.3028 0.1355 0.083 0.0 0.0 0.0 0.0 0.0 0.0 0.0 0.0 0.0 0.0 0.0 0.0 0.0 0.0 0.0 
PWRHYD001 0.1 0.1 0.1 0.1 0.1 0.1 0.1 0.1 0.1 0.1 0.1 0.1 0.1 0.1 0.1 0.1 0.1 0.1 0.1 0.1 0.1 0.1 0.1 0.02 0.02 0.02 0.02 0.02 0.02 0.02 0.02 0.02 
PWRHYD002 0.58 0.58 0.58 0.58 0.58 0.58 0.58 0.58 0.58 0.58 0.58 0.58 0.58 0.58 0.58 0.58 0.58 0.58 0.58 0.58 0.58 0.58 0.58 0.58 0.58 0.58 0.58 0.58 0.58 0.58 0.58 0.58 
PWRHYD003 0.105 0.105 0.105 0.105 0.105 0.105 0.105 0.105 0.105 0.105 0.105 0.105 0.105 0.105 0.105 0.105 0.105 0.105 0.105 0.105 0.105 0.105 0.105 0.105 0.105 0.105 0.105 0.105 0.105 0.105 0.105 0.105 
PWRHYD005 0.0195 0.0195 0.0195 0.0195 0.0195 0.0195 0.0195 0.0195 0.0195 0.0195 0.0195 0.0195 0.0195 0.0195 0.0195 0.0195 0.0195 0.0195 0.0195 0.0195 0.0195 0.0195 0.0195 0.0195 0.0195 0.0195 0.0195 0.0195 0.0195 0.0195 0.0195 0.0195 
PWRLFO001 0.028 0.028 0.028 0.028 0.028 0.028 0.0 0.0 0.0 0.0 0.0 0.0 0.0 0.0 0.0 0.0 0.0 0.0 0.0 0.0 0.0 0.0 0.0 0.0 0.0 0.0 0.0 0.0 0.0 0.0 0.0 0.0 
PWRSOL001 0.05025 0.05025 0.05025 0.05025 0.05025 0.05025 0.05025 0.05025 0.05025 0.05025 0.05025 0.05025 0.05025 0.05025 0.05025 0.05025 0.05025 0.05025 0.05025 0.0 0.0 0.0 0.0 0.0 0.0 0.0 0.0 0.0 0.0 0.0 0.0 0.0 
PWRTRN 1.578 1.578 1.578 1.578 1.578 1.578 1.578 1.578 1.578 1.578 1.578 1.578 1.578 1.578 1.578 1.578 1.578 1.578 1.578 1.578 1.578 1.578 1.578 1.578 1.578 1.578 1.578 1.578 1.578 1.578 1.578 1.578 
PWRWND004 0.3 0.3 0.3 0.3 0.3 0.3 0.3 0.3 0.3 0.3 0.3 0.3 0.3 0.3 0.3 0.3 0.3 0.3 0.3 0.0 0.0 0.0 0.0 0.0 0.0 0.0 0.0 0.0 0.0 0.0 0.0 0.0 
PWRWND008 0.0255 0.0255 0.0255 0.0255 0.0255 0.0255 0.0255 0.0255 0.0255 0.0204 0.0204 0.0204 0.0204 0.0204 0.0204 0.0204 0.0 0.0 0.0 0.0 0.0 0.0 0.0 0.0 0.0 0.0 0.0 0.0 0.0 0.0 0.0 0.0 
;

param TotalAnnualMaxCapacity default 999999.0 :=
[RE1,*,*]:
2019 2020 2021 2022 2023 2024 2025 2026 2027 2028 2029 2030 2031 2032 2033 2034 2035 2036 2037 2038 2039 2040 2041 2042 2043 2044 2045 2046 2047 2048 2049 2050 :=
BESS_TECH 0 0 0 0 0 0.1 0.25 9999 9999 9999 9999 9999 9999 9999 9999 9999 9999 9999 9999 9999 9999 9999 9999 9999 9999 9999 9999 9999 9999 9999 9999 9999 
IMPELC001 0 0 0 0.2 0.2 0.2 0.2 0.4 0.4 0.4 0.4 0.4 0.4 0.4 0.4 0.4 0.4 0.4 0.4 0.4 0.4 0.4 0.4 0.4 0.4 0.4 0.4 0.4 0.4 0.4 0.4 0.4 
IMPELC002 0.05 0.05 0.05 0.05 0.05 0.05 0.05 0 0 0 0 0 0 0 0 0 0 0 0 0 0 0 0 0 0 0 0 0 0 0 0 0 
PWRBIO001 0.002 0.002 0.002 0.002 0.0034 0.0034 0.0034 0.0134 0.0134 0.0214 0.0214 0.0696 0.0896 0.1004 0.1034 0.1094 0.1097 0.1186 0.1275 0.1364 0.1453 0.1542 0.1631 0.172 0.1809 0.1898 0.1987 0.2076 0.2165 0.2254 0.2343 0.2432 
PWRCOA001 0 0 0 0 0 0 0 0 0 0 0 0 0 0 0 0 0 0 0 0 0 0 0 0 0 0 0 0 0 0 0 0 
PWRGEO001 0.7911 0.7911 0.7911 0.8744 0.8744 0.8444 0.9064 0.9264 0.8818 0.9068 1.0858 1.0858 1.0583 1.0583 1.0583 1.1983 1.1983 1.3383 1.3383 1.2987 1.2811 1.1411 0.9721 0.9721 0.9083 0.9083 0.7503 0.7503 0.667 0.667 0.667 0.647 
PWRGEO002 0 0 0 0 0.035 0.035 0.07 0.07 0.07 0.105 0.105 0.105 0.105 0.105 0.105 0.105 0.105 0.105 0.205 0.205 0.265 0.465 0.465 0.465 0.465 0.465 0.465 0.465 0.465 0.43 0.43 0.395 
PWRGEO003 0 0 0 0 0 0 0 0 0 0 0 0 0.033 0.033 0.033 0.033 0.033 0.033 0.033 0.033 0.033 0.1 0.1 0.1 0.1 0.1 0.1 0.1 0.1 0.1 0.1 0.1 
PWRGEO004 0 0 0 0 0 0 0 0 0 0 0 0 0 0 0 0 0 0 0 0.1 0.2 0.3 0.3 0.3 0.3 0.3 0.3 0.3 0.3 0.3 0.3 0.3 
PWRGEO005 0 0 0 0 0 0 0 0 0 0 0 0 0.035 0.035 0.035 0.035 0.035 0.035 0.035 0.035 0.035 0.07 0.07 0.07 0.07 0.07 0.07 0.07 0.07 0.07 0.07 0.07 
PWRGEO006 0.0 0.0 0.0 0.0 0.0 0.0 0.1462078082 0.2924156165 0.4386234247 0.584831233 0.7310390412 0.8772468495 1.0234546577 1.169662466 1.3158702742 1.4620780825 1.6082858907 1.754493699 1.9007015072 2.0469093155 2.1931171237 2.339324932 2.4855327402 2.6317405484 2.7779483567 2.9241561649 3.0703639732 3.2165717814 3.3627795897 3.5089873979 3.6551952062 3.8014030144 
PWRGEO007 0 0 0 0 0 0 0 0 0 0 0 0 0 0 0 0 0 0 0 0 0 0 0 0 0 0 0 0 0 0 0 0 
PWRHFO001 0.6404 0.6404 0.6404 0.6404 0.6404 0.6404 0.5804 0.5064 0.5064 0.5064 0.5064 0.4178 0.3028 0.3028 0.3028 0.1355 0.083 0 0 0 0 0 0 0 0 0 0 0 0 0 0 0 
PWRHYD001 0.1 0.1 0.1 0.1 0.1 0.1 0.1 0.1 0.1 0.1 0.1 0.1 0.1 0.1 0.1 0.1 0.1 0.1 0.1 0.1 0.1 0.1 0.1 0.02 0.02 0.02 0.02 0.02 0.02 0.02 0.02 0.02 
PWRHYD002 0.58 0.58 0.58 0.58 0.58 0.58 0.58 0.58 0.58 0.58 0.58 0.58 0.67 0.67 0.67 0.67 0.67 0.67 0.67 0.67 0.67 0.67 0.67 0.67 0.67 0.67 0.67 0.67 0.67 0.67 0.67 0.67 
PWRHYD003 0.105 0.105 0.105 0.105 0.105 0.105 0.105 0.105 0.105 0.105 0.105 0.105 0.105 0.105 0.105 0.105 0.105 0.105 0.105 0.105 0.105 0.105 0.105 0.105 0.105 0.105 0.105 0.105 0.105 0.105 0.105 0.105 
PWRHYD004 0 0 0 0 0 0 0 0 0 0 0 0 0.198 0.693 0.693 0.693 0.693 0.693 0.693 0.693 0.693 0.693 0.693 0.693 0.693 0.693 0.693 0.693 0.693 0.693 0.693 0.693 
PWRHYD005 0.0195 0.0195 0.0195 0.0195 0.0268 0.0293 0.0296 0.1523 0.1724 0.1855 0.2038 0.2524 0.2936 0.326 0.3739 0.416 0.4664 0.5147 0.5407 0.569 0.5999 0.6338 0.6708 0.7113 0.7555 0.8038 0.8568 0.9146 0.9779 1.047 1.1226 1.2053 
PWRLFO001 0.056 0.056 0.056 0.056 0.056 0.056 0 0 0 0 0 0 0 0 0 0 0 0 0 0 0 0 0 0 0 0 0 0 0 0 0 0 
PWRNGS001 0 0 0 0 0 0 0 9999 9999 9999 9999 9999 9999 9999 9999 9999 9999 9999 9999 9999 9999 9999 9999 9999 9999 9999 9999 9999 9999 9999 9999 9999 
PWRPHS001 0 0 0 0 0 0 0 0 0 0 0 0 0 0 0 0.3 0.3 0.3 0.3 0.3 0.3 0.3 0.3 0.3 0.3 0.3 0.3 0.3 0.3 0.3 0.3 0.3 
PWRPHS002 0 0 0 0 0 0 0 0 0 0 0 0 0 0 0 0.3 0.3 0.3 0.3 0.3 0.3 0.3 0.3 0.3 0.3 0.3 0.3 0.3 0.3 0.3 0.3 0.3 
PWRSOL001 0.1 0.1 0.26 0.34 0.424 0.504 5.304 5.384 5.968 6.168 6.628 7.108 7.508 7.908 8.308 8.708 9.108 9.508 10.108 10.608 11.008 11.608 12.248 12.768 13.286 14.006 14.806 15.526 16.326 17.326 18.126 19.326 
PWRSOL002 0 0 0 0 0 0 0 0 0 0 0 0 0 0 0 0 0 0 0 0 0 0 0 0 0 0 0 0 0 0 0 0 
PWRURN001 0 0 0 0 0 0 0 0 0 0 0 0 0 0 0 0 0 0 0 0 0 0 0.2913 0.2913 0.2913 0.2913 0.5826 0.5826 0.5826 0.5826 0.8739 0.8739 
PWRWND001 0 0 0 0 0 0 0.27 0.29 0.31 0.34 0.37 0.4 0.44 0.48 0.51 0.55 0.6 0.65 0.71 0.77 0.83 0.9 0.97 1.05 1.14 1.23 1.33 1.44 1.56 1.68 1.82 1.97 
PWRWND002 0 0 0 0 0 0 0.27 0.29 0.31 0.34 0.37 0.4 0.44 0.48 0.51 0.55 0.6 0.65 0.71 0.77 0.83 0.9 0.97 1.05 1.14 1.23 1.33 1.44 1.56 1.68 1.82 1.97 
PWRWND003 0 0 0 0 0 0 0.27 0.29 0.31 0.34 0.37 0.4 0.44 0.48 0.51 0.55 0.6 0.65 0.71 0.77 0.83 0.9 0.97 1.05 1.14 1.23 1.33 1.44 1.56 1.68 1.82 1.97 
PWRWND004 0.3 0.3 0.3 0.3 0.3 0.3 0.57 0.59 0.61 0.74 0.77 0.8 0.84 0.88 0.91 0.95 1 1.05 1.11 0.97 0.93 1 1.07 1.15 1.24 1.33 1.43 1.54 1.66 1.78 1.92 2.07 
PWRWND005 0 0 0 0 0 0 0.27 0.29 0.31 0.34 0.37 0.4 0.44 0.48 0.51 0.55 0.56 0.56 0.56 0.56 0.56 0.56 0.56 0.56 0.56 0.56 0.56 0.56 0.56 0.56 0.56 0.56 
PWRWND006 0 0 0 0 0 0 0.27 0.29 0.31 0.34 0.37 0.4 0.44 0.48 0.51 0.55 0.6 0.65 0.71 0.77 0.83 0.9 0.97 1.05 1.14 1.23 1.33 1.44 1.56 1.68 1.82 1.97 
PWRWND007 0 0 0 0 0 0 0.27 0.29 0.31 0.34 0.37 0.4 0.44 0.48 0.51 0.55 0.6 0.65 0.71 0.77 0.83 0.9 0.97 1.05 1.14 1.23 1.33 1.44 1.56 1.68 1.82 1.97 
PWRWND008 0.026 0.026 0.126 0.126 0.126 0.126 0.407 0.477 0.497 0.521 0.551 0.581 0.621 0.661 0.691 0.731 0.761 0.811 0.871 0.931 0.991 1.061 1.031 1.111 1.201 1.291 1.38 1.44 1.56 1.64 1.64 1.64 
PWRWND009 0 0 0 0 0 0 0.27 0.29 0.31 0.34 0.37 0.4 0.44 0.48 0.51 0.55 0.6 0.65 0.71 0.77 0.83 0.9 0.97 1.05 1.14 1.23 1.33 1.44 1.56 1.68 1.82 1.97 
PWRWND010 0 0 0 0 0 0 0.27 0.29 0.31 0.34 0.37 0.4 0.44 0.48 0.51 0.55 0.6 0.65 0.71 0.77 0.83 0.9 0.97 1.05 1.14 1.23 1.33 1.44 1.56 1.68 1.82 1.97 
PWRWND011 0 0 0 0 0 0 0 0 0 0 0 0 0 0 0 0 0 0 0 0 0 0 0 0 0 0 0 0 0 0 0 0 
;

param TotalAnnualMaxCapacityInvestment default 999999.0 :=
[RE1,*,*]:
2019 2020 2021 2022 2023 2024 2025 2026 2027 2028 2029 2030 2031 2032 2033 2034 2035 2036 2037 2038 2039 2040 2041 2042 2043 2044 2045 2046 2047 2048 2049 2050 :=
PWRHFO001 0 0 0 0 0 0 0 0 0 0 0 0 0 0 0 0 0 0 0 0 0 0 0 0 0 0 0 0 0 0 0 0 
PWRLFO001 0 0 0 0 0 0 0 0 0 0 0 0 0 0 0 0 0 0 0 0 0 0 0 0 0 0 0 0 0 0 0 0 
;

param TotalAnnualMinCapacity default 0.0 :=
[RE1,*,*]:
2019 2020 2021 2022 2023 2024 2025 2026 2027 2028 2029 2030 2031 2032 2033 2034 2035 2036 2037 2038 2039 2040 2041 2042 2043 2044 2045 2046 2047 2048 2049 2050 :=
IMPELC001 0.0 0.0 0.0 0.2 0.2 0.2 0.2 0.4 0.4 0.4 0.4 0.4 0.4 0.4 0.4 0.4 0.4 0.4 0.4 0.4 0.4 0.4 0.4 0.4 0.4 0.4 0.4 0.4 0.4 0.4 0.4 0.4 
IMPELC002 0.05 0.05 0.05 0.05 0.05 0.05 0.05 0.0 0.0 0.0 0.0 0.0 0.0 0.0 0.0 0.0 0.0 0.0 0.0 0.0 0.0 0.0 0.0 0.0 0.0 0.0 0.0 0.0 0.0 0.0 0.0 0.0 
PWRBIO001 0.002 0.002 0.002 0.002 0.0034 0.0034 0.0034 0.0134 0.0134 0.0214 0.0214 0.0696 0.0896 0.1004 0.1034 0.1094 0.1097 0.1097 0.1097 0.1097 0.1097 0.1097 0.1097 0.1097 0.1077 0.1077 0.1077 0.1077 0.1077 0.1077 0.1077 0.1077 
PWRHYD005 0.0195 0.0195 0.0195 0.0195 0.0268 0.0293 0.0296 0.0388 0.0484 0.0499 0.0555 0.0902 0.1162 0.1322 0.1619 0.1842 0.213 0.2376 0.2376 0.2376 0.2376 0.2376 0.2376 0.2376 0.2376 0.2376 0.2376 0.2376 0.2376 0.2376 0.2376 0.2376 
PWRSOL001 0.0 0.0 0.08 0.12 0.1615 0.2015 0.2015 0.2415 0.2415 0.2415 0.2415 0.2415 0.2415 0.2415 0.2415 0.2415 0.2415 0.2415 0.2415 0.2415 0.2415 0.2415 0.1615 0.1215 0.08 0.04 0.04 0.0 0.0 0.0 0.0 0.0 
PWRWND003 0.0 0.0 0.0 0.0 0.0 0.0 0.011 0.011 0.011 0.011 0.011 0.011 0.011 0.011 0.011 0.011 0.011 0.011 0.011 0.011 0.011 0.011 0.011 0.011 0.011 0.011 0.0 0.0 0.0 0.0 0.0 0.0 
PWRWND008 0.0 0.0 0.1 0.1 0.1 0.1 0.111 0.161 0.161 0.161 0.161 0.161 0.161 0.161 0.161 0.161 0.161 0.161 0.161 0.161 0.161 0.161 0.061 0.061 0.061 0.061 0.05 0.0 0.0 0.0 0.0 0.0 
;

param VariableCost default 0.0001 :=
[RE1,BACKSTOP,*,*]:
2019 2020 2021 2022 2023 2024 2025 2026 2027 2028 2029 2030 2031 2032 2033 2034 2035 2036 2037 2038 2039 2040 2041 2042 2043 2044 2045 2046 2047 2048 2049 2050 :=
1 99.0 99.0 99.0 99.0 99.0 99.0 99.0 99.0 99.0 99.0 99.0 99.0 99.0 99.0 99.0 99.0 99.0 99.0 99.0 99.0 99.0 99.0 99.0 99.0 99.0 99.0 99.0 99.0 99.0 99.0 99.0 99.0 
[RE1,IMPBIO,*,*]:
2019 2020 2021 2022 2023 2024 2025 2026 2027 2028 2029 2030 2031 2032 2033 2034 2035 2036 2037 2038 2039 2040 2041 2042 2043 2044 2045 2046 2047 2048 2049 2050 :=
1 1.76 1.76 1.76 1.76 1.76 1.76 1.7645423123 1.7690846247 1.773626937 1.7781692494 1.7827115617 1.7872538741 1.7917961864 1.7963384988 1.8008808111 1.8054231235 1.8099654358 1.8145077482 1.8190500605 1.8235923729 1.8281346852 1.8326769975 1.8372193099 1.8417616222 1.8463039346 1.8508462469 1.8553885593 1.8599308716 1.864473184 1.8690154963 1.8735578087 1.878100121 
[RE1,IMPCOA,*,*]:
2019 2020 2021 2022 2023 2024 2025 2026 2027 2028 2029 2030 2031 2032 2033 2034 2035 2036 2037 2038 2039 2040 2041 2042 2043 2044 2045 2046 2047 2048 2049 2050 :=
1 2.52 2.51 2.51 2.51 2.51 2.51 2.5160521482 2.5221042964 2.5281564447 2.5342085929 2.5402607411 2.5463128893 2.5523650375 2.5584171858 2.564469334 2.5705214822 2.5765736304 2.5826257786 2.5886779269 2.5947300751 2.6007822233 2.6068343715 2.6128865197 2.618938668 2.6249908162 2.6310429644 2.6370951126 2.6431472608 2.649199409 2.6552515573 2.6613037055 2.6673558537 
[RE1,IMPELC001,*,*]:
2019 2020 2021 2022 2023 2024 2025 2026 2027 2028 2029 2030 2031 2032 2033 2034 2035 2036 2037 2038 2039 2040 2041 2042 2043 2044 2045 2046 2047 2048 2049 2050 :=
1 18.056 18.056 18.056 18.056 18.056 18.056 18.056 18.056 18.056 18.056 18.056 18.056 18.056 18.056 18.056 18.056 18.056 18.056 18.056 18.056 18.056 18.056 18.056 18.056 18.056 18.056 18.056 18.056 18.056 18.056 18.056 18.056 
[RE1,IMPELC002,*,*]:
2019 2020 2021 2022 2023 2024 2025 2026 2027 2028 2029 2030 2031 2032 2033 2034 2035 2036 2037 2038 2039 2040 2041 2042 2043 2044 2045 2046 2047 2048 2049 2050 :=
1 27.778 27.778 27.778 27.778 27.778 27.778 27.778 27.778 27.778 27.778 27.778 27.778 27.778 27.778 27.778 27.778 27.778 27.778 27.778 27.778 27.778 27.778 27.778 27.778 27.778 27.778 27.778 27.778 27.778 27.778 27.778 27.778 
[RE1,IMPHFOMOM,*,*]:
2019 2020 2021 2022 2023 2024 2025 2026 2027 2028 2029 2030 2031 2032 2033 2034 2035 2036 2037 2038 2039 2040 2041 2042 2043 2044 2045 2046 2047 2048 2049 2050 :=
1 5.63 5.63 6.24 8.39 8.16 7.74 7.5812922883 7.6725845765 7.7638768648 7.855169153 7.9464614413 8.0377537296 8.1290460178 8.2203383061 8.3116305944 8.4029228826 8.4942151709 8.5855074591 8.6767997474 8.7680920357 8.8593843239 8.9506766122 9.0419689005 9.1332611887 9.224553477 9.3158457652 9.4071380535 9.4984303418 9.58972263 9.6810149183 9.7723072066 9.8635994948 
[RE1,IMPHFONAI,*,*]:
2019 2020 2021 2022 2023 2024 2025 2026 2027 2028 2029 2030 2031 2032 2033 2034 2035 2036 2037 2038 2039 2040 2041 2042 2043 2044 2045 2046 2047 2048 2049 2050 :=
1 6.8 6.8 7.41 9.55 9.32 8.9 8.744286085 8.8385721701 8.9328582551 9.0271443401 9.1214304252 9.2157165102 9.3100025953 9.4042886803 9.4985747653 9.5928608504 9.6871469354 9.7814330204 9.8757191055 9.9700051905 10.0642912755 10.1585773606 10.2528634456 10.3471495306 10.4414356157 10.5357217007 10.6300077858 10.7242938708 10.8185799558 10.9128660409 11.0071521259 11.1014382109 
[RE1,IMPLFOELD,*,*]:
2019 2020 2021 2022 2023 2024 2025 2026 2027 2028 2029 2030 2031 2032 2033 2034 2035 2036 2037 2038 2039 2040 2041 2042 2043 2044 2045 2046 2047 2048 2049 2050 :=
1 10.43 10.43 11.45 15.03 14.67 14.01 13.7965197563 13.9730395127 14.149559269 14.3260790253 14.5025987817 14.679118538 14.8556382943 15.0321580507 15.208677807 15.3851975634 15.5617173197 15.738237076 15.9147568324 16.0912765887 16.267796345 16.4443161014 16.6208358577 16.797355614 16.9738753704 17.1503951267 17.326914883 17.5034346394 17.6799543957 17.8564741521 18.0329939084 18.2095136647 
[RE1,IMPNGS,*,*]:
2019 2020 2021 2022 2023 2024 2025 2026 2027 2028 2029 2030 2031 2032 2033 2034 2035 2036 2037 2038 2039 2040 2041 2042 2043 2044 2045 2046 2047 2048 2049 2050 :=
1 9.46 9.46 9.49 9.53 9.56 9.6 9.6769957218 9.7239914435 9.7709871653 9.8179828871 9.8649786089 9.9119743306 9.9589700524 10.0059657742 10.0529614959 10.0999572177 10.1469529395 10.1939486613 10.240944383 10.2879401048 10.3349358266 10.3819315483 10.4289272701 10.4759229919 10.5229187137 10.5699144354 10.6169101572 10.663905879 10.7109016007 10.7578973225 10.8048930443 10.8518887661 
[RE1,IMPURN,*,*]:
2019 2020 2021 2022 2023 2024 2025 2026 2027 2028 2029 2030 2031 2032 2033 2034 2035 2036 2037 2038 2039 2040 2041 2042 2043 2044 2045 2046 2047 2048 2049 2050 :=
1 1.08 1.08 1.08 1.08 1.08 1.08 1.082787328 1.0855746561 1.0883619841 1.0911493121 1.0939366402 1.0967239682 1.0995112962 1.1022986242 1.1050859523 1.1078732803 1.1106606083 1.1134479364 1.1162352644 1.1190225924 1.1218099205 1.1245972485 1.1273845765 1.1301719046 1.1329592326 1.1357465606 1.1385338886 1.1413212167 1.1441085447 1.1468958727 1.1496832008 1.1524705288 
[RE1,MINBIO,*,*]:
2019 2020 2021 2022 2023 2024 2025 2026 2027 2028 2029 2030 2031 2032 2033 2034 2035 2036 2037 2038 2039 2040 2041 2042 2043 2044 2045 2046 2047 2048 2049 2050 :=
1 1.6 1.6 1.6 1.6 1.6 1.6 1.6041293749 1.6082587497 1.6123881246 1.6165174994 1.6206468743 1.6247762492 1.628905624 1.6330349989 1.6371643737 1.6412937486 1.6454231235 1.6495524983 1.6536818732 1.657811248 1.6619406229 1.6660699978 1.6701993726 1.6743287475 1.6784581223 1.6825874972 1.6867168721 1.6908462469 1.6949756218 1.6991049967 1.7032343715 1.7073637464 
[RE1,MINCOA,*,*]:
2019 2020 2021 2022 2023 2024 2025 2026 2027 2028 2029 2030 2031 2032 2033 2034 2035 2036 2037 2038 2039 2040 2041 2042 2043 2044 2045 2046 2047 2048 2049 2050 :=
1 2.41 2.41 2.33 2.3 2.29 2.29 2.2954843592 2.3009687184 2.3064530775 2.3119374367 2.3174217959 2.3229061551 2.3283905142 2.3338748734 2.3393592326 2.3448435918 2.3503279509 2.3558123101 2.3612966693 2.3667810285 2.3722653876 2.3777497468 2.383234106 2.3887184652 2.3942028243 2.3996871835 2.4051715427 2.4106559019 2.4161402611 2.4216246202 2.4271089794 2.4325933386 
[RE1,PWRCOA001,*,*]:
2019 2020 2021 2022 2023 2024 2025 2026 2027 2028 2029 2030 2031 2032 2033 2034 2035 2036 2037 2038 2039 2040 2041 2042 2043 2044 2045 2046 2047 2048 2049 2050 :=
1 0.36 0.36 0.36 0.36 0.36 0.36 0.36 0.36 0.36 0.36 0.36 0.36 0.36 0.36 0.36 0.36 0.36 0.36 0.36 0.36 0.36 0.36 0.36 0.36 0.36 0.36 0.36 0.36 0.36 0.36 0.36 0.36 
[RE1,PWRGEO001,*,*]:
2019 2020 2021 2022 2023 2024 2025 2026 2027 2028 2029 2030 2031 2032 2033 2034 2035 2036 2037 2038 2039 2040 2041 2042 2043 2044 2045 2046 2047 2048 2049 2050 :=
1 0.2 0.2 0.2 0.2 0.2 0.2 0.2 0.2 0.2 0.2 0.2 0.2 0.2 0.2 0.2 0.2 0.2 0.2 0.2 0.2 0.2 0.2 0.2 0.2 0.2 0.2 0.2 0.2 0.2 0.2 0.2 0.2 
[RE1,PWRGEO002,*,*]:
2019 2020 2021 2022 2023 2024 2025 2026 2027 2028 2029 2030 2031 2032 2033 2034 2035 2036 2037 2038 2039 2040 2041 2042 2043 2044 2045 2046 2047 2048 2049 2050 :=
1 0.2 0.2 0.2 0.2 0.2 0.2 0.2 0.2 0.2 0.2 0.2 0.2 0.2 0.2 0.2 0.2 0.2 0.2 0.2 0.2 0.2 0.2 0.2 0.2 0.2 0.2 0.2 0.2 0.2 0.2 0.2 0.2 
[RE1,PWRGEO003,*,*]:
2019 2020 2021 2022 2023 2024 2025 2026 2027 2028 2029 2030 2031 2032 2033 2034 2035 2036 2037 2038 2039 2040 2041 2042 2043 2044 2045 2046 2047 2048 2049 2050 :=
1 0.2 0.2 0.2 0.2 0.2 0.2 0.2 0.2 0.2 0.2 0.2 0.2 0.2 0.2 0.2 0.2 0.2 0.2 0.2 0.2 0.2 0.2 0.2 0.2 0.2 0.2 0.2 0.2 0.2 0.2 0.2 0.2 
[RE1,PWRGEO004,*,*]:
2019 2020 2021 2022 2023 2024 2025 2026 2027 2028 2029 2030 2031 2032 2033 2034 2035 2036 2037 2038 2039 2040 2041 2042 2043 2044 2045 2046 2047 2048 2049 2050 :=
1 0.2 0.2 0.2 0.2 0.2 0.2 0.2 0.2 0.2 0.2 0.2 0.2 0.2 0.2 0.2 0.2 0.2 0.2 0.2 0.2 0.2 0.2 0.2 0.2 0.2 0.2 0.2 0.2 0.2 0.2 0.2 0.2 
[RE1,PWRGEO005,*,*]:
2019 2020 2021 2022 2023 2024 2025 2026 2027 2028 2029 2030 2031 2032 2033 2034 2035 2036 2037 2038 2039 2040 2041 2042 2043 2044 2045 2046 2047 2048 2049 2050 :=
1 0.2 0.2 0.2 0.2 0.2 0.2 0.2 0.2 0.2 0.2 0.2 0.2 0.2 0.2 0.2 0.2 0.2 0.2 0.2 0.2 0.2 0.2 0.2 0.2 0.2 0.2 0.2 0.2 0.2 0.2 0.2 0.2 
[RE1,PWRGEO006,*,*]:
2019 2020 2021 2022 2023 2024 2025 2026 2027 2028 2029 2030 2031 2032 2033 2034 2035 2036 2037 2038 2039 2040 2041 2042 2043 2044 2045 2046 2047 2048 2049 2050 :=
1 0.2 0.2 0.2 0.2 0.2 0.2 0.2 0.2 0.2 0.2 0.2 0.2 0.2 0.2 0.2 0.2 0.2 0.2 0.2 0.2 0.2 0.2 0.2 0.2 0.2 0.2 0.2 0.2 0.2 0.2 0.2 0.2 
[RE1,PWRGEO007,*,*]:
2019 2020 2021 2022 2023 2024 2025 2026 2027 2028 2029 2030 2031 2032 2033 2034 2035 2036 2037 2038 2039 2040 2041 2042 2043 2044 2045 2046 2047 2048 2049 2050 :=
1 0.2 0.2 0.2 0.2 0.2 0.2 0.2 0.2 0.2 0.2 0.2 0.2 0.2 0.2 0.2 0.2 0.2 0.2 0.2 0.2 0.2 0.2 0.2 0.2 0.2 0.2 0.2 0.2 0.2 0.2 0.2 0.2 
[RE1,PWRHFO001,*,*]:
2019 2020 2021 2022 2023 2024 2025 2026 2027 2028 2029 2030 2031 2032 2033 2034 2035 2036 2037 2038 2039 2040 2041 2042 2043 2044 2045 2046 2047 2048 2049 2050 :=
1 2.44 2.44 2.44 2.44 2.44 2.44 2.44 2.44 2.44 2.44 2.44 2.44 2.44 2.44 2.44 2.44 2.44 2.44 2.44 2.44 2.44 2.44 2.44 2.44 2.44 2.44 2.44 2.44 2.44 2.44 2.44 2.44 
[RE1,PWRHYD001,*,*]:
2019 2020 2021 2022 2023 2024 2025 2026 2027 2028 2029 2030 2031 2032 2033 2034 2035 2036 2037 2038 2039 2040 2041 2042 2043 2044 2045 2046 2047 2048 2049 2050 :=
1 0.139 0.139 0.139 0.139 0.139 0.139 0.139 0.139 0.139 0.139 0.139 0.139 0.139 0.139 0.139 0.139 0.139 0.139 0.139 0.139 0.139 0.139 0.139 0.139 0.139 0.139 0.139 0.139 0.139 0.139 0.139 0.139 
[RE1,PWRHYD002,*,*]:
2019 2020 2021 2022 2023 2024 2025 2026 2027 2028 2029 2030 2031 2032 2033 2034 2035 2036 2037 2038 2039 2040 2041 2042 2043 2044 2045 2046 2047 2048 2049 2050 :=
1 0.139 0.139 0.139 0.139 0.139 0.139 0.139 0.139 0.139 0.139 0.139 0.139 0.139 0.139 0.139 0.139 0.139 0.139 0.139 0.139 0.139 0.139 0.139 0.139 0.139 0.139 0.139 0.139 0.139 0.139 0.139 0.139 
[RE1,PWRHYD003,*,*]:
2019 2020 2021 2022 2023 2024 2025 2026 2027 2028 2029 2030 2031 2032 2033 2034 2035 2036 2037 2038 2039 2040 2041 2042 2043 2044 2045 2046 2047 2048 2049 2050 :=
1 0.139 0.139 0.139 0.139 0.139 0.139 0.139 0.139 0.139 0.139 0.139 0.139 0.139 0.139 0.139 0.139 0.139 0.139 0.139 0.139 0.139 0.139 0.139 0.139 0.139 0.139 0.139 0.139 0.139 0.139 0.139 0.139 
[RE1,PWRHYD004,*,*]:
2019 2020 2021 2022 2023 2024 2025 2026 2027 2028 2029 2030 2031 2032 2033 2034 2035 2036 2037 2038 2039 2040 2041 2042 2043 2044 2045 2046 2047 2048 2049 2050 :=
1 0.139 0.139 0.139 0.139 0.139 0.139 0.139 0.139 0.139 0.139 0.139 0.139 0.139 0.139 0.139 0.139 0.139 0.139 0.139 0.139 0.139 0.139 0.139 0.139 0.139 0.139 0.139 0.139 0.139 0.139 0.139 0.139 
[RE1,PWRHYD005,*,*]:
2019 2020 2021 2022 2023 2024 2025 2026 2027 2028 2029 2030 2031 2032 2033 2034 2035 2036 2037 2038 2039 2040 2041 2042 2043 2044 2045 2046 2047 2048 2049 2050 :=
1 0.139 0.139 0.139 0.139 0.139 0.139 0.139 0.139 0.139 0.139 0.139 0.139 0.139 0.139 0.139 0.139 0.139 0.139 0.139 0.139 0.139 0.139 0.139 0.139 0.139 0.139 0.139 0.139 0.139 0.139 0.139 0.139 
[RE1,PWRLFO001,*,*]:
2019 2020 2021 2022 2023 2024 2025 2026 2027 2028 2029 2030 2031 2032 2033 2034 2035 2036 2037 2038 2039 2040 2041 2042 2043 2044 2045 2046 2047 2048 2049 2050 :=
1 3.47 3.47 3.47 3.47 3.47 3.47 3.47 3.47 3.47 3.47 3.47 3.47 3.47 3.47 3.47 3.47 3.47 3.47 3.47 3.47 3.47 3.47 3.47 3.47 3.47 3.47 3.47 3.47 3.47 3.47 3.47 3.47 
[RE1,PWRNGS001,*,*]:
2019 2020 2021 2022 2023 2024 2025 2026 2027 2028 2029 2030 2031 2032 2033 2034 2035 2036 2037 2038 2039 2040 2041 2042 2043 2044 2045 2046 2047 2048 2049 2050 :=
1 3.67 3.67 3.67 3.67 3.67 3.67 3.67 3.67 3.67 3.67 3.67 3.67 3.67 3.67 3.67 3.67 3.67 3.67 3.67 3.67 3.67 3.67 3.67 3.67 3.67 3.67 3.67 3.67 3.67 3.67 3.67 3.67 
[RE1,PWRPHS001,*,*]:
2019 2020 2021 2022 2023 2024 2025 2026 2027 2028 2029 2030 2031 2032 2033 2034 2035 2036 2037 2038 2039 2040 2041 2042 2043 2044 2045 2046 2047 2048 2049 2050 :=
2 0.139 0.139 0.139 0.139 0.139 0.139 0.139 0.139 0.139 0.139 0.139 0.139 0.139 0.139 0.139 0.139 0.139 0.139 0.139 0.139 0.139 0.139 0.139 0.139 0.139 0.139 0.139 0.139 0.139 0.139 0.139 0.139 
[RE1,PWRPHS002,*,*]:
2019 2020 2021 2022 2023 2024 2025 2026 2027 2028 2029 2030 2031 2032 2033 2034 2035 2036 2037 2038 2039 2040 2041 2042 2043 2044 2045 2046 2047 2048 2049 2050 :=
2 0.139 0.139 0.139 0.139 0.139 0.139 0.139 0.139 0.139 0.139 0.139 0.139 0.139 0.139 0.139 0.139 0.139 0.139 0.139 0.139 0.139 0.139 0.139 0.139 0.139 0.139 0.139 0.139 0.139 0.139 0.139 0.139 
[RE1,PWRURN001,*,*]:
2019 2020 2021 2022 2023 2024 2025 2026 2027 2028 2029 2030 2031 2032 2033 2034 2035 2036 2037 2038 2039 2040 2041 2042 2043 2044 2045 2046 2047 2048 2049 2050 :=
1 0.1389 0.1389 0.1389 0.1389 0.1389 0.1389 0.1389 0.1389 0.1389 0.1389 0.1389 0.1389 0.1389 0.1389 0.1389 0.1389 0.1389 0.1389 0.1389 0.1389 0.1389 0.1389 0.1389 0.1389 0.1389 0.1389 0.1389 0.1389 0.1389 0.1389 0.1389 0.1389 
;

param InputActivityRatio default 0.0 :=
[RE1,PWRGEO005,GEO,*,*]:
2019 2020 2021 2022 2023 2024 2025 2026 2027 2028 2029 2030 2031 2032 2033 2034 2035 2036 2037 2038 2039 2040 2041 2042 2043 2044 2045 2046 2047 2048 2049 2050 :=
1 2.97 2.97 2.97 2.97 2.97 2.97 2.97 2.97 2.97 2.97 2.97 2.97 2.97 2.97 2.97 2.97 2.97 2.97 2.97 2.97 2.97 2.97 2.97 2.97 2.97 2.97 2.97 2.97 2.97 2.97 2.97 2.97 
[RE1,PWRWND004,WND,*,*]:
2019 2020 2021 2022 2023 2024 2025 2026 2027 2028 2029 2030 2031 2032 2033 2034 2035 2036 2037 2038 2039 2040 2041 2042 2043 2044 2045 2046 2047 2048 2049 2050 :=
1 1.0 1.0 1.0 1.0 1.0 1.0 1.0 1.0 1.0 1.0 1.0 1.0 1.0 1.0 1.0 1.0 1.0 1.0 1.0 1.0 1.0 1.0 1.0 1.0 1.0 1.0 1.0 1.0 1.0 1.0 1.0 1.0 
[RE1,PWRSOL001,SOL,*,*]:
2019 2020 2021 2022 2023 2024 2025 2026 2027 2028 2029 2030 2031 2032 2033 2034 2035 2036 2037 2038 2039 2040 2041 2042 2043 2044 2045 2046 2047 2048 2049 2050 :=
1 1.0 1.0 1.0 1.0 1.0 1.0 1.0 1.0 1.0 1.0 1.0 1.0 1.0 1.0 1.0 1.0 1.0 1.0 1.0 1.0 1.0 1.0 1.0 1.0 1.0 1.0 1.0 1.0 1.0 1.0 1.0 1.0 
[RE1,PWRWND002,WND,*,*]:
2019 2020 2021 2022 2023 2024 2025 2026 2027 2028 2029 2030 2031 2032 2033 2034 2035 2036 2037 2038 2039 2040 2041 2042 2043 2044 2045 2046 2047 2048 2049 2050 :=
1 1.0 1.0 1.0 1.0 1.0 1.0 1.0 1.0 1.0 1.0 1.0 1.0 1.0 1.0 1.0 1.0 1.0 1.0 1.0 1.0 1.0 1.0 1.0 1.0 1.0 1.0 1.0 1.0 1.0 1.0 1.0 1.0 
[RE1,PWRWND010,WND,*,*]:
2019 2020 2021 2022 2023 2024 2025 2026 2027 2028 2029 2030 2031 2032 2033 2034 2035 2036 2037 2038 2039 2040 2041 2042 2043 2044 2045 2046 2047 2048 2049 2050 :=
1 1.0 1.0 1.0 1.0 1.0 1.0 1.0 1.0 1.0 1.0 1.0 1.0 1.0 1.0 1.0 1.0 1.0 1.0 1.0 1.0 1.0 1.0 1.0 1.0 1.0 1.0 1.0 1.0 1.0 1.0 1.0 1.0 
[RE1,PWRWND005,WND,*,*]:
2019 2020 2021 2022 2023 2024 2025 2026 2027 2028 2029 2030 2031 2032 2033 2034 2035 2036 2037 2038 2039 2040 2041 2042 2043 2044 2045 2046 2047 2048 2049 2050 :=
1 1.0 1.0 1.0 1.0 1.0 1.0 1.0 1.0 1.0 1.0 1.0 1.0 1.0 1.0 1.0 1.0 1.0 1.0 1.0 1.0 1.0 1.0 1.0 1.0 1.0 1.0 1.0 1.0 1.0 1.0 1.0 1.0 
[RE1,PWRNGS001,NGS,*,*]:
2019 2020 2021 2022 2023 2024 2025 2026 2027 2028 2029 2030 2031 2032 2033 2034 2035 2036 2037 2038 2039 2040 2041 2042 2043 2044 2045 2046 2047 2048 2049 2050 :=
1 3.5 3.5 3.5 3.5 3.5 3.5 3.5 3.5 3.5 3.5 3.5 3.5 3.5 3.5 3.5 3.5 3.5 3.5 3.5 3.5 3.5 3.5 3.5 3.5 3.5 3.5 3.5 3.5 3.5 3.5 3.5 3.5 
[RE1,PWRTRN,ELC001,*,*]:
2019 2020 2021 2022 2023 2024 2025 2026 2027 2028 2029 2030 2031 2032 2033 2034 2035 2036 2037 2038 2039 2040 2041 2042 2043 2044 2045 2046 2047 2048 2049 2050 :=
1 1.0 1.0 1.0 1.0 1.0 1.0 1.0 1.0 1.0 1.0 1.0 1.0 1.0 1.0 1.0 1.0 1.0 1.0 1.0 1.0 1.0 1.0 1.0 1.0 1.0 1.0 1.0 1.0 1.0 1.0 1.0 1.0 
2 1.0 1.0 1.0 1.0 1.0 1.0 1.0 1.0 1.0 1.0 1.0 1.0 1.0 1.0 1.0 1.0 1.0 1.0 1.0 1.0 1.0 1.0 1.0 1.0 1.0 1.0 1.0 1.0 1.0 1.0 1.0 1.0 
[RE1,PWRWND009,WND,*,*]:
2019 2020 2021 2022 2023 2024 2025 2026 2027 2028 2029 2030 2031 2032 2033 2034 2035 2036 2037 2038 2039 2040 2041 2042 2043 2044 2045 2046 2047 2048 2049 2050 :=
1 1.0 1.0 1.0 1.0 1.0 1.0 1.0 1.0 1.0 1.0 1.0 1.0 1.0 1.0 1.0 1.0 1.0 1.0 1.0 1.0 1.0 1.0 1.0 1.0 1.0 1.0 1.0 1.0 1.0 1.0 1.0 1.0 
[RE1,PWRLFO001,LFOELD,*,*]:
2019 2020 2021 2022 2023 2024 2025 2026 2027 2028 2029 2030 2031 2032 2033 2034 2035 2036 2037 2038 2039 2040 2041 2042 2043 2044 2045 2046 2047 2048 2049 2050 :=
1 3.0 3.0 3.0 3.0 3.0 3.0 3.0 3.0 3.0 3.0 3.0 3.0 3.0 3.0 3.0 3.0 3.0 3.0 3.0 3.0 3.0 3.0 3.0 3.0 3.0 3.0 3.0 3.0 3.0 3.0 3.0 3.0 
[RE1,EXPELC,ELC001,*,*]:
2019 2020 2021 2022 2023 2024 2025 2026 2027 2028 2029 2030 2031 2032 2033 2034 2035 2036 2037 2038 2039 2040 2041 2042 2043 2044 2045 2046 2047 2048 2049 2050 :=
1 1.0 1.0 1.0 1.0 1.0 1.0 1.0 1.0 1.0 1.0 1.0 1.0 1.0 1.0 1.0 1.0 1.0 1.0 1.0 1.0 1.0 1.0 1.0 1.0 1.0 1.0 1.0 1.0 1.0 1.0 1.0 1.0 
[RE1,PWRBIO001,BIO,*,*]:
2019 2020 2021 2022 2023 2024 2025 2026 2027 2028 2029 2030 2031 2032 2033 2034 2035 2036 2037 2038 2039 2040 2041 2042 2043 2044 2045 2046 2047 2048 2049 2050 :=
1 2.86 2.86 2.86 2.86 2.86 2.86 2.86 2.86 2.86 2.86 2.86 2.86 2.86 2.86 2.86 2.86 2.86 2.86 2.86 2.86 2.86 2.86 2.86 2.86 2.86 2.86 2.86 2.86 2.86 2.86 2.86 2.86 
[RE1,PWRGEO001,GEO,*,*]:
2019 2020 2021 2022 2023 2024 2025 2026 2027 2028 2029 2030 2031 2032 2033 2034 2035 2036 2037 2038 2039 2040 2041 2042 2043 2044 2045 2046 2047 2048 2049 2050 :=
1 2.97 2.97 2.97 2.97 2.97 2.97 2.97 2.97 2.97 2.97 2.97 2.97 2.97 2.97 2.97 2.97 2.97 2.97 2.97 2.97 2.97 2.97 2.97 2.97 2.97 2.97 2.97 2.97 2.97 2.97 2.97 2.97 
[RE1,PWRWND011,WND,*,*]:
2019 2020 2021 2022 2023 2024 2025 2026 2027 2028 2029 2030 2031 2032 2033 2034 2035 2036 2037 2038 2039 2040 2041 2042 2043 2044 2045 2046 2047 2048 2049 2050 :=
1 1.0 1.0 1.0 1.0 1.0 1.0 1.0 1.0 1.0 1.0 1.0 1.0 1.0 1.0 1.0 1.0 1.0 1.0 1.0 1.0 1.0 1.0 1.0 1.0 1.0 1.0 1.0 1.0 1.0 1.0 1.0 1.0 
[RE1,DEMRESELC,ELC003,*,*]:
2019 2020 2021 2022 2023 2024 2025 2026 2027 2028 2029 2030 2031 2032 2033 2034 2035 2036 2037 2038 2039 2040 2041 2042 2043 2044 2045 2046 2047 2048 2049 2050 :=
1 1.0 1.0 1.0 1.0 1.0 1.0 1.0 1.0 1.0 1.0 1.0 1.0 1.0 1.0 1.0 1.0 1.0 1.0 1.0 1.0 1.0 1.0 1.0 1.0 1.0 1.0 1.0 1.0 1.0 1.0 1.0 1.0 
[RE1,PWRHYD005,HYD,*,*]:
2019 2020 2021 2022 2023 2024 2025 2026 2027 2028 2029 2030 2031 2032 2033 2034 2035 2036 2037 2038 2039 2040 2041 2042 2043 2044 2045 2046 2047 2048 2049 2050 :=
1 1.0 1.0 1.0 1.0 1.0 1.0 1.0 1.0 1.0 1.0 1.0 1.0 1.0 1.0 1.0 1.0 1.0 1.0 1.0 1.0 1.0 1.0 1.0 1.0 1.0 1.0 1.0 1.0 1.0 1.0 1.0 1.0 
[RE1,PWRSOL002,SOL,*,*]:
2019 2020 2021 2022 2023 2024 2025 2026 2027 2028 2029 2030 2031 2032 2033 2034 2035 2036 2037 2038 2039 2040 2041 2042 2043 2044 2045 2046 2047 2048 2049 2050 :=
1 1.0 1.0 1.0 1.0 1.0 1.0 1.0 1.0 1.0 1.0 1.0 1.0 1.0 1.0 1.0 1.0 1.0 1.0 1.0 1.0 1.0 1.0 1.0 1.0 1.0 1.0 1.0 1.0 1.0 1.0 1.0 1.0 
[RE1,PWRHYD001,HYD,*,*]:
2019 2020 2021 2022 2023 2024 2025 2026 2027 2028 2029 2030 2031 2032 2033 2034 2035 2036 2037 2038 2039 2040 2041 2042 2043 2044 2045 2046 2047 2048 2049 2050 :=
1 1.0 1.0 1.0 1.0 1.0 1.0 1.0 1.0 1.0 1.0 1.0 1.0 1.0 1.0 1.0 1.0 1.0 1.0 1.0 1.0 1.0 1.0 1.0 1.0 1.0 1.0 1.0 1.0 1.0 1.0 1.0 1.0 
[RE1,PWRHFO001,HFONAI,*,*]:
2019 2020 2021 2022 2023 2024 2025 2026 2027 2028 2029 2030 2031 2032 2033 2034 2035 2036 2037 2038 2039 2040 2041 2042 2043 2044 2045 2046 2047 2048 2049 2050 :=
1 2.6 2.6 2.6 2.6 2.6 2.6 2.6 2.6 2.6 2.6 2.6 2.6 2.6 2.6 2.6 2.6 2.6 2.6 2.6 2.6 2.6 2.6 2.6 2.6 2.6 2.6 2.6 2.6 2.6 2.6 2.6 2.6 
[RE1,PWRHYD003,HYD,*,*]:
2019 2020 2021 2022 2023 2024 2025 2026 2027 2028 2029 2030 2031 2032 2033 2034 2035 2036 2037 2038 2039 2040 2041 2042 2043 2044 2045 2046 2047 2048 2049 2050 :=
1 1.0 1.0 1.0 1.0 1.0 1.0 1.0 1.0 1.0 1.0 1.0 1.0 1.0 1.0 1.0 1.0 1.0 1.0 1.0 1.0 1.0 1.0 1.0 1.0 1.0 1.0 1.0 1.0 1.0 1.0 1.0 1.0 
[RE1,PWRGEO004,GEO,*,*]:
2019 2020 2021 2022 2023 2024 2025 2026 2027 2028 2029 2030 2031 2032 2033 2034 2035 2036 2037 2038 2039 2040 2041 2042 2043 2044 2045 2046 2047 2048 2049 2050 :=
1 2.97 2.97 2.97 2.97 2.97 2.97 2.97 2.97 2.97 2.97 2.97 2.97 2.97 2.97 2.97 2.97 2.97 2.97 2.97 2.97 2.97 2.97 2.97 2.97 2.97 2.97 2.97 2.97 2.97 2.97 2.97 2.97 
[RE1,PWRWND003,WND,*,*]:
2019 2020 2021 2022 2023 2024 2025 2026 2027 2028 2029 2030 2031 2032 2033 2034 2035 2036 2037 2038 2039 2040 2041 2042 2043 2044 2045 2046 2047 2048 2049 2050 :=
1 1.0 1.0 1.0 1.0 1.0 1.0 1.0 1.0 1.0 1.0 1.0 1.0 1.0 1.0 1.0 1.0 1.0 1.0 1.0 1.0 1.0 1.0 1.0 1.0 1.0 1.0 1.0 1.0 1.0 1.0 1.0 1.0 
[RE1,PWRWND001,WND,*,*]:
2019 2020 2021 2022 2023 2024 2025 2026 2027 2028 2029 2030 2031 2032 2033 2034 2035 2036 2037 2038 2039 2040 2041 2042 2043 2044 2045 2046 2047 2048 2049 2050 :=
1 1.0 1.0 1.0 1.0 1.0 1.0 1.0 1.0 1.0 1.0 1.0 1.0 1.0 1.0 1.0 1.0 1.0 1.0 1.0 1.0 1.0 1.0 1.0 1.0 1.0 1.0 1.0 1.0 1.0 1.0 1.0 1.0 
[RE1,PWRHYD004,HYD,*,*]:
2019 2020 2021 2022 2023 2024 2025 2026 2027 2028 2029 2030 2031 2032 2033 2034 2035 2036 2037 2038 2039 2040 2041 2042 2043 2044 2045 2046 2047 2048 2049 2050 :=
1 1.0 1.0 1.0 1.0 1.0 1.0 1.0 1.0 1.0 1.0 1.0 1.0 1.0 1.0 1.0 1.0 1.0 1.0 1.0 1.0 1.0 1.0 1.0 1.0 1.0 1.0 1.0 1.0 1.0 1.0 1.0 1.0 
[RE1,PWRGEO006,GEO,*,*]:
2019 2020 2021 2022 2023 2024 2025 2026 2027 2028 2029 2030 2031 2032 2033 2034 2035 2036 2037 2038 2039 2040 2041 2042 2043 2044 2045 2046 2047 2048 2049 2050 :=
1 2.97 2.97 2.97 2.97 2.97 2.97 2.97 2.97 2.97 2.97 2.97 2.97 2.97 2.97 2.97 2.97 2.97 2.97 2.97 2.97 2.97 2.97 2.97 2.97 2.97 2.97 2.97 2.97 2.97 2.97 2.97 2.97 
[RE1,PWRDIST,ELC002,*,*]:
2019 2020 2021 2022 2023 2024 2025 2026 2027 2028 2029 2030 2031 2032 2033 2034 2035 2036 2037 2038 2039 2040 2041 2042 2043 2044 2045 2046 2047 2048 2049 2050 :=
1 1.0 1.0 1.0 1.0 1.0 1.0 1.0 1.0 1.0 1.0 1.0 1.0 1.0 1.0 1.0 1.0 1.0 1.0 1.0 1.0 1.0 1.0 1.0 1.0 1.0 1.0 1.0 1.0 1.0 1.0 1.0 1.0 
[RE1,PWRPHS001,ELC001,*,*]:
2019 2020 2021 2022 2023 2024 2025 2026 2027 2028 2029 2030 2031 2032 2033 2034 2035 2036 2037 2038 2039 2040 2041 2042 2043 2044 2045 2046 2047 2048 2049 2050 :=
1 1.0 1.0 1.0 1.0 1.0 1.0 1.0 1.0 1.0 1.0 1.0 1.0 1.0 1.0 1.0 1.0 1.0 1.0 1.0 1.0 1.0 1.0 1.0 1.0 1.0 1.0 1.0 1.0 1.0 1.0 1.0 1.0 
[RE1,PWRWND007,WND,*,*]:
2019 2020 2021 2022 2023 2024 2025 2026 2027 2028 2029 2030 2031 2032 2033 2034 2035 2036 2037 2038 2039 2040 2041 2042 2043 2044 2045 2046 2047 2048 2049 2050 :=
1 1.0 1.0 1.0 1.0 1.0 1.0 1.0 1.0 1.0 1.0 1.0 1.0 1.0 1.0 1.0 1.0 1.0 1.0 1.0 1.0 1.0 1.0 1.0 1.0 1.0 1.0 1.0 1.0 1.0 1.0 1.0 1.0 
[RE1,PWRCOA001,COA,*,*]:
2019 2020 2021 2022 2023 2024 2025 2026 2027 2028 2029 2030 2031 2032 2033 2034 2035 2036 2037 2038 2039 2040 2041 2042 2043 2044 2045 2046 2047 2048 2049 2050 :=
1 2.59 2.59 2.59 2.59 2.59 2.59 2.59 2.59 2.59 2.59 2.59 2.59 2.59 2.59 2.59 2.59 2.59 2.59 2.59 2.59 2.59 2.59 2.59 2.59 2.59 2.59 2.59 2.59 2.59 2.59 2.59 2.59 
[RE1,DEMINDELC,ELC003,*,*]:
2019 2020 2021 2022 2023 2024 2025 2026 2027 2028 2029 2030 2031 2032 2033 2034 2035 2036 2037 2038 2039 2040 2041 2042 2043 2044 2045 2046 2047 2048 2049 2050 :=
1 1.0 1.0 1.0 1.0 1.0 1.0 1.0 1.0 1.0 1.0 1.0 1.0 1.0 1.0 1.0 1.0 1.0 1.0 1.0 1.0 1.0 1.0 1.0 1.0 1.0 1.0 1.0 1.0 1.0 1.0 1.0 1.0 
[RE1,BESS_TECH,ELC001,*,*]:
2019 2020 2021 2022 2023 2024 2025 2026 2027 2028 2029 2030 2031 2032 2033 2034 2035 2036 2037 2038 2039 2040 2041 2042 2043 2044 2045 2046 2047 2048 2049 2050 :=
1 1.0 1.0 1.0 1.0 1.0 1.0 1.0 1.0 1.0 1.0 1.0 1.0 1.0 1.0 1.0 1.0 1.0 1.0 1.0 1.0 1.0 1.0 1.0 1.0 1.0 1.0 1.0 1.0 1.0 1.0 1.0 1.0 
[RE1,DEMCOMELC,ELC003,*,*]:
2019 2020 2021 2022 2023 2024 2025 2026 2027 2028 2029 2030 2031 2032 2033 2034 2035 2036 2037 2038 2039 2040 2041 2042 2043 2044 2045 2046 2047 2048 2049 2050 :=
1 1.0 1.0 1.0 1.0 1.0 1.0 1.0 1.0 1.0 1.0 1.0 1.0 1.0 1.0 1.0 1.0 1.0 1.0 1.0 1.0 1.0 1.0 1.0 1.0 1.0 1.0 1.0 1.0 1.0 1.0 1.0 1.0 
[RE1,PWRWND006,WND,*,*]:
2019 2020 2021 2022 2023 2024 2025 2026 2027 2028 2029 2030 2031 2032 2033 2034 2035 2036 2037 2038 2039 2040 2041 2042 2043 2044 2045 2046 2047 2048 2049 2050 :=
1 1.0 1.0 1.0 1.0 1.0 1.0 1.0 1.0 1.0 1.0 1.0 1.0 1.0 1.0 1.0 1.0 1.0 1.0 1.0 1.0 1.0 1.0 1.0 1.0 1.0 1.0 1.0 1.0 1.0 1.0 1.0 1.0 
[RE1,PWRWND008,WND,*,*]:
2019 2020 2021 2022 2023 2024 2025 2026 2027 2028 2029 2030 2031 2032 2033 2034 2035 2036 2037 2038 2039 2040 2041 2042 2043 2044 2045 2046 2047 2048 2049 2050 :=
1 1.0 1.0 1.0 1.0 1.0 1.0 1.0 1.0 1.0 1.0 1.0 1.0 1.0 1.0 1.0 1.0 1.0 1.0 1.0 1.0 1.0 1.0 1.0 1.0 1.0 1.0 1.0 1.0 1.0 1.0 1.0 1.0 
[RE1,PWRHYD002,HYD,*,*]:
2019 2020 2021 2022 2023 2024 2025 2026 2027 2028 2029 2030 2031 2032 2033 2034 2035 2036 2037 2038 2039 2040 2041 2042 2043 2044 2045 2046 2047 2048 2049 2050 :=
1 1.0 1.0 1.0 1.0 1.0 1.0 1.0 1.0 1.0 1.0 1.0 1.0 1.0 1.0 1.0 1.0 1.0 1.0 1.0 1.0 1.0 1.0 1.0 1.0 1.0 1.0 1.0 1.0 1.0 1.0 1.0 1.0 
[RE1,PWRURN001,URN,*,*]:
2019 2020 2021 2022 2023 2024 2025 2026 2027 2028 2029 2030 2031 2032 2033 2034 2035 2036 2037 2038 2039 2040 2041 2042 2043 2044 2045 2046 2047 2048 2049 2050 :=
1 3.22 3.22 3.22 3.22 3.22 3.22 3.22 3.22 3.22 3.22 3.22 3.22 3.22 3.22 3.22 3.22 3.22 3.22 3.22 3.22 3.22 3.22 3.22 3.22 3.22 3.22 3.22 3.22 3.22 3.22 3.22 3.22 
[RE1,PWRPHS002,ELC001,*,*]:
2019 2020 2021 2022 2023 2024 2025 2026 2027 2028 2029 2030 2031 2032 2033 2034 2035 2036 2037 2038 2039 2040 2041 2042 2043 2044 2045 2046 2047 2048 2049 2050 :=
1 1.0 1.0 1.0 1.0 1.0 1.0 1.0 1.0 1.0 1.0 1.0 1.0 1.0 1.0 1.0 1.0 1.0 1.0 1.0 1.0 1.0 1.0 1.0 1.0 1.0 1.0 1.0 1.0 1.0 1.0 1.0 1.0 
[RE1,PWRGEO003,GEO,*,*]:
2019 2020 2021 2022 2023 2024 2025 2026 2027 2028 2029 2030 2031 2032 2033 2034 2035 2036 2037 2038 2039 2040 2041 2042 2043 2044 2045 2046 2047 2048 2049 2050 :=
1 2.97 2.97 2.97 2.97 2.97 2.97 2.97 2.97 2.97 2.97 2.97 2.97 2.97 2.97 2.97 2.97 2.97 2.97 2.97 2.97 2.97 2.97 2.97 2.97 2.97 2.97 2.97 2.97 2.97 2.97 2.97 2.97 
[RE1,PWRGEO007,GEO,*,*]:
2019 2020 2021 2022 2023 2024 2025 2026 2027 2028 2029 2030 2031 2032 2033 2034 2035 2036 2037 2038 2039 2040 2041 2042 2043 2044 2045 2046 2047 2048 2049 2050 :=
1 2.97 2.97 2.97 2.97 2.97 2.97 2.97 2.97 2.97 2.97 2.97 2.97 2.97 2.97 2.97 2.97 2.97 2.97 2.97 2.97 2.97 2.97 2.97 2.97 2.97 2.97 2.97 2.97 2.97 2.97 2.97 2.97 
[RE1,PWRGEO002,GEO,*,*]:
2019 2020 2021 2022 2023 2024 2025 2026 2027 2028 2029 2030 2031 2032 2033 2034 2035 2036 2037 2038 2039 2040 2041 2042 2043 2044 2045 2046 2047 2048 2049 2050 :=
1 2.97 2.97 2.97 2.97 2.97 2.97 2.97 2.97 2.97 2.97 2.97 2.97 2.97 2.97 2.97 2.97 2.97 2.97 2.97 2.97 2.97 2.97 2.97 2.97 2.97 2.97 2.97 2.97 2.97 2.97 2.97 2.97 
;

param OutputActivityRatio default 0.0 :=
[RE1,PWRLFO001,ELC001,*,*]:
2019 2020 2021 2022 2023 2024 2025 2026 2027 2028 2029 2030 2031 2032 2033 2034 2035 2036 2037 2038 2039 2040 2041 2042 2043 2044 2045 2046 2047 2048 2049 2050 :=
1 1.0 1.0 1.0 1.0 1.0 1.0 1.0 1.0 1.0 1.0 1.0 1.0 1.0 1.0 1.0 1.0 1.0 1.0 1.0 1.0 1.0 1.0 1.0 1.0 1.0 1.0 1.0 1.0 1.0 1.0 1.0 1.0 
[RE1,IMPLFOELD,LFOELD,*,*]:
2019 2020 2021 2022 2023 2024 2025 2026 2027 2028 2029 2030 2031 2032 2033 2034 2035 2036 2037 2038 2039 2040 2041 2042 2043 2044 2045 2046 2047 2048 2049 2050 :=
1 1.0 1.0 1.0 1.0 1.0 1.0 1.0 1.0 1.0 1.0 1.0 1.0 1.0 1.0 1.0 1.0 1.0 1.0 1.0 1.0 1.0 1.0 1.0 1.0 1.0 1.0 1.0 1.0 1.0 1.0 1.0 1.0 
[RE1,IMPHFOMOM,HFOMOM,*,*]:
2019 2020 2021 2022 2023 2024 2025 2026 2027 2028 2029 2030 2031 2032 2033 2034 2035 2036 2037 2038 2039 2040 2041 2042 2043 2044 2045 2046 2047 2048 2049 2050 :=
1 1.0 1.0 1.0 1.0 1.0 1.0 1.0 1.0 1.0 1.0 1.0 1.0 1.0 1.0 1.0 1.0 1.0 1.0 1.0 1.0 1.0 1.0 1.0 1.0 1.0 1.0 1.0 1.0 1.0 1.0 1.0 1.0 
[RE1,MINBIO,BIO,*,*]:
2019 2020 2021 2022 2023 2024 2025 2026 2027 2028 2029 2030 2031 2032 2033 2034 2035 2036 2037 2038 2039 2040 2041 2042 2043 2044 2045 2046 2047 2048 2049 2050 :=
1 1.0 1.0 1.0 1.0 1.0 1.0 1.0 1.0 1.0 1.0 1.0 1.0 1.0 1.0 1.0 1.0 1.0 1.0 1.0 1.0 1.0 1.0 1.0 1.0 1.0 1.0 1.0 1.0 1.0 1.0 1.0 1.0 
[RE1,IMPCOA,COA,*,*]:
2019 2020 2021 2022 2023 2024 2025 2026 2027 2028 2029 2030 2031 2032 2033 2034 2035 2036 2037 2038 2039 2040 2041 2042 2043 2044 2045 2046 2047 2048 2049 2050 :=
1 1.0 1.0 1.0 1.0 1.0 1.0 1.0 1.0 1.0 1.0 1.0 1.0 1.0 1.0 1.0 1.0 1.0 1.0 1.0 1.0 1.0 1.0 1.0 1.0 1.0 1.0 1.0 1.0 1.0 1.0 1.0 1.0 
[RE1,MINCOA,COADOM,*,*]:
2019 2020 2021 2022 2023 2024 2025 2026 2027 2028 2029 2030 2031 2032 2033 2034 2035 2036 2037 2038 2039 2040 2041 2042 2043 2044 2045 2046 2047 2048 2049 2050 :=
1 1.0 1.0 1.0 1.0 1.0 1.0 1.0 1.0 1.0 1.0 1.0 1.0 1.0 1.0 1.0 1.0 1.0 1.0 1.0 1.0 1.0 1.0 1.0 1.0 1.0 1.0 1.0 1.0 1.0 1.0 1.0 1.0 
[RE1,PWRGEO004,ELC001,*,*]:
2019 2020 2021 2022 2023 2024 2025 2026 2027 2028 2029 2030 2031 2032 2033 2034 2035 2036 2037 2038 2039 2040 2041 2042 2043 2044 2045 2046 2047 2048 2049 2050 :=
1 1.0 1.0 1.0 1.0 1.0 1.0 1.0 1.0 1.0 1.0 1.0 1.0 1.0 1.0 1.0 1.0 1.0 1.0 1.0 1.0 1.0 1.0 1.0 1.0 1.0 1.0 1.0 1.0 1.0 1.0 1.0 1.0 
[RE1,PWRWND010,ELC001,*,*]:
2019 2020 2021 2022 2023 2024 2025 2026 2027 2028 2029 2030 2031 2032 2033 2034 2035 2036 2037 2038 2039 2040 2041 2042 2043 2044 2045 2046 2047 2048 2049 2050 :=
1 1.0 1.0 1.0 1.0 1.0 1.0 1.0 1.0 1.0 1.0 1.0 1.0 1.0 1.0 1.0 1.0 1.0 1.0 1.0 1.0 1.0 1.0 1.0 1.0 1.0 1.0 1.0 1.0 1.0 1.0 1.0 1.0 
[RE1,PWRCOA001,ELC001,*,*]:
2019 2020 2021 2022 2023 2024 2025 2026 2027 2028 2029 2030 2031 2032 2033 2034 2035 2036 2037 2038 2039 2040 2041 2042 2043 2044 2045 2046 2047 2048 2049 2050 :=
1 1.0 1.0 1.0 1.0 1.0 1.0 1.0 1.0 1.0 1.0 1.0 1.0 1.0 1.0 1.0 1.0 1.0 1.0 1.0 1.0 1.0 1.0 1.0 1.0 1.0 1.0 1.0 1.0 1.0 1.0 1.0 1.0 
[RE1,PWRHYD003,ELC001,*,*]:
2019 2020 2021 2022 2023 2024 2025 2026 2027 2028 2029 2030 2031 2032 2033 2034 2035 2036 2037 2038 2039 2040 2041 2042 2043 2044 2045 2046 2047 2048 2049 2050 :=
1 1.0 1.0 1.0 1.0 1.0 1.0 1.0 1.0 1.0 1.0 1.0 1.0 1.0 1.0 1.0 1.0 1.0 1.0 1.0 1.0 1.0 1.0 1.0 1.0 1.0 1.0 1.0 1.0 1.0 1.0 1.0 1.0 
[RE1,PWRGEO003,ELC001,*,*]:
2019 2020 2021 2022 2023 2024 2025 2026 2027 2028 2029 2030 2031 2032 2033 2034 2035 2036 2037 2038 2039 2040 2041 2042 2043 2044 2045 2046 2047 2048 2049 2050 :=
1 1.0 1.0 1.0 1.0 1.0 1.0 1.0 1.0 1.0 1.0 1.0 1.0 1.0 1.0 1.0 1.0 1.0 1.0 1.0 1.0 1.0 1.0 1.0 1.0 1.0 1.0 1.0 1.0 1.0 1.0 1.0 1.0 
[RE1,PWRTRN,ELC001,*,*]:
2019 2020 2021 2022 2023 2024 2025 2026 2027 2028 2029 2030 2031 2032 2033 2034 2035 2036 2037 2038 2039 2040 2041 2042 2043 2044 2045 2046 2047 2048 2049 2050 :=
2 1.0 1.0 1.0 1.0 1.0 1.0 1.0 1.0 1.0 1.0 1.0 1.0 1.0 1.0 1.0 1.0 1.0 1.0 1.0 1.0 1.0 1.0 1.0 1.0 1.0 1.0 1.0 1.0 1.0 1.0 1.0 1.0 
[RE1,PWRBIO001,ELC001,*,*]:
2019 2020 2021 2022 2023 2024 2025 2026 2027 2028 2029 2030 2031 2032 2033 2034 2035 2036 2037 2038 2039 2040 2041 2042 2043 2044 2045 2046 2047 2048 2049 2050 :=
1 1.0 1.0 1.0 1.0 1.0 1.0 1.0 1.0 1.0 1.0 1.0 1.0 1.0 1.0 1.0 1.0 1.0 1.0 1.0 1.0 1.0 1.0 1.0 1.0 1.0 1.0 1.0 1.0 1.0 1.0 1.0 1.0 
[RE1,MINWND,WND,*,*]:
2019 2020 2021 2022 2023 2024 2025 2026 2027 2028 2029 2030 2031 2032 2033 2034 2035 2036 2037 2038 2039 2040 2041 2042 2043 2044 2045 2046 2047 2048 2049 2050 :=
1 1.0 1.0 1.0 1.0 1.0 1.0 1.0 1.0 1.0 1.0 1.0 1.0 1.0 1.0 1.0 1.0 1.0 1.0 1.0 1.0 1.0 1.0 1.0 1.0 1.0 1.0 1.0 1.0 1.0 1.0 1.0 1.0 
[RE1,PWRWND006,ELC001,*,*]:
2019 2020 2021 2022 2023 2024 2025 2026 2027 2028 2029 2030 2031 2032 2033 2034 2035 2036 2037 2038 2039 2040 2041 2042 2043 2044 2045 2046 2047 2048 2049 2050 :=
1 1.0 1.0 1.0 1.0 1.0 1.0 1.0 1.0 1.0 1.0 1.0 1.0 1.0 1.0 1.0 1.0 1.0 1.0 1.0 1.0 1.0 1.0 1.0 1.0 1.0 1.0 1.0 1.0 1.0 1.0 1.0 1.0 
[RE1,PWRWND001,ELC001,*,*]:
2019 2020 2021 2022 2023 2024 2025 2026 2027 2028 2029 2030 2031 2032 2033 2034 2035 2036 2037 2038 2039 2040 2041 2042 2043 2044 2045 2046 2047 2048 2049 2050 :=
1 1.0 1.0 1.0 1.0 1.0 1.0 1.0 1.0 1.0 1.0 1.0 1.0 1.0 1.0 1.0 1.0 1.0 1.0 1.0 1.0 1.0 1.0 1.0 1.0 1.0 1.0 1.0 1.0 1.0 1.0 1.0 1.0 
[RE1,PWRHYD004,ELC001,*,*]:
2019 2020 2021 2022 2023 2024 2025 2026 2027 2028 2029 2030 2031 2032 2033 2034 2035 2036 2037 2038 2039 2040 2041 2042 2043 2044 2045 2046 2047 2048 2049 2050 :=
1 1.0 1.0 1.0 1.0 1.0 1.0 1.0 1.0 1.0 1.0 1.0 1.0 1.0 1.0 1.0 1.0 1.0 1.0 1.0 1.0 1.0 1.0 1.0 1.0 1.0 1.0 1.0 1.0 1.0 1.0 1.0 1.0 
[RE1,PWRSOL001,ELC001,*,*]:
2019 2020 2021 2022 2023 2024 2025 2026 2027 2028 2029 2030 2031 2032 2033 2034 2035 2036 2037 2038 2039 2040 2041 2042 2043 2044 2045 2046 2047 2048 2049 2050 :=
1 1.0 1.0 1.0 1.0 1.0 1.0 1.0 1.0 1.0 1.0 1.0 1.0 1.0 1.0 1.0 1.0 1.0 1.0 1.0 1.0 1.0 1.0 1.0 1.0 1.0 1.0 1.0 1.0 1.0 1.0 1.0 1.0 
[RE1,PWRURN001,ELC001,*,*]:
2019 2020 2021 2022 2023 2024 2025 2026 2027 2028 2029 2030 2031 2032 2033 2034 2035 2036 2037 2038 2039 2040 2041 2042 2043 2044 2045 2046 2047 2048 2049 2050 :=
1 1.0 1.0 1.0 1.0 1.0 1.0 1.0 1.0 1.0 1.0 1.0 1.0 1.0 1.0 1.0 1.0 1.0 1.0 1.0 1.0 1.0 1.0 1.0 1.0 1.0 1.0 1.0 1.0 1.0 1.0 1.0 1.0 
[RE1,PWRWND009,ELC001,*,*]:
2019 2020 2021 2022 2023 2024 2025 2026 2027 2028 2029 2030 2031 2032 2033 2034 2035 2036 2037 2038 2039 2040 2041 2042 2043 2044 2045 2046 2047 2048 2049 2050 :=
1 1.0 1.0 1.0 1.0 1.0 1.0 1.0 1.0 1.0 1.0 1.0 1.0 1.0 1.0 1.0 1.0 1.0 1.0 1.0 1.0 1.0 1.0 1.0 1.0 1.0 1.0 1.0 1.0 1.0 1.0 1.0 1.0 
[RE1,IMPELC002,ELC001,*,*]:
2019 2020 2021 2022 2023 2024 2025 2026 2027 2028 2029 2030 2031 2032 2033 2034 2035 2036 2037 2038 2039 2040 2041 2042 2043 2044 2045 2046 2047 2048 2049 2050 :=
1 1.0 1.0 1.0 1.0 1.0 1.0 1.0 1.0 1.0 1.0 1.0 1.0 1.0 1.0 1.0 1.0 1.0 1.0 1.0 1.0 1.0 1.0 1.0 1.0 1.0 1.0 1.0 1.0 1.0 1.0 1.0 1.0 
[RE1,PWRGEO007,ELC001,*,*]:
2019 2020 2021 2022 2023 2024 2025 2026 2027 2028 2029 2030 2031 2032 2033 2034 2035 2036 2037 2038 2039 2040 2041 2042 2043 2044 2045 2046 2047 2048 2049 2050 :=
1 1.0 1.0 1.0 1.0 1.0 1.0 1.0 1.0 1.0 1.0 1.0 1.0 1.0 1.0 1.0 1.0 1.0 1.0 1.0 1.0 1.0 1.0 1.0 1.0 1.0 1.0 1.0 1.0 1.0 1.0 1.0 1.0 
[RE1,PWRHYD002,ELC001,*,*]:
2019 2020 2021 2022 2023 2024 2025 2026 2027 2028 2029 2030 2031 2032 2033 2034 2035 2036 2037 2038 2039 2040 2041 2042 2043 2044 2045 2046 2047 2048 2049 2050 :=
1 1.0 1.0 1.0 1.0 1.0 1.0 1.0 1.0 1.0 1.0 1.0 1.0 1.0 1.0 1.0 1.0 1.0 1.0 1.0 1.0 1.0 1.0 1.0 1.0 1.0 1.0 1.0 1.0 1.0 1.0 1.0 1.0 
[RE1,PWRNGS001,ELC001,*,*]:
2019 2020 2021 2022 2023 2024 2025 2026 2027 2028 2029 2030 2031 2032 2033 2034 2035 2036 2037 2038 2039 2040 2041 2042 2043 2044 2045 2046 2047 2048 2049 2050 :=
1 1.0 1.0 1.0 1.0 1.0 1.0 1.0 1.0 1.0 1.0 1.0 1.0 1.0 1.0 1.0 1.0 1.0 1.0 1.0 1.0 1.0 1.0 1.0 1.0 1.0 1.0 1.0 1.0 1.0 1.0 1.0 1.0 
[RE1,PWRSOL002,ELC001,*,*]:
2019 2020 2021 2022 2023 2024 2025 2026 2027 2028 2029 2030 2031 2032 2033 2034 2035 2036 2037 2038 2039 2040 2041 2042 2043 2044 2045 2046 2047 2048 2049 2050 :=
1 1.0 1.0 1.0 1.0 1.0 1.0 1.0 1.0 1.0 1.0 1.0 1.0 1.0 1.0 1.0 1.0 1.0 1.0 1.0 1.0 1.0 1.0 1.0 1.0 1.0 1.0 1.0 1.0 1.0 1.0 1.0 1.0 
[RE1,PWRWND007,ELC001,*,*]:
2019 2020 2021 2022 2023 2024 2025 2026 2027 2028 2029 2030 2031 2032 2033 2034 2035 2036 2037 2038 2039 2040 2041 2042 2043 2044 2045 2046 2047 2048 2049 2050 :=
1 1.0 1.0 1.0 1.0 1.0 1.0 1.0 1.0 1.0 1.0 1.0 1.0 1.0 1.0 1.0 1.0 1.0 1.0 1.0 1.0 1.0 1.0 1.0 1.0 1.0 1.0 1.0 1.0 1.0 1.0 1.0 1.0 
[RE1,PWRHYD001,ELC001,*,*]:
2019 2020 2021 2022 2023 2024 2025 2026 2027 2028 2029 2030 2031 2032 2033 2034 2035 2036 2037 2038 2039 2040 2041 2042 2043 2044 2045 2046 2047 2048 2049 2050 :=
1 1.0 1.0 1.0 1.0 1.0 1.0 1.0 1.0 1.0 1.0 1.0 1.0 1.0 1.0 1.0 1.0 1.0 1.0 1.0 1.0 1.0 1.0 1.0 1.0 1.0 1.0 1.0 1.0 1.0 1.0 1.0 1.0 
[RE1,PWRDIST,ELC003,*,*]:
2019 2020 2021 2022 2023 2024 2025 2026 2027 2028 2029 2030 2031 2032 2033 2034 2035 2036 2037 2038 2039 2040 2041 2042 2043 2044 2045 2046 2047 2048 2049 2050 :=
1 0.9129 0.9129 0.9139 0.9149 0.916 0.917 0.918 0.9191 0.9201 0.9212 0.9222 0.9232 0.9243 0.9253 0.9263 0.9274 0.9284 0.9295 0.9305 0.9315 0.9326 0.9336 0.9346 0.9357 0.9367 0.9378 0.9388 0.9398 0.9409 0.9419 0.9429 0.944 
[RE1,PWRHFO001,ELC001,*,*]:
2019 2020 2021 2022 2023 2024 2025 2026 2027 2028 2029 2030 2031 2032 2033 2034 2035 2036 2037 2038 2039 2040 2041 2042 2043 2044 2045 2046 2047 2048 2049 2050 :=
1 1.0 1.0 1.0 1.0 1.0 1.0 1.0 1.0 1.0 1.0 1.0 1.0 1.0 1.0 1.0 1.0 1.0 1.0 1.0 1.0 1.0 1.0 1.0 1.0 1.0 1.0 1.0 1.0 1.0 1.0 1.0 1.0 
[RE1,PWRWND005,ELC001,*,*]:
2019 2020 2021 2022 2023 2024 2025 2026 2027 2028 2029 2030 2031 2032 2033 2034 2035 2036 2037 2038 2039 2040 2041 2042 2043 2044 2045 2046 2047 2048 2049 2050 :=
1 1.0 1.0 1.0 1.0 1.0 1.0 1.0 1.0 1.0 1.0 1.0 1.0 1.0 1.0 1.0 1.0 1.0 1.0 1.0 1.0 1.0 1.0 1.0 1.0 1.0 1.0 1.0 1.0 1.0 1.0 1.0 1.0 
[RE1,PWRGEO001,ELC001,*,*]:
2019 2020 2021 2022 2023 2024 2025 2026 2027 2028 2029 2030 2031 2032 2033 2034 2035 2036 2037 2038 2039 2040 2041 2042 2043 2044 2045 2046 2047 2048 2049 2050 :=
1 1.0 1.0 1.0 1.0 1.0 1.0 1.0 1.0 1.0 1.0 1.0 1.0 1.0 1.0 1.0 1.0 1.0 1.0 1.0 1.0 1.0 1.0 1.0 1.0 1.0 1.0 1.0 1.0 1.0 1.0 1.0 1.0 
[RE1,IMPBIO,BIO,*,*]:
2019 2020 2021 2022 2023 2024 2025 2026 2027 2028 2029 2030 2031 2032 2033 2034 2035 2036 2037 2038 2039 2040 2041 2042 2043 2044 2045 2046 2047 2048 2049 2050 :=
1 1.0 1.0 1.0 1.0 1.0 1.0 1.0 1.0 1.0 1.0 1.0 1.0 1.0 1.0 1.0 1.0 1.0 1.0 1.0 1.0 1.0 1.0 1.0 1.0 1.0 1.0 1.0 1.0 1.0 1.0 1.0 1.0 
[RE1,IMPNGS,NGS,*,*]:
2019 2020 2021 2022 2023 2024 2025 2026 2027 2028 2029 2030 2031 2032 2033 2034 2035 2036 2037 2038 2039 2040 2041 2042 2043 2044 2045 2046 2047 2048 2049 2050 :=
1 1.0 1.0 1.0 1.0 1.0 1.0 1.0 1.0 1.0 1.0 1.0 1.0 1.0 1.0 1.0 1.0 1.0 1.0 1.0 1.0 1.0 1.0 1.0 1.0 1.0 1.0 1.0 1.0 1.0 1.0 1.0 1.0 
[RE1,DEMCOMELC,COMELC,*,*]:
2019 2020 2021 2022 2023 2024 2025 2026 2027 2028 2029 2030 2031 2032 2033 2034 2035 2036 2037 2038 2039 2040 2041 2042 2043 2044 2045 2046 2047 2048 2049 2050 :=
1 1.0 1.0 1.0 1.0 1.0 1.0 1.0 1.0 1.0 1.0 1.0 1.0 1.0 1.0 1.0 1.0 1.0 1.0 1.0 1.0 1.0 1.0 1.0 1.0 1.0 1.0 1.0 1.0 1.0 1.0 1.0 1.0 
[RE1,IMPURN,URN,*,*]:
2019 2020 2021 2022 2023 2024 2025 2026 2027 2028 2029 2030 2031 2032 2033 2034 2035 2036 2037 2038 2039 2040 2041 2042 2043 2044 2045 2046 2047 2048 2049 2050 :=
1 1.0 1.0 1.0 1.0 1.0 1.0 1.0 1.0 1.0 1.0 1.0 1.0 1.0 1.0 1.0 1.0 1.0 1.0 1.0 1.0 1.0 1.0 1.0 1.0 1.0 1.0 1.0 1.0 1.0 1.0 1.0 1.0 
[RE1,PWRGEO005,ELC001,*,*]:
2019 2020 2021 2022 2023 2024 2025 2026 2027 2028 2029 2030 2031 2032 2033 2034 2035 2036 2037 2038 2039 2040 2041 2042 2043 2044 2045 2046 2047 2048 2049 2050 :=
1 1.0 1.0 1.0 1.0 1.0 1.0 1.0 1.0 1.0 1.0 1.0 1.0 1.0 1.0 1.0 1.0 1.0 1.0 1.0 1.0 1.0 1.0 1.0 1.0 1.0 1.0 1.0 1.0 1.0 1.0 1.0 1.0 
[RE1,PWRGEO006,ELC001,*,*]:
2019 2020 2021 2022 2023 2024 2025 2026 2027 2028 2029 2030 2031 2032 2033 2034 2035 2036 2037 2038 2039 2040 2041 2042 2043 2044 2045 2046 2047 2048 2049 2050 :=
1 1.0 1.0 1.0 1.0 1.0 1.0 1.0 1.0 1.0 1.0 1.0 1.0 1.0 1.0 1.0 1.0 1.0 1.0 1.0 1.0 1.0 1.0 1.0 1.0 1.0 1.0 1.0 1.0 1.0 1.0 1.0 1.0 
[RE1,PWRPHS001,ELC001,*,*]:
2019 2020 2021 2022 2023 2024 2025 2026 2027 2028 2029 2030 2031 2032 2033 2034 2035 2036 2037 2038 2039 2040 2041 2042 2043 2044 2045 2046 2047 2048 2049 2050 :=
2 1.0 1.0 1.0 1.0 1.0 1.0 1.0 1.0 1.0 1.0 1.0 1.0 1.0 1.0 1.0 1.0 1.0 1.0 1.0 1.0 1.0 1.0 1.0 1.0 1.0 1.0 1.0 1.0 1.0 1.0 1.0 1.0 
[RE1,PWRTRN,ELC002,*,*]:
2019 2020 2021 2022 2023 2024 2025 2026 2027 2028 2029 2030 2031 2032 2033 2034 2035 2036 2037 2038 2039 2040 2041 2042 2043 2044 2045 2046 2047 2048 2049 2050 :=
1 0.9566 0.9566 0.9566 0.9566 0.9566 0.9566 0.9566 0.9566 0.9566 0.9566 0.9566 0.9566 0.9566 0.9566 0.9566 0.9566 0.9566 0.9566 0.9566 0.9566 0.9566 0.9566 0.9566 0.9566 0.9566 0.9566 0.9566 0.9566 0.9566 0.9566 0.9566 0.9566 
[RE1,MINGEO,GEO,*,*]:
2019 2020 2021 2022 2023 2024 2025 2026 2027 2028 2029 2030 2031 2032 2033 2034 2035 2036 2037 2038 2039 2040 2041 2042 2043 2044 2045 2046 2047 2048 2049 2050 :=
1 1.0 1.0 1.0 1.0 1.0 1.0 1.0 1.0 1.0 1.0 1.0 1.0 1.0 1.0 1.0 1.0 1.0 1.0 1.0 1.0 1.0 1.0 1.0 1.0 1.0 1.0 1.0 1.0 1.0 1.0 1.0 1.0 
[RE1,PWRWND002,ELC001,*,*]:
2019 2020 2021 2022 2023 2024 2025 2026 2027 2028 2029 2030 2031 2032 2033 2034 2035 2036 2037 2038 2039 2040 2041 2042 2043 2044 2045 2046 2047 2048 2049 2050 :=
1 1.0 1.0 1.0 1.0 1.0 1.0 1.0 1.0 1.0 1.0 1.0 1.0 1.0 1.0 1.0 1.0 1.0 1.0 1.0 1.0 1.0 1.0 1.0 1.0 1.0 1.0 1.0 1.0 1.0 1.0 1.0 1.0 
[RE1,BESS_TECH,ELC001,*,*]:
2019 2020 2021 2022 2023 2024 2025 2026 2027 2028 2029 2030 2031 2032 2033 2034 2035 2036 2037 2038 2039 2040 2041 2042 2043 2044 2045 2046 2047 2048 2049 2050 :=
2 1.0 1.0 1.0 1.0 1.0 1.0 1.0 1.0 1.0 1.0 1.0 1.0 1.0 1.0 1.0 1.0 1.0 1.0 1.0 1.0 1.0 1.0 1.0 1.0 1.0 1.0 1.0 1.0 1.0 1.0 1.0 1.0 
[RE1,BACKSTOP,ELC001,*,*]:
2019 2020 2021 2022 2023 2024 2025 2026 2027 2028 2029 2030 2031 2032 2033 2034 2035 2036 2037 2038 2039 2040 2041 2042 2043 2044 2045 2046 2047 2048 2049 2050 :=
1 1.0 1.0 1.0 1.0 1.0 1.0 1.0 1.0 1.0 1.0 1.0 1.0 1.0 1.0 1.0 1.0 1.0 1.0 1.0 1.0 1.0 1.0 1.0 1.0 1.0 1.0 1.0 1.0 1.0 1.0 1.0 1.0 
[RE1,MINHYD,HYD,*,*]:
2019 2020 2021 2022 2023 2024 2025 2026 2027 2028 2029 2030 2031 2032 2033 2034 2035 2036 2037 2038 2039 2040 2041 2042 2043 2044 2045 2046 2047 2048 2049 2050 :=
1 1.0 1.0 1.0 1.0 1.0 1.0 1.0 1.0 1.0 1.0 1.0 1.0 1.0 1.0 1.0 1.0 1.0 1.0 1.0 1.0 1.0 1.0 1.0 1.0 1.0 1.0 1.0 1.0 1.0 1.0 1.0 1.0 
[RE1,PWRHYD005,ELC001,*,*]:
2019 2020 2021 2022 2023 2024 2025 2026 2027 2028 2029 2030 2031 2032 2033 2034 2035 2036 2037 2038 2039 2040 2041 2042 2043 2044 2045 2046 2047 2048 2049 2050 :=
1 1.0 1.0 1.0 1.0 1.0 1.0 1.0 1.0 1.0 1.0 1.0 1.0 1.0 1.0 1.0 1.0 1.0 1.0 1.0 1.0 1.0 1.0 1.0 1.0 1.0 1.0 1.0 1.0 1.0 1.0 1.0 1.0 
[RE1,IMPELC001,ELC001,*,*]:
2019 2020 2021 2022 2023 2024 2025 2026 2027 2028 2029 2030 2031 2032 2033 2034 2035 2036 2037 2038 2039 2040 2041 2042 2043 2044 2045 2046 2047 2048 2049 2050 :=
1 1.0 1.0 1.0 1.0 1.0 1.0 1.0 1.0 1.0 1.0 1.0 1.0 1.0 1.0 1.0 1.0 1.0 1.0 1.0 1.0 1.0 1.0 1.0 1.0 1.0 1.0 1.0 1.0 1.0 1.0 1.0 1.0 
[RE1,PWRWND003,ELC001,*,*]:
2019 2020 2021 2022 2023 2024 2025 2026 2027 2028 2029 2030 2031 2032 2033 2034 2035 2036 2037 2038 2039 2040 2041 2042 2043 2044 2045 2046 2047 2048 2049 2050 :=
1 1.0 1.0 1.0 1.0 1.0 1.0 1.0 1.0 1.0 1.0 1.0 1.0 1.0 1.0 1.0 1.0 1.0 1.0 1.0 1.0 1.0 1.0 1.0 1.0 1.0 1.0 1.0 1.0 1.0 1.0 1.0 1.0 
[RE1,PWRGEO002,ELC001,*,*]:
2019 2020 2021 2022 2023 2024 2025 2026 2027 2028 2029 2030 2031 2032 2033 2034 2035 2036 2037 2038 2039 2040 2041 2042 2043 2044 2045 2046 2047 2048 2049 2050 :=
1 1.0 1.0 1.0 1.0 1.0 1.0 1.0 1.0 1.0 1.0 1.0 1.0 1.0 1.0 1.0 1.0 1.0 1.0 1.0 1.0 1.0 1.0 1.0 1.0 1.0 1.0 1.0 1.0 1.0 1.0 1.0 1.0 
[RE1,PWRWND008,ELC001,*,*]:
2019 2020 2021 2022 2023 2024 2025 2026 2027 2028 2029 2030 2031 2032 2033 2034 2035 2036 2037 2038 2039 2040 2041 2042 2043 2044 2045 2046 2047 2048 2049 2050 :=
1 1.0 1.0 1.0 1.0 1.0 1.0 1.0 1.0 1.0 1.0 1.0 1.0 1.0 1.0 1.0 1.0 1.0 1.0 1.0 1.0 1.0 1.0 1.0 1.0 1.0 1.0 1.0 1.0 1.0 1.0 1.0 1.0 
[RE1,PWRWND011,ELC001,*,*]:
2019 2020 2021 2022 2023 2024 2025 2026 2027 2028 2029 2030 2031 2032 2033 2034 2035 2036 2037 2038 2039 2040 2041 2042 2043 2044 2045 2046 2047 2048 2049 2050 :=
1 1.0 1.0 1.0 1.0 1.0 1.0 1.0 1.0 1.0 1.0 1.0 1.0 1.0 1.0 1.0 1.0 1.0 1.0 1.0 1.0 1.0 1.0 1.0 1.0 1.0 1.0 1.0 1.0 1.0 1.0 1.0 1.0 
[RE1,PWRWND004,ELC001,*,*]:
2019 2020 2021 2022 2023 2024 2025 2026 2027 2028 2029 2030 2031 2032 2033 2034 2035 2036 2037 2038 2039 2040 2041 2042 2043 2044 2045 2046 2047 2048 2049 2050 :=
1 1.0 1.0 1.0 1.0 1.0 1.0 1.0 1.0 1.0 1.0 1.0 1.0 1.0 1.0 1.0 1.0 1.0 1.0 1.0 1.0 1.0 1.0 1.0 1.0 1.0 1.0 1.0 1.0 1.0 1.0 1.0 1.0 
[RE1,IMPHFONAI,HFONAI,*,*]:
2019 2020 2021 2022 2023 2024 2025 2026 2027 2028 2029 2030 2031 2032 2033 2034 2035 2036 2037 2038 2039 2040 2041 2042 2043 2044 2045 2046 2047 2048 2049 2050 :=
1 1.0 1.0 1.0 1.0 1.0 1.0 1.0 1.0 1.0 1.0 1.0 1.0 1.0 1.0 1.0 1.0 1.0 1.0 1.0 1.0 1.0 1.0 1.0 1.0 1.0 1.0 1.0 1.0 1.0 1.0 1.0 1.0 
[RE1,PWRPHS002,ELC001,*,*]:
2019 2020 2021 2022 2023 2024 2025 2026 2027 2028 2029 2030 2031 2032 2033 2034 2035 2036 2037 2038 2039 2040 2041 2042 2043 2044 2045 2046 2047 2048 2049 2050 :=
2 1.0 1.0 1.0 1.0 1.0 1.0 1.0 1.0 1.0 1.0 1.0 1.0 1.0 1.0 1.0 1.0 1.0 1.0 1.0 1.0 1.0 1.0 1.0 1.0 1.0 1.0 1.0 1.0 1.0 1.0 1.0 1.0 
[RE1,DEMRESELC,RESELC,*,*]:
2019 2020 2021 2022 2023 2024 2025 2026 2027 2028 2029 2030 2031 2032 2033 2034 2035 2036 2037 2038 2039 2040 2041 2042 2043 2044 2045 2046 2047 2048 2049 2050 :=
1 1.0 1.0 1.0 1.0 1.0 1.0 1.0 1.0 1.0 1.0 1.0 1.0 1.0 1.0 1.0 1.0 1.0 1.0 1.0 1.0 1.0 1.0 1.0 1.0 1.0 1.0 1.0 1.0 1.0 1.0 1.0 1.0 
[RE1,DEMINDELC,INDELC,*,*]:
2019 2020 2021 2022 2023 2024 2025 2026 2027 2028 2029 2030 2031 2032 2033 2034 2035 2036 2037 2038 2039 2040 2041 2042 2043 2044 2045 2046 2047 2048 2049 2050 :=
1 1.0 1.0 1.0 1.0 1.0 1.0 1.0 1.0 1.0 1.0 1.0 1.0 1.0 1.0 1.0 1.0 1.0 1.0 1.0 1.0 1.0 1.0 1.0 1.0 1.0 1.0 1.0 1.0 1.0 1.0 1.0 1.0 
[RE1,MINSOL,SOL,*,*]:
2019 2020 2021 2022 2023 2024 2025 2026 2027 2028 2029 2030 2031 2032 2033 2034 2035 2036 2037 2038 2039 2040 2041 2042 2043 2044 2045 2046 2047 2048 2049 2050 :=
1 1.0 1.0 1.0 1.0 1.0 1.0 1.0 1.0 1.0 1.0 1.0 1.0 1.0 1.0 1.0 1.0 1.0 1.0 1.0 1.0 1.0 1.0 1.0 1.0 1.0 1.0 1.0 1.0 1.0 1.0 1.0 1.0 
;

param OperationalLifeStorage default 1.0 :
BESS001 PHS001 PHS002 :=
RE1 10 40 40 
;

param StorageLevelStart default 1.0 :
BESS001 PHS001 PHS002 :=
RE1 1 1 1 
;

param CapitalCostStorage default 0.0 :=
[RE1,*,*]:
2019 2020 2021 2022 2023 2024 2025 2026 2027 2028 2029 2030 2031 2032 2033 2034 2035 2036 2037 2038 2039 2040 2041 2042 2043 2044 2045 2046 2047 2048 2049 2050 :=
PHS001 22222 22222 22222 22222 22222 22222 22222 22222 22222 22222 22222 22222 22267 22311 22356 22400 22444 22444 22444 22444 22444 22444 22489 22533 22578 22622 22667 22667 22667 22667 22667 22667 
PHS002 22222 22222 22222 22222 22222 22222 22222 22222 22222 22222 22222 22222 22267 22311 22356 22400 22444 22444 22444 22444 22444 22444 22489 22533 22578 22622 22667 22667 22667 22667 22667 22667 
;

param TechnologyToStorage default 0.0 :=
[RE1,BESS_TECH,*,*]:
1 2 :=
BESS001 1 0 
[RE1,PWRPHS001,*,*]:
1 2 :=
PHS001 1 0 
[RE1,PWRPHS002,*,*]:
1 2 :=
PHS002 1 0 
;

param TechnologyFromStorage default 0.0 :=
[RE1,BESS_TECH,*,*]:
1 2 :=
BESS001 0 1 
[RE1,PWRPHS001,*,*]:
1 2 :=
PHS001 0 1 
[RE1,PWRPHS002,*,*]:
1 2 :=
PHS002 0 1 
;

param CapacityFactor default 1.0 :=
[RE1,IMPELC001,*,*]:
2019 2020 2021 2022 2023 2024 2025 2026 2027 2028 2029 2030 2031 2032 2033 2034 2035 2036 2037 2038 2039 2040 2041 2042 2043 2044 2045 2046 2047 2048 2049 2050 :=
TS01 0.85 0.85 0.85 0.85 0.85 0.85 0.85 0.85 0.85 0.85 0.85 0.85 0.85 0.85 0.85 0.85 0.85 0.85 0.85 0.85 0.85 0.85 0.85 0.85 0.85 0.85 0.85 0.85 0.85 0.85 0.85 0.85 
TS02 0.85 0.85 0.85 0.85 0.85 0.85 0.85 0.85 0.85 0.85 0.85 0.85 0.85 0.85 0.85 0.85 0.85 0.85 0.85 0.85 0.85 0.85 0.85 0.85 0.85 0.85 0.85 0.85 0.85 0.85 0.85 0.85 
TS03 0.85 0.85 0.85 0.85 0.85 0.85 0.85 0.85 0.85 0.85 0.85 0.85 0.85 0.85 0.85 0.85 0.85 0.85 0.85 0.85 0.85 0.85 0.85 0.85 0.85 0.85 0.85 0.85 0.85 0.85 0.85 0.85 
TS04 0.85 0.85 0.85 0.85 0.85 0.85 0.85 0.85 0.85 0.85 0.85 0.85 0.85 0.85 0.85 0.85 0.85 0.85 0.85 0.85 0.85 0.85 0.85 0.85 0.85 0.85 0.85 0.85 0.85 0.85 0.85 0.85 
TS05 0.85 0.85 0.85 0.85 0.85 0.85 0.85 0.85 0.85 0.85 0.85 0.85 0.85 0.85 0.85 0.85 0.85 0.85 0.85 0.85 0.85 0.85 0.85 0.85 0.85 0.85 0.85 0.85 0.85 0.85 0.85 0.85 
TS06 0.85 0.85 0.85 0.85 0.85 0.85 0.85 0.85 0.85 0.85 0.85 0.85 0.85 0.85 0.85 0.85 0.85 0.85 0.85 0.85 0.85 0.85 0.85 0.85 0.85 0.85 0.85 0.85 0.85 0.85 0.85 0.85 
TS07 0.85 0.85 0.85 0.85 0.85 0.85 0.85 0.85 0.85 0.85 0.85 0.85 0.85 0.85 0.85 0.85 0.85 0.85 0.85 0.85 0.85 0.85 0.85 0.85 0.85 0.85 0.85 0.85 0.85 0.85 0.85 0.85 
TS08 0.85 0.85 0.85 0.85 0.85 0.85 0.85 0.85 0.85 0.85 0.85 0.85 0.85 0.85 0.85 0.85 0.85 0.85 0.85 0.85 0.85 0.85 0.85 0.85 0.85 0.85 0.85 0.85 0.85 0.85 0.85 0.85 
TS09 0.85 0.85 0.85 0.85 0.85 0.85 0.85 0.85 0.85 0.85 0.85 0.85 0.85 0.85 0.85 0.85 0.85 0.85 0.85 0.85 0.85 0.85 0.85 0.85 0.85 0.85 0.85 0.85 0.85 0.85 0.85 0.85 
TS10 0.85 0.85 0.85 0.85 0.85 0.85 0.85 0.85 0.85 0.85 0.85 0.85 0.85 0.85 0.85 0.85 0.85 0.85 0.85 0.85 0.85 0.85 0.85 0.85 0.85 0.85 0.85 0.85 0.85 0.85 0.85 0.85 
TS11 0.85 0.85 0.85 0.85 0.85 0.85 0.85 0.85 0.85 0.85 0.85 0.85 0.85 0.85 0.85 0.85 0.85 0.85 0.85 0.85 0.85 0.85 0.85 0.85 0.85 0.85 0.85 0.85 0.85 0.85 0.85 0.85 
TS12 0.85 0.85 0.85 0.85 0.85 0.85 0.85 0.85 0.85 0.85 0.85 0.85 0.85 0.85 0.85 0.85 0.85 0.85 0.85 0.85 0.85 0.85 0.85 0.85 0.85 0.85 0.85 0.85 0.85 0.85 0.85 0.85 
TS13 0.85 0.85 0.85 0.85 0.85 0.85 0.85 0.85 0.85 0.85 0.85 0.85 0.85 0.85 0.85 0.85 0.85 0.85 0.85 0.85 0.85 0.85 0.85 0.85 0.85 0.85 0.85 0.85 0.85 0.85 0.85 0.85 
TS14 0.85 0.85 0.85 0.85 0.85 0.85 0.85 0.85 0.85 0.85 0.85 0.85 0.85 0.85 0.85 0.85 0.85 0.85 0.85 0.85 0.85 0.85 0.85 0.85 0.85 0.85 0.85 0.85 0.85 0.85 0.85 0.85 
TS15 0.85 0.85 0.85 0.85 0.85 0.85 0.85 0.85 0.85 0.85 0.85 0.85 0.85 0.85 0.85 0.85 0.85 0.85 0.85 0.85 0.85 0.85 0.85 0.85 0.85 0.85 0.85 0.85 0.85 0.85 0.85 0.85 
TS16 0.85 0.85 0.85 0.85 0.85 0.85 0.85 0.85 0.85 0.85 0.85 0.85 0.85 0.85 0.85 0.85 0.85 0.85 0.85 0.85 0.85 0.85 0.85 0.85 0.85 0.85 0.85 0.85 0.85 0.85 0.85 0.85 
TS17 0.85 0.85 0.85 0.85 0.85 0.85 0.85 0.85 0.85 0.85 0.85 0.85 0.85 0.85 0.85 0.85 0.85 0.85 0.85 0.85 0.85 0.85 0.85 0.85 0.85 0.85 0.85 0.85 0.85 0.85 0.85 0.85 
TS18 0.85 0.85 0.85 0.85 0.85 0.85 0.85 0.85 0.85 0.85 0.85 0.85 0.85 0.85 0.85 0.85 0.85 0.85 0.85 0.85 0.85 0.85 0.85 0.85 0.85 0.85 0.85 0.85 0.85 0.85 0.85 0.85 
TS19 0.85 0.85 0.85 0.85 0.85 0.85 0.85 0.85 0.85 0.85 0.85 0.85 0.85 0.85 0.85 0.85 0.85 0.85 0.85 0.85 0.85 0.85 0.85 0.85 0.85 0.85 0.85 0.85 0.85 0.85 0.85 0.85 
TS20 0.85 0.85 0.85 0.85 0.85 0.85 0.85 0.85 0.85 0.85 0.85 0.85 0.85 0.85 0.85 0.85 0.85 0.85 0.85 0.85 0.85 0.85 0.85 0.85 0.85 0.85 0.85 0.85 0.85 0.85 0.85 0.85 
TS21 0.85 0.85 0.85 0.85 0.85 0.85 0.85 0.85 0.85 0.85 0.85 0.85 0.85 0.85 0.85 0.85 0.85 0.85 0.85 0.85 0.85 0.85 0.85 0.85 0.85 0.85 0.85 0.85 0.85 0.85 0.85 0.85 
TS22 0.85 0.85 0.85 0.85 0.85 0.85 0.85 0.85 0.85 0.85 0.85 0.85 0.85 0.85 0.85 0.85 0.85 0.85 0.85 0.85 0.85 0.85 0.85 0.85 0.85 0.85 0.85 0.85 0.85 0.85 0.85 0.85 
TS23 0.85 0.85 0.85 0.85 0.85 0.85 0.85 0.85 0.85 0.85 0.85 0.85 0.85 0.85 0.85 0.85 0.85 0.85 0.85 0.85 0.85 0.85 0.85 0.85 0.85 0.85 0.85 0.85 0.85 0.85 0.85 0.85 
TS24 0.85 0.85 0.85 0.85 0.85 0.85 0.85 0.85 0.85 0.85 0.85 0.85 0.85 0.85 0.85 0.85 0.85 0.85 0.85 0.85 0.85 0.85 0.85 0.85 0.85 0.85 0.85 0.85 0.85 0.85 0.85 0.85 
TS25 0.85 0.85 0.85 0.85 0.85 0.85 0.85 0.85 0.85 0.85 0.85 0.85 0.85 0.85 0.85 0.85 0.85 0.85 0.85 0.85 0.85 0.85 0.85 0.85 0.85 0.85 0.85 0.85 0.85 0.85 0.85 0.85 
TS26 0.85 0.85 0.85 0.85 0.85 0.85 0.85 0.85 0.85 0.85 0.85 0.85 0.85 0.85 0.85 0.85 0.85 0.85 0.85 0.85 0.85 0.85 0.85 0.85 0.85 0.85 0.85 0.85 0.85 0.85 0.85 0.85 
TS27 0.85 0.85 0.85 0.85 0.85 0.85 0.85 0.85 0.85 0.85 0.85 0.85 0.85 0.85 0.85 0.85 0.85 0.85 0.85 0.85 0.85 0.85 0.85 0.85 0.85 0.85 0.85 0.85 0.85 0.85 0.85 0.85 
TS28 0.85 0.85 0.85 0.85 0.85 0.85 0.85 0.85 0.85 0.85 0.85 0.85 0.85 0.85 0.85 0.85 0.85 0.85 0.85 0.85 0.85 0.85 0.85 0.85 0.85 0.85 0.85 0.85 0.85 0.85 0.85 0.85 
TS29 0.85 0.85 0.85 0.85 0.85 0.85 0.85 0.85 0.85 0.85 0.85 0.85 0.85 0.85 0.85 0.85 0.85 0.85 0.85 0.85 0.85 0.85 0.85 0.85 0.85 0.85 0.85 0.85 0.85 0.85 0.85 0.85 
TS30 0.85 0.85 0.85 0.85 0.85 0.85 0.85 0.85 0.85 0.85 0.85 0.85 0.85 0.85 0.85 0.85 0.85 0.85 0.85 0.85 0.85 0.85 0.85 0.85 0.85 0.85 0.85 0.85 0.85 0.85 0.85 0.85 
TS31 0.85 0.85 0.85 0.85 0.85 0.85 0.85 0.85 0.85 0.85 0.85 0.85 0.85 0.85 0.85 0.85 0.85 0.85 0.85 0.85 0.85 0.85 0.85 0.85 0.85 0.85 0.85 0.85 0.85 0.85 0.85 0.85 
TS32 0.85 0.85 0.85 0.85 0.85 0.85 0.85 0.85 0.85 0.85 0.85 0.85 0.85 0.85 0.85 0.85 0.85 0.85 0.85 0.85 0.85 0.85 0.85 0.85 0.85 0.85 0.85 0.85 0.85 0.85 0.85 0.85 
TS33 0.85 0.85 0.85 0.85 0.85 0.85 0.85 0.85 0.85 0.85 0.85 0.85 0.85 0.85 0.85 0.85 0.85 0.85 0.85 0.85 0.85 0.85 0.85 0.85 0.85 0.85 0.85 0.85 0.85 0.85 0.85 0.85 
TS34 0.85 0.85 0.85 0.85 0.85 0.85 0.85 0.85 0.85 0.85 0.85 0.85 0.85 0.85 0.85 0.85 0.85 0.85 0.85 0.85 0.85 0.85 0.85 0.85 0.85 0.85 0.85 0.85 0.85 0.85 0.85 0.85 
TS35 0.85 0.85 0.85 0.85 0.85 0.85 0.85 0.85 0.85 0.85 0.85 0.85 0.85 0.85 0.85 0.85 0.85 0.85 0.85 0.85 0.85 0.85 0.85 0.85 0.85 0.85 0.85 0.85 0.85 0.85 0.85 0.85 
TS36 0.85 0.85 0.85 0.85 0.85 0.85 0.85 0.85 0.85 0.85 0.85 0.85 0.85 0.85 0.85 0.85 0.85 0.85 0.85 0.85 0.85 0.85 0.85 0.85 0.85 0.85 0.85 0.85 0.85 0.85 0.85 0.85 
TS37 0.85 0.85 0.85 0.85 0.85 0.85 0.85 0.85 0.85 0.85 0.85 0.85 0.85 0.85 0.85 0.85 0.85 0.85 0.85 0.85 0.85 0.85 0.85 0.85 0.85 0.85 0.85 0.85 0.85 0.85 0.85 0.85 
TS38 0.85 0.85 0.85 0.85 0.85 0.85 0.85 0.85 0.85 0.85 0.85 0.85 0.85 0.85 0.85 0.85 0.85 0.85 0.85 0.85 0.85 0.85 0.85 0.85 0.85 0.85 0.85 0.85 0.85 0.85 0.85 0.85 
TS39 0.85 0.85 0.85 0.85 0.85 0.85 0.85 0.85 0.85 0.85 0.85 0.85 0.85 0.85 0.85 0.85 0.85 0.85 0.85 0.85 0.85 0.85 0.85 0.85 0.85 0.85 0.85 0.85 0.85 0.85 0.85 0.85 
TS40 0.85 0.85 0.85 0.85 0.85 0.85 0.85 0.85 0.85 0.85 0.85 0.85 0.85 0.85 0.85 0.85 0.85 0.85 0.85 0.85 0.85 0.85 0.85 0.85 0.85 0.85 0.85 0.85 0.85 0.85 0.85 0.85 
TS41 0.85 0.85 0.85 0.85 0.85 0.85 0.85 0.85 0.85 0.85 0.85 0.85 0.85 0.85 0.85 0.85 0.85 0.85 0.85 0.85 0.85 0.85 0.85 0.85 0.85 0.85 0.85 0.85 0.85 0.85 0.85 0.85 
TS42 0.85 0.85 0.85 0.85 0.85 0.85 0.85 0.85 0.85 0.85 0.85 0.85 0.85 0.85 0.85 0.85 0.85 0.85 0.85 0.85 0.85 0.85 0.85 0.85 0.85 0.85 0.85 0.85 0.85 0.85 0.85 0.85 
TS43 0.85 0.85 0.85 0.85 0.85 0.85 0.85 0.85 0.85 0.85 0.85 0.85 0.85 0.85 0.85 0.85 0.85 0.85 0.85 0.85 0.85 0.85 0.85 0.85 0.85 0.85 0.85 0.85 0.85 0.85 0.85 0.85 
TS44 0.85 0.85 0.85 0.85 0.85 0.85 0.85 0.85 0.85 0.85 0.85 0.85 0.85 0.85 0.85 0.85 0.85 0.85 0.85 0.85 0.85 0.85 0.85 0.85 0.85 0.85 0.85 0.85 0.85 0.85 0.85 0.85 
TS45 0.85 0.85 0.85 0.85 0.85 0.85 0.85 0.85 0.85 0.85 0.85 0.85 0.85 0.85 0.85 0.85 0.85 0.85 0.85 0.85 0.85 0.85 0.85 0.85 0.85 0.85 0.85 0.85 0.85 0.85 0.85 0.85 
TS46 0.85 0.85 0.85 0.85 0.85 0.85 0.85 0.85 0.85 0.85 0.85 0.85 0.85 0.85 0.85 0.85 0.85 0.85 0.85 0.85 0.85 0.85 0.85 0.85 0.85 0.85 0.85 0.85 0.85 0.85 0.85 0.85 
TS47 0.85 0.85 0.85 0.85 0.85 0.85 0.85 0.85 0.85 0.85 0.85 0.85 0.85 0.85 0.85 0.85 0.85 0.85 0.85 0.85 0.85 0.85 0.85 0.85 0.85 0.85 0.85 0.85 0.85 0.85 0.85 0.85 
TS48 0.85 0.85 0.85 0.85 0.85 0.85 0.85 0.85 0.85 0.85 0.85 0.85 0.85 0.85 0.85 0.85 0.85 0.85 0.85 0.85 0.85 0.85 0.85 0.85 0.85 0.85 0.85 0.85 0.85 0.85 0.85 0.85 
[RE1,IMPELC002,*,*]:
2019 2020 2021 2022 2023 2024 2025 2026 2027 2028 2029 2030 2031 2032 2033 2034 2035 2036 2037 2038 2039 2040 2041 2042 2043 2044 2045 2046 2047 2048 2049 2050 :=
TS01 0.85 0.85 0.85 0.85 0.85 0.85 0.85 0.85 0.85 0.85 0.85 0.85 0.85 0.85 0.85 0.85 0.85 0.85 0.85 0.85 0.85 0.85 0.85 0.85 0.85 0.85 0.85 0.85 0.85 0.85 0.85 0.85 
TS02 0.85 0.85 0.85 0.85 0.85 0.85 0.85 0.85 0.85 0.85 0.85 0.85 0.85 0.85 0.85 0.85 0.85 0.85 0.85 0.85 0.85 0.85 0.85 0.85 0.85 0.85 0.85 0.85 0.85 0.85 0.85 0.85 
TS03 0.85 0.85 0.85 0.85 0.85 0.85 0.85 0.85 0.85 0.85 0.85 0.85 0.85 0.85 0.85 0.85 0.85 0.85 0.85 0.85 0.85 0.85 0.85 0.85 0.85 0.85 0.85 0.85 0.85 0.85 0.85 0.85 
TS04 0.85 0.85 0.85 0.85 0.85 0.85 0.85 0.85 0.85 0.85 0.85 0.85 0.85 0.85 0.85 0.85 0.85 0.85 0.85 0.85 0.85 0.85 0.85 0.85 0.85 0.85 0.85 0.85 0.85 0.85 0.85 0.85 
TS05 0.85 0.85 0.85 0.85 0.85 0.85 0.85 0.85 0.85 0.85 0.85 0.85 0.85 0.85 0.85 0.85 0.85 0.85 0.85 0.85 0.85 0.85 0.85 0.85 0.85 0.85 0.85 0.85 0.85 0.85 0.85 0.85 
TS06 0.85 0.85 0.85 0.85 0.85 0.85 0.85 0.85 0.85 0.85 0.85 0.85 0.85 0.85 0.85 0.85 0.85 0.85 0.85 0.85 0.85 0.85 0.85 0.85 0.85 0.85 0.85 0.85 0.85 0.85 0.85 0.85 
TS07 0.85 0.85 0.85 0.85 0.85 0.85 0.85 0.85 0.85 0.85 0.85 0.85 0.85 0.85 0.85 0.85 0.85 0.85 0.85 0.85 0.85 0.85 0.85 0.85 0.85 0.85 0.85 0.85 0.85 0.85 0.85 0.85 
TS08 0.85 0.85 0.85 0.85 0.85 0.85 0.85 0.85 0.85 0.85 0.85 0.85 0.85 0.85 0.85 0.85 0.85 0.85 0.85 0.85 0.85 0.85 0.85 0.85 0.85 0.85 0.85 0.85 0.85 0.85 0.85 0.85 
TS09 0.85 0.85 0.85 0.85 0.85 0.85 0.85 0.85 0.85 0.85 0.85 0.85 0.85 0.85 0.85 0.85 0.85 0.85 0.85 0.85 0.85 0.85 0.85 0.85 0.85 0.85 0.85 0.85 0.85 0.85 0.85 0.85 
TS10 0.85 0.85 0.85 0.85 0.85 0.85 0.85 0.85 0.85 0.85 0.85 0.85 0.85 0.85 0.85 0.85 0.85 0.85 0.85 0.85 0.85 0.85 0.85 0.85 0.85 0.85 0.85 0.85 0.85 0.85 0.85 0.85 
TS11 0.85 0.85 0.85 0.85 0.85 0.85 0.85 0.85 0.85 0.85 0.85 0.85 0.85 0.85 0.85 0.85 0.85 0.85 0.85 0.85 0.85 0.85 0.85 0.85 0.85 0.85 0.85 0.85 0.85 0.85 0.85 0.85 
TS12 0.85 0.85 0.85 0.85 0.85 0.85 0.85 0.85 0.85 0.85 0.85 0.85 0.85 0.85 0.85 0.85 0.85 0.85 0.85 0.85 0.85 0.85 0.85 0.85 0.85 0.85 0.85 0.85 0.85 0.85 0.85 0.85 
TS13 0.85 0.85 0.85 0.85 0.85 0.85 0.85 0.85 0.85 0.85 0.85 0.85 0.85 0.85 0.85 0.85 0.85 0.85 0.85 0.85 0.85 0.85 0.85 0.85 0.85 0.85 0.85 0.85 0.85 0.85 0.85 0.85 
TS14 0.85 0.85 0.85 0.85 0.85 0.85 0.85 0.85 0.85 0.85 0.85 0.85 0.85 0.85 0.85 0.85 0.85 0.85 0.85 0.85 0.85 0.85 0.85 0.85 0.85 0.85 0.85 0.85 0.85 0.85 0.85 0.85 
TS15 0.85 0.85 0.85 0.85 0.85 0.85 0.85 0.85 0.85 0.85 0.85 0.85 0.85 0.85 0.85 0.85 0.85 0.85 0.85 0.85 0.85 0.85 0.85 0.85 0.85 0.85 0.85 0.85 0.85 0.85 0.85 0.85 
TS16 0.85 0.85 0.85 0.85 0.85 0.85 0.85 0.85 0.85 0.85 0.85 0.85 0.85 0.85 0.85 0.85 0.85 0.85 0.85 0.85 0.85 0.85 0.85 0.85 0.85 0.85 0.85 0.85 0.85 0.85 0.85 0.85 
TS17 0.85 0.85 0.85 0.85 0.85 0.85 0.85 0.85 0.85 0.85 0.85 0.85 0.85 0.85 0.85 0.85 0.85 0.85 0.85 0.85 0.85 0.85 0.85 0.85 0.85 0.85 0.85 0.85 0.85 0.85 0.85 0.85 
TS18 0.85 0.85 0.85 0.85 0.85 0.85 0.85 0.85 0.85 0.85 0.85 0.85 0.85 0.85 0.85 0.85 0.85 0.85 0.85 0.85 0.85 0.85 0.85 0.85 0.85 0.85 0.85 0.85 0.85 0.85 0.85 0.85 
TS19 0.85 0.85 0.85 0.85 0.85 0.85 0.85 0.85 0.85 0.85 0.85 0.85 0.85 0.85 0.85 0.85 0.85 0.85 0.85 0.85 0.85 0.85 0.85 0.85 0.85 0.85 0.85 0.85 0.85 0.85 0.85 0.85 
TS20 0.85 0.85 0.85 0.85 0.85 0.85 0.85 0.85 0.85 0.85 0.85 0.85 0.85 0.85 0.85 0.85 0.85 0.85 0.85 0.85 0.85 0.85 0.85 0.85 0.85 0.85 0.85 0.85 0.85 0.85 0.85 0.85 
TS21 0.85 0.85 0.85 0.85 0.85 0.85 0.85 0.85 0.85 0.85 0.85 0.85 0.85 0.85 0.85 0.85 0.85 0.85 0.85 0.85 0.85 0.85 0.85 0.85 0.85 0.85 0.85 0.85 0.85 0.85 0.85 0.85 
TS22 0.85 0.85 0.85 0.85 0.85 0.85 0.85 0.85 0.85 0.85 0.85 0.85 0.85 0.85 0.85 0.85 0.85 0.85 0.85 0.85 0.85 0.85 0.85 0.85 0.85 0.85 0.85 0.85 0.85 0.85 0.85 0.85 
TS23 0.85 0.85 0.85 0.85 0.85 0.85 0.85 0.85 0.85 0.85 0.85 0.85 0.85 0.85 0.85 0.85 0.85 0.85 0.85 0.85 0.85 0.85 0.85 0.85 0.85 0.85 0.85 0.85 0.85 0.85 0.85 0.85 
TS24 0.85 0.85 0.85 0.85 0.85 0.85 0.85 0.85 0.85 0.85 0.85 0.85 0.85 0.85 0.85 0.85 0.85 0.85 0.85 0.85 0.85 0.85 0.85 0.85 0.85 0.85 0.85 0.85 0.85 0.85 0.85 0.85 
TS25 0.85 0.85 0.85 0.85 0.85 0.85 0.85 0.85 0.85 0.85 0.85 0.85 0.85 0.85 0.85 0.85 0.85 0.85 0.85 0.85 0.85 0.85 0.85 0.85 0.85 0.85 0.85 0.85 0.85 0.85 0.85 0.85 
TS26 0.85 0.85 0.85 0.85 0.85 0.85 0.85 0.85 0.85 0.85 0.85 0.85 0.85 0.85 0.85 0.85 0.85 0.85 0.85 0.85 0.85 0.85 0.85 0.85 0.85 0.85 0.85 0.85 0.85 0.85 0.85 0.85 
TS27 0.85 0.85 0.85 0.85 0.85 0.85 0.85 0.85 0.85 0.85 0.85 0.85 0.85 0.85 0.85 0.85 0.85 0.85 0.85 0.85 0.85 0.85 0.85 0.85 0.85 0.85 0.85 0.85 0.85 0.85 0.85 0.85 
TS28 0.85 0.85 0.85 0.85 0.85 0.85 0.85 0.85 0.85 0.85 0.85 0.85 0.85 0.85 0.85 0.85 0.85 0.85 0.85 0.85 0.85 0.85 0.85 0.85 0.85 0.85 0.85 0.85 0.85 0.85 0.85 0.85 
TS29 0.85 0.85 0.85 0.85 0.85 0.85 0.85 0.85 0.85 0.85 0.85 0.85 0.85 0.85 0.85 0.85 0.85 0.85 0.85 0.85 0.85 0.85 0.85 0.85 0.85 0.85 0.85 0.85 0.85 0.85 0.85 0.85 
TS30 0.85 0.85 0.85 0.85 0.85 0.85 0.85 0.85 0.85 0.85 0.85 0.85 0.85 0.85 0.85 0.85 0.85 0.85 0.85 0.85 0.85 0.85 0.85 0.85 0.85 0.85 0.85 0.85 0.85 0.85 0.85 0.85 
TS31 0.85 0.85 0.85 0.85 0.85 0.85 0.85 0.85 0.85 0.85 0.85 0.85 0.85 0.85 0.85 0.85 0.85 0.85 0.85 0.85 0.85 0.85 0.85 0.85 0.85 0.85 0.85 0.85 0.85 0.85 0.85 0.85 
TS32 0.85 0.85 0.85 0.85 0.85 0.85 0.85 0.85 0.85 0.85 0.85 0.85 0.85 0.85 0.85 0.85 0.85 0.85 0.85 0.85 0.85 0.85 0.85 0.85 0.85 0.85 0.85 0.85 0.85 0.85 0.85 0.85 
TS33 0.85 0.85 0.85 0.85 0.85 0.85 0.85 0.85 0.85 0.85 0.85 0.85 0.85 0.85 0.85 0.85 0.85 0.85 0.85 0.85 0.85 0.85 0.85 0.85 0.85 0.85 0.85 0.85 0.85 0.85 0.85 0.85 
TS34 0.85 0.85 0.85 0.85 0.85 0.85 0.85 0.85 0.85 0.85 0.85 0.85 0.85 0.85 0.85 0.85 0.85 0.85 0.85 0.85 0.85 0.85 0.85 0.85 0.85 0.85 0.85 0.85 0.85 0.85 0.85 0.85 
TS35 0.85 0.85 0.85 0.85 0.85 0.85 0.85 0.85 0.85 0.85 0.85 0.85 0.85 0.85 0.85 0.85 0.85 0.85 0.85 0.85 0.85 0.85 0.85 0.85 0.85 0.85 0.85 0.85 0.85 0.85 0.85 0.85 
TS36 0.85 0.85 0.85 0.85 0.85 0.85 0.85 0.85 0.85 0.85 0.85 0.85 0.85 0.85 0.85 0.85 0.85 0.85 0.85 0.85 0.85 0.85 0.85 0.85 0.85 0.85 0.85 0.85 0.85 0.85 0.85 0.85 
TS37 0.85 0.85 0.85 0.85 0.85 0.85 0.85 0.85 0.85 0.85 0.85 0.85 0.85 0.85 0.85 0.85 0.85 0.85 0.85 0.85 0.85 0.85 0.85 0.85 0.85 0.85 0.85 0.85 0.85 0.85 0.85 0.85 
TS38 0.85 0.85 0.85 0.85 0.85 0.85 0.85 0.85 0.85 0.85 0.85 0.85 0.85 0.85 0.85 0.85 0.85 0.85 0.85 0.85 0.85 0.85 0.85 0.85 0.85 0.85 0.85 0.85 0.85 0.85 0.85 0.85 
TS39 0.85 0.85 0.85 0.85 0.85 0.85 0.85 0.85 0.85 0.85 0.85 0.85 0.85 0.85 0.85 0.85 0.85 0.85 0.85 0.85 0.85 0.85 0.85 0.85 0.85 0.85 0.85 0.85 0.85 0.85 0.85 0.85 
TS40 0.85 0.85 0.85 0.85 0.85 0.85 0.85 0.85 0.85 0.85 0.85 0.85 0.85 0.85 0.85 0.85 0.85 0.85 0.85 0.85 0.85 0.85 0.85 0.85 0.85 0.85 0.85 0.85 0.85 0.85 0.85 0.85 
TS41 0.85 0.85 0.85 0.85 0.85 0.85 0.85 0.85 0.85 0.85 0.85 0.85 0.85 0.85 0.85 0.85 0.85 0.85 0.85 0.85 0.85 0.85 0.85 0.85 0.85 0.85 0.85 0.85 0.85 0.85 0.85 0.85 
TS42 0.85 0.85 0.85 0.85 0.85 0.85 0.85 0.85 0.85 0.85 0.85 0.85 0.85 0.85 0.85 0.85 0.85 0.85 0.85 0.85 0.85 0.85 0.85 0.85 0.85 0.85 0.85 0.85 0.85 0.85 0.85 0.85 
TS43 0.85 0.85 0.85 0.85 0.85 0.85 0.85 0.85 0.85 0.85 0.85 0.85 0.85 0.85 0.85 0.85 0.85 0.85 0.85 0.85 0.85 0.85 0.85 0.85 0.85 0.85 0.85 0.85 0.85 0.85 0.85 0.85 
TS44 0.85 0.85 0.85 0.85 0.85 0.85 0.85 0.85 0.85 0.85 0.85 0.85 0.85 0.85 0.85 0.85 0.85 0.85 0.85 0.85 0.85 0.85 0.85 0.85 0.85 0.85 0.85 0.85 0.85 0.85 0.85 0.85 
TS45 0.85 0.85 0.85 0.85 0.85 0.85 0.85 0.85 0.85 0.85 0.85 0.85 0.85 0.85 0.85 0.85 0.85 0.85 0.85 0.85 0.85 0.85 0.85 0.85 0.85 0.85 0.85 0.85 0.85 0.85 0.85 0.85 
TS46 0.85 0.85 0.85 0.85 0.85 0.85 0.85 0.85 0.85 0.85 0.85 0.85 0.85 0.85 0.85 0.85 0.85 0.85 0.85 0.85 0.85 0.85 0.85 0.85 0.85 0.85 0.85 0.85 0.85 0.85 0.85 0.85 
TS47 0.85 0.85 0.85 0.85 0.85 0.85 0.85 0.85 0.85 0.85 0.85 0.85 0.85 0.85 0.85 0.85 0.85 0.85 0.85 0.85 0.85 0.85 0.85 0.85 0.85 0.85 0.85 0.85 0.85 0.85 0.85 0.85 
TS48 0.85 0.85 0.85 0.85 0.85 0.85 0.85 0.85 0.85 0.85 0.85 0.85 0.85 0.85 0.85 0.85 0.85 0.85 0.85 0.85 0.85 0.85 0.85 0.85 0.85 0.85 0.85 0.85 0.85 0.85 0.85 0.85 
[RE1,PWRBIO001,*,*]:
2019 2020 2021 2022 2023 2024 2025 2026 2027 2028 2029 2030 2031 2032 2033 2034 2035 2036 2037 2038 2039 2040 2041 2042 2043 2044 2045 2046 2047 2048 2049 2050 :=
TS01 0.5 0.5 0.5 0.5 0.5 0.5 0.5 0.5 0.5 0.5 0.5 0.5 0.5 0.5 0.5 0.5 0.5 0.5 0.5 0.5 0.5 0.5 0.5 0.5 0.5 0.5 0.5 0.5 0.5 0.5 0.5 0.5 
TS02 0.5 0.5 0.5 0.5 0.5 0.5 0.5 0.5 0.5 0.5 0.5 0.5 0.5 0.5 0.5 0.5 0.5 0.5 0.5 0.5 0.5 0.5 0.5 0.5 0.5 0.5 0.5 0.5 0.5 0.5 0.5 0.5 
TS03 0.5 0.5 0.5 0.5 0.5 0.5 0.5 0.5 0.5 0.5 0.5 0.5 0.5 0.5 0.5 0.5 0.5 0.5 0.5 0.5 0.5 0.5 0.5 0.5 0.5 0.5 0.5 0.5 0.5 0.5 0.5 0.5 
TS04 0.5 0.5 0.5 0.5 0.5 0.5 0.5 0.5 0.5 0.5 0.5 0.5 0.5 0.5 0.5 0.5 0.5 0.5 0.5 0.5 0.5 0.5 0.5 0.5 0.5 0.5 0.5 0.5 0.5 0.5 0.5 0.5 
TS05 0.5 0.5 0.5 0.5 0.5 0.5 0.5 0.5 0.5 0.5 0.5 0.5 0.5 0.5 0.5 0.5 0.5 0.5 0.5 0.5 0.5 0.5 0.5 0.5 0.5 0.5 0.5 0.5 0.5 0.5 0.5 0.5 
TS06 0.5 0.5 0.5 0.5 0.5 0.5 0.5 0.5 0.5 0.5 0.5 0.5 0.5 0.5 0.5 0.5 0.5 0.5 0.5 0.5 0.5 0.5 0.5 0.5 0.5 0.5 0.5 0.5 0.5 0.5 0.5 0.5 
TS07 0.5 0.5 0.5 0.5 0.5 0.5 0.5 0.5 0.5 0.5 0.5 0.5 0.5 0.5 0.5 0.5 0.5 0.5 0.5 0.5 0.5 0.5 0.5 0.5 0.5 0.5 0.5 0.5 0.5 0.5 0.5 0.5 
TS08 0.5 0.5 0.5 0.5 0.5 0.5 0.5 0.5 0.5 0.5 0.5 0.5 0.5 0.5 0.5 0.5 0.5 0.5 0.5 0.5 0.5 0.5 0.5 0.5 0.5 0.5 0.5 0.5 0.5 0.5 0.5 0.5 
TS09 0.5 0.5 0.5 0.5 0.5 0.5 0.5 0.5 0.5 0.5 0.5 0.5 0.5 0.5 0.5 0.5 0.5 0.5 0.5 0.5 0.5 0.5 0.5 0.5 0.5 0.5 0.5 0.5 0.5 0.5 0.5 0.5 
TS10 0.5 0.5 0.5 0.5 0.5 0.5 0.5 0.5 0.5 0.5 0.5 0.5 0.5 0.5 0.5 0.5 0.5 0.5 0.5 0.5 0.5 0.5 0.5 0.5 0.5 0.5 0.5 0.5 0.5 0.5 0.5 0.5 
TS11 0.5 0.5 0.5 0.5 0.5 0.5 0.5 0.5 0.5 0.5 0.5 0.5 0.5 0.5 0.5 0.5 0.5 0.5 0.5 0.5 0.5 0.5 0.5 0.5 0.5 0.5 0.5 0.5 0.5 0.5 0.5 0.5 
TS12 0.5 0.5 0.5 0.5 0.5 0.5 0.5 0.5 0.5 0.5 0.5 0.5 0.5 0.5 0.5 0.5 0.5 0.5 0.5 0.5 0.5 0.5 0.5 0.5 0.5 0.5 0.5 0.5 0.5 0.5 0.5 0.5 
TS13 0.5 0.5 0.5 0.5 0.5 0.5 0.5 0.5 0.5 0.5 0.5 0.5 0.5 0.5 0.5 0.5 0.5 0.5 0.5 0.5 0.5 0.5 0.5 0.5 0.5 0.5 0.5 0.5 0.5 0.5 0.5 0.5 
TS14 0.5 0.5 0.5 0.5 0.5 0.5 0.5 0.5 0.5 0.5 0.5 0.5 0.5 0.5 0.5 0.5 0.5 0.5 0.5 0.5 0.5 0.5 0.5 0.5 0.5 0.5 0.5 0.5 0.5 0.5 0.5 0.5 
TS15 0.5 0.5 0.5 0.5 0.5 0.5 0.5 0.5 0.5 0.5 0.5 0.5 0.5 0.5 0.5 0.5 0.5 0.5 0.5 0.5 0.5 0.5 0.5 0.5 0.5 0.5 0.5 0.5 0.5 0.5 0.5 0.5 
TS16 0.5 0.5 0.5 0.5 0.5 0.5 0.5 0.5 0.5 0.5 0.5 0.5 0.5 0.5 0.5 0.5 0.5 0.5 0.5 0.5 0.5 0.5 0.5 0.5 0.5 0.5 0.5 0.5 0.5 0.5 0.5 0.5 
TS17 0.5 0.5 0.5 0.5 0.5 0.5 0.5 0.5 0.5 0.5 0.5 0.5 0.5 0.5 0.5 0.5 0.5 0.5 0.5 0.5 0.5 0.5 0.5 0.5 0.5 0.5 0.5 0.5 0.5 0.5 0.5 0.5 
TS18 0.5 0.5 0.5 0.5 0.5 0.5 0.5 0.5 0.5 0.5 0.5 0.5 0.5 0.5 0.5 0.5 0.5 0.5 0.5 0.5 0.5 0.5 0.5 0.5 0.5 0.5 0.5 0.5 0.5 0.5 0.5 0.5 
TS19 0.5 0.5 0.5 0.5 0.5 0.5 0.5 0.5 0.5 0.5 0.5 0.5 0.5 0.5 0.5 0.5 0.5 0.5 0.5 0.5 0.5 0.5 0.5 0.5 0.5 0.5 0.5 0.5 0.5 0.5 0.5 0.5 
TS20 0.5 0.5 0.5 0.5 0.5 0.5 0.5 0.5 0.5 0.5 0.5 0.5 0.5 0.5 0.5 0.5 0.5 0.5 0.5 0.5 0.5 0.5 0.5 0.5 0.5 0.5 0.5 0.5 0.5 0.5 0.5 0.5 
TS21 0.5 0.5 0.5 0.5 0.5 0.5 0.5 0.5 0.5 0.5 0.5 0.5 0.5 0.5 0.5 0.5 0.5 0.5 0.5 0.5 0.5 0.5 0.5 0.5 0.5 0.5 0.5 0.5 0.5 0.5 0.5 0.5 
TS22 0.5 0.5 0.5 0.5 0.5 0.5 0.5 0.5 0.5 0.5 0.5 0.5 0.5 0.5 0.5 0.5 0.5 0.5 0.5 0.5 0.5 0.5 0.5 0.5 0.5 0.5 0.5 0.5 0.5 0.5 0.5 0.5 
TS23 0.5 0.5 0.5 0.5 0.5 0.5 0.5 0.5 0.5 0.5 0.5 0.5 0.5 0.5 0.5 0.5 0.5 0.5 0.5 0.5 0.5 0.5 0.5 0.5 0.5 0.5 0.5 0.5 0.5 0.5 0.5 0.5 
TS24 0.5 0.5 0.5 0.5 0.5 0.5 0.5 0.5 0.5 0.5 0.5 0.5 0.5 0.5 0.5 0.5 0.5 0.5 0.5 0.5 0.5 0.5 0.5 0.5 0.5 0.5 0.5 0.5 0.5 0.5 0.5 0.5 
TS25 0.5 0.5 0.5 0.5 0.5 0.5 0.5 0.5 0.5 0.5 0.5 0.5 0.5 0.5 0.5 0.5 0.5 0.5 0.5 0.5 0.5 0.5 0.5 0.5 0.5 0.5 0.5 0.5 0.5 0.5 0.5 0.5 
TS26 0.5 0.5 0.5 0.5 0.5 0.5 0.5 0.5 0.5 0.5 0.5 0.5 0.5 0.5 0.5 0.5 0.5 0.5 0.5 0.5 0.5 0.5 0.5 0.5 0.5 0.5 0.5 0.5 0.5 0.5 0.5 0.5 
TS27 0.5 0.5 0.5 0.5 0.5 0.5 0.5 0.5 0.5 0.5 0.5 0.5 0.5 0.5 0.5 0.5 0.5 0.5 0.5 0.5 0.5 0.5 0.5 0.5 0.5 0.5 0.5 0.5 0.5 0.5 0.5 0.5 
TS28 0.5 0.5 0.5 0.5 0.5 0.5 0.5 0.5 0.5 0.5 0.5 0.5 0.5 0.5 0.5 0.5 0.5 0.5 0.5 0.5 0.5 0.5 0.5 0.5 0.5 0.5 0.5 0.5 0.5 0.5 0.5 0.5 
TS29 0.5 0.5 0.5 0.5 0.5 0.5 0.5 0.5 0.5 0.5 0.5 0.5 0.5 0.5 0.5 0.5 0.5 0.5 0.5 0.5 0.5 0.5 0.5 0.5 0.5 0.5 0.5 0.5 0.5 0.5 0.5 0.5 
TS30 0.5 0.5 0.5 0.5 0.5 0.5 0.5 0.5 0.5 0.5 0.5 0.5 0.5 0.5 0.5 0.5 0.5 0.5 0.5 0.5 0.5 0.5 0.5 0.5 0.5 0.5 0.5 0.5 0.5 0.5 0.5 0.5 
TS31 0.5 0.5 0.5 0.5 0.5 0.5 0.5 0.5 0.5 0.5 0.5 0.5 0.5 0.5 0.5 0.5 0.5 0.5 0.5 0.5 0.5 0.5 0.5 0.5 0.5 0.5 0.5 0.5 0.5 0.5 0.5 0.5 
TS32 0.5 0.5 0.5 0.5 0.5 0.5 0.5 0.5 0.5 0.5 0.5 0.5 0.5 0.5 0.5 0.5 0.5 0.5 0.5 0.5 0.5 0.5 0.5 0.5 0.5 0.5 0.5 0.5 0.5 0.5 0.5 0.5 
TS33 0.5 0.5 0.5 0.5 0.5 0.5 0.5 0.5 0.5 0.5 0.5 0.5 0.5 0.5 0.5 0.5 0.5 0.5 0.5 0.5 0.5 0.5 0.5 0.5 0.5 0.5 0.5 0.5 0.5 0.5 0.5 0.5 
TS34 0.5 0.5 0.5 0.5 0.5 0.5 0.5 0.5 0.5 0.5 0.5 0.5 0.5 0.5 0.5 0.5 0.5 0.5 0.5 0.5 0.5 0.5 0.5 0.5 0.5 0.5 0.5 0.5 0.5 0.5 0.5 0.5 
TS35 0.5 0.5 0.5 0.5 0.5 0.5 0.5 0.5 0.5 0.5 0.5 0.5 0.5 0.5 0.5 0.5 0.5 0.5 0.5 0.5 0.5 0.5 0.5 0.5 0.5 0.5 0.5 0.5 0.5 0.5 0.5 0.5 
TS36 0.5 0.5 0.5 0.5 0.5 0.5 0.5 0.5 0.5 0.5 0.5 0.5 0.5 0.5 0.5 0.5 0.5 0.5 0.5 0.5 0.5 0.5 0.5 0.5 0.5 0.5 0.5 0.5 0.5 0.5 0.5 0.5 
TS37 0.5 0.5 0.5 0.5 0.5 0.5 0.5 0.5 0.5 0.5 0.5 0.5 0.5 0.5 0.5 0.5 0.5 0.5 0.5 0.5 0.5 0.5 0.5 0.5 0.5 0.5 0.5 0.5 0.5 0.5 0.5 0.5 
TS38 0.5 0.5 0.5 0.5 0.5 0.5 0.5 0.5 0.5 0.5 0.5 0.5 0.5 0.5 0.5 0.5 0.5 0.5 0.5 0.5 0.5 0.5 0.5 0.5 0.5 0.5 0.5 0.5 0.5 0.5 0.5 0.5 
TS39 0.5 0.5 0.5 0.5 0.5 0.5 0.5 0.5 0.5 0.5 0.5 0.5 0.5 0.5 0.5 0.5 0.5 0.5 0.5 0.5 0.5 0.5 0.5 0.5 0.5 0.5 0.5 0.5 0.5 0.5 0.5 0.5 
TS40 0.5 0.5 0.5 0.5 0.5 0.5 0.5 0.5 0.5 0.5 0.5 0.5 0.5 0.5 0.5 0.5 0.5 0.5 0.5 0.5 0.5 0.5 0.5 0.5 0.5 0.5 0.5 0.5 0.5 0.5 0.5 0.5 
TS41 0.5 0.5 0.5 0.5 0.5 0.5 0.5 0.5 0.5 0.5 0.5 0.5 0.5 0.5 0.5 0.5 0.5 0.5 0.5 0.5 0.5 0.5 0.5 0.5 0.5 0.5 0.5 0.5 0.5 0.5 0.5 0.5 
TS42 0.5 0.5 0.5 0.5 0.5 0.5 0.5 0.5 0.5 0.5 0.5 0.5 0.5 0.5 0.5 0.5 0.5 0.5 0.5 0.5 0.5 0.5 0.5 0.5 0.5 0.5 0.5 0.5 0.5 0.5 0.5 0.5 
TS43 0.5 0.5 0.5 0.5 0.5 0.5 0.5 0.5 0.5 0.5 0.5 0.5 0.5 0.5 0.5 0.5 0.5 0.5 0.5 0.5 0.5 0.5 0.5 0.5 0.5 0.5 0.5 0.5 0.5 0.5 0.5 0.5 
TS44 0.5 0.5 0.5 0.5 0.5 0.5 0.5 0.5 0.5 0.5 0.5 0.5 0.5 0.5 0.5 0.5 0.5 0.5 0.5 0.5 0.5 0.5 0.5 0.5 0.5 0.5 0.5 0.5 0.5 0.5 0.5 0.5 
TS45 0.5 0.5 0.5 0.5 0.5 0.5 0.5 0.5 0.5 0.5 0.5 0.5 0.5 0.5 0.5 0.5 0.5 0.5 0.5 0.5 0.5 0.5 0.5 0.5 0.5 0.5 0.5 0.5 0.5 0.5 0.5 0.5 
TS46 0.5 0.5 0.5 0.5 0.5 0.5 0.5 0.5 0.5 0.5 0.5 0.5 0.5 0.5 0.5 0.5 0.5 0.5 0.5 0.5 0.5 0.5 0.5 0.5 0.5 0.5 0.5 0.5 0.5 0.5 0.5 0.5 
TS47 0.5 0.5 0.5 0.5 0.5 0.5 0.5 0.5 0.5 0.5 0.5 0.5 0.5 0.5 0.5 0.5 0.5 0.5 0.5 0.5 0.5 0.5 0.5 0.5 0.5 0.5 0.5 0.5 0.5 0.5 0.5 0.5 
TS48 0.5 0.5 0.5 0.5 0.5 0.5 0.5 0.5 0.5 0.5 0.5 0.5 0.5 0.5 0.5 0.5 0.5 0.5 0.5 0.5 0.5 0.5 0.5 0.5 0.5 0.5 0.5 0.5 0.5 0.5 0.5 0.5 
[RE1,PWRHYD001,*,*]:
2019 2020 2021 2022 2023 2024 2025 2026 2027 2028 2029 2030 2031 2032 2033 2034 2035 2036 2037 2038 2039 2040 2041 2042 2043 2044 2045 2046 2047 2048 2049 2050 :=
TS01 0.336 0.336 0.336 0.336 0.336 0.336 0.336 0.336 0.336 0.336 0.336 0.336 0.336 0.336 0.336 0.336 0.336 0.336 0.336 0.336 0.336 0.336 0.336 0.336 0.336 0.336 0.336 0.336 0.336 0.336 0.336 0.336 
TS02 0.336 0.336 0.336 0.336 0.336 0.336 0.336 0.336 0.336 0.336 0.336 0.336 0.336 0.336 0.336 0.336 0.336 0.336 0.336 0.336 0.336 0.336 0.336 0.336 0.336 0.336 0.336 0.336 0.336 0.336 0.336 0.336 
TS03 0.336 0.336 0.336 0.336 0.336 0.336 0.336 0.336 0.336 0.336 0.336 0.336 0.336 0.336 0.336 0.336 0.336 0.336 0.336 0.336 0.336 0.336 0.336 0.336 0.336 0.336 0.336 0.336 0.336 0.336 0.336 0.336 
TS04 0.336 0.336 0.336 0.336 0.336 0.336 0.336 0.336 0.336 0.336 0.336 0.336 0.336 0.336 0.336 0.336 0.336 0.336 0.336 0.336 0.336 0.336 0.336 0.336 0.336 0.336 0.336 0.336 0.336 0.336 0.336 0.336 
TS05 0.336 0.336 0.336 0.336 0.336 0.336 0.336 0.336 0.336 0.336 0.336 0.336 0.336 0.336 0.336 0.336 0.336 0.336 0.336 0.336 0.336 0.336 0.336 0.336 0.336 0.336 0.336 0.336 0.336 0.336 0.336 0.336 
TS06 0.336 0.336 0.336 0.336 0.336 0.336 0.336 0.336 0.336 0.336 0.336 0.336 0.336 0.336 0.336 0.336 0.336 0.336 0.336 0.336 0.336 0.336 0.336 0.336 0.336 0.336 0.336 0.336 0.336 0.336 0.336 0.336 
TS07 0.336 0.336 0.336 0.336 0.336 0.336 0.336 0.336 0.336 0.336 0.336 0.336 0.336 0.336 0.336 0.336 0.336 0.336 0.336 0.336 0.336 0.336 0.336 0.336 0.336 0.336 0.336 0.336 0.336 0.336 0.336 0.336 
TS08 0.336 0.336 0.336 0.336 0.336 0.336 0.336 0.336 0.336 0.336 0.336 0.336 0.336 0.336 0.336 0.336 0.336 0.336 0.336 0.336 0.336 0.336 0.336 0.336 0.336 0.336 0.336 0.336 0.336 0.336 0.336 0.336 
TS09 0.336 0.336 0.336 0.336 0.336 0.336 0.336 0.336 0.336 0.336 0.336 0.336 0.336 0.336 0.336 0.336 0.336 0.336 0.336 0.336 0.336 0.336 0.336 0.336 0.336 0.336 0.336 0.336 0.336 0.336 0.336 0.336 
TS10 0.336 0.336 0.336 0.336 0.336 0.336 0.336 0.336 0.336 0.336 0.336 0.336 0.336 0.336 0.336 0.336 0.336 0.336 0.336 0.336 0.336 0.336 0.336 0.336 0.336 0.336 0.336 0.336 0.336 0.336 0.336 0.336 
TS11 0.336 0.336 0.336 0.336 0.336 0.336 0.336 0.336 0.336 0.336 0.336 0.336 0.336 0.336 0.336 0.336 0.336 0.336 0.336 0.336 0.336 0.336 0.336 0.336 0.336 0.336 0.336 0.336 0.336 0.336 0.336 0.336 
TS12 0.336 0.336 0.336 0.336 0.336 0.336 0.336 0.336 0.336 0.336 0.336 0.336 0.336 0.336 0.336 0.336 0.336 0.336 0.336 0.336 0.336 0.336 0.336 0.336 0.336 0.336 0.336 0.336 0.336 0.336 0.336 0.336 
TS13 0.7873 0.7873 0.7873 0.7873 0.7873 0.7873 0.7873 0.7873 0.7873 0.7873 0.7873 0.7873 0.7873 0.7873 0.7873 0.7873 0.7873 0.7873 0.7873 0.7873 0.7873 0.7873 0.7873 0.7873 0.7873 0.7873 0.7873 0.7873 0.7873 0.7873 0.7873 0.7873 
TS14 0.7873 0.7873 0.7873 0.7873 0.7873 0.7873 0.7873 0.7873 0.7873 0.7873 0.7873 0.7873 0.7873 0.7873 0.7873 0.7873 0.7873 0.7873 0.7873 0.7873 0.7873 0.7873 0.7873 0.7873 0.7873 0.7873 0.7873 0.7873 0.7873 0.7873 0.7873 0.7873 
TS15 0.7873 0.7873 0.7873 0.7873 0.7873 0.7873 0.7873 0.7873 0.7873 0.7873 0.7873 0.7873 0.7873 0.7873 0.7873 0.7873 0.7873 0.7873 0.7873 0.7873 0.7873 0.7873 0.7873 0.7873 0.7873 0.7873 0.7873 0.7873 0.7873 0.7873 0.7873 0.7873 
TS16 0.7873 0.7873 0.7873 0.7873 0.7873 0.7873 0.7873 0.7873 0.7873 0.7873 0.7873 0.7873 0.7873 0.7873 0.7873 0.7873 0.7873 0.7873 0.7873 0.7873 0.7873 0.7873 0.7873 0.7873 0.7873 0.7873 0.7873 0.7873 0.7873 0.7873 0.7873 0.7873 
TS17 0.7873 0.7873 0.7873 0.7873 0.7873 0.7873 0.7873 0.7873 0.7873 0.7873 0.7873 0.7873 0.7873 0.7873 0.7873 0.7873 0.7873 0.7873 0.7873 0.7873 0.7873 0.7873 0.7873 0.7873 0.7873 0.7873 0.7873 0.7873 0.7873 0.7873 0.7873 0.7873 
TS18 0.7873 0.7873 0.7873 0.7873 0.7873 0.7873 0.7873 0.7873 0.7873 0.7873 0.7873 0.7873 0.7873 0.7873 0.7873 0.7873 0.7873 0.7873 0.7873 0.7873 0.7873 0.7873 0.7873 0.7873 0.7873 0.7873 0.7873 0.7873 0.7873 0.7873 0.7873 0.7873 
TS19 0.7873 0.7873 0.7873 0.7873 0.7873 0.7873 0.7873 0.7873 0.7873 0.7873 0.7873 0.7873 0.7873 0.7873 0.7873 0.7873 0.7873 0.7873 0.7873 0.7873 0.7873 0.7873 0.7873 0.7873 0.7873 0.7873 0.7873 0.7873 0.7873 0.7873 0.7873 0.7873 
TS20 0.7873 0.7873 0.7873 0.7873 0.7873 0.7873 0.7873 0.7873 0.7873 0.7873 0.7873 0.7873 0.7873 0.7873 0.7873 0.7873 0.7873 0.7873 0.7873 0.7873 0.7873 0.7873 0.7873 0.7873 0.7873 0.7873 0.7873 0.7873 0.7873 0.7873 0.7873 0.7873 
TS21 0.7873 0.7873 0.7873 0.7873 0.7873 0.7873 0.7873 0.7873 0.7873 0.7873 0.7873 0.7873 0.7873 0.7873 0.7873 0.7873 0.7873 0.7873 0.7873 0.7873 0.7873 0.7873 0.7873 0.7873 0.7873 0.7873 0.7873 0.7873 0.7873 0.7873 0.7873 0.7873 
TS22 0.7873 0.7873 0.7873 0.7873 0.7873 0.7873 0.7873 0.7873 0.7873 0.7873 0.7873 0.7873 0.7873 0.7873 0.7873 0.7873 0.7873 0.7873 0.7873 0.7873 0.7873 0.7873 0.7873 0.7873 0.7873 0.7873 0.7873 0.7873 0.7873 0.7873 0.7873 0.7873 
TS23 0.7873 0.7873 0.7873 0.7873 0.7873 0.7873 0.7873 0.7873 0.7873 0.7873 0.7873 0.7873 0.7873 0.7873 0.7873 0.7873 0.7873 0.7873 0.7873 0.7873 0.7873 0.7873 0.7873 0.7873 0.7873 0.7873 0.7873 0.7873 0.7873 0.7873 0.7873 0.7873 
TS24 0.7873 0.7873 0.7873 0.7873 0.7873 0.7873 0.7873 0.7873 0.7873 0.7873 0.7873 0.7873 0.7873 0.7873 0.7873 0.7873 0.7873 0.7873 0.7873 0.7873 0.7873 0.7873 0.7873 0.7873 0.7873 0.7873 0.7873 0.7873 0.7873 0.7873 0.7873 0.7873 
TS25 0.8076 0.8076 0.8076 0.8076 0.8076 0.8076 0.8076 0.8076 0.8076 0.8076 0.8076 0.8076 0.8076 0.8076 0.8076 0.8076 0.8076 0.8076 0.8076 0.8076 0.8076 0.8076 0.8076 0.8076 0.8076 0.8076 0.8076 0.8076 0.8076 0.8076 0.8076 0.8076 
TS26 0.8076 0.8076 0.8076 0.8076 0.8076 0.8076 0.8076 0.8076 0.8076 0.8076 0.8076 0.8076 0.8076 0.8076 0.8076 0.8076 0.8076 0.8076 0.8076 0.8076 0.8076 0.8076 0.8076 0.8076 0.8076 0.8076 0.8076 0.8076 0.8076 0.8076 0.8076 0.8076 
TS27 0.8076 0.8076 0.8076 0.8076 0.8076 0.8076 0.8076 0.8076 0.8076 0.8076 0.8076 0.8076 0.8076 0.8076 0.8076 0.8076 0.8076 0.8076 0.8076 0.8076 0.8076 0.8076 0.8076 0.8076 0.8076 0.8076 0.8076 0.8076 0.8076 0.8076 0.8076 0.8076 
TS28 0.8076 0.8076 0.8076 0.8076 0.8076 0.8076 0.8076 0.8076 0.8076 0.8076 0.8076 0.8076 0.8076 0.8076 0.8076 0.8076 0.8076 0.8076 0.8076 0.8076 0.8076 0.8076 0.8076 0.8076 0.8076 0.8076 0.8076 0.8076 0.8076 0.8076 0.8076 0.8076 
TS29 0.8076 0.8076 0.8076 0.8076 0.8076 0.8076 0.8076 0.8076 0.8076 0.8076 0.8076 0.8076 0.8076 0.8076 0.8076 0.8076 0.8076 0.8076 0.8076 0.8076 0.8076 0.8076 0.8076 0.8076 0.8076 0.8076 0.8076 0.8076 0.8076 0.8076 0.8076 0.8076 
TS30 0.8076 0.8076 0.8076 0.8076 0.8076 0.8076 0.8076 0.8076 0.8076 0.8076 0.8076 0.8076 0.8076 0.8076 0.8076 0.8076 0.8076 0.8076 0.8076 0.8076 0.8076 0.8076 0.8076 0.8076 0.8076 0.8076 0.8076 0.8076 0.8076 0.8076 0.8076 0.8076 
TS31 0.8076 0.8076 0.8076 0.8076 0.8076 0.8076 0.8076 0.8076 0.8076 0.8076 0.8076 0.8076 0.8076 0.8076 0.8076 0.8076 0.8076 0.8076 0.8076 0.8076 0.8076 0.8076 0.8076 0.8076 0.8076 0.8076 0.8076 0.8076 0.8076 0.8076 0.8076 0.8076 
TS32 0.8076 0.8076 0.8076 0.8076 0.8076 0.8076 0.8076 0.8076 0.8076 0.8076 0.8076 0.8076 0.8076 0.8076 0.8076 0.8076 0.8076 0.8076 0.8076 0.8076 0.8076 0.8076 0.8076 0.8076 0.8076 0.8076 0.8076 0.8076 0.8076 0.8076 0.8076 0.8076 
TS33 0.8076 0.8076 0.8076 0.8076 0.8076 0.8076 0.8076 0.8076 0.8076 0.8076 0.8076 0.8076 0.8076 0.8076 0.8076 0.8076 0.8076 0.8076 0.8076 0.8076 0.8076 0.8076 0.8076 0.8076 0.8076 0.8076 0.8076 0.8076 0.8076 0.8076 0.8076 0.8076 
TS34 0.8076 0.8076 0.8076 0.8076 0.8076 0.8076 0.8076 0.8076 0.8076 0.8076 0.8076 0.8076 0.8076 0.8076 0.8076 0.8076 0.8076 0.8076 0.8076 0.8076 0.8076 0.8076 0.8076 0.8076 0.8076 0.8076 0.8076 0.8076 0.8076 0.8076 0.8076 0.8076 
TS35 0.8076 0.8076 0.8076 0.8076 0.8076 0.8076 0.8076 0.8076 0.8076 0.8076 0.8076 0.8076 0.8076 0.8076 0.8076 0.8076 0.8076 0.8076 0.8076 0.8076 0.8076 0.8076 0.8076 0.8076 0.8076 0.8076 0.8076 0.8076 0.8076 0.8076 0.8076 0.8076 
TS36 0.8076 0.8076 0.8076 0.8076 0.8076 0.8076 0.8076 0.8076 0.8076 0.8076 0.8076 0.8076 0.8076 0.8076 0.8076 0.8076 0.8076 0.8076 0.8076 0.8076 0.8076 0.8076 0.8076 0.8076 0.8076 0.8076 0.8076 0.8076 0.8076 0.8076 0.8076 0.8076 
TS37 0.8201 0.8201 0.8201 0.8201 0.8201 0.8201 0.8201 0.8201 0.8201 0.8201 0.8201 0.8201 0.8201 0.8201 0.8201 0.8201 0.8201 0.8201 0.8201 0.8201 0.8201 0.8201 0.8201 0.8201 0.8201 0.8201 0.8201 0.8201 0.8201 0.8201 0.8201 0.8201 
TS38 0.8201 0.8201 0.8201 0.8201 0.8201 0.8201 0.8201 0.8201 0.8201 0.8201 0.8201 0.8201 0.8201 0.8201 0.8201 0.8201 0.8201 0.8201 0.8201 0.8201 0.8201 0.8201 0.8201 0.8201 0.8201 0.8201 0.8201 0.8201 0.8201 0.8201 0.8201 0.8201 
TS39 0.8201 0.8201 0.8201 0.8201 0.8201 0.8201 0.8201 0.8201 0.8201 0.8201 0.8201 0.8201 0.8201 0.8201 0.8201 0.8201 0.8201 0.8201 0.8201 0.8201 0.8201 0.8201 0.8201 0.8201 0.8201 0.8201 0.8201 0.8201 0.8201 0.8201 0.8201 0.8201 
TS40 0.8201 0.8201 0.8201 0.8201 0.8201 0.8201 0.8201 0.8201 0.8201 0.8201 0.8201 0.8201 0.8201 0.8201 0.8201 0.8201 0.8201 0.8201 0.8201 0.8201 0.8201 0.8201 0.8201 0.8201 0.8201 0.8201 0.8201 0.8201 0.8201 0.8201 0.8201 0.8201 
TS41 0.8201 0.8201 0.8201 0.8201 0.8201 0.8201 0.8201 0.8201 0.8201 0.8201 0.8201 0.8201 0.8201 0.8201 0.8201 0.8201 0.8201 0.8201 0.8201 0.8201 0.8201 0.8201 0.8201 0.8201 0.8201 0.8201 0.8201 0.8201 0.8201 0.8201 0.8201 0.8201 
TS42 0.8201 0.8201 0.8201 0.8201 0.8201 0.8201 0.8201 0.8201 0.8201 0.8201 0.8201 0.8201 0.8201 0.8201 0.8201 0.8201 0.8201 0.8201 0.8201 0.8201 0.8201 0.8201 0.8201 0.8201 0.8201 0.8201 0.8201 0.8201 0.8201 0.8201 0.8201 0.8201 
TS43 0.8201 0.8201 0.8201 0.8201 0.8201 0.8201 0.8201 0.8201 0.8201 0.8201 0.8201 0.8201 0.8201 0.8201 0.8201 0.8201 0.8201 0.8201 0.8201 0.8201 0.8201 0.8201 0.8201 0.8201 0.8201 0.8201 0.8201 0.8201 0.8201 0.8201 0.8201 0.8201 
TS44 0.8201 0.8201 0.8201 0.8201 0.8201 0.8201 0.8201 0.8201 0.8201 0.8201 0.8201 0.8201 0.8201 0.8201 0.8201 0.8201 0.8201 0.8201 0.8201 0.8201 0.8201 0.8201 0.8201 0.8201 0.8201 0.8201 0.8201 0.8201 0.8201 0.8201 0.8201 0.8201 
TS45 0.8201 0.8201 0.8201 0.8201 0.8201 0.8201 0.8201 0.8201 0.8201 0.8201 0.8201 0.8201 0.8201 0.8201 0.8201 0.8201 0.8201 0.8201 0.8201 0.8201 0.8201 0.8201 0.8201 0.8201 0.8201 0.8201 0.8201 0.8201 0.8201 0.8201 0.8201 0.8201 
TS46 0.8201 0.8201 0.8201 0.8201 0.8201 0.8201 0.8201 0.8201 0.8201 0.8201 0.8201 0.8201 0.8201 0.8201 0.8201 0.8201 0.8201 0.8201 0.8201 0.8201 0.8201 0.8201 0.8201 0.8201 0.8201 0.8201 0.8201 0.8201 0.8201 0.8201 0.8201 0.8201 
TS47 0.8201 0.8201 0.8201 0.8201 0.8201 0.8201 0.8201 0.8201 0.8201 0.8201 0.8201 0.8201 0.8201 0.8201 0.8201 0.8201 0.8201 0.8201 0.8201 0.8201 0.8201 0.8201 0.8201 0.8201 0.8201 0.8201 0.8201 0.8201 0.8201 0.8201 0.8201 0.8201 
TS48 0.8201 0.8201 0.8201 0.8201 0.8201 0.8201 0.8201 0.8201 0.8201 0.8201 0.8201 0.8201 0.8201 0.8201 0.8201 0.8201 0.8201 0.8201 0.8201 0.8201 0.8201 0.8201 0.8201 0.8201 0.8201 0.8201 0.8201 0.8201 0.8201 0.8201 0.8201 0.8201 
[RE1,PWRHYD002,*,*]:
2019 2020 2021 2022 2023 2024 2025 2026 2027 2028 2029 2030 2031 2032 2033 2034 2035 2036 2037 2038 2039 2040 2041 2042 2043 2044 2045 2046 2047 2048 2049 2050 :=
TS01 0.5353 0.5353 0.5353 0.5353 0.5353 0.5353 0.5353 0.5353 0.5353 0.5353 0.5353 0.5353 0.5353 0.5353 0.5353 0.5353 0.5353 0.5353 0.5353 0.5353 0.5353 0.5353 0.5353 0.5353 0.5353 0.5353 0.5353 0.5353 0.5353 0.5353 0.5353 0.5353 
TS02 0.5353 0.5353 0.5353 0.5353 0.5353 0.5353 0.5353 0.5353 0.5353 0.5353 0.5353 0.5353 0.5353 0.5353 0.5353 0.5353 0.5353 0.5353 0.5353 0.5353 0.5353 0.5353 0.5353 0.5353 0.5353 0.5353 0.5353 0.5353 0.5353 0.5353 0.5353 0.5353 
TS03 0.5353 0.5353 0.5353 0.5353 0.5353 0.5353 0.5353 0.5353 0.5353 0.5353 0.5353 0.5353 0.5353 0.5353 0.5353 0.5353 0.5353 0.5353 0.5353 0.5353 0.5353 0.5353 0.5353 0.5353 0.5353 0.5353 0.5353 0.5353 0.5353 0.5353 0.5353 0.5353 
TS04 0.5353 0.5353 0.5353 0.5353 0.5353 0.5353 0.5353 0.5353 0.5353 0.5353 0.5353 0.5353 0.5353 0.5353 0.5353 0.5353 0.5353 0.5353 0.5353 0.5353 0.5353 0.5353 0.5353 0.5353 0.5353 0.5353 0.5353 0.5353 0.5353 0.5353 0.5353 0.5353 
TS05 0.5353 0.5353 0.5353 0.5353 0.5353 0.5353 0.5353 0.5353 0.5353 0.5353 0.5353 0.5353 0.5353 0.5353 0.5353 0.5353 0.5353 0.5353 0.5353 0.5353 0.5353 0.5353 0.5353 0.5353 0.5353 0.5353 0.5353 0.5353 0.5353 0.5353 0.5353 0.5353 
TS06 0.5353 0.5353 0.5353 0.5353 0.5353 0.5353 0.5353 0.5353 0.5353 0.5353 0.5353 0.5353 0.5353 0.5353 0.5353 0.5353 0.5353 0.5353 0.5353 0.5353 0.5353 0.5353 0.5353 0.5353 0.5353 0.5353 0.5353 0.5353 0.5353 0.5353 0.5353 0.5353 
TS07 0.5353 0.5353 0.5353 0.5353 0.5353 0.5353 0.5353 0.5353 0.5353 0.5353 0.5353 0.5353 0.5353 0.5353 0.5353 0.5353 0.5353 0.5353 0.5353 0.5353 0.5353 0.5353 0.5353 0.5353 0.5353 0.5353 0.5353 0.5353 0.5353 0.5353 0.5353 0.5353 
TS08 0.5353 0.5353 0.5353 0.5353 0.5353 0.5353 0.5353 0.5353 0.5353 0.5353 0.5353 0.5353 0.5353 0.5353 0.5353 0.5353 0.5353 0.5353 0.5353 0.5353 0.5353 0.5353 0.5353 0.5353 0.5353 0.5353 0.5353 0.5353 0.5353 0.5353 0.5353 0.5353 
TS09 0.5353 0.5353 0.5353 0.5353 0.5353 0.5353 0.5353 0.5353 0.5353 0.5353 0.5353 0.5353 0.5353 0.5353 0.5353 0.5353 0.5353 0.5353 0.5353 0.5353 0.5353 0.5353 0.5353 0.5353 0.5353 0.5353 0.5353 0.5353 0.5353 0.5353 0.5353 0.5353 
TS10 0.5353 0.5353 0.5353 0.5353 0.5353 0.5353 0.5353 0.5353 0.5353 0.5353 0.5353 0.5353 0.5353 0.5353 0.5353 0.5353 0.5353 0.5353 0.5353 0.5353 0.5353 0.5353 0.5353 0.5353 0.5353 0.5353 0.5353 0.5353 0.5353 0.5353 0.5353 0.5353 
TS11 0.5353 0.5353 0.5353 0.5353 0.5353 0.5353 0.5353 0.5353 0.5353 0.5353 0.5353 0.5353 0.5353 0.5353 0.5353 0.5353 0.5353 0.5353 0.5353 0.5353 0.5353 0.5353 0.5353 0.5353 0.5353 0.5353 0.5353 0.5353 0.5353 0.5353 0.5353 0.5353 
TS12 0.5353 0.5353 0.5353 0.5353 0.5353 0.5353 0.5353 0.5353 0.5353 0.5353 0.5353 0.5353 0.5353 0.5353 0.5353 0.5353 0.5353 0.5353 0.5353 0.5353 0.5353 0.5353 0.5353 0.5353 0.5353 0.5353 0.5353 0.5353 0.5353 0.5353 0.5353 0.5353 
TS13 0.544 0.544 0.544 0.544 0.544 0.544 0.544 0.544 0.544 0.544 0.544 0.544 0.544 0.544 0.544 0.544 0.544 0.544 0.544 0.544 0.544 0.544 0.544 0.544 0.544 0.544 0.544 0.544 0.544 0.544 0.544 0.544 
TS14 0.544 0.544 0.544 0.544 0.544 0.544 0.544 0.544 0.544 0.544 0.544 0.544 0.544 0.544 0.544 0.544 0.544 0.544 0.544 0.544 0.544 0.544 0.544 0.544 0.544 0.544 0.544 0.544 0.544 0.544 0.544 0.544 
TS15 0.544 0.544 0.544 0.544 0.544 0.544 0.544 0.544 0.544 0.544 0.544 0.544 0.544 0.544 0.544 0.544 0.544 0.544 0.544 0.544 0.544 0.544 0.544 0.544 0.544 0.544 0.544 0.544 0.544 0.544 0.544 0.544 
TS16 0.544 0.544 0.544 0.544 0.544 0.544 0.544 0.544 0.544 0.544 0.544 0.544 0.544 0.544 0.544 0.544 0.544 0.544 0.544 0.544 0.544 0.544 0.544 0.544 0.544 0.544 0.544 0.544 0.544 0.544 0.544 0.544 
TS17 0.544 0.544 0.544 0.544 0.544 0.544 0.544 0.544 0.544 0.544 0.544 0.544 0.544 0.544 0.544 0.544 0.544 0.544 0.544 0.544 0.544 0.544 0.544 0.544 0.544 0.544 0.544 0.544 0.544 0.544 0.544 0.544 
TS18 0.544 0.544 0.544 0.544 0.544 0.544 0.544 0.544 0.544 0.544 0.544 0.544 0.544 0.544 0.544 0.544 0.544 0.544 0.544 0.544 0.544 0.544 0.544 0.544 0.544 0.544 0.544 0.544 0.544 0.544 0.544 0.544 
TS19 0.544 0.544 0.544 0.544 0.544 0.544 0.544 0.544 0.544 0.544 0.544 0.544 0.544 0.544 0.544 0.544 0.544 0.544 0.544 0.544 0.544 0.544 0.544 0.544 0.544 0.544 0.544 0.544 0.544 0.544 0.544 0.544 
TS20 0.544 0.544 0.544 0.544 0.544 0.544 0.544 0.544 0.544 0.544 0.544 0.544 0.544 0.544 0.544 0.544 0.544 0.544 0.544 0.544 0.544 0.544 0.544 0.544 0.544 0.544 0.544 0.544 0.544 0.544 0.544 0.544 
TS21 0.544 0.544 0.544 0.544 0.544 0.544 0.544 0.544 0.544 0.544 0.544 0.544 0.544 0.544 0.544 0.544 0.544 0.544 0.544 0.544 0.544 0.544 0.544 0.544 0.544 0.544 0.544 0.544 0.544 0.544 0.544 0.544 
TS22 0.544 0.544 0.544 0.544 0.544 0.544 0.544 0.544 0.544 0.544 0.544 0.544 0.544 0.544 0.544 0.544 0.544 0.544 0.544 0.544 0.544 0.544 0.544 0.544 0.544 0.544 0.544 0.544 0.544 0.544 0.544 0.544 
TS23 0.544 0.544 0.544 0.544 0.544 0.544 0.544 0.544 0.544 0.544 0.544 0.544 0.544 0.544 0.544 0.544 0.544 0.544 0.544 0.544 0.544 0.544 0.544 0.544 0.544 0.544 0.544 0.544 0.544 0.544 0.544 0.544 
TS24 0.544 0.544 0.544 0.544 0.544 0.544 0.544 0.544 0.544 0.544 0.544 0.544 0.544 0.544 0.544 0.544 0.544 0.544 0.544 0.544 0.544 0.544 0.544 0.544 0.544 0.544 0.544 0.544 0.544 0.544 0.544 0.544 
TS25 0.5253 0.5253 0.5253 0.5253 0.5253 0.5253 0.5253 0.5253 0.5253 0.5253 0.5253 0.5253 0.5253 0.5253 0.5253 0.5253 0.5253 0.5253 0.5253 0.5253 0.5253 0.5253 0.5253 0.5253 0.5253 0.5253 0.5253 0.5253 0.5253 0.5253 0.5253 0.5253 
TS26 0.5253 0.5253 0.5253 0.5253 0.5253 0.5253 0.5253 0.5253 0.5253 0.5253 0.5253 0.5253 0.5253 0.5253 0.5253 0.5253 0.5253 0.5253 0.5253 0.5253 0.5253 0.5253 0.5253 0.5253 0.5253 0.5253 0.5253 0.5253 0.5253 0.5253 0.5253 0.5253 
TS27 0.5253 0.5253 0.5253 0.5253 0.5253 0.5253 0.5253 0.5253 0.5253 0.5253 0.5253 0.5253 0.5253 0.5253 0.5253 0.5253 0.5253 0.5253 0.5253 0.5253 0.5253 0.5253 0.5253 0.5253 0.5253 0.5253 0.5253 0.5253 0.5253 0.5253 0.5253 0.5253 
TS28 0.5253 0.5253 0.5253 0.5253 0.5253 0.5253 0.5253 0.5253 0.5253 0.5253 0.5253 0.5253 0.5253 0.5253 0.5253 0.5253 0.5253 0.5253 0.5253 0.5253 0.5253 0.5253 0.5253 0.5253 0.5253 0.5253 0.5253 0.5253 0.5253 0.5253 0.5253 0.5253 
TS29 0.5253 0.5253 0.5253 0.5253 0.5253 0.5253 0.5253 0.5253 0.5253 0.5253 0.5253 0.5253 0.5253 0.5253 0.5253 0.5253 0.5253 0.5253 0.5253 0.5253 0.5253 0.5253 0.5253 0.5253 0.5253 0.5253 0.5253 0.5253 0.5253 0.5253 0.5253 0.5253 
TS30 0.5253 0.5253 0.5253 0.5253 0.5253 0.5253 0.5253 0.5253 0.5253 0.5253 0.5253 0.5253 0.5253 0.5253 0.5253 0.5253 0.5253 0.5253 0.5253 0.5253 0.5253 0.5253 0.5253 0.5253 0.5253 0.5253 0.5253 0.5253 0.5253 0.5253 0.5253 0.5253 
TS31 0.5253 0.5253 0.5253 0.5253 0.5253 0.5253 0.5253 0.5253 0.5253 0.5253 0.5253 0.5253 0.5253 0.5253 0.5253 0.5253 0.5253 0.5253 0.5253 0.5253 0.5253 0.5253 0.5253 0.5253 0.5253 0.5253 0.5253 0.5253 0.5253 0.5253 0.5253 0.5253 
TS32 0.5253 0.5253 0.5253 0.5253 0.5253 0.5253 0.5253 0.5253 0.5253 0.5253 0.5253 0.5253 0.5253 0.5253 0.5253 0.5253 0.5253 0.5253 0.5253 0.5253 0.5253 0.5253 0.5253 0.5253 0.5253 0.5253 0.5253 0.5253 0.5253 0.5253 0.5253 0.5253 
TS33 0.5253 0.5253 0.5253 0.5253 0.5253 0.5253 0.5253 0.5253 0.5253 0.5253 0.5253 0.5253 0.5253 0.5253 0.5253 0.5253 0.5253 0.5253 0.5253 0.5253 0.5253 0.5253 0.5253 0.5253 0.5253 0.5253 0.5253 0.5253 0.5253 0.5253 0.5253 0.5253 
TS34 0.5253 0.5253 0.5253 0.5253 0.5253 0.5253 0.5253 0.5253 0.5253 0.5253 0.5253 0.5253 0.5253 0.5253 0.5253 0.5253 0.5253 0.5253 0.5253 0.5253 0.5253 0.5253 0.5253 0.5253 0.5253 0.5253 0.5253 0.5253 0.5253 0.5253 0.5253 0.5253 
TS35 0.5253 0.5253 0.5253 0.5253 0.5253 0.5253 0.5253 0.5253 0.5253 0.5253 0.5253 0.5253 0.5253 0.5253 0.5253 0.5253 0.5253 0.5253 0.5253 0.5253 0.5253 0.5253 0.5253 0.5253 0.5253 0.5253 0.5253 0.5253 0.5253 0.5253 0.5253 0.5253 
TS36 0.5253 0.5253 0.5253 0.5253 0.5253 0.5253 0.5253 0.5253 0.5253 0.5253 0.5253 0.5253 0.5253 0.5253 0.5253 0.5253 0.5253 0.5253 0.5253 0.5253 0.5253 0.5253 0.5253 0.5253 0.5253 0.5253 0.5253 0.5253 0.5253 0.5253 0.5253 0.5253 
TS37 0.5601 0.5601 0.5601 0.5601 0.5601 0.5601 0.5601 0.5601 0.5601 0.5601 0.5601 0.5601 0.5601 0.5601 0.5601 0.5601 0.5601 0.5601 0.5601 0.5601 0.5601 0.5601 0.5601 0.5601 0.5601 0.5601 0.5601 0.5601 0.5601 0.5601 0.5601 0.5601 
TS38 0.5601 0.5601 0.5601 0.5601 0.5601 0.5601 0.5601 0.5601 0.5601 0.5601 0.5601 0.5601 0.5601 0.5601 0.5601 0.5601 0.5601 0.5601 0.5601 0.5601 0.5601 0.5601 0.5601 0.5601 0.5601 0.5601 0.5601 0.5601 0.5601 0.5601 0.5601 0.5601 
TS39 0.5601 0.5601 0.5601 0.5601 0.5601 0.5601 0.5601 0.5601 0.5601 0.5601 0.5601 0.5601 0.5601 0.5601 0.5601 0.5601 0.5601 0.5601 0.5601 0.5601 0.5601 0.5601 0.5601 0.5601 0.5601 0.5601 0.5601 0.5601 0.5601 0.5601 0.5601 0.5601 
TS40 0.5601 0.5601 0.5601 0.5601 0.5601 0.5601 0.5601 0.5601 0.5601 0.5601 0.5601 0.5601 0.5601 0.5601 0.5601 0.5601 0.5601 0.5601 0.5601 0.5601 0.5601 0.5601 0.5601 0.5601 0.5601 0.5601 0.5601 0.5601 0.5601 0.5601 0.5601 0.5601 
TS41 0.5601 0.5601 0.5601 0.5601 0.5601 0.5601 0.5601 0.5601 0.5601 0.5601 0.5601 0.5601 0.5601 0.5601 0.5601 0.5601 0.5601 0.5601 0.5601 0.5601 0.5601 0.5601 0.5601 0.5601 0.5601 0.5601 0.5601 0.5601 0.5601 0.5601 0.5601 0.5601 
TS42 0.5601 0.5601 0.5601 0.5601 0.5601 0.5601 0.5601 0.5601 0.5601 0.5601 0.5601 0.5601 0.5601 0.5601 0.5601 0.5601 0.5601 0.5601 0.5601 0.5601 0.5601 0.5601 0.5601 0.5601 0.5601 0.5601 0.5601 0.5601 0.5601 0.5601 0.5601 0.5601 
TS43 0.5601 0.5601 0.5601 0.5601 0.5601 0.5601 0.5601 0.5601 0.5601 0.5601 0.5601 0.5601 0.5601 0.5601 0.5601 0.5601 0.5601 0.5601 0.5601 0.5601 0.5601 0.5601 0.5601 0.5601 0.5601 0.5601 0.5601 0.5601 0.5601 0.5601 0.5601 0.5601 
TS44 0.5601 0.5601 0.5601 0.5601 0.5601 0.5601 0.5601 0.5601 0.5601 0.5601 0.5601 0.5601 0.5601 0.5601 0.5601 0.5601 0.5601 0.5601 0.5601 0.5601 0.5601 0.5601 0.5601 0.5601 0.5601 0.5601 0.5601 0.5601 0.5601 0.5601 0.5601 0.5601 
TS45 0.5601 0.5601 0.5601 0.5601 0.5601 0.5601 0.5601 0.5601 0.5601 0.5601 0.5601 0.5601 0.5601 0.5601 0.5601 0.5601 0.5601 0.5601 0.5601 0.5601 0.5601 0.5601 0.5601 0.5601 0.5601 0.5601 0.5601 0.5601 0.5601 0.5601 0.5601 0.5601 
TS46 0.5601 0.5601 0.5601 0.5601 0.5601 0.5601 0.5601 0.5601 0.5601 0.5601 0.5601 0.5601 0.5601 0.5601 0.5601 0.5601 0.5601 0.5601 0.5601 0.5601 0.5601 0.5601 0.5601 0.5601 0.5601 0.5601 0.5601 0.5601 0.5601 0.5601 0.5601 0.5601 
TS47 0.5601 0.5601 0.5601 0.5601 0.5601 0.5601 0.5601 0.5601 0.5601 0.5601 0.5601 0.5601 0.5601 0.5601 0.5601 0.5601 0.5601 0.5601 0.5601 0.5601 0.5601 0.5601 0.5601 0.5601 0.5601 0.5601 0.5601 0.5601 0.5601 0.5601 0.5601 0.5601 
TS48 0.5601 0.5601 0.5601 0.5601 0.5601 0.5601 0.5601 0.5601 0.5601 0.5601 0.5601 0.5601 0.5601 0.5601 0.5601 0.5601 0.5601 0.5601 0.5601 0.5601 0.5601 0.5601 0.5601 0.5601 0.5601 0.5601 0.5601 0.5601 0.5601 0.5601 0.5601 0.5601 
[RE1,PWRHYD003,*,*]:
2019 2020 2021 2022 2023 2024 2025 2026 2027 2028 2029 2030 2031 2032 2033 2034 2035 2036 2037 2038 2039 2040 2041 2042 2043 2044 2045 2046 2047 2048 2049 2050 :=
TS01 0.6698 0.6698 0.6698 0.6698 0.6698 0.6698 0.6698 0.6698 0.6698 0.6698 0.6698 0.6698 0.6698 0.6698 0.6698 0.6698 0.6698 0.6698 0.6698 0.6698 0.6698 0.6698 0.6698 0.6698 0.6698 0.6698 0.6698 0.6698 0.6698 0.6698 0.6698 0.6698 
TS02 0.6698 0.6698 0.6698 0.6698 0.6698 0.6698 0.6698 0.6698 0.6698 0.6698 0.6698 0.6698 0.6698 0.6698 0.6698 0.6698 0.6698 0.6698 0.6698 0.6698 0.6698 0.6698 0.6698 0.6698 0.6698 0.6698 0.6698 0.6698 0.6698 0.6698 0.6698 0.6698 
TS03 0.6698 0.6698 0.6698 0.6698 0.6698 0.6698 0.6698 0.6698 0.6698 0.6698 0.6698 0.6698 0.6698 0.6698 0.6698 0.6698 0.6698 0.6698 0.6698 0.6698 0.6698 0.6698 0.6698 0.6698 0.6698 0.6698 0.6698 0.6698 0.6698 0.6698 0.6698 0.6698 
TS04 0.6698 0.6698 0.6698 0.6698 0.6698 0.6698 0.6698 0.6698 0.6698 0.6698 0.6698 0.6698 0.6698 0.6698 0.6698 0.6698 0.6698 0.6698 0.6698 0.6698 0.6698 0.6698 0.6698 0.6698 0.6698 0.6698 0.6698 0.6698 0.6698 0.6698 0.6698 0.6698 
TS05 0.6698 0.6698 0.6698 0.6698 0.6698 0.6698 0.6698 0.6698 0.6698 0.6698 0.6698 0.6698 0.6698 0.6698 0.6698 0.6698 0.6698 0.6698 0.6698 0.6698 0.6698 0.6698 0.6698 0.6698 0.6698 0.6698 0.6698 0.6698 0.6698 0.6698 0.6698 0.6698 
TS06 0.6698 0.6698 0.6698 0.6698 0.6698 0.6698 0.6698 0.6698 0.6698 0.6698 0.6698 0.6698 0.6698 0.6698 0.6698 0.6698 0.6698 0.6698 0.6698 0.6698 0.6698 0.6698 0.6698 0.6698 0.6698 0.6698 0.6698 0.6698 0.6698 0.6698 0.6698 0.6698 
TS07 0.6698 0.6698 0.6698 0.6698 0.6698 0.6698 0.6698 0.6698 0.6698 0.6698 0.6698 0.6698 0.6698 0.6698 0.6698 0.6698 0.6698 0.6698 0.6698 0.6698 0.6698 0.6698 0.6698 0.6698 0.6698 0.6698 0.6698 0.6698 0.6698 0.6698 0.6698 0.6698 
TS08 0.6698 0.6698 0.6698 0.6698 0.6698 0.6698 0.6698 0.6698 0.6698 0.6698 0.6698 0.6698 0.6698 0.6698 0.6698 0.6698 0.6698 0.6698 0.6698 0.6698 0.6698 0.6698 0.6698 0.6698 0.6698 0.6698 0.6698 0.6698 0.6698 0.6698 0.6698 0.6698 
TS09 0.6698 0.6698 0.6698 0.6698 0.6698 0.6698 0.6698 0.6698 0.6698 0.6698 0.6698 0.6698 0.6698 0.6698 0.6698 0.6698 0.6698 0.6698 0.6698 0.6698 0.6698 0.6698 0.6698 0.6698 0.6698 0.6698 0.6698 0.6698 0.6698 0.6698 0.6698 0.6698 
TS10 0.6698 0.6698 0.6698 0.6698 0.6698 0.6698 0.6698 0.6698 0.6698 0.6698 0.6698 0.6698 0.6698 0.6698 0.6698 0.6698 0.6698 0.6698 0.6698 0.6698 0.6698 0.6698 0.6698 0.6698 0.6698 0.6698 0.6698 0.6698 0.6698 0.6698 0.6698 0.6698 
TS11 0.6698 0.6698 0.6698 0.6698 0.6698 0.6698 0.6698 0.6698 0.6698 0.6698 0.6698 0.6698 0.6698 0.6698 0.6698 0.6698 0.6698 0.6698 0.6698 0.6698 0.6698 0.6698 0.6698 0.6698 0.6698 0.6698 0.6698 0.6698 0.6698 0.6698 0.6698 0.6698 
TS12 0.6698 0.6698 0.6698 0.6698 0.6698 0.6698 0.6698 0.6698 0.6698 0.6698 0.6698 0.6698 0.6698 0.6698 0.6698 0.6698 0.6698 0.6698 0.6698 0.6698 0.6698 0.6698 0.6698 0.6698 0.6698 0.6698 0.6698 0.6698 0.6698 0.6698 0.6698 0.6698 
TS13 0.4791 0.4791 0.4791 0.4791 0.4791 0.4791 0.4791 0.4791 0.4791 0.4791 0.4791 0.4791 0.4791 0.4791 0.4791 0.4791 0.4791 0.4791 0.4791 0.4791 0.4791 0.4791 0.4791 0.4791 0.4791 0.4791 0.4791 0.4791 0.4791 0.4791 0.4791 0.4791 
TS14 0.4791 0.4791 0.4791 0.4791 0.4791 0.4791 0.4791 0.4791 0.4791 0.4791 0.4791 0.4791 0.4791 0.4791 0.4791 0.4791 0.4791 0.4791 0.4791 0.4791 0.4791 0.4791 0.4791 0.4791 0.4791 0.4791 0.4791 0.4791 0.4791 0.4791 0.4791 0.4791 
TS15 0.4791 0.4791 0.4791 0.4791 0.4791 0.4791 0.4791 0.4791 0.4791 0.4791 0.4791 0.4791 0.4791 0.4791 0.4791 0.4791 0.4791 0.4791 0.4791 0.4791 0.4791 0.4791 0.4791 0.4791 0.4791 0.4791 0.4791 0.4791 0.4791 0.4791 0.4791 0.4791 
TS16 0.4791 0.4791 0.4791 0.4791 0.4791 0.4791 0.4791 0.4791 0.4791 0.4791 0.4791 0.4791 0.4791 0.4791 0.4791 0.4791 0.4791 0.4791 0.4791 0.4791 0.4791 0.4791 0.4791 0.4791 0.4791 0.4791 0.4791 0.4791 0.4791 0.4791 0.4791 0.4791 
TS17 0.4791 0.4791 0.4791 0.4791 0.4791 0.4791 0.4791 0.4791 0.4791 0.4791 0.4791 0.4791 0.4791 0.4791 0.4791 0.4791 0.4791 0.4791 0.4791 0.4791 0.4791 0.4791 0.4791 0.4791 0.4791 0.4791 0.4791 0.4791 0.4791 0.4791 0.4791 0.4791 
TS18 0.4791 0.4791 0.4791 0.4791 0.4791 0.4791 0.4791 0.4791 0.4791 0.4791 0.4791 0.4791 0.4791 0.4791 0.4791 0.4791 0.4791 0.4791 0.4791 0.4791 0.4791 0.4791 0.4791 0.4791 0.4791 0.4791 0.4791 0.4791 0.4791 0.4791 0.4791 0.4791 
TS19 0.4791 0.4791 0.4791 0.4791 0.4791 0.4791 0.4791 0.4791 0.4791 0.4791 0.4791 0.4791 0.4791 0.4791 0.4791 0.4791 0.4791 0.4791 0.4791 0.4791 0.4791 0.4791 0.4791 0.4791 0.4791 0.4791 0.4791 0.4791 0.4791 0.4791 0.4791 0.4791 
TS20 0.4791 0.4791 0.4791 0.4791 0.4791 0.4791 0.4791 0.4791 0.4791 0.4791 0.4791 0.4791 0.4791 0.4791 0.4791 0.4791 0.4791 0.4791 0.4791 0.4791 0.4791 0.4791 0.4791 0.4791 0.4791 0.4791 0.4791 0.4791 0.4791 0.4791 0.4791 0.4791 
TS21 0.4791 0.4791 0.4791 0.4791 0.4791 0.4791 0.4791 0.4791 0.4791 0.4791 0.4791 0.4791 0.4791 0.4791 0.4791 0.4791 0.4791 0.4791 0.4791 0.4791 0.4791 0.4791 0.4791 0.4791 0.4791 0.4791 0.4791 0.4791 0.4791 0.4791 0.4791 0.4791 
TS22 0.4791 0.4791 0.4791 0.4791 0.4791 0.4791 0.4791 0.4791 0.4791 0.4791 0.4791 0.4791 0.4791 0.4791 0.4791 0.4791 0.4791 0.4791 0.4791 0.4791 0.4791 0.4791 0.4791 0.4791 0.4791 0.4791 0.4791 0.4791 0.4791 0.4791 0.4791 0.4791 
TS23 0.4791 0.4791 0.4791 0.4791 0.4791 0.4791 0.4791 0.4791 0.4791 0.4791 0.4791 0.4791 0.4791 0.4791 0.4791 0.4791 0.4791 0.4791 0.4791 0.4791 0.4791 0.4791 0.4791 0.4791 0.4791 0.4791 0.4791 0.4791 0.4791 0.4791 0.4791 0.4791 
TS24 0.4791 0.4791 0.4791 0.4791 0.4791 0.4791 0.4791 0.4791 0.4791 0.4791 0.4791 0.4791 0.4791 0.4791 0.4791 0.4791 0.4791 0.4791 0.4791 0.4791 0.4791 0.4791 0.4791 0.4791 0.4791 0.4791 0.4791 0.4791 0.4791 0.4791 0.4791 0.4791 
TS25 0.5384 0.5384 0.5384 0.5384 0.5384 0.5384 0.5384 0.5384 0.5384 0.5384 0.5384 0.5384 0.5384 0.5384 0.5384 0.5384 0.5384 0.5384 0.5384 0.5384 0.5384 0.5384 0.5384 0.5384 0.5384 0.5384 0.5384 0.5384 0.5384 0.5384 0.5384 0.5384 
TS26 0.5384 0.5384 0.5384 0.5384 0.5384 0.5384 0.5384 0.5384 0.5384 0.5384 0.5384 0.5384 0.5384 0.5384 0.5384 0.5384 0.5384 0.5384 0.5384 0.5384 0.5384 0.5384 0.5384 0.5384 0.5384 0.5384 0.5384 0.5384 0.5384 0.5384 0.5384 0.5384 
TS27 0.5384 0.5384 0.5384 0.5384 0.5384 0.5384 0.5384 0.5384 0.5384 0.5384 0.5384 0.5384 0.5384 0.5384 0.5384 0.5384 0.5384 0.5384 0.5384 0.5384 0.5384 0.5384 0.5384 0.5384 0.5384 0.5384 0.5384 0.5384 0.5384 0.5384 0.5384 0.5384 
TS28 0.5384 0.5384 0.5384 0.5384 0.5384 0.5384 0.5384 0.5384 0.5384 0.5384 0.5384 0.5384 0.5384 0.5384 0.5384 0.5384 0.5384 0.5384 0.5384 0.5384 0.5384 0.5384 0.5384 0.5384 0.5384 0.5384 0.5384 0.5384 0.5384 0.5384 0.5384 0.5384 
TS29 0.5384 0.5384 0.5384 0.5384 0.5384 0.5384 0.5384 0.5384 0.5384 0.5384 0.5384 0.5384 0.5384 0.5384 0.5384 0.5384 0.5384 0.5384 0.5384 0.5384 0.5384 0.5384 0.5384 0.5384 0.5384 0.5384 0.5384 0.5384 0.5384 0.5384 0.5384 0.5384 
TS30 0.5384 0.5384 0.5384 0.5384 0.5384 0.5384 0.5384 0.5384 0.5384 0.5384 0.5384 0.5384 0.5384 0.5384 0.5384 0.5384 0.5384 0.5384 0.5384 0.5384 0.5384 0.5384 0.5384 0.5384 0.5384 0.5384 0.5384 0.5384 0.5384 0.5384 0.5384 0.5384 
TS31 0.5384 0.5384 0.5384 0.5384 0.5384 0.5384 0.5384 0.5384 0.5384 0.5384 0.5384 0.5384 0.5384 0.5384 0.5384 0.5384 0.5384 0.5384 0.5384 0.5384 0.5384 0.5384 0.5384 0.5384 0.5384 0.5384 0.5384 0.5384 0.5384 0.5384 0.5384 0.5384 
TS32 0.5384 0.5384 0.5384 0.5384 0.5384 0.5384 0.5384 0.5384 0.5384 0.5384 0.5384 0.5384 0.5384 0.5384 0.5384 0.5384 0.5384 0.5384 0.5384 0.5384 0.5384 0.5384 0.5384 0.5384 0.5384 0.5384 0.5384 0.5384 0.5384 0.5384 0.5384 0.5384 
TS33 0.5384 0.5384 0.5384 0.5384 0.5384 0.5384 0.5384 0.5384 0.5384 0.5384 0.5384 0.5384 0.5384 0.5384 0.5384 0.5384 0.5384 0.5384 0.5384 0.5384 0.5384 0.5384 0.5384 0.5384 0.5384 0.5384 0.5384 0.5384 0.5384 0.5384 0.5384 0.5384 
TS34 0.5384 0.5384 0.5384 0.5384 0.5384 0.5384 0.5384 0.5384 0.5384 0.5384 0.5384 0.5384 0.5384 0.5384 0.5384 0.5384 0.5384 0.5384 0.5384 0.5384 0.5384 0.5384 0.5384 0.5384 0.5384 0.5384 0.5384 0.5384 0.5384 0.5384 0.5384 0.5384 
TS35 0.5384 0.5384 0.5384 0.5384 0.5384 0.5384 0.5384 0.5384 0.5384 0.5384 0.5384 0.5384 0.5384 0.5384 0.5384 0.5384 0.5384 0.5384 0.5384 0.5384 0.5384 0.5384 0.5384 0.5384 0.5384 0.5384 0.5384 0.5384 0.5384 0.5384 0.5384 0.5384 
TS36 0.5384 0.5384 0.5384 0.5384 0.5384 0.5384 0.5384 0.5384 0.5384 0.5384 0.5384 0.5384 0.5384 0.5384 0.5384 0.5384 0.5384 0.5384 0.5384 0.5384 0.5384 0.5384 0.5384 0.5384 0.5384 0.5384 0.5384 0.5384 0.5384 0.5384 0.5384 0.5384 
TS37 0.5853 0.5853 0.5853 0.5853 0.5853 0.5853 0.5853 0.5853 0.5853 0.5853 0.5853 0.5853 0.5853 0.5853 0.5853 0.5853 0.5853 0.5853 0.5853 0.5853 0.5853 0.5853 0.5853 0.5853 0.5853 0.5853 0.5853 0.5853 0.5853 0.5853 0.5853 0.5853 
TS38 0.5853 0.5853 0.5853 0.5853 0.5853 0.5853 0.5853 0.5853 0.5853 0.5853 0.5853 0.5853 0.5853 0.5853 0.5853 0.5853 0.5853 0.5853 0.5853 0.5853 0.5853 0.5853 0.5853 0.5853 0.5853 0.5853 0.5853 0.5853 0.5853 0.5853 0.5853 0.5853 
TS39 0.5853 0.5853 0.5853 0.5853 0.5853 0.5853 0.5853 0.5853 0.5853 0.5853 0.5853 0.5853 0.5853 0.5853 0.5853 0.5853 0.5853 0.5853 0.5853 0.5853 0.5853 0.5853 0.5853 0.5853 0.5853 0.5853 0.5853 0.5853 0.5853 0.5853 0.5853 0.5853 
TS40 0.5853 0.5853 0.5853 0.5853 0.5853 0.5853 0.5853 0.5853 0.5853 0.5853 0.5853 0.5853 0.5853 0.5853 0.5853 0.5853 0.5853 0.5853 0.5853 0.5853 0.5853 0.5853 0.5853 0.5853 0.5853 0.5853 0.5853 0.5853 0.5853 0.5853 0.5853 0.5853 
TS41 0.5853 0.5853 0.5853 0.5853 0.5853 0.5853 0.5853 0.5853 0.5853 0.5853 0.5853 0.5853 0.5853 0.5853 0.5853 0.5853 0.5853 0.5853 0.5853 0.5853 0.5853 0.5853 0.5853 0.5853 0.5853 0.5853 0.5853 0.5853 0.5853 0.5853 0.5853 0.5853 
TS42 0.5853 0.5853 0.5853 0.5853 0.5853 0.5853 0.5853 0.5853 0.5853 0.5853 0.5853 0.5853 0.5853 0.5853 0.5853 0.5853 0.5853 0.5853 0.5853 0.5853 0.5853 0.5853 0.5853 0.5853 0.5853 0.5853 0.5853 0.5853 0.5853 0.5853 0.5853 0.5853 
TS43 0.5853 0.5853 0.5853 0.5853 0.5853 0.5853 0.5853 0.5853 0.5853 0.5853 0.5853 0.5853 0.5853 0.5853 0.5853 0.5853 0.5853 0.5853 0.5853 0.5853 0.5853 0.5853 0.5853 0.5853 0.5853 0.5853 0.5853 0.5853 0.5853 0.5853 0.5853 0.5853 
TS44 0.5853 0.5853 0.5853 0.5853 0.5853 0.5853 0.5853 0.5853 0.5853 0.5853 0.5853 0.5853 0.5853 0.5853 0.5853 0.5853 0.5853 0.5853 0.5853 0.5853 0.5853 0.5853 0.5853 0.5853 0.5853 0.5853 0.5853 0.5853 0.5853 0.5853 0.5853 0.5853 
TS45 0.5853 0.5853 0.5853 0.5853 0.5853 0.5853 0.5853 0.5853 0.5853 0.5853 0.5853 0.5853 0.5853 0.5853 0.5853 0.5853 0.5853 0.5853 0.5853 0.5853 0.5853 0.5853 0.5853 0.5853 0.5853 0.5853 0.5853 0.5853 0.5853 0.5853 0.5853 0.5853 
TS46 0.5853 0.5853 0.5853 0.5853 0.5853 0.5853 0.5853 0.5853 0.5853 0.5853 0.5853 0.5853 0.5853 0.5853 0.5853 0.5853 0.5853 0.5853 0.5853 0.5853 0.5853 0.5853 0.5853 0.5853 0.5853 0.5853 0.5853 0.5853 0.5853 0.5853 0.5853 0.5853 
TS47 0.5853 0.5853 0.5853 0.5853 0.5853 0.5853 0.5853 0.5853 0.5853 0.5853 0.5853 0.5853 0.5853 0.5853 0.5853 0.5853 0.5853 0.5853 0.5853 0.5853 0.5853 0.5853 0.5853 0.5853 0.5853 0.5853 0.5853 0.5853 0.5853 0.5853 0.5853 0.5853 
TS48 0.5853 0.5853 0.5853 0.5853 0.5853 0.5853 0.5853 0.5853 0.5853 0.5853 0.5853 0.5853 0.5853 0.5853 0.5853 0.5853 0.5853 0.5853 0.5853 0.5853 0.5853 0.5853 0.5853 0.5853 0.5853 0.5853 0.5853 0.5853 0.5853 0.5853 0.5853 0.5853 
[RE1,PWRHYD004,*,*]:
2019 2020 2021 2022 2023 2024 2025 2026 2027 2028 2029 2030 2031 2032 2033 2034 2035 2036 2037 2038 2039 2040 2041 2042 2043 2044 2045 2046 2047 2048 2049 2050 :=
TS01 0.2643 0.2643 0.2643 0.2643 0.2643 0.2643 0.2643 0.2643 0.2643 0.2643 0.2643 0.2643 0.2643 0.2643 0.2643 0.2643 0.2643 0.2643 0.2643 0.2643 0.2643 0.2643 0.2643 0.2643 0.2643 0.2643 0.2643 0.2643 0.2643 0.2643 0.2643 0.2643 
TS02 0.2643 0.2643 0.2643 0.2643 0.2643 0.2643 0.2643 0.2643 0.2643 0.2643 0.2643 0.2643 0.2643 0.2643 0.2643 0.2643 0.2643 0.2643 0.2643 0.2643 0.2643 0.2643 0.2643 0.2643 0.2643 0.2643 0.2643 0.2643 0.2643 0.2643 0.2643 0.2643 
TS03 0.2643 0.2643 0.2643 0.2643 0.2643 0.2643 0.2643 0.2643 0.2643 0.2643 0.2643 0.2643 0.2643 0.2643 0.2643 0.2643 0.2643 0.2643 0.2643 0.2643 0.2643 0.2643 0.2643 0.2643 0.2643 0.2643 0.2643 0.2643 0.2643 0.2643 0.2643 0.2643 
TS04 0.2643 0.2643 0.2643 0.2643 0.2643 0.2643 0.2643 0.2643 0.2643 0.2643 0.2643 0.2643 0.2643 0.2643 0.2643 0.2643 0.2643 0.2643 0.2643 0.2643 0.2643 0.2643 0.2643 0.2643 0.2643 0.2643 0.2643 0.2643 0.2643 0.2643 0.2643 0.2643 
TS05 0.2643 0.2643 0.2643 0.2643 0.2643 0.2643 0.2643 0.2643 0.2643 0.2643 0.2643 0.2643 0.2643 0.2643 0.2643 0.2643 0.2643 0.2643 0.2643 0.2643 0.2643 0.2643 0.2643 0.2643 0.2643 0.2643 0.2643 0.2643 0.2643 0.2643 0.2643 0.2643 
TS06 0.2643 0.2643 0.2643 0.2643 0.2643 0.2643 0.2643 0.2643 0.2643 0.2643 0.2643 0.2643 0.2643 0.2643 0.2643 0.2643 0.2643 0.2643 0.2643 0.2643 0.2643 0.2643 0.2643 0.2643 0.2643 0.2643 0.2643 0.2643 0.2643 0.2643 0.2643 0.2643 
TS07 0.2643 0.2643 0.2643 0.2643 0.2643 0.2643 0.2643 0.2643 0.2643 0.2643 0.2643 0.2643 0.2643 0.2643 0.2643 0.2643 0.2643 0.2643 0.2643 0.2643 0.2643 0.2643 0.2643 0.2643 0.2643 0.2643 0.2643 0.2643 0.2643 0.2643 0.2643 0.2643 
TS08 0.2643 0.2643 0.2643 0.2643 0.2643 0.2643 0.2643 0.2643 0.2643 0.2643 0.2643 0.2643 0.2643 0.2643 0.2643 0.2643 0.2643 0.2643 0.2643 0.2643 0.2643 0.2643 0.2643 0.2643 0.2643 0.2643 0.2643 0.2643 0.2643 0.2643 0.2643 0.2643 
TS09 0.2643 0.2643 0.2643 0.2643 0.2643 0.2643 0.2643 0.2643 0.2643 0.2643 0.2643 0.2643 0.2643 0.2643 0.2643 0.2643 0.2643 0.2643 0.2643 0.2643 0.2643 0.2643 0.2643 0.2643 0.2643 0.2643 0.2643 0.2643 0.2643 0.2643 0.2643 0.2643 
TS10 0.2643 0.2643 0.2643 0.2643 0.2643 0.2643 0.2643 0.2643 0.2643 0.2643 0.2643 0.2643 0.2643 0.2643 0.2643 0.2643 0.2643 0.2643 0.2643 0.2643 0.2643 0.2643 0.2643 0.2643 0.2643 0.2643 0.2643 0.2643 0.2643 0.2643 0.2643 0.2643 
TS11 0.2643 0.2643 0.2643 0.2643 0.2643 0.2643 0.2643 0.2643 0.2643 0.2643 0.2643 0.2643 0.2643 0.2643 0.2643 0.2643 0.2643 0.2643 0.2643 0.2643 0.2643 0.2643 0.2643 0.2643 0.2643 0.2643 0.2643 0.2643 0.2643 0.2643 0.2643 0.2643 
TS12 0.2643 0.2643 0.2643 0.2643 0.2643 0.2643 0.2643 0.2643 0.2643 0.2643 0.2643 0.2643 0.2643 0.2643 0.2643 0.2643 0.2643 0.2643 0.2643 0.2643 0.2643 0.2643 0.2643 0.2643 0.2643 0.2643 0.2643 0.2643 0.2643 0.2643 0.2643 0.2643 
TS13 0.2399 0.2399 0.2399 0.2399 0.2399 0.2399 0.2399 0.2399 0.2399 0.2399 0.2399 0.2399 0.2399 0.2399 0.2399 0.2399 0.2399 0.2399 0.2399 0.2399 0.2399 0.2399 0.2399 0.2399 0.2399 0.2399 0.2399 0.2399 0.2399 0.2399 0.2399 0.2399 
TS14 0.2399 0.2399 0.2399 0.2399 0.2399 0.2399 0.2399 0.2399 0.2399 0.2399 0.2399 0.2399 0.2399 0.2399 0.2399 0.2399 0.2399 0.2399 0.2399 0.2399 0.2399 0.2399 0.2399 0.2399 0.2399 0.2399 0.2399 0.2399 0.2399 0.2399 0.2399 0.2399 
TS15 0.2399 0.2399 0.2399 0.2399 0.2399 0.2399 0.2399 0.2399 0.2399 0.2399 0.2399 0.2399 0.2399 0.2399 0.2399 0.2399 0.2399 0.2399 0.2399 0.2399 0.2399 0.2399 0.2399 0.2399 0.2399 0.2399 0.2399 0.2399 0.2399 0.2399 0.2399 0.2399 
TS16 0.2399 0.2399 0.2399 0.2399 0.2399 0.2399 0.2399 0.2399 0.2399 0.2399 0.2399 0.2399 0.2399 0.2399 0.2399 0.2399 0.2399 0.2399 0.2399 0.2399 0.2399 0.2399 0.2399 0.2399 0.2399 0.2399 0.2399 0.2399 0.2399 0.2399 0.2399 0.2399 
TS17 0.2399 0.2399 0.2399 0.2399 0.2399 0.2399 0.2399 0.2399 0.2399 0.2399 0.2399 0.2399 0.2399 0.2399 0.2399 0.2399 0.2399 0.2399 0.2399 0.2399 0.2399 0.2399 0.2399 0.2399 0.2399 0.2399 0.2399 0.2399 0.2399 0.2399 0.2399 0.2399 
TS18 0.2399 0.2399 0.2399 0.2399 0.2399 0.2399 0.2399 0.2399 0.2399 0.2399 0.2399 0.2399 0.2399 0.2399 0.2399 0.2399 0.2399 0.2399 0.2399 0.2399 0.2399 0.2399 0.2399 0.2399 0.2399 0.2399 0.2399 0.2399 0.2399 0.2399 0.2399 0.2399 
TS19 0.2399 0.2399 0.2399 0.2399 0.2399 0.2399 0.2399 0.2399 0.2399 0.2399 0.2399 0.2399 0.2399 0.2399 0.2399 0.2399 0.2399 0.2399 0.2399 0.2399 0.2399 0.2399 0.2399 0.2399 0.2399 0.2399 0.2399 0.2399 0.2399 0.2399 0.2399 0.2399 
TS20 0.2399 0.2399 0.2399 0.2399 0.2399 0.2399 0.2399 0.2399 0.2399 0.2399 0.2399 0.2399 0.2399 0.2399 0.2399 0.2399 0.2399 0.2399 0.2399 0.2399 0.2399 0.2399 0.2399 0.2399 0.2399 0.2399 0.2399 0.2399 0.2399 0.2399 0.2399 0.2399 
TS21 0.2399 0.2399 0.2399 0.2399 0.2399 0.2399 0.2399 0.2399 0.2399 0.2399 0.2399 0.2399 0.2399 0.2399 0.2399 0.2399 0.2399 0.2399 0.2399 0.2399 0.2399 0.2399 0.2399 0.2399 0.2399 0.2399 0.2399 0.2399 0.2399 0.2399 0.2399 0.2399 
TS22 0.2399 0.2399 0.2399 0.2399 0.2399 0.2399 0.2399 0.2399 0.2399 0.2399 0.2399 0.2399 0.2399 0.2399 0.2399 0.2399 0.2399 0.2399 0.2399 0.2399 0.2399 0.2399 0.2399 0.2399 0.2399 0.2399 0.2399 0.2399 0.2399 0.2399 0.2399 0.2399 
TS23 0.2399 0.2399 0.2399 0.2399 0.2399 0.2399 0.2399 0.2399 0.2399 0.2399 0.2399 0.2399 0.2399 0.2399 0.2399 0.2399 0.2399 0.2399 0.2399 0.2399 0.2399 0.2399 0.2399 0.2399 0.2399 0.2399 0.2399 0.2399 0.2399 0.2399 0.2399 0.2399 
TS24 0.2399 0.2399 0.2399 0.2399 0.2399 0.2399 0.2399 0.2399 0.2399 0.2399 0.2399 0.2399 0.2399 0.2399 0.2399 0.2399 0.2399 0.2399 0.2399 0.2399 0.2399 0.2399 0.2399 0.2399 0.2399 0.2399 0.2399 0.2399 0.2399 0.2399 0.2399 0.2399 
TS25 0.2761 0.2761 0.2761 0.2761 0.2761 0.2761 0.2761 0.2761 0.2761 0.2761 0.2761 0.2761 0.2761 0.2761 0.2761 0.2761 0.2761 0.2761 0.2761 0.2761 0.2761 0.2761 0.2761 0.2761 0.2761 0.2761 0.2761 0.2761 0.2761 0.2761 0.2761 0.2761 
TS26 0.2761 0.2761 0.2761 0.2761 0.2761 0.2761 0.2761 0.2761 0.2761 0.2761 0.2761 0.2761 0.2761 0.2761 0.2761 0.2761 0.2761 0.2761 0.2761 0.2761 0.2761 0.2761 0.2761 0.2761 0.2761 0.2761 0.2761 0.2761 0.2761 0.2761 0.2761 0.2761 
TS27 0.2761 0.2761 0.2761 0.2761 0.2761 0.2761 0.2761 0.2761 0.2761 0.2761 0.2761 0.2761 0.2761 0.2761 0.2761 0.2761 0.2761 0.2761 0.2761 0.2761 0.2761 0.2761 0.2761 0.2761 0.2761 0.2761 0.2761 0.2761 0.2761 0.2761 0.2761 0.2761 
TS28 0.2761 0.2761 0.2761 0.2761 0.2761 0.2761 0.2761 0.2761 0.2761 0.2761 0.2761 0.2761 0.2761 0.2761 0.2761 0.2761 0.2761 0.2761 0.2761 0.2761 0.2761 0.2761 0.2761 0.2761 0.2761 0.2761 0.2761 0.2761 0.2761 0.2761 0.2761 0.2761 
TS29 0.2761 0.2761 0.2761 0.2761 0.2761 0.2761 0.2761 0.2761 0.2761 0.2761 0.2761 0.2761 0.2761 0.2761 0.2761 0.2761 0.2761 0.2761 0.2761 0.2761 0.2761 0.2761 0.2761 0.2761 0.2761 0.2761 0.2761 0.2761 0.2761 0.2761 0.2761 0.2761 
TS30 0.2761 0.2761 0.2761 0.2761 0.2761 0.2761 0.2761 0.2761 0.2761 0.2761 0.2761 0.2761 0.2761 0.2761 0.2761 0.2761 0.2761 0.2761 0.2761 0.2761 0.2761 0.2761 0.2761 0.2761 0.2761 0.2761 0.2761 0.2761 0.2761 0.2761 0.2761 0.2761 
TS31 0.2761 0.2761 0.2761 0.2761 0.2761 0.2761 0.2761 0.2761 0.2761 0.2761 0.2761 0.2761 0.2761 0.2761 0.2761 0.2761 0.2761 0.2761 0.2761 0.2761 0.2761 0.2761 0.2761 0.2761 0.2761 0.2761 0.2761 0.2761 0.2761 0.2761 0.2761 0.2761 
TS32 0.2761 0.2761 0.2761 0.2761 0.2761 0.2761 0.2761 0.2761 0.2761 0.2761 0.2761 0.2761 0.2761 0.2761 0.2761 0.2761 0.2761 0.2761 0.2761 0.2761 0.2761 0.2761 0.2761 0.2761 0.2761 0.2761 0.2761 0.2761 0.2761 0.2761 0.2761 0.2761 
TS33 0.2761 0.2761 0.2761 0.2761 0.2761 0.2761 0.2761 0.2761 0.2761 0.2761 0.2761 0.2761 0.2761 0.2761 0.2761 0.2761 0.2761 0.2761 0.2761 0.2761 0.2761 0.2761 0.2761 0.2761 0.2761 0.2761 0.2761 0.2761 0.2761 0.2761 0.2761 0.2761 
TS34 0.2761 0.2761 0.2761 0.2761 0.2761 0.2761 0.2761 0.2761 0.2761 0.2761 0.2761 0.2761 0.2761 0.2761 0.2761 0.2761 0.2761 0.2761 0.2761 0.2761 0.2761 0.2761 0.2761 0.2761 0.2761 0.2761 0.2761 0.2761 0.2761 0.2761 0.2761 0.2761 
TS35 0.2761 0.2761 0.2761 0.2761 0.2761 0.2761 0.2761 0.2761 0.2761 0.2761 0.2761 0.2761 0.2761 0.2761 0.2761 0.2761 0.2761 0.2761 0.2761 0.2761 0.2761 0.2761 0.2761 0.2761 0.2761 0.2761 0.2761 0.2761 0.2761 0.2761 0.2761 0.2761 
TS36 0.2761 0.2761 0.2761 0.2761 0.2761 0.2761 0.2761 0.2761 0.2761 0.2761 0.2761 0.2761 0.2761 0.2761 0.2761 0.2761 0.2761 0.2761 0.2761 0.2761 0.2761 0.2761 0.2761 0.2761 0.2761 0.2761 0.2761 0.2761 0.2761 0.2761 0.2761 0.2761 
TS37 0.2479 0.2479 0.2479 0.2479 0.2479 0.2479 0.2479 0.2479 0.2479 0.2479 0.2479 0.2479 0.2479 0.2479 0.2479 0.2479 0.2479 0.2479 0.2479 0.2479 0.2479 0.2479 0.2479 0.2479 0.2479 0.2479 0.2479 0.2479 0.2479 0.2479 0.2479 0.2479 
TS38 0.2479 0.2479 0.2479 0.2479 0.2479 0.2479 0.2479 0.2479 0.2479 0.2479 0.2479 0.2479 0.2479 0.2479 0.2479 0.2479 0.2479 0.2479 0.2479 0.2479 0.2479 0.2479 0.2479 0.2479 0.2479 0.2479 0.2479 0.2479 0.2479 0.2479 0.2479 0.2479 
TS39 0.2479 0.2479 0.2479 0.2479 0.2479 0.2479 0.2479 0.2479 0.2479 0.2479 0.2479 0.2479 0.2479 0.2479 0.2479 0.2479 0.2479 0.2479 0.2479 0.2479 0.2479 0.2479 0.2479 0.2479 0.2479 0.2479 0.2479 0.2479 0.2479 0.2479 0.2479 0.2479 
TS40 0.2479 0.2479 0.2479 0.2479 0.2479 0.2479 0.2479 0.2479 0.2479 0.2479 0.2479 0.2479 0.2479 0.2479 0.2479 0.2479 0.2479 0.2479 0.2479 0.2479 0.2479 0.2479 0.2479 0.2479 0.2479 0.2479 0.2479 0.2479 0.2479 0.2479 0.2479 0.2479 
TS41 0.2479 0.2479 0.2479 0.2479 0.2479 0.2479 0.2479 0.2479 0.2479 0.2479 0.2479 0.2479 0.2479 0.2479 0.2479 0.2479 0.2479 0.2479 0.2479 0.2479 0.2479 0.2479 0.2479 0.2479 0.2479 0.2479 0.2479 0.2479 0.2479 0.2479 0.2479 0.2479 
TS42 0.2479 0.2479 0.2479 0.2479 0.2479 0.2479 0.2479 0.2479 0.2479 0.2479 0.2479 0.2479 0.2479 0.2479 0.2479 0.2479 0.2479 0.2479 0.2479 0.2479 0.2479 0.2479 0.2479 0.2479 0.2479 0.2479 0.2479 0.2479 0.2479 0.2479 0.2479 0.2479 
TS43 0.2479 0.2479 0.2479 0.2479 0.2479 0.2479 0.2479 0.2479 0.2479 0.2479 0.2479 0.2479 0.2479 0.2479 0.2479 0.2479 0.2479 0.2479 0.2479 0.2479 0.2479 0.2479 0.2479 0.2479 0.2479 0.2479 0.2479 0.2479 0.2479 0.2479 0.2479 0.2479 
TS44 0.2479 0.2479 0.2479 0.2479 0.2479 0.2479 0.2479 0.2479 0.2479 0.2479 0.2479 0.2479 0.2479 0.2479 0.2479 0.2479 0.2479 0.2479 0.2479 0.2479 0.2479 0.2479 0.2479 0.2479 0.2479 0.2479 0.2479 0.2479 0.2479 0.2479 0.2479 0.2479 
TS45 0.2479 0.2479 0.2479 0.2479 0.2479 0.2479 0.2479 0.2479 0.2479 0.2479 0.2479 0.2479 0.2479 0.2479 0.2479 0.2479 0.2479 0.2479 0.2479 0.2479 0.2479 0.2479 0.2479 0.2479 0.2479 0.2479 0.2479 0.2479 0.2479 0.2479 0.2479 0.2479 
TS46 0.2479 0.2479 0.2479 0.2479 0.2479 0.2479 0.2479 0.2479 0.2479 0.2479 0.2479 0.2479 0.2479 0.2479 0.2479 0.2479 0.2479 0.2479 0.2479 0.2479 0.2479 0.2479 0.2479 0.2479 0.2479 0.2479 0.2479 0.2479 0.2479 0.2479 0.2479 0.2479 
TS47 0.2479 0.2479 0.2479 0.2479 0.2479 0.2479 0.2479 0.2479 0.2479 0.2479 0.2479 0.2479 0.2479 0.2479 0.2479 0.2479 0.2479 0.2479 0.2479 0.2479 0.2479 0.2479 0.2479 0.2479 0.2479 0.2479 0.2479 0.2479 0.2479 0.2479 0.2479 0.2479 
TS48 0.2479 0.2479 0.2479 0.2479 0.2479 0.2479 0.2479 0.2479 0.2479 0.2479 0.2479 0.2479 0.2479 0.2479 0.2479 0.2479 0.2479 0.2479 0.2479 0.2479 0.2479 0.2479 0.2479 0.2479 0.2479 0.2479 0.2479 0.2479 0.2479 0.2479 0.2479 0.2479 
[RE1,PWRHYD005,*,*]:
2019 2020 2021 2022 2023 2024 2025 2026 2027 2028 2029 2030 2031 2032 2033 2034 2035 2036 2037 2038 2039 2040 2041 2042 2043 2044 2045 2046 2047 2048 2049 2050 :=
TS01 0.3611 0.3611 0.3611 0.3611 0.3611 0.3611 0.3611 0.3611 0.3611 0.3611 0.3611 0.3611 0.3611 0.3611 0.3611 0.3611 0.3611 0.3611 0.3611 0.3611 0.3611 0.3611 0.3611 0.3611 0.3611 0.3611 0.3611 0.3611 0.3611 0.3611 0.3611 0.3611 
TS02 0.3611 0.3611 0.3611 0.3611 0.3611 0.3611 0.3611 0.3611 0.3611 0.3611 0.3611 0.3611 0.3611 0.3611 0.3611 0.3611 0.3611 0.3611 0.3611 0.3611 0.3611 0.3611 0.3611 0.3611 0.3611 0.3611 0.3611 0.3611 0.3611 0.3611 0.3611 0.3611 
TS03 0.3611 0.3611 0.3611 0.3611 0.3611 0.3611 0.3611 0.3611 0.3611 0.3611 0.3611 0.3611 0.3611 0.3611 0.3611 0.3611 0.3611 0.3611 0.3611 0.3611 0.3611 0.3611 0.3611 0.3611 0.3611 0.3611 0.3611 0.3611 0.3611 0.3611 0.3611 0.3611 
TS04 0.3611 0.3611 0.3611 0.3611 0.3611 0.3611 0.3611 0.3611 0.3611 0.3611 0.3611 0.3611 0.3611 0.3611 0.3611 0.3611 0.3611 0.3611 0.3611 0.3611 0.3611 0.3611 0.3611 0.3611 0.3611 0.3611 0.3611 0.3611 0.3611 0.3611 0.3611 0.3611 
TS05 0.3611 0.3611 0.3611 0.3611 0.3611 0.3611 0.3611 0.3611 0.3611 0.3611 0.3611 0.3611 0.3611 0.3611 0.3611 0.3611 0.3611 0.3611 0.3611 0.3611 0.3611 0.3611 0.3611 0.3611 0.3611 0.3611 0.3611 0.3611 0.3611 0.3611 0.3611 0.3611 
TS06 0.3611 0.3611 0.3611 0.3611 0.3611 0.3611 0.3611 0.3611 0.3611 0.3611 0.3611 0.3611 0.3611 0.3611 0.3611 0.3611 0.3611 0.3611 0.3611 0.3611 0.3611 0.3611 0.3611 0.3611 0.3611 0.3611 0.3611 0.3611 0.3611 0.3611 0.3611 0.3611 
TS07 0.3611 0.3611 0.3611 0.3611 0.3611 0.3611 0.3611 0.3611 0.3611 0.3611 0.3611 0.3611 0.3611 0.3611 0.3611 0.3611 0.3611 0.3611 0.3611 0.3611 0.3611 0.3611 0.3611 0.3611 0.3611 0.3611 0.3611 0.3611 0.3611 0.3611 0.3611 0.3611 
TS08 0.3611 0.3611 0.3611 0.3611 0.3611 0.3611 0.3611 0.3611 0.3611 0.3611 0.3611 0.3611 0.3611 0.3611 0.3611 0.3611 0.3611 0.3611 0.3611 0.3611 0.3611 0.3611 0.3611 0.3611 0.3611 0.3611 0.3611 0.3611 0.3611 0.3611 0.3611 0.3611 
TS09 0.3611 0.3611 0.3611 0.3611 0.3611 0.3611 0.3611 0.3611 0.3611 0.3611 0.3611 0.3611 0.3611 0.3611 0.3611 0.3611 0.3611 0.3611 0.3611 0.3611 0.3611 0.3611 0.3611 0.3611 0.3611 0.3611 0.3611 0.3611 0.3611 0.3611 0.3611 0.3611 
TS10 0.3611 0.3611 0.3611 0.3611 0.3611 0.3611 0.3611 0.3611 0.3611 0.3611 0.3611 0.3611 0.3611 0.3611 0.3611 0.3611 0.3611 0.3611 0.3611 0.3611 0.3611 0.3611 0.3611 0.3611 0.3611 0.3611 0.3611 0.3611 0.3611 0.3611 0.3611 0.3611 
TS11 0.3611 0.3611 0.3611 0.3611 0.3611 0.3611 0.3611 0.3611 0.3611 0.3611 0.3611 0.3611 0.3611 0.3611 0.3611 0.3611 0.3611 0.3611 0.3611 0.3611 0.3611 0.3611 0.3611 0.3611 0.3611 0.3611 0.3611 0.3611 0.3611 0.3611 0.3611 0.3611 
TS12 0.3611 0.3611 0.3611 0.3611 0.3611 0.3611 0.3611 0.3611 0.3611 0.3611 0.3611 0.3611 0.3611 0.3611 0.3611 0.3611 0.3611 0.3611 0.3611 0.3611 0.3611 0.3611 0.3611 0.3611 0.3611 0.3611 0.3611 0.3611 0.3611 0.3611 0.3611 0.3611 
TS13 0.4868 0.4868 0.4868 0.4868 0.4868 0.4868 0.4868 0.4868 0.4868 0.4868 0.4868 0.4868 0.4868 0.4868 0.4868 0.4868 0.4868 0.4868 0.4868 0.4868 0.4868 0.4868 0.4868 0.4868 0.4868 0.4868 0.4868 0.4868 0.4868 0.4868 0.4868 0.4868 
TS14 0.4868 0.4868 0.4868 0.4868 0.4868 0.4868 0.4868 0.4868 0.4868 0.4868 0.4868 0.4868 0.4868 0.4868 0.4868 0.4868 0.4868 0.4868 0.4868 0.4868 0.4868 0.4868 0.4868 0.4868 0.4868 0.4868 0.4868 0.4868 0.4868 0.4868 0.4868 0.4868 
TS15 0.4868 0.4868 0.4868 0.4868 0.4868 0.4868 0.4868 0.4868 0.4868 0.4868 0.4868 0.4868 0.4868 0.4868 0.4868 0.4868 0.4868 0.4868 0.4868 0.4868 0.4868 0.4868 0.4868 0.4868 0.4868 0.4868 0.4868 0.4868 0.4868 0.4868 0.4868 0.4868 
TS16 0.4868 0.4868 0.4868 0.4868 0.4868 0.4868 0.4868 0.4868 0.4868 0.4868 0.4868 0.4868 0.4868 0.4868 0.4868 0.4868 0.4868 0.4868 0.4868 0.4868 0.4868 0.4868 0.4868 0.4868 0.4868 0.4868 0.4868 0.4868 0.4868 0.4868 0.4868 0.4868 
TS17 0.4868 0.4868 0.4868 0.4868 0.4868 0.4868 0.4868 0.4868 0.4868 0.4868 0.4868 0.4868 0.4868 0.4868 0.4868 0.4868 0.4868 0.4868 0.4868 0.4868 0.4868 0.4868 0.4868 0.4868 0.4868 0.4868 0.4868 0.4868 0.4868 0.4868 0.4868 0.4868 
TS18 0.4868 0.4868 0.4868 0.4868 0.4868 0.4868 0.4868 0.4868 0.4868 0.4868 0.4868 0.4868 0.4868 0.4868 0.4868 0.4868 0.4868 0.4868 0.4868 0.4868 0.4868 0.4868 0.4868 0.4868 0.4868 0.4868 0.4868 0.4868 0.4868 0.4868 0.4868 0.4868 
TS19 0.4868 0.4868 0.4868 0.4868 0.4868 0.4868 0.4868 0.4868 0.4868 0.4868 0.4868 0.4868 0.4868 0.4868 0.4868 0.4868 0.4868 0.4868 0.4868 0.4868 0.4868 0.4868 0.4868 0.4868 0.4868 0.4868 0.4868 0.4868 0.4868 0.4868 0.4868 0.4868 
TS20 0.4868 0.4868 0.4868 0.4868 0.4868 0.4868 0.4868 0.4868 0.4868 0.4868 0.4868 0.4868 0.4868 0.4868 0.4868 0.4868 0.4868 0.4868 0.4868 0.4868 0.4868 0.4868 0.4868 0.4868 0.4868 0.4868 0.4868 0.4868 0.4868 0.4868 0.4868 0.4868 
TS21 0.4868 0.4868 0.4868 0.4868 0.4868 0.4868 0.4868 0.4868 0.4868 0.4868 0.4868 0.4868 0.4868 0.4868 0.4868 0.4868 0.4868 0.4868 0.4868 0.4868 0.4868 0.4868 0.4868 0.4868 0.4868 0.4868 0.4868 0.4868 0.4868 0.4868 0.4868 0.4868 
TS22 0.4868 0.4868 0.4868 0.4868 0.4868 0.4868 0.4868 0.4868 0.4868 0.4868 0.4868 0.4868 0.4868 0.4868 0.4868 0.4868 0.4868 0.4868 0.4868 0.4868 0.4868 0.4868 0.4868 0.4868 0.4868 0.4868 0.4868 0.4868 0.4868 0.4868 0.4868 0.4868 
TS23 0.4868 0.4868 0.4868 0.4868 0.4868 0.4868 0.4868 0.4868 0.4868 0.4868 0.4868 0.4868 0.4868 0.4868 0.4868 0.4868 0.4868 0.4868 0.4868 0.4868 0.4868 0.4868 0.4868 0.4868 0.4868 0.4868 0.4868 0.4868 0.4868 0.4868 0.4868 0.4868 
TS24 0.4868 0.4868 0.4868 0.4868 0.4868 0.4868 0.4868 0.4868 0.4868 0.4868 0.4868 0.4868 0.4868 0.4868 0.4868 0.4868 0.4868 0.4868 0.4868 0.4868 0.4868 0.4868 0.4868 0.4868 0.4868 0.4868 0.4868 0.4868 0.4868 0.4868 0.4868 0.4868 
TS25 0.4822 0.4822 0.4822 0.4822 0.4822 0.4822 0.4822 0.4822 0.4822 0.4822 0.4822 0.4822 0.4822 0.4822 0.4822 0.4822 0.4822 0.4822 0.4822 0.4822 0.4822 0.4822 0.4822 0.4822 0.4822 0.4822 0.4822 0.4822 0.4822 0.4822 0.4822 0.4822 
TS26 0.4822 0.4822 0.4822 0.4822 0.4822 0.4822 0.4822 0.4822 0.4822 0.4822 0.4822 0.4822 0.4822 0.4822 0.4822 0.4822 0.4822 0.4822 0.4822 0.4822 0.4822 0.4822 0.4822 0.4822 0.4822 0.4822 0.4822 0.4822 0.4822 0.4822 0.4822 0.4822 
TS27 0.4822 0.4822 0.4822 0.4822 0.4822 0.4822 0.4822 0.4822 0.4822 0.4822 0.4822 0.4822 0.4822 0.4822 0.4822 0.4822 0.4822 0.4822 0.4822 0.4822 0.4822 0.4822 0.4822 0.4822 0.4822 0.4822 0.4822 0.4822 0.4822 0.4822 0.4822 0.4822 
TS28 0.4822 0.4822 0.4822 0.4822 0.4822 0.4822 0.4822 0.4822 0.4822 0.4822 0.4822 0.4822 0.4822 0.4822 0.4822 0.4822 0.4822 0.4822 0.4822 0.4822 0.4822 0.4822 0.4822 0.4822 0.4822 0.4822 0.4822 0.4822 0.4822 0.4822 0.4822 0.4822 
TS29 0.4822 0.4822 0.4822 0.4822 0.4822 0.4822 0.4822 0.4822 0.4822 0.4822 0.4822 0.4822 0.4822 0.4822 0.4822 0.4822 0.4822 0.4822 0.4822 0.4822 0.4822 0.4822 0.4822 0.4822 0.4822 0.4822 0.4822 0.4822 0.4822 0.4822 0.4822 0.4822 
TS30 0.4822 0.4822 0.4822 0.4822 0.4822 0.4822 0.4822 0.4822 0.4822 0.4822 0.4822 0.4822 0.4822 0.4822 0.4822 0.4822 0.4822 0.4822 0.4822 0.4822 0.4822 0.4822 0.4822 0.4822 0.4822 0.4822 0.4822 0.4822 0.4822 0.4822 0.4822 0.4822 
TS31 0.4822 0.4822 0.4822 0.4822 0.4822 0.4822 0.4822 0.4822 0.4822 0.4822 0.4822 0.4822 0.4822 0.4822 0.4822 0.4822 0.4822 0.4822 0.4822 0.4822 0.4822 0.4822 0.4822 0.4822 0.4822 0.4822 0.4822 0.4822 0.4822 0.4822 0.4822 0.4822 
TS32 0.4822 0.4822 0.4822 0.4822 0.4822 0.4822 0.4822 0.4822 0.4822 0.4822 0.4822 0.4822 0.4822 0.4822 0.4822 0.4822 0.4822 0.4822 0.4822 0.4822 0.4822 0.4822 0.4822 0.4822 0.4822 0.4822 0.4822 0.4822 0.4822 0.4822 0.4822 0.4822 
TS33 0.4822 0.4822 0.4822 0.4822 0.4822 0.4822 0.4822 0.4822 0.4822 0.4822 0.4822 0.4822 0.4822 0.4822 0.4822 0.4822 0.4822 0.4822 0.4822 0.4822 0.4822 0.4822 0.4822 0.4822 0.4822 0.4822 0.4822 0.4822 0.4822 0.4822 0.4822 0.4822 
TS34 0.4822 0.4822 0.4822 0.4822 0.4822 0.4822 0.4822 0.4822 0.4822 0.4822 0.4822 0.4822 0.4822 0.4822 0.4822 0.4822 0.4822 0.4822 0.4822 0.4822 0.4822 0.4822 0.4822 0.4822 0.4822 0.4822 0.4822 0.4822 0.4822 0.4822 0.4822 0.4822 
TS35 0.4822 0.4822 0.4822 0.4822 0.4822 0.4822 0.4822 0.4822 0.4822 0.4822 0.4822 0.4822 0.4822 0.4822 0.4822 0.4822 0.4822 0.4822 0.4822 0.4822 0.4822 0.4822 0.4822 0.4822 0.4822 0.4822 0.4822 0.4822 0.4822 0.4822 0.4822 0.4822 
TS36 0.4822 0.4822 0.4822 0.4822 0.4822 0.4822 0.4822 0.4822 0.4822 0.4822 0.4822 0.4822 0.4822 0.4822 0.4822 0.4822 0.4822 0.4822 0.4822 0.4822 0.4822 0.4822 0.4822 0.4822 0.4822 0.4822 0.4822 0.4822 0.4822 0.4822 0.4822 0.4822 
TS37 0.4982 0.4982 0.4982 0.4982 0.4982 0.4982 0.4982 0.4982 0.4982 0.4982 0.4982 0.4982 0.4982 0.4982 0.4982 0.4982 0.4982 0.4982 0.4982 0.4982 0.4982 0.4982 0.4982 0.4982 0.4982 0.4982 0.4982 0.4982 0.4982 0.4982 0.4982 0.4982 
TS38 0.4982 0.4982 0.4982 0.4982 0.4982 0.4982 0.4982 0.4982 0.4982 0.4982 0.4982 0.4982 0.4982 0.4982 0.4982 0.4982 0.4982 0.4982 0.4982 0.4982 0.4982 0.4982 0.4982 0.4982 0.4982 0.4982 0.4982 0.4982 0.4982 0.4982 0.4982 0.4982 
TS39 0.4982 0.4982 0.4982 0.4982 0.4982 0.4982 0.4982 0.4982 0.4982 0.4982 0.4982 0.4982 0.4982 0.4982 0.4982 0.4982 0.4982 0.4982 0.4982 0.4982 0.4982 0.4982 0.4982 0.4982 0.4982 0.4982 0.4982 0.4982 0.4982 0.4982 0.4982 0.4982 
TS40 0.4982 0.4982 0.4982 0.4982 0.4982 0.4982 0.4982 0.4982 0.4982 0.4982 0.4982 0.4982 0.4982 0.4982 0.4982 0.4982 0.4982 0.4982 0.4982 0.4982 0.4982 0.4982 0.4982 0.4982 0.4982 0.4982 0.4982 0.4982 0.4982 0.4982 0.4982 0.4982 
TS41 0.4982 0.4982 0.4982 0.4982 0.4982 0.4982 0.4982 0.4982 0.4982 0.4982 0.4982 0.4982 0.4982 0.4982 0.4982 0.4982 0.4982 0.4982 0.4982 0.4982 0.4982 0.4982 0.4982 0.4982 0.4982 0.4982 0.4982 0.4982 0.4982 0.4982 0.4982 0.4982 
TS42 0.4982 0.4982 0.4982 0.4982 0.4982 0.4982 0.4982 0.4982 0.4982 0.4982 0.4982 0.4982 0.4982 0.4982 0.4982 0.4982 0.4982 0.4982 0.4982 0.4982 0.4982 0.4982 0.4982 0.4982 0.4982 0.4982 0.4982 0.4982 0.4982 0.4982 0.4982 0.4982 
TS43 0.4982 0.4982 0.4982 0.4982 0.4982 0.4982 0.4982 0.4982 0.4982 0.4982 0.4982 0.4982 0.4982 0.4982 0.4982 0.4982 0.4982 0.4982 0.4982 0.4982 0.4982 0.4982 0.4982 0.4982 0.4982 0.4982 0.4982 0.4982 0.4982 0.4982 0.4982 0.4982 
TS44 0.4982 0.4982 0.4982 0.4982 0.4982 0.4982 0.4982 0.4982 0.4982 0.4982 0.4982 0.4982 0.4982 0.4982 0.4982 0.4982 0.4982 0.4982 0.4982 0.4982 0.4982 0.4982 0.4982 0.4982 0.4982 0.4982 0.4982 0.4982 0.4982 0.4982 0.4982 0.4982 
TS45 0.4982 0.4982 0.4982 0.4982 0.4982 0.4982 0.4982 0.4982 0.4982 0.4982 0.4982 0.4982 0.4982 0.4982 0.4982 0.4982 0.4982 0.4982 0.4982 0.4982 0.4982 0.4982 0.4982 0.4982 0.4982 0.4982 0.4982 0.4982 0.4982 0.4982 0.4982 0.4982 
TS46 0.4982 0.4982 0.4982 0.4982 0.4982 0.4982 0.4982 0.4982 0.4982 0.4982 0.4982 0.4982 0.4982 0.4982 0.4982 0.4982 0.4982 0.4982 0.4982 0.4982 0.4982 0.4982 0.4982 0.4982 0.4982 0.4982 0.4982 0.4982 0.4982 0.4982 0.4982 0.4982 
TS47 0.4982 0.4982 0.4982 0.4982 0.4982 0.4982 0.4982 0.4982 0.4982 0.4982 0.4982 0.4982 0.4982 0.4982 0.4982 0.4982 0.4982 0.4982 0.4982 0.4982 0.4982 0.4982 0.4982 0.4982 0.4982 0.4982 0.4982 0.4982 0.4982 0.4982 0.4982 0.4982 
TS48 0.4982 0.4982 0.4982 0.4982 0.4982 0.4982 0.4982 0.4982 0.4982 0.4982 0.4982 0.4982 0.4982 0.4982 0.4982 0.4982 0.4982 0.4982 0.4982 0.4982 0.4982 0.4982 0.4982 0.4982 0.4982 0.4982 0.4982 0.4982 0.4982 0.4982 0.4982 0.4982 
[RE1,PWRSOL001,*,*]:
2019 2020 2021 2022 2023 2024 2025 2026 2027 2028 2029 2030 2031 2032 2033 2034 2035 2036 2037 2038 2039 2040 2041 2042 2043 2044 2045 2046 2047 2048 2049 2050 :=
TS01 0.0 0.0 0.0 0.0 0.0 0.0 0.0 0.0 0.0 0.0 0.0 0.0 0.0 0.0 0.0 0.0 0.0 0.0 0.0 0.0 0.0 0.0 0.0 0.0 0.0 0.0 0.0 0.0 0.0 0.0 0.0 0.0 
TS02 0.1579 0.1579 0.1579 0.1579 0.1579 0.1579 0.1579 0.1579 0.1579 0.1579 0.1579 0.1579 0.1579 0.1579 0.1579 0.1579 0.1579 0.1579 0.1579 0.1579 0.1579 0.1579 0.1579 0.1579 0.1579 0.1579 0.1579 0.1579 0.1579 0.1579 0.1579 0.1579 
TS03 0.6615 0.6615 0.6615 0.6615 0.6615 0.6615 0.6615 0.6615 0.6615 0.6615 0.6615 0.6615 0.6615 0.6615 0.6615 0.6615 0.6615 0.6615 0.6615 0.6615 0.6615 0.6615 0.6615 0.6615 0.6615 0.6615 0.6615 0.6615 0.6615 0.6615 0.6615 0.6615 
TS04 0.2694 0.2694 0.2694 0.2694 0.2694 0.2694 0.2694 0.2694 0.2694 0.2694 0.2694 0.2694 0.2694 0.2694 0.2694 0.2694 0.2694 0.2694 0.2694 0.2694 0.2694 0.2694 0.2694 0.2694 0.2694 0.2694 0.2694 0.2694 0.2694 0.2694 0.2694 0.2694 
TS05 0.0 0.0 0.0 0.0 0.0 0.0 0.0 0.0 0.0 0.0 0.0 0.0 0.0 0.0 0.0 0.0 0.0 0.0 0.0 0.0 0.0 0.0 0.0 0.0 0.0 0.0 0.0 0.0 0.0 0.0 0.0 0.0 
TS06 0.0 0.0 0.0 0.0 0.0 0.0 0.0 0.0 0.0 0.0 0.0 0.0 0.0 0.0 0.0 0.0 0.0 0.0 0.0 0.0 0.0 0.0 0.0 0.0 0.0 0.0 0.0 0.0 0.0 0.0 0.0 0.0 
TS07 0.0 0.0 0.0 0.0 0.0 0.0 0.0 0.0 0.0 0.0 0.0 0.0 0.0 0.0 0.0 0.0 0.0 0.0 0.0 0.0 0.0 0.0 0.0 0.0 0.0 0.0 0.0 0.0 0.0 0.0 0.0 0.0 
TS08 0.1578 0.1578 0.1578 0.1578 0.1578 0.1578 0.1578 0.1578 0.1578 0.1578 0.1578 0.1578 0.1578 0.1578 0.1578 0.1578 0.1578 0.1578 0.1578 0.1578 0.1578 0.1578 0.1578 0.1578 0.1578 0.1578 0.1578 0.1578 0.1578 0.1578 0.1578 0.1578 
TS09 0.6693 0.6693 0.6693 0.6693 0.6693 0.6693 0.6693 0.6693 0.6693 0.6693 0.6693 0.6693 0.6693 0.6693 0.6693 0.6693 0.6693 0.6693 0.6693 0.6693 0.6693 0.6693 0.6693 0.6693 0.6693 0.6693 0.6693 0.6693 0.6693 0.6693 0.6693 0.6693 
TS10 0.2852 0.2852 0.2852 0.2852 0.2852 0.2852 0.2852 0.2852 0.2852 0.2852 0.2852 0.2852 0.2852 0.2852 0.2852 0.2852 0.2852 0.2852 0.2852 0.2852 0.2852 0.2852 0.2852 0.2852 0.2852 0.2852 0.2852 0.2852 0.2852 0.2852 0.2852 0.2852 
TS11 0.0 0.0 0.0 0.0 0.0 0.0 0.0 0.0 0.0 0.0 0.0 0.0 0.0 0.0 0.0 0.0 0.0 0.0 0.0 0.0 0.0 0.0 0.0 0.0 0.0 0.0 0.0 0.0 0.0 0.0 0.0 0.0 
TS12 0.0 0.0 0.0 0.0 0.0 0.0 0.0 0.0 0.0 0.0 0.0 0.0 0.0 0.0 0.0 0.0 0.0 0.0 0.0 0.0 0.0 0.0 0.0 0.0 0.0 0.0 0.0 0.0 0.0 0.0 0.0 0.0 
TS13 0.0 0.0 0.0 0.0 0.0 0.0 0.0 0.0 0.0 0.0 0.0 0.0 0.0 0.0 0.0 0.0 0.0 0.0 0.0 0.0 0.0 0.0 0.0 0.0 0.0 0.0 0.0 0.0 0.0 0.0 0.0 0.0 
TS14 0.147 0.147 0.147 0.147 0.147 0.147 0.147 0.147 0.147 0.147 0.147 0.147 0.147 0.147 0.147 0.147 0.147 0.147 0.147 0.147 0.147 0.147 0.147 0.147 0.147 0.147 0.147 0.147 0.147 0.147 0.147 0.147 
TS15 0.5687 0.5687 0.5687 0.5687 0.5687 0.5687 0.5687 0.5687 0.5687 0.5687 0.5687 0.5687 0.5687 0.5687 0.5687 0.5687 0.5687 0.5687 0.5687 0.5687 0.5687 0.5687 0.5687 0.5687 0.5687 0.5687 0.5687 0.5687 0.5687 0.5687 0.5687 0.5687 
TS16 0.1999 0.1999 0.1999 0.1999 0.1999 0.1999 0.1999 0.1999 0.1999 0.1999 0.1999 0.1999 0.1999 0.1999 0.1999 0.1999 0.1999 0.1999 0.1999 0.1999 0.1999 0.1999 0.1999 0.1999 0.1999 0.1999 0.1999 0.1999 0.1999 0.1999 0.1999 0.1999 
TS17 0.0 0.0 0.0 0.0 0.0 0.0 0.0 0.0 0.0 0.0 0.0 0.0 0.0 0.0 0.0 0.0 0.0 0.0 0.0 0.0 0.0 0.0 0.0 0.0 0.0 0.0 0.0 0.0 0.0 0.0 0.0 0.0 
TS18 0.0 0.0 0.0 0.0 0.0 0.0 0.0 0.0 0.0 0.0 0.0 0.0 0.0 0.0 0.0 0.0 0.0 0.0 0.0 0.0 0.0 0.0 0.0 0.0 0.0 0.0 0.0 0.0 0.0 0.0 0.0 0.0 
TS19 0.0 0.0 0.0 0.0 0.0 0.0 0.0 0.0 0.0 0.0 0.0 0.0 0.0 0.0 0.0 0.0 0.0 0.0 0.0 0.0 0.0 0.0 0.0 0.0 0.0 0.0 0.0 0.0 0.0 0.0 0.0 0.0 
TS20 0.1632 0.1632 0.1632 0.1632 0.1632 0.1632 0.1632 0.1632 0.1632 0.1632 0.1632 0.1632 0.1632 0.1632 0.1632 0.1632 0.1632 0.1632 0.1632 0.1632 0.1632 0.1632 0.1632 0.1632 0.1632 0.1632 0.1632 0.1632 0.1632 0.1632 0.1632 0.1632 
TS21 0.5952 0.5952 0.5952 0.5952 0.5952 0.5952 0.5952 0.5952 0.5952 0.5952 0.5952 0.5952 0.5952 0.5952 0.5952 0.5952 0.5952 0.5952 0.5952 0.5952 0.5952 0.5952 0.5952 0.5952 0.5952 0.5952 0.5952 0.5952 0.5952 0.5952 0.5952 0.5952 
TS22 0.1969 0.1969 0.1969 0.1969 0.1969 0.1969 0.1969 0.1969 0.1969 0.1969 0.1969 0.1969 0.1969 0.1969 0.1969 0.1969 0.1969 0.1969 0.1969 0.1969 0.1969 0.1969 0.1969 0.1969 0.1969 0.1969 0.1969 0.1969 0.1969 0.1969 0.1969 0.1969 
TS23 0.0 0.0 0.0 0.0 0.0 0.0 0.0 0.0 0.0 0.0 0.0 0.0 0.0 0.0 0.0 0.0 0.0 0.0 0.0 0.0 0.0 0.0 0.0 0.0 0.0 0.0 0.0 0.0 0.0 0.0 0.0 0.0 
TS24 0.0 0.0 0.0 0.0 0.0 0.0 0.0 0.0 0.0 0.0 0.0 0.0 0.0 0.0 0.0 0.0 0.0 0.0 0.0 0.0 0.0 0.0 0.0 0.0 0.0 0.0 0.0 0.0 0.0 0.0 0.0 0.0 
TS25 0.0 0.0 0.0 0.0 0.0 0.0 0.0 0.0 0.0 0.0 0.0 0.0 0.0 0.0 0.0 0.0 0.0 0.0 0.0 0.0 0.0 0.0 0.0 0.0 0.0 0.0 0.0 0.0 0.0 0.0 0.0 0.0 
TS26 0.1518 0.1518 0.1518 0.1518 0.1518 0.1518 0.1518 0.1518 0.1518 0.1518 0.1518 0.1518 0.1518 0.1518 0.1518 0.1518 0.1518 0.1518 0.1518 0.1518 0.1518 0.1518 0.1518 0.1518 0.1518 0.1518 0.1518 0.1518 0.1518 0.1518 0.1518 0.1518 
TS27 0.6091 0.6091 0.6091 0.6091 0.6091 0.6091 0.6091 0.6091 0.6091 0.6091 0.6091 0.6091 0.6091 0.6091 0.6091 0.6091 0.6091 0.6091 0.6091 0.6091 0.6091 0.6091 0.6091 0.6091 0.6091 0.6091 0.6091 0.6091 0.6091 0.6091 0.6091 0.6091 
TS28 0.2342 0.2342 0.2342 0.2342 0.2342 0.2342 0.2342 0.2342 0.2342 0.2342 0.2342 0.2342 0.2342 0.2342 0.2342 0.2342 0.2342 0.2342 0.2342 0.2342 0.2342 0.2342 0.2342 0.2342 0.2342 0.2342 0.2342 0.2342 0.2342 0.2342 0.2342 0.2342 
TS29 0.0 0.0 0.0 0.0 0.0 0.0 0.0 0.0 0.0 0.0 0.0 0.0 0.0 0.0 0.0 0.0 0.0 0.0 0.0 0.0 0.0 0.0 0.0 0.0 0.0 0.0 0.0 0.0 0.0 0.0 0.0 0.0 
TS30 0.0 0.0 0.0 0.0 0.0 0.0 0.0 0.0 0.0 0.0 0.0 0.0 0.0 0.0 0.0 0.0 0.0 0.0 0.0 0.0 0.0 0.0 0.0 0.0 0.0 0.0 0.0 0.0 0.0 0.0 0.0 0.0 
TS31 0.0 0.0 0.0 0.0 0.0 0.0 0.0 0.0 0.0 0.0 0.0 0.0 0.0 0.0 0.0 0.0 0.0 0.0 0.0 0.0 0.0 0.0 0.0 0.0 0.0 0.0 0.0 0.0 0.0 0.0 0.0 0.0 
TS32 0.1588 0.1588 0.1588 0.1588 0.1588 0.1588 0.1588 0.1588 0.1588 0.1588 0.1588 0.1588 0.1588 0.1588 0.1588 0.1588 0.1588 0.1588 0.1588 0.1588 0.1588 0.1588 0.1588 0.1588 0.1588 0.1588 0.1588 0.1588 0.1588 0.1588 0.1588 0.1588 
TS33 0.6283 0.6283 0.6283 0.6283 0.6283 0.6283 0.6283 0.6283 0.6283 0.6283 0.6283 0.6283 0.6283 0.6283 0.6283 0.6283 0.6283 0.6283 0.6283 0.6283 0.6283 0.6283 0.6283 0.6283 0.6283 0.6283 0.6283 0.6283 0.6283 0.6283 0.6283 0.6283 
TS34 0.24 0.24 0.24 0.24 0.24 0.24 0.24 0.24 0.24 0.24 0.24 0.24 0.24 0.24 0.24 0.24 0.24 0.24 0.24 0.24 0.24 0.24 0.24 0.24 0.24 0.24 0.24 0.24 0.24 0.24 0.24 0.24 
TS35 0.0 0.0 0.0 0.0 0.0 0.0 0.0 0.0 0.0 0.0 0.0 0.0 0.0 0.0 0.0 0.0 0.0 0.0 0.0 0.0 0.0 0.0 0.0 0.0 0.0 0.0 0.0 0.0 0.0 0.0 0.0 0.0 
TS36 0.0 0.0 0.0 0.0 0.0 0.0 0.0 0.0 0.0 0.0 0.0 0.0 0.0 0.0 0.0 0.0 0.0 0.0 0.0 0.0 0.0 0.0 0.0 0.0 0.0 0.0 0.0 0.0 0.0 0.0 0.0 0.0 
TS37 0.0 0.0 0.0 0.0 0.0 0.0 0.0 0.0 0.0 0.0 0.0 0.0 0.0 0.0 0.0 0.0 0.0 0.0 0.0 0.0 0.0 0.0 0.0 0.0 0.0 0.0 0.0 0.0 0.0 0.0 0.0 0.0 
TS38 0.2011 0.2011 0.2011 0.2011 0.2011 0.2011 0.2011 0.2011 0.2011 0.2011 0.2011 0.2011 0.2011 0.2011 0.2011 0.2011 0.2011 0.2011 0.2011 0.2011 0.2011 0.2011 0.2011 0.2011 0.2011 0.2011 0.2011 0.2011 0.2011 0.2011 0.2011 0.2011 
TS39 0.6475 0.6475 0.6475 0.6475 0.6475 0.6475 0.6475 0.6475 0.6475 0.6475 0.6475 0.6475 0.6475 0.6475 0.6475 0.6475 0.6475 0.6475 0.6475 0.6475 0.6475 0.6475 0.6475 0.6475 0.6475 0.6475 0.6475 0.6475 0.6475 0.6475 0.6475 0.6475 
TS40 0.2193 0.2193 0.2193 0.2193 0.2193 0.2193 0.2193 0.2193 0.2193 0.2193 0.2193 0.2193 0.2193 0.2193 0.2193 0.2193 0.2193 0.2193 0.2193 0.2193 0.2193 0.2193 0.2193 0.2193 0.2193 0.2193 0.2193 0.2193 0.2193 0.2193 0.2193 0.2193 
TS41 0.0 0.0 0.0 0.0 0.0 0.0 0.0 0.0 0.0 0.0 0.0 0.0 0.0 0.0 0.0 0.0 0.0 0.0 0.0 0.0 0.0 0.0 0.0 0.0 0.0 0.0 0.0 0.0 0.0 0.0 0.0 0.0 
TS42 0.0 0.0 0.0 0.0 0.0 0.0 0.0 0.0 0.0 0.0 0.0 0.0 0.0 0.0 0.0 0.0 0.0 0.0 0.0 0.0 0.0 0.0 0.0 0.0 0.0 0.0 0.0 0.0 0.0 0.0 0.0 0.0 
TS43 0.0 0.0 0.0 0.0 0.0 0.0 0.0 0.0 0.0 0.0 0.0 0.0 0.0 0.0 0.0 0.0 0.0 0.0 0.0 0.0 0.0 0.0 0.0 0.0 0.0 0.0 0.0 0.0 0.0 0.0 0.0 0.0 
TS44 0.2028 0.2028 0.2028 0.2028 0.2028 0.2028 0.2028 0.2028 0.2028 0.2028 0.2028 0.2028 0.2028 0.2028 0.2028 0.2028 0.2028 0.2028 0.2028 0.2028 0.2028 0.2028 0.2028 0.2028 0.2028 0.2028 0.2028 0.2028 0.2028 0.2028 0.2028 0.2028 
TS45 0.6576 0.6576 0.6576 0.6576 0.6576 0.6576 0.6576 0.6576 0.6576 0.6576 0.6576 0.6576 0.6576 0.6576 0.6576 0.6576 0.6576 0.6576 0.6576 0.6576 0.6576 0.6576 0.6576 0.6576 0.6576 0.6576 0.6576 0.6576 0.6576 0.6576 0.6576 0.6576 
TS46 0.2219 0.2219 0.2219 0.2219 0.2219 0.2219 0.2219 0.2219 0.2219 0.2219 0.2219 0.2219 0.2219 0.2219 0.2219 0.2219 0.2219 0.2219 0.2219 0.2219 0.2219 0.2219 0.2219 0.2219 0.2219 0.2219 0.2219 0.2219 0.2219 0.2219 0.2219 0.2219 
TS47 0.0 0.0 0.0 0.0 0.0 0.0 0.0 0.0 0.0 0.0 0.0 0.0 0.0 0.0 0.0 0.0 0.0 0.0 0.0 0.0 0.0 0.0 0.0 0.0 0.0 0.0 0.0 0.0 0.0 0.0 0.0 0.0 
TS48 0.0 0.0 0.0 0.0 0.0 0.0 0.0 0.0 0.0 0.0 0.0 0.0 0.0 0.0 0.0 0.0 0.0 0.0 0.0 0.0 0.0 0.0 0.0 0.0 0.0 0.0 0.0 0.0 0.0 0.0 0.0 0.0 
[RE1,PWRSOL002,*,*]:
2019 2020 2021 2022 2023 2024 2025 2026 2027 2028 2029 2030 2031 2032 2033 2034 2035 2036 2037 2038 2039 2040 2041 2042 2043 2044 2045 2046 2047 2048 2049 2050 :=
TS01 0.0 0.0 0.0 0.0 0.0 0.0 0.0 0.0 0.0 0.0 0.0 0.0 0.0 0.0 0.0 0.0 0.0 0.0 0.0 0.0 0.0 0.0 0.0 0.0 0.0 0.0 0.0 0.0 0.0 0.0 0.0 0.0 
TS02 0.1579 0.1579 0.1579 0.1579 0.1579 0.1579 0.1579 0.1579 0.1579 0.1579 0.1579 0.1579 0.1579 0.1579 0.1579 0.1579 0.1579 0.1579 0.1579 0.1579 0.1579 0.1579 0.1579 0.1579 0.1579 0.1579 0.1579 0.1579 0.1579 0.1579 0.1579 0.1579 
TS03 0.6615 0.6615 0.6615 0.6615 0.6615 0.6615 0.6615 0.6615 0.6615 0.6615 0.6615 0.6615 0.6615 0.6615 0.6615 0.6615 0.6615 0.6615 0.6615 0.6615 0.6615 0.6615 0.6615 0.6615 0.6615 0.6615 0.6615 0.6615 0.6615 0.6615 0.6615 0.6615 
TS04 0.2694 0.2694 0.2694 0.2694 0.2694 0.2694 0.2694 0.2694 0.2694 0.2694 0.2694 0.2694 0.2694 0.2694 0.2694 0.2694 0.2694 0.2694 0.2694 0.2694 0.2694 0.2694 0.2694 0.2694 0.2694 0.2694 0.2694 0.2694 0.2694 0.2694 0.2694 0.2694 
TS05 0.0 0.0 0.0 0.0 0.0 0.0 0.0 0.0 0.0 0.0 0.0 0.0 0.0 0.0 0.0 0.0 0.0 0.0 0.0 0.0 0.0 0.0 0.0 0.0 0.0 0.0 0.0 0.0 0.0 0.0 0.0 0.0 
TS06 0.0 0.0 0.0 0.0 0.0 0.0 0.0 0.0 0.0 0.0 0.0 0.0 0.0 0.0 0.0 0.0 0.0 0.0 0.0 0.0 0.0 0.0 0.0 0.0 0.0 0.0 0.0 0.0 0.0 0.0 0.0 0.0 
TS07 0.0 0.0 0.0 0.0 0.0 0.0 0.0 0.0 0.0 0.0 0.0 0.0 0.0 0.0 0.0 0.0 0.0 0.0 0.0 0.0 0.0 0.0 0.0 0.0 0.0 0.0 0.0 0.0 0.0 0.0 0.0 0.0 
TS08 0.1578 0.1578 0.1578 0.1578 0.1578 0.1578 0.1578 0.1578 0.1578 0.1578 0.1578 0.1578 0.1578 0.1578 0.1578 0.1578 0.1578 0.1578 0.1578 0.1578 0.1578 0.1578 0.1578 0.1578 0.1578 0.1578 0.1578 0.1578 0.1578 0.1578 0.1578 0.1578 
TS09 0.6693 0.6693 0.6693 0.6693 0.6693 0.6693 0.6693 0.6693 0.6693 0.6693 0.6693 0.6693 0.6693 0.6693 0.6693 0.6693 0.6693 0.6693 0.6693 0.6693 0.6693 0.6693 0.6693 0.6693 0.6693 0.6693 0.6693 0.6693 0.6693 0.6693 0.6693 0.6693 
TS10 0.2852 0.2852 0.2852 0.2852 0.2852 0.2852 0.2852 0.2852 0.2852 0.2852 0.2852 0.2852 0.2852 0.2852 0.2852 0.2852 0.2852 0.2852 0.2852 0.2852 0.2852 0.2852 0.2852 0.2852 0.2852 0.2852 0.2852 0.2852 0.2852 0.2852 0.2852 0.2852 
TS11 0.0 0.0 0.0 0.0 0.0 0.0 0.0 0.0 0.0 0.0 0.0 0.0 0.0 0.0 0.0 0.0 0.0 0.0 0.0 0.0 0.0 0.0 0.0 0.0 0.0 0.0 0.0 0.0 0.0 0.0 0.0 0.0 
TS12 0.0 0.0 0.0 0.0 0.0 0.0 0.0 0.0 0.0 0.0 0.0 0.0 0.0 0.0 0.0 0.0 0.0 0.0 0.0 0.0 0.0 0.0 0.0 0.0 0.0 0.0 0.0 0.0 0.0 0.0 0.0 0.0 
TS13 0.0 0.0 0.0 0.0 0.0 0.0 0.0 0.0 0.0 0.0 0.0 0.0 0.0 0.0 0.0 0.0 0.0 0.0 0.0 0.0 0.0 0.0 0.0 0.0 0.0 0.0 0.0 0.0 0.0 0.0 0.0 0.0 
TS14 0.147 0.147 0.147 0.147 0.147 0.147 0.147 0.147 0.147 0.147 0.147 0.147 0.147 0.147 0.147 0.147 0.147 0.147 0.147 0.147 0.147 0.147 0.147 0.147 0.147 0.147 0.147 0.147 0.147 0.147 0.147 0.147 
TS15 0.5687 0.5687 0.5687 0.5687 0.5687 0.5687 0.5687 0.5687 0.5687 0.5687 0.5687 0.5687 0.5687 0.5687 0.5687 0.5687 0.5687 0.5687 0.5687 0.5687 0.5687 0.5687 0.5687 0.5687 0.5687 0.5687 0.5687 0.5687 0.5687 0.5687 0.5687 0.5687 
TS16 0.1999 0.1999 0.1999 0.1999 0.1999 0.1999 0.1999 0.1999 0.1999 0.1999 0.1999 0.1999 0.1999 0.1999 0.1999 0.1999 0.1999 0.1999 0.1999 0.1999 0.1999 0.1999 0.1999 0.1999 0.1999 0.1999 0.1999 0.1999 0.1999 0.1999 0.1999 0.1999 
TS17 0.0 0.0 0.0 0.0 0.0 0.0 0.0 0.0 0.0 0.0 0.0 0.0 0.0 0.0 0.0 0.0 0.0 0.0 0.0 0.0 0.0 0.0 0.0 0.0 0.0 0.0 0.0 0.0 0.0 0.0 0.0 0.0 
TS18 0.0 0.0 0.0 0.0 0.0 0.0 0.0 0.0 0.0 0.0 0.0 0.0 0.0 0.0 0.0 0.0 0.0 0.0 0.0 0.0 0.0 0.0 0.0 0.0 0.0 0.0 0.0 0.0 0.0 0.0 0.0 0.0 
TS19 0.0 0.0 0.0 0.0 0.0 0.0 0.0 0.0 0.0 0.0 0.0 0.0 0.0 0.0 0.0 0.0 0.0 0.0 0.0 0.0 0.0 0.0 0.0 0.0 0.0 0.0 0.0 0.0 0.0 0.0 0.0 0.0 
TS20 0.1632 0.1632 0.1632 0.1632 0.1632 0.1632 0.1632 0.1632 0.1632 0.1632 0.1632 0.1632 0.1632 0.1632 0.1632 0.1632 0.1632 0.1632 0.1632 0.1632 0.1632 0.1632 0.1632 0.1632 0.1632 0.1632 0.1632 0.1632 0.1632 0.1632 0.1632 0.1632 
TS21 0.5952 0.5952 0.5952 0.5952 0.5952 0.5952 0.5952 0.5952 0.5952 0.5952 0.5952 0.5952 0.5952 0.5952 0.5952 0.5952 0.5952 0.5952 0.5952 0.5952 0.5952 0.5952 0.5952 0.5952 0.5952 0.5952 0.5952 0.5952 0.5952 0.5952 0.5952 0.5952 
TS22 0.1969 0.1969 0.1969 0.1969 0.1969 0.1969 0.1969 0.1969 0.1969 0.1969 0.1969 0.1969 0.1969 0.1969 0.1969 0.1969 0.1969 0.1969 0.1969 0.1969 0.1969 0.1969 0.1969 0.1969 0.1969 0.1969 0.1969 0.1969 0.1969 0.1969 0.1969 0.1969 
TS23 0.0 0.0 0.0 0.0 0.0 0.0 0.0 0.0 0.0 0.0 0.0 0.0 0.0 0.0 0.0 0.0 0.0 0.0 0.0 0.0 0.0 0.0 0.0 0.0 0.0 0.0 0.0 0.0 0.0 0.0 0.0 0.0 
TS24 0.0 0.0 0.0 0.0 0.0 0.0 0.0 0.0 0.0 0.0 0.0 0.0 0.0 0.0 0.0 0.0 0.0 0.0 0.0 0.0 0.0 0.0 0.0 0.0 0.0 0.0 0.0 0.0 0.0 0.0 0.0 0.0 
TS25 0.0 0.0 0.0 0.0 0.0 0.0 0.0 0.0 0.0 0.0 0.0 0.0 0.0 0.0 0.0 0.0 0.0 0.0 0.0 0.0 0.0 0.0 0.0 0.0 0.0 0.0 0.0 0.0 0.0 0.0 0.0 0.0 
TS26 0.1518 0.1518 0.1518 0.1518 0.1518 0.1518 0.1518 0.1518 0.1518 0.1518 0.1518 0.1518 0.1518 0.1518 0.1518 0.1518 0.1518 0.1518 0.1518 0.1518 0.1518 0.1518 0.1518 0.1518 0.1518 0.1518 0.1518 0.1518 0.1518 0.1518 0.1518 0.1518 
TS27 0.6091 0.6091 0.6091 0.6091 0.6091 0.6091 0.6091 0.6091 0.6091 0.6091 0.6091 0.6091 0.6091 0.6091 0.6091 0.6091 0.6091 0.6091 0.6091 0.6091 0.6091 0.6091 0.6091 0.6091 0.6091 0.6091 0.6091 0.6091 0.6091 0.6091 0.6091 0.6091 
TS28 0.2342 0.2342 0.2342 0.2342 0.2342 0.2342 0.2342 0.2342 0.2342 0.2342 0.2342 0.2342 0.2342 0.2342 0.2342 0.2342 0.2342 0.2342 0.2342 0.2342 0.2342 0.2342 0.2342 0.2342 0.2342 0.2342 0.2342 0.2342 0.2342 0.2342 0.2342 0.2342 
TS29 0.0 0.0 0.0 0.0 0.0 0.0 0.0 0.0 0.0 0.0 0.0 0.0 0.0 0.0 0.0 0.0 0.0 0.0 0.0 0.0 0.0 0.0 0.0 0.0 0.0 0.0 0.0 0.0 0.0 0.0 0.0 0.0 
TS30 0.0 0.0 0.0 0.0 0.0 0.0 0.0 0.0 0.0 0.0 0.0 0.0 0.0 0.0 0.0 0.0 0.0 0.0 0.0 0.0 0.0 0.0 0.0 0.0 0.0 0.0 0.0 0.0 0.0 0.0 0.0 0.0 
TS31 0.0 0.0 0.0 0.0 0.0 0.0 0.0 0.0 0.0 0.0 0.0 0.0 0.0 0.0 0.0 0.0 0.0 0.0 0.0 0.0 0.0 0.0 0.0 0.0 0.0 0.0 0.0 0.0 0.0 0.0 0.0 0.0 
TS32 0.1588 0.1588 0.1588 0.1588 0.1588 0.1588 0.1588 0.1588 0.1588 0.1588 0.1588 0.1588 0.1588 0.1588 0.1588 0.1588 0.1588 0.1588 0.1588 0.1588 0.1588 0.1588 0.1588 0.1588 0.1588 0.1588 0.1588 0.1588 0.1588 0.1588 0.1588 0.1588 
TS33 0.6283 0.6283 0.6283 0.6283 0.6283 0.6283 0.6283 0.6283 0.6283 0.6283 0.6283 0.6283 0.6283 0.6283 0.6283 0.6283 0.6283 0.6283 0.6283 0.6283 0.6283 0.6283 0.6283 0.6283 0.6283 0.6283 0.6283 0.6283 0.6283 0.6283 0.6283 0.6283 
TS34 0.24 0.24 0.24 0.24 0.24 0.24 0.24 0.24 0.24 0.24 0.24 0.24 0.24 0.24 0.24 0.24 0.24 0.24 0.24 0.24 0.24 0.24 0.24 0.24 0.24 0.24 0.24 0.24 0.24 0.24 0.24 0.24 
TS35 0.0 0.0 0.0 0.0 0.0 0.0 0.0 0.0 0.0 0.0 0.0 0.0 0.0 0.0 0.0 0.0 0.0 0.0 0.0 0.0 0.0 0.0 0.0 0.0 0.0 0.0 0.0 0.0 0.0 0.0 0.0 0.0 
TS36 0.0 0.0 0.0 0.0 0.0 0.0 0.0 0.0 0.0 0.0 0.0 0.0 0.0 0.0 0.0 0.0 0.0 0.0 0.0 0.0 0.0 0.0 0.0 0.0 0.0 0.0 0.0 0.0 0.0 0.0 0.0 0.0 
TS37 0.0 0.0 0.0 0.0 0.0 0.0 0.0 0.0 0.0 0.0 0.0 0.0 0.0 0.0 0.0 0.0 0.0 0.0 0.0 0.0 0.0 0.0 0.0 0.0 0.0 0.0 0.0 0.0 0.0 0.0 0.0 0.0 
TS38 0.2011 0.2011 0.2011 0.2011 0.2011 0.2011 0.2011 0.2011 0.2011 0.2011 0.2011 0.2011 0.2011 0.2011 0.2011 0.2011 0.2011 0.2011 0.2011 0.2011 0.2011 0.2011 0.2011 0.2011 0.2011 0.2011 0.2011 0.2011 0.2011 0.2011 0.2011 0.2011 
TS39 0.6475 0.6475 0.6475 0.6475 0.6475 0.6475 0.6475 0.6475 0.6475 0.6475 0.6475 0.6475 0.6475 0.6475 0.6475 0.6475 0.6475 0.6475 0.6475 0.6475 0.6475 0.6475 0.6475 0.6475 0.6475 0.6475 0.6475 0.6475 0.6475 0.6475 0.6475 0.6475 
TS40 0.2193 0.2193 0.2193 0.2193 0.2193 0.2193 0.2193 0.2193 0.2193 0.2193 0.2193 0.2193 0.2193 0.2193 0.2193 0.2193 0.2193 0.2193 0.2193 0.2193 0.2193 0.2193 0.2193 0.2193 0.2193 0.2193 0.2193 0.2193 0.2193 0.2193 0.2193 0.2193 
TS41 0.0 0.0 0.0 0.0 0.0 0.0 0.0 0.0 0.0 0.0 0.0 0.0 0.0 0.0 0.0 0.0 0.0 0.0 0.0 0.0 0.0 0.0 0.0 0.0 0.0 0.0 0.0 0.0 0.0 0.0 0.0 0.0 
TS42 0.0 0.0 0.0 0.0 0.0 0.0 0.0 0.0 0.0 0.0 0.0 0.0 0.0 0.0 0.0 0.0 0.0 0.0 0.0 0.0 0.0 0.0 0.0 0.0 0.0 0.0 0.0 0.0 0.0 0.0 0.0 0.0 
TS43 0.0 0.0 0.0 0.0 0.0 0.0 0.0 0.0 0.0 0.0 0.0 0.0 0.0 0.0 0.0 0.0 0.0 0.0 0.0 0.0 0.0 0.0 0.0 0.0 0.0 0.0 0.0 0.0 0.0 0.0 0.0 0.0 
TS44 0.2028 0.2028 0.2028 0.2028 0.2028 0.2028 0.2028 0.2028 0.2028 0.2028 0.2028 0.2028 0.2028 0.2028 0.2028 0.2028 0.2028 0.2028 0.2028 0.2028 0.2028 0.2028 0.2028 0.2028 0.2028 0.2028 0.2028 0.2028 0.2028 0.2028 0.2028 0.2028 
TS45 0.6576 0.6576 0.6576 0.6576 0.6576 0.6576 0.6576 0.6576 0.6576 0.6576 0.6576 0.6576 0.6576 0.6576 0.6576 0.6576 0.6576 0.6576 0.6576 0.6576 0.6576 0.6576 0.6576 0.6576 0.6576 0.6576 0.6576 0.6576 0.6576 0.6576 0.6576 0.6576 
TS46 0.2219 0.2219 0.2219 0.2219 0.2219 0.2219 0.2219 0.2219 0.2219 0.2219 0.2219 0.2219 0.2219 0.2219 0.2219 0.2219 0.2219 0.2219 0.2219 0.2219 0.2219 0.2219 0.2219 0.2219 0.2219 0.2219 0.2219 0.2219 0.2219 0.2219 0.2219 0.2219 
TS47 0.0 0.0 0.0 0.0 0.0 0.0 0.0 0.0 0.0 0.0 0.0 0.0 0.0 0.0 0.0 0.0 0.0 0.0 0.0 0.0 0.0 0.0 0.0 0.0 0.0 0.0 0.0 0.0 0.0 0.0 0.0 0.0 
TS48 0.0 0.0 0.0 0.0 0.0 0.0 0.0 0.0 0.0 0.0 0.0 0.0 0.0 0.0 0.0 0.0 0.0 0.0 0.0 0.0 0.0 0.0 0.0 0.0 0.0 0.0 0.0 0.0 0.0 0.0 0.0 0.0 
[RE1,PWRWND001,*,*]:
2019 2020 2021 2022 2023 2024 2025 2026 2027 2028 2029 2030 2031 2032 2033 2034 2035 2036 2037 2038 2039 2040 2041 2042 2043 2044 2045 2046 2047 2048 2049 2050 :=
TS01 0.3342 0.3342 0.3342 0.3342 0.3342 0.3342 0.3342 0.3342 0.3342 0.3342 0.3342 0.3342 0.3342 0.3342 0.3342 0.3342 0.3342 0.3342 0.3342 0.3342 0.3342 0.3342 0.3342 0.3342 0.3342 0.3342 0.3342 0.3342 0.3342 0.3342 0.3342 0.3342 
TS02 0.3737 0.3737 0.3737 0.3737 0.3737 0.3737 0.3737 0.3737 0.3737 0.3737 0.3737 0.3737 0.3737 0.3737 0.3737 0.3737 0.3737 0.3737 0.3737 0.3737 0.3737 0.3737 0.3737 0.3737 0.3737 0.3737 0.3737 0.3737 0.3737 0.3737 0.3737 0.3737 
TS03 0.4309 0.4309 0.4309 0.4309 0.4309 0.4309 0.4309 0.4309 0.4309 0.4309 0.4309 0.4309 0.4309 0.4309 0.4309 0.4309 0.4309 0.4309 0.4309 0.4309 0.4309 0.4309 0.4309 0.4309 0.4309 0.4309 0.4309 0.4309 0.4309 0.4309 0.4309 0.4309 
TS04 0.3328 0.3328 0.3328 0.3328 0.3328 0.3328 0.3328 0.3328 0.3328 0.3328 0.3328 0.3328 0.3328 0.3328 0.3328 0.3328 0.3328 0.3328 0.3328 0.3328 0.3328 0.3328 0.3328 0.3328 0.3328 0.3328 0.3328 0.3328 0.3328 0.3328 0.3328 0.3328 
TS05 0.4332 0.4332 0.4332 0.4332 0.4332 0.4332 0.4332 0.4332 0.4332 0.4332 0.4332 0.4332 0.4332 0.4332 0.4332 0.4332 0.4332 0.4332 0.4332 0.4332 0.4332 0.4332 0.4332 0.4332 0.4332 0.4332 0.4332 0.4332 0.4332 0.4332 0.4332 0.4332 
TS06 0.4387 0.4387 0.4387 0.4387 0.4387 0.4387 0.4387 0.4387 0.4387 0.4387 0.4387 0.4387 0.4387 0.4387 0.4387 0.4387 0.4387 0.4387 0.4387 0.4387 0.4387 0.4387 0.4387 0.4387 0.4387 0.4387 0.4387 0.4387 0.4387 0.4387 0.4387 0.4387 
TS07 0.3144 0.3144 0.3144 0.3144 0.3144 0.3144 0.3144 0.3144 0.3144 0.3144 0.3144 0.3144 0.3144 0.3144 0.3144 0.3144 0.3144 0.3144 0.3144 0.3144 0.3144 0.3144 0.3144 0.3144 0.3144 0.3144 0.3144 0.3144 0.3144 0.3144 0.3144 0.3144 
TS08 0.3739 0.3739 0.3739 0.3739 0.3739 0.3739 0.3739 0.3739 0.3739 0.3739 0.3739 0.3739 0.3739 0.3739 0.3739 0.3739 0.3739 0.3739 0.3739 0.3739 0.3739 0.3739 0.3739 0.3739 0.3739 0.3739 0.3739 0.3739 0.3739 0.3739 0.3739 0.3739 
TS09 0.4403 0.4403 0.4403 0.4403 0.4403 0.4403 0.4403 0.4403 0.4403 0.4403 0.4403 0.4403 0.4403 0.4403 0.4403 0.4403 0.4403 0.4403 0.4403 0.4403 0.4403 0.4403 0.4403 0.4403 0.4403 0.4403 0.4403 0.4403 0.4403 0.4403 0.4403 0.4403 
TS10 0.3641 0.3641 0.3641 0.3641 0.3641 0.3641 0.3641 0.3641 0.3641 0.3641 0.3641 0.3641 0.3641 0.3641 0.3641 0.3641 0.3641 0.3641 0.3641 0.3641 0.3641 0.3641 0.3641 0.3641 0.3641 0.3641 0.3641 0.3641 0.3641 0.3641 0.3641 0.3641 
TS11 0.4701 0.4701 0.4701 0.4701 0.4701 0.4701 0.4701 0.4701 0.4701 0.4701 0.4701 0.4701 0.4701 0.4701 0.4701 0.4701 0.4701 0.4701 0.4701 0.4701 0.4701 0.4701 0.4701 0.4701 0.4701 0.4701 0.4701 0.4701 0.4701 0.4701 0.4701 0.4701 
TS12 0.4714 0.4714 0.4714 0.4714 0.4714 0.4714 0.4714 0.4714 0.4714 0.4714 0.4714 0.4714 0.4714 0.4714 0.4714 0.4714 0.4714 0.4714 0.4714 0.4714 0.4714 0.4714 0.4714 0.4714 0.4714 0.4714 0.4714 0.4714 0.4714 0.4714 0.4714 0.4714 
TS13 0.3133 0.3133 0.3133 0.3133 0.3133 0.3133 0.3133 0.3133 0.3133 0.3133 0.3133 0.3133 0.3133 0.3133 0.3133 0.3133 0.3133 0.3133 0.3133 0.3133 0.3133 0.3133 0.3133 0.3133 0.3133 0.3133 0.3133 0.3133 0.3133 0.3133 0.3133 0.3133 
TS14 0.2958 0.2958 0.2958 0.2958 0.2958 0.2958 0.2958 0.2958 0.2958 0.2958 0.2958 0.2958 0.2958 0.2958 0.2958 0.2958 0.2958 0.2958 0.2958 0.2958 0.2958 0.2958 0.2958 0.2958 0.2958 0.2958 0.2958 0.2958 0.2958 0.2958 0.2958 0.2958 
TS15 0.2892 0.2892 0.2892 0.2892 0.2892 0.2892 0.2892 0.2892 0.2892 0.2892 0.2892 0.2892 0.2892 0.2892 0.2892 0.2892 0.2892 0.2892 0.2892 0.2892 0.2892 0.2892 0.2892 0.2892 0.2892 0.2892 0.2892 0.2892 0.2892 0.2892 0.2892 0.2892 
TS16 0.2862 0.2862 0.2862 0.2862 0.2862 0.2862 0.2862 0.2862 0.2862 0.2862 0.2862 0.2862 0.2862 0.2862 0.2862 0.2862 0.2862 0.2862 0.2862 0.2862 0.2862 0.2862 0.2862 0.2862 0.2862 0.2862 0.2862 0.2862 0.2862 0.2862 0.2862 0.2862 
TS17 0.3589 0.3589 0.3589 0.3589 0.3589 0.3589 0.3589 0.3589 0.3589 0.3589 0.3589 0.3589 0.3589 0.3589 0.3589 0.3589 0.3589 0.3589 0.3589 0.3589 0.3589 0.3589 0.3589 0.3589 0.3589 0.3589 0.3589 0.3589 0.3589 0.3589 0.3589 0.3589 
TS18 0.3528 0.3528 0.3528 0.3528 0.3528 0.3528 0.3528 0.3528 0.3528 0.3528 0.3528 0.3528 0.3528 0.3528 0.3528 0.3528 0.3528 0.3528 0.3528 0.3528 0.3528 0.3528 0.3528 0.3528 0.3528 0.3528 0.3528 0.3528 0.3528 0.3528 0.3528 0.3528 
TS19 0.3632 0.3632 0.3632 0.3632 0.3632 0.3632 0.3632 0.3632 0.3632 0.3632 0.3632 0.3632 0.3632 0.3632 0.3632 0.3632 0.3632 0.3632 0.3632 0.3632 0.3632 0.3632 0.3632 0.3632 0.3632 0.3632 0.3632 0.3632 0.3632 0.3632 0.3632 0.3632 
TS20 0.3241 0.3241 0.3241 0.3241 0.3241 0.3241 0.3241 0.3241 0.3241 0.3241 0.3241 0.3241 0.3241 0.3241 0.3241 0.3241 0.3241 0.3241 0.3241 0.3241 0.3241 0.3241 0.3241 0.3241 0.3241 0.3241 0.3241 0.3241 0.3241 0.3241 0.3241 0.3241 
TS21 0.3134 0.3134 0.3134 0.3134 0.3134 0.3134 0.3134 0.3134 0.3134 0.3134 0.3134 0.3134 0.3134 0.3134 0.3134 0.3134 0.3134 0.3134 0.3134 0.3134 0.3134 0.3134 0.3134 0.3134 0.3134 0.3134 0.3134 0.3134 0.3134 0.3134 0.3134 0.3134 
TS22 0.3116 0.3116 0.3116 0.3116 0.3116 0.3116 0.3116 0.3116 0.3116 0.3116 0.3116 0.3116 0.3116 0.3116 0.3116 0.3116 0.3116 0.3116 0.3116 0.3116 0.3116 0.3116 0.3116 0.3116 0.3116 0.3116 0.3116 0.3116 0.3116 0.3116 0.3116 0.3116 
TS23 0.3967 0.3967 0.3967 0.3967 0.3967 0.3967 0.3967 0.3967 0.3967 0.3967 0.3967 0.3967 0.3967 0.3967 0.3967 0.3967 0.3967 0.3967 0.3967 0.3967 0.3967 0.3967 0.3967 0.3967 0.3967 0.3967 0.3967 0.3967 0.3967 0.3967 0.3967 0.3967 
TS24 0.4108 0.4108 0.4108 0.4108 0.4108 0.4108 0.4108 0.4108 0.4108 0.4108 0.4108 0.4108 0.4108 0.4108 0.4108 0.4108 0.4108 0.4108 0.4108 0.4108 0.4108 0.4108 0.4108 0.4108 0.4108 0.4108 0.4108 0.4108 0.4108 0.4108 0.4108 0.4108 
TS25 0.7262 0.7262 0.7262 0.7262 0.7262 0.7262 0.7262 0.7262 0.7262 0.7262 0.7262 0.7262 0.7262 0.7262 0.7262 0.7262 0.7262 0.7262 0.7262 0.7262 0.7262 0.7262 0.7262 0.7262 0.7262 0.7262 0.7262 0.7262 0.7262 0.7262 0.7262 0.7262 
TS26 0.6849 0.6849 0.6849 0.6849 0.6849 0.6849 0.6849 0.6849 0.6849 0.6849 0.6849 0.6849 0.6849 0.6849 0.6849 0.6849 0.6849 0.6849 0.6849 0.6849 0.6849 0.6849 0.6849 0.6849 0.6849 0.6849 0.6849 0.6849 0.6849 0.6849 0.6849 0.6849 
TS27 0.5789 0.5789 0.5789 0.5789 0.5789 0.5789 0.5789 0.5789 0.5789 0.5789 0.5789 0.5789 0.5789 0.5789 0.5789 0.5789 0.5789 0.5789 0.5789 0.5789 0.5789 0.5789 0.5789 0.5789 0.5789 0.5789 0.5789 0.5789 0.5789 0.5789 0.5789 0.5789 
TS28 0.5214 0.5214 0.5214 0.5214 0.5214 0.5214 0.5214 0.5214 0.5214 0.5214 0.5214 0.5214 0.5214 0.5214 0.5214 0.5214 0.5214 0.5214 0.5214 0.5214 0.5214 0.5214 0.5214 0.5214 0.5214 0.5214 0.5214 0.5214 0.5214 0.5214 0.5214 0.5214 
TS29 0.6899 0.6899 0.6899 0.6899 0.6899 0.6899 0.6899 0.6899 0.6899 0.6899 0.6899 0.6899 0.6899 0.6899 0.6899 0.6899 0.6899 0.6899 0.6899 0.6899 0.6899 0.6899 0.6899 0.6899 0.6899 0.6899 0.6899 0.6899 0.6899 0.6899 0.6899 0.6899 
TS30 0.7249 0.7249 0.7249 0.7249 0.7249 0.7249 0.7249 0.7249 0.7249 0.7249 0.7249 0.7249 0.7249 0.7249 0.7249 0.7249 0.7249 0.7249 0.7249 0.7249 0.7249 0.7249 0.7249 0.7249 0.7249 0.7249 0.7249 0.7249 0.7249 0.7249 0.7249 0.7249 
TS31 0.7495 0.7495 0.7495 0.7495 0.7495 0.7495 0.7495 0.7495 0.7495 0.7495 0.7495 0.7495 0.7495 0.7495 0.7495 0.7495 0.7495 0.7495 0.7495 0.7495 0.7495 0.7495 0.7495 0.7495 0.7495 0.7495 0.7495 0.7495 0.7495 0.7495 0.7495 0.7495 
TS32 0.6949 0.6949 0.6949 0.6949 0.6949 0.6949 0.6949 0.6949 0.6949 0.6949 0.6949 0.6949 0.6949 0.6949 0.6949 0.6949 0.6949 0.6949 0.6949 0.6949 0.6949 0.6949 0.6949 0.6949 0.6949 0.6949 0.6949 0.6949 0.6949 0.6949 0.6949 0.6949 
TS33 0.5843 0.5843 0.5843 0.5843 0.5843 0.5843 0.5843 0.5843 0.5843 0.5843 0.5843 0.5843 0.5843 0.5843 0.5843 0.5843 0.5843 0.5843 0.5843 0.5843 0.5843 0.5843 0.5843 0.5843 0.5843 0.5843 0.5843 0.5843 0.5843 0.5843 0.5843 0.5843 
TS34 0.5408 0.5408 0.5408 0.5408 0.5408 0.5408 0.5408 0.5408 0.5408 0.5408 0.5408 0.5408 0.5408 0.5408 0.5408 0.5408 0.5408 0.5408 0.5408 0.5408 0.5408 0.5408 0.5408 0.5408 0.5408 0.5408 0.5408 0.5408 0.5408 0.5408 0.5408 0.5408 
TS35 0.7135 0.7135 0.7135 0.7135 0.7135 0.7135 0.7135 0.7135 0.7135 0.7135 0.7135 0.7135 0.7135 0.7135 0.7135 0.7135 0.7135 0.7135 0.7135 0.7135 0.7135 0.7135 0.7135 0.7135 0.7135 0.7135 0.7135 0.7135 0.7135 0.7135 0.7135 0.7135 
TS36 0.7396 0.7396 0.7396 0.7396 0.7396 0.7396 0.7396 0.7396 0.7396 0.7396 0.7396 0.7396 0.7396 0.7396 0.7396 0.7396 0.7396 0.7396 0.7396 0.7396 0.7396 0.7396 0.7396 0.7396 0.7396 0.7396 0.7396 0.7396 0.7396 0.7396 0.7396 0.7396 
TS37 0.4288 0.4288 0.4288 0.4288 0.4288 0.4288 0.4288 0.4288 0.4288 0.4288 0.4288 0.4288 0.4288 0.4288 0.4288 0.4288 0.4288 0.4288 0.4288 0.4288 0.4288 0.4288 0.4288 0.4288 0.4288 0.4288 0.4288 0.4288 0.4288 0.4288 0.4288 0.4288 
TS38 0.4745 0.4745 0.4745 0.4745 0.4745 0.4745 0.4745 0.4745 0.4745 0.4745 0.4745 0.4745 0.4745 0.4745 0.4745 0.4745 0.4745 0.4745 0.4745 0.4745 0.4745 0.4745 0.4745 0.4745 0.4745 0.4745 0.4745 0.4745 0.4745 0.4745 0.4745 0.4745 
TS39 0.5239 0.5239 0.5239 0.5239 0.5239 0.5239 0.5239 0.5239 0.5239 0.5239 0.5239 0.5239 0.5239 0.5239 0.5239 0.5239 0.5239 0.5239 0.5239 0.5239 0.5239 0.5239 0.5239 0.5239 0.5239 0.5239 0.5239 0.5239 0.5239 0.5239 0.5239 0.5239 
TS40 0.5571 0.5571 0.5571 0.5571 0.5571 0.5571 0.5571 0.5571 0.5571 0.5571 0.5571 0.5571 0.5571 0.5571 0.5571 0.5571 0.5571 0.5571 0.5571 0.5571 0.5571 0.5571 0.5571 0.5571 0.5571 0.5571 0.5571 0.5571 0.5571 0.5571 0.5571 0.5571 
TS41 0.5994 0.5994 0.5994 0.5994 0.5994 0.5994 0.5994 0.5994 0.5994 0.5994 0.5994 0.5994 0.5994 0.5994 0.5994 0.5994 0.5994 0.5994 0.5994 0.5994 0.5994 0.5994 0.5994 0.5994 0.5994 0.5994 0.5994 0.5994 0.5994 0.5994 0.5994 0.5994 
TS42 0.527 0.527 0.527 0.527 0.527 0.527 0.527 0.527 0.527 0.527 0.527 0.527 0.527 0.527 0.527 0.527 0.527 0.527 0.527 0.527 0.527 0.527 0.527 0.527 0.527 0.527 0.527 0.527 0.527 0.527 0.527 0.527 
TS43 0.4223 0.4223 0.4223 0.4223 0.4223 0.4223 0.4223 0.4223 0.4223 0.4223 0.4223 0.4223 0.4223 0.4223 0.4223 0.4223 0.4223 0.4223 0.4223 0.4223 0.4223 0.4223 0.4223 0.4223 0.4223 0.4223 0.4223 0.4223 0.4223 0.4223 0.4223 0.4223 
TS44 0.4392 0.4392 0.4392 0.4392 0.4392 0.4392 0.4392 0.4392 0.4392 0.4392 0.4392 0.4392 0.4392 0.4392 0.4392 0.4392 0.4392 0.4392 0.4392 0.4392 0.4392 0.4392 0.4392 0.4392 0.4392 0.4392 0.4392 0.4392 0.4392 0.4392 0.4392 0.4392 
TS45 0.5135 0.5135 0.5135 0.5135 0.5135 0.5135 0.5135 0.5135 0.5135 0.5135 0.5135 0.5135 0.5135 0.5135 0.5135 0.5135 0.5135 0.5135 0.5135 0.5135 0.5135 0.5135 0.5135 0.5135 0.5135 0.5135 0.5135 0.5135 0.5135 0.5135 0.5135 0.5135 
TS46 0.5455 0.5455 0.5455 0.5455 0.5455 0.5455 0.5455 0.5455 0.5455 0.5455 0.5455 0.5455 0.5455 0.5455 0.5455 0.5455 0.5455 0.5455 0.5455 0.5455 0.5455 0.5455 0.5455 0.5455 0.5455 0.5455 0.5455 0.5455 0.5455 0.5455 0.5455 0.5455 
TS47 0.6067 0.6067 0.6067 0.6067 0.6067 0.6067 0.6067 0.6067 0.6067 0.6067 0.6067 0.6067 0.6067 0.6067 0.6067 0.6067 0.6067 0.6067 0.6067 0.6067 0.6067 0.6067 0.6067 0.6067 0.6067 0.6067 0.6067 0.6067 0.6067 0.6067 0.6067 0.6067 
TS48 0.5359 0.5359 0.5359 0.5359 0.5359 0.5359 0.5359 0.5359 0.5359 0.5359 0.5359 0.5359 0.5359 0.5359 0.5359 0.5359 0.5359 0.5359 0.5359 0.5359 0.5359 0.5359 0.5359 0.5359 0.5359 0.5359 0.5359 0.5359 0.5359 0.5359 0.5359 0.5359 
[RE1,PWRWND002,*,*]:
2019 2020 2021 2022 2023 2024 2025 2026 2027 2028 2029 2030 2031 2032 2033 2034 2035 2036 2037 2038 2039 2040 2041 2042 2043 2044 2045 2046 2047 2048 2049 2050 :=
TS01 0.6673 0.6673 0.6673 0.6673 0.6673 0.6673 0.6673 0.6673 0.6673 0.6673 0.6673 0.6673 0.6673 0.6673 0.6673 0.6673 0.6673 0.6673 0.6673 0.6673 0.6673 0.6673 0.6673 0.6673 0.6673 0.6673 0.6673 0.6673 0.6673 0.6673 0.6673 0.6673 
TS02 0.5714 0.5714 0.5714 0.5714 0.5714 0.5714 0.5714 0.5714 0.5714 0.5714 0.5714 0.5714 0.5714 0.5714 0.5714 0.5714 0.5714 0.5714 0.5714 0.5714 0.5714 0.5714 0.5714 0.5714 0.5714 0.5714 0.5714 0.5714 0.5714 0.5714 0.5714 0.5714 
TS03 0.6013 0.6013 0.6013 0.6013 0.6013 0.6013 0.6013 0.6013 0.6013 0.6013 0.6013 0.6013 0.6013 0.6013 0.6013 0.6013 0.6013 0.6013 0.6013 0.6013 0.6013 0.6013 0.6013 0.6013 0.6013 0.6013 0.6013 0.6013 0.6013 0.6013 0.6013 0.6013 
TS04 0.7067 0.7067 0.7067 0.7067 0.7067 0.7067 0.7067 0.7067 0.7067 0.7067 0.7067 0.7067 0.7067 0.7067 0.7067 0.7067 0.7067 0.7067 0.7067 0.7067 0.7067 0.7067 0.7067 0.7067 0.7067 0.7067 0.7067 0.7067 0.7067 0.7067 0.7067 0.7067 
TS05 0.7085 0.7085 0.7085 0.7085 0.7085 0.7085 0.7085 0.7085 0.7085 0.7085 0.7085 0.7085 0.7085 0.7085 0.7085 0.7085 0.7085 0.7085 0.7085 0.7085 0.7085 0.7085 0.7085 0.7085 0.7085 0.7085 0.7085 0.7085 0.7085 0.7085 0.7085 0.7085 
TS06 0.6887 0.6887 0.6887 0.6887 0.6887 0.6887 0.6887 0.6887 0.6887 0.6887 0.6887 0.6887 0.6887 0.6887 0.6887 0.6887 0.6887 0.6887 0.6887 0.6887 0.6887 0.6887 0.6887 0.6887 0.6887 0.6887 0.6887 0.6887 0.6887 0.6887 0.6887 0.6887 
TS07 0.6526 0.6526 0.6526 0.6526 0.6526 0.6526 0.6526 0.6526 0.6526 0.6526 0.6526 0.6526 0.6526 0.6526 0.6526 0.6526 0.6526 0.6526 0.6526 0.6526 0.6526 0.6526 0.6526 0.6526 0.6526 0.6526 0.6526 0.6526 0.6526 0.6526 0.6526 0.6526 
TS08 0.5417 0.5417 0.5417 0.5417 0.5417 0.5417 0.5417 0.5417 0.5417 0.5417 0.5417 0.5417 0.5417 0.5417 0.5417 0.5417 0.5417 0.5417 0.5417 0.5417 0.5417 0.5417 0.5417 0.5417 0.5417 0.5417 0.5417 0.5417 0.5417 0.5417 0.5417 0.5417 
TS09 0.6134 0.6134 0.6134 0.6134 0.6134 0.6134 0.6134 0.6134 0.6134 0.6134 0.6134 0.6134 0.6134 0.6134 0.6134 0.6134 0.6134 0.6134 0.6134 0.6134 0.6134 0.6134 0.6134 0.6134 0.6134 0.6134 0.6134 0.6134 0.6134 0.6134 0.6134 0.6134 
TS10 0.7201 0.7201 0.7201 0.7201 0.7201 0.7201 0.7201 0.7201 0.7201 0.7201 0.7201 0.7201 0.7201 0.7201 0.7201 0.7201 0.7201 0.7201 0.7201 0.7201 0.7201 0.7201 0.7201 0.7201 0.7201 0.7201 0.7201 0.7201 0.7201 0.7201 0.7201 0.7201 
TS11 0.7063 0.7063 0.7063 0.7063 0.7063 0.7063 0.7063 0.7063 0.7063 0.7063 0.7063 0.7063 0.7063 0.7063 0.7063 0.7063 0.7063 0.7063 0.7063 0.7063 0.7063 0.7063 0.7063 0.7063 0.7063 0.7063 0.7063 0.7063 0.7063 0.7063 0.7063 0.7063 
TS12 0.7069 0.7069 0.7069 0.7069 0.7069 0.7069 0.7069 0.7069 0.7069 0.7069 0.7069 0.7069 0.7069 0.7069 0.7069 0.7069 0.7069 0.7069 0.7069 0.7069 0.7069 0.7069 0.7069 0.7069 0.7069 0.7069 0.7069 0.7069 0.7069 0.7069 0.7069 0.7069 
TS13 0.347 0.347 0.347 0.347 0.347 0.347 0.347 0.347 0.347 0.347 0.347 0.347 0.347 0.347 0.347 0.347 0.347 0.347 0.347 0.347 0.347 0.347 0.347 0.347 0.347 0.347 0.347 0.347 0.347 0.347 0.347 0.347 
TS14 0.2866 0.2866 0.2866 0.2866 0.2866 0.2866 0.2866 0.2866 0.2866 0.2866 0.2866 0.2866 0.2866 0.2866 0.2866 0.2866 0.2866 0.2866 0.2866 0.2866 0.2866 0.2866 0.2866 0.2866 0.2866 0.2866 0.2866 0.2866 0.2866 0.2866 0.2866 0.2866 
TS15 0.347 0.347 0.347 0.347 0.347 0.347 0.347 0.347 0.347 0.347 0.347 0.347 0.347 0.347 0.347 0.347 0.347 0.347 0.347 0.347 0.347 0.347 0.347 0.347 0.347 0.347 0.347 0.347 0.347 0.347 0.347 0.347 
TS16 0.4301 0.4301 0.4301 0.4301 0.4301 0.4301 0.4301 0.4301 0.4301 0.4301 0.4301 0.4301 0.4301 0.4301 0.4301 0.4301 0.4301 0.4301 0.4301 0.4301 0.4301 0.4301 0.4301 0.4301 0.4301 0.4301 0.4301 0.4301 0.4301 0.4301 0.4301 0.4301 
TS17 0.363 0.363 0.363 0.363 0.363 0.363 0.363 0.363 0.363 0.363 0.363 0.363 0.363 0.363 0.363 0.363 0.363 0.363 0.363 0.363 0.363 0.363 0.363 0.363 0.363 0.363 0.363 0.363 0.363 0.363 0.363 0.363 
TS18 0.359 0.359 0.359 0.359 0.359 0.359 0.359 0.359 0.359 0.359 0.359 0.359 0.359 0.359 0.359 0.359 0.359 0.359 0.359 0.359 0.359 0.359 0.359 0.359 0.359 0.359 0.359 0.359 0.359 0.359 0.359 0.359 
TS19 0.3515 0.3515 0.3515 0.3515 0.3515 0.3515 0.3515 0.3515 0.3515 0.3515 0.3515 0.3515 0.3515 0.3515 0.3515 0.3515 0.3515 0.3515 0.3515 0.3515 0.3515 0.3515 0.3515 0.3515 0.3515 0.3515 0.3515 0.3515 0.3515 0.3515 0.3515 0.3515 
TS20 0.2502 0.2502 0.2502 0.2502 0.2502 0.2502 0.2502 0.2502 0.2502 0.2502 0.2502 0.2502 0.2502 0.2502 0.2502 0.2502 0.2502 0.2502 0.2502 0.2502 0.2502 0.2502 0.2502 0.2502 0.2502 0.2502 0.2502 0.2502 0.2502 0.2502 0.2502 0.2502 
TS21 0.2891 0.2891 0.2891 0.2891 0.2891 0.2891 0.2891 0.2891 0.2891 0.2891 0.2891 0.2891 0.2891 0.2891 0.2891 0.2891 0.2891 0.2891 0.2891 0.2891 0.2891 0.2891 0.2891 0.2891 0.2891 0.2891 0.2891 0.2891 0.2891 0.2891 0.2891 0.2891 
TS22 0.4148 0.4148 0.4148 0.4148 0.4148 0.4148 0.4148 0.4148 0.4148 0.4148 0.4148 0.4148 0.4148 0.4148 0.4148 0.4148 0.4148 0.4148 0.4148 0.4148 0.4148 0.4148 0.4148 0.4148 0.4148 0.4148 0.4148 0.4148 0.4148 0.4148 0.4148 0.4148 
TS23 0.3367 0.3367 0.3367 0.3367 0.3367 0.3367 0.3367 0.3367 0.3367 0.3367 0.3367 0.3367 0.3367 0.3367 0.3367 0.3367 0.3367 0.3367 0.3367 0.3367 0.3367 0.3367 0.3367 0.3367 0.3367 0.3367 0.3367 0.3367 0.3367 0.3367 0.3367 0.3367 
TS24 0.3683 0.3683 0.3683 0.3683 0.3683 0.3683 0.3683 0.3683 0.3683 0.3683 0.3683 0.3683 0.3683 0.3683 0.3683 0.3683 0.3683 0.3683 0.3683 0.3683 0.3683 0.3683 0.3683 0.3683 0.3683 0.3683 0.3683 0.3683 0.3683 0.3683 0.3683 0.3683 
TS25 0.5606 0.5606 0.5606 0.5606 0.5606 0.5606 0.5606 0.5606 0.5606 0.5606 0.5606 0.5606 0.5606 0.5606 0.5606 0.5606 0.5606 0.5606 0.5606 0.5606 0.5606 0.5606 0.5606 0.5606 0.5606 0.5606 0.5606 0.5606 0.5606 0.5606 0.5606 0.5606 
TS26 0.4833 0.4833 0.4833 0.4833 0.4833 0.4833 0.4833 0.4833 0.4833 0.4833 0.4833 0.4833 0.4833 0.4833 0.4833 0.4833 0.4833 0.4833 0.4833 0.4833 0.4833 0.4833 0.4833 0.4833 0.4833 0.4833 0.4833 0.4833 0.4833 0.4833 0.4833 0.4833 
TS27 0.3035 0.3035 0.3035 0.3035 0.3035 0.3035 0.3035 0.3035 0.3035 0.3035 0.3035 0.3035 0.3035 0.3035 0.3035 0.3035 0.3035 0.3035 0.3035 0.3035 0.3035 0.3035 0.3035 0.3035 0.3035 0.3035 0.3035 0.3035 0.3035 0.3035 0.3035 0.3035 
TS28 0.5199 0.5199 0.5199 0.5199 0.5199 0.5199 0.5199 0.5199 0.5199 0.5199 0.5199 0.5199 0.5199 0.5199 0.5199 0.5199 0.5199 0.5199 0.5199 0.5199 0.5199 0.5199 0.5199 0.5199 0.5199 0.5199 0.5199 0.5199 0.5199 0.5199 0.5199 0.5199 
TS29 0.547 0.547 0.547 0.547 0.547 0.547 0.547 0.547 0.547 0.547 0.547 0.547 0.547 0.547 0.547 0.547 0.547 0.547 0.547 0.547 0.547 0.547 0.547 0.547 0.547 0.547 0.547 0.547 0.547 0.547 0.547 0.547 
TS30 0.5481 0.5481 0.5481 0.5481 0.5481 0.5481 0.5481 0.5481 0.5481 0.5481 0.5481 0.5481 0.5481 0.5481 0.5481 0.5481 0.5481 0.5481 0.5481 0.5481 0.5481 0.5481 0.5481 0.5481 0.5481 0.5481 0.5481 0.5481 0.5481 0.5481 0.5481 0.5481 
TS31 0.5472 0.5472 0.5472 0.5472 0.5472 0.5472 0.5472 0.5472 0.5472 0.5472 0.5472 0.5472 0.5472 0.5472 0.5472 0.5472 0.5472 0.5472 0.5472 0.5472 0.5472 0.5472 0.5472 0.5472 0.5472 0.5472 0.5472 0.5472 0.5472 0.5472 0.5472 0.5472 
TS32 0.499 0.499 0.499 0.499 0.499 0.499 0.499 0.499 0.499 0.499 0.499 0.499 0.499 0.499 0.499 0.499 0.499 0.499 0.499 0.499 0.499 0.499 0.499 0.499 0.499 0.499 0.499 0.499 0.499 0.499 0.499 0.499 
TS33 0.2897 0.2897 0.2897 0.2897 0.2897 0.2897 0.2897 0.2897 0.2897 0.2897 0.2897 0.2897 0.2897 0.2897 0.2897 0.2897 0.2897 0.2897 0.2897 0.2897 0.2897 0.2897 0.2897 0.2897 0.2897 0.2897 0.2897 0.2897 0.2897 0.2897 0.2897 0.2897 
TS34 0.4994 0.4994 0.4994 0.4994 0.4994 0.4994 0.4994 0.4994 0.4994 0.4994 0.4994 0.4994 0.4994 0.4994 0.4994 0.4994 0.4994 0.4994 0.4994 0.4994 0.4994 0.4994 0.4994 0.4994 0.4994 0.4994 0.4994 0.4994 0.4994 0.4994 0.4994 0.4994 
TS35 0.5333 0.5333 0.5333 0.5333 0.5333 0.5333 0.5333 0.5333 0.5333 0.5333 0.5333 0.5333 0.5333 0.5333 0.5333 0.5333 0.5333 0.5333 0.5333 0.5333 0.5333 0.5333 0.5333 0.5333 0.5333 0.5333 0.5333 0.5333 0.5333 0.5333 0.5333 0.5333 
TS36 0.5527 0.5527 0.5527 0.5527 0.5527 0.5527 0.5527 0.5527 0.5527 0.5527 0.5527 0.5527 0.5527 0.5527 0.5527 0.5527 0.5527 0.5527 0.5527 0.5527 0.5527 0.5527 0.5527 0.5527 0.5527 0.5527 0.5527 0.5527 0.5527 0.5527 0.5527 0.5527 
TS37 0.6677 0.6677 0.6677 0.6677 0.6677 0.6677 0.6677 0.6677 0.6677 0.6677 0.6677 0.6677 0.6677 0.6677 0.6677 0.6677 0.6677 0.6677 0.6677 0.6677 0.6677 0.6677 0.6677 0.6677 0.6677 0.6677 0.6677 0.6677 0.6677 0.6677 0.6677 0.6677 
TS38 0.5812 0.5812 0.5812 0.5812 0.5812 0.5812 0.5812 0.5812 0.5812 0.5812 0.5812 0.5812 0.5812 0.5812 0.5812 0.5812 0.5812 0.5812 0.5812 0.5812 0.5812 0.5812 0.5812 0.5812 0.5812 0.5812 0.5812 0.5812 0.5812 0.5812 0.5812 0.5812 
TS39 0.636 0.636 0.636 0.636 0.636 0.636 0.636 0.636 0.636 0.636 0.636 0.636 0.636 0.636 0.636 0.636 0.636 0.636 0.636 0.636 0.636 0.636 0.636 0.636 0.636 0.636 0.636 0.636 0.636 0.636 0.636 0.636 
TS40 0.7512 0.7512 0.7512 0.7512 0.7512 0.7512 0.7512 0.7512 0.7512 0.7512 0.7512 0.7512 0.7512 0.7512 0.7512 0.7512 0.7512 0.7512 0.7512 0.7512 0.7512 0.7512 0.7512 0.7512 0.7512 0.7512 0.7512 0.7512 0.7512 0.7512 0.7512 0.7512 
TS41 0.7512 0.7512 0.7512 0.7512 0.7512 0.7512 0.7512 0.7512 0.7512 0.7512 0.7512 0.7512 0.7512 0.7512 0.7512 0.7512 0.7512 0.7512 0.7512 0.7512 0.7512 0.7512 0.7512 0.7512 0.7512 0.7512 0.7512 0.7512 0.7512 0.7512 0.7512 0.7512 
TS42 0.7392 0.7392 0.7392 0.7392 0.7392 0.7392 0.7392 0.7392 0.7392 0.7392 0.7392 0.7392 0.7392 0.7392 0.7392 0.7392 0.7392 0.7392 0.7392 0.7392 0.7392 0.7392 0.7392 0.7392 0.7392 0.7392 0.7392 0.7392 0.7392 0.7392 0.7392 0.7392 
TS43 0.6758 0.6758 0.6758 0.6758 0.6758 0.6758 0.6758 0.6758 0.6758 0.6758 0.6758 0.6758 0.6758 0.6758 0.6758 0.6758 0.6758 0.6758 0.6758 0.6758 0.6758 0.6758 0.6758 0.6758 0.6758 0.6758 0.6758 0.6758 0.6758 0.6758 0.6758 0.6758 
TS44 0.6013 0.6013 0.6013 0.6013 0.6013 0.6013 0.6013 0.6013 0.6013 0.6013 0.6013 0.6013 0.6013 0.6013 0.6013 0.6013 0.6013 0.6013 0.6013 0.6013 0.6013 0.6013 0.6013 0.6013 0.6013 0.6013 0.6013 0.6013 0.6013 0.6013 0.6013 0.6013 
TS45 0.6545 0.6545 0.6545 0.6545 0.6545 0.6545 0.6545 0.6545 0.6545 0.6545 0.6545 0.6545 0.6545 0.6545 0.6545 0.6545 0.6545 0.6545 0.6545 0.6545 0.6545 0.6545 0.6545 0.6545 0.6545 0.6545 0.6545 0.6545 0.6545 0.6545 0.6545 0.6545 
TS46 0.7851 0.7851 0.7851 0.7851 0.7851 0.7851 0.7851 0.7851 0.7851 0.7851 0.7851 0.7851 0.7851 0.7851 0.7851 0.7851 0.7851 0.7851 0.7851 0.7851 0.7851 0.7851 0.7851 0.7851 0.7851 0.7851 0.7851 0.7851 0.7851 0.7851 0.7851 0.7851 
TS47 0.7951 0.7951 0.7951 0.7951 0.7951 0.7951 0.7951 0.7951 0.7951 0.7951 0.7951 0.7951 0.7951 0.7951 0.7951 0.7951 0.7951 0.7951 0.7951 0.7951 0.7951 0.7951 0.7951 0.7951 0.7951 0.7951 0.7951 0.7951 0.7951 0.7951 0.7951 0.7951 
TS48 0.7665 0.7665 0.7665 0.7665 0.7665 0.7665 0.7665 0.7665 0.7665 0.7665 0.7665 0.7665 0.7665 0.7665 0.7665 0.7665 0.7665 0.7665 0.7665 0.7665 0.7665 0.7665 0.7665 0.7665 0.7665 0.7665 0.7665 0.7665 0.7665 0.7665 0.7665 0.7665 
[RE1,PWRWND003,*,*]:
2019 2020 2021 2022 2023 2024 2025 2026 2027 2028 2029 2030 2031 2032 2033 2034 2035 2036 2037 2038 2039 2040 2041 2042 2043 2044 2045 2046 2047 2048 2049 2050 :=
TS01 0.483 0.483 0.483 0.483 0.483 0.483 0.483 0.483 0.483 0.483 0.483 0.483 0.483 0.483 0.483 0.483 0.483 0.483 0.483 0.483 0.483 0.483 0.483 0.483 0.483 0.483 0.483 0.483 0.483 0.483 0.483 0.483 
TS02 0.5187 0.5187 0.5187 0.5187 0.5187 0.5187 0.5187 0.5187 0.5187 0.5187 0.5187 0.5187 0.5187 0.5187 0.5187 0.5187 0.5187 0.5187 0.5187 0.5187 0.5187 0.5187 0.5187 0.5187 0.5187 0.5187 0.5187 0.5187 0.5187 0.5187 0.5187 0.5187 
TS03 0.547 0.547 0.547 0.547 0.547 0.547 0.547 0.547 0.547 0.547 0.547 0.547 0.547 0.547 0.547 0.547 0.547 0.547 0.547 0.547 0.547 0.547 0.547 0.547 0.547 0.547 0.547 0.547 0.547 0.547 0.547 0.547 
TS04 0.453 0.453 0.453 0.453 0.453 0.453 0.453 0.453 0.453 0.453 0.453 0.453 0.453 0.453 0.453 0.453 0.453 0.453 0.453 0.453 0.453 0.453 0.453 0.453 0.453 0.453 0.453 0.453 0.453 0.453 0.453 0.453 
TS05 0.5271 0.5271 0.5271 0.5271 0.5271 0.5271 0.5271 0.5271 0.5271 0.5271 0.5271 0.5271 0.5271 0.5271 0.5271 0.5271 0.5271 0.5271 0.5271 0.5271 0.5271 0.5271 0.5271 0.5271 0.5271 0.5271 0.5271 0.5271 0.5271 0.5271 0.5271 0.5271 
TS06 0.5485 0.5485 0.5485 0.5485 0.5485 0.5485 0.5485 0.5485 0.5485 0.5485 0.5485 0.5485 0.5485 0.5485 0.5485 0.5485 0.5485 0.5485 0.5485 0.5485 0.5485 0.5485 0.5485 0.5485 0.5485 0.5485 0.5485 0.5485 0.5485 0.5485 0.5485 0.5485 
TS07 0.4524 0.4524 0.4524 0.4524 0.4524 0.4524 0.4524 0.4524 0.4524 0.4524 0.4524 0.4524 0.4524 0.4524 0.4524 0.4524 0.4524 0.4524 0.4524 0.4524 0.4524 0.4524 0.4524 0.4524 0.4524 0.4524 0.4524 0.4524 0.4524 0.4524 0.4524 0.4524 
TS08 0.4939 0.4939 0.4939 0.4939 0.4939 0.4939 0.4939 0.4939 0.4939 0.4939 0.4939 0.4939 0.4939 0.4939 0.4939 0.4939 0.4939 0.4939 0.4939 0.4939 0.4939 0.4939 0.4939 0.4939 0.4939 0.4939 0.4939 0.4939 0.4939 0.4939 0.4939 0.4939 
TS09 0.5429 0.5429 0.5429 0.5429 0.5429 0.5429 0.5429 0.5429 0.5429 0.5429 0.5429 0.5429 0.5429 0.5429 0.5429 0.5429 0.5429 0.5429 0.5429 0.5429 0.5429 0.5429 0.5429 0.5429 0.5429 0.5429 0.5429 0.5429 0.5429 0.5429 0.5429 0.5429 
TS10 0.4931 0.4931 0.4931 0.4931 0.4931 0.4931 0.4931 0.4931 0.4931 0.4931 0.4931 0.4931 0.4931 0.4931 0.4931 0.4931 0.4931 0.4931 0.4931 0.4931 0.4931 0.4931 0.4931 0.4931 0.4931 0.4931 0.4931 0.4931 0.4931 0.4931 0.4931 0.4931 
TS11 0.5699 0.5699 0.5699 0.5699 0.5699 0.5699 0.5699 0.5699 0.5699 0.5699 0.5699 0.5699 0.5699 0.5699 0.5699 0.5699 0.5699 0.5699 0.5699 0.5699 0.5699 0.5699 0.5699 0.5699 0.5699 0.5699 0.5699 0.5699 0.5699 0.5699 0.5699 0.5699 
TS12 0.5764 0.5764 0.5764 0.5764 0.5764 0.5764 0.5764 0.5764 0.5764 0.5764 0.5764 0.5764 0.5764 0.5764 0.5764 0.5764 0.5764 0.5764 0.5764 0.5764 0.5764 0.5764 0.5764 0.5764 0.5764 0.5764 0.5764 0.5764 0.5764 0.5764 0.5764 0.5764 
TS13 0.4388 0.4388 0.4388 0.4388 0.4388 0.4388 0.4388 0.4388 0.4388 0.4388 0.4388 0.4388 0.4388 0.4388 0.4388 0.4388 0.4388 0.4388 0.4388 0.4388 0.4388 0.4388 0.4388 0.4388 0.4388 0.4388 0.4388 0.4388 0.4388 0.4388 0.4388 0.4388 
TS14 0.443 0.443 0.443 0.443 0.443 0.443 0.443 0.443 0.443 0.443 0.443 0.443 0.443 0.443 0.443 0.443 0.443 0.443 0.443 0.443 0.443 0.443 0.443 0.443 0.443 0.443 0.443 0.443 0.443 0.443 0.443 0.443 
TS15 0.4478 0.4478 0.4478 0.4478 0.4478 0.4478 0.4478 0.4478 0.4478 0.4478 0.4478 0.4478 0.4478 0.4478 0.4478 0.4478 0.4478 0.4478 0.4478 0.4478 0.4478 0.4478 0.4478 0.4478 0.4478 0.4478 0.4478 0.4478 0.4478 0.4478 0.4478 0.4478 
TS16 0.4211 0.4211 0.4211 0.4211 0.4211 0.4211 0.4211 0.4211 0.4211 0.4211 0.4211 0.4211 0.4211 0.4211 0.4211 0.4211 0.4211 0.4211 0.4211 0.4211 0.4211 0.4211 0.4211 0.4211 0.4211 0.4211 0.4211 0.4211 0.4211 0.4211 0.4211 0.4211 
TS17 0.4679 0.4679 0.4679 0.4679 0.4679 0.4679 0.4679 0.4679 0.4679 0.4679 0.4679 0.4679 0.4679 0.4679 0.4679 0.4679 0.4679 0.4679 0.4679 0.4679 0.4679 0.4679 0.4679 0.4679 0.4679 0.4679 0.4679 0.4679 0.4679 0.4679 0.4679 0.4679 
TS18 0.466 0.466 0.466 0.466 0.466 0.466 0.466 0.466 0.466 0.466 0.466 0.466 0.466 0.466 0.466 0.466 0.466 0.466 0.466 0.466 0.466 0.466 0.466 0.466 0.466 0.466 0.466 0.466 0.466 0.466 0.466 0.466 
TS19 0.5141 0.5141 0.5141 0.5141 0.5141 0.5141 0.5141 0.5141 0.5141 0.5141 0.5141 0.5141 0.5141 0.5141 0.5141 0.5141 0.5141 0.5141 0.5141 0.5141 0.5141 0.5141 0.5141 0.5141 0.5141 0.5141 0.5141 0.5141 0.5141 0.5141 0.5141 0.5141 
TS20 0.5121 0.5121 0.5121 0.5121 0.5121 0.5121 0.5121 0.5121 0.5121 0.5121 0.5121 0.5121 0.5121 0.5121 0.5121 0.5121 0.5121 0.5121 0.5121 0.5121 0.5121 0.5121 0.5121 0.5121 0.5121 0.5121 0.5121 0.5121 0.5121 0.5121 0.5121 0.5121 
TS21 0.4962 0.4962 0.4962 0.4962 0.4962 0.4962 0.4962 0.4962 0.4962 0.4962 0.4962 0.4962 0.4962 0.4962 0.4962 0.4962 0.4962 0.4962 0.4962 0.4962 0.4962 0.4962 0.4962 0.4962 0.4962 0.4962 0.4962 0.4962 0.4962 0.4962 0.4962 0.4962 
TS22 0.4638 0.4638 0.4638 0.4638 0.4638 0.4638 0.4638 0.4638 0.4638 0.4638 0.4638 0.4638 0.4638 0.4638 0.4638 0.4638 0.4638 0.4638 0.4638 0.4638 0.4638 0.4638 0.4638 0.4638 0.4638 0.4638 0.4638 0.4638 0.4638 0.4638 0.4638 0.4638 
TS23 0.512 0.512 0.512 0.512 0.512 0.512 0.512 0.512 0.512 0.512 0.512 0.512 0.512 0.512 0.512 0.512 0.512 0.512 0.512 0.512 0.512 0.512 0.512 0.512 0.512 0.512 0.512 0.512 0.512 0.512 0.512 0.512 
TS24 0.5264 0.5264 0.5264 0.5264 0.5264 0.5264 0.5264 0.5264 0.5264 0.5264 0.5264 0.5264 0.5264 0.5264 0.5264 0.5264 0.5264 0.5264 0.5264 0.5264 0.5264 0.5264 0.5264 0.5264 0.5264 0.5264 0.5264 0.5264 0.5264 0.5264 0.5264 0.5264 
TS25 0.7867 0.7867 0.7867 0.7867 0.7867 0.7867 0.7867 0.7867 0.7867 0.7867 0.7867 0.7867 0.7867 0.7867 0.7867 0.7867 0.7867 0.7867 0.7867 0.7867 0.7867 0.7867 0.7867 0.7867 0.7867 0.7867 0.7867 0.7867 0.7867 0.7867 0.7867 0.7867 
TS26 0.7883 0.7883 0.7883 0.7883 0.7883 0.7883 0.7883 0.7883 0.7883 0.7883 0.7883 0.7883 0.7883 0.7883 0.7883 0.7883 0.7883 0.7883 0.7883 0.7883 0.7883 0.7883 0.7883 0.7883 0.7883 0.7883 0.7883 0.7883 0.7883 0.7883 0.7883 0.7883 
TS27 0.7116 0.7116 0.7116 0.7116 0.7116 0.7116 0.7116 0.7116 0.7116 0.7116 0.7116 0.7116 0.7116 0.7116 0.7116 0.7116 0.7116 0.7116 0.7116 0.7116 0.7116 0.7116 0.7116 0.7116 0.7116 0.7116 0.7116 0.7116 0.7116 0.7116 0.7116 0.7116 
TS28 0.6644 0.6644 0.6644 0.6644 0.6644 0.6644 0.6644 0.6644 0.6644 0.6644 0.6644 0.6644 0.6644 0.6644 0.6644 0.6644 0.6644 0.6644 0.6644 0.6644 0.6644 0.6644 0.6644 0.6644 0.6644 0.6644 0.6644 0.6644 0.6644 0.6644 0.6644 0.6644 
TS29 0.7595 0.7595 0.7595 0.7595 0.7595 0.7595 0.7595 0.7595 0.7595 0.7595 0.7595 0.7595 0.7595 0.7595 0.7595 0.7595 0.7595 0.7595 0.7595 0.7595 0.7595 0.7595 0.7595 0.7595 0.7595 0.7595 0.7595 0.7595 0.7595 0.7595 0.7595 0.7595 
TS30 0.7753 0.7753 0.7753 0.7753 0.7753 0.7753 0.7753 0.7753 0.7753 0.7753 0.7753 0.7753 0.7753 0.7753 0.7753 0.7753 0.7753 0.7753 0.7753 0.7753 0.7753 0.7753 0.7753 0.7753 0.7753 0.7753 0.7753 0.7753 0.7753 0.7753 0.7753 0.7753 
TS31 0.8109 0.8109 0.8109 0.8109 0.8109 0.8109 0.8109 0.8109 0.8109 0.8109 0.8109 0.8109 0.8109 0.8109 0.8109 0.8109 0.8109 0.8109 0.8109 0.8109 0.8109 0.8109 0.8109 0.8109 0.8109 0.8109 0.8109 0.8109 0.8109 0.8109 0.8109 0.8109 
TS32 0.798 0.798 0.798 0.798 0.798 0.798 0.798 0.798 0.798 0.798 0.798 0.798 0.798 0.798 0.798 0.798 0.798 0.798 0.798 0.798 0.798 0.798 0.798 0.798 0.798 0.798 0.798 0.798 0.798 0.798 0.798 0.798 
TS33 0.7231 0.7231 0.7231 0.7231 0.7231 0.7231 0.7231 0.7231 0.7231 0.7231 0.7231 0.7231 0.7231 0.7231 0.7231 0.7231 0.7231 0.7231 0.7231 0.7231 0.7231 0.7231 0.7231 0.7231 0.7231 0.7231 0.7231 0.7231 0.7231 0.7231 0.7231 0.7231 
TS34 0.6866 0.6866 0.6866 0.6866 0.6866 0.6866 0.6866 0.6866 0.6866 0.6866 0.6866 0.6866 0.6866 0.6866 0.6866 0.6866 0.6866 0.6866 0.6866 0.6866 0.6866 0.6866 0.6866 0.6866 0.6866 0.6866 0.6866 0.6866 0.6866 0.6866 0.6866 0.6866 
TS35 0.7787 0.7787 0.7787 0.7787 0.7787 0.7787 0.7787 0.7787 0.7787 0.7787 0.7787 0.7787 0.7787 0.7787 0.7787 0.7787 0.7787 0.7787 0.7787 0.7787 0.7787 0.7787 0.7787 0.7787 0.7787 0.7787 0.7787 0.7787 0.7787 0.7787 0.7787 0.7787 
TS36 0.7907 0.7907 0.7907 0.7907 0.7907 0.7907 0.7907 0.7907 0.7907 0.7907 0.7907 0.7907 0.7907 0.7907 0.7907 0.7907 0.7907 0.7907 0.7907 0.7907 0.7907 0.7907 0.7907 0.7907 0.7907 0.7907 0.7907 0.7907 0.7907 0.7907 0.7907 0.7907 
TS37 0.5688 0.5688 0.5688 0.5688 0.5688 0.5688 0.5688 0.5688 0.5688 0.5688 0.5688 0.5688 0.5688 0.5688 0.5688 0.5688 0.5688 0.5688 0.5688 0.5688 0.5688 0.5688 0.5688 0.5688 0.5688 0.5688 0.5688 0.5688 0.5688 0.5688 0.5688 0.5688 
TS38 0.5848 0.5848 0.5848 0.5848 0.5848 0.5848 0.5848 0.5848 0.5848 0.5848 0.5848 0.5848 0.5848 0.5848 0.5848 0.5848 0.5848 0.5848 0.5848 0.5848 0.5848 0.5848 0.5848 0.5848 0.5848 0.5848 0.5848 0.5848 0.5848 0.5848 0.5848 0.5848 
TS39 0.665 0.665 0.665 0.665 0.665 0.665 0.665 0.665 0.665 0.665 0.665 0.665 0.665 0.665 0.665 0.665 0.665 0.665 0.665 0.665 0.665 0.665 0.665 0.665 0.665 0.665 0.665 0.665 0.665 0.665 0.665 0.665 
TS40 0.6825 0.6825 0.6825 0.6825 0.6825 0.6825 0.6825 0.6825 0.6825 0.6825 0.6825 0.6825 0.6825 0.6825 0.6825 0.6825 0.6825 0.6825 0.6825 0.6825 0.6825 0.6825 0.6825 0.6825 0.6825 0.6825 0.6825 0.6825 0.6825 0.6825 0.6825 0.6825 
TS41 0.7052 0.7052 0.7052 0.7052 0.7052 0.7052 0.7052 0.7052 0.7052 0.7052 0.7052 0.7052 0.7052 0.7052 0.7052 0.7052 0.7052 0.7052 0.7052 0.7052 0.7052 0.7052 0.7052 0.7052 0.7052 0.7052 0.7052 0.7052 0.7052 0.7052 0.7052 0.7052 
TS42 0.6592 0.6592 0.6592 0.6592 0.6592 0.6592 0.6592 0.6592 0.6592 0.6592 0.6592 0.6592 0.6592 0.6592 0.6592 0.6592 0.6592 0.6592 0.6592 0.6592 0.6592 0.6592 0.6592 0.6592 0.6592 0.6592 0.6592 0.6592 0.6592 0.6592 0.6592 0.6592 
TS43 0.5737 0.5737 0.5737 0.5737 0.5737 0.5737 0.5737 0.5737 0.5737 0.5737 0.5737 0.5737 0.5737 0.5737 0.5737 0.5737 0.5737 0.5737 0.5737 0.5737 0.5737 0.5737 0.5737 0.5737 0.5737 0.5737 0.5737 0.5737 0.5737 0.5737 0.5737 0.5737 
TS44 0.5695 0.5695 0.5695 0.5695 0.5695 0.5695 0.5695 0.5695 0.5695 0.5695 0.5695 0.5695 0.5695 0.5695 0.5695 0.5695 0.5695 0.5695 0.5695 0.5695 0.5695 0.5695 0.5695 0.5695 0.5695 0.5695 0.5695 0.5695 0.5695 0.5695 0.5695 0.5695 
TS45 0.678 0.678 0.678 0.678 0.678 0.678 0.678 0.678 0.678 0.678 0.678 0.678 0.678 0.678 0.678 0.678 0.678 0.678 0.678 0.678 0.678 0.678 0.678 0.678 0.678 0.678 0.678 0.678 0.678 0.678 0.678 0.678 
TS46 0.7013 0.7013 0.7013 0.7013 0.7013 0.7013 0.7013 0.7013 0.7013 0.7013 0.7013 0.7013 0.7013 0.7013 0.7013 0.7013 0.7013 0.7013 0.7013 0.7013 0.7013 0.7013 0.7013 0.7013 0.7013 0.7013 0.7013 0.7013 0.7013 0.7013 0.7013 0.7013 
TS47 0.7282 0.7282 0.7282 0.7282 0.7282 0.7282 0.7282 0.7282 0.7282 0.7282 0.7282 0.7282 0.7282 0.7282 0.7282 0.7282 0.7282 0.7282 0.7282 0.7282 0.7282 0.7282 0.7282 0.7282 0.7282 0.7282 0.7282 0.7282 0.7282 0.7282 0.7282 0.7282 
TS48 0.6839 0.6839 0.6839 0.6839 0.6839 0.6839 0.6839 0.6839 0.6839 0.6839 0.6839 0.6839 0.6839 0.6839 0.6839 0.6839 0.6839 0.6839 0.6839 0.6839 0.6839 0.6839 0.6839 0.6839 0.6839 0.6839 0.6839 0.6839 0.6839 0.6839 0.6839 0.6839 
[RE1,PWRWND004,*,*]:
2019 2020 2021 2022 2023 2024 2025 2026 2027 2028 2029 2030 2031 2032 2033 2034 2035 2036 2037 2038 2039 2040 2041 2042 2043 2044 2045 2046 2047 2048 2049 2050 :=
TS01 0.6782 0.6782 0.6782 0.6782 0.6782 0.6782 0.6782 0.6782 0.6782 0.6782 0.6782 0.6782 0.6782 0.6782 0.6782 0.6782 0.6782 0.6782 0.6782 0.6782 0.6782 0.6782 0.6782 0.6782 0.6782 0.6782 0.6782 0.6782 0.6782 0.6782 0.6782 0.6782 
TS02 0.6729 0.6729 0.6729 0.6729 0.6729 0.6729 0.6729 0.6729 0.6729 0.6729 0.6729 0.6729 0.6729 0.6729 0.6729 0.6729 0.6729 0.6729 0.6729 0.6729 0.6729 0.6729 0.6729 0.6729 0.6729 0.6729 0.6729 0.6729 0.6729 0.6729 0.6729 0.6729 
TS03 0.6277 0.6277 0.6277 0.6277 0.6277 0.6277 0.6277 0.6277 0.6277 0.6277 0.6277 0.6277 0.6277 0.6277 0.6277 0.6277 0.6277 0.6277 0.6277 0.6277 0.6277 0.6277 0.6277 0.6277 0.6277 0.6277 0.6277 0.6277 0.6277 0.6277 0.6277 0.6277 
TS04 0.5374 0.5374 0.5374 0.5374 0.5374 0.5374 0.5374 0.5374 0.5374 0.5374 0.5374 0.5374 0.5374 0.5374 0.5374 0.5374 0.5374 0.5374 0.5374 0.5374 0.5374 0.5374 0.5374 0.5374 0.5374 0.5374 0.5374 0.5374 0.5374 0.5374 0.5374 0.5374 
TS05 0.5694 0.5694 0.5694 0.5694 0.5694 0.5694 0.5694 0.5694 0.5694 0.5694 0.5694 0.5694 0.5694 0.5694 0.5694 0.5694 0.5694 0.5694 0.5694 0.5694 0.5694 0.5694 0.5694 0.5694 0.5694 0.5694 0.5694 0.5694 0.5694 0.5694 0.5694 0.5694 
TS06 0.5934 0.5934 0.5934 0.5934 0.5934 0.5934 0.5934 0.5934 0.5934 0.5934 0.5934 0.5934 0.5934 0.5934 0.5934 0.5934 0.5934 0.5934 0.5934 0.5934 0.5934 0.5934 0.5934 0.5934 0.5934 0.5934 0.5934 0.5934 0.5934 0.5934 0.5934 0.5934 
TS07 0.652 0.652 0.652 0.652 0.652 0.652 0.652 0.652 0.652 0.652 0.652 0.652 0.652 0.652 0.652 0.652 0.652 0.652 0.652 0.652 0.652 0.652 0.652 0.652 0.652 0.652 0.652 0.652 0.652 0.652 0.652 0.652 
TS08 0.6597 0.6597 0.6597 0.6597 0.6597 0.6597 0.6597 0.6597 0.6597 0.6597 0.6597 0.6597 0.6597 0.6597 0.6597 0.6597 0.6597 0.6597 0.6597 0.6597 0.6597 0.6597 0.6597 0.6597 0.6597 0.6597 0.6597 0.6597 0.6597 0.6597 0.6597 0.6597 
TS09 0.6192 0.6192 0.6192 0.6192 0.6192 0.6192 0.6192 0.6192 0.6192 0.6192 0.6192 0.6192 0.6192 0.6192 0.6192 0.6192 0.6192 0.6192 0.6192 0.6192 0.6192 0.6192 0.6192 0.6192 0.6192 0.6192 0.6192 0.6192 0.6192 0.6192 0.6192 0.6192 
TS10 0.5739 0.5739 0.5739 0.5739 0.5739 0.5739 0.5739 0.5739 0.5739 0.5739 0.5739 0.5739 0.5739 0.5739 0.5739 0.5739 0.5739 0.5739 0.5739 0.5739 0.5739 0.5739 0.5739 0.5739 0.5739 0.5739 0.5739 0.5739 0.5739 0.5739 0.5739 0.5739 
TS11 0.6286 0.6286 0.6286 0.6286 0.6286 0.6286 0.6286 0.6286 0.6286 0.6286 0.6286 0.6286 0.6286 0.6286 0.6286 0.6286 0.6286 0.6286 0.6286 0.6286 0.6286 0.6286 0.6286 0.6286 0.6286 0.6286 0.6286 0.6286 0.6286 0.6286 0.6286 0.6286 
TS12 0.6604 0.6604 0.6604 0.6604 0.6604 0.6604 0.6604 0.6604 0.6604 0.6604 0.6604 0.6604 0.6604 0.6604 0.6604 0.6604 0.6604 0.6604 0.6604 0.6604 0.6604 0.6604 0.6604 0.6604 0.6604 0.6604 0.6604 0.6604 0.6604 0.6604 0.6604 0.6604 
TS13 0.5784 0.5784 0.5784 0.5784 0.5784 0.5784 0.5784 0.5784 0.5784 0.5784 0.5784 0.5784 0.5784 0.5784 0.5784 0.5784 0.5784 0.5784 0.5784 0.5784 0.5784 0.5784 0.5784 0.5784 0.5784 0.5784 0.5784 0.5784 0.5784 0.5784 0.5784 0.5784 
TS14 0.5985 0.5985 0.5985 0.5985 0.5985 0.5985 0.5985 0.5985 0.5985 0.5985 0.5985 0.5985 0.5985 0.5985 0.5985 0.5985 0.5985 0.5985 0.5985 0.5985 0.5985 0.5985 0.5985 0.5985 0.5985 0.5985 0.5985 0.5985 0.5985 0.5985 0.5985 0.5985 
TS15 0.4825 0.4825 0.4825 0.4825 0.4825 0.4825 0.4825 0.4825 0.4825 0.4825 0.4825 0.4825 0.4825 0.4825 0.4825 0.4825 0.4825 0.4825 0.4825 0.4825 0.4825 0.4825 0.4825 0.4825 0.4825 0.4825 0.4825 0.4825 0.4825 0.4825 0.4825 0.4825 
TS16 0.3464 0.3464 0.3464 0.3464 0.3464 0.3464 0.3464 0.3464 0.3464 0.3464 0.3464 0.3464 0.3464 0.3464 0.3464 0.3464 0.3464 0.3464 0.3464 0.3464 0.3464 0.3464 0.3464 0.3464 0.3464 0.3464 0.3464 0.3464 0.3464 0.3464 0.3464 0.3464 
TS17 0.4266 0.4266 0.4266 0.4266 0.4266 0.4266 0.4266 0.4266 0.4266 0.4266 0.4266 0.4266 0.4266 0.4266 0.4266 0.4266 0.4266 0.4266 0.4266 0.4266 0.4266 0.4266 0.4266 0.4266 0.4266 0.4266 0.4266 0.4266 0.4266 0.4266 0.4266 0.4266 
TS18 0.5183 0.5183 0.5183 0.5183 0.5183 0.5183 0.5183 0.5183 0.5183 0.5183 0.5183 0.5183 0.5183 0.5183 0.5183 0.5183 0.5183 0.5183 0.5183 0.5183 0.5183 0.5183 0.5183 0.5183 0.5183 0.5183 0.5183 0.5183 0.5183 0.5183 0.5183 0.5183 
TS19 0.672 0.672 0.672 0.672 0.672 0.672 0.672 0.672 0.672 0.672 0.672 0.672 0.672 0.672 0.672 0.672 0.672 0.672 0.672 0.672 0.672 0.672 0.672 0.672 0.672 0.672 0.672 0.672 0.672 0.672 0.672 0.672 
TS20 0.7216 0.7216 0.7216 0.7216 0.7216 0.7216 0.7216 0.7216 0.7216 0.7216 0.7216 0.7216 0.7216 0.7216 0.7216 0.7216 0.7216 0.7216 0.7216 0.7216 0.7216 0.7216 0.7216 0.7216 0.7216 0.7216 0.7216 0.7216 0.7216 0.7216 0.7216 0.7216 
TS21 0.5383 0.5383 0.5383 0.5383 0.5383 0.5383 0.5383 0.5383 0.5383 0.5383 0.5383 0.5383 0.5383 0.5383 0.5383 0.5383 0.5383 0.5383 0.5383 0.5383 0.5383 0.5383 0.5383 0.5383 0.5383 0.5383 0.5383 0.5383 0.5383 0.5383 0.5383 0.5383 
TS22 0.4093 0.4093 0.4093 0.4093 0.4093 0.4093 0.4093 0.4093 0.4093 0.4093 0.4093 0.4093 0.4093 0.4093 0.4093 0.4093 0.4093 0.4093 0.4093 0.4093 0.4093 0.4093 0.4093 0.4093 0.4093 0.4093 0.4093 0.4093 0.4093 0.4093 0.4093 0.4093 
TS23 0.4684 0.4684 0.4684 0.4684 0.4684 0.4684 0.4684 0.4684 0.4684 0.4684 0.4684 0.4684 0.4684 0.4684 0.4684 0.4684 0.4684 0.4684 0.4684 0.4684 0.4684 0.4684 0.4684 0.4684 0.4684 0.4684 0.4684 0.4684 0.4684 0.4684 0.4684 0.4684 
TS24 0.5427 0.5427 0.5427 0.5427 0.5427 0.5427 0.5427 0.5427 0.5427 0.5427 0.5427 0.5427 0.5427 0.5427 0.5427 0.5427 0.5427 0.5427 0.5427 0.5427 0.5427 0.5427 0.5427 0.5427 0.5427 0.5427 0.5427 0.5427 0.5427 0.5427 0.5427 0.5427 
TS25 0.7611 0.7611 0.7611 0.7611 0.7611 0.7611 0.7611 0.7611 0.7611 0.7611 0.7611 0.7611 0.7611 0.7611 0.7611 0.7611 0.7611 0.7611 0.7611 0.7611 0.7611 0.7611 0.7611 0.7611 0.7611 0.7611 0.7611 0.7611 0.7611 0.7611 0.7611 0.7611 
TS26 0.7923 0.7923 0.7923 0.7923 0.7923 0.7923 0.7923 0.7923 0.7923 0.7923 0.7923 0.7923 0.7923 0.7923 0.7923 0.7923 0.7923 0.7923 0.7923 0.7923 0.7923 0.7923 0.7923 0.7923 0.7923 0.7923 0.7923 0.7923 0.7923 0.7923 0.7923 0.7923 
TS27 0.6678 0.6678 0.6678 0.6678 0.6678 0.6678 0.6678 0.6678 0.6678 0.6678 0.6678 0.6678 0.6678 0.6678 0.6678 0.6678 0.6678 0.6678 0.6678 0.6678 0.6678 0.6678 0.6678 0.6678 0.6678 0.6678 0.6678 0.6678 0.6678 0.6678 0.6678 0.6678 
TS28 0.5037 0.5037 0.5037 0.5037 0.5037 0.5037 0.5037 0.5037 0.5037 0.5037 0.5037 0.5037 0.5037 0.5037 0.5037 0.5037 0.5037 0.5037 0.5037 0.5037 0.5037 0.5037 0.5037 0.5037 0.5037 0.5037 0.5037 0.5037 0.5037 0.5037 0.5037 0.5037 
TS29 0.6119 0.6119 0.6119 0.6119 0.6119 0.6119 0.6119 0.6119 0.6119 0.6119 0.6119 0.6119 0.6119 0.6119 0.6119 0.6119 0.6119 0.6119 0.6119 0.6119 0.6119 0.6119 0.6119 0.6119 0.6119 0.6119 0.6119 0.6119 0.6119 0.6119 0.6119 0.6119 
TS30 0.7102 0.7102 0.7102 0.7102 0.7102 0.7102 0.7102 0.7102 0.7102 0.7102 0.7102 0.7102 0.7102 0.7102 0.7102 0.7102 0.7102 0.7102 0.7102 0.7102 0.7102 0.7102 0.7102 0.7102 0.7102 0.7102 0.7102 0.7102 0.7102 0.7102 0.7102 0.7102 
TS31 0.8062 0.8062 0.8062 0.8062 0.8062 0.8062 0.8062 0.8062 0.8062 0.8062 0.8062 0.8062 0.8062 0.8062 0.8062 0.8062 0.8062 0.8062 0.8062 0.8062 0.8062 0.8062 0.8062 0.8062 0.8062 0.8062 0.8062 0.8062 0.8062 0.8062 0.8062 0.8062 
TS32 0.8201 0.8201 0.8201 0.8201 0.8201 0.8201 0.8201 0.8201 0.8201 0.8201 0.8201 0.8201 0.8201 0.8201 0.8201 0.8201 0.8201 0.8201 0.8201 0.8201 0.8201 0.8201 0.8201 0.8201 0.8201 0.8201 0.8201 0.8201 0.8201 0.8201 0.8201 0.8201 
TS33 0.6889 0.6889 0.6889 0.6889 0.6889 0.6889 0.6889 0.6889 0.6889 0.6889 0.6889 0.6889 0.6889 0.6889 0.6889 0.6889 0.6889 0.6889 0.6889 0.6889 0.6889 0.6889 0.6889 0.6889 0.6889 0.6889 0.6889 0.6889 0.6889 0.6889 0.6889 0.6889 
TS34 0.5014 0.5014 0.5014 0.5014 0.5014 0.5014 0.5014 0.5014 0.5014 0.5014 0.5014 0.5014 0.5014 0.5014 0.5014 0.5014 0.5014 0.5014 0.5014 0.5014 0.5014 0.5014 0.5014 0.5014 0.5014 0.5014 0.5014 0.5014 0.5014 0.5014 0.5014 0.5014 
TS35 0.5971 0.5971 0.5971 0.5971 0.5971 0.5971 0.5971 0.5971 0.5971 0.5971 0.5971 0.5971 0.5971 0.5971 0.5971 0.5971 0.5971 0.5971 0.5971 0.5971 0.5971 0.5971 0.5971 0.5971 0.5971 0.5971 0.5971 0.5971 0.5971 0.5971 0.5971 0.5971 
TS36 0.722 0.722 0.722 0.722 0.722 0.722 0.722 0.722 0.722 0.722 0.722 0.722 0.722 0.722 0.722 0.722 0.722 0.722 0.722 0.722 0.722 0.722 0.722 0.722 0.722 0.722 0.722 0.722 0.722 0.722 0.722 0.722 
TS37 0.7467 0.7467 0.7467 0.7467 0.7467 0.7467 0.7467 0.7467 0.7467 0.7467 0.7467 0.7467 0.7467 0.7467 0.7467 0.7467 0.7467 0.7467 0.7467 0.7467 0.7467 0.7467 0.7467 0.7467 0.7467 0.7467 0.7467 0.7467 0.7467 0.7467 0.7467 0.7467 
TS38 0.7477 0.7477 0.7477 0.7477 0.7477 0.7477 0.7477 0.7477 0.7477 0.7477 0.7477 0.7477 0.7477 0.7477 0.7477 0.7477 0.7477 0.7477 0.7477 0.7477 0.7477 0.7477 0.7477 0.7477 0.7477 0.7477 0.7477 0.7477 0.7477 0.7477 0.7477 0.7477 
TS39 0.7181 0.7181 0.7181 0.7181 0.7181 0.7181 0.7181 0.7181 0.7181 0.7181 0.7181 0.7181 0.7181 0.7181 0.7181 0.7181 0.7181 0.7181 0.7181 0.7181 0.7181 0.7181 0.7181 0.7181 0.7181 0.7181 0.7181 0.7181 0.7181 0.7181 0.7181 0.7181 
TS40 0.6907 0.6907 0.6907 0.6907 0.6907 0.6907 0.6907 0.6907 0.6907 0.6907 0.6907 0.6907 0.6907 0.6907 0.6907 0.6907 0.6907 0.6907 0.6907 0.6907 0.6907 0.6907 0.6907 0.6907 0.6907 0.6907 0.6907 0.6907 0.6907 0.6907 0.6907 0.6907 
TS41 0.7478 0.7478 0.7478 0.7478 0.7478 0.7478 0.7478 0.7478 0.7478 0.7478 0.7478 0.7478 0.7478 0.7478 0.7478 0.7478 0.7478 0.7478 0.7478 0.7478 0.7478 0.7478 0.7478 0.7478 0.7478 0.7478 0.7478 0.7478 0.7478 0.7478 0.7478 0.7478 
TS42 0.7712 0.7712 0.7712 0.7712 0.7712 0.7712 0.7712 0.7712 0.7712 0.7712 0.7712 0.7712 0.7712 0.7712 0.7712 0.7712 0.7712 0.7712 0.7712 0.7712 0.7712 0.7712 0.7712 0.7712 0.7712 0.7712 0.7712 0.7712 0.7712 0.7712 0.7712 0.7712 
TS43 0.7623 0.7623 0.7623 0.7623 0.7623 0.7623 0.7623 0.7623 0.7623 0.7623 0.7623 0.7623 0.7623 0.7623 0.7623 0.7623 0.7623 0.7623 0.7623 0.7623 0.7623 0.7623 0.7623 0.7623 0.7623 0.7623 0.7623 0.7623 0.7623 0.7623 0.7623 0.7623 
TS44 0.7466 0.7466 0.7466 0.7466 0.7466 0.7466 0.7466 0.7466 0.7466 0.7466 0.7466 0.7466 0.7466 0.7466 0.7466 0.7466 0.7466 0.7466 0.7466 0.7466 0.7466 0.7466 0.7466 0.7466 0.7466 0.7466 0.7466 0.7466 0.7466 0.7466 0.7466 0.7466 
TS45 0.7197 0.7197 0.7197 0.7197 0.7197 0.7197 0.7197 0.7197 0.7197 0.7197 0.7197 0.7197 0.7197 0.7197 0.7197 0.7197 0.7197 0.7197 0.7197 0.7197 0.7197 0.7197 0.7197 0.7197 0.7197 0.7197 0.7197 0.7197 0.7197 0.7197 0.7197 0.7197 
TS46 0.684 0.684 0.684 0.684 0.684 0.684 0.684 0.684 0.684 0.684 0.684 0.684 0.684 0.684 0.684 0.684 0.684 0.684 0.684 0.684 0.684 0.684 0.684 0.684 0.684 0.684 0.684 0.684 0.684 0.684 0.684 0.684 
TS47 0.7558 0.7558 0.7558 0.7558 0.7558 0.7558 0.7558 0.7558 0.7558 0.7558 0.7558 0.7558 0.7558 0.7558 0.7558 0.7558 0.7558 0.7558 0.7558 0.7558 0.7558 0.7558 0.7558 0.7558 0.7558 0.7558 0.7558 0.7558 0.7558 0.7558 0.7558 0.7558 
TS48 0.7789 0.7789 0.7789 0.7789 0.7789 0.7789 0.7789 0.7789 0.7789 0.7789 0.7789 0.7789 0.7789 0.7789 0.7789 0.7789 0.7789 0.7789 0.7789 0.7789 0.7789 0.7789 0.7789 0.7789 0.7789 0.7789 0.7789 0.7789 0.7789 0.7789 0.7789 0.7789 
[RE1,PWRWND005,*,*]:
2019 2020 2021 2022 2023 2024 2025 2026 2027 2028 2029 2030 2031 2032 2033 2034 2035 2036 2037 2038 2039 2040 2041 2042 2043 2044 2045 2046 2047 2048 2049 2050 :=
TS01 0.1867 0.1867 0.1867 0.1867 0.1867 0.1867 0.1867 0.1867 0.1867 0.1867 0.1867 0.1867 0.1867 0.1867 0.1867 0.1867 0.1867 0.1867 0.1867 0.1867 0.1867 0.1867 0.1867 0.1867 0.1867 0.1867 0.1867 0.1867 0.1867 0.1867 0.1867 0.1867 
TS02 0.1635 0.1635 0.1635 0.1635 0.1635 0.1635 0.1635 0.1635 0.1635 0.1635 0.1635 0.1635 0.1635 0.1635 0.1635 0.1635 0.1635 0.1635 0.1635 0.1635 0.1635 0.1635 0.1635 0.1635 0.1635 0.1635 0.1635 0.1635 0.1635 0.1635 0.1635 0.1635 
TS03 0.6009 0.6009 0.6009 0.6009 0.6009 0.6009 0.6009 0.6009 0.6009 0.6009 0.6009 0.6009 0.6009 0.6009 0.6009 0.6009 0.6009 0.6009 0.6009 0.6009 0.6009 0.6009 0.6009 0.6009 0.6009 0.6009 0.6009 0.6009 0.6009 0.6009 0.6009 0.6009 
TS04 0.653 0.653 0.653 0.653 0.653 0.653 0.653 0.653 0.653 0.653 0.653 0.653 0.653 0.653 0.653 0.653 0.653 0.653 0.653 0.653 0.653 0.653 0.653 0.653 0.653 0.653 0.653 0.653 0.653 0.653 0.653 0.653 
TS05 0.4742 0.4742 0.4742 0.4742 0.4742 0.4742 0.4742 0.4742 0.4742 0.4742 0.4742 0.4742 0.4742 0.4742 0.4742 0.4742 0.4742 0.4742 0.4742 0.4742 0.4742 0.4742 0.4742 0.4742 0.4742 0.4742 0.4742 0.4742 0.4742 0.4742 0.4742 0.4742 
TS06 0.256 0.256 0.256 0.256 0.256 0.256 0.256 0.256 0.256 0.256 0.256 0.256 0.256 0.256 0.256 0.256 0.256 0.256 0.256 0.256 0.256 0.256 0.256 0.256 0.256 0.256 0.256 0.256 0.256 0.256 0.256 0.256 
TS07 0.2218 0.2218 0.2218 0.2218 0.2218 0.2218 0.2218 0.2218 0.2218 0.2218 0.2218 0.2218 0.2218 0.2218 0.2218 0.2218 0.2218 0.2218 0.2218 0.2218 0.2218 0.2218 0.2218 0.2218 0.2218 0.2218 0.2218 0.2218 0.2218 0.2218 0.2218 0.2218 
TS08 0.1549 0.1549 0.1549 0.1549 0.1549 0.1549 0.1549 0.1549 0.1549 0.1549 0.1549 0.1549 0.1549 0.1549 0.1549 0.1549 0.1549 0.1549 0.1549 0.1549 0.1549 0.1549 0.1549 0.1549 0.1549 0.1549 0.1549 0.1549 0.1549 0.1549 0.1549 0.1549 
TS09 0.5825 0.5825 0.5825 0.5825 0.5825 0.5825 0.5825 0.5825 0.5825 0.5825 0.5825 0.5825 0.5825 0.5825 0.5825 0.5825 0.5825 0.5825 0.5825 0.5825 0.5825 0.5825 0.5825 0.5825 0.5825 0.5825 0.5825 0.5825 0.5825 0.5825 0.5825 0.5825 
TS10 0.6736 0.6736 0.6736 0.6736 0.6736 0.6736 0.6736 0.6736 0.6736 0.6736 0.6736 0.6736 0.6736 0.6736 0.6736 0.6736 0.6736 0.6736 0.6736 0.6736 0.6736 0.6736 0.6736 0.6736 0.6736 0.6736 0.6736 0.6736 0.6736 0.6736 0.6736 0.6736 
TS11 0.4649 0.4649 0.4649 0.4649 0.4649 0.4649 0.4649 0.4649 0.4649 0.4649 0.4649 0.4649 0.4649 0.4649 0.4649 0.4649 0.4649 0.4649 0.4649 0.4649 0.4649 0.4649 0.4649 0.4649 0.4649 0.4649 0.4649 0.4649 0.4649 0.4649 0.4649 0.4649 
TS12 0.2504 0.2504 0.2504 0.2504 0.2504 0.2504 0.2504 0.2504 0.2504 0.2504 0.2504 0.2504 0.2504 0.2504 0.2504 0.2504 0.2504 0.2504 0.2504 0.2504 0.2504 0.2504 0.2504 0.2504 0.2504 0.2504 0.2504 0.2504 0.2504 0.2504 0.2504 0.2504 
TS13 0.3907 0.3907 0.3907 0.3907 0.3907 0.3907 0.3907 0.3907 0.3907 0.3907 0.3907 0.3907 0.3907 0.3907 0.3907 0.3907 0.3907 0.3907 0.3907 0.3907 0.3907 0.3907 0.3907 0.3907 0.3907 0.3907 0.3907 0.3907 0.3907 0.3907 0.3907 0.3907 
TS14 0.3813 0.3813 0.3813 0.3813 0.3813 0.3813 0.3813 0.3813 0.3813 0.3813 0.3813 0.3813 0.3813 0.3813 0.3813 0.3813 0.3813 0.3813 0.3813 0.3813 0.3813 0.3813 0.3813 0.3813 0.3813 0.3813 0.3813 0.3813 0.3813 0.3813 0.3813 0.3813 
TS15 0.4411 0.4411 0.4411 0.4411 0.4411 0.4411 0.4411 0.4411 0.4411 0.4411 0.4411 0.4411 0.4411 0.4411 0.4411 0.4411 0.4411 0.4411 0.4411 0.4411 0.4411 0.4411 0.4411 0.4411 0.4411 0.4411 0.4411 0.4411 0.4411 0.4411 0.4411 0.4411 
TS16 0.4494 0.4494 0.4494 0.4494 0.4494 0.4494 0.4494 0.4494 0.4494 0.4494 0.4494 0.4494 0.4494 0.4494 0.4494 0.4494 0.4494 0.4494 0.4494 0.4494 0.4494 0.4494 0.4494 0.4494 0.4494 0.4494 0.4494 0.4494 0.4494 0.4494 0.4494 0.4494 
TS17 0.4362 0.4362 0.4362 0.4362 0.4362 0.4362 0.4362 0.4362 0.4362 0.4362 0.4362 0.4362 0.4362 0.4362 0.4362 0.4362 0.4362 0.4362 0.4362 0.4362 0.4362 0.4362 0.4362 0.4362 0.4362 0.4362 0.4362 0.4362 0.4362 0.4362 0.4362 0.4362 
TS18 0.3765 0.3765 0.3765 0.3765 0.3765 0.3765 0.3765 0.3765 0.3765 0.3765 0.3765 0.3765 0.3765 0.3765 0.3765 0.3765 0.3765 0.3765 0.3765 0.3765 0.3765 0.3765 0.3765 0.3765 0.3765 0.3765 0.3765 0.3765 0.3765 0.3765 0.3765 0.3765 
TS19 0.3768 0.3768 0.3768 0.3768 0.3768 0.3768 0.3768 0.3768 0.3768 0.3768 0.3768 0.3768 0.3768 0.3768 0.3768 0.3768 0.3768 0.3768 0.3768 0.3768 0.3768 0.3768 0.3768 0.3768 0.3768 0.3768 0.3768 0.3768 0.3768 0.3768 0.3768 0.3768 
TS20 0.3478 0.3478 0.3478 0.3478 0.3478 0.3478 0.3478 0.3478 0.3478 0.3478 0.3478 0.3478 0.3478 0.3478 0.3478 0.3478 0.3478 0.3478 0.3478 0.3478 0.3478 0.3478 0.3478 0.3478 0.3478 0.3478 0.3478 0.3478 0.3478 0.3478 0.3478 0.3478 
TS21 0.3946 0.3946 0.3946 0.3946 0.3946 0.3946 0.3946 0.3946 0.3946 0.3946 0.3946 0.3946 0.3946 0.3946 0.3946 0.3946 0.3946 0.3946 0.3946 0.3946 0.3946 0.3946 0.3946 0.3946 0.3946 0.3946 0.3946 0.3946 0.3946 0.3946 0.3946 0.3946 
TS22 0.4283 0.4283 0.4283 0.4283 0.4283 0.4283 0.4283 0.4283 0.4283 0.4283 0.4283 0.4283 0.4283 0.4283 0.4283 0.4283 0.4283 0.4283 0.4283 0.4283 0.4283 0.4283 0.4283 0.4283 0.4283 0.4283 0.4283 0.4283 0.4283 0.4283 0.4283 0.4283 
TS23 0.4196 0.4196 0.4196 0.4196 0.4196 0.4196 0.4196 0.4196 0.4196 0.4196 0.4196 0.4196 0.4196 0.4196 0.4196 0.4196 0.4196 0.4196 0.4196 0.4196 0.4196 0.4196 0.4196 0.4196 0.4196 0.4196 0.4196 0.4196 0.4196 0.4196 0.4196 0.4196 
TS24 0.3846 0.3846 0.3846 0.3846 0.3846 0.3846 0.3846 0.3846 0.3846 0.3846 0.3846 0.3846 0.3846 0.3846 0.3846 0.3846 0.3846 0.3846 0.3846 0.3846 0.3846 0.3846 0.3846 0.3846 0.3846 0.3846 0.3846 0.3846 0.3846 0.3846 0.3846 0.3846 
TS25 0.6531 0.6531 0.6531 0.6531 0.6531 0.6531 0.6531 0.6531 0.6531 0.6531 0.6531 0.6531 0.6531 0.6531 0.6531 0.6531 0.6531 0.6531 0.6531 0.6531 0.6531 0.6531 0.6531 0.6531 0.6531 0.6531 0.6531 0.6531 0.6531 0.6531 0.6531 0.6531 
TS26 0.5349 0.5349 0.5349 0.5349 0.5349 0.5349 0.5349 0.5349 0.5349 0.5349 0.5349 0.5349 0.5349 0.5349 0.5349 0.5349 0.5349 0.5349 0.5349 0.5349 0.5349 0.5349 0.5349 0.5349 0.5349 0.5349 0.5349 0.5349 0.5349 0.5349 0.5349 0.5349 
TS27 0.4487 0.4487 0.4487 0.4487 0.4487 0.4487 0.4487 0.4487 0.4487 0.4487 0.4487 0.4487 0.4487 0.4487 0.4487 0.4487 0.4487 0.4487 0.4487 0.4487 0.4487 0.4487 0.4487 0.4487 0.4487 0.4487 0.4487 0.4487 0.4487 0.4487 0.4487 0.4487 
TS28 0.5886 0.5886 0.5886 0.5886 0.5886 0.5886 0.5886 0.5886 0.5886 0.5886 0.5886 0.5886 0.5886 0.5886 0.5886 0.5886 0.5886 0.5886 0.5886 0.5886 0.5886 0.5886 0.5886 0.5886 0.5886 0.5886 0.5886 0.5886 0.5886 0.5886 0.5886 0.5886 
TS29 0.6922 0.6922 0.6922 0.6922 0.6922 0.6922 0.6922 0.6922 0.6922 0.6922 0.6922 0.6922 0.6922 0.6922 0.6922 0.6922 0.6922 0.6922 0.6922 0.6922 0.6922 0.6922 0.6922 0.6922 0.6922 0.6922 0.6922 0.6922 0.6922 0.6922 0.6922 0.6922 
TS30 0.7285 0.7285 0.7285 0.7285 0.7285 0.7285 0.7285 0.7285 0.7285 0.7285 0.7285 0.7285 0.7285 0.7285 0.7285 0.7285 0.7285 0.7285 0.7285 0.7285 0.7285 0.7285 0.7285 0.7285 0.7285 0.7285 0.7285 0.7285 0.7285 0.7285 0.7285 0.7285 
TS31 0.6757 0.6757 0.6757 0.6757 0.6757 0.6757 0.6757 0.6757 0.6757 0.6757 0.6757 0.6757 0.6757 0.6757 0.6757 0.6757 0.6757 0.6757 0.6757 0.6757 0.6757 0.6757 0.6757 0.6757 0.6757 0.6757 0.6757 0.6757 0.6757 0.6757 0.6757 0.6757 
TS32 0.5558 0.5558 0.5558 0.5558 0.5558 0.5558 0.5558 0.5558 0.5558 0.5558 0.5558 0.5558 0.5558 0.5558 0.5558 0.5558 0.5558 0.5558 0.5558 0.5558 0.5558 0.5558 0.5558 0.5558 0.5558 0.5558 0.5558 0.5558 0.5558 0.5558 0.5558 0.5558 
TS33 0.4562 0.4562 0.4562 0.4562 0.4562 0.4562 0.4562 0.4562 0.4562 0.4562 0.4562 0.4562 0.4562 0.4562 0.4562 0.4562 0.4562 0.4562 0.4562 0.4562 0.4562 0.4562 0.4562 0.4562 0.4562 0.4562 0.4562 0.4562 0.4562 0.4562 0.4562 0.4562 
TS34 0.5968 0.5968 0.5968 0.5968 0.5968 0.5968 0.5968 0.5968 0.5968 0.5968 0.5968 0.5968 0.5968 0.5968 0.5968 0.5968 0.5968 0.5968 0.5968 0.5968 0.5968 0.5968 0.5968 0.5968 0.5968 0.5968 0.5968 0.5968 0.5968 0.5968 0.5968 0.5968 
TS35 0.703 0.703 0.703 0.703 0.703 0.703 0.703 0.703 0.703 0.703 0.703 0.703 0.703 0.703 0.703 0.703 0.703 0.703 0.703 0.703 0.703 0.703 0.703 0.703 0.703 0.703 0.703 0.703 0.703 0.703 0.703 0.703 
TS36 0.7252 0.7252 0.7252 0.7252 0.7252 0.7252 0.7252 0.7252 0.7252 0.7252 0.7252 0.7252 0.7252 0.7252 0.7252 0.7252 0.7252 0.7252 0.7252 0.7252 0.7252 0.7252 0.7252 0.7252 0.7252 0.7252 0.7252 0.7252 0.7252 0.7252 0.7252 0.7252 
TS37 0.3122 0.3122 0.3122 0.3122 0.3122 0.3122 0.3122 0.3122 0.3122 0.3122 0.3122 0.3122 0.3122 0.3122 0.3122 0.3122 0.3122 0.3122 0.3122 0.3122 0.3122 0.3122 0.3122 0.3122 0.3122 0.3122 0.3122 0.3122 0.3122 0.3122 0.3122 0.3122 
TS38 0.2477 0.2477 0.2477 0.2477 0.2477 0.2477 0.2477 0.2477 0.2477 0.2477 0.2477 0.2477 0.2477 0.2477 0.2477 0.2477 0.2477 0.2477 0.2477 0.2477 0.2477 0.2477 0.2477 0.2477 0.2477 0.2477 0.2477 0.2477 0.2477 0.2477 0.2477 0.2477 
TS39 0.5879 0.5879 0.5879 0.5879 0.5879 0.5879 0.5879 0.5879 0.5879 0.5879 0.5879 0.5879 0.5879 0.5879 0.5879 0.5879 0.5879 0.5879 0.5879 0.5879 0.5879 0.5879 0.5879 0.5879 0.5879 0.5879 0.5879 0.5879 0.5879 0.5879 0.5879 0.5879 
TS40 0.6485 0.6485 0.6485 0.6485 0.6485 0.6485 0.6485 0.6485 0.6485 0.6485 0.6485 0.6485 0.6485 0.6485 0.6485 0.6485 0.6485 0.6485 0.6485 0.6485 0.6485 0.6485 0.6485 0.6485 0.6485 0.6485 0.6485 0.6485 0.6485 0.6485 0.6485 0.6485 
TS41 0.5241 0.5241 0.5241 0.5241 0.5241 0.5241 0.5241 0.5241 0.5241 0.5241 0.5241 0.5241 0.5241 0.5241 0.5241 0.5241 0.5241 0.5241 0.5241 0.5241 0.5241 0.5241 0.5241 0.5241 0.5241 0.5241 0.5241 0.5241 0.5241 0.5241 0.5241 0.5241 
TS42 0.3999 0.3999 0.3999 0.3999 0.3999 0.3999 0.3999 0.3999 0.3999 0.3999 0.3999 0.3999 0.3999 0.3999 0.3999 0.3999 0.3999 0.3999 0.3999 0.3999 0.3999 0.3999 0.3999 0.3999 0.3999 0.3999 0.3999 0.3999 0.3999 0.3999 0.3999 0.3999 
TS43 0.3042 0.3042 0.3042 0.3042 0.3042 0.3042 0.3042 0.3042 0.3042 0.3042 0.3042 0.3042 0.3042 0.3042 0.3042 0.3042 0.3042 0.3042 0.3042 0.3042 0.3042 0.3042 0.3042 0.3042 0.3042 0.3042 0.3042 0.3042 0.3042 0.3042 0.3042 0.3042 
TS44 0.2741 0.2741 0.2741 0.2741 0.2741 0.2741 0.2741 0.2741 0.2741 0.2741 0.2741 0.2741 0.2741 0.2741 0.2741 0.2741 0.2741 0.2741 0.2741 0.2741 0.2741 0.2741 0.2741 0.2741 0.2741 0.2741 0.2741 0.2741 0.2741 0.2741 0.2741 0.2741 
TS45 0.5947 0.5947 0.5947 0.5947 0.5947 0.5947 0.5947 0.5947 0.5947 0.5947 0.5947 0.5947 0.5947 0.5947 0.5947 0.5947 0.5947 0.5947 0.5947 0.5947 0.5947 0.5947 0.5947 0.5947 0.5947 0.5947 0.5947 0.5947 0.5947 0.5947 0.5947 0.5947 
TS46 0.6589 0.6589 0.6589 0.6589 0.6589 0.6589 0.6589 0.6589 0.6589 0.6589 0.6589 0.6589 0.6589 0.6589 0.6589 0.6589 0.6589 0.6589 0.6589 0.6589 0.6589 0.6589 0.6589 0.6589 0.6589 0.6589 0.6589 0.6589 0.6589 0.6589 0.6589 0.6589 
TS47 0.5379 0.5379 0.5379 0.5379 0.5379 0.5379 0.5379 0.5379 0.5379 0.5379 0.5379 0.5379 0.5379 0.5379 0.5379 0.5379 0.5379 0.5379 0.5379 0.5379 0.5379 0.5379 0.5379 0.5379 0.5379 0.5379 0.5379 0.5379 0.5379 0.5379 0.5379 0.5379 
TS48 0.4209 0.4209 0.4209 0.4209 0.4209 0.4209 0.4209 0.4209 0.4209 0.4209 0.4209 0.4209 0.4209 0.4209 0.4209 0.4209 0.4209 0.4209 0.4209 0.4209 0.4209 0.4209 0.4209 0.4209 0.4209 0.4209 0.4209 0.4209 0.4209 0.4209 0.4209 0.4209 
[RE1,PWRWND006,*,*]:
2019 2020 2021 2022 2023 2024 2025 2026 2027 2028 2029 2030 2031 2032 2033 2034 2035 2036 2037 2038 2039 2040 2041 2042 2043 2044 2045 2046 2047 2048 2049 2050 :=
TS01 0.5505 0.5505 0.5505 0.5505 0.5505 0.5505 0.5505 0.5505 0.5505 0.5505 0.5505 0.5505 0.5505 0.5505 0.5505 0.5505 0.5505 0.5505 0.5505 0.5505 0.5505 0.5505 0.5505 0.5505 0.5505 0.5505 0.5505 0.5505 0.5505 0.5505 0.5505 0.5505 
TS02 0.4646 0.4646 0.4646 0.4646 0.4646 0.4646 0.4646 0.4646 0.4646 0.4646 0.4646 0.4646 0.4646 0.4646 0.4646 0.4646 0.4646 0.4646 0.4646 0.4646 0.4646 0.4646 0.4646 0.4646 0.4646 0.4646 0.4646 0.4646 0.4646 0.4646 0.4646 0.4646 
TS03 0.5911 0.5911 0.5911 0.5911 0.5911 0.5911 0.5911 0.5911 0.5911 0.5911 0.5911 0.5911 0.5911 0.5911 0.5911 0.5911 0.5911 0.5911 0.5911 0.5911 0.5911 0.5911 0.5911 0.5911 0.5911 0.5911 0.5911 0.5911 0.5911 0.5911 0.5911 0.5911 
TS04 0.5657 0.5657 0.5657 0.5657 0.5657 0.5657 0.5657 0.5657 0.5657 0.5657 0.5657 0.5657 0.5657 0.5657 0.5657 0.5657 0.5657 0.5657 0.5657 0.5657 0.5657 0.5657 0.5657 0.5657 0.5657 0.5657 0.5657 0.5657 0.5657 0.5657 0.5657 0.5657 
TS05 0.5999 0.5999 0.5999 0.5999 0.5999 0.5999 0.5999 0.5999 0.5999 0.5999 0.5999 0.5999 0.5999 0.5999 0.5999 0.5999 0.5999 0.5999 0.5999 0.5999 0.5999 0.5999 0.5999 0.5999 0.5999 0.5999 0.5999 0.5999 0.5999 0.5999 0.5999 0.5999 
TS06 0.5996 0.5996 0.5996 0.5996 0.5996 0.5996 0.5996 0.5996 0.5996 0.5996 0.5996 0.5996 0.5996 0.5996 0.5996 0.5996 0.5996 0.5996 0.5996 0.5996 0.5996 0.5996 0.5996 0.5996 0.5996 0.5996 0.5996 0.5996 0.5996 0.5996 0.5996 0.5996 
TS07 0.5383 0.5383 0.5383 0.5383 0.5383 0.5383 0.5383 0.5383 0.5383 0.5383 0.5383 0.5383 0.5383 0.5383 0.5383 0.5383 0.5383 0.5383 0.5383 0.5383 0.5383 0.5383 0.5383 0.5383 0.5383 0.5383 0.5383 0.5383 0.5383 0.5383 0.5383 0.5383 
TS08 0.4369 0.4369 0.4369 0.4369 0.4369 0.4369 0.4369 0.4369 0.4369 0.4369 0.4369 0.4369 0.4369 0.4369 0.4369 0.4369 0.4369 0.4369 0.4369 0.4369 0.4369 0.4369 0.4369 0.4369 0.4369 0.4369 0.4369 0.4369 0.4369 0.4369 0.4369 0.4369 
TS09 0.5844 0.5844 0.5844 0.5844 0.5844 0.5844 0.5844 0.5844 0.5844 0.5844 0.5844 0.5844 0.5844 0.5844 0.5844 0.5844 0.5844 0.5844 0.5844 0.5844 0.5844 0.5844 0.5844 0.5844 0.5844 0.5844 0.5844 0.5844 0.5844 0.5844 0.5844 0.5844 
TS10 0.62 0.62 0.62 0.62 0.62 0.62 0.62 0.62 0.62 0.62 0.62 0.62 0.62 0.62 0.62 0.62 0.62 0.62 0.62 0.62 0.62 0.62 0.62 0.62 0.62 0.62 0.62 0.62 0.62 0.62 0.62 0.62 
TS11 0.6385 0.6385 0.6385 0.6385 0.6385 0.6385 0.6385 0.6385 0.6385 0.6385 0.6385 0.6385 0.6385 0.6385 0.6385 0.6385 0.6385 0.6385 0.6385 0.6385 0.6385 0.6385 0.6385 0.6385 0.6385 0.6385 0.6385 0.6385 0.6385 0.6385 0.6385 0.6385 
TS12 0.6332 0.6332 0.6332 0.6332 0.6332 0.6332 0.6332 0.6332 0.6332 0.6332 0.6332 0.6332 0.6332 0.6332 0.6332 0.6332 0.6332 0.6332 0.6332 0.6332 0.6332 0.6332 0.6332 0.6332 0.6332 0.6332 0.6332 0.6332 0.6332 0.6332 0.6332 0.6332 
TS13 0.4363 0.4363 0.4363 0.4363 0.4363 0.4363 0.4363 0.4363 0.4363 0.4363 0.4363 0.4363 0.4363 0.4363 0.4363 0.4363 0.4363 0.4363 0.4363 0.4363 0.4363 0.4363 0.4363 0.4363 0.4363 0.4363 0.4363 0.4363 0.4363 0.4363 0.4363 0.4363 
TS14 0.4389 0.4389 0.4389 0.4389 0.4389 0.4389 0.4389 0.4389 0.4389 0.4389 0.4389 0.4389 0.4389 0.4389 0.4389 0.4389 0.4389 0.4389 0.4389 0.4389 0.4389 0.4389 0.4389 0.4389 0.4389 0.4389 0.4389 0.4389 0.4389 0.4389 0.4389 0.4389 
TS15 0.3506 0.3506 0.3506 0.3506 0.3506 0.3506 0.3506 0.3506 0.3506 0.3506 0.3506 0.3506 0.3506 0.3506 0.3506 0.3506 0.3506 0.3506 0.3506 0.3506 0.3506 0.3506 0.3506 0.3506 0.3506 0.3506 0.3506 0.3506 0.3506 0.3506 0.3506 0.3506 
TS16 0.3286 0.3286 0.3286 0.3286 0.3286 0.3286 0.3286 0.3286 0.3286 0.3286 0.3286 0.3286 0.3286 0.3286 0.3286 0.3286 0.3286 0.3286 0.3286 0.3286 0.3286 0.3286 0.3286 0.3286 0.3286 0.3286 0.3286 0.3286 0.3286 0.3286 0.3286 0.3286 
TS17 0.4151 0.4151 0.4151 0.4151 0.4151 0.4151 0.4151 0.4151 0.4151 0.4151 0.4151 0.4151 0.4151 0.4151 0.4151 0.4151 0.4151 0.4151 0.4151 0.4151 0.4151 0.4151 0.4151 0.4151 0.4151 0.4151 0.4151 0.4151 0.4151 0.4151 0.4151 0.4151 
TS18 0.446 0.446 0.446 0.446 0.446 0.446 0.446 0.446 0.446 0.446 0.446 0.446 0.446 0.446 0.446 0.446 0.446 0.446 0.446 0.446 0.446 0.446 0.446 0.446 0.446 0.446 0.446 0.446 0.446 0.446 0.446 0.446 
TS19 0.4874 0.4874 0.4874 0.4874 0.4874 0.4874 0.4874 0.4874 0.4874 0.4874 0.4874 0.4874 0.4874 0.4874 0.4874 0.4874 0.4874 0.4874 0.4874 0.4874 0.4874 0.4874 0.4874 0.4874 0.4874 0.4874 0.4874 0.4874 0.4874 0.4874 0.4874 0.4874 
TS20 0.4645 0.4645 0.4645 0.4645 0.4645 0.4645 0.4645 0.4645 0.4645 0.4645 0.4645 0.4645 0.4645 0.4645 0.4645 0.4645 0.4645 0.4645 0.4645 0.4645 0.4645 0.4645 0.4645 0.4645 0.4645 0.4645 0.4645 0.4645 0.4645 0.4645 0.4645 0.4645 
TS21 0.3713 0.3713 0.3713 0.3713 0.3713 0.3713 0.3713 0.3713 0.3713 0.3713 0.3713 0.3713 0.3713 0.3713 0.3713 0.3713 0.3713 0.3713 0.3713 0.3713 0.3713 0.3713 0.3713 0.3713 0.3713 0.3713 0.3713 0.3713 0.3713 0.3713 0.3713 0.3713 
TS22 0.3556 0.3556 0.3556 0.3556 0.3556 0.3556 0.3556 0.3556 0.3556 0.3556 0.3556 0.3556 0.3556 0.3556 0.3556 0.3556 0.3556 0.3556 0.3556 0.3556 0.3556 0.3556 0.3556 0.3556 0.3556 0.3556 0.3556 0.3556 0.3556 0.3556 0.3556 0.3556 
TS23 0.4238 0.4238 0.4238 0.4238 0.4238 0.4238 0.4238 0.4238 0.4238 0.4238 0.4238 0.4238 0.4238 0.4238 0.4238 0.4238 0.4238 0.4238 0.4238 0.4238 0.4238 0.4238 0.4238 0.4238 0.4238 0.4238 0.4238 0.4238 0.4238 0.4238 0.4238 0.4238 
TS24 0.4802 0.4802 0.4802 0.4802 0.4802 0.4802 0.4802 0.4802 0.4802 0.4802 0.4802 0.4802 0.4802 0.4802 0.4802 0.4802 0.4802 0.4802 0.4802 0.4802 0.4802 0.4802 0.4802 0.4802 0.4802 0.4802 0.4802 0.4802 0.4802 0.4802 0.4802 0.4802 
TS25 0.7162 0.7162 0.7162 0.7162 0.7162 0.7162 0.7162 0.7162 0.7162 0.7162 0.7162 0.7162 0.7162 0.7162 0.7162 0.7162 0.7162 0.7162 0.7162 0.7162 0.7162 0.7162 0.7162 0.7162 0.7162 0.7162 0.7162 0.7162 0.7162 0.7162 0.7162 0.7162 
TS26 0.7081 0.7081 0.7081 0.7081 0.7081 0.7081 0.7081 0.7081 0.7081 0.7081 0.7081 0.7081 0.7081 0.7081 0.7081 0.7081 0.7081 0.7081 0.7081 0.7081 0.7081 0.7081 0.7081 0.7081 0.7081 0.7081 0.7081 0.7081 0.7081 0.7081 0.7081 0.7081 
TS27 0.5542 0.5542 0.5542 0.5542 0.5542 0.5542 0.5542 0.5542 0.5542 0.5542 0.5542 0.5542 0.5542 0.5542 0.5542 0.5542 0.5542 0.5542 0.5542 0.5542 0.5542 0.5542 0.5542 0.5542 0.5542 0.5542 0.5542 0.5542 0.5542 0.5542 0.5542 0.5542 
TS28 0.4685 0.4685 0.4685 0.4685 0.4685 0.4685 0.4685 0.4685 0.4685 0.4685 0.4685 0.4685 0.4685 0.4685 0.4685 0.4685 0.4685 0.4685 0.4685 0.4685 0.4685 0.4685 0.4685 0.4685 0.4685 0.4685 0.4685 0.4685 0.4685 0.4685 0.4685 0.4685 
TS29 0.5904 0.5904 0.5904 0.5904 0.5904 0.5904 0.5904 0.5904 0.5904 0.5904 0.5904 0.5904 0.5904 0.5904 0.5904 0.5904 0.5904 0.5904 0.5904 0.5904 0.5904 0.5904 0.5904 0.5904 0.5904 0.5904 0.5904 0.5904 0.5904 0.5904 0.5904 0.5904 
TS30 0.6846 0.6846 0.6846 0.6846 0.6846 0.6846 0.6846 0.6846 0.6846 0.6846 0.6846 0.6846 0.6846 0.6846 0.6846 0.6846 0.6846 0.6846 0.6846 0.6846 0.6846 0.6846 0.6846 0.6846 0.6846 0.6846 0.6846 0.6846 0.6846 0.6846 0.6846 0.6846 
TS31 0.7417 0.7417 0.7417 0.7417 0.7417 0.7417 0.7417 0.7417 0.7417 0.7417 0.7417 0.7417 0.7417 0.7417 0.7417 0.7417 0.7417 0.7417 0.7417 0.7417 0.7417 0.7417 0.7417 0.7417 0.7417 0.7417 0.7417 0.7417 0.7417 0.7417 0.7417 0.7417 
TS32 0.7445 0.7445 0.7445 0.7445 0.7445 0.7445 0.7445 0.7445 0.7445 0.7445 0.7445 0.7445 0.7445 0.7445 0.7445 0.7445 0.7445 0.7445 0.7445 0.7445 0.7445 0.7445 0.7445 0.7445 0.7445 0.7445 0.7445 0.7445 0.7445 0.7445 0.7445 0.7445 
TS33 0.5656 0.5656 0.5656 0.5656 0.5656 0.5656 0.5656 0.5656 0.5656 0.5656 0.5656 0.5656 0.5656 0.5656 0.5656 0.5656 0.5656 0.5656 0.5656 0.5656 0.5656 0.5656 0.5656 0.5656 0.5656 0.5656 0.5656 0.5656 0.5656 0.5656 0.5656 0.5656 
TS34 0.4528 0.4528 0.4528 0.4528 0.4528 0.4528 0.4528 0.4528 0.4528 0.4528 0.4528 0.4528 0.4528 0.4528 0.4528 0.4528 0.4528 0.4528 0.4528 0.4528 0.4528 0.4528 0.4528 0.4528 0.4528 0.4528 0.4528 0.4528 0.4528 0.4528 0.4528 0.4528 
TS35 0.5624 0.5624 0.5624 0.5624 0.5624 0.5624 0.5624 0.5624 0.5624 0.5624 0.5624 0.5624 0.5624 0.5624 0.5624 0.5624 0.5624 0.5624 0.5624 0.5624 0.5624 0.5624 0.5624 0.5624 0.5624 0.5624 0.5624 0.5624 0.5624 0.5624 0.5624 0.5624 
TS36 0.6803 0.6803 0.6803 0.6803 0.6803 0.6803 0.6803 0.6803 0.6803 0.6803 0.6803 0.6803 0.6803 0.6803 0.6803 0.6803 0.6803 0.6803 0.6803 0.6803 0.6803 0.6803 0.6803 0.6803 0.6803 0.6803 0.6803 0.6803 0.6803 0.6803 0.6803 0.6803 
TS37 0.6735 0.6735 0.6735 0.6735 0.6735 0.6735 0.6735 0.6735 0.6735 0.6735 0.6735 0.6735 0.6735 0.6735 0.6735 0.6735 0.6735 0.6735 0.6735 0.6735 0.6735 0.6735 0.6735 0.6735 0.6735 0.6735 0.6735 0.6735 0.6735 0.6735 0.6735 0.6735 
TS38 0.6232 0.6232 0.6232 0.6232 0.6232 0.6232 0.6232 0.6232 0.6232 0.6232 0.6232 0.6232 0.6232 0.6232 0.6232 0.6232 0.6232 0.6232 0.6232 0.6232 0.6232 0.6232 0.6232 0.6232 0.6232 0.6232 0.6232 0.6232 0.6232 0.6232 0.6232 0.6232 
TS39 0.6948 0.6948 0.6948 0.6948 0.6948 0.6948 0.6948 0.6948 0.6948 0.6948 0.6948 0.6948 0.6948 0.6948 0.6948 0.6948 0.6948 0.6948 0.6948 0.6948 0.6948 0.6948 0.6948 0.6948 0.6948 0.6948 0.6948 0.6948 0.6948 0.6948 0.6948 0.6948 
TS40 0.7316 0.7316 0.7316 0.7316 0.7316 0.7316 0.7316 0.7316 0.7316 0.7316 0.7316 0.7316 0.7316 0.7316 0.7316 0.7316 0.7316 0.7316 0.7316 0.7316 0.7316 0.7316 0.7316 0.7316 0.7316 0.7316 0.7316 0.7316 0.7316 0.7316 0.7316 0.7316 
TS41 0.7663 0.7663 0.7663 0.7663 0.7663 0.7663 0.7663 0.7663 0.7663 0.7663 0.7663 0.7663 0.7663 0.7663 0.7663 0.7663 0.7663 0.7663 0.7663 0.7663 0.7663 0.7663 0.7663 0.7663 0.7663 0.7663 0.7663 0.7663 0.7663 0.7663 0.7663 0.7663 
TS42 0.7633 0.7633 0.7633 0.7633 0.7633 0.7633 0.7633 0.7633 0.7633 0.7633 0.7633 0.7633 0.7633 0.7633 0.7633 0.7633 0.7633 0.7633 0.7633 0.7633 0.7633 0.7633 0.7633 0.7633 0.7633 0.7633 0.7633 0.7633 0.7633 0.7633 0.7633 0.7633 
TS43 0.6642 0.6642 0.6642 0.6642 0.6642 0.6642 0.6642 0.6642 0.6642 0.6642 0.6642 0.6642 0.6642 0.6642 0.6642 0.6642 0.6642 0.6642 0.6642 0.6642 0.6642 0.6642 0.6642 0.6642 0.6642 0.6642 0.6642 0.6642 0.6642 0.6642 0.6642 0.6642 
TS44 0.5586 0.5586 0.5586 0.5586 0.5586 0.5586 0.5586 0.5586 0.5586 0.5586 0.5586 0.5586 0.5586 0.5586 0.5586 0.5586 0.5586 0.5586 0.5586 0.5586 0.5586 0.5586 0.5586 0.5586 0.5586 0.5586 0.5586 0.5586 0.5586 0.5586 0.5586 0.5586 
TS45 0.6745 0.6745 0.6745 0.6745 0.6745 0.6745 0.6745 0.6745 0.6745 0.6745 0.6745 0.6745 0.6745 0.6745 0.6745 0.6745 0.6745 0.6745 0.6745 0.6745 0.6745 0.6745 0.6745 0.6745 0.6745 0.6745 0.6745 0.6745 0.6745 0.6745 0.6745 0.6745 
TS46 0.7486 0.7486 0.7486 0.7486 0.7486 0.7486 0.7486 0.7486 0.7486 0.7486 0.7486 0.7486 0.7486 0.7486 0.7486 0.7486 0.7486 0.7486 0.7486 0.7486 0.7486 0.7486 0.7486 0.7486 0.7486 0.7486 0.7486 0.7486 0.7486 0.7486 0.7486 0.7486 
TS47 0.8008 0.8008 0.8008 0.8008 0.8008 0.8008 0.8008 0.8008 0.8008 0.8008 0.8008 0.8008 0.8008 0.8008 0.8008 0.8008 0.8008 0.8008 0.8008 0.8008 0.8008 0.8008 0.8008 0.8008 0.8008 0.8008 0.8008 0.8008 0.8008 0.8008 0.8008 0.8008 
TS48 0.7879 0.7879 0.7879 0.7879 0.7879 0.7879 0.7879 0.7879 0.7879 0.7879 0.7879 0.7879 0.7879 0.7879 0.7879 0.7879 0.7879 0.7879 0.7879 0.7879 0.7879 0.7879 0.7879 0.7879 0.7879 0.7879 0.7879 0.7879 0.7879 0.7879 0.7879 0.7879 
[RE1,PWRWND007,*,*]:
2019 2020 2021 2022 2023 2024 2025 2026 2027 2028 2029 2030 2031 2032 2033 2034 2035 2036 2037 2038 2039 2040 2041 2042 2043 2044 2045 2046 2047 2048 2049 2050 :=
TS01 0.3045 0.3045 0.3045 0.3045 0.3045 0.3045 0.3045 0.3045 0.3045 0.3045 0.3045 0.3045 0.3045 0.3045 0.3045 0.3045 0.3045 0.3045 0.3045 0.3045 0.3045 0.3045 0.3045 0.3045 0.3045 0.3045 0.3045 0.3045 0.3045 0.3045 0.3045 0.3045 
TS02 0.3701 0.3701 0.3701 0.3701 0.3701 0.3701 0.3701 0.3701 0.3701 0.3701 0.3701 0.3701 0.3701 0.3701 0.3701 0.3701 0.3701 0.3701 0.3701 0.3701 0.3701 0.3701 0.3701 0.3701 0.3701 0.3701 0.3701 0.3701 0.3701 0.3701 0.3701 0.3701 
TS03 0.289 0.289 0.289 0.289 0.289 0.289 0.289 0.289 0.289 0.289 0.289 0.289 0.289 0.289 0.289 0.289 0.289 0.289 0.289 0.289 0.289 0.289 0.289 0.289 0.289 0.289 0.289 0.289 0.289 0.289 0.289 0.289 
TS04 0.2595 0.2595 0.2595 0.2595 0.2595 0.2595 0.2595 0.2595 0.2595 0.2595 0.2595 0.2595 0.2595 0.2595 0.2595 0.2595 0.2595 0.2595 0.2595 0.2595 0.2595 0.2595 0.2595 0.2595 0.2595 0.2595 0.2595 0.2595 0.2595 0.2595 0.2595 0.2595 
TS05 0.3333 0.3333 0.3333 0.3333 0.3333 0.3333 0.3333 0.3333 0.3333 0.3333 0.3333 0.3333 0.3333 0.3333 0.3333 0.3333 0.3333 0.3333 0.3333 0.3333 0.3333 0.3333 0.3333 0.3333 0.3333 0.3333 0.3333 0.3333 0.3333 0.3333 0.3333 0.3333 
TS06 0.2953 0.2953 0.2953 0.2953 0.2953 0.2953 0.2953 0.2953 0.2953 0.2953 0.2953 0.2953 0.2953 0.2953 0.2953 0.2953 0.2953 0.2953 0.2953 0.2953 0.2953 0.2953 0.2953 0.2953 0.2953 0.2953 0.2953 0.2953 0.2953 0.2953 0.2953 0.2953 
TS07 0.302 0.302 0.302 0.302 0.302 0.302 0.302 0.302 0.302 0.302 0.302 0.302 0.302 0.302 0.302 0.302 0.302 0.302 0.302 0.302 0.302 0.302 0.302 0.302 0.302 0.302 0.302 0.302 0.302 0.302 0.302 0.302 
TS08 0.3655 0.3655 0.3655 0.3655 0.3655 0.3655 0.3655 0.3655 0.3655 0.3655 0.3655 0.3655 0.3655 0.3655 0.3655 0.3655 0.3655 0.3655 0.3655 0.3655 0.3655 0.3655 0.3655 0.3655 0.3655 0.3655 0.3655 0.3655 0.3655 0.3655 0.3655 0.3655 
TS09 0.2836 0.2836 0.2836 0.2836 0.2836 0.2836 0.2836 0.2836 0.2836 0.2836 0.2836 0.2836 0.2836 0.2836 0.2836 0.2836 0.2836 0.2836 0.2836 0.2836 0.2836 0.2836 0.2836 0.2836 0.2836 0.2836 0.2836 0.2836 0.2836 0.2836 0.2836 0.2836 
TS10 0.2665 0.2665 0.2665 0.2665 0.2665 0.2665 0.2665 0.2665 0.2665 0.2665 0.2665 0.2665 0.2665 0.2665 0.2665 0.2665 0.2665 0.2665 0.2665 0.2665 0.2665 0.2665 0.2665 0.2665 0.2665 0.2665 0.2665 0.2665 0.2665 0.2665 0.2665 0.2665 
TS11 0.3333 0.3333 0.3333 0.3333 0.3333 0.3333 0.3333 0.3333 0.3333 0.3333 0.3333 0.3333 0.3333 0.3333 0.3333 0.3333 0.3333 0.3333 0.3333 0.3333 0.3333 0.3333 0.3333 0.3333 0.3333 0.3333 0.3333 0.3333 0.3333 0.3333 0.3333 0.3333 
TS12 0.2661 0.2661 0.2661 0.2661 0.2661 0.2661 0.2661 0.2661 0.2661 0.2661 0.2661 0.2661 0.2661 0.2661 0.2661 0.2661 0.2661 0.2661 0.2661 0.2661 0.2661 0.2661 0.2661 0.2661 0.2661 0.2661 0.2661 0.2661 0.2661 0.2661 0.2661 0.2661 
TS13 0.3901 0.3901 0.3901 0.3901 0.3901 0.3901 0.3901 0.3901 0.3901 0.3901 0.3901 0.3901 0.3901 0.3901 0.3901 0.3901 0.3901 0.3901 0.3901 0.3901 0.3901 0.3901 0.3901 0.3901 0.3901 0.3901 0.3901 0.3901 0.3901 0.3901 0.3901 0.3901 
TS14 0.3588 0.3588 0.3588 0.3588 0.3588 0.3588 0.3588 0.3588 0.3588 0.3588 0.3588 0.3588 0.3588 0.3588 0.3588 0.3588 0.3588 0.3588 0.3588 0.3588 0.3588 0.3588 0.3588 0.3588 0.3588 0.3588 0.3588 0.3588 0.3588 0.3588 0.3588 0.3588 
TS15 0.4243 0.4243 0.4243 0.4243 0.4243 0.4243 0.4243 0.4243 0.4243 0.4243 0.4243 0.4243 0.4243 0.4243 0.4243 0.4243 0.4243 0.4243 0.4243 0.4243 0.4243 0.4243 0.4243 0.4243 0.4243 0.4243 0.4243 0.4243 0.4243 0.4243 0.4243 0.4243 
TS16 0.384 0.384 0.384 0.384 0.384 0.384 0.384 0.384 0.384 0.384 0.384 0.384 0.384 0.384 0.384 0.384 0.384 0.384 0.384 0.384 0.384 0.384 0.384 0.384 0.384 0.384 0.384 0.384 0.384 0.384 0.384 0.384 
TS17 0.3969 0.3969 0.3969 0.3969 0.3969 0.3969 0.3969 0.3969 0.3969 0.3969 0.3969 0.3969 0.3969 0.3969 0.3969 0.3969 0.3969 0.3969 0.3969 0.3969 0.3969 0.3969 0.3969 0.3969 0.3969 0.3969 0.3969 0.3969 0.3969 0.3969 0.3969 0.3969 
TS18 0.4169 0.4169 0.4169 0.4169 0.4169 0.4169 0.4169 0.4169 0.4169 0.4169 0.4169 0.4169 0.4169 0.4169 0.4169 0.4169 0.4169 0.4169 0.4169 0.4169 0.4169 0.4169 0.4169 0.4169 0.4169 0.4169 0.4169 0.4169 0.4169 0.4169 0.4169 0.4169 
TS19 0.4199 0.4199 0.4199 0.4199 0.4199 0.4199 0.4199 0.4199 0.4199 0.4199 0.4199 0.4199 0.4199 0.4199 0.4199 0.4199 0.4199 0.4199 0.4199 0.4199 0.4199 0.4199 0.4199 0.4199 0.4199 0.4199 0.4199 0.4199 0.4199 0.4199 0.4199 0.4199 
TS20 0.3748 0.3748 0.3748 0.3748 0.3748 0.3748 0.3748 0.3748 0.3748 0.3748 0.3748 0.3748 0.3748 0.3748 0.3748 0.3748 0.3748 0.3748 0.3748 0.3748 0.3748 0.3748 0.3748 0.3748 0.3748 0.3748 0.3748 0.3748 0.3748 0.3748 0.3748 0.3748 
TS21 0.4644 0.4644 0.4644 0.4644 0.4644 0.4644 0.4644 0.4644 0.4644 0.4644 0.4644 0.4644 0.4644 0.4644 0.4644 0.4644 0.4644 0.4644 0.4644 0.4644 0.4644 0.4644 0.4644 0.4644 0.4644 0.4644 0.4644 0.4644 0.4644 0.4644 0.4644 0.4644 
TS22 0.4034 0.4034 0.4034 0.4034 0.4034 0.4034 0.4034 0.4034 0.4034 0.4034 0.4034 0.4034 0.4034 0.4034 0.4034 0.4034 0.4034 0.4034 0.4034 0.4034 0.4034 0.4034 0.4034 0.4034 0.4034 0.4034 0.4034 0.4034 0.4034 0.4034 0.4034 0.4034 
TS23 0.3968 0.3968 0.3968 0.3968 0.3968 0.3968 0.3968 0.3968 0.3968 0.3968 0.3968 0.3968 0.3968 0.3968 0.3968 0.3968 0.3968 0.3968 0.3968 0.3968 0.3968 0.3968 0.3968 0.3968 0.3968 0.3968 0.3968 0.3968 0.3968 0.3968 0.3968 0.3968 
TS24 0.4434 0.4434 0.4434 0.4434 0.4434 0.4434 0.4434 0.4434 0.4434 0.4434 0.4434 0.4434 0.4434 0.4434 0.4434 0.4434 0.4434 0.4434 0.4434 0.4434 0.4434 0.4434 0.4434 0.4434 0.4434 0.4434 0.4434 0.4434 0.4434 0.4434 0.4434 0.4434 
TS25 0.754 0.754 0.754 0.754 0.754 0.754 0.754 0.754 0.754 0.754 0.754 0.754 0.754 0.754 0.754 0.754 0.754 0.754 0.754 0.754 0.754 0.754 0.754 0.754 0.754 0.754 0.754 0.754 0.754 0.754 0.754 0.754 
TS26 0.7276 0.7276 0.7276 0.7276 0.7276 0.7276 0.7276 0.7276 0.7276 0.7276 0.7276 0.7276 0.7276 0.7276 0.7276 0.7276 0.7276 0.7276 0.7276 0.7276 0.7276 0.7276 0.7276 0.7276 0.7276 0.7276 0.7276 0.7276 0.7276 0.7276 0.7276 0.7276 
TS27 0.746 0.746 0.746 0.746 0.746 0.746 0.746 0.746 0.746 0.746 0.746 0.746 0.746 0.746 0.746 0.746 0.746 0.746 0.746 0.746 0.746 0.746 0.746 0.746 0.746 0.746 0.746 0.746 0.746 0.746 0.746 0.746 
TS28 0.7071 0.7071 0.7071 0.7071 0.7071 0.7071 0.7071 0.7071 0.7071 0.7071 0.7071 0.7071 0.7071 0.7071 0.7071 0.7071 0.7071 0.7071 0.7071 0.7071 0.7071 0.7071 0.7071 0.7071 0.7071 0.7071 0.7071 0.7071 0.7071 0.7071 0.7071 0.7071 
TS29 0.728 0.728 0.728 0.728 0.728 0.728 0.728 0.728 0.728 0.728 0.728 0.728 0.728 0.728 0.728 0.728 0.728 0.728 0.728 0.728 0.728 0.728 0.728 0.728 0.728 0.728 0.728 0.728 0.728 0.728 0.728 0.728 
TS30 0.7463 0.7463 0.7463 0.7463 0.7463 0.7463 0.7463 0.7463 0.7463 0.7463 0.7463 0.7463 0.7463 0.7463 0.7463 0.7463 0.7463 0.7463 0.7463 0.7463 0.7463 0.7463 0.7463 0.7463 0.7463 0.7463 0.7463 0.7463 0.7463 0.7463 0.7463 0.7463 
TS31 0.7607 0.7607 0.7607 0.7607 0.7607 0.7607 0.7607 0.7607 0.7607 0.7607 0.7607 0.7607 0.7607 0.7607 0.7607 0.7607 0.7607 0.7607 0.7607 0.7607 0.7607 0.7607 0.7607 0.7607 0.7607 0.7607 0.7607 0.7607 0.7607 0.7607 0.7607 0.7607 
TS32 0.7323 0.7323 0.7323 0.7323 0.7323 0.7323 0.7323 0.7323 0.7323 0.7323 0.7323 0.7323 0.7323 0.7323 0.7323 0.7323 0.7323 0.7323 0.7323 0.7323 0.7323 0.7323 0.7323 0.7323 0.7323 0.7323 0.7323 0.7323 0.7323 0.7323 0.7323 0.7323 
TS33 0.7609 0.7609 0.7609 0.7609 0.7609 0.7609 0.7609 0.7609 0.7609 0.7609 0.7609 0.7609 0.7609 0.7609 0.7609 0.7609 0.7609 0.7609 0.7609 0.7609 0.7609 0.7609 0.7609 0.7609 0.7609 0.7609 0.7609 0.7609 0.7609 0.7609 0.7609 0.7609 
TS34 0.7302 0.7302 0.7302 0.7302 0.7302 0.7302 0.7302 0.7302 0.7302 0.7302 0.7302 0.7302 0.7302 0.7302 0.7302 0.7302 0.7302 0.7302 0.7302 0.7302 0.7302 0.7302 0.7302 0.7302 0.7302 0.7302 0.7302 0.7302 0.7302 0.7302 0.7302 0.7302 
TS35 0.7478 0.7478 0.7478 0.7478 0.7478 0.7478 0.7478 0.7478 0.7478 0.7478 0.7478 0.7478 0.7478 0.7478 0.7478 0.7478 0.7478 0.7478 0.7478 0.7478 0.7478 0.7478 0.7478 0.7478 0.7478 0.7478 0.7478 0.7478 0.7478 0.7478 0.7478 0.7478 
TS36 0.7607 0.7607 0.7607 0.7607 0.7607 0.7607 0.7607 0.7607 0.7607 0.7607 0.7607 0.7607 0.7607 0.7607 0.7607 0.7607 0.7607 0.7607 0.7607 0.7607 0.7607 0.7607 0.7607 0.7607 0.7607 0.7607 0.7607 0.7607 0.7607 0.7607 0.7607 0.7607 
TS37 0.3902 0.3902 0.3902 0.3902 0.3902 0.3902 0.3902 0.3902 0.3902 0.3902 0.3902 0.3902 0.3902 0.3902 0.3902 0.3902 0.3902 0.3902 0.3902 0.3902 0.3902 0.3902 0.3902 0.3902 0.3902 0.3902 0.3902 0.3902 0.3902 0.3902 0.3902 0.3902 
TS38 0.3918 0.3918 0.3918 0.3918 0.3918 0.3918 0.3918 0.3918 0.3918 0.3918 0.3918 0.3918 0.3918 0.3918 0.3918 0.3918 0.3918 0.3918 0.3918 0.3918 0.3918 0.3918 0.3918 0.3918 0.3918 0.3918 0.3918 0.3918 0.3918 0.3918 0.3918 0.3918 
TS39 0.3818 0.3818 0.3818 0.3818 0.3818 0.3818 0.3818 0.3818 0.3818 0.3818 0.3818 0.3818 0.3818 0.3818 0.3818 0.3818 0.3818 0.3818 0.3818 0.3818 0.3818 0.3818 0.3818 0.3818 0.3818 0.3818 0.3818 0.3818 0.3818 0.3818 0.3818 0.3818 
TS40 0.3793 0.3793 0.3793 0.3793 0.3793 0.3793 0.3793 0.3793 0.3793 0.3793 0.3793 0.3793 0.3793 0.3793 0.3793 0.3793 0.3793 0.3793 0.3793 0.3793 0.3793 0.3793 0.3793 0.3793 0.3793 0.3793 0.3793 0.3793 0.3793 0.3793 0.3793 0.3793 
TS41 0.3809 0.3809 0.3809 0.3809 0.3809 0.3809 0.3809 0.3809 0.3809 0.3809 0.3809 0.3809 0.3809 0.3809 0.3809 0.3809 0.3809 0.3809 0.3809 0.3809 0.3809 0.3809 0.3809 0.3809 0.3809 0.3809 0.3809 0.3809 0.3809 0.3809 0.3809 0.3809 
TS42 0.3777 0.3777 0.3777 0.3777 0.3777 0.3777 0.3777 0.3777 0.3777 0.3777 0.3777 0.3777 0.3777 0.3777 0.3777 0.3777 0.3777 0.3777 0.3777 0.3777 0.3777 0.3777 0.3777 0.3777 0.3777 0.3777 0.3777 0.3777 0.3777 0.3777 0.3777 0.3777 
TS43 0.3947 0.3947 0.3947 0.3947 0.3947 0.3947 0.3947 0.3947 0.3947 0.3947 0.3947 0.3947 0.3947 0.3947 0.3947 0.3947 0.3947 0.3947 0.3947 0.3947 0.3947 0.3947 0.3947 0.3947 0.3947 0.3947 0.3947 0.3947 0.3947 0.3947 0.3947 0.3947 
TS44 0.4301 0.4301 0.4301 0.4301 0.4301 0.4301 0.4301 0.4301 0.4301 0.4301 0.4301 0.4301 0.4301 0.4301 0.4301 0.4301 0.4301 0.4301 0.4301 0.4301 0.4301 0.4301 0.4301 0.4301 0.4301 0.4301 0.4301 0.4301 0.4301 0.4301 0.4301 0.4301 
TS45 0.3909 0.3909 0.3909 0.3909 0.3909 0.3909 0.3909 0.3909 0.3909 0.3909 0.3909 0.3909 0.3909 0.3909 0.3909 0.3909 0.3909 0.3909 0.3909 0.3909 0.3909 0.3909 0.3909 0.3909 0.3909 0.3909 0.3909 0.3909 0.3909 0.3909 0.3909 0.3909 
TS46 0.3841 0.3841 0.3841 0.3841 0.3841 0.3841 0.3841 0.3841 0.3841 0.3841 0.3841 0.3841 0.3841 0.3841 0.3841 0.3841 0.3841 0.3841 0.3841 0.3841 0.3841 0.3841 0.3841 0.3841 0.3841 0.3841 0.3841 0.3841 0.3841 0.3841 0.3841 0.3841 
TS47 0.3879 0.3879 0.3879 0.3879 0.3879 0.3879 0.3879 0.3879 0.3879 0.3879 0.3879 0.3879 0.3879 0.3879 0.3879 0.3879 0.3879 0.3879 0.3879 0.3879 0.3879 0.3879 0.3879 0.3879 0.3879 0.3879 0.3879 0.3879 0.3879 0.3879 0.3879 0.3879 
TS48 0.3708 0.3708 0.3708 0.3708 0.3708 0.3708 0.3708 0.3708 0.3708 0.3708 0.3708 0.3708 0.3708 0.3708 0.3708 0.3708 0.3708 0.3708 0.3708 0.3708 0.3708 0.3708 0.3708 0.3708 0.3708 0.3708 0.3708 0.3708 0.3708 0.3708 0.3708 0.3708 
[RE1,PWRWND008,*,*]:
2019 2020 2021 2022 2023 2024 2025 2026 2027 2028 2029 2030 2031 2032 2033 2034 2035 2036 2037 2038 2039 2040 2041 2042 2043 2044 2045 2046 2047 2048 2049 2050 :=
TS01 0.4448 0.4448 0.4448 0.4448 0.4448 0.4448 0.4448 0.4448 0.4448 0.4448 0.4448 0.4448 0.4448 0.4448 0.4448 0.4448 0.4448 0.4448 0.4448 0.4448 0.4448 0.4448 0.4448 0.4448 0.4448 0.4448 0.4448 0.4448 0.4448 0.4448 0.4448 0.4448 
TS02 0.2701 0.2701 0.2701 0.2701 0.2701 0.2701 0.2701 0.2701 0.2701 0.2701 0.2701 0.2701 0.2701 0.2701 0.2701 0.2701 0.2701 0.2701 0.2701 0.2701 0.2701 0.2701 0.2701 0.2701 0.2701 0.2701 0.2701 0.2701 0.2701 0.2701 0.2701 0.2701 
TS03 0.4221 0.4221 0.4221 0.4221 0.4221 0.4221 0.4221 0.4221 0.4221 0.4221 0.4221 0.4221 0.4221 0.4221 0.4221 0.4221 0.4221 0.4221 0.4221 0.4221 0.4221 0.4221 0.4221 0.4221 0.4221 0.4221 0.4221 0.4221 0.4221 0.4221 0.4221 0.4221 
TS04 0.5878 0.5878 0.5878 0.5878 0.5878 0.5878 0.5878 0.5878 0.5878 0.5878 0.5878 0.5878 0.5878 0.5878 0.5878 0.5878 0.5878 0.5878 0.5878 0.5878 0.5878 0.5878 0.5878 0.5878 0.5878 0.5878 0.5878 0.5878 0.5878 0.5878 0.5878 0.5878 
TS05 0.621 0.621 0.621 0.621 0.621 0.621 0.621 0.621 0.621 0.621 0.621 0.621 0.621 0.621 0.621 0.621 0.621 0.621 0.621 0.621 0.621 0.621 0.621 0.621 0.621 0.621 0.621 0.621 0.621 0.621 0.621 0.621 
TS06 0.5958 0.5958 0.5958 0.5958 0.5958 0.5958 0.5958 0.5958 0.5958 0.5958 0.5958 0.5958 0.5958 0.5958 0.5958 0.5958 0.5958 0.5958 0.5958 0.5958 0.5958 0.5958 0.5958 0.5958 0.5958 0.5958 0.5958 0.5958 0.5958 0.5958 0.5958 0.5958 
TS07 0.4215 0.4215 0.4215 0.4215 0.4215 0.4215 0.4215 0.4215 0.4215 0.4215 0.4215 0.4215 0.4215 0.4215 0.4215 0.4215 0.4215 0.4215 0.4215 0.4215 0.4215 0.4215 0.4215 0.4215 0.4215 0.4215 0.4215 0.4215 0.4215 0.4215 0.4215 0.4215 
TS08 0.2657 0.2657 0.2657 0.2657 0.2657 0.2657 0.2657 0.2657 0.2657 0.2657 0.2657 0.2657 0.2657 0.2657 0.2657 0.2657 0.2657 0.2657 0.2657 0.2657 0.2657 0.2657 0.2657 0.2657 0.2657 0.2657 0.2657 0.2657 0.2657 0.2657 0.2657 0.2657 
TS09 0.4836 0.4836 0.4836 0.4836 0.4836 0.4836 0.4836 0.4836 0.4836 0.4836 0.4836 0.4836 0.4836 0.4836 0.4836 0.4836 0.4836 0.4836 0.4836 0.4836 0.4836 0.4836 0.4836 0.4836 0.4836 0.4836 0.4836 0.4836 0.4836 0.4836 0.4836 0.4836 
TS10 0.6193 0.6193 0.6193 0.6193 0.6193 0.6193 0.6193 0.6193 0.6193 0.6193 0.6193 0.6193 0.6193 0.6193 0.6193 0.6193 0.6193 0.6193 0.6193 0.6193 0.6193 0.6193 0.6193 0.6193 0.6193 0.6193 0.6193 0.6193 0.6193 0.6193 0.6193 0.6193 
TS11 0.6577 0.6577 0.6577 0.6577 0.6577 0.6577 0.6577 0.6577 0.6577 0.6577 0.6577 0.6577 0.6577 0.6577 0.6577 0.6577 0.6577 0.6577 0.6577 0.6577 0.6577 0.6577 0.6577 0.6577 0.6577 0.6577 0.6577 0.6577 0.6577 0.6577 0.6577 0.6577 
TS12 0.6111 0.6111 0.6111 0.6111 0.6111 0.6111 0.6111 0.6111 0.6111 0.6111 0.6111 0.6111 0.6111 0.6111 0.6111 0.6111 0.6111 0.6111 0.6111 0.6111 0.6111 0.6111 0.6111 0.6111 0.6111 0.6111 0.6111 0.6111 0.6111 0.6111 0.6111 0.6111 
TS13 0.154 0.154 0.154 0.154 0.154 0.154 0.154 0.154 0.154 0.154 0.154 0.154 0.154 0.154 0.154 0.154 0.154 0.154 0.154 0.154 0.154 0.154 0.154 0.154 0.154 0.154 0.154 0.154 0.154 0.154 0.154 0.154 
TS14 0.1043 0.1043 0.1043 0.1043 0.1043 0.1043 0.1043 0.1043 0.1043 0.1043 0.1043 0.1043 0.1043 0.1043 0.1043 0.1043 0.1043 0.1043 0.1043 0.1043 0.1043 0.1043 0.1043 0.1043 0.1043 0.1043 0.1043 0.1043 0.1043 0.1043 0.1043 0.1043 
TS15 0.4191 0.4191 0.4191 0.4191 0.4191 0.4191 0.4191 0.4191 0.4191 0.4191 0.4191 0.4191 0.4191 0.4191 0.4191 0.4191 0.4191 0.4191 0.4191 0.4191 0.4191 0.4191 0.4191 0.4191 0.4191 0.4191 0.4191 0.4191 0.4191 0.4191 0.4191 0.4191 
TS16 0.4323 0.4323 0.4323 0.4323 0.4323 0.4323 0.4323 0.4323 0.4323 0.4323 0.4323 0.4323 0.4323 0.4323 0.4323 0.4323 0.4323 0.4323 0.4323 0.4323 0.4323 0.4323 0.4323 0.4323 0.4323 0.4323 0.4323 0.4323 0.4323 0.4323 0.4323 0.4323 
TS17 0.2985 0.2985 0.2985 0.2985 0.2985 0.2985 0.2985 0.2985 0.2985 0.2985 0.2985 0.2985 0.2985 0.2985 0.2985 0.2985 0.2985 0.2985 0.2985 0.2985 0.2985 0.2985 0.2985 0.2985 0.2985 0.2985 0.2985 0.2985 0.2985 0.2985 0.2985 0.2985 
TS18 0.2516 0.2516 0.2516 0.2516 0.2516 0.2516 0.2516 0.2516 0.2516 0.2516 0.2516 0.2516 0.2516 0.2516 0.2516 0.2516 0.2516 0.2516 0.2516 0.2516 0.2516 0.2516 0.2516 0.2516 0.2516 0.2516 0.2516 0.2516 0.2516 0.2516 0.2516 0.2516 
TS19 0.1327 0.1327 0.1327 0.1327 0.1327 0.1327 0.1327 0.1327 0.1327 0.1327 0.1327 0.1327 0.1327 0.1327 0.1327 0.1327 0.1327 0.1327 0.1327 0.1327 0.1327 0.1327 0.1327 0.1327 0.1327 0.1327 0.1327 0.1327 0.1327 0.1327 0.1327 0.1327 
TS20 0.0945 0.0945 0.0945 0.0945 0.0945 0.0945 0.0945 0.0945 0.0945 0.0945 0.0945 0.0945 0.0945 0.0945 0.0945 0.0945 0.0945 0.0945 0.0945 0.0945 0.0945 0.0945 0.0945 0.0945 0.0945 0.0945 0.0945 0.0945 0.0945 0.0945 0.0945 0.0945 
TS21 0.4437 0.4437 0.4437 0.4437 0.4437 0.4437 0.4437 0.4437 0.4437 0.4437 0.4437 0.4437 0.4437 0.4437 0.4437 0.4437 0.4437 0.4437 0.4437 0.4437 0.4437 0.4437 0.4437 0.4437 0.4437 0.4437 0.4437 0.4437 0.4437 0.4437 0.4437 0.4437 
TS22 0.4498 0.4498 0.4498 0.4498 0.4498 0.4498 0.4498 0.4498 0.4498 0.4498 0.4498 0.4498 0.4498 0.4498 0.4498 0.4498 0.4498 0.4498 0.4498 0.4498 0.4498 0.4498 0.4498 0.4498 0.4498 0.4498 0.4498 0.4498 0.4498 0.4498 0.4498 0.4498 
TS23 0.2972 0.2972 0.2972 0.2972 0.2972 0.2972 0.2972 0.2972 0.2972 0.2972 0.2972 0.2972 0.2972 0.2972 0.2972 0.2972 0.2972 0.2972 0.2972 0.2972 0.2972 0.2972 0.2972 0.2972 0.2972 0.2972 0.2972 0.2972 0.2972 0.2972 0.2972 0.2972 
TS24 0.2828 0.2828 0.2828 0.2828 0.2828 0.2828 0.2828 0.2828 0.2828 0.2828 0.2828 0.2828 0.2828 0.2828 0.2828 0.2828 0.2828 0.2828 0.2828 0.2828 0.2828 0.2828 0.2828 0.2828 0.2828 0.2828 0.2828 0.2828 0.2828 0.2828 0.2828 0.2828 
TS25 0.4097 0.4097 0.4097 0.4097 0.4097 0.4097 0.4097 0.4097 0.4097 0.4097 0.4097 0.4097 0.4097 0.4097 0.4097 0.4097 0.4097 0.4097 0.4097 0.4097 0.4097 0.4097 0.4097 0.4097 0.4097 0.4097 0.4097 0.4097 0.4097 0.4097 0.4097 0.4097 
TS26 0.2611 0.2611 0.2611 0.2611 0.2611 0.2611 0.2611 0.2611 0.2611 0.2611 0.2611 0.2611 0.2611 0.2611 0.2611 0.2611 0.2611 0.2611 0.2611 0.2611 0.2611 0.2611 0.2611 0.2611 0.2611 0.2611 0.2611 0.2611 0.2611 0.2611 0.2611 0.2611 
TS27 0.4946 0.4946 0.4946 0.4946 0.4946 0.4946 0.4946 0.4946 0.4946 0.4946 0.4946 0.4946 0.4946 0.4946 0.4946 0.4946 0.4946 0.4946 0.4946 0.4946 0.4946 0.4946 0.4946 0.4946 0.4946 0.4946 0.4946 0.4946 0.4946 0.4946 0.4946 0.4946 
TS28 0.6182 0.6182 0.6182 0.6182 0.6182 0.6182 0.6182 0.6182 0.6182 0.6182 0.6182 0.6182 0.6182 0.6182 0.6182 0.6182 0.6182 0.6182 0.6182 0.6182 0.6182 0.6182 0.6182 0.6182 0.6182 0.6182 0.6182 0.6182 0.6182 0.6182 0.6182 0.6182 
TS29 0.5019 0.5019 0.5019 0.5019 0.5019 0.5019 0.5019 0.5019 0.5019 0.5019 0.5019 0.5019 0.5019 0.5019 0.5019 0.5019 0.5019 0.5019 0.5019 0.5019 0.5019 0.5019 0.5019 0.5019 0.5019 0.5019 0.5019 0.5019 0.5019 0.5019 0.5019 0.5019 
TS30 0.5168 0.5168 0.5168 0.5168 0.5168 0.5168 0.5168 0.5168 0.5168 0.5168 0.5168 0.5168 0.5168 0.5168 0.5168 0.5168 0.5168 0.5168 0.5168 0.5168 0.5168 0.5168 0.5168 0.5168 0.5168 0.5168 0.5168 0.5168 0.5168 0.5168 0.5168 0.5168 
TS31 0.3603 0.3603 0.3603 0.3603 0.3603 0.3603 0.3603 0.3603 0.3603 0.3603 0.3603 0.3603 0.3603 0.3603 0.3603 0.3603 0.3603 0.3603 0.3603 0.3603 0.3603 0.3603 0.3603 0.3603 0.3603 0.3603 0.3603 0.3603 0.3603 0.3603 0.3603 0.3603 
TS32 0.242 0.242 0.242 0.242 0.242 0.242 0.242 0.242 0.242 0.242 0.242 0.242 0.242 0.242 0.242 0.242 0.242 0.242 0.242 0.242 0.242 0.242 0.242 0.242 0.242 0.242 0.242 0.242 0.242 0.242 0.242 0.242 
TS33 0.4563 0.4563 0.4563 0.4563 0.4563 0.4563 0.4563 0.4563 0.4563 0.4563 0.4563 0.4563 0.4563 0.4563 0.4563 0.4563 0.4563 0.4563 0.4563 0.4563 0.4563 0.4563 0.4563 0.4563 0.4563 0.4563 0.4563 0.4563 0.4563 0.4563 0.4563 0.4563 
TS34 0.6164 0.6164 0.6164 0.6164 0.6164 0.6164 0.6164 0.6164 0.6164 0.6164 0.6164 0.6164 0.6164 0.6164 0.6164 0.6164 0.6164 0.6164 0.6164 0.6164 0.6164 0.6164 0.6164 0.6164 0.6164 0.6164 0.6164 0.6164 0.6164 0.6164 0.6164 0.6164 
TS35 0.5458 0.5458 0.5458 0.5458 0.5458 0.5458 0.5458 0.5458 0.5458 0.5458 0.5458 0.5458 0.5458 0.5458 0.5458 0.5458 0.5458 0.5458 0.5458 0.5458 0.5458 0.5458 0.5458 0.5458 0.5458 0.5458 0.5458 0.5458 0.5458 0.5458 0.5458 0.5458 
TS36 0.6038 0.6038 0.6038 0.6038 0.6038 0.6038 0.6038 0.6038 0.6038 0.6038 0.6038 0.6038 0.6038 0.6038 0.6038 0.6038 0.6038 0.6038 0.6038 0.6038 0.6038 0.6038 0.6038 0.6038 0.6038 0.6038 0.6038 0.6038 0.6038 0.6038 0.6038 0.6038 
TS37 0.4931 0.4931 0.4931 0.4931 0.4931 0.4931 0.4931 0.4931 0.4931 0.4931 0.4931 0.4931 0.4931 0.4931 0.4931 0.4931 0.4931 0.4931 0.4931 0.4931 0.4931 0.4931 0.4931 0.4931 0.4931 0.4931 0.4931 0.4931 0.4931 0.4931 0.4931 0.4931 
TS38 0.3993 0.3993 0.3993 0.3993 0.3993 0.3993 0.3993 0.3993 0.3993 0.3993 0.3993 0.3993 0.3993 0.3993 0.3993 0.3993 0.3993 0.3993 0.3993 0.3993 0.3993 0.3993 0.3993 0.3993 0.3993 0.3993 0.3993 0.3993 0.3993 0.3993 0.3993 0.3993 
TS39 0.6518 0.6518 0.6518 0.6518 0.6518 0.6518 0.6518 0.6518 0.6518 0.6518 0.6518 0.6518 0.6518 0.6518 0.6518 0.6518 0.6518 0.6518 0.6518 0.6518 0.6518 0.6518 0.6518 0.6518 0.6518 0.6518 0.6518 0.6518 0.6518 0.6518 0.6518 0.6518 
TS40 0.7503 0.7503 0.7503 0.7503 0.7503 0.7503 0.7503 0.7503 0.7503 0.7503 0.7503 0.7503 0.7503 0.7503 0.7503 0.7503 0.7503 0.7503 0.7503 0.7503 0.7503 0.7503 0.7503 0.7503 0.7503 0.7503 0.7503 0.7503 0.7503 0.7503 0.7503 0.7503 
TS41 0.7412 0.7412 0.7412 0.7412 0.7412 0.7412 0.7412 0.7412 0.7412 0.7412 0.7412 0.7412 0.7412 0.7412 0.7412 0.7412 0.7412 0.7412 0.7412 0.7412 0.7412 0.7412 0.7412 0.7412 0.7412 0.7412 0.7412 0.7412 0.7412 0.7412 0.7412 0.7412 
TS42 0.7153 0.7153 0.7153 0.7153 0.7153 0.7153 0.7153 0.7153 0.7153 0.7153 0.7153 0.7153 0.7153 0.7153 0.7153 0.7153 0.7153 0.7153 0.7153 0.7153 0.7153 0.7153 0.7153 0.7153 0.7153 0.7153 0.7153 0.7153 0.7153 0.7153 0.7153 0.7153 
TS43 0.4977 0.4977 0.4977 0.4977 0.4977 0.4977 0.4977 0.4977 0.4977 0.4977 0.4977 0.4977 0.4977 0.4977 0.4977 0.4977 0.4977 0.4977 0.4977 0.4977 0.4977 0.4977 0.4977 0.4977 0.4977 0.4977 0.4977 0.4977 0.4977 0.4977 0.4977 0.4977 
TS44 0.4244 0.4244 0.4244 0.4244 0.4244 0.4244 0.4244 0.4244 0.4244 0.4244 0.4244 0.4244 0.4244 0.4244 0.4244 0.4244 0.4244 0.4244 0.4244 0.4244 0.4244 0.4244 0.4244 0.4244 0.4244 0.4244 0.4244 0.4244 0.4244 0.4244 0.4244 0.4244 
TS45 0.6859 0.6859 0.6859 0.6859 0.6859 0.6859 0.6859 0.6859 0.6859 0.6859 0.6859 0.6859 0.6859 0.6859 0.6859 0.6859 0.6859 0.6859 0.6859 0.6859 0.6859 0.6859 0.6859 0.6859 0.6859 0.6859 0.6859 0.6859 0.6859 0.6859 0.6859 0.6859 
TS46 0.7921 0.7921 0.7921 0.7921 0.7921 0.7921 0.7921 0.7921 0.7921 0.7921 0.7921 0.7921 0.7921 0.7921 0.7921 0.7921 0.7921 0.7921 0.7921 0.7921 0.7921 0.7921 0.7921 0.7921 0.7921 0.7921 0.7921 0.7921 0.7921 0.7921 0.7921 0.7921 
TS47 0.8121 0.8121 0.8121 0.8121 0.8121 0.8121 0.8121 0.8121 0.8121 0.8121 0.8121 0.8121 0.8121 0.8121 0.8121 0.8121 0.8121 0.8121 0.8121 0.8121 0.8121 0.8121 0.8121 0.8121 0.8121 0.8121 0.8121 0.8121 0.8121 0.8121 0.8121 0.8121 
TS48 0.7811 0.7811 0.7811 0.7811 0.7811 0.7811 0.7811 0.7811 0.7811 0.7811 0.7811 0.7811 0.7811 0.7811 0.7811 0.7811 0.7811 0.7811 0.7811 0.7811 0.7811 0.7811 0.7811 0.7811 0.7811 0.7811 0.7811 0.7811 0.7811 0.7811 0.7811 0.7811 
[RE1,PWRWND009,*,*]:
2019 2020 2021 2022 2023 2024 2025 2026 2027 2028 2029 2030 2031 2032 2033 2034 2035 2036 2037 2038 2039 2040 2041 2042 2043 2044 2045 2046 2047 2048 2049 2050 :=
TS01 0.4904 0.4904 0.4904 0.4904 0.4904 0.4904 0.4904 0.4904 0.4904 0.4904 0.4904 0.4904 0.4904 0.4904 0.4904 0.4904 0.4904 0.4904 0.4904 0.4904 0.4904 0.4904 0.4904 0.4904 0.4904 0.4904 0.4904 0.4904 0.4904 0.4904 0.4904 0.4904 
TS02 0.438 0.438 0.438 0.438 0.438 0.438 0.438 0.438 0.438 0.438 0.438 0.438 0.438 0.438 0.438 0.438 0.438 0.438 0.438 0.438 0.438 0.438 0.438 0.438 0.438 0.438 0.438 0.438 0.438 0.438 0.438 0.438 
TS03 0.548 0.548 0.548 0.548 0.548 0.548 0.548 0.548 0.548 0.548 0.548 0.548 0.548 0.548 0.548 0.548 0.548 0.548 0.548 0.548 0.548 0.548 0.548 0.548 0.548 0.548 0.548 0.548 0.548 0.548 0.548 0.548 
TS04 0.5573 0.5573 0.5573 0.5573 0.5573 0.5573 0.5573 0.5573 0.5573 0.5573 0.5573 0.5573 0.5573 0.5573 0.5573 0.5573 0.5573 0.5573 0.5573 0.5573 0.5573 0.5573 0.5573 0.5573 0.5573 0.5573 0.5573 0.5573 0.5573 0.5573 0.5573 0.5573 
TS05 0.5756 0.5756 0.5756 0.5756 0.5756 0.5756 0.5756 0.5756 0.5756 0.5756 0.5756 0.5756 0.5756 0.5756 0.5756 0.5756 0.5756 0.5756 0.5756 0.5756 0.5756 0.5756 0.5756 0.5756 0.5756 0.5756 0.5756 0.5756 0.5756 0.5756 0.5756 0.5756 
TS06 0.5498 0.5498 0.5498 0.5498 0.5498 0.5498 0.5498 0.5498 0.5498 0.5498 0.5498 0.5498 0.5498 0.5498 0.5498 0.5498 0.5498 0.5498 0.5498 0.5498 0.5498 0.5498 0.5498 0.5498 0.5498 0.5498 0.5498 0.5498 0.5498 0.5498 0.5498 0.5498 
TS07 0.4718 0.4718 0.4718 0.4718 0.4718 0.4718 0.4718 0.4718 0.4718 0.4718 0.4718 0.4718 0.4718 0.4718 0.4718 0.4718 0.4718 0.4718 0.4718 0.4718 0.4718 0.4718 0.4718 0.4718 0.4718 0.4718 0.4718 0.4718 0.4718 0.4718 0.4718 0.4718 
TS08 0.4206 0.4206 0.4206 0.4206 0.4206 0.4206 0.4206 0.4206 0.4206 0.4206 0.4206 0.4206 0.4206 0.4206 0.4206 0.4206 0.4206 0.4206 0.4206 0.4206 0.4206 0.4206 0.4206 0.4206 0.4206 0.4206 0.4206 0.4206 0.4206 0.4206 0.4206 0.4206 
TS09 0.5456 0.5456 0.5456 0.5456 0.5456 0.5456 0.5456 0.5456 0.5456 0.5456 0.5456 0.5456 0.5456 0.5456 0.5456 0.5456 0.5456 0.5456 0.5456 0.5456 0.5456 0.5456 0.5456 0.5456 0.5456 0.5456 0.5456 0.5456 0.5456 0.5456 0.5456 0.5456 
TS10 0.5886 0.5886 0.5886 0.5886 0.5886 0.5886 0.5886 0.5886 0.5886 0.5886 0.5886 0.5886 0.5886 0.5886 0.5886 0.5886 0.5886 0.5886 0.5886 0.5886 0.5886 0.5886 0.5886 0.5886 0.5886 0.5886 0.5886 0.5886 0.5886 0.5886 0.5886 0.5886 
TS11 0.5994 0.5994 0.5994 0.5994 0.5994 0.5994 0.5994 0.5994 0.5994 0.5994 0.5994 0.5994 0.5994 0.5994 0.5994 0.5994 0.5994 0.5994 0.5994 0.5994 0.5994 0.5994 0.5994 0.5994 0.5994 0.5994 0.5994 0.5994 0.5994 0.5994 0.5994 0.5994 
TS12 0.5857 0.5857 0.5857 0.5857 0.5857 0.5857 0.5857 0.5857 0.5857 0.5857 0.5857 0.5857 0.5857 0.5857 0.5857 0.5857 0.5857 0.5857 0.5857 0.5857 0.5857 0.5857 0.5857 0.5857 0.5857 0.5857 0.5857 0.5857 0.5857 0.5857 0.5857 0.5857 
TS13 0.2529 0.2529 0.2529 0.2529 0.2529 0.2529 0.2529 0.2529 0.2529 0.2529 0.2529 0.2529 0.2529 0.2529 0.2529 0.2529 0.2529 0.2529 0.2529 0.2529 0.2529 0.2529 0.2529 0.2529 0.2529 0.2529 0.2529 0.2529 0.2529 0.2529 0.2529 0.2529 
TS14 0.2025 0.2025 0.2025 0.2025 0.2025 0.2025 0.2025 0.2025 0.2025 0.2025 0.2025 0.2025 0.2025 0.2025 0.2025 0.2025 0.2025 0.2025 0.2025 0.2025 0.2025 0.2025 0.2025 0.2025 0.2025 0.2025 0.2025 0.2025 0.2025 0.2025 0.2025 0.2025 
TS15 0.2306 0.2306 0.2306 0.2306 0.2306 0.2306 0.2306 0.2306 0.2306 0.2306 0.2306 0.2306 0.2306 0.2306 0.2306 0.2306 0.2306 0.2306 0.2306 0.2306 0.2306 0.2306 0.2306 0.2306 0.2306 0.2306 0.2306 0.2306 0.2306 0.2306 0.2306 0.2306 
TS16 0.2908 0.2908 0.2908 0.2908 0.2908 0.2908 0.2908 0.2908 0.2908 0.2908 0.2908 0.2908 0.2908 0.2908 0.2908 0.2908 0.2908 0.2908 0.2908 0.2908 0.2908 0.2908 0.2908 0.2908 0.2908 0.2908 0.2908 0.2908 0.2908 0.2908 0.2908 0.2908 
TS17 0.3315 0.3315 0.3315 0.3315 0.3315 0.3315 0.3315 0.3315 0.3315 0.3315 0.3315 0.3315 0.3315 0.3315 0.3315 0.3315 0.3315 0.3315 0.3315 0.3315 0.3315 0.3315 0.3315 0.3315 0.3315 0.3315 0.3315 0.3315 0.3315 0.3315 0.3315 0.3315 
TS18 0.3262 0.3262 0.3262 0.3262 0.3262 0.3262 0.3262 0.3262 0.3262 0.3262 0.3262 0.3262 0.3262 0.3262 0.3262 0.3262 0.3262 0.3262 0.3262 0.3262 0.3262 0.3262 0.3262 0.3262 0.3262 0.3262 0.3262 0.3262 0.3262 0.3262 0.3262 0.3262 
TS19 0.2922 0.2922 0.2922 0.2922 0.2922 0.2922 0.2922 0.2922 0.2922 0.2922 0.2922 0.2922 0.2922 0.2922 0.2922 0.2922 0.2922 0.2922 0.2922 0.2922 0.2922 0.2922 0.2922 0.2922 0.2922 0.2922 0.2922 0.2922 0.2922 0.2922 0.2922 0.2922 
TS20 0.2055 0.2055 0.2055 0.2055 0.2055 0.2055 0.2055 0.2055 0.2055 0.2055 0.2055 0.2055 0.2055 0.2055 0.2055 0.2055 0.2055 0.2055 0.2055 0.2055 0.2055 0.2055 0.2055 0.2055 0.2055 0.2055 0.2055 0.2055 0.2055 0.2055 0.2055 0.2055 
TS21 0.2386 0.2386 0.2386 0.2386 0.2386 0.2386 0.2386 0.2386 0.2386 0.2386 0.2386 0.2386 0.2386 0.2386 0.2386 0.2386 0.2386 0.2386 0.2386 0.2386 0.2386 0.2386 0.2386 0.2386 0.2386 0.2386 0.2386 0.2386 0.2386 0.2386 0.2386 0.2386 
TS22 0.3065 0.3065 0.3065 0.3065 0.3065 0.3065 0.3065 0.3065 0.3065 0.3065 0.3065 0.3065 0.3065 0.3065 0.3065 0.3065 0.3065 0.3065 0.3065 0.3065 0.3065 0.3065 0.3065 0.3065 0.3065 0.3065 0.3065 0.3065 0.3065 0.3065 0.3065 0.3065 
TS23 0.3503 0.3503 0.3503 0.3503 0.3503 0.3503 0.3503 0.3503 0.3503 0.3503 0.3503 0.3503 0.3503 0.3503 0.3503 0.3503 0.3503 0.3503 0.3503 0.3503 0.3503 0.3503 0.3503 0.3503 0.3503 0.3503 0.3503 0.3503 0.3503 0.3503 0.3503 0.3503 
TS24 0.3774 0.3774 0.3774 0.3774 0.3774 0.3774 0.3774 0.3774 0.3774 0.3774 0.3774 0.3774 0.3774 0.3774 0.3774 0.3774 0.3774 0.3774 0.3774 0.3774 0.3774 0.3774 0.3774 0.3774 0.3774 0.3774 0.3774 0.3774 0.3774 0.3774 0.3774 0.3774 
TS25 0.5808 0.5808 0.5808 0.5808 0.5808 0.5808 0.5808 0.5808 0.5808 0.5808 0.5808 0.5808 0.5808 0.5808 0.5808 0.5808 0.5808 0.5808 0.5808 0.5808 0.5808 0.5808 0.5808 0.5808 0.5808 0.5808 0.5808 0.5808 0.5808 0.5808 0.5808 0.5808 
TS26 0.4187 0.4187 0.4187 0.4187 0.4187 0.4187 0.4187 0.4187 0.4187 0.4187 0.4187 0.4187 0.4187 0.4187 0.4187 0.4187 0.4187 0.4187 0.4187 0.4187 0.4187 0.4187 0.4187 0.4187 0.4187 0.4187 0.4187 0.4187 0.4187 0.4187 0.4187 0.4187 
TS27 0.3588 0.3588 0.3588 0.3588 0.3588 0.3588 0.3588 0.3588 0.3588 0.3588 0.3588 0.3588 0.3588 0.3588 0.3588 0.3588 0.3588 0.3588 0.3588 0.3588 0.3588 0.3588 0.3588 0.3588 0.3588 0.3588 0.3588 0.3588 0.3588 0.3588 0.3588 0.3588 
TS28 0.4798 0.4798 0.4798 0.4798 0.4798 0.4798 0.4798 0.4798 0.4798 0.4798 0.4798 0.4798 0.4798 0.4798 0.4798 0.4798 0.4798 0.4798 0.4798 0.4798 0.4798 0.4798 0.4798 0.4798 0.4798 0.4798 0.4798 0.4798 0.4798 0.4798 0.4798 0.4798 
TS29 0.5971 0.5971 0.5971 0.5971 0.5971 0.5971 0.5971 0.5971 0.5971 0.5971 0.5971 0.5971 0.5971 0.5971 0.5971 0.5971 0.5971 0.5971 0.5971 0.5971 0.5971 0.5971 0.5971 0.5971 0.5971 0.5971 0.5971 0.5971 0.5971 0.5971 0.5971 0.5971 
TS30 0.6295 0.6295 0.6295 0.6295 0.6295 0.6295 0.6295 0.6295 0.6295 0.6295 0.6295 0.6295 0.6295 0.6295 0.6295 0.6295 0.6295 0.6295 0.6295 0.6295 0.6295 0.6295 0.6295 0.6295 0.6295 0.6295 0.6295 0.6295 0.6295 0.6295 0.6295 0.6295 
TS31 0.5888 0.5888 0.5888 0.5888 0.5888 0.5888 0.5888 0.5888 0.5888 0.5888 0.5888 0.5888 0.5888 0.5888 0.5888 0.5888 0.5888 0.5888 0.5888 0.5888 0.5888 0.5888 0.5888 0.5888 0.5888 0.5888 0.5888 0.5888 0.5888 0.5888 0.5888 0.5888 
TS32 0.4291 0.4291 0.4291 0.4291 0.4291 0.4291 0.4291 0.4291 0.4291 0.4291 0.4291 0.4291 0.4291 0.4291 0.4291 0.4291 0.4291 0.4291 0.4291 0.4291 0.4291 0.4291 0.4291 0.4291 0.4291 0.4291 0.4291 0.4291 0.4291 0.4291 0.4291 0.4291 
TS33 0.3568 0.3568 0.3568 0.3568 0.3568 0.3568 0.3568 0.3568 0.3568 0.3568 0.3568 0.3568 0.3568 0.3568 0.3568 0.3568 0.3568 0.3568 0.3568 0.3568 0.3568 0.3568 0.3568 0.3568 0.3568 0.3568 0.3568 0.3568 0.3568 0.3568 0.3568 0.3568 
TS34 0.473 0.473 0.473 0.473 0.473 0.473 0.473 0.473 0.473 0.473 0.473 0.473 0.473 0.473 0.473 0.473 0.473 0.473 0.473 0.473 0.473 0.473 0.473 0.473 0.473 0.473 0.473 0.473 0.473 0.473 0.473 0.473 
TS35 0.5988 0.5988 0.5988 0.5988 0.5988 0.5988 0.5988 0.5988 0.5988 0.5988 0.5988 0.5988 0.5988 0.5988 0.5988 0.5988 0.5988 0.5988 0.5988 0.5988 0.5988 0.5988 0.5988 0.5988 0.5988 0.5988 0.5988 0.5988 0.5988 0.5988 0.5988 0.5988 
TS36 0.6518 0.6518 0.6518 0.6518 0.6518 0.6518 0.6518 0.6518 0.6518 0.6518 0.6518 0.6518 0.6518 0.6518 0.6518 0.6518 0.6518 0.6518 0.6518 0.6518 0.6518 0.6518 0.6518 0.6518 0.6518 0.6518 0.6518 0.6518 0.6518 0.6518 0.6518 0.6518 
TS37 0.5673 0.5673 0.5673 0.5673 0.5673 0.5673 0.5673 0.5673 0.5673 0.5673 0.5673 0.5673 0.5673 0.5673 0.5673 0.5673 0.5673 0.5673 0.5673 0.5673 0.5673 0.5673 0.5673 0.5673 0.5673 0.5673 0.5673 0.5673 0.5673 0.5673 0.5673 0.5673 
TS38 0.5159 0.5159 0.5159 0.5159 0.5159 0.5159 0.5159 0.5159 0.5159 0.5159 0.5159 0.5159 0.5159 0.5159 0.5159 0.5159 0.5159 0.5159 0.5159 0.5159 0.5159 0.5159 0.5159 0.5159 0.5159 0.5159 0.5159 0.5159 0.5159 0.5159 0.5159 0.5159 
TS39 0.6527 0.6527 0.6527 0.6527 0.6527 0.6527 0.6527 0.6527 0.6527 0.6527 0.6527 0.6527 0.6527 0.6527 0.6527 0.6527 0.6527 0.6527 0.6527 0.6527 0.6527 0.6527 0.6527 0.6527 0.6527 0.6527 0.6527 0.6527 0.6527 0.6527 0.6527 0.6527 
TS40 0.7148 0.7148 0.7148 0.7148 0.7148 0.7148 0.7148 0.7148 0.7148 0.7148 0.7148 0.7148 0.7148 0.7148 0.7148 0.7148 0.7148 0.7148 0.7148 0.7148 0.7148 0.7148 0.7148 0.7148 0.7148 0.7148 0.7148 0.7148 0.7148 0.7148 0.7148 0.7148 
TS41 0.7192 0.7192 0.7192 0.7192 0.7192 0.7192 0.7192 0.7192 0.7192 0.7192 0.7192 0.7192 0.7192 0.7192 0.7192 0.7192 0.7192 0.7192 0.7192 0.7192 0.7192 0.7192 0.7192 0.7192 0.7192 0.7192 0.7192 0.7192 0.7192 0.7192 0.7192 0.7192 
TS42 0.6824 0.6824 0.6824 0.6824 0.6824 0.6824 0.6824 0.6824 0.6824 0.6824 0.6824 0.6824 0.6824 0.6824 0.6824 0.6824 0.6824 0.6824 0.6824 0.6824 0.6824 0.6824 0.6824 0.6824 0.6824 0.6824 0.6824 0.6824 0.6824 0.6824 0.6824 0.6824 
TS43 0.5666 0.5666 0.5666 0.5666 0.5666 0.5666 0.5666 0.5666 0.5666 0.5666 0.5666 0.5666 0.5666 0.5666 0.5666 0.5666 0.5666 0.5666 0.5666 0.5666 0.5666 0.5666 0.5666 0.5666 0.5666 0.5666 0.5666 0.5666 0.5666 0.5666 0.5666 0.5666 
TS44 0.4998 0.4998 0.4998 0.4998 0.4998 0.4998 0.4998 0.4998 0.4998 0.4998 0.4998 0.4998 0.4998 0.4998 0.4998 0.4998 0.4998 0.4998 0.4998 0.4998 0.4998 0.4998 0.4998 0.4998 0.4998 0.4998 0.4998 0.4998 0.4998 0.4998 0.4998 0.4998 
TS45 0.6644 0.6644 0.6644 0.6644 0.6644 0.6644 0.6644 0.6644 0.6644 0.6644 0.6644 0.6644 0.6644 0.6644 0.6644 0.6644 0.6644 0.6644 0.6644 0.6644 0.6644 0.6644 0.6644 0.6644 0.6644 0.6644 0.6644 0.6644 0.6644 0.6644 0.6644 0.6644 
TS46 0.7509 0.7509 0.7509 0.7509 0.7509 0.7509 0.7509 0.7509 0.7509 0.7509 0.7509 0.7509 0.7509 0.7509 0.7509 0.7509 0.7509 0.7509 0.7509 0.7509 0.7509 0.7509 0.7509 0.7509 0.7509 0.7509 0.7509 0.7509 0.7509 0.7509 0.7509 0.7509 
TS47 0.7591 0.7591 0.7591 0.7591 0.7591 0.7591 0.7591 0.7591 0.7591 0.7591 0.7591 0.7591 0.7591 0.7591 0.7591 0.7591 0.7591 0.7591 0.7591 0.7591 0.7591 0.7591 0.7591 0.7591 0.7591 0.7591 0.7591 0.7591 0.7591 0.7591 0.7591 0.7591 
TS48 0.7029 0.7029 0.7029 0.7029 0.7029 0.7029 0.7029 0.7029 0.7029 0.7029 0.7029 0.7029 0.7029 0.7029 0.7029 0.7029 0.7029 0.7029 0.7029 0.7029 0.7029 0.7029 0.7029 0.7029 0.7029 0.7029 0.7029 0.7029 0.7029 0.7029 0.7029 0.7029 
[RE1,PWRWND010,*,*]:
2019 2020 2021 2022 2023 2024 2025 2026 2027 2028 2029 2030 2031 2032 2033 2034 2035 2036 2037 2038 2039 2040 2041 2042 2043 2044 2045 2046 2047 2048 2049 2050 :=
TS01 0.4996 0.4996 0.4996 0.4996 0.4996 0.4996 0.4996 0.4996 0.4996 0.4996 0.4996 0.4996 0.4996 0.4996 0.4996 0.4996 0.4996 0.4996 0.4996 0.4996 0.4996 0.4996 0.4996 0.4996 0.4996 0.4996 0.4996 0.4996 0.4996 0.4996 0.4996 0.4996 
TS02 0.504 0.504 0.504 0.504 0.504 0.504 0.504 0.504 0.504 0.504 0.504 0.504 0.504 0.504 0.504 0.504 0.504 0.504 0.504 0.504 0.504 0.504 0.504 0.504 0.504 0.504 0.504 0.504 0.504 0.504 0.504 0.504 
TS03 0.4733 0.4733 0.4733 0.4733 0.4733 0.4733 0.4733 0.4733 0.4733 0.4733 0.4733 0.4733 0.4733 0.4733 0.4733 0.4733 0.4733 0.4733 0.4733 0.4733 0.4733 0.4733 0.4733 0.4733 0.4733 0.4733 0.4733 0.4733 0.4733 0.4733 0.4733 0.4733 
TS04 0.3489 0.3489 0.3489 0.3489 0.3489 0.3489 0.3489 0.3489 0.3489 0.3489 0.3489 0.3489 0.3489 0.3489 0.3489 0.3489 0.3489 0.3489 0.3489 0.3489 0.3489 0.3489 0.3489 0.3489 0.3489 0.3489 0.3489 0.3489 0.3489 0.3489 0.3489 0.3489 
TS05 0.4114 0.4114 0.4114 0.4114 0.4114 0.4114 0.4114 0.4114 0.4114 0.4114 0.4114 0.4114 0.4114 0.4114 0.4114 0.4114 0.4114 0.4114 0.4114 0.4114 0.4114 0.4114 0.4114 0.4114 0.4114 0.4114 0.4114 0.4114 0.4114 0.4114 0.4114 0.4114 
TS06 0.422 0.422 0.422 0.422 0.422 0.422 0.422 0.422 0.422 0.422 0.422 0.422 0.422 0.422 0.422 0.422 0.422 0.422 0.422 0.422 0.422 0.422 0.422 0.422 0.422 0.422 0.422 0.422 0.422 0.422 0.422 0.422 
TS07 0.4955 0.4955 0.4955 0.4955 0.4955 0.4955 0.4955 0.4955 0.4955 0.4955 0.4955 0.4955 0.4955 0.4955 0.4955 0.4955 0.4955 0.4955 0.4955 0.4955 0.4955 0.4955 0.4955 0.4955 0.4955 0.4955 0.4955 0.4955 0.4955 0.4955 0.4955 0.4955 
TS08 0.5046 0.5046 0.5046 0.5046 0.5046 0.5046 0.5046 0.5046 0.5046 0.5046 0.5046 0.5046 0.5046 0.5046 0.5046 0.5046 0.5046 0.5046 0.5046 0.5046 0.5046 0.5046 0.5046 0.5046 0.5046 0.5046 0.5046 0.5046 0.5046 0.5046 0.5046 0.5046 
TS09 0.4879 0.4879 0.4879 0.4879 0.4879 0.4879 0.4879 0.4879 0.4879 0.4879 0.4879 0.4879 0.4879 0.4879 0.4879 0.4879 0.4879 0.4879 0.4879 0.4879 0.4879 0.4879 0.4879 0.4879 0.4879 0.4879 0.4879 0.4879 0.4879 0.4879 0.4879 0.4879 
TS10 0.3886 0.3886 0.3886 0.3886 0.3886 0.3886 0.3886 0.3886 0.3886 0.3886 0.3886 0.3886 0.3886 0.3886 0.3886 0.3886 0.3886 0.3886 0.3886 0.3886 0.3886 0.3886 0.3886 0.3886 0.3886 0.3886 0.3886 0.3886 0.3886 0.3886 0.3886 0.3886 
TS11 0.48 0.48 0.48 0.48 0.48 0.48 0.48 0.48 0.48 0.48 0.48 0.48 0.48 0.48 0.48 0.48 0.48 0.48 0.48 0.48 0.48 0.48 0.48 0.48 0.48 0.48 0.48 0.48 0.48 0.48 0.48 0.48 
TS12 0.5155 0.5155 0.5155 0.5155 0.5155 0.5155 0.5155 0.5155 0.5155 0.5155 0.5155 0.5155 0.5155 0.5155 0.5155 0.5155 0.5155 0.5155 0.5155 0.5155 0.5155 0.5155 0.5155 0.5155 0.5155 0.5155 0.5155 0.5155 0.5155 0.5155 0.5155 0.5155 
TS13 0.44 0.44 0.44 0.44 0.44 0.44 0.44 0.44 0.44 0.44 0.44 0.44 0.44 0.44 0.44 0.44 0.44 0.44 0.44 0.44 0.44 0.44 0.44 0.44 0.44 0.44 0.44 0.44 0.44 0.44 0.44 0.44 
TS14 0.4577 0.4577 0.4577 0.4577 0.4577 0.4577 0.4577 0.4577 0.4577 0.4577 0.4577 0.4577 0.4577 0.4577 0.4577 0.4577 0.4577 0.4577 0.4577 0.4577 0.4577 0.4577 0.4577 0.4577 0.4577 0.4577 0.4577 0.4577 0.4577 0.4577 0.4577 0.4577 
TS15 0.366 0.366 0.366 0.366 0.366 0.366 0.366 0.366 0.366 0.366 0.366 0.366 0.366 0.366 0.366 0.366 0.366 0.366 0.366 0.366 0.366 0.366 0.366 0.366 0.366 0.366 0.366 0.366 0.366 0.366 0.366 0.366 
TS16 0.249 0.249 0.249 0.249 0.249 0.249 0.249 0.249 0.249 0.249 0.249 0.249 0.249 0.249 0.249 0.249 0.249 0.249 0.249 0.249 0.249 0.249 0.249 0.249 0.249 0.249 0.249 0.249 0.249 0.249 0.249 0.249 
TS17 0.3281 0.3281 0.3281 0.3281 0.3281 0.3281 0.3281 0.3281 0.3281 0.3281 0.3281 0.3281 0.3281 0.3281 0.3281 0.3281 0.3281 0.3281 0.3281 0.3281 0.3281 0.3281 0.3281 0.3281 0.3281 0.3281 0.3281 0.3281 0.3281 0.3281 0.3281 0.3281 
TS18 0.4066 0.4066 0.4066 0.4066 0.4066 0.4066 0.4066 0.4066 0.4066 0.4066 0.4066 0.4066 0.4066 0.4066 0.4066 0.4066 0.4066 0.4066 0.4066 0.4066 0.4066 0.4066 0.4066 0.4066 0.4066 0.4066 0.4066 0.4066 0.4066 0.4066 0.4066 0.4066 
TS19 0.5177 0.5177 0.5177 0.5177 0.5177 0.5177 0.5177 0.5177 0.5177 0.5177 0.5177 0.5177 0.5177 0.5177 0.5177 0.5177 0.5177 0.5177 0.5177 0.5177 0.5177 0.5177 0.5177 0.5177 0.5177 0.5177 0.5177 0.5177 0.5177 0.5177 0.5177 0.5177 
TS20 0.5503 0.5503 0.5503 0.5503 0.5503 0.5503 0.5503 0.5503 0.5503 0.5503 0.5503 0.5503 0.5503 0.5503 0.5503 0.5503 0.5503 0.5503 0.5503 0.5503 0.5503 0.5503 0.5503 0.5503 0.5503 0.5503 0.5503 0.5503 0.5503 0.5503 0.5503 0.5503 
TS21 0.398 0.398 0.398 0.398 0.398 0.398 0.398 0.398 0.398 0.398 0.398 0.398 0.398 0.398 0.398 0.398 0.398 0.398 0.398 0.398 0.398 0.398 0.398 0.398 0.398 0.398 0.398 0.398 0.398 0.398 0.398 0.398 
TS22 0.2702 0.2702 0.2702 0.2702 0.2702 0.2702 0.2702 0.2702 0.2702 0.2702 0.2702 0.2702 0.2702 0.2702 0.2702 0.2702 0.2702 0.2702 0.2702 0.2702 0.2702 0.2702 0.2702 0.2702 0.2702 0.2702 0.2702 0.2702 0.2702 0.2702 0.2702 0.2702 
TS23 0.3451 0.3451 0.3451 0.3451 0.3451 0.3451 0.3451 0.3451 0.3451 0.3451 0.3451 0.3451 0.3451 0.3451 0.3451 0.3451 0.3451 0.3451 0.3451 0.3451 0.3451 0.3451 0.3451 0.3451 0.3451 0.3451 0.3451 0.3451 0.3451 0.3451 0.3451 0.3451 
TS24 0.4315 0.4315 0.4315 0.4315 0.4315 0.4315 0.4315 0.4315 0.4315 0.4315 0.4315 0.4315 0.4315 0.4315 0.4315 0.4315 0.4315 0.4315 0.4315 0.4315 0.4315 0.4315 0.4315 0.4315 0.4315 0.4315 0.4315 0.4315 0.4315 0.4315 0.4315 0.4315 
TS25 0.7058 0.7058 0.7058 0.7058 0.7058 0.7058 0.7058 0.7058 0.7058 0.7058 0.7058 0.7058 0.7058 0.7058 0.7058 0.7058 0.7058 0.7058 0.7058 0.7058 0.7058 0.7058 0.7058 0.7058 0.7058 0.7058 0.7058 0.7058 0.7058 0.7058 0.7058 0.7058 
TS26 0.75 0.75 0.75 0.75 0.75 0.75 0.75 0.75 0.75 0.75 0.75 0.75 0.75 0.75 0.75 0.75 0.75 0.75 0.75 0.75 0.75 0.75 0.75 0.75 0.75 0.75 0.75 0.75 0.75 0.75 0.75 0.75 
TS27 0.5846 0.5846 0.5846 0.5846 0.5846 0.5846 0.5846 0.5846 0.5846 0.5846 0.5846 0.5846 0.5846 0.5846 0.5846 0.5846 0.5846 0.5846 0.5846 0.5846 0.5846 0.5846 0.5846 0.5846 0.5846 0.5846 0.5846 0.5846 0.5846 0.5846 0.5846 0.5846 
TS28 0.4155 0.4155 0.4155 0.4155 0.4155 0.4155 0.4155 0.4155 0.4155 0.4155 0.4155 0.4155 0.4155 0.4155 0.4155 0.4155 0.4155 0.4155 0.4155 0.4155 0.4155 0.4155 0.4155 0.4155 0.4155 0.4155 0.4155 0.4155 0.4155 0.4155 0.4155 0.4155 
TS29 0.5627 0.5627 0.5627 0.5627 0.5627 0.5627 0.5627 0.5627 0.5627 0.5627 0.5627 0.5627 0.5627 0.5627 0.5627 0.5627 0.5627 0.5627 0.5627 0.5627 0.5627 0.5627 0.5627 0.5627 0.5627 0.5627 0.5627 0.5627 0.5627 0.5627 0.5627 0.5627 
TS30 0.6538 0.6538 0.6538 0.6538 0.6538 0.6538 0.6538 0.6538 0.6538 0.6538 0.6538 0.6538 0.6538 0.6538 0.6538 0.6538 0.6538 0.6538 0.6538 0.6538 0.6538 0.6538 0.6538 0.6538 0.6538 0.6538 0.6538 0.6538 0.6538 0.6538 0.6538 0.6538 
TS31 0.7494 0.7494 0.7494 0.7494 0.7494 0.7494 0.7494 0.7494 0.7494 0.7494 0.7494 0.7494 0.7494 0.7494 0.7494 0.7494 0.7494 0.7494 0.7494 0.7494 0.7494 0.7494 0.7494 0.7494 0.7494 0.7494 0.7494 0.7494 0.7494 0.7494 0.7494 0.7494 
TS32 0.7732 0.7732 0.7732 0.7732 0.7732 0.7732 0.7732 0.7732 0.7732 0.7732 0.7732 0.7732 0.7732 0.7732 0.7732 0.7732 0.7732 0.7732 0.7732 0.7732 0.7732 0.7732 0.7732 0.7732 0.7732 0.7732 0.7732 0.7732 0.7732 0.7732 0.7732 0.7732 
TS33 0.6034 0.6034 0.6034 0.6034 0.6034 0.6034 0.6034 0.6034 0.6034 0.6034 0.6034 0.6034 0.6034 0.6034 0.6034 0.6034 0.6034 0.6034 0.6034 0.6034 0.6034 0.6034 0.6034 0.6034 0.6034 0.6034 0.6034 0.6034 0.6034 0.6034 0.6034 0.6034 
TS34 0.4179 0.4179 0.4179 0.4179 0.4179 0.4179 0.4179 0.4179 0.4179 0.4179 0.4179 0.4179 0.4179 0.4179 0.4179 0.4179 0.4179 0.4179 0.4179 0.4179 0.4179 0.4179 0.4179 0.4179 0.4179 0.4179 0.4179 0.4179 0.4179 0.4179 0.4179 0.4179 
TS35 0.5653 0.5653 0.5653 0.5653 0.5653 0.5653 0.5653 0.5653 0.5653 0.5653 0.5653 0.5653 0.5653 0.5653 0.5653 0.5653 0.5653 0.5653 0.5653 0.5653 0.5653 0.5653 0.5653 0.5653 0.5653 0.5653 0.5653 0.5653 0.5653 0.5653 0.5653 0.5653 
TS36 0.6712 0.6712 0.6712 0.6712 0.6712 0.6712 0.6712 0.6712 0.6712 0.6712 0.6712 0.6712 0.6712 0.6712 0.6712 0.6712 0.6712 0.6712 0.6712 0.6712 0.6712 0.6712 0.6712 0.6712 0.6712 0.6712 0.6712 0.6712 0.6712 0.6712 0.6712 0.6712 
TS37 0.5948 0.5948 0.5948 0.5948 0.5948 0.5948 0.5948 0.5948 0.5948 0.5948 0.5948 0.5948 0.5948 0.5948 0.5948 0.5948 0.5948 0.5948 0.5948 0.5948 0.5948 0.5948 0.5948 0.5948 0.5948 0.5948 0.5948 0.5948 0.5948 0.5948 0.5948 0.5948 
TS38 0.601 0.601 0.601 0.601 0.601 0.601 0.601 0.601 0.601 0.601 0.601 0.601 0.601 0.601 0.601 0.601 0.601 0.601 0.601 0.601 0.601 0.601 0.601 0.601 0.601 0.601 0.601 0.601 0.601 0.601 0.601 0.601 
TS39 0.5728 0.5728 0.5728 0.5728 0.5728 0.5728 0.5728 0.5728 0.5728 0.5728 0.5728 0.5728 0.5728 0.5728 0.5728 0.5728 0.5728 0.5728 0.5728 0.5728 0.5728 0.5728 0.5728 0.5728 0.5728 0.5728 0.5728 0.5728 0.5728 0.5728 0.5728 0.5728 
TS40 0.5308 0.5308 0.5308 0.5308 0.5308 0.5308 0.5308 0.5308 0.5308 0.5308 0.5308 0.5308 0.5308 0.5308 0.5308 0.5308 0.5308 0.5308 0.5308 0.5308 0.5308 0.5308 0.5308 0.5308 0.5308 0.5308 0.5308 0.5308 0.5308 0.5308 0.5308 0.5308 
TS41 0.6272 0.6272 0.6272 0.6272 0.6272 0.6272 0.6272 0.6272 0.6272 0.6272 0.6272 0.6272 0.6272 0.6272 0.6272 0.6272 0.6272 0.6272 0.6272 0.6272 0.6272 0.6272 0.6272 0.6272 0.6272 0.6272 0.6272 0.6272 0.6272 0.6272 0.6272 0.6272 
TS42 0.6577 0.6577 0.6577 0.6577 0.6577 0.6577 0.6577 0.6577 0.6577 0.6577 0.6577 0.6577 0.6577 0.6577 0.6577 0.6577 0.6577 0.6577 0.6577 0.6577 0.6577 0.6577 0.6577 0.6577 0.6577 0.6577 0.6577 0.6577 0.6577 0.6577 0.6577 0.6577 
TS43 0.6017 0.6017 0.6017 0.6017 0.6017 0.6017 0.6017 0.6017 0.6017 0.6017 0.6017 0.6017 0.6017 0.6017 0.6017 0.6017 0.6017 0.6017 0.6017 0.6017 0.6017 0.6017 0.6017 0.6017 0.6017 0.6017 0.6017 0.6017 0.6017 0.6017 0.6017 0.6017 
TS44 0.5902 0.5902 0.5902 0.5902 0.5902 0.5902 0.5902 0.5902 0.5902 0.5902 0.5902 0.5902 0.5902 0.5902 0.5902 0.5902 0.5902 0.5902 0.5902 0.5902 0.5902 0.5902 0.5902 0.5902 0.5902 0.5902 0.5902 0.5902 0.5902 0.5902 0.5902 0.5902 
TS45 0.5534 0.5534 0.5534 0.5534 0.5534 0.5534 0.5534 0.5534 0.5534 0.5534 0.5534 0.5534 0.5534 0.5534 0.5534 0.5534 0.5534 0.5534 0.5534 0.5534 0.5534 0.5534 0.5534 0.5534 0.5534 0.5534 0.5534 0.5534 0.5534 0.5534 0.5534 0.5534 
TS46 0.4904 0.4904 0.4904 0.4904 0.4904 0.4904 0.4904 0.4904 0.4904 0.4904 0.4904 0.4904 0.4904 0.4904 0.4904 0.4904 0.4904 0.4904 0.4904 0.4904 0.4904 0.4904 0.4904 0.4904 0.4904 0.4904 0.4904 0.4904 0.4904 0.4904 0.4904 0.4904 
TS47 0.5933 0.5933 0.5933 0.5933 0.5933 0.5933 0.5933 0.5933 0.5933 0.5933 0.5933 0.5933 0.5933 0.5933 0.5933 0.5933 0.5933 0.5933 0.5933 0.5933 0.5933 0.5933 0.5933 0.5933 0.5933 0.5933 0.5933 0.5933 0.5933 0.5933 0.5933 0.5933 
TS48 0.6213 0.6213 0.6213 0.6213 0.6213 0.6213 0.6213 0.6213 0.6213 0.6213 0.6213 0.6213 0.6213 0.6213 0.6213 0.6213 0.6213 0.6213 0.6213 0.6213 0.6213 0.6213 0.6213 0.6213 0.6213 0.6213 0.6213 0.6213 0.6213 0.6213 0.6213 0.6213 
[RE1,PWRWND011,*,*]:
2019 2020 2021 2022 2023 2024 2025 2026 2027 2028 2029 2030 2031 2032 2033 2034 2035 2036 2037 2038 2039 2040 2041 2042 2043 2044 2045 2046 2047 2048 2049 2050 :=
TS01 0.4464 0.4464 0.4464 0.4464 0.4464 0.4464 0.4464 0.4464 0.4464 0.4464 0.4464 0.4464 0.4464 0.4464 0.4464 0.4464 0.4464 0.4464 0.4464 0.4464 0.4464 0.4464 0.4464 0.4464 0.4464 0.4464 0.4464 0.4464 0.4464 0.4464 0.4464 0.4464 
TS02 0.7215 0.7215 0.7215 0.7215 0.7215 0.7215 0.7215 0.7215 0.7215 0.7215 0.7215 0.7215 0.7215 0.7215 0.7215 0.7215 0.7215 0.7215 0.7215 0.7215 0.7215 0.7215 0.7215 0.7215 0.7215 0.7215 0.7215 0.7215 0.7215 0.7215 0.7215 0.7215 
TS03 0.6569 0.6569 0.6569 0.6569 0.6569 0.6569 0.6569 0.6569 0.6569 0.6569 0.6569 0.6569 0.6569 0.6569 0.6569 0.6569 0.6569 0.6569 0.6569 0.6569 0.6569 0.6569 0.6569 0.6569 0.6569 0.6569 0.6569 0.6569 0.6569 0.6569 0.6569 0.6569 
TS04 0.5309 0.5309 0.5309 0.5309 0.5309 0.5309 0.5309 0.5309 0.5309 0.5309 0.5309 0.5309 0.5309 0.5309 0.5309 0.5309 0.5309 0.5309 0.5309 0.5309 0.5309 0.5309 0.5309 0.5309 0.5309 0.5309 0.5309 0.5309 0.5309 0.5309 0.5309 0.5309 
TS05 0.4759 0.4759 0.4759 0.4759 0.4759 0.4759 0.4759 0.4759 0.4759 0.4759 0.4759 0.4759 0.4759 0.4759 0.4759 0.4759 0.4759 0.4759 0.4759 0.4759 0.4759 0.4759 0.4759 0.4759 0.4759 0.4759 0.4759 0.4759 0.4759 0.4759 0.4759 0.4759 
TS06 0.4032 0.4032 0.4032 0.4032 0.4032 0.4032 0.4032 0.4032 0.4032 0.4032 0.4032 0.4032 0.4032 0.4032 0.4032 0.4032 0.4032 0.4032 0.4032 0.4032 0.4032 0.4032 0.4032 0.4032 0.4032 0.4032 0.4032 0.4032 0.4032 0.4032 0.4032 0.4032 
TS07 0.5207 0.5207 0.5207 0.5207 0.5207 0.5207 0.5207 0.5207 0.5207 0.5207 0.5207 0.5207 0.5207 0.5207 0.5207 0.5207 0.5207 0.5207 0.5207 0.5207 0.5207 0.5207 0.5207 0.5207 0.5207 0.5207 0.5207 0.5207 0.5207 0.5207 0.5207 0.5207 
TS08 0.7688 0.7688 0.7688 0.7688 0.7688 0.7688 0.7688 0.7688 0.7688 0.7688 0.7688 0.7688 0.7688 0.7688 0.7688 0.7688 0.7688 0.7688 0.7688 0.7688 0.7688 0.7688 0.7688 0.7688 0.7688 0.7688 0.7688 0.7688 0.7688 0.7688 0.7688 0.7688 
TS09 0.6305 0.6305 0.6305 0.6305 0.6305 0.6305 0.6305 0.6305 0.6305 0.6305 0.6305 0.6305 0.6305 0.6305 0.6305 0.6305 0.6305 0.6305 0.6305 0.6305 0.6305 0.6305 0.6305 0.6305 0.6305 0.6305 0.6305 0.6305 0.6305 0.6305 0.6305 0.6305 
TS10 0.5013 0.5013 0.5013 0.5013 0.5013 0.5013 0.5013 0.5013 0.5013 0.5013 0.5013 0.5013 0.5013 0.5013 0.5013 0.5013 0.5013 0.5013 0.5013 0.5013 0.5013 0.5013 0.5013 0.5013 0.5013 0.5013 0.5013 0.5013 0.5013 0.5013 0.5013 0.5013 
TS11 0.4896 0.4896 0.4896 0.4896 0.4896 0.4896 0.4896 0.4896 0.4896 0.4896 0.4896 0.4896 0.4896 0.4896 0.4896 0.4896 0.4896 0.4896 0.4896 0.4896 0.4896 0.4896 0.4896 0.4896 0.4896 0.4896 0.4896 0.4896 0.4896 0.4896 0.4896 0.4896 
TS12 0.3717 0.3717 0.3717 0.3717 0.3717 0.3717 0.3717 0.3717 0.3717 0.3717 0.3717 0.3717 0.3717 0.3717 0.3717 0.3717 0.3717 0.3717 0.3717 0.3717 0.3717 0.3717 0.3717 0.3717 0.3717 0.3717 0.3717 0.3717 0.3717 0.3717 0.3717 0.3717 
TS13 0.4733 0.4733 0.4733 0.4733 0.4733 0.4733 0.4733 0.4733 0.4733 0.4733 0.4733 0.4733 0.4733 0.4733 0.4733 0.4733 0.4733 0.4733 0.4733 0.4733 0.4733 0.4733 0.4733 0.4733 0.4733 0.4733 0.4733 0.4733 0.4733 0.4733 0.4733 0.4733 
TS14 0.5959 0.5959 0.5959 0.5959 0.5959 0.5959 0.5959 0.5959 0.5959 0.5959 0.5959 0.5959 0.5959 0.5959 0.5959 0.5959 0.5959 0.5959 0.5959 0.5959 0.5959 0.5959 0.5959 0.5959 0.5959 0.5959 0.5959 0.5959 0.5959 0.5959 0.5959 0.5959 
TS15 0.5078 0.5078 0.5078 0.5078 0.5078 0.5078 0.5078 0.5078 0.5078 0.5078 0.5078 0.5078 0.5078 0.5078 0.5078 0.5078 0.5078 0.5078 0.5078 0.5078 0.5078 0.5078 0.5078 0.5078 0.5078 0.5078 0.5078 0.5078 0.5078 0.5078 0.5078 0.5078 
TS16 0.5038 0.5038 0.5038 0.5038 0.5038 0.5038 0.5038 0.5038 0.5038 0.5038 0.5038 0.5038 0.5038 0.5038 0.5038 0.5038 0.5038 0.5038 0.5038 0.5038 0.5038 0.5038 0.5038 0.5038 0.5038 0.5038 0.5038 0.5038 0.5038 0.5038 0.5038 0.5038 
TS17 0.44 0.44 0.44 0.44 0.44 0.44 0.44 0.44 0.44 0.44 0.44 0.44 0.44 0.44 0.44 0.44 0.44 0.44 0.44 0.44 0.44 0.44 0.44 0.44 0.44 0.44 0.44 0.44 0.44 0.44 0.44 0.44 
TS18 0.3556 0.3556 0.3556 0.3556 0.3556 0.3556 0.3556 0.3556 0.3556 0.3556 0.3556 0.3556 0.3556 0.3556 0.3556 0.3556 0.3556 0.3556 0.3556 0.3556 0.3556 0.3556 0.3556 0.3556 0.3556 0.3556 0.3556 0.3556 0.3556 0.3556 0.3556 0.3556 
TS19 0.4788 0.4788 0.4788 0.4788 0.4788 0.4788 0.4788 0.4788 0.4788 0.4788 0.4788 0.4788 0.4788 0.4788 0.4788 0.4788 0.4788 0.4788 0.4788 0.4788 0.4788 0.4788 0.4788 0.4788 0.4788 0.4788 0.4788 0.4788 0.4788 0.4788 0.4788 0.4788 
TS20 0.6721 0.6721 0.6721 0.6721 0.6721 0.6721 0.6721 0.6721 0.6721 0.6721 0.6721 0.6721 0.6721 0.6721 0.6721 0.6721 0.6721 0.6721 0.6721 0.6721 0.6721 0.6721 0.6721 0.6721 0.6721 0.6721 0.6721 0.6721 0.6721 0.6721 0.6721 0.6721 
TS21 0.5811 0.5811 0.5811 0.5811 0.5811 0.5811 0.5811 0.5811 0.5811 0.5811 0.5811 0.5811 0.5811 0.5811 0.5811 0.5811 0.5811 0.5811 0.5811 0.5811 0.5811 0.5811 0.5811 0.5811 0.5811 0.5811 0.5811 0.5811 0.5811 0.5811 0.5811 0.5811 
TS22 0.4664 0.4664 0.4664 0.4664 0.4664 0.4664 0.4664 0.4664 0.4664 0.4664 0.4664 0.4664 0.4664 0.4664 0.4664 0.4664 0.4664 0.4664 0.4664 0.4664 0.4664 0.4664 0.4664 0.4664 0.4664 0.4664 0.4664 0.4664 0.4664 0.4664 0.4664 0.4664 
TS23 0.3847 0.3847 0.3847 0.3847 0.3847 0.3847 0.3847 0.3847 0.3847 0.3847 0.3847 0.3847 0.3847 0.3847 0.3847 0.3847 0.3847 0.3847 0.3847 0.3847 0.3847 0.3847 0.3847 0.3847 0.3847 0.3847 0.3847 0.3847 0.3847 0.3847 0.3847 0.3847 
TS24 0.3294 0.3294 0.3294 0.3294 0.3294 0.3294 0.3294 0.3294 0.3294 0.3294 0.3294 0.3294 0.3294 0.3294 0.3294 0.3294 0.3294 0.3294 0.3294 0.3294 0.3294 0.3294 0.3294 0.3294 0.3294 0.3294 0.3294 0.3294 0.3294 0.3294 0.3294 0.3294 
TS25 0.7054 0.7054 0.7054 0.7054 0.7054 0.7054 0.7054 0.7054 0.7054 0.7054 0.7054 0.7054 0.7054 0.7054 0.7054 0.7054 0.7054 0.7054 0.7054 0.7054 0.7054 0.7054 0.7054 0.7054 0.7054 0.7054 0.7054 0.7054 0.7054 0.7054 0.7054 0.7054 
TS26 0.7944 0.7944 0.7944 0.7944 0.7944 0.7944 0.7944 0.7944 0.7944 0.7944 0.7944 0.7944 0.7944 0.7944 0.7944 0.7944 0.7944 0.7944 0.7944 0.7944 0.7944 0.7944 0.7944 0.7944 0.7944 0.7944 0.7944 0.7944 0.7944 0.7944 0.7944 0.7944 
TS27 0.5792 0.5792 0.5792 0.5792 0.5792 0.5792 0.5792 0.5792 0.5792 0.5792 0.5792 0.5792 0.5792 0.5792 0.5792 0.5792 0.5792 0.5792 0.5792 0.5792 0.5792 0.5792 0.5792 0.5792 0.5792 0.5792 0.5792 0.5792 0.5792 0.5792 0.5792 0.5792 
TS28 0.5469 0.5469 0.5469 0.5469 0.5469 0.5469 0.5469 0.5469 0.5469 0.5469 0.5469 0.5469 0.5469 0.5469 0.5469 0.5469 0.5469 0.5469 0.5469 0.5469 0.5469 0.5469 0.5469 0.5469 0.5469 0.5469 0.5469 0.5469 0.5469 0.5469 0.5469 0.5469 
TS29 0.6452 0.6452 0.6452 0.6452 0.6452 0.6452 0.6452 0.6452 0.6452 0.6452 0.6452 0.6452 0.6452 0.6452 0.6452 0.6452 0.6452 0.6452 0.6452 0.6452 0.6452 0.6452 0.6452 0.6452 0.6452 0.6452 0.6452 0.6452 0.6452 0.6452 0.6452 0.6452 
TS30 0.6567 0.6567 0.6567 0.6567 0.6567 0.6567 0.6567 0.6567 0.6567 0.6567 0.6567 0.6567 0.6567 0.6567 0.6567 0.6567 0.6567 0.6567 0.6567 0.6567 0.6567 0.6567 0.6567 0.6567 0.6567 0.6567 0.6567 0.6567 0.6567 0.6567 0.6567 0.6567 
TS31 0.73 0.73 0.73 0.73 0.73 0.73 0.73 0.73 0.73 0.73 0.73 0.73 0.73 0.73 0.73 0.73 0.73 0.73 0.73 0.73 0.73 0.73 0.73 0.73 0.73 0.73 0.73 0.73 0.73 0.73 0.73 0.73 
TS32 0.8124 0.8124 0.8124 0.8124 0.8124 0.8124 0.8124 0.8124 0.8124 0.8124 0.8124 0.8124 0.8124 0.8124 0.8124 0.8124 0.8124 0.8124 0.8124 0.8124 0.8124 0.8124 0.8124 0.8124 0.8124 0.8124 0.8124 0.8124 0.8124 0.8124 0.8124 0.8124 
TS33 0.6149 0.6149 0.6149 0.6149 0.6149 0.6149 0.6149 0.6149 0.6149 0.6149 0.6149 0.6149 0.6149 0.6149 0.6149 0.6149 0.6149 0.6149 0.6149 0.6149 0.6149 0.6149 0.6149 0.6149 0.6149 0.6149 0.6149 0.6149 0.6149 0.6149 0.6149 0.6149 
TS34 0.6086 0.6086 0.6086 0.6086 0.6086 0.6086 0.6086 0.6086 0.6086 0.6086 0.6086 0.6086 0.6086 0.6086 0.6086 0.6086 0.6086 0.6086 0.6086 0.6086 0.6086 0.6086 0.6086 0.6086 0.6086 0.6086 0.6086 0.6086 0.6086 0.6086 0.6086 0.6086 
TS35 0.6872 0.6872 0.6872 0.6872 0.6872 0.6872 0.6872 0.6872 0.6872 0.6872 0.6872 0.6872 0.6872 0.6872 0.6872 0.6872 0.6872 0.6872 0.6872 0.6872 0.6872 0.6872 0.6872 0.6872 0.6872 0.6872 0.6872 0.6872 0.6872 0.6872 0.6872 0.6872 
TS36 0.6678 0.6678 0.6678 0.6678 0.6678 0.6678 0.6678 0.6678 0.6678 0.6678 0.6678 0.6678 0.6678 0.6678 0.6678 0.6678 0.6678 0.6678 0.6678 0.6678 0.6678 0.6678 0.6678 0.6678 0.6678 0.6678 0.6678 0.6678 0.6678 0.6678 0.6678 0.6678 
TS37 0.3585 0.3585 0.3585 0.3585 0.3585 0.3585 0.3585 0.3585 0.3585 0.3585 0.3585 0.3585 0.3585 0.3585 0.3585 0.3585 0.3585 0.3585 0.3585 0.3585 0.3585 0.3585 0.3585 0.3585 0.3585 0.3585 0.3585 0.3585 0.3585 0.3585 0.3585 0.3585 
TS38 0.5517 0.5517 0.5517 0.5517 0.5517 0.5517 0.5517 0.5517 0.5517 0.5517 0.5517 0.5517 0.5517 0.5517 0.5517 0.5517 0.5517 0.5517 0.5517 0.5517 0.5517 0.5517 0.5517 0.5517 0.5517 0.5517 0.5517 0.5517 0.5517 0.5517 0.5517 0.5517 
TS39 0.5514 0.5514 0.5514 0.5514 0.5514 0.5514 0.5514 0.5514 0.5514 0.5514 0.5514 0.5514 0.5514 0.5514 0.5514 0.5514 0.5514 0.5514 0.5514 0.5514 0.5514 0.5514 0.5514 0.5514 0.5514 0.5514 0.5514 0.5514 0.5514 0.5514 0.5514 0.5514 
TS40 0.4523 0.4523 0.4523 0.4523 0.4523 0.4523 0.4523 0.4523 0.4523 0.4523 0.4523 0.4523 0.4523 0.4523 0.4523 0.4523 0.4523 0.4523 0.4523 0.4523 0.4523 0.4523 0.4523 0.4523 0.4523 0.4523 0.4523 0.4523 0.4523 0.4523 0.4523 0.4523 
TS41 0.4333 0.4333 0.4333 0.4333 0.4333 0.4333 0.4333 0.4333 0.4333 0.4333 0.4333 0.4333 0.4333 0.4333 0.4333 0.4333 0.4333 0.4333 0.4333 0.4333 0.4333 0.4333 0.4333 0.4333 0.4333 0.4333 0.4333 0.4333 0.4333 0.4333 0.4333 0.4333 
TS42 0.3768 0.3768 0.3768 0.3768 0.3768 0.3768 0.3768 0.3768 0.3768 0.3768 0.3768 0.3768 0.3768 0.3768 0.3768 0.3768 0.3768 0.3768 0.3768 0.3768 0.3768 0.3768 0.3768 0.3768 0.3768 0.3768 0.3768 0.3768 0.3768 0.3768 0.3768 0.3768 
TS43 0.346 0.346 0.346 0.346 0.346 0.346 0.346 0.346 0.346 0.346 0.346 0.346 0.346 0.346 0.346 0.346 0.346 0.346 0.346 0.346 0.346 0.346 0.346 0.346 0.346 0.346 0.346 0.346 0.346 0.346 0.346 0.346 
TS44 0.5953 0.5953 0.5953 0.5953 0.5953 0.5953 0.5953 0.5953 0.5953 0.5953 0.5953 0.5953 0.5953 0.5953 0.5953 0.5953 0.5953 0.5953 0.5953 0.5953 0.5953 0.5953 0.5953 0.5953 0.5953 0.5953 0.5953 0.5953 0.5953 0.5953 0.5953 0.5953 
TS45 0.5231 0.5231 0.5231 0.5231 0.5231 0.5231 0.5231 0.5231 0.5231 0.5231 0.5231 0.5231 0.5231 0.5231 0.5231 0.5231 0.5231 0.5231 0.5231 0.5231 0.5231 0.5231 0.5231 0.5231 0.5231 0.5231 0.5231 0.5231 0.5231 0.5231 0.5231 0.5231 
TS46 0.4388 0.4388 0.4388 0.4388 0.4388 0.4388 0.4388 0.4388 0.4388 0.4388 0.4388 0.4388 0.4388 0.4388 0.4388 0.4388 0.4388 0.4388 0.4388 0.4388 0.4388 0.4388 0.4388 0.4388 0.4388 0.4388 0.4388 0.4388 0.4388 0.4388 0.4388 0.4388 
TS47 0.3752 0.3752 0.3752 0.3752 0.3752 0.3752 0.3752 0.3752 0.3752 0.3752 0.3752 0.3752 0.3752 0.3752 0.3752 0.3752 0.3752 0.3752 0.3752 0.3752 0.3752 0.3752 0.3752 0.3752 0.3752 0.3752 0.3752 0.3752 0.3752 0.3752 0.3752 0.3752 
TS48 0.3714 0.3714 0.3714 0.3714 0.3714 0.3714 0.3714 0.3714 0.3714 0.3714 0.3714 0.3714 0.3714 0.3714 0.3714 0.3714 0.3714 0.3714 0.3714 0.3714 0.3714 0.3714 0.3714 0.3714 0.3714 0.3714 0.3714 0.3714 0.3714 0.3714 0.3714 0.3714 
;

param SpecifiedAnnualDemand default 0.0 :=
[RE1,*,*]:
2019 2020 2021 2022 2023 2024 2025 2026 2027 2028 2029 2030 2031 2032 2033 2034 2035 2036 2037 2038 2039 2040 2041 2042 2043 2044 2045 2046 2047 2048 2049 2050 :=
COMELC 6.2591 6.3686 6.6578 6.8802 7.0903 7.3334 8.8961628302 10.1941256604 11.4920884905 12.7900513207 14.0880141509 15.3859769811 16.6839398113 17.9819026415 19.2798654716 20.5778283018 21.875791132 23.1737539622 24.4717167924 25.7696796226 27.0676424527 28.3656052829 29.6635681131 30.9615309433 32.2594937735 33.5574566036 34.8554194338 36.153382264 37.4513450942 38.7493079244 40.0472707546 41.3452335847 
INDELC 21.5631 21.9401 22.9364 23.7027 24.4266 25.264 26.1763 27.5612803101 29.821600516 32.2213860591 34.9598731353 37.9012057589 40.6635145542 43.7238113992 46.8320404304 50.1491787193 53.6368227672 57.1875582771 61.1753140517 65.3361743183 69.7492560591 74.4263979466 79.3613918964 84.4888364616 89.9532500712 95.7280678993 101.8314810766 108.2818251082 115.0988792397 122.303577709 129.9178653724 137.965130827 
RESELC 13.7907 14.0318 14.669 15.1591 15.6221 16.1577 16.7411 17.6269789191 19.0725958711 20.6072915866 22.3586926896 24.2398860267 26.0064464006 27.9637248404 29.9516105702 32.0730422582 34.303620697 36.5744794843 39.1248463531 41.7859480867 44.6083155883 47.5997450545 50.7557608909 54.035216505 57.5299337665 61.2233096644 65.1266053713 69.251948304 73.6118990014 78.2195954981 83.0894751952 88.2361198675 
;

param SpecifiedDemandProfile default 0.0 :=
[RE1,COMELC,*,*]:
2019 2020 2021 2022 2023 2024 2025 2026 2027 2028 2029 2030 2031 2032 2033 2034 2035 2036 2037 2038 2039 2040 2041 2042 2043 2044 2045 2046 2047 2048 2049 2050 :=
TS01 0.0358 0.0358 0.0358 0.0358 0.0358 0.0358 0.0358 0.0358 0.0358 0.0358 0.0358 0.0358 0.0358 0.0358 0.0358 0.0358 0.0358 0.0358 0.0358 0.0358 0.0358 0.0358 0.0358 0.0358 0.0358 0.0358 0.0358 0.0358 0.0358 0.0358 0.0358 0.0358 
TS02 0.0227 0.0227 0.0227 0.0227 0.0227 0.0227 0.0227 0.0227 0.0227 0.0227 0.0227 0.0227 0.0227 0.0227 0.0227 0.0227 0.0227 0.0227 0.0227 0.0227 0.0227 0.0227 0.0227 0.0227 0.0227 0.0227 0.0227 0.0227 0.0227 0.0227 0.0227 0.0227 
TS03 0.0449 0.0449 0.0449 0.0449 0.0449 0.0449 0.0449 0.0449 0.0449 0.0449 0.0449 0.0449 0.0449 0.0449 0.0449 0.0449 0.0449 0.0449 0.0449 0.0449 0.0449 0.0449 0.0449 0.0449 0.0449 0.0449 0.0449 0.0449 0.0449 0.0449 0.0449 0.0449 
TS04 0.034 0.034 0.034 0.034 0.034 0.034 0.034 0.034 0.034 0.034 0.034 0.034 0.034 0.034 0.034 0.034 0.034 0.034 0.034 0.034 0.034 0.034 0.034 0.034 0.034 0.034 0.034 0.034 0.034 0.034 0.034 0.034 
TS05 0.0162 0.0162 0.0162 0.0162 0.0162 0.0162 0.0162 0.0162 0.0162 0.0162 0.0162 0.0162 0.0162 0.0162 0.0162 0.0162 0.0162 0.0162 0.0162 0.0162 0.0162 0.0162 0.0162 0.0162 0.0162 0.0162 0.0162 0.0162 0.0162 0.0162 0.0162 0.0162 
TS06 0.0178 0.0178 0.0178 0.0178 0.0178 0.0178 0.0178 0.0178 0.0178 0.0178 0.0178 0.0178 0.0178 0.0178 0.0178 0.0178 0.0178 0.0178 0.0178 0.0178 0.0178 0.0178 0.0178 0.0178 0.0178 0.0178 0.0178 0.0178 0.0178 0.0178 0.0178 0.0178 
TS07 0.0158 0.0158 0.0158 0.0158 0.0158 0.0158 0.0158 0.0158 0.0158 0.0158 0.0158 0.0158 0.0158 0.0158 0.0158 0.0158 0.0158 0.0158 0.0158 0.0158 0.0158 0.0158 0.0158 0.0158 0.0158 0.0158 0.0158 0.0158 0.0158 0.0158 0.0158 0.0158 
TS08 0.0097 0.0097 0.0097 0.0097 0.0097 0.0097 0.0097 0.0097 0.0097 0.0097 0.0097 0.0097 0.0097 0.0097 0.0097 0.0097 0.0097 0.0097 0.0097 0.0097 0.0097 0.0097 0.0097 0.0097 0.0097 0.0097 0.0097 0.0097 0.0097 0.0097 0.0097 0.0097 
TS09 0.0193 0.0193 0.0193 0.0193 0.0193 0.0193 0.0193 0.0193 0.0193 0.0193 0.0193 0.0193 0.0193 0.0193 0.0193 0.0193 0.0193 0.0193 0.0193 0.0193 0.0193 0.0193 0.0193 0.0193 0.0193 0.0193 0.0193 0.0193 0.0193 0.0193 0.0193 0.0193 
TS10 0.0146 0.0146 0.0146 0.0146 0.0146 0.0146 0.0146 0.0146 0.0146 0.0146 0.0146 0.0146 0.0146 0.0146 0.0146 0.0146 0.0146 0.0146 0.0146 0.0146 0.0146 0.0146 0.0146 0.0146 0.0146 0.0146 0.0146 0.0146 0.0146 0.0146 0.0146 0.0146 
TS11 0.0068 0.0068 0.0068 0.0068 0.0068 0.0068 0.0068 0.0068 0.0068 0.0068 0.0068 0.0068 0.0068 0.0068 0.0068 0.0068 0.0068 0.0068 0.0068 0.0068 0.0068 0.0068 0.0068 0.0068 0.0068 0.0068 0.0068 0.0068 0.0068 0.0068 0.0068 0.0068 
TS12 0.0076 0.0076 0.0076 0.0076 0.0076 0.0076 0.0076 0.0076 0.0076 0.0076 0.0076 0.0076 0.0076 0.0076 0.0076 0.0076 0.0076 0.0076 0.0076 0.0076 0.0076 0.0076 0.0076 0.0076 0.0076 0.0076 0.0076 0.0076 0.0076 0.0076 0.0076 0.0076 
TS13 0.0242 0.0242 0.0242 0.0242 0.0242 0.0242 0.0242 0.0242 0.0242 0.0242 0.0242 0.0242 0.0242 0.0242 0.0242 0.0242 0.0242 0.0242 0.0242 0.0242 0.0242 0.0242 0.0242 0.0242 0.0242 0.0242 0.0242 0.0242 0.0242 0.0242 0.0242 0.0242 
TS14 0.0158 0.0158 0.0158 0.0158 0.0158 0.0158 0.0158 0.0158 0.0158 0.0158 0.0158 0.0158 0.0158 0.0158 0.0158 0.0158 0.0158 0.0158 0.0158 0.0158 0.0158 0.0158 0.0158 0.0158 0.0158 0.0158 0.0158 0.0158 0.0158 0.0158 0.0158 0.0158 
TS15 0.0314 0.0314 0.0314 0.0314 0.0314 0.0314 0.0314 0.0314 0.0314 0.0314 0.0314 0.0314 0.0314 0.0314 0.0314 0.0314 0.0314 0.0314 0.0314 0.0314 0.0314 0.0314 0.0314 0.0314 0.0314 0.0314 0.0314 0.0314 0.0314 0.0314 0.0314 0.0314 
TS16 0.0237 0.0237 0.0237 0.0237 0.0237 0.0237 0.0237 0.0237 0.0237 0.0237 0.0237 0.0237 0.0237 0.0237 0.0237 0.0237 0.0237 0.0237 0.0237 0.0237 0.0237 0.0237 0.0237 0.0237 0.0237 0.0237 0.0237 0.0237 0.0237 0.0237 0.0237 0.0237 
TS17 0.0108 0.0108 0.0108 0.0108 0.0108 0.0108 0.0108 0.0108 0.0108 0.0108 0.0108 0.0108 0.0108 0.0108 0.0108 0.0108 0.0108 0.0108 0.0108 0.0108 0.0108 0.0108 0.0108 0.0108 0.0108 0.0108 0.0108 0.0108 0.0108 0.0108 0.0108 0.0108 
TS18 0.012 0.012 0.012 0.012 0.012 0.012 0.012 0.012 0.012 0.012 0.012 0.012 0.012 0.012 0.012 0.012 0.012 0.012 0.012 0.012 0.012 0.012 0.012 0.012 0.012 0.012 0.012 0.012 0.012 0.012 0.012 0.012 
TS19 0.0091 0.0091 0.0091 0.0091 0.0091 0.0091 0.0091 0.0091 0.0091 0.0091 0.0091 0.0091 0.0091 0.0091 0.0091 0.0091 0.0091 0.0091 0.0091 0.0091 0.0091 0.0091 0.0091 0.0091 0.0091 0.0091 0.0091 0.0091 0.0091 0.0091 0.0091 0.0091 
TS20 0.006 0.006 0.006 0.006 0.006 0.006 0.006 0.006 0.006 0.006 0.006 0.006 0.006 0.006 0.006 0.006 0.006 0.006 0.006 0.006 0.006 0.006 0.006 0.006 0.006 0.006 0.006 0.006 0.006 0.006 0.006 0.006 
TS21 0.012 0.012 0.012 0.012 0.012 0.012 0.012 0.012 0.012 0.012 0.012 0.012 0.012 0.012 0.012 0.012 0.012 0.012 0.012 0.012 0.012 0.012 0.012 0.012 0.012 0.012 0.012 0.012 0.012 0.012 0.012 0.012 
TS22 0.009 0.009 0.009 0.009 0.009 0.009 0.009 0.009 0.009 0.009 0.009 0.009 0.009 0.009 0.009 0.009 0.009 0.009 0.009 0.009 0.009 0.009 0.009 0.009 0.009 0.009 0.009 0.009 0.009 0.009 0.009 0.009 
TS23 0.0041 0.0041 0.0041 0.0041 0.0041 0.0041 0.0041 0.0041 0.0041 0.0041 0.0041 0.0041 0.0041 0.0041 0.0041 0.0041 0.0041 0.0041 0.0041 0.0041 0.0041 0.0041 0.0041 0.0041 0.0041 0.0041 0.0041 0.0041 0.0041 0.0041 0.0041 0.0041 
TS24 0.0045 0.0045 0.0045 0.0045 0.0045 0.0045 0.0045 0.0045 0.0045 0.0045 0.0045 0.0045 0.0045 0.0045 0.0045 0.0045 0.0045 0.0045 0.0045 0.0045 0.0045 0.0045 0.0045 0.0045 0.0045 0.0045 0.0045 0.0045 0.0045 0.0045 0.0045 0.0045 
TS25 0.049 0.049 0.049 0.049 0.049 0.049 0.049 0.049 0.049 0.049 0.049 0.049 0.049 0.049 0.049 0.049 0.049 0.049 0.049 0.049 0.049 0.049 0.049 0.049 0.049 0.049 0.049 0.049 0.049 0.049 0.049 0.049 
TS26 0.0318 0.0318 0.0318 0.0318 0.0318 0.0318 0.0318 0.0318 0.0318 0.0318 0.0318 0.0318 0.0318 0.0318 0.0318 0.0318 0.0318 0.0318 0.0318 0.0318 0.0318 0.0318 0.0318 0.0318 0.0318 0.0318 0.0318 0.0318 0.0318 0.0318 0.0318 0.0318 
TS27 0.0623 0.0623 0.0623 0.0623 0.0623 0.0623 0.0623 0.0623 0.0623 0.0623 0.0623 0.0623 0.0623 0.0623 0.0623 0.0623 0.0623 0.0623 0.0623 0.0623 0.0623 0.0623 0.0623 0.0623 0.0623 0.0623 0.0623 0.0623 0.0623 0.0623 0.0623 0.0623 
TS28 0.0475 0.0475 0.0475 0.0475 0.0475 0.0475 0.0475 0.0475 0.0475 0.0475 0.0475 0.0475 0.0475 0.0475 0.0475 0.0475 0.0475 0.0475 0.0475 0.0475 0.0475 0.0475 0.0475 0.0475 0.0475 0.0475 0.0475 0.0475 0.0475 0.0475 0.0475 0.0475 
TS29 0.0216 0.0216 0.0216 0.0216 0.0216 0.0216 0.0216 0.0216 0.0216 0.0216 0.0216 0.0216 0.0216 0.0216 0.0216 0.0216 0.0216 0.0216 0.0216 0.0216 0.0216 0.0216 0.0216 0.0216 0.0216 0.0216 0.0216 0.0216 0.0216 0.0216 0.0216 0.0216 
TS30 0.0238 0.0238 0.0238 0.0238 0.0238 0.0238 0.0238 0.0238 0.0238 0.0238 0.0238 0.0238 0.0238 0.0238 0.0238 0.0238 0.0238 0.0238 0.0238 0.0238 0.0238 0.0238 0.0238 0.0238 0.0238 0.0238 0.0238 0.0238 0.0238 0.0238 0.0238 0.0238 
TS31 0.0216 0.0216 0.0216 0.0216 0.0216 0.0216 0.0216 0.0216 0.0216 0.0216 0.0216 0.0216 0.0216 0.0216 0.0216 0.0216 0.0216 0.0216 0.0216 0.0216 0.0216 0.0216 0.0216 0.0216 0.0216 0.0216 0.0216 0.0216 0.0216 0.0216 0.0216 0.0216 
TS32 0.0137 0.0137 0.0137 0.0137 0.0137 0.0137 0.0137 0.0137 0.0137 0.0137 0.0137 0.0137 0.0137 0.0137 0.0137 0.0137 0.0137 0.0137 0.0137 0.0137 0.0137 0.0137 0.0137 0.0137 0.0137 0.0137 0.0137 0.0137 0.0137 0.0137 0.0137 0.0137 
TS33 0.0271 0.0271 0.0271 0.0271 0.0271 0.0271 0.0271 0.0271 0.0271 0.0271 0.0271 0.0271 0.0271 0.0271 0.0271 0.0271 0.0271 0.0271 0.0271 0.0271 0.0271 0.0271 0.0271 0.0271 0.0271 0.0271 0.0271 0.0271 0.0271 0.0271 0.0271 0.0271 
TS34 0.0207 0.0207 0.0207 0.0207 0.0207 0.0207 0.0207 0.0207 0.0207 0.0207 0.0207 0.0207 0.0207 0.0207 0.0207 0.0207 0.0207 0.0207 0.0207 0.0207 0.0207 0.0207 0.0207 0.0207 0.0207 0.0207 0.0207 0.0207 0.0207 0.0207 0.0207 0.0207 
TS35 0.0093 0.0093 0.0093 0.0093 0.0093 0.0093 0.0093 0.0093 0.0093 0.0093 0.0093 0.0093 0.0093 0.0093 0.0093 0.0093 0.0093 0.0093 0.0093 0.0093 0.0093 0.0093 0.0093 0.0093 0.0093 0.0093 0.0093 0.0093 0.0093 0.0093 0.0093 0.0093 
TS36 0.0102 0.0102 0.0102 0.0102 0.0102 0.0102 0.0102 0.0102 0.0102 0.0102 0.0102 0.0102 0.0102 0.0102 0.0102 0.0102 0.0102 0.0102 0.0102 0.0102 0.0102 0.0102 0.0102 0.0102 0.0102 0.0102 0.0102 0.0102 0.0102 0.0102 0.0102 0.0102 
TS37 0.0374 0.0374 0.0374 0.0374 0.0374 0.0374 0.0374 0.0374 0.0374 0.0374 0.0374 0.0374 0.0374 0.0374 0.0374 0.0374 0.0374 0.0374 0.0374 0.0374 0.0374 0.0374 0.0374 0.0374 0.0374 0.0374 0.0374 0.0374 0.0374 0.0374 0.0374 0.0374 
TS38 0.0237 0.0237 0.0237 0.0237 0.0237 0.0237 0.0237 0.0237 0.0237 0.0237 0.0237 0.0237 0.0237 0.0237 0.0237 0.0237 0.0237 0.0237 0.0237 0.0237 0.0237 0.0237 0.0237 0.0237 0.0237 0.0237 0.0237 0.0237 0.0237 0.0237 0.0237 0.0237 
TS39 0.0471 0.0471 0.0471 0.0471 0.0471 0.0471 0.0471 0.0471 0.0471 0.0471 0.0471 0.0471 0.0471 0.0471 0.0471 0.0471 0.0471 0.0471 0.0471 0.0471 0.0471 0.0471 0.0471 0.0471 0.0471 0.0471 0.0471 0.0471 0.0471 0.0471 0.0471 0.0471 
TS40 0.0363 0.0363 0.0363 0.0363 0.0363 0.0363 0.0363 0.0363 0.0363 0.0363 0.0363 0.0363 0.0363 0.0363 0.0363 0.0363 0.0363 0.0363 0.0363 0.0363 0.0363 0.0363 0.0363 0.0363 0.0363 0.0363 0.0363 0.0363 0.0363 0.0363 0.0363 0.0363 
TS41 0.0166 0.0166 0.0166 0.0166 0.0166 0.0166 0.0166 0.0166 0.0166 0.0166 0.0166 0.0166 0.0166 0.0166 0.0166 0.0166 0.0166 0.0166 0.0166 0.0166 0.0166 0.0166 0.0166 0.0166 0.0166 0.0166 0.0166 0.0166 0.0166 0.0166 0.0166 0.0166 
TS42 0.0185 0.0185 0.0185 0.0185 0.0185 0.0185 0.0185 0.0185 0.0185 0.0185 0.0185 0.0185 0.0185 0.0185 0.0185 0.0185 0.0185 0.0185 0.0185 0.0185 0.0185 0.0185 0.0185 0.0185 0.0185 0.0185 0.0185 0.0185 0.0185 0.0185 0.0185 0.0185 
TS43 0.0155 0.0155 0.0155 0.0155 0.0155 0.0155 0.0155 0.0155 0.0155 0.0155 0.0155 0.0155 0.0155 0.0155 0.0155 0.0155 0.0155 0.0155 0.0155 0.0155 0.0155 0.0155 0.0155 0.0155 0.0155 0.0155 0.0155 0.0155 0.0155 0.0155 0.0155 0.0155 
TS44 0.0097 0.0097 0.0097 0.0097 0.0097 0.0097 0.0097 0.0097 0.0097 0.0097 0.0097 0.0097 0.0097 0.0097 0.0097 0.0097 0.0097 0.0097 0.0097 0.0097 0.0097 0.0097 0.0097 0.0097 0.0097 0.0097 0.0097 0.0097 0.0097 0.0097 0.0097 0.0097 
TS45 0.0194 0.0194 0.0194 0.0194 0.0194 0.0194 0.0194 0.0194 0.0194 0.0194 0.0194 0.0194 0.0194 0.0194 0.0194 0.0194 0.0194 0.0194 0.0194 0.0194 0.0194 0.0194 0.0194 0.0194 0.0194 0.0194 0.0194 0.0194 0.0194 0.0194 0.0194 0.0194 
TS46 0.015 0.015 0.015 0.015 0.015 0.015 0.015 0.015 0.015 0.015 0.015 0.015 0.015 0.015 0.015 0.015 0.015 0.015 0.015 0.015 0.015 0.015 0.015 0.015 0.015 0.015 0.015 0.015 0.015 0.015 0.015 0.015 
TS47 0.0068 0.0068 0.0068 0.0068 0.0068 0.0068 0.0068 0.0068 0.0068 0.0068 0.0068 0.0068 0.0068 0.0068 0.0068 0.0068 0.0068 0.0068 0.0068 0.0068 0.0068 0.0068 0.0068 0.0068 0.0068 0.0068 0.0068 0.0068 0.0068 0.0068 0.0068 0.0068 
TS48 0.0076 0.0076 0.0076 0.0076 0.0076 0.0076 0.0076 0.0076 0.0076 0.0076 0.0076 0.0076 0.0076 0.0076 0.0076 0.0076 0.0076 0.0076 0.0076 0.0076 0.0076 0.0076 0.0076 0.0076 0.0076 0.0076 0.0076 0.0076 0.0076 0.0076 0.0076 0.0076 
[RE1,INDELC,*,*]:
2019 2020 2021 2022 2023 2024 2025 2026 2027 2028 2029 2030 2031 2032 2033 2034 2035 2036 2037 2038 2039 2040 2041 2042 2043 2044 2045 2046 2047 2048 2049 2050 :=
TS01 0.0358 0.0358 0.0358 0.0358 0.0358 0.0358 0.0358 0.0358 0.0358 0.0358 0.0358 0.0358 0.0358 0.0358 0.0358 0.0358 0.0358 0.0358 0.0358 0.0358 0.0358 0.0358 0.0358 0.0358 0.0358 0.0358 0.0358 0.0358 0.0358 0.0358 0.0358 0.0358 
TS02 0.0227 0.0227 0.0227 0.0227 0.0227 0.0227 0.0227 0.0227 0.0227 0.0227 0.0227 0.0227 0.0227 0.0227 0.0227 0.0227 0.0227 0.0227 0.0227 0.0227 0.0227 0.0227 0.0227 0.0227 0.0227 0.0227 0.0227 0.0227 0.0227 0.0227 0.0227 0.0227 
TS03 0.0449 0.0449 0.0449 0.0449 0.0449 0.0449 0.0449 0.0449 0.0449 0.0449 0.0449 0.0449 0.0449 0.0449 0.0449 0.0449 0.0449 0.0449 0.0449 0.0449 0.0449 0.0449 0.0449 0.0449 0.0449 0.0449 0.0449 0.0449 0.0449 0.0449 0.0449 0.0449 
TS04 0.034 0.034 0.034 0.034 0.034 0.034 0.034 0.034 0.034 0.034 0.034 0.034 0.034 0.034 0.034 0.034 0.034 0.034 0.034 0.034 0.034 0.034 0.034 0.034 0.034 0.034 0.034 0.034 0.034 0.034 0.034 0.034 
TS05 0.0162 0.0162 0.0162 0.0162 0.0162 0.0162 0.0162 0.0162 0.0162 0.0162 0.0162 0.0162 0.0162 0.0162 0.0162 0.0162 0.0162 0.0162 0.0162 0.0162 0.0162 0.0162 0.0162 0.0162 0.0162 0.0162 0.0162 0.0162 0.0162 0.0162 0.0162 0.0162 
TS06 0.0178 0.0178 0.0178 0.0178 0.0178 0.0178 0.0178 0.0178 0.0178 0.0178 0.0178 0.0178 0.0178 0.0178 0.0178 0.0178 0.0178 0.0178 0.0178 0.0178 0.0178 0.0178 0.0178 0.0178 0.0178 0.0178 0.0178 0.0178 0.0178 0.0178 0.0178 0.0178 
TS07 0.0158 0.0158 0.0158 0.0158 0.0158 0.0158 0.0158 0.0158 0.0158 0.0158 0.0158 0.0158 0.0158 0.0158 0.0158 0.0158 0.0158 0.0158 0.0158 0.0158 0.0158 0.0158 0.0158 0.0158 0.0158 0.0158 0.0158 0.0158 0.0158 0.0158 0.0158 0.0158 
TS08 0.0097 0.0097 0.0097 0.0097 0.0097 0.0097 0.0097 0.0097 0.0097 0.0097 0.0097 0.0097 0.0097 0.0097 0.0097 0.0097 0.0097 0.0097 0.0097 0.0097 0.0097 0.0097 0.0097 0.0097 0.0097 0.0097 0.0097 0.0097 0.0097 0.0097 0.0097 0.0097 
TS09 0.0193 0.0193 0.0193 0.0193 0.0193 0.0193 0.0193 0.0193 0.0193 0.0193 0.0193 0.0193 0.0193 0.0193 0.0193 0.0193 0.0193 0.0193 0.0193 0.0193 0.0193 0.0193 0.0193 0.0193 0.0193 0.0193 0.0193 0.0193 0.0193 0.0193 0.0193 0.0193 
TS10 0.0146 0.0146 0.0146 0.0146 0.0146 0.0146 0.0146 0.0146 0.0146 0.0146 0.0146 0.0146 0.0146 0.0146 0.0146 0.0146 0.0146 0.0146 0.0146 0.0146 0.0146 0.0146 0.0146 0.0146 0.0146 0.0146 0.0146 0.0146 0.0146 0.0146 0.0146 0.0146 
TS11 0.0068 0.0068 0.0068 0.0068 0.0068 0.0068 0.0068 0.0068 0.0068 0.0068 0.0068 0.0068 0.0068 0.0068 0.0068 0.0068 0.0068 0.0068 0.0068 0.0068 0.0068 0.0068 0.0068 0.0068 0.0068 0.0068 0.0068 0.0068 0.0068 0.0068 0.0068 0.0068 
TS12 0.0076 0.0076 0.0076 0.0076 0.0076 0.0076 0.0076 0.0076 0.0076 0.0076 0.0076 0.0076 0.0076 0.0076 0.0076 0.0076 0.0076 0.0076 0.0076 0.0076 0.0076 0.0076 0.0076 0.0076 0.0076 0.0076 0.0076 0.0076 0.0076 0.0076 0.0076 0.0076 
TS13 0.0242 0.0242 0.0242 0.0242 0.0242 0.0242 0.0242 0.0242 0.0242 0.0242 0.0242 0.0242 0.0242 0.0242 0.0242 0.0242 0.0242 0.0242 0.0242 0.0242 0.0242 0.0242 0.0242 0.0242 0.0242 0.0242 0.0242 0.0242 0.0242 0.0242 0.0242 0.0242 
TS14 0.0158 0.0158 0.0158 0.0158 0.0158 0.0158 0.0158 0.0158 0.0158 0.0158 0.0158 0.0158 0.0158 0.0158 0.0158 0.0158 0.0158 0.0158 0.0158 0.0158 0.0158 0.0158 0.0158 0.0158 0.0158 0.0158 0.0158 0.0158 0.0158 0.0158 0.0158 0.0158 
TS15 0.0314 0.0314 0.0314 0.0314 0.0314 0.0314 0.0314 0.0314 0.0314 0.0314 0.0314 0.0314 0.0314 0.0314 0.0314 0.0314 0.0314 0.0314 0.0314 0.0314 0.0314 0.0314 0.0314 0.0314 0.0314 0.0314 0.0314 0.0314 0.0314 0.0314 0.0314 0.0314 
TS16 0.0237 0.0237 0.0237 0.0237 0.0237 0.0237 0.0237 0.0237 0.0237 0.0237 0.0237 0.0237 0.0237 0.0237 0.0237 0.0237 0.0237 0.0237 0.0237 0.0237 0.0237 0.0237 0.0237 0.0237 0.0237 0.0237 0.0237 0.0237 0.0237 0.0237 0.0237 0.0237 
TS17 0.0108 0.0108 0.0108 0.0108 0.0108 0.0108 0.0108 0.0108 0.0108 0.0108 0.0108 0.0108 0.0108 0.0108 0.0108 0.0108 0.0108 0.0108 0.0108 0.0108 0.0108 0.0108 0.0108 0.0108 0.0108 0.0108 0.0108 0.0108 0.0108 0.0108 0.0108 0.0108 
TS18 0.012 0.012 0.012 0.012 0.012 0.012 0.012 0.012 0.012 0.012 0.012 0.012 0.012 0.012 0.012 0.012 0.012 0.012 0.012 0.012 0.012 0.012 0.012 0.012 0.012 0.012 0.012 0.012 0.012 0.012 0.012 0.012 
TS19 0.0091 0.0091 0.0091 0.0091 0.0091 0.0091 0.0091 0.0091 0.0091 0.0091 0.0091 0.0091 0.0091 0.0091 0.0091 0.0091 0.0091 0.0091 0.0091 0.0091 0.0091 0.0091 0.0091 0.0091 0.0091 0.0091 0.0091 0.0091 0.0091 0.0091 0.0091 0.0091 
TS20 0.006 0.006 0.006 0.006 0.006 0.006 0.006 0.006 0.006 0.006 0.006 0.006 0.006 0.006 0.006 0.006 0.006 0.006 0.006 0.006 0.006 0.006 0.006 0.006 0.006 0.006 0.006 0.006 0.006 0.006 0.006 0.006 
TS21 0.012 0.012 0.012 0.012 0.012 0.012 0.012 0.012 0.012 0.012 0.012 0.012 0.012 0.012 0.012 0.012 0.012 0.012 0.012 0.012 0.012 0.012 0.012 0.012 0.012 0.012 0.012 0.012 0.012 0.012 0.012 0.012 
TS22 0.009 0.009 0.009 0.009 0.009 0.009 0.009 0.009 0.009 0.009 0.009 0.009 0.009 0.009 0.009 0.009 0.009 0.009 0.009 0.009 0.009 0.009 0.009 0.009 0.009 0.009 0.009 0.009 0.009 0.009 0.009 0.009 
TS23 0.0041 0.0041 0.0041 0.0041 0.0041 0.0041 0.0041 0.0041 0.0041 0.0041 0.0041 0.0041 0.0041 0.0041 0.0041 0.0041 0.0041 0.0041 0.0041 0.0041 0.0041 0.0041 0.0041 0.0041 0.0041 0.0041 0.0041 0.0041 0.0041 0.0041 0.0041 0.0041 
TS24 0.0045 0.0045 0.0045 0.0045 0.0045 0.0045 0.0045 0.0045 0.0045 0.0045 0.0045 0.0045 0.0045 0.0045 0.0045 0.0045 0.0045 0.0045 0.0045 0.0045 0.0045 0.0045 0.0045 0.0045 0.0045 0.0045 0.0045 0.0045 0.0045 0.0045 0.0045 0.0045 
TS25 0.049 0.049 0.049 0.049 0.049 0.049 0.049 0.049 0.049 0.049 0.049 0.049 0.049 0.049 0.049 0.049 0.049 0.049 0.049 0.049 0.049 0.049 0.049 0.049 0.049 0.049 0.049 0.049 0.049 0.049 0.049 0.049 
TS26 0.0318 0.0318 0.0318 0.0318 0.0318 0.0318 0.0318 0.0318 0.0318 0.0318 0.0318 0.0318 0.0318 0.0318 0.0318 0.0318 0.0318 0.0318 0.0318 0.0318 0.0318 0.0318 0.0318 0.0318 0.0318 0.0318 0.0318 0.0318 0.0318 0.0318 0.0318 0.0318 
TS27 0.0623 0.0623 0.0623 0.0623 0.0623 0.0623 0.0623 0.0623 0.0623 0.0623 0.0623 0.0623 0.0623 0.0623 0.0623 0.0623 0.0623 0.0623 0.0623 0.0623 0.0623 0.0623 0.0623 0.0623 0.0623 0.0623 0.0623 0.0623 0.0623 0.0623 0.0623 0.0623 
TS28 0.0475 0.0475 0.0475 0.0475 0.0475 0.0475 0.0475 0.0475 0.0475 0.0475 0.0475 0.0475 0.0475 0.0475 0.0475 0.0475 0.0475 0.0475 0.0475 0.0475 0.0475 0.0475 0.0475 0.0475 0.0475 0.0475 0.0475 0.0475 0.0475 0.0475 0.0475 0.0475 
TS29 0.0216 0.0216 0.0216 0.0216 0.0216 0.0216 0.0216 0.0216 0.0216 0.0216 0.0216 0.0216 0.0216 0.0216 0.0216 0.0216 0.0216 0.0216 0.0216 0.0216 0.0216 0.0216 0.0216 0.0216 0.0216 0.0216 0.0216 0.0216 0.0216 0.0216 0.0216 0.0216 
TS30 0.0238 0.0238 0.0238 0.0238 0.0238 0.0238 0.0238 0.0238 0.0238 0.0238 0.0238 0.0238 0.0238 0.0238 0.0238 0.0238 0.0238 0.0238 0.0238 0.0238 0.0238 0.0238 0.0238 0.0238 0.0238 0.0238 0.0238 0.0238 0.0238 0.0238 0.0238 0.0238 
TS31 0.0216 0.0216 0.0216 0.0216 0.0216 0.0216 0.0216 0.0216 0.0216 0.0216 0.0216 0.0216 0.0216 0.0216 0.0216 0.0216 0.0216 0.0216 0.0216 0.0216 0.0216 0.0216 0.0216 0.0216 0.0216 0.0216 0.0216 0.0216 0.0216 0.0216 0.0216 0.0216 
TS32 0.0137 0.0137 0.0137 0.0137 0.0137 0.0137 0.0137 0.0137 0.0137 0.0137 0.0137 0.0137 0.0137 0.0137 0.0137 0.0137 0.0137 0.0137 0.0137 0.0137 0.0137 0.0137 0.0137 0.0137 0.0137 0.0137 0.0137 0.0137 0.0137 0.0137 0.0137 0.0137 
TS33 0.0271 0.0271 0.0271 0.0271 0.0271 0.0271 0.0271 0.0271 0.0271 0.0271 0.0271 0.0271 0.0271 0.0271 0.0271 0.0271 0.0271 0.0271 0.0271 0.0271 0.0271 0.0271 0.0271 0.0271 0.0271 0.0271 0.0271 0.0271 0.0271 0.0271 0.0271 0.0271 
TS34 0.0207 0.0207 0.0207 0.0207 0.0207 0.0207 0.0207 0.0207 0.0207 0.0207 0.0207 0.0207 0.0207 0.0207 0.0207 0.0207 0.0207 0.0207 0.0207 0.0207 0.0207 0.0207 0.0207 0.0207 0.0207 0.0207 0.0207 0.0207 0.0207 0.0207 0.0207 0.0207 
TS35 0.0093 0.0093 0.0093 0.0093 0.0093 0.0093 0.0093 0.0093 0.0093 0.0093 0.0093 0.0093 0.0093 0.0093 0.0093 0.0093 0.0093 0.0093 0.0093 0.0093 0.0093 0.0093 0.0093 0.0093 0.0093 0.0093 0.0093 0.0093 0.0093 0.0093 0.0093 0.0093 
TS36 0.0102 0.0102 0.0102 0.0102 0.0102 0.0102 0.0102 0.0102 0.0102 0.0102 0.0102 0.0102 0.0102 0.0102 0.0102 0.0102 0.0102 0.0102 0.0102 0.0102 0.0102 0.0102 0.0102 0.0102 0.0102 0.0102 0.0102 0.0102 0.0102 0.0102 0.0102 0.0102 
TS37 0.0374 0.0374 0.0374 0.0374 0.0374 0.0374 0.0374 0.0374 0.0374 0.0374 0.0374 0.0374 0.0374 0.0374 0.0374 0.0374 0.0374 0.0374 0.0374 0.0374 0.0374 0.0374 0.0374 0.0374 0.0374 0.0374 0.0374 0.0374 0.0374 0.0374 0.0374 0.0374 
TS38 0.0237 0.0237 0.0237 0.0237 0.0237 0.0237 0.0237 0.0237 0.0237 0.0237 0.0237 0.0237 0.0237 0.0237 0.0237 0.0237 0.0237 0.0237 0.0237 0.0237 0.0237 0.0237 0.0237 0.0237 0.0237 0.0237 0.0237 0.0237 0.0237 0.0237 0.0237 0.0237 
TS39 0.0471 0.0471 0.0471 0.0471 0.0471 0.0471 0.0471 0.0471 0.0471 0.0471 0.0471 0.0471 0.0471 0.0471 0.0471 0.0471 0.0471 0.0471 0.0471 0.0471 0.0471 0.0471 0.0471 0.0471 0.0471 0.0471 0.0471 0.0471 0.0471 0.0471 0.0471 0.0471 
TS40 0.0363 0.0363 0.0363 0.0363 0.0363 0.0363 0.0363 0.0363 0.0363 0.0363 0.0363 0.0363 0.0363 0.0363 0.0363 0.0363 0.0363 0.0363 0.0363 0.0363 0.0363 0.0363 0.0363 0.0363 0.0363 0.0363 0.0363 0.0363 0.0363 0.0363 0.0363 0.0363 
TS41 0.0166 0.0166 0.0166 0.0166 0.0166 0.0166 0.0166 0.0166 0.0166 0.0166 0.0166 0.0166 0.0166 0.0166 0.0166 0.0166 0.0166 0.0166 0.0166 0.0166 0.0166 0.0166 0.0166 0.0166 0.0166 0.0166 0.0166 0.0166 0.0166 0.0166 0.0166 0.0166 
TS42 0.0185 0.0185 0.0185 0.0185 0.0185 0.0185 0.0185 0.0185 0.0185 0.0185 0.0185 0.0185 0.0185 0.0185 0.0185 0.0185 0.0185 0.0185 0.0185 0.0185 0.0185 0.0185 0.0185 0.0185 0.0185 0.0185 0.0185 0.0185 0.0185 0.0185 0.0185 0.0185 
TS43 0.0155 0.0155 0.0155 0.0155 0.0155 0.0155 0.0155 0.0155 0.0155 0.0155 0.0155 0.0155 0.0155 0.0155 0.0155 0.0155 0.0155 0.0155 0.0155 0.0155 0.0155 0.0155 0.0155 0.0155 0.0155 0.0155 0.0155 0.0155 0.0155 0.0155 0.0155 0.0155 
TS44 0.0097 0.0097 0.0097 0.0097 0.0097 0.0097 0.0097 0.0097 0.0097 0.0097 0.0097 0.0097 0.0097 0.0097 0.0097 0.0097 0.0097 0.0097 0.0097 0.0097 0.0097 0.0097 0.0097 0.0097 0.0097 0.0097 0.0097 0.0097 0.0097 0.0097 0.0097 0.0097 
TS45 0.0194 0.0194 0.0194 0.0194 0.0194 0.0194 0.0194 0.0194 0.0194 0.0194 0.0194 0.0194 0.0194 0.0194 0.0194 0.0194 0.0194 0.0194 0.0194 0.0194 0.0194 0.0194 0.0194 0.0194 0.0194 0.0194 0.0194 0.0194 0.0194 0.0194 0.0194 0.0194 
TS46 0.015 0.015 0.015 0.015 0.015 0.015 0.015 0.015 0.015 0.015 0.015 0.015 0.015 0.015 0.015 0.015 0.015 0.015 0.015 0.015 0.015 0.015 0.015 0.015 0.015 0.015 0.015 0.015 0.015 0.015 0.015 0.015 
TS47 0.0068 0.0068 0.0068 0.0068 0.0068 0.0068 0.0068 0.0068 0.0068 0.0068 0.0068 0.0068 0.0068 0.0068 0.0068 0.0068 0.0068 0.0068 0.0068 0.0068 0.0068 0.0068 0.0068 0.0068 0.0068 0.0068 0.0068 0.0068 0.0068 0.0068 0.0068 0.0068 
TS48 0.0076 0.0076 0.0076 0.0076 0.0076 0.0076 0.0076 0.0076 0.0076 0.0076 0.0076 0.0076 0.0076 0.0076 0.0076 0.0076 0.0076 0.0076 0.0076 0.0076 0.0076 0.0076 0.0076 0.0076 0.0076 0.0076 0.0076 0.0076 0.0076 0.0076 0.0076 0.0076 
[RE1,RESELC,*,*]:
2019 2020 2021 2022 2023 2024 2025 2026 2027 2028 2029 2030 2031 2032 2033 2034 2035 2036 2037 2038 2039 2040 2041 2042 2043 2044 2045 2046 2047 2048 2049 2050 :=
TS01 0.0358 0.0358 0.0358 0.0358 0.0358 0.0358 0.0358 0.0358 0.0358 0.0358 0.0358 0.0358 0.0358 0.0358 0.0358 0.0358 0.0358 0.0358 0.0358 0.0358 0.0358 0.0358 0.0358 0.0358 0.0358 0.0358 0.0358 0.0358 0.0358 0.0358 0.0358 0.0358 
TS02 0.0227 0.0227 0.0227 0.0227 0.0227 0.0227 0.0227 0.0227 0.0227 0.0227 0.0227 0.0227 0.0227 0.0227 0.0227 0.0227 0.0227 0.0227 0.0227 0.0227 0.0227 0.0227 0.0227 0.0227 0.0227 0.0227 0.0227 0.0227 0.0227 0.0227 0.0227 0.0227 
TS03 0.0449 0.0449 0.0449 0.0449 0.0449 0.0449 0.0449 0.0449 0.0449 0.0449 0.0449 0.0449 0.0449 0.0449 0.0449 0.0449 0.0449 0.0449 0.0449 0.0449 0.0449 0.0449 0.0449 0.0449 0.0449 0.0449 0.0449 0.0449 0.0449 0.0449 0.0449 0.0449 
TS04 0.034 0.034 0.034 0.034 0.034 0.034 0.034 0.034 0.034 0.034 0.034 0.034 0.034 0.034 0.034 0.034 0.034 0.034 0.034 0.034 0.034 0.034 0.034 0.034 0.034 0.034 0.034 0.034 0.034 0.034 0.034 0.034 
TS05 0.0162 0.0162 0.0162 0.0162 0.0162 0.0162 0.0162 0.0162 0.0162 0.0162 0.0162 0.0162 0.0162 0.0162 0.0162 0.0162 0.0162 0.0162 0.0162 0.0162 0.0162 0.0162 0.0162 0.0162 0.0162 0.0162 0.0162 0.0162 0.0162 0.0162 0.0162 0.0162 
TS06 0.0178 0.0178 0.0178 0.0178 0.0178 0.0178 0.0178 0.0178 0.0178 0.0178 0.0178 0.0178 0.0178 0.0178 0.0178 0.0178 0.0178 0.0178 0.0178 0.0178 0.0178 0.0178 0.0178 0.0178 0.0178 0.0178 0.0178 0.0178 0.0178 0.0178 0.0178 0.0178 
TS07 0.0158 0.0158 0.0158 0.0158 0.0158 0.0158 0.0158 0.0158 0.0158 0.0158 0.0158 0.0158 0.0158 0.0158 0.0158 0.0158 0.0158 0.0158 0.0158 0.0158 0.0158 0.0158 0.0158 0.0158 0.0158 0.0158 0.0158 0.0158 0.0158 0.0158 0.0158 0.0158 
TS08 0.0097 0.0097 0.0097 0.0097 0.0097 0.0097 0.0097 0.0097 0.0097 0.0097 0.0097 0.0097 0.0097 0.0097 0.0097 0.0097 0.0097 0.0097 0.0097 0.0097 0.0097 0.0097 0.0097 0.0097 0.0097 0.0097 0.0097 0.0097 0.0097 0.0097 0.0097 0.0097 
TS09 0.0193 0.0193 0.0193 0.0193 0.0193 0.0193 0.0193 0.0193 0.0193 0.0193 0.0193 0.0193 0.0193 0.0193 0.0193 0.0193 0.0193 0.0193 0.0193 0.0193 0.0193 0.0193 0.0193 0.0193 0.0193 0.0193 0.0193 0.0193 0.0193 0.0193 0.0193 0.0193 
TS10 0.0146 0.0146 0.0146 0.0146 0.0146 0.0146 0.0146 0.0146 0.0146 0.0146 0.0146 0.0146 0.0146 0.0146 0.0146 0.0146 0.0146 0.0146 0.0146 0.0146 0.0146 0.0146 0.0146 0.0146 0.0146 0.0146 0.0146 0.0146 0.0146 0.0146 0.0146 0.0146 
TS11 0.0068 0.0068 0.0068 0.0068 0.0068 0.0068 0.0068 0.0068 0.0068 0.0068 0.0068 0.0068 0.0068 0.0068 0.0068 0.0068 0.0068 0.0068 0.0068 0.0068 0.0068 0.0068 0.0068 0.0068 0.0068 0.0068 0.0068 0.0068 0.0068 0.0068 0.0068 0.0068 
TS12 0.0076 0.0076 0.0076 0.0076 0.0076 0.0076 0.0076 0.0076 0.0076 0.0076 0.0076 0.0076 0.0076 0.0076 0.0076 0.0076 0.0076 0.0076 0.0076 0.0076 0.0076 0.0076 0.0076 0.0076 0.0076 0.0076 0.0076 0.0076 0.0076 0.0076 0.0076 0.0076 
TS13 0.0242 0.0242 0.0242 0.0242 0.0242 0.0242 0.0242 0.0242 0.0242 0.0242 0.0242 0.0242 0.0242 0.0242 0.0242 0.0242 0.0242 0.0242 0.0242 0.0242 0.0242 0.0242 0.0242 0.0242 0.0242 0.0242 0.0242 0.0242 0.0242 0.0242 0.0242 0.0242 
TS14 0.0158 0.0158 0.0158 0.0158 0.0158 0.0158 0.0158 0.0158 0.0158 0.0158 0.0158 0.0158 0.0158 0.0158 0.0158 0.0158 0.0158 0.0158 0.0158 0.0158 0.0158 0.0158 0.0158 0.0158 0.0158 0.0158 0.0158 0.0158 0.0158 0.0158 0.0158 0.0158 
TS15 0.0314 0.0314 0.0314 0.0314 0.0314 0.0314 0.0314 0.0314 0.0314 0.0314 0.0314 0.0314 0.0314 0.0314 0.0314 0.0314 0.0314 0.0314 0.0314 0.0314 0.0314 0.0314 0.0314 0.0314 0.0314 0.0314 0.0314 0.0314 0.0314 0.0314 0.0314 0.0314 
TS16 0.0237 0.0237 0.0237 0.0237 0.0237 0.0237 0.0237 0.0237 0.0237 0.0237 0.0237 0.0237 0.0237 0.0237 0.0237 0.0237 0.0237 0.0237 0.0237 0.0237 0.0237 0.0237 0.0237 0.0237 0.0237 0.0237 0.0237 0.0237 0.0237 0.0237 0.0237 0.0237 
TS17 0.0108 0.0108 0.0108 0.0108 0.0108 0.0108 0.0108 0.0108 0.0108 0.0108 0.0108 0.0108 0.0108 0.0108 0.0108 0.0108 0.0108 0.0108 0.0108 0.0108 0.0108 0.0108 0.0108 0.0108 0.0108 0.0108 0.0108 0.0108 0.0108 0.0108 0.0108 0.0108 
TS18 0.012 0.012 0.012 0.012 0.012 0.012 0.012 0.012 0.012 0.012 0.012 0.012 0.012 0.012 0.012 0.012 0.012 0.012 0.012 0.012 0.012 0.012 0.012 0.012 0.012 0.012 0.012 0.012 0.012 0.012 0.012 0.012 
TS19 0.0091 0.0091 0.0091 0.0091 0.0091 0.0091 0.0091 0.0091 0.0091 0.0091 0.0091 0.0091 0.0091 0.0091 0.0091 0.0091 0.0091 0.0091 0.0091 0.0091 0.0091 0.0091 0.0091 0.0091 0.0091 0.0091 0.0091 0.0091 0.0091 0.0091 0.0091 0.0091 
TS20 0.006 0.006 0.006 0.006 0.006 0.006 0.006 0.006 0.006 0.006 0.006 0.006 0.006 0.006 0.006 0.006 0.006 0.006 0.006 0.006 0.006 0.006 0.006 0.006 0.006 0.006 0.006 0.006 0.006 0.006 0.006 0.006 
TS21 0.012 0.012 0.012 0.012 0.012 0.012 0.012 0.012 0.012 0.012 0.012 0.012 0.012 0.012 0.012 0.012 0.012 0.012 0.012 0.012 0.012 0.012 0.012 0.012 0.012 0.012 0.012 0.012 0.012 0.012 0.012 0.012 
TS22 0.009 0.009 0.009 0.009 0.009 0.009 0.009 0.009 0.009 0.009 0.009 0.009 0.009 0.009 0.009 0.009 0.009 0.009 0.009 0.009 0.009 0.009 0.009 0.009 0.009 0.009 0.009 0.009 0.009 0.009 0.009 0.009 
TS23 0.0041 0.0041 0.0041 0.0041 0.0041 0.0041 0.0041 0.0041 0.0041 0.0041 0.0041 0.0041 0.0041 0.0041 0.0041 0.0041 0.0041 0.0041 0.0041 0.0041 0.0041 0.0041 0.0041 0.0041 0.0041 0.0041 0.0041 0.0041 0.0041 0.0041 0.0041 0.0041 
TS24 0.0045 0.0045 0.0045 0.0045 0.0045 0.0045 0.0045 0.0045 0.0045 0.0045 0.0045 0.0045 0.0045 0.0045 0.0045 0.0045 0.0045 0.0045 0.0045 0.0045 0.0045 0.0045 0.0045 0.0045 0.0045 0.0045 0.0045 0.0045 0.0045 0.0045 0.0045 0.0045 
TS25 0.049 0.049 0.049 0.049 0.049 0.049 0.049 0.049 0.049 0.049 0.049 0.049 0.049 0.049 0.049 0.049 0.049 0.049 0.049 0.049 0.049 0.049 0.049 0.049 0.049 0.049 0.049 0.049 0.049 0.049 0.049 0.049 
TS26 0.0318 0.0318 0.0318 0.0318 0.0318 0.0318 0.0318 0.0318 0.0318 0.0318 0.0318 0.0318 0.0318 0.0318 0.0318 0.0318 0.0318 0.0318 0.0318 0.0318 0.0318 0.0318 0.0318 0.0318 0.0318 0.0318 0.0318 0.0318 0.0318 0.0318 0.0318 0.0318 
TS27 0.0623 0.0623 0.0623 0.0623 0.0623 0.0623 0.0623 0.0623 0.0623 0.0623 0.0623 0.0623 0.0623 0.0623 0.0623 0.0623 0.0623 0.0623 0.0623 0.0623 0.0623 0.0623 0.0623 0.0623 0.0623 0.0623 0.0623 0.0623 0.0623 0.0623 0.0623 0.0623 
TS28 0.0475 0.0475 0.0475 0.0475 0.0475 0.0475 0.0475 0.0475 0.0475 0.0475 0.0475 0.0475 0.0475 0.0475 0.0475 0.0475 0.0475 0.0475 0.0475 0.0475 0.0475 0.0475 0.0475 0.0475 0.0475 0.0475 0.0475 0.0475 0.0475 0.0475 0.0475 0.0475 
TS29 0.0216 0.0216 0.0216 0.0216 0.0216 0.0216 0.0216 0.0216 0.0216 0.0216 0.0216 0.0216 0.0216 0.0216 0.0216 0.0216 0.0216 0.0216 0.0216 0.0216 0.0216 0.0216 0.0216 0.0216 0.0216 0.0216 0.0216 0.0216 0.0216 0.0216 0.0216 0.0216 
TS30 0.0238 0.0238 0.0238 0.0238 0.0238 0.0238 0.0238 0.0238 0.0238 0.0238 0.0238 0.0238 0.0238 0.0238 0.0238 0.0238 0.0238 0.0238 0.0238 0.0238 0.0238 0.0238 0.0238 0.0238 0.0238 0.0238 0.0238 0.0238 0.0238 0.0238 0.0238 0.0238 
TS31 0.0216 0.0216 0.0216 0.0216 0.0216 0.0216 0.0216 0.0216 0.0216 0.0216 0.0216 0.0216 0.0216 0.0216 0.0216 0.0216 0.0216 0.0216 0.0216 0.0216 0.0216 0.0216 0.0216 0.0216 0.0216 0.0216 0.0216 0.0216 0.0216 0.0216 0.0216 0.0216 
TS32 0.0137 0.0137 0.0137 0.0137 0.0137 0.0137 0.0137 0.0137 0.0137 0.0137 0.0137 0.0137 0.0137 0.0137 0.0137 0.0137 0.0137 0.0137 0.0137 0.0137 0.0137 0.0137 0.0137 0.0137 0.0137 0.0137 0.0137 0.0137 0.0137 0.0137 0.0137 0.0137 
TS33 0.0271 0.0271 0.0271 0.0271 0.0271 0.0271 0.0271 0.0271 0.0271 0.0271 0.0271 0.0271 0.0271 0.0271 0.0271 0.0271 0.0271 0.0271 0.0271 0.0271 0.0271 0.0271 0.0271 0.0271 0.0271 0.0271 0.0271 0.0271 0.0271 0.0271 0.0271 0.0271 
TS34 0.0207 0.0207 0.0207 0.0207 0.0207 0.0207 0.0207 0.0207 0.0207 0.0207 0.0207 0.0207 0.0207 0.0207 0.0207 0.0207 0.0207 0.0207 0.0207 0.0207 0.0207 0.0207 0.0207 0.0207 0.0207 0.0207 0.0207 0.0207 0.0207 0.0207 0.0207 0.0207 
TS35 0.0093 0.0093 0.0093 0.0093 0.0093 0.0093 0.0093 0.0093 0.0093 0.0093 0.0093 0.0093 0.0093 0.0093 0.0093 0.0093 0.0093 0.0093 0.0093 0.0093 0.0093 0.0093 0.0093 0.0093 0.0093 0.0093 0.0093 0.0093 0.0093 0.0093 0.0093 0.0093 
TS36 0.0102 0.0102 0.0102 0.0102 0.0102 0.0102 0.0102 0.0102 0.0102 0.0102 0.0102 0.0102 0.0102 0.0102 0.0102 0.0102 0.0102 0.0102 0.0102 0.0102 0.0102 0.0102 0.0102 0.0102 0.0102 0.0102 0.0102 0.0102 0.0102 0.0102 0.0102 0.0102 
TS37 0.0374 0.0374 0.0374 0.0374 0.0374 0.0374 0.0374 0.0374 0.0374 0.0374 0.0374 0.0374 0.0374 0.0374 0.0374 0.0374 0.0374 0.0374 0.0374 0.0374 0.0374 0.0374 0.0374 0.0374 0.0374 0.0374 0.0374 0.0374 0.0374 0.0374 0.0374 0.0374 
TS38 0.0237 0.0237 0.0237 0.0237 0.0237 0.0237 0.0237 0.0237 0.0237 0.0237 0.0237 0.0237 0.0237 0.0237 0.0237 0.0237 0.0237 0.0237 0.0237 0.0237 0.0237 0.0237 0.0237 0.0237 0.0237 0.0237 0.0237 0.0237 0.0237 0.0237 0.0237 0.0237 
TS39 0.0471 0.0471 0.0471 0.0471 0.0471 0.0471 0.0471 0.0471 0.0471 0.0471 0.0471 0.0471 0.0471 0.0471 0.0471 0.0471 0.0471 0.0471 0.0471 0.0471 0.0471 0.0471 0.0471 0.0471 0.0471 0.0471 0.0471 0.0471 0.0471 0.0471 0.0471 0.0471 
TS40 0.0363 0.0363 0.0363 0.0363 0.0363 0.0363 0.0363 0.0363 0.0363 0.0363 0.0363 0.0363 0.0363 0.0363 0.0363 0.0363 0.0363 0.0363 0.0363 0.0363 0.0363 0.0363 0.0363 0.0363 0.0363 0.0363 0.0363 0.0363 0.0363 0.0363 0.0363 0.0363 
TS41 0.0166 0.0166 0.0166 0.0166 0.0166 0.0166 0.0166 0.0166 0.0166 0.0166 0.0166 0.0166 0.0166 0.0166 0.0166 0.0166 0.0166 0.0166 0.0166 0.0166 0.0166 0.0166 0.0166 0.0166 0.0166 0.0166 0.0166 0.0166 0.0166 0.0166 0.0166 0.0166 
TS42 0.0185 0.0185 0.0185 0.0185 0.0185 0.0185 0.0185 0.0185 0.0185 0.0185 0.0185 0.0185 0.0185 0.0185 0.0185 0.0185 0.0185 0.0185 0.0185 0.0185 0.0185 0.0185 0.0185 0.0185 0.0185 0.0185 0.0185 0.0185 0.0185 0.0185 0.0185 0.0185 
TS43 0.0155 0.0155 0.0155 0.0155 0.0155 0.0155 0.0155 0.0155 0.0155 0.0155 0.0155 0.0155 0.0155 0.0155 0.0155 0.0155 0.0155 0.0155 0.0155 0.0155 0.0155 0.0155 0.0155 0.0155 0.0155 0.0155 0.0155 0.0155 0.0155 0.0155 0.0155 0.0155 
TS44 0.0097 0.0097 0.0097 0.0097 0.0097 0.0097 0.0097 0.0097 0.0097 0.0097 0.0097 0.0097 0.0097 0.0097 0.0097 0.0097 0.0097 0.0097 0.0097 0.0097 0.0097 0.0097 0.0097 0.0097 0.0097 0.0097 0.0097 0.0097 0.0097 0.0097 0.0097 0.0097 
TS45 0.0194 0.0194 0.0194 0.0194 0.0194 0.0194 0.0194 0.0194 0.0194 0.0194 0.0194 0.0194 0.0194 0.0194 0.0194 0.0194 0.0194 0.0194 0.0194 0.0194 0.0194 0.0194 0.0194 0.0194 0.0194 0.0194 0.0194 0.0194 0.0194 0.0194 0.0194 0.0194 
TS46 0.015 0.015 0.015 0.015 0.015 0.015 0.015 0.015 0.015 0.015 0.015 0.015 0.015 0.015 0.015 0.015 0.015 0.015 0.015 0.015 0.015 0.015 0.015 0.015 0.015 0.015 0.015 0.015 0.015 0.015 0.015 0.015 
TS47 0.0068 0.0068 0.0068 0.0068 0.0068 0.0068 0.0068 0.0068 0.0068 0.0068 0.0068 0.0068 0.0068 0.0068 0.0068 0.0068 0.0068 0.0068 0.0068 0.0068 0.0068 0.0068 0.0068 0.0068 0.0068 0.0068 0.0068 0.0068 0.0068 0.0068 0.0068 0.0068 
TS48 0.0076 0.0076 0.0076 0.0076 0.0076 0.0076 0.0076 0.0076 0.0076 0.0076 0.0076 0.0076 0.0076 0.0076 0.0076 0.0076 0.0076 0.0076 0.0076 0.0076 0.0076 0.0076 0.0076 0.0076 0.0076 0.0076 0.0076 0.0076 0.0076 0.0076 0.0076 0.0076 
;

param EmissionActivityRatio default 0.0 :=
[RE1,PWRCOA001,CO2,*,*]:
2019 2020 2021 2022 2023 2024 2025 2026 2027 2028 2029 2030 2031 2032 2033 2034 2035 2036 2037 2038 2039 2040 2041 2042 2043 2044 2045 2046 2047 2048 2049 2050 :=
1 0.245 0.245 0.245 0.245 0.245 0.245 0.245 0.245 0.245 0.245 0.245 0.245 0.245 0.245 0.245 0.245 0.245 0.245 0.245 0.245 0.245 0.245 0.245 0.245 0.245 0.245 0.245 0.245 0.245 0.245 0.245 0.245 
[RE1,PWRNGS001,CO2,*,*]:
2019 2020 2021 2022 2023 2024 2025 2026 2027 2028 2029 2030 2031 2032 2033 2034 2035 2036 2037 2038 2039 2040 2041 2042 2043 2044 2045 2046 2047 2048 2049 2050 :=
1 0.166 0.166 0.166 0.166 0.166 0.166 0.166 0.166 0.166 0.166 0.166 0.166 0.166 0.166 0.166 0.166 0.166 0.166 0.166 0.166 0.166 0.166 0.166 0.166 0.166 0.166 0.166 0.166 0.166 0.166 0.166 0.166 
[RE1,PWRBIO001,CO2,*,*]:
2019 2020 2021 2022 2023 2024 2025 2026 2027 2028 2029 2030 2031 2032 2033 2034 2035 2036 2037 2038 2039 2040 2041 2042 2043 2044 2045 2046 2047 2048 2049 2050 :=
1 0.166 0.166 0.166 0.166 0.166 0.166 0.166 0.166 0.166 0.166 0.166 0.166 0.166 0.166 0.166 0.166 0.166 0.166 0.166 0.166 0.166 0.166 0.166 0.166 0.166 0.166 0.166 0.166 0.166 0.166 0.166 0.166 
[RE1,PWRHFO001,CO2,*,*]:
2019 2020 2021 2022 2023 2024 2025 2026 2027 2028 2029 2030 2031 2032 2033 2034 2035 2036 2037 2038 2039 2040 2041 2042 2043 2044 2045 2046 2047 2048 2049 2050 :=
1 0.191 0.191 0.191 0.191 0.191 0.191 0.191 0.191 0.191 0.191 0.191 0.191 0.191 0.191 0.191 0.191 0.191 0.191 0.191 0.191 0.191 0.191 0.191 0.191 0.191 0.191 0.191 0.191 0.191 0.191 0.191 0.191 
[RE1,PWRLFO001,CO2,*,*]:
2019 2020 2021 2022 2023 2024 2025 2026 2027 2028 2029 2030 2031 2032 2033 2034 2035 2036 2037 2038 2039 2040 2041 2042 2043 2044 2045 2046 2047 2048 2049 2050 :=
1 0.252 0.252 0.252 0.252 0.252 0.252 0.252 0.252 0.252 0.252 0.252 0.252 0.252 0.252 0.252 0.252 0.252 0.252 0.252 0.252 0.252 0.252 0.252 0.252 0.252 0.252 0.252 0.252 0.252 0.252 0.252 0.252 
;

param ReserveMargin default 0.0 :
2019 2020 2021 2022 2023 2024 2025 2026 2027 2028 2029 2030 2031 2032 2033 2034 2035 2036 2037 2038 2039 2040 2041 2042 2043 2044 2045 2046 2047 2048 2049 2050 :=
RE1 1.09 1.09 1.09 1.09 1.09 1.09 1.09 1.09 1.09 1.09 1.09 1.09 1.09 1.09 1.09 1.09 1.09 1.09 1.09 1.09 1.09 1.09 1.09 1.09 1.09 1.09 1.09 1.09 1.09 1.09 1.09 1.09 
;

param ReserveMarginTagFuel default 0.0 :=
[RE1,*,*]:
2019 2020 2021 2022 2023 2024 2025 2026 2027 2028 2029 2030 2031 2032 2033 2034 2035 2036 2037 2038 2039 2040 2041 2042 2043 2044 2045 2046 2047 2048 2049 2050 :=
ELC001 1 1 1 1 1 1 1 1 1 1 1 1 1 1 1 1 1 1 1 1 1 1 1 1 1 1 1 1 1 1 1 1 
;

param ReserveMarginTagTechnology default 0.0 :=
[RE1,*,*]:
2019 2020 2021 2022 2023 2024 2025 2026 2027 2028 2029 2030 2031 2032 2033 2034 2035 2036 2037 2038 2039 2040 2041 2042 2043 2044 2045 2046 2047 2048 2049 2050 :=
BACKSTOP 1 1 1 1 1 1 1 1 1 1 1 1 1 1 1 1 1 1 1 1 1 1 1 1 1 1 1 1 1 1 1 1 
BESS_TECH 0.75 0.75 0.75 0.75 0.75 0.75 0.75 0.75 0.75 0.75 0.75 0.75 0.75 0.75 0.75 0.75 0.75 0.75 0.75 0.75 0.75 0.75 0.75 0.75 0.75 0.75 0.75 0.75 0.75 0.75 0.75 0.75 
PWRBIO001 1 1 1 1 1 1 1 1 1 1 1 1 1 1 1 1 1 1 1 1 1 1 1 1 1 1 1 1 1 1 1 1 
PWRCOA001 1 1 1 1 1 1 1 1 1 1 1 1 1 1 1 1 1 1 1 1 1 1 1 1 1 1 1 1 1 1 1 1 
PWRGEO001 1 1 1 1 1 1 1 1 1 1 1 1 1 1 1 1 1 1 1 1 1 1 1 1 1 1 1 1 1 1 1 1 
PWRGEO002 1 1 1 1 1 1 1 1 1 1 1 1 1 1 1 1 1 1 1 1 1 1 1 1 1 1 1 1 1 1 1 1 
PWRGEO003 1 1 1 1 1 1 1 1 1 1 1 1 1 1 1 1 1 1 1 1 1 1 1 1 1 1 1 1 1 1 1 1 
PWRGEO004 1 1 1 1 1 1 1 1 1 1 1 1 1 1 1 1 1 1 1 1 1 1 1 1 1 1 1 1 1 1 1 1 
PWRGEO005 1 1 1 1 1 1 1 1 1 1 1 1 1 1 1 1 1 1 1 1 1 1 1 1 1 1 1 1 1 1 1 1 
PWRGEO006 1 1 1 1 1 1 1 1 1 1 1 1 1 1 1 1 1 1 1 1 1 1 1 1 1 1 1 1 1 1 1 1 
PWRGEO007 1 1 1 1 1 1 1 1 1 1 1 1 1 1 1 1 1 1 1 1 1 1 1 1 1 1 1 1 1 1 1 1 
PWRHFO001 1 1 1 1 1 1 1 1 1 1 1 1 1 1 1 1 1 1 1 1 1 1 1 1 1 1 1 1 1 1 1 1 
PWRHYD002 1 1 1 1 1 1 1 1 1 1 1 1 1 1 1 1 1 1 1 1 1 1 1 1 1 1 1 1 1 1 1 1 
PWRHYD003 1 1 1 1 1 1 1 1 1 1 1 1 1 1 1 1 1 1 1 1 1 1 1 1 1 1 1 1 1 1 1 1 
PWRHYD004 1 1 1 1 1 1 1 1 1 1 1 1 1 1 1 1 1 1 1 1 1 1 1 1 1 1 1 1 1 1 1 1 
PWRHYD005 1 1 1 1 1 1 1 1 1 1 1 1 1 1 1 1 1 1 1 1 1 1 1 1 1 1 1 1 1 1 1 1 
PWRLFO001 1 1 1 1 1 1 1 1 1 1 1 1 1 1 1 1 1 1 1 1 1 1 1 1 1 1 1 1 1 1 1 1 
PWRNGS001 1 1 1 1 1 1 1 1 1 1 1 1 1 1 1 1 1 1 1 1 1 1 1 1 1 1 1 1 1 1 1 1 
PWRPHS001 0.75 0.75 0.75 0.75 0.75 0.75 0.75 0.75 0.75 0.75 0.75 0.75 0.75 0.75 0.75 0.75 0.75 0.75 0.75 0.75 0.75 0.75 0.75 0.75 0.75 0.75 0.75 0.75 0.75 0.75 0.75 0.75 
PWRPHS002 0.75 0.75 0.75 0.75 0.75 0.75 0.75 0.75 0.75 0.75 0.75 0.75 0.75 0.75 0.75 0.75 0.75 0.75 0.75 0.75 0.75 0.75 0.75 0.75 0.75 0.75 0.75 0.75 0.75 0.75 0.75 0.75 
PWRURN001 1 1 1 1 1 1 1 1 1 1 1 1 1 1 1 1 1 1 1 1 1 1 1 1 1 1 1 1 1 1 1 1 
;

param UDCMultiplierActivity default 0.0 :=
[RE1,PWRNGS001,*,*]:
2019 2020 2021 2022 2023 2024 2025 2026 2027 2028 2029 2030 2031 2032 2033 2034 2035 2036 2037 2038 2039 2040 2041 2042 2043 2044 2045 2046 2047 2048 2049 2050 :=
GasMinUsage -1 -1 -1 -1 -1 -1 -1 -1 -1 -1 -1 -1 -1 -1 -1 -1 -1 -1 -1 -1 -1 -1 -1 -1 -1 -1 -1 -1 -1 -1 -1 -1 
;

param UDCMultiplierTotalCapacity default 0.0 :=
[RE1,PWRNGS001,*,*]:
2019 2020 2021 2022 2023 2024 2025 2026 2027 2028 2029 2030 2031 2032 2033 2034 2035 2036 2037 2038 2039 2040 2041 2042 2043 2044 2045 2046 2047 2048 2049 2050 :=
GasMinUsage 0.7884 0.7884 0.7884 0.7884 0.7884 0.7884 0.7884 0.7884 0.7884 0.7884 0.7884 0.7884 0.7884 0.7884 0.7884 0.7884 0.7884 0.7884 0.7884 0.7884 0.7884 0.7884 0.7884 0.7884 0.7884 0.7884 0.7884 0.7884 0.7884 0.7884 0.7884 0.7884 
;

param UDCTag default -1.0 :
GasMinUsage :=
RE1 0 
;

param AccumulatedAnnualDemand default 0 :=
;
param AnnualEmissionLimit default 999999 :=
;
param CapacityOfOneTechnologyUnit default 0 :=
;
param DaysInDayType default 1 :=
;
param EmissionToActivityChangeRatio default 0 :=
;
param EmissionsPenalty default 0 :=
;
param InputToNewCapacityRatio default 0 :=
;
param InputToTotalCapacityRatio default 0 :=
;
param MinStorageCharge default 0 :=
;
param ResidualStorageCapacity default 0 :=
;
param TechnologyActivityByModeLowerLimit default 0 :=
;
param TechnologyActivityByModeUpperLimit default 99999 :=
;
param TechnologyActivityDecreaseByModeLimit default 0 :=
;
param TechnologyActivityIncreaseByModeLimit default 0 :=
;
param TotalAnnualMinCapacityInvestment default 0 :=
;
param TotalTechnologyAnnualActivityLowerLimit default 0 :=
;
param TotalTechnologyAnnualActivityUpperLimit default 999999 :=
;
param TradeRoute default 0 :=
;
param UDCConstant default 0 :=
;
param UDCMultiplierNewCapacity default 0 :=
;
#
end;
