###############
#    Sets     #
###############
#
set YEAR := 2019 2020 2021 2022 2023 2024 2025 2026 2027 2028 2029 2030 2031 2032 2033 2034 2035 2036 2037 2038 2039 2040 2041 2042 2043 2044 2045 2046 2047 2048 2049 2050 ;
set TECHNOLOGY := BACKSTOP BESS_TECH DEMCOMELC DEMINDELC DEMRESELC EXPELC IMPBIO IMPCOA IMPELC001 IMPELC002 IMPHFOMOM IMPHFONAI IMPLFOELD IMPNGS IMPURN MINBIO MINCOA MINGEO MINHYD MINSOL MINWND PWRBIO001 PWRCOA001 PWRDIST PWRGEO001 PWRGEO002 PWRGEO003 PWRGEO004 PWRGEO005 PWRGEO006 PWRGEO007 PWRHFO001 PWRHYD001 PWRHYD002 PWRHYD003 PWRHYD004 PWRHYD005 PWRLFO001 PWRNGS001 PWRPHS001 PWRPHS002 PWRSOL001 PWRSOL002 PWRTRN PWRURN001 PWRWND001 PWRWND002 PWRWND003 PWRWND004 PWRWND005 PWRWND006 PWRWND007 PWRWND008 PWRWND009 PWRWND010 PWRWND011 ;
set TIMESLICE := TS01 TS02 TS03 TS04 TS05 TS06 TS07 TS08 TS09 TS10 TS11 TS12 TS13 TS14 TS15 TS16 TS17 TS18 TS19 TS20 TS21 TS22 TS23 TS24 TS25 TS26 TS27 TS28 TS29 TS30 TS31 TS32 TS33 TS34 TS35 TS36 TS37 TS38 TS39 TS40 TS41 TS42 TS43 TS44 TS45 TS46 TS47 TS48 ;
set COMMODITY := BIO COA COADOM COMELC ELC001 ELC002 ELC003 GEO HFOMOM HFONAI HYD INDELC LFOELD NGS RESELC SOL URN WND ;
set EMISSION := CO2 ;
set MODE_OF_OPERATION := 1 2 ;
set REGION := RE1 ;
set SEASON := 1 2 3 4 ;
set DAYTYPE := 1 2 ;
set DAILYTIMEBRACKET := 1 2 3 4 5 6 ;
set STORAGE := BESS001 PHS001 PHS002 ;
set STORAGEINTRADAY := BESS001 ;
set STORAGEINTRAYEAR := PHS001 PHS002 ;
set UDC := GasMinUsage ;

###############
#    Parameters     #
###############
#
param Conversionls default 0.0 :
1 2 3 4 :=
TS01 1 0 0 0 
TS02 1 0 0 0 
TS03 1 0 0 0 
TS04 1 0 0 0 
TS05 1 0 0 0 
TS06 1 0 0 0 
TS07 1 0 0 0 
TS08 1 0 0 0 
TS09 1 0 0 0 
TS10 1 0 0 0 
TS11 1 0 0 0 
TS12 1 0 0 0 
TS13 0 1 0 0 
TS14 0 1 0 0 
TS15 0 1 0 0 
TS16 0 1 0 0 
TS17 0 1 0 0 
TS18 0 1 0 0 
TS19 0 1 0 0 
TS20 0 1 0 0 
TS21 0 1 0 0 
TS22 0 1 0 0 
TS23 0 1 0 0 
TS24 0 1 0 0 
TS25 0 0 1 0 
TS26 0 0 1 0 
TS27 0 0 1 0 
TS28 0 0 1 0 
TS29 0 0 1 0 
TS30 0 0 1 0 
TS31 0 0 1 0 
TS32 0 0 1 0 
TS33 0 0 1 0 
TS34 0 0 1 0 
TS35 0 0 1 0 
TS36 0 0 1 0 
TS37 0 0 0 1 
TS38 0 0 0 1 
TS39 0 0 0 1 
TS40 0 0 0 1 
TS41 0 0 0 1 
TS42 0 0 0 1 
TS43 0 0 0 1 
TS44 0 0 0 1 
TS45 0 0 0 1 
TS46 0 0 0 1 
TS47 0 0 0 1 
TS48 0 0 0 1 
;

param Conversionld default 0.0 :
1 2 :=
TS01 1 0 
TS02 1 0 
TS03 1 0 
TS04 1 0 
TS05 1 0 
TS06 1 0 
TS07 0 1 
TS08 0 1 
TS09 0 1 
TS10 0 1 
TS11 0 1 
TS12 0 1 
TS13 1 0 
TS14 1 0 
TS15 1 0 
TS16 1 0 
TS17 1 0 
TS18 1 0 
TS19 0 1 
TS20 0 1 
TS21 0 1 
TS22 0 1 
TS23 0 1 
TS24 0 1 
TS25 1 0 
TS26 1 0 
TS27 1 0 
TS28 1 0 
TS29 1 0 
TS30 1 0 
TS31 0 1 
TS32 0 1 
TS33 0 1 
TS34 0 1 
TS35 0 1 
TS36 0 1 
TS37 1 0 
TS38 1 0 
TS39 1 0 
TS40 1 0 
TS41 1 0 
TS42 1 0 
TS43 0 1 
TS44 0 1 
TS45 0 1 
TS46 0 1 
TS47 0 1 
TS48 0 1 
;

param Conversionlh default 0.0 :
1 2 3 4 5 6 :=
TS01 1 0 0 0 0 0 
TS02 0 1 0 0 0 0 
TS03 0 0 1 0 0 0 
TS04 0 0 0 1 0 0 
TS05 0 0 0 0 1 0 
TS06 0 0 0 0 0 1 
TS07 1 0 0 0 0 0 
TS08 0 1 0 0 0 0 
TS09 0 0 1 0 0 0 
TS10 0 0 0 1 0 0 
TS11 0 0 0 0 1 0 
TS12 0 0 0 0 0 1 
TS13 1 0 0 0 0 0 
TS14 0 1 0 0 0 0 
TS15 0 0 1 0 0 0 
TS16 0 0 0 1 0 0 
TS17 0 0 0 0 1 0 
TS18 0 0 0 0 0 1 
TS19 1 0 0 0 0 0 
TS20 0 1 0 0 0 0 
TS21 0 0 1 0 0 0 
TS22 0 0 0 1 0 0 
TS23 0 0 0 0 1 0 
TS24 0 0 0 0 0 1 
TS25 1 0 0 0 0 0 
TS26 0 1 0 0 0 0 
TS27 0 0 1 0 0 0 
TS28 0 0 0 1 0 0 
TS29 0 0 0 0 1 0 
TS30 0 0 0 0 0 1 
TS31 1 0 0 0 0 0 
TS32 0 1 0 0 0 0 
TS33 0 0 1 0 0 0 
TS34 0 0 0 1 0 0 
TS35 0 0 0 0 1 0 
TS36 0 0 0 0 0 1 
TS37 1 0 0 0 0 0 
TS38 0 1 0 0 0 0 
TS39 0 0 1 0 0 0 
TS40 0 0 0 1 0 0 
TS41 0 0 0 0 1 0 
TS42 0 0 0 0 0 1 
TS43 1 0 0 0 0 0 
TS44 0 1 0 0 0 0 
TS45 0 0 1 0 0 0 
TS46 0 0 0 1 0 0 
TS47 0 0 0 0 1 0 
TS48 0 0 0 0 0 1 
;

param DiscountRate default 0.05 :=
RE1 0.105 
;

param DiscountRateIdv default 0.05 :=
[RE1,*,*]:
2019 2020 2021 2022 2023 2024 2025 2026 2027 2028 2029 2030 2031 2032 2033 2034 2035 2036 2037 2038 2039 2040 2041 2042 2043 2044 2045 2046 2047 2048 2049 2050 :=
BACKSTOP 99999 99999 99999 99999 99999 99999 99999 99999 99999 99999 99999 99999 99999 99999 99999 99999 99999 99999 99999 99999 99999 99999 99999 99999 99999 99999 99999 99999 99999 99999 99999 99999 
BESS_TECH 0.058 0.058 0.058 0.058 0.058 0.058 0.0575288691 0.0570577381 0.0565866072 0.0561154763 0.0556443454 0.0551732144 0.0547020835 0.0542309526 0.0537598216 0.0532886907 0.0528175598 0.0523464289 0.0518752979 0.051404167 0.0509330361 0.0504619052 0.0499907742 0.0495196433 0.0490485124 0.0485773814 0.0481062505 0.0476351196 0.0471639887 0.0466928577 0.0462217268 0.0457505959 
IMPNGS 0.07 0.07 0.07 0.07 0.07 0.07 0.0694313937 0.0688627874 0.0682941811 0.0677255748 0.0671569685 0.0665883622 0.066019756 0.0654511497 0.0648825434 0.0643139371 0.0637453308 0.0631767245 0.0626081182 0.0620395119 0.0614709056 0.0609022993 0.060333693 0.0597650867 0.0591964804 0.0586278742 0.0580592679 0.0574906616 0.0569220553 0.056353449 0.0557848427 0.0552162364 
PWRBIO001 0.095 0.095 0.095 0.095 0.095 0.095 0.09422832 0.0934566401 0.0926849601 0.0919132801 0.0911416002 0.0903699202 0.0895982402 0.0888265603 0.0880548803 0.0872832003 0.0865115204 0.0857398404 0.0849681604 0.0841964804 0.0834248005 0.0826531205 0.0818814405 0.0811097606 0.0803380806 0.0795664006 0.0787947207 0.0780230407 0.0772513607 0.0764796808 0.0757080008 0.0749363208 
PWRCOA001 0.129 0.129 0.129 0.129 0.129 0.129 0.1279521398 0.1269042797 0.1258564195 0.1248085593 0.1237606992 0.122712839 0.1216649788 0.1206171187 0.1195692585 0.1185213983 0.1174735382 0.116425678 0.1153778178 0.1143299577 0.1132820975 0.1122342373 0.1111863772 0.110138517 0.1090906568 0.1080427967 0.1069949365 0.1059470763 0.1048992162 0.103851356 0.1028034958 0.1017556357 
PWRDIST 0.041 0.041 0.041 0.041 0.041 0.041 0.0406669592 0.0403339183 0.0400008775 0.0396678367 0.0393347959 0.039001755 0.0386687142 0.0383356734 0.0380026325 0.0376695917 0.0373365509 0.0370035101 0.0366704692 0.0363374284 0.0360043876 0.0356713467 0.0353383059 0.0350052651 0.0346722243 0.0343391834 0.0340061426 0.0336731018 0.0333400609 0.0330070201 0.0326739793 0.0323409385 
PWRGEO001 0.095 0.095 0.095 0.095 0.095 0.095 0.09422832 0.0934566401 0.0926849601 0.0919132801 0.0911416002 0.0903699202 0.0895982402 0.0888265603 0.0880548803 0.0872832003 0.0865115204 0.0857398404 0.0849681604 0.0841964804 0.0834248005 0.0826531205 0.0818814405 0.0811097606 0.0803380806 0.0795664006 0.0787947207 0.0780230407 0.0772513607 0.0764796808 0.0757080008 0.0749363208 
PWRGEO002 0.095 0.095 0.095 0.095 0.095 0.095 0.09422832 0.0934566401 0.0926849601 0.0919132801 0.0911416002 0.0903699202 0.0895982402 0.0888265603 0.0880548803 0.0872832003 0.0865115204 0.0857398404 0.0849681604 0.0841964804 0.0834248005 0.0826531205 0.0818814405 0.0811097606 0.0803380806 0.0795664006 0.0787947207 0.0780230407 0.0772513607 0.0764796808 0.0757080008 0.0749363208 
PWRGEO003 0.095 0.095 0.095 0.095 0.095 0.095 0.09422832 0.0934566401 0.0926849601 0.0919132801 0.0911416002 0.0903699202 0.0895982402 0.0888265603 0.0880548803 0.0872832003 0.0865115204 0.0857398404 0.0849681604 0.0841964804 0.0834248005 0.0826531205 0.0818814405 0.0811097606 0.0803380806 0.0795664006 0.0787947207 0.0780230407 0.0772513607 0.0764796808 0.0757080008 0.0749363208 
PWRGEO004 0.095 0.095 0.095 0.095 0.095 0.095 0.09422832 0.0934566401 0.0926849601 0.0919132801 0.0911416002 0.0903699202 0.0895982402 0.0888265603 0.0880548803 0.0872832003 0.0865115204 0.0857398404 0.0849681604 0.0841964804 0.0834248005 0.0826531205 0.0818814405 0.0811097606 0.0803380806 0.0795664006 0.0787947207 0.0780230407 0.0772513607 0.0764796808 0.0757080008 0.0749363208 
PWRGEO005 0.095 0.095 0.095 0.095 0.095 0.095 0.09422832 0.0934566401 0.0926849601 0.0919132801 0.0911416002 0.0903699202 0.0895982402 0.0888265603 0.0880548803 0.0872832003 0.0865115204 0.0857398404 0.0849681604 0.0841964804 0.0834248005 0.0826531205 0.0818814405 0.0811097606 0.0803380806 0.0795664006 0.0787947207 0.0780230407 0.0772513607 0.0764796808 0.0757080008 0.0749363208 
PWRGEO006 0.095 0.095 0.095 0.095 0.095 0.095 0.09422832 0.0934566401 0.0926849601 0.0919132801 0.0911416002 0.0903699202 0.0895982402 0.0888265603 0.0880548803 0.0872832003 0.0865115204 0.0857398404 0.0849681604 0.0841964804 0.0834248005 0.0826531205 0.0818814405 0.0811097606 0.0803380806 0.0795664006 0.0787947207 0.0780230407 0.0772513607 0.0764796808 0.0757080008 0.0749363208 
PWRGEO007 0.095 0.095 0.095 0.095 0.095 0.095 0.09422832 0.0934566401 0.0926849601 0.0919132801 0.0911416002 0.0903699202 0.0895982402 0.0888265603 0.0880548803 0.0872832003 0.0865115204 0.0857398404 0.0849681604 0.0841964804 0.0834248005 0.0826531205 0.0818814405 0.0811097606 0.0803380806 0.0795664006 0.0787947207 0.0780230407 0.0772513607 0.0764796808 0.0757080008 0.0749363208 
PWRHFO001 0.116 0.116 0.116 0.116 0.116 0.116 0.1150577381 0.1141154763 0.1131732144 0.1122309526 0.1112886907 0.1103464289 0.109404167 0.1084619052 0.1075196433 0.1065773814 0.1056351196 0.1046928577 0.1037505959 0.102808334 0.1018660722 0.1009238103 0.0999815485 0.0990392866 0.0980970247 0.0971547629 0.096212501 0.0952702392 0.0943279773 0.0933857155 0.0924434536 0.0915011917 
PWRHYD001 0.075 0.075 0.075 0.075 0.075 0.075 0.074390779 0.0737815579 0.0731723369 0.0725631159 0.0719538949 0.0713446738 0.0707354528 0.0701262318 0.0695170108 0.0689077897 0.0682985687 0.0676893477 0.0670801266 0.0664709056 0.0658616846 0.0652524636 0.0646432425 0.0640340215 0.0634248005 0.0628155795 0.0622063584 0.0615971374 0.0609879164 0.0603786953 0.0597694743 0.0591602533 
PWRHYD002 0.075 0.075 0.075 0.075 0.075 0.075 0.074390779 0.0737815579 0.0731723369 0.0725631159 0.0719538949 0.0713446738 0.0707354528 0.0701262318 0.0695170108 0.0689077897 0.0682985687 0.0676893477 0.0670801266 0.0664709056 0.0658616846 0.0652524636 0.0646432425 0.0640340215 0.0634248005 0.0628155795 0.0622063584 0.0615971374 0.0609879164 0.0603786953 0.0597694743 0.0591602533 
PWRHYD003 0.075 0.075 0.075 0.075 0.075 0.075 0.074390779 0.0737815579 0.0731723369 0.0725631159 0.0719538949 0.0713446738 0.0707354528 0.0701262318 0.0695170108 0.0689077897 0.0682985687 0.0676893477 0.0670801266 0.0664709056 0.0658616846 0.0652524636 0.0646432425 0.0640340215 0.0634248005 0.0628155795 0.0622063584 0.0615971374 0.0609879164 0.0603786953 0.0597694743 0.0591602533 
PWRHYD004 0.075 0.075 0.075 0.075 0.075 0.075 0.074390779 0.0737815579 0.0731723369 0.0725631159 0.0719538949 0.0713446738 0.0707354528 0.0701262318 0.0695170108 0.0689077897 0.0682985687 0.0676893477 0.0670801266 0.0664709056 0.0658616846 0.0652524636 0.0646432425 0.0640340215 0.0634248005 0.0628155795 0.0622063584 0.0615971374 0.0609879164 0.0603786953 0.0597694743 0.0591602533 
PWRHYD005 0.075 0.075 0.075 0.075 0.075 0.075 0.074390779 0.0737815579 0.0731723369 0.0725631159 0.0719538949 0.0713446738 0.0707354528 0.0701262318 0.0695170108 0.0689077897 0.0682985687 0.0676893477 0.0670801266 0.0664709056 0.0658616846 0.0652524636 0.0646432425 0.0640340215 0.0634248005 0.0628155795 0.0622063584 0.0615971374 0.0609879164 0.0603786953 0.0597694743 0.0591602533 
PWRLFO001 0.11 0.11 0.11 0.11 0.11 0.11 0.1091064758 0.1082129517 0.1073194275 0.1064259033 0.1055323791 0.104638855 0.1037453308 0.1028518066 0.1019582824 0.1010647583 0.1001712341 0.0992777099 0.0983841857 0.0974906616 0.0965971374 0.0957036132 0.094810089 0.0939165649 0.0930230407 0.0921295165 0.0912359924 0.0903424682 0.089448944 0.0885554198 0.0876618957 0.0867683715 
PWRNGS001 0.116 0.116 0.116 0.116 0.116 0.116 0.1150577381 0.1141154763 0.1131732144 0.1122309526 0.1112886907 0.1103464289 0.109404167 0.1084619052 0.1075196433 0.1065773814 0.1056351196 0.1046928577 0.1037505959 0.102808334 0.1018660722 0.1009238103 0.0999815485 0.0990392866 0.0980970247 0.0971547629 0.096212501 0.0952702392 0.0943279773 0.0933857155 0.0924434536 0.0915011917 
PWRPHS001 0.075 0.075 0.075 0.075 0.075 0.075 0.074390779 0.0737815579 0.0731723369 0.0725631159 0.0719538949 0.0713446738 0.0707354528 0.0701262318 0.0695170108 0.0689077897 0.0682985687 0.0676893477 0.0670801266 0.0664709056 0.0658616846 0.0652524636 0.0646432425 0.0640340215 0.0634248005 0.0628155795 0.0622063584 0.0615971374 0.0609879164 0.0603786953 0.0597694743 0.0591602533 
PWRPHS002 0.075 0.075 0.075 0.075 0.075 0.075 0.074390779 0.0737815579 0.0731723369 0.0725631159 0.0719538949 0.0713446738 0.0707354528 0.0701262318 0.0695170108 0.0689077897 0.0682985687 0.0676893477 0.0670801266 0.0664709056 0.0658616846 0.0652524636 0.0646432425 0.0640340215 0.0634248005 0.0628155795 0.0622063584 0.0615971374 0.0609879164 0.0603786953 0.0597694743 0.0591602533 
PWRSOL001 0.037 0.037 0.037 0.037 0.037 0.037 0.036699451 0.0363989019 0.0360983529 0.0357978038 0.0354972548 0.0351967058 0.0348961567 0.0345956077 0.0342950586 0.0339945096 0.0336939606 0.0333934115 0.0330928625 0.0327923134 0.0324917644 0.0321912154 0.0318906663 0.0315901173 0.0312895682 0.0309890192 0.0306884702 0.0303879211 0.0300873721 0.029786823 0.029486274 0.029185725 
PWRSOL002 0.037 0.037 0.037 0.037 0.037 0.037 0.036699451 0.0363989019 0.0360983529 0.0357978038 0.0354972548 0.0351967058 0.0348961567 0.0345956077 0.0342950586 0.0339945096 0.0336939606 0.0333934115 0.0330928625 0.0327923134 0.0324917644 0.0321912154 0.0318906663 0.0315901173 0.0312895682 0.0309890192 0.0306884702 0.0303879211 0.0300873721 0.029786823 0.029486274 0.029185725 
PWRTRN 0.046 0.046 0.046 0.046 0.046 0.046 0.0456263444 0.0452526889 0.0448790333 0.0445053777 0.0441317222 0.0437580666 0.0433844111 0.0430107555 0.0426370999 0.0422634444 0.0418897888 0.0415161332 0.0411424777 0.0407688221 0.0403951665 0.040021511 0.0396478554 0.0392741999 0.0389005443 0.0385268887 0.0381532332 0.0377795776 0.037405922 0.0370322665 0.0366586109 0.0362849553 
PWRURN001 0.087 0.087 0.087 0.087 0.087 0.087 0.0862933036 0.0855866072 0.0848799108 0.0841732144 0.083466518 0.0827598216 0.0820531253 0.0813464289 0.0806397325 0.0799330361 0.0792263397 0.0785196433 0.0778129469 0.0771062505 0.0763995541 0.0756928577 0.0749861613 0.0742794649 0.0735727686 0.0728660722 0.0721593758 0.0714526794 0.070745983 0.0700392866 0.0693325902 0.0686258938 
PWRWND001 0.055 0.055 0.055 0.055 0.055 0.055 0.0545532379 0.0541064758 0.0536597137 0.0532129517 0.0527661896 0.0523194275 0.0518726654 0.0514259033 0.0509791412 0.0505323791 0.050085617 0.049638855 0.0491920929 0.0487453308 0.0482985687 0.0478518066 0.0474050445 0.0469582824 0.0465115204 0.0460647583 0.0456179962 0.0451712341 0.044724472 0.0442777099 0.0438309478 0.0433841857 
PWRWND002 0.055 0.055 0.055 0.055 0.055 0.055 0.0545532379 0.0541064758 0.0536597137 0.0532129517 0.0527661896 0.0523194275 0.0518726654 0.0514259033 0.0509791412 0.0505323791 0.050085617 0.049638855 0.0491920929 0.0487453308 0.0482985687 0.0478518066 0.0474050445 0.0469582824 0.0465115204 0.0460647583 0.0456179962 0.0451712341 0.044724472 0.0442777099 0.0438309478 0.0433841857 
PWRWND003 0.055 0.055 0.055 0.055 0.055 0.055 0.0545532379 0.0541064758 0.0536597137 0.0532129517 0.0527661896 0.0523194275 0.0518726654 0.0514259033 0.0509791412 0.0505323791 0.050085617 0.049638855 0.0491920929 0.0487453308 0.0482985687 0.0478518066 0.0474050445 0.0469582824 0.0465115204 0.0460647583 0.0456179962 0.0451712341 0.044724472 0.0442777099 0.0438309478 0.0433841857 
PWRWND004 0.055 0.055 0.055 0.055 0.055 0.055 0.0545532379 0.0541064758 0.0536597137 0.0532129517 0.0527661896 0.0523194275 0.0518726654 0.0514259033 0.0509791412 0.0505323791 0.050085617 0.049638855 0.0491920929 0.0487453308 0.0482985687 0.0478518066 0.0474050445 0.0469582824 0.0465115204 0.0460647583 0.0456179962 0.0451712341 0.044724472 0.0442777099 0.0438309478 0.0433841857 
PWRWND005 0.055 0.055 0.055 0.055 0.055 0.055 0.0545532379 0.0541064758 0.0536597137 0.0532129517 0.0527661896 0.0523194275 0.0518726654 0.0514259033 0.0509791412 0.0505323791 0.050085617 0.049638855 0.0491920929 0.0487453308 0.0482985687 0.0478518066 0.0474050445 0.0469582824 0.0465115204 0.0460647583 0.0456179962 0.0451712341 0.044724472 0.0442777099 0.0438309478 0.0433841857 
PWRWND006 0.055 0.055 0.055 0.055 0.055 0.055 0.0545532379 0.0541064758 0.0536597137 0.0532129517 0.0527661896 0.0523194275 0.0518726654 0.0514259033 0.0509791412 0.0505323791 0.050085617 0.049638855 0.0491920929 0.0487453308 0.0482985687 0.0478518066 0.0474050445 0.0469582824 0.0465115204 0.0460647583 0.0456179962 0.0451712341 0.044724472 0.0442777099 0.0438309478 0.0433841857 
PWRWND007 0.055 0.055 0.055 0.055 0.055 0.055 0.0545532379 0.0541064758 0.0536597137 0.0532129517 0.0527661896 0.0523194275 0.0518726654 0.0514259033 0.0509791412 0.0505323791 0.050085617 0.049638855 0.0491920929 0.0487453308 0.0482985687 0.0478518066 0.0474050445 0.0469582824 0.0465115204 0.0460647583 0.0456179962 0.0451712341 0.044724472 0.0442777099 0.0438309478 0.0433841857 
PWRWND008 0.055 0.055 0.055 0.055 0.055 0.055 0.0545532379 0.0541064758 0.0536597137 0.0532129517 0.0527661896 0.0523194275 0.0518726654 0.0514259033 0.0509791412 0.0505323791 0.050085617 0.049638855 0.0491920929 0.0487453308 0.0482985687 0.0478518066 0.0474050445 0.0469582824 0.0465115204 0.0460647583 0.0456179962 0.0451712341 0.044724472 0.0442777099 0.0438309478 0.0433841857 
PWRWND009 0.055 0.055 0.055 0.055 0.055 0.055 0.0545532379 0.0541064758 0.0536597137 0.0532129517 0.0527661896 0.0523194275 0.0518726654 0.0514259033 0.0509791412 0.0505323791 0.050085617 0.049638855 0.0491920929 0.0487453308 0.0482985687 0.0478518066 0.0474050445 0.0469582824 0.0465115204 0.0460647583 0.0456179962 0.0451712341 0.044724472 0.0442777099 0.0438309478 0.0433841857 
PWRWND010 0.055 0.055 0.055 0.055 0.055 0.055 0.0545532379 0.0541064758 0.0536597137 0.0532129517 0.0527661896 0.0523194275 0.0518726654 0.0514259033 0.0509791412 0.0505323791 0.050085617 0.049638855 0.0491920929 0.0487453308 0.0482985687 0.0478518066 0.0474050445 0.0469582824 0.0465115204 0.0460647583 0.0456179962 0.0451712341 0.044724472 0.0442777099 0.0438309478 0.0433841857 
PWRWND011 0.055 0.055 0.055 0.055 0.055 0.055 0.0545532379 0.0541064758 0.0536597137 0.0532129517 0.0527661896 0.0523194275 0.0518726654 0.0514259033 0.0509791412 0.0505323791 0.050085617 0.049638855 0.0491920929 0.0487453308 0.0482985687 0.0478518066 0.0474050445 0.0469582824 0.0465115204 0.0460647583 0.0456179962 0.0451712341 0.044724472 0.0442777099 0.0438309478 0.0433841857 
;

param CapacityToActivityUnit default 1.0 :
BACKSTOP BESS_TECH DEMCOMELC DEMINDELC DEMRESELC EXPELC IMPBIO IMPCOA IMPELC001 IMPELC002 IMPHFOMOM IMPHFONAI IMPLFOELD IMPNGS IMPURN MINBIO MINCOA MINGEO MINHYD MINSOL MINWND PWRBIO001 PWRCOA001 PWRDIST PWRGEO001 PWRGEO002 PWRGEO003 PWRGEO004 PWRGEO005 PWRGEO006 PWRGEO007 PWRHFO001 PWRHYD001 PWRHYD002 PWRHYD003 PWRHYD004 PWRHYD005 PWRLFO001 PWRNGS001 PWRPHS001 PWRPHS002 PWRSOL001 PWRSOL002 PWRTRN PWRURN001 PWRWND001 PWRWND002 PWRWND003 PWRWND004 PWRWND005 PWRWND006 PWRWND007 PWRWND008 PWRWND009 PWRWND010 PWRWND011 :=
RE1 31.536 31.536 31.536 31.536 31.536 31.536 1.0 1.0 31.536 31.536 1.0 1.0 1.0 1.0 1.0 1.0 1.0 1.0 1.0 1.0 1.0 31.536 31.536 31.536 31.536 31.536 31.536 31.536 31.536 31.536 31.536 31.536 31.536 31.536 31.536 31.536 31.536 31.536 31.536 31.536 31.536 31.536 31.536 31.536 31.536 31.536 31.536 31.536 31.536 31.536 31.536 31.536 31.536 31.536 31.536 31.536 
;

param OperationalLife default 1.0 :
BACKSTOP BESS_TECH DEMCOMELC DEMINDELC DEMRESELC EXPELC IMPBIO IMPCOA IMPELC001 IMPELC002 IMPHFOMOM IMPHFONAI IMPLFOELD IMPNGS IMPURN MINBIO MINCOA MINGEO MINHYD MINSOL MINWND PWRBIO001 PWRCOA001 PWRDIST PWRGEO001 PWRGEO002 PWRGEO003 PWRGEO004 PWRGEO005 PWRGEO006 PWRGEO007 PWRHFO001 PWRHYD001 PWRHYD002 PWRHYD003 PWRHYD004 PWRHYD005 PWRLFO001 PWRNGS001 PWRPHS001 PWRPHS002 PWRSOL001 PWRSOL002 PWRTRN PWRURN001 PWRWND001 PWRWND002 PWRWND003 PWRWND004 PWRWND005 PWRWND006 PWRWND007 PWRWND008 PWRWND009 PWRWND010 PWRWND011 :=
RE1 1 10 70 70 70 25 1 1 25 25 1 1 1 1 1 1 1 1 1 1 1 30 25 70 25 25 25 25 25 25 25 20 40 40 40 40 40 24 20 40 40 25 25 50 60 20 20 20 20 20 20 20 20 20 20 20 
;

param TotalTechnologyModelPeriodActivityLowerLimit default 0.0 :
BACKSTOP BESS_TECH DEMCOMELC DEMINDELC DEMRESELC EXPELC IMPBIO IMPCOA IMPELC001 IMPELC002 IMPHFOMOM IMPHFONAI IMPLFOELD IMPNGS IMPURN MINBIO MINCOA MINGEO MINHYD MINSOL MINWND PWRBIO001 PWRCOA001 PWRDIST PWRGEO001 PWRGEO002 PWRGEO003 PWRGEO004 PWRGEO005 PWRGEO006 PWRGEO007 PWRHFO001 PWRHYD001 PWRHYD002 PWRHYD003 PWRHYD004 PWRHYD005 PWRLFO001 PWRNGS001 PWRPHS001 PWRPHS002 PWRSOL001 PWRSOL002 PWRTRN PWRURN001 PWRWND001 PWRWND002 PWRWND003 PWRWND004 PWRWND005 PWRWND006 PWRWND007 PWRWND008 PWRWND009 PWRWND010 PWRWND011 :=
RE1 0 0 0 0 0 0 0 0 0 0 0 0 0 0 0 0 0 0 0 0 0 0 0 0 0 0 0 0 0 0 0 0 0 0 0 0 0 0 0 0 0 0 0 0 0 0 0 0 0 0 0 0 0 0 0 0 
;

param TotalTechnologyModelPeriodActivityUpperLimit default 999999.0 :
BACKSTOP BESS_TECH DEMCOMELC DEMINDELC DEMRESELC EXPELC IMPBIO IMPCOA IMPELC001 IMPELC002 IMPHFOMOM IMPHFONAI IMPLFOELD IMPNGS IMPURN MINBIO MINCOA MINGEO MINHYD MINSOL MINWND PWRBIO001 PWRCOA001 PWRDIST PWRGEO001 PWRGEO002 PWRGEO003 PWRGEO004 PWRGEO005 PWRGEO006 PWRGEO007 PWRHFO001 PWRHYD001 PWRHYD002 PWRHYD003 PWRHYD004 PWRHYD005 PWRLFO001 PWRNGS001 PWRPHS001 PWRPHS002 PWRSOL001 PWRSOL002 PWRTRN PWRURN001 PWRWND001 PWRWND002 PWRWND003 PWRWND004 PWRWND005 PWRWND006 PWRWND007 PWRWND008 PWRWND009 PWRWND010 PWRWND011 :=
RE1 999999 999999 999999 999999 999999 999999 999999 999999 999999 999999 999999 999999 999999 999999 999999 999999 999999 999999 999999 999999 999999 999999 999999 999999 999999 999999 999999 999999 999999 999999 999999 999999 999999 999999 999999 999999 999999 999999 999999 999999 999999 999999 999999 999999 999999 999999 999999 999999 999999 999999 999999 999999 999999 999999 999999 999999 
;

param ModelPeriodEmissionLimit default 999999.0 :
CO2 :=
RE1 3000 
;

param YearSplit default 1.0 :
2019 2020 2021 2022 2023 2024 2025 2026 2027 2028 2029 2030 2031 2032 2033 2034 2035 2036 2037 2038 2039 2040 2041 2042 2043 2044 2045 2046 2047 2048 2049 2050 :=
TS01 0.044 0.044 0.044 0.044 0.044 0.044 0.044 0.044 0.044 0.044 0.044 0.044 0.044 0.044 0.044 0.044 0.044 0.044 0.044 0.044 0.044 0.044 0.044 0.044 0.044 0.044 0.044 0.044 0.044 0.044 0.044 0.044 
TS02 0.022 0.022 0.022 0.022 0.022 0.022 0.022 0.022 0.022 0.022 0.022 0.022 0.022 0.022 0.022 0.022 0.022 0.022 0.022 0.022 0.022 0.022 0.022 0.022 0.022 0.022 0.022 0.022 0.022 0.022 0.022 0.022 
TS03 0.044 0.044 0.044 0.044 0.044 0.044 0.044 0.044 0.044 0.044 0.044 0.044 0.044 0.044 0.044 0.044 0.044 0.044 0.044 0.044 0.044 0.044 0.044 0.044 0.044 0.044 0.044 0.044 0.044 0.044 0.044 0.044 
TS04 0.0294 0.0294 0.0294 0.0294 0.0294 0.0294 0.0294 0.0294 0.0294 0.0294 0.0294 0.0294 0.0294 0.0294 0.0294 0.0294 0.0294 0.0294 0.0294 0.0294 0.0294 0.0294 0.0294 0.0294 0.0294 0.0294 0.0294 0.0294 0.0294 0.0294 0.0294 0.0294 
TS05 0.0147 0.0147 0.0147 0.0147 0.0147 0.0147 0.0147 0.0147 0.0147 0.0147 0.0147 0.0147 0.0147 0.0147 0.0147 0.0147 0.0147 0.0147 0.0147 0.0147 0.0147 0.0147 0.0147 0.0147 0.0147 0.0147 0.0147 0.0147 0.0147 0.0147 0.0147 0.0147 
TS06 0.022 0.022 0.022 0.022 0.022 0.022 0.022 0.022 0.022 0.022 0.022 0.022 0.022 0.022 0.022 0.022 0.022 0.022 0.022 0.022 0.022 0.022 0.022 0.022 0.022 0.022 0.022 0.022 0.022 0.022 0.022 0.022 
TS07 0.0176 0.0176 0.0176 0.0176 0.0176 0.0176 0.0176 0.0176 0.0176 0.0176 0.0176 0.0176 0.0176 0.0176 0.0176 0.0176 0.0176 0.0176 0.0176 0.0176 0.0176 0.0176 0.0176 0.0176 0.0176 0.0176 0.0176 0.0176 0.0176 0.0176 0.0176 0.0176 
TS08 0.0088 0.0088 0.0088 0.0088 0.0088 0.0088 0.0088 0.0088 0.0088 0.0088 0.0088 0.0088 0.0088 0.0088 0.0088 0.0088 0.0088 0.0088 0.0088 0.0088 0.0088 0.0088 0.0088 0.0088 0.0088 0.0088 0.0088 0.0088 0.0088 0.0088 0.0088 0.0088 
TS09 0.0176 0.0176 0.0176 0.0176 0.0176 0.0176 0.0176 0.0176 0.0176 0.0176 0.0176 0.0176 0.0176 0.0176 0.0176 0.0176 0.0176 0.0176 0.0176 0.0176 0.0176 0.0176 0.0176 0.0176 0.0176 0.0176 0.0176 0.0176 0.0176 0.0176 0.0176 0.0176 
TS10 0.0117 0.0117 0.0117 0.0117 0.0117 0.0117 0.0117 0.0117 0.0117 0.0117 0.0117 0.0117 0.0117 0.0117 0.0117 0.0117 0.0117 0.0117 0.0117 0.0117 0.0117 0.0117 0.0117 0.0117 0.0117 0.0117 0.0117 0.0117 0.0117 0.0117 0.0117 0.0117 
TS11 0.0059 0.0059 0.0059 0.0059 0.0059 0.0059 0.0059 0.0059 0.0059 0.0059 0.0059 0.0059 0.0059 0.0059 0.0059 0.0059 0.0059 0.0059 0.0059 0.0059 0.0059 0.0059 0.0059 0.0059 0.0059 0.0059 0.0059 0.0059 0.0059 0.0059 0.0059 0.0059 
TS12 0.0088 0.0088 0.0088 0.0088 0.0088 0.0088 0.0088 0.0088 0.0088 0.0088 0.0088 0.0088 0.0088 0.0088 0.0088 0.0088 0.0088 0.0088 0.0088 0.0088 0.0088 0.0088 0.0088 0.0088 0.0088 0.0088 0.0088 0.0088 0.0088 0.0088 0.0088 0.0088 
TS13 0.0298 0.0298 0.0298 0.0298 0.0298 0.0298 0.0298 0.0298 0.0298 0.0298 0.0298 0.0298 0.0298 0.0298 0.0298 0.0298 0.0298 0.0298 0.0298 0.0298 0.0298 0.0298 0.0298 0.0298 0.0298 0.0298 0.0298 0.0298 0.0298 0.0298 0.0298 0.0298 
TS14 0.0149 0.0149 0.0149 0.0149 0.0149 0.0149 0.0149 0.0149 0.0149 0.0149 0.0149 0.0149 0.0149 0.0149 0.0149 0.0149 0.0149 0.0149 0.0149 0.0149 0.0149 0.0149 0.0149 0.0149 0.0149 0.0149 0.0149 0.0149 0.0149 0.0149 0.0149 0.0149 
TS15 0.0298 0.0298 0.0298 0.0298 0.0298 0.0298 0.0298 0.0298 0.0298 0.0298 0.0298 0.0298 0.0298 0.0298 0.0298 0.0298 0.0298 0.0298 0.0298 0.0298 0.0298 0.0298 0.0298 0.0298 0.0298 0.0298 0.0298 0.0298 0.0298 0.0298 0.0298 0.0298 
TS16 0.0199 0.0199 0.0199 0.0199 0.0199 0.0199 0.0199 0.0199 0.0199 0.0199 0.0199 0.0199 0.0199 0.0199 0.0199 0.0199 0.0199 0.0199 0.0199 0.0199 0.0199 0.0199 0.0199 0.0199 0.0199 0.0199 0.0199 0.0199 0.0199 0.0199 0.0199 0.0199 
TS17 0.01 0.01 0.01 0.01 0.01 0.01 0.01 0.01 0.01 0.01 0.01 0.01 0.01 0.01 0.01 0.01 0.01 0.01 0.01 0.01 0.01 0.01 0.01 0.01 0.01 0.01 0.01 0.01 0.01 0.01 0.01 0.01 
TS18 0.0149 0.0149 0.0149 0.0149 0.0149 0.0149 0.0149 0.0149 0.0149 0.0149 0.0149 0.0149 0.0149 0.0149 0.0149 0.0149 0.0149 0.0149 0.0149 0.0149 0.0149 0.0149 0.0149 0.0149 0.0149 0.0149 0.0149 0.0149 0.0149 0.0149 0.0149 0.0149 
TS19 0.0119 0.0119 0.0119 0.0119 0.0119 0.0119 0.0119 0.0119 0.0119 0.0119 0.0119 0.0119 0.0119 0.0119 0.0119 0.0119 0.0119 0.0119 0.0119 0.0119 0.0119 0.0119 0.0119 0.0119 0.0119 0.0119 0.0119 0.0119 0.0119 0.0119 0.0119 0.0119 
TS20 0.006 0.006 0.006 0.006 0.006 0.006 0.006 0.006 0.006 0.006 0.006 0.006 0.006 0.006 0.006 0.006 0.006 0.006 0.006 0.006 0.006 0.006 0.006 0.006 0.006 0.006 0.006 0.006 0.006 0.006 0.006 0.006 
TS21 0.0119 0.0119 0.0119 0.0119 0.0119 0.0119 0.0119 0.0119 0.0119 0.0119 0.0119 0.0119 0.0119 0.0119 0.0119 0.0119 0.0119 0.0119 0.0119 0.0119 0.0119 0.0119 0.0119 0.0119 0.0119 0.0119 0.0119 0.0119 0.0119 0.0119 0.0119 0.0119 
TS22 0.008 0.008 0.008 0.008 0.008 0.008 0.008 0.008 0.008 0.008 0.008 0.008 0.008 0.008 0.008 0.008 0.008 0.008 0.008 0.008 0.008 0.008 0.008 0.008 0.008 0.008 0.008 0.008 0.008 0.008 0.008 0.008 
TS23 0.004 0.004 0.004 0.004 0.004 0.004 0.004 0.004 0.004 0.004 0.004 0.004 0.004 0.004 0.004 0.004 0.004 0.004 0.004 0.004 0.004 0.004 0.004 0.004 0.004 0.004 0.004 0.004 0.004 0.004 0.004 0.004 
TS24 0.006 0.006 0.006 0.006 0.006 0.006 0.006 0.006 0.006 0.006 0.006 0.006 0.006 0.006 0.006 0.006 0.006 0.006 0.006 0.006 0.006 0.006 0.006 0.006 0.006 0.006 0.006 0.006 0.006 0.006 0.006 0.006 
TS25 0.0597 0.0597 0.0597 0.0597 0.0597 0.0597 0.0597 0.0597 0.0597 0.0597 0.0597 0.0597 0.0597 0.0597 0.0597 0.0597 0.0597 0.0597 0.0597 0.0597 0.0597 0.0597 0.0597 0.0597 0.0597 0.0597 0.0597 0.0597 0.0597 0.0597 0.0597 0.0597 
TS26 0.0298 0.0298 0.0298 0.0298 0.0298 0.0298 0.0298 0.0298 0.0298 0.0298 0.0298 0.0298 0.0298 0.0298 0.0298 0.0298 0.0298 0.0298 0.0298 0.0298 0.0298 0.0298 0.0298 0.0298 0.0298 0.0298 0.0298 0.0298 0.0298 0.0298 0.0298 0.0298 
TS27 0.0597 0.0597 0.0597 0.0597 0.0597 0.0597 0.0597 0.0597 0.0597 0.0597 0.0597 0.0597 0.0597 0.0597 0.0597 0.0597 0.0597 0.0597 0.0597 0.0597 0.0597 0.0597 0.0597 0.0597 0.0597 0.0597 0.0597 0.0597 0.0597 0.0597 0.0597 0.0597 
TS28 0.0398 0.0398 0.0398 0.0398 0.0398 0.0398 0.0398 0.0398 0.0398 0.0398 0.0398 0.0398 0.0398 0.0398 0.0398 0.0398 0.0398 0.0398 0.0398 0.0398 0.0398 0.0398 0.0398 0.0398 0.0398 0.0398 0.0398 0.0398 0.0398 0.0398 0.0398 0.0398 
TS29 0.0199 0.0199 0.0199 0.0199 0.0199 0.0199 0.0199 0.0199 0.0199 0.0199 0.0199 0.0199 0.0199 0.0199 0.0199 0.0199 0.0199 0.0199 0.0199 0.0199 0.0199 0.0199 0.0199 0.0199 0.0199 0.0199 0.0199 0.0199 0.0199 0.0199 0.0199 0.0199 
TS30 0.0298 0.0298 0.0298 0.0298 0.0298 0.0298 0.0298 0.0298 0.0298 0.0298 0.0298 0.0298 0.0298 0.0298 0.0298 0.0298 0.0298 0.0298 0.0298 0.0298 0.0298 0.0298 0.0298 0.0298 0.0298 0.0298 0.0298 0.0298 0.0298 0.0298 0.0298 0.0298 
TS31 0.0239 0.0239 0.0239 0.0239 0.0239 0.0239 0.0239 0.0239 0.0239 0.0239 0.0239 0.0239 0.0239 0.0239 0.0239 0.0239 0.0239 0.0239 0.0239 0.0239 0.0239 0.0239 0.0239 0.0239 0.0239 0.0239 0.0239 0.0239 0.0239 0.0239 0.0239 0.0239 
TS32 0.0119 0.0119 0.0119 0.0119 0.0119 0.0119 0.0119 0.0119 0.0119 0.0119 0.0119 0.0119 0.0119 0.0119 0.0119 0.0119 0.0119 0.0119 0.0119 0.0119 0.0119 0.0119 0.0119 0.0119 0.0119 0.0119 0.0119 0.0119 0.0119 0.0119 0.0119 0.0119 
TS33 0.0239 0.0239 0.0239 0.0239 0.0239 0.0239 0.0239 0.0239 0.0239 0.0239 0.0239 0.0239 0.0239 0.0239 0.0239 0.0239 0.0239 0.0239 0.0239 0.0239 0.0239 0.0239 0.0239 0.0239 0.0239 0.0239 0.0239 0.0239 0.0239 0.0239 0.0239 0.0239 
TS34 0.0159 0.0159 0.0159 0.0159 0.0159 0.0159 0.0159 0.0159 0.0159 0.0159 0.0159 0.0159 0.0159 0.0159 0.0159 0.0159 0.0159 0.0159 0.0159 0.0159 0.0159 0.0159 0.0159 0.0159 0.0159 0.0159 0.0159 0.0159 0.0159 0.0159 0.0159 0.0159 
TS35 0.008 0.008 0.008 0.008 0.008 0.008 0.008 0.008 0.008 0.008 0.008 0.008 0.008 0.008 0.008 0.008 0.008 0.008 0.008 0.008 0.008 0.008 0.008 0.008 0.008 0.008 0.008 0.008 0.008 0.008 0.008 0.008 
TS36 0.0119 0.0119 0.0119 0.0119 0.0119 0.0119 0.0119 0.0119 0.0119 0.0119 0.0119 0.0119 0.0119 0.0119 0.0119 0.0119 0.0119 0.0119 0.0119 0.0119 0.0119 0.0119 0.0119 0.0119 0.0119 0.0119 0.0119 0.0119 0.0119 0.0119 0.0119 0.0119 
TS37 0.045 0.045 0.045 0.045 0.045 0.045 0.045 0.045 0.045 0.045 0.045 0.045 0.045 0.045 0.045 0.045 0.045 0.045 0.045 0.045 0.045 0.045 0.045 0.045 0.045 0.045 0.045 0.045 0.045 0.045 0.045 0.045 
TS38 0.0225 0.0225 0.0225 0.0225 0.0225 0.0225 0.0225 0.0225 0.0225 0.0225 0.0225 0.0225 0.0225 0.0225 0.0225 0.0225 0.0225 0.0225 0.0225 0.0225 0.0225 0.0225 0.0225 0.0225 0.0225 0.0225 0.0225 0.0225 0.0225 0.0225 0.0225 0.0225 
TS39 0.045 0.045 0.045 0.045 0.045 0.045 0.045 0.045 0.045 0.045 0.045 0.045 0.045 0.045 0.045 0.045 0.045 0.045 0.045 0.045 0.045 0.045 0.045 0.045 0.045 0.045 0.045 0.045 0.045 0.045 0.045 0.045 
TS40 0.03 0.03 0.03 0.03 0.03 0.03 0.03 0.03 0.03 0.03 0.03 0.03 0.03 0.03 0.03 0.03 0.03 0.03 0.03 0.03 0.03 0.03 0.03 0.03 0.03 0.03 0.03 0.03 0.03 0.03 0.03 0.03 
TS41 0.015 0.015 0.015 0.015 0.015 0.015 0.015 0.015 0.015 0.015 0.015 0.015 0.015 0.015 0.015 0.015 0.015 0.015 0.015 0.015 0.015 0.015 0.015 0.015 0.015 0.015 0.015 0.015 0.015 0.015 0.015 0.015 
TS42 0.0225 0.0225 0.0225 0.0225 0.0225 0.0225 0.0225 0.0225 0.0225 0.0225 0.0225 0.0225 0.0225 0.0225 0.0225 0.0225 0.0225 0.0225 0.0225 0.0225 0.0225 0.0225 0.0225 0.0225 0.0225 0.0225 0.0225 0.0225 0.0225 0.0225 0.0225 0.0225 
TS43 0.018 0.018 0.018 0.018 0.018 0.018 0.018 0.018 0.018 0.018 0.018 0.018 0.018 0.018 0.018 0.018 0.018 0.018 0.018 0.018 0.018 0.018 0.018 0.018 0.018 0.018 0.018 0.018 0.018 0.018 0.018 0.018 
TS44 0.009 0.009 0.009 0.009 0.009 0.009 0.009 0.009 0.009 0.009 0.009 0.009 0.009 0.009 0.009 0.009 0.009 0.009 0.009 0.009 0.009 0.009 0.009 0.009 0.009 0.009 0.009 0.009 0.009 0.009 0.009 0.009 
TS45 0.018 0.018 0.018 0.018 0.018 0.018 0.018 0.018 0.018 0.018 0.018 0.018 0.018 0.018 0.018 0.018 0.018 0.018 0.018 0.018 0.018 0.018 0.018 0.018 0.018 0.018 0.018 0.018 0.018 0.018 0.018 0.018 
TS46 0.012 0.012 0.012 0.012 0.012 0.012 0.012 0.012 0.012 0.012 0.012 0.012 0.012 0.012 0.012 0.012 0.012 0.012 0.012 0.012 0.012 0.012 0.012 0.012 0.012 0.012 0.012 0.012 0.012 0.012 0.012 0.012 
TS47 0.006 0.006 0.006 0.006 0.006 0.006 0.006 0.006 0.006 0.006 0.006 0.006 0.006 0.006 0.006 0.006 0.006 0.006 0.006 0.006 0.006 0.006 0.006 0.006 0.006 0.006 0.006 0.006 0.006 0.006 0.006 0.006 
TS48 0.009 0.009 0.009 0.009 0.009 0.009 0.009 0.009 0.009 0.009 0.009 0.009 0.009 0.009 0.009 0.009 0.009 0.009 0.009 0.009 0.009 0.009 0.009 0.009 0.009 0.009 0.009 0.009 0.009 0.009 0.009 0.009 
;

param DaySplit default 1.0 :
2019 2020 2021 2022 2023 2024 2025 2026 2027 2028 2029 2030 2031 2032 2033 2034 2035 2036 2037 2038 2039 2040 2041 2042 2043 2044 2045 2046 2047 2048 2049 2050 :=
1 1 1 1 1 1 1 1 1 1 1 1 1 1 1 1 1 1 1 1 1 1 1 1 1 1 1 1 1 1 1 1 1 
2 1 1 1 1 1 1 1 1 1 1 1 1 1 1 1 1 1 1 1 1 1 1 1 1 1 1 1 1 1 1 1 1 
3 1 1 1 1 1 1 1 1 1 1 1 1 1 1 1 1 1 1 1 1 1 1 1 1 1 1 1 1 1 1 1 1 
4 1 1 1 1 1 1 1 1 1 1 1 1 1 1 1 1 1 1 1 1 1 1 1 1 1 1 1 1 1 1 1 1 
5 1 1 1 1 1 1 1 1 1 1 1 1 1 1 1 1 1 1 1 1 1 1 1 1 1 1 1 1 1 1 1 1 
6 1 1 1 1 1 1 1 1 1 1 1 1 1 1 1 1 1 1 1 1 1 1 1 1 1 1 1 1 1 1 1 1 
;

param AvailabilityFactor default 1.0 :=
[RE1,*,*]:
2019 2020 2021 2022 2023 2024 2025 2026 2027 2028 2029 2030 2031 2032 2033 2034 2035 2036 2037 2038 2039 2040 2041 2042 2043 2044 2045 2046 2047 2048 2049 2050 :=
IMPELC001 0.93 0.93 0.93 0.93 0.93 0.93 0.93 0.93 0.93 0.93 0.93 0.93 0.93 0.93 0.93 0.93 0.93 0.93 0.93 0.93 0.93 0.93 0.93 0.93 0.93 0.93 0.93 0.93 0.93 0.93 0.93 0.93 
IMPELC002 0.93 0.93 0.93 0.93 0.93 0.93 0.93 0.93 0.93 0.93 0.93 0.93 0.93 0.93 0.93 0.93 0.93 0.93 0.93 0.93 0.93 0.93 0.93 0.93 0.93 0.93 0.93 0.93 0.93 0.93 0.93 0.93 
PWRCOA001 0.8731 0.8731 0.8731 0.8731 0.8731 0.8731 0.8731 0.8731 0.8731 0.8731 0.8731 0.8731 0.8731 0.8731 0.8731 0.8731 0.8731 0.8731 0.8731 0.8731 0.8731 0.8731 0.8731 0.8731 0.8731 0.8731 0.8731 0.8731 0.8731 0.8731 0.8731 0.8731 
PWRGEO001 0.9455 0.9455 0.9455 0.9455 0.9455 0.9455 0.9455 0.9455 0.9455 0.9455 0.9455 0.9455 0.9455 0.9455 0.9455 0.9455 0.9455 0.9455 0.9455 0.9455 0.9455 0.9455 0.9455 0.9455 0.9455 0.9455 0.9455 0.9455 0.9455 0.9455 0.9455 0.9455 
PWRGEO002 0.9455 0.9455 0.9455 0.9455 0.9455 0.9455 0.9455 0.9455 0.9455 0.9455 0.9455 0.9455 0.9455 0.9455 0.9455 0.9455 0.9455 0.9455 0.9455 0.9455 0.9455 0.9455 0.9455 0.9455 0.9455 0.9455 0.9455 0.9455 0.9455 0.9455 0.9455 0.9455 
PWRGEO003 0.9455 0.9455 0.9455 0.9455 0.9455 0.9455 0.9455 0.9455 0.9455 0.9455 0.9455 0.9455 0.9455 0.9455 0.9455 0.9455 0.9455 0.9455 0.9455 0.9455 0.9455 0.9455 0.9455 0.9455 0.9455 0.9455 0.9455 0.9455 0.9455 0.9455 0.9455 0.9455 
PWRGEO004 0.9455 0.9455 0.9455 0.9455 0.9455 0.9455 0.9455 0.9455 0.9455 0.9455 0.9455 0.9455 0.9455 0.9455 0.9455 0.9455 0.9455 0.9455 0.9455 0.9455 0.9455 0.9455 0.9455 0.9455 0.9455 0.9455 0.9455 0.9455 0.9455 0.9455 0.9455 0.9455 
PWRGEO005 0.9455 0.9455 0.9455 0.9455 0.9455 0.9455 0.9455 0.9455 0.9455 0.9455 0.9455 0.9455 0.9455 0.9455 0.9455 0.9455 0.9455 0.9455 0.9455 0.9455 0.9455 0.9455 0.9455 0.9455 0.9455 0.9455 0.9455 0.9455 0.9455 0.9455 0.9455 0.9455 
PWRGEO006 0.9455 0.9455 0.9455 0.9455 0.9455 0.9455 0.9455 0.9455 0.9455 0.9455 0.9455 0.9455 0.9455 0.9455 0.9455 0.9455 0.9455 0.9455 0.9455 0.9455 0.9455 0.9455 0.9455 0.9455 0.9455 0.9455 0.9455 0.9455 0.9455 0.9455 0.9455 0.9455 
PWRGEO007 0.9455 0.9455 0.9455 0.9455 0.9455 0.9455 0.9455 0.9455 0.9455 0.9455 0.9455 0.9455 0.9455 0.9455 0.9455 0.9455 0.9455 0.9455 0.9455 0.9455 0.9455 0.9455 0.9455 0.9455 0.9455 0.9455 0.9455 0.9455 0.9455 0.9455 0.9455 0.9455 
PWRHFO001 0.8823 0.8823 0.8823 0.8823 0.8823 0.8823 0.8823 0.8823 0.8823 0.8823 0.8823 0.8823 0.8823 0.8823 0.8823 0.8823 0.8823 0.8823 0.8823 0.8823 0.8823 0.8823 0.8823 0.8823 0.8823 0.8823 0.8823 0.8823 0.8823 0.8823 0.8823 0.8823 
PWRHYD001 0.9223 0.9223 0.9223 0.9223 0.9223 0.9223 0.9223 0.9223 0.9223 0.9223 0.9223 0.9223 0.9223 0.9223 0.9223 0.9223 0.9223 0.9223 0.9223 0.9223 0.9223 0.9223 0.9223 0.9223 0.9223 0.9223 0.9223 0.9223 0.9223 0.9223 0.9223 0.9223 
PWRHYD002 0.9223 0.9223 0.9223 0.9223 0.9223 0.9223 0.9223 0.9223 0.9223 0.9223 0.9223 0.9223 0.9223 0.9223 0.9223 0.9223 0.9223 0.9223 0.9223 0.9223 0.9223 0.9223 0.9223 0.9223 0.9223 0.9223 0.9223 0.9223 0.9223 0.9223 0.9223 0.9223 
PWRHYD003 0.9223 0.9223 0.9223 0.9223 0.9223 0.9223 0.9223 0.9223 0.9223 0.9223 0.9223 0.9223 0.9223 0.9223 0.9223 0.9223 0.9223 0.9223 0.9223 0.9223 0.9223 0.9223 0.9223 0.9223 0.9223 0.9223 0.9223 0.9223 0.9223 0.9223 0.9223 0.9223 
PWRHYD004 0.9223 0.9223 0.9223 0.9223 0.9223 0.9223 0.9223 0.9223 0.9223 0.9223 0.9223 0.9223 0.9223 0.9223 0.9223 0.9223 0.9223 0.9223 0.9223 0.9223 0.9223 0.9223 0.9223 0.9223 0.9223 0.9223 0.9223 0.9223 0.9223 0.9223 0.9223 0.9223 
PWRHYD005 0.9223 0.9223 0.9223 0.9223 0.9223 0.9223 0.9223 0.9223 0.9223 0.9223 0.9223 0.9223 0.9223 0.9223 0.9223 0.9223 0.9223 0.9223 0.9223 0.9223 0.9223 0.9223 0.9223 0.9223 0.9223 0.9223 0.9223 0.9223 0.9223 0.9223 0.9223 0.9223 
PWRLFO001 0.8881 0.8881 0.8881 0.8881 0.8881 0.8881 0.8881 0.8881 0.8881 0.8881 0.8881 0.8881 0.8881 0.8881 0.8881 0.8881 0.8881 0.8881 0.8881 0.8881 0.8881 0.8881 0.8881 0.8881 0.8881 0.8881 0.8881 0.8881 0.8881 0.8881 0.8881 0.8881 
PWRNGS001 0.9315 0.9315 0.9315 0.9315 0.9315 0.9315 0.9315 0.9315 0.9315 0.9315 0.9315 0.9315 0.9315 0.9315 0.9315 0.9315 0.9315 0.9315 0.9315 0.9315 0.9315 0.9315 0.9315 0.9315 0.9315 0.9315 0.9315 0.9315 0.9315 0.9315 0.9315 0.9315 
PWRPHS001 0.9235 0.9235 0.9235 0.9235 0.9235 0.9235 0.9235 0.9235 0.9235 0.9235 0.9235 0.9235 0.9235 0.9235 0.9235 0.9235 0.9235 0.9235 0.9235 0.9235 0.9235 0.9235 0.9235 0.9235 0.9235 0.9235 0.9235 0.9235 0.9235 0.9235 0.9235 0.9235 
PWRPHS002 0.9235 0.9235 0.9235 0.9235 0.9235 0.9235 0.9235 0.9235 0.9235 0.9235 0.9235 0.9235 0.9235 0.9235 0.9235 0.9235 0.9235 0.9235 0.9235 0.9235 0.9235 0.9235 0.9235 0.9235 0.9235 0.9235 0.9235 0.9235 0.9235 0.9235 0.9235 0.9235 
PWRURN001 0.9612 0.9612 0.9612 0.9612 0.9612 0.9612 0.9612 0.9612 0.9612 0.9612 0.9612 0.9612 0.9612 0.9612 0.9612 0.9612 0.9612 0.9612 0.9612 0.9612 0.9612 0.9612 0.9612 0.9612 0.9612 0.9612 0.9612 0.9612 0.9612 0.9612 0.9612 0.9612 
;

param CapitalCost default 0.0 :=
[RE1,*,*]:
2019 2020 2021 2022 2023 2024 2025 2026 2027 2028 2029 2030 2031 2032 2033 2034 2035 2036 2037 2038 2039 2040 2041 2042 2043 2044 2045 2046 2047 2048 2049 2050 :=
BACKSTOP 99999.0 99999.0 99999.0 99999.0 99999.0 99999.0 99999.0 99999.0 99999.0 99999.0 99999.0 99999.0 99999.0 99999.0 99999.0 99999.0 99999.0 99999.0 99999.0 99999.0 99999.0 99999.0 99999.0 99999.0 99999.0 99999.0 99999.0 99999.0 99999.0 99999.0 99999.0 99999.0 
BESS_TECH 1483.0 1449.6 1416.9 1385.0 1353.8 1323.3 1293.5 1277.4860158935 1261.8022170263 1246.4486033983 1231.480205883 1216.8419936069 1202.5339665701 1188.5561247727 1174.9084682145 1161.5359660225 1148.4936490698 1135.7264864831 1123.2344782626 1111.0176244081 1099.0759249197 1087.4644106707 1076.0730199145 1064.9017526512 1054.0606706271 1043.3846812228 1032.9838461845 1022.8031346391 1012.8975774599 1003.1571129002 993.6918027067 984.3915851328 
IMPNGS 20.0 20.0 20.0 20.0 20.0 20.0 19.9129395915 19.825879183 19.7388187744 19.6517583659 19.5646979574 19.4776375489 19.3905771404 19.3035167318 19.2164563233 19.1293959148 19.0423355063 18.9552750978 18.8682146892 18.7811542807 18.6940938722 18.6070334637 18.5199730552 18.4329126466 18.3458522381 18.2587918296 18.1717314211 18.0846710126 17.997610604 17.9105501955 17.823489787 17.7364293785 
PWRBIO001 2500.0 2500.0 2500.0 2500.0 2500.0 2500.0 2499.2804535704 2498.5609071407 2497.8413607111 2497.1218142814 2496.4022678518 2495.6827214221 2494.9631749925 2494.2436285628 2493.5240821332 2492.8045357035 2492.0849892739 2491.3654428442 2490.6458964146 2489.9263499849 2489.2068035553 2488.4872571256 2487.767710696 2487.0481642663 2486.3286178367 2485.6090714071 2484.8895249774 2484.1699785478 2483.4504321181 2482.7308856885 2482.0113392588 2481.2917928292 
PWRCOA001 2479.2 2479.2 2479.2 2479.2 2479.2 2479.2 2479.2 2479.2 2479.2 2479.2 2479.2 2479.2 2479.2 2479.2 2479.2 2479.2 2479.2 2479.2 2479.2 2479.2 2479.2 2479.2 2479.2 2479.2 2479.2 2479.2 2479.2 2479.2 2479.2 2479.2 2479.2 2479.2 
PWRDIST 2502.0 2502.0 2502.0 2502.0 2502.0 2502.0 2502.0 2502.0 2502.0 2502.0 2502.0 2502.0 2502.0 2502.0 2502.0 2502.0 2502.0 2502.0 2502.0 2502.0 2502.0 2502.0 2502.0 2502.0 2502.0 2502.0 2502.0 2502.0 2502.0 2502.0 2502.0 2502.0 
PWRGEO001 3329.22 3329.22 3329.22 3329.22 3329.22 3329.22 3329.22 3329.22 3329.22 3329.22 3329.22 3329.22 3329.22 3329.22 3329.22 3329.22 3329.22 3329.22 3329.22 3329.22 3329.22 3329.22 3329.22 3329.22 3329.22 3329.22 3329.22 3329.22 3329.22 3329.22 3329.22 3329.22 
PWRGEO002 3476.57 3476.57 3476.57 3476.57 3476.57 3476.57 3476.57 3476.57 3476.57 3476.57 3476.57 3476.57 3476.57 3476.57 3476.57 3476.57 3476.57 3476.57 3476.57 3476.57 3476.57 3476.57 3476.57 3476.57 3476.57 3476.57 3476.57 3476.57 3476.57 3476.57 3476.57 3476.57 
PWRGEO003 3439.33 3439.33 3439.33 3439.33 3439.33 3439.33 3439.33 3439.33 3439.33 3439.33 3439.33 3439.33 3439.33 3439.33 3439.33 3439.33 3439.33 3439.33 3439.33 3439.33 3439.33 3439.33 3439.33 3439.33 3439.33 3439.33 3439.33 3439.33 3439.33 3439.33 3439.33 3439.33 
PWRGEO004 3439.0 3439.0 3439.0 3439.0 3439.0 3439.0 3439.0 3439.0 3439.0 3439.0 3439.0 3439.0 3439.0 3439.0 3439.0 3439.0 3439.0 3439.0 3439.0 3439.0 3439.0 3439.0 3439.0 3439.0 3439.0 3439.0 3439.0 3439.0 3439.0 3439.0 3439.0 3439.0 
PWRGEO005 3595.0 3595.0 3595.0 3595.0 3595.0 3595.0 3595.0 3595.0 3595.0 3595.0 3595.0 3595.0 3595.0 3595.0 3595.0 3595.0 3595.0 3595.0 3595.0 3595.0 3595.0 3595.0 3595.0 3595.0 3595.0 3595.0 3595.0 3595.0 3595.0 3595.0 3595.0 3595.0 
PWRGEO006 3801.41 3801.41 3801.41 3801.41 3801.41 3801.41 3785.2070328262 3769.0040656524 3752.8010984786 3736.5981313048 3720.395164131 3704.1921969572 3687.9892297834 3671.7862626096 3655.5832954358 3639.3803282619 3623.1773610881 3606.9743939143 3590.7714267405 3574.5684595667 3558.3654923929 3542.1625252191 3525.9595580453 3509.7565908715 3493.5536236977 3477.3506565239 3461.1476893501 3444.9447221763 3428.7417550025 3412.5387878287 3396.3358206549 3380.1328534811 
PWRGEO007 3801.41 3801.41 3801.41 3801.41 3801.41 3801.41 3801.41 3801.41 3801.41 3801.41 3801.41 3801.41 3801.41 3801.41 3801.41 3801.41 3801.41 3801.41 3801.41 3801.41 3801.41 3801.41 3801.41 3801.41 3801.41 3801.41 3801.41 3801.41 3801.41 3801.41 3801.41 3801.41 
PWRHFO001 1603.57 1603.57 1603.57 1603.57 1603.57 1603.57 1603.57 1603.57 1603.57 1603.57 1603.57 1603.57 1603.57 1603.57 1603.57 1603.57 1603.57 1603.57 1603.57 1603.57 1603.57 1603.57 1603.57 1603.57 1603.57 1603.57 1603.57 1603.57 1603.57 1603.57 1603.57 1603.57 
PWRHYD001 3430.0 3430.0 3430.0 3430.0 3430.0 3430.0 3441.2019016399 3452.4038032798 3463.6057049197 3474.8076065597 3486.0095081996 3497.2114098395 3508.4133114794 3519.6152131193 3530.8171147592 3542.0190163991 3553.2209180391 3564.422819679 3575.6247213189 3586.8266229588 3598.0285245987 3609.2304262386 3620.4323278785 3631.6342295185 3642.8361311584 3654.0380327983 3665.2399344382 3676.4418360781 3687.643737718 3698.8456393579 3710.0475409979 3721.2494426378 
PWRHYD002 3466.73 3466.73 3466.73 3466.73 3466.73 3466.73 3478.0518566974 3489.3737133948 3500.6955700923 3512.0174267897 3523.3392834871 3534.6611401845 3545.9829968819 3557.3048535793 3568.6267102768 3579.9485669742 3591.2704236716 3602.592280369 3613.9141370664 3625.2359937638 3636.5578504613 3647.8797071587 3659.2015638561 3670.5234205535 3681.8452772509 3693.1671339483 3704.4889906458 3715.8108473432 3727.1327040406 3738.454560738 3749.7764174354 3761.0982741329 
PWRHYD003 3430.48 3430.48 3430.48 3430.48 3430.48 3430.48 3441.683469253 3452.8869385059 3464.0904077589 3475.2938770119 3486.4973462649 3497.7008155178 3508.9042847708 3520.1077540238 3531.3112232768 3542.5146925297 3553.7181617827 3564.9216310357 3576.1251002886 3587.3285695416 3598.5320387946 3609.7355080476 3620.9389773005 3632.1424465535 3643.3459158065 3654.5493850594 3665.7528543124 3676.9563235654 3688.1597928184 3699.3632620713 3710.5667313243 3721.7702005773 
PWRHYD004 3223.225 3223.225 3223.225 3223.225 3223.225 3223.225 3233.7516033275 3244.278206655 3254.8048099825 3265.33141331 3275.8580166375 3286.384619965 3296.9112232925 3307.43782662 3317.9644299475 3328.491033275 3339.0176366025 3349.54423993 3360.0708432575 3370.597446585 3381.1240499124 3391.6506532399 3402.1772565674 3412.7038598949 3423.2304632224 3433.7570665499 3444.2836698774 3454.8102732049 3465.3368765324 3475.8634798599 3486.3900831874 3496.9166865149 
PWRHYD005 3484.26 3484.26 3484.26 3484.26 3484.26 3484.26 3495.6391072326 3507.0182144652 3518.3973216979 3529.7764289305 3541.1555361631 3552.5346433957 3563.9137506283 3575.292857861 3586.6719650936 3598.0510723262 3609.4301795588 3620.8092867914 3632.1883940241 3643.5675012567 3654.9466084893 3666.3257157219 3677.7048229546 3689.0839301872 3700.4630374198 3711.8421446524 3723.221251885 3734.6003591177 3745.9794663503 3757.3585735829 3768.7376808155 3780.1167880481 
PWRLFO001 1240.74 1240.74 1240.74 1240.74 1240.74 1240.74 1240.74 1240.74 1240.74 1240.74 1240.74 1240.74 1240.74 1240.74 1240.74 1240.74 1240.74 1240.74 1240.74 1240.74 1240.74 1240.74 1240.74 1240.74 1240.74 1240.74 1240.74 1240.74 1240.74 1240.74 1240.74 1240.74 
PWRNGS001 857.14 857.14 857.14 857.14 857.14 857.14 856.6276306314 856.1152612628 855.6028918942 855.0905225256 854.5781531569 854.0657837883 853.5534144197 853.0410450511 852.5286756825 852.0163063139 851.5039369453 850.9915675767 850.479198208 849.9668288394 849.4544594708 848.9420901022 848.4297207336 847.917351365 847.4049819964 846.8926126278 846.3802432592 845.8678738905 845.3555045219 844.8431351533 844.3307657847 843.8183964161 
PWRPHS001 1129.0 1129.0 1129.0 1129.0 1129.0 1129.0 1128.1777551189 1127.3555102378 1126.5332653566 1125.7110204755 1124.8887755944 1124.0665307133 1123.2442858321 1122.422040951 1121.5997960699 1120.7775511888 1119.9553063077 1119.1330614265 1118.3108165454 1117.4885716643 1116.6663267832 1115.844081902 1115.0218370209 1114.1995921398 1113.3773472587 1112.5551023775 1111.7328574964 1110.9106126153 1110.0883677342 1109.2661228531 1108.4438779719 1107.6216330908 
PWRPHS002 1129.0 1129.0 1129.0 1129.0 1129.0 1129.0 1128.1777551189 1127.3555102378 1126.5332653566 1125.7110204755 1124.8887755944 1124.0665307133 1123.2442858321 1122.422040951 1121.5997960699 1120.7775511888 1119.9553063077 1119.1330614265 1118.3108165454 1117.4885716643 1116.6663267832 1115.844081902 1115.0218370209 1114.1995921398 1113.3773472587 1112.5551023775 1111.7328574964 1110.9106126153 1110.0883677342 1109.2661228531 1108.4438779719 1107.6216330908 
PWRSOL001 1224.4 1199.3 1174.8 1150.8 1127.3 1104.2 1071.5749662147 1061.5499324293 1051.524898644 1041.4998648586 1031.4748310733 1021.4497972879 1011.4247635026 1001.3997297173 991.3746959319 981.3496621466 971.3246283612 961.2995945759 951.2745607906 941.2495270052 931.2244932199 921.1994594345 911.1744256492 901.1493918638 891.1243580785 881.0993242932 871.0742905078 861.0492567225 851.0242229371 840.9991891518 830.9741553665 820.9491215811 
PWRSOL002 1224.4 1199.3 1174.8 1150.8 1127.3 1104.2 1071.5749662147 1061.5499324293 1051.524898644 1041.4998648586 1031.4748310733 1021.4497972879 1011.4247635026 1001.3997297173 991.3746959319 981.3496621466 971.3246283612 961.2995945759 951.2745607906 941.2495270052 931.2244932199 921.1994594345 911.1744256492 901.1493918638 891.1243580785 881.0993242932 871.0742905078 861.0492567225 851.0242229371 840.9991891518 830.9741553665 820.9491215811 
PWRTRN 365.0 365.0 365.0 365.0 365.0 365.0 365.0 365.0 365.0 365.0 365.0 365.0 365.0 365.0 365.0 365.0 365.0 365.0 365.0 365.0 365.0 365.0 365.0 365.0 365.0 365.0 365.0 365.0 365.0 365.0 365.0 365.0 
PWRURN001 5000.0 5000.0 5000.0 5000.0 5000.0 5000.0 5019.2594693199 5038.5189386399 5057.7784079598 5077.0378772797 5096.2973465996 5115.5568159196 5134.8162852395 5154.0757545594 5173.3352238794 5192.5946931993 5211.8541625192 5231.1136318392 5250.3731011591 5269.632570479 5288.8920397989 5308.1515091189 5327.4109784388 5346.6704477587 5365.9299170787 5385.1893863986 5404.4488557185 5423.7083250385 5442.9677943584 5462.2272636783 5481.4867329982 5500.7462023182 
PWRWND001 1583.3 1578.8 1574.4 1570.0 1565.5 1561.1 1559.6474985116 1562.5949970232 1565.5424955348 1568.4899940464 1571.437492558 1574.3849910697 1577.3324895813 1580.2799880929 1583.2274866045 1586.1749851161 1589.1224836277 1592.0699821393 1595.0174806509 1597.9649791625 1600.9124776741 1603.8599761857 1606.8074746974 1609.754973209 1612.7024717206 1615.6499702322 1618.5974687438 1621.5449672554 1624.492465767 1627.4399642786 1630.3874627902 1633.3349613018 
PWRWND002 1743.2 1738.2 1733.4 1728.6 1723.6 1718.8 1717.2453346495 1720.490669299 1723.7360039485 1726.9813385981 1730.2266732476 1733.4720078971 1736.7173425466 1739.9626771961 1743.2080118456 1746.4533464951 1749.6986811447 1752.9440157942 1756.1893504437 1759.4346850932 1762.6800197427 1765.9253543922 1769.1706890417 1772.4160236912 1775.6613583408 1778.9066929903 1782.1520276398 1785.3973622893 1788.6426969388 1791.8880315883 1795.1333662378 1798.3787008874 
PWRWND003 1623.1 1618.5 1614.0 1609.5 1604.9 1600.4 1598.9217208677 1601.9434417353 1604.965162603 1607.9868834706 1611.0086043383 1614.0303252059 1617.0520460736 1620.0737669412 1623.0954878089 1626.1172086765 1629.1389295442 1632.1606504118 1635.1823712795 1638.2040921472 1641.2258130148 1644.2475338825 1647.2692547501 1650.2909756178 1653.3126964854 1656.3344173531 1659.3561382207 1662.3778590884 1665.399579956 1668.4213008237 1671.4430216914 1674.464742559 
PWRWND004 1583.4 1578.9 1574.5 1570.1 1565.6 1561.2 1559.7476878544 1562.6953757087 1565.6430635631 1568.5907514174 1571.5384392718 1574.4861271261 1577.4338149805 1580.3815028348 1583.3291906892 1586.2768785435 1589.2245663979 1592.1722542523 1595.1199421066 1598.067629961 1601.0153178153 1603.9630056697 1606.910693524 1609.8583813784 1612.8060692327 1615.7537570871 1618.7014449414 1621.6491327958 1624.5968206501 1627.5445085045 1630.4921963589 1633.4398842132 
PWRWND005 1659.0 1654.3 1649.7 1645.1 1640.4 1635.8 1634.2885588566 1637.3771177133 1640.4656765699 1643.5542354266 1646.6427942832 1649.7313531399 1652.8199119965 1655.9084708531 1658.9970297098 1662.0855885664 1665.1741474231 1668.2627062797 1671.3512651364 1674.439823993 1677.5283828497 1680.6169417063 1683.7055005629 1686.7940594196 1689.8826182762 1692.9711771329 1696.0597359895 1699.1482948462 1702.2368537028 1705.3254125594 1708.4139714161 1711.5025302727 
PWRWND006 1556.5 1552.1 1547.8 1543.4 1539.0 1534.7 1533.2977013697 1536.1954027393 1539.093104109 1541.9908054787 1544.8885068484 1547.786208218 1550.6839095877 1553.5816109574 1556.479312327 1559.3770136967 1562.2747150664 1565.172416436 1568.0701178057 1570.9678191754 1573.8655205451 1576.7632219147 1579.6609232844 1582.5586246541 1585.4563260237 1588.3540273934 1591.2517287631 1594.1494301328 1597.0471315024 1599.9448328721 1602.8425342418 1605.7402356114 
PWRWND007 1789.7 1784.6 1779.7 1774.7 1769.6 1764.6 1763.031864284 1766.363728568 1769.695592852 1773.0274571359 1776.3593214199 1779.6911857039 1783.0230499879 1786.3549142719 1789.6867785559 1793.0186428398 1796.3505071238 1799.6823714078 1803.0142356918 1806.3460999758 1809.6779642598 1813.0098285438 1816.3416928277 1819.6735571117 1823.0054213957 1826.3372856797 1829.6691499637 1833.0010142477 1836.3328785316 1839.6647428156 1842.9966070996 1846.3284713836 
PWRWND008 1922.4 1916.9 1911.6 1906.3 1900.8 1895.5 1893.7789565662 1897.3579131325 1900.9368696987 1904.5158262649 1908.0947828311 1911.6737393974 1915.2526959636 1918.8316525298 1922.410609096 1925.9895656623 1929.5685222285 1933.1474787947 1936.7264353609 1940.3053919272 1943.8843484934 1947.4633050596 1951.0422616258 1954.6212181921 1958.2001747583 1961.7791313245 1965.3580878907 1968.937044457 1972.5160010232 1976.0949575894 1979.6739141556 1983.2528707219 
PWRWND009 1700.6 1695.8 1691.1 1686.3 1681.5 1676.8 1675.2660000394 1678.4320000787 1681.5980001181 1684.7640001574 1687.9300001968 1691.0960002361 1694.2620002755 1697.4280003148 1700.5940003542 1703.7600003935 1706.9260004329 1710.0920004722 1713.2580005116 1716.4240005509 1719.5900005903 1722.7560006297 1725.922000669 1729.0880007084 1732.2540007477 1735.4200007871 1738.5860008264 1741.7520008658 1744.9180009051 1748.0840009445 1751.2500009838 1754.4160010232 
PWRWND010 1672.8 1668.0 1663.4 1658.8 1654.0 1649.4 1647.8141201272 1650.9282402544 1654.0423603817 1657.1564805089 1660.2706006361 1663.3847207633 1666.4988408905 1669.6129610178 1672.727081145 1675.8412012722 1678.9553213994 1682.0694415266 1685.1835616539 1688.2976817811 1691.4118019083 1694.5259220355 1697.6400421627 1700.75416229 1703.8682824172 1706.9824025444 1710.0965226716 1713.2106427988 1716.3247629261 1719.4388830533 1722.5530031805 1725.6671233077 
PWRWND011 1810.85 1804.82 1798.8 1792.81 1786.84 1780.88 1778.3107390526 1781.6714781052 1785.0322171578 1788.3929562104 1791.753695263 1795.1144343156 1798.4751733682 1801.8359124208 1805.1966514734 1808.557390526 1811.9181295786 1815.2788686312 1818.6396076838 1822.0003467364 1825.361085789 1828.7218248416 1832.0825638942 1835.4433029468 1838.8040419994 1842.164781052 1845.5255201046 1848.8862591572 1852.2469982098 1855.6077372624 1858.968476315 1862.3292153676 
;

param FixedCost default 0.0 :=
[RE1,*,*]:
2019 2020 2021 2022 2023 2024 2025 2026 2027 2028 2029 2030 2031 2032 2033 2034 2035 2036 2037 2038 2039 2040 2041 2042 2043 2044 2045 2046 2047 2048 2049 2050 :=
BACKSTOP 999.0 999.0 999.0 999.0 999.0 999.0 999.0 999.0 999.0 999.0 999.0 999.0 999.0 999.0 999.0 999.0 999.0 999.0 999.0 999.0 999.0 999.0 999.0 999.0 999.0 999.0 999.0 999.0 999.0 999.0 999.0 999.0 
BESS_TECH 37.1 36.2 35.4 34.6 33.8 33.1 32.3 31.6 30.9 30.2 29.5 28.9 28.2 27.6 26.9 26.3 25.7 25.2 24.6 24.0 23.5 23.0 22.5 22.0 21.5 21.0 20.5 20.0 19.6 19.1 18.7 18.3 
PWRBIO001 75.0 75.0 75.0 75.0 75.0 75.0 75.0 75.0 75.0 75.0 75.0 75.0 75.0 75.0 75.0 75.0 75.0 75.0 75.0 75.0 75.0 75.0 75.0 75.0 75.0 75.0 75.0 75.0 75.0 75.0 75.0 75.0 
PWRCOA001 66.0 66.0 66.0 66.0 66.0 66.0 66.0 66.0 66.0 66.0 66.0 66.0 66.0 66.0 66.0 66.0 66.0 66.0 66.0 66.0 66.0 66.0 66.0 66.0 66.0 66.0 66.0 66.0 66.0 66.0 66.0 66.0 
PWRGEO001 150.0 150.0 150.0 150.0 150.0 150.0 150.0 150.0 150.0 150.0 150.0 150.0 150.0 150.0 150.0 150.0 150.0 150.0 150.0 150.0 150.0 150.0 150.0 150.0 150.0 150.0 150.0 150.0 150.0 150.0 150.0 150.0 
PWRGEO002 150.0 150.0 150.0 150.0 150.0 150.0 150.0 150.0 150.0 150.0 150.0 150.0 150.0 150.0 150.0 150.0 150.0 150.0 150.0 150.0 150.0 150.0 150.0 150.0 150.0 150.0 150.0 150.0 150.0 150.0 150.0 150.0 
PWRGEO003 150.0 150.0 150.0 150.0 150.0 150.0 150.0 150.0 150.0 150.0 150.0 150.0 150.0 150.0 150.0 150.0 150.0 150.0 150.0 150.0 150.0 150.0 150.0 150.0 150.0 150.0 150.0 150.0 150.0 150.0 150.0 150.0 
PWRGEO004 150.0 150.0 150.0 150.0 150.0 150.0 150.0 150.0 150.0 150.0 150.0 150.0 150.0 150.0 150.0 150.0 150.0 150.0 150.0 150.0 150.0 150.0 150.0 150.0 150.0 150.0 150.0 150.0 150.0 150.0 150.0 150.0 
PWRGEO005 150.0 150.0 150.0 150.0 150.0 150.0 150.0 150.0 150.0 150.0 150.0 150.0 150.0 150.0 150.0 150.0 150.0 150.0 150.0 150.0 150.0 150.0 150.0 150.0 150.0 150.0 150.0 150.0 150.0 150.0 150.0 150.0 
PWRGEO006 150.0 150.0 150.0 150.0 150.0 150.0 150.0 150.0 150.0 150.0 150.0 150.0 150.0 150.0 150.0 150.0 150.0 150.0 150.0 150.0 150.0 150.0 150.0 150.0 150.0 150.0 150.0 150.0 150.0 150.0 150.0 150.0 
PWRGEO007 150.0 150.0 150.0 150.0 150.0 150.0 150.0 150.0 150.0 150.0 150.0 150.0 150.0 150.0 150.0 150.0 150.0 150.0 150.0 150.0 150.0 150.0 150.0 150.0 150.0 150.0 150.0 150.0 150.0 150.0 150.0 150.0 
PWRHFO001 31.5 31.5 31.5 31.5 31.5 31.5 31.5 31.5 31.5 31.5 31.5 31.5 31.5 31.5 31.5 31.5 31.5 31.5 31.5 31.5 31.5 31.5 31.5 31.5 31.5 31.5 31.5 31.5 31.5 31.5 31.5 31.5 
PWRHYD001 25.0 25.0 25.0 25.0 25.0 25.0 25.0 25.0 25.0 25.0 25.0 25.0 25.0 25.0 25.0 25.0 25.0 25.0 25.0 25.0 25.0 25.0 25.0 25.0 25.0 25.0 25.0 25.0 25.0 25.0 25.0 25.0 
PWRHYD002 25.0 25.0 25.0 25.0 25.0 25.0 25.0 25.0 25.0 25.0 25.0 25.0 25.0 25.0 25.0 25.0 25.0 25.0 25.0 25.0 25.0 25.0 25.0 25.0 25.0 25.0 25.0 25.0 25.0 25.0 25.0 25.0 
PWRHYD003 25.0 25.0 25.0 25.0 25.0 25.0 25.0 25.0 25.0 25.0 25.0 25.0 25.0 25.0 25.0 25.0 25.0 25.0 25.0 25.0 25.0 25.0 25.0 25.0 25.0 25.0 25.0 25.0 25.0 25.0 25.0 25.0 
PWRHYD004 25.0 25.0 25.0 25.0 25.0 25.0 25.0 25.0 25.0 25.0 25.0 25.0 25.0 25.0 25.0 25.0 25.0 25.0 25.0 25.0 25.0 25.0 25.0 25.0 25.0 25.0 25.0 25.0 25.0 25.0 25.0 25.0 
PWRHYD005 25.0 25.0 25.0 25.0 25.0 25.0 25.0 25.0 25.0 25.0 25.0 25.0 25.0 25.0 25.0 25.0 25.0 25.0 25.0 25.0 25.0 25.0 25.0 25.0 25.0 25.0 25.0 25.0 25.0 25.0 25.0 25.0 
PWRLFO001 20.9 20.9 20.9 20.9 20.9 20.9 20.9 20.9 20.9 20.9 20.9 20.9 20.9 20.9 20.9 20.9 20.9 20.9 20.9 20.9 20.9 20.9 20.9 20.9 20.9 20.9 20.9 20.9 20.9 20.9 20.9 20.9 
PWRNGS001 30.8 30.8 30.8 30.8 30.8 30.8 30.8 30.8 30.8 30.8 30.8 30.8 30.8 30.8 30.8 30.8 30.8 30.8 30.8 30.8 30.8 30.8 30.8 30.8 30.8 30.8 30.8 30.8 30.8 30.8 30.8 30.8 
PWRPHS001 14.86 14.86 14.86 14.86 14.86 14.86 14.86 14.86 14.86 14.86 14.86 14.86 14.86 14.86 14.86 14.86 14.86 14.86 14.86 14.86 14.86 14.86 14.86 14.86 14.86 14.86 14.86 14.86 14.86 14.86 14.86 14.86 
PWRPHS002 14.86 14.86 14.86 14.86 14.86 14.86 14.86 14.86 14.86 14.86 14.86 14.86 14.86 14.86 14.86 14.86 14.86 14.86 14.86 14.86 14.86 14.86 14.86 14.86 14.86 14.86 14.86 14.86 14.86 14.86 14.86 14.86 
PWRSOL001 26.4 25.7 25.03 24.37 23.73 23.1 22.49 21.9 21.32 20.76 20.22 19.68 19.17 18.66 18.17 17.69 17.22 16.77 16.33 15.9 15.48 15.07 15.07 15.07 15.07 15.07 15.07 15.07 15.07 15.07 15.07 15.07 
PWRSOL002 26.4 25.7 25.03 24.37 23.73 23.1 22.49 21.9 21.32 20.76 20.22 19.68 19.17 18.66 18.17 17.69 17.22 16.77 16.33 15.9 15.48 15.07 15.07 15.07 15.07 15.07 15.07 15.07 15.07 15.07 15.07 15.07 
PWRURN001 7.5 7.5 7.5 7.5 7.5 7.5 7.5 7.5 7.5 7.5 7.5 7.5 7.5 7.5 7.5 7.5 7.5 7.5 7.5 7.5 7.5 7.5 7.5 7.5 7.5 7.5 7.5 7.5 7.5 7.5 7.5 7.5 
PWRWND001 76.1 75.85 75.59 75.34 75.09 74.84 74.59 74.34 74.1 73.85 73.6 73.36 73.11 72.87 72.63 72.38 72.14 71.9 71.66 71.42 71.19 70.95 70.95 70.95 70.95 70.95 70.95 70.95 70.95 70.95 70.95 70.95 
PWRWND002 76.1 75.85 75.59 75.34 75.09 74.84 74.59 74.34 74.1 73.85 73.6 73.36 73.11 72.87 72.63 72.38 72.14 71.9 71.66 71.42 71.19 70.95 70.95 70.95 70.95 70.95 70.95 70.95 70.95 70.95 70.95 70.95 
PWRWND003 76.1 75.85 75.59 75.34 75.09 74.84 74.59 74.34 74.1 73.85 73.6 73.36 73.11 72.87 72.63 72.38 72.14 71.9 71.66 71.42 71.19 70.95 70.95 70.95 70.95 70.95 70.95 70.95 70.95 70.95 70.95 70.95 
PWRWND004 76.1 75.85 75.59 75.34 75.09 74.84 74.59 74.34 74.1 73.85 73.6 73.36 73.11 72.87 72.63 72.38 72.14 71.9 71.66 71.42 71.19 70.95 70.95 70.95 70.95 70.95 70.95 70.95 70.95 70.95 70.95 70.95 
PWRWND005 76.1 75.85 75.59 75.34 75.09 74.84 74.59 74.34 74.1 73.85 73.6 73.36 73.11 72.87 72.63 72.38 72.14 71.9 71.66 71.42 71.19 70.95 70.95 70.95 70.95 70.95 70.95 70.95 70.95 70.95 70.95 70.95 
PWRWND006 76.1 75.85 75.59 75.34 75.09 74.84 74.59 74.34 74.1 73.85 73.6 73.36 73.11 72.87 72.63 72.38 72.14 71.9 71.66 71.42 71.19 70.95 70.95 70.95 70.95 70.95 70.95 70.95 70.95 70.95 70.95 70.95 
PWRWND007 76.1 75.85 75.59 75.34 75.09 74.84 74.59 74.34 74.1 73.85 73.6 73.36 73.11 72.87 72.63 72.38 72.14 71.9 71.66 71.42 71.19 70.95 70.95 70.95 70.95 70.95 70.95 70.95 70.95 70.95 70.95 70.95 
PWRWND008 76.1 75.85 75.59 75.34 75.09 74.84 74.59 74.34 74.1 73.85 73.6 73.36 73.11 72.87 72.63 72.38 72.14 71.9 71.66 71.42 71.19 70.95 70.95 70.95 70.95 70.95 70.95 70.95 70.95 70.95 70.95 70.95 
PWRWND009 76.1 75.85 75.59 75.34 75.09 74.84 74.59 74.34 74.1 73.85 73.6 73.36 73.11 72.87 72.63 72.38 72.14 71.9 71.66 71.42 71.19 70.95 70.95 70.95 70.95 70.95 70.95 70.95 70.95 70.95 70.95 70.95 
PWRWND010 76.1 75.85 75.59 75.34 75.09 74.84 74.59 74.34 74.1 73.85 73.6 73.36 73.11 72.87 72.63 72.38 72.14 71.9 71.66 71.42 71.19 70.95 70.95 70.95 70.95 70.95 70.95 70.95 70.95 70.95 70.95 70.95 
PWRWND011 76.1 75.85 75.59 75.34 75.09 74.84 74.59 74.34 74.1 73.85 73.6 73.36 73.11 72.87 72.63 72.38 72.14 71.9 71.66 71.42 71.19 70.95 70.95 70.95 70.95 70.95 70.95 70.95 70.95 70.95 70.95 70.95 
;

param ResidualCapacity default 0.0 :=
[RE1,*,*]:
2019 2020 2021 2022 2023 2024 2025 2026 2027 2028 2029 2030 2031 2032 2033 2034 2035 2036 2037 2038 2039 2040 2041 2042 2043 2044 2045 2046 2047 2048 2049 2050 :=
IMPELC002 0.05 0.05 0.05 0.05 0.05 0.05 0.05 0.0 0.0 0.0 0.0 0.0 0.0 0.0 0.0 0.0 0.0 0.0 0.0 0.0 0.0 0.0 0.0 0.0 0.0 0.0 0.0 0.0 0.0 0.0 0.0 0.0 
PWRBIO001 0.002 0.002 0.002 0.002 0.002 0.002 0.002 0.002 0.002 0.002 0.002 0.002 0.002 0.002 0.002 0.002 0.002 0.002 0.002 0.002 0.002 0.002 0.002 0.002 0.0 0.0 0.0 0.0 0.0 0.0 0.0 0.0 
PWRDIST 1.578 1.578 1.578 1.578 1.578 1.578 1.578 1.578 1.578 1.578 1.578 1.578 1.578 1.578 1.578 1.578 1.578 1.578 1.578 1.578 1.578 1.578 1.578 1.578 1.578 1.578 1.578 1.578 1.578 1.578 1.578 1.578 
PWRGEO001 0.7911 0.7911 0.7911 0.7911 0.7911 0.7611 0.7611 0.7611 0.7165 0.7165 0.6155 0.6155 0.588 0.588 0.588 0.588 0.588 0.588 0.588 0.5484 0.5308 0.3908 0.2218 0.2218 0.158 0.158 0.0 0.0 0.0 0.0 0.0 0.0 
PWRHFO001 0.6404 0.6404 0.6404 0.6404 0.6404 0.6404 0.5804 0.5064 0.5064 0.5064 0.5064 0.4178 0.3028 0.3028 0.3028 0.1355 0.083 0.0 0.0 0.0 0.0 0.0 0.0 0.0 0.0 0.0 0.0 0.0 0.0 0.0 0.0 0.0 
PWRHYD001 0.1 0.1 0.1 0.1 0.1 0.1 0.1 0.1 0.1 0.1 0.1 0.1 0.1 0.1 0.1 0.1 0.1 0.1 0.1 0.1 0.1 0.1 0.1 0.02 0.02 0.02 0.02 0.02 0.02 0.02 0.02 0.02 
PWRHYD002 0.58 0.58 0.58 0.58 0.58 0.58 0.58 0.58 0.58 0.58 0.58 0.58 0.58 0.58 0.58 0.58 0.58 0.58 0.58 0.58 0.58 0.58 0.58 0.58 0.58 0.58 0.58 0.58 0.58 0.58 0.58 0.58 
PWRHYD003 0.105 0.105 0.105 0.105 0.105 0.105 0.105 0.105 0.105 0.105 0.105 0.105 0.105 0.105 0.105 0.105 0.105 0.105 0.105 0.105 0.105 0.105 0.105 0.105 0.105 0.105 0.105 0.105 0.105 0.105 0.105 0.105 
PWRHYD005 0.0195 0.0195 0.0195 0.0195 0.0195 0.0195 0.0195 0.0195 0.0195 0.0195 0.0195 0.0195 0.0195 0.0195 0.0195 0.0195 0.0195 0.0195 0.0195 0.0195 0.0195 0.0195 0.0195 0.0195 0.0195 0.0195 0.0195 0.0195 0.0195 0.0195 0.0195 0.0195 
PWRLFO001 0.028 0.028 0.028 0.028 0.028 0.028 0.0 0.0 0.0 0.0 0.0 0.0 0.0 0.0 0.0 0.0 0.0 0.0 0.0 0.0 0.0 0.0 0.0 0.0 0.0 0.0 0.0 0.0 0.0 0.0 0.0 0.0 
PWRSOL001 0.05025 0.05025 0.05025 0.05025 0.05025 0.05025 0.05025 0.05025 0.05025 0.05025 0.05025 0.05025 0.05025 0.05025 0.05025 0.05025 0.05025 0.05025 0.05025 0.0 0.0 0.0 0.0 0.0 0.0 0.0 0.0 0.0 0.0 0.0 0.0 0.0 
PWRTRN 1.578 1.578 1.578 1.578 1.578 1.578 1.578 1.578 1.578 1.578 1.578 1.578 1.578 1.578 1.578 1.578 1.578 1.578 1.578 1.578 1.578 1.578 1.578 1.578 1.578 1.578 1.578 1.578 1.578 1.578 1.578 1.578 
PWRWND004 0.3 0.3 0.3 0.3 0.3 0.3 0.3 0.3 0.3 0.3 0.3 0.3 0.3 0.3 0.3 0.3 0.3 0.3 0.3 0.0 0.0 0.0 0.0 0.0 0.0 0.0 0.0 0.0 0.0 0.0 0.0 0.0 
PWRWND008 0.0255 0.0255 0.0255 0.0255 0.0255 0.0255 0.0255 0.0255 0.0255 0.0204 0.0204 0.0204 0.0204 0.0204 0.0204 0.0204 0.0 0.0 0.0 0.0 0.0 0.0 0.0 0.0 0.0 0.0 0.0 0.0 0.0 0.0 0.0 0.0 
;

param TotalAnnualMaxCapacity default 999999.0 :=
[RE1,*,*]:
2019 2020 2021 2022 2023 2024 2025 2026 2027 2028 2029 2030 2031 2032 2033 2034 2035 2036 2037 2038 2039 2040 2041 2042 2043 2044 2045 2046 2047 2048 2049 2050 :=
BESS_TECH 0 0 0 0 0 0.1 0.25 9999 9999 9999 9999 9999 9999 9999 9999 9999 9999 9999 9999 9999 9999 9999 9999 9999 9999 9999 9999 9999 9999 9999 9999 9999 
IMPELC001 0 0 0 0.2 0.2 0.2 0.2 0.4 0.4 0.4 0.4 0.4 0.4 0.4 0.4 0.4 0.4 0.4 0.4 0.4 0.4 0.4 0.4 0.4 0.4 0.4 0.4 0.4 0.4 0.4 0.4 0.4 
IMPELC002 0.05 0.05 0.05 0.05 0.05 0.05 0.05 0 0 0 0 0 0 0 0 0 0 0 0 0 0 0 0 0 0 0 0 0 0 0 0 0 
PWRBIO001 0.002 0.002 0.002 0.002 0.0034 0.0034 0.0034 0.0134 0.0134 0.0214 0.0214 0.0696 0.0896 0.1004 0.1034 0.1094 0.1097 0.1186 0.1275 0.1364 0.1453 0.1542 0.1631 0.172 0.1809 0.1898 0.1987 0.2076 0.2165 0.2254 0.2343 0.2432 
PWRCOA001 0 0 0 0 0 0 0 0 0 0 0 0 0 0 0 0 0 0 0 0 0 0 0 0 0 0 0 0 0 0 0 0 
PWRGEO001 0.7911 0.7911 0.7911 0.8744 0.8744 0.8444 0.9064 0.9264 0.8818 0.9068 1.0858 1.0858 1.0583 1.0583 1.0583 1.1983 1.1983 1.3383 1.3383 1.2987 1.2811 1.1411 0.9721 0.9721 0.9083 0.9083 0.7503 0.7503 0.667 0.667 0.667 0.647 
PWRGEO002 0 0 0 0 0.035 0.035 0.07 0.07 0.07 0.105 0.105 0.105 0.105 0.105 0.105 0.105 0.105 0.105 0.205 0.205 0.265 0.465 0.465 0.465 0.465 0.465 0.465 0.465 0.465 0.43 0.43 0.395 
PWRGEO003 0 0 0 0 0 0 0 0 0 0 0 0 0.033 0.033 0.033 0.033 0.033 0.033 0.033 0.033 0.033 0.1 0.1 0.1 0.1 0.1 0.1 0.1 0.1 0.1 0.1 0.1 
PWRGEO004 0 0 0 0 0 0 0 0 0 0 0 0 0 0 0 0 0 0 0 0.1 0.2 0.3 0.3 0.3 0.3 0.3 0.3 0.3 0.3 0.3 0.3 0.3 
PWRGEO005 0 0 0 0 0 0 0 0 0 0 0 0 0.035 0.035 0.035 0.035 0.035 0.035 0.035 0.035 0.035 0.07 0.07 0.07 0.07 0.07 0.07 0.07 0.07 0.07 0.07 0.07 
PWRGEO006 0.0 0.0 0.0 0.0 0.0 0.0 0.1515116373 0.3030232746 0.4545349119 0.6060465492 0.7575581865 0.9090698239 1.0605814612 1.2120930985 1.3636047358 1.5151163731 1.6666280104 1.8181396477 1.969651285 2.1211629223 2.2726745596 2.424186197 2.5756978343 2.7272094716 2.8787211089 3.0302327462 3.1817443835 3.3332560208 3.4847676581 3.6362792954 3.7877909327 3.93930257 
PWRGEO007 0 0 0 0 0 0 0 0 0 0 0 0 0 0 0 0 0 0 0 0 0 0 0 0 0 0 0 0 0 0 0 0 
PWRHFO001 0.6404 0.6404 0.6404 0.6404 0.6404 0.6404 0.5804 0.5064 0.5064 0.5064 0.5064 0.4178 0.3028 0.3028 0.3028 0.1355 0.083 0 0 0 0 0 0 0 0 0 0 0 0 0 0 0 
PWRHYD001 0.1 0.1 0.1 0.1 0.1 0.1 0.1 0.1 0.1 0.1 0.1 0.1 0.1 0.1 0.1 0.1 0.1 0.1 0.1 0.1 0.1 0.1 0.1 0.02 0.02 0.02 0.02 0.02 0.02 0.02 0.02 0.02 
PWRHYD002 0.58 0.58 0.58 0.58 0.58 0.58 0.58 0.58 0.58 0.58 0.58 0.58 0.67 0.67 0.67 0.67 0.67 0.67 0.67 0.67 0.67 0.67 0.67 0.67 0.67 0.67 0.67 0.67 0.67 0.67 0.67 0.67 
PWRHYD003 0.105 0.105 0.105 0.105 0.105 0.105 0.105 0.105 0.105 0.105 0.105 0.105 0.105 0.105 0.105 0.105 0.105 0.105 0.105 0.105 0.105 0.105 0.105 0.105 0.105 0.105 0.105 0.105 0.105 0.105 0.105 0.105 
PWRHYD004 0 0 0 0 0 0 0 0 0 0 0 0 0.198 0.693 0.693 0.693 0.693 0.693 0.693 0.693 0.693 0.693 0.693 0.693 0.693 0.693 0.693 0.693 0.693 0.693 0.693 0.693 
PWRHYD005 0.0195 0.0195 0.0195 0.0195 0.0268 0.0293 0.0296 0.1523 0.1724 0.1855 0.2038 0.2524 0.2936 0.326 0.3739 0.416 0.4664 0.5147 0.5407 0.569 0.5999 0.6338 0.6708 0.7113 0.7555 0.8038 0.8568 0.9146 0.9779 1.047 1.1226 1.2053 
PWRLFO001 0.056 0.056 0.056 0.056 0.056 0.056 0 0 0 0 0 0 0 0 0 0 0 0 0 0 0 0 0 0 0 0 0 0 0 0 0 0 
PWRNGS001 0 0 0 0 0 0 0 9999 9999 9999 9999 9999 9999 9999 9999 9999 9999 9999 9999 9999 9999 9999 9999 9999 9999 9999 9999 9999 9999 9999 9999 9999 
PWRPHS001 0 0 0 0 0 0 0 0 0 0 0 0 0 0 0 0.3 0.3 0.3 0.3 0.3 0.3 0.3 0.3 0.3 0.3 0.3 0.3 0.3 0.3 0.3 0.3 0.3 
PWRPHS002 0 0 0 0 0 0 0 0 0 0 0 0 0 0 0 0.3 0.3 0.3 0.3 0.3 0.3 0.3 0.3 0.3 0.3 0.3 0.3 0.3 0.3 0.3 0.3 0.3 
PWRSOL001 0.1 0.1 0.26 0.34 0.424 0.504 5.304 5.384 5.968 6.168 6.628 7.108 7.508 7.908 8.308 8.708 9.108 9.508 10.108 10.608 11.008 11.608 12.248 12.768 13.286 14.006 14.806 15.526 16.326 17.326 18.126 19.326 
PWRSOL002 0 0 0 0 0 0 0 0 0 0 0 0 0 0 0 0 0 0 0 0 0 0 0 0 0 0 0 0 0 0 0 0 
PWRURN001 0 0 0 0 0 0 0 0 0 0 0 0 0 0 0 0 0 0 0 0 0 0 0.2913 0.2913 0.2913 0.2913 0.5826 0.5826 0.5826 0.5826 0.8739 0.8739 
PWRWND001 0 0 0 0 0 0 0.27 0.29 0.31 0.34 0.37 0.4 0.44 0.48 0.51 0.55 0.6 0.65 0.71 0.77 0.83 0.9 0.97 1.05 1.14 1.23 1.33 1.44 1.56 1.68 1.82 1.97 
PWRWND002 0 0 0 0 0 0 0.27 0.29 0.31 0.34 0.37 0.4 0.44 0.48 0.51 0.55 0.6 0.65 0.71 0.77 0.83 0.9 0.97 1.05 1.14 1.23 1.33 1.44 1.56 1.68 1.82 1.97 
PWRWND003 0 0 0 0 0 0 0.27 0.29 0.31 0.34 0.37 0.4 0.44 0.48 0.51 0.55 0.6 0.65 0.71 0.77 0.83 0.9 0.97 1.05 1.14 1.23 1.33 1.44 1.56 1.68 1.82 1.97 
PWRWND004 0.3 0.3 0.3 0.3 0.3 0.3 0.57 0.59 0.61 0.74 0.77 0.8 0.84 0.88 0.91 0.95 1 1.05 1.11 0.97 0.93 1 1.07 1.15 1.24 1.33 1.43 1.54 1.66 1.78 1.92 2.07 
PWRWND005 0 0 0 0 0 0 0.27 0.29 0.31 0.34 0.37 0.4 0.44 0.48 0.51 0.55 0.56 0.56 0.56 0.56 0.56 0.56 0.56 0.56 0.56 0.56 0.56 0.56 0.56 0.56 0.56 0.56 
PWRWND006 0 0 0 0 0 0 0.27 0.29 0.31 0.34 0.37 0.4 0.44 0.48 0.51 0.55 0.6 0.65 0.71 0.77 0.83 0.9 0.97 1.05 1.14 1.23 1.33 1.44 1.56 1.68 1.82 1.97 
PWRWND007 0 0 0 0 0 0 0.27 0.29 0.31 0.34 0.37 0.4 0.44 0.48 0.51 0.55 0.6 0.65 0.71 0.77 0.83 0.9 0.97 1.05 1.14 1.23 1.33 1.44 1.56 1.68 1.82 1.97 
PWRWND008 0.026 0.026 0.126 0.126 0.126 0.126 0.407 0.477 0.497 0.521 0.551 0.581 0.621 0.661 0.691 0.731 0.761 0.811 0.871 0.931 0.991 1.061 1.031 1.111 1.201 1.291 1.38 1.44 1.56 1.64 1.64 1.64 
PWRWND009 0 0 0 0 0 0 0.27 0.29 0.31 0.34 0.37 0.4 0.44 0.48 0.51 0.55 0.6 0.65 0.71 0.77 0.83 0.9 0.97 1.05 1.14 1.23 1.33 1.44 1.56 1.68 1.82 1.97 
PWRWND010 0 0 0 0 0 0 0.27 0.29 0.31 0.34 0.37 0.4 0.44 0.48 0.51 0.55 0.6 0.65 0.71 0.77 0.83 0.9 0.97 1.05 1.14 1.23 1.33 1.44 1.56 1.68 1.82 1.97 
PWRWND011 0 0 0 0 0 0 0 0 0 0 0 0 0 0 0 0 0 0 0 0 0 0 0 0 0 0 0 0 0 0 0 0 
;

param TotalAnnualMaxCapacityInvestment default 999999.0 :=
[RE1,*,*]:
2019 2020 2021 2022 2023 2024 2025 2026 2027 2028 2029 2030 2031 2032 2033 2034 2035 2036 2037 2038 2039 2040 2041 2042 2043 2044 2045 2046 2047 2048 2049 2050 :=
PWRHFO001 0 0 0 0 0 0 0 0 0 0 0 0 0 0 0 0 0 0 0 0 0 0 0 0 0 0 0 0 0 0 0 0 
PWRLFO001 0 0 0 0 0 0 0 0 0 0 0 0 0 0 0 0 0 0 0 0 0 0 0 0 0 0 0 0 0 0 0 0 
;

param TotalAnnualMinCapacity default 0.0 :=
[RE1,*,*]:
2019 2020 2021 2022 2023 2024 2025 2026 2027 2028 2029 2030 2031 2032 2033 2034 2035 2036 2037 2038 2039 2040 2041 2042 2043 2044 2045 2046 2047 2048 2049 2050 :=
IMPELC001 0.0 0.0 0.0 0.2 0.2 0.2 0.2 0.4 0.4 0.4 0.4 0.4 0.4 0.4 0.4 0.4 0.4 0.4 0.4 0.4 0.4 0.4 0.4 0.4 0.4 0.4 0.4 0.4 0.4 0.4 0.4 0.4 
IMPELC002 0.05 0.05 0.05 0.05 0.05 0.05 0.05 0.0 0.0 0.0 0.0 0.0 0.0 0.0 0.0 0.0 0.0 0.0 0.0 0.0 0.0 0.0 0.0 0.0 0.0 0.0 0.0 0.0 0.0 0.0 0.0 0.0 
PWRBIO001 0.002 0.002 0.002 0.002 0.0034 0.0034 0.0034 0.0134 0.0134 0.0214 0.0214 0.0696 0.0896 0.1004 0.1034 0.1094 0.1097 0.1097 0.1097 0.1097 0.1097 0.1097 0.1097 0.1097 0.1077 0.1077 0.1077 0.1077 0.1077 0.1077 0.1077 0.1077 
PWRHYD005 0.0195 0.0195 0.0195 0.0195 0.0268 0.0293 0.0296 0.0388 0.0484 0.0499 0.0555 0.0902 0.1162 0.1322 0.1619 0.1842 0.213 0.2376 0.2376 0.2376 0.2376 0.2376 0.2376 0.2376 0.2376 0.2376 0.2376 0.2376 0.2376 0.2376 0.2376 0.2376 
PWRSOL001 0.0 0.0 0.08 0.12 0.1615 0.2015 0.2015 0.2415 0.2415 0.2415 0.2415 0.2415 0.2415 0.2415 0.2415 0.2415 0.2415 0.2415 0.2415 0.2415 0.2415 0.2415 0.1615 0.1215 0.08 0.04 0.04 0.0 0.0 0.0 0.0 0.0 
PWRWND003 0.0 0.0 0.0 0.0 0.0 0.0 0.011 0.011 0.011 0.011 0.011 0.011 0.011 0.011 0.011 0.011 0.011 0.011 0.011 0.011 0.011 0.011 0.011 0.011 0.011 0.011 0.0 0.0 0.0 0.0 0.0 0.0 
PWRWND008 0.0 0.0 0.1 0.1 0.1 0.1 0.111 0.161 0.161 0.161 0.161 0.161 0.161 0.161 0.161 0.161 0.161 0.161 0.161 0.161 0.161 0.161 0.061 0.061 0.061 0.061 0.05 0.0 0.0 0.0 0.0 0.0 
;

param VariableCost default 0.0001 :=
[RE1,BACKSTOP,*,*]:
2019 2020 2021 2022 2023 2024 2025 2026 2027 2028 2029 2030 2031 2032 2033 2034 2035 2036 2037 2038 2039 2040 2041 2042 2043 2044 2045 2046 2047 2048 2049 2050 :=
1 99.0 99.0 99.0 99.0 99.0 99.0 99.0 99.0 99.0 99.0 99.0 99.0 99.0 99.0 99.0 99.0 99.0 99.0 99.0 99.0 99.0 99.0 99.0 99.0 99.0 99.0 99.0 99.0 99.0 99.0 99.0 99.0 
[RE1,IMPBIO,*,*]:
2019 2020 2021 2022 2023 2024 2025 2026 2027 2028 2029 2030 2031 2032 2033 2034 2035 2036 2037 2038 2039 2040 2041 2042 2043 2044 2045 2046 2047 2048 2049 2050 :=
1 1.76 1.76 1.76 1.76 1.76 1.76 1.7979461089 1.8358922178 1.8738383267 1.9117844356 1.9497305445 1.9876766534 2.0256227623 2.0635688712 2.1015149801 2.139461089 2.1774071979 2.2153533068 2.2532994156 2.2912455245 2.3291916334 2.3671377423 2.4050838512 2.4430299601 2.480976069 2.5189221779 2.5568682868 2.5948143957 2.6327605046 2.6707066135 2.7086527224 2.7465988313 
[RE1,IMPCOA,*,*]:
2019 2020 2021 2022 2023 2024 2025 2026 2027 2028 2029 2030 2031 2032 2033 2034 2035 2036 2037 2038 2039 2040 2041 2042 2043 2044 2045 2046 2047 2048 2049 2050 :=
1 2.52 2.51 2.51 2.51 2.51 2.51 2.5635007229 2.6170014457 2.6705021686 2.7240028915 2.7775036143 2.8310043372 2.88450506 2.9380057829 2.9915065058 3.0450072286 3.0985079515 3.1520086744 3.2055093972 3.2590101201 3.312510843 3.3660115658 3.4195122887 3.4730130115 3.5265137344 3.5800144573 3.6335151801 3.687015903 3.7405166259 3.7940173487 3.8475180716 3.9010187944 
[RE1,IMPELC001,*,*]:
2019 2020 2021 2022 2023 2024 2025 2026 2027 2028 2029 2030 2031 2032 2033 2034 2035 2036 2037 2038 2039 2040 2041 2042 2043 2044 2045 2046 2047 2048 2049 2050 :=
1 18.056 18.056 18.056 18.056 18.056 18.056 18.056 18.056 18.056 18.056 18.056 18.056 18.056 18.056 18.056 18.056 18.056 18.056 18.056 18.056 18.056 18.056 18.056 18.056 18.056 18.056 18.056 18.056 18.056 18.056 18.056 18.056 
[RE1,IMPELC002,*,*]:
2019 2020 2021 2022 2023 2024 2025 2026 2027 2028 2029 2030 2031 2032 2033 2034 2035 2036 2037 2038 2039 2040 2041 2042 2043 2044 2045 2046 2047 2048 2049 2050 :=
1 27.778 27.778 27.778 27.778 27.778 27.778 27.778 27.778 27.778 27.778 27.778 27.778 27.778 27.778 27.778 27.778 27.778 27.778 27.778 27.778 27.778 27.778 27.778 27.778 27.778 27.778 27.778 27.778 27.778 27.778 27.778 27.778 
[RE1,IMPHFOMOM,*,*]:
2019 2020 2021 2022 2023 2024 2025 2026 2027 2028 2029 2030 2031 2032 2033 2034 2035 2036 2037 2038 2039 2040 2041 2042 2043 2044 2045 2046 2047 2048 2049 2050 :=
1 5.63 5.63 6.24 8.39 8.16 7.74 7.7555234544 8.0210469087 8.2865703631 8.5520938174 8.8176172718 9.0831407261 9.3486641805 9.6141876348 9.8797110892 10.1452345435 10.4107579979 10.6762814523 10.9418049066 11.207328361 11.4728518153 11.7383752697 12.003898724 12.2694221784 12.5349456327 12.8004690871 13.0659925414 13.3315159958 13.5970394502 13.8625629045 14.1280863589 14.3936098132 
[RE1,IMPHFONAI,*,*]:
2019 2020 2021 2022 2023 2024 2025 2026 2027 2028 2029 2030 2031 2032 2033 2034 2035 2036 2037 2038 2039 2040 2041 2042 2043 2044 2045 2046 2047 2048 2049 2050 :=
1 6.8 6.8 7.41 9.55 9.32 8.9 8.9405333898 9.2310667795 9.5216001693 9.8121335591 10.1026669488 10.3932003386 10.6837337283 10.9742671181 11.2648005079 11.5553338976 11.8458672874 12.1364006772 12.4269340669 12.7174674567 13.0080008464 13.2985342362 13.589067626 13.8796010157 14.1701344055 14.4606677953 14.751201185 15.0417345748 15.3322679646 15.6228013543 15.9133347441 16.2038681338 
[RE1,IMPLFOELD,*,*]:
2019 2020 2021 2022 2023 2024 2025 2026 2027 2028 2029 2030 2031 2032 2033 2034 2035 2036 2037 2038 2039 2040 2041 2042 2043 2044 2045 2046 2047 2048 2049 2050 :=
1 10.43 10.43 11.45 15.03 14.67 14.01 14.1180312981 14.6160625962 15.1140938944 15.6121251925 16.1101564906 16.6081877887 17.1062190869 17.604250385 18.1022816831 18.6003129812 19.0983442793 19.5963755775 20.0944068756 20.5924381737 21.0904694718 21.58850077 22.0865320681 22.5845633662 23.0825946643 23.5806259624 24.0786572606 24.5766885587 25.0747198568 25.5727511549 26.0707824531 26.5688137512 
[RE1,IMPNGS,*,*]:
2019 2020 2021 2022 2023 2024 2025 2026 2027 2028 2029 2030 2031 2032 2033 2034 2035 2036 2037 2038 2039 2040 2041 2042 2043 2044 2045 2046 2047 2048 2049 2050 :=
1 9.46 9.46 9.49 9.53 9.56 9.6 9.8696369348 10.1092738697 10.3489108045 10.5885477393 10.8281846741 11.067821609 11.3074585438 11.5470954786 11.7867324134 12.0263693483 12.2660062831 12.5056432179 12.7452801527 12.9849170876 13.2245540224 13.4641909572 13.703827892 13.9434648269 14.1831017617 14.4227386965 14.6623756313 14.9020125662 15.141649501 15.3812864358 15.6209233706 15.8605603055 
[RE1,IMPURN,*,*]:
2019 2020 2021 2022 2023 2024 2025 2026 2027 2028 2029 2030 2031 2032 2033 2034 2035 2036 2037 2038 2039 2040 2041 2042 2043 2044 2045 2046 2047 2048 2049 2050 :=
1 1.08 1.08 1.08 1.08 1.08 1.08 1.1032851123 1.1265702246 1.1498553368 1.1731404491 1.1964255614 1.2197106737 1.2429957859 1.2662808982 1.2895660105 1.3128511228 1.336136235 1.3594213473 1.3827064596 1.4059915719 1.4292766842 1.4525617964 1.4758469087 1.499132021 1.5224171333 1.5457022455 1.5689873578 1.5922724701 1.6155575824 1.6388426946 1.6621278069 1.6854129192 
[RE1,MINBIO,*,*]:
2019 2020 2021 2022 2023 2024 2025 2026 2027 2028 2029 2030 2031 2032 2033 2034 2035 2036 2037 2038 2039 2040 2041 2042 2043 2044 2045 2046 2047 2048 2049 2050 :=
1 1.6 1.6 1.6 1.6 1.6 1.6 1.6344964626 1.6689929253 1.7034893879 1.7379858505 1.7724823132 1.8069787758 1.8414752384 1.8759717011 1.9104681637 1.9449646263 1.979461089 2.0139575516 2.0484540142 2.0829504769 2.1174469395 2.1519434021 2.1864398648 2.2209363274 2.25543279 2.2899292527 2.3244257153 2.3589221779 2.3934186405 2.4279151032 2.4624115658 2.4969080284 
[RE1,MINCOA,*,*]:
2019 2020 2021 2022 2023 2024 2025 2026 2027 2028 2029 2030 2031 2032 2033 2034 2035 2036 2037 2038 2039 2040 2041 2042 2043 2044 2045 2046 2047 2048 2049 2050 :=
1 2.41 2.41 2.33 2.3 2.29 2.29 2.3387574593 2.3875149185 2.4362723778 2.485029837 2.5337872963 2.5825447555 2.6313022148 2.680059674 2.7288171333 2.7775745925 2.8263320518 2.875089511 2.9238469703 2.9726044295 3.0213618888 3.070119348 3.1188768073 3.1676342665 3.2163917258 3.265149185 3.3139066443 3.3626641035 3.4114215628 3.460179022 3.5089364813 3.5576939405 
[RE1,PWRCOA001,*,*]:
2019 2020 2021 2022 2023 2024 2025 2026 2027 2028 2029 2030 2031 2032 2033 2034 2035 2036 2037 2038 2039 2040 2041 2042 2043 2044 2045 2046 2047 2048 2049 2050 :=
1 0.36 0.36 0.36 0.36 0.36 0.36 0.36 0.36 0.36 0.36 0.36 0.36 0.36 0.36 0.36 0.36 0.36 0.36 0.36 0.36 0.36 0.36 0.36 0.36 0.36 0.36 0.36 0.36 0.36 0.36 0.36 0.36 
[RE1,PWRGEO001,*,*]:
2019 2020 2021 2022 2023 2024 2025 2026 2027 2028 2029 2030 2031 2032 2033 2034 2035 2036 2037 2038 2039 2040 2041 2042 2043 2044 2045 2046 2047 2048 2049 2050 :=
1 0.2 0.2 0.2 0.2 0.2 0.2 0.2 0.2 0.2 0.2 0.2 0.2 0.2 0.2 0.2 0.2 0.2 0.2 0.2 0.2 0.2 0.2 0.2 0.2 0.2 0.2 0.2 0.2 0.2 0.2 0.2 0.2 
[RE1,PWRGEO002,*,*]:
2019 2020 2021 2022 2023 2024 2025 2026 2027 2028 2029 2030 2031 2032 2033 2034 2035 2036 2037 2038 2039 2040 2041 2042 2043 2044 2045 2046 2047 2048 2049 2050 :=
1 0.2 0.2 0.2 0.2 0.2 0.2 0.2 0.2 0.2 0.2 0.2 0.2 0.2 0.2 0.2 0.2 0.2 0.2 0.2 0.2 0.2 0.2 0.2 0.2 0.2 0.2 0.2 0.2 0.2 0.2 0.2 0.2 
[RE1,PWRGEO003,*,*]:
2019 2020 2021 2022 2023 2024 2025 2026 2027 2028 2029 2030 2031 2032 2033 2034 2035 2036 2037 2038 2039 2040 2041 2042 2043 2044 2045 2046 2047 2048 2049 2050 :=
1 0.2 0.2 0.2 0.2 0.2 0.2 0.2 0.2 0.2 0.2 0.2 0.2 0.2 0.2 0.2 0.2 0.2 0.2 0.2 0.2 0.2 0.2 0.2 0.2 0.2 0.2 0.2 0.2 0.2 0.2 0.2 0.2 
[RE1,PWRGEO004,*,*]:
2019 2020 2021 2022 2023 2024 2025 2026 2027 2028 2029 2030 2031 2032 2033 2034 2035 2036 2037 2038 2039 2040 2041 2042 2043 2044 2045 2046 2047 2048 2049 2050 :=
1 0.2 0.2 0.2 0.2 0.2 0.2 0.2 0.2 0.2 0.2 0.2 0.2 0.2 0.2 0.2 0.2 0.2 0.2 0.2 0.2 0.2 0.2 0.2 0.2 0.2 0.2 0.2 0.2 0.2 0.2 0.2 0.2 
[RE1,PWRGEO005,*,*]:
2019 2020 2021 2022 2023 2024 2025 2026 2027 2028 2029 2030 2031 2032 2033 2034 2035 2036 2037 2038 2039 2040 2041 2042 2043 2044 2045 2046 2047 2048 2049 2050 :=
1 0.2 0.2 0.2 0.2 0.2 0.2 0.2 0.2 0.2 0.2 0.2 0.2 0.2 0.2 0.2 0.2 0.2 0.2 0.2 0.2 0.2 0.2 0.2 0.2 0.2 0.2 0.2 0.2 0.2 0.2 0.2 0.2 
[RE1,PWRGEO006,*,*]:
2019 2020 2021 2022 2023 2024 2025 2026 2027 2028 2029 2030 2031 2032 2033 2034 2035 2036 2037 2038 2039 2040 2041 2042 2043 2044 2045 2046 2047 2048 2049 2050 :=
1 0.2 0.2 0.2 0.2 0.2 0.2 0.2 0.2 0.2 0.2 0.2 0.2 0.2 0.2 0.2 0.2 0.2 0.2 0.2 0.2 0.2 0.2 0.2 0.2 0.2 0.2 0.2 0.2 0.2 0.2 0.2 0.2 
[RE1,PWRGEO007,*,*]:
2019 2020 2021 2022 2023 2024 2025 2026 2027 2028 2029 2030 2031 2032 2033 2034 2035 2036 2037 2038 2039 2040 2041 2042 2043 2044 2045 2046 2047 2048 2049 2050 :=
1 0.2 0.2 0.2 0.2 0.2 0.2 0.2 0.2 0.2 0.2 0.2 0.2 0.2 0.2 0.2 0.2 0.2 0.2 0.2 0.2 0.2 0.2 0.2 0.2 0.2 0.2 0.2 0.2 0.2 0.2 0.2 0.2 
[RE1,PWRHFO001,*,*]:
2019 2020 2021 2022 2023 2024 2025 2026 2027 2028 2029 2030 2031 2032 2033 2034 2035 2036 2037 2038 2039 2040 2041 2042 2043 2044 2045 2046 2047 2048 2049 2050 :=
1 2.44 2.44 2.44 2.44 2.44 2.44 2.44 2.44 2.44 2.44 2.44 2.44 2.44 2.44 2.44 2.44 2.44 2.44 2.44 2.44 2.44 2.44 2.44 2.44 2.44 2.44 2.44 2.44 2.44 2.44 2.44 2.44 
[RE1,PWRHYD001,*,*]:
2019 2020 2021 2022 2023 2024 2025 2026 2027 2028 2029 2030 2031 2032 2033 2034 2035 2036 2037 2038 2039 2040 2041 2042 2043 2044 2045 2046 2047 2048 2049 2050 :=
1 0.139 0.139 0.139 0.139 0.139 0.139 0.139 0.139 0.139 0.139 0.139 0.139 0.139 0.139 0.139 0.139 0.139 0.139 0.139 0.139 0.139 0.139 0.139 0.139 0.139 0.139 0.139 0.139 0.139 0.139 0.139 0.139 
[RE1,PWRHYD002,*,*]:
2019 2020 2021 2022 2023 2024 2025 2026 2027 2028 2029 2030 2031 2032 2033 2034 2035 2036 2037 2038 2039 2040 2041 2042 2043 2044 2045 2046 2047 2048 2049 2050 :=
1 0.139 0.139 0.139 0.139 0.139 0.139 0.139 0.139 0.139 0.139 0.139 0.139 0.139 0.139 0.139 0.139 0.139 0.139 0.139 0.139 0.139 0.139 0.139 0.139 0.139 0.139 0.139 0.139 0.139 0.139 0.139 0.139 
[RE1,PWRHYD003,*,*]:
2019 2020 2021 2022 2023 2024 2025 2026 2027 2028 2029 2030 2031 2032 2033 2034 2035 2036 2037 2038 2039 2040 2041 2042 2043 2044 2045 2046 2047 2048 2049 2050 :=
1 0.139 0.139 0.139 0.139 0.139 0.139 0.139 0.139 0.139 0.139 0.139 0.139 0.139 0.139 0.139 0.139 0.139 0.139 0.139 0.139 0.139 0.139 0.139 0.139 0.139 0.139 0.139 0.139 0.139 0.139 0.139 0.139 
[RE1,PWRHYD004,*,*]:
2019 2020 2021 2022 2023 2024 2025 2026 2027 2028 2029 2030 2031 2032 2033 2034 2035 2036 2037 2038 2039 2040 2041 2042 2043 2044 2045 2046 2047 2048 2049 2050 :=
1 0.139 0.139 0.139 0.139 0.139 0.139 0.139 0.139 0.139 0.139 0.139 0.139 0.139 0.139 0.139 0.139 0.139 0.139 0.139 0.139 0.139 0.139 0.139 0.139 0.139 0.139 0.139 0.139 0.139 0.139 0.139 0.139 
[RE1,PWRHYD005,*,*]:
2019 2020 2021 2022 2023 2024 2025 2026 2027 2028 2029 2030 2031 2032 2033 2034 2035 2036 2037 2038 2039 2040 2041 2042 2043 2044 2045 2046 2047 2048 2049 2050 :=
1 0.139 0.139 0.139 0.139 0.139 0.139 0.139 0.139 0.139 0.139 0.139 0.139 0.139 0.139 0.139 0.139 0.139 0.139 0.139 0.139 0.139 0.139 0.139 0.139 0.139 0.139 0.139 0.139 0.139 0.139 0.139 0.139 
[RE1,PWRLFO001,*,*]:
2019 2020 2021 2022 2023 2024 2025 2026 2027 2028 2029 2030 2031 2032 2033 2034 2035 2036 2037 2038 2039 2040 2041 2042 2043 2044 2045 2046 2047 2048 2049 2050 :=
1 3.47 3.47 3.47 3.47 3.47 3.47 3.47 3.47 3.47 3.47 3.47 3.47 3.47 3.47 3.47 3.47 3.47 3.47 3.47 3.47 3.47 3.47 3.47 3.47 3.47 3.47 3.47 3.47 3.47 3.47 3.47 3.47 
[RE1,PWRNGS001,*,*]:
2019 2020 2021 2022 2023 2024 2025 2026 2027 2028 2029 2030 2031 2032 2033 2034 2035 2036 2037 2038 2039 2040 2041 2042 2043 2044 2045 2046 2047 2048 2049 2050 :=
1 3.67 3.67 3.67 3.67 3.67 3.67 3.67 3.67 3.67 3.67 3.67 3.67 3.67 3.67 3.67 3.67 3.67 3.67 3.67 3.67 3.67 3.67 3.67 3.67 3.67 3.67 3.67 3.67 3.67 3.67 3.67 3.67 
[RE1,PWRPHS001,*,*]:
2019 2020 2021 2022 2023 2024 2025 2026 2027 2028 2029 2030 2031 2032 2033 2034 2035 2036 2037 2038 2039 2040 2041 2042 2043 2044 2045 2046 2047 2048 2049 2050 :=
2 0.139 0.139 0.139 0.139 0.139 0.139 0.139 0.139 0.139 0.139 0.139 0.139 0.139 0.139 0.139 0.139 0.139 0.139 0.139 0.139 0.139 0.139 0.139 0.139 0.139 0.139 0.139 0.139 0.139 0.139 0.139 0.139 
[RE1,PWRPHS002,*,*]:
2019 2020 2021 2022 2023 2024 2025 2026 2027 2028 2029 2030 2031 2032 2033 2034 2035 2036 2037 2038 2039 2040 2041 2042 2043 2044 2045 2046 2047 2048 2049 2050 :=
2 0.139 0.139 0.139 0.139 0.139 0.139 0.139 0.139 0.139 0.139 0.139 0.139 0.139 0.139 0.139 0.139 0.139 0.139 0.139 0.139 0.139 0.139 0.139 0.139 0.139 0.139 0.139 0.139 0.139 0.139 0.139 0.139 
[RE1,PWRURN001,*,*]:
2019 2020 2021 2022 2023 2024 2025 2026 2027 2028 2029 2030 2031 2032 2033 2034 2035 2036 2037 2038 2039 2040 2041 2042 2043 2044 2045 2046 2047 2048 2049 2050 :=
1 0.1389 0.1389 0.1389 0.1389 0.1389 0.1389 0.1389 0.1389 0.1389 0.1389 0.1389 0.1389 0.1389 0.1389 0.1389 0.1389 0.1389 0.1389 0.1389 0.1389 0.1389 0.1389 0.1389 0.1389 0.1389 0.1389 0.1389 0.1389 0.1389 0.1389 0.1389 0.1389 
;

param InputActivityRatio default 0.0 :=
[RE1,PWRURN001,URN,*,*]:
2019 2020 2021 2022 2023 2024 2025 2026 2027 2028 2029 2030 2031 2032 2033 2034 2035 2036 2037 2038 2039 2040 2041 2042 2043 2044 2045 2046 2047 2048 2049 2050 :=
1 3.22 3.22 3.22 3.22 3.22 3.22 3.22 3.22 3.22 3.22 3.22 3.22 3.22 3.22 3.22 3.22 3.22 3.22 3.22 3.22 3.22 3.22 3.22 3.22 3.22 3.22 3.22 3.22 3.22 3.22 3.22 3.22 
[RE1,PWRWND009,WND,*,*]:
2019 2020 2021 2022 2023 2024 2025 2026 2027 2028 2029 2030 2031 2032 2033 2034 2035 2036 2037 2038 2039 2040 2041 2042 2043 2044 2045 2046 2047 2048 2049 2050 :=
1 1.0 1.0 1.0 1.0 1.0 1.0 1.0 1.0 1.0 1.0 1.0 1.0 1.0 1.0 1.0 1.0 1.0 1.0 1.0 1.0 1.0 1.0 1.0 1.0 1.0 1.0 1.0 1.0 1.0 1.0 1.0 1.0 
[RE1,PWRBIO001,BIO,*,*]:
2019 2020 2021 2022 2023 2024 2025 2026 2027 2028 2029 2030 2031 2032 2033 2034 2035 2036 2037 2038 2039 2040 2041 2042 2043 2044 2045 2046 2047 2048 2049 2050 :=
1 2.86 2.86 2.86 2.86 2.86 2.86 2.86 2.86 2.86 2.86 2.86 2.86 2.86 2.86 2.86 2.86 2.86 2.86 2.86 2.86 2.86 2.86 2.86 2.86 2.86 2.86 2.86 2.86 2.86 2.86 2.86 2.86 
[RE1,EXPELC,ELC001,*,*]:
2019 2020 2021 2022 2023 2024 2025 2026 2027 2028 2029 2030 2031 2032 2033 2034 2035 2036 2037 2038 2039 2040 2041 2042 2043 2044 2045 2046 2047 2048 2049 2050 :=
1 1.0 1.0 1.0 1.0 1.0 1.0 1.0 1.0 1.0 1.0 1.0 1.0 1.0 1.0 1.0 1.0 1.0 1.0 1.0 1.0 1.0 1.0 1.0 1.0 1.0 1.0 1.0 1.0 1.0 1.0 1.0 1.0 
[RE1,PWRSOL001,SOL,*,*]:
2019 2020 2021 2022 2023 2024 2025 2026 2027 2028 2029 2030 2031 2032 2033 2034 2035 2036 2037 2038 2039 2040 2041 2042 2043 2044 2045 2046 2047 2048 2049 2050 :=
1 1.0 1.0 1.0 1.0 1.0 1.0 1.0 1.0 1.0 1.0 1.0 1.0 1.0 1.0 1.0 1.0 1.0 1.0 1.0 1.0 1.0 1.0 1.0 1.0 1.0 1.0 1.0 1.0 1.0 1.0 1.0 1.0 
[RE1,PWRWND001,WND,*,*]:
2019 2020 2021 2022 2023 2024 2025 2026 2027 2028 2029 2030 2031 2032 2033 2034 2035 2036 2037 2038 2039 2040 2041 2042 2043 2044 2045 2046 2047 2048 2049 2050 :=
1 1.0 1.0 1.0 1.0 1.0 1.0 1.0 1.0 1.0 1.0 1.0 1.0 1.0 1.0 1.0 1.0 1.0 1.0 1.0 1.0 1.0 1.0 1.0 1.0 1.0 1.0 1.0 1.0 1.0 1.0 1.0 1.0 
[RE1,PWRWND002,WND,*,*]:
2019 2020 2021 2022 2023 2024 2025 2026 2027 2028 2029 2030 2031 2032 2033 2034 2035 2036 2037 2038 2039 2040 2041 2042 2043 2044 2045 2046 2047 2048 2049 2050 :=
1 1.0 1.0 1.0 1.0 1.0 1.0 1.0 1.0 1.0 1.0 1.0 1.0 1.0 1.0 1.0 1.0 1.0 1.0 1.0 1.0 1.0 1.0 1.0 1.0 1.0 1.0 1.0 1.0 1.0 1.0 1.0 1.0 
[RE1,PWRWND005,WND,*,*]:
2019 2020 2021 2022 2023 2024 2025 2026 2027 2028 2029 2030 2031 2032 2033 2034 2035 2036 2037 2038 2039 2040 2041 2042 2043 2044 2045 2046 2047 2048 2049 2050 :=
1 1.0 1.0 1.0 1.0 1.0 1.0 1.0 1.0 1.0 1.0 1.0 1.0 1.0 1.0 1.0 1.0 1.0 1.0 1.0 1.0 1.0 1.0 1.0 1.0 1.0 1.0 1.0 1.0 1.0 1.0 1.0 1.0 
[RE1,PWRGEO002,GEO,*,*]:
2019 2020 2021 2022 2023 2024 2025 2026 2027 2028 2029 2030 2031 2032 2033 2034 2035 2036 2037 2038 2039 2040 2041 2042 2043 2044 2045 2046 2047 2048 2049 2050 :=
1 2.97 2.97 2.97 2.97 2.97 2.97 2.97 2.97 2.97 2.97 2.97 2.97 2.97 2.97 2.97 2.97 2.97 2.97 2.97 2.97 2.97 2.97 2.97 2.97 2.97 2.97 2.97 2.97 2.97 2.97 2.97 2.97 
[RE1,PWRPHS002,ELC001,*,*]:
2019 2020 2021 2022 2023 2024 2025 2026 2027 2028 2029 2030 2031 2032 2033 2034 2035 2036 2037 2038 2039 2040 2041 2042 2043 2044 2045 2046 2047 2048 2049 2050 :=
1 1.0 1.0 1.0 1.0 1.0 1.0 1.0 1.0 1.0 1.0 1.0 1.0 1.0 1.0 1.0 1.0 1.0 1.0 1.0 1.0 1.0 1.0 1.0 1.0 1.0 1.0 1.0 1.0 1.0 1.0 1.0 1.0 
[RE1,DEMRESELC,ELC003,*,*]:
2019 2020 2021 2022 2023 2024 2025 2026 2027 2028 2029 2030 2031 2032 2033 2034 2035 2036 2037 2038 2039 2040 2041 2042 2043 2044 2045 2046 2047 2048 2049 2050 :=
1 1.0 1.0 1.0 1.0 1.0 1.0 1.0 1.0 1.0 1.0 1.0 1.0 1.0 1.0 1.0 1.0 1.0 1.0 1.0 1.0 1.0 1.0 1.0 1.0 1.0 1.0 1.0 1.0 1.0 1.0 1.0 1.0 
[RE1,PWRGEO003,GEO,*,*]:
2019 2020 2021 2022 2023 2024 2025 2026 2027 2028 2029 2030 2031 2032 2033 2034 2035 2036 2037 2038 2039 2040 2041 2042 2043 2044 2045 2046 2047 2048 2049 2050 :=
1 2.97 2.97 2.97 2.97 2.97 2.97 2.97 2.97 2.97 2.97 2.97 2.97 2.97 2.97 2.97 2.97 2.97 2.97 2.97 2.97 2.97 2.97 2.97 2.97 2.97 2.97 2.97 2.97 2.97 2.97 2.97 2.97 
[RE1,PWRHYD001,HYD,*,*]:
2019 2020 2021 2022 2023 2024 2025 2026 2027 2028 2029 2030 2031 2032 2033 2034 2035 2036 2037 2038 2039 2040 2041 2042 2043 2044 2045 2046 2047 2048 2049 2050 :=
1 1.0 1.0 1.0 1.0 1.0 1.0 1.0 1.0 1.0 1.0 1.0 1.0 1.0 1.0 1.0 1.0 1.0 1.0 1.0 1.0 1.0 1.0 1.0 1.0 1.0 1.0 1.0 1.0 1.0 1.0 1.0 1.0 
[RE1,PWRHYD005,HYD,*,*]:
2019 2020 2021 2022 2023 2024 2025 2026 2027 2028 2029 2030 2031 2032 2033 2034 2035 2036 2037 2038 2039 2040 2041 2042 2043 2044 2045 2046 2047 2048 2049 2050 :=
1 1.0 1.0 1.0 1.0 1.0 1.0 1.0 1.0 1.0 1.0 1.0 1.0 1.0 1.0 1.0 1.0 1.0 1.0 1.0 1.0 1.0 1.0 1.0 1.0 1.0 1.0 1.0 1.0 1.0 1.0 1.0 1.0 
[RE1,PWRHYD002,HYD,*,*]:
2019 2020 2021 2022 2023 2024 2025 2026 2027 2028 2029 2030 2031 2032 2033 2034 2035 2036 2037 2038 2039 2040 2041 2042 2043 2044 2045 2046 2047 2048 2049 2050 :=
1 1.0 1.0 1.0 1.0 1.0 1.0 1.0 1.0 1.0 1.0 1.0 1.0 1.0 1.0 1.0 1.0 1.0 1.0 1.0 1.0 1.0 1.0 1.0 1.0 1.0 1.0 1.0 1.0 1.0 1.0 1.0 1.0 
[RE1,PWRWND006,WND,*,*]:
2019 2020 2021 2022 2023 2024 2025 2026 2027 2028 2029 2030 2031 2032 2033 2034 2035 2036 2037 2038 2039 2040 2041 2042 2043 2044 2045 2046 2047 2048 2049 2050 :=
1 1.0 1.0 1.0 1.0 1.0 1.0 1.0 1.0 1.0 1.0 1.0 1.0 1.0 1.0 1.0 1.0 1.0 1.0 1.0 1.0 1.0 1.0 1.0 1.0 1.0 1.0 1.0 1.0 1.0 1.0 1.0 1.0 
[RE1,PWRDIST,ELC002,*,*]:
2019 2020 2021 2022 2023 2024 2025 2026 2027 2028 2029 2030 2031 2032 2033 2034 2035 2036 2037 2038 2039 2040 2041 2042 2043 2044 2045 2046 2047 2048 2049 2050 :=
1 1.0 1.0 1.0 1.0 1.0 1.0 1.0 1.0 1.0 1.0 1.0 1.0 1.0 1.0 1.0 1.0 1.0 1.0 1.0 1.0 1.0 1.0 1.0 1.0 1.0 1.0 1.0 1.0 1.0 1.0 1.0 1.0 
[RE1,PWRTRN,ELC001,*,*]:
2019 2020 2021 2022 2023 2024 2025 2026 2027 2028 2029 2030 2031 2032 2033 2034 2035 2036 2037 2038 2039 2040 2041 2042 2043 2044 2045 2046 2047 2048 2049 2050 :=
1 1.0 1.0 1.0 1.0 1.0 1.0 1.0 1.0 1.0 1.0 1.0 1.0 1.0 1.0 1.0 1.0 1.0 1.0 1.0 1.0 1.0 1.0 1.0 1.0 1.0 1.0 1.0 1.0 1.0 1.0 1.0 1.0 
2 1.0 1.0 1.0 1.0 1.0 1.0 1.0 1.0 1.0 1.0 1.0 1.0 1.0 1.0 1.0 1.0 1.0 1.0 1.0 1.0 1.0 1.0 1.0 1.0 1.0 1.0 1.0 1.0 1.0 1.0 1.0 1.0 
[RE1,PWRNGS001,NGS,*,*]:
2019 2020 2021 2022 2023 2024 2025 2026 2027 2028 2029 2030 2031 2032 2033 2034 2035 2036 2037 2038 2039 2040 2041 2042 2043 2044 2045 2046 2047 2048 2049 2050 :=
1 3.5 3.5 3.5 3.5 3.5 3.5 3.5 3.5 3.5 3.5 3.5 3.5 3.5 3.5 3.5 3.5 3.5 3.5 3.5 3.5 3.5 3.5 3.5 3.5 3.5 3.5 3.5 3.5 3.5 3.5 3.5 3.5 
[RE1,PWRLFO001,LFOELD,*,*]:
2019 2020 2021 2022 2023 2024 2025 2026 2027 2028 2029 2030 2031 2032 2033 2034 2035 2036 2037 2038 2039 2040 2041 2042 2043 2044 2045 2046 2047 2048 2049 2050 :=
1 3.0 3.0 3.0 3.0 3.0 3.0 3.0 3.0 3.0 3.0 3.0 3.0 3.0 3.0 3.0 3.0 3.0 3.0 3.0 3.0 3.0 3.0 3.0 3.0 3.0 3.0 3.0 3.0 3.0 3.0 3.0 3.0 
[RE1,PWRGEO004,GEO,*,*]:
2019 2020 2021 2022 2023 2024 2025 2026 2027 2028 2029 2030 2031 2032 2033 2034 2035 2036 2037 2038 2039 2040 2041 2042 2043 2044 2045 2046 2047 2048 2049 2050 :=
1 2.97 2.97 2.97 2.97 2.97 2.97 2.97 2.97 2.97 2.97 2.97 2.97 2.97 2.97 2.97 2.97 2.97 2.97 2.97 2.97 2.97 2.97 2.97 2.97 2.97 2.97 2.97 2.97 2.97 2.97 2.97 2.97 
[RE1,PWRWND010,WND,*,*]:
2019 2020 2021 2022 2023 2024 2025 2026 2027 2028 2029 2030 2031 2032 2033 2034 2035 2036 2037 2038 2039 2040 2041 2042 2043 2044 2045 2046 2047 2048 2049 2050 :=
1 1.0 1.0 1.0 1.0 1.0 1.0 1.0 1.0 1.0 1.0 1.0 1.0 1.0 1.0 1.0 1.0 1.0 1.0 1.0 1.0 1.0 1.0 1.0 1.0 1.0 1.0 1.0 1.0 1.0 1.0 1.0 1.0 
[RE1,PWRGEO001,GEO,*,*]:
2019 2020 2021 2022 2023 2024 2025 2026 2027 2028 2029 2030 2031 2032 2033 2034 2035 2036 2037 2038 2039 2040 2041 2042 2043 2044 2045 2046 2047 2048 2049 2050 :=
1 2.97 2.97 2.97 2.97 2.97 2.97 2.97 2.97 2.97 2.97 2.97 2.97 2.97 2.97 2.97 2.97 2.97 2.97 2.97 2.97 2.97 2.97 2.97 2.97 2.97 2.97 2.97 2.97 2.97 2.97 2.97 2.97 
[RE1,PWRWND011,WND,*,*]:
2019 2020 2021 2022 2023 2024 2025 2026 2027 2028 2029 2030 2031 2032 2033 2034 2035 2036 2037 2038 2039 2040 2041 2042 2043 2044 2045 2046 2047 2048 2049 2050 :=
1 1.0 1.0 1.0 1.0 1.0 1.0 1.0 1.0 1.0 1.0 1.0 1.0 1.0 1.0 1.0 1.0 1.0 1.0 1.0 1.0 1.0 1.0 1.0 1.0 1.0 1.0 1.0 1.0 1.0 1.0 1.0 1.0 
[RE1,PWRCOA001,COA,*,*]:
2019 2020 2021 2022 2023 2024 2025 2026 2027 2028 2029 2030 2031 2032 2033 2034 2035 2036 2037 2038 2039 2040 2041 2042 2043 2044 2045 2046 2047 2048 2049 2050 :=
1 2.59 2.59 2.59 2.59 2.59 2.59 2.59 2.59 2.59 2.59 2.59 2.59 2.59 2.59 2.59 2.59 2.59 2.59 2.59 2.59 2.59 2.59 2.59 2.59 2.59 2.59 2.59 2.59 2.59 2.59 2.59 2.59 
[RE1,PWRSOL002,SOL,*,*]:
2019 2020 2021 2022 2023 2024 2025 2026 2027 2028 2029 2030 2031 2032 2033 2034 2035 2036 2037 2038 2039 2040 2041 2042 2043 2044 2045 2046 2047 2048 2049 2050 :=
1 1.0 1.0 1.0 1.0 1.0 1.0 1.0 1.0 1.0 1.0 1.0 1.0 1.0 1.0 1.0 1.0 1.0 1.0 1.0 1.0 1.0 1.0 1.0 1.0 1.0 1.0 1.0 1.0 1.0 1.0 1.0 1.0 
[RE1,PWRWND008,WND,*,*]:
2019 2020 2021 2022 2023 2024 2025 2026 2027 2028 2029 2030 2031 2032 2033 2034 2035 2036 2037 2038 2039 2040 2041 2042 2043 2044 2045 2046 2047 2048 2049 2050 :=
1 1.0 1.0 1.0 1.0 1.0 1.0 1.0 1.0 1.0 1.0 1.0 1.0 1.0 1.0 1.0 1.0 1.0 1.0 1.0 1.0 1.0 1.0 1.0 1.0 1.0 1.0 1.0 1.0 1.0 1.0 1.0 1.0 
[RE1,PWRPHS001,ELC001,*,*]:
2019 2020 2021 2022 2023 2024 2025 2026 2027 2028 2029 2030 2031 2032 2033 2034 2035 2036 2037 2038 2039 2040 2041 2042 2043 2044 2045 2046 2047 2048 2049 2050 :=
1 1.0 1.0 1.0 1.0 1.0 1.0 1.0 1.0 1.0 1.0 1.0 1.0 1.0 1.0 1.0 1.0 1.0 1.0 1.0 1.0 1.0 1.0 1.0 1.0 1.0 1.0 1.0 1.0 1.0 1.0 1.0 1.0 
[RE1,PWRWND004,WND,*,*]:
2019 2020 2021 2022 2023 2024 2025 2026 2027 2028 2029 2030 2031 2032 2033 2034 2035 2036 2037 2038 2039 2040 2041 2042 2043 2044 2045 2046 2047 2048 2049 2050 :=
1 1.0 1.0 1.0 1.0 1.0 1.0 1.0 1.0 1.0 1.0 1.0 1.0 1.0 1.0 1.0 1.0 1.0 1.0 1.0 1.0 1.0 1.0 1.0 1.0 1.0 1.0 1.0 1.0 1.0 1.0 1.0 1.0 
[RE1,PWRGEO006,GEO,*,*]:
2019 2020 2021 2022 2023 2024 2025 2026 2027 2028 2029 2030 2031 2032 2033 2034 2035 2036 2037 2038 2039 2040 2041 2042 2043 2044 2045 2046 2047 2048 2049 2050 :=
1 2.97 2.97 2.97 2.97 2.97 2.97 2.97 2.97 2.97 2.97 2.97 2.97 2.97 2.97 2.97 2.97 2.97 2.97 2.97 2.97 2.97 2.97 2.97 2.97 2.97 2.97 2.97 2.97 2.97 2.97 2.97 2.97 
[RE1,PWRGEO007,GEO,*,*]:
2019 2020 2021 2022 2023 2024 2025 2026 2027 2028 2029 2030 2031 2032 2033 2034 2035 2036 2037 2038 2039 2040 2041 2042 2043 2044 2045 2046 2047 2048 2049 2050 :=
1 2.97 2.97 2.97 2.97 2.97 2.97 2.97 2.97 2.97 2.97 2.97 2.97 2.97 2.97 2.97 2.97 2.97 2.97 2.97 2.97 2.97 2.97 2.97 2.97 2.97 2.97 2.97 2.97 2.97 2.97 2.97 2.97 
[RE1,PWRHYD004,HYD,*,*]:
2019 2020 2021 2022 2023 2024 2025 2026 2027 2028 2029 2030 2031 2032 2033 2034 2035 2036 2037 2038 2039 2040 2041 2042 2043 2044 2045 2046 2047 2048 2049 2050 :=
1 1.0 1.0 1.0 1.0 1.0 1.0 1.0 1.0 1.0 1.0 1.0 1.0 1.0 1.0 1.0 1.0 1.0 1.0 1.0 1.0 1.0 1.0 1.0 1.0 1.0 1.0 1.0 1.0 1.0 1.0 1.0 1.0 
[RE1,PWRWND003,WND,*,*]:
2019 2020 2021 2022 2023 2024 2025 2026 2027 2028 2029 2030 2031 2032 2033 2034 2035 2036 2037 2038 2039 2040 2041 2042 2043 2044 2045 2046 2047 2048 2049 2050 :=
1 1.0 1.0 1.0 1.0 1.0 1.0 1.0 1.0 1.0 1.0 1.0 1.0 1.0 1.0 1.0 1.0 1.0 1.0 1.0 1.0 1.0 1.0 1.0 1.0 1.0 1.0 1.0 1.0 1.0 1.0 1.0 1.0 
[RE1,PWRHYD003,HYD,*,*]:
2019 2020 2021 2022 2023 2024 2025 2026 2027 2028 2029 2030 2031 2032 2033 2034 2035 2036 2037 2038 2039 2040 2041 2042 2043 2044 2045 2046 2047 2048 2049 2050 :=
1 1.0 1.0 1.0 1.0 1.0 1.0 1.0 1.0 1.0 1.0 1.0 1.0 1.0 1.0 1.0 1.0 1.0 1.0 1.0 1.0 1.0 1.0 1.0 1.0 1.0 1.0 1.0 1.0 1.0 1.0 1.0 1.0 
[RE1,DEMCOMELC,ELC003,*,*]:
2019 2020 2021 2022 2023 2024 2025 2026 2027 2028 2029 2030 2031 2032 2033 2034 2035 2036 2037 2038 2039 2040 2041 2042 2043 2044 2045 2046 2047 2048 2049 2050 :=
1 1.0 1.0 1.0 1.0 1.0 1.0 1.0 1.0 1.0 1.0 1.0 1.0 1.0 1.0 1.0 1.0 1.0 1.0 1.0 1.0 1.0 1.0 1.0 1.0 1.0 1.0 1.0 1.0 1.0 1.0 1.0 1.0 
[RE1,DEMINDELC,ELC003,*,*]:
2019 2020 2021 2022 2023 2024 2025 2026 2027 2028 2029 2030 2031 2032 2033 2034 2035 2036 2037 2038 2039 2040 2041 2042 2043 2044 2045 2046 2047 2048 2049 2050 :=
1 1.0 1.0 1.0 1.0 1.0 1.0 1.0 1.0 1.0 1.0 1.0 1.0 1.0 1.0 1.0 1.0 1.0 1.0 1.0 1.0 1.0 1.0 1.0 1.0 1.0 1.0 1.0 1.0 1.0 1.0 1.0 1.0 
[RE1,PWRWND007,WND,*,*]:
2019 2020 2021 2022 2023 2024 2025 2026 2027 2028 2029 2030 2031 2032 2033 2034 2035 2036 2037 2038 2039 2040 2041 2042 2043 2044 2045 2046 2047 2048 2049 2050 :=
1 1.0 1.0 1.0 1.0 1.0 1.0 1.0 1.0 1.0 1.0 1.0 1.0 1.0 1.0 1.0 1.0 1.0 1.0 1.0 1.0 1.0 1.0 1.0 1.0 1.0 1.0 1.0 1.0 1.0 1.0 1.0 1.0 
[RE1,PWRHFO001,HFONAI,*,*]:
2019 2020 2021 2022 2023 2024 2025 2026 2027 2028 2029 2030 2031 2032 2033 2034 2035 2036 2037 2038 2039 2040 2041 2042 2043 2044 2045 2046 2047 2048 2049 2050 :=
1 2.6 2.6 2.6 2.6 2.6 2.6 2.6 2.6 2.6 2.6 2.6 2.6 2.6 2.6 2.6 2.6 2.6 2.6 2.6 2.6 2.6 2.6 2.6 2.6 2.6 2.6 2.6 2.6 2.6 2.6 2.6 2.6 
[RE1,BESS_TECH,ELC001,*,*]:
2019 2020 2021 2022 2023 2024 2025 2026 2027 2028 2029 2030 2031 2032 2033 2034 2035 2036 2037 2038 2039 2040 2041 2042 2043 2044 2045 2046 2047 2048 2049 2050 :=
1 1.0 1.0 1.0 1.0 1.0 1.0 1.0 1.0 1.0 1.0 1.0 1.0 1.0 1.0 1.0 1.0 1.0 1.0 1.0 1.0 1.0 1.0 1.0 1.0 1.0 1.0 1.0 1.0 1.0 1.0 1.0 1.0 
[RE1,PWRGEO005,GEO,*,*]:
2019 2020 2021 2022 2023 2024 2025 2026 2027 2028 2029 2030 2031 2032 2033 2034 2035 2036 2037 2038 2039 2040 2041 2042 2043 2044 2045 2046 2047 2048 2049 2050 :=
1 2.97 2.97 2.97 2.97 2.97 2.97 2.97 2.97 2.97 2.97 2.97 2.97 2.97 2.97 2.97 2.97 2.97 2.97 2.97 2.97 2.97 2.97 2.97 2.97 2.97 2.97 2.97 2.97 2.97 2.97 2.97 2.97 
;

param OutputActivityRatio default 0.0 :=
[RE1,PWRWND006,ELC001,*,*]:
2019 2020 2021 2022 2023 2024 2025 2026 2027 2028 2029 2030 2031 2032 2033 2034 2035 2036 2037 2038 2039 2040 2041 2042 2043 2044 2045 2046 2047 2048 2049 2050 :=
1 1.0 1.0 1.0 1.0 1.0 1.0 1.0 1.0 1.0 1.0 1.0 1.0 1.0 1.0 1.0 1.0 1.0 1.0 1.0 1.0 1.0 1.0 1.0 1.0 1.0 1.0 1.0 1.0 1.0 1.0 1.0 1.0 
[RE1,PWRWND008,ELC001,*,*]:
2019 2020 2021 2022 2023 2024 2025 2026 2027 2028 2029 2030 2031 2032 2033 2034 2035 2036 2037 2038 2039 2040 2041 2042 2043 2044 2045 2046 2047 2048 2049 2050 :=
1 1.0 1.0 1.0 1.0 1.0 1.0 1.0 1.0 1.0 1.0 1.0 1.0 1.0 1.0 1.0 1.0 1.0 1.0 1.0 1.0 1.0 1.0 1.0 1.0 1.0 1.0 1.0 1.0 1.0 1.0 1.0 1.0 
[RE1,PWRGEO003,ELC001,*,*]:
2019 2020 2021 2022 2023 2024 2025 2026 2027 2028 2029 2030 2031 2032 2033 2034 2035 2036 2037 2038 2039 2040 2041 2042 2043 2044 2045 2046 2047 2048 2049 2050 :=
1 1.0 1.0 1.0 1.0 1.0 1.0 1.0 1.0 1.0 1.0 1.0 1.0 1.0 1.0 1.0 1.0 1.0 1.0 1.0 1.0 1.0 1.0 1.0 1.0 1.0 1.0 1.0 1.0 1.0 1.0 1.0 1.0 
[RE1,IMPBIO,BIO,*,*]:
2019 2020 2021 2022 2023 2024 2025 2026 2027 2028 2029 2030 2031 2032 2033 2034 2035 2036 2037 2038 2039 2040 2041 2042 2043 2044 2045 2046 2047 2048 2049 2050 :=
1 1.0 1.0 1.0 1.0 1.0 1.0 1.0 1.0 1.0 1.0 1.0 1.0 1.0 1.0 1.0 1.0 1.0 1.0 1.0 1.0 1.0 1.0 1.0 1.0 1.0 1.0 1.0 1.0 1.0 1.0 1.0 1.0 
[RE1,MINBIO,BIO,*,*]:
2019 2020 2021 2022 2023 2024 2025 2026 2027 2028 2029 2030 2031 2032 2033 2034 2035 2036 2037 2038 2039 2040 2041 2042 2043 2044 2045 2046 2047 2048 2049 2050 :=
1 1.0 1.0 1.0 1.0 1.0 1.0 1.0 1.0 1.0 1.0 1.0 1.0 1.0 1.0 1.0 1.0 1.0 1.0 1.0 1.0 1.0 1.0 1.0 1.0 1.0 1.0 1.0 1.0 1.0 1.0 1.0 1.0 
[RE1,PWRWND005,ELC001,*,*]:
2019 2020 2021 2022 2023 2024 2025 2026 2027 2028 2029 2030 2031 2032 2033 2034 2035 2036 2037 2038 2039 2040 2041 2042 2043 2044 2045 2046 2047 2048 2049 2050 :=
1 1.0 1.0 1.0 1.0 1.0 1.0 1.0 1.0 1.0 1.0 1.0 1.0 1.0 1.0 1.0 1.0 1.0 1.0 1.0 1.0 1.0 1.0 1.0 1.0 1.0 1.0 1.0 1.0 1.0 1.0 1.0 1.0 
[RE1,DEMINDELC,INDELC,*,*]:
2019 2020 2021 2022 2023 2024 2025 2026 2027 2028 2029 2030 2031 2032 2033 2034 2035 2036 2037 2038 2039 2040 2041 2042 2043 2044 2045 2046 2047 2048 2049 2050 :=
1 1.0 1.0 1.0 1.0 1.0 1.0 1.0 1.0 1.0 1.0 1.0 1.0 1.0 1.0 1.0 1.0 1.0 1.0 1.0 1.0 1.0 1.0 1.0 1.0 1.0 1.0 1.0 1.0 1.0 1.0 1.0 1.0 
[RE1,PWRPHS002,ELC001,*,*]:
2019 2020 2021 2022 2023 2024 2025 2026 2027 2028 2029 2030 2031 2032 2033 2034 2035 2036 2037 2038 2039 2040 2041 2042 2043 2044 2045 2046 2047 2048 2049 2050 :=
2 1.0 1.0 1.0 1.0 1.0 1.0 1.0 1.0 1.0 1.0 1.0 1.0 1.0 1.0 1.0 1.0 1.0 1.0 1.0 1.0 1.0 1.0 1.0 1.0 1.0 1.0 1.0 1.0 1.0 1.0 1.0 1.0 
[RE1,PWRTRN,ELC002,*,*]:
2019 2020 2021 2022 2023 2024 2025 2026 2027 2028 2029 2030 2031 2032 2033 2034 2035 2036 2037 2038 2039 2040 2041 2042 2043 2044 2045 2046 2047 2048 2049 2050 :=
1 0.9566 0.9566 0.9566 0.9566 0.9566 0.9566 0.9566 0.9566 0.9566 0.9566 0.9566 0.9566 0.9566 0.9566 0.9566 0.9566 0.9566 0.9566 0.9566 0.9566 0.9566 0.9566 0.9566 0.9566 0.9566 0.9566 0.9566 0.9566 0.9566 0.9566 0.9566 0.9566 
[RE1,MINWND,WND,*,*]:
2019 2020 2021 2022 2023 2024 2025 2026 2027 2028 2029 2030 2031 2032 2033 2034 2035 2036 2037 2038 2039 2040 2041 2042 2043 2044 2045 2046 2047 2048 2049 2050 :=
1 1.0 1.0 1.0 1.0 1.0 1.0 1.0 1.0 1.0 1.0 1.0 1.0 1.0 1.0 1.0 1.0 1.0 1.0 1.0 1.0 1.0 1.0 1.0 1.0 1.0 1.0 1.0 1.0 1.0 1.0 1.0 1.0 
[RE1,IMPHFONAI,HFONAI,*,*]:
2019 2020 2021 2022 2023 2024 2025 2026 2027 2028 2029 2030 2031 2032 2033 2034 2035 2036 2037 2038 2039 2040 2041 2042 2043 2044 2045 2046 2047 2048 2049 2050 :=
1 1.0 1.0 1.0 1.0 1.0 1.0 1.0 1.0 1.0 1.0 1.0 1.0 1.0 1.0 1.0 1.0 1.0 1.0 1.0 1.0 1.0 1.0 1.0 1.0 1.0 1.0 1.0 1.0 1.0 1.0 1.0 1.0 
[RE1,PWRWND007,ELC001,*,*]:
2019 2020 2021 2022 2023 2024 2025 2026 2027 2028 2029 2030 2031 2032 2033 2034 2035 2036 2037 2038 2039 2040 2041 2042 2043 2044 2045 2046 2047 2048 2049 2050 :=
1 1.0 1.0 1.0 1.0 1.0 1.0 1.0 1.0 1.0 1.0 1.0 1.0 1.0 1.0 1.0 1.0 1.0 1.0 1.0 1.0 1.0 1.0 1.0 1.0 1.0 1.0 1.0 1.0 1.0 1.0 1.0 1.0 
[RE1,PWRLFO001,ELC001,*,*]:
2019 2020 2021 2022 2023 2024 2025 2026 2027 2028 2029 2030 2031 2032 2033 2034 2035 2036 2037 2038 2039 2040 2041 2042 2043 2044 2045 2046 2047 2048 2049 2050 :=
1 1.0 1.0 1.0 1.0 1.0 1.0 1.0 1.0 1.0 1.0 1.0 1.0 1.0 1.0 1.0 1.0 1.0 1.0 1.0 1.0 1.0 1.0 1.0 1.0 1.0 1.0 1.0 1.0 1.0 1.0 1.0 1.0 
[RE1,PWRSOL002,ELC001,*,*]:
2019 2020 2021 2022 2023 2024 2025 2026 2027 2028 2029 2030 2031 2032 2033 2034 2035 2036 2037 2038 2039 2040 2041 2042 2043 2044 2045 2046 2047 2048 2049 2050 :=
1 1.0 1.0 1.0 1.0 1.0 1.0 1.0 1.0 1.0 1.0 1.0 1.0 1.0 1.0 1.0 1.0 1.0 1.0 1.0 1.0 1.0 1.0 1.0 1.0 1.0 1.0 1.0 1.0 1.0 1.0 1.0 1.0 
[RE1,PWRDIST,ELC003,*,*]:
2019 2020 2021 2022 2023 2024 2025 2026 2027 2028 2029 2030 2031 2032 2033 2034 2035 2036 2037 2038 2039 2040 2041 2042 2043 2044 2045 2046 2047 2048 2049 2050 :=
1 0.9129 0.9129 0.9139 0.9149 0.916 0.917 0.918 0.9191 0.9201 0.9212 0.9222 0.9232 0.9243 0.9253 0.9263 0.9274 0.9284 0.9295 0.9305 0.9315 0.9326 0.9336 0.9346 0.9357 0.9367 0.9378 0.9388 0.9398 0.9409 0.9419 0.9429 0.944 
[RE1,PWRGEO005,ELC001,*,*]:
2019 2020 2021 2022 2023 2024 2025 2026 2027 2028 2029 2030 2031 2032 2033 2034 2035 2036 2037 2038 2039 2040 2041 2042 2043 2044 2045 2046 2047 2048 2049 2050 :=
1 1.0 1.0 1.0 1.0 1.0 1.0 1.0 1.0 1.0 1.0 1.0 1.0 1.0 1.0 1.0 1.0 1.0 1.0 1.0 1.0 1.0 1.0 1.0 1.0 1.0 1.0 1.0 1.0 1.0 1.0 1.0 1.0 
[RE1,PWRTRN,ELC001,*,*]:
2019 2020 2021 2022 2023 2024 2025 2026 2027 2028 2029 2030 2031 2032 2033 2034 2035 2036 2037 2038 2039 2040 2041 2042 2043 2044 2045 2046 2047 2048 2049 2050 :=
2 1.0 1.0 1.0 1.0 1.0 1.0 1.0 1.0 1.0 1.0 1.0 1.0 1.0 1.0 1.0 1.0 1.0 1.0 1.0 1.0 1.0 1.0 1.0 1.0 1.0 1.0 1.0 1.0 1.0 1.0 1.0 1.0 
[RE1,PWRSOL001,ELC001,*,*]:
2019 2020 2021 2022 2023 2024 2025 2026 2027 2028 2029 2030 2031 2032 2033 2034 2035 2036 2037 2038 2039 2040 2041 2042 2043 2044 2045 2046 2047 2048 2049 2050 :=
1 1.0 1.0 1.0 1.0 1.0 1.0 1.0 1.0 1.0 1.0 1.0 1.0 1.0 1.0 1.0 1.0 1.0 1.0 1.0 1.0 1.0 1.0 1.0 1.0 1.0 1.0 1.0 1.0 1.0 1.0 1.0 1.0 
[RE1,IMPURN,URN,*,*]:
2019 2020 2021 2022 2023 2024 2025 2026 2027 2028 2029 2030 2031 2032 2033 2034 2035 2036 2037 2038 2039 2040 2041 2042 2043 2044 2045 2046 2047 2048 2049 2050 :=
1 1.0 1.0 1.0 1.0 1.0 1.0 1.0 1.0 1.0 1.0 1.0 1.0 1.0 1.0 1.0 1.0 1.0 1.0 1.0 1.0 1.0 1.0 1.0 1.0 1.0 1.0 1.0 1.0 1.0 1.0 1.0 1.0 
[RE1,MINCOA,COADOM,*,*]:
2019 2020 2021 2022 2023 2024 2025 2026 2027 2028 2029 2030 2031 2032 2033 2034 2035 2036 2037 2038 2039 2040 2041 2042 2043 2044 2045 2046 2047 2048 2049 2050 :=
1 1.0 1.0 1.0 1.0 1.0 1.0 1.0 1.0 1.0 1.0 1.0 1.0 1.0 1.0 1.0 1.0 1.0 1.0 1.0 1.0 1.0 1.0 1.0 1.0 1.0 1.0 1.0 1.0 1.0 1.0 1.0 1.0 
[RE1,PWRGEO001,ELC001,*,*]:
2019 2020 2021 2022 2023 2024 2025 2026 2027 2028 2029 2030 2031 2032 2033 2034 2035 2036 2037 2038 2039 2040 2041 2042 2043 2044 2045 2046 2047 2048 2049 2050 :=
1 1.0 1.0 1.0 1.0 1.0 1.0 1.0 1.0 1.0 1.0 1.0 1.0 1.0 1.0 1.0 1.0 1.0 1.0 1.0 1.0 1.0 1.0 1.0 1.0 1.0 1.0 1.0 1.0 1.0 1.0 1.0 1.0 
[RE1,PWRHYD005,ELC001,*,*]:
2019 2020 2021 2022 2023 2024 2025 2026 2027 2028 2029 2030 2031 2032 2033 2034 2035 2036 2037 2038 2039 2040 2041 2042 2043 2044 2045 2046 2047 2048 2049 2050 :=
1 1.0 1.0 1.0 1.0 1.0 1.0 1.0 1.0 1.0 1.0 1.0 1.0 1.0 1.0 1.0 1.0 1.0 1.0 1.0 1.0 1.0 1.0 1.0 1.0 1.0 1.0 1.0 1.0 1.0 1.0 1.0 1.0 
[RE1,PWRWND002,ELC001,*,*]:
2019 2020 2021 2022 2023 2024 2025 2026 2027 2028 2029 2030 2031 2032 2033 2034 2035 2036 2037 2038 2039 2040 2041 2042 2043 2044 2045 2046 2047 2048 2049 2050 :=
1 1.0 1.0 1.0 1.0 1.0 1.0 1.0 1.0 1.0 1.0 1.0 1.0 1.0 1.0 1.0 1.0 1.0 1.0 1.0 1.0 1.0 1.0 1.0 1.0 1.0 1.0 1.0 1.0 1.0 1.0 1.0 1.0 
[RE1,PWRWND003,ELC001,*,*]:
2019 2020 2021 2022 2023 2024 2025 2026 2027 2028 2029 2030 2031 2032 2033 2034 2035 2036 2037 2038 2039 2040 2041 2042 2043 2044 2045 2046 2047 2048 2049 2050 :=
1 1.0 1.0 1.0 1.0 1.0 1.0 1.0 1.0 1.0 1.0 1.0 1.0 1.0 1.0 1.0 1.0 1.0 1.0 1.0 1.0 1.0 1.0 1.0 1.0 1.0 1.0 1.0 1.0 1.0 1.0 1.0 1.0 
[RE1,PWRBIO001,ELC001,*,*]:
2019 2020 2021 2022 2023 2024 2025 2026 2027 2028 2029 2030 2031 2032 2033 2034 2035 2036 2037 2038 2039 2040 2041 2042 2043 2044 2045 2046 2047 2048 2049 2050 :=
1 1.0 1.0 1.0 1.0 1.0 1.0 1.0 1.0 1.0 1.0 1.0 1.0 1.0 1.0 1.0 1.0 1.0 1.0 1.0 1.0 1.0 1.0 1.0 1.0 1.0 1.0 1.0 1.0 1.0 1.0 1.0 1.0 
[RE1,PWRHYD003,ELC001,*,*]:
2019 2020 2021 2022 2023 2024 2025 2026 2027 2028 2029 2030 2031 2032 2033 2034 2035 2036 2037 2038 2039 2040 2041 2042 2043 2044 2045 2046 2047 2048 2049 2050 :=
1 1.0 1.0 1.0 1.0 1.0 1.0 1.0 1.0 1.0 1.0 1.0 1.0 1.0 1.0 1.0 1.0 1.0 1.0 1.0 1.0 1.0 1.0 1.0 1.0 1.0 1.0 1.0 1.0 1.0 1.0 1.0 1.0 
[RE1,PWRPHS001,ELC001,*,*]:
2019 2020 2021 2022 2023 2024 2025 2026 2027 2028 2029 2030 2031 2032 2033 2034 2035 2036 2037 2038 2039 2040 2041 2042 2043 2044 2045 2046 2047 2048 2049 2050 :=
2 1.0 1.0 1.0 1.0 1.0 1.0 1.0 1.0 1.0 1.0 1.0 1.0 1.0 1.0 1.0 1.0 1.0 1.0 1.0 1.0 1.0 1.0 1.0 1.0 1.0 1.0 1.0 1.0 1.0 1.0 1.0 1.0 
[RE1,DEMRESELC,RESELC,*,*]:
2019 2020 2021 2022 2023 2024 2025 2026 2027 2028 2029 2030 2031 2032 2033 2034 2035 2036 2037 2038 2039 2040 2041 2042 2043 2044 2045 2046 2047 2048 2049 2050 :=
1 1.0 1.0 1.0 1.0 1.0 1.0 1.0 1.0 1.0 1.0 1.0 1.0 1.0 1.0 1.0 1.0 1.0 1.0 1.0 1.0 1.0 1.0 1.0 1.0 1.0 1.0 1.0 1.0 1.0 1.0 1.0 1.0 
[RE1,IMPELC002,ELC001,*,*]:
2019 2020 2021 2022 2023 2024 2025 2026 2027 2028 2029 2030 2031 2032 2033 2034 2035 2036 2037 2038 2039 2040 2041 2042 2043 2044 2045 2046 2047 2048 2049 2050 :=
1 1.0 1.0 1.0 1.0 1.0 1.0 1.0 1.0 1.0 1.0 1.0 1.0 1.0 1.0 1.0 1.0 1.0 1.0 1.0 1.0 1.0 1.0 1.0 1.0 1.0 1.0 1.0 1.0 1.0 1.0 1.0 1.0 
[RE1,MINGEO,GEO,*,*]:
2019 2020 2021 2022 2023 2024 2025 2026 2027 2028 2029 2030 2031 2032 2033 2034 2035 2036 2037 2038 2039 2040 2041 2042 2043 2044 2045 2046 2047 2048 2049 2050 :=
1 1.0 1.0 1.0 1.0 1.0 1.0 1.0 1.0 1.0 1.0 1.0 1.0 1.0 1.0 1.0 1.0 1.0 1.0 1.0 1.0 1.0 1.0 1.0 1.0 1.0 1.0 1.0 1.0 1.0 1.0 1.0 1.0 
[RE1,PWRGEO002,ELC001,*,*]:
2019 2020 2021 2022 2023 2024 2025 2026 2027 2028 2029 2030 2031 2032 2033 2034 2035 2036 2037 2038 2039 2040 2041 2042 2043 2044 2045 2046 2047 2048 2049 2050 :=
1 1.0 1.0 1.0 1.0 1.0 1.0 1.0 1.0 1.0 1.0 1.0 1.0 1.0 1.0 1.0 1.0 1.0 1.0 1.0 1.0 1.0 1.0 1.0 1.0 1.0 1.0 1.0 1.0 1.0 1.0 1.0 1.0 
[RE1,PWRGEO007,ELC001,*,*]:
2019 2020 2021 2022 2023 2024 2025 2026 2027 2028 2029 2030 2031 2032 2033 2034 2035 2036 2037 2038 2039 2040 2041 2042 2043 2044 2045 2046 2047 2048 2049 2050 :=
1 1.0 1.0 1.0 1.0 1.0 1.0 1.0 1.0 1.0 1.0 1.0 1.0 1.0 1.0 1.0 1.0 1.0 1.0 1.0 1.0 1.0 1.0 1.0 1.0 1.0 1.0 1.0 1.0 1.0 1.0 1.0 1.0 
[RE1,PWRHYD001,ELC001,*,*]:
2019 2020 2021 2022 2023 2024 2025 2026 2027 2028 2029 2030 2031 2032 2033 2034 2035 2036 2037 2038 2039 2040 2041 2042 2043 2044 2045 2046 2047 2048 2049 2050 :=
1 1.0 1.0 1.0 1.0 1.0 1.0 1.0 1.0 1.0 1.0 1.0 1.0 1.0 1.0 1.0 1.0 1.0 1.0 1.0 1.0 1.0 1.0 1.0 1.0 1.0 1.0 1.0 1.0 1.0 1.0 1.0 1.0 
[RE1,IMPLFOELD,LFOELD,*,*]:
2019 2020 2021 2022 2023 2024 2025 2026 2027 2028 2029 2030 2031 2032 2033 2034 2035 2036 2037 2038 2039 2040 2041 2042 2043 2044 2045 2046 2047 2048 2049 2050 :=
1 1.0 1.0 1.0 1.0 1.0 1.0 1.0 1.0 1.0 1.0 1.0 1.0 1.0 1.0 1.0 1.0 1.0 1.0 1.0 1.0 1.0 1.0 1.0 1.0 1.0 1.0 1.0 1.0 1.0 1.0 1.0 1.0 
[RE1,BACKSTOP,ELC001,*,*]:
2019 2020 2021 2022 2023 2024 2025 2026 2027 2028 2029 2030 2031 2032 2033 2034 2035 2036 2037 2038 2039 2040 2041 2042 2043 2044 2045 2046 2047 2048 2049 2050 :=
1 1.0 1.0 1.0 1.0 1.0 1.0 1.0 1.0 1.0 1.0 1.0 1.0 1.0 1.0 1.0 1.0 1.0 1.0 1.0 1.0 1.0 1.0 1.0 1.0 1.0 1.0 1.0 1.0 1.0 1.0 1.0 1.0 
[RE1,PWRWND004,ELC001,*,*]:
2019 2020 2021 2022 2023 2024 2025 2026 2027 2028 2029 2030 2031 2032 2033 2034 2035 2036 2037 2038 2039 2040 2041 2042 2043 2044 2045 2046 2047 2048 2049 2050 :=
1 1.0 1.0 1.0 1.0 1.0 1.0 1.0 1.0 1.0 1.0 1.0 1.0 1.0 1.0 1.0 1.0 1.0 1.0 1.0 1.0 1.0 1.0 1.0 1.0 1.0 1.0 1.0 1.0 1.0 1.0 1.0 1.0 
[RE1,IMPELC001,ELC001,*,*]:
2019 2020 2021 2022 2023 2024 2025 2026 2027 2028 2029 2030 2031 2032 2033 2034 2035 2036 2037 2038 2039 2040 2041 2042 2043 2044 2045 2046 2047 2048 2049 2050 :=
1 1.0 1.0 1.0 1.0 1.0 1.0 1.0 1.0 1.0 1.0 1.0 1.0 1.0 1.0 1.0 1.0 1.0 1.0 1.0 1.0 1.0 1.0 1.0 1.0 1.0 1.0 1.0 1.0 1.0 1.0 1.0 1.0 
[RE1,PWRGEO004,ELC001,*,*]:
2019 2020 2021 2022 2023 2024 2025 2026 2027 2028 2029 2030 2031 2032 2033 2034 2035 2036 2037 2038 2039 2040 2041 2042 2043 2044 2045 2046 2047 2048 2049 2050 :=
1 1.0 1.0 1.0 1.0 1.0 1.0 1.0 1.0 1.0 1.0 1.0 1.0 1.0 1.0 1.0 1.0 1.0 1.0 1.0 1.0 1.0 1.0 1.0 1.0 1.0 1.0 1.0 1.0 1.0 1.0 1.0 1.0 
[RE1,PWRHYD002,ELC001,*,*]:
2019 2020 2021 2022 2023 2024 2025 2026 2027 2028 2029 2030 2031 2032 2033 2034 2035 2036 2037 2038 2039 2040 2041 2042 2043 2044 2045 2046 2047 2048 2049 2050 :=
1 1.0 1.0 1.0 1.0 1.0 1.0 1.0 1.0 1.0 1.0 1.0 1.0 1.0 1.0 1.0 1.0 1.0 1.0 1.0 1.0 1.0 1.0 1.0 1.0 1.0 1.0 1.0 1.0 1.0 1.0 1.0 1.0 
[RE1,PWRURN001,ELC001,*,*]:
2019 2020 2021 2022 2023 2024 2025 2026 2027 2028 2029 2030 2031 2032 2033 2034 2035 2036 2037 2038 2039 2040 2041 2042 2043 2044 2045 2046 2047 2048 2049 2050 :=
1 1.0 1.0 1.0 1.0 1.0 1.0 1.0 1.0 1.0 1.0 1.0 1.0 1.0 1.0 1.0 1.0 1.0 1.0 1.0 1.0 1.0 1.0 1.0 1.0 1.0 1.0 1.0 1.0 1.0 1.0 1.0 1.0 
[RE1,IMPNGS,NGS,*,*]:
2019 2020 2021 2022 2023 2024 2025 2026 2027 2028 2029 2030 2031 2032 2033 2034 2035 2036 2037 2038 2039 2040 2041 2042 2043 2044 2045 2046 2047 2048 2049 2050 :=
1 1.0 1.0 1.0 1.0 1.0 1.0 1.0 1.0 1.0 1.0 1.0 1.0 1.0 1.0 1.0 1.0 1.0 1.0 1.0 1.0 1.0 1.0 1.0 1.0 1.0 1.0 1.0 1.0 1.0 1.0 1.0 1.0 
[RE1,MINSOL,SOL,*,*]:
2019 2020 2021 2022 2023 2024 2025 2026 2027 2028 2029 2030 2031 2032 2033 2034 2035 2036 2037 2038 2039 2040 2041 2042 2043 2044 2045 2046 2047 2048 2049 2050 :=
1 1.0 1.0 1.0 1.0 1.0 1.0 1.0 1.0 1.0 1.0 1.0 1.0 1.0 1.0 1.0 1.0 1.0 1.0 1.0 1.0 1.0 1.0 1.0 1.0 1.0 1.0 1.0 1.0 1.0 1.0 1.0 1.0 
[RE1,PWRCOA001,ELC001,*,*]:
2019 2020 2021 2022 2023 2024 2025 2026 2027 2028 2029 2030 2031 2032 2033 2034 2035 2036 2037 2038 2039 2040 2041 2042 2043 2044 2045 2046 2047 2048 2049 2050 :=
1 1.0 1.0 1.0 1.0 1.0 1.0 1.0 1.0 1.0 1.0 1.0 1.0 1.0 1.0 1.0 1.0 1.0 1.0 1.0 1.0 1.0 1.0 1.0 1.0 1.0 1.0 1.0 1.0 1.0 1.0 1.0 1.0 
[RE1,MINHYD,HYD,*,*]:
2019 2020 2021 2022 2023 2024 2025 2026 2027 2028 2029 2030 2031 2032 2033 2034 2035 2036 2037 2038 2039 2040 2041 2042 2043 2044 2045 2046 2047 2048 2049 2050 :=
1 1.0 1.0 1.0 1.0 1.0 1.0 1.0 1.0 1.0 1.0 1.0 1.0 1.0 1.0 1.0 1.0 1.0 1.0 1.0 1.0 1.0 1.0 1.0 1.0 1.0 1.0 1.0 1.0 1.0 1.0 1.0 1.0 
[RE1,PWRWND009,ELC001,*,*]:
2019 2020 2021 2022 2023 2024 2025 2026 2027 2028 2029 2030 2031 2032 2033 2034 2035 2036 2037 2038 2039 2040 2041 2042 2043 2044 2045 2046 2047 2048 2049 2050 :=
1 1.0 1.0 1.0 1.0 1.0 1.0 1.0 1.0 1.0 1.0 1.0 1.0 1.0 1.0 1.0 1.0 1.0 1.0 1.0 1.0 1.0 1.0 1.0 1.0 1.0 1.0 1.0 1.0 1.0 1.0 1.0 1.0 
[RE1,PWRGEO006,ELC001,*,*]:
2019 2020 2021 2022 2023 2024 2025 2026 2027 2028 2029 2030 2031 2032 2033 2034 2035 2036 2037 2038 2039 2040 2041 2042 2043 2044 2045 2046 2047 2048 2049 2050 :=
1 1.0 1.0 1.0 1.0 1.0 1.0 1.0 1.0 1.0 1.0 1.0 1.0 1.0 1.0 1.0 1.0 1.0 1.0 1.0 1.0 1.0 1.0 1.0 1.0 1.0 1.0 1.0 1.0 1.0 1.0 1.0 1.0 
[RE1,DEMCOMELC,COMELC,*,*]:
2019 2020 2021 2022 2023 2024 2025 2026 2027 2028 2029 2030 2031 2032 2033 2034 2035 2036 2037 2038 2039 2040 2041 2042 2043 2044 2045 2046 2047 2048 2049 2050 :=
1 1.0 1.0 1.0 1.0 1.0 1.0 1.0 1.0 1.0 1.0 1.0 1.0 1.0 1.0 1.0 1.0 1.0 1.0 1.0 1.0 1.0 1.0 1.0 1.0 1.0 1.0 1.0 1.0 1.0 1.0 1.0 1.0 
[RE1,PWRNGS001,ELC001,*,*]:
2019 2020 2021 2022 2023 2024 2025 2026 2027 2028 2029 2030 2031 2032 2033 2034 2035 2036 2037 2038 2039 2040 2041 2042 2043 2044 2045 2046 2047 2048 2049 2050 :=
1 1.0 1.0 1.0 1.0 1.0 1.0 1.0 1.0 1.0 1.0 1.0 1.0 1.0 1.0 1.0 1.0 1.0 1.0 1.0 1.0 1.0 1.0 1.0 1.0 1.0 1.0 1.0 1.0 1.0 1.0 1.0 1.0 
[RE1,PWRHFO001,ELC001,*,*]:
2019 2020 2021 2022 2023 2024 2025 2026 2027 2028 2029 2030 2031 2032 2033 2034 2035 2036 2037 2038 2039 2040 2041 2042 2043 2044 2045 2046 2047 2048 2049 2050 :=
1 1.0 1.0 1.0 1.0 1.0 1.0 1.0 1.0 1.0 1.0 1.0 1.0 1.0 1.0 1.0 1.0 1.0 1.0 1.0 1.0 1.0 1.0 1.0 1.0 1.0 1.0 1.0 1.0 1.0 1.0 1.0 1.0 
[RE1,IMPHFOMOM,HFOMOM,*,*]:
2019 2020 2021 2022 2023 2024 2025 2026 2027 2028 2029 2030 2031 2032 2033 2034 2035 2036 2037 2038 2039 2040 2041 2042 2043 2044 2045 2046 2047 2048 2049 2050 :=
1 1.0 1.0 1.0 1.0 1.0 1.0 1.0 1.0 1.0 1.0 1.0 1.0 1.0 1.0 1.0 1.0 1.0 1.0 1.0 1.0 1.0 1.0 1.0 1.0 1.0 1.0 1.0 1.0 1.0 1.0 1.0 1.0 
[RE1,IMPCOA,COA,*,*]:
2019 2020 2021 2022 2023 2024 2025 2026 2027 2028 2029 2030 2031 2032 2033 2034 2035 2036 2037 2038 2039 2040 2041 2042 2043 2044 2045 2046 2047 2048 2049 2050 :=
1 1.0 1.0 1.0 1.0 1.0 1.0 1.0 1.0 1.0 1.0 1.0 1.0 1.0 1.0 1.0 1.0 1.0 1.0 1.0 1.0 1.0 1.0 1.0 1.0 1.0 1.0 1.0 1.0 1.0 1.0 1.0 1.0 
[RE1,PWRWND001,ELC001,*,*]:
2019 2020 2021 2022 2023 2024 2025 2026 2027 2028 2029 2030 2031 2032 2033 2034 2035 2036 2037 2038 2039 2040 2041 2042 2043 2044 2045 2046 2047 2048 2049 2050 :=
1 1.0 1.0 1.0 1.0 1.0 1.0 1.0 1.0 1.0 1.0 1.0 1.0 1.0 1.0 1.0 1.0 1.0 1.0 1.0 1.0 1.0 1.0 1.0 1.0 1.0 1.0 1.0 1.0 1.0 1.0 1.0 1.0 
[RE1,PWRHYD004,ELC001,*,*]:
2019 2020 2021 2022 2023 2024 2025 2026 2027 2028 2029 2030 2031 2032 2033 2034 2035 2036 2037 2038 2039 2040 2041 2042 2043 2044 2045 2046 2047 2048 2049 2050 :=
1 1.0 1.0 1.0 1.0 1.0 1.0 1.0 1.0 1.0 1.0 1.0 1.0 1.0 1.0 1.0 1.0 1.0 1.0 1.0 1.0 1.0 1.0 1.0 1.0 1.0 1.0 1.0 1.0 1.0 1.0 1.0 1.0 
[RE1,PWRWND011,ELC001,*,*]:
2019 2020 2021 2022 2023 2024 2025 2026 2027 2028 2029 2030 2031 2032 2033 2034 2035 2036 2037 2038 2039 2040 2041 2042 2043 2044 2045 2046 2047 2048 2049 2050 :=
1 1.0 1.0 1.0 1.0 1.0 1.0 1.0 1.0 1.0 1.0 1.0 1.0 1.0 1.0 1.0 1.0 1.0 1.0 1.0 1.0 1.0 1.0 1.0 1.0 1.0 1.0 1.0 1.0 1.0 1.0 1.0 1.0 
[RE1,PWRWND010,ELC001,*,*]:
2019 2020 2021 2022 2023 2024 2025 2026 2027 2028 2029 2030 2031 2032 2033 2034 2035 2036 2037 2038 2039 2040 2041 2042 2043 2044 2045 2046 2047 2048 2049 2050 :=
1 1.0 1.0 1.0 1.0 1.0 1.0 1.0 1.0 1.0 1.0 1.0 1.0 1.0 1.0 1.0 1.0 1.0 1.0 1.0 1.0 1.0 1.0 1.0 1.0 1.0 1.0 1.0 1.0 1.0 1.0 1.0 1.0 
[RE1,BESS_TECH,ELC001,*,*]:
2019 2020 2021 2022 2023 2024 2025 2026 2027 2028 2029 2030 2031 2032 2033 2034 2035 2036 2037 2038 2039 2040 2041 2042 2043 2044 2045 2046 2047 2048 2049 2050 :=
2 1.0 1.0 1.0 1.0 1.0 1.0 1.0 1.0 1.0 1.0 1.0 1.0 1.0 1.0 1.0 1.0 1.0 1.0 1.0 1.0 1.0 1.0 1.0 1.0 1.0 1.0 1.0 1.0 1.0 1.0 1.0 1.0 
;

param OperationalLifeStorage default 1.0 :
BESS001 PHS001 PHS002 :=
RE1 10 40 40 
;

param StorageLevelStart default 1.0 :
BESS001 PHS001 PHS002 :=
RE1 1 1 1 
;

param CapitalCostStorage default 0.0 :=
[RE1,*,*]:
2019 2020 2021 2022 2023 2024 2025 2026 2027 2028 2029 2030 2031 2032 2033 2034 2035 2036 2037 2038 2039 2040 2041 2042 2043 2044 2045 2046 2047 2048 2049 2050 :=
PHS001 22222 22222 22222 22222 22222 22222 22222 22222 22222 22222 22222 22222 22267 22311 22356 22400 22444 22444 22444 22444 22444 22444 22489 22533 22578 22622 22667 22667 22667 22667 22667 22667 
PHS002 22222 22222 22222 22222 22222 22222 22222 22222 22222 22222 22222 22222 22267 22311 22356 22400 22444 22444 22444 22444 22444 22444 22489 22533 22578 22622 22667 22667 22667 22667 22667 22667 
;

param TechnologyToStorage default 0.0 :=
[RE1,BESS_TECH,*,*]:
1 2 :=
BESS001 1 0 
[RE1,PWRPHS001,*,*]:
1 2 :=
PHS001 1 0 
[RE1,PWRPHS002,*,*]:
1 2 :=
PHS002 1 0 
;

param TechnologyFromStorage default 0.0 :=
[RE1,BESS_TECH,*,*]:
1 2 :=
BESS001 0 1 
[RE1,PWRPHS001,*,*]:
1 2 :=
PHS001 0 1 
[RE1,PWRPHS002,*,*]:
1 2 :=
PHS002 0 1 
;

param CapacityFactor default 1.0 :=
[RE1,IMPELC001,*,*]:
2019 2020 2021 2022 2023 2024 2025 2026 2027 2028 2029 2030 2031 2032 2033 2034 2035 2036 2037 2038 2039 2040 2041 2042 2043 2044 2045 2046 2047 2048 2049 2050 :=
TS01 0.85 0.85 0.85 0.85 0.85 0.85 0.85 0.85 0.85 0.85 0.85 0.85 0.85 0.85 0.85 0.85 0.85 0.85 0.85 0.85 0.85 0.85 0.85 0.85 0.85 0.85 0.85 0.85 0.85 0.85 0.85 0.85 
TS02 0.85 0.85 0.85 0.85 0.85 0.85 0.85 0.85 0.85 0.85 0.85 0.85 0.85 0.85 0.85 0.85 0.85 0.85 0.85 0.85 0.85 0.85 0.85 0.85 0.85 0.85 0.85 0.85 0.85 0.85 0.85 0.85 
TS03 0.85 0.85 0.85 0.85 0.85 0.85 0.85 0.85 0.85 0.85 0.85 0.85 0.85 0.85 0.85 0.85 0.85 0.85 0.85 0.85 0.85 0.85 0.85 0.85 0.85 0.85 0.85 0.85 0.85 0.85 0.85 0.85 
TS04 0.85 0.85 0.85 0.85 0.85 0.85 0.85 0.85 0.85 0.85 0.85 0.85 0.85 0.85 0.85 0.85 0.85 0.85 0.85 0.85 0.85 0.85 0.85 0.85 0.85 0.85 0.85 0.85 0.85 0.85 0.85 0.85 
TS05 0.85 0.85 0.85 0.85 0.85 0.85 0.85 0.85 0.85 0.85 0.85 0.85 0.85 0.85 0.85 0.85 0.85 0.85 0.85 0.85 0.85 0.85 0.85 0.85 0.85 0.85 0.85 0.85 0.85 0.85 0.85 0.85 
TS06 0.85 0.85 0.85 0.85 0.85 0.85 0.85 0.85 0.85 0.85 0.85 0.85 0.85 0.85 0.85 0.85 0.85 0.85 0.85 0.85 0.85 0.85 0.85 0.85 0.85 0.85 0.85 0.85 0.85 0.85 0.85 0.85 
TS07 0.85 0.85 0.85 0.85 0.85 0.85 0.85 0.85 0.85 0.85 0.85 0.85 0.85 0.85 0.85 0.85 0.85 0.85 0.85 0.85 0.85 0.85 0.85 0.85 0.85 0.85 0.85 0.85 0.85 0.85 0.85 0.85 
TS08 0.85 0.85 0.85 0.85 0.85 0.85 0.85 0.85 0.85 0.85 0.85 0.85 0.85 0.85 0.85 0.85 0.85 0.85 0.85 0.85 0.85 0.85 0.85 0.85 0.85 0.85 0.85 0.85 0.85 0.85 0.85 0.85 
TS09 0.85 0.85 0.85 0.85 0.85 0.85 0.85 0.85 0.85 0.85 0.85 0.85 0.85 0.85 0.85 0.85 0.85 0.85 0.85 0.85 0.85 0.85 0.85 0.85 0.85 0.85 0.85 0.85 0.85 0.85 0.85 0.85 
TS10 0.85 0.85 0.85 0.85 0.85 0.85 0.85 0.85 0.85 0.85 0.85 0.85 0.85 0.85 0.85 0.85 0.85 0.85 0.85 0.85 0.85 0.85 0.85 0.85 0.85 0.85 0.85 0.85 0.85 0.85 0.85 0.85 
TS11 0.85 0.85 0.85 0.85 0.85 0.85 0.85 0.85 0.85 0.85 0.85 0.85 0.85 0.85 0.85 0.85 0.85 0.85 0.85 0.85 0.85 0.85 0.85 0.85 0.85 0.85 0.85 0.85 0.85 0.85 0.85 0.85 
TS12 0.85 0.85 0.85 0.85 0.85 0.85 0.85 0.85 0.85 0.85 0.85 0.85 0.85 0.85 0.85 0.85 0.85 0.85 0.85 0.85 0.85 0.85 0.85 0.85 0.85 0.85 0.85 0.85 0.85 0.85 0.85 0.85 
TS13 0.85 0.85 0.85 0.85 0.85 0.85 0.85 0.85 0.85 0.85 0.85 0.85 0.85 0.85 0.85 0.85 0.85 0.85 0.85 0.85 0.85 0.85 0.85 0.85 0.85 0.85 0.85 0.85 0.85 0.85 0.85 0.85 
TS14 0.85 0.85 0.85 0.85 0.85 0.85 0.85 0.85 0.85 0.85 0.85 0.85 0.85 0.85 0.85 0.85 0.85 0.85 0.85 0.85 0.85 0.85 0.85 0.85 0.85 0.85 0.85 0.85 0.85 0.85 0.85 0.85 
TS15 0.85 0.85 0.85 0.85 0.85 0.85 0.85 0.85 0.85 0.85 0.85 0.85 0.85 0.85 0.85 0.85 0.85 0.85 0.85 0.85 0.85 0.85 0.85 0.85 0.85 0.85 0.85 0.85 0.85 0.85 0.85 0.85 
TS16 0.85 0.85 0.85 0.85 0.85 0.85 0.85 0.85 0.85 0.85 0.85 0.85 0.85 0.85 0.85 0.85 0.85 0.85 0.85 0.85 0.85 0.85 0.85 0.85 0.85 0.85 0.85 0.85 0.85 0.85 0.85 0.85 
TS17 0.85 0.85 0.85 0.85 0.85 0.85 0.85 0.85 0.85 0.85 0.85 0.85 0.85 0.85 0.85 0.85 0.85 0.85 0.85 0.85 0.85 0.85 0.85 0.85 0.85 0.85 0.85 0.85 0.85 0.85 0.85 0.85 
TS18 0.85 0.85 0.85 0.85 0.85 0.85 0.85 0.85 0.85 0.85 0.85 0.85 0.85 0.85 0.85 0.85 0.85 0.85 0.85 0.85 0.85 0.85 0.85 0.85 0.85 0.85 0.85 0.85 0.85 0.85 0.85 0.85 
TS19 0.85 0.85 0.85 0.85 0.85 0.85 0.85 0.85 0.85 0.85 0.85 0.85 0.85 0.85 0.85 0.85 0.85 0.85 0.85 0.85 0.85 0.85 0.85 0.85 0.85 0.85 0.85 0.85 0.85 0.85 0.85 0.85 
TS20 0.85 0.85 0.85 0.85 0.85 0.85 0.85 0.85 0.85 0.85 0.85 0.85 0.85 0.85 0.85 0.85 0.85 0.85 0.85 0.85 0.85 0.85 0.85 0.85 0.85 0.85 0.85 0.85 0.85 0.85 0.85 0.85 
TS21 0.85 0.85 0.85 0.85 0.85 0.85 0.85 0.85 0.85 0.85 0.85 0.85 0.85 0.85 0.85 0.85 0.85 0.85 0.85 0.85 0.85 0.85 0.85 0.85 0.85 0.85 0.85 0.85 0.85 0.85 0.85 0.85 
TS22 0.85 0.85 0.85 0.85 0.85 0.85 0.85 0.85 0.85 0.85 0.85 0.85 0.85 0.85 0.85 0.85 0.85 0.85 0.85 0.85 0.85 0.85 0.85 0.85 0.85 0.85 0.85 0.85 0.85 0.85 0.85 0.85 
TS23 0.85 0.85 0.85 0.85 0.85 0.85 0.85 0.85 0.85 0.85 0.85 0.85 0.85 0.85 0.85 0.85 0.85 0.85 0.85 0.85 0.85 0.85 0.85 0.85 0.85 0.85 0.85 0.85 0.85 0.85 0.85 0.85 
TS24 0.85 0.85 0.85 0.85 0.85 0.85 0.85 0.85 0.85 0.85 0.85 0.85 0.85 0.85 0.85 0.85 0.85 0.85 0.85 0.85 0.85 0.85 0.85 0.85 0.85 0.85 0.85 0.85 0.85 0.85 0.85 0.85 
TS25 0.85 0.85 0.85 0.85 0.85 0.85 0.85 0.85 0.85 0.85 0.85 0.85 0.85 0.85 0.85 0.85 0.85 0.85 0.85 0.85 0.85 0.85 0.85 0.85 0.85 0.85 0.85 0.85 0.85 0.85 0.85 0.85 
TS26 0.85 0.85 0.85 0.85 0.85 0.85 0.85 0.85 0.85 0.85 0.85 0.85 0.85 0.85 0.85 0.85 0.85 0.85 0.85 0.85 0.85 0.85 0.85 0.85 0.85 0.85 0.85 0.85 0.85 0.85 0.85 0.85 
TS27 0.85 0.85 0.85 0.85 0.85 0.85 0.85 0.85 0.85 0.85 0.85 0.85 0.85 0.85 0.85 0.85 0.85 0.85 0.85 0.85 0.85 0.85 0.85 0.85 0.85 0.85 0.85 0.85 0.85 0.85 0.85 0.85 
TS28 0.85 0.85 0.85 0.85 0.85 0.85 0.85 0.85 0.85 0.85 0.85 0.85 0.85 0.85 0.85 0.85 0.85 0.85 0.85 0.85 0.85 0.85 0.85 0.85 0.85 0.85 0.85 0.85 0.85 0.85 0.85 0.85 
TS29 0.85 0.85 0.85 0.85 0.85 0.85 0.85 0.85 0.85 0.85 0.85 0.85 0.85 0.85 0.85 0.85 0.85 0.85 0.85 0.85 0.85 0.85 0.85 0.85 0.85 0.85 0.85 0.85 0.85 0.85 0.85 0.85 
TS30 0.85 0.85 0.85 0.85 0.85 0.85 0.85 0.85 0.85 0.85 0.85 0.85 0.85 0.85 0.85 0.85 0.85 0.85 0.85 0.85 0.85 0.85 0.85 0.85 0.85 0.85 0.85 0.85 0.85 0.85 0.85 0.85 
TS31 0.85 0.85 0.85 0.85 0.85 0.85 0.85 0.85 0.85 0.85 0.85 0.85 0.85 0.85 0.85 0.85 0.85 0.85 0.85 0.85 0.85 0.85 0.85 0.85 0.85 0.85 0.85 0.85 0.85 0.85 0.85 0.85 
TS32 0.85 0.85 0.85 0.85 0.85 0.85 0.85 0.85 0.85 0.85 0.85 0.85 0.85 0.85 0.85 0.85 0.85 0.85 0.85 0.85 0.85 0.85 0.85 0.85 0.85 0.85 0.85 0.85 0.85 0.85 0.85 0.85 
TS33 0.85 0.85 0.85 0.85 0.85 0.85 0.85 0.85 0.85 0.85 0.85 0.85 0.85 0.85 0.85 0.85 0.85 0.85 0.85 0.85 0.85 0.85 0.85 0.85 0.85 0.85 0.85 0.85 0.85 0.85 0.85 0.85 
TS34 0.85 0.85 0.85 0.85 0.85 0.85 0.85 0.85 0.85 0.85 0.85 0.85 0.85 0.85 0.85 0.85 0.85 0.85 0.85 0.85 0.85 0.85 0.85 0.85 0.85 0.85 0.85 0.85 0.85 0.85 0.85 0.85 
TS35 0.85 0.85 0.85 0.85 0.85 0.85 0.85 0.85 0.85 0.85 0.85 0.85 0.85 0.85 0.85 0.85 0.85 0.85 0.85 0.85 0.85 0.85 0.85 0.85 0.85 0.85 0.85 0.85 0.85 0.85 0.85 0.85 
TS36 0.85 0.85 0.85 0.85 0.85 0.85 0.85 0.85 0.85 0.85 0.85 0.85 0.85 0.85 0.85 0.85 0.85 0.85 0.85 0.85 0.85 0.85 0.85 0.85 0.85 0.85 0.85 0.85 0.85 0.85 0.85 0.85 
TS37 0.85 0.85 0.85 0.85 0.85 0.85 0.85 0.85 0.85 0.85 0.85 0.85 0.85 0.85 0.85 0.85 0.85 0.85 0.85 0.85 0.85 0.85 0.85 0.85 0.85 0.85 0.85 0.85 0.85 0.85 0.85 0.85 
TS38 0.85 0.85 0.85 0.85 0.85 0.85 0.85 0.85 0.85 0.85 0.85 0.85 0.85 0.85 0.85 0.85 0.85 0.85 0.85 0.85 0.85 0.85 0.85 0.85 0.85 0.85 0.85 0.85 0.85 0.85 0.85 0.85 
TS39 0.85 0.85 0.85 0.85 0.85 0.85 0.85 0.85 0.85 0.85 0.85 0.85 0.85 0.85 0.85 0.85 0.85 0.85 0.85 0.85 0.85 0.85 0.85 0.85 0.85 0.85 0.85 0.85 0.85 0.85 0.85 0.85 
TS40 0.85 0.85 0.85 0.85 0.85 0.85 0.85 0.85 0.85 0.85 0.85 0.85 0.85 0.85 0.85 0.85 0.85 0.85 0.85 0.85 0.85 0.85 0.85 0.85 0.85 0.85 0.85 0.85 0.85 0.85 0.85 0.85 
TS41 0.85 0.85 0.85 0.85 0.85 0.85 0.85 0.85 0.85 0.85 0.85 0.85 0.85 0.85 0.85 0.85 0.85 0.85 0.85 0.85 0.85 0.85 0.85 0.85 0.85 0.85 0.85 0.85 0.85 0.85 0.85 0.85 
TS42 0.85 0.85 0.85 0.85 0.85 0.85 0.85 0.85 0.85 0.85 0.85 0.85 0.85 0.85 0.85 0.85 0.85 0.85 0.85 0.85 0.85 0.85 0.85 0.85 0.85 0.85 0.85 0.85 0.85 0.85 0.85 0.85 
TS43 0.85 0.85 0.85 0.85 0.85 0.85 0.85 0.85 0.85 0.85 0.85 0.85 0.85 0.85 0.85 0.85 0.85 0.85 0.85 0.85 0.85 0.85 0.85 0.85 0.85 0.85 0.85 0.85 0.85 0.85 0.85 0.85 
TS44 0.85 0.85 0.85 0.85 0.85 0.85 0.85 0.85 0.85 0.85 0.85 0.85 0.85 0.85 0.85 0.85 0.85 0.85 0.85 0.85 0.85 0.85 0.85 0.85 0.85 0.85 0.85 0.85 0.85 0.85 0.85 0.85 
TS45 0.85 0.85 0.85 0.85 0.85 0.85 0.85 0.85 0.85 0.85 0.85 0.85 0.85 0.85 0.85 0.85 0.85 0.85 0.85 0.85 0.85 0.85 0.85 0.85 0.85 0.85 0.85 0.85 0.85 0.85 0.85 0.85 
TS46 0.85 0.85 0.85 0.85 0.85 0.85 0.85 0.85 0.85 0.85 0.85 0.85 0.85 0.85 0.85 0.85 0.85 0.85 0.85 0.85 0.85 0.85 0.85 0.85 0.85 0.85 0.85 0.85 0.85 0.85 0.85 0.85 
TS47 0.85 0.85 0.85 0.85 0.85 0.85 0.85 0.85 0.85 0.85 0.85 0.85 0.85 0.85 0.85 0.85 0.85 0.85 0.85 0.85 0.85 0.85 0.85 0.85 0.85 0.85 0.85 0.85 0.85 0.85 0.85 0.85 
TS48 0.85 0.85 0.85 0.85 0.85 0.85 0.85 0.85 0.85 0.85 0.85 0.85 0.85 0.85 0.85 0.85 0.85 0.85 0.85 0.85 0.85 0.85 0.85 0.85 0.85 0.85 0.85 0.85 0.85 0.85 0.85 0.85 
[RE1,IMPELC002,*,*]:
2019 2020 2021 2022 2023 2024 2025 2026 2027 2028 2029 2030 2031 2032 2033 2034 2035 2036 2037 2038 2039 2040 2041 2042 2043 2044 2045 2046 2047 2048 2049 2050 :=
TS01 0.85 0.85 0.85 0.85 0.85 0.85 0.85 0.85 0.85 0.85 0.85 0.85 0.85 0.85 0.85 0.85 0.85 0.85 0.85 0.85 0.85 0.85 0.85 0.85 0.85 0.85 0.85 0.85 0.85 0.85 0.85 0.85 
TS02 0.85 0.85 0.85 0.85 0.85 0.85 0.85 0.85 0.85 0.85 0.85 0.85 0.85 0.85 0.85 0.85 0.85 0.85 0.85 0.85 0.85 0.85 0.85 0.85 0.85 0.85 0.85 0.85 0.85 0.85 0.85 0.85 
TS03 0.85 0.85 0.85 0.85 0.85 0.85 0.85 0.85 0.85 0.85 0.85 0.85 0.85 0.85 0.85 0.85 0.85 0.85 0.85 0.85 0.85 0.85 0.85 0.85 0.85 0.85 0.85 0.85 0.85 0.85 0.85 0.85 
TS04 0.85 0.85 0.85 0.85 0.85 0.85 0.85 0.85 0.85 0.85 0.85 0.85 0.85 0.85 0.85 0.85 0.85 0.85 0.85 0.85 0.85 0.85 0.85 0.85 0.85 0.85 0.85 0.85 0.85 0.85 0.85 0.85 
TS05 0.85 0.85 0.85 0.85 0.85 0.85 0.85 0.85 0.85 0.85 0.85 0.85 0.85 0.85 0.85 0.85 0.85 0.85 0.85 0.85 0.85 0.85 0.85 0.85 0.85 0.85 0.85 0.85 0.85 0.85 0.85 0.85 
TS06 0.85 0.85 0.85 0.85 0.85 0.85 0.85 0.85 0.85 0.85 0.85 0.85 0.85 0.85 0.85 0.85 0.85 0.85 0.85 0.85 0.85 0.85 0.85 0.85 0.85 0.85 0.85 0.85 0.85 0.85 0.85 0.85 
TS07 0.85 0.85 0.85 0.85 0.85 0.85 0.85 0.85 0.85 0.85 0.85 0.85 0.85 0.85 0.85 0.85 0.85 0.85 0.85 0.85 0.85 0.85 0.85 0.85 0.85 0.85 0.85 0.85 0.85 0.85 0.85 0.85 
TS08 0.85 0.85 0.85 0.85 0.85 0.85 0.85 0.85 0.85 0.85 0.85 0.85 0.85 0.85 0.85 0.85 0.85 0.85 0.85 0.85 0.85 0.85 0.85 0.85 0.85 0.85 0.85 0.85 0.85 0.85 0.85 0.85 
TS09 0.85 0.85 0.85 0.85 0.85 0.85 0.85 0.85 0.85 0.85 0.85 0.85 0.85 0.85 0.85 0.85 0.85 0.85 0.85 0.85 0.85 0.85 0.85 0.85 0.85 0.85 0.85 0.85 0.85 0.85 0.85 0.85 
TS10 0.85 0.85 0.85 0.85 0.85 0.85 0.85 0.85 0.85 0.85 0.85 0.85 0.85 0.85 0.85 0.85 0.85 0.85 0.85 0.85 0.85 0.85 0.85 0.85 0.85 0.85 0.85 0.85 0.85 0.85 0.85 0.85 
TS11 0.85 0.85 0.85 0.85 0.85 0.85 0.85 0.85 0.85 0.85 0.85 0.85 0.85 0.85 0.85 0.85 0.85 0.85 0.85 0.85 0.85 0.85 0.85 0.85 0.85 0.85 0.85 0.85 0.85 0.85 0.85 0.85 
TS12 0.85 0.85 0.85 0.85 0.85 0.85 0.85 0.85 0.85 0.85 0.85 0.85 0.85 0.85 0.85 0.85 0.85 0.85 0.85 0.85 0.85 0.85 0.85 0.85 0.85 0.85 0.85 0.85 0.85 0.85 0.85 0.85 
TS13 0.85 0.85 0.85 0.85 0.85 0.85 0.85 0.85 0.85 0.85 0.85 0.85 0.85 0.85 0.85 0.85 0.85 0.85 0.85 0.85 0.85 0.85 0.85 0.85 0.85 0.85 0.85 0.85 0.85 0.85 0.85 0.85 
TS14 0.85 0.85 0.85 0.85 0.85 0.85 0.85 0.85 0.85 0.85 0.85 0.85 0.85 0.85 0.85 0.85 0.85 0.85 0.85 0.85 0.85 0.85 0.85 0.85 0.85 0.85 0.85 0.85 0.85 0.85 0.85 0.85 
TS15 0.85 0.85 0.85 0.85 0.85 0.85 0.85 0.85 0.85 0.85 0.85 0.85 0.85 0.85 0.85 0.85 0.85 0.85 0.85 0.85 0.85 0.85 0.85 0.85 0.85 0.85 0.85 0.85 0.85 0.85 0.85 0.85 
TS16 0.85 0.85 0.85 0.85 0.85 0.85 0.85 0.85 0.85 0.85 0.85 0.85 0.85 0.85 0.85 0.85 0.85 0.85 0.85 0.85 0.85 0.85 0.85 0.85 0.85 0.85 0.85 0.85 0.85 0.85 0.85 0.85 
TS17 0.85 0.85 0.85 0.85 0.85 0.85 0.85 0.85 0.85 0.85 0.85 0.85 0.85 0.85 0.85 0.85 0.85 0.85 0.85 0.85 0.85 0.85 0.85 0.85 0.85 0.85 0.85 0.85 0.85 0.85 0.85 0.85 
TS18 0.85 0.85 0.85 0.85 0.85 0.85 0.85 0.85 0.85 0.85 0.85 0.85 0.85 0.85 0.85 0.85 0.85 0.85 0.85 0.85 0.85 0.85 0.85 0.85 0.85 0.85 0.85 0.85 0.85 0.85 0.85 0.85 
TS19 0.85 0.85 0.85 0.85 0.85 0.85 0.85 0.85 0.85 0.85 0.85 0.85 0.85 0.85 0.85 0.85 0.85 0.85 0.85 0.85 0.85 0.85 0.85 0.85 0.85 0.85 0.85 0.85 0.85 0.85 0.85 0.85 
TS20 0.85 0.85 0.85 0.85 0.85 0.85 0.85 0.85 0.85 0.85 0.85 0.85 0.85 0.85 0.85 0.85 0.85 0.85 0.85 0.85 0.85 0.85 0.85 0.85 0.85 0.85 0.85 0.85 0.85 0.85 0.85 0.85 
TS21 0.85 0.85 0.85 0.85 0.85 0.85 0.85 0.85 0.85 0.85 0.85 0.85 0.85 0.85 0.85 0.85 0.85 0.85 0.85 0.85 0.85 0.85 0.85 0.85 0.85 0.85 0.85 0.85 0.85 0.85 0.85 0.85 
TS22 0.85 0.85 0.85 0.85 0.85 0.85 0.85 0.85 0.85 0.85 0.85 0.85 0.85 0.85 0.85 0.85 0.85 0.85 0.85 0.85 0.85 0.85 0.85 0.85 0.85 0.85 0.85 0.85 0.85 0.85 0.85 0.85 
TS23 0.85 0.85 0.85 0.85 0.85 0.85 0.85 0.85 0.85 0.85 0.85 0.85 0.85 0.85 0.85 0.85 0.85 0.85 0.85 0.85 0.85 0.85 0.85 0.85 0.85 0.85 0.85 0.85 0.85 0.85 0.85 0.85 
TS24 0.85 0.85 0.85 0.85 0.85 0.85 0.85 0.85 0.85 0.85 0.85 0.85 0.85 0.85 0.85 0.85 0.85 0.85 0.85 0.85 0.85 0.85 0.85 0.85 0.85 0.85 0.85 0.85 0.85 0.85 0.85 0.85 
TS25 0.85 0.85 0.85 0.85 0.85 0.85 0.85 0.85 0.85 0.85 0.85 0.85 0.85 0.85 0.85 0.85 0.85 0.85 0.85 0.85 0.85 0.85 0.85 0.85 0.85 0.85 0.85 0.85 0.85 0.85 0.85 0.85 
TS26 0.85 0.85 0.85 0.85 0.85 0.85 0.85 0.85 0.85 0.85 0.85 0.85 0.85 0.85 0.85 0.85 0.85 0.85 0.85 0.85 0.85 0.85 0.85 0.85 0.85 0.85 0.85 0.85 0.85 0.85 0.85 0.85 
TS27 0.85 0.85 0.85 0.85 0.85 0.85 0.85 0.85 0.85 0.85 0.85 0.85 0.85 0.85 0.85 0.85 0.85 0.85 0.85 0.85 0.85 0.85 0.85 0.85 0.85 0.85 0.85 0.85 0.85 0.85 0.85 0.85 
TS28 0.85 0.85 0.85 0.85 0.85 0.85 0.85 0.85 0.85 0.85 0.85 0.85 0.85 0.85 0.85 0.85 0.85 0.85 0.85 0.85 0.85 0.85 0.85 0.85 0.85 0.85 0.85 0.85 0.85 0.85 0.85 0.85 
TS29 0.85 0.85 0.85 0.85 0.85 0.85 0.85 0.85 0.85 0.85 0.85 0.85 0.85 0.85 0.85 0.85 0.85 0.85 0.85 0.85 0.85 0.85 0.85 0.85 0.85 0.85 0.85 0.85 0.85 0.85 0.85 0.85 
TS30 0.85 0.85 0.85 0.85 0.85 0.85 0.85 0.85 0.85 0.85 0.85 0.85 0.85 0.85 0.85 0.85 0.85 0.85 0.85 0.85 0.85 0.85 0.85 0.85 0.85 0.85 0.85 0.85 0.85 0.85 0.85 0.85 
TS31 0.85 0.85 0.85 0.85 0.85 0.85 0.85 0.85 0.85 0.85 0.85 0.85 0.85 0.85 0.85 0.85 0.85 0.85 0.85 0.85 0.85 0.85 0.85 0.85 0.85 0.85 0.85 0.85 0.85 0.85 0.85 0.85 
TS32 0.85 0.85 0.85 0.85 0.85 0.85 0.85 0.85 0.85 0.85 0.85 0.85 0.85 0.85 0.85 0.85 0.85 0.85 0.85 0.85 0.85 0.85 0.85 0.85 0.85 0.85 0.85 0.85 0.85 0.85 0.85 0.85 
TS33 0.85 0.85 0.85 0.85 0.85 0.85 0.85 0.85 0.85 0.85 0.85 0.85 0.85 0.85 0.85 0.85 0.85 0.85 0.85 0.85 0.85 0.85 0.85 0.85 0.85 0.85 0.85 0.85 0.85 0.85 0.85 0.85 
TS34 0.85 0.85 0.85 0.85 0.85 0.85 0.85 0.85 0.85 0.85 0.85 0.85 0.85 0.85 0.85 0.85 0.85 0.85 0.85 0.85 0.85 0.85 0.85 0.85 0.85 0.85 0.85 0.85 0.85 0.85 0.85 0.85 
TS35 0.85 0.85 0.85 0.85 0.85 0.85 0.85 0.85 0.85 0.85 0.85 0.85 0.85 0.85 0.85 0.85 0.85 0.85 0.85 0.85 0.85 0.85 0.85 0.85 0.85 0.85 0.85 0.85 0.85 0.85 0.85 0.85 
TS36 0.85 0.85 0.85 0.85 0.85 0.85 0.85 0.85 0.85 0.85 0.85 0.85 0.85 0.85 0.85 0.85 0.85 0.85 0.85 0.85 0.85 0.85 0.85 0.85 0.85 0.85 0.85 0.85 0.85 0.85 0.85 0.85 
TS37 0.85 0.85 0.85 0.85 0.85 0.85 0.85 0.85 0.85 0.85 0.85 0.85 0.85 0.85 0.85 0.85 0.85 0.85 0.85 0.85 0.85 0.85 0.85 0.85 0.85 0.85 0.85 0.85 0.85 0.85 0.85 0.85 
TS38 0.85 0.85 0.85 0.85 0.85 0.85 0.85 0.85 0.85 0.85 0.85 0.85 0.85 0.85 0.85 0.85 0.85 0.85 0.85 0.85 0.85 0.85 0.85 0.85 0.85 0.85 0.85 0.85 0.85 0.85 0.85 0.85 
TS39 0.85 0.85 0.85 0.85 0.85 0.85 0.85 0.85 0.85 0.85 0.85 0.85 0.85 0.85 0.85 0.85 0.85 0.85 0.85 0.85 0.85 0.85 0.85 0.85 0.85 0.85 0.85 0.85 0.85 0.85 0.85 0.85 
TS40 0.85 0.85 0.85 0.85 0.85 0.85 0.85 0.85 0.85 0.85 0.85 0.85 0.85 0.85 0.85 0.85 0.85 0.85 0.85 0.85 0.85 0.85 0.85 0.85 0.85 0.85 0.85 0.85 0.85 0.85 0.85 0.85 
TS41 0.85 0.85 0.85 0.85 0.85 0.85 0.85 0.85 0.85 0.85 0.85 0.85 0.85 0.85 0.85 0.85 0.85 0.85 0.85 0.85 0.85 0.85 0.85 0.85 0.85 0.85 0.85 0.85 0.85 0.85 0.85 0.85 
TS42 0.85 0.85 0.85 0.85 0.85 0.85 0.85 0.85 0.85 0.85 0.85 0.85 0.85 0.85 0.85 0.85 0.85 0.85 0.85 0.85 0.85 0.85 0.85 0.85 0.85 0.85 0.85 0.85 0.85 0.85 0.85 0.85 
TS43 0.85 0.85 0.85 0.85 0.85 0.85 0.85 0.85 0.85 0.85 0.85 0.85 0.85 0.85 0.85 0.85 0.85 0.85 0.85 0.85 0.85 0.85 0.85 0.85 0.85 0.85 0.85 0.85 0.85 0.85 0.85 0.85 
TS44 0.85 0.85 0.85 0.85 0.85 0.85 0.85 0.85 0.85 0.85 0.85 0.85 0.85 0.85 0.85 0.85 0.85 0.85 0.85 0.85 0.85 0.85 0.85 0.85 0.85 0.85 0.85 0.85 0.85 0.85 0.85 0.85 
TS45 0.85 0.85 0.85 0.85 0.85 0.85 0.85 0.85 0.85 0.85 0.85 0.85 0.85 0.85 0.85 0.85 0.85 0.85 0.85 0.85 0.85 0.85 0.85 0.85 0.85 0.85 0.85 0.85 0.85 0.85 0.85 0.85 
TS46 0.85 0.85 0.85 0.85 0.85 0.85 0.85 0.85 0.85 0.85 0.85 0.85 0.85 0.85 0.85 0.85 0.85 0.85 0.85 0.85 0.85 0.85 0.85 0.85 0.85 0.85 0.85 0.85 0.85 0.85 0.85 0.85 
TS47 0.85 0.85 0.85 0.85 0.85 0.85 0.85 0.85 0.85 0.85 0.85 0.85 0.85 0.85 0.85 0.85 0.85 0.85 0.85 0.85 0.85 0.85 0.85 0.85 0.85 0.85 0.85 0.85 0.85 0.85 0.85 0.85 
TS48 0.85 0.85 0.85 0.85 0.85 0.85 0.85 0.85 0.85 0.85 0.85 0.85 0.85 0.85 0.85 0.85 0.85 0.85 0.85 0.85 0.85 0.85 0.85 0.85 0.85 0.85 0.85 0.85 0.85 0.85 0.85 0.85 
[RE1,PWRBIO001,*,*]:
2019 2020 2021 2022 2023 2024 2025 2026 2027 2028 2029 2030 2031 2032 2033 2034 2035 2036 2037 2038 2039 2040 2041 2042 2043 2044 2045 2046 2047 2048 2049 2050 :=
TS01 0.5 0.5 0.5 0.5 0.5 0.5 0.5 0.5 0.5 0.5 0.5 0.5 0.5 0.5 0.5 0.5 0.5 0.5 0.5 0.5 0.5 0.5 0.5 0.5 0.5 0.5 0.5 0.5 0.5 0.5 0.5 0.5 
TS02 0.5 0.5 0.5 0.5 0.5 0.5 0.5 0.5 0.5 0.5 0.5 0.5 0.5 0.5 0.5 0.5 0.5 0.5 0.5 0.5 0.5 0.5 0.5 0.5 0.5 0.5 0.5 0.5 0.5 0.5 0.5 0.5 
TS03 0.5 0.5 0.5 0.5 0.5 0.5 0.5 0.5 0.5 0.5 0.5 0.5 0.5 0.5 0.5 0.5 0.5 0.5 0.5 0.5 0.5 0.5 0.5 0.5 0.5 0.5 0.5 0.5 0.5 0.5 0.5 0.5 
TS04 0.5 0.5 0.5 0.5 0.5 0.5 0.5 0.5 0.5 0.5 0.5 0.5 0.5 0.5 0.5 0.5 0.5 0.5 0.5 0.5 0.5 0.5 0.5 0.5 0.5 0.5 0.5 0.5 0.5 0.5 0.5 0.5 
TS05 0.5 0.5 0.5 0.5 0.5 0.5 0.5 0.5 0.5 0.5 0.5 0.5 0.5 0.5 0.5 0.5 0.5 0.5 0.5 0.5 0.5 0.5 0.5 0.5 0.5 0.5 0.5 0.5 0.5 0.5 0.5 0.5 
TS06 0.5 0.5 0.5 0.5 0.5 0.5 0.5 0.5 0.5 0.5 0.5 0.5 0.5 0.5 0.5 0.5 0.5 0.5 0.5 0.5 0.5 0.5 0.5 0.5 0.5 0.5 0.5 0.5 0.5 0.5 0.5 0.5 
TS07 0.5 0.5 0.5 0.5 0.5 0.5 0.5 0.5 0.5 0.5 0.5 0.5 0.5 0.5 0.5 0.5 0.5 0.5 0.5 0.5 0.5 0.5 0.5 0.5 0.5 0.5 0.5 0.5 0.5 0.5 0.5 0.5 
TS08 0.5 0.5 0.5 0.5 0.5 0.5 0.5 0.5 0.5 0.5 0.5 0.5 0.5 0.5 0.5 0.5 0.5 0.5 0.5 0.5 0.5 0.5 0.5 0.5 0.5 0.5 0.5 0.5 0.5 0.5 0.5 0.5 
TS09 0.5 0.5 0.5 0.5 0.5 0.5 0.5 0.5 0.5 0.5 0.5 0.5 0.5 0.5 0.5 0.5 0.5 0.5 0.5 0.5 0.5 0.5 0.5 0.5 0.5 0.5 0.5 0.5 0.5 0.5 0.5 0.5 
TS10 0.5 0.5 0.5 0.5 0.5 0.5 0.5 0.5 0.5 0.5 0.5 0.5 0.5 0.5 0.5 0.5 0.5 0.5 0.5 0.5 0.5 0.5 0.5 0.5 0.5 0.5 0.5 0.5 0.5 0.5 0.5 0.5 
TS11 0.5 0.5 0.5 0.5 0.5 0.5 0.5 0.5 0.5 0.5 0.5 0.5 0.5 0.5 0.5 0.5 0.5 0.5 0.5 0.5 0.5 0.5 0.5 0.5 0.5 0.5 0.5 0.5 0.5 0.5 0.5 0.5 
TS12 0.5 0.5 0.5 0.5 0.5 0.5 0.5 0.5 0.5 0.5 0.5 0.5 0.5 0.5 0.5 0.5 0.5 0.5 0.5 0.5 0.5 0.5 0.5 0.5 0.5 0.5 0.5 0.5 0.5 0.5 0.5 0.5 
TS13 0.5 0.5 0.5 0.5 0.5 0.5 0.5 0.5 0.5 0.5 0.5 0.5 0.5 0.5 0.5 0.5 0.5 0.5 0.5 0.5 0.5 0.5 0.5 0.5 0.5 0.5 0.5 0.5 0.5 0.5 0.5 0.5 
TS14 0.5 0.5 0.5 0.5 0.5 0.5 0.5 0.5 0.5 0.5 0.5 0.5 0.5 0.5 0.5 0.5 0.5 0.5 0.5 0.5 0.5 0.5 0.5 0.5 0.5 0.5 0.5 0.5 0.5 0.5 0.5 0.5 
TS15 0.5 0.5 0.5 0.5 0.5 0.5 0.5 0.5 0.5 0.5 0.5 0.5 0.5 0.5 0.5 0.5 0.5 0.5 0.5 0.5 0.5 0.5 0.5 0.5 0.5 0.5 0.5 0.5 0.5 0.5 0.5 0.5 
TS16 0.5 0.5 0.5 0.5 0.5 0.5 0.5 0.5 0.5 0.5 0.5 0.5 0.5 0.5 0.5 0.5 0.5 0.5 0.5 0.5 0.5 0.5 0.5 0.5 0.5 0.5 0.5 0.5 0.5 0.5 0.5 0.5 
TS17 0.5 0.5 0.5 0.5 0.5 0.5 0.5 0.5 0.5 0.5 0.5 0.5 0.5 0.5 0.5 0.5 0.5 0.5 0.5 0.5 0.5 0.5 0.5 0.5 0.5 0.5 0.5 0.5 0.5 0.5 0.5 0.5 
TS18 0.5 0.5 0.5 0.5 0.5 0.5 0.5 0.5 0.5 0.5 0.5 0.5 0.5 0.5 0.5 0.5 0.5 0.5 0.5 0.5 0.5 0.5 0.5 0.5 0.5 0.5 0.5 0.5 0.5 0.5 0.5 0.5 
TS19 0.5 0.5 0.5 0.5 0.5 0.5 0.5 0.5 0.5 0.5 0.5 0.5 0.5 0.5 0.5 0.5 0.5 0.5 0.5 0.5 0.5 0.5 0.5 0.5 0.5 0.5 0.5 0.5 0.5 0.5 0.5 0.5 
TS20 0.5 0.5 0.5 0.5 0.5 0.5 0.5 0.5 0.5 0.5 0.5 0.5 0.5 0.5 0.5 0.5 0.5 0.5 0.5 0.5 0.5 0.5 0.5 0.5 0.5 0.5 0.5 0.5 0.5 0.5 0.5 0.5 
TS21 0.5 0.5 0.5 0.5 0.5 0.5 0.5 0.5 0.5 0.5 0.5 0.5 0.5 0.5 0.5 0.5 0.5 0.5 0.5 0.5 0.5 0.5 0.5 0.5 0.5 0.5 0.5 0.5 0.5 0.5 0.5 0.5 
TS22 0.5 0.5 0.5 0.5 0.5 0.5 0.5 0.5 0.5 0.5 0.5 0.5 0.5 0.5 0.5 0.5 0.5 0.5 0.5 0.5 0.5 0.5 0.5 0.5 0.5 0.5 0.5 0.5 0.5 0.5 0.5 0.5 
TS23 0.5 0.5 0.5 0.5 0.5 0.5 0.5 0.5 0.5 0.5 0.5 0.5 0.5 0.5 0.5 0.5 0.5 0.5 0.5 0.5 0.5 0.5 0.5 0.5 0.5 0.5 0.5 0.5 0.5 0.5 0.5 0.5 
TS24 0.5 0.5 0.5 0.5 0.5 0.5 0.5 0.5 0.5 0.5 0.5 0.5 0.5 0.5 0.5 0.5 0.5 0.5 0.5 0.5 0.5 0.5 0.5 0.5 0.5 0.5 0.5 0.5 0.5 0.5 0.5 0.5 
TS25 0.5 0.5 0.5 0.5 0.5 0.5 0.5 0.5 0.5 0.5 0.5 0.5 0.5 0.5 0.5 0.5 0.5 0.5 0.5 0.5 0.5 0.5 0.5 0.5 0.5 0.5 0.5 0.5 0.5 0.5 0.5 0.5 
TS26 0.5 0.5 0.5 0.5 0.5 0.5 0.5 0.5 0.5 0.5 0.5 0.5 0.5 0.5 0.5 0.5 0.5 0.5 0.5 0.5 0.5 0.5 0.5 0.5 0.5 0.5 0.5 0.5 0.5 0.5 0.5 0.5 
TS27 0.5 0.5 0.5 0.5 0.5 0.5 0.5 0.5 0.5 0.5 0.5 0.5 0.5 0.5 0.5 0.5 0.5 0.5 0.5 0.5 0.5 0.5 0.5 0.5 0.5 0.5 0.5 0.5 0.5 0.5 0.5 0.5 
TS28 0.5 0.5 0.5 0.5 0.5 0.5 0.5 0.5 0.5 0.5 0.5 0.5 0.5 0.5 0.5 0.5 0.5 0.5 0.5 0.5 0.5 0.5 0.5 0.5 0.5 0.5 0.5 0.5 0.5 0.5 0.5 0.5 
TS29 0.5 0.5 0.5 0.5 0.5 0.5 0.5 0.5 0.5 0.5 0.5 0.5 0.5 0.5 0.5 0.5 0.5 0.5 0.5 0.5 0.5 0.5 0.5 0.5 0.5 0.5 0.5 0.5 0.5 0.5 0.5 0.5 
TS30 0.5 0.5 0.5 0.5 0.5 0.5 0.5 0.5 0.5 0.5 0.5 0.5 0.5 0.5 0.5 0.5 0.5 0.5 0.5 0.5 0.5 0.5 0.5 0.5 0.5 0.5 0.5 0.5 0.5 0.5 0.5 0.5 
TS31 0.5 0.5 0.5 0.5 0.5 0.5 0.5 0.5 0.5 0.5 0.5 0.5 0.5 0.5 0.5 0.5 0.5 0.5 0.5 0.5 0.5 0.5 0.5 0.5 0.5 0.5 0.5 0.5 0.5 0.5 0.5 0.5 
TS32 0.5 0.5 0.5 0.5 0.5 0.5 0.5 0.5 0.5 0.5 0.5 0.5 0.5 0.5 0.5 0.5 0.5 0.5 0.5 0.5 0.5 0.5 0.5 0.5 0.5 0.5 0.5 0.5 0.5 0.5 0.5 0.5 
TS33 0.5 0.5 0.5 0.5 0.5 0.5 0.5 0.5 0.5 0.5 0.5 0.5 0.5 0.5 0.5 0.5 0.5 0.5 0.5 0.5 0.5 0.5 0.5 0.5 0.5 0.5 0.5 0.5 0.5 0.5 0.5 0.5 
TS34 0.5 0.5 0.5 0.5 0.5 0.5 0.5 0.5 0.5 0.5 0.5 0.5 0.5 0.5 0.5 0.5 0.5 0.5 0.5 0.5 0.5 0.5 0.5 0.5 0.5 0.5 0.5 0.5 0.5 0.5 0.5 0.5 
TS35 0.5 0.5 0.5 0.5 0.5 0.5 0.5 0.5 0.5 0.5 0.5 0.5 0.5 0.5 0.5 0.5 0.5 0.5 0.5 0.5 0.5 0.5 0.5 0.5 0.5 0.5 0.5 0.5 0.5 0.5 0.5 0.5 
TS36 0.5 0.5 0.5 0.5 0.5 0.5 0.5 0.5 0.5 0.5 0.5 0.5 0.5 0.5 0.5 0.5 0.5 0.5 0.5 0.5 0.5 0.5 0.5 0.5 0.5 0.5 0.5 0.5 0.5 0.5 0.5 0.5 
TS37 0.5 0.5 0.5 0.5 0.5 0.5 0.5 0.5 0.5 0.5 0.5 0.5 0.5 0.5 0.5 0.5 0.5 0.5 0.5 0.5 0.5 0.5 0.5 0.5 0.5 0.5 0.5 0.5 0.5 0.5 0.5 0.5 
TS38 0.5 0.5 0.5 0.5 0.5 0.5 0.5 0.5 0.5 0.5 0.5 0.5 0.5 0.5 0.5 0.5 0.5 0.5 0.5 0.5 0.5 0.5 0.5 0.5 0.5 0.5 0.5 0.5 0.5 0.5 0.5 0.5 
TS39 0.5 0.5 0.5 0.5 0.5 0.5 0.5 0.5 0.5 0.5 0.5 0.5 0.5 0.5 0.5 0.5 0.5 0.5 0.5 0.5 0.5 0.5 0.5 0.5 0.5 0.5 0.5 0.5 0.5 0.5 0.5 0.5 
TS40 0.5 0.5 0.5 0.5 0.5 0.5 0.5 0.5 0.5 0.5 0.5 0.5 0.5 0.5 0.5 0.5 0.5 0.5 0.5 0.5 0.5 0.5 0.5 0.5 0.5 0.5 0.5 0.5 0.5 0.5 0.5 0.5 
TS41 0.5 0.5 0.5 0.5 0.5 0.5 0.5 0.5 0.5 0.5 0.5 0.5 0.5 0.5 0.5 0.5 0.5 0.5 0.5 0.5 0.5 0.5 0.5 0.5 0.5 0.5 0.5 0.5 0.5 0.5 0.5 0.5 
TS42 0.5 0.5 0.5 0.5 0.5 0.5 0.5 0.5 0.5 0.5 0.5 0.5 0.5 0.5 0.5 0.5 0.5 0.5 0.5 0.5 0.5 0.5 0.5 0.5 0.5 0.5 0.5 0.5 0.5 0.5 0.5 0.5 
TS43 0.5 0.5 0.5 0.5 0.5 0.5 0.5 0.5 0.5 0.5 0.5 0.5 0.5 0.5 0.5 0.5 0.5 0.5 0.5 0.5 0.5 0.5 0.5 0.5 0.5 0.5 0.5 0.5 0.5 0.5 0.5 0.5 
TS44 0.5 0.5 0.5 0.5 0.5 0.5 0.5 0.5 0.5 0.5 0.5 0.5 0.5 0.5 0.5 0.5 0.5 0.5 0.5 0.5 0.5 0.5 0.5 0.5 0.5 0.5 0.5 0.5 0.5 0.5 0.5 0.5 
TS45 0.5 0.5 0.5 0.5 0.5 0.5 0.5 0.5 0.5 0.5 0.5 0.5 0.5 0.5 0.5 0.5 0.5 0.5 0.5 0.5 0.5 0.5 0.5 0.5 0.5 0.5 0.5 0.5 0.5 0.5 0.5 0.5 
TS46 0.5 0.5 0.5 0.5 0.5 0.5 0.5 0.5 0.5 0.5 0.5 0.5 0.5 0.5 0.5 0.5 0.5 0.5 0.5 0.5 0.5 0.5 0.5 0.5 0.5 0.5 0.5 0.5 0.5 0.5 0.5 0.5 
TS47 0.5 0.5 0.5 0.5 0.5 0.5 0.5 0.5 0.5 0.5 0.5 0.5 0.5 0.5 0.5 0.5 0.5 0.5 0.5 0.5 0.5 0.5 0.5 0.5 0.5 0.5 0.5 0.5 0.5 0.5 0.5 0.5 
TS48 0.5 0.5 0.5 0.5 0.5 0.5 0.5 0.5 0.5 0.5 0.5 0.5 0.5 0.5 0.5 0.5 0.5 0.5 0.5 0.5 0.5 0.5 0.5 0.5 0.5 0.5 0.5 0.5 0.5 0.5 0.5 0.5 
[RE1,PWRHYD001,*,*]:
2019 2020 2021 2022 2023 2024 2025 2026 2027 2028 2029 2030 2031 2032 2033 2034 2035 2036 2037 2038 2039 2040 2041 2042 2043 2044 2045 2046 2047 2048 2049 2050 :=
TS01 0.336 0.336 0.336 0.336 0.336 0.336 0.336 0.336 0.336 0.336 0.336 0.336 0.336 0.336 0.336 0.336 0.336 0.336 0.336 0.336 0.336 0.336 0.336 0.336 0.336 0.336 0.336 0.336 0.336 0.336 0.336 0.336 
TS02 0.336 0.336 0.336 0.336 0.336 0.336 0.336 0.336 0.336 0.336 0.336 0.336 0.336 0.336 0.336 0.336 0.336 0.336 0.336 0.336 0.336 0.336 0.336 0.336 0.336 0.336 0.336 0.336 0.336 0.336 0.336 0.336 
TS03 0.336 0.336 0.336 0.336 0.336 0.336 0.336 0.336 0.336 0.336 0.336 0.336 0.336 0.336 0.336 0.336 0.336 0.336 0.336 0.336 0.336 0.336 0.336 0.336 0.336 0.336 0.336 0.336 0.336 0.336 0.336 0.336 
TS04 0.336 0.336 0.336 0.336 0.336 0.336 0.336 0.336 0.336 0.336 0.336 0.336 0.336 0.336 0.336 0.336 0.336 0.336 0.336 0.336 0.336 0.336 0.336 0.336 0.336 0.336 0.336 0.336 0.336 0.336 0.336 0.336 
TS05 0.336 0.336 0.336 0.336 0.336 0.336 0.336 0.336 0.336 0.336 0.336 0.336 0.336 0.336 0.336 0.336 0.336 0.336 0.336 0.336 0.336 0.336 0.336 0.336 0.336 0.336 0.336 0.336 0.336 0.336 0.336 0.336 
TS06 0.336 0.336 0.336 0.336 0.336 0.336 0.336 0.336 0.336 0.336 0.336 0.336 0.336 0.336 0.336 0.336 0.336 0.336 0.336 0.336 0.336 0.336 0.336 0.336 0.336 0.336 0.336 0.336 0.336 0.336 0.336 0.336 
TS07 0.336 0.336 0.336 0.336 0.336 0.336 0.336 0.336 0.336 0.336 0.336 0.336 0.336 0.336 0.336 0.336 0.336 0.336 0.336 0.336 0.336 0.336 0.336 0.336 0.336 0.336 0.336 0.336 0.336 0.336 0.336 0.336 
TS08 0.336 0.336 0.336 0.336 0.336 0.336 0.336 0.336 0.336 0.336 0.336 0.336 0.336 0.336 0.336 0.336 0.336 0.336 0.336 0.336 0.336 0.336 0.336 0.336 0.336 0.336 0.336 0.336 0.336 0.336 0.336 0.336 
TS09 0.336 0.336 0.336 0.336 0.336 0.336 0.336 0.336 0.336 0.336 0.336 0.336 0.336 0.336 0.336 0.336 0.336 0.336 0.336 0.336 0.336 0.336 0.336 0.336 0.336 0.336 0.336 0.336 0.336 0.336 0.336 0.336 
TS10 0.336 0.336 0.336 0.336 0.336 0.336 0.336 0.336 0.336 0.336 0.336 0.336 0.336 0.336 0.336 0.336 0.336 0.336 0.336 0.336 0.336 0.336 0.336 0.336 0.336 0.336 0.336 0.336 0.336 0.336 0.336 0.336 
TS11 0.336 0.336 0.336 0.336 0.336 0.336 0.336 0.336 0.336 0.336 0.336 0.336 0.336 0.336 0.336 0.336 0.336 0.336 0.336 0.336 0.336 0.336 0.336 0.336 0.336 0.336 0.336 0.336 0.336 0.336 0.336 0.336 
TS12 0.336 0.336 0.336 0.336 0.336 0.336 0.336 0.336 0.336 0.336 0.336 0.336 0.336 0.336 0.336 0.336 0.336 0.336 0.336 0.336 0.336 0.336 0.336 0.336 0.336 0.336 0.336 0.336 0.336 0.336 0.336 0.336 
TS13 0.7873 0.7873 0.7873 0.7873 0.7873 0.7873 0.7873 0.7873 0.7873 0.7873 0.7873 0.7873 0.7873 0.7873 0.7873 0.7873 0.7873 0.7873 0.7873 0.7873 0.7873 0.7873 0.7873 0.7873 0.7873 0.7873 0.7873 0.7873 0.7873 0.7873 0.7873 0.7873 
TS14 0.7873 0.7873 0.7873 0.7873 0.7873 0.7873 0.7873 0.7873 0.7873 0.7873 0.7873 0.7873 0.7873 0.7873 0.7873 0.7873 0.7873 0.7873 0.7873 0.7873 0.7873 0.7873 0.7873 0.7873 0.7873 0.7873 0.7873 0.7873 0.7873 0.7873 0.7873 0.7873 
TS15 0.7873 0.7873 0.7873 0.7873 0.7873 0.7873 0.7873 0.7873 0.7873 0.7873 0.7873 0.7873 0.7873 0.7873 0.7873 0.7873 0.7873 0.7873 0.7873 0.7873 0.7873 0.7873 0.7873 0.7873 0.7873 0.7873 0.7873 0.7873 0.7873 0.7873 0.7873 0.7873 
TS16 0.7873 0.7873 0.7873 0.7873 0.7873 0.7873 0.7873 0.7873 0.7873 0.7873 0.7873 0.7873 0.7873 0.7873 0.7873 0.7873 0.7873 0.7873 0.7873 0.7873 0.7873 0.7873 0.7873 0.7873 0.7873 0.7873 0.7873 0.7873 0.7873 0.7873 0.7873 0.7873 
TS17 0.7873 0.7873 0.7873 0.7873 0.7873 0.7873 0.7873 0.7873 0.7873 0.7873 0.7873 0.7873 0.7873 0.7873 0.7873 0.7873 0.7873 0.7873 0.7873 0.7873 0.7873 0.7873 0.7873 0.7873 0.7873 0.7873 0.7873 0.7873 0.7873 0.7873 0.7873 0.7873 
TS18 0.7873 0.7873 0.7873 0.7873 0.7873 0.7873 0.7873 0.7873 0.7873 0.7873 0.7873 0.7873 0.7873 0.7873 0.7873 0.7873 0.7873 0.7873 0.7873 0.7873 0.7873 0.7873 0.7873 0.7873 0.7873 0.7873 0.7873 0.7873 0.7873 0.7873 0.7873 0.7873 
TS19 0.7873 0.7873 0.7873 0.7873 0.7873 0.7873 0.7873 0.7873 0.7873 0.7873 0.7873 0.7873 0.7873 0.7873 0.7873 0.7873 0.7873 0.7873 0.7873 0.7873 0.7873 0.7873 0.7873 0.7873 0.7873 0.7873 0.7873 0.7873 0.7873 0.7873 0.7873 0.7873 
TS20 0.7873 0.7873 0.7873 0.7873 0.7873 0.7873 0.7873 0.7873 0.7873 0.7873 0.7873 0.7873 0.7873 0.7873 0.7873 0.7873 0.7873 0.7873 0.7873 0.7873 0.7873 0.7873 0.7873 0.7873 0.7873 0.7873 0.7873 0.7873 0.7873 0.7873 0.7873 0.7873 
TS21 0.7873 0.7873 0.7873 0.7873 0.7873 0.7873 0.7873 0.7873 0.7873 0.7873 0.7873 0.7873 0.7873 0.7873 0.7873 0.7873 0.7873 0.7873 0.7873 0.7873 0.7873 0.7873 0.7873 0.7873 0.7873 0.7873 0.7873 0.7873 0.7873 0.7873 0.7873 0.7873 
TS22 0.7873 0.7873 0.7873 0.7873 0.7873 0.7873 0.7873 0.7873 0.7873 0.7873 0.7873 0.7873 0.7873 0.7873 0.7873 0.7873 0.7873 0.7873 0.7873 0.7873 0.7873 0.7873 0.7873 0.7873 0.7873 0.7873 0.7873 0.7873 0.7873 0.7873 0.7873 0.7873 
TS23 0.7873 0.7873 0.7873 0.7873 0.7873 0.7873 0.7873 0.7873 0.7873 0.7873 0.7873 0.7873 0.7873 0.7873 0.7873 0.7873 0.7873 0.7873 0.7873 0.7873 0.7873 0.7873 0.7873 0.7873 0.7873 0.7873 0.7873 0.7873 0.7873 0.7873 0.7873 0.7873 
TS24 0.7873 0.7873 0.7873 0.7873 0.7873 0.7873 0.7873 0.7873 0.7873 0.7873 0.7873 0.7873 0.7873 0.7873 0.7873 0.7873 0.7873 0.7873 0.7873 0.7873 0.7873 0.7873 0.7873 0.7873 0.7873 0.7873 0.7873 0.7873 0.7873 0.7873 0.7873 0.7873 
TS25 0.8076 0.8076 0.8076 0.8076 0.8076 0.8076 0.8076 0.8076 0.8076 0.8076 0.8076 0.8076 0.8076 0.8076 0.8076 0.8076 0.8076 0.8076 0.8076 0.8076 0.8076 0.8076 0.8076 0.8076 0.8076 0.8076 0.8076 0.8076 0.8076 0.8076 0.8076 0.8076 
TS26 0.8076 0.8076 0.8076 0.8076 0.8076 0.8076 0.8076 0.8076 0.8076 0.8076 0.8076 0.8076 0.8076 0.8076 0.8076 0.8076 0.8076 0.8076 0.8076 0.8076 0.8076 0.8076 0.8076 0.8076 0.8076 0.8076 0.8076 0.8076 0.8076 0.8076 0.8076 0.8076 
TS27 0.8076 0.8076 0.8076 0.8076 0.8076 0.8076 0.8076 0.8076 0.8076 0.8076 0.8076 0.8076 0.8076 0.8076 0.8076 0.8076 0.8076 0.8076 0.8076 0.8076 0.8076 0.8076 0.8076 0.8076 0.8076 0.8076 0.8076 0.8076 0.8076 0.8076 0.8076 0.8076 
TS28 0.8076 0.8076 0.8076 0.8076 0.8076 0.8076 0.8076 0.8076 0.8076 0.8076 0.8076 0.8076 0.8076 0.8076 0.8076 0.8076 0.8076 0.8076 0.8076 0.8076 0.8076 0.8076 0.8076 0.8076 0.8076 0.8076 0.8076 0.8076 0.8076 0.8076 0.8076 0.8076 
TS29 0.8076 0.8076 0.8076 0.8076 0.8076 0.8076 0.8076 0.8076 0.8076 0.8076 0.8076 0.8076 0.8076 0.8076 0.8076 0.8076 0.8076 0.8076 0.8076 0.8076 0.8076 0.8076 0.8076 0.8076 0.8076 0.8076 0.8076 0.8076 0.8076 0.8076 0.8076 0.8076 
TS30 0.8076 0.8076 0.8076 0.8076 0.8076 0.8076 0.8076 0.8076 0.8076 0.8076 0.8076 0.8076 0.8076 0.8076 0.8076 0.8076 0.8076 0.8076 0.8076 0.8076 0.8076 0.8076 0.8076 0.8076 0.8076 0.8076 0.8076 0.8076 0.8076 0.8076 0.8076 0.8076 
TS31 0.8076 0.8076 0.8076 0.8076 0.8076 0.8076 0.8076 0.8076 0.8076 0.8076 0.8076 0.8076 0.8076 0.8076 0.8076 0.8076 0.8076 0.8076 0.8076 0.8076 0.8076 0.8076 0.8076 0.8076 0.8076 0.8076 0.8076 0.8076 0.8076 0.8076 0.8076 0.8076 
TS32 0.8076 0.8076 0.8076 0.8076 0.8076 0.8076 0.8076 0.8076 0.8076 0.8076 0.8076 0.8076 0.8076 0.8076 0.8076 0.8076 0.8076 0.8076 0.8076 0.8076 0.8076 0.8076 0.8076 0.8076 0.8076 0.8076 0.8076 0.8076 0.8076 0.8076 0.8076 0.8076 
TS33 0.8076 0.8076 0.8076 0.8076 0.8076 0.8076 0.8076 0.8076 0.8076 0.8076 0.8076 0.8076 0.8076 0.8076 0.8076 0.8076 0.8076 0.8076 0.8076 0.8076 0.8076 0.8076 0.8076 0.8076 0.8076 0.8076 0.8076 0.8076 0.8076 0.8076 0.8076 0.8076 
TS34 0.8076 0.8076 0.8076 0.8076 0.8076 0.8076 0.8076 0.8076 0.8076 0.8076 0.8076 0.8076 0.8076 0.8076 0.8076 0.8076 0.8076 0.8076 0.8076 0.8076 0.8076 0.8076 0.8076 0.8076 0.8076 0.8076 0.8076 0.8076 0.8076 0.8076 0.8076 0.8076 
TS35 0.8076 0.8076 0.8076 0.8076 0.8076 0.8076 0.8076 0.8076 0.8076 0.8076 0.8076 0.8076 0.8076 0.8076 0.8076 0.8076 0.8076 0.8076 0.8076 0.8076 0.8076 0.8076 0.8076 0.8076 0.8076 0.8076 0.8076 0.8076 0.8076 0.8076 0.8076 0.8076 
TS36 0.8076 0.8076 0.8076 0.8076 0.8076 0.8076 0.8076 0.8076 0.8076 0.8076 0.8076 0.8076 0.8076 0.8076 0.8076 0.8076 0.8076 0.8076 0.8076 0.8076 0.8076 0.8076 0.8076 0.8076 0.8076 0.8076 0.8076 0.8076 0.8076 0.8076 0.8076 0.8076 
TS37 0.8201 0.8201 0.8201 0.8201 0.8201 0.8201 0.8201 0.8201 0.8201 0.8201 0.8201 0.8201 0.8201 0.8201 0.8201 0.8201 0.8201 0.8201 0.8201 0.8201 0.8201 0.8201 0.8201 0.8201 0.8201 0.8201 0.8201 0.8201 0.8201 0.8201 0.8201 0.8201 
TS38 0.8201 0.8201 0.8201 0.8201 0.8201 0.8201 0.8201 0.8201 0.8201 0.8201 0.8201 0.8201 0.8201 0.8201 0.8201 0.8201 0.8201 0.8201 0.8201 0.8201 0.8201 0.8201 0.8201 0.8201 0.8201 0.8201 0.8201 0.8201 0.8201 0.8201 0.8201 0.8201 
TS39 0.8201 0.8201 0.8201 0.8201 0.8201 0.8201 0.8201 0.8201 0.8201 0.8201 0.8201 0.8201 0.8201 0.8201 0.8201 0.8201 0.8201 0.8201 0.8201 0.8201 0.8201 0.8201 0.8201 0.8201 0.8201 0.8201 0.8201 0.8201 0.8201 0.8201 0.8201 0.8201 
TS40 0.8201 0.8201 0.8201 0.8201 0.8201 0.8201 0.8201 0.8201 0.8201 0.8201 0.8201 0.8201 0.8201 0.8201 0.8201 0.8201 0.8201 0.8201 0.8201 0.8201 0.8201 0.8201 0.8201 0.8201 0.8201 0.8201 0.8201 0.8201 0.8201 0.8201 0.8201 0.8201 
TS41 0.8201 0.8201 0.8201 0.8201 0.8201 0.8201 0.8201 0.8201 0.8201 0.8201 0.8201 0.8201 0.8201 0.8201 0.8201 0.8201 0.8201 0.8201 0.8201 0.8201 0.8201 0.8201 0.8201 0.8201 0.8201 0.8201 0.8201 0.8201 0.8201 0.8201 0.8201 0.8201 
TS42 0.8201 0.8201 0.8201 0.8201 0.8201 0.8201 0.8201 0.8201 0.8201 0.8201 0.8201 0.8201 0.8201 0.8201 0.8201 0.8201 0.8201 0.8201 0.8201 0.8201 0.8201 0.8201 0.8201 0.8201 0.8201 0.8201 0.8201 0.8201 0.8201 0.8201 0.8201 0.8201 
TS43 0.8201 0.8201 0.8201 0.8201 0.8201 0.8201 0.8201 0.8201 0.8201 0.8201 0.8201 0.8201 0.8201 0.8201 0.8201 0.8201 0.8201 0.8201 0.8201 0.8201 0.8201 0.8201 0.8201 0.8201 0.8201 0.8201 0.8201 0.8201 0.8201 0.8201 0.8201 0.8201 
TS44 0.8201 0.8201 0.8201 0.8201 0.8201 0.8201 0.8201 0.8201 0.8201 0.8201 0.8201 0.8201 0.8201 0.8201 0.8201 0.8201 0.8201 0.8201 0.8201 0.8201 0.8201 0.8201 0.8201 0.8201 0.8201 0.8201 0.8201 0.8201 0.8201 0.8201 0.8201 0.8201 
TS45 0.8201 0.8201 0.8201 0.8201 0.8201 0.8201 0.8201 0.8201 0.8201 0.8201 0.8201 0.8201 0.8201 0.8201 0.8201 0.8201 0.8201 0.8201 0.8201 0.8201 0.8201 0.8201 0.8201 0.8201 0.8201 0.8201 0.8201 0.8201 0.8201 0.8201 0.8201 0.8201 
TS46 0.8201 0.8201 0.8201 0.8201 0.8201 0.8201 0.8201 0.8201 0.8201 0.8201 0.8201 0.8201 0.8201 0.8201 0.8201 0.8201 0.8201 0.8201 0.8201 0.8201 0.8201 0.8201 0.8201 0.8201 0.8201 0.8201 0.8201 0.8201 0.8201 0.8201 0.8201 0.8201 
TS47 0.8201 0.8201 0.8201 0.8201 0.8201 0.8201 0.8201 0.8201 0.8201 0.8201 0.8201 0.8201 0.8201 0.8201 0.8201 0.8201 0.8201 0.8201 0.8201 0.8201 0.8201 0.8201 0.8201 0.8201 0.8201 0.8201 0.8201 0.8201 0.8201 0.8201 0.8201 0.8201 
TS48 0.8201 0.8201 0.8201 0.8201 0.8201 0.8201 0.8201 0.8201 0.8201 0.8201 0.8201 0.8201 0.8201 0.8201 0.8201 0.8201 0.8201 0.8201 0.8201 0.8201 0.8201 0.8201 0.8201 0.8201 0.8201 0.8201 0.8201 0.8201 0.8201 0.8201 0.8201 0.8201 
[RE1,PWRHYD002,*,*]:
2019 2020 2021 2022 2023 2024 2025 2026 2027 2028 2029 2030 2031 2032 2033 2034 2035 2036 2037 2038 2039 2040 2041 2042 2043 2044 2045 2046 2047 2048 2049 2050 :=
TS01 0.5353 0.5353 0.5353 0.5353 0.5353 0.5353 0.5353 0.5353 0.5353 0.5353 0.5353 0.5353 0.5353 0.5353 0.5353 0.5353 0.5353 0.5353 0.5353 0.5353 0.5353 0.5353 0.5353 0.5353 0.5353 0.5353 0.5353 0.5353 0.5353 0.5353 0.5353 0.5353 
TS02 0.5353 0.5353 0.5353 0.5353 0.5353 0.5353 0.5353 0.5353 0.5353 0.5353 0.5353 0.5353 0.5353 0.5353 0.5353 0.5353 0.5353 0.5353 0.5353 0.5353 0.5353 0.5353 0.5353 0.5353 0.5353 0.5353 0.5353 0.5353 0.5353 0.5353 0.5353 0.5353 
TS03 0.5353 0.5353 0.5353 0.5353 0.5353 0.5353 0.5353 0.5353 0.5353 0.5353 0.5353 0.5353 0.5353 0.5353 0.5353 0.5353 0.5353 0.5353 0.5353 0.5353 0.5353 0.5353 0.5353 0.5353 0.5353 0.5353 0.5353 0.5353 0.5353 0.5353 0.5353 0.5353 
TS04 0.5353 0.5353 0.5353 0.5353 0.5353 0.5353 0.5353 0.5353 0.5353 0.5353 0.5353 0.5353 0.5353 0.5353 0.5353 0.5353 0.5353 0.5353 0.5353 0.5353 0.5353 0.5353 0.5353 0.5353 0.5353 0.5353 0.5353 0.5353 0.5353 0.5353 0.5353 0.5353 
TS05 0.5353 0.5353 0.5353 0.5353 0.5353 0.5353 0.5353 0.5353 0.5353 0.5353 0.5353 0.5353 0.5353 0.5353 0.5353 0.5353 0.5353 0.5353 0.5353 0.5353 0.5353 0.5353 0.5353 0.5353 0.5353 0.5353 0.5353 0.5353 0.5353 0.5353 0.5353 0.5353 
TS06 0.5353 0.5353 0.5353 0.5353 0.5353 0.5353 0.5353 0.5353 0.5353 0.5353 0.5353 0.5353 0.5353 0.5353 0.5353 0.5353 0.5353 0.5353 0.5353 0.5353 0.5353 0.5353 0.5353 0.5353 0.5353 0.5353 0.5353 0.5353 0.5353 0.5353 0.5353 0.5353 
TS07 0.5353 0.5353 0.5353 0.5353 0.5353 0.5353 0.5353 0.5353 0.5353 0.5353 0.5353 0.5353 0.5353 0.5353 0.5353 0.5353 0.5353 0.5353 0.5353 0.5353 0.5353 0.5353 0.5353 0.5353 0.5353 0.5353 0.5353 0.5353 0.5353 0.5353 0.5353 0.5353 
TS08 0.5353 0.5353 0.5353 0.5353 0.5353 0.5353 0.5353 0.5353 0.5353 0.5353 0.5353 0.5353 0.5353 0.5353 0.5353 0.5353 0.5353 0.5353 0.5353 0.5353 0.5353 0.5353 0.5353 0.5353 0.5353 0.5353 0.5353 0.5353 0.5353 0.5353 0.5353 0.5353 
TS09 0.5353 0.5353 0.5353 0.5353 0.5353 0.5353 0.5353 0.5353 0.5353 0.5353 0.5353 0.5353 0.5353 0.5353 0.5353 0.5353 0.5353 0.5353 0.5353 0.5353 0.5353 0.5353 0.5353 0.5353 0.5353 0.5353 0.5353 0.5353 0.5353 0.5353 0.5353 0.5353 
TS10 0.5353 0.5353 0.5353 0.5353 0.5353 0.5353 0.5353 0.5353 0.5353 0.5353 0.5353 0.5353 0.5353 0.5353 0.5353 0.5353 0.5353 0.5353 0.5353 0.5353 0.5353 0.5353 0.5353 0.5353 0.5353 0.5353 0.5353 0.5353 0.5353 0.5353 0.5353 0.5353 
TS11 0.5353 0.5353 0.5353 0.5353 0.5353 0.5353 0.5353 0.5353 0.5353 0.5353 0.5353 0.5353 0.5353 0.5353 0.5353 0.5353 0.5353 0.5353 0.5353 0.5353 0.5353 0.5353 0.5353 0.5353 0.5353 0.5353 0.5353 0.5353 0.5353 0.5353 0.5353 0.5353 
TS12 0.5353 0.5353 0.5353 0.5353 0.5353 0.5353 0.5353 0.5353 0.5353 0.5353 0.5353 0.5353 0.5353 0.5353 0.5353 0.5353 0.5353 0.5353 0.5353 0.5353 0.5353 0.5353 0.5353 0.5353 0.5353 0.5353 0.5353 0.5353 0.5353 0.5353 0.5353 0.5353 
TS13 0.544 0.544 0.544 0.544 0.544 0.544 0.544 0.544 0.544 0.544 0.544 0.544 0.544 0.544 0.544 0.544 0.544 0.544 0.544 0.544 0.544 0.544 0.544 0.544 0.544 0.544 0.544 0.544 0.544 0.544 0.544 0.544 
TS14 0.544 0.544 0.544 0.544 0.544 0.544 0.544 0.544 0.544 0.544 0.544 0.544 0.544 0.544 0.544 0.544 0.544 0.544 0.544 0.544 0.544 0.544 0.544 0.544 0.544 0.544 0.544 0.544 0.544 0.544 0.544 0.544 
TS15 0.544 0.544 0.544 0.544 0.544 0.544 0.544 0.544 0.544 0.544 0.544 0.544 0.544 0.544 0.544 0.544 0.544 0.544 0.544 0.544 0.544 0.544 0.544 0.544 0.544 0.544 0.544 0.544 0.544 0.544 0.544 0.544 
TS16 0.544 0.544 0.544 0.544 0.544 0.544 0.544 0.544 0.544 0.544 0.544 0.544 0.544 0.544 0.544 0.544 0.544 0.544 0.544 0.544 0.544 0.544 0.544 0.544 0.544 0.544 0.544 0.544 0.544 0.544 0.544 0.544 
TS17 0.544 0.544 0.544 0.544 0.544 0.544 0.544 0.544 0.544 0.544 0.544 0.544 0.544 0.544 0.544 0.544 0.544 0.544 0.544 0.544 0.544 0.544 0.544 0.544 0.544 0.544 0.544 0.544 0.544 0.544 0.544 0.544 
TS18 0.544 0.544 0.544 0.544 0.544 0.544 0.544 0.544 0.544 0.544 0.544 0.544 0.544 0.544 0.544 0.544 0.544 0.544 0.544 0.544 0.544 0.544 0.544 0.544 0.544 0.544 0.544 0.544 0.544 0.544 0.544 0.544 
TS19 0.544 0.544 0.544 0.544 0.544 0.544 0.544 0.544 0.544 0.544 0.544 0.544 0.544 0.544 0.544 0.544 0.544 0.544 0.544 0.544 0.544 0.544 0.544 0.544 0.544 0.544 0.544 0.544 0.544 0.544 0.544 0.544 
TS20 0.544 0.544 0.544 0.544 0.544 0.544 0.544 0.544 0.544 0.544 0.544 0.544 0.544 0.544 0.544 0.544 0.544 0.544 0.544 0.544 0.544 0.544 0.544 0.544 0.544 0.544 0.544 0.544 0.544 0.544 0.544 0.544 
TS21 0.544 0.544 0.544 0.544 0.544 0.544 0.544 0.544 0.544 0.544 0.544 0.544 0.544 0.544 0.544 0.544 0.544 0.544 0.544 0.544 0.544 0.544 0.544 0.544 0.544 0.544 0.544 0.544 0.544 0.544 0.544 0.544 
TS22 0.544 0.544 0.544 0.544 0.544 0.544 0.544 0.544 0.544 0.544 0.544 0.544 0.544 0.544 0.544 0.544 0.544 0.544 0.544 0.544 0.544 0.544 0.544 0.544 0.544 0.544 0.544 0.544 0.544 0.544 0.544 0.544 
TS23 0.544 0.544 0.544 0.544 0.544 0.544 0.544 0.544 0.544 0.544 0.544 0.544 0.544 0.544 0.544 0.544 0.544 0.544 0.544 0.544 0.544 0.544 0.544 0.544 0.544 0.544 0.544 0.544 0.544 0.544 0.544 0.544 
TS24 0.544 0.544 0.544 0.544 0.544 0.544 0.544 0.544 0.544 0.544 0.544 0.544 0.544 0.544 0.544 0.544 0.544 0.544 0.544 0.544 0.544 0.544 0.544 0.544 0.544 0.544 0.544 0.544 0.544 0.544 0.544 0.544 
TS25 0.5253 0.5253 0.5253 0.5253 0.5253 0.5253 0.5253 0.5253 0.5253 0.5253 0.5253 0.5253 0.5253 0.5253 0.5253 0.5253 0.5253 0.5253 0.5253 0.5253 0.5253 0.5253 0.5253 0.5253 0.5253 0.5253 0.5253 0.5253 0.5253 0.5253 0.5253 0.5253 
TS26 0.5253 0.5253 0.5253 0.5253 0.5253 0.5253 0.5253 0.5253 0.5253 0.5253 0.5253 0.5253 0.5253 0.5253 0.5253 0.5253 0.5253 0.5253 0.5253 0.5253 0.5253 0.5253 0.5253 0.5253 0.5253 0.5253 0.5253 0.5253 0.5253 0.5253 0.5253 0.5253 
TS27 0.5253 0.5253 0.5253 0.5253 0.5253 0.5253 0.5253 0.5253 0.5253 0.5253 0.5253 0.5253 0.5253 0.5253 0.5253 0.5253 0.5253 0.5253 0.5253 0.5253 0.5253 0.5253 0.5253 0.5253 0.5253 0.5253 0.5253 0.5253 0.5253 0.5253 0.5253 0.5253 
TS28 0.5253 0.5253 0.5253 0.5253 0.5253 0.5253 0.5253 0.5253 0.5253 0.5253 0.5253 0.5253 0.5253 0.5253 0.5253 0.5253 0.5253 0.5253 0.5253 0.5253 0.5253 0.5253 0.5253 0.5253 0.5253 0.5253 0.5253 0.5253 0.5253 0.5253 0.5253 0.5253 
TS29 0.5253 0.5253 0.5253 0.5253 0.5253 0.5253 0.5253 0.5253 0.5253 0.5253 0.5253 0.5253 0.5253 0.5253 0.5253 0.5253 0.5253 0.5253 0.5253 0.5253 0.5253 0.5253 0.5253 0.5253 0.5253 0.5253 0.5253 0.5253 0.5253 0.5253 0.5253 0.5253 
TS30 0.5253 0.5253 0.5253 0.5253 0.5253 0.5253 0.5253 0.5253 0.5253 0.5253 0.5253 0.5253 0.5253 0.5253 0.5253 0.5253 0.5253 0.5253 0.5253 0.5253 0.5253 0.5253 0.5253 0.5253 0.5253 0.5253 0.5253 0.5253 0.5253 0.5253 0.5253 0.5253 
TS31 0.5253 0.5253 0.5253 0.5253 0.5253 0.5253 0.5253 0.5253 0.5253 0.5253 0.5253 0.5253 0.5253 0.5253 0.5253 0.5253 0.5253 0.5253 0.5253 0.5253 0.5253 0.5253 0.5253 0.5253 0.5253 0.5253 0.5253 0.5253 0.5253 0.5253 0.5253 0.5253 
TS32 0.5253 0.5253 0.5253 0.5253 0.5253 0.5253 0.5253 0.5253 0.5253 0.5253 0.5253 0.5253 0.5253 0.5253 0.5253 0.5253 0.5253 0.5253 0.5253 0.5253 0.5253 0.5253 0.5253 0.5253 0.5253 0.5253 0.5253 0.5253 0.5253 0.5253 0.5253 0.5253 
TS33 0.5253 0.5253 0.5253 0.5253 0.5253 0.5253 0.5253 0.5253 0.5253 0.5253 0.5253 0.5253 0.5253 0.5253 0.5253 0.5253 0.5253 0.5253 0.5253 0.5253 0.5253 0.5253 0.5253 0.5253 0.5253 0.5253 0.5253 0.5253 0.5253 0.5253 0.5253 0.5253 
TS34 0.5253 0.5253 0.5253 0.5253 0.5253 0.5253 0.5253 0.5253 0.5253 0.5253 0.5253 0.5253 0.5253 0.5253 0.5253 0.5253 0.5253 0.5253 0.5253 0.5253 0.5253 0.5253 0.5253 0.5253 0.5253 0.5253 0.5253 0.5253 0.5253 0.5253 0.5253 0.5253 
TS35 0.5253 0.5253 0.5253 0.5253 0.5253 0.5253 0.5253 0.5253 0.5253 0.5253 0.5253 0.5253 0.5253 0.5253 0.5253 0.5253 0.5253 0.5253 0.5253 0.5253 0.5253 0.5253 0.5253 0.5253 0.5253 0.5253 0.5253 0.5253 0.5253 0.5253 0.5253 0.5253 
TS36 0.5253 0.5253 0.5253 0.5253 0.5253 0.5253 0.5253 0.5253 0.5253 0.5253 0.5253 0.5253 0.5253 0.5253 0.5253 0.5253 0.5253 0.5253 0.5253 0.5253 0.5253 0.5253 0.5253 0.5253 0.5253 0.5253 0.5253 0.5253 0.5253 0.5253 0.5253 0.5253 
TS37 0.5601 0.5601 0.5601 0.5601 0.5601 0.5601 0.5601 0.5601 0.5601 0.5601 0.5601 0.5601 0.5601 0.5601 0.5601 0.5601 0.5601 0.5601 0.5601 0.5601 0.5601 0.5601 0.5601 0.5601 0.5601 0.5601 0.5601 0.5601 0.5601 0.5601 0.5601 0.5601 
TS38 0.5601 0.5601 0.5601 0.5601 0.5601 0.5601 0.5601 0.5601 0.5601 0.5601 0.5601 0.5601 0.5601 0.5601 0.5601 0.5601 0.5601 0.5601 0.5601 0.5601 0.5601 0.5601 0.5601 0.5601 0.5601 0.5601 0.5601 0.5601 0.5601 0.5601 0.5601 0.5601 
TS39 0.5601 0.5601 0.5601 0.5601 0.5601 0.5601 0.5601 0.5601 0.5601 0.5601 0.5601 0.5601 0.5601 0.5601 0.5601 0.5601 0.5601 0.5601 0.5601 0.5601 0.5601 0.5601 0.5601 0.5601 0.5601 0.5601 0.5601 0.5601 0.5601 0.5601 0.5601 0.5601 
TS40 0.5601 0.5601 0.5601 0.5601 0.5601 0.5601 0.5601 0.5601 0.5601 0.5601 0.5601 0.5601 0.5601 0.5601 0.5601 0.5601 0.5601 0.5601 0.5601 0.5601 0.5601 0.5601 0.5601 0.5601 0.5601 0.5601 0.5601 0.5601 0.5601 0.5601 0.5601 0.5601 
TS41 0.5601 0.5601 0.5601 0.5601 0.5601 0.5601 0.5601 0.5601 0.5601 0.5601 0.5601 0.5601 0.5601 0.5601 0.5601 0.5601 0.5601 0.5601 0.5601 0.5601 0.5601 0.5601 0.5601 0.5601 0.5601 0.5601 0.5601 0.5601 0.5601 0.5601 0.5601 0.5601 
TS42 0.5601 0.5601 0.5601 0.5601 0.5601 0.5601 0.5601 0.5601 0.5601 0.5601 0.5601 0.5601 0.5601 0.5601 0.5601 0.5601 0.5601 0.5601 0.5601 0.5601 0.5601 0.5601 0.5601 0.5601 0.5601 0.5601 0.5601 0.5601 0.5601 0.5601 0.5601 0.5601 
TS43 0.5601 0.5601 0.5601 0.5601 0.5601 0.5601 0.5601 0.5601 0.5601 0.5601 0.5601 0.5601 0.5601 0.5601 0.5601 0.5601 0.5601 0.5601 0.5601 0.5601 0.5601 0.5601 0.5601 0.5601 0.5601 0.5601 0.5601 0.5601 0.5601 0.5601 0.5601 0.5601 
TS44 0.5601 0.5601 0.5601 0.5601 0.5601 0.5601 0.5601 0.5601 0.5601 0.5601 0.5601 0.5601 0.5601 0.5601 0.5601 0.5601 0.5601 0.5601 0.5601 0.5601 0.5601 0.5601 0.5601 0.5601 0.5601 0.5601 0.5601 0.5601 0.5601 0.5601 0.5601 0.5601 
TS45 0.5601 0.5601 0.5601 0.5601 0.5601 0.5601 0.5601 0.5601 0.5601 0.5601 0.5601 0.5601 0.5601 0.5601 0.5601 0.5601 0.5601 0.5601 0.5601 0.5601 0.5601 0.5601 0.5601 0.5601 0.5601 0.5601 0.5601 0.5601 0.5601 0.5601 0.5601 0.5601 
TS46 0.5601 0.5601 0.5601 0.5601 0.5601 0.5601 0.5601 0.5601 0.5601 0.5601 0.5601 0.5601 0.5601 0.5601 0.5601 0.5601 0.5601 0.5601 0.5601 0.5601 0.5601 0.5601 0.5601 0.5601 0.5601 0.5601 0.5601 0.5601 0.5601 0.5601 0.5601 0.5601 
TS47 0.5601 0.5601 0.5601 0.5601 0.5601 0.5601 0.5601 0.5601 0.5601 0.5601 0.5601 0.5601 0.5601 0.5601 0.5601 0.5601 0.5601 0.5601 0.5601 0.5601 0.5601 0.5601 0.5601 0.5601 0.5601 0.5601 0.5601 0.5601 0.5601 0.5601 0.5601 0.5601 
TS48 0.5601 0.5601 0.5601 0.5601 0.5601 0.5601 0.5601 0.5601 0.5601 0.5601 0.5601 0.5601 0.5601 0.5601 0.5601 0.5601 0.5601 0.5601 0.5601 0.5601 0.5601 0.5601 0.5601 0.5601 0.5601 0.5601 0.5601 0.5601 0.5601 0.5601 0.5601 0.5601 
[RE1,PWRHYD003,*,*]:
2019 2020 2021 2022 2023 2024 2025 2026 2027 2028 2029 2030 2031 2032 2033 2034 2035 2036 2037 2038 2039 2040 2041 2042 2043 2044 2045 2046 2047 2048 2049 2050 :=
TS01 0.6698 0.6698 0.6698 0.6698 0.6698 0.6698 0.6698 0.6698 0.6698 0.6698 0.6698 0.6698 0.6698 0.6698 0.6698 0.6698 0.6698 0.6698 0.6698 0.6698 0.6698 0.6698 0.6698 0.6698 0.6698 0.6698 0.6698 0.6698 0.6698 0.6698 0.6698 0.6698 
TS02 0.6698 0.6698 0.6698 0.6698 0.6698 0.6698 0.6698 0.6698 0.6698 0.6698 0.6698 0.6698 0.6698 0.6698 0.6698 0.6698 0.6698 0.6698 0.6698 0.6698 0.6698 0.6698 0.6698 0.6698 0.6698 0.6698 0.6698 0.6698 0.6698 0.6698 0.6698 0.6698 
TS03 0.6698 0.6698 0.6698 0.6698 0.6698 0.6698 0.6698 0.6698 0.6698 0.6698 0.6698 0.6698 0.6698 0.6698 0.6698 0.6698 0.6698 0.6698 0.6698 0.6698 0.6698 0.6698 0.6698 0.6698 0.6698 0.6698 0.6698 0.6698 0.6698 0.6698 0.6698 0.6698 
TS04 0.6698 0.6698 0.6698 0.6698 0.6698 0.6698 0.6698 0.6698 0.6698 0.6698 0.6698 0.6698 0.6698 0.6698 0.6698 0.6698 0.6698 0.6698 0.6698 0.6698 0.6698 0.6698 0.6698 0.6698 0.6698 0.6698 0.6698 0.6698 0.6698 0.6698 0.6698 0.6698 
TS05 0.6698 0.6698 0.6698 0.6698 0.6698 0.6698 0.6698 0.6698 0.6698 0.6698 0.6698 0.6698 0.6698 0.6698 0.6698 0.6698 0.6698 0.6698 0.6698 0.6698 0.6698 0.6698 0.6698 0.6698 0.6698 0.6698 0.6698 0.6698 0.6698 0.6698 0.6698 0.6698 
TS06 0.6698 0.6698 0.6698 0.6698 0.6698 0.6698 0.6698 0.6698 0.6698 0.6698 0.6698 0.6698 0.6698 0.6698 0.6698 0.6698 0.6698 0.6698 0.6698 0.6698 0.6698 0.6698 0.6698 0.6698 0.6698 0.6698 0.6698 0.6698 0.6698 0.6698 0.6698 0.6698 
TS07 0.6698 0.6698 0.6698 0.6698 0.6698 0.6698 0.6698 0.6698 0.6698 0.6698 0.6698 0.6698 0.6698 0.6698 0.6698 0.6698 0.6698 0.6698 0.6698 0.6698 0.6698 0.6698 0.6698 0.6698 0.6698 0.6698 0.6698 0.6698 0.6698 0.6698 0.6698 0.6698 
TS08 0.6698 0.6698 0.6698 0.6698 0.6698 0.6698 0.6698 0.6698 0.6698 0.6698 0.6698 0.6698 0.6698 0.6698 0.6698 0.6698 0.6698 0.6698 0.6698 0.6698 0.6698 0.6698 0.6698 0.6698 0.6698 0.6698 0.6698 0.6698 0.6698 0.6698 0.6698 0.6698 
TS09 0.6698 0.6698 0.6698 0.6698 0.6698 0.6698 0.6698 0.6698 0.6698 0.6698 0.6698 0.6698 0.6698 0.6698 0.6698 0.6698 0.6698 0.6698 0.6698 0.6698 0.6698 0.6698 0.6698 0.6698 0.6698 0.6698 0.6698 0.6698 0.6698 0.6698 0.6698 0.6698 
TS10 0.6698 0.6698 0.6698 0.6698 0.6698 0.6698 0.6698 0.6698 0.6698 0.6698 0.6698 0.6698 0.6698 0.6698 0.6698 0.6698 0.6698 0.6698 0.6698 0.6698 0.6698 0.6698 0.6698 0.6698 0.6698 0.6698 0.6698 0.6698 0.6698 0.6698 0.6698 0.6698 
TS11 0.6698 0.6698 0.6698 0.6698 0.6698 0.6698 0.6698 0.6698 0.6698 0.6698 0.6698 0.6698 0.6698 0.6698 0.6698 0.6698 0.6698 0.6698 0.6698 0.6698 0.6698 0.6698 0.6698 0.6698 0.6698 0.6698 0.6698 0.6698 0.6698 0.6698 0.6698 0.6698 
TS12 0.6698 0.6698 0.6698 0.6698 0.6698 0.6698 0.6698 0.6698 0.6698 0.6698 0.6698 0.6698 0.6698 0.6698 0.6698 0.6698 0.6698 0.6698 0.6698 0.6698 0.6698 0.6698 0.6698 0.6698 0.6698 0.6698 0.6698 0.6698 0.6698 0.6698 0.6698 0.6698 
TS13 0.4791 0.4791 0.4791 0.4791 0.4791 0.4791 0.4791 0.4791 0.4791 0.4791 0.4791 0.4791 0.4791 0.4791 0.4791 0.4791 0.4791 0.4791 0.4791 0.4791 0.4791 0.4791 0.4791 0.4791 0.4791 0.4791 0.4791 0.4791 0.4791 0.4791 0.4791 0.4791 
TS14 0.4791 0.4791 0.4791 0.4791 0.4791 0.4791 0.4791 0.4791 0.4791 0.4791 0.4791 0.4791 0.4791 0.4791 0.4791 0.4791 0.4791 0.4791 0.4791 0.4791 0.4791 0.4791 0.4791 0.4791 0.4791 0.4791 0.4791 0.4791 0.4791 0.4791 0.4791 0.4791 
TS15 0.4791 0.4791 0.4791 0.4791 0.4791 0.4791 0.4791 0.4791 0.4791 0.4791 0.4791 0.4791 0.4791 0.4791 0.4791 0.4791 0.4791 0.4791 0.4791 0.4791 0.4791 0.4791 0.4791 0.4791 0.4791 0.4791 0.4791 0.4791 0.4791 0.4791 0.4791 0.4791 
TS16 0.4791 0.4791 0.4791 0.4791 0.4791 0.4791 0.4791 0.4791 0.4791 0.4791 0.4791 0.4791 0.4791 0.4791 0.4791 0.4791 0.4791 0.4791 0.4791 0.4791 0.4791 0.4791 0.4791 0.4791 0.4791 0.4791 0.4791 0.4791 0.4791 0.4791 0.4791 0.4791 
TS17 0.4791 0.4791 0.4791 0.4791 0.4791 0.4791 0.4791 0.4791 0.4791 0.4791 0.4791 0.4791 0.4791 0.4791 0.4791 0.4791 0.4791 0.4791 0.4791 0.4791 0.4791 0.4791 0.4791 0.4791 0.4791 0.4791 0.4791 0.4791 0.4791 0.4791 0.4791 0.4791 
TS18 0.4791 0.4791 0.4791 0.4791 0.4791 0.4791 0.4791 0.4791 0.4791 0.4791 0.4791 0.4791 0.4791 0.4791 0.4791 0.4791 0.4791 0.4791 0.4791 0.4791 0.4791 0.4791 0.4791 0.4791 0.4791 0.4791 0.4791 0.4791 0.4791 0.4791 0.4791 0.4791 
TS19 0.4791 0.4791 0.4791 0.4791 0.4791 0.4791 0.4791 0.4791 0.4791 0.4791 0.4791 0.4791 0.4791 0.4791 0.4791 0.4791 0.4791 0.4791 0.4791 0.4791 0.4791 0.4791 0.4791 0.4791 0.4791 0.4791 0.4791 0.4791 0.4791 0.4791 0.4791 0.4791 
TS20 0.4791 0.4791 0.4791 0.4791 0.4791 0.4791 0.4791 0.4791 0.4791 0.4791 0.4791 0.4791 0.4791 0.4791 0.4791 0.4791 0.4791 0.4791 0.4791 0.4791 0.4791 0.4791 0.4791 0.4791 0.4791 0.4791 0.4791 0.4791 0.4791 0.4791 0.4791 0.4791 
TS21 0.4791 0.4791 0.4791 0.4791 0.4791 0.4791 0.4791 0.4791 0.4791 0.4791 0.4791 0.4791 0.4791 0.4791 0.4791 0.4791 0.4791 0.4791 0.4791 0.4791 0.4791 0.4791 0.4791 0.4791 0.4791 0.4791 0.4791 0.4791 0.4791 0.4791 0.4791 0.4791 
TS22 0.4791 0.4791 0.4791 0.4791 0.4791 0.4791 0.4791 0.4791 0.4791 0.4791 0.4791 0.4791 0.4791 0.4791 0.4791 0.4791 0.4791 0.4791 0.4791 0.4791 0.4791 0.4791 0.4791 0.4791 0.4791 0.4791 0.4791 0.4791 0.4791 0.4791 0.4791 0.4791 
TS23 0.4791 0.4791 0.4791 0.4791 0.4791 0.4791 0.4791 0.4791 0.4791 0.4791 0.4791 0.4791 0.4791 0.4791 0.4791 0.4791 0.4791 0.4791 0.4791 0.4791 0.4791 0.4791 0.4791 0.4791 0.4791 0.4791 0.4791 0.4791 0.4791 0.4791 0.4791 0.4791 
TS24 0.4791 0.4791 0.4791 0.4791 0.4791 0.4791 0.4791 0.4791 0.4791 0.4791 0.4791 0.4791 0.4791 0.4791 0.4791 0.4791 0.4791 0.4791 0.4791 0.4791 0.4791 0.4791 0.4791 0.4791 0.4791 0.4791 0.4791 0.4791 0.4791 0.4791 0.4791 0.4791 
TS25 0.5384 0.5384 0.5384 0.5384 0.5384 0.5384 0.5384 0.5384 0.5384 0.5384 0.5384 0.5384 0.5384 0.5384 0.5384 0.5384 0.5384 0.5384 0.5384 0.5384 0.5384 0.5384 0.5384 0.5384 0.5384 0.5384 0.5384 0.5384 0.5384 0.5384 0.5384 0.5384 
TS26 0.5384 0.5384 0.5384 0.5384 0.5384 0.5384 0.5384 0.5384 0.5384 0.5384 0.5384 0.5384 0.5384 0.5384 0.5384 0.5384 0.5384 0.5384 0.5384 0.5384 0.5384 0.5384 0.5384 0.5384 0.5384 0.5384 0.5384 0.5384 0.5384 0.5384 0.5384 0.5384 
TS27 0.5384 0.5384 0.5384 0.5384 0.5384 0.5384 0.5384 0.5384 0.5384 0.5384 0.5384 0.5384 0.5384 0.5384 0.5384 0.5384 0.5384 0.5384 0.5384 0.5384 0.5384 0.5384 0.5384 0.5384 0.5384 0.5384 0.5384 0.5384 0.5384 0.5384 0.5384 0.5384 
TS28 0.5384 0.5384 0.5384 0.5384 0.5384 0.5384 0.5384 0.5384 0.5384 0.5384 0.5384 0.5384 0.5384 0.5384 0.5384 0.5384 0.5384 0.5384 0.5384 0.5384 0.5384 0.5384 0.5384 0.5384 0.5384 0.5384 0.5384 0.5384 0.5384 0.5384 0.5384 0.5384 
TS29 0.5384 0.5384 0.5384 0.5384 0.5384 0.5384 0.5384 0.5384 0.5384 0.5384 0.5384 0.5384 0.5384 0.5384 0.5384 0.5384 0.5384 0.5384 0.5384 0.5384 0.5384 0.5384 0.5384 0.5384 0.5384 0.5384 0.5384 0.5384 0.5384 0.5384 0.5384 0.5384 
TS30 0.5384 0.5384 0.5384 0.5384 0.5384 0.5384 0.5384 0.5384 0.5384 0.5384 0.5384 0.5384 0.5384 0.5384 0.5384 0.5384 0.5384 0.5384 0.5384 0.5384 0.5384 0.5384 0.5384 0.5384 0.5384 0.5384 0.5384 0.5384 0.5384 0.5384 0.5384 0.5384 
TS31 0.5384 0.5384 0.5384 0.5384 0.5384 0.5384 0.5384 0.5384 0.5384 0.5384 0.5384 0.5384 0.5384 0.5384 0.5384 0.5384 0.5384 0.5384 0.5384 0.5384 0.5384 0.5384 0.5384 0.5384 0.5384 0.5384 0.5384 0.5384 0.5384 0.5384 0.5384 0.5384 
TS32 0.5384 0.5384 0.5384 0.5384 0.5384 0.5384 0.5384 0.5384 0.5384 0.5384 0.5384 0.5384 0.5384 0.5384 0.5384 0.5384 0.5384 0.5384 0.5384 0.5384 0.5384 0.5384 0.5384 0.5384 0.5384 0.5384 0.5384 0.5384 0.5384 0.5384 0.5384 0.5384 
TS33 0.5384 0.5384 0.5384 0.5384 0.5384 0.5384 0.5384 0.5384 0.5384 0.5384 0.5384 0.5384 0.5384 0.5384 0.5384 0.5384 0.5384 0.5384 0.5384 0.5384 0.5384 0.5384 0.5384 0.5384 0.5384 0.5384 0.5384 0.5384 0.5384 0.5384 0.5384 0.5384 
TS34 0.5384 0.5384 0.5384 0.5384 0.5384 0.5384 0.5384 0.5384 0.5384 0.5384 0.5384 0.5384 0.5384 0.5384 0.5384 0.5384 0.5384 0.5384 0.5384 0.5384 0.5384 0.5384 0.5384 0.5384 0.5384 0.5384 0.5384 0.5384 0.5384 0.5384 0.5384 0.5384 
TS35 0.5384 0.5384 0.5384 0.5384 0.5384 0.5384 0.5384 0.5384 0.5384 0.5384 0.5384 0.5384 0.5384 0.5384 0.5384 0.5384 0.5384 0.5384 0.5384 0.5384 0.5384 0.5384 0.5384 0.5384 0.5384 0.5384 0.5384 0.5384 0.5384 0.5384 0.5384 0.5384 
TS36 0.5384 0.5384 0.5384 0.5384 0.5384 0.5384 0.5384 0.5384 0.5384 0.5384 0.5384 0.5384 0.5384 0.5384 0.5384 0.5384 0.5384 0.5384 0.5384 0.5384 0.5384 0.5384 0.5384 0.5384 0.5384 0.5384 0.5384 0.5384 0.5384 0.5384 0.5384 0.5384 
TS37 0.5853 0.5853 0.5853 0.5853 0.5853 0.5853 0.5853 0.5853 0.5853 0.5853 0.5853 0.5853 0.5853 0.5853 0.5853 0.5853 0.5853 0.5853 0.5853 0.5853 0.5853 0.5853 0.5853 0.5853 0.5853 0.5853 0.5853 0.5853 0.5853 0.5853 0.5853 0.5853 
TS38 0.5853 0.5853 0.5853 0.5853 0.5853 0.5853 0.5853 0.5853 0.5853 0.5853 0.5853 0.5853 0.5853 0.5853 0.5853 0.5853 0.5853 0.5853 0.5853 0.5853 0.5853 0.5853 0.5853 0.5853 0.5853 0.5853 0.5853 0.5853 0.5853 0.5853 0.5853 0.5853 
TS39 0.5853 0.5853 0.5853 0.5853 0.5853 0.5853 0.5853 0.5853 0.5853 0.5853 0.5853 0.5853 0.5853 0.5853 0.5853 0.5853 0.5853 0.5853 0.5853 0.5853 0.5853 0.5853 0.5853 0.5853 0.5853 0.5853 0.5853 0.5853 0.5853 0.5853 0.5853 0.5853 
TS40 0.5853 0.5853 0.5853 0.5853 0.5853 0.5853 0.5853 0.5853 0.5853 0.5853 0.5853 0.5853 0.5853 0.5853 0.5853 0.5853 0.5853 0.5853 0.5853 0.5853 0.5853 0.5853 0.5853 0.5853 0.5853 0.5853 0.5853 0.5853 0.5853 0.5853 0.5853 0.5853 
TS41 0.5853 0.5853 0.5853 0.5853 0.5853 0.5853 0.5853 0.5853 0.5853 0.5853 0.5853 0.5853 0.5853 0.5853 0.5853 0.5853 0.5853 0.5853 0.5853 0.5853 0.5853 0.5853 0.5853 0.5853 0.5853 0.5853 0.5853 0.5853 0.5853 0.5853 0.5853 0.5853 
TS42 0.5853 0.5853 0.5853 0.5853 0.5853 0.5853 0.5853 0.5853 0.5853 0.5853 0.5853 0.5853 0.5853 0.5853 0.5853 0.5853 0.5853 0.5853 0.5853 0.5853 0.5853 0.5853 0.5853 0.5853 0.5853 0.5853 0.5853 0.5853 0.5853 0.5853 0.5853 0.5853 
TS43 0.5853 0.5853 0.5853 0.5853 0.5853 0.5853 0.5853 0.5853 0.5853 0.5853 0.5853 0.5853 0.5853 0.5853 0.5853 0.5853 0.5853 0.5853 0.5853 0.5853 0.5853 0.5853 0.5853 0.5853 0.5853 0.5853 0.5853 0.5853 0.5853 0.5853 0.5853 0.5853 
TS44 0.5853 0.5853 0.5853 0.5853 0.5853 0.5853 0.5853 0.5853 0.5853 0.5853 0.5853 0.5853 0.5853 0.5853 0.5853 0.5853 0.5853 0.5853 0.5853 0.5853 0.5853 0.5853 0.5853 0.5853 0.5853 0.5853 0.5853 0.5853 0.5853 0.5853 0.5853 0.5853 
TS45 0.5853 0.5853 0.5853 0.5853 0.5853 0.5853 0.5853 0.5853 0.5853 0.5853 0.5853 0.5853 0.5853 0.5853 0.5853 0.5853 0.5853 0.5853 0.5853 0.5853 0.5853 0.5853 0.5853 0.5853 0.5853 0.5853 0.5853 0.5853 0.5853 0.5853 0.5853 0.5853 
TS46 0.5853 0.5853 0.5853 0.5853 0.5853 0.5853 0.5853 0.5853 0.5853 0.5853 0.5853 0.5853 0.5853 0.5853 0.5853 0.5853 0.5853 0.5853 0.5853 0.5853 0.5853 0.5853 0.5853 0.5853 0.5853 0.5853 0.5853 0.5853 0.5853 0.5853 0.5853 0.5853 
TS47 0.5853 0.5853 0.5853 0.5853 0.5853 0.5853 0.5853 0.5853 0.5853 0.5853 0.5853 0.5853 0.5853 0.5853 0.5853 0.5853 0.5853 0.5853 0.5853 0.5853 0.5853 0.5853 0.5853 0.5853 0.5853 0.5853 0.5853 0.5853 0.5853 0.5853 0.5853 0.5853 
TS48 0.5853 0.5853 0.5853 0.5853 0.5853 0.5853 0.5853 0.5853 0.5853 0.5853 0.5853 0.5853 0.5853 0.5853 0.5853 0.5853 0.5853 0.5853 0.5853 0.5853 0.5853 0.5853 0.5853 0.5853 0.5853 0.5853 0.5853 0.5853 0.5853 0.5853 0.5853 0.5853 
[RE1,PWRHYD004,*,*]:
2019 2020 2021 2022 2023 2024 2025 2026 2027 2028 2029 2030 2031 2032 2033 2034 2035 2036 2037 2038 2039 2040 2041 2042 2043 2044 2045 2046 2047 2048 2049 2050 :=
TS01 0.2643 0.2643 0.2643 0.2643 0.2643 0.2643 0.2643 0.2643 0.2643 0.2643 0.2643 0.2643 0.2643 0.2643 0.2643 0.2643 0.2643 0.2643 0.2643 0.2643 0.2643 0.2643 0.2643 0.2643 0.2643 0.2643 0.2643 0.2643 0.2643 0.2643 0.2643 0.2643 
TS02 0.2643 0.2643 0.2643 0.2643 0.2643 0.2643 0.2643 0.2643 0.2643 0.2643 0.2643 0.2643 0.2643 0.2643 0.2643 0.2643 0.2643 0.2643 0.2643 0.2643 0.2643 0.2643 0.2643 0.2643 0.2643 0.2643 0.2643 0.2643 0.2643 0.2643 0.2643 0.2643 
TS03 0.2643 0.2643 0.2643 0.2643 0.2643 0.2643 0.2643 0.2643 0.2643 0.2643 0.2643 0.2643 0.2643 0.2643 0.2643 0.2643 0.2643 0.2643 0.2643 0.2643 0.2643 0.2643 0.2643 0.2643 0.2643 0.2643 0.2643 0.2643 0.2643 0.2643 0.2643 0.2643 
TS04 0.2643 0.2643 0.2643 0.2643 0.2643 0.2643 0.2643 0.2643 0.2643 0.2643 0.2643 0.2643 0.2643 0.2643 0.2643 0.2643 0.2643 0.2643 0.2643 0.2643 0.2643 0.2643 0.2643 0.2643 0.2643 0.2643 0.2643 0.2643 0.2643 0.2643 0.2643 0.2643 
TS05 0.2643 0.2643 0.2643 0.2643 0.2643 0.2643 0.2643 0.2643 0.2643 0.2643 0.2643 0.2643 0.2643 0.2643 0.2643 0.2643 0.2643 0.2643 0.2643 0.2643 0.2643 0.2643 0.2643 0.2643 0.2643 0.2643 0.2643 0.2643 0.2643 0.2643 0.2643 0.2643 
TS06 0.2643 0.2643 0.2643 0.2643 0.2643 0.2643 0.2643 0.2643 0.2643 0.2643 0.2643 0.2643 0.2643 0.2643 0.2643 0.2643 0.2643 0.2643 0.2643 0.2643 0.2643 0.2643 0.2643 0.2643 0.2643 0.2643 0.2643 0.2643 0.2643 0.2643 0.2643 0.2643 
TS07 0.2643 0.2643 0.2643 0.2643 0.2643 0.2643 0.2643 0.2643 0.2643 0.2643 0.2643 0.2643 0.2643 0.2643 0.2643 0.2643 0.2643 0.2643 0.2643 0.2643 0.2643 0.2643 0.2643 0.2643 0.2643 0.2643 0.2643 0.2643 0.2643 0.2643 0.2643 0.2643 
TS08 0.2643 0.2643 0.2643 0.2643 0.2643 0.2643 0.2643 0.2643 0.2643 0.2643 0.2643 0.2643 0.2643 0.2643 0.2643 0.2643 0.2643 0.2643 0.2643 0.2643 0.2643 0.2643 0.2643 0.2643 0.2643 0.2643 0.2643 0.2643 0.2643 0.2643 0.2643 0.2643 
TS09 0.2643 0.2643 0.2643 0.2643 0.2643 0.2643 0.2643 0.2643 0.2643 0.2643 0.2643 0.2643 0.2643 0.2643 0.2643 0.2643 0.2643 0.2643 0.2643 0.2643 0.2643 0.2643 0.2643 0.2643 0.2643 0.2643 0.2643 0.2643 0.2643 0.2643 0.2643 0.2643 
TS10 0.2643 0.2643 0.2643 0.2643 0.2643 0.2643 0.2643 0.2643 0.2643 0.2643 0.2643 0.2643 0.2643 0.2643 0.2643 0.2643 0.2643 0.2643 0.2643 0.2643 0.2643 0.2643 0.2643 0.2643 0.2643 0.2643 0.2643 0.2643 0.2643 0.2643 0.2643 0.2643 
TS11 0.2643 0.2643 0.2643 0.2643 0.2643 0.2643 0.2643 0.2643 0.2643 0.2643 0.2643 0.2643 0.2643 0.2643 0.2643 0.2643 0.2643 0.2643 0.2643 0.2643 0.2643 0.2643 0.2643 0.2643 0.2643 0.2643 0.2643 0.2643 0.2643 0.2643 0.2643 0.2643 
TS12 0.2643 0.2643 0.2643 0.2643 0.2643 0.2643 0.2643 0.2643 0.2643 0.2643 0.2643 0.2643 0.2643 0.2643 0.2643 0.2643 0.2643 0.2643 0.2643 0.2643 0.2643 0.2643 0.2643 0.2643 0.2643 0.2643 0.2643 0.2643 0.2643 0.2643 0.2643 0.2643 
TS13 0.2399 0.2399 0.2399 0.2399 0.2399 0.2399 0.2399 0.2399 0.2399 0.2399 0.2399 0.2399 0.2399 0.2399 0.2399 0.2399 0.2399 0.2399 0.2399 0.2399 0.2399 0.2399 0.2399 0.2399 0.2399 0.2399 0.2399 0.2399 0.2399 0.2399 0.2399 0.2399 
TS14 0.2399 0.2399 0.2399 0.2399 0.2399 0.2399 0.2399 0.2399 0.2399 0.2399 0.2399 0.2399 0.2399 0.2399 0.2399 0.2399 0.2399 0.2399 0.2399 0.2399 0.2399 0.2399 0.2399 0.2399 0.2399 0.2399 0.2399 0.2399 0.2399 0.2399 0.2399 0.2399 
TS15 0.2399 0.2399 0.2399 0.2399 0.2399 0.2399 0.2399 0.2399 0.2399 0.2399 0.2399 0.2399 0.2399 0.2399 0.2399 0.2399 0.2399 0.2399 0.2399 0.2399 0.2399 0.2399 0.2399 0.2399 0.2399 0.2399 0.2399 0.2399 0.2399 0.2399 0.2399 0.2399 
TS16 0.2399 0.2399 0.2399 0.2399 0.2399 0.2399 0.2399 0.2399 0.2399 0.2399 0.2399 0.2399 0.2399 0.2399 0.2399 0.2399 0.2399 0.2399 0.2399 0.2399 0.2399 0.2399 0.2399 0.2399 0.2399 0.2399 0.2399 0.2399 0.2399 0.2399 0.2399 0.2399 
TS17 0.2399 0.2399 0.2399 0.2399 0.2399 0.2399 0.2399 0.2399 0.2399 0.2399 0.2399 0.2399 0.2399 0.2399 0.2399 0.2399 0.2399 0.2399 0.2399 0.2399 0.2399 0.2399 0.2399 0.2399 0.2399 0.2399 0.2399 0.2399 0.2399 0.2399 0.2399 0.2399 
TS18 0.2399 0.2399 0.2399 0.2399 0.2399 0.2399 0.2399 0.2399 0.2399 0.2399 0.2399 0.2399 0.2399 0.2399 0.2399 0.2399 0.2399 0.2399 0.2399 0.2399 0.2399 0.2399 0.2399 0.2399 0.2399 0.2399 0.2399 0.2399 0.2399 0.2399 0.2399 0.2399 
TS19 0.2399 0.2399 0.2399 0.2399 0.2399 0.2399 0.2399 0.2399 0.2399 0.2399 0.2399 0.2399 0.2399 0.2399 0.2399 0.2399 0.2399 0.2399 0.2399 0.2399 0.2399 0.2399 0.2399 0.2399 0.2399 0.2399 0.2399 0.2399 0.2399 0.2399 0.2399 0.2399 
TS20 0.2399 0.2399 0.2399 0.2399 0.2399 0.2399 0.2399 0.2399 0.2399 0.2399 0.2399 0.2399 0.2399 0.2399 0.2399 0.2399 0.2399 0.2399 0.2399 0.2399 0.2399 0.2399 0.2399 0.2399 0.2399 0.2399 0.2399 0.2399 0.2399 0.2399 0.2399 0.2399 
TS21 0.2399 0.2399 0.2399 0.2399 0.2399 0.2399 0.2399 0.2399 0.2399 0.2399 0.2399 0.2399 0.2399 0.2399 0.2399 0.2399 0.2399 0.2399 0.2399 0.2399 0.2399 0.2399 0.2399 0.2399 0.2399 0.2399 0.2399 0.2399 0.2399 0.2399 0.2399 0.2399 
TS22 0.2399 0.2399 0.2399 0.2399 0.2399 0.2399 0.2399 0.2399 0.2399 0.2399 0.2399 0.2399 0.2399 0.2399 0.2399 0.2399 0.2399 0.2399 0.2399 0.2399 0.2399 0.2399 0.2399 0.2399 0.2399 0.2399 0.2399 0.2399 0.2399 0.2399 0.2399 0.2399 
TS23 0.2399 0.2399 0.2399 0.2399 0.2399 0.2399 0.2399 0.2399 0.2399 0.2399 0.2399 0.2399 0.2399 0.2399 0.2399 0.2399 0.2399 0.2399 0.2399 0.2399 0.2399 0.2399 0.2399 0.2399 0.2399 0.2399 0.2399 0.2399 0.2399 0.2399 0.2399 0.2399 
TS24 0.2399 0.2399 0.2399 0.2399 0.2399 0.2399 0.2399 0.2399 0.2399 0.2399 0.2399 0.2399 0.2399 0.2399 0.2399 0.2399 0.2399 0.2399 0.2399 0.2399 0.2399 0.2399 0.2399 0.2399 0.2399 0.2399 0.2399 0.2399 0.2399 0.2399 0.2399 0.2399 
TS25 0.2761 0.2761 0.2761 0.2761 0.2761 0.2761 0.2761 0.2761 0.2761 0.2761 0.2761 0.2761 0.2761 0.2761 0.2761 0.2761 0.2761 0.2761 0.2761 0.2761 0.2761 0.2761 0.2761 0.2761 0.2761 0.2761 0.2761 0.2761 0.2761 0.2761 0.2761 0.2761 
TS26 0.2761 0.2761 0.2761 0.2761 0.2761 0.2761 0.2761 0.2761 0.2761 0.2761 0.2761 0.2761 0.2761 0.2761 0.2761 0.2761 0.2761 0.2761 0.2761 0.2761 0.2761 0.2761 0.2761 0.2761 0.2761 0.2761 0.2761 0.2761 0.2761 0.2761 0.2761 0.2761 
TS27 0.2761 0.2761 0.2761 0.2761 0.2761 0.2761 0.2761 0.2761 0.2761 0.2761 0.2761 0.2761 0.2761 0.2761 0.2761 0.2761 0.2761 0.2761 0.2761 0.2761 0.2761 0.2761 0.2761 0.2761 0.2761 0.2761 0.2761 0.2761 0.2761 0.2761 0.2761 0.2761 
TS28 0.2761 0.2761 0.2761 0.2761 0.2761 0.2761 0.2761 0.2761 0.2761 0.2761 0.2761 0.2761 0.2761 0.2761 0.2761 0.2761 0.2761 0.2761 0.2761 0.2761 0.2761 0.2761 0.2761 0.2761 0.2761 0.2761 0.2761 0.2761 0.2761 0.2761 0.2761 0.2761 
TS29 0.2761 0.2761 0.2761 0.2761 0.2761 0.2761 0.2761 0.2761 0.2761 0.2761 0.2761 0.2761 0.2761 0.2761 0.2761 0.2761 0.2761 0.2761 0.2761 0.2761 0.2761 0.2761 0.2761 0.2761 0.2761 0.2761 0.2761 0.2761 0.2761 0.2761 0.2761 0.2761 
TS30 0.2761 0.2761 0.2761 0.2761 0.2761 0.2761 0.2761 0.2761 0.2761 0.2761 0.2761 0.2761 0.2761 0.2761 0.2761 0.2761 0.2761 0.2761 0.2761 0.2761 0.2761 0.2761 0.2761 0.2761 0.2761 0.2761 0.2761 0.2761 0.2761 0.2761 0.2761 0.2761 
TS31 0.2761 0.2761 0.2761 0.2761 0.2761 0.2761 0.2761 0.2761 0.2761 0.2761 0.2761 0.2761 0.2761 0.2761 0.2761 0.2761 0.2761 0.2761 0.2761 0.2761 0.2761 0.2761 0.2761 0.2761 0.2761 0.2761 0.2761 0.2761 0.2761 0.2761 0.2761 0.2761 
TS32 0.2761 0.2761 0.2761 0.2761 0.2761 0.2761 0.2761 0.2761 0.2761 0.2761 0.2761 0.2761 0.2761 0.2761 0.2761 0.2761 0.2761 0.2761 0.2761 0.2761 0.2761 0.2761 0.2761 0.2761 0.2761 0.2761 0.2761 0.2761 0.2761 0.2761 0.2761 0.2761 
TS33 0.2761 0.2761 0.2761 0.2761 0.2761 0.2761 0.2761 0.2761 0.2761 0.2761 0.2761 0.2761 0.2761 0.2761 0.2761 0.2761 0.2761 0.2761 0.2761 0.2761 0.2761 0.2761 0.2761 0.2761 0.2761 0.2761 0.2761 0.2761 0.2761 0.2761 0.2761 0.2761 
TS34 0.2761 0.2761 0.2761 0.2761 0.2761 0.2761 0.2761 0.2761 0.2761 0.2761 0.2761 0.2761 0.2761 0.2761 0.2761 0.2761 0.2761 0.2761 0.2761 0.2761 0.2761 0.2761 0.2761 0.2761 0.2761 0.2761 0.2761 0.2761 0.2761 0.2761 0.2761 0.2761 
TS35 0.2761 0.2761 0.2761 0.2761 0.2761 0.2761 0.2761 0.2761 0.2761 0.2761 0.2761 0.2761 0.2761 0.2761 0.2761 0.2761 0.2761 0.2761 0.2761 0.2761 0.2761 0.2761 0.2761 0.2761 0.2761 0.2761 0.2761 0.2761 0.2761 0.2761 0.2761 0.2761 
TS36 0.2761 0.2761 0.2761 0.2761 0.2761 0.2761 0.2761 0.2761 0.2761 0.2761 0.2761 0.2761 0.2761 0.2761 0.2761 0.2761 0.2761 0.2761 0.2761 0.2761 0.2761 0.2761 0.2761 0.2761 0.2761 0.2761 0.2761 0.2761 0.2761 0.2761 0.2761 0.2761 
TS37 0.2479 0.2479 0.2479 0.2479 0.2479 0.2479 0.2479 0.2479 0.2479 0.2479 0.2479 0.2479 0.2479 0.2479 0.2479 0.2479 0.2479 0.2479 0.2479 0.2479 0.2479 0.2479 0.2479 0.2479 0.2479 0.2479 0.2479 0.2479 0.2479 0.2479 0.2479 0.2479 
TS38 0.2479 0.2479 0.2479 0.2479 0.2479 0.2479 0.2479 0.2479 0.2479 0.2479 0.2479 0.2479 0.2479 0.2479 0.2479 0.2479 0.2479 0.2479 0.2479 0.2479 0.2479 0.2479 0.2479 0.2479 0.2479 0.2479 0.2479 0.2479 0.2479 0.2479 0.2479 0.2479 
TS39 0.2479 0.2479 0.2479 0.2479 0.2479 0.2479 0.2479 0.2479 0.2479 0.2479 0.2479 0.2479 0.2479 0.2479 0.2479 0.2479 0.2479 0.2479 0.2479 0.2479 0.2479 0.2479 0.2479 0.2479 0.2479 0.2479 0.2479 0.2479 0.2479 0.2479 0.2479 0.2479 
TS40 0.2479 0.2479 0.2479 0.2479 0.2479 0.2479 0.2479 0.2479 0.2479 0.2479 0.2479 0.2479 0.2479 0.2479 0.2479 0.2479 0.2479 0.2479 0.2479 0.2479 0.2479 0.2479 0.2479 0.2479 0.2479 0.2479 0.2479 0.2479 0.2479 0.2479 0.2479 0.2479 
TS41 0.2479 0.2479 0.2479 0.2479 0.2479 0.2479 0.2479 0.2479 0.2479 0.2479 0.2479 0.2479 0.2479 0.2479 0.2479 0.2479 0.2479 0.2479 0.2479 0.2479 0.2479 0.2479 0.2479 0.2479 0.2479 0.2479 0.2479 0.2479 0.2479 0.2479 0.2479 0.2479 
TS42 0.2479 0.2479 0.2479 0.2479 0.2479 0.2479 0.2479 0.2479 0.2479 0.2479 0.2479 0.2479 0.2479 0.2479 0.2479 0.2479 0.2479 0.2479 0.2479 0.2479 0.2479 0.2479 0.2479 0.2479 0.2479 0.2479 0.2479 0.2479 0.2479 0.2479 0.2479 0.2479 
TS43 0.2479 0.2479 0.2479 0.2479 0.2479 0.2479 0.2479 0.2479 0.2479 0.2479 0.2479 0.2479 0.2479 0.2479 0.2479 0.2479 0.2479 0.2479 0.2479 0.2479 0.2479 0.2479 0.2479 0.2479 0.2479 0.2479 0.2479 0.2479 0.2479 0.2479 0.2479 0.2479 
TS44 0.2479 0.2479 0.2479 0.2479 0.2479 0.2479 0.2479 0.2479 0.2479 0.2479 0.2479 0.2479 0.2479 0.2479 0.2479 0.2479 0.2479 0.2479 0.2479 0.2479 0.2479 0.2479 0.2479 0.2479 0.2479 0.2479 0.2479 0.2479 0.2479 0.2479 0.2479 0.2479 
TS45 0.2479 0.2479 0.2479 0.2479 0.2479 0.2479 0.2479 0.2479 0.2479 0.2479 0.2479 0.2479 0.2479 0.2479 0.2479 0.2479 0.2479 0.2479 0.2479 0.2479 0.2479 0.2479 0.2479 0.2479 0.2479 0.2479 0.2479 0.2479 0.2479 0.2479 0.2479 0.2479 
TS46 0.2479 0.2479 0.2479 0.2479 0.2479 0.2479 0.2479 0.2479 0.2479 0.2479 0.2479 0.2479 0.2479 0.2479 0.2479 0.2479 0.2479 0.2479 0.2479 0.2479 0.2479 0.2479 0.2479 0.2479 0.2479 0.2479 0.2479 0.2479 0.2479 0.2479 0.2479 0.2479 
TS47 0.2479 0.2479 0.2479 0.2479 0.2479 0.2479 0.2479 0.2479 0.2479 0.2479 0.2479 0.2479 0.2479 0.2479 0.2479 0.2479 0.2479 0.2479 0.2479 0.2479 0.2479 0.2479 0.2479 0.2479 0.2479 0.2479 0.2479 0.2479 0.2479 0.2479 0.2479 0.2479 
TS48 0.2479 0.2479 0.2479 0.2479 0.2479 0.2479 0.2479 0.2479 0.2479 0.2479 0.2479 0.2479 0.2479 0.2479 0.2479 0.2479 0.2479 0.2479 0.2479 0.2479 0.2479 0.2479 0.2479 0.2479 0.2479 0.2479 0.2479 0.2479 0.2479 0.2479 0.2479 0.2479 
[RE1,PWRHYD005,*,*]:
2019 2020 2021 2022 2023 2024 2025 2026 2027 2028 2029 2030 2031 2032 2033 2034 2035 2036 2037 2038 2039 2040 2041 2042 2043 2044 2045 2046 2047 2048 2049 2050 :=
TS01 0.3611 0.3611 0.3611 0.3611 0.3611 0.3611 0.3611 0.3611 0.3611 0.3611 0.3611 0.3611 0.3611 0.3611 0.3611 0.3611 0.3611 0.3611 0.3611 0.3611 0.3611 0.3611 0.3611 0.3611 0.3611 0.3611 0.3611 0.3611 0.3611 0.3611 0.3611 0.3611 
TS02 0.3611 0.3611 0.3611 0.3611 0.3611 0.3611 0.3611 0.3611 0.3611 0.3611 0.3611 0.3611 0.3611 0.3611 0.3611 0.3611 0.3611 0.3611 0.3611 0.3611 0.3611 0.3611 0.3611 0.3611 0.3611 0.3611 0.3611 0.3611 0.3611 0.3611 0.3611 0.3611 
TS03 0.3611 0.3611 0.3611 0.3611 0.3611 0.3611 0.3611 0.3611 0.3611 0.3611 0.3611 0.3611 0.3611 0.3611 0.3611 0.3611 0.3611 0.3611 0.3611 0.3611 0.3611 0.3611 0.3611 0.3611 0.3611 0.3611 0.3611 0.3611 0.3611 0.3611 0.3611 0.3611 
TS04 0.3611 0.3611 0.3611 0.3611 0.3611 0.3611 0.3611 0.3611 0.3611 0.3611 0.3611 0.3611 0.3611 0.3611 0.3611 0.3611 0.3611 0.3611 0.3611 0.3611 0.3611 0.3611 0.3611 0.3611 0.3611 0.3611 0.3611 0.3611 0.3611 0.3611 0.3611 0.3611 
TS05 0.3611 0.3611 0.3611 0.3611 0.3611 0.3611 0.3611 0.3611 0.3611 0.3611 0.3611 0.3611 0.3611 0.3611 0.3611 0.3611 0.3611 0.3611 0.3611 0.3611 0.3611 0.3611 0.3611 0.3611 0.3611 0.3611 0.3611 0.3611 0.3611 0.3611 0.3611 0.3611 
TS06 0.3611 0.3611 0.3611 0.3611 0.3611 0.3611 0.3611 0.3611 0.3611 0.3611 0.3611 0.3611 0.3611 0.3611 0.3611 0.3611 0.3611 0.3611 0.3611 0.3611 0.3611 0.3611 0.3611 0.3611 0.3611 0.3611 0.3611 0.3611 0.3611 0.3611 0.3611 0.3611 
TS07 0.3611 0.3611 0.3611 0.3611 0.3611 0.3611 0.3611 0.3611 0.3611 0.3611 0.3611 0.3611 0.3611 0.3611 0.3611 0.3611 0.3611 0.3611 0.3611 0.3611 0.3611 0.3611 0.3611 0.3611 0.3611 0.3611 0.3611 0.3611 0.3611 0.3611 0.3611 0.3611 
TS08 0.3611 0.3611 0.3611 0.3611 0.3611 0.3611 0.3611 0.3611 0.3611 0.3611 0.3611 0.3611 0.3611 0.3611 0.3611 0.3611 0.3611 0.3611 0.3611 0.3611 0.3611 0.3611 0.3611 0.3611 0.3611 0.3611 0.3611 0.3611 0.3611 0.3611 0.3611 0.3611 
TS09 0.3611 0.3611 0.3611 0.3611 0.3611 0.3611 0.3611 0.3611 0.3611 0.3611 0.3611 0.3611 0.3611 0.3611 0.3611 0.3611 0.3611 0.3611 0.3611 0.3611 0.3611 0.3611 0.3611 0.3611 0.3611 0.3611 0.3611 0.3611 0.3611 0.3611 0.3611 0.3611 
TS10 0.3611 0.3611 0.3611 0.3611 0.3611 0.3611 0.3611 0.3611 0.3611 0.3611 0.3611 0.3611 0.3611 0.3611 0.3611 0.3611 0.3611 0.3611 0.3611 0.3611 0.3611 0.3611 0.3611 0.3611 0.3611 0.3611 0.3611 0.3611 0.3611 0.3611 0.3611 0.3611 
TS11 0.3611 0.3611 0.3611 0.3611 0.3611 0.3611 0.3611 0.3611 0.3611 0.3611 0.3611 0.3611 0.3611 0.3611 0.3611 0.3611 0.3611 0.3611 0.3611 0.3611 0.3611 0.3611 0.3611 0.3611 0.3611 0.3611 0.3611 0.3611 0.3611 0.3611 0.3611 0.3611 
TS12 0.3611 0.3611 0.3611 0.3611 0.3611 0.3611 0.3611 0.3611 0.3611 0.3611 0.3611 0.3611 0.3611 0.3611 0.3611 0.3611 0.3611 0.3611 0.3611 0.3611 0.3611 0.3611 0.3611 0.3611 0.3611 0.3611 0.3611 0.3611 0.3611 0.3611 0.3611 0.3611 
TS13 0.4868 0.4868 0.4868 0.4868 0.4868 0.4868 0.4868 0.4868 0.4868 0.4868 0.4868 0.4868 0.4868 0.4868 0.4868 0.4868 0.4868 0.4868 0.4868 0.4868 0.4868 0.4868 0.4868 0.4868 0.4868 0.4868 0.4868 0.4868 0.4868 0.4868 0.4868 0.4868 
TS14 0.4868 0.4868 0.4868 0.4868 0.4868 0.4868 0.4868 0.4868 0.4868 0.4868 0.4868 0.4868 0.4868 0.4868 0.4868 0.4868 0.4868 0.4868 0.4868 0.4868 0.4868 0.4868 0.4868 0.4868 0.4868 0.4868 0.4868 0.4868 0.4868 0.4868 0.4868 0.4868 
TS15 0.4868 0.4868 0.4868 0.4868 0.4868 0.4868 0.4868 0.4868 0.4868 0.4868 0.4868 0.4868 0.4868 0.4868 0.4868 0.4868 0.4868 0.4868 0.4868 0.4868 0.4868 0.4868 0.4868 0.4868 0.4868 0.4868 0.4868 0.4868 0.4868 0.4868 0.4868 0.4868 
TS16 0.4868 0.4868 0.4868 0.4868 0.4868 0.4868 0.4868 0.4868 0.4868 0.4868 0.4868 0.4868 0.4868 0.4868 0.4868 0.4868 0.4868 0.4868 0.4868 0.4868 0.4868 0.4868 0.4868 0.4868 0.4868 0.4868 0.4868 0.4868 0.4868 0.4868 0.4868 0.4868 
TS17 0.4868 0.4868 0.4868 0.4868 0.4868 0.4868 0.4868 0.4868 0.4868 0.4868 0.4868 0.4868 0.4868 0.4868 0.4868 0.4868 0.4868 0.4868 0.4868 0.4868 0.4868 0.4868 0.4868 0.4868 0.4868 0.4868 0.4868 0.4868 0.4868 0.4868 0.4868 0.4868 
TS18 0.4868 0.4868 0.4868 0.4868 0.4868 0.4868 0.4868 0.4868 0.4868 0.4868 0.4868 0.4868 0.4868 0.4868 0.4868 0.4868 0.4868 0.4868 0.4868 0.4868 0.4868 0.4868 0.4868 0.4868 0.4868 0.4868 0.4868 0.4868 0.4868 0.4868 0.4868 0.4868 
TS19 0.4868 0.4868 0.4868 0.4868 0.4868 0.4868 0.4868 0.4868 0.4868 0.4868 0.4868 0.4868 0.4868 0.4868 0.4868 0.4868 0.4868 0.4868 0.4868 0.4868 0.4868 0.4868 0.4868 0.4868 0.4868 0.4868 0.4868 0.4868 0.4868 0.4868 0.4868 0.4868 
TS20 0.4868 0.4868 0.4868 0.4868 0.4868 0.4868 0.4868 0.4868 0.4868 0.4868 0.4868 0.4868 0.4868 0.4868 0.4868 0.4868 0.4868 0.4868 0.4868 0.4868 0.4868 0.4868 0.4868 0.4868 0.4868 0.4868 0.4868 0.4868 0.4868 0.4868 0.4868 0.4868 
TS21 0.4868 0.4868 0.4868 0.4868 0.4868 0.4868 0.4868 0.4868 0.4868 0.4868 0.4868 0.4868 0.4868 0.4868 0.4868 0.4868 0.4868 0.4868 0.4868 0.4868 0.4868 0.4868 0.4868 0.4868 0.4868 0.4868 0.4868 0.4868 0.4868 0.4868 0.4868 0.4868 
TS22 0.4868 0.4868 0.4868 0.4868 0.4868 0.4868 0.4868 0.4868 0.4868 0.4868 0.4868 0.4868 0.4868 0.4868 0.4868 0.4868 0.4868 0.4868 0.4868 0.4868 0.4868 0.4868 0.4868 0.4868 0.4868 0.4868 0.4868 0.4868 0.4868 0.4868 0.4868 0.4868 
TS23 0.4868 0.4868 0.4868 0.4868 0.4868 0.4868 0.4868 0.4868 0.4868 0.4868 0.4868 0.4868 0.4868 0.4868 0.4868 0.4868 0.4868 0.4868 0.4868 0.4868 0.4868 0.4868 0.4868 0.4868 0.4868 0.4868 0.4868 0.4868 0.4868 0.4868 0.4868 0.4868 
TS24 0.4868 0.4868 0.4868 0.4868 0.4868 0.4868 0.4868 0.4868 0.4868 0.4868 0.4868 0.4868 0.4868 0.4868 0.4868 0.4868 0.4868 0.4868 0.4868 0.4868 0.4868 0.4868 0.4868 0.4868 0.4868 0.4868 0.4868 0.4868 0.4868 0.4868 0.4868 0.4868 
TS25 0.4822 0.4822 0.4822 0.4822 0.4822 0.4822 0.4822 0.4822 0.4822 0.4822 0.4822 0.4822 0.4822 0.4822 0.4822 0.4822 0.4822 0.4822 0.4822 0.4822 0.4822 0.4822 0.4822 0.4822 0.4822 0.4822 0.4822 0.4822 0.4822 0.4822 0.4822 0.4822 
TS26 0.4822 0.4822 0.4822 0.4822 0.4822 0.4822 0.4822 0.4822 0.4822 0.4822 0.4822 0.4822 0.4822 0.4822 0.4822 0.4822 0.4822 0.4822 0.4822 0.4822 0.4822 0.4822 0.4822 0.4822 0.4822 0.4822 0.4822 0.4822 0.4822 0.4822 0.4822 0.4822 
TS27 0.4822 0.4822 0.4822 0.4822 0.4822 0.4822 0.4822 0.4822 0.4822 0.4822 0.4822 0.4822 0.4822 0.4822 0.4822 0.4822 0.4822 0.4822 0.4822 0.4822 0.4822 0.4822 0.4822 0.4822 0.4822 0.4822 0.4822 0.4822 0.4822 0.4822 0.4822 0.4822 
TS28 0.4822 0.4822 0.4822 0.4822 0.4822 0.4822 0.4822 0.4822 0.4822 0.4822 0.4822 0.4822 0.4822 0.4822 0.4822 0.4822 0.4822 0.4822 0.4822 0.4822 0.4822 0.4822 0.4822 0.4822 0.4822 0.4822 0.4822 0.4822 0.4822 0.4822 0.4822 0.4822 
TS29 0.4822 0.4822 0.4822 0.4822 0.4822 0.4822 0.4822 0.4822 0.4822 0.4822 0.4822 0.4822 0.4822 0.4822 0.4822 0.4822 0.4822 0.4822 0.4822 0.4822 0.4822 0.4822 0.4822 0.4822 0.4822 0.4822 0.4822 0.4822 0.4822 0.4822 0.4822 0.4822 
TS30 0.4822 0.4822 0.4822 0.4822 0.4822 0.4822 0.4822 0.4822 0.4822 0.4822 0.4822 0.4822 0.4822 0.4822 0.4822 0.4822 0.4822 0.4822 0.4822 0.4822 0.4822 0.4822 0.4822 0.4822 0.4822 0.4822 0.4822 0.4822 0.4822 0.4822 0.4822 0.4822 
TS31 0.4822 0.4822 0.4822 0.4822 0.4822 0.4822 0.4822 0.4822 0.4822 0.4822 0.4822 0.4822 0.4822 0.4822 0.4822 0.4822 0.4822 0.4822 0.4822 0.4822 0.4822 0.4822 0.4822 0.4822 0.4822 0.4822 0.4822 0.4822 0.4822 0.4822 0.4822 0.4822 
TS32 0.4822 0.4822 0.4822 0.4822 0.4822 0.4822 0.4822 0.4822 0.4822 0.4822 0.4822 0.4822 0.4822 0.4822 0.4822 0.4822 0.4822 0.4822 0.4822 0.4822 0.4822 0.4822 0.4822 0.4822 0.4822 0.4822 0.4822 0.4822 0.4822 0.4822 0.4822 0.4822 
TS33 0.4822 0.4822 0.4822 0.4822 0.4822 0.4822 0.4822 0.4822 0.4822 0.4822 0.4822 0.4822 0.4822 0.4822 0.4822 0.4822 0.4822 0.4822 0.4822 0.4822 0.4822 0.4822 0.4822 0.4822 0.4822 0.4822 0.4822 0.4822 0.4822 0.4822 0.4822 0.4822 
TS34 0.4822 0.4822 0.4822 0.4822 0.4822 0.4822 0.4822 0.4822 0.4822 0.4822 0.4822 0.4822 0.4822 0.4822 0.4822 0.4822 0.4822 0.4822 0.4822 0.4822 0.4822 0.4822 0.4822 0.4822 0.4822 0.4822 0.4822 0.4822 0.4822 0.4822 0.4822 0.4822 
TS35 0.4822 0.4822 0.4822 0.4822 0.4822 0.4822 0.4822 0.4822 0.4822 0.4822 0.4822 0.4822 0.4822 0.4822 0.4822 0.4822 0.4822 0.4822 0.4822 0.4822 0.4822 0.4822 0.4822 0.4822 0.4822 0.4822 0.4822 0.4822 0.4822 0.4822 0.4822 0.4822 
TS36 0.4822 0.4822 0.4822 0.4822 0.4822 0.4822 0.4822 0.4822 0.4822 0.4822 0.4822 0.4822 0.4822 0.4822 0.4822 0.4822 0.4822 0.4822 0.4822 0.4822 0.4822 0.4822 0.4822 0.4822 0.4822 0.4822 0.4822 0.4822 0.4822 0.4822 0.4822 0.4822 
TS37 0.4982 0.4982 0.4982 0.4982 0.4982 0.4982 0.4982 0.4982 0.4982 0.4982 0.4982 0.4982 0.4982 0.4982 0.4982 0.4982 0.4982 0.4982 0.4982 0.4982 0.4982 0.4982 0.4982 0.4982 0.4982 0.4982 0.4982 0.4982 0.4982 0.4982 0.4982 0.4982 
TS38 0.4982 0.4982 0.4982 0.4982 0.4982 0.4982 0.4982 0.4982 0.4982 0.4982 0.4982 0.4982 0.4982 0.4982 0.4982 0.4982 0.4982 0.4982 0.4982 0.4982 0.4982 0.4982 0.4982 0.4982 0.4982 0.4982 0.4982 0.4982 0.4982 0.4982 0.4982 0.4982 
TS39 0.4982 0.4982 0.4982 0.4982 0.4982 0.4982 0.4982 0.4982 0.4982 0.4982 0.4982 0.4982 0.4982 0.4982 0.4982 0.4982 0.4982 0.4982 0.4982 0.4982 0.4982 0.4982 0.4982 0.4982 0.4982 0.4982 0.4982 0.4982 0.4982 0.4982 0.4982 0.4982 
TS40 0.4982 0.4982 0.4982 0.4982 0.4982 0.4982 0.4982 0.4982 0.4982 0.4982 0.4982 0.4982 0.4982 0.4982 0.4982 0.4982 0.4982 0.4982 0.4982 0.4982 0.4982 0.4982 0.4982 0.4982 0.4982 0.4982 0.4982 0.4982 0.4982 0.4982 0.4982 0.4982 
TS41 0.4982 0.4982 0.4982 0.4982 0.4982 0.4982 0.4982 0.4982 0.4982 0.4982 0.4982 0.4982 0.4982 0.4982 0.4982 0.4982 0.4982 0.4982 0.4982 0.4982 0.4982 0.4982 0.4982 0.4982 0.4982 0.4982 0.4982 0.4982 0.4982 0.4982 0.4982 0.4982 
TS42 0.4982 0.4982 0.4982 0.4982 0.4982 0.4982 0.4982 0.4982 0.4982 0.4982 0.4982 0.4982 0.4982 0.4982 0.4982 0.4982 0.4982 0.4982 0.4982 0.4982 0.4982 0.4982 0.4982 0.4982 0.4982 0.4982 0.4982 0.4982 0.4982 0.4982 0.4982 0.4982 
TS43 0.4982 0.4982 0.4982 0.4982 0.4982 0.4982 0.4982 0.4982 0.4982 0.4982 0.4982 0.4982 0.4982 0.4982 0.4982 0.4982 0.4982 0.4982 0.4982 0.4982 0.4982 0.4982 0.4982 0.4982 0.4982 0.4982 0.4982 0.4982 0.4982 0.4982 0.4982 0.4982 
TS44 0.4982 0.4982 0.4982 0.4982 0.4982 0.4982 0.4982 0.4982 0.4982 0.4982 0.4982 0.4982 0.4982 0.4982 0.4982 0.4982 0.4982 0.4982 0.4982 0.4982 0.4982 0.4982 0.4982 0.4982 0.4982 0.4982 0.4982 0.4982 0.4982 0.4982 0.4982 0.4982 
TS45 0.4982 0.4982 0.4982 0.4982 0.4982 0.4982 0.4982 0.4982 0.4982 0.4982 0.4982 0.4982 0.4982 0.4982 0.4982 0.4982 0.4982 0.4982 0.4982 0.4982 0.4982 0.4982 0.4982 0.4982 0.4982 0.4982 0.4982 0.4982 0.4982 0.4982 0.4982 0.4982 
TS46 0.4982 0.4982 0.4982 0.4982 0.4982 0.4982 0.4982 0.4982 0.4982 0.4982 0.4982 0.4982 0.4982 0.4982 0.4982 0.4982 0.4982 0.4982 0.4982 0.4982 0.4982 0.4982 0.4982 0.4982 0.4982 0.4982 0.4982 0.4982 0.4982 0.4982 0.4982 0.4982 
TS47 0.4982 0.4982 0.4982 0.4982 0.4982 0.4982 0.4982 0.4982 0.4982 0.4982 0.4982 0.4982 0.4982 0.4982 0.4982 0.4982 0.4982 0.4982 0.4982 0.4982 0.4982 0.4982 0.4982 0.4982 0.4982 0.4982 0.4982 0.4982 0.4982 0.4982 0.4982 0.4982 
TS48 0.4982 0.4982 0.4982 0.4982 0.4982 0.4982 0.4982 0.4982 0.4982 0.4982 0.4982 0.4982 0.4982 0.4982 0.4982 0.4982 0.4982 0.4982 0.4982 0.4982 0.4982 0.4982 0.4982 0.4982 0.4982 0.4982 0.4982 0.4982 0.4982 0.4982 0.4982 0.4982 
[RE1,PWRSOL001,*,*]:
2019 2020 2021 2022 2023 2024 2025 2026 2027 2028 2029 2030 2031 2032 2033 2034 2035 2036 2037 2038 2039 2040 2041 2042 2043 2044 2045 2046 2047 2048 2049 2050 :=
TS01 0.0 0.0 0.0 0.0 0.0 0.0 0.0 0.0 0.0 0.0 0.0 0.0 0.0 0.0 0.0 0.0 0.0 0.0 0.0 0.0 0.0 0.0 0.0 0.0 0.0 0.0 0.0 0.0 0.0 0.0 0.0 0.0 
TS02 0.1579 0.1579 0.1579 0.1579 0.1579 0.1579 0.1579 0.1579 0.1579 0.1579 0.1579 0.1579 0.1579 0.1579 0.1579 0.1579 0.1579 0.1579 0.1579 0.1579 0.1579 0.1579 0.1579 0.1579 0.1579 0.1579 0.1579 0.1579 0.1579 0.1579 0.1579 0.1579 
TS03 0.6615 0.6615 0.6615 0.6615 0.6615 0.6615 0.6615 0.6615 0.6615 0.6615 0.6615 0.6615 0.6615 0.6615 0.6615 0.6615 0.6615 0.6615 0.6615 0.6615 0.6615 0.6615 0.6615 0.6615 0.6615 0.6615 0.6615 0.6615 0.6615 0.6615 0.6615 0.6615 
TS04 0.2694 0.2694 0.2694 0.2694 0.2694 0.2694 0.2694 0.2694 0.2694 0.2694 0.2694 0.2694 0.2694 0.2694 0.2694 0.2694 0.2694 0.2694 0.2694 0.2694 0.2694 0.2694 0.2694 0.2694 0.2694 0.2694 0.2694 0.2694 0.2694 0.2694 0.2694 0.2694 
TS05 0.0 0.0 0.0 0.0 0.0 0.0 0.0 0.0 0.0 0.0 0.0 0.0 0.0 0.0 0.0 0.0 0.0 0.0 0.0 0.0 0.0 0.0 0.0 0.0 0.0 0.0 0.0 0.0 0.0 0.0 0.0 0.0 
TS06 0.0 0.0 0.0 0.0 0.0 0.0 0.0 0.0 0.0 0.0 0.0 0.0 0.0 0.0 0.0 0.0 0.0 0.0 0.0 0.0 0.0 0.0 0.0 0.0 0.0 0.0 0.0 0.0 0.0 0.0 0.0 0.0 
TS07 0.0 0.0 0.0 0.0 0.0 0.0 0.0 0.0 0.0 0.0 0.0 0.0 0.0 0.0 0.0 0.0 0.0 0.0 0.0 0.0 0.0 0.0 0.0 0.0 0.0 0.0 0.0 0.0 0.0 0.0 0.0 0.0 
TS08 0.1578 0.1578 0.1578 0.1578 0.1578 0.1578 0.1578 0.1578 0.1578 0.1578 0.1578 0.1578 0.1578 0.1578 0.1578 0.1578 0.1578 0.1578 0.1578 0.1578 0.1578 0.1578 0.1578 0.1578 0.1578 0.1578 0.1578 0.1578 0.1578 0.1578 0.1578 0.1578 
TS09 0.6693 0.6693 0.6693 0.6693 0.6693 0.6693 0.6693 0.6693 0.6693 0.6693 0.6693 0.6693 0.6693 0.6693 0.6693 0.6693 0.6693 0.6693 0.6693 0.6693 0.6693 0.6693 0.6693 0.6693 0.6693 0.6693 0.6693 0.6693 0.6693 0.6693 0.6693 0.6693 
TS10 0.2852 0.2852 0.2852 0.2852 0.2852 0.2852 0.2852 0.2852 0.2852 0.2852 0.2852 0.2852 0.2852 0.2852 0.2852 0.2852 0.2852 0.2852 0.2852 0.2852 0.2852 0.2852 0.2852 0.2852 0.2852 0.2852 0.2852 0.2852 0.2852 0.2852 0.2852 0.2852 
TS11 0.0 0.0 0.0 0.0 0.0 0.0 0.0 0.0 0.0 0.0 0.0 0.0 0.0 0.0 0.0 0.0 0.0 0.0 0.0 0.0 0.0 0.0 0.0 0.0 0.0 0.0 0.0 0.0 0.0 0.0 0.0 0.0 
TS12 0.0 0.0 0.0 0.0 0.0 0.0 0.0 0.0 0.0 0.0 0.0 0.0 0.0 0.0 0.0 0.0 0.0 0.0 0.0 0.0 0.0 0.0 0.0 0.0 0.0 0.0 0.0 0.0 0.0 0.0 0.0 0.0 
TS13 0.0 0.0 0.0 0.0 0.0 0.0 0.0 0.0 0.0 0.0 0.0 0.0 0.0 0.0 0.0 0.0 0.0 0.0 0.0 0.0 0.0 0.0 0.0 0.0 0.0 0.0 0.0 0.0 0.0 0.0 0.0 0.0 
TS14 0.147 0.147 0.147 0.147 0.147 0.147 0.147 0.147 0.147 0.147 0.147 0.147 0.147 0.147 0.147 0.147 0.147 0.147 0.147 0.147 0.147 0.147 0.147 0.147 0.147 0.147 0.147 0.147 0.147 0.147 0.147 0.147 
TS15 0.5687 0.5687 0.5687 0.5687 0.5687 0.5687 0.5687 0.5687 0.5687 0.5687 0.5687 0.5687 0.5687 0.5687 0.5687 0.5687 0.5687 0.5687 0.5687 0.5687 0.5687 0.5687 0.5687 0.5687 0.5687 0.5687 0.5687 0.5687 0.5687 0.5687 0.5687 0.5687 
TS16 0.1999 0.1999 0.1999 0.1999 0.1999 0.1999 0.1999 0.1999 0.1999 0.1999 0.1999 0.1999 0.1999 0.1999 0.1999 0.1999 0.1999 0.1999 0.1999 0.1999 0.1999 0.1999 0.1999 0.1999 0.1999 0.1999 0.1999 0.1999 0.1999 0.1999 0.1999 0.1999 
TS17 0.0 0.0 0.0 0.0 0.0 0.0 0.0 0.0 0.0 0.0 0.0 0.0 0.0 0.0 0.0 0.0 0.0 0.0 0.0 0.0 0.0 0.0 0.0 0.0 0.0 0.0 0.0 0.0 0.0 0.0 0.0 0.0 
TS18 0.0 0.0 0.0 0.0 0.0 0.0 0.0 0.0 0.0 0.0 0.0 0.0 0.0 0.0 0.0 0.0 0.0 0.0 0.0 0.0 0.0 0.0 0.0 0.0 0.0 0.0 0.0 0.0 0.0 0.0 0.0 0.0 
TS19 0.0 0.0 0.0 0.0 0.0 0.0 0.0 0.0 0.0 0.0 0.0 0.0 0.0 0.0 0.0 0.0 0.0 0.0 0.0 0.0 0.0 0.0 0.0 0.0 0.0 0.0 0.0 0.0 0.0 0.0 0.0 0.0 
TS20 0.1632 0.1632 0.1632 0.1632 0.1632 0.1632 0.1632 0.1632 0.1632 0.1632 0.1632 0.1632 0.1632 0.1632 0.1632 0.1632 0.1632 0.1632 0.1632 0.1632 0.1632 0.1632 0.1632 0.1632 0.1632 0.1632 0.1632 0.1632 0.1632 0.1632 0.1632 0.1632 
TS21 0.5952 0.5952 0.5952 0.5952 0.5952 0.5952 0.5952 0.5952 0.5952 0.5952 0.5952 0.5952 0.5952 0.5952 0.5952 0.5952 0.5952 0.5952 0.5952 0.5952 0.5952 0.5952 0.5952 0.5952 0.5952 0.5952 0.5952 0.5952 0.5952 0.5952 0.5952 0.5952 
TS22 0.1969 0.1969 0.1969 0.1969 0.1969 0.1969 0.1969 0.1969 0.1969 0.1969 0.1969 0.1969 0.1969 0.1969 0.1969 0.1969 0.1969 0.1969 0.1969 0.1969 0.1969 0.1969 0.1969 0.1969 0.1969 0.1969 0.1969 0.1969 0.1969 0.1969 0.1969 0.1969 
TS23 0.0 0.0 0.0 0.0 0.0 0.0 0.0 0.0 0.0 0.0 0.0 0.0 0.0 0.0 0.0 0.0 0.0 0.0 0.0 0.0 0.0 0.0 0.0 0.0 0.0 0.0 0.0 0.0 0.0 0.0 0.0 0.0 
TS24 0.0 0.0 0.0 0.0 0.0 0.0 0.0 0.0 0.0 0.0 0.0 0.0 0.0 0.0 0.0 0.0 0.0 0.0 0.0 0.0 0.0 0.0 0.0 0.0 0.0 0.0 0.0 0.0 0.0 0.0 0.0 0.0 
TS25 0.0 0.0 0.0 0.0 0.0 0.0 0.0 0.0 0.0 0.0 0.0 0.0 0.0 0.0 0.0 0.0 0.0 0.0 0.0 0.0 0.0 0.0 0.0 0.0 0.0 0.0 0.0 0.0 0.0 0.0 0.0 0.0 
TS26 0.1518 0.1518 0.1518 0.1518 0.1518 0.1518 0.1518 0.1518 0.1518 0.1518 0.1518 0.1518 0.1518 0.1518 0.1518 0.1518 0.1518 0.1518 0.1518 0.1518 0.1518 0.1518 0.1518 0.1518 0.1518 0.1518 0.1518 0.1518 0.1518 0.1518 0.1518 0.1518 
TS27 0.6091 0.6091 0.6091 0.6091 0.6091 0.6091 0.6091 0.6091 0.6091 0.6091 0.6091 0.6091 0.6091 0.6091 0.6091 0.6091 0.6091 0.6091 0.6091 0.6091 0.6091 0.6091 0.6091 0.6091 0.6091 0.6091 0.6091 0.6091 0.6091 0.6091 0.6091 0.6091 
TS28 0.2342 0.2342 0.2342 0.2342 0.2342 0.2342 0.2342 0.2342 0.2342 0.2342 0.2342 0.2342 0.2342 0.2342 0.2342 0.2342 0.2342 0.2342 0.2342 0.2342 0.2342 0.2342 0.2342 0.2342 0.2342 0.2342 0.2342 0.2342 0.2342 0.2342 0.2342 0.2342 
TS29 0.0 0.0 0.0 0.0 0.0 0.0 0.0 0.0 0.0 0.0 0.0 0.0 0.0 0.0 0.0 0.0 0.0 0.0 0.0 0.0 0.0 0.0 0.0 0.0 0.0 0.0 0.0 0.0 0.0 0.0 0.0 0.0 
TS30 0.0 0.0 0.0 0.0 0.0 0.0 0.0 0.0 0.0 0.0 0.0 0.0 0.0 0.0 0.0 0.0 0.0 0.0 0.0 0.0 0.0 0.0 0.0 0.0 0.0 0.0 0.0 0.0 0.0 0.0 0.0 0.0 
TS31 0.0 0.0 0.0 0.0 0.0 0.0 0.0 0.0 0.0 0.0 0.0 0.0 0.0 0.0 0.0 0.0 0.0 0.0 0.0 0.0 0.0 0.0 0.0 0.0 0.0 0.0 0.0 0.0 0.0 0.0 0.0 0.0 
TS32 0.1588 0.1588 0.1588 0.1588 0.1588 0.1588 0.1588 0.1588 0.1588 0.1588 0.1588 0.1588 0.1588 0.1588 0.1588 0.1588 0.1588 0.1588 0.1588 0.1588 0.1588 0.1588 0.1588 0.1588 0.1588 0.1588 0.1588 0.1588 0.1588 0.1588 0.1588 0.1588 
TS33 0.6283 0.6283 0.6283 0.6283 0.6283 0.6283 0.6283 0.6283 0.6283 0.6283 0.6283 0.6283 0.6283 0.6283 0.6283 0.6283 0.6283 0.6283 0.6283 0.6283 0.6283 0.6283 0.6283 0.6283 0.6283 0.6283 0.6283 0.6283 0.6283 0.6283 0.6283 0.6283 
TS34 0.24 0.24 0.24 0.24 0.24 0.24 0.24 0.24 0.24 0.24 0.24 0.24 0.24 0.24 0.24 0.24 0.24 0.24 0.24 0.24 0.24 0.24 0.24 0.24 0.24 0.24 0.24 0.24 0.24 0.24 0.24 0.24 
TS35 0.0 0.0 0.0 0.0 0.0 0.0 0.0 0.0 0.0 0.0 0.0 0.0 0.0 0.0 0.0 0.0 0.0 0.0 0.0 0.0 0.0 0.0 0.0 0.0 0.0 0.0 0.0 0.0 0.0 0.0 0.0 0.0 
TS36 0.0 0.0 0.0 0.0 0.0 0.0 0.0 0.0 0.0 0.0 0.0 0.0 0.0 0.0 0.0 0.0 0.0 0.0 0.0 0.0 0.0 0.0 0.0 0.0 0.0 0.0 0.0 0.0 0.0 0.0 0.0 0.0 
TS37 0.0 0.0 0.0 0.0 0.0 0.0 0.0 0.0 0.0 0.0 0.0 0.0 0.0 0.0 0.0 0.0 0.0 0.0 0.0 0.0 0.0 0.0 0.0 0.0 0.0 0.0 0.0 0.0 0.0 0.0 0.0 0.0 
TS38 0.2011 0.2011 0.2011 0.2011 0.2011 0.2011 0.2011 0.2011 0.2011 0.2011 0.2011 0.2011 0.2011 0.2011 0.2011 0.2011 0.2011 0.2011 0.2011 0.2011 0.2011 0.2011 0.2011 0.2011 0.2011 0.2011 0.2011 0.2011 0.2011 0.2011 0.2011 0.2011 
TS39 0.6475 0.6475 0.6475 0.6475 0.6475 0.6475 0.6475 0.6475 0.6475 0.6475 0.6475 0.6475 0.6475 0.6475 0.6475 0.6475 0.6475 0.6475 0.6475 0.6475 0.6475 0.6475 0.6475 0.6475 0.6475 0.6475 0.6475 0.6475 0.6475 0.6475 0.6475 0.6475 
TS40 0.2193 0.2193 0.2193 0.2193 0.2193 0.2193 0.2193 0.2193 0.2193 0.2193 0.2193 0.2193 0.2193 0.2193 0.2193 0.2193 0.2193 0.2193 0.2193 0.2193 0.2193 0.2193 0.2193 0.2193 0.2193 0.2193 0.2193 0.2193 0.2193 0.2193 0.2193 0.2193 
TS41 0.0 0.0 0.0 0.0 0.0 0.0 0.0 0.0 0.0 0.0 0.0 0.0 0.0 0.0 0.0 0.0 0.0 0.0 0.0 0.0 0.0 0.0 0.0 0.0 0.0 0.0 0.0 0.0 0.0 0.0 0.0 0.0 
TS42 0.0 0.0 0.0 0.0 0.0 0.0 0.0 0.0 0.0 0.0 0.0 0.0 0.0 0.0 0.0 0.0 0.0 0.0 0.0 0.0 0.0 0.0 0.0 0.0 0.0 0.0 0.0 0.0 0.0 0.0 0.0 0.0 
TS43 0.0 0.0 0.0 0.0 0.0 0.0 0.0 0.0 0.0 0.0 0.0 0.0 0.0 0.0 0.0 0.0 0.0 0.0 0.0 0.0 0.0 0.0 0.0 0.0 0.0 0.0 0.0 0.0 0.0 0.0 0.0 0.0 
TS44 0.2028 0.2028 0.2028 0.2028 0.2028 0.2028 0.2028 0.2028 0.2028 0.2028 0.2028 0.2028 0.2028 0.2028 0.2028 0.2028 0.2028 0.2028 0.2028 0.2028 0.2028 0.2028 0.2028 0.2028 0.2028 0.2028 0.2028 0.2028 0.2028 0.2028 0.2028 0.2028 
TS45 0.6576 0.6576 0.6576 0.6576 0.6576 0.6576 0.6576 0.6576 0.6576 0.6576 0.6576 0.6576 0.6576 0.6576 0.6576 0.6576 0.6576 0.6576 0.6576 0.6576 0.6576 0.6576 0.6576 0.6576 0.6576 0.6576 0.6576 0.6576 0.6576 0.6576 0.6576 0.6576 
TS46 0.2219 0.2219 0.2219 0.2219 0.2219 0.2219 0.2219 0.2219 0.2219 0.2219 0.2219 0.2219 0.2219 0.2219 0.2219 0.2219 0.2219 0.2219 0.2219 0.2219 0.2219 0.2219 0.2219 0.2219 0.2219 0.2219 0.2219 0.2219 0.2219 0.2219 0.2219 0.2219 
TS47 0.0 0.0 0.0 0.0 0.0 0.0 0.0 0.0 0.0 0.0 0.0 0.0 0.0 0.0 0.0 0.0 0.0 0.0 0.0 0.0 0.0 0.0 0.0 0.0 0.0 0.0 0.0 0.0 0.0 0.0 0.0 0.0 
TS48 0.0 0.0 0.0 0.0 0.0 0.0 0.0 0.0 0.0 0.0 0.0 0.0 0.0 0.0 0.0 0.0 0.0 0.0 0.0 0.0 0.0 0.0 0.0 0.0 0.0 0.0 0.0 0.0 0.0 0.0 0.0 0.0 
[RE1,PWRSOL002,*,*]:
2019 2020 2021 2022 2023 2024 2025 2026 2027 2028 2029 2030 2031 2032 2033 2034 2035 2036 2037 2038 2039 2040 2041 2042 2043 2044 2045 2046 2047 2048 2049 2050 :=
TS01 0.0 0.0 0.0 0.0 0.0 0.0 0.0 0.0 0.0 0.0 0.0 0.0 0.0 0.0 0.0 0.0 0.0 0.0 0.0 0.0 0.0 0.0 0.0 0.0 0.0 0.0 0.0 0.0 0.0 0.0 0.0 0.0 
TS02 0.1579 0.1579 0.1579 0.1579 0.1579 0.1579 0.1579 0.1579 0.1579 0.1579 0.1579 0.1579 0.1579 0.1579 0.1579 0.1579 0.1579 0.1579 0.1579 0.1579 0.1579 0.1579 0.1579 0.1579 0.1579 0.1579 0.1579 0.1579 0.1579 0.1579 0.1579 0.1579 
TS03 0.6615 0.6615 0.6615 0.6615 0.6615 0.6615 0.6615 0.6615 0.6615 0.6615 0.6615 0.6615 0.6615 0.6615 0.6615 0.6615 0.6615 0.6615 0.6615 0.6615 0.6615 0.6615 0.6615 0.6615 0.6615 0.6615 0.6615 0.6615 0.6615 0.6615 0.6615 0.6615 
TS04 0.2694 0.2694 0.2694 0.2694 0.2694 0.2694 0.2694 0.2694 0.2694 0.2694 0.2694 0.2694 0.2694 0.2694 0.2694 0.2694 0.2694 0.2694 0.2694 0.2694 0.2694 0.2694 0.2694 0.2694 0.2694 0.2694 0.2694 0.2694 0.2694 0.2694 0.2694 0.2694 
TS05 0.0 0.0 0.0 0.0 0.0 0.0 0.0 0.0 0.0 0.0 0.0 0.0 0.0 0.0 0.0 0.0 0.0 0.0 0.0 0.0 0.0 0.0 0.0 0.0 0.0 0.0 0.0 0.0 0.0 0.0 0.0 0.0 
TS06 0.0 0.0 0.0 0.0 0.0 0.0 0.0 0.0 0.0 0.0 0.0 0.0 0.0 0.0 0.0 0.0 0.0 0.0 0.0 0.0 0.0 0.0 0.0 0.0 0.0 0.0 0.0 0.0 0.0 0.0 0.0 0.0 
TS07 0.0 0.0 0.0 0.0 0.0 0.0 0.0 0.0 0.0 0.0 0.0 0.0 0.0 0.0 0.0 0.0 0.0 0.0 0.0 0.0 0.0 0.0 0.0 0.0 0.0 0.0 0.0 0.0 0.0 0.0 0.0 0.0 
TS08 0.1578 0.1578 0.1578 0.1578 0.1578 0.1578 0.1578 0.1578 0.1578 0.1578 0.1578 0.1578 0.1578 0.1578 0.1578 0.1578 0.1578 0.1578 0.1578 0.1578 0.1578 0.1578 0.1578 0.1578 0.1578 0.1578 0.1578 0.1578 0.1578 0.1578 0.1578 0.1578 
TS09 0.6693 0.6693 0.6693 0.6693 0.6693 0.6693 0.6693 0.6693 0.6693 0.6693 0.6693 0.6693 0.6693 0.6693 0.6693 0.6693 0.6693 0.6693 0.6693 0.6693 0.6693 0.6693 0.6693 0.6693 0.6693 0.6693 0.6693 0.6693 0.6693 0.6693 0.6693 0.6693 
TS10 0.2852 0.2852 0.2852 0.2852 0.2852 0.2852 0.2852 0.2852 0.2852 0.2852 0.2852 0.2852 0.2852 0.2852 0.2852 0.2852 0.2852 0.2852 0.2852 0.2852 0.2852 0.2852 0.2852 0.2852 0.2852 0.2852 0.2852 0.2852 0.2852 0.2852 0.2852 0.2852 
TS11 0.0 0.0 0.0 0.0 0.0 0.0 0.0 0.0 0.0 0.0 0.0 0.0 0.0 0.0 0.0 0.0 0.0 0.0 0.0 0.0 0.0 0.0 0.0 0.0 0.0 0.0 0.0 0.0 0.0 0.0 0.0 0.0 
TS12 0.0 0.0 0.0 0.0 0.0 0.0 0.0 0.0 0.0 0.0 0.0 0.0 0.0 0.0 0.0 0.0 0.0 0.0 0.0 0.0 0.0 0.0 0.0 0.0 0.0 0.0 0.0 0.0 0.0 0.0 0.0 0.0 
TS13 0.0 0.0 0.0 0.0 0.0 0.0 0.0 0.0 0.0 0.0 0.0 0.0 0.0 0.0 0.0 0.0 0.0 0.0 0.0 0.0 0.0 0.0 0.0 0.0 0.0 0.0 0.0 0.0 0.0 0.0 0.0 0.0 
TS14 0.147 0.147 0.147 0.147 0.147 0.147 0.147 0.147 0.147 0.147 0.147 0.147 0.147 0.147 0.147 0.147 0.147 0.147 0.147 0.147 0.147 0.147 0.147 0.147 0.147 0.147 0.147 0.147 0.147 0.147 0.147 0.147 
TS15 0.5687 0.5687 0.5687 0.5687 0.5687 0.5687 0.5687 0.5687 0.5687 0.5687 0.5687 0.5687 0.5687 0.5687 0.5687 0.5687 0.5687 0.5687 0.5687 0.5687 0.5687 0.5687 0.5687 0.5687 0.5687 0.5687 0.5687 0.5687 0.5687 0.5687 0.5687 0.5687 
TS16 0.1999 0.1999 0.1999 0.1999 0.1999 0.1999 0.1999 0.1999 0.1999 0.1999 0.1999 0.1999 0.1999 0.1999 0.1999 0.1999 0.1999 0.1999 0.1999 0.1999 0.1999 0.1999 0.1999 0.1999 0.1999 0.1999 0.1999 0.1999 0.1999 0.1999 0.1999 0.1999 
TS17 0.0 0.0 0.0 0.0 0.0 0.0 0.0 0.0 0.0 0.0 0.0 0.0 0.0 0.0 0.0 0.0 0.0 0.0 0.0 0.0 0.0 0.0 0.0 0.0 0.0 0.0 0.0 0.0 0.0 0.0 0.0 0.0 
TS18 0.0 0.0 0.0 0.0 0.0 0.0 0.0 0.0 0.0 0.0 0.0 0.0 0.0 0.0 0.0 0.0 0.0 0.0 0.0 0.0 0.0 0.0 0.0 0.0 0.0 0.0 0.0 0.0 0.0 0.0 0.0 0.0 
TS19 0.0 0.0 0.0 0.0 0.0 0.0 0.0 0.0 0.0 0.0 0.0 0.0 0.0 0.0 0.0 0.0 0.0 0.0 0.0 0.0 0.0 0.0 0.0 0.0 0.0 0.0 0.0 0.0 0.0 0.0 0.0 0.0 
TS20 0.1632 0.1632 0.1632 0.1632 0.1632 0.1632 0.1632 0.1632 0.1632 0.1632 0.1632 0.1632 0.1632 0.1632 0.1632 0.1632 0.1632 0.1632 0.1632 0.1632 0.1632 0.1632 0.1632 0.1632 0.1632 0.1632 0.1632 0.1632 0.1632 0.1632 0.1632 0.1632 
TS21 0.5952 0.5952 0.5952 0.5952 0.5952 0.5952 0.5952 0.5952 0.5952 0.5952 0.5952 0.5952 0.5952 0.5952 0.5952 0.5952 0.5952 0.5952 0.5952 0.5952 0.5952 0.5952 0.5952 0.5952 0.5952 0.5952 0.5952 0.5952 0.5952 0.5952 0.5952 0.5952 
TS22 0.1969 0.1969 0.1969 0.1969 0.1969 0.1969 0.1969 0.1969 0.1969 0.1969 0.1969 0.1969 0.1969 0.1969 0.1969 0.1969 0.1969 0.1969 0.1969 0.1969 0.1969 0.1969 0.1969 0.1969 0.1969 0.1969 0.1969 0.1969 0.1969 0.1969 0.1969 0.1969 
TS23 0.0 0.0 0.0 0.0 0.0 0.0 0.0 0.0 0.0 0.0 0.0 0.0 0.0 0.0 0.0 0.0 0.0 0.0 0.0 0.0 0.0 0.0 0.0 0.0 0.0 0.0 0.0 0.0 0.0 0.0 0.0 0.0 
TS24 0.0 0.0 0.0 0.0 0.0 0.0 0.0 0.0 0.0 0.0 0.0 0.0 0.0 0.0 0.0 0.0 0.0 0.0 0.0 0.0 0.0 0.0 0.0 0.0 0.0 0.0 0.0 0.0 0.0 0.0 0.0 0.0 
TS25 0.0 0.0 0.0 0.0 0.0 0.0 0.0 0.0 0.0 0.0 0.0 0.0 0.0 0.0 0.0 0.0 0.0 0.0 0.0 0.0 0.0 0.0 0.0 0.0 0.0 0.0 0.0 0.0 0.0 0.0 0.0 0.0 
TS26 0.1518 0.1518 0.1518 0.1518 0.1518 0.1518 0.1518 0.1518 0.1518 0.1518 0.1518 0.1518 0.1518 0.1518 0.1518 0.1518 0.1518 0.1518 0.1518 0.1518 0.1518 0.1518 0.1518 0.1518 0.1518 0.1518 0.1518 0.1518 0.1518 0.1518 0.1518 0.1518 
TS27 0.6091 0.6091 0.6091 0.6091 0.6091 0.6091 0.6091 0.6091 0.6091 0.6091 0.6091 0.6091 0.6091 0.6091 0.6091 0.6091 0.6091 0.6091 0.6091 0.6091 0.6091 0.6091 0.6091 0.6091 0.6091 0.6091 0.6091 0.6091 0.6091 0.6091 0.6091 0.6091 
TS28 0.2342 0.2342 0.2342 0.2342 0.2342 0.2342 0.2342 0.2342 0.2342 0.2342 0.2342 0.2342 0.2342 0.2342 0.2342 0.2342 0.2342 0.2342 0.2342 0.2342 0.2342 0.2342 0.2342 0.2342 0.2342 0.2342 0.2342 0.2342 0.2342 0.2342 0.2342 0.2342 
TS29 0.0 0.0 0.0 0.0 0.0 0.0 0.0 0.0 0.0 0.0 0.0 0.0 0.0 0.0 0.0 0.0 0.0 0.0 0.0 0.0 0.0 0.0 0.0 0.0 0.0 0.0 0.0 0.0 0.0 0.0 0.0 0.0 
TS30 0.0 0.0 0.0 0.0 0.0 0.0 0.0 0.0 0.0 0.0 0.0 0.0 0.0 0.0 0.0 0.0 0.0 0.0 0.0 0.0 0.0 0.0 0.0 0.0 0.0 0.0 0.0 0.0 0.0 0.0 0.0 0.0 
TS31 0.0 0.0 0.0 0.0 0.0 0.0 0.0 0.0 0.0 0.0 0.0 0.0 0.0 0.0 0.0 0.0 0.0 0.0 0.0 0.0 0.0 0.0 0.0 0.0 0.0 0.0 0.0 0.0 0.0 0.0 0.0 0.0 
TS32 0.1588 0.1588 0.1588 0.1588 0.1588 0.1588 0.1588 0.1588 0.1588 0.1588 0.1588 0.1588 0.1588 0.1588 0.1588 0.1588 0.1588 0.1588 0.1588 0.1588 0.1588 0.1588 0.1588 0.1588 0.1588 0.1588 0.1588 0.1588 0.1588 0.1588 0.1588 0.1588 
TS33 0.6283 0.6283 0.6283 0.6283 0.6283 0.6283 0.6283 0.6283 0.6283 0.6283 0.6283 0.6283 0.6283 0.6283 0.6283 0.6283 0.6283 0.6283 0.6283 0.6283 0.6283 0.6283 0.6283 0.6283 0.6283 0.6283 0.6283 0.6283 0.6283 0.6283 0.6283 0.6283 
TS34 0.24 0.24 0.24 0.24 0.24 0.24 0.24 0.24 0.24 0.24 0.24 0.24 0.24 0.24 0.24 0.24 0.24 0.24 0.24 0.24 0.24 0.24 0.24 0.24 0.24 0.24 0.24 0.24 0.24 0.24 0.24 0.24 
TS35 0.0 0.0 0.0 0.0 0.0 0.0 0.0 0.0 0.0 0.0 0.0 0.0 0.0 0.0 0.0 0.0 0.0 0.0 0.0 0.0 0.0 0.0 0.0 0.0 0.0 0.0 0.0 0.0 0.0 0.0 0.0 0.0 
TS36 0.0 0.0 0.0 0.0 0.0 0.0 0.0 0.0 0.0 0.0 0.0 0.0 0.0 0.0 0.0 0.0 0.0 0.0 0.0 0.0 0.0 0.0 0.0 0.0 0.0 0.0 0.0 0.0 0.0 0.0 0.0 0.0 
TS37 0.0 0.0 0.0 0.0 0.0 0.0 0.0 0.0 0.0 0.0 0.0 0.0 0.0 0.0 0.0 0.0 0.0 0.0 0.0 0.0 0.0 0.0 0.0 0.0 0.0 0.0 0.0 0.0 0.0 0.0 0.0 0.0 
TS38 0.2011 0.2011 0.2011 0.2011 0.2011 0.2011 0.2011 0.2011 0.2011 0.2011 0.2011 0.2011 0.2011 0.2011 0.2011 0.2011 0.2011 0.2011 0.2011 0.2011 0.2011 0.2011 0.2011 0.2011 0.2011 0.2011 0.2011 0.2011 0.2011 0.2011 0.2011 0.2011 
TS39 0.6475 0.6475 0.6475 0.6475 0.6475 0.6475 0.6475 0.6475 0.6475 0.6475 0.6475 0.6475 0.6475 0.6475 0.6475 0.6475 0.6475 0.6475 0.6475 0.6475 0.6475 0.6475 0.6475 0.6475 0.6475 0.6475 0.6475 0.6475 0.6475 0.6475 0.6475 0.6475 
TS40 0.2193 0.2193 0.2193 0.2193 0.2193 0.2193 0.2193 0.2193 0.2193 0.2193 0.2193 0.2193 0.2193 0.2193 0.2193 0.2193 0.2193 0.2193 0.2193 0.2193 0.2193 0.2193 0.2193 0.2193 0.2193 0.2193 0.2193 0.2193 0.2193 0.2193 0.2193 0.2193 
TS41 0.0 0.0 0.0 0.0 0.0 0.0 0.0 0.0 0.0 0.0 0.0 0.0 0.0 0.0 0.0 0.0 0.0 0.0 0.0 0.0 0.0 0.0 0.0 0.0 0.0 0.0 0.0 0.0 0.0 0.0 0.0 0.0 
TS42 0.0 0.0 0.0 0.0 0.0 0.0 0.0 0.0 0.0 0.0 0.0 0.0 0.0 0.0 0.0 0.0 0.0 0.0 0.0 0.0 0.0 0.0 0.0 0.0 0.0 0.0 0.0 0.0 0.0 0.0 0.0 0.0 
TS43 0.0 0.0 0.0 0.0 0.0 0.0 0.0 0.0 0.0 0.0 0.0 0.0 0.0 0.0 0.0 0.0 0.0 0.0 0.0 0.0 0.0 0.0 0.0 0.0 0.0 0.0 0.0 0.0 0.0 0.0 0.0 0.0 
TS44 0.2028 0.2028 0.2028 0.2028 0.2028 0.2028 0.2028 0.2028 0.2028 0.2028 0.2028 0.2028 0.2028 0.2028 0.2028 0.2028 0.2028 0.2028 0.2028 0.2028 0.2028 0.2028 0.2028 0.2028 0.2028 0.2028 0.2028 0.2028 0.2028 0.2028 0.2028 0.2028 
TS45 0.6576 0.6576 0.6576 0.6576 0.6576 0.6576 0.6576 0.6576 0.6576 0.6576 0.6576 0.6576 0.6576 0.6576 0.6576 0.6576 0.6576 0.6576 0.6576 0.6576 0.6576 0.6576 0.6576 0.6576 0.6576 0.6576 0.6576 0.6576 0.6576 0.6576 0.6576 0.6576 
TS46 0.2219 0.2219 0.2219 0.2219 0.2219 0.2219 0.2219 0.2219 0.2219 0.2219 0.2219 0.2219 0.2219 0.2219 0.2219 0.2219 0.2219 0.2219 0.2219 0.2219 0.2219 0.2219 0.2219 0.2219 0.2219 0.2219 0.2219 0.2219 0.2219 0.2219 0.2219 0.2219 
TS47 0.0 0.0 0.0 0.0 0.0 0.0 0.0 0.0 0.0 0.0 0.0 0.0 0.0 0.0 0.0 0.0 0.0 0.0 0.0 0.0 0.0 0.0 0.0 0.0 0.0 0.0 0.0 0.0 0.0 0.0 0.0 0.0 
TS48 0.0 0.0 0.0 0.0 0.0 0.0 0.0 0.0 0.0 0.0 0.0 0.0 0.0 0.0 0.0 0.0 0.0 0.0 0.0 0.0 0.0 0.0 0.0 0.0 0.0 0.0 0.0 0.0 0.0 0.0 0.0 0.0 
[RE1,PWRWND001,*,*]:
2019 2020 2021 2022 2023 2024 2025 2026 2027 2028 2029 2030 2031 2032 2033 2034 2035 2036 2037 2038 2039 2040 2041 2042 2043 2044 2045 2046 2047 2048 2049 2050 :=
TS01 0.3342 0.3342 0.3342 0.3342 0.3342 0.3342 0.3342 0.3342 0.3342 0.3342 0.3342 0.3342 0.3342 0.3342 0.3342 0.3342 0.3342 0.3342 0.3342 0.3342 0.3342 0.3342 0.3342 0.3342 0.3342 0.3342 0.3342 0.3342 0.3342 0.3342 0.3342 0.3342 
TS02 0.3737 0.3737 0.3737 0.3737 0.3737 0.3737 0.3737 0.3737 0.3737 0.3737 0.3737 0.3737 0.3737 0.3737 0.3737 0.3737 0.3737 0.3737 0.3737 0.3737 0.3737 0.3737 0.3737 0.3737 0.3737 0.3737 0.3737 0.3737 0.3737 0.3737 0.3737 0.3737 
TS03 0.4309 0.4309 0.4309 0.4309 0.4309 0.4309 0.4309 0.4309 0.4309 0.4309 0.4309 0.4309 0.4309 0.4309 0.4309 0.4309 0.4309 0.4309 0.4309 0.4309 0.4309 0.4309 0.4309 0.4309 0.4309 0.4309 0.4309 0.4309 0.4309 0.4309 0.4309 0.4309 
TS04 0.3328 0.3328 0.3328 0.3328 0.3328 0.3328 0.3328 0.3328 0.3328 0.3328 0.3328 0.3328 0.3328 0.3328 0.3328 0.3328 0.3328 0.3328 0.3328 0.3328 0.3328 0.3328 0.3328 0.3328 0.3328 0.3328 0.3328 0.3328 0.3328 0.3328 0.3328 0.3328 
TS05 0.4332 0.4332 0.4332 0.4332 0.4332 0.4332 0.4332 0.4332 0.4332 0.4332 0.4332 0.4332 0.4332 0.4332 0.4332 0.4332 0.4332 0.4332 0.4332 0.4332 0.4332 0.4332 0.4332 0.4332 0.4332 0.4332 0.4332 0.4332 0.4332 0.4332 0.4332 0.4332 
TS06 0.4387 0.4387 0.4387 0.4387 0.4387 0.4387 0.4387 0.4387 0.4387 0.4387 0.4387 0.4387 0.4387 0.4387 0.4387 0.4387 0.4387 0.4387 0.4387 0.4387 0.4387 0.4387 0.4387 0.4387 0.4387 0.4387 0.4387 0.4387 0.4387 0.4387 0.4387 0.4387 
TS07 0.3144 0.3144 0.3144 0.3144 0.3144 0.3144 0.3144 0.3144 0.3144 0.3144 0.3144 0.3144 0.3144 0.3144 0.3144 0.3144 0.3144 0.3144 0.3144 0.3144 0.3144 0.3144 0.3144 0.3144 0.3144 0.3144 0.3144 0.3144 0.3144 0.3144 0.3144 0.3144 
TS08 0.3739 0.3739 0.3739 0.3739 0.3739 0.3739 0.3739 0.3739 0.3739 0.3739 0.3739 0.3739 0.3739 0.3739 0.3739 0.3739 0.3739 0.3739 0.3739 0.3739 0.3739 0.3739 0.3739 0.3739 0.3739 0.3739 0.3739 0.3739 0.3739 0.3739 0.3739 0.3739 
TS09 0.4403 0.4403 0.4403 0.4403 0.4403 0.4403 0.4403 0.4403 0.4403 0.4403 0.4403 0.4403 0.4403 0.4403 0.4403 0.4403 0.4403 0.4403 0.4403 0.4403 0.4403 0.4403 0.4403 0.4403 0.4403 0.4403 0.4403 0.4403 0.4403 0.4403 0.4403 0.4403 
TS10 0.3641 0.3641 0.3641 0.3641 0.3641 0.3641 0.3641 0.3641 0.3641 0.3641 0.3641 0.3641 0.3641 0.3641 0.3641 0.3641 0.3641 0.3641 0.3641 0.3641 0.3641 0.3641 0.3641 0.3641 0.3641 0.3641 0.3641 0.3641 0.3641 0.3641 0.3641 0.3641 
TS11 0.4701 0.4701 0.4701 0.4701 0.4701 0.4701 0.4701 0.4701 0.4701 0.4701 0.4701 0.4701 0.4701 0.4701 0.4701 0.4701 0.4701 0.4701 0.4701 0.4701 0.4701 0.4701 0.4701 0.4701 0.4701 0.4701 0.4701 0.4701 0.4701 0.4701 0.4701 0.4701 
TS12 0.4714 0.4714 0.4714 0.4714 0.4714 0.4714 0.4714 0.4714 0.4714 0.4714 0.4714 0.4714 0.4714 0.4714 0.4714 0.4714 0.4714 0.4714 0.4714 0.4714 0.4714 0.4714 0.4714 0.4714 0.4714 0.4714 0.4714 0.4714 0.4714 0.4714 0.4714 0.4714 
TS13 0.3133 0.3133 0.3133 0.3133 0.3133 0.3133 0.3133 0.3133 0.3133 0.3133 0.3133 0.3133 0.3133 0.3133 0.3133 0.3133 0.3133 0.3133 0.3133 0.3133 0.3133 0.3133 0.3133 0.3133 0.3133 0.3133 0.3133 0.3133 0.3133 0.3133 0.3133 0.3133 
TS14 0.2958 0.2958 0.2958 0.2958 0.2958 0.2958 0.2958 0.2958 0.2958 0.2958 0.2958 0.2958 0.2958 0.2958 0.2958 0.2958 0.2958 0.2958 0.2958 0.2958 0.2958 0.2958 0.2958 0.2958 0.2958 0.2958 0.2958 0.2958 0.2958 0.2958 0.2958 0.2958 
TS15 0.2892 0.2892 0.2892 0.2892 0.2892 0.2892 0.2892 0.2892 0.2892 0.2892 0.2892 0.2892 0.2892 0.2892 0.2892 0.2892 0.2892 0.2892 0.2892 0.2892 0.2892 0.2892 0.2892 0.2892 0.2892 0.2892 0.2892 0.2892 0.2892 0.2892 0.2892 0.2892 
TS16 0.2862 0.2862 0.2862 0.2862 0.2862 0.2862 0.2862 0.2862 0.2862 0.2862 0.2862 0.2862 0.2862 0.2862 0.2862 0.2862 0.2862 0.2862 0.2862 0.2862 0.2862 0.2862 0.2862 0.2862 0.2862 0.2862 0.2862 0.2862 0.2862 0.2862 0.2862 0.2862 
TS17 0.3589 0.3589 0.3589 0.3589 0.3589 0.3589 0.3589 0.3589 0.3589 0.3589 0.3589 0.3589 0.3589 0.3589 0.3589 0.3589 0.3589 0.3589 0.3589 0.3589 0.3589 0.3589 0.3589 0.3589 0.3589 0.3589 0.3589 0.3589 0.3589 0.3589 0.3589 0.3589 
TS18 0.3528 0.3528 0.3528 0.3528 0.3528 0.3528 0.3528 0.3528 0.3528 0.3528 0.3528 0.3528 0.3528 0.3528 0.3528 0.3528 0.3528 0.3528 0.3528 0.3528 0.3528 0.3528 0.3528 0.3528 0.3528 0.3528 0.3528 0.3528 0.3528 0.3528 0.3528 0.3528 
TS19 0.3632 0.3632 0.3632 0.3632 0.3632 0.3632 0.3632 0.3632 0.3632 0.3632 0.3632 0.3632 0.3632 0.3632 0.3632 0.3632 0.3632 0.3632 0.3632 0.3632 0.3632 0.3632 0.3632 0.3632 0.3632 0.3632 0.3632 0.3632 0.3632 0.3632 0.3632 0.3632 
TS20 0.3241 0.3241 0.3241 0.3241 0.3241 0.3241 0.3241 0.3241 0.3241 0.3241 0.3241 0.3241 0.3241 0.3241 0.3241 0.3241 0.3241 0.3241 0.3241 0.3241 0.3241 0.3241 0.3241 0.3241 0.3241 0.3241 0.3241 0.3241 0.3241 0.3241 0.3241 0.3241 
TS21 0.3134 0.3134 0.3134 0.3134 0.3134 0.3134 0.3134 0.3134 0.3134 0.3134 0.3134 0.3134 0.3134 0.3134 0.3134 0.3134 0.3134 0.3134 0.3134 0.3134 0.3134 0.3134 0.3134 0.3134 0.3134 0.3134 0.3134 0.3134 0.3134 0.3134 0.3134 0.3134 
TS22 0.3116 0.3116 0.3116 0.3116 0.3116 0.3116 0.3116 0.3116 0.3116 0.3116 0.3116 0.3116 0.3116 0.3116 0.3116 0.3116 0.3116 0.3116 0.3116 0.3116 0.3116 0.3116 0.3116 0.3116 0.3116 0.3116 0.3116 0.3116 0.3116 0.3116 0.3116 0.3116 
TS23 0.3967 0.3967 0.3967 0.3967 0.3967 0.3967 0.3967 0.3967 0.3967 0.3967 0.3967 0.3967 0.3967 0.3967 0.3967 0.3967 0.3967 0.3967 0.3967 0.3967 0.3967 0.3967 0.3967 0.3967 0.3967 0.3967 0.3967 0.3967 0.3967 0.3967 0.3967 0.3967 
TS24 0.4108 0.4108 0.4108 0.4108 0.4108 0.4108 0.4108 0.4108 0.4108 0.4108 0.4108 0.4108 0.4108 0.4108 0.4108 0.4108 0.4108 0.4108 0.4108 0.4108 0.4108 0.4108 0.4108 0.4108 0.4108 0.4108 0.4108 0.4108 0.4108 0.4108 0.4108 0.4108 
TS25 0.7262 0.7262 0.7262 0.7262 0.7262 0.7262 0.7262 0.7262 0.7262 0.7262 0.7262 0.7262 0.7262 0.7262 0.7262 0.7262 0.7262 0.7262 0.7262 0.7262 0.7262 0.7262 0.7262 0.7262 0.7262 0.7262 0.7262 0.7262 0.7262 0.7262 0.7262 0.7262 
TS26 0.6849 0.6849 0.6849 0.6849 0.6849 0.6849 0.6849 0.6849 0.6849 0.6849 0.6849 0.6849 0.6849 0.6849 0.6849 0.6849 0.6849 0.6849 0.6849 0.6849 0.6849 0.6849 0.6849 0.6849 0.6849 0.6849 0.6849 0.6849 0.6849 0.6849 0.6849 0.6849 
TS27 0.5789 0.5789 0.5789 0.5789 0.5789 0.5789 0.5789 0.5789 0.5789 0.5789 0.5789 0.5789 0.5789 0.5789 0.5789 0.5789 0.5789 0.5789 0.5789 0.5789 0.5789 0.5789 0.5789 0.5789 0.5789 0.5789 0.5789 0.5789 0.5789 0.5789 0.5789 0.5789 
TS28 0.5214 0.5214 0.5214 0.5214 0.5214 0.5214 0.5214 0.5214 0.5214 0.5214 0.5214 0.5214 0.5214 0.5214 0.5214 0.5214 0.5214 0.5214 0.5214 0.5214 0.5214 0.5214 0.5214 0.5214 0.5214 0.5214 0.5214 0.5214 0.5214 0.5214 0.5214 0.5214 
TS29 0.6899 0.6899 0.6899 0.6899 0.6899 0.6899 0.6899 0.6899 0.6899 0.6899 0.6899 0.6899 0.6899 0.6899 0.6899 0.6899 0.6899 0.6899 0.6899 0.6899 0.6899 0.6899 0.6899 0.6899 0.6899 0.6899 0.6899 0.6899 0.6899 0.6899 0.6899 0.6899 
TS30 0.7249 0.7249 0.7249 0.7249 0.7249 0.7249 0.7249 0.7249 0.7249 0.7249 0.7249 0.7249 0.7249 0.7249 0.7249 0.7249 0.7249 0.7249 0.7249 0.7249 0.7249 0.7249 0.7249 0.7249 0.7249 0.7249 0.7249 0.7249 0.7249 0.7249 0.7249 0.7249 
TS31 0.7495 0.7495 0.7495 0.7495 0.7495 0.7495 0.7495 0.7495 0.7495 0.7495 0.7495 0.7495 0.7495 0.7495 0.7495 0.7495 0.7495 0.7495 0.7495 0.7495 0.7495 0.7495 0.7495 0.7495 0.7495 0.7495 0.7495 0.7495 0.7495 0.7495 0.7495 0.7495 
TS32 0.6949 0.6949 0.6949 0.6949 0.6949 0.6949 0.6949 0.6949 0.6949 0.6949 0.6949 0.6949 0.6949 0.6949 0.6949 0.6949 0.6949 0.6949 0.6949 0.6949 0.6949 0.6949 0.6949 0.6949 0.6949 0.6949 0.6949 0.6949 0.6949 0.6949 0.6949 0.6949 
TS33 0.5843 0.5843 0.5843 0.5843 0.5843 0.5843 0.5843 0.5843 0.5843 0.5843 0.5843 0.5843 0.5843 0.5843 0.5843 0.5843 0.5843 0.5843 0.5843 0.5843 0.5843 0.5843 0.5843 0.5843 0.5843 0.5843 0.5843 0.5843 0.5843 0.5843 0.5843 0.5843 
TS34 0.5408 0.5408 0.5408 0.5408 0.5408 0.5408 0.5408 0.5408 0.5408 0.5408 0.5408 0.5408 0.5408 0.5408 0.5408 0.5408 0.5408 0.5408 0.5408 0.5408 0.5408 0.5408 0.5408 0.5408 0.5408 0.5408 0.5408 0.5408 0.5408 0.5408 0.5408 0.5408 
TS35 0.7135 0.7135 0.7135 0.7135 0.7135 0.7135 0.7135 0.7135 0.7135 0.7135 0.7135 0.7135 0.7135 0.7135 0.7135 0.7135 0.7135 0.7135 0.7135 0.7135 0.7135 0.7135 0.7135 0.7135 0.7135 0.7135 0.7135 0.7135 0.7135 0.7135 0.7135 0.7135 
TS36 0.7396 0.7396 0.7396 0.7396 0.7396 0.7396 0.7396 0.7396 0.7396 0.7396 0.7396 0.7396 0.7396 0.7396 0.7396 0.7396 0.7396 0.7396 0.7396 0.7396 0.7396 0.7396 0.7396 0.7396 0.7396 0.7396 0.7396 0.7396 0.7396 0.7396 0.7396 0.7396 
TS37 0.4288 0.4288 0.4288 0.4288 0.4288 0.4288 0.4288 0.4288 0.4288 0.4288 0.4288 0.4288 0.4288 0.4288 0.4288 0.4288 0.4288 0.4288 0.4288 0.4288 0.4288 0.4288 0.4288 0.4288 0.4288 0.4288 0.4288 0.4288 0.4288 0.4288 0.4288 0.4288 
TS38 0.4745 0.4745 0.4745 0.4745 0.4745 0.4745 0.4745 0.4745 0.4745 0.4745 0.4745 0.4745 0.4745 0.4745 0.4745 0.4745 0.4745 0.4745 0.4745 0.4745 0.4745 0.4745 0.4745 0.4745 0.4745 0.4745 0.4745 0.4745 0.4745 0.4745 0.4745 0.4745 
TS39 0.5239 0.5239 0.5239 0.5239 0.5239 0.5239 0.5239 0.5239 0.5239 0.5239 0.5239 0.5239 0.5239 0.5239 0.5239 0.5239 0.5239 0.5239 0.5239 0.5239 0.5239 0.5239 0.5239 0.5239 0.5239 0.5239 0.5239 0.5239 0.5239 0.5239 0.5239 0.5239 
TS40 0.5571 0.5571 0.5571 0.5571 0.5571 0.5571 0.5571 0.5571 0.5571 0.5571 0.5571 0.5571 0.5571 0.5571 0.5571 0.5571 0.5571 0.5571 0.5571 0.5571 0.5571 0.5571 0.5571 0.5571 0.5571 0.5571 0.5571 0.5571 0.5571 0.5571 0.5571 0.5571 
TS41 0.5994 0.5994 0.5994 0.5994 0.5994 0.5994 0.5994 0.5994 0.5994 0.5994 0.5994 0.5994 0.5994 0.5994 0.5994 0.5994 0.5994 0.5994 0.5994 0.5994 0.5994 0.5994 0.5994 0.5994 0.5994 0.5994 0.5994 0.5994 0.5994 0.5994 0.5994 0.5994 
TS42 0.527 0.527 0.527 0.527 0.527 0.527 0.527 0.527 0.527 0.527 0.527 0.527 0.527 0.527 0.527 0.527 0.527 0.527 0.527 0.527 0.527 0.527 0.527 0.527 0.527 0.527 0.527 0.527 0.527 0.527 0.527 0.527 
TS43 0.4223 0.4223 0.4223 0.4223 0.4223 0.4223 0.4223 0.4223 0.4223 0.4223 0.4223 0.4223 0.4223 0.4223 0.4223 0.4223 0.4223 0.4223 0.4223 0.4223 0.4223 0.4223 0.4223 0.4223 0.4223 0.4223 0.4223 0.4223 0.4223 0.4223 0.4223 0.4223 
TS44 0.4392 0.4392 0.4392 0.4392 0.4392 0.4392 0.4392 0.4392 0.4392 0.4392 0.4392 0.4392 0.4392 0.4392 0.4392 0.4392 0.4392 0.4392 0.4392 0.4392 0.4392 0.4392 0.4392 0.4392 0.4392 0.4392 0.4392 0.4392 0.4392 0.4392 0.4392 0.4392 
TS45 0.5135 0.5135 0.5135 0.5135 0.5135 0.5135 0.5135 0.5135 0.5135 0.5135 0.5135 0.5135 0.5135 0.5135 0.5135 0.5135 0.5135 0.5135 0.5135 0.5135 0.5135 0.5135 0.5135 0.5135 0.5135 0.5135 0.5135 0.5135 0.5135 0.5135 0.5135 0.5135 
TS46 0.5455 0.5455 0.5455 0.5455 0.5455 0.5455 0.5455 0.5455 0.5455 0.5455 0.5455 0.5455 0.5455 0.5455 0.5455 0.5455 0.5455 0.5455 0.5455 0.5455 0.5455 0.5455 0.5455 0.5455 0.5455 0.5455 0.5455 0.5455 0.5455 0.5455 0.5455 0.5455 
TS47 0.6067 0.6067 0.6067 0.6067 0.6067 0.6067 0.6067 0.6067 0.6067 0.6067 0.6067 0.6067 0.6067 0.6067 0.6067 0.6067 0.6067 0.6067 0.6067 0.6067 0.6067 0.6067 0.6067 0.6067 0.6067 0.6067 0.6067 0.6067 0.6067 0.6067 0.6067 0.6067 
TS48 0.5359 0.5359 0.5359 0.5359 0.5359 0.5359 0.5359 0.5359 0.5359 0.5359 0.5359 0.5359 0.5359 0.5359 0.5359 0.5359 0.5359 0.5359 0.5359 0.5359 0.5359 0.5359 0.5359 0.5359 0.5359 0.5359 0.5359 0.5359 0.5359 0.5359 0.5359 0.5359 
[RE1,PWRWND002,*,*]:
2019 2020 2021 2022 2023 2024 2025 2026 2027 2028 2029 2030 2031 2032 2033 2034 2035 2036 2037 2038 2039 2040 2041 2042 2043 2044 2045 2046 2047 2048 2049 2050 :=
TS01 0.6673 0.6673 0.6673 0.6673 0.6673 0.6673 0.6673 0.6673 0.6673 0.6673 0.6673 0.6673 0.6673 0.6673 0.6673 0.6673 0.6673 0.6673 0.6673 0.6673 0.6673 0.6673 0.6673 0.6673 0.6673 0.6673 0.6673 0.6673 0.6673 0.6673 0.6673 0.6673 
TS02 0.5714 0.5714 0.5714 0.5714 0.5714 0.5714 0.5714 0.5714 0.5714 0.5714 0.5714 0.5714 0.5714 0.5714 0.5714 0.5714 0.5714 0.5714 0.5714 0.5714 0.5714 0.5714 0.5714 0.5714 0.5714 0.5714 0.5714 0.5714 0.5714 0.5714 0.5714 0.5714 
TS03 0.6013 0.6013 0.6013 0.6013 0.6013 0.6013 0.6013 0.6013 0.6013 0.6013 0.6013 0.6013 0.6013 0.6013 0.6013 0.6013 0.6013 0.6013 0.6013 0.6013 0.6013 0.6013 0.6013 0.6013 0.6013 0.6013 0.6013 0.6013 0.6013 0.6013 0.6013 0.6013 
TS04 0.7067 0.7067 0.7067 0.7067 0.7067 0.7067 0.7067 0.7067 0.7067 0.7067 0.7067 0.7067 0.7067 0.7067 0.7067 0.7067 0.7067 0.7067 0.7067 0.7067 0.7067 0.7067 0.7067 0.7067 0.7067 0.7067 0.7067 0.7067 0.7067 0.7067 0.7067 0.7067 
TS05 0.7085 0.7085 0.7085 0.7085 0.7085 0.7085 0.7085 0.7085 0.7085 0.7085 0.7085 0.7085 0.7085 0.7085 0.7085 0.7085 0.7085 0.7085 0.7085 0.7085 0.7085 0.7085 0.7085 0.7085 0.7085 0.7085 0.7085 0.7085 0.7085 0.7085 0.7085 0.7085 
TS06 0.6887 0.6887 0.6887 0.6887 0.6887 0.6887 0.6887 0.6887 0.6887 0.6887 0.6887 0.6887 0.6887 0.6887 0.6887 0.6887 0.6887 0.6887 0.6887 0.6887 0.6887 0.6887 0.6887 0.6887 0.6887 0.6887 0.6887 0.6887 0.6887 0.6887 0.6887 0.6887 
TS07 0.6526 0.6526 0.6526 0.6526 0.6526 0.6526 0.6526 0.6526 0.6526 0.6526 0.6526 0.6526 0.6526 0.6526 0.6526 0.6526 0.6526 0.6526 0.6526 0.6526 0.6526 0.6526 0.6526 0.6526 0.6526 0.6526 0.6526 0.6526 0.6526 0.6526 0.6526 0.6526 
TS08 0.5417 0.5417 0.5417 0.5417 0.5417 0.5417 0.5417 0.5417 0.5417 0.5417 0.5417 0.5417 0.5417 0.5417 0.5417 0.5417 0.5417 0.5417 0.5417 0.5417 0.5417 0.5417 0.5417 0.5417 0.5417 0.5417 0.5417 0.5417 0.5417 0.5417 0.5417 0.5417 
TS09 0.6134 0.6134 0.6134 0.6134 0.6134 0.6134 0.6134 0.6134 0.6134 0.6134 0.6134 0.6134 0.6134 0.6134 0.6134 0.6134 0.6134 0.6134 0.6134 0.6134 0.6134 0.6134 0.6134 0.6134 0.6134 0.6134 0.6134 0.6134 0.6134 0.6134 0.6134 0.6134 
TS10 0.7201 0.7201 0.7201 0.7201 0.7201 0.7201 0.7201 0.7201 0.7201 0.7201 0.7201 0.7201 0.7201 0.7201 0.7201 0.7201 0.7201 0.7201 0.7201 0.7201 0.7201 0.7201 0.7201 0.7201 0.7201 0.7201 0.7201 0.7201 0.7201 0.7201 0.7201 0.7201 
TS11 0.7063 0.7063 0.7063 0.7063 0.7063 0.7063 0.7063 0.7063 0.7063 0.7063 0.7063 0.7063 0.7063 0.7063 0.7063 0.7063 0.7063 0.7063 0.7063 0.7063 0.7063 0.7063 0.7063 0.7063 0.7063 0.7063 0.7063 0.7063 0.7063 0.7063 0.7063 0.7063 
TS12 0.7069 0.7069 0.7069 0.7069 0.7069 0.7069 0.7069 0.7069 0.7069 0.7069 0.7069 0.7069 0.7069 0.7069 0.7069 0.7069 0.7069 0.7069 0.7069 0.7069 0.7069 0.7069 0.7069 0.7069 0.7069 0.7069 0.7069 0.7069 0.7069 0.7069 0.7069 0.7069 
TS13 0.347 0.347 0.347 0.347 0.347 0.347 0.347 0.347 0.347 0.347 0.347 0.347 0.347 0.347 0.347 0.347 0.347 0.347 0.347 0.347 0.347 0.347 0.347 0.347 0.347 0.347 0.347 0.347 0.347 0.347 0.347 0.347 
TS14 0.2866 0.2866 0.2866 0.2866 0.2866 0.2866 0.2866 0.2866 0.2866 0.2866 0.2866 0.2866 0.2866 0.2866 0.2866 0.2866 0.2866 0.2866 0.2866 0.2866 0.2866 0.2866 0.2866 0.2866 0.2866 0.2866 0.2866 0.2866 0.2866 0.2866 0.2866 0.2866 
TS15 0.347 0.347 0.347 0.347 0.347 0.347 0.347 0.347 0.347 0.347 0.347 0.347 0.347 0.347 0.347 0.347 0.347 0.347 0.347 0.347 0.347 0.347 0.347 0.347 0.347 0.347 0.347 0.347 0.347 0.347 0.347 0.347 
TS16 0.4301 0.4301 0.4301 0.4301 0.4301 0.4301 0.4301 0.4301 0.4301 0.4301 0.4301 0.4301 0.4301 0.4301 0.4301 0.4301 0.4301 0.4301 0.4301 0.4301 0.4301 0.4301 0.4301 0.4301 0.4301 0.4301 0.4301 0.4301 0.4301 0.4301 0.4301 0.4301 
TS17 0.363 0.363 0.363 0.363 0.363 0.363 0.363 0.363 0.363 0.363 0.363 0.363 0.363 0.363 0.363 0.363 0.363 0.363 0.363 0.363 0.363 0.363 0.363 0.363 0.363 0.363 0.363 0.363 0.363 0.363 0.363 0.363 
TS18 0.359 0.359 0.359 0.359 0.359 0.359 0.359 0.359 0.359 0.359 0.359 0.359 0.359 0.359 0.359 0.359 0.359 0.359 0.359 0.359 0.359 0.359 0.359 0.359 0.359 0.359 0.359 0.359 0.359 0.359 0.359 0.359 
TS19 0.3515 0.3515 0.3515 0.3515 0.3515 0.3515 0.3515 0.3515 0.3515 0.3515 0.3515 0.3515 0.3515 0.3515 0.3515 0.3515 0.3515 0.3515 0.3515 0.3515 0.3515 0.3515 0.3515 0.3515 0.3515 0.3515 0.3515 0.3515 0.3515 0.3515 0.3515 0.3515 
TS20 0.2502 0.2502 0.2502 0.2502 0.2502 0.2502 0.2502 0.2502 0.2502 0.2502 0.2502 0.2502 0.2502 0.2502 0.2502 0.2502 0.2502 0.2502 0.2502 0.2502 0.2502 0.2502 0.2502 0.2502 0.2502 0.2502 0.2502 0.2502 0.2502 0.2502 0.2502 0.2502 
TS21 0.2891 0.2891 0.2891 0.2891 0.2891 0.2891 0.2891 0.2891 0.2891 0.2891 0.2891 0.2891 0.2891 0.2891 0.2891 0.2891 0.2891 0.2891 0.2891 0.2891 0.2891 0.2891 0.2891 0.2891 0.2891 0.2891 0.2891 0.2891 0.2891 0.2891 0.2891 0.2891 
TS22 0.4148 0.4148 0.4148 0.4148 0.4148 0.4148 0.4148 0.4148 0.4148 0.4148 0.4148 0.4148 0.4148 0.4148 0.4148 0.4148 0.4148 0.4148 0.4148 0.4148 0.4148 0.4148 0.4148 0.4148 0.4148 0.4148 0.4148 0.4148 0.4148 0.4148 0.4148 0.4148 
TS23 0.3367 0.3367 0.3367 0.3367 0.3367 0.3367 0.3367 0.3367 0.3367 0.3367 0.3367 0.3367 0.3367 0.3367 0.3367 0.3367 0.3367 0.3367 0.3367 0.3367 0.3367 0.3367 0.3367 0.3367 0.3367 0.3367 0.3367 0.3367 0.3367 0.3367 0.3367 0.3367 
TS24 0.3683 0.3683 0.3683 0.3683 0.3683 0.3683 0.3683 0.3683 0.3683 0.3683 0.3683 0.3683 0.3683 0.3683 0.3683 0.3683 0.3683 0.3683 0.3683 0.3683 0.3683 0.3683 0.3683 0.3683 0.3683 0.3683 0.3683 0.3683 0.3683 0.3683 0.3683 0.3683 
TS25 0.5606 0.5606 0.5606 0.5606 0.5606 0.5606 0.5606 0.5606 0.5606 0.5606 0.5606 0.5606 0.5606 0.5606 0.5606 0.5606 0.5606 0.5606 0.5606 0.5606 0.5606 0.5606 0.5606 0.5606 0.5606 0.5606 0.5606 0.5606 0.5606 0.5606 0.5606 0.5606 
TS26 0.4833 0.4833 0.4833 0.4833 0.4833 0.4833 0.4833 0.4833 0.4833 0.4833 0.4833 0.4833 0.4833 0.4833 0.4833 0.4833 0.4833 0.4833 0.4833 0.4833 0.4833 0.4833 0.4833 0.4833 0.4833 0.4833 0.4833 0.4833 0.4833 0.4833 0.4833 0.4833 
TS27 0.3035 0.3035 0.3035 0.3035 0.3035 0.3035 0.3035 0.3035 0.3035 0.3035 0.3035 0.3035 0.3035 0.3035 0.3035 0.3035 0.3035 0.3035 0.3035 0.3035 0.3035 0.3035 0.3035 0.3035 0.3035 0.3035 0.3035 0.3035 0.3035 0.3035 0.3035 0.3035 
TS28 0.5199 0.5199 0.5199 0.5199 0.5199 0.5199 0.5199 0.5199 0.5199 0.5199 0.5199 0.5199 0.5199 0.5199 0.5199 0.5199 0.5199 0.5199 0.5199 0.5199 0.5199 0.5199 0.5199 0.5199 0.5199 0.5199 0.5199 0.5199 0.5199 0.5199 0.5199 0.5199 
TS29 0.547 0.547 0.547 0.547 0.547 0.547 0.547 0.547 0.547 0.547 0.547 0.547 0.547 0.547 0.547 0.547 0.547 0.547 0.547 0.547 0.547 0.547 0.547 0.547 0.547 0.547 0.547 0.547 0.547 0.547 0.547 0.547 
TS30 0.5481 0.5481 0.5481 0.5481 0.5481 0.5481 0.5481 0.5481 0.5481 0.5481 0.5481 0.5481 0.5481 0.5481 0.5481 0.5481 0.5481 0.5481 0.5481 0.5481 0.5481 0.5481 0.5481 0.5481 0.5481 0.5481 0.5481 0.5481 0.5481 0.5481 0.5481 0.5481 
TS31 0.5472 0.5472 0.5472 0.5472 0.5472 0.5472 0.5472 0.5472 0.5472 0.5472 0.5472 0.5472 0.5472 0.5472 0.5472 0.5472 0.5472 0.5472 0.5472 0.5472 0.5472 0.5472 0.5472 0.5472 0.5472 0.5472 0.5472 0.5472 0.5472 0.5472 0.5472 0.5472 
TS32 0.499 0.499 0.499 0.499 0.499 0.499 0.499 0.499 0.499 0.499 0.499 0.499 0.499 0.499 0.499 0.499 0.499 0.499 0.499 0.499 0.499 0.499 0.499 0.499 0.499 0.499 0.499 0.499 0.499 0.499 0.499 0.499 
TS33 0.2897 0.2897 0.2897 0.2897 0.2897 0.2897 0.2897 0.2897 0.2897 0.2897 0.2897 0.2897 0.2897 0.2897 0.2897 0.2897 0.2897 0.2897 0.2897 0.2897 0.2897 0.2897 0.2897 0.2897 0.2897 0.2897 0.2897 0.2897 0.2897 0.2897 0.2897 0.2897 
TS34 0.4994 0.4994 0.4994 0.4994 0.4994 0.4994 0.4994 0.4994 0.4994 0.4994 0.4994 0.4994 0.4994 0.4994 0.4994 0.4994 0.4994 0.4994 0.4994 0.4994 0.4994 0.4994 0.4994 0.4994 0.4994 0.4994 0.4994 0.4994 0.4994 0.4994 0.4994 0.4994 
TS35 0.5333 0.5333 0.5333 0.5333 0.5333 0.5333 0.5333 0.5333 0.5333 0.5333 0.5333 0.5333 0.5333 0.5333 0.5333 0.5333 0.5333 0.5333 0.5333 0.5333 0.5333 0.5333 0.5333 0.5333 0.5333 0.5333 0.5333 0.5333 0.5333 0.5333 0.5333 0.5333 
TS36 0.5527 0.5527 0.5527 0.5527 0.5527 0.5527 0.5527 0.5527 0.5527 0.5527 0.5527 0.5527 0.5527 0.5527 0.5527 0.5527 0.5527 0.5527 0.5527 0.5527 0.5527 0.5527 0.5527 0.5527 0.5527 0.5527 0.5527 0.5527 0.5527 0.5527 0.5527 0.5527 
TS37 0.6677 0.6677 0.6677 0.6677 0.6677 0.6677 0.6677 0.6677 0.6677 0.6677 0.6677 0.6677 0.6677 0.6677 0.6677 0.6677 0.6677 0.6677 0.6677 0.6677 0.6677 0.6677 0.6677 0.6677 0.6677 0.6677 0.6677 0.6677 0.6677 0.6677 0.6677 0.6677 
TS38 0.5812 0.5812 0.5812 0.5812 0.5812 0.5812 0.5812 0.5812 0.5812 0.5812 0.5812 0.5812 0.5812 0.5812 0.5812 0.5812 0.5812 0.5812 0.5812 0.5812 0.5812 0.5812 0.5812 0.5812 0.5812 0.5812 0.5812 0.5812 0.5812 0.5812 0.5812 0.5812 
TS39 0.636 0.636 0.636 0.636 0.636 0.636 0.636 0.636 0.636 0.636 0.636 0.636 0.636 0.636 0.636 0.636 0.636 0.636 0.636 0.636 0.636 0.636 0.636 0.636 0.636 0.636 0.636 0.636 0.636 0.636 0.636 0.636 
TS40 0.7512 0.7512 0.7512 0.7512 0.7512 0.7512 0.7512 0.7512 0.7512 0.7512 0.7512 0.7512 0.7512 0.7512 0.7512 0.7512 0.7512 0.7512 0.7512 0.7512 0.7512 0.7512 0.7512 0.7512 0.7512 0.7512 0.7512 0.7512 0.7512 0.7512 0.7512 0.7512 
TS41 0.7512 0.7512 0.7512 0.7512 0.7512 0.7512 0.7512 0.7512 0.7512 0.7512 0.7512 0.7512 0.7512 0.7512 0.7512 0.7512 0.7512 0.7512 0.7512 0.7512 0.7512 0.7512 0.7512 0.7512 0.7512 0.7512 0.7512 0.7512 0.7512 0.7512 0.7512 0.7512 
TS42 0.7392 0.7392 0.7392 0.7392 0.7392 0.7392 0.7392 0.7392 0.7392 0.7392 0.7392 0.7392 0.7392 0.7392 0.7392 0.7392 0.7392 0.7392 0.7392 0.7392 0.7392 0.7392 0.7392 0.7392 0.7392 0.7392 0.7392 0.7392 0.7392 0.7392 0.7392 0.7392 
TS43 0.6758 0.6758 0.6758 0.6758 0.6758 0.6758 0.6758 0.6758 0.6758 0.6758 0.6758 0.6758 0.6758 0.6758 0.6758 0.6758 0.6758 0.6758 0.6758 0.6758 0.6758 0.6758 0.6758 0.6758 0.6758 0.6758 0.6758 0.6758 0.6758 0.6758 0.6758 0.6758 
TS44 0.6013 0.6013 0.6013 0.6013 0.6013 0.6013 0.6013 0.6013 0.6013 0.6013 0.6013 0.6013 0.6013 0.6013 0.6013 0.6013 0.6013 0.6013 0.6013 0.6013 0.6013 0.6013 0.6013 0.6013 0.6013 0.6013 0.6013 0.6013 0.6013 0.6013 0.6013 0.6013 
TS45 0.6545 0.6545 0.6545 0.6545 0.6545 0.6545 0.6545 0.6545 0.6545 0.6545 0.6545 0.6545 0.6545 0.6545 0.6545 0.6545 0.6545 0.6545 0.6545 0.6545 0.6545 0.6545 0.6545 0.6545 0.6545 0.6545 0.6545 0.6545 0.6545 0.6545 0.6545 0.6545 
TS46 0.7851 0.7851 0.7851 0.7851 0.7851 0.7851 0.7851 0.7851 0.7851 0.7851 0.7851 0.7851 0.7851 0.7851 0.7851 0.7851 0.7851 0.7851 0.7851 0.7851 0.7851 0.7851 0.7851 0.7851 0.7851 0.7851 0.7851 0.7851 0.7851 0.7851 0.7851 0.7851 
TS47 0.7951 0.7951 0.7951 0.7951 0.7951 0.7951 0.7951 0.7951 0.7951 0.7951 0.7951 0.7951 0.7951 0.7951 0.7951 0.7951 0.7951 0.7951 0.7951 0.7951 0.7951 0.7951 0.7951 0.7951 0.7951 0.7951 0.7951 0.7951 0.7951 0.7951 0.7951 0.7951 
TS48 0.7665 0.7665 0.7665 0.7665 0.7665 0.7665 0.7665 0.7665 0.7665 0.7665 0.7665 0.7665 0.7665 0.7665 0.7665 0.7665 0.7665 0.7665 0.7665 0.7665 0.7665 0.7665 0.7665 0.7665 0.7665 0.7665 0.7665 0.7665 0.7665 0.7665 0.7665 0.7665 
[RE1,PWRWND003,*,*]:
2019 2020 2021 2022 2023 2024 2025 2026 2027 2028 2029 2030 2031 2032 2033 2034 2035 2036 2037 2038 2039 2040 2041 2042 2043 2044 2045 2046 2047 2048 2049 2050 :=
TS01 0.483 0.483 0.483 0.483 0.483 0.483 0.483 0.483 0.483 0.483 0.483 0.483 0.483 0.483 0.483 0.483 0.483 0.483 0.483 0.483 0.483 0.483 0.483 0.483 0.483 0.483 0.483 0.483 0.483 0.483 0.483 0.483 
TS02 0.5187 0.5187 0.5187 0.5187 0.5187 0.5187 0.5187 0.5187 0.5187 0.5187 0.5187 0.5187 0.5187 0.5187 0.5187 0.5187 0.5187 0.5187 0.5187 0.5187 0.5187 0.5187 0.5187 0.5187 0.5187 0.5187 0.5187 0.5187 0.5187 0.5187 0.5187 0.5187 
TS03 0.547 0.547 0.547 0.547 0.547 0.547 0.547 0.547 0.547 0.547 0.547 0.547 0.547 0.547 0.547 0.547 0.547 0.547 0.547 0.547 0.547 0.547 0.547 0.547 0.547 0.547 0.547 0.547 0.547 0.547 0.547 0.547 
TS04 0.453 0.453 0.453 0.453 0.453 0.453 0.453 0.453 0.453 0.453 0.453 0.453 0.453 0.453 0.453 0.453 0.453 0.453 0.453 0.453 0.453 0.453 0.453 0.453 0.453 0.453 0.453 0.453 0.453 0.453 0.453 0.453 
TS05 0.5271 0.5271 0.5271 0.5271 0.5271 0.5271 0.5271 0.5271 0.5271 0.5271 0.5271 0.5271 0.5271 0.5271 0.5271 0.5271 0.5271 0.5271 0.5271 0.5271 0.5271 0.5271 0.5271 0.5271 0.5271 0.5271 0.5271 0.5271 0.5271 0.5271 0.5271 0.5271 
TS06 0.5485 0.5485 0.5485 0.5485 0.5485 0.5485 0.5485 0.5485 0.5485 0.5485 0.5485 0.5485 0.5485 0.5485 0.5485 0.5485 0.5485 0.5485 0.5485 0.5485 0.5485 0.5485 0.5485 0.5485 0.5485 0.5485 0.5485 0.5485 0.5485 0.5485 0.5485 0.5485 
TS07 0.4524 0.4524 0.4524 0.4524 0.4524 0.4524 0.4524 0.4524 0.4524 0.4524 0.4524 0.4524 0.4524 0.4524 0.4524 0.4524 0.4524 0.4524 0.4524 0.4524 0.4524 0.4524 0.4524 0.4524 0.4524 0.4524 0.4524 0.4524 0.4524 0.4524 0.4524 0.4524 
TS08 0.4939 0.4939 0.4939 0.4939 0.4939 0.4939 0.4939 0.4939 0.4939 0.4939 0.4939 0.4939 0.4939 0.4939 0.4939 0.4939 0.4939 0.4939 0.4939 0.4939 0.4939 0.4939 0.4939 0.4939 0.4939 0.4939 0.4939 0.4939 0.4939 0.4939 0.4939 0.4939 
TS09 0.5429 0.5429 0.5429 0.5429 0.5429 0.5429 0.5429 0.5429 0.5429 0.5429 0.5429 0.5429 0.5429 0.5429 0.5429 0.5429 0.5429 0.5429 0.5429 0.5429 0.5429 0.5429 0.5429 0.5429 0.5429 0.5429 0.5429 0.5429 0.5429 0.5429 0.5429 0.5429 
TS10 0.4931 0.4931 0.4931 0.4931 0.4931 0.4931 0.4931 0.4931 0.4931 0.4931 0.4931 0.4931 0.4931 0.4931 0.4931 0.4931 0.4931 0.4931 0.4931 0.4931 0.4931 0.4931 0.4931 0.4931 0.4931 0.4931 0.4931 0.4931 0.4931 0.4931 0.4931 0.4931 
TS11 0.5699 0.5699 0.5699 0.5699 0.5699 0.5699 0.5699 0.5699 0.5699 0.5699 0.5699 0.5699 0.5699 0.5699 0.5699 0.5699 0.5699 0.5699 0.5699 0.5699 0.5699 0.5699 0.5699 0.5699 0.5699 0.5699 0.5699 0.5699 0.5699 0.5699 0.5699 0.5699 
TS12 0.5764 0.5764 0.5764 0.5764 0.5764 0.5764 0.5764 0.5764 0.5764 0.5764 0.5764 0.5764 0.5764 0.5764 0.5764 0.5764 0.5764 0.5764 0.5764 0.5764 0.5764 0.5764 0.5764 0.5764 0.5764 0.5764 0.5764 0.5764 0.5764 0.5764 0.5764 0.5764 
TS13 0.4388 0.4388 0.4388 0.4388 0.4388 0.4388 0.4388 0.4388 0.4388 0.4388 0.4388 0.4388 0.4388 0.4388 0.4388 0.4388 0.4388 0.4388 0.4388 0.4388 0.4388 0.4388 0.4388 0.4388 0.4388 0.4388 0.4388 0.4388 0.4388 0.4388 0.4388 0.4388 
TS14 0.443 0.443 0.443 0.443 0.443 0.443 0.443 0.443 0.443 0.443 0.443 0.443 0.443 0.443 0.443 0.443 0.443 0.443 0.443 0.443 0.443 0.443 0.443 0.443 0.443 0.443 0.443 0.443 0.443 0.443 0.443 0.443 
TS15 0.4478 0.4478 0.4478 0.4478 0.4478 0.4478 0.4478 0.4478 0.4478 0.4478 0.4478 0.4478 0.4478 0.4478 0.4478 0.4478 0.4478 0.4478 0.4478 0.4478 0.4478 0.4478 0.4478 0.4478 0.4478 0.4478 0.4478 0.4478 0.4478 0.4478 0.4478 0.4478 
TS16 0.4211 0.4211 0.4211 0.4211 0.4211 0.4211 0.4211 0.4211 0.4211 0.4211 0.4211 0.4211 0.4211 0.4211 0.4211 0.4211 0.4211 0.4211 0.4211 0.4211 0.4211 0.4211 0.4211 0.4211 0.4211 0.4211 0.4211 0.4211 0.4211 0.4211 0.4211 0.4211 
TS17 0.4679 0.4679 0.4679 0.4679 0.4679 0.4679 0.4679 0.4679 0.4679 0.4679 0.4679 0.4679 0.4679 0.4679 0.4679 0.4679 0.4679 0.4679 0.4679 0.4679 0.4679 0.4679 0.4679 0.4679 0.4679 0.4679 0.4679 0.4679 0.4679 0.4679 0.4679 0.4679 
TS18 0.466 0.466 0.466 0.466 0.466 0.466 0.466 0.466 0.466 0.466 0.466 0.466 0.466 0.466 0.466 0.466 0.466 0.466 0.466 0.466 0.466 0.466 0.466 0.466 0.466 0.466 0.466 0.466 0.466 0.466 0.466 0.466 
TS19 0.5141 0.5141 0.5141 0.5141 0.5141 0.5141 0.5141 0.5141 0.5141 0.5141 0.5141 0.5141 0.5141 0.5141 0.5141 0.5141 0.5141 0.5141 0.5141 0.5141 0.5141 0.5141 0.5141 0.5141 0.5141 0.5141 0.5141 0.5141 0.5141 0.5141 0.5141 0.5141 
TS20 0.5121 0.5121 0.5121 0.5121 0.5121 0.5121 0.5121 0.5121 0.5121 0.5121 0.5121 0.5121 0.5121 0.5121 0.5121 0.5121 0.5121 0.5121 0.5121 0.5121 0.5121 0.5121 0.5121 0.5121 0.5121 0.5121 0.5121 0.5121 0.5121 0.5121 0.5121 0.5121 
TS21 0.4962 0.4962 0.4962 0.4962 0.4962 0.4962 0.4962 0.4962 0.4962 0.4962 0.4962 0.4962 0.4962 0.4962 0.4962 0.4962 0.4962 0.4962 0.4962 0.4962 0.4962 0.4962 0.4962 0.4962 0.4962 0.4962 0.4962 0.4962 0.4962 0.4962 0.4962 0.4962 
TS22 0.4638 0.4638 0.4638 0.4638 0.4638 0.4638 0.4638 0.4638 0.4638 0.4638 0.4638 0.4638 0.4638 0.4638 0.4638 0.4638 0.4638 0.4638 0.4638 0.4638 0.4638 0.4638 0.4638 0.4638 0.4638 0.4638 0.4638 0.4638 0.4638 0.4638 0.4638 0.4638 
TS23 0.512 0.512 0.512 0.512 0.512 0.512 0.512 0.512 0.512 0.512 0.512 0.512 0.512 0.512 0.512 0.512 0.512 0.512 0.512 0.512 0.512 0.512 0.512 0.512 0.512 0.512 0.512 0.512 0.512 0.512 0.512 0.512 
TS24 0.5264 0.5264 0.5264 0.5264 0.5264 0.5264 0.5264 0.5264 0.5264 0.5264 0.5264 0.5264 0.5264 0.5264 0.5264 0.5264 0.5264 0.5264 0.5264 0.5264 0.5264 0.5264 0.5264 0.5264 0.5264 0.5264 0.5264 0.5264 0.5264 0.5264 0.5264 0.5264 
TS25 0.7867 0.7867 0.7867 0.7867 0.7867 0.7867 0.7867 0.7867 0.7867 0.7867 0.7867 0.7867 0.7867 0.7867 0.7867 0.7867 0.7867 0.7867 0.7867 0.7867 0.7867 0.7867 0.7867 0.7867 0.7867 0.7867 0.7867 0.7867 0.7867 0.7867 0.7867 0.7867 
TS26 0.7883 0.7883 0.7883 0.7883 0.7883 0.7883 0.7883 0.7883 0.7883 0.7883 0.7883 0.7883 0.7883 0.7883 0.7883 0.7883 0.7883 0.7883 0.7883 0.7883 0.7883 0.7883 0.7883 0.7883 0.7883 0.7883 0.7883 0.7883 0.7883 0.7883 0.7883 0.7883 
TS27 0.7116 0.7116 0.7116 0.7116 0.7116 0.7116 0.7116 0.7116 0.7116 0.7116 0.7116 0.7116 0.7116 0.7116 0.7116 0.7116 0.7116 0.7116 0.7116 0.7116 0.7116 0.7116 0.7116 0.7116 0.7116 0.7116 0.7116 0.7116 0.7116 0.7116 0.7116 0.7116 
TS28 0.6644 0.6644 0.6644 0.6644 0.6644 0.6644 0.6644 0.6644 0.6644 0.6644 0.6644 0.6644 0.6644 0.6644 0.6644 0.6644 0.6644 0.6644 0.6644 0.6644 0.6644 0.6644 0.6644 0.6644 0.6644 0.6644 0.6644 0.6644 0.6644 0.6644 0.6644 0.6644 
TS29 0.7595 0.7595 0.7595 0.7595 0.7595 0.7595 0.7595 0.7595 0.7595 0.7595 0.7595 0.7595 0.7595 0.7595 0.7595 0.7595 0.7595 0.7595 0.7595 0.7595 0.7595 0.7595 0.7595 0.7595 0.7595 0.7595 0.7595 0.7595 0.7595 0.7595 0.7595 0.7595 
TS30 0.7753 0.7753 0.7753 0.7753 0.7753 0.7753 0.7753 0.7753 0.7753 0.7753 0.7753 0.7753 0.7753 0.7753 0.7753 0.7753 0.7753 0.7753 0.7753 0.7753 0.7753 0.7753 0.7753 0.7753 0.7753 0.7753 0.7753 0.7753 0.7753 0.7753 0.7753 0.7753 
TS31 0.8109 0.8109 0.8109 0.8109 0.8109 0.8109 0.8109 0.8109 0.8109 0.8109 0.8109 0.8109 0.8109 0.8109 0.8109 0.8109 0.8109 0.8109 0.8109 0.8109 0.8109 0.8109 0.8109 0.8109 0.8109 0.8109 0.8109 0.8109 0.8109 0.8109 0.8109 0.8109 
TS32 0.798 0.798 0.798 0.798 0.798 0.798 0.798 0.798 0.798 0.798 0.798 0.798 0.798 0.798 0.798 0.798 0.798 0.798 0.798 0.798 0.798 0.798 0.798 0.798 0.798 0.798 0.798 0.798 0.798 0.798 0.798 0.798 
TS33 0.7231 0.7231 0.7231 0.7231 0.7231 0.7231 0.7231 0.7231 0.7231 0.7231 0.7231 0.7231 0.7231 0.7231 0.7231 0.7231 0.7231 0.7231 0.7231 0.7231 0.7231 0.7231 0.7231 0.7231 0.7231 0.7231 0.7231 0.7231 0.7231 0.7231 0.7231 0.7231 
TS34 0.6866 0.6866 0.6866 0.6866 0.6866 0.6866 0.6866 0.6866 0.6866 0.6866 0.6866 0.6866 0.6866 0.6866 0.6866 0.6866 0.6866 0.6866 0.6866 0.6866 0.6866 0.6866 0.6866 0.6866 0.6866 0.6866 0.6866 0.6866 0.6866 0.6866 0.6866 0.6866 
TS35 0.7787 0.7787 0.7787 0.7787 0.7787 0.7787 0.7787 0.7787 0.7787 0.7787 0.7787 0.7787 0.7787 0.7787 0.7787 0.7787 0.7787 0.7787 0.7787 0.7787 0.7787 0.7787 0.7787 0.7787 0.7787 0.7787 0.7787 0.7787 0.7787 0.7787 0.7787 0.7787 
TS36 0.7907 0.7907 0.7907 0.7907 0.7907 0.7907 0.7907 0.7907 0.7907 0.7907 0.7907 0.7907 0.7907 0.7907 0.7907 0.7907 0.7907 0.7907 0.7907 0.7907 0.7907 0.7907 0.7907 0.7907 0.7907 0.7907 0.7907 0.7907 0.7907 0.7907 0.7907 0.7907 
TS37 0.5688 0.5688 0.5688 0.5688 0.5688 0.5688 0.5688 0.5688 0.5688 0.5688 0.5688 0.5688 0.5688 0.5688 0.5688 0.5688 0.5688 0.5688 0.5688 0.5688 0.5688 0.5688 0.5688 0.5688 0.5688 0.5688 0.5688 0.5688 0.5688 0.5688 0.5688 0.5688 
TS38 0.5848 0.5848 0.5848 0.5848 0.5848 0.5848 0.5848 0.5848 0.5848 0.5848 0.5848 0.5848 0.5848 0.5848 0.5848 0.5848 0.5848 0.5848 0.5848 0.5848 0.5848 0.5848 0.5848 0.5848 0.5848 0.5848 0.5848 0.5848 0.5848 0.5848 0.5848 0.5848 
TS39 0.665 0.665 0.665 0.665 0.665 0.665 0.665 0.665 0.665 0.665 0.665 0.665 0.665 0.665 0.665 0.665 0.665 0.665 0.665 0.665 0.665 0.665 0.665 0.665 0.665 0.665 0.665 0.665 0.665 0.665 0.665 0.665 
TS40 0.6825 0.6825 0.6825 0.6825 0.6825 0.6825 0.6825 0.6825 0.6825 0.6825 0.6825 0.6825 0.6825 0.6825 0.6825 0.6825 0.6825 0.6825 0.6825 0.6825 0.6825 0.6825 0.6825 0.6825 0.6825 0.6825 0.6825 0.6825 0.6825 0.6825 0.6825 0.6825 
TS41 0.7052 0.7052 0.7052 0.7052 0.7052 0.7052 0.7052 0.7052 0.7052 0.7052 0.7052 0.7052 0.7052 0.7052 0.7052 0.7052 0.7052 0.7052 0.7052 0.7052 0.7052 0.7052 0.7052 0.7052 0.7052 0.7052 0.7052 0.7052 0.7052 0.7052 0.7052 0.7052 
TS42 0.6592 0.6592 0.6592 0.6592 0.6592 0.6592 0.6592 0.6592 0.6592 0.6592 0.6592 0.6592 0.6592 0.6592 0.6592 0.6592 0.6592 0.6592 0.6592 0.6592 0.6592 0.6592 0.6592 0.6592 0.6592 0.6592 0.6592 0.6592 0.6592 0.6592 0.6592 0.6592 
TS43 0.5737 0.5737 0.5737 0.5737 0.5737 0.5737 0.5737 0.5737 0.5737 0.5737 0.5737 0.5737 0.5737 0.5737 0.5737 0.5737 0.5737 0.5737 0.5737 0.5737 0.5737 0.5737 0.5737 0.5737 0.5737 0.5737 0.5737 0.5737 0.5737 0.5737 0.5737 0.5737 
TS44 0.5695 0.5695 0.5695 0.5695 0.5695 0.5695 0.5695 0.5695 0.5695 0.5695 0.5695 0.5695 0.5695 0.5695 0.5695 0.5695 0.5695 0.5695 0.5695 0.5695 0.5695 0.5695 0.5695 0.5695 0.5695 0.5695 0.5695 0.5695 0.5695 0.5695 0.5695 0.5695 
TS45 0.678 0.678 0.678 0.678 0.678 0.678 0.678 0.678 0.678 0.678 0.678 0.678 0.678 0.678 0.678 0.678 0.678 0.678 0.678 0.678 0.678 0.678 0.678 0.678 0.678 0.678 0.678 0.678 0.678 0.678 0.678 0.678 
TS46 0.7013 0.7013 0.7013 0.7013 0.7013 0.7013 0.7013 0.7013 0.7013 0.7013 0.7013 0.7013 0.7013 0.7013 0.7013 0.7013 0.7013 0.7013 0.7013 0.7013 0.7013 0.7013 0.7013 0.7013 0.7013 0.7013 0.7013 0.7013 0.7013 0.7013 0.7013 0.7013 
TS47 0.7282 0.7282 0.7282 0.7282 0.7282 0.7282 0.7282 0.7282 0.7282 0.7282 0.7282 0.7282 0.7282 0.7282 0.7282 0.7282 0.7282 0.7282 0.7282 0.7282 0.7282 0.7282 0.7282 0.7282 0.7282 0.7282 0.7282 0.7282 0.7282 0.7282 0.7282 0.7282 
TS48 0.6839 0.6839 0.6839 0.6839 0.6839 0.6839 0.6839 0.6839 0.6839 0.6839 0.6839 0.6839 0.6839 0.6839 0.6839 0.6839 0.6839 0.6839 0.6839 0.6839 0.6839 0.6839 0.6839 0.6839 0.6839 0.6839 0.6839 0.6839 0.6839 0.6839 0.6839 0.6839 
[RE1,PWRWND004,*,*]:
2019 2020 2021 2022 2023 2024 2025 2026 2027 2028 2029 2030 2031 2032 2033 2034 2035 2036 2037 2038 2039 2040 2041 2042 2043 2044 2045 2046 2047 2048 2049 2050 :=
TS01 0.6782 0.6782 0.6782 0.6782 0.6782 0.6782 0.6782 0.6782 0.6782 0.6782 0.6782 0.6782 0.6782 0.6782 0.6782 0.6782 0.6782 0.6782 0.6782 0.6782 0.6782 0.6782 0.6782 0.6782 0.6782 0.6782 0.6782 0.6782 0.6782 0.6782 0.6782 0.6782 
TS02 0.6729 0.6729 0.6729 0.6729 0.6729 0.6729 0.6729 0.6729 0.6729 0.6729 0.6729 0.6729 0.6729 0.6729 0.6729 0.6729 0.6729 0.6729 0.6729 0.6729 0.6729 0.6729 0.6729 0.6729 0.6729 0.6729 0.6729 0.6729 0.6729 0.6729 0.6729 0.6729 
TS03 0.6277 0.6277 0.6277 0.6277 0.6277 0.6277 0.6277 0.6277 0.6277 0.6277 0.6277 0.6277 0.6277 0.6277 0.6277 0.6277 0.6277 0.6277 0.6277 0.6277 0.6277 0.6277 0.6277 0.6277 0.6277 0.6277 0.6277 0.6277 0.6277 0.6277 0.6277 0.6277 
TS04 0.5374 0.5374 0.5374 0.5374 0.5374 0.5374 0.5374 0.5374 0.5374 0.5374 0.5374 0.5374 0.5374 0.5374 0.5374 0.5374 0.5374 0.5374 0.5374 0.5374 0.5374 0.5374 0.5374 0.5374 0.5374 0.5374 0.5374 0.5374 0.5374 0.5374 0.5374 0.5374 
TS05 0.5694 0.5694 0.5694 0.5694 0.5694 0.5694 0.5694 0.5694 0.5694 0.5694 0.5694 0.5694 0.5694 0.5694 0.5694 0.5694 0.5694 0.5694 0.5694 0.5694 0.5694 0.5694 0.5694 0.5694 0.5694 0.5694 0.5694 0.5694 0.5694 0.5694 0.5694 0.5694 
TS06 0.5934 0.5934 0.5934 0.5934 0.5934 0.5934 0.5934 0.5934 0.5934 0.5934 0.5934 0.5934 0.5934 0.5934 0.5934 0.5934 0.5934 0.5934 0.5934 0.5934 0.5934 0.5934 0.5934 0.5934 0.5934 0.5934 0.5934 0.5934 0.5934 0.5934 0.5934 0.5934 
TS07 0.652 0.652 0.652 0.652 0.652 0.652 0.652 0.652 0.652 0.652 0.652 0.652 0.652 0.652 0.652 0.652 0.652 0.652 0.652 0.652 0.652 0.652 0.652 0.652 0.652 0.652 0.652 0.652 0.652 0.652 0.652 0.652 
TS08 0.6597 0.6597 0.6597 0.6597 0.6597 0.6597 0.6597 0.6597 0.6597 0.6597 0.6597 0.6597 0.6597 0.6597 0.6597 0.6597 0.6597 0.6597 0.6597 0.6597 0.6597 0.6597 0.6597 0.6597 0.6597 0.6597 0.6597 0.6597 0.6597 0.6597 0.6597 0.6597 
TS09 0.6192 0.6192 0.6192 0.6192 0.6192 0.6192 0.6192 0.6192 0.6192 0.6192 0.6192 0.6192 0.6192 0.6192 0.6192 0.6192 0.6192 0.6192 0.6192 0.6192 0.6192 0.6192 0.6192 0.6192 0.6192 0.6192 0.6192 0.6192 0.6192 0.6192 0.6192 0.6192 
TS10 0.5739 0.5739 0.5739 0.5739 0.5739 0.5739 0.5739 0.5739 0.5739 0.5739 0.5739 0.5739 0.5739 0.5739 0.5739 0.5739 0.5739 0.5739 0.5739 0.5739 0.5739 0.5739 0.5739 0.5739 0.5739 0.5739 0.5739 0.5739 0.5739 0.5739 0.5739 0.5739 
TS11 0.6286 0.6286 0.6286 0.6286 0.6286 0.6286 0.6286 0.6286 0.6286 0.6286 0.6286 0.6286 0.6286 0.6286 0.6286 0.6286 0.6286 0.6286 0.6286 0.6286 0.6286 0.6286 0.6286 0.6286 0.6286 0.6286 0.6286 0.6286 0.6286 0.6286 0.6286 0.6286 
TS12 0.6604 0.6604 0.6604 0.6604 0.6604 0.6604 0.6604 0.6604 0.6604 0.6604 0.6604 0.6604 0.6604 0.6604 0.6604 0.6604 0.6604 0.6604 0.6604 0.6604 0.6604 0.6604 0.6604 0.6604 0.6604 0.6604 0.6604 0.6604 0.6604 0.6604 0.6604 0.6604 
TS13 0.5784 0.5784 0.5784 0.5784 0.5784 0.5784 0.5784 0.5784 0.5784 0.5784 0.5784 0.5784 0.5784 0.5784 0.5784 0.5784 0.5784 0.5784 0.5784 0.5784 0.5784 0.5784 0.5784 0.5784 0.5784 0.5784 0.5784 0.5784 0.5784 0.5784 0.5784 0.5784 
TS14 0.5985 0.5985 0.5985 0.5985 0.5985 0.5985 0.5985 0.5985 0.5985 0.5985 0.5985 0.5985 0.5985 0.5985 0.5985 0.5985 0.5985 0.5985 0.5985 0.5985 0.5985 0.5985 0.5985 0.5985 0.5985 0.5985 0.5985 0.5985 0.5985 0.5985 0.5985 0.5985 
TS15 0.4825 0.4825 0.4825 0.4825 0.4825 0.4825 0.4825 0.4825 0.4825 0.4825 0.4825 0.4825 0.4825 0.4825 0.4825 0.4825 0.4825 0.4825 0.4825 0.4825 0.4825 0.4825 0.4825 0.4825 0.4825 0.4825 0.4825 0.4825 0.4825 0.4825 0.4825 0.4825 
TS16 0.3464 0.3464 0.3464 0.3464 0.3464 0.3464 0.3464 0.3464 0.3464 0.3464 0.3464 0.3464 0.3464 0.3464 0.3464 0.3464 0.3464 0.3464 0.3464 0.3464 0.3464 0.3464 0.3464 0.3464 0.3464 0.3464 0.3464 0.3464 0.3464 0.3464 0.3464 0.3464 
TS17 0.4266 0.4266 0.4266 0.4266 0.4266 0.4266 0.4266 0.4266 0.4266 0.4266 0.4266 0.4266 0.4266 0.4266 0.4266 0.4266 0.4266 0.4266 0.4266 0.4266 0.4266 0.4266 0.4266 0.4266 0.4266 0.4266 0.4266 0.4266 0.4266 0.4266 0.4266 0.4266 
TS18 0.5183 0.5183 0.5183 0.5183 0.5183 0.5183 0.5183 0.5183 0.5183 0.5183 0.5183 0.5183 0.5183 0.5183 0.5183 0.5183 0.5183 0.5183 0.5183 0.5183 0.5183 0.5183 0.5183 0.5183 0.5183 0.5183 0.5183 0.5183 0.5183 0.5183 0.5183 0.5183 
TS19 0.672 0.672 0.672 0.672 0.672 0.672 0.672 0.672 0.672 0.672 0.672 0.672 0.672 0.672 0.672 0.672 0.672 0.672 0.672 0.672 0.672 0.672 0.672 0.672 0.672 0.672 0.672 0.672 0.672 0.672 0.672 0.672 
TS20 0.7216 0.7216 0.7216 0.7216 0.7216 0.7216 0.7216 0.7216 0.7216 0.7216 0.7216 0.7216 0.7216 0.7216 0.7216 0.7216 0.7216 0.7216 0.7216 0.7216 0.7216 0.7216 0.7216 0.7216 0.7216 0.7216 0.7216 0.7216 0.7216 0.7216 0.7216 0.7216 
TS21 0.5383 0.5383 0.5383 0.5383 0.5383 0.5383 0.5383 0.5383 0.5383 0.5383 0.5383 0.5383 0.5383 0.5383 0.5383 0.5383 0.5383 0.5383 0.5383 0.5383 0.5383 0.5383 0.5383 0.5383 0.5383 0.5383 0.5383 0.5383 0.5383 0.5383 0.5383 0.5383 
TS22 0.4093 0.4093 0.4093 0.4093 0.4093 0.4093 0.4093 0.4093 0.4093 0.4093 0.4093 0.4093 0.4093 0.4093 0.4093 0.4093 0.4093 0.4093 0.4093 0.4093 0.4093 0.4093 0.4093 0.4093 0.4093 0.4093 0.4093 0.4093 0.4093 0.4093 0.4093 0.4093 
TS23 0.4684 0.4684 0.4684 0.4684 0.4684 0.4684 0.4684 0.4684 0.4684 0.4684 0.4684 0.4684 0.4684 0.4684 0.4684 0.4684 0.4684 0.4684 0.4684 0.4684 0.4684 0.4684 0.4684 0.4684 0.4684 0.4684 0.4684 0.4684 0.4684 0.4684 0.4684 0.4684 
TS24 0.5427 0.5427 0.5427 0.5427 0.5427 0.5427 0.5427 0.5427 0.5427 0.5427 0.5427 0.5427 0.5427 0.5427 0.5427 0.5427 0.5427 0.5427 0.5427 0.5427 0.5427 0.5427 0.5427 0.5427 0.5427 0.5427 0.5427 0.5427 0.5427 0.5427 0.5427 0.5427 
TS25 0.7611 0.7611 0.7611 0.7611 0.7611 0.7611 0.7611 0.7611 0.7611 0.7611 0.7611 0.7611 0.7611 0.7611 0.7611 0.7611 0.7611 0.7611 0.7611 0.7611 0.7611 0.7611 0.7611 0.7611 0.7611 0.7611 0.7611 0.7611 0.7611 0.7611 0.7611 0.7611 
TS26 0.7923 0.7923 0.7923 0.7923 0.7923 0.7923 0.7923 0.7923 0.7923 0.7923 0.7923 0.7923 0.7923 0.7923 0.7923 0.7923 0.7923 0.7923 0.7923 0.7923 0.7923 0.7923 0.7923 0.7923 0.7923 0.7923 0.7923 0.7923 0.7923 0.7923 0.7923 0.7923 
TS27 0.6678 0.6678 0.6678 0.6678 0.6678 0.6678 0.6678 0.6678 0.6678 0.6678 0.6678 0.6678 0.6678 0.6678 0.6678 0.6678 0.6678 0.6678 0.6678 0.6678 0.6678 0.6678 0.6678 0.6678 0.6678 0.6678 0.6678 0.6678 0.6678 0.6678 0.6678 0.6678 
TS28 0.5037 0.5037 0.5037 0.5037 0.5037 0.5037 0.5037 0.5037 0.5037 0.5037 0.5037 0.5037 0.5037 0.5037 0.5037 0.5037 0.5037 0.5037 0.5037 0.5037 0.5037 0.5037 0.5037 0.5037 0.5037 0.5037 0.5037 0.5037 0.5037 0.5037 0.5037 0.5037 
TS29 0.6119 0.6119 0.6119 0.6119 0.6119 0.6119 0.6119 0.6119 0.6119 0.6119 0.6119 0.6119 0.6119 0.6119 0.6119 0.6119 0.6119 0.6119 0.6119 0.6119 0.6119 0.6119 0.6119 0.6119 0.6119 0.6119 0.6119 0.6119 0.6119 0.6119 0.6119 0.6119 
TS30 0.7102 0.7102 0.7102 0.7102 0.7102 0.7102 0.7102 0.7102 0.7102 0.7102 0.7102 0.7102 0.7102 0.7102 0.7102 0.7102 0.7102 0.7102 0.7102 0.7102 0.7102 0.7102 0.7102 0.7102 0.7102 0.7102 0.7102 0.7102 0.7102 0.7102 0.7102 0.7102 
TS31 0.8062 0.8062 0.8062 0.8062 0.8062 0.8062 0.8062 0.8062 0.8062 0.8062 0.8062 0.8062 0.8062 0.8062 0.8062 0.8062 0.8062 0.8062 0.8062 0.8062 0.8062 0.8062 0.8062 0.8062 0.8062 0.8062 0.8062 0.8062 0.8062 0.8062 0.8062 0.8062 
TS32 0.8201 0.8201 0.8201 0.8201 0.8201 0.8201 0.8201 0.8201 0.8201 0.8201 0.8201 0.8201 0.8201 0.8201 0.8201 0.8201 0.8201 0.8201 0.8201 0.8201 0.8201 0.8201 0.8201 0.8201 0.8201 0.8201 0.8201 0.8201 0.8201 0.8201 0.8201 0.8201 
TS33 0.6889 0.6889 0.6889 0.6889 0.6889 0.6889 0.6889 0.6889 0.6889 0.6889 0.6889 0.6889 0.6889 0.6889 0.6889 0.6889 0.6889 0.6889 0.6889 0.6889 0.6889 0.6889 0.6889 0.6889 0.6889 0.6889 0.6889 0.6889 0.6889 0.6889 0.6889 0.6889 
TS34 0.5014 0.5014 0.5014 0.5014 0.5014 0.5014 0.5014 0.5014 0.5014 0.5014 0.5014 0.5014 0.5014 0.5014 0.5014 0.5014 0.5014 0.5014 0.5014 0.5014 0.5014 0.5014 0.5014 0.5014 0.5014 0.5014 0.5014 0.5014 0.5014 0.5014 0.5014 0.5014 
TS35 0.5971 0.5971 0.5971 0.5971 0.5971 0.5971 0.5971 0.5971 0.5971 0.5971 0.5971 0.5971 0.5971 0.5971 0.5971 0.5971 0.5971 0.5971 0.5971 0.5971 0.5971 0.5971 0.5971 0.5971 0.5971 0.5971 0.5971 0.5971 0.5971 0.5971 0.5971 0.5971 
TS36 0.722 0.722 0.722 0.722 0.722 0.722 0.722 0.722 0.722 0.722 0.722 0.722 0.722 0.722 0.722 0.722 0.722 0.722 0.722 0.722 0.722 0.722 0.722 0.722 0.722 0.722 0.722 0.722 0.722 0.722 0.722 0.722 
TS37 0.7467 0.7467 0.7467 0.7467 0.7467 0.7467 0.7467 0.7467 0.7467 0.7467 0.7467 0.7467 0.7467 0.7467 0.7467 0.7467 0.7467 0.7467 0.7467 0.7467 0.7467 0.7467 0.7467 0.7467 0.7467 0.7467 0.7467 0.7467 0.7467 0.7467 0.7467 0.7467 
TS38 0.7477 0.7477 0.7477 0.7477 0.7477 0.7477 0.7477 0.7477 0.7477 0.7477 0.7477 0.7477 0.7477 0.7477 0.7477 0.7477 0.7477 0.7477 0.7477 0.7477 0.7477 0.7477 0.7477 0.7477 0.7477 0.7477 0.7477 0.7477 0.7477 0.7477 0.7477 0.7477 
TS39 0.7181 0.7181 0.7181 0.7181 0.7181 0.7181 0.7181 0.7181 0.7181 0.7181 0.7181 0.7181 0.7181 0.7181 0.7181 0.7181 0.7181 0.7181 0.7181 0.7181 0.7181 0.7181 0.7181 0.7181 0.7181 0.7181 0.7181 0.7181 0.7181 0.7181 0.7181 0.7181 
TS40 0.6907 0.6907 0.6907 0.6907 0.6907 0.6907 0.6907 0.6907 0.6907 0.6907 0.6907 0.6907 0.6907 0.6907 0.6907 0.6907 0.6907 0.6907 0.6907 0.6907 0.6907 0.6907 0.6907 0.6907 0.6907 0.6907 0.6907 0.6907 0.6907 0.6907 0.6907 0.6907 
TS41 0.7478 0.7478 0.7478 0.7478 0.7478 0.7478 0.7478 0.7478 0.7478 0.7478 0.7478 0.7478 0.7478 0.7478 0.7478 0.7478 0.7478 0.7478 0.7478 0.7478 0.7478 0.7478 0.7478 0.7478 0.7478 0.7478 0.7478 0.7478 0.7478 0.7478 0.7478 0.7478 
TS42 0.7712 0.7712 0.7712 0.7712 0.7712 0.7712 0.7712 0.7712 0.7712 0.7712 0.7712 0.7712 0.7712 0.7712 0.7712 0.7712 0.7712 0.7712 0.7712 0.7712 0.7712 0.7712 0.7712 0.7712 0.7712 0.7712 0.7712 0.7712 0.7712 0.7712 0.7712 0.7712 
TS43 0.7623 0.7623 0.7623 0.7623 0.7623 0.7623 0.7623 0.7623 0.7623 0.7623 0.7623 0.7623 0.7623 0.7623 0.7623 0.7623 0.7623 0.7623 0.7623 0.7623 0.7623 0.7623 0.7623 0.7623 0.7623 0.7623 0.7623 0.7623 0.7623 0.7623 0.7623 0.7623 
TS44 0.7466 0.7466 0.7466 0.7466 0.7466 0.7466 0.7466 0.7466 0.7466 0.7466 0.7466 0.7466 0.7466 0.7466 0.7466 0.7466 0.7466 0.7466 0.7466 0.7466 0.7466 0.7466 0.7466 0.7466 0.7466 0.7466 0.7466 0.7466 0.7466 0.7466 0.7466 0.7466 
TS45 0.7197 0.7197 0.7197 0.7197 0.7197 0.7197 0.7197 0.7197 0.7197 0.7197 0.7197 0.7197 0.7197 0.7197 0.7197 0.7197 0.7197 0.7197 0.7197 0.7197 0.7197 0.7197 0.7197 0.7197 0.7197 0.7197 0.7197 0.7197 0.7197 0.7197 0.7197 0.7197 
TS46 0.684 0.684 0.684 0.684 0.684 0.684 0.684 0.684 0.684 0.684 0.684 0.684 0.684 0.684 0.684 0.684 0.684 0.684 0.684 0.684 0.684 0.684 0.684 0.684 0.684 0.684 0.684 0.684 0.684 0.684 0.684 0.684 
TS47 0.7558 0.7558 0.7558 0.7558 0.7558 0.7558 0.7558 0.7558 0.7558 0.7558 0.7558 0.7558 0.7558 0.7558 0.7558 0.7558 0.7558 0.7558 0.7558 0.7558 0.7558 0.7558 0.7558 0.7558 0.7558 0.7558 0.7558 0.7558 0.7558 0.7558 0.7558 0.7558 
TS48 0.7789 0.7789 0.7789 0.7789 0.7789 0.7789 0.7789 0.7789 0.7789 0.7789 0.7789 0.7789 0.7789 0.7789 0.7789 0.7789 0.7789 0.7789 0.7789 0.7789 0.7789 0.7789 0.7789 0.7789 0.7789 0.7789 0.7789 0.7789 0.7789 0.7789 0.7789 0.7789 
[RE1,PWRWND005,*,*]:
2019 2020 2021 2022 2023 2024 2025 2026 2027 2028 2029 2030 2031 2032 2033 2034 2035 2036 2037 2038 2039 2040 2041 2042 2043 2044 2045 2046 2047 2048 2049 2050 :=
TS01 0.1867 0.1867 0.1867 0.1867 0.1867 0.1867 0.1867 0.1867 0.1867 0.1867 0.1867 0.1867 0.1867 0.1867 0.1867 0.1867 0.1867 0.1867 0.1867 0.1867 0.1867 0.1867 0.1867 0.1867 0.1867 0.1867 0.1867 0.1867 0.1867 0.1867 0.1867 0.1867 
TS02 0.1635 0.1635 0.1635 0.1635 0.1635 0.1635 0.1635 0.1635 0.1635 0.1635 0.1635 0.1635 0.1635 0.1635 0.1635 0.1635 0.1635 0.1635 0.1635 0.1635 0.1635 0.1635 0.1635 0.1635 0.1635 0.1635 0.1635 0.1635 0.1635 0.1635 0.1635 0.1635 
TS03 0.6009 0.6009 0.6009 0.6009 0.6009 0.6009 0.6009 0.6009 0.6009 0.6009 0.6009 0.6009 0.6009 0.6009 0.6009 0.6009 0.6009 0.6009 0.6009 0.6009 0.6009 0.6009 0.6009 0.6009 0.6009 0.6009 0.6009 0.6009 0.6009 0.6009 0.6009 0.6009 
TS04 0.653 0.653 0.653 0.653 0.653 0.653 0.653 0.653 0.653 0.653 0.653 0.653 0.653 0.653 0.653 0.653 0.653 0.653 0.653 0.653 0.653 0.653 0.653 0.653 0.653 0.653 0.653 0.653 0.653 0.653 0.653 0.653 
TS05 0.4742 0.4742 0.4742 0.4742 0.4742 0.4742 0.4742 0.4742 0.4742 0.4742 0.4742 0.4742 0.4742 0.4742 0.4742 0.4742 0.4742 0.4742 0.4742 0.4742 0.4742 0.4742 0.4742 0.4742 0.4742 0.4742 0.4742 0.4742 0.4742 0.4742 0.4742 0.4742 
TS06 0.256 0.256 0.256 0.256 0.256 0.256 0.256 0.256 0.256 0.256 0.256 0.256 0.256 0.256 0.256 0.256 0.256 0.256 0.256 0.256 0.256 0.256 0.256 0.256 0.256 0.256 0.256 0.256 0.256 0.256 0.256 0.256 
TS07 0.2218 0.2218 0.2218 0.2218 0.2218 0.2218 0.2218 0.2218 0.2218 0.2218 0.2218 0.2218 0.2218 0.2218 0.2218 0.2218 0.2218 0.2218 0.2218 0.2218 0.2218 0.2218 0.2218 0.2218 0.2218 0.2218 0.2218 0.2218 0.2218 0.2218 0.2218 0.2218 
TS08 0.1549 0.1549 0.1549 0.1549 0.1549 0.1549 0.1549 0.1549 0.1549 0.1549 0.1549 0.1549 0.1549 0.1549 0.1549 0.1549 0.1549 0.1549 0.1549 0.1549 0.1549 0.1549 0.1549 0.1549 0.1549 0.1549 0.1549 0.1549 0.1549 0.1549 0.1549 0.1549 
TS09 0.5825 0.5825 0.5825 0.5825 0.5825 0.5825 0.5825 0.5825 0.5825 0.5825 0.5825 0.5825 0.5825 0.5825 0.5825 0.5825 0.5825 0.5825 0.5825 0.5825 0.5825 0.5825 0.5825 0.5825 0.5825 0.5825 0.5825 0.5825 0.5825 0.5825 0.5825 0.5825 
TS10 0.6736 0.6736 0.6736 0.6736 0.6736 0.6736 0.6736 0.6736 0.6736 0.6736 0.6736 0.6736 0.6736 0.6736 0.6736 0.6736 0.6736 0.6736 0.6736 0.6736 0.6736 0.6736 0.6736 0.6736 0.6736 0.6736 0.6736 0.6736 0.6736 0.6736 0.6736 0.6736 
TS11 0.4649 0.4649 0.4649 0.4649 0.4649 0.4649 0.4649 0.4649 0.4649 0.4649 0.4649 0.4649 0.4649 0.4649 0.4649 0.4649 0.4649 0.4649 0.4649 0.4649 0.4649 0.4649 0.4649 0.4649 0.4649 0.4649 0.4649 0.4649 0.4649 0.4649 0.4649 0.4649 
TS12 0.2504 0.2504 0.2504 0.2504 0.2504 0.2504 0.2504 0.2504 0.2504 0.2504 0.2504 0.2504 0.2504 0.2504 0.2504 0.2504 0.2504 0.2504 0.2504 0.2504 0.2504 0.2504 0.2504 0.2504 0.2504 0.2504 0.2504 0.2504 0.2504 0.2504 0.2504 0.2504 
TS13 0.3907 0.3907 0.3907 0.3907 0.3907 0.3907 0.3907 0.3907 0.3907 0.3907 0.3907 0.3907 0.3907 0.3907 0.3907 0.3907 0.3907 0.3907 0.3907 0.3907 0.3907 0.3907 0.3907 0.3907 0.3907 0.3907 0.3907 0.3907 0.3907 0.3907 0.3907 0.3907 
TS14 0.3813 0.3813 0.3813 0.3813 0.3813 0.3813 0.3813 0.3813 0.3813 0.3813 0.3813 0.3813 0.3813 0.3813 0.3813 0.3813 0.3813 0.3813 0.3813 0.3813 0.3813 0.3813 0.3813 0.3813 0.3813 0.3813 0.3813 0.3813 0.3813 0.3813 0.3813 0.3813 
TS15 0.4411 0.4411 0.4411 0.4411 0.4411 0.4411 0.4411 0.4411 0.4411 0.4411 0.4411 0.4411 0.4411 0.4411 0.4411 0.4411 0.4411 0.4411 0.4411 0.4411 0.4411 0.4411 0.4411 0.4411 0.4411 0.4411 0.4411 0.4411 0.4411 0.4411 0.4411 0.4411 
TS16 0.4494 0.4494 0.4494 0.4494 0.4494 0.4494 0.4494 0.4494 0.4494 0.4494 0.4494 0.4494 0.4494 0.4494 0.4494 0.4494 0.4494 0.4494 0.4494 0.4494 0.4494 0.4494 0.4494 0.4494 0.4494 0.4494 0.4494 0.4494 0.4494 0.4494 0.4494 0.4494 
TS17 0.4362 0.4362 0.4362 0.4362 0.4362 0.4362 0.4362 0.4362 0.4362 0.4362 0.4362 0.4362 0.4362 0.4362 0.4362 0.4362 0.4362 0.4362 0.4362 0.4362 0.4362 0.4362 0.4362 0.4362 0.4362 0.4362 0.4362 0.4362 0.4362 0.4362 0.4362 0.4362 
TS18 0.3765 0.3765 0.3765 0.3765 0.3765 0.3765 0.3765 0.3765 0.3765 0.3765 0.3765 0.3765 0.3765 0.3765 0.3765 0.3765 0.3765 0.3765 0.3765 0.3765 0.3765 0.3765 0.3765 0.3765 0.3765 0.3765 0.3765 0.3765 0.3765 0.3765 0.3765 0.3765 
TS19 0.3768 0.3768 0.3768 0.3768 0.3768 0.3768 0.3768 0.3768 0.3768 0.3768 0.3768 0.3768 0.3768 0.3768 0.3768 0.3768 0.3768 0.3768 0.3768 0.3768 0.3768 0.3768 0.3768 0.3768 0.3768 0.3768 0.3768 0.3768 0.3768 0.3768 0.3768 0.3768 
TS20 0.3478 0.3478 0.3478 0.3478 0.3478 0.3478 0.3478 0.3478 0.3478 0.3478 0.3478 0.3478 0.3478 0.3478 0.3478 0.3478 0.3478 0.3478 0.3478 0.3478 0.3478 0.3478 0.3478 0.3478 0.3478 0.3478 0.3478 0.3478 0.3478 0.3478 0.3478 0.3478 
TS21 0.3946 0.3946 0.3946 0.3946 0.3946 0.3946 0.3946 0.3946 0.3946 0.3946 0.3946 0.3946 0.3946 0.3946 0.3946 0.3946 0.3946 0.3946 0.3946 0.3946 0.3946 0.3946 0.3946 0.3946 0.3946 0.3946 0.3946 0.3946 0.3946 0.3946 0.3946 0.3946 
TS22 0.4283 0.4283 0.4283 0.4283 0.4283 0.4283 0.4283 0.4283 0.4283 0.4283 0.4283 0.4283 0.4283 0.4283 0.4283 0.4283 0.4283 0.4283 0.4283 0.4283 0.4283 0.4283 0.4283 0.4283 0.4283 0.4283 0.4283 0.4283 0.4283 0.4283 0.4283 0.4283 
TS23 0.4196 0.4196 0.4196 0.4196 0.4196 0.4196 0.4196 0.4196 0.4196 0.4196 0.4196 0.4196 0.4196 0.4196 0.4196 0.4196 0.4196 0.4196 0.4196 0.4196 0.4196 0.4196 0.4196 0.4196 0.4196 0.4196 0.4196 0.4196 0.4196 0.4196 0.4196 0.4196 
TS24 0.3846 0.3846 0.3846 0.3846 0.3846 0.3846 0.3846 0.3846 0.3846 0.3846 0.3846 0.3846 0.3846 0.3846 0.3846 0.3846 0.3846 0.3846 0.3846 0.3846 0.3846 0.3846 0.3846 0.3846 0.3846 0.3846 0.3846 0.3846 0.3846 0.3846 0.3846 0.3846 
TS25 0.6531 0.6531 0.6531 0.6531 0.6531 0.6531 0.6531 0.6531 0.6531 0.6531 0.6531 0.6531 0.6531 0.6531 0.6531 0.6531 0.6531 0.6531 0.6531 0.6531 0.6531 0.6531 0.6531 0.6531 0.6531 0.6531 0.6531 0.6531 0.6531 0.6531 0.6531 0.6531 
TS26 0.5349 0.5349 0.5349 0.5349 0.5349 0.5349 0.5349 0.5349 0.5349 0.5349 0.5349 0.5349 0.5349 0.5349 0.5349 0.5349 0.5349 0.5349 0.5349 0.5349 0.5349 0.5349 0.5349 0.5349 0.5349 0.5349 0.5349 0.5349 0.5349 0.5349 0.5349 0.5349 
TS27 0.4487 0.4487 0.4487 0.4487 0.4487 0.4487 0.4487 0.4487 0.4487 0.4487 0.4487 0.4487 0.4487 0.4487 0.4487 0.4487 0.4487 0.4487 0.4487 0.4487 0.4487 0.4487 0.4487 0.4487 0.4487 0.4487 0.4487 0.4487 0.4487 0.4487 0.4487 0.4487 
TS28 0.5886 0.5886 0.5886 0.5886 0.5886 0.5886 0.5886 0.5886 0.5886 0.5886 0.5886 0.5886 0.5886 0.5886 0.5886 0.5886 0.5886 0.5886 0.5886 0.5886 0.5886 0.5886 0.5886 0.5886 0.5886 0.5886 0.5886 0.5886 0.5886 0.5886 0.5886 0.5886 
TS29 0.6922 0.6922 0.6922 0.6922 0.6922 0.6922 0.6922 0.6922 0.6922 0.6922 0.6922 0.6922 0.6922 0.6922 0.6922 0.6922 0.6922 0.6922 0.6922 0.6922 0.6922 0.6922 0.6922 0.6922 0.6922 0.6922 0.6922 0.6922 0.6922 0.6922 0.6922 0.6922 
TS30 0.7285 0.7285 0.7285 0.7285 0.7285 0.7285 0.7285 0.7285 0.7285 0.7285 0.7285 0.7285 0.7285 0.7285 0.7285 0.7285 0.7285 0.7285 0.7285 0.7285 0.7285 0.7285 0.7285 0.7285 0.7285 0.7285 0.7285 0.7285 0.7285 0.7285 0.7285 0.7285 
TS31 0.6757 0.6757 0.6757 0.6757 0.6757 0.6757 0.6757 0.6757 0.6757 0.6757 0.6757 0.6757 0.6757 0.6757 0.6757 0.6757 0.6757 0.6757 0.6757 0.6757 0.6757 0.6757 0.6757 0.6757 0.6757 0.6757 0.6757 0.6757 0.6757 0.6757 0.6757 0.6757 
TS32 0.5558 0.5558 0.5558 0.5558 0.5558 0.5558 0.5558 0.5558 0.5558 0.5558 0.5558 0.5558 0.5558 0.5558 0.5558 0.5558 0.5558 0.5558 0.5558 0.5558 0.5558 0.5558 0.5558 0.5558 0.5558 0.5558 0.5558 0.5558 0.5558 0.5558 0.5558 0.5558 
TS33 0.4562 0.4562 0.4562 0.4562 0.4562 0.4562 0.4562 0.4562 0.4562 0.4562 0.4562 0.4562 0.4562 0.4562 0.4562 0.4562 0.4562 0.4562 0.4562 0.4562 0.4562 0.4562 0.4562 0.4562 0.4562 0.4562 0.4562 0.4562 0.4562 0.4562 0.4562 0.4562 
TS34 0.5968 0.5968 0.5968 0.5968 0.5968 0.5968 0.5968 0.5968 0.5968 0.5968 0.5968 0.5968 0.5968 0.5968 0.5968 0.5968 0.5968 0.5968 0.5968 0.5968 0.5968 0.5968 0.5968 0.5968 0.5968 0.5968 0.5968 0.5968 0.5968 0.5968 0.5968 0.5968 
TS35 0.703 0.703 0.703 0.703 0.703 0.703 0.703 0.703 0.703 0.703 0.703 0.703 0.703 0.703 0.703 0.703 0.703 0.703 0.703 0.703 0.703 0.703 0.703 0.703 0.703 0.703 0.703 0.703 0.703 0.703 0.703 0.703 
TS36 0.7252 0.7252 0.7252 0.7252 0.7252 0.7252 0.7252 0.7252 0.7252 0.7252 0.7252 0.7252 0.7252 0.7252 0.7252 0.7252 0.7252 0.7252 0.7252 0.7252 0.7252 0.7252 0.7252 0.7252 0.7252 0.7252 0.7252 0.7252 0.7252 0.7252 0.7252 0.7252 
TS37 0.3122 0.3122 0.3122 0.3122 0.3122 0.3122 0.3122 0.3122 0.3122 0.3122 0.3122 0.3122 0.3122 0.3122 0.3122 0.3122 0.3122 0.3122 0.3122 0.3122 0.3122 0.3122 0.3122 0.3122 0.3122 0.3122 0.3122 0.3122 0.3122 0.3122 0.3122 0.3122 
TS38 0.2477 0.2477 0.2477 0.2477 0.2477 0.2477 0.2477 0.2477 0.2477 0.2477 0.2477 0.2477 0.2477 0.2477 0.2477 0.2477 0.2477 0.2477 0.2477 0.2477 0.2477 0.2477 0.2477 0.2477 0.2477 0.2477 0.2477 0.2477 0.2477 0.2477 0.2477 0.2477 
TS39 0.5879 0.5879 0.5879 0.5879 0.5879 0.5879 0.5879 0.5879 0.5879 0.5879 0.5879 0.5879 0.5879 0.5879 0.5879 0.5879 0.5879 0.5879 0.5879 0.5879 0.5879 0.5879 0.5879 0.5879 0.5879 0.5879 0.5879 0.5879 0.5879 0.5879 0.5879 0.5879 
TS40 0.6485 0.6485 0.6485 0.6485 0.6485 0.6485 0.6485 0.6485 0.6485 0.6485 0.6485 0.6485 0.6485 0.6485 0.6485 0.6485 0.6485 0.6485 0.6485 0.6485 0.6485 0.6485 0.6485 0.6485 0.6485 0.6485 0.6485 0.6485 0.6485 0.6485 0.6485 0.6485 
TS41 0.5241 0.5241 0.5241 0.5241 0.5241 0.5241 0.5241 0.5241 0.5241 0.5241 0.5241 0.5241 0.5241 0.5241 0.5241 0.5241 0.5241 0.5241 0.5241 0.5241 0.5241 0.5241 0.5241 0.5241 0.5241 0.5241 0.5241 0.5241 0.5241 0.5241 0.5241 0.5241 
TS42 0.3999 0.3999 0.3999 0.3999 0.3999 0.3999 0.3999 0.3999 0.3999 0.3999 0.3999 0.3999 0.3999 0.3999 0.3999 0.3999 0.3999 0.3999 0.3999 0.3999 0.3999 0.3999 0.3999 0.3999 0.3999 0.3999 0.3999 0.3999 0.3999 0.3999 0.3999 0.3999 
TS43 0.3042 0.3042 0.3042 0.3042 0.3042 0.3042 0.3042 0.3042 0.3042 0.3042 0.3042 0.3042 0.3042 0.3042 0.3042 0.3042 0.3042 0.3042 0.3042 0.3042 0.3042 0.3042 0.3042 0.3042 0.3042 0.3042 0.3042 0.3042 0.3042 0.3042 0.3042 0.3042 
TS44 0.2741 0.2741 0.2741 0.2741 0.2741 0.2741 0.2741 0.2741 0.2741 0.2741 0.2741 0.2741 0.2741 0.2741 0.2741 0.2741 0.2741 0.2741 0.2741 0.2741 0.2741 0.2741 0.2741 0.2741 0.2741 0.2741 0.2741 0.2741 0.2741 0.2741 0.2741 0.2741 
TS45 0.5947 0.5947 0.5947 0.5947 0.5947 0.5947 0.5947 0.5947 0.5947 0.5947 0.5947 0.5947 0.5947 0.5947 0.5947 0.5947 0.5947 0.5947 0.5947 0.5947 0.5947 0.5947 0.5947 0.5947 0.5947 0.5947 0.5947 0.5947 0.5947 0.5947 0.5947 0.5947 
TS46 0.6589 0.6589 0.6589 0.6589 0.6589 0.6589 0.6589 0.6589 0.6589 0.6589 0.6589 0.6589 0.6589 0.6589 0.6589 0.6589 0.6589 0.6589 0.6589 0.6589 0.6589 0.6589 0.6589 0.6589 0.6589 0.6589 0.6589 0.6589 0.6589 0.6589 0.6589 0.6589 
TS47 0.5379 0.5379 0.5379 0.5379 0.5379 0.5379 0.5379 0.5379 0.5379 0.5379 0.5379 0.5379 0.5379 0.5379 0.5379 0.5379 0.5379 0.5379 0.5379 0.5379 0.5379 0.5379 0.5379 0.5379 0.5379 0.5379 0.5379 0.5379 0.5379 0.5379 0.5379 0.5379 
TS48 0.4209 0.4209 0.4209 0.4209 0.4209 0.4209 0.4209 0.4209 0.4209 0.4209 0.4209 0.4209 0.4209 0.4209 0.4209 0.4209 0.4209 0.4209 0.4209 0.4209 0.4209 0.4209 0.4209 0.4209 0.4209 0.4209 0.4209 0.4209 0.4209 0.4209 0.4209 0.4209 
[RE1,PWRWND006,*,*]:
2019 2020 2021 2022 2023 2024 2025 2026 2027 2028 2029 2030 2031 2032 2033 2034 2035 2036 2037 2038 2039 2040 2041 2042 2043 2044 2045 2046 2047 2048 2049 2050 :=
TS01 0.5505 0.5505 0.5505 0.5505 0.5505 0.5505 0.5505 0.5505 0.5505 0.5505 0.5505 0.5505 0.5505 0.5505 0.5505 0.5505 0.5505 0.5505 0.5505 0.5505 0.5505 0.5505 0.5505 0.5505 0.5505 0.5505 0.5505 0.5505 0.5505 0.5505 0.5505 0.5505 
TS02 0.4646 0.4646 0.4646 0.4646 0.4646 0.4646 0.4646 0.4646 0.4646 0.4646 0.4646 0.4646 0.4646 0.4646 0.4646 0.4646 0.4646 0.4646 0.4646 0.4646 0.4646 0.4646 0.4646 0.4646 0.4646 0.4646 0.4646 0.4646 0.4646 0.4646 0.4646 0.4646 
TS03 0.5911 0.5911 0.5911 0.5911 0.5911 0.5911 0.5911 0.5911 0.5911 0.5911 0.5911 0.5911 0.5911 0.5911 0.5911 0.5911 0.5911 0.5911 0.5911 0.5911 0.5911 0.5911 0.5911 0.5911 0.5911 0.5911 0.5911 0.5911 0.5911 0.5911 0.5911 0.5911 
TS04 0.5657 0.5657 0.5657 0.5657 0.5657 0.5657 0.5657 0.5657 0.5657 0.5657 0.5657 0.5657 0.5657 0.5657 0.5657 0.5657 0.5657 0.5657 0.5657 0.5657 0.5657 0.5657 0.5657 0.5657 0.5657 0.5657 0.5657 0.5657 0.5657 0.5657 0.5657 0.5657 
TS05 0.5999 0.5999 0.5999 0.5999 0.5999 0.5999 0.5999 0.5999 0.5999 0.5999 0.5999 0.5999 0.5999 0.5999 0.5999 0.5999 0.5999 0.5999 0.5999 0.5999 0.5999 0.5999 0.5999 0.5999 0.5999 0.5999 0.5999 0.5999 0.5999 0.5999 0.5999 0.5999 
TS06 0.5996 0.5996 0.5996 0.5996 0.5996 0.5996 0.5996 0.5996 0.5996 0.5996 0.5996 0.5996 0.5996 0.5996 0.5996 0.5996 0.5996 0.5996 0.5996 0.5996 0.5996 0.5996 0.5996 0.5996 0.5996 0.5996 0.5996 0.5996 0.5996 0.5996 0.5996 0.5996 
TS07 0.5383 0.5383 0.5383 0.5383 0.5383 0.5383 0.5383 0.5383 0.5383 0.5383 0.5383 0.5383 0.5383 0.5383 0.5383 0.5383 0.5383 0.5383 0.5383 0.5383 0.5383 0.5383 0.5383 0.5383 0.5383 0.5383 0.5383 0.5383 0.5383 0.5383 0.5383 0.5383 
TS08 0.4369 0.4369 0.4369 0.4369 0.4369 0.4369 0.4369 0.4369 0.4369 0.4369 0.4369 0.4369 0.4369 0.4369 0.4369 0.4369 0.4369 0.4369 0.4369 0.4369 0.4369 0.4369 0.4369 0.4369 0.4369 0.4369 0.4369 0.4369 0.4369 0.4369 0.4369 0.4369 
TS09 0.5844 0.5844 0.5844 0.5844 0.5844 0.5844 0.5844 0.5844 0.5844 0.5844 0.5844 0.5844 0.5844 0.5844 0.5844 0.5844 0.5844 0.5844 0.5844 0.5844 0.5844 0.5844 0.5844 0.5844 0.5844 0.5844 0.5844 0.5844 0.5844 0.5844 0.5844 0.5844 
TS10 0.62 0.62 0.62 0.62 0.62 0.62 0.62 0.62 0.62 0.62 0.62 0.62 0.62 0.62 0.62 0.62 0.62 0.62 0.62 0.62 0.62 0.62 0.62 0.62 0.62 0.62 0.62 0.62 0.62 0.62 0.62 0.62 
TS11 0.6385 0.6385 0.6385 0.6385 0.6385 0.6385 0.6385 0.6385 0.6385 0.6385 0.6385 0.6385 0.6385 0.6385 0.6385 0.6385 0.6385 0.6385 0.6385 0.6385 0.6385 0.6385 0.6385 0.6385 0.6385 0.6385 0.6385 0.6385 0.6385 0.6385 0.6385 0.6385 
TS12 0.6332 0.6332 0.6332 0.6332 0.6332 0.6332 0.6332 0.6332 0.6332 0.6332 0.6332 0.6332 0.6332 0.6332 0.6332 0.6332 0.6332 0.6332 0.6332 0.6332 0.6332 0.6332 0.6332 0.6332 0.6332 0.6332 0.6332 0.6332 0.6332 0.6332 0.6332 0.6332 
TS13 0.4363 0.4363 0.4363 0.4363 0.4363 0.4363 0.4363 0.4363 0.4363 0.4363 0.4363 0.4363 0.4363 0.4363 0.4363 0.4363 0.4363 0.4363 0.4363 0.4363 0.4363 0.4363 0.4363 0.4363 0.4363 0.4363 0.4363 0.4363 0.4363 0.4363 0.4363 0.4363 
TS14 0.4389 0.4389 0.4389 0.4389 0.4389 0.4389 0.4389 0.4389 0.4389 0.4389 0.4389 0.4389 0.4389 0.4389 0.4389 0.4389 0.4389 0.4389 0.4389 0.4389 0.4389 0.4389 0.4389 0.4389 0.4389 0.4389 0.4389 0.4389 0.4389 0.4389 0.4389 0.4389 
TS15 0.3506 0.3506 0.3506 0.3506 0.3506 0.3506 0.3506 0.3506 0.3506 0.3506 0.3506 0.3506 0.3506 0.3506 0.3506 0.3506 0.3506 0.3506 0.3506 0.3506 0.3506 0.3506 0.3506 0.3506 0.3506 0.3506 0.3506 0.3506 0.3506 0.3506 0.3506 0.3506 
TS16 0.3286 0.3286 0.3286 0.3286 0.3286 0.3286 0.3286 0.3286 0.3286 0.3286 0.3286 0.3286 0.3286 0.3286 0.3286 0.3286 0.3286 0.3286 0.3286 0.3286 0.3286 0.3286 0.3286 0.3286 0.3286 0.3286 0.3286 0.3286 0.3286 0.3286 0.3286 0.3286 
TS17 0.4151 0.4151 0.4151 0.4151 0.4151 0.4151 0.4151 0.4151 0.4151 0.4151 0.4151 0.4151 0.4151 0.4151 0.4151 0.4151 0.4151 0.4151 0.4151 0.4151 0.4151 0.4151 0.4151 0.4151 0.4151 0.4151 0.4151 0.4151 0.4151 0.4151 0.4151 0.4151 
TS18 0.446 0.446 0.446 0.446 0.446 0.446 0.446 0.446 0.446 0.446 0.446 0.446 0.446 0.446 0.446 0.446 0.446 0.446 0.446 0.446 0.446 0.446 0.446 0.446 0.446 0.446 0.446 0.446 0.446 0.446 0.446 0.446 
TS19 0.4874 0.4874 0.4874 0.4874 0.4874 0.4874 0.4874 0.4874 0.4874 0.4874 0.4874 0.4874 0.4874 0.4874 0.4874 0.4874 0.4874 0.4874 0.4874 0.4874 0.4874 0.4874 0.4874 0.4874 0.4874 0.4874 0.4874 0.4874 0.4874 0.4874 0.4874 0.4874 
TS20 0.4645 0.4645 0.4645 0.4645 0.4645 0.4645 0.4645 0.4645 0.4645 0.4645 0.4645 0.4645 0.4645 0.4645 0.4645 0.4645 0.4645 0.4645 0.4645 0.4645 0.4645 0.4645 0.4645 0.4645 0.4645 0.4645 0.4645 0.4645 0.4645 0.4645 0.4645 0.4645 
TS21 0.3713 0.3713 0.3713 0.3713 0.3713 0.3713 0.3713 0.3713 0.3713 0.3713 0.3713 0.3713 0.3713 0.3713 0.3713 0.3713 0.3713 0.3713 0.3713 0.3713 0.3713 0.3713 0.3713 0.3713 0.3713 0.3713 0.3713 0.3713 0.3713 0.3713 0.3713 0.3713 
TS22 0.3556 0.3556 0.3556 0.3556 0.3556 0.3556 0.3556 0.3556 0.3556 0.3556 0.3556 0.3556 0.3556 0.3556 0.3556 0.3556 0.3556 0.3556 0.3556 0.3556 0.3556 0.3556 0.3556 0.3556 0.3556 0.3556 0.3556 0.3556 0.3556 0.3556 0.3556 0.3556 
TS23 0.4238 0.4238 0.4238 0.4238 0.4238 0.4238 0.4238 0.4238 0.4238 0.4238 0.4238 0.4238 0.4238 0.4238 0.4238 0.4238 0.4238 0.4238 0.4238 0.4238 0.4238 0.4238 0.4238 0.4238 0.4238 0.4238 0.4238 0.4238 0.4238 0.4238 0.4238 0.4238 
TS24 0.4802 0.4802 0.4802 0.4802 0.4802 0.4802 0.4802 0.4802 0.4802 0.4802 0.4802 0.4802 0.4802 0.4802 0.4802 0.4802 0.4802 0.4802 0.4802 0.4802 0.4802 0.4802 0.4802 0.4802 0.4802 0.4802 0.4802 0.4802 0.4802 0.4802 0.4802 0.4802 
TS25 0.7162 0.7162 0.7162 0.7162 0.7162 0.7162 0.7162 0.7162 0.7162 0.7162 0.7162 0.7162 0.7162 0.7162 0.7162 0.7162 0.7162 0.7162 0.7162 0.7162 0.7162 0.7162 0.7162 0.7162 0.7162 0.7162 0.7162 0.7162 0.7162 0.7162 0.7162 0.7162 
TS26 0.7081 0.7081 0.7081 0.7081 0.7081 0.7081 0.7081 0.7081 0.7081 0.7081 0.7081 0.7081 0.7081 0.7081 0.7081 0.7081 0.7081 0.7081 0.7081 0.7081 0.7081 0.7081 0.7081 0.7081 0.7081 0.7081 0.7081 0.7081 0.7081 0.7081 0.7081 0.7081 
TS27 0.5542 0.5542 0.5542 0.5542 0.5542 0.5542 0.5542 0.5542 0.5542 0.5542 0.5542 0.5542 0.5542 0.5542 0.5542 0.5542 0.5542 0.5542 0.5542 0.5542 0.5542 0.5542 0.5542 0.5542 0.5542 0.5542 0.5542 0.5542 0.5542 0.5542 0.5542 0.5542 
TS28 0.4685 0.4685 0.4685 0.4685 0.4685 0.4685 0.4685 0.4685 0.4685 0.4685 0.4685 0.4685 0.4685 0.4685 0.4685 0.4685 0.4685 0.4685 0.4685 0.4685 0.4685 0.4685 0.4685 0.4685 0.4685 0.4685 0.4685 0.4685 0.4685 0.4685 0.4685 0.4685 
TS29 0.5904 0.5904 0.5904 0.5904 0.5904 0.5904 0.5904 0.5904 0.5904 0.5904 0.5904 0.5904 0.5904 0.5904 0.5904 0.5904 0.5904 0.5904 0.5904 0.5904 0.5904 0.5904 0.5904 0.5904 0.5904 0.5904 0.5904 0.5904 0.5904 0.5904 0.5904 0.5904 
TS30 0.6846 0.6846 0.6846 0.6846 0.6846 0.6846 0.6846 0.6846 0.6846 0.6846 0.6846 0.6846 0.6846 0.6846 0.6846 0.6846 0.6846 0.6846 0.6846 0.6846 0.6846 0.6846 0.6846 0.6846 0.6846 0.6846 0.6846 0.6846 0.6846 0.6846 0.6846 0.6846 
TS31 0.7417 0.7417 0.7417 0.7417 0.7417 0.7417 0.7417 0.7417 0.7417 0.7417 0.7417 0.7417 0.7417 0.7417 0.7417 0.7417 0.7417 0.7417 0.7417 0.7417 0.7417 0.7417 0.7417 0.7417 0.7417 0.7417 0.7417 0.7417 0.7417 0.7417 0.7417 0.7417 
TS32 0.7445 0.7445 0.7445 0.7445 0.7445 0.7445 0.7445 0.7445 0.7445 0.7445 0.7445 0.7445 0.7445 0.7445 0.7445 0.7445 0.7445 0.7445 0.7445 0.7445 0.7445 0.7445 0.7445 0.7445 0.7445 0.7445 0.7445 0.7445 0.7445 0.7445 0.7445 0.7445 
TS33 0.5656 0.5656 0.5656 0.5656 0.5656 0.5656 0.5656 0.5656 0.5656 0.5656 0.5656 0.5656 0.5656 0.5656 0.5656 0.5656 0.5656 0.5656 0.5656 0.5656 0.5656 0.5656 0.5656 0.5656 0.5656 0.5656 0.5656 0.5656 0.5656 0.5656 0.5656 0.5656 
TS34 0.4528 0.4528 0.4528 0.4528 0.4528 0.4528 0.4528 0.4528 0.4528 0.4528 0.4528 0.4528 0.4528 0.4528 0.4528 0.4528 0.4528 0.4528 0.4528 0.4528 0.4528 0.4528 0.4528 0.4528 0.4528 0.4528 0.4528 0.4528 0.4528 0.4528 0.4528 0.4528 
TS35 0.5624 0.5624 0.5624 0.5624 0.5624 0.5624 0.5624 0.5624 0.5624 0.5624 0.5624 0.5624 0.5624 0.5624 0.5624 0.5624 0.5624 0.5624 0.5624 0.5624 0.5624 0.5624 0.5624 0.5624 0.5624 0.5624 0.5624 0.5624 0.5624 0.5624 0.5624 0.5624 
TS36 0.6803 0.6803 0.6803 0.6803 0.6803 0.6803 0.6803 0.6803 0.6803 0.6803 0.6803 0.6803 0.6803 0.6803 0.6803 0.6803 0.6803 0.6803 0.6803 0.6803 0.6803 0.6803 0.6803 0.6803 0.6803 0.6803 0.6803 0.6803 0.6803 0.6803 0.6803 0.6803 
TS37 0.6735 0.6735 0.6735 0.6735 0.6735 0.6735 0.6735 0.6735 0.6735 0.6735 0.6735 0.6735 0.6735 0.6735 0.6735 0.6735 0.6735 0.6735 0.6735 0.6735 0.6735 0.6735 0.6735 0.6735 0.6735 0.6735 0.6735 0.6735 0.6735 0.6735 0.6735 0.6735 
TS38 0.6232 0.6232 0.6232 0.6232 0.6232 0.6232 0.6232 0.6232 0.6232 0.6232 0.6232 0.6232 0.6232 0.6232 0.6232 0.6232 0.6232 0.6232 0.6232 0.6232 0.6232 0.6232 0.6232 0.6232 0.6232 0.6232 0.6232 0.6232 0.6232 0.6232 0.6232 0.6232 
TS39 0.6948 0.6948 0.6948 0.6948 0.6948 0.6948 0.6948 0.6948 0.6948 0.6948 0.6948 0.6948 0.6948 0.6948 0.6948 0.6948 0.6948 0.6948 0.6948 0.6948 0.6948 0.6948 0.6948 0.6948 0.6948 0.6948 0.6948 0.6948 0.6948 0.6948 0.6948 0.6948 
TS40 0.7316 0.7316 0.7316 0.7316 0.7316 0.7316 0.7316 0.7316 0.7316 0.7316 0.7316 0.7316 0.7316 0.7316 0.7316 0.7316 0.7316 0.7316 0.7316 0.7316 0.7316 0.7316 0.7316 0.7316 0.7316 0.7316 0.7316 0.7316 0.7316 0.7316 0.7316 0.7316 
TS41 0.7663 0.7663 0.7663 0.7663 0.7663 0.7663 0.7663 0.7663 0.7663 0.7663 0.7663 0.7663 0.7663 0.7663 0.7663 0.7663 0.7663 0.7663 0.7663 0.7663 0.7663 0.7663 0.7663 0.7663 0.7663 0.7663 0.7663 0.7663 0.7663 0.7663 0.7663 0.7663 
TS42 0.7633 0.7633 0.7633 0.7633 0.7633 0.7633 0.7633 0.7633 0.7633 0.7633 0.7633 0.7633 0.7633 0.7633 0.7633 0.7633 0.7633 0.7633 0.7633 0.7633 0.7633 0.7633 0.7633 0.7633 0.7633 0.7633 0.7633 0.7633 0.7633 0.7633 0.7633 0.7633 
TS43 0.6642 0.6642 0.6642 0.6642 0.6642 0.6642 0.6642 0.6642 0.6642 0.6642 0.6642 0.6642 0.6642 0.6642 0.6642 0.6642 0.6642 0.6642 0.6642 0.6642 0.6642 0.6642 0.6642 0.6642 0.6642 0.6642 0.6642 0.6642 0.6642 0.6642 0.6642 0.6642 
TS44 0.5586 0.5586 0.5586 0.5586 0.5586 0.5586 0.5586 0.5586 0.5586 0.5586 0.5586 0.5586 0.5586 0.5586 0.5586 0.5586 0.5586 0.5586 0.5586 0.5586 0.5586 0.5586 0.5586 0.5586 0.5586 0.5586 0.5586 0.5586 0.5586 0.5586 0.5586 0.5586 
TS45 0.6745 0.6745 0.6745 0.6745 0.6745 0.6745 0.6745 0.6745 0.6745 0.6745 0.6745 0.6745 0.6745 0.6745 0.6745 0.6745 0.6745 0.6745 0.6745 0.6745 0.6745 0.6745 0.6745 0.6745 0.6745 0.6745 0.6745 0.6745 0.6745 0.6745 0.6745 0.6745 
TS46 0.7486 0.7486 0.7486 0.7486 0.7486 0.7486 0.7486 0.7486 0.7486 0.7486 0.7486 0.7486 0.7486 0.7486 0.7486 0.7486 0.7486 0.7486 0.7486 0.7486 0.7486 0.7486 0.7486 0.7486 0.7486 0.7486 0.7486 0.7486 0.7486 0.7486 0.7486 0.7486 
TS47 0.8008 0.8008 0.8008 0.8008 0.8008 0.8008 0.8008 0.8008 0.8008 0.8008 0.8008 0.8008 0.8008 0.8008 0.8008 0.8008 0.8008 0.8008 0.8008 0.8008 0.8008 0.8008 0.8008 0.8008 0.8008 0.8008 0.8008 0.8008 0.8008 0.8008 0.8008 0.8008 
TS48 0.7879 0.7879 0.7879 0.7879 0.7879 0.7879 0.7879 0.7879 0.7879 0.7879 0.7879 0.7879 0.7879 0.7879 0.7879 0.7879 0.7879 0.7879 0.7879 0.7879 0.7879 0.7879 0.7879 0.7879 0.7879 0.7879 0.7879 0.7879 0.7879 0.7879 0.7879 0.7879 
[RE1,PWRWND007,*,*]:
2019 2020 2021 2022 2023 2024 2025 2026 2027 2028 2029 2030 2031 2032 2033 2034 2035 2036 2037 2038 2039 2040 2041 2042 2043 2044 2045 2046 2047 2048 2049 2050 :=
TS01 0.3045 0.3045 0.3045 0.3045 0.3045 0.3045 0.3045 0.3045 0.3045 0.3045 0.3045 0.3045 0.3045 0.3045 0.3045 0.3045 0.3045 0.3045 0.3045 0.3045 0.3045 0.3045 0.3045 0.3045 0.3045 0.3045 0.3045 0.3045 0.3045 0.3045 0.3045 0.3045 
TS02 0.3701 0.3701 0.3701 0.3701 0.3701 0.3701 0.3701 0.3701 0.3701 0.3701 0.3701 0.3701 0.3701 0.3701 0.3701 0.3701 0.3701 0.3701 0.3701 0.3701 0.3701 0.3701 0.3701 0.3701 0.3701 0.3701 0.3701 0.3701 0.3701 0.3701 0.3701 0.3701 
TS03 0.289 0.289 0.289 0.289 0.289 0.289 0.289 0.289 0.289 0.289 0.289 0.289 0.289 0.289 0.289 0.289 0.289 0.289 0.289 0.289 0.289 0.289 0.289 0.289 0.289 0.289 0.289 0.289 0.289 0.289 0.289 0.289 
TS04 0.2595 0.2595 0.2595 0.2595 0.2595 0.2595 0.2595 0.2595 0.2595 0.2595 0.2595 0.2595 0.2595 0.2595 0.2595 0.2595 0.2595 0.2595 0.2595 0.2595 0.2595 0.2595 0.2595 0.2595 0.2595 0.2595 0.2595 0.2595 0.2595 0.2595 0.2595 0.2595 
TS05 0.3333 0.3333 0.3333 0.3333 0.3333 0.3333 0.3333 0.3333 0.3333 0.3333 0.3333 0.3333 0.3333 0.3333 0.3333 0.3333 0.3333 0.3333 0.3333 0.3333 0.3333 0.3333 0.3333 0.3333 0.3333 0.3333 0.3333 0.3333 0.3333 0.3333 0.3333 0.3333 
TS06 0.2953 0.2953 0.2953 0.2953 0.2953 0.2953 0.2953 0.2953 0.2953 0.2953 0.2953 0.2953 0.2953 0.2953 0.2953 0.2953 0.2953 0.2953 0.2953 0.2953 0.2953 0.2953 0.2953 0.2953 0.2953 0.2953 0.2953 0.2953 0.2953 0.2953 0.2953 0.2953 
TS07 0.302 0.302 0.302 0.302 0.302 0.302 0.302 0.302 0.302 0.302 0.302 0.302 0.302 0.302 0.302 0.302 0.302 0.302 0.302 0.302 0.302 0.302 0.302 0.302 0.302 0.302 0.302 0.302 0.302 0.302 0.302 0.302 
TS08 0.3655 0.3655 0.3655 0.3655 0.3655 0.3655 0.3655 0.3655 0.3655 0.3655 0.3655 0.3655 0.3655 0.3655 0.3655 0.3655 0.3655 0.3655 0.3655 0.3655 0.3655 0.3655 0.3655 0.3655 0.3655 0.3655 0.3655 0.3655 0.3655 0.3655 0.3655 0.3655 
TS09 0.2836 0.2836 0.2836 0.2836 0.2836 0.2836 0.2836 0.2836 0.2836 0.2836 0.2836 0.2836 0.2836 0.2836 0.2836 0.2836 0.2836 0.2836 0.2836 0.2836 0.2836 0.2836 0.2836 0.2836 0.2836 0.2836 0.2836 0.2836 0.2836 0.2836 0.2836 0.2836 
TS10 0.2665 0.2665 0.2665 0.2665 0.2665 0.2665 0.2665 0.2665 0.2665 0.2665 0.2665 0.2665 0.2665 0.2665 0.2665 0.2665 0.2665 0.2665 0.2665 0.2665 0.2665 0.2665 0.2665 0.2665 0.2665 0.2665 0.2665 0.2665 0.2665 0.2665 0.2665 0.2665 
TS11 0.3333 0.3333 0.3333 0.3333 0.3333 0.3333 0.3333 0.3333 0.3333 0.3333 0.3333 0.3333 0.3333 0.3333 0.3333 0.3333 0.3333 0.3333 0.3333 0.3333 0.3333 0.3333 0.3333 0.3333 0.3333 0.3333 0.3333 0.3333 0.3333 0.3333 0.3333 0.3333 
TS12 0.2661 0.2661 0.2661 0.2661 0.2661 0.2661 0.2661 0.2661 0.2661 0.2661 0.2661 0.2661 0.2661 0.2661 0.2661 0.2661 0.2661 0.2661 0.2661 0.2661 0.2661 0.2661 0.2661 0.2661 0.2661 0.2661 0.2661 0.2661 0.2661 0.2661 0.2661 0.2661 
TS13 0.3901 0.3901 0.3901 0.3901 0.3901 0.3901 0.3901 0.3901 0.3901 0.3901 0.3901 0.3901 0.3901 0.3901 0.3901 0.3901 0.3901 0.3901 0.3901 0.3901 0.3901 0.3901 0.3901 0.3901 0.3901 0.3901 0.3901 0.3901 0.3901 0.3901 0.3901 0.3901 
TS14 0.3588 0.3588 0.3588 0.3588 0.3588 0.3588 0.3588 0.3588 0.3588 0.3588 0.3588 0.3588 0.3588 0.3588 0.3588 0.3588 0.3588 0.3588 0.3588 0.3588 0.3588 0.3588 0.3588 0.3588 0.3588 0.3588 0.3588 0.3588 0.3588 0.3588 0.3588 0.3588 
TS15 0.4243 0.4243 0.4243 0.4243 0.4243 0.4243 0.4243 0.4243 0.4243 0.4243 0.4243 0.4243 0.4243 0.4243 0.4243 0.4243 0.4243 0.4243 0.4243 0.4243 0.4243 0.4243 0.4243 0.4243 0.4243 0.4243 0.4243 0.4243 0.4243 0.4243 0.4243 0.4243 
TS16 0.384 0.384 0.384 0.384 0.384 0.384 0.384 0.384 0.384 0.384 0.384 0.384 0.384 0.384 0.384 0.384 0.384 0.384 0.384 0.384 0.384 0.384 0.384 0.384 0.384 0.384 0.384 0.384 0.384 0.384 0.384 0.384 
TS17 0.3969 0.3969 0.3969 0.3969 0.3969 0.3969 0.3969 0.3969 0.3969 0.3969 0.3969 0.3969 0.3969 0.3969 0.3969 0.3969 0.3969 0.3969 0.3969 0.3969 0.3969 0.3969 0.3969 0.3969 0.3969 0.3969 0.3969 0.3969 0.3969 0.3969 0.3969 0.3969 
TS18 0.4169 0.4169 0.4169 0.4169 0.4169 0.4169 0.4169 0.4169 0.4169 0.4169 0.4169 0.4169 0.4169 0.4169 0.4169 0.4169 0.4169 0.4169 0.4169 0.4169 0.4169 0.4169 0.4169 0.4169 0.4169 0.4169 0.4169 0.4169 0.4169 0.4169 0.4169 0.4169 
TS19 0.4199 0.4199 0.4199 0.4199 0.4199 0.4199 0.4199 0.4199 0.4199 0.4199 0.4199 0.4199 0.4199 0.4199 0.4199 0.4199 0.4199 0.4199 0.4199 0.4199 0.4199 0.4199 0.4199 0.4199 0.4199 0.4199 0.4199 0.4199 0.4199 0.4199 0.4199 0.4199 
TS20 0.3748 0.3748 0.3748 0.3748 0.3748 0.3748 0.3748 0.3748 0.3748 0.3748 0.3748 0.3748 0.3748 0.3748 0.3748 0.3748 0.3748 0.3748 0.3748 0.3748 0.3748 0.3748 0.3748 0.3748 0.3748 0.3748 0.3748 0.3748 0.3748 0.3748 0.3748 0.3748 
TS21 0.4644 0.4644 0.4644 0.4644 0.4644 0.4644 0.4644 0.4644 0.4644 0.4644 0.4644 0.4644 0.4644 0.4644 0.4644 0.4644 0.4644 0.4644 0.4644 0.4644 0.4644 0.4644 0.4644 0.4644 0.4644 0.4644 0.4644 0.4644 0.4644 0.4644 0.4644 0.4644 
TS22 0.4034 0.4034 0.4034 0.4034 0.4034 0.4034 0.4034 0.4034 0.4034 0.4034 0.4034 0.4034 0.4034 0.4034 0.4034 0.4034 0.4034 0.4034 0.4034 0.4034 0.4034 0.4034 0.4034 0.4034 0.4034 0.4034 0.4034 0.4034 0.4034 0.4034 0.4034 0.4034 
TS23 0.3968 0.3968 0.3968 0.3968 0.3968 0.3968 0.3968 0.3968 0.3968 0.3968 0.3968 0.3968 0.3968 0.3968 0.3968 0.3968 0.3968 0.3968 0.3968 0.3968 0.3968 0.3968 0.3968 0.3968 0.3968 0.3968 0.3968 0.3968 0.3968 0.3968 0.3968 0.3968 
TS24 0.4434 0.4434 0.4434 0.4434 0.4434 0.4434 0.4434 0.4434 0.4434 0.4434 0.4434 0.4434 0.4434 0.4434 0.4434 0.4434 0.4434 0.4434 0.4434 0.4434 0.4434 0.4434 0.4434 0.4434 0.4434 0.4434 0.4434 0.4434 0.4434 0.4434 0.4434 0.4434 
TS25 0.754 0.754 0.754 0.754 0.754 0.754 0.754 0.754 0.754 0.754 0.754 0.754 0.754 0.754 0.754 0.754 0.754 0.754 0.754 0.754 0.754 0.754 0.754 0.754 0.754 0.754 0.754 0.754 0.754 0.754 0.754 0.754 
TS26 0.7276 0.7276 0.7276 0.7276 0.7276 0.7276 0.7276 0.7276 0.7276 0.7276 0.7276 0.7276 0.7276 0.7276 0.7276 0.7276 0.7276 0.7276 0.7276 0.7276 0.7276 0.7276 0.7276 0.7276 0.7276 0.7276 0.7276 0.7276 0.7276 0.7276 0.7276 0.7276 
TS27 0.746 0.746 0.746 0.746 0.746 0.746 0.746 0.746 0.746 0.746 0.746 0.746 0.746 0.746 0.746 0.746 0.746 0.746 0.746 0.746 0.746 0.746 0.746 0.746 0.746 0.746 0.746 0.746 0.746 0.746 0.746 0.746 
TS28 0.7071 0.7071 0.7071 0.7071 0.7071 0.7071 0.7071 0.7071 0.7071 0.7071 0.7071 0.7071 0.7071 0.7071 0.7071 0.7071 0.7071 0.7071 0.7071 0.7071 0.7071 0.7071 0.7071 0.7071 0.7071 0.7071 0.7071 0.7071 0.7071 0.7071 0.7071 0.7071 
TS29 0.728 0.728 0.728 0.728 0.728 0.728 0.728 0.728 0.728 0.728 0.728 0.728 0.728 0.728 0.728 0.728 0.728 0.728 0.728 0.728 0.728 0.728 0.728 0.728 0.728 0.728 0.728 0.728 0.728 0.728 0.728 0.728 
TS30 0.7463 0.7463 0.7463 0.7463 0.7463 0.7463 0.7463 0.7463 0.7463 0.7463 0.7463 0.7463 0.7463 0.7463 0.7463 0.7463 0.7463 0.7463 0.7463 0.7463 0.7463 0.7463 0.7463 0.7463 0.7463 0.7463 0.7463 0.7463 0.7463 0.7463 0.7463 0.7463 
TS31 0.7607 0.7607 0.7607 0.7607 0.7607 0.7607 0.7607 0.7607 0.7607 0.7607 0.7607 0.7607 0.7607 0.7607 0.7607 0.7607 0.7607 0.7607 0.7607 0.7607 0.7607 0.7607 0.7607 0.7607 0.7607 0.7607 0.7607 0.7607 0.7607 0.7607 0.7607 0.7607 
TS32 0.7323 0.7323 0.7323 0.7323 0.7323 0.7323 0.7323 0.7323 0.7323 0.7323 0.7323 0.7323 0.7323 0.7323 0.7323 0.7323 0.7323 0.7323 0.7323 0.7323 0.7323 0.7323 0.7323 0.7323 0.7323 0.7323 0.7323 0.7323 0.7323 0.7323 0.7323 0.7323 
TS33 0.7609 0.7609 0.7609 0.7609 0.7609 0.7609 0.7609 0.7609 0.7609 0.7609 0.7609 0.7609 0.7609 0.7609 0.7609 0.7609 0.7609 0.7609 0.7609 0.7609 0.7609 0.7609 0.7609 0.7609 0.7609 0.7609 0.7609 0.7609 0.7609 0.7609 0.7609 0.7609 
TS34 0.7302 0.7302 0.7302 0.7302 0.7302 0.7302 0.7302 0.7302 0.7302 0.7302 0.7302 0.7302 0.7302 0.7302 0.7302 0.7302 0.7302 0.7302 0.7302 0.7302 0.7302 0.7302 0.7302 0.7302 0.7302 0.7302 0.7302 0.7302 0.7302 0.7302 0.7302 0.7302 
TS35 0.7478 0.7478 0.7478 0.7478 0.7478 0.7478 0.7478 0.7478 0.7478 0.7478 0.7478 0.7478 0.7478 0.7478 0.7478 0.7478 0.7478 0.7478 0.7478 0.7478 0.7478 0.7478 0.7478 0.7478 0.7478 0.7478 0.7478 0.7478 0.7478 0.7478 0.7478 0.7478 
TS36 0.7607 0.7607 0.7607 0.7607 0.7607 0.7607 0.7607 0.7607 0.7607 0.7607 0.7607 0.7607 0.7607 0.7607 0.7607 0.7607 0.7607 0.7607 0.7607 0.7607 0.7607 0.7607 0.7607 0.7607 0.7607 0.7607 0.7607 0.7607 0.7607 0.7607 0.7607 0.7607 
TS37 0.3902 0.3902 0.3902 0.3902 0.3902 0.3902 0.3902 0.3902 0.3902 0.3902 0.3902 0.3902 0.3902 0.3902 0.3902 0.3902 0.3902 0.3902 0.3902 0.3902 0.3902 0.3902 0.3902 0.3902 0.3902 0.3902 0.3902 0.3902 0.3902 0.3902 0.3902 0.3902 
TS38 0.3918 0.3918 0.3918 0.3918 0.3918 0.3918 0.3918 0.3918 0.3918 0.3918 0.3918 0.3918 0.3918 0.3918 0.3918 0.3918 0.3918 0.3918 0.3918 0.3918 0.3918 0.3918 0.3918 0.3918 0.3918 0.3918 0.3918 0.3918 0.3918 0.3918 0.3918 0.3918 
TS39 0.3818 0.3818 0.3818 0.3818 0.3818 0.3818 0.3818 0.3818 0.3818 0.3818 0.3818 0.3818 0.3818 0.3818 0.3818 0.3818 0.3818 0.3818 0.3818 0.3818 0.3818 0.3818 0.3818 0.3818 0.3818 0.3818 0.3818 0.3818 0.3818 0.3818 0.3818 0.3818 
TS40 0.3793 0.3793 0.3793 0.3793 0.3793 0.3793 0.3793 0.3793 0.3793 0.3793 0.3793 0.3793 0.3793 0.3793 0.3793 0.3793 0.3793 0.3793 0.3793 0.3793 0.3793 0.3793 0.3793 0.3793 0.3793 0.3793 0.3793 0.3793 0.3793 0.3793 0.3793 0.3793 
TS41 0.3809 0.3809 0.3809 0.3809 0.3809 0.3809 0.3809 0.3809 0.3809 0.3809 0.3809 0.3809 0.3809 0.3809 0.3809 0.3809 0.3809 0.3809 0.3809 0.3809 0.3809 0.3809 0.3809 0.3809 0.3809 0.3809 0.3809 0.3809 0.3809 0.3809 0.3809 0.3809 
TS42 0.3777 0.3777 0.3777 0.3777 0.3777 0.3777 0.3777 0.3777 0.3777 0.3777 0.3777 0.3777 0.3777 0.3777 0.3777 0.3777 0.3777 0.3777 0.3777 0.3777 0.3777 0.3777 0.3777 0.3777 0.3777 0.3777 0.3777 0.3777 0.3777 0.3777 0.3777 0.3777 
TS43 0.3947 0.3947 0.3947 0.3947 0.3947 0.3947 0.3947 0.3947 0.3947 0.3947 0.3947 0.3947 0.3947 0.3947 0.3947 0.3947 0.3947 0.3947 0.3947 0.3947 0.3947 0.3947 0.3947 0.3947 0.3947 0.3947 0.3947 0.3947 0.3947 0.3947 0.3947 0.3947 
TS44 0.4301 0.4301 0.4301 0.4301 0.4301 0.4301 0.4301 0.4301 0.4301 0.4301 0.4301 0.4301 0.4301 0.4301 0.4301 0.4301 0.4301 0.4301 0.4301 0.4301 0.4301 0.4301 0.4301 0.4301 0.4301 0.4301 0.4301 0.4301 0.4301 0.4301 0.4301 0.4301 
TS45 0.3909 0.3909 0.3909 0.3909 0.3909 0.3909 0.3909 0.3909 0.3909 0.3909 0.3909 0.3909 0.3909 0.3909 0.3909 0.3909 0.3909 0.3909 0.3909 0.3909 0.3909 0.3909 0.3909 0.3909 0.3909 0.3909 0.3909 0.3909 0.3909 0.3909 0.3909 0.3909 
TS46 0.3841 0.3841 0.3841 0.3841 0.3841 0.3841 0.3841 0.3841 0.3841 0.3841 0.3841 0.3841 0.3841 0.3841 0.3841 0.3841 0.3841 0.3841 0.3841 0.3841 0.3841 0.3841 0.3841 0.3841 0.3841 0.3841 0.3841 0.3841 0.3841 0.3841 0.3841 0.3841 
TS47 0.3879 0.3879 0.3879 0.3879 0.3879 0.3879 0.3879 0.3879 0.3879 0.3879 0.3879 0.3879 0.3879 0.3879 0.3879 0.3879 0.3879 0.3879 0.3879 0.3879 0.3879 0.3879 0.3879 0.3879 0.3879 0.3879 0.3879 0.3879 0.3879 0.3879 0.3879 0.3879 
TS48 0.3708 0.3708 0.3708 0.3708 0.3708 0.3708 0.3708 0.3708 0.3708 0.3708 0.3708 0.3708 0.3708 0.3708 0.3708 0.3708 0.3708 0.3708 0.3708 0.3708 0.3708 0.3708 0.3708 0.3708 0.3708 0.3708 0.3708 0.3708 0.3708 0.3708 0.3708 0.3708 
[RE1,PWRWND008,*,*]:
2019 2020 2021 2022 2023 2024 2025 2026 2027 2028 2029 2030 2031 2032 2033 2034 2035 2036 2037 2038 2039 2040 2041 2042 2043 2044 2045 2046 2047 2048 2049 2050 :=
TS01 0.4448 0.4448 0.4448 0.4448 0.4448 0.4448 0.4448 0.4448 0.4448 0.4448 0.4448 0.4448 0.4448 0.4448 0.4448 0.4448 0.4448 0.4448 0.4448 0.4448 0.4448 0.4448 0.4448 0.4448 0.4448 0.4448 0.4448 0.4448 0.4448 0.4448 0.4448 0.4448 
TS02 0.2701 0.2701 0.2701 0.2701 0.2701 0.2701 0.2701 0.2701 0.2701 0.2701 0.2701 0.2701 0.2701 0.2701 0.2701 0.2701 0.2701 0.2701 0.2701 0.2701 0.2701 0.2701 0.2701 0.2701 0.2701 0.2701 0.2701 0.2701 0.2701 0.2701 0.2701 0.2701 
TS03 0.4221 0.4221 0.4221 0.4221 0.4221 0.4221 0.4221 0.4221 0.4221 0.4221 0.4221 0.4221 0.4221 0.4221 0.4221 0.4221 0.4221 0.4221 0.4221 0.4221 0.4221 0.4221 0.4221 0.4221 0.4221 0.4221 0.4221 0.4221 0.4221 0.4221 0.4221 0.4221 
TS04 0.5878 0.5878 0.5878 0.5878 0.5878 0.5878 0.5878 0.5878 0.5878 0.5878 0.5878 0.5878 0.5878 0.5878 0.5878 0.5878 0.5878 0.5878 0.5878 0.5878 0.5878 0.5878 0.5878 0.5878 0.5878 0.5878 0.5878 0.5878 0.5878 0.5878 0.5878 0.5878 
TS05 0.621 0.621 0.621 0.621 0.621 0.621 0.621 0.621 0.621 0.621 0.621 0.621 0.621 0.621 0.621 0.621 0.621 0.621 0.621 0.621 0.621 0.621 0.621 0.621 0.621 0.621 0.621 0.621 0.621 0.621 0.621 0.621 
TS06 0.5958 0.5958 0.5958 0.5958 0.5958 0.5958 0.5958 0.5958 0.5958 0.5958 0.5958 0.5958 0.5958 0.5958 0.5958 0.5958 0.5958 0.5958 0.5958 0.5958 0.5958 0.5958 0.5958 0.5958 0.5958 0.5958 0.5958 0.5958 0.5958 0.5958 0.5958 0.5958 
TS07 0.4215 0.4215 0.4215 0.4215 0.4215 0.4215 0.4215 0.4215 0.4215 0.4215 0.4215 0.4215 0.4215 0.4215 0.4215 0.4215 0.4215 0.4215 0.4215 0.4215 0.4215 0.4215 0.4215 0.4215 0.4215 0.4215 0.4215 0.4215 0.4215 0.4215 0.4215 0.4215 
TS08 0.2657 0.2657 0.2657 0.2657 0.2657 0.2657 0.2657 0.2657 0.2657 0.2657 0.2657 0.2657 0.2657 0.2657 0.2657 0.2657 0.2657 0.2657 0.2657 0.2657 0.2657 0.2657 0.2657 0.2657 0.2657 0.2657 0.2657 0.2657 0.2657 0.2657 0.2657 0.2657 
TS09 0.4836 0.4836 0.4836 0.4836 0.4836 0.4836 0.4836 0.4836 0.4836 0.4836 0.4836 0.4836 0.4836 0.4836 0.4836 0.4836 0.4836 0.4836 0.4836 0.4836 0.4836 0.4836 0.4836 0.4836 0.4836 0.4836 0.4836 0.4836 0.4836 0.4836 0.4836 0.4836 
TS10 0.6193 0.6193 0.6193 0.6193 0.6193 0.6193 0.6193 0.6193 0.6193 0.6193 0.6193 0.6193 0.6193 0.6193 0.6193 0.6193 0.6193 0.6193 0.6193 0.6193 0.6193 0.6193 0.6193 0.6193 0.6193 0.6193 0.6193 0.6193 0.6193 0.6193 0.6193 0.6193 
TS11 0.6577 0.6577 0.6577 0.6577 0.6577 0.6577 0.6577 0.6577 0.6577 0.6577 0.6577 0.6577 0.6577 0.6577 0.6577 0.6577 0.6577 0.6577 0.6577 0.6577 0.6577 0.6577 0.6577 0.6577 0.6577 0.6577 0.6577 0.6577 0.6577 0.6577 0.6577 0.6577 
TS12 0.6111 0.6111 0.6111 0.6111 0.6111 0.6111 0.6111 0.6111 0.6111 0.6111 0.6111 0.6111 0.6111 0.6111 0.6111 0.6111 0.6111 0.6111 0.6111 0.6111 0.6111 0.6111 0.6111 0.6111 0.6111 0.6111 0.6111 0.6111 0.6111 0.6111 0.6111 0.6111 
TS13 0.154 0.154 0.154 0.154 0.154 0.154 0.154 0.154 0.154 0.154 0.154 0.154 0.154 0.154 0.154 0.154 0.154 0.154 0.154 0.154 0.154 0.154 0.154 0.154 0.154 0.154 0.154 0.154 0.154 0.154 0.154 0.154 
TS14 0.1043 0.1043 0.1043 0.1043 0.1043 0.1043 0.1043 0.1043 0.1043 0.1043 0.1043 0.1043 0.1043 0.1043 0.1043 0.1043 0.1043 0.1043 0.1043 0.1043 0.1043 0.1043 0.1043 0.1043 0.1043 0.1043 0.1043 0.1043 0.1043 0.1043 0.1043 0.1043 
TS15 0.4191 0.4191 0.4191 0.4191 0.4191 0.4191 0.4191 0.4191 0.4191 0.4191 0.4191 0.4191 0.4191 0.4191 0.4191 0.4191 0.4191 0.4191 0.4191 0.4191 0.4191 0.4191 0.4191 0.4191 0.4191 0.4191 0.4191 0.4191 0.4191 0.4191 0.4191 0.4191 
TS16 0.4323 0.4323 0.4323 0.4323 0.4323 0.4323 0.4323 0.4323 0.4323 0.4323 0.4323 0.4323 0.4323 0.4323 0.4323 0.4323 0.4323 0.4323 0.4323 0.4323 0.4323 0.4323 0.4323 0.4323 0.4323 0.4323 0.4323 0.4323 0.4323 0.4323 0.4323 0.4323 
TS17 0.2985 0.2985 0.2985 0.2985 0.2985 0.2985 0.2985 0.2985 0.2985 0.2985 0.2985 0.2985 0.2985 0.2985 0.2985 0.2985 0.2985 0.2985 0.2985 0.2985 0.2985 0.2985 0.2985 0.2985 0.2985 0.2985 0.2985 0.2985 0.2985 0.2985 0.2985 0.2985 
TS18 0.2516 0.2516 0.2516 0.2516 0.2516 0.2516 0.2516 0.2516 0.2516 0.2516 0.2516 0.2516 0.2516 0.2516 0.2516 0.2516 0.2516 0.2516 0.2516 0.2516 0.2516 0.2516 0.2516 0.2516 0.2516 0.2516 0.2516 0.2516 0.2516 0.2516 0.2516 0.2516 
TS19 0.1327 0.1327 0.1327 0.1327 0.1327 0.1327 0.1327 0.1327 0.1327 0.1327 0.1327 0.1327 0.1327 0.1327 0.1327 0.1327 0.1327 0.1327 0.1327 0.1327 0.1327 0.1327 0.1327 0.1327 0.1327 0.1327 0.1327 0.1327 0.1327 0.1327 0.1327 0.1327 
TS20 0.0945 0.0945 0.0945 0.0945 0.0945 0.0945 0.0945 0.0945 0.0945 0.0945 0.0945 0.0945 0.0945 0.0945 0.0945 0.0945 0.0945 0.0945 0.0945 0.0945 0.0945 0.0945 0.0945 0.0945 0.0945 0.0945 0.0945 0.0945 0.0945 0.0945 0.0945 0.0945 
TS21 0.4437 0.4437 0.4437 0.4437 0.4437 0.4437 0.4437 0.4437 0.4437 0.4437 0.4437 0.4437 0.4437 0.4437 0.4437 0.4437 0.4437 0.4437 0.4437 0.4437 0.4437 0.4437 0.4437 0.4437 0.4437 0.4437 0.4437 0.4437 0.4437 0.4437 0.4437 0.4437 
TS22 0.4498 0.4498 0.4498 0.4498 0.4498 0.4498 0.4498 0.4498 0.4498 0.4498 0.4498 0.4498 0.4498 0.4498 0.4498 0.4498 0.4498 0.4498 0.4498 0.4498 0.4498 0.4498 0.4498 0.4498 0.4498 0.4498 0.4498 0.4498 0.4498 0.4498 0.4498 0.4498 
TS23 0.2972 0.2972 0.2972 0.2972 0.2972 0.2972 0.2972 0.2972 0.2972 0.2972 0.2972 0.2972 0.2972 0.2972 0.2972 0.2972 0.2972 0.2972 0.2972 0.2972 0.2972 0.2972 0.2972 0.2972 0.2972 0.2972 0.2972 0.2972 0.2972 0.2972 0.2972 0.2972 
TS24 0.2828 0.2828 0.2828 0.2828 0.2828 0.2828 0.2828 0.2828 0.2828 0.2828 0.2828 0.2828 0.2828 0.2828 0.2828 0.2828 0.2828 0.2828 0.2828 0.2828 0.2828 0.2828 0.2828 0.2828 0.2828 0.2828 0.2828 0.2828 0.2828 0.2828 0.2828 0.2828 
TS25 0.4097 0.4097 0.4097 0.4097 0.4097 0.4097 0.4097 0.4097 0.4097 0.4097 0.4097 0.4097 0.4097 0.4097 0.4097 0.4097 0.4097 0.4097 0.4097 0.4097 0.4097 0.4097 0.4097 0.4097 0.4097 0.4097 0.4097 0.4097 0.4097 0.4097 0.4097 0.4097 
TS26 0.2611 0.2611 0.2611 0.2611 0.2611 0.2611 0.2611 0.2611 0.2611 0.2611 0.2611 0.2611 0.2611 0.2611 0.2611 0.2611 0.2611 0.2611 0.2611 0.2611 0.2611 0.2611 0.2611 0.2611 0.2611 0.2611 0.2611 0.2611 0.2611 0.2611 0.2611 0.2611 
TS27 0.4946 0.4946 0.4946 0.4946 0.4946 0.4946 0.4946 0.4946 0.4946 0.4946 0.4946 0.4946 0.4946 0.4946 0.4946 0.4946 0.4946 0.4946 0.4946 0.4946 0.4946 0.4946 0.4946 0.4946 0.4946 0.4946 0.4946 0.4946 0.4946 0.4946 0.4946 0.4946 
TS28 0.6182 0.6182 0.6182 0.6182 0.6182 0.6182 0.6182 0.6182 0.6182 0.6182 0.6182 0.6182 0.6182 0.6182 0.6182 0.6182 0.6182 0.6182 0.6182 0.6182 0.6182 0.6182 0.6182 0.6182 0.6182 0.6182 0.6182 0.6182 0.6182 0.6182 0.6182 0.6182 
TS29 0.5019 0.5019 0.5019 0.5019 0.5019 0.5019 0.5019 0.5019 0.5019 0.5019 0.5019 0.5019 0.5019 0.5019 0.5019 0.5019 0.5019 0.5019 0.5019 0.5019 0.5019 0.5019 0.5019 0.5019 0.5019 0.5019 0.5019 0.5019 0.5019 0.5019 0.5019 0.5019 
TS30 0.5168 0.5168 0.5168 0.5168 0.5168 0.5168 0.5168 0.5168 0.5168 0.5168 0.5168 0.5168 0.5168 0.5168 0.5168 0.5168 0.5168 0.5168 0.5168 0.5168 0.5168 0.5168 0.5168 0.5168 0.5168 0.5168 0.5168 0.5168 0.5168 0.5168 0.5168 0.5168 
TS31 0.3603 0.3603 0.3603 0.3603 0.3603 0.3603 0.3603 0.3603 0.3603 0.3603 0.3603 0.3603 0.3603 0.3603 0.3603 0.3603 0.3603 0.3603 0.3603 0.3603 0.3603 0.3603 0.3603 0.3603 0.3603 0.3603 0.3603 0.3603 0.3603 0.3603 0.3603 0.3603 
TS32 0.242 0.242 0.242 0.242 0.242 0.242 0.242 0.242 0.242 0.242 0.242 0.242 0.242 0.242 0.242 0.242 0.242 0.242 0.242 0.242 0.242 0.242 0.242 0.242 0.242 0.242 0.242 0.242 0.242 0.242 0.242 0.242 
TS33 0.4563 0.4563 0.4563 0.4563 0.4563 0.4563 0.4563 0.4563 0.4563 0.4563 0.4563 0.4563 0.4563 0.4563 0.4563 0.4563 0.4563 0.4563 0.4563 0.4563 0.4563 0.4563 0.4563 0.4563 0.4563 0.4563 0.4563 0.4563 0.4563 0.4563 0.4563 0.4563 
TS34 0.6164 0.6164 0.6164 0.6164 0.6164 0.6164 0.6164 0.6164 0.6164 0.6164 0.6164 0.6164 0.6164 0.6164 0.6164 0.6164 0.6164 0.6164 0.6164 0.6164 0.6164 0.6164 0.6164 0.6164 0.6164 0.6164 0.6164 0.6164 0.6164 0.6164 0.6164 0.6164 
TS35 0.5458 0.5458 0.5458 0.5458 0.5458 0.5458 0.5458 0.5458 0.5458 0.5458 0.5458 0.5458 0.5458 0.5458 0.5458 0.5458 0.5458 0.5458 0.5458 0.5458 0.5458 0.5458 0.5458 0.5458 0.5458 0.5458 0.5458 0.5458 0.5458 0.5458 0.5458 0.5458 
TS36 0.6038 0.6038 0.6038 0.6038 0.6038 0.6038 0.6038 0.6038 0.6038 0.6038 0.6038 0.6038 0.6038 0.6038 0.6038 0.6038 0.6038 0.6038 0.6038 0.6038 0.6038 0.6038 0.6038 0.6038 0.6038 0.6038 0.6038 0.6038 0.6038 0.6038 0.6038 0.6038 
TS37 0.4931 0.4931 0.4931 0.4931 0.4931 0.4931 0.4931 0.4931 0.4931 0.4931 0.4931 0.4931 0.4931 0.4931 0.4931 0.4931 0.4931 0.4931 0.4931 0.4931 0.4931 0.4931 0.4931 0.4931 0.4931 0.4931 0.4931 0.4931 0.4931 0.4931 0.4931 0.4931 
TS38 0.3993 0.3993 0.3993 0.3993 0.3993 0.3993 0.3993 0.3993 0.3993 0.3993 0.3993 0.3993 0.3993 0.3993 0.3993 0.3993 0.3993 0.3993 0.3993 0.3993 0.3993 0.3993 0.3993 0.3993 0.3993 0.3993 0.3993 0.3993 0.3993 0.3993 0.3993 0.3993 
TS39 0.6518 0.6518 0.6518 0.6518 0.6518 0.6518 0.6518 0.6518 0.6518 0.6518 0.6518 0.6518 0.6518 0.6518 0.6518 0.6518 0.6518 0.6518 0.6518 0.6518 0.6518 0.6518 0.6518 0.6518 0.6518 0.6518 0.6518 0.6518 0.6518 0.6518 0.6518 0.6518 
TS40 0.7503 0.7503 0.7503 0.7503 0.7503 0.7503 0.7503 0.7503 0.7503 0.7503 0.7503 0.7503 0.7503 0.7503 0.7503 0.7503 0.7503 0.7503 0.7503 0.7503 0.7503 0.7503 0.7503 0.7503 0.7503 0.7503 0.7503 0.7503 0.7503 0.7503 0.7503 0.7503 
TS41 0.7412 0.7412 0.7412 0.7412 0.7412 0.7412 0.7412 0.7412 0.7412 0.7412 0.7412 0.7412 0.7412 0.7412 0.7412 0.7412 0.7412 0.7412 0.7412 0.7412 0.7412 0.7412 0.7412 0.7412 0.7412 0.7412 0.7412 0.7412 0.7412 0.7412 0.7412 0.7412 
TS42 0.7153 0.7153 0.7153 0.7153 0.7153 0.7153 0.7153 0.7153 0.7153 0.7153 0.7153 0.7153 0.7153 0.7153 0.7153 0.7153 0.7153 0.7153 0.7153 0.7153 0.7153 0.7153 0.7153 0.7153 0.7153 0.7153 0.7153 0.7153 0.7153 0.7153 0.7153 0.7153 
TS43 0.4977 0.4977 0.4977 0.4977 0.4977 0.4977 0.4977 0.4977 0.4977 0.4977 0.4977 0.4977 0.4977 0.4977 0.4977 0.4977 0.4977 0.4977 0.4977 0.4977 0.4977 0.4977 0.4977 0.4977 0.4977 0.4977 0.4977 0.4977 0.4977 0.4977 0.4977 0.4977 
TS44 0.4244 0.4244 0.4244 0.4244 0.4244 0.4244 0.4244 0.4244 0.4244 0.4244 0.4244 0.4244 0.4244 0.4244 0.4244 0.4244 0.4244 0.4244 0.4244 0.4244 0.4244 0.4244 0.4244 0.4244 0.4244 0.4244 0.4244 0.4244 0.4244 0.4244 0.4244 0.4244 
TS45 0.6859 0.6859 0.6859 0.6859 0.6859 0.6859 0.6859 0.6859 0.6859 0.6859 0.6859 0.6859 0.6859 0.6859 0.6859 0.6859 0.6859 0.6859 0.6859 0.6859 0.6859 0.6859 0.6859 0.6859 0.6859 0.6859 0.6859 0.6859 0.6859 0.6859 0.6859 0.6859 
TS46 0.7921 0.7921 0.7921 0.7921 0.7921 0.7921 0.7921 0.7921 0.7921 0.7921 0.7921 0.7921 0.7921 0.7921 0.7921 0.7921 0.7921 0.7921 0.7921 0.7921 0.7921 0.7921 0.7921 0.7921 0.7921 0.7921 0.7921 0.7921 0.7921 0.7921 0.7921 0.7921 
TS47 0.8121 0.8121 0.8121 0.8121 0.8121 0.8121 0.8121 0.8121 0.8121 0.8121 0.8121 0.8121 0.8121 0.8121 0.8121 0.8121 0.8121 0.8121 0.8121 0.8121 0.8121 0.8121 0.8121 0.8121 0.8121 0.8121 0.8121 0.8121 0.8121 0.8121 0.8121 0.8121 
TS48 0.7811 0.7811 0.7811 0.7811 0.7811 0.7811 0.7811 0.7811 0.7811 0.7811 0.7811 0.7811 0.7811 0.7811 0.7811 0.7811 0.7811 0.7811 0.7811 0.7811 0.7811 0.7811 0.7811 0.7811 0.7811 0.7811 0.7811 0.7811 0.7811 0.7811 0.7811 0.7811 
[RE1,PWRWND009,*,*]:
2019 2020 2021 2022 2023 2024 2025 2026 2027 2028 2029 2030 2031 2032 2033 2034 2035 2036 2037 2038 2039 2040 2041 2042 2043 2044 2045 2046 2047 2048 2049 2050 :=
TS01 0.4904 0.4904 0.4904 0.4904 0.4904 0.4904 0.4904 0.4904 0.4904 0.4904 0.4904 0.4904 0.4904 0.4904 0.4904 0.4904 0.4904 0.4904 0.4904 0.4904 0.4904 0.4904 0.4904 0.4904 0.4904 0.4904 0.4904 0.4904 0.4904 0.4904 0.4904 0.4904 
TS02 0.438 0.438 0.438 0.438 0.438 0.438 0.438 0.438 0.438 0.438 0.438 0.438 0.438 0.438 0.438 0.438 0.438 0.438 0.438 0.438 0.438 0.438 0.438 0.438 0.438 0.438 0.438 0.438 0.438 0.438 0.438 0.438 
TS03 0.548 0.548 0.548 0.548 0.548 0.548 0.548 0.548 0.548 0.548 0.548 0.548 0.548 0.548 0.548 0.548 0.548 0.548 0.548 0.548 0.548 0.548 0.548 0.548 0.548 0.548 0.548 0.548 0.548 0.548 0.548 0.548 
TS04 0.5573 0.5573 0.5573 0.5573 0.5573 0.5573 0.5573 0.5573 0.5573 0.5573 0.5573 0.5573 0.5573 0.5573 0.5573 0.5573 0.5573 0.5573 0.5573 0.5573 0.5573 0.5573 0.5573 0.5573 0.5573 0.5573 0.5573 0.5573 0.5573 0.5573 0.5573 0.5573 
TS05 0.5756 0.5756 0.5756 0.5756 0.5756 0.5756 0.5756 0.5756 0.5756 0.5756 0.5756 0.5756 0.5756 0.5756 0.5756 0.5756 0.5756 0.5756 0.5756 0.5756 0.5756 0.5756 0.5756 0.5756 0.5756 0.5756 0.5756 0.5756 0.5756 0.5756 0.5756 0.5756 
TS06 0.5498 0.5498 0.5498 0.5498 0.5498 0.5498 0.5498 0.5498 0.5498 0.5498 0.5498 0.5498 0.5498 0.5498 0.5498 0.5498 0.5498 0.5498 0.5498 0.5498 0.5498 0.5498 0.5498 0.5498 0.5498 0.5498 0.5498 0.5498 0.5498 0.5498 0.5498 0.5498 
TS07 0.4718 0.4718 0.4718 0.4718 0.4718 0.4718 0.4718 0.4718 0.4718 0.4718 0.4718 0.4718 0.4718 0.4718 0.4718 0.4718 0.4718 0.4718 0.4718 0.4718 0.4718 0.4718 0.4718 0.4718 0.4718 0.4718 0.4718 0.4718 0.4718 0.4718 0.4718 0.4718 
TS08 0.4206 0.4206 0.4206 0.4206 0.4206 0.4206 0.4206 0.4206 0.4206 0.4206 0.4206 0.4206 0.4206 0.4206 0.4206 0.4206 0.4206 0.4206 0.4206 0.4206 0.4206 0.4206 0.4206 0.4206 0.4206 0.4206 0.4206 0.4206 0.4206 0.4206 0.4206 0.4206 
TS09 0.5456 0.5456 0.5456 0.5456 0.5456 0.5456 0.5456 0.5456 0.5456 0.5456 0.5456 0.5456 0.5456 0.5456 0.5456 0.5456 0.5456 0.5456 0.5456 0.5456 0.5456 0.5456 0.5456 0.5456 0.5456 0.5456 0.5456 0.5456 0.5456 0.5456 0.5456 0.5456 
TS10 0.5886 0.5886 0.5886 0.5886 0.5886 0.5886 0.5886 0.5886 0.5886 0.5886 0.5886 0.5886 0.5886 0.5886 0.5886 0.5886 0.5886 0.5886 0.5886 0.5886 0.5886 0.5886 0.5886 0.5886 0.5886 0.5886 0.5886 0.5886 0.5886 0.5886 0.5886 0.5886 
TS11 0.5994 0.5994 0.5994 0.5994 0.5994 0.5994 0.5994 0.5994 0.5994 0.5994 0.5994 0.5994 0.5994 0.5994 0.5994 0.5994 0.5994 0.5994 0.5994 0.5994 0.5994 0.5994 0.5994 0.5994 0.5994 0.5994 0.5994 0.5994 0.5994 0.5994 0.5994 0.5994 
TS12 0.5857 0.5857 0.5857 0.5857 0.5857 0.5857 0.5857 0.5857 0.5857 0.5857 0.5857 0.5857 0.5857 0.5857 0.5857 0.5857 0.5857 0.5857 0.5857 0.5857 0.5857 0.5857 0.5857 0.5857 0.5857 0.5857 0.5857 0.5857 0.5857 0.5857 0.5857 0.5857 
TS13 0.2529 0.2529 0.2529 0.2529 0.2529 0.2529 0.2529 0.2529 0.2529 0.2529 0.2529 0.2529 0.2529 0.2529 0.2529 0.2529 0.2529 0.2529 0.2529 0.2529 0.2529 0.2529 0.2529 0.2529 0.2529 0.2529 0.2529 0.2529 0.2529 0.2529 0.2529 0.2529 
TS14 0.2025 0.2025 0.2025 0.2025 0.2025 0.2025 0.2025 0.2025 0.2025 0.2025 0.2025 0.2025 0.2025 0.2025 0.2025 0.2025 0.2025 0.2025 0.2025 0.2025 0.2025 0.2025 0.2025 0.2025 0.2025 0.2025 0.2025 0.2025 0.2025 0.2025 0.2025 0.2025 
TS15 0.2306 0.2306 0.2306 0.2306 0.2306 0.2306 0.2306 0.2306 0.2306 0.2306 0.2306 0.2306 0.2306 0.2306 0.2306 0.2306 0.2306 0.2306 0.2306 0.2306 0.2306 0.2306 0.2306 0.2306 0.2306 0.2306 0.2306 0.2306 0.2306 0.2306 0.2306 0.2306 
TS16 0.2908 0.2908 0.2908 0.2908 0.2908 0.2908 0.2908 0.2908 0.2908 0.2908 0.2908 0.2908 0.2908 0.2908 0.2908 0.2908 0.2908 0.2908 0.2908 0.2908 0.2908 0.2908 0.2908 0.2908 0.2908 0.2908 0.2908 0.2908 0.2908 0.2908 0.2908 0.2908 
TS17 0.3315 0.3315 0.3315 0.3315 0.3315 0.3315 0.3315 0.3315 0.3315 0.3315 0.3315 0.3315 0.3315 0.3315 0.3315 0.3315 0.3315 0.3315 0.3315 0.3315 0.3315 0.3315 0.3315 0.3315 0.3315 0.3315 0.3315 0.3315 0.3315 0.3315 0.3315 0.3315 
TS18 0.3262 0.3262 0.3262 0.3262 0.3262 0.3262 0.3262 0.3262 0.3262 0.3262 0.3262 0.3262 0.3262 0.3262 0.3262 0.3262 0.3262 0.3262 0.3262 0.3262 0.3262 0.3262 0.3262 0.3262 0.3262 0.3262 0.3262 0.3262 0.3262 0.3262 0.3262 0.3262 
TS19 0.2922 0.2922 0.2922 0.2922 0.2922 0.2922 0.2922 0.2922 0.2922 0.2922 0.2922 0.2922 0.2922 0.2922 0.2922 0.2922 0.2922 0.2922 0.2922 0.2922 0.2922 0.2922 0.2922 0.2922 0.2922 0.2922 0.2922 0.2922 0.2922 0.2922 0.2922 0.2922 
TS20 0.2055 0.2055 0.2055 0.2055 0.2055 0.2055 0.2055 0.2055 0.2055 0.2055 0.2055 0.2055 0.2055 0.2055 0.2055 0.2055 0.2055 0.2055 0.2055 0.2055 0.2055 0.2055 0.2055 0.2055 0.2055 0.2055 0.2055 0.2055 0.2055 0.2055 0.2055 0.2055 
TS21 0.2386 0.2386 0.2386 0.2386 0.2386 0.2386 0.2386 0.2386 0.2386 0.2386 0.2386 0.2386 0.2386 0.2386 0.2386 0.2386 0.2386 0.2386 0.2386 0.2386 0.2386 0.2386 0.2386 0.2386 0.2386 0.2386 0.2386 0.2386 0.2386 0.2386 0.2386 0.2386 
TS22 0.3065 0.3065 0.3065 0.3065 0.3065 0.3065 0.3065 0.3065 0.3065 0.3065 0.3065 0.3065 0.3065 0.3065 0.3065 0.3065 0.3065 0.3065 0.3065 0.3065 0.3065 0.3065 0.3065 0.3065 0.3065 0.3065 0.3065 0.3065 0.3065 0.3065 0.3065 0.3065 
TS23 0.3503 0.3503 0.3503 0.3503 0.3503 0.3503 0.3503 0.3503 0.3503 0.3503 0.3503 0.3503 0.3503 0.3503 0.3503 0.3503 0.3503 0.3503 0.3503 0.3503 0.3503 0.3503 0.3503 0.3503 0.3503 0.3503 0.3503 0.3503 0.3503 0.3503 0.3503 0.3503 
TS24 0.3774 0.3774 0.3774 0.3774 0.3774 0.3774 0.3774 0.3774 0.3774 0.3774 0.3774 0.3774 0.3774 0.3774 0.3774 0.3774 0.3774 0.3774 0.3774 0.3774 0.3774 0.3774 0.3774 0.3774 0.3774 0.3774 0.3774 0.3774 0.3774 0.3774 0.3774 0.3774 
TS25 0.5808 0.5808 0.5808 0.5808 0.5808 0.5808 0.5808 0.5808 0.5808 0.5808 0.5808 0.5808 0.5808 0.5808 0.5808 0.5808 0.5808 0.5808 0.5808 0.5808 0.5808 0.5808 0.5808 0.5808 0.5808 0.5808 0.5808 0.5808 0.5808 0.5808 0.5808 0.5808 
TS26 0.4187 0.4187 0.4187 0.4187 0.4187 0.4187 0.4187 0.4187 0.4187 0.4187 0.4187 0.4187 0.4187 0.4187 0.4187 0.4187 0.4187 0.4187 0.4187 0.4187 0.4187 0.4187 0.4187 0.4187 0.4187 0.4187 0.4187 0.4187 0.4187 0.4187 0.4187 0.4187 
TS27 0.3588 0.3588 0.3588 0.3588 0.3588 0.3588 0.3588 0.3588 0.3588 0.3588 0.3588 0.3588 0.3588 0.3588 0.3588 0.3588 0.3588 0.3588 0.3588 0.3588 0.3588 0.3588 0.3588 0.3588 0.3588 0.3588 0.3588 0.3588 0.3588 0.3588 0.3588 0.3588 
TS28 0.4798 0.4798 0.4798 0.4798 0.4798 0.4798 0.4798 0.4798 0.4798 0.4798 0.4798 0.4798 0.4798 0.4798 0.4798 0.4798 0.4798 0.4798 0.4798 0.4798 0.4798 0.4798 0.4798 0.4798 0.4798 0.4798 0.4798 0.4798 0.4798 0.4798 0.4798 0.4798 
TS29 0.5971 0.5971 0.5971 0.5971 0.5971 0.5971 0.5971 0.5971 0.5971 0.5971 0.5971 0.5971 0.5971 0.5971 0.5971 0.5971 0.5971 0.5971 0.5971 0.5971 0.5971 0.5971 0.5971 0.5971 0.5971 0.5971 0.5971 0.5971 0.5971 0.5971 0.5971 0.5971 
TS30 0.6295 0.6295 0.6295 0.6295 0.6295 0.6295 0.6295 0.6295 0.6295 0.6295 0.6295 0.6295 0.6295 0.6295 0.6295 0.6295 0.6295 0.6295 0.6295 0.6295 0.6295 0.6295 0.6295 0.6295 0.6295 0.6295 0.6295 0.6295 0.6295 0.6295 0.6295 0.6295 
TS31 0.5888 0.5888 0.5888 0.5888 0.5888 0.5888 0.5888 0.5888 0.5888 0.5888 0.5888 0.5888 0.5888 0.5888 0.5888 0.5888 0.5888 0.5888 0.5888 0.5888 0.5888 0.5888 0.5888 0.5888 0.5888 0.5888 0.5888 0.5888 0.5888 0.5888 0.5888 0.5888 
TS32 0.4291 0.4291 0.4291 0.4291 0.4291 0.4291 0.4291 0.4291 0.4291 0.4291 0.4291 0.4291 0.4291 0.4291 0.4291 0.4291 0.4291 0.4291 0.4291 0.4291 0.4291 0.4291 0.4291 0.4291 0.4291 0.4291 0.4291 0.4291 0.4291 0.4291 0.4291 0.4291 
TS33 0.3568 0.3568 0.3568 0.3568 0.3568 0.3568 0.3568 0.3568 0.3568 0.3568 0.3568 0.3568 0.3568 0.3568 0.3568 0.3568 0.3568 0.3568 0.3568 0.3568 0.3568 0.3568 0.3568 0.3568 0.3568 0.3568 0.3568 0.3568 0.3568 0.3568 0.3568 0.3568 
TS34 0.473 0.473 0.473 0.473 0.473 0.473 0.473 0.473 0.473 0.473 0.473 0.473 0.473 0.473 0.473 0.473 0.473 0.473 0.473 0.473 0.473 0.473 0.473 0.473 0.473 0.473 0.473 0.473 0.473 0.473 0.473 0.473 
TS35 0.5988 0.5988 0.5988 0.5988 0.5988 0.5988 0.5988 0.5988 0.5988 0.5988 0.5988 0.5988 0.5988 0.5988 0.5988 0.5988 0.5988 0.5988 0.5988 0.5988 0.5988 0.5988 0.5988 0.5988 0.5988 0.5988 0.5988 0.5988 0.5988 0.5988 0.5988 0.5988 
TS36 0.6518 0.6518 0.6518 0.6518 0.6518 0.6518 0.6518 0.6518 0.6518 0.6518 0.6518 0.6518 0.6518 0.6518 0.6518 0.6518 0.6518 0.6518 0.6518 0.6518 0.6518 0.6518 0.6518 0.6518 0.6518 0.6518 0.6518 0.6518 0.6518 0.6518 0.6518 0.6518 
TS37 0.5673 0.5673 0.5673 0.5673 0.5673 0.5673 0.5673 0.5673 0.5673 0.5673 0.5673 0.5673 0.5673 0.5673 0.5673 0.5673 0.5673 0.5673 0.5673 0.5673 0.5673 0.5673 0.5673 0.5673 0.5673 0.5673 0.5673 0.5673 0.5673 0.5673 0.5673 0.5673 
TS38 0.5159 0.5159 0.5159 0.5159 0.5159 0.5159 0.5159 0.5159 0.5159 0.5159 0.5159 0.5159 0.5159 0.5159 0.5159 0.5159 0.5159 0.5159 0.5159 0.5159 0.5159 0.5159 0.5159 0.5159 0.5159 0.5159 0.5159 0.5159 0.5159 0.5159 0.5159 0.5159 
TS39 0.6527 0.6527 0.6527 0.6527 0.6527 0.6527 0.6527 0.6527 0.6527 0.6527 0.6527 0.6527 0.6527 0.6527 0.6527 0.6527 0.6527 0.6527 0.6527 0.6527 0.6527 0.6527 0.6527 0.6527 0.6527 0.6527 0.6527 0.6527 0.6527 0.6527 0.6527 0.6527 
TS40 0.7148 0.7148 0.7148 0.7148 0.7148 0.7148 0.7148 0.7148 0.7148 0.7148 0.7148 0.7148 0.7148 0.7148 0.7148 0.7148 0.7148 0.7148 0.7148 0.7148 0.7148 0.7148 0.7148 0.7148 0.7148 0.7148 0.7148 0.7148 0.7148 0.7148 0.7148 0.7148 
TS41 0.7192 0.7192 0.7192 0.7192 0.7192 0.7192 0.7192 0.7192 0.7192 0.7192 0.7192 0.7192 0.7192 0.7192 0.7192 0.7192 0.7192 0.7192 0.7192 0.7192 0.7192 0.7192 0.7192 0.7192 0.7192 0.7192 0.7192 0.7192 0.7192 0.7192 0.7192 0.7192 
TS42 0.6824 0.6824 0.6824 0.6824 0.6824 0.6824 0.6824 0.6824 0.6824 0.6824 0.6824 0.6824 0.6824 0.6824 0.6824 0.6824 0.6824 0.6824 0.6824 0.6824 0.6824 0.6824 0.6824 0.6824 0.6824 0.6824 0.6824 0.6824 0.6824 0.6824 0.6824 0.6824 
TS43 0.5666 0.5666 0.5666 0.5666 0.5666 0.5666 0.5666 0.5666 0.5666 0.5666 0.5666 0.5666 0.5666 0.5666 0.5666 0.5666 0.5666 0.5666 0.5666 0.5666 0.5666 0.5666 0.5666 0.5666 0.5666 0.5666 0.5666 0.5666 0.5666 0.5666 0.5666 0.5666 
TS44 0.4998 0.4998 0.4998 0.4998 0.4998 0.4998 0.4998 0.4998 0.4998 0.4998 0.4998 0.4998 0.4998 0.4998 0.4998 0.4998 0.4998 0.4998 0.4998 0.4998 0.4998 0.4998 0.4998 0.4998 0.4998 0.4998 0.4998 0.4998 0.4998 0.4998 0.4998 0.4998 
TS45 0.6644 0.6644 0.6644 0.6644 0.6644 0.6644 0.6644 0.6644 0.6644 0.6644 0.6644 0.6644 0.6644 0.6644 0.6644 0.6644 0.6644 0.6644 0.6644 0.6644 0.6644 0.6644 0.6644 0.6644 0.6644 0.6644 0.6644 0.6644 0.6644 0.6644 0.6644 0.6644 
TS46 0.7509 0.7509 0.7509 0.7509 0.7509 0.7509 0.7509 0.7509 0.7509 0.7509 0.7509 0.7509 0.7509 0.7509 0.7509 0.7509 0.7509 0.7509 0.7509 0.7509 0.7509 0.7509 0.7509 0.7509 0.7509 0.7509 0.7509 0.7509 0.7509 0.7509 0.7509 0.7509 
TS47 0.7591 0.7591 0.7591 0.7591 0.7591 0.7591 0.7591 0.7591 0.7591 0.7591 0.7591 0.7591 0.7591 0.7591 0.7591 0.7591 0.7591 0.7591 0.7591 0.7591 0.7591 0.7591 0.7591 0.7591 0.7591 0.7591 0.7591 0.7591 0.7591 0.7591 0.7591 0.7591 
TS48 0.7029 0.7029 0.7029 0.7029 0.7029 0.7029 0.7029 0.7029 0.7029 0.7029 0.7029 0.7029 0.7029 0.7029 0.7029 0.7029 0.7029 0.7029 0.7029 0.7029 0.7029 0.7029 0.7029 0.7029 0.7029 0.7029 0.7029 0.7029 0.7029 0.7029 0.7029 0.7029 
[RE1,PWRWND010,*,*]:
2019 2020 2021 2022 2023 2024 2025 2026 2027 2028 2029 2030 2031 2032 2033 2034 2035 2036 2037 2038 2039 2040 2041 2042 2043 2044 2045 2046 2047 2048 2049 2050 :=
TS01 0.4996 0.4996 0.4996 0.4996 0.4996 0.4996 0.4996 0.4996 0.4996 0.4996 0.4996 0.4996 0.4996 0.4996 0.4996 0.4996 0.4996 0.4996 0.4996 0.4996 0.4996 0.4996 0.4996 0.4996 0.4996 0.4996 0.4996 0.4996 0.4996 0.4996 0.4996 0.4996 
TS02 0.504 0.504 0.504 0.504 0.504 0.504 0.504 0.504 0.504 0.504 0.504 0.504 0.504 0.504 0.504 0.504 0.504 0.504 0.504 0.504 0.504 0.504 0.504 0.504 0.504 0.504 0.504 0.504 0.504 0.504 0.504 0.504 
TS03 0.4733 0.4733 0.4733 0.4733 0.4733 0.4733 0.4733 0.4733 0.4733 0.4733 0.4733 0.4733 0.4733 0.4733 0.4733 0.4733 0.4733 0.4733 0.4733 0.4733 0.4733 0.4733 0.4733 0.4733 0.4733 0.4733 0.4733 0.4733 0.4733 0.4733 0.4733 0.4733 
TS04 0.3489 0.3489 0.3489 0.3489 0.3489 0.3489 0.3489 0.3489 0.3489 0.3489 0.3489 0.3489 0.3489 0.3489 0.3489 0.3489 0.3489 0.3489 0.3489 0.3489 0.3489 0.3489 0.3489 0.3489 0.3489 0.3489 0.3489 0.3489 0.3489 0.3489 0.3489 0.3489 
TS05 0.4114 0.4114 0.4114 0.4114 0.4114 0.4114 0.4114 0.4114 0.4114 0.4114 0.4114 0.4114 0.4114 0.4114 0.4114 0.4114 0.4114 0.4114 0.4114 0.4114 0.4114 0.4114 0.4114 0.4114 0.4114 0.4114 0.4114 0.4114 0.4114 0.4114 0.4114 0.4114 
TS06 0.422 0.422 0.422 0.422 0.422 0.422 0.422 0.422 0.422 0.422 0.422 0.422 0.422 0.422 0.422 0.422 0.422 0.422 0.422 0.422 0.422 0.422 0.422 0.422 0.422 0.422 0.422 0.422 0.422 0.422 0.422 0.422 
TS07 0.4955 0.4955 0.4955 0.4955 0.4955 0.4955 0.4955 0.4955 0.4955 0.4955 0.4955 0.4955 0.4955 0.4955 0.4955 0.4955 0.4955 0.4955 0.4955 0.4955 0.4955 0.4955 0.4955 0.4955 0.4955 0.4955 0.4955 0.4955 0.4955 0.4955 0.4955 0.4955 
TS08 0.5046 0.5046 0.5046 0.5046 0.5046 0.5046 0.5046 0.5046 0.5046 0.5046 0.5046 0.5046 0.5046 0.5046 0.5046 0.5046 0.5046 0.5046 0.5046 0.5046 0.5046 0.5046 0.5046 0.5046 0.5046 0.5046 0.5046 0.5046 0.5046 0.5046 0.5046 0.5046 
TS09 0.4879 0.4879 0.4879 0.4879 0.4879 0.4879 0.4879 0.4879 0.4879 0.4879 0.4879 0.4879 0.4879 0.4879 0.4879 0.4879 0.4879 0.4879 0.4879 0.4879 0.4879 0.4879 0.4879 0.4879 0.4879 0.4879 0.4879 0.4879 0.4879 0.4879 0.4879 0.4879 
TS10 0.3886 0.3886 0.3886 0.3886 0.3886 0.3886 0.3886 0.3886 0.3886 0.3886 0.3886 0.3886 0.3886 0.3886 0.3886 0.3886 0.3886 0.3886 0.3886 0.3886 0.3886 0.3886 0.3886 0.3886 0.3886 0.3886 0.3886 0.3886 0.3886 0.3886 0.3886 0.3886 
TS11 0.48 0.48 0.48 0.48 0.48 0.48 0.48 0.48 0.48 0.48 0.48 0.48 0.48 0.48 0.48 0.48 0.48 0.48 0.48 0.48 0.48 0.48 0.48 0.48 0.48 0.48 0.48 0.48 0.48 0.48 0.48 0.48 
TS12 0.5155 0.5155 0.5155 0.5155 0.5155 0.5155 0.5155 0.5155 0.5155 0.5155 0.5155 0.5155 0.5155 0.5155 0.5155 0.5155 0.5155 0.5155 0.5155 0.5155 0.5155 0.5155 0.5155 0.5155 0.5155 0.5155 0.5155 0.5155 0.5155 0.5155 0.5155 0.5155 
TS13 0.44 0.44 0.44 0.44 0.44 0.44 0.44 0.44 0.44 0.44 0.44 0.44 0.44 0.44 0.44 0.44 0.44 0.44 0.44 0.44 0.44 0.44 0.44 0.44 0.44 0.44 0.44 0.44 0.44 0.44 0.44 0.44 
TS14 0.4577 0.4577 0.4577 0.4577 0.4577 0.4577 0.4577 0.4577 0.4577 0.4577 0.4577 0.4577 0.4577 0.4577 0.4577 0.4577 0.4577 0.4577 0.4577 0.4577 0.4577 0.4577 0.4577 0.4577 0.4577 0.4577 0.4577 0.4577 0.4577 0.4577 0.4577 0.4577 
TS15 0.366 0.366 0.366 0.366 0.366 0.366 0.366 0.366 0.366 0.366 0.366 0.366 0.366 0.366 0.366 0.366 0.366 0.366 0.366 0.366 0.366 0.366 0.366 0.366 0.366 0.366 0.366 0.366 0.366 0.366 0.366 0.366 
TS16 0.249 0.249 0.249 0.249 0.249 0.249 0.249 0.249 0.249 0.249 0.249 0.249 0.249 0.249 0.249 0.249 0.249 0.249 0.249 0.249 0.249 0.249 0.249 0.249 0.249 0.249 0.249 0.249 0.249 0.249 0.249 0.249 
TS17 0.3281 0.3281 0.3281 0.3281 0.3281 0.3281 0.3281 0.3281 0.3281 0.3281 0.3281 0.3281 0.3281 0.3281 0.3281 0.3281 0.3281 0.3281 0.3281 0.3281 0.3281 0.3281 0.3281 0.3281 0.3281 0.3281 0.3281 0.3281 0.3281 0.3281 0.3281 0.3281 
TS18 0.4066 0.4066 0.4066 0.4066 0.4066 0.4066 0.4066 0.4066 0.4066 0.4066 0.4066 0.4066 0.4066 0.4066 0.4066 0.4066 0.4066 0.4066 0.4066 0.4066 0.4066 0.4066 0.4066 0.4066 0.4066 0.4066 0.4066 0.4066 0.4066 0.4066 0.4066 0.4066 
TS19 0.5177 0.5177 0.5177 0.5177 0.5177 0.5177 0.5177 0.5177 0.5177 0.5177 0.5177 0.5177 0.5177 0.5177 0.5177 0.5177 0.5177 0.5177 0.5177 0.5177 0.5177 0.5177 0.5177 0.5177 0.5177 0.5177 0.5177 0.5177 0.5177 0.5177 0.5177 0.5177 
TS20 0.5503 0.5503 0.5503 0.5503 0.5503 0.5503 0.5503 0.5503 0.5503 0.5503 0.5503 0.5503 0.5503 0.5503 0.5503 0.5503 0.5503 0.5503 0.5503 0.5503 0.5503 0.5503 0.5503 0.5503 0.5503 0.5503 0.5503 0.5503 0.5503 0.5503 0.5503 0.5503 
TS21 0.398 0.398 0.398 0.398 0.398 0.398 0.398 0.398 0.398 0.398 0.398 0.398 0.398 0.398 0.398 0.398 0.398 0.398 0.398 0.398 0.398 0.398 0.398 0.398 0.398 0.398 0.398 0.398 0.398 0.398 0.398 0.398 
TS22 0.2702 0.2702 0.2702 0.2702 0.2702 0.2702 0.2702 0.2702 0.2702 0.2702 0.2702 0.2702 0.2702 0.2702 0.2702 0.2702 0.2702 0.2702 0.2702 0.2702 0.2702 0.2702 0.2702 0.2702 0.2702 0.2702 0.2702 0.2702 0.2702 0.2702 0.2702 0.2702 
TS23 0.3451 0.3451 0.3451 0.3451 0.3451 0.3451 0.3451 0.3451 0.3451 0.3451 0.3451 0.3451 0.3451 0.3451 0.3451 0.3451 0.3451 0.3451 0.3451 0.3451 0.3451 0.3451 0.3451 0.3451 0.3451 0.3451 0.3451 0.3451 0.3451 0.3451 0.3451 0.3451 
TS24 0.4315 0.4315 0.4315 0.4315 0.4315 0.4315 0.4315 0.4315 0.4315 0.4315 0.4315 0.4315 0.4315 0.4315 0.4315 0.4315 0.4315 0.4315 0.4315 0.4315 0.4315 0.4315 0.4315 0.4315 0.4315 0.4315 0.4315 0.4315 0.4315 0.4315 0.4315 0.4315 
TS25 0.7058 0.7058 0.7058 0.7058 0.7058 0.7058 0.7058 0.7058 0.7058 0.7058 0.7058 0.7058 0.7058 0.7058 0.7058 0.7058 0.7058 0.7058 0.7058 0.7058 0.7058 0.7058 0.7058 0.7058 0.7058 0.7058 0.7058 0.7058 0.7058 0.7058 0.7058 0.7058 
TS26 0.75 0.75 0.75 0.75 0.75 0.75 0.75 0.75 0.75 0.75 0.75 0.75 0.75 0.75 0.75 0.75 0.75 0.75 0.75 0.75 0.75 0.75 0.75 0.75 0.75 0.75 0.75 0.75 0.75 0.75 0.75 0.75 
TS27 0.5846 0.5846 0.5846 0.5846 0.5846 0.5846 0.5846 0.5846 0.5846 0.5846 0.5846 0.5846 0.5846 0.5846 0.5846 0.5846 0.5846 0.5846 0.5846 0.5846 0.5846 0.5846 0.5846 0.5846 0.5846 0.5846 0.5846 0.5846 0.5846 0.5846 0.5846 0.5846 
TS28 0.4155 0.4155 0.4155 0.4155 0.4155 0.4155 0.4155 0.4155 0.4155 0.4155 0.4155 0.4155 0.4155 0.4155 0.4155 0.4155 0.4155 0.4155 0.4155 0.4155 0.4155 0.4155 0.4155 0.4155 0.4155 0.4155 0.4155 0.4155 0.4155 0.4155 0.4155 0.4155 
TS29 0.5627 0.5627 0.5627 0.5627 0.5627 0.5627 0.5627 0.5627 0.5627 0.5627 0.5627 0.5627 0.5627 0.5627 0.5627 0.5627 0.5627 0.5627 0.5627 0.5627 0.5627 0.5627 0.5627 0.5627 0.5627 0.5627 0.5627 0.5627 0.5627 0.5627 0.5627 0.5627 
TS30 0.6538 0.6538 0.6538 0.6538 0.6538 0.6538 0.6538 0.6538 0.6538 0.6538 0.6538 0.6538 0.6538 0.6538 0.6538 0.6538 0.6538 0.6538 0.6538 0.6538 0.6538 0.6538 0.6538 0.6538 0.6538 0.6538 0.6538 0.6538 0.6538 0.6538 0.6538 0.6538 
TS31 0.7494 0.7494 0.7494 0.7494 0.7494 0.7494 0.7494 0.7494 0.7494 0.7494 0.7494 0.7494 0.7494 0.7494 0.7494 0.7494 0.7494 0.7494 0.7494 0.7494 0.7494 0.7494 0.7494 0.7494 0.7494 0.7494 0.7494 0.7494 0.7494 0.7494 0.7494 0.7494 
TS32 0.7732 0.7732 0.7732 0.7732 0.7732 0.7732 0.7732 0.7732 0.7732 0.7732 0.7732 0.7732 0.7732 0.7732 0.7732 0.7732 0.7732 0.7732 0.7732 0.7732 0.7732 0.7732 0.7732 0.7732 0.7732 0.7732 0.7732 0.7732 0.7732 0.7732 0.7732 0.7732 
TS33 0.6034 0.6034 0.6034 0.6034 0.6034 0.6034 0.6034 0.6034 0.6034 0.6034 0.6034 0.6034 0.6034 0.6034 0.6034 0.6034 0.6034 0.6034 0.6034 0.6034 0.6034 0.6034 0.6034 0.6034 0.6034 0.6034 0.6034 0.6034 0.6034 0.6034 0.6034 0.6034 
TS34 0.4179 0.4179 0.4179 0.4179 0.4179 0.4179 0.4179 0.4179 0.4179 0.4179 0.4179 0.4179 0.4179 0.4179 0.4179 0.4179 0.4179 0.4179 0.4179 0.4179 0.4179 0.4179 0.4179 0.4179 0.4179 0.4179 0.4179 0.4179 0.4179 0.4179 0.4179 0.4179 
TS35 0.5653 0.5653 0.5653 0.5653 0.5653 0.5653 0.5653 0.5653 0.5653 0.5653 0.5653 0.5653 0.5653 0.5653 0.5653 0.5653 0.5653 0.5653 0.5653 0.5653 0.5653 0.5653 0.5653 0.5653 0.5653 0.5653 0.5653 0.5653 0.5653 0.5653 0.5653 0.5653 
TS36 0.6712 0.6712 0.6712 0.6712 0.6712 0.6712 0.6712 0.6712 0.6712 0.6712 0.6712 0.6712 0.6712 0.6712 0.6712 0.6712 0.6712 0.6712 0.6712 0.6712 0.6712 0.6712 0.6712 0.6712 0.6712 0.6712 0.6712 0.6712 0.6712 0.6712 0.6712 0.6712 
TS37 0.5948 0.5948 0.5948 0.5948 0.5948 0.5948 0.5948 0.5948 0.5948 0.5948 0.5948 0.5948 0.5948 0.5948 0.5948 0.5948 0.5948 0.5948 0.5948 0.5948 0.5948 0.5948 0.5948 0.5948 0.5948 0.5948 0.5948 0.5948 0.5948 0.5948 0.5948 0.5948 
TS38 0.601 0.601 0.601 0.601 0.601 0.601 0.601 0.601 0.601 0.601 0.601 0.601 0.601 0.601 0.601 0.601 0.601 0.601 0.601 0.601 0.601 0.601 0.601 0.601 0.601 0.601 0.601 0.601 0.601 0.601 0.601 0.601 
TS39 0.5728 0.5728 0.5728 0.5728 0.5728 0.5728 0.5728 0.5728 0.5728 0.5728 0.5728 0.5728 0.5728 0.5728 0.5728 0.5728 0.5728 0.5728 0.5728 0.5728 0.5728 0.5728 0.5728 0.5728 0.5728 0.5728 0.5728 0.5728 0.5728 0.5728 0.5728 0.5728 
TS40 0.5308 0.5308 0.5308 0.5308 0.5308 0.5308 0.5308 0.5308 0.5308 0.5308 0.5308 0.5308 0.5308 0.5308 0.5308 0.5308 0.5308 0.5308 0.5308 0.5308 0.5308 0.5308 0.5308 0.5308 0.5308 0.5308 0.5308 0.5308 0.5308 0.5308 0.5308 0.5308 
TS41 0.6272 0.6272 0.6272 0.6272 0.6272 0.6272 0.6272 0.6272 0.6272 0.6272 0.6272 0.6272 0.6272 0.6272 0.6272 0.6272 0.6272 0.6272 0.6272 0.6272 0.6272 0.6272 0.6272 0.6272 0.6272 0.6272 0.6272 0.6272 0.6272 0.6272 0.6272 0.6272 
TS42 0.6577 0.6577 0.6577 0.6577 0.6577 0.6577 0.6577 0.6577 0.6577 0.6577 0.6577 0.6577 0.6577 0.6577 0.6577 0.6577 0.6577 0.6577 0.6577 0.6577 0.6577 0.6577 0.6577 0.6577 0.6577 0.6577 0.6577 0.6577 0.6577 0.6577 0.6577 0.6577 
TS43 0.6017 0.6017 0.6017 0.6017 0.6017 0.6017 0.6017 0.6017 0.6017 0.6017 0.6017 0.6017 0.6017 0.6017 0.6017 0.6017 0.6017 0.6017 0.6017 0.6017 0.6017 0.6017 0.6017 0.6017 0.6017 0.6017 0.6017 0.6017 0.6017 0.6017 0.6017 0.6017 
TS44 0.5902 0.5902 0.5902 0.5902 0.5902 0.5902 0.5902 0.5902 0.5902 0.5902 0.5902 0.5902 0.5902 0.5902 0.5902 0.5902 0.5902 0.5902 0.5902 0.5902 0.5902 0.5902 0.5902 0.5902 0.5902 0.5902 0.5902 0.5902 0.5902 0.5902 0.5902 0.5902 
TS45 0.5534 0.5534 0.5534 0.5534 0.5534 0.5534 0.5534 0.5534 0.5534 0.5534 0.5534 0.5534 0.5534 0.5534 0.5534 0.5534 0.5534 0.5534 0.5534 0.5534 0.5534 0.5534 0.5534 0.5534 0.5534 0.5534 0.5534 0.5534 0.5534 0.5534 0.5534 0.5534 
TS46 0.4904 0.4904 0.4904 0.4904 0.4904 0.4904 0.4904 0.4904 0.4904 0.4904 0.4904 0.4904 0.4904 0.4904 0.4904 0.4904 0.4904 0.4904 0.4904 0.4904 0.4904 0.4904 0.4904 0.4904 0.4904 0.4904 0.4904 0.4904 0.4904 0.4904 0.4904 0.4904 
TS47 0.5933 0.5933 0.5933 0.5933 0.5933 0.5933 0.5933 0.5933 0.5933 0.5933 0.5933 0.5933 0.5933 0.5933 0.5933 0.5933 0.5933 0.5933 0.5933 0.5933 0.5933 0.5933 0.5933 0.5933 0.5933 0.5933 0.5933 0.5933 0.5933 0.5933 0.5933 0.5933 
TS48 0.6213 0.6213 0.6213 0.6213 0.6213 0.6213 0.6213 0.6213 0.6213 0.6213 0.6213 0.6213 0.6213 0.6213 0.6213 0.6213 0.6213 0.6213 0.6213 0.6213 0.6213 0.6213 0.6213 0.6213 0.6213 0.6213 0.6213 0.6213 0.6213 0.6213 0.6213 0.6213 
[RE1,PWRWND011,*,*]:
2019 2020 2021 2022 2023 2024 2025 2026 2027 2028 2029 2030 2031 2032 2033 2034 2035 2036 2037 2038 2039 2040 2041 2042 2043 2044 2045 2046 2047 2048 2049 2050 :=
TS01 0.4464 0.4464 0.4464 0.4464 0.4464 0.4464 0.4464 0.4464 0.4464 0.4464 0.4464 0.4464 0.4464 0.4464 0.4464 0.4464 0.4464 0.4464 0.4464 0.4464 0.4464 0.4464 0.4464 0.4464 0.4464 0.4464 0.4464 0.4464 0.4464 0.4464 0.4464 0.4464 
TS02 0.7215 0.7215 0.7215 0.7215 0.7215 0.7215 0.7215 0.7215 0.7215 0.7215 0.7215 0.7215 0.7215 0.7215 0.7215 0.7215 0.7215 0.7215 0.7215 0.7215 0.7215 0.7215 0.7215 0.7215 0.7215 0.7215 0.7215 0.7215 0.7215 0.7215 0.7215 0.7215 
TS03 0.6569 0.6569 0.6569 0.6569 0.6569 0.6569 0.6569 0.6569 0.6569 0.6569 0.6569 0.6569 0.6569 0.6569 0.6569 0.6569 0.6569 0.6569 0.6569 0.6569 0.6569 0.6569 0.6569 0.6569 0.6569 0.6569 0.6569 0.6569 0.6569 0.6569 0.6569 0.6569 
TS04 0.5309 0.5309 0.5309 0.5309 0.5309 0.5309 0.5309 0.5309 0.5309 0.5309 0.5309 0.5309 0.5309 0.5309 0.5309 0.5309 0.5309 0.5309 0.5309 0.5309 0.5309 0.5309 0.5309 0.5309 0.5309 0.5309 0.5309 0.5309 0.5309 0.5309 0.5309 0.5309 
TS05 0.4759 0.4759 0.4759 0.4759 0.4759 0.4759 0.4759 0.4759 0.4759 0.4759 0.4759 0.4759 0.4759 0.4759 0.4759 0.4759 0.4759 0.4759 0.4759 0.4759 0.4759 0.4759 0.4759 0.4759 0.4759 0.4759 0.4759 0.4759 0.4759 0.4759 0.4759 0.4759 
TS06 0.4032 0.4032 0.4032 0.4032 0.4032 0.4032 0.4032 0.4032 0.4032 0.4032 0.4032 0.4032 0.4032 0.4032 0.4032 0.4032 0.4032 0.4032 0.4032 0.4032 0.4032 0.4032 0.4032 0.4032 0.4032 0.4032 0.4032 0.4032 0.4032 0.4032 0.4032 0.4032 
TS07 0.5207 0.5207 0.5207 0.5207 0.5207 0.5207 0.5207 0.5207 0.5207 0.5207 0.5207 0.5207 0.5207 0.5207 0.5207 0.5207 0.5207 0.5207 0.5207 0.5207 0.5207 0.5207 0.5207 0.5207 0.5207 0.5207 0.5207 0.5207 0.5207 0.5207 0.5207 0.5207 
TS08 0.7688 0.7688 0.7688 0.7688 0.7688 0.7688 0.7688 0.7688 0.7688 0.7688 0.7688 0.7688 0.7688 0.7688 0.7688 0.7688 0.7688 0.7688 0.7688 0.7688 0.7688 0.7688 0.7688 0.7688 0.7688 0.7688 0.7688 0.7688 0.7688 0.7688 0.7688 0.7688 
TS09 0.6305 0.6305 0.6305 0.6305 0.6305 0.6305 0.6305 0.6305 0.6305 0.6305 0.6305 0.6305 0.6305 0.6305 0.6305 0.6305 0.6305 0.6305 0.6305 0.6305 0.6305 0.6305 0.6305 0.6305 0.6305 0.6305 0.6305 0.6305 0.6305 0.6305 0.6305 0.6305 
TS10 0.5013 0.5013 0.5013 0.5013 0.5013 0.5013 0.5013 0.5013 0.5013 0.5013 0.5013 0.5013 0.5013 0.5013 0.5013 0.5013 0.5013 0.5013 0.5013 0.5013 0.5013 0.5013 0.5013 0.5013 0.5013 0.5013 0.5013 0.5013 0.5013 0.5013 0.5013 0.5013 
TS11 0.4896 0.4896 0.4896 0.4896 0.4896 0.4896 0.4896 0.4896 0.4896 0.4896 0.4896 0.4896 0.4896 0.4896 0.4896 0.4896 0.4896 0.4896 0.4896 0.4896 0.4896 0.4896 0.4896 0.4896 0.4896 0.4896 0.4896 0.4896 0.4896 0.4896 0.4896 0.4896 
TS12 0.3717 0.3717 0.3717 0.3717 0.3717 0.3717 0.3717 0.3717 0.3717 0.3717 0.3717 0.3717 0.3717 0.3717 0.3717 0.3717 0.3717 0.3717 0.3717 0.3717 0.3717 0.3717 0.3717 0.3717 0.3717 0.3717 0.3717 0.3717 0.3717 0.3717 0.3717 0.3717 
TS13 0.4733 0.4733 0.4733 0.4733 0.4733 0.4733 0.4733 0.4733 0.4733 0.4733 0.4733 0.4733 0.4733 0.4733 0.4733 0.4733 0.4733 0.4733 0.4733 0.4733 0.4733 0.4733 0.4733 0.4733 0.4733 0.4733 0.4733 0.4733 0.4733 0.4733 0.4733 0.4733 
TS14 0.5959 0.5959 0.5959 0.5959 0.5959 0.5959 0.5959 0.5959 0.5959 0.5959 0.5959 0.5959 0.5959 0.5959 0.5959 0.5959 0.5959 0.5959 0.5959 0.5959 0.5959 0.5959 0.5959 0.5959 0.5959 0.5959 0.5959 0.5959 0.5959 0.5959 0.5959 0.5959 
TS15 0.5078 0.5078 0.5078 0.5078 0.5078 0.5078 0.5078 0.5078 0.5078 0.5078 0.5078 0.5078 0.5078 0.5078 0.5078 0.5078 0.5078 0.5078 0.5078 0.5078 0.5078 0.5078 0.5078 0.5078 0.5078 0.5078 0.5078 0.5078 0.5078 0.5078 0.5078 0.5078 
TS16 0.5038 0.5038 0.5038 0.5038 0.5038 0.5038 0.5038 0.5038 0.5038 0.5038 0.5038 0.5038 0.5038 0.5038 0.5038 0.5038 0.5038 0.5038 0.5038 0.5038 0.5038 0.5038 0.5038 0.5038 0.5038 0.5038 0.5038 0.5038 0.5038 0.5038 0.5038 0.5038 
TS17 0.44 0.44 0.44 0.44 0.44 0.44 0.44 0.44 0.44 0.44 0.44 0.44 0.44 0.44 0.44 0.44 0.44 0.44 0.44 0.44 0.44 0.44 0.44 0.44 0.44 0.44 0.44 0.44 0.44 0.44 0.44 0.44 
TS18 0.3556 0.3556 0.3556 0.3556 0.3556 0.3556 0.3556 0.3556 0.3556 0.3556 0.3556 0.3556 0.3556 0.3556 0.3556 0.3556 0.3556 0.3556 0.3556 0.3556 0.3556 0.3556 0.3556 0.3556 0.3556 0.3556 0.3556 0.3556 0.3556 0.3556 0.3556 0.3556 
TS19 0.4788 0.4788 0.4788 0.4788 0.4788 0.4788 0.4788 0.4788 0.4788 0.4788 0.4788 0.4788 0.4788 0.4788 0.4788 0.4788 0.4788 0.4788 0.4788 0.4788 0.4788 0.4788 0.4788 0.4788 0.4788 0.4788 0.4788 0.4788 0.4788 0.4788 0.4788 0.4788 
TS20 0.6721 0.6721 0.6721 0.6721 0.6721 0.6721 0.6721 0.6721 0.6721 0.6721 0.6721 0.6721 0.6721 0.6721 0.6721 0.6721 0.6721 0.6721 0.6721 0.6721 0.6721 0.6721 0.6721 0.6721 0.6721 0.6721 0.6721 0.6721 0.6721 0.6721 0.6721 0.6721 
TS21 0.5811 0.5811 0.5811 0.5811 0.5811 0.5811 0.5811 0.5811 0.5811 0.5811 0.5811 0.5811 0.5811 0.5811 0.5811 0.5811 0.5811 0.5811 0.5811 0.5811 0.5811 0.5811 0.5811 0.5811 0.5811 0.5811 0.5811 0.5811 0.5811 0.5811 0.5811 0.5811 
TS22 0.4664 0.4664 0.4664 0.4664 0.4664 0.4664 0.4664 0.4664 0.4664 0.4664 0.4664 0.4664 0.4664 0.4664 0.4664 0.4664 0.4664 0.4664 0.4664 0.4664 0.4664 0.4664 0.4664 0.4664 0.4664 0.4664 0.4664 0.4664 0.4664 0.4664 0.4664 0.4664 
TS23 0.3847 0.3847 0.3847 0.3847 0.3847 0.3847 0.3847 0.3847 0.3847 0.3847 0.3847 0.3847 0.3847 0.3847 0.3847 0.3847 0.3847 0.3847 0.3847 0.3847 0.3847 0.3847 0.3847 0.3847 0.3847 0.3847 0.3847 0.3847 0.3847 0.3847 0.3847 0.3847 
TS24 0.3294 0.3294 0.3294 0.3294 0.3294 0.3294 0.3294 0.3294 0.3294 0.3294 0.3294 0.3294 0.3294 0.3294 0.3294 0.3294 0.3294 0.3294 0.3294 0.3294 0.3294 0.3294 0.3294 0.3294 0.3294 0.3294 0.3294 0.3294 0.3294 0.3294 0.3294 0.3294 
TS25 0.7054 0.7054 0.7054 0.7054 0.7054 0.7054 0.7054 0.7054 0.7054 0.7054 0.7054 0.7054 0.7054 0.7054 0.7054 0.7054 0.7054 0.7054 0.7054 0.7054 0.7054 0.7054 0.7054 0.7054 0.7054 0.7054 0.7054 0.7054 0.7054 0.7054 0.7054 0.7054 
TS26 0.7944 0.7944 0.7944 0.7944 0.7944 0.7944 0.7944 0.7944 0.7944 0.7944 0.7944 0.7944 0.7944 0.7944 0.7944 0.7944 0.7944 0.7944 0.7944 0.7944 0.7944 0.7944 0.7944 0.7944 0.7944 0.7944 0.7944 0.7944 0.7944 0.7944 0.7944 0.7944 
TS27 0.5792 0.5792 0.5792 0.5792 0.5792 0.5792 0.5792 0.5792 0.5792 0.5792 0.5792 0.5792 0.5792 0.5792 0.5792 0.5792 0.5792 0.5792 0.5792 0.5792 0.5792 0.5792 0.5792 0.5792 0.5792 0.5792 0.5792 0.5792 0.5792 0.5792 0.5792 0.5792 
TS28 0.5469 0.5469 0.5469 0.5469 0.5469 0.5469 0.5469 0.5469 0.5469 0.5469 0.5469 0.5469 0.5469 0.5469 0.5469 0.5469 0.5469 0.5469 0.5469 0.5469 0.5469 0.5469 0.5469 0.5469 0.5469 0.5469 0.5469 0.5469 0.5469 0.5469 0.5469 0.5469 
TS29 0.6452 0.6452 0.6452 0.6452 0.6452 0.6452 0.6452 0.6452 0.6452 0.6452 0.6452 0.6452 0.6452 0.6452 0.6452 0.6452 0.6452 0.6452 0.6452 0.6452 0.6452 0.6452 0.6452 0.6452 0.6452 0.6452 0.6452 0.6452 0.6452 0.6452 0.6452 0.6452 
TS30 0.6567 0.6567 0.6567 0.6567 0.6567 0.6567 0.6567 0.6567 0.6567 0.6567 0.6567 0.6567 0.6567 0.6567 0.6567 0.6567 0.6567 0.6567 0.6567 0.6567 0.6567 0.6567 0.6567 0.6567 0.6567 0.6567 0.6567 0.6567 0.6567 0.6567 0.6567 0.6567 
TS31 0.73 0.73 0.73 0.73 0.73 0.73 0.73 0.73 0.73 0.73 0.73 0.73 0.73 0.73 0.73 0.73 0.73 0.73 0.73 0.73 0.73 0.73 0.73 0.73 0.73 0.73 0.73 0.73 0.73 0.73 0.73 0.73 
TS32 0.8124 0.8124 0.8124 0.8124 0.8124 0.8124 0.8124 0.8124 0.8124 0.8124 0.8124 0.8124 0.8124 0.8124 0.8124 0.8124 0.8124 0.8124 0.8124 0.8124 0.8124 0.8124 0.8124 0.8124 0.8124 0.8124 0.8124 0.8124 0.8124 0.8124 0.8124 0.8124 
TS33 0.6149 0.6149 0.6149 0.6149 0.6149 0.6149 0.6149 0.6149 0.6149 0.6149 0.6149 0.6149 0.6149 0.6149 0.6149 0.6149 0.6149 0.6149 0.6149 0.6149 0.6149 0.6149 0.6149 0.6149 0.6149 0.6149 0.6149 0.6149 0.6149 0.6149 0.6149 0.6149 
TS34 0.6086 0.6086 0.6086 0.6086 0.6086 0.6086 0.6086 0.6086 0.6086 0.6086 0.6086 0.6086 0.6086 0.6086 0.6086 0.6086 0.6086 0.6086 0.6086 0.6086 0.6086 0.6086 0.6086 0.6086 0.6086 0.6086 0.6086 0.6086 0.6086 0.6086 0.6086 0.6086 
TS35 0.6872 0.6872 0.6872 0.6872 0.6872 0.6872 0.6872 0.6872 0.6872 0.6872 0.6872 0.6872 0.6872 0.6872 0.6872 0.6872 0.6872 0.6872 0.6872 0.6872 0.6872 0.6872 0.6872 0.6872 0.6872 0.6872 0.6872 0.6872 0.6872 0.6872 0.6872 0.6872 
TS36 0.6678 0.6678 0.6678 0.6678 0.6678 0.6678 0.6678 0.6678 0.6678 0.6678 0.6678 0.6678 0.6678 0.6678 0.6678 0.6678 0.6678 0.6678 0.6678 0.6678 0.6678 0.6678 0.6678 0.6678 0.6678 0.6678 0.6678 0.6678 0.6678 0.6678 0.6678 0.6678 
TS37 0.3585 0.3585 0.3585 0.3585 0.3585 0.3585 0.3585 0.3585 0.3585 0.3585 0.3585 0.3585 0.3585 0.3585 0.3585 0.3585 0.3585 0.3585 0.3585 0.3585 0.3585 0.3585 0.3585 0.3585 0.3585 0.3585 0.3585 0.3585 0.3585 0.3585 0.3585 0.3585 
TS38 0.5517 0.5517 0.5517 0.5517 0.5517 0.5517 0.5517 0.5517 0.5517 0.5517 0.5517 0.5517 0.5517 0.5517 0.5517 0.5517 0.5517 0.5517 0.5517 0.5517 0.5517 0.5517 0.5517 0.5517 0.5517 0.5517 0.5517 0.5517 0.5517 0.5517 0.5517 0.5517 
TS39 0.5514 0.5514 0.5514 0.5514 0.5514 0.5514 0.5514 0.5514 0.5514 0.5514 0.5514 0.5514 0.5514 0.5514 0.5514 0.5514 0.5514 0.5514 0.5514 0.5514 0.5514 0.5514 0.5514 0.5514 0.5514 0.5514 0.5514 0.5514 0.5514 0.5514 0.5514 0.5514 
TS40 0.4523 0.4523 0.4523 0.4523 0.4523 0.4523 0.4523 0.4523 0.4523 0.4523 0.4523 0.4523 0.4523 0.4523 0.4523 0.4523 0.4523 0.4523 0.4523 0.4523 0.4523 0.4523 0.4523 0.4523 0.4523 0.4523 0.4523 0.4523 0.4523 0.4523 0.4523 0.4523 
TS41 0.4333 0.4333 0.4333 0.4333 0.4333 0.4333 0.4333 0.4333 0.4333 0.4333 0.4333 0.4333 0.4333 0.4333 0.4333 0.4333 0.4333 0.4333 0.4333 0.4333 0.4333 0.4333 0.4333 0.4333 0.4333 0.4333 0.4333 0.4333 0.4333 0.4333 0.4333 0.4333 
TS42 0.3768 0.3768 0.3768 0.3768 0.3768 0.3768 0.3768 0.3768 0.3768 0.3768 0.3768 0.3768 0.3768 0.3768 0.3768 0.3768 0.3768 0.3768 0.3768 0.3768 0.3768 0.3768 0.3768 0.3768 0.3768 0.3768 0.3768 0.3768 0.3768 0.3768 0.3768 0.3768 
TS43 0.346 0.346 0.346 0.346 0.346 0.346 0.346 0.346 0.346 0.346 0.346 0.346 0.346 0.346 0.346 0.346 0.346 0.346 0.346 0.346 0.346 0.346 0.346 0.346 0.346 0.346 0.346 0.346 0.346 0.346 0.346 0.346 
TS44 0.5953 0.5953 0.5953 0.5953 0.5953 0.5953 0.5953 0.5953 0.5953 0.5953 0.5953 0.5953 0.5953 0.5953 0.5953 0.5953 0.5953 0.5953 0.5953 0.5953 0.5953 0.5953 0.5953 0.5953 0.5953 0.5953 0.5953 0.5953 0.5953 0.5953 0.5953 0.5953 
TS45 0.5231 0.5231 0.5231 0.5231 0.5231 0.5231 0.5231 0.5231 0.5231 0.5231 0.5231 0.5231 0.5231 0.5231 0.5231 0.5231 0.5231 0.5231 0.5231 0.5231 0.5231 0.5231 0.5231 0.5231 0.5231 0.5231 0.5231 0.5231 0.5231 0.5231 0.5231 0.5231 
TS46 0.4388 0.4388 0.4388 0.4388 0.4388 0.4388 0.4388 0.4388 0.4388 0.4388 0.4388 0.4388 0.4388 0.4388 0.4388 0.4388 0.4388 0.4388 0.4388 0.4388 0.4388 0.4388 0.4388 0.4388 0.4388 0.4388 0.4388 0.4388 0.4388 0.4388 0.4388 0.4388 
TS47 0.3752 0.3752 0.3752 0.3752 0.3752 0.3752 0.3752 0.3752 0.3752 0.3752 0.3752 0.3752 0.3752 0.3752 0.3752 0.3752 0.3752 0.3752 0.3752 0.3752 0.3752 0.3752 0.3752 0.3752 0.3752 0.3752 0.3752 0.3752 0.3752 0.3752 0.3752 0.3752 
TS48 0.3714 0.3714 0.3714 0.3714 0.3714 0.3714 0.3714 0.3714 0.3714 0.3714 0.3714 0.3714 0.3714 0.3714 0.3714 0.3714 0.3714 0.3714 0.3714 0.3714 0.3714 0.3714 0.3714 0.3714 0.3714 0.3714 0.3714 0.3714 0.3714 0.3714 0.3714 0.3714 
;

param SpecifiedAnnualDemand default 0.0 :=
[RE1,*,*]:
2019 2020 2021 2022 2023 2024 2025 2026 2027 2028 2029 2030 2031 2032 2033 2034 2035 2036 2037 2038 2039 2040 2041 2042 2043 2044 2045 2046 2047 2048 2049 2050 :=
COMELC 6.2591 6.3686 6.6578 6.8802 7.0903 7.3334 8.6664939128 9.7347878256 10.8030817384 11.8713756513 12.9396695641 14.0079634769 15.0762573897 16.1445513025 17.2128452153 18.2811391281 19.349433041 20.4177269538 21.4860208666 22.5543147794 23.6226086922 24.690902605 25.7591965179 26.8274904307 27.8957843435 28.9640782563 30.0323721691 31.1006660819 32.1689599947 33.2372539076 34.3055478204 35.3738417332 
INDELC 21.5631 21.9401 22.9364 23.7027 24.4266 25.264 26.1763 27.3162138768 29.1765799411 31.1517335385 33.4056568591 35.8265330617 38.1000629485 40.6188531545 43.1770941482 45.9072787863 48.7777989073 51.7002467219 54.9823859057 58.4069994707 62.0392049821 65.8887463093 69.9505138623 74.1706787048 78.6681873384 83.4211754711 88.4446153898 93.7535982092 99.3644033206 105.2942607367 111.561232264 118.1845679856 
RESELC 13.7907 14.0318 14.669 15.1591 15.6221 16.1577 16.7411 17.4702264878 18.6600477919 19.9231857589 21.3646840352 22.9130083728 24.3669835529 25.9779300644 27.6140680387 29.3601215934 31.1960088549 33.0650490319 35.164139548 37.3543708751 39.6773326922 42.1394416927 44.7370142193 47.4361843904 50.3125265943 53.3523756508 56.5650001169 59.9603815155 63.5488578527 67.3412424449 71.3494180576 75.5853862839 
;

param SpecifiedDemandProfile default 0.0 :=
[RE1,COMELC,*,*]:
2019 2020 2021 2022 2023 2024 2025 2026 2027 2028 2029 2030 2031 2032 2033 2034 2035 2036 2037 2038 2039 2040 2041 2042 2043 2044 2045 2046 2047 2048 2049 2050 :=
TS01 0.0358 0.0358 0.0358 0.0358 0.0358 0.0358 0.0358 0.0358 0.0358 0.0358 0.0358 0.0358 0.0358 0.0358 0.0358 0.0358 0.0358 0.0358 0.0358 0.0358 0.0358 0.0358 0.0358 0.0358 0.0358 0.0358 0.0358 0.0358 0.0358 0.0358 0.0358 0.0358 
TS02 0.0227 0.0227 0.0227 0.0227 0.0227 0.0227 0.0227 0.0227 0.0227 0.0227 0.0227 0.0227 0.0227 0.0227 0.0227 0.0227 0.0227 0.0227 0.0227 0.0227 0.0227 0.0227 0.0227 0.0227 0.0227 0.0227 0.0227 0.0227 0.0227 0.0227 0.0227 0.0227 
TS03 0.0449 0.0449 0.0449 0.0449 0.0449 0.0449 0.0449 0.0449 0.0449 0.0449 0.0449 0.0449 0.0449 0.0449 0.0449 0.0449 0.0449 0.0449 0.0449 0.0449 0.0449 0.0449 0.0449 0.0449 0.0449 0.0449 0.0449 0.0449 0.0449 0.0449 0.0449 0.0449 
TS04 0.034 0.034 0.034 0.034 0.034 0.034 0.034 0.034 0.034 0.034 0.034 0.034 0.034 0.034 0.034 0.034 0.034 0.034 0.034 0.034 0.034 0.034 0.034 0.034 0.034 0.034 0.034 0.034 0.034 0.034 0.034 0.034 
TS05 0.0162 0.0162 0.0162 0.0162 0.0162 0.0162 0.0162 0.0162 0.0162 0.0162 0.0162 0.0162 0.0162 0.0162 0.0162 0.0162 0.0162 0.0162 0.0162 0.0162 0.0162 0.0162 0.0162 0.0162 0.0162 0.0162 0.0162 0.0162 0.0162 0.0162 0.0162 0.0162 
TS06 0.0178 0.0178 0.0178 0.0178 0.0178 0.0178 0.0178 0.0178 0.0178 0.0178 0.0178 0.0178 0.0178 0.0178 0.0178 0.0178 0.0178 0.0178 0.0178 0.0178 0.0178 0.0178 0.0178 0.0178 0.0178 0.0178 0.0178 0.0178 0.0178 0.0178 0.0178 0.0178 
TS07 0.0158 0.0158 0.0158 0.0158 0.0158 0.0158 0.0158 0.0158 0.0158 0.0158 0.0158 0.0158 0.0158 0.0158 0.0158 0.0158 0.0158 0.0158 0.0158 0.0158 0.0158 0.0158 0.0158 0.0158 0.0158 0.0158 0.0158 0.0158 0.0158 0.0158 0.0158 0.0158 
TS08 0.0097 0.0097 0.0097 0.0097 0.0097 0.0097 0.0097 0.0097 0.0097 0.0097 0.0097 0.0097 0.0097 0.0097 0.0097 0.0097 0.0097 0.0097 0.0097 0.0097 0.0097 0.0097 0.0097 0.0097 0.0097 0.0097 0.0097 0.0097 0.0097 0.0097 0.0097 0.0097 
TS09 0.0193 0.0193 0.0193 0.0193 0.0193 0.0193 0.0193 0.0193 0.0193 0.0193 0.0193 0.0193 0.0193 0.0193 0.0193 0.0193 0.0193 0.0193 0.0193 0.0193 0.0193 0.0193 0.0193 0.0193 0.0193 0.0193 0.0193 0.0193 0.0193 0.0193 0.0193 0.0193 
TS10 0.0146 0.0146 0.0146 0.0146 0.0146 0.0146 0.0146 0.0146 0.0146 0.0146 0.0146 0.0146 0.0146 0.0146 0.0146 0.0146 0.0146 0.0146 0.0146 0.0146 0.0146 0.0146 0.0146 0.0146 0.0146 0.0146 0.0146 0.0146 0.0146 0.0146 0.0146 0.0146 
TS11 0.0068 0.0068 0.0068 0.0068 0.0068 0.0068 0.0068 0.0068 0.0068 0.0068 0.0068 0.0068 0.0068 0.0068 0.0068 0.0068 0.0068 0.0068 0.0068 0.0068 0.0068 0.0068 0.0068 0.0068 0.0068 0.0068 0.0068 0.0068 0.0068 0.0068 0.0068 0.0068 
TS12 0.0076 0.0076 0.0076 0.0076 0.0076 0.0076 0.0076 0.0076 0.0076 0.0076 0.0076 0.0076 0.0076 0.0076 0.0076 0.0076 0.0076 0.0076 0.0076 0.0076 0.0076 0.0076 0.0076 0.0076 0.0076 0.0076 0.0076 0.0076 0.0076 0.0076 0.0076 0.0076 
TS13 0.0242 0.0242 0.0242 0.0242 0.0242 0.0242 0.0242 0.0242 0.0242 0.0242 0.0242 0.0242 0.0242 0.0242 0.0242 0.0242 0.0242 0.0242 0.0242 0.0242 0.0242 0.0242 0.0242 0.0242 0.0242 0.0242 0.0242 0.0242 0.0242 0.0242 0.0242 0.0242 
TS14 0.0158 0.0158 0.0158 0.0158 0.0158 0.0158 0.0158 0.0158 0.0158 0.0158 0.0158 0.0158 0.0158 0.0158 0.0158 0.0158 0.0158 0.0158 0.0158 0.0158 0.0158 0.0158 0.0158 0.0158 0.0158 0.0158 0.0158 0.0158 0.0158 0.0158 0.0158 0.0158 
TS15 0.0314 0.0314 0.0314 0.0314 0.0314 0.0314 0.0314 0.0314 0.0314 0.0314 0.0314 0.0314 0.0314 0.0314 0.0314 0.0314 0.0314 0.0314 0.0314 0.0314 0.0314 0.0314 0.0314 0.0314 0.0314 0.0314 0.0314 0.0314 0.0314 0.0314 0.0314 0.0314 
TS16 0.0237 0.0237 0.0237 0.0237 0.0237 0.0237 0.0237 0.0237 0.0237 0.0237 0.0237 0.0237 0.0237 0.0237 0.0237 0.0237 0.0237 0.0237 0.0237 0.0237 0.0237 0.0237 0.0237 0.0237 0.0237 0.0237 0.0237 0.0237 0.0237 0.0237 0.0237 0.0237 
TS17 0.0108 0.0108 0.0108 0.0108 0.0108 0.0108 0.0108 0.0108 0.0108 0.0108 0.0108 0.0108 0.0108 0.0108 0.0108 0.0108 0.0108 0.0108 0.0108 0.0108 0.0108 0.0108 0.0108 0.0108 0.0108 0.0108 0.0108 0.0108 0.0108 0.0108 0.0108 0.0108 
TS18 0.012 0.012 0.012 0.012 0.012 0.012 0.012 0.012 0.012 0.012 0.012 0.012 0.012 0.012 0.012 0.012 0.012 0.012 0.012 0.012 0.012 0.012 0.012 0.012 0.012 0.012 0.012 0.012 0.012 0.012 0.012 0.012 
TS19 0.0091 0.0091 0.0091 0.0091 0.0091 0.0091 0.0091 0.0091 0.0091 0.0091 0.0091 0.0091 0.0091 0.0091 0.0091 0.0091 0.0091 0.0091 0.0091 0.0091 0.0091 0.0091 0.0091 0.0091 0.0091 0.0091 0.0091 0.0091 0.0091 0.0091 0.0091 0.0091 
TS20 0.006 0.006 0.006 0.006 0.006 0.006 0.006 0.006 0.006 0.006 0.006 0.006 0.006 0.006 0.006 0.006 0.006 0.006 0.006 0.006 0.006 0.006 0.006 0.006 0.006 0.006 0.006 0.006 0.006 0.006 0.006 0.006 
TS21 0.012 0.012 0.012 0.012 0.012 0.012 0.012 0.012 0.012 0.012 0.012 0.012 0.012 0.012 0.012 0.012 0.012 0.012 0.012 0.012 0.012 0.012 0.012 0.012 0.012 0.012 0.012 0.012 0.012 0.012 0.012 0.012 
TS22 0.009 0.009 0.009 0.009 0.009 0.009 0.009 0.009 0.009 0.009 0.009 0.009 0.009 0.009 0.009 0.009 0.009 0.009 0.009 0.009 0.009 0.009 0.009 0.009 0.009 0.009 0.009 0.009 0.009 0.009 0.009 0.009 
TS23 0.0041 0.0041 0.0041 0.0041 0.0041 0.0041 0.0041 0.0041 0.0041 0.0041 0.0041 0.0041 0.0041 0.0041 0.0041 0.0041 0.0041 0.0041 0.0041 0.0041 0.0041 0.0041 0.0041 0.0041 0.0041 0.0041 0.0041 0.0041 0.0041 0.0041 0.0041 0.0041 
TS24 0.0045 0.0045 0.0045 0.0045 0.0045 0.0045 0.0045 0.0045 0.0045 0.0045 0.0045 0.0045 0.0045 0.0045 0.0045 0.0045 0.0045 0.0045 0.0045 0.0045 0.0045 0.0045 0.0045 0.0045 0.0045 0.0045 0.0045 0.0045 0.0045 0.0045 0.0045 0.0045 
TS25 0.049 0.049 0.049 0.049 0.049 0.049 0.049 0.049 0.049 0.049 0.049 0.049 0.049 0.049 0.049 0.049 0.049 0.049 0.049 0.049 0.049 0.049 0.049 0.049 0.049 0.049 0.049 0.049 0.049 0.049 0.049 0.049 
TS26 0.0318 0.0318 0.0318 0.0318 0.0318 0.0318 0.0318 0.0318 0.0318 0.0318 0.0318 0.0318 0.0318 0.0318 0.0318 0.0318 0.0318 0.0318 0.0318 0.0318 0.0318 0.0318 0.0318 0.0318 0.0318 0.0318 0.0318 0.0318 0.0318 0.0318 0.0318 0.0318 
TS27 0.0623 0.0623 0.0623 0.0623 0.0623 0.0623 0.0623 0.0623 0.0623 0.0623 0.0623 0.0623 0.0623 0.0623 0.0623 0.0623 0.0623 0.0623 0.0623 0.0623 0.0623 0.0623 0.0623 0.0623 0.0623 0.0623 0.0623 0.0623 0.0623 0.0623 0.0623 0.0623 
TS28 0.0475 0.0475 0.0475 0.0475 0.0475 0.0475 0.0475 0.0475 0.0475 0.0475 0.0475 0.0475 0.0475 0.0475 0.0475 0.0475 0.0475 0.0475 0.0475 0.0475 0.0475 0.0475 0.0475 0.0475 0.0475 0.0475 0.0475 0.0475 0.0475 0.0475 0.0475 0.0475 
TS29 0.0216 0.0216 0.0216 0.0216 0.0216 0.0216 0.0216 0.0216 0.0216 0.0216 0.0216 0.0216 0.0216 0.0216 0.0216 0.0216 0.0216 0.0216 0.0216 0.0216 0.0216 0.0216 0.0216 0.0216 0.0216 0.0216 0.0216 0.0216 0.0216 0.0216 0.0216 0.0216 
TS30 0.0238 0.0238 0.0238 0.0238 0.0238 0.0238 0.0238 0.0238 0.0238 0.0238 0.0238 0.0238 0.0238 0.0238 0.0238 0.0238 0.0238 0.0238 0.0238 0.0238 0.0238 0.0238 0.0238 0.0238 0.0238 0.0238 0.0238 0.0238 0.0238 0.0238 0.0238 0.0238 
TS31 0.0216 0.0216 0.0216 0.0216 0.0216 0.0216 0.0216 0.0216 0.0216 0.0216 0.0216 0.0216 0.0216 0.0216 0.0216 0.0216 0.0216 0.0216 0.0216 0.0216 0.0216 0.0216 0.0216 0.0216 0.0216 0.0216 0.0216 0.0216 0.0216 0.0216 0.0216 0.0216 
TS32 0.0137 0.0137 0.0137 0.0137 0.0137 0.0137 0.0137 0.0137 0.0137 0.0137 0.0137 0.0137 0.0137 0.0137 0.0137 0.0137 0.0137 0.0137 0.0137 0.0137 0.0137 0.0137 0.0137 0.0137 0.0137 0.0137 0.0137 0.0137 0.0137 0.0137 0.0137 0.0137 
TS33 0.0271 0.0271 0.0271 0.0271 0.0271 0.0271 0.0271 0.0271 0.0271 0.0271 0.0271 0.0271 0.0271 0.0271 0.0271 0.0271 0.0271 0.0271 0.0271 0.0271 0.0271 0.0271 0.0271 0.0271 0.0271 0.0271 0.0271 0.0271 0.0271 0.0271 0.0271 0.0271 
TS34 0.0207 0.0207 0.0207 0.0207 0.0207 0.0207 0.0207 0.0207 0.0207 0.0207 0.0207 0.0207 0.0207 0.0207 0.0207 0.0207 0.0207 0.0207 0.0207 0.0207 0.0207 0.0207 0.0207 0.0207 0.0207 0.0207 0.0207 0.0207 0.0207 0.0207 0.0207 0.0207 
TS35 0.0093 0.0093 0.0093 0.0093 0.0093 0.0093 0.0093 0.0093 0.0093 0.0093 0.0093 0.0093 0.0093 0.0093 0.0093 0.0093 0.0093 0.0093 0.0093 0.0093 0.0093 0.0093 0.0093 0.0093 0.0093 0.0093 0.0093 0.0093 0.0093 0.0093 0.0093 0.0093 
TS36 0.0102 0.0102 0.0102 0.0102 0.0102 0.0102 0.0102 0.0102 0.0102 0.0102 0.0102 0.0102 0.0102 0.0102 0.0102 0.0102 0.0102 0.0102 0.0102 0.0102 0.0102 0.0102 0.0102 0.0102 0.0102 0.0102 0.0102 0.0102 0.0102 0.0102 0.0102 0.0102 
TS37 0.0374 0.0374 0.0374 0.0374 0.0374 0.0374 0.0374 0.0374 0.0374 0.0374 0.0374 0.0374 0.0374 0.0374 0.0374 0.0374 0.0374 0.0374 0.0374 0.0374 0.0374 0.0374 0.0374 0.0374 0.0374 0.0374 0.0374 0.0374 0.0374 0.0374 0.0374 0.0374 
TS38 0.0237 0.0237 0.0237 0.0237 0.0237 0.0237 0.0237 0.0237 0.0237 0.0237 0.0237 0.0237 0.0237 0.0237 0.0237 0.0237 0.0237 0.0237 0.0237 0.0237 0.0237 0.0237 0.0237 0.0237 0.0237 0.0237 0.0237 0.0237 0.0237 0.0237 0.0237 0.0237 
TS39 0.0471 0.0471 0.0471 0.0471 0.0471 0.0471 0.0471 0.0471 0.0471 0.0471 0.0471 0.0471 0.0471 0.0471 0.0471 0.0471 0.0471 0.0471 0.0471 0.0471 0.0471 0.0471 0.0471 0.0471 0.0471 0.0471 0.0471 0.0471 0.0471 0.0471 0.0471 0.0471 
TS40 0.0363 0.0363 0.0363 0.0363 0.0363 0.0363 0.0363 0.0363 0.0363 0.0363 0.0363 0.0363 0.0363 0.0363 0.0363 0.0363 0.0363 0.0363 0.0363 0.0363 0.0363 0.0363 0.0363 0.0363 0.0363 0.0363 0.0363 0.0363 0.0363 0.0363 0.0363 0.0363 
TS41 0.0166 0.0166 0.0166 0.0166 0.0166 0.0166 0.0166 0.0166 0.0166 0.0166 0.0166 0.0166 0.0166 0.0166 0.0166 0.0166 0.0166 0.0166 0.0166 0.0166 0.0166 0.0166 0.0166 0.0166 0.0166 0.0166 0.0166 0.0166 0.0166 0.0166 0.0166 0.0166 
TS42 0.0185 0.0185 0.0185 0.0185 0.0185 0.0185 0.0185 0.0185 0.0185 0.0185 0.0185 0.0185 0.0185 0.0185 0.0185 0.0185 0.0185 0.0185 0.0185 0.0185 0.0185 0.0185 0.0185 0.0185 0.0185 0.0185 0.0185 0.0185 0.0185 0.0185 0.0185 0.0185 
TS43 0.0155 0.0155 0.0155 0.0155 0.0155 0.0155 0.0155 0.0155 0.0155 0.0155 0.0155 0.0155 0.0155 0.0155 0.0155 0.0155 0.0155 0.0155 0.0155 0.0155 0.0155 0.0155 0.0155 0.0155 0.0155 0.0155 0.0155 0.0155 0.0155 0.0155 0.0155 0.0155 
TS44 0.0097 0.0097 0.0097 0.0097 0.0097 0.0097 0.0097 0.0097 0.0097 0.0097 0.0097 0.0097 0.0097 0.0097 0.0097 0.0097 0.0097 0.0097 0.0097 0.0097 0.0097 0.0097 0.0097 0.0097 0.0097 0.0097 0.0097 0.0097 0.0097 0.0097 0.0097 0.0097 
TS45 0.0194 0.0194 0.0194 0.0194 0.0194 0.0194 0.0194 0.0194 0.0194 0.0194 0.0194 0.0194 0.0194 0.0194 0.0194 0.0194 0.0194 0.0194 0.0194 0.0194 0.0194 0.0194 0.0194 0.0194 0.0194 0.0194 0.0194 0.0194 0.0194 0.0194 0.0194 0.0194 
TS46 0.015 0.015 0.015 0.015 0.015 0.015 0.015 0.015 0.015 0.015 0.015 0.015 0.015 0.015 0.015 0.015 0.015 0.015 0.015 0.015 0.015 0.015 0.015 0.015 0.015 0.015 0.015 0.015 0.015 0.015 0.015 0.015 
TS47 0.0068 0.0068 0.0068 0.0068 0.0068 0.0068 0.0068 0.0068 0.0068 0.0068 0.0068 0.0068 0.0068 0.0068 0.0068 0.0068 0.0068 0.0068 0.0068 0.0068 0.0068 0.0068 0.0068 0.0068 0.0068 0.0068 0.0068 0.0068 0.0068 0.0068 0.0068 0.0068 
TS48 0.0076 0.0076 0.0076 0.0076 0.0076 0.0076 0.0076 0.0076 0.0076 0.0076 0.0076 0.0076 0.0076 0.0076 0.0076 0.0076 0.0076 0.0076 0.0076 0.0076 0.0076 0.0076 0.0076 0.0076 0.0076 0.0076 0.0076 0.0076 0.0076 0.0076 0.0076 0.0076 
[RE1,INDELC,*,*]:
2019 2020 2021 2022 2023 2024 2025 2026 2027 2028 2029 2030 2031 2032 2033 2034 2035 2036 2037 2038 2039 2040 2041 2042 2043 2044 2045 2046 2047 2048 2049 2050 :=
TS01 0.0358 0.0358 0.0358 0.0358 0.0358 0.0358 0.0358 0.0358 0.0358 0.0358 0.0358 0.0358 0.0358 0.0358 0.0358 0.0358 0.0358 0.0358 0.0358 0.0358 0.0358 0.0358 0.0358 0.0358 0.0358 0.0358 0.0358 0.0358 0.0358 0.0358 0.0358 0.0358 
TS02 0.0227 0.0227 0.0227 0.0227 0.0227 0.0227 0.0227 0.0227 0.0227 0.0227 0.0227 0.0227 0.0227 0.0227 0.0227 0.0227 0.0227 0.0227 0.0227 0.0227 0.0227 0.0227 0.0227 0.0227 0.0227 0.0227 0.0227 0.0227 0.0227 0.0227 0.0227 0.0227 
TS03 0.0449 0.0449 0.0449 0.0449 0.0449 0.0449 0.0449 0.0449 0.0449 0.0449 0.0449 0.0449 0.0449 0.0449 0.0449 0.0449 0.0449 0.0449 0.0449 0.0449 0.0449 0.0449 0.0449 0.0449 0.0449 0.0449 0.0449 0.0449 0.0449 0.0449 0.0449 0.0449 
TS04 0.034 0.034 0.034 0.034 0.034 0.034 0.034 0.034 0.034 0.034 0.034 0.034 0.034 0.034 0.034 0.034 0.034 0.034 0.034 0.034 0.034 0.034 0.034 0.034 0.034 0.034 0.034 0.034 0.034 0.034 0.034 0.034 
TS05 0.0162 0.0162 0.0162 0.0162 0.0162 0.0162 0.0162 0.0162 0.0162 0.0162 0.0162 0.0162 0.0162 0.0162 0.0162 0.0162 0.0162 0.0162 0.0162 0.0162 0.0162 0.0162 0.0162 0.0162 0.0162 0.0162 0.0162 0.0162 0.0162 0.0162 0.0162 0.0162 
TS06 0.0178 0.0178 0.0178 0.0178 0.0178 0.0178 0.0178 0.0178 0.0178 0.0178 0.0178 0.0178 0.0178 0.0178 0.0178 0.0178 0.0178 0.0178 0.0178 0.0178 0.0178 0.0178 0.0178 0.0178 0.0178 0.0178 0.0178 0.0178 0.0178 0.0178 0.0178 0.0178 
TS07 0.0158 0.0158 0.0158 0.0158 0.0158 0.0158 0.0158 0.0158 0.0158 0.0158 0.0158 0.0158 0.0158 0.0158 0.0158 0.0158 0.0158 0.0158 0.0158 0.0158 0.0158 0.0158 0.0158 0.0158 0.0158 0.0158 0.0158 0.0158 0.0158 0.0158 0.0158 0.0158 
TS08 0.0097 0.0097 0.0097 0.0097 0.0097 0.0097 0.0097 0.0097 0.0097 0.0097 0.0097 0.0097 0.0097 0.0097 0.0097 0.0097 0.0097 0.0097 0.0097 0.0097 0.0097 0.0097 0.0097 0.0097 0.0097 0.0097 0.0097 0.0097 0.0097 0.0097 0.0097 0.0097 
TS09 0.0193 0.0193 0.0193 0.0193 0.0193 0.0193 0.0193 0.0193 0.0193 0.0193 0.0193 0.0193 0.0193 0.0193 0.0193 0.0193 0.0193 0.0193 0.0193 0.0193 0.0193 0.0193 0.0193 0.0193 0.0193 0.0193 0.0193 0.0193 0.0193 0.0193 0.0193 0.0193 
TS10 0.0146 0.0146 0.0146 0.0146 0.0146 0.0146 0.0146 0.0146 0.0146 0.0146 0.0146 0.0146 0.0146 0.0146 0.0146 0.0146 0.0146 0.0146 0.0146 0.0146 0.0146 0.0146 0.0146 0.0146 0.0146 0.0146 0.0146 0.0146 0.0146 0.0146 0.0146 0.0146 
TS11 0.0068 0.0068 0.0068 0.0068 0.0068 0.0068 0.0068 0.0068 0.0068 0.0068 0.0068 0.0068 0.0068 0.0068 0.0068 0.0068 0.0068 0.0068 0.0068 0.0068 0.0068 0.0068 0.0068 0.0068 0.0068 0.0068 0.0068 0.0068 0.0068 0.0068 0.0068 0.0068 
TS12 0.0076 0.0076 0.0076 0.0076 0.0076 0.0076 0.0076 0.0076 0.0076 0.0076 0.0076 0.0076 0.0076 0.0076 0.0076 0.0076 0.0076 0.0076 0.0076 0.0076 0.0076 0.0076 0.0076 0.0076 0.0076 0.0076 0.0076 0.0076 0.0076 0.0076 0.0076 0.0076 
TS13 0.0242 0.0242 0.0242 0.0242 0.0242 0.0242 0.0242 0.0242 0.0242 0.0242 0.0242 0.0242 0.0242 0.0242 0.0242 0.0242 0.0242 0.0242 0.0242 0.0242 0.0242 0.0242 0.0242 0.0242 0.0242 0.0242 0.0242 0.0242 0.0242 0.0242 0.0242 0.0242 
TS14 0.0158 0.0158 0.0158 0.0158 0.0158 0.0158 0.0158 0.0158 0.0158 0.0158 0.0158 0.0158 0.0158 0.0158 0.0158 0.0158 0.0158 0.0158 0.0158 0.0158 0.0158 0.0158 0.0158 0.0158 0.0158 0.0158 0.0158 0.0158 0.0158 0.0158 0.0158 0.0158 
TS15 0.0314 0.0314 0.0314 0.0314 0.0314 0.0314 0.0314 0.0314 0.0314 0.0314 0.0314 0.0314 0.0314 0.0314 0.0314 0.0314 0.0314 0.0314 0.0314 0.0314 0.0314 0.0314 0.0314 0.0314 0.0314 0.0314 0.0314 0.0314 0.0314 0.0314 0.0314 0.0314 
TS16 0.0237 0.0237 0.0237 0.0237 0.0237 0.0237 0.0237 0.0237 0.0237 0.0237 0.0237 0.0237 0.0237 0.0237 0.0237 0.0237 0.0237 0.0237 0.0237 0.0237 0.0237 0.0237 0.0237 0.0237 0.0237 0.0237 0.0237 0.0237 0.0237 0.0237 0.0237 0.0237 
TS17 0.0108 0.0108 0.0108 0.0108 0.0108 0.0108 0.0108 0.0108 0.0108 0.0108 0.0108 0.0108 0.0108 0.0108 0.0108 0.0108 0.0108 0.0108 0.0108 0.0108 0.0108 0.0108 0.0108 0.0108 0.0108 0.0108 0.0108 0.0108 0.0108 0.0108 0.0108 0.0108 
TS18 0.012 0.012 0.012 0.012 0.012 0.012 0.012 0.012 0.012 0.012 0.012 0.012 0.012 0.012 0.012 0.012 0.012 0.012 0.012 0.012 0.012 0.012 0.012 0.012 0.012 0.012 0.012 0.012 0.012 0.012 0.012 0.012 
TS19 0.0091 0.0091 0.0091 0.0091 0.0091 0.0091 0.0091 0.0091 0.0091 0.0091 0.0091 0.0091 0.0091 0.0091 0.0091 0.0091 0.0091 0.0091 0.0091 0.0091 0.0091 0.0091 0.0091 0.0091 0.0091 0.0091 0.0091 0.0091 0.0091 0.0091 0.0091 0.0091 
TS20 0.006 0.006 0.006 0.006 0.006 0.006 0.006 0.006 0.006 0.006 0.006 0.006 0.006 0.006 0.006 0.006 0.006 0.006 0.006 0.006 0.006 0.006 0.006 0.006 0.006 0.006 0.006 0.006 0.006 0.006 0.006 0.006 
TS21 0.012 0.012 0.012 0.012 0.012 0.012 0.012 0.012 0.012 0.012 0.012 0.012 0.012 0.012 0.012 0.012 0.012 0.012 0.012 0.012 0.012 0.012 0.012 0.012 0.012 0.012 0.012 0.012 0.012 0.012 0.012 0.012 
TS22 0.009 0.009 0.009 0.009 0.009 0.009 0.009 0.009 0.009 0.009 0.009 0.009 0.009 0.009 0.009 0.009 0.009 0.009 0.009 0.009 0.009 0.009 0.009 0.009 0.009 0.009 0.009 0.009 0.009 0.009 0.009 0.009 
TS23 0.0041 0.0041 0.0041 0.0041 0.0041 0.0041 0.0041 0.0041 0.0041 0.0041 0.0041 0.0041 0.0041 0.0041 0.0041 0.0041 0.0041 0.0041 0.0041 0.0041 0.0041 0.0041 0.0041 0.0041 0.0041 0.0041 0.0041 0.0041 0.0041 0.0041 0.0041 0.0041 
TS24 0.0045 0.0045 0.0045 0.0045 0.0045 0.0045 0.0045 0.0045 0.0045 0.0045 0.0045 0.0045 0.0045 0.0045 0.0045 0.0045 0.0045 0.0045 0.0045 0.0045 0.0045 0.0045 0.0045 0.0045 0.0045 0.0045 0.0045 0.0045 0.0045 0.0045 0.0045 0.0045 
TS25 0.049 0.049 0.049 0.049 0.049 0.049 0.049 0.049 0.049 0.049 0.049 0.049 0.049 0.049 0.049 0.049 0.049 0.049 0.049 0.049 0.049 0.049 0.049 0.049 0.049 0.049 0.049 0.049 0.049 0.049 0.049 0.049 
TS26 0.0318 0.0318 0.0318 0.0318 0.0318 0.0318 0.0318 0.0318 0.0318 0.0318 0.0318 0.0318 0.0318 0.0318 0.0318 0.0318 0.0318 0.0318 0.0318 0.0318 0.0318 0.0318 0.0318 0.0318 0.0318 0.0318 0.0318 0.0318 0.0318 0.0318 0.0318 0.0318 
TS27 0.0623 0.0623 0.0623 0.0623 0.0623 0.0623 0.0623 0.0623 0.0623 0.0623 0.0623 0.0623 0.0623 0.0623 0.0623 0.0623 0.0623 0.0623 0.0623 0.0623 0.0623 0.0623 0.0623 0.0623 0.0623 0.0623 0.0623 0.0623 0.0623 0.0623 0.0623 0.0623 
TS28 0.0475 0.0475 0.0475 0.0475 0.0475 0.0475 0.0475 0.0475 0.0475 0.0475 0.0475 0.0475 0.0475 0.0475 0.0475 0.0475 0.0475 0.0475 0.0475 0.0475 0.0475 0.0475 0.0475 0.0475 0.0475 0.0475 0.0475 0.0475 0.0475 0.0475 0.0475 0.0475 
TS29 0.0216 0.0216 0.0216 0.0216 0.0216 0.0216 0.0216 0.0216 0.0216 0.0216 0.0216 0.0216 0.0216 0.0216 0.0216 0.0216 0.0216 0.0216 0.0216 0.0216 0.0216 0.0216 0.0216 0.0216 0.0216 0.0216 0.0216 0.0216 0.0216 0.0216 0.0216 0.0216 
TS30 0.0238 0.0238 0.0238 0.0238 0.0238 0.0238 0.0238 0.0238 0.0238 0.0238 0.0238 0.0238 0.0238 0.0238 0.0238 0.0238 0.0238 0.0238 0.0238 0.0238 0.0238 0.0238 0.0238 0.0238 0.0238 0.0238 0.0238 0.0238 0.0238 0.0238 0.0238 0.0238 
TS31 0.0216 0.0216 0.0216 0.0216 0.0216 0.0216 0.0216 0.0216 0.0216 0.0216 0.0216 0.0216 0.0216 0.0216 0.0216 0.0216 0.0216 0.0216 0.0216 0.0216 0.0216 0.0216 0.0216 0.0216 0.0216 0.0216 0.0216 0.0216 0.0216 0.0216 0.0216 0.0216 
TS32 0.0137 0.0137 0.0137 0.0137 0.0137 0.0137 0.0137 0.0137 0.0137 0.0137 0.0137 0.0137 0.0137 0.0137 0.0137 0.0137 0.0137 0.0137 0.0137 0.0137 0.0137 0.0137 0.0137 0.0137 0.0137 0.0137 0.0137 0.0137 0.0137 0.0137 0.0137 0.0137 
TS33 0.0271 0.0271 0.0271 0.0271 0.0271 0.0271 0.0271 0.0271 0.0271 0.0271 0.0271 0.0271 0.0271 0.0271 0.0271 0.0271 0.0271 0.0271 0.0271 0.0271 0.0271 0.0271 0.0271 0.0271 0.0271 0.0271 0.0271 0.0271 0.0271 0.0271 0.0271 0.0271 
TS34 0.0207 0.0207 0.0207 0.0207 0.0207 0.0207 0.0207 0.0207 0.0207 0.0207 0.0207 0.0207 0.0207 0.0207 0.0207 0.0207 0.0207 0.0207 0.0207 0.0207 0.0207 0.0207 0.0207 0.0207 0.0207 0.0207 0.0207 0.0207 0.0207 0.0207 0.0207 0.0207 
TS35 0.0093 0.0093 0.0093 0.0093 0.0093 0.0093 0.0093 0.0093 0.0093 0.0093 0.0093 0.0093 0.0093 0.0093 0.0093 0.0093 0.0093 0.0093 0.0093 0.0093 0.0093 0.0093 0.0093 0.0093 0.0093 0.0093 0.0093 0.0093 0.0093 0.0093 0.0093 0.0093 
TS36 0.0102 0.0102 0.0102 0.0102 0.0102 0.0102 0.0102 0.0102 0.0102 0.0102 0.0102 0.0102 0.0102 0.0102 0.0102 0.0102 0.0102 0.0102 0.0102 0.0102 0.0102 0.0102 0.0102 0.0102 0.0102 0.0102 0.0102 0.0102 0.0102 0.0102 0.0102 0.0102 
TS37 0.0374 0.0374 0.0374 0.0374 0.0374 0.0374 0.0374 0.0374 0.0374 0.0374 0.0374 0.0374 0.0374 0.0374 0.0374 0.0374 0.0374 0.0374 0.0374 0.0374 0.0374 0.0374 0.0374 0.0374 0.0374 0.0374 0.0374 0.0374 0.0374 0.0374 0.0374 0.0374 
TS38 0.0237 0.0237 0.0237 0.0237 0.0237 0.0237 0.0237 0.0237 0.0237 0.0237 0.0237 0.0237 0.0237 0.0237 0.0237 0.0237 0.0237 0.0237 0.0237 0.0237 0.0237 0.0237 0.0237 0.0237 0.0237 0.0237 0.0237 0.0237 0.0237 0.0237 0.0237 0.0237 
TS39 0.0471 0.0471 0.0471 0.0471 0.0471 0.0471 0.0471 0.0471 0.0471 0.0471 0.0471 0.0471 0.0471 0.0471 0.0471 0.0471 0.0471 0.0471 0.0471 0.0471 0.0471 0.0471 0.0471 0.0471 0.0471 0.0471 0.0471 0.0471 0.0471 0.0471 0.0471 0.0471 
TS40 0.0363 0.0363 0.0363 0.0363 0.0363 0.0363 0.0363 0.0363 0.0363 0.0363 0.0363 0.0363 0.0363 0.0363 0.0363 0.0363 0.0363 0.0363 0.0363 0.0363 0.0363 0.0363 0.0363 0.0363 0.0363 0.0363 0.0363 0.0363 0.0363 0.0363 0.0363 0.0363 
TS41 0.0166 0.0166 0.0166 0.0166 0.0166 0.0166 0.0166 0.0166 0.0166 0.0166 0.0166 0.0166 0.0166 0.0166 0.0166 0.0166 0.0166 0.0166 0.0166 0.0166 0.0166 0.0166 0.0166 0.0166 0.0166 0.0166 0.0166 0.0166 0.0166 0.0166 0.0166 0.0166 
TS42 0.0185 0.0185 0.0185 0.0185 0.0185 0.0185 0.0185 0.0185 0.0185 0.0185 0.0185 0.0185 0.0185 0.0185 0.0185 0.0185 0.0185 0.0185 0.0185 0.0185 0.0185 0.0185 0.0185 0.0185 0.0185 0.0185 0.0185 0.0185 0.0185 0.0185 0.0185 0.0185 
TS43 0.0155 0.0155 0.0155 0.0155 0.0155 0.0155 0.0155 0.0155 0.0155 0.0155 0.0155 0.0155 0.0155 0.0155 0.0155 0.0155 0.0155 0.0155 0.0155 0.0155 0.0155 0.0155 0.0155 0.0155 0.0155 0.0155 0.0155 0.0155 0.0155 0.0155 0.0155 0.0155 
TS44 0.0097 0.0097 0.0097 0.0097 0.0097 0.0097 0.0097 0.0097 0.0097 0.0097 0.0097 0.0097 0.0097 0.0097 0.0097 0.0097 0.0097 0.0097 0.0097 0.0097 0.0097 0.0097 0.0097 0.0097 0.0097 0.0097 0.0097 0.0097 0.0097 0.0097 0.0097 0.0097 
TS45 0.0194 0.0194 0.0194 0.0194 0.0194 0.0194 0.0194 0.0194 0.0194 0.0194 0.0194 0.0194 0.0194 0.0194 0.0194 0.0194 0.0194 0.0194 0.0194 0.0194 0.0194 0.0194 0.0194 0.0194 0.0194 0.0194 0.0194 0.0194 0.0194 0.0194 0.0194 0.0194 
TS46 0.015 0.015 0.015 0.015 0.015 0.015 0.015 0.015 0.015 0.015 0.015 0.015 0.015 0.015 0.015 0.015 0.015 0.015 0.015 0.015 0.015 0.015 0.015 0.015 0.015 0.015 0.015 0.015 0.015 0.015 0.015 0.015 
TS47 0.0068 0.0068 0.0068 0.0068 0.0068 0.0068 0.0068 0.0068 0.0068 0.0068 0.0068 0.0068 0.0068 0.0068 0.0068 0.0068 0.0068 0.0068 0.0068 0.0068 0.0068 0.0068 0.0068 0.0068 0.0068 0.0068 0.0068 0.0068 0.0068 0.0068 0.0068 0.0068 
TS48 0.0076 0.0076 0.0076 0.0076 0.0076 0.0076 0.0076 0.0076 0.0076 0.0076 0.0076 0.0076 0.0076 0.0076 0.0076 0.0076 0.0076 0.0076 0.0076 0.0076 0.0076 0.0076 0.0076 0.0076 0.0076 0.0076 0.0076 0.0076 0.0076 0.0076 0.0076 0.0076 
[RE1,RESELC,*,*]:
2019 2020 2021 2022 2023 2024 2025 2026 2027 2028 2029 2030 2031 2032 2033 2034 2035 2036 2037 2038 2039 2040 2041 2042 2043 2044 2045 2046 2047 2048 2049 2050 :=
TS01 0.0358 0.0358 0.0358 0.0358 0.0358 0.0358 0.0358 0.0358 0.0358 0.0358 0.0358 0.0358 0.0358 0.0358 0.0358 0.0358 0.0358 0.0358 0.0358 0.0358 0.0358 0.0358 0.0358 0.0358 0.0358 0.0358 0.0358 0.0358 0.0358 0.0358 0.0358 0.0358 
TS02 0.0227 0.0227 0.0227 0.0227 0.0227 0.0227 0.0227 0.0227 0.0227 0.0227 0.0227 0.0227 0.0227 0.0227 0.0227 0.0227 0.0227 0.0227 0.0227 0.0227 0.0227 0.0227 0.0227 0.0227 0.0227 0.0227 0.0227 0.0227 0.0227 0.0227 0.0227 0.0227 
TS03 0.0449 0.0449 0.0449 0.0449 0.0449 0.0449 0.0449 0.0449 0.0449 0.0449 0.0449 0.0449 0.0449 0.0449 0.0449 0.0449 0.0449 0.0449 0.0449 0.0449 0.0449 0.0449 0.0449 0.0449 0.0449 0.0449 0.0449 0.0449 0.0449 0.0449 0.0449 0.0449 
TS04 0.034 0.034 0.034 0.034 0.034 0.034 0.034 0.034 0.034 0.034 0.034 0.034 0.034 0.034 0.034 0.034 0.034 0.034 0.034 0.034 0.034 0.034 0.034 0.034 0.034 0.034 0.034 0.034 0.034 0.034 0.034 0.034 
TS05 0.0162 0.0162 0.0162 0.0162 0.0162 0.0162 0.0162 0.0162 0.0162 0.0162 0.0162 0.0162 0.0162 0.0162 0.0162 0.0162 0.0162 0.0162 0.0162 0.0162 0.0162 0.0162 0.0162 0.0162 0.0162 0.0162 0.0162 0.0162 0.0162 0.0162 0.0162 0.0162 
TS06 0.0178 0.0178 0.0178 0.0178 0.0178 0.0178 0.0178 0.0178 0.0178 0.0178 0.0178 0.0178 0.0178 0.0178 0.0178 0.0178 0.0178 0.0178 0.0178 0.0178 0.0178 0.0178 0.0178 0.0178 0.0178 0.0178 0.0178 0.0178 0.0178 0.0178 0.0178 0.0178 
TS07 0.0158 0.0158 0.0158 0.0158 0.0158 0.0158 0.0158 0.0158 0.0158 0.0158 0.0158 0.0158 0.0158 0.0158 0.0158 0.0158 0.0158 0.0158 0.0158 0.0158 0.0158 0.0158 0.0158 0.0158 0.0158 0.0158 0.0158 0.0158 0.0158 0.0158 0.0158 0.0158 
TS08 0.0097 0.0097 0.0097 0.0097 0.0097 0.0097 0.0097 0.0097 0.0097 0.0097 0.0097 0.0097 0.0097 0.0097 0.0097 0.0097 0.0097 0.0097 0.0097 0.0097 0.0097 0.0097 0.0097 0.0097 0.0097 0.0097 0.0097 0.0097 0.0097 0.0097 0.0097 0.0097 
TS09 0.0193 0.0193 0.0193 0.0193 0.0193 0.0193 0.0193 0.0193 0.0193 0.0193 0.0193 0.0193 0.0193 0.0193 0.0193 0.0193 0.0193 0.0193 0.0193 0.0193 0.0193 0.0193 0.0193 0.0193 0.0193 0.0193 0.0193 0.0193 0.0193 0.0193 0.0193 0.0193 
TS10 0.0146 0.0146 0.0146 0.0146 0.0146 0.0146 0.0146 0.0146 0.0146 0.0146 0.0146 0.0146 0.0146 0.0146 0.0146 0.0146 0.0146 0.0146 0.0146 0.0146 0.0146 0.0146 0.0146 0.0146 0.0146 0.0146 0.0146 0.0146 0.0146 0.0146 0.0146 0.0146 
TS11 0.0068 0.0068 0.0068 0.0068 0.0068 0.0068 0.0068 0.0068 0.0068 0.0068 0.0068 0.0068 0.0068 0.0068 0.0068 0.0068 0.0068 0.0068 0.0068 0.0068 0.0068 0.0068 0.0068 0.0068 0.0068 0.0068 0.0068 0.0068 0.0068 0.0068 0.0068 0.0068 
TS12 0.0076 0.0076 0.0076 0.0076 0.0076 0.0076 0.0076 0.0076 0.0076 0.0076 0.0076 0.0076 0.0076 0.0076 0.0076 0.0076 0.0076 0.0076 0.0076 0.0076 0.0076 0.0076 0.0076 0.0076 0.0076 0.0076 0.0076 0.0076 0.0076 0.0076 0.0076 0.0076 
TS13 0.0242 0.0242 0.0242 0.0242 0.0242 0.0242 0.0242 0.0242 0.0242 0.0242 0.0242 0.0242 0.0242 0.0242 0.0242 0.0242 0.0242 0.0242 0.0242 0.0242 0.0242 0.0242 0.0242 0.0242 0.0242 0.0242 0.0242 0.0242 0.0242 0.0242 0.0242 0.0242 
TS14 0.0158 0.0158 0.0158 0.0158 0.0158 0.0158 0.0158 0.0158 0.0158 0.0158 0.0158 0.0158 0.0158 0.0158 0.0158 0.0158 0.0158 0.0158 0.0158 0.0158 0.0158 0.0158 0.0158 0.0158 0.0158 0.0158 0.0158 0.0158 0.0158 0.0158 0.0158 0.0158 
TS15 0.0314 0.0314 0.0314 0.0314 0.0314 0.0314 0.0314 0.0314 0.0314 0.0314 0.0314 0.0314 0.0314 0.0314 0.0314 0.0314 0.0314 0.0314 0.0314 0.0314 0.0314 0.0314 0.0314 0.0314 0.0314 0.0314 0.0314 0.0314 0.0314 0.0314 0.0314 0.0314 
TS16 0.0237 0.0237 0.0237 0.0237 0.0237 0.0237 0.0237 0.0237 0.0237 0.0237 0.0237 0.0237 0.0237 0.0237 0.0237 0.0237 0.0237 0.0237 0.0237 0.0237 0.0237 0.0237 0.0237 0.0237 0.0237 0.0237 0.0237 0.0237 0.0237 0.0237 0.0237 0.0237 
TS17 0.0108 0.0108 0.0108 0.0108 0.0108 0.0108 0.0108 0.0108 0.0108 0.0108 0.0108 0.0108 0.0108 0.0108 0.0108 0.0108 0.0108 0.0108 0.0108 0.0108 0.0108 0.0108 0.0108 0.0108 0.0108 0.0108 0.0108 0.0108 0.0108 0.0108 0.0108 0.0108 
TS18 0.012 0.012 0.012 0.012 0.012 0.012 0.012 0.012 0.012 0.012 0.012 0.012 0.012 0.012 0.012 0.012 0.012 0.012 0.012 0.012 0.012 0.012 0.012 0.012 0.012 0.012 0.012 0.012 0.012 0.012 0.012 0.012 
TS19 0.0091 0.0091 0.0091 0.0091 0.0091 0.0091 0.0091 0.0091 0.0091 0.0091 0.0091 0.0091 0.0091 0.0091 0.0091 0.0091 0.0091 0.0091 0.0091 0.0091 0.0091 0.0091 0.0091 0.0091 0.0091 0.0091 0.0091 0.0091 0.0091 0.0091 0.0091 0.0091 
TS20 0.006 0.006 0.006 0.006 0.006 0.006 0.006 0.006 0.006 0.006 0.006 0.006 0.006 0.006 0.006 0.006 0.006 0.006 0.006 0.006 0.006 0.006 0.006 0.006 0.006 0.006 0.006 0.006 0.006 0.006 0.006 0.006 
TS21 0.012 0.012 0.012 0.012 0.012 0.012 0.012 0.012 0.012 0.012 0.012 0.012 0.012 0.012 0.012 0.012 0.012 0.012 0.012 0.012 0.012 0.012 0.012 0.012 0.012 0.012 0.012 0.012 0.012 0.012 0.012 0.012 
TS22 0.009 0.009 0.009 0.009 0.009 0.009 0.009 0.009 0.009 0.009 0.009 0.009 0.009 0.009 0.009 0.009 0.009 0.009 0.009 0.009 0.009 0.009 0.009 0.009 0.009 0.009 0.009 0.009 0.009 0.009 0.009 0.009 
TS23 0.0041 0.0041 0.0041 0.0041 0.0041 0.0041 0.0041 0.0041 0.0041 0.0041 0.0041 0.0041 0.0041 0.0041 0.0041 0.0041 0.0041 0.0041 0.0041 0.0041 0.0041 0.0041 0.0041 0.0041 0.0041 0.0041 0.0041 0.0041 0.0041 0.0041 0.0041 0.0041 
TS24 0.0045 0.0045 0.0045 0.0045 0.0045 0.0045 0.0045 0.0045 0.0045 0.0045 0.0045 0.0045 0.0045 0.0045 0.0045 0.0045 0.0045 0.0045 0.0045 0.0045 0.0045 0.0045 0.0045 0.0045 0.0045 0.0045 0.0045 0.0045 0.0045 0.0045 0.0045 0.0045 
TS25 0.049 0.049 0.049 0.049 0.049 0.049 0.049 0.049 0.049 0.049 0.049 0.049 0.049 0.049 0.049 0.049 0.049 0.049 0.049 0.049 0.049 0.049 0.049 0.049 0.049 0.049 0.049 0.049 0.049 0.049 0.049 0.049 
TS26 0.0318 0.0318 0.0318 0.0318 0.0318 0.0318 0.0318 0.0318 0.0318 0.0318 0.0318 0.0318 0.0318 0.0318 0.0318 0.0318 0.0318 0.0318 0.0318 0.0318 0.0318 0.0318 0.0318 0.0318 0.0318 0.0318 0.0318 0.0318 0.0318 0.0318 0.0318 0.0318 
TS27 0.0623 0.0623 0.0623 0.0623 0.0623 0.0623 0.0623 0.0623 0.0623 0.0623 0.0623 0.0623 0.0623 0.0623 0.0623 0.0623 0.0623 0.0623 0.0623 0.0623 0.0623 0.0623 0.0623 0.0623 0.0623 0.0623 0.0623 0.0623 0.0623 0.0623 0.0623 0.0623 
TS28 0.0475 0.0475 0.0475 0.0475 0.0475 0.0475 0.0475 0.0475 0.0475 0.0475 0.0475 0.0475 0.0475 0.0475 0.0475 0.0475 0.0475 0.0475 0.0475 0.0475 0.0475 0.0475 0.0475 0.0475 0.0475 0.0475 0.0475 0.0475 0.0475 0.0475 0.0475 0.0475 
TS29 0.0216 0.0216 0.0216 0.0216 0.0216 0.0216 0.0216 0.0216 0.0216 0.0216 0.0216 0.0216 0.0216 0.0216 0.0216 0.0216 0.0216 0.0216 0.0216 0.0216 0.0216 0.0216 0.0216 0.0216 0.0216 0.0216 0.0216 0.0216 0.0216 0.0216 0.0216 0.0216 
TS30 0.0238 0.0238 0.0238 0.0238 0.0238 0.0238 0.0238 0.0238 0.0238 0.0238 0.0238 0.0238 0.0238 0.0238 0.0238 0.0238 0.0238 0.0238 0.0238 0.0238 0.0238 0.0238 0.0238 0.0238 0.0238 0.0238 0.0238 0.0238 0.0238 0.0238 0.0238 0.0238 
TS31 0.0216 0.0216 0.0216 0.0216 0.0216 0.0216 0.0216 0.0216 0.0216 0.0216 0.0216 0.0216 0.0216 0.0216 0.0216 0.0216 0.0216 0.0216 0.0216 0.0216 0.0216 0.0216 0.0216 0.0216 0.0216 0.0216 0.0216 0.0216 0.0216 0.0216 0.0216 0.0216 
TS32 0.0137 0.0137 0.0137 0.0137 0.0137 0.0137 0.0137 0.0137 0.0137 0.0137 0.0137 0.0137 0.0137 0.0137 0.0137 0.0137 0.0137 0.0137 0.0137 0.0137 0.0137 0.0137 0.0137 0.0137 0.0137 0.0137 0.0137 0.0137 0.0137 0.0137 0.0137 0.0137 
TS33 0.0271 0.0271 0.0271 0.0271 0.0271 0.0271 0.0271 0.0271 0.0271 0.0271 0.0271 0.0271 0.0271 0.0271 0.0271 0.0271 0.0271 0.0271 0.0271 0.0271 0.0271 0.0271 0.0271 0.0271 0.0271 0.0271 0.0271 0.0271 0.0271 0.0271 0.0271 0.0271 
TS34 0.0207 0.0207 0.0207 0.0207 0.0207 0.0207 0.0207 0.0207 0.0207 0.0207 0.0207 0.0207 0.0207 0.0207 0.0207 0.0207 0.0207 0.0207 0.0207 0.0207 0.0207 0.0207 0.0207 0.0207 0.0207 0.0207 0.0207 0.0207 0.0207 0.0207 0.0207 0.0207 
TS35 0.0093 0.0093 0.0093 0.0093 0.0093 0.0093 0.0093 0.0093 0.0093 0.0093 0.0093 0.0093 0.0093 0.0093 0.0093 0.0093 0.0093 0.0093 0.0093 0.0093 0.0093 0.0093 0.0093 0.0093 0.0093 0.0093 0.0093 0.0093 0.0093 0.0093 0.0093 0.0093 
TS36 0.0102 0.0102 0.0102 0.0102 0.0102 0.0102 0.0102 0.0102 0.0102 0.0102 0.0102 0.0102 0.0102 0.0102 0.0102 0.0102 0.0102 0.0102 0.0102 0.0102 0.0102 0.0102 0.0102 0.0102 0.0102 0.0102 0.0102 0.0102 0.0102 0.0102 0.0102 0.0102 
TS37 0.0374 0.0374 0.0374 0.0374 0.0374 0.0374 0.0374 0.0374 0.0374 0.0374 0.0374 0.0374 0.0374 0.0374 0.0374 0.0374 0.0374 0.0374 0.0374 0.0374 0.0374 0.0374 0.0374 0.0374 0.0374 0.0374 0.0374 0.0374 0.0374 0.0374 0.0374 0.0374 
TS38 0.0237 0.0237 0.0237 0.0237 0.0237 0.0237 0.0237 0.0237 0.0237 0.0237 0.0237 0.0237 0.0237 0.0237 0.0237 0.0237 0.0237 0.0237 0.0237 0.0237 0.0237 0.0237 0.0237 0.0237 0.0237 0.0237 0.0237 0.0237 0.0237 0.0237 0.0237 0.0237 
TS39 0.0471 0.0471 0.0471 0.0471 0.0471 0.0471 0.0471 0.0471 0.0471 0.0471 0.0471 0.0471 0.0471 0.0471 0.0471 0.0471 0.0471 0.0471 0.0471 0.0471 0.0471 0.0471 0.0471 0.0471 0.0471 0.0471 0.0471 0.0471 0.0471 0.0471 0.0471 0.0471 
TS40 0.0363 0.0363 0.0363 0.0363 0.0363 0.0363 0.0363 0.0363 0.0363 0.0363 0.0363 0.0363 0.0363 0.0363 0.0363 0.0363 0.0363 0.0363 0.0363 0.0363 0.0363 0.0363 0.0363 0.0363 0.0363 0.0363 0.0363 0.0363 0.0363 0.0363 0.0363 0.0363 
TS41 0.0166 0.0166 0.0166 0.0166 0.0166 0.0166 0.0166 0.0166 0.0166 0.0166 0.0166 0.0166 0.0166 0.0166 0.0166 0.0166 0.0166 0.0166 0.0166 0.0166 0.0166 0.0166 0.0166 0.0166 0.0166 0.0166 0.0166 0.0166 0.0166 0.0166 0.0166 0.0166 
TS42 0.0185 0.0185 0.0185 0.0185 0.0185 0.0185 0.0185 0.0185 0.0185 0.0185 0.0185 0.0185 0.0185 0.0185 0.0185 0.0185 0.0185 0.0185 0.0185 0.0185 0.0185 0.0185 0.0185 0.0185 0.0185 0.0185 0.0185 0.0185 0.0185 0.0185 0.0185 0.0185 
TS43 0.0155 0.0155 0.0155 0.0155 0.0155 0.0155 0.0155 0.0155 0.0155 0.0155 0.0155 0.0155 0.0155 0.0155 0.0155 0.0155 0.0155 0.0155 0.0155 0.0155 0.0155 0.0155 0.0155 0.0155 0.0155 0.0155 0.0155 0.0155 0.0155 0.0155 0.0155 0.0155 
TS44 0.0097 0.0097 0.0097 0.0097 0.0097 0.0097 0.0097 0.0097 0.0097 0.0097 0.0097 0.0097 0.0097 0.0097 0.0097 0.0097 0.0097 0.0097 0.0097 0.0097 0.0097 0.0097 0.0097 0.0097 0.0097 0.0097 0.0097 0.0097 0.0097 0.0097 0.0097 0.0097 
TS45 0.0194 0.0194 0.0194 0.0194 0.0194 0.0194 0.0194 0.0194 0.0194 0.0194 0.0194 0.0194 0.0194 0.0194 0.0194 0.0194 0.0194 0.0194 0.0194 0.0194 0.0194 0.0194 0.0194 0.0194 0.0194 0.0194 0.0194 0.0194 0.0194 0.0194 0.0194 0.0194 
TS46 0.015 0.015 0.015 0.015 0.015 0.015 0.015 0.015 0.015 0.015 0.015 0.015 0.015 0.015 0.015 0.015 0.015 0.015 0.015 0.015 0.015 0.015 0.015 0.015 0.015 0.015 0.015 0.015 0.015 0.015 0.015 0.015 
TS47 0.0068 0.0068 0.0068 0.0068 0.0068 0.0068 0.0068 0.0068 0.0068 0.0068 0.0068 0.0068 0.0068 0.0068 0.0068 0.0068 0.0068 0.0068 0.0068 0.0068 0.0068 0.0068 0.0068 0.0068 0.0068 0.0068 0.0068 0.0068 0.0068 0.0068 0.0068 0.0068 
TS48 0.0076 0.0076 0.0076 0.0076 0.0076 0.0076 0.0076 0.0076 0.0076 0.0076 0.0076 0.0076 0.0076 0.0076 0.0076 0.0076 0.0076 0.0076 0.0076 0.0076 0.0076 0.0076 0.0076 0.0076 0.0076 0.0076 0.0076 0.0076 0.0076 0.0076 0.0076 0.0076 
;

param EmissionActivityRatio default 0.0 :=
[RE1,PWRNGS001,CO2,*,*]:
2019 2020 2021 2022 2023 2024 2025 2026 2027 2028 2029 2030 2031 2032 2033 2034 2035 2036 2037 2038 2039 2040 2041 2042 2043 2044 2045 2046 2047 2048 2049 2050 :=
1 0.166 0.166 0.166 0.166 0.166 0.166 0.166 0.166 0.166 0.166 0.166 0.166 0.166 0.166 0.166 0.166 0.166 0.166 0.166 0.166 0.166 0.166 0.166 0.166 0.166 0.166 0.166 0.166 0.166 0.166 0.166 0.166 
[RE1,PWRBIO001,CO2,*,*]:
2019 2020 2021 2022 2023 2024 2025 2026 2027 2028 2029 2030 2031 2032 2033 2034 2035 2036 2037 2038 2039 2040 2041 2042 2043 2044 2045 2046 2047 2048 2049 2050 :=
1 0.166 0.166 0.166 0.166 0.166 0.166 0.166 0.166 0.166 0.166 0.166 0.166 0.166 0.166 0.166 0.166 0.166 0.166 0.166 0.166 0.166 0.166 0.166 0.166 0.166 0.166 0.166 0.166 0.166 0.166 0.166 0.166 
[RE1,PWRHFO001,CO2,*,*]:
2019 2020 2021 2022 2023 2024 2025 2026 2027 2028 2029 2030 2031 2032 2033 2034 2035 2036 2037 2038 2039 2040 2041 2042 2043 2044 2045 2046 2047 2048 2049 2050 :=
1 0.191 0.191 0.191 0.191 0.191 0.191 0.191 0.191 0.191 0.191 0.191 0.191 0.191 0.191 0.191 0.191 0.191 0.191 0.191 0.191 0.191 0.191 0.191 0.191 0.191 0.191 0.191 0.191 0.191 0.191 0.191 0.191 
[RE1,PWRCOA001,CO2,*,*]:
2019 2020 2021 2022 2023 2024 2025 2026 2027 2028 2029 2030 2031 2032 2033 2034 2035 2036 2037 2038 2039 2040 2041 2042 2043 2044 2045 2046 2047 2048 2049 2050 :=
1 0.245 0.245 0.245 0.245 0.245 0.245 0.245 0.245 0.245 0.245 0.245 0.245 0.245 0.245 0.245 0.245 0.245 0.245 0.245 0.245 0.245 0.245 0.245 0.245 0.245 0.245 0.245 0.245 0.245 0.245 0.245 0.245 
[RE1,PWRLFO001,CO2,*,*]:
2019 2020 2021 2022 2023 2024 2025 2026 2027 2028 2029 2030 2031 2032 2033 2034 2035 2036 2037 2038 2039 2040 2041 2042 2043 2044 2045 2046 2047 2048 2049 2050 :=
1 0.252 0.252 0.252 0.252 0.252 0.252 0.252 0.252 0.252 0.252 0.252 0.252 0.252 0.252 0.252 0.252 0.252 0.252 0.252 0.252 0.252 0.252 0.252 0.252 0.252 0.252 0.252 0.252 0.252 0.252 0.252 0.252 
;

param ReserveMargin default 0.0 :
2019 2020 2021 2022 2023 2024 2025 2026 2027 2028 2029 2030 2031 2032 2033 2034 2035 2036 2037 2038 2039 2040 2041 2042 2043 2044 2045 2046 2047 2048 2049 2050 :=
RE1 1.09 1.09 1.09 1.09 1.09 1.09 1.09 1.09 1.09 1.09 1.09 1.09 1.09 1.09 1.09 1.09 1.09 1.09 1.09 1.09 1.09 1.09 1.09 1.09 1.09 1.09 1.09 1.09 1.09 1.09 1.09 1.09 
;

param ReserveMarginTagFuel default 0.0 :=
[RE1,*,*]:
2019 2020 2021 2022 2023 2024 2025 2026 2027 2028 2029 2030 2031 2032 2033 2034 2035 2036 2037 2038 2039 2040 2041 2042 2043 2044 2045 2046 2047 2048 2049 2050 :=
ELC001 1 1 1 1 1 1 1 1 1 1 1 1 1 1 1 1 1 1 1 1 1 1 1 1 1 1 1 1 1 1 1 1 
;

param ReserveMarginTagTechnology default 0.0 :=
[RE1,*,*]:
2019 2020 2021 2022 2023 2024 2025 2026 2027 2028 2029 2030 2031 2032 2033 2034 2035 2036 2037 2038 2039 2040 2041 2042 2043 2044 2045 2046 2047 2048 2049 2050 :=
BACKSTOP 1 1 1 1 1 1 1 1 1 1 1 1 1 1 1 1 1 1 1 1 1 1 1 1 1 1 1 1 1 1 1 1 
BESS_TECH 0.75 0.75 0.75 0.75 0.75 0.75 0.75 0.75 0.75 0.75 0.75 0.75 0.75 0.75 0.75 0.75 0.75 0.75 0.75 0.75 0.75 0.75 0.75 0.75 0.75 0.75 0.75 0.75 0.75 0.75 0.75 0.75 
PWRBIO001 1 1 1 1 1 1 1 1 1 1 1 1 1 1 1 1 1 1 1 1 1 1 1 1 1 1 1 1 1 1 1 1 
PWRCOA001 1 1 1 1 1 1 1 1 1 1 1 1 1 1 1 1 1 1 1 1 1 1 1 1 1 1 1 1 1 1 1 1 
PWRGEO001 1 1 1 1 1 1 1 1 1 1 1 1 1 1 1 1 1 1 1 1 1 1 1 1 1 1 1 1 1 1 1 1 
PWRGEO002 1 1 1 1 1 1 1 1 1 1 1 1 1 1 1 1 1 1 1 1 1 1 1 1 1 1 1 1 1 1 1 1 
PWRGEO003 1 1 1 1 1 1 1 1 1 1 1 1 1 1 1 1 1 1 1 1 1 1 1 1 1 1 1 1 1 1 1 1 
PWRGEO004 1 1 1 1 1 1 1 1 1 1 1 1 1 1 1 1 1 1 1 1 1 1 1 1 1 1 1 1 1 1 1 1 
PWRGEO005 1 1 1 1 1 1 1 1 1 1 1 1 1 1 1 1 1 1 1 1 1 1 1 1 1 1 1 1 1 1 1 1 
PWRGEO006 1 1 1 1 1 1 1 1 1 1 1 1 1 1 1 1 1 1 1 1 1 1 1 1 1 1 1 1 1 1 1 1 
PWRGEO007 1 1 1 1 1 1 1 1 1 1 1 1 1 1 1 1 1 1 1 1 1 1 1 1 1 1 1 1 1 1 1 1 
PWRHFO001 1 1 1 1 1 1 1 1 1 1 1 1 1 1 1 1 1 1 1 1 1 1 1 1 1 1 1 1 1 1 1 1 
PWRHYD002 1 1 1 1 1 1 1 1 1 1 1 1 1 1 1 1 1 1 1 1 1 1 1 1 1 1 1 1 1 1 1 1 
PWRHYD003 1 1 1 1 1 1 1 1 1 1 1 1 1 1 1 1 1 1 1 1 1 1 1 1 1 1 1 1 1 1 1 1 
PWRHYD004 1 1 1 1 1 1 1 1 1 1 1 1 1 1 1 1 1 1 1 1 1 1 1 1 1 1 1 1 1 1 1 1 
PWRHYD005 1 1 1 1 1 1 1 1 1 1 1 1 1 1 1 1 1 1 1 1 1 1 1 1 1 1 1 1 1 1 1 1 
PWRLFO001 1 1 1 1 1 1 1 1 1 1 1 1 1 1 1 1 1 1 1 1 1 1 1 1 1 1 1 1 1 1 1 1 
PWRNGS001 1 1 1 1 1 1 1 1 1 1 1 1 1 1 1 1 1 1 1 1 1 1 1 1 1 1 1 1 1 1 1 1 
PWRPHS001 0.75 0.75 0.75 0.75 0.75 0.75 0.75 0.75 0.75 0.75 0.75 0.75 0.75 0.75 0.75 0.75 0.75 0.75 0.75 0.75 0.75 0.75 0.75 0.75 0.75 0.75 0.75 0.75 0.75 0.75 0.75 0.75 
PWRPHS002 0.75 0.75 0.75 0.75 0.75 0.75 0.75 0.75 0.75 0.75 0.75 0.75 0.75 0.75 0.75 0.75 0.75 0.75 0.75 0.75 0.75 0.75 0.75 0.75 0.75 0.75 0.75 0.75 0.75 0.75 0.75 0.75 
PWRURN001 1 1 1 1 1 1 1 1 1 1 1 1 1 1 1 1 1 1 1 1 1 1 1 1 1 1 1 1 1 1 1 1 
;

param UDCMultiplierActivity default 0.0 :=
[RE1,PWRNGS001,*,*]:
2019 2020 2021 2022 2023 2024 2025 2026 2027 2028 2029 2030 2031 2032 2033 2034 2035 2036 2037 2038 2039 2040 2041 2042 2043 2044 2045 2046 2047 2048 2049 2050 :=
GasMinUsage -1 -1 -1 -1 -1 -1 -1 -1 -1 -1 -1 -1 -1 -1 -1 -1 -1 -1 -1 -1 -1 -1 -1 -1 -1 -1 -1 -1 -1 -1 -1 -1 
;

param UDCMultiplierTotalCapacity default 0.0 :=
[RE1,PWRNGS001,*,*]:
2019 2020 2021 2022 2023 2024 2025 2026 2027 2028 2029 2030 2031 2032 2033 2034 2035 2036 2037 2038 2039 2040 2041 2042 2043 2044 2045 2046 2047 2048 2049 2050 :=
GasMinUsage 0.7884 0.7884 0.7884 0.7884 0.7884 0.7884 0.7884 0.7884 0.7884 0.7884 0.7884 0.7884 0.7884 0.7884 0.7884 0.7884 0.7884 0.7884 0.7884 0.7884 0.7884 0.7884 0.7884 0.7884 0.7884 0.7884 0.7884 0.7884 0.7884 0.7884 0.7884 0.7884 
;

param UDCTag default -1.0 :
GasMinUsage :=
RE1 0 
;

param AccumulatedAnnualDemand default 0 :=
;
param AnnualEmissionLimit default 999999 :=
;
param CapacityOfOneTechnologyUnit default 0 :=
;
param DaysInDayType default 1 :=
;
param EmissionToActivityChangeRatio default 0 :=
;
param EmissionsPenalty default 0 :=
;
param InputToNewCapacityRatio default 0 :=
;
param InputToTotalCapacityRatio default 0 :=
;
param MinStorageCharge default 0 :=
;
param ResidualStorageCapacity default 0 :=
;
param TechnologyActivityByModeLowerLimit default 0 :=
;
param TechnologyActivityByModeUpperLimit default 99999 :=
;
param TechnologyActivityDecreaseByModeLimit default 0 :=
;
param TechnologyActivityIncreaseByModeLimit default 0 :=
;
param TotalAnnualMinCapacityInvestment default 0 :=
;
param TotalTechnologyAnnualActivityLowerLimit default 0 :=
;
param TotalTechnologyAnnualActivityUpperLimit default 999999 :=
;
param TradeRoute default 0 :=
;
param UDCConstant default 0 :=
;
param UDCMultiplierNewCapacity default 0 :=
;
#
end;
